# Blender 4.5.0
# www.blender.org
o base_link
v 0.024910 -0.002124 0.002881
v 0.024915 -0.002055 0.002814
v 0.022500 -0.002055 0.002814
v 0.024819 0.003000 0.005000
v 0.022500 0.003000 0.005000
v 0.024830 0.002914 0.004288
v 0.022500 0.002830 0.004003
v 0.024858 0.002660 0.003613
v 0.024898 0.002253 0.003019
v 0.022500 0.002013 0.002776
v 0.024919 0.002013 0.002776
v 0.024996 0.000454 0.002035
v 0.024990 0.000710 0.002085
v 0.022500 0.000710 0.002085
v 0.024974 0.001151 0.002229
v 0.024941 0.001715 0.002538
v 0.022500 -0.000765 0.002099
v 0.024999 -0.000262 0.002011
v 0.025000 0.000001 0.002000
v 0.024948 -0.001611 0.002469
v 0.024981 -0.000965 0.002160
v 0.024988 -0.000765 0.002099
v 0.022500 -0.003000 0.005000
v 0.024819 -0.003000 0.005001
v 0.024820 -0.002994 0.004808
v 0.022500 -0.002848 0.004057
v 0.024836 -0.002863 0.004103
v 0.024837 -0.002848 0.004057
v 0.024868 -0.002567 0.003448
v 0.024910 0.002123 0.007119
v 0.024919 0.002013 0.007224
v 0.022500 0.002013 0.007224
v 0.024820 0.002994 0.005192
v 0.022500 0.002830 0.005997
v 0.022500 -0.002848 0.005943
v 0.024858 -0.002662 0.006384
v 0.024830 -0.002914 0.005712
v 0.024898 -0.002255 0.006978
v 0.022500 -0.002055 0.007186
v 0.024915 -0.002055 0.007186
v 0.022500 -0.000765 0.007901
v 0.024974 -0.001138 0.007776
v 0.024941 -0.001720 0.007458
v 0.024999 0.000269 0.007988
v 0.025000 -0.000001 0.008000
v 0.022500 0.000710 0.007915
v 0.024996 -0.000451 0.007966
v 0.024988 -0.000765 0.007901
v 0.024947 0.001621 0.007525
v 0.024981 0.000971 0.007838
v 0.024990 0.000710 0.007915
v 0.024836 0.002863 0.005897
v 0.024839 0.002830 0.005997
v 0.024868 0.002567 0.006552
v 0.022500 0.001750 0.005000
v 0.022500 0.001661 0.005550
v 0.022500 0.001198 0.006275
v 0.022500 0.000446 0.006692
v 0.022500 -0.000414 0.006700
v 0.022500 -0.001174 0.006298
v 0.022500 -0.001651 0.005581
v 0.022500 -0.001750 0.005000
v 0.022500 -0.001575 0.004236
v 0.022500 -0.001084 0.003626
v 0.022500 -0.000376 0.003291
v 0.022500 0.000408 0.003298
v 0.022500 0.001109 0.003647
v 0.022500 0.001589 0.004266
v 0.018999 -0.000198 0.003261
v 0.018996 -0.000376 0.003291
v 0.018974 -0.000996 0.003561
v 0.018937 -0.001550 0.004188
v 0.018919 -0.001750 0.005000
v 0.018960 0.001236 0.003761
v 0.018991 0.000584 0.003350
v 0.018996 0.000408 0.003298
v 0.019000 0.000004 0.003250
v 0.018933 0.001589 0.004266
v 0.018926 0.001674 0.004491
v 0.018919 0.001750 0.005000
v 0.018927 0.001665 0.005541
v 0.018944 0.001454 0.005974
v 0.018962 0.001198 0.006275
v 0.019000 0.000133 0.006745
v 0.018995 0.000446 0.006692
v 0.018988 0.000667 0.006618
v 0.018969 0.001080 0.006377
v 0.018997 -0.000345 0.006716
v 0.018981 -0.000860 0.006524
v 0.018964 -0.001174 0.006298
v 0.018960 -0.001240 0.006235
v 0.018936 -0.001561 0.005791
v 0.018922 -0.001717 0.005340
v -0.024910 0.002124 0.002881
v -0.024915 0.002055 0.002814
v -0.022500 0.002055 0.002814
v -0.024819 -0.003000 0.005000
v -0.022500 -0.003000 0.005000
v -0.024830 -0.002914 0.004288
v -0.022500 -0.002830 0.004003
v -0.024858 -0.002660 0.003613
v -0.024898 -0.002253 0.003019
v -0.022500 -0.002013 0.002776
v -0.024919 -0.002013 0.002776
v -0.024996 -0.000454 0.002035
v -0.024990 -0.000710 0.002085
v -0.022500 -0.000710 0.002085
v -0.024974 -0.001151 0.002229
v -0.024941 -0.001715 0.002538
v -0.022500 0.000765 0.002099
v -0.024999 0.000262 0.002011
v -0.025000 -0.000001 0.002000
v -0.024948 0.001611 0.002469
v -0.024981 0.000965 0.002160
v -0.024988 0.000765 0.002099
v -0.022500 0.003000 0.005000
v -0.024819 0.003000 0.005001
v -0.024820 0.002994 0.004808
v -0.022500 0.002848 0.004057
v -0.024836 0.002863 0.004103
v -0.024837 0.002848 0.004057
v -0.024868 0.002567 0.003448
v -0.024910 -0.002123 0.007119
v -0.024919 -0.002013 0.007224
v -0.022500 -0.002013 0.007224
v -0.024820 -0.002994 0.005192
v -0.022500 -0.002830 0.005997
v -0.022500 0.002848 0.005943
v -0.024858 0.002662 0.006384
v -0.024830 0.002914 0.005712
v -0.024898 0.002255 0.006978
v -0.022500 0.002055 0.007186
v -0.024915 0.002055 0.007186
v -0.022500 0.000765 0.007901
v -0.024974 0.001138 0.007776
v -0.024941 0.001720 0.007458
v -0.024999 -0.000269 0.007988
v -0.025000 0.000001 0.008000
v -0.022500 -0.000710 0.007915
v -0.024996 0.000451 0.007966
v -0.024988 0.000765 0.007901
v -0.024947 -0.001621 0.007525
v -0.024981 -0.000971 0.007838
v -0.024990 -0.000710 0.007915
v -0.024836 -0.002863 0.005897
v -0.024839 -0.002830 0.005997
v -0.024868 -0.002567 0.006552
v -0.022500 -0.001750 0.005000
v -0.022500 -0.001661 0.005550
v -0.022500 -0.001198 0.006275
v -0.022500 -0.000446 0.006692
v -0.022500 0.000414 0.006700
v -0.022500 0.001174 0.006298
v -0.022500 0.001651 0.005581
v -0.022500 0.001750 0.005000
v -0.022500 0.001575 0.004236
v -0.022500 0.001084 0.003626
v -0.022500 0.000376 0.003291
v -0.022500 -0.000408 0.003298
v -0.022500 -0.001109 0.003647
v -0.022500 -0.001589 0.004266
v -0.018999 0.000198 0.003261
v -0.018996 0.000376 0.003291
v -0.018974 0.000996 0.003561
v -0.018937 0.001550 0.004188
v -0.018919 0.001750 0.005000
v -0.018960 -0.001236 0.003761
v -0.018991 -0.000584 0.003350
v -0.018996 -0.000408 0.003298
v -0.019000 -0.000004 0.003250
v -0.018933 -0.001589 0.004266
v -0.018926 -0.001674 0.004491
v -0.018919 -0.001750 0.005000
v -0.018927 -0.001665 0.005541
v -0.018944 -0.001454 0.005974
v -0.018962 -0.001198 0.006275
v -0.019000 -0.000133 0.006745
v -0.018995 -0.000446 0.006692
v -0.018988 -0.000667 0.006618
v -0.018969 -0.001080 0.006377
v -0.018997 0.000345 0.006716
v -0.018981 0.000860 0.006524
v -0.018964 0.001174 0.006298
v -0.018960 0.001240 0.006235
v -0.018936 0.001561 0.005791
v -0.018922 0.001717 0.005340
v -0.023941 0.007200 0.018000
v -0.022000 0.007200 0.018000
v -0.023954 0.007156 0.018792
v -0.022000 0.007130 0.018999
v -0.024013 0.006954 0.019865
v -0.024115 0.006594 0.020892
v -0.022000 0.006467 0.021166
v -0.024149 0.006467 0.021166
v -0.024252 0.006069 0.021874
v -0.022000 0.005163 0.023019
v -0.024405 0.005422 0.022737
v -0.022000 0.003347 0.024375
v -0.024775 0.003347 0.024375
v -0.024705 0.003830 0.024097
v -0.024626 0.004308 0.023769
v -0.024563 0.004650 0.023497
v -0.024461 0.005163 0.023019
v -0.022000 0.001200 0.025099
v -0.024934 0.001819 0.024966
v -0.024836 0.002859 0.024608
v -0.022000 -0.001066 0.025121
v -0.024977 -0.001066 0.025121
v -0.024997 -0.000351 0.025191
v -0.025000 0.000000 0.025200
v -0.024990 0.000723 0.025164
v -0.024971 0.001200 0.025099
v -0.022000 -0.003226 0.024437
v -0.024875 -0.002501 0.024752
v -0.024958 -0.001445 0.025054
v -0.024627 -0.004304 0.023772
v -0.024756 -0.003485 0.024300
v -0.024791 -0.003227 0.024437
v -0.024297 -0.005887 0.022145
v -0.022000 -0.005067 0.023115
v -0.024165 -0.006406 0.021287
v -0.022000 -0.006406 0.021287
v -0.024153 -0.006454 0.021192
v -0.024451 -0.005213 0.022967
v -0.024481 -0.005067 0.023115
v -0.024606 -0.004422 0.023682
v -0.022000 -0.007110 0.019133
v -0.022000 -0.007200 0.018000
v -0.023941 -0.007200 0.018000
v -0.023966 -0.007117 0.019093
v -0.023966 -0.007116 0.019098
v -0.024040 -0.006862 0.020179
v -0.023954 -0.007156 0.017205
v -0.022000 -0.007110 0.016867
v -0.024253 -0.006066 0.014121
v -0.024165 -0.006406 0.014713
v -0.022000 -0.006406 0.014713
v -0.024116 -0.006589 0.015097
v -0.024014 -0.006953 0.016132
v -0.024406 -0.005417 0.013257
v -0.022000 -0.005067 0.012885
v -0.024481 -0.005067 0.012885
v -0.024791 -0.003227 0.011564
v -0.024705 -0.003827 0.011901
v -0.022000 -0.003226 0.011563
v -0.024626 -0.004308 0.012231
v -0.024565 -0.004644 0.012498
v -0.022000 -0.001066 0.010879
v -0.024934 -0.001821 0.011034
v -0.024836 -0.002855 0.011390
v -0.025000 -0.000000 0.010800
v -0.024990 -0.000721 0.010836
v -0.024977 -0.001066 0.010879
v -0.024997 0.000354 0.010809
v -0.022000 0.001200 0.010901
v -0.024971 0.001200 0.010901
v -0.022000 0.003347 0.011625
v -0.024875 0.002497 0.011247
v -0.024958 0.001446 0.010947
v -0.024627 0.004303 0.012227
v -0.024757 0.003475 0.011694
v -0.024775 0.003347 0.011625
v -0.022000 0.005163 0.012981
v -0.022000 0.006467 0.014834
v -0.024153 0.006451 0.014803
v -0.024297 0.005886 0.013853
v -0.024451 0.005212 0.013033
v -0.024607 0.004414 0.012312
v -0.023966 0.007117 0.016907
v -0.023966 0.007116 0.016904
v -0.024040 0.006863 0.015823
v -0.022000 0.007130 0.017001
v -0.022000 0.000059 0.011750
v -0.022000 -0.002074 0.012104
v -0.022000 -0.003958 0.013163
v -0.022000 -0.005369 0.014801
v -0.022000 -0.006138 0.016822
v -0.022000 -0.006250 0.018000
v -0.022000 -0.006138 0.019178
v -0.022000 -0.005369 0.021199
v -0.022000 -0.003958 0.022837
v -0.022000 -0.002074 0.023896
v -0.022000 0.000059 0.024250
v -0.022000 0.002185 0.023856
v -0.022000 0.004049 0.022761
v -0.022000 0.005429 0.021097
v -0.022000 0.006159 0.019062
v -0.022000 0.006250 0.018000
v -0.022000 0.006159 0.016938
v -0.022000 0.005429 0.014903
v -0.022000 0.004049 0.013239
v -0.022000 0.002185 0.012144
v -0.018545 0.004131 0.022690
v -0.018564 0.004049 0.022761
v -0.018649 -0.003635 0.023085
v -0.018583 -0.003959 0.022837
v -0.017943 -0.006250 0.018000
v -0.017971 -0.006168 0.019007
v -0.018182 -0.005515 0.020942
v -0.018053 -0.005923 0.019994
v -0.018519 -0.004246 0.022586
v -0.018344 -0.004950 0.021815
v -0.018226 -0.005369 0.021199
v -0.018886 -0.002074 0.023896
v -0.018831 -0.002530 0.023715
v -0.018688 -0.003430 0.023225
v -0.019000 0.000059 0.024250
v -0.019000 -0.000000 0.024250
v -0.018991 -0.000593 0.024222
v -0.018936 -0.001563 0.024051
v -0.018874 0.002185 0.023856
v -0.018947 0.001423 0.024086
v -0.018995 0.000418 0.024236
v -0.018649 0.003637 0.023083
v -0.018712 0.003295 0.023311
v -0.018852 0.002368 0.023784
v -0.018370 0.004852 0.021940
v -0.018206 0.005436 0.021085
v -0.018072 0.005867 0.020155
v -0.017982 0.006135 0.019194
v -0.017944 0.006245 0.018240
v -0.017943 0.006250 0.018000
v -0.018548 -0.004120 0.013300
v -0.018583 -0.003959 0.013163
v -0.018649 0.003635 0.012916
v -0.018564 0.004049 0.013239
v -0.017944 -0.006247 0.017812
v -0.017971 0.006168 0.016990
v -0.017943 0.006250 0.017997
v -0.018183 0.005512 0.015054
v -0.018053 0.005923 0.016004
v -0.018520 0.004244 0.013412
v -0.018345 0.004947 0.014180
v -0.018208 0.005429 0.014903
v -0.018874 0.002185 0.012144
v -0.018831 0.002525 0.012283
v -0.018689 0.003425 0.012772
v -0.019000 0.000000 0.011750
v -0.019000 0.000059 0.011750
v -0.018990 0.000608 0.011780
v -0.018936 0.001559 0.011948
v -0.018886 -0.002074 0.012104
v -0.018947 -0.001413 0.011912
v -0.018996 -0.000405 0.011763
v -0.018649 -0.003637 0.012917
v -0.018714 -0.003281 0.012681
v -0.018852 -0.002363 0.012214
v -0.018373 -0.004842 0.014048
v -0.018226 -0.005369 0.014801
v -0.017982 -0.006135 0.016807
v -0.018073 -0.005861 0.015829
v -0.018208 -0.005428 0.014901
v 0.003804 -0.019125 0.000000
v 0.000000 -0.019500 0.000000
v 0.000000 -0.019000 0.000500
v 0.003707 -0.018635 0.000500
v 0.004274 -0.018513 0.000500
v 0.007462 -0.018016 0.000000
v 0.007271 -0.017554 0.000500
v 0.007728 -0.017357 0.000500
v 0.010834 -0.016214 0.000000
v 0.010556 -0.015798 0.000500
v 0.010898 -0.015564 0.000500
v 0.013789 -0.013789 0.000000
v 0.013435 -0.013435 0.000500
v 0.013667 -0.013199 0.000500
v 0.016214 -0.010834 0.000000
v 0.015798 -0.010556 0.000500
v 0.015935 -0.010348 0.000500
v 0.018016 -0.007462 0.000000
v 0.017554 -0.007271 0.000500
v 0.019125 -0.003804 0.000000
v 0.018635 -0.003707 0.000500
v 0.018651 -0.003625 0.000500
v 0.019500 0.000000 0.000000
v 0.019000 0.000000 0.000500
v 0.019125 0.003804 0.000000
v 0.018635 0.003707 0.000500
v 0.018016 0.007462 0.000000
v 0.017554 0.007271 0.000500
v 0.016214 0.010834 0.000000
v 0.015935 0.010348 0.000500
v 0.015798 0.010556 0.000500
v 0.013789 0.013789 0.000000
v 0.013667 0.013199 0.000500
v 0.013435 0.013435 0.000500
v 0.010834 0.016214 0.000000
v 0.010898 0.015564 0.000500
v 0.010556 0.015798 0.000500
v 0.007462 0.018016 0.000000
v 0.007728 0.017357 0.000500
v 0.007271 0.017554 0.000500
v 0.003804 0.019125 0.000000
v 0.000000 0.019000 0.000500
v 0.000000 0.019500 0.000000
v 0.003707 0.018635 0.000500
v 0.004274 0.018513 0.000500
v 0.000000 -0.024500 0.000000
v 0.000000 -0.025000 0.000500
v -0.004341 -0.024620 0.000500
v -0.004254 -0.024128 0.000000
v -0.004685 -0.024557 0.000500
v -0.008379 -0.023022 0.000000
v -0.008551 -0.023492 0.000500
v -0.008837 -0.023386 0.000500
v -0.012250 -0.021218 0.000000
v -0.012500 -0.021651 0.000500
v -0.012726 -0.021519 0.000500
v -0.015748 -0.018768 0.000000
v -0.016070 -0.019151 0.000500
v -0.016236 -0.019010 0.000500
v -0.018768 -0.015748 0.000000
v -0.019151 -0.016070 0.000500
v -0.019263 -0.015936 0.000500
v -0.021218 -0.012250 0.000000
v -0.021651 -0.012500 0.000500
v -0.021716 -0.012386 0.000500
v -0.023022 -0.008379 0.000000
v -0.023492 -0.008551 0.000500
v -0.023522 -0.008468 0.000500
v -0.024128 -0.004254 0.000000
v -0.024620 -0.004341 0.000500
v -0.025000 0.000000 0.000500
v -0.024500 0.000000 0.000000
v -0.024620 0.004341 0.000500
v -0.024128 0.004254 0.000000
v -0.023522 0.008468 0.000500
v -0.023022 0.008379 0.000000
v -0.023492 0.008551 0.000500
v -0.021716 0.012386 0.000500
v -0.021218 0.012250 0.000000
v -0.021651 0.012500 0.000500
v -0.019263 0.015936 0.000500
v -0.018768 0.015748 0.000000
v -0.019151 0.016070 0.000500
v -0.016236 0.019010 0.000500
v -0.015748 0.018768 0.000000
v -0.016070 0.019151 0.000500
v -0.012726 0.021519 0.000500
v -0.012250 0.021218 0.000000
v -0.012500 0.021651 0.000500
v -0.008837 0.023386 0.000500
v -0.008379 0.023022 0.000000
v -0.008551 0.023492 0.000500
v -0.004685 0.024557 0.000500
v -0.004254 0.024128 0.000000
v -0.004341 0.024620 0.000500
v 0.000000 0.025000 0.000500
v 0.000000 0.024500 0.000000
v 0.004341 0.024620 0.000500
v 0.004254 0.024128 0.000000
v 0.004685 0.024557 0.000500
v 0.008379 0.023022 0.000000
v 0.008551 0.023492 0.000500
v 0.008837 0.023386 0.000500
v 0.012250 0.021218 0.000000
v 0.012500 0.021651 0.000500
v 0.012726 0.021519 0.000500
v 0.015748 0.018768 0.000000
v 0.016070 0.019151 0.000500
v 0.016236 0.019010 0.000500
v 0.018768 0.015748 0.000000
v 0.019151 0.016070 0.000500
v 0.019263 0.015936 0.000500
v 0.021218 0.012250 0.000000
v 0.021651 0.012500 0.000500
v 0.021716 0.012386 0.000500
v 0.023022 0.008379 0.000000
v 0.023492 0.008551 0.000500
v 0.023522 0.008468 0.000500
v 0.024128 0.004254 0.000000
v 0.024620 0.004341 0.000500
v 0.024628 0.004298 0.000500
v 0.024500 0.000000 0.000000
v 0.025000 0.000000 0.000500
v 0.024628 -0.004298 0.000500
v 0.024128 -0.004254 0.000000
v 0.024620 -0.004341 0.000500
v 0.023522 -0.008468 0.000500
v 0.023022 -0.008379 0.000000
v 0.023492 -0.008551 0.000500
v 0.021716 -0.012386 0.000500
v 0.021218 -0.012250 0.000000
v 0.021651 -0.012500 0.000500
v 0.019263 -0.015936 0.000500
v 0.018768 -0.015748 0.000000
v 0.019151 -0.016070 0.000500
v 0.016236 -0.019010 0.000500
v 0.015748 -0.018768 0.000000
v 0.016070 -0.019151 0.000500
v 0.012726 -0.021519 0.000500
v 0.012250 -0.021218 0.000000
v 0.012500 -0.021651 0.000500
v 0.008837 -0.023386 0.000500
v 0.008379 -0.023022 0.000000
v 0.008551 -0.023492 0.000500
v 0.004685 -0.024557 0.000500
v 0.004254 -0.024128 0.000000
v 0.004341 -0.024620 0.000500
v -0.016214 0.010834 0.000000
v -0.013789 0.013789 0.000000
v -0.010834 0.016214 0.000000
v -0.007462 0.018016 0.000000
v -0.003804 0.019125 0.000000
v -0.003804 -0.019125 0.000000
v -0.007462 -0.018016 0.000000
v -0.010834 -0.016214 0.000000
v -0.013789 -0.013789 0.000000
v -0.016214 -0.010834 0.000000
v -0.018016 -0.007462 0.000000
v -0.019125 -0.003804 0.000000
v -0.019500 0.000000 0.000000
v -0.019125 0.003804 0.000000
v -0.018016 0.007462 0.000000
v -0.003707 0.018635 0.000500
v -0.004274 0.018513 0.000500
v -0.007271 0.017554 0.000500
v -0.007728 0.017357 0.000500
v -0.010556 0.015798 0.000500
v -0.010898 0.015564 0.000500
v -0.013435 0.013435 0.000500
v -0.013667 0.013199 0.000500
v -0.015798 0.010556 0.000500
v -0.015935 0.010348 0.000500
v -0.017554 0.007271 0.000500
v -0.018635 0.003707 0.000500
v -0.018651 0.003625 0.000500
v -0.019000 -0.000000 0.000500
v -0.018635 -0.003707 0.000500
v -0.017554 -0.007271 0.000500
v -0.015935 -0.010348 0.000500
v -0.015798 -0.010556 0.000500
v -0.013667 -0.013199 0.000500
v -0.013435 -0.013435 0.000500
v -0.010898 -0.015564 0.000500
v -0.010556 -0.015798 0.000500
v -0.007728 -0.017357 0.000500
v -0.007271 -0.017554 0.000500
v -0.003707 -0.018635 0.000500
v -0.004274 -0.018513 0.000500
v 0.003000 -0.022500 0.005000
v 0.002703 -0.022500 0.003698
v 0.003000 -0.024819 0.005000
v 0.002745 -0.024849 0.003791
v 0.002119 -0.024910 0.002876
v 0.001870 -0.022500 0.002655
v 0.001871 -0.024930 0.002655
v 0.001081 -0.024977 0.002202
v 0.000668 -0.022500 0.002075
v 0.000668 -0.024991 0.002075
v 0.000000 -0.025000 0.002000
v -0.000668 -0.022500 0.002075
v -0.000668 -0.024991 0.002075
v -0.001211 -0.024971 0.002255
v -0.001870 -0.022500 0.002655
v -0.001871 -0.024930 0.002655
v -0.002703 -0.022500 0.003698
v -0.003000 -0.022500 0.005000
v -0.003000 -0.024819 0.005000
v -0.002799 -0.024843 0.003919
v -0.002703 -0.024853 0.003698
v -0.002120 -0.024910 0.002877
v -0.002703 -0.022500 0.006302
v -0.002745 -0.024849 0.006211
v -0.002120 -0.024910 0.007122
v -0.001870 -0.022500 0.007345
v -0.001871 -0.024930 0.007345
v -0.001082 -0.024977 0.007798
v -0.000668 -0.022500 0.007925
v -0.000668 -0.024991 0.007925
v 0.000000 -0.025000 0.008000
v 0.000668 -0.022500 0.007925
v 0.000668 -0.024991 0.007925
v 0.001207 -0.024971 0.007746
v 0.001870 -0.022500 0.007345
v 0.001871 -0.024930 0.007345
v 0.002703 -0.022500 0.006302
v 0.002799 -0.024843 0.006079
v 0.002703 -0.024853 0.006302
v 0.002124 -0.024910 0.007119
v -0.000000 -0.022500 0.006750
v -0.000875 -0.022500 0.006516
v -0.001516 -0.022500 0.005875
v -0.001750 -0.022500 0.005000
v -0.001516 -0.022500 0.004125
v -0.000875 -0.022500 0.003484
v -0.000000 -0.022500 0.003250
v 0.000875 -0.022500 0.003484
v 0.001516 -0.022500 0.004125
v 0.001750 -0.022500 0.005000
v 0.001516 -0.022500 0.005875
v 0.000875 -0.022500 0.006516
v -0.001750 -0.018919 0.005000
v -0.001551 -0.018937 0.004189
v -0.001516 -0.018939 0.004125
v -0.000997 -0.018974 0.003562
v -0.000875 -0.018980 0.003484
v -0.000224 -0.018999 0.003264
v 0.000000 -0.019000 0.003250
v 0.000812 -0.018983 0.003450
v 0.000875 -0.018980 0.003484
v 0.001438 -0.018945 0.004003
v 0.001516 -0.018939 0.004125
v 0.001736 -0.018921 0.004777
v 0.001750 -0.018919 0.005000
v 0.001551 -0.018937 0.005811
v 0.001516 -0.018939 0.005875
v 0.000996 -0.018974 0.006439
v 0.000875 -0.018980 0.006516
v 0.000223 -0.018999 0.006736
v 0.000000 -0.019000 0.006750
v -0.000810 -0.018983 0.006551
v -0.000875 -0.018980 0.006516
v -0.001438 -0.018946 0.005997
v -0.001516 -0.018939 0.005875
v -0.001736 -0.018921 0.005224
v -0.013944 -0.001250 0.035500
v -0.018959 -0.001250 0.035500
v -0.013945 -0.001243 0.035637
v -0.018959 -0.001248 0.035566
v -0.013956 -0.001108 0.036079
v -0.018966 -0.001139 0.036016
v -0.018980 -0.000872 0.036396
v -0.013976 -0.000821 0.036442
v -0.013994 -0.000422 0.036677
v -0.018994 -0.000486 0.036652
v -0.013997 -0.000305 0.036712
v -0.018998 -0.000305 0.036712
v -0.014000 0.000035 0.036750
v -0.019000 -0.000033 0.036750
v -0.013997 0.000305 0.036712
v -0.018998 0.000305 0.036712
v -0.018995 0.000424 0.036676
v -0.013992 0.000487 0.036651
v -0.018982 0.000823 0.036441
v -0.013973 0.000873 0.036394
v -0.013954 0.001139 0.036015
v -0.018968 0.001109 0.036077
v -0.018963 0.001180 0.035913
v -0.013944 0.001248 0.035565
v -0.018959 0.001250 0.035500
v -0.013944 0.001250 0.035500
v -0.018959 0.001248 0.035567
v -0.018959 0.001243 0.035634
v -0.013944 0.001248 0.035432
v -0.018959 0.001248 0.035434
v -0.013945 0.001243 0.035364
v -0.013956 0.001108 0.034922
v -0.018966 0.001139 0.034984
v -0.018980 0.000872 0.034605
v -0.013976 0.000821 0.034558
v -0.013994 0.000422 0.034323
v -0.018994 0.000486 0.034348
v -0.013997 0.000296 0.034285
v -0.018998 0.000296 0.034285
v -0.014000 -0.000035 0.034250
v -0.019000 0.000034 0.034250
v -0.013996 -0.000319 0.034291
v -0.018997 -0.000319 0.034291
v -0.018995 -0.000423 0.034324
v -0.013992 -0.000487 0.034349
v -0.018982 -0.000823 0.034559
v -0.013973 -0.000873 0.034605
v -0.013954 -0.001139 0.034985
v -0.018959 -0.001243 0.035366
v -0.013944 -0.001248 0.035435
v -0.018963 -0.001187 0.035107
v -0.018968 -0.001109 0.034923
v 0.013944 -0.001250 0.035500
v 0.018959 -0.001250 0.035500
v 0.013945 -0.001243 0.035363
v 0.018959 -0.001248 0.035434
v 0.013956 -0.001108 0.034921
v 0.018966 -0.001139 0.034984
v 0.018980 -0.000872 0.034604
v 0.013976 -0.000821 0.034558
v 0.013994 -0.000422 0.034323
v 0.018994 -0.000486 0.034348
v 0.013997 -0.000305 0.034288
v 0.018998 -0.000305 0.034288
v 0.014000 0.000035 0.034250
v 0.019000 -0.000033 0.034250
v 0.013997 0.000305 0.034288
v 0.018998 0.000305 0.034288
v 0.018995 0.000424 0.034324
v 0.013992 0.000487 0.034349
v 0.018982 0.000823 0.034559
v 0.013973 0.000873 0.034606
v 0.013954 0.001139 0.034985
v 0.018968 0.001109 0.034923
v 0.018963 0.001180 0.035087
v 0.013944 0.001248 0.035435
v 0.018959 0.001250 0.035500
v 0.013944 0.001250 0.035500
v 0.018959 0.001248 0.035433
v 0.018959 0.001243 0.035366
v 0.013944 0.001248 0.035568
v 0.018959 0.001248 0.035566
v 0.013945 0.001243 0.035636
v 0.013956 0.001108 0.036078
v 0.018966 0.001139 0.036016
v 0.018980 0.000872 0.036395
v 0.013976 0.000821 0.036442
v 0.013994 0.000422 0.036677
v 0.018994 0.000486 0.036652
v 0.013997 0.000296 0.036715
v 0.018998 0.000296 0.036715
v 0.014000 -0.000035 0.036750
v 0.019000 0.000034 0.036750
v 0.013996 -0.000319 0.036709
v 0.018997 -0.000319 0.036709
v 0.018995 -0.000423 0.036676
v 0.013992 -0.000487 0.036651
v 0.018982 -0.000823 0.036441
v 0.013973 -0.000873 0.036395
v 0.013954 -0.001139 0.036015
v 0.018959 -0.001243 0.035634
v 0.013944 -0.001248 0.035565
v 0.018963 -0.001187 0.035893
v 0.018968 -0.001109 0.036077
v 0.000000 -0.014000 0.036750
v 0.000000 -0.019000 0.036750
v -0.000136 -0.013999 0.036743
v -0.000244 -0.018998 0.036726
v -0.000578 -0.013988 0.036608
v -0.000632 -0.018989 0.036579
v -0.000923 -0.018978 0.036343
v -0.000942 -0.013968 0.036322
v -0.000982 -0.018975 0.036273
v -0.001176 -0.013950 0.035922
v -0.001197 -0.018962 0.035862
v -0.001212 -0.013947 0.035805
v -0.001250 -0.013944 0.035466
v -0.001246 -0.018959 0.035400
v -0.001212 -0.013947 0.035195
v -0.001212 -0.018961 0.035194
v -0.001151 -0.013953 0.035013
v -0.001124 -0.018967 0.034953
v -0.000895 -0.013971 0.034627
v -0.000923 -0.018978 0.034657
v -0.000847 -0.018981 0.034581
v -0.000515 -0.013991 0.034361
v -0.000454 -0.018995 0.034336
v -0.000065 -0.014000 0.034252
v 0.000000 -0.019000 0.034250
v 0.000000 -0.014000 0.034250
v 0.000066 -0.019000 0.034252
v 0.000454 -0.013993 0.034335
v 0.000516 -0.018993 0.034361
v 0.000847 -0.013974 0.034581
v 0.000896 -0.018979 0.034628
v 0.000923 -0.013970 0.034657
v 0.001124 -0.013955 0.034952
v 0.001152 -0.018965 0.035014
v 0.001212 -0.013947 0.035194
v 0.001212 -0.018961 0.035195
v 0.001246 -0.013944 0.035399
v 0.001250 -0.018959 0.035467
v 0.001197 -0.013949 0.035860
v 0.001212 -0.018961 0.035805
v 0.001176 -0.018964 0.035924
v 0.000983 -0.013965 0.036272
v 0.000941 -0.018977 0.036323
v 0.000923 -0.013970 0.036343
v 0.000694 -0.013983 0.036540
v 0.000067 -0.019000 0.036748
v 0.000267 -0.013997 0.036721
v 0.000413 -0.013994 0.036680
v 0.000577 -0.018991 0.036609
v 0.000134 -0.019000 0.036743
v 0.003227 0.014136 0.038500
v 0.000000 0.014500 0.038500
v 0.000000 0.014000 0.038000
v 0.003115 0.013649 0.038000
v 0.004187 0.013359 0.038000
v 0.006291 0.013064 0.038500
v 0.006074 0.012614 0.038000
v 0.007127 0.012050 0.038000
v 0.009041 0.011337 0.038500
v 0.008729 0.010946 0.038000
v 0.009690 0.010105 0.038000
v 0.011337 0.009041 0.038500
v 0.010946 0.008729 0.038000
v 0.011741 0.007625 0.038000
v 0.013064 0.006291 0.038500
v 0.012614 0.006074 0.038000
v 0.013172 0.004742 0.038000
v 0.014136 0.003227 0.038500
v 0.013649 0.003115 0.038000
v 0.013907 0.001609 0.038000
v 0.014500 0.000000 0.038500
v 0.014000 0.000000 0.038000
v 0.014136 -0.003227 0.038500
v 0.013907 -0.001609 0.038000
v 0.013649 -0.003115 0.038000
v 0.013064 -0.006291 0.038500
v 0.013172 -0.004742 0.038000
v 0.012614 -0.006074 0.038000
v 0.011337 -0.009041 0.038500
v 0.011741 -0.007625 0.038000
v 0.010946 -0.008729 0.038000
v 0.009041 -0.011337 0.038500
v 0.009690 -0.010105 0.038000
v 0.008729 -0.010946 0.038000
v 0.006291 -0.013064 0.038500
v 0.007127 -0.012050 0.038000
v 0.006074 -0.012614 0.038000
v 0.003227 -0.014136 0.038500
v 0.000000 -0.014000 0.038000
v 0.000000 -0.014500 0.038500
v 0.003115 -0.013649 0.038000
v 0.004187 -0.013359 0.038000
v -0.003227 -0.014136 0.038500
v -0.003115 -0.013649 0.038000
v -0.004187 -0.013359 0.038000
v -0.006291 -0.013064 0.038500
v -0.006074 -0.012614 0.038000
v -0.007127 -0.012050 0.038000
v -0.009041 -0.011337 0.038500
v -0.008729 -0.010946 0.038000
v -0.009690 -0.010105 0.038000
v -0.011337 -0.009041 0.038500
v -0.010946 -0.008729 0.038000
v -0.011741 -0.007625 0.038000
v -0.013064 -0.006291 0.038500
v -0.012614 -0.006074 0.038000
v -0.013172 -0.004742 0.038000
v -0.014136 -0.003227 0.038500
v -0.013649 -0.003115 0.038000
v -0.013907 -0.001609 0.038000
v -0.014500 0.000000 0.038500
v -0.014000 0.000000 0.038000
v -0.014136 0.003227 0.038500
v -0.013907 0.001609 0.038000
v -0.013649 0.003115 0.038000
v -0.013064 0.006291 0.038500
v -0.013172 0.004742 0.038000
v -0.012614 0.006074 0.038000
v -0.011337 0.009041 0.038500
v -0.011741 0.007625 0.038000
v -0.010946 0.008729 0.038000
v -0.009041 0.011337 0.038500
v -0.009690 0.010105 0.038000
v -0.008729 0.010946 0.038000
v -0.006291 0.013064 0.038500
v -0.007127 0.012050 0.038000
v -0.006074 0.012614 0.038000
v -0.003227 0.014136 0.038500
v -0.003115 0.013649 0.038000
v -0.004187 0.013359 0.038000
v 0.013081 -0.013081 0.038500
v 0.015382 -0.010278 0.038500
v 0.017092 -0.007080 0.038500
v 0.018145 -0.003609 0.038500
v 0.018500 0.000000 0.038500
v 0.018145 0.003609 0.038500
v 0.017092 0.007080 0.038500
v -0.013081 -0.013081 0.038500
v -0.010278 -0.015382 0.038500
v -0.007080 -0.017092 0.038500
v -0.003609 -0.018145 0.038500
v 0.000000 -0.018500 0.038500
v 0.003609 -0.018145 0.038500
v 0.007080 -0.017092 0.038500
v 0.010278 -0.015382 0.038500
v -0.013081 0.013081 0.038500
v -0.015382 0.010278 0.038500
v -0.017092 0.007080 0.038500
v -0.018145 0.003609 0.038500
v -0.018500 0.000000 0.038500
v -0.018145 -0.003609 0.038500
v -0.017092 -0.007080 0.038500
v -0.015382 -0.010278 0.038500
v 0.015382 0.010278 0.038500
v 0.013081 0.013081 0.038500
v 0.010278 0.015382 0.038500
v 0.007080 0.017092 0.038500
v 0.003609 0.018145 0.038500
v 0.000000 0.018500 0.038500
v -0.003609 0.018145 0.038500
v -0.007080 0.017092 0.038500
v -0.010278 0.015382 0.038500
v 0.000000 0.019000 0.038000
v -0.003707 0.018635 0.038000
v -0.004274 0.018513 0.038000
v -0.007271 0.017554 0.038000
v -0.007728 0.017357 0.038000
v -0.010556 0.015798 0.038000
v -0.010898 0.015564 0.038000
v -0.013435 0.013435 0.038000
v -0.013667 0.013199 0.038000
v -0.015798 0.010556 0.038000
v -0.015935 0.010348 0.038000
v -0.017554 0.007271 0.038000
v -0.018635 0.003707 0.038000
v -0.019000 0.000000 0.038000
v -0.018635 -0.003707 0.038000
v -0.017554 -0.007271 0.038000
v -0.015935 -0.010348 0.038000
v -0.015798 -0.010556 0.038000
v -0.013667 -0.013199 0.038000
v -0.013435 -0.013435 0.038000
v -0.010898 -0.015564 0.038000
v -0.010556 -0.015798 0.038000
v -0.007728 -0.017357 0.038000
v -0.007271 -0.017554 0.038000
v -0.004274 -0.018513 0.038000
v -0.003707 -0.018635 0.038000
v 0.000000 -0.019000 0.038000
v 0.003707 -0.018635 0.038000
v 0.004274 -0.018513 0.038000
v 0.007271 -0.017554 0.038000
v 0.007728 -0.017357 0.038000
v 0.010556 -0.015798 0.038000
v 0.010898 -0.015564 0.038000
v 0.013435 -0.013435 0.038000
v 0.013667 -0.013199 0.038000
v 0.015798 -0.010556 0.038000
v 0.015935 -0.010348 0.038000
v 0.017554 -0.007271 0.038000
v 0.018635 -0.003707 0.038000
v 0.019000 0.000000 0.038000
v 0.018635 0.003707 0.038000
v 0.017554 0.007271 0.038000
v 0.015935 0.010348 0.038000
v 0.015798 0.010556 0.038000
v 0.013667 0.013199 0.038000
v 0.013435 0.013435 0.038000
v 0.010898 0.015564 0.038000
v 0.010556 0.015798 0.038000
v 0.007728 0.017357 0.038000
v 0.007271 0.017554 0.038000
v 0.004274 0.018513 0.038000
v 0.003707 0.018635 0.038000
v 0.000578 0.013988 0.036608
v 0.000136 0.013999 0.036743
v 0.000244 0.018998 0.036726
v 0.000000 0.019000 0.036750
v 0.000068 0.014000 0.036748
v 0.000000 0.014000 0.036750
v 0.000632 0.018989 0.036579
v 0.000923 0.018978 0.036343
v 0.000942 0.013968 0.036322
v 0.000982 0.018975 0.036273
v 0.001176 0.013950 0.035922
v 0.001197 0.018962 0.035862
v 0.001212 0.013947 0.035805
v 0.001250 0.013944 0.035466
v 0.001246 0.018959 0.035400
v 0.001212 0.013947 0.035195
v 0.001212 0.018961 0.035194
v 0.001151 0.013953 0.035013
v 0.001124 0.018967 0.034953
v 0.000895 0.013971 0.034627
v 0.000923 0.018978 0.034657
v 0.000847 0.018981 0.034581
v 0.000515 0.013991 0.034361
v 0.000454 0.018995 0.034335
v 0.000065 0.014000 0.034252
v 0.000000 0.019000 0.034250
v 0.000000 0.014000 0.034250
v 0.000000 -0.019000 0.030000
v 0.000663 -0.018988 0.030000
v 0.004274 -0.018513 0.030000
v 0.004274 0.018513 0.030000
v 0.000663 0.018988 0.030000
v 0.000000 0.019000 0.030000
v 0.018651 -0.003625 0.030000
v 0.019000 -0.000000 0.030000
v 0.018651 0.003625 0.030000
v 0.007728 0.017357 0.030000
v 0.010898 0.015564 0.030000
v 0.013667 0.013199 0.030000
v 0.015935 0.010348 0.030000
v 0.017616 0.007118 0.030000
v 0.017616 -0.007118 0.030000
v 0.015935 -0.010348 0.030000
v 0.013667 -0.013199 0.030000
v 0.010898 -0.015564 0.030000
v 0.007728 -0.017357 0.030000
v 0.000000 -0.024500 0.030000
v 0.000000 -0.025000 0.029500
v 0.004341 -0.024620 0.029500
v 0.004254 -0.024128 0.030000
v 0.004685 -0.024557 0.029500
v 0.008379 -0.023022 0.030000
v 0.008551 -0.023492 0.029500
v 0.008837 -0.023386 0.029500
v 0.012250 -0.021218 0.030000
v 0.012500 -0.021651 0.029500
v 0.012726 -0.021519 0.029500
v 0.015748 -0.018768 0.030000
v 0.016070 -0.019151 0.029500
v 0.016236 -0.019010 0.029500
v 0.018768 -0.015748 0.030000
v 0.019151 -0.016070 0.029500
v 0.019263 -0.015936 0.029500
v 0.021218 -0.012250 0.030000
v 0.021651 -0.012500 0.029500
v 0.021716 -0.012386 0.029500
v 0.023022 -0.008379 0.030000
v 0.023492 -0.008551 0.029500
v 0.023522 -0.008468 0.029500
v 0.024128 -0.004254 0.030000
v 0.024620 -0.004341 0.029500
v 0.024628 -0.004298 0.029500
v 0.024500 0.000000 0.030000
v 0.025000 0.000000 0.029500
v 0.024628 0.004298 0.029500
v 0.024128 0.004254 0.030000
v 0.024620 0.004341 0.029500
v 0.023522 0.008468 0.029500
v 0.023022 0.008379 0.030000
v 0.023492 0.008551 0.029500
v 0.021716 0.012386 0.029500
v 0.021218 0.012250 0.030000
v 0.021651 0.012500 0.029500
v 0.019263 0.015936 0.029500
v 0.018768 0.015748 0.030000
v 0.019151 0.016070 0.029500
v 0.016236 0.019010 0.029500
v 0.015748 0.018768 0.030000
v 0.016070 0.019151 0.029500
v 0.012726 0.021519 0.029500
v 0.012250 0.021218 0.030000
v 0.012500 0.021651 0.029500
v 0.008837 0.023386 0.029500
v 0.008379 0.023022 0.030000
v 0.008551 0.023492 0.029500
v 0.004685 0.024557 0.029500
v 0.004254 0.024128 0.030000
v 0.004341 0.024620 0.029500
v 0.000000 0.025000 0.029500
v 0.000000 0.024500 0.030000
v -0.000663 -0.018988 0.030000
v -0.004254 -0.024128 0.030000
v -0.004274 -0.018513 0.030000
v -0.008379 -0.023022 0.030000
v -0.007728 -0.017357 0.030000
v -0.012250 -0.021218 0.030000
v -0.010898 -0.015564 0.030000
v -0.010898 0.015564 0.030000
v -0.012250 0.021218 0.030000
v -0.015748 0.018768 0.030000
v -0.013667 0.013199 0.030000
v -0.018768 0.015748 0.030000
v -0.015935 0.010348 0.030000
v -0.021218 0.012250 0.030000
v -0.017616 0.007118 0.030000
v -0.023022 0.008379 0.030000
v -0.018651 0.003625 0.030000
v -0.024128 0.004254 0.030000
v -0.019000 0.000000 0.030000
v -0.024500 0.000000 0.030000
v -0.018651 -0.003625 0.030000
v -0.024128 -0.004254 0.030000
v -0.017616 -0.007118 0.030000
v -0.023022 -0.008379 0.030000
v -0.015935 -0.010348 0.030000
v -0.021218 -0.012250 0.030000
v -0.013667 -0.013199 0.030000
v -0.018768 -0.015748 0.030000
v -0.015748 -0.018768 0.030000
v -0.008379 0.023022 0.030000
v -0.007728 0.017357 0.030000
v -0.004254 0.024128 0.030000
v -0.004274 0.018513 0.030000
v -0.000663 0.018988 0.030000
v -0.000066 0.019000 0.034252
v -0.000516 0.018993 0.034361
v -0.000941 0.018977 0.036323
v -0.001176 0.018964 0.035924
v -0.001212 0.018961 0.035805
v -0.001250 0.018959 0.035467
v -0.001212 0.018961 0.035195
v -0.001152 0.018965 0.035014
v -0.000896 0.018979 0.034628
v -0.000067 0.019000 0.036748
v -0.000134 0.019000 0.036743
v -0.000577 0.018991 0.036609
v -0.000454 0.013993 0.034335
v -0.000847 0.013974 0.034581
v -0.000923 0.013970 0.034657
v -0.001124 0.013955 0.034952
v -0.001212 0.013947 0.035194
v -0.001246 0.013944 0.035399
v -0.001197 0.013949 0.035860
v -0.000983 0.013965 0.036272
v -0.000923 0.013970 0.036343
v -0.000694 0.013983 0.036540
v -0.000267 0.013997 0.036721
v -0.000413 0.013994 0.036680
v -0.004187 -0.013359 0.027000
v -0.001025 -0.013962 0.027000
v 0.000000 -0.014000 0.027000
v 0.000000 0.014000 0.027000
v -0.001025 0.013962 0.027000
v -0.004187 0.013359 0.027000
v -0.007127 0.012050 0.027000
v -0.009690 0.010105 0.027000
v -0.011741 0.007625 0.027000
v -0.013172 0.004742 0.027000
v -0.013907 0.001609 0.027000
v -0.013907 -0.001609 0.027000
v -0.013172 -0.004742 0.027000
v -0.011741 -0.007625 0.027000
v -0.009690 -0.010105 0.027000
v -0.007127 -0.012050 0.027000
v 0.004187 0.013359 0.027000
v 0.001025 0.013962 0.027000
v 0.001025 -0.013962 0.027000
v 0.004187 -0.013359 0.027000
v 0.007127 -0.012050 0.027000
v 0.009690 -0.010105 0.027000
v 0.011741 -0.007625 0.027000
v 0.013172 -0.004742 0.027000
v 0.013907 -0.001609 0.027000
v 0.013907 0.001609 0.027000
v 0.013172 0.004742 0.027000
v 0.011741 0.007625 0.027000
v 0.009690 0.010105 0.027000
v 0.007127 0.012050 0.027000
v 0.007728 -0.017357 0.027000
v 0.004274 -0.018513 0.027000
v 0.000663 -0.018988 0.027000
v 0.000000 -0.019000 0.027000
v -0.000663 -0.018988 0.027000
v 0.019000 0.000000 0.027000
v 0.018651 -0.003625 0.027000
v 0.017616 -0.007118 0.027000
v 0.015935 -0.010348 0.027000
v 0.013667 -0.013199 0.027000
v 0.010898 -0.015564 0.027000
v -0.004274 -0.018513 0.027000
v -0.007728 -0.017357 0.027000
v -0.010898 -0.015564 0.027000
v -0.013667 -0.013199 0.027000
v -0.015935 -0.010348 0.027000
v -0.017616 -0.007118 0.027000
v 0.007728 0.017357 0.027000
v 0.010898 0.015564 0.027000
v 0.013667 0.013199 0.027000
v 0.015935 0.010348 0.027000
v 0.017616 0.007118 0.027000
v 0.018651 0.003625 0.027000
v -0.007728 0.017357 0.027000
v -0.004274 0.018513 0.027000
v -0.000663 0.018988 0.027000
v 0.000000 0.019000 0.027000
v 0.000663 0.018988 0.027000
v 0.004274 0.018513 0.027000
v -0.018651 -0.003625 0.027000
v -0.019000 -0.000000 0.027000
v -0.018651 0.003625 0.027000
v -0.017616 0.007118 0.027000
v -0.015935 0.010348 0.027000
v -0.013667 0.013199 0.027000
v -0.010898 0.015564 0.027000
v 0.000000 0.019000 0.006750
v -0.000224 0.018999 0.006736
v -0.000997 0.018974 0.006438
v -0.000811 0.018983 0.003449
v -0.001091 0.018969 0.003632
v -0.001439 0.018945 0.004004
v -0.001577 0.018934 0.004241
v -0.001736 0.018921 0.004777
v -0.001551 0.018937 0.005811
v -0.001750 0.018919 0.005000
v -0.000389 0.018996 0.003294
v 0.000000 0.019000 0.003250
v -0.001750 0.022500 0.005000
v -0.001577 0.022500 0.005759
v -0.001091 0.022500 0.006368
v -0.000389 0.022500 0.006706
v 0.000389 0.022500 0.006706
v 0.000389 0.018996 0.006706
v 0.000811 0.018983 0.006551
v 0.001091 0.022500 0.006368
v 0.001091 0.018969 0.006368
v 0.001440 0.018945 0.005994
v 0.001577 0.022500 0.005759
v 0.001577 0.018934 0.005759
v 0.001727 0.018921 0.005283
v 0.001750 0.022500 0.005000
v 0.001750 0.018919 0.005000
v 0.000515 0.018993 0.003327
v 0.001679 0.018926 0.004508
v 0.001577 0.018934 0.004241
v 0.001255 0.018959 0.003780
v 0.001091 0.018969 0.003632
v 0.001577 0.022500 0.004241
v 0.000389 0.022500 0.003294
v 0.001091 0.022500 0.003632
v -0.000389 0.022500 0.003294
v -0.001091 0.022500 0.003632
v -0.001577 0.022500 0.004241
v 0.002832 0.022500 0.004009
v 0.002024 0.022500 0.002786
v 0.000733 0.022500 0.002091
v -0.000733 0.022500 0.002091
v -0.002024 0.022500 0.002786
v -0.002832 0.022500 0.004009
v -0.003000 0.022500 0.005000
v -0.002703 0.022500 0.006302
v -0.001870 0.022500 0.007345
v -0.000668 0.022500 0.007925
v 0.000668 0.022500 0.007925
v 0.001870 0.022500 0.007345
v 0.002703 0.022500 0.006302
v 0.003000 0.022500 0.005000
v 0.003000 0.024819 0.005000
v 0.002919 0.024829 0.005691
v 0.002421 0.024882 0.006771
v 0.002703 0.024853 0.006302
v 0.000370 0.024997 0.007977
v 0.000668 0.024991 0.007925
v 0.001487 0.024956 0.007605
v 0.001871 0.024930 0.007345
v 0.000000 0.025000 0.008000
v -0.000668 0.024991 0.007925
v -0.001209 0.024971 0.007745
v -0.001871 0.024930 0.007345
v -0.003000 0.024819 0.005000
v -0.002798 0.024843 0.006081
v -0.002703 0.024853 0.006302
v -0.002124 0.024910 0.007119
v 0.002975 0.024822 0.004608
v -0.002745 0.024849 0.003789
v -0.002123 0.024910 0.002880
v 0.000001 0.025000 0.002000
v -0.000733 0.024989 0.002091
v -0.001081 0.024977 0.002201
v -0.002024 0.024918 0.002786
v 0.002024 0.024918 0.002786
v 0.001979 0.024922 0.002745
v 0.001385 0.024962 0.002339
v 0.000713 0.024990 0.002086
v 0.002797 0.024843 0.003915
v 0.002459 0.024879 0.003281
v -0.025000 0.000000 0.029500
v -0.004341 -0.024620 0.029500
v -0.004685 -0.024557 0.029500
v -0.004685 0.024557 0.029500
v -0.004341 0.024620 0.029500
v -0.023522 -0.008468 0.029500
v -0.024620 -0.004341 0.029500
v -0.024620 0.004341 0.029500
v -0.023522 0.008468 0.029500
v -0.008551 0.023492 0.029500
v -0.008837 0.023386 0.029500
v -0.012500 0.021651 0.029500
v -0.012726 0.021519 0.029500
v -0.016070 0.019151 0.029500
v -0.016236 0.019010 0.029500
v -0.019151 0.016070 0.029500
v -0.019263 0.015936 0.029500
v -0.021651 0.012500 0.029500
v -0.021716 0.012386 0.029500
v -0.023492 0.008551 0.029500
v -0.023492 -0.008551 0.029500
v -0.021716 -0.012386 0.029500
v -0.021651 -0.012500 0.029500
v -0.019263 -0.015936 0.029500
v -0.019151 -0.016070 0.029500
v -0.016236 -0.019010 0.029500
v -0.016070 -0.019151 0.029500
v -0.012726 -0.021519 0.029500
v -0.012500 -0.021651 0.029500
v -0.008837 -0.023386 0.029500
v -0.008551 -0.023492 0.029500
vn -0.0000 0.6966 0.7175
vn -0.0000 -0.9928 0.1195
vn 0.0152 -0.9856 0.1685
vn -0.0090 -0.9359 0.3521
vn 0.0347 -0.8231 0.5668
vn 0.0271 -0.8323 0.5536
vn -0.0000 -0.7121 0.7021
vn -0.0000 -0.1942 0.9810
vn -0.0000 -0.3111 0.9504
vn 0.0319 -0.4679 0.8832
vn 0.0268 -0.4790 0.8774
vn -0.0000 -0.6225 0.7826
vn 0.0332 0.0094 0.9994
vn 0.0462 0.0431 0.9980
vn 0.0125 -0.0758 0.9970
vn -0.0000 0.6136 0.7896
vn 0.0491 0.4299 0.9015
vn 0.0179 0.4847 0.8745
vn -0.0000 0.2885 0.9575
vn -0.0000 0.1717 0.9852
vn -0.0000 0.9995 0.0316
vn 0.0105 0.9872 0.1592
vn 0.0027 0.9832 0.1828
vn -0.0000 0.9518 0.3067
vn -0.0000 0.8429 0.5380
vn 0.0831 0.9035 0.4205
vn 0.0055 0.7874 0.6165
vn -0.0000 -0.6897 -0.7241
vn -0.0000 -0.9995 -0.0319
vn 0.0113 -0.9856 -0.1685
vn -0.0082 0.9361 -0.3516
vn 0.0123 0.9872 -0.1592
vn 0.0001 0.9928 -0.1197
vn 0.0408 0.8235 -0.5658
vn 0.0240 0.8427 -0.5379
vn -0.0000 0.7191 -0.6949
vn 0.0289 0.4845 -0.8743
vn 0.0324 0.4775 -0.8781
vn -0.0000 0.6307 -0.7760
vn 0.0214 -0.0446 -0.9988
vn 0.0552 0.0748 -0.9957
vn 0.0249 0.0094 -0.9996
vn -0.0000 0.2028 -0.9792
vn -0.0000 0.3178 -0.9481
vn -0.0000 -0.6076 -0.7942
vn 0.0410 -0.4331 -0.9004
vn 0.0221 -0.4681 -0.8834
vn -0.0000 -0.2805 -0.9599
vn -0.0000 -0.1637 -0.9865
vn 0.0061 -0.9831 -0.1830
vn -0.0000 -0.9488 -0.3158
vn -0.0000 -0.8326 -0.5538
vn 0.0887 -0.8989 -0.4290
vn 0.0091 -0.7871 -0.6167
vn 1.0000 -0.0000 -0.0000
vn -0.0000 0.1640 0.9865
vn -0.0000 0.3995 0.9167
vn -0.0060 0.4278 0.9039
vn 0.0064 0.7492 0.6624
vn -0.0031 0.7793 0.6266
vn 0.0034 0.9711 0.2388
vn -0.0000 0.9746 0.2238
vn -0.0143 -0.5336 0.8456
vn -0.0000 -0.2839 0.9589
vn -0.0000 -0.0095 1.0000
vn -0.0244 -0.1186 0.9926
vn -0.0056 0.0555 0.9984
vn 0.0131 -0.4448 0.8956
vn -0.0085 -0.7910 0.6118
vn -0.0000 -0.8199 0.5725
vn -0.0000 -0.9345 0.3559
vn -0.0099 -0.9767 0.2146
vn -0.0000 -0.9891 0.1470
vn -0.0000 -0.9877 -0.1562
vn -0.0005 -0.9872 -0.1592
vn 0.0003 -0.8997 -0.4365
vn -0.0151 -0.8428 -0.5380
vn -0.0000 -0.7622 -0.6473
vn -0.0001 -0.1658 -0.9862
vn -0.0001 -0.3199 -0.9474
vn -0.0120 -0.4847 -0.8746
vn -0.0081 -0.5038 -0.8638
vn -0.0000 -0.6525 -0.7577
vn -0.0205 0.0608 -0.9979
vn -0.0047 -0.0094 -0.9999
vn 0.0027 0.3487 -0.9372
vn -0.0151 0.4681 -0.8835
vn -0.0000 0.5852 -0.8109
vn -0.0000 0.6905 -0.7234
vn -0.0056 0.8326 -0.5538
vn -0.0141 0.8103 -0.5858
vn 0.0045 0.9451 -0.3268
vn -0.0069 0.9857 -0.1685
vn -0.0000 0.9953 -0.0968
vn -0.0000 -0.6966 0.7175
vn -0.0000 0.9928 0.1195
vn -0.0152 0.9856 0.1685
vn 0.0090 0.9359 0.3521
vn -0.0347 0.8231 0.5668
vn -0.0271 0.8323 0.5536
vn -0.0000 0.7121 0.7021
vn -0.0000 0.1942 0.9810
vn -0.0000 0.3111 0.9504
vn -0.0319 0.4679 0.8832
vn -0.0268 0.4790 0.8774
vn -0.0000 0.6225 0.7826
vn -0.0332 -0.0094 0.9994
vn -0.0462 -0.0431 0.9980
vn -0.0125 0.0758 0.9970
vn -0.0000 -0.6136 0.7896
vn -0.0491 -0.4299 0.9015
vn -0.0179 -0.4847 0.8745
vn -0.0000 -0.2885 0.9575
vn -0.0000 -0.1717 0.9852
vn -0.0000 -0.9995 0.0316
vn -0.0105 -0.9872 0.1592
vn -0.0027 -0.9832 0.1828
vn -0.0000 -0.9518 0.3067
vn -0.0000 -0.8429 0.5380
vn -0.0831 -0.9035 0.4205
vn -0.0055 -0.7874 0.6165
vn -0.0000 0.6897 -0.7241
vn -0.0000 0.9995 -0.0319
vn -0.0113 0.9856 -0.1685
vn 0.0082 -0.9361 -0.3516
vn -0.0123 -0.9872 -0.1592
vn -0.0001 -0.9928 -0.1197
vn -0.0408 -0.8235 -0.5658
vn -0.0240 -0.8427 -0.5379
vn -0.0000 -0.7191 -0.6949
vn -0.0289 -0.4845 -0.8743
vn -0.0324 -0.4775 -0.8781
vn -0.0000 -0.6307 -0.7760
vn -0.0214 0.0446 -0.9988
vn -0.0552 -0.0748 -0.9957
vn -0.0249 -0.0094 -0.9996
vn -0.0000 -0.2028 -0.9792
vn -0.0000 -0.3178 -0.9481
vn -0.0000 0.6076 -0.7942
vn -0.0410 0.4331 -0.9004
vn -0.0221 0.4681 -0.8834
vn -0.0000 0.2805 -0.9599
vn -0.0000 0.1637 -0.9865
vn -0.0061 0.9831 -0.1830
vn -0.0000 0.9488 -0.3158
vn -0.0000 0.8326 -0.5538
vn -0.0887 0.8989 -0.4290
vn -0.0091 0.7871 -0.6167
vn -1.0000 -0.0000 -0.0000
vn -0.0000 -0.1640 0.9865
vn -0.0000 -0.3995 0.9167
vn 0.0060 -0.4278 0.9039
vn -0.0064 -0.7492 0.6624
vn 0.0031 -0.7793 0.6266
vn -0.0034 -0.9711 0.2388
vn -0.0000 -0.9746 0.2238
vn 0.0143 0.5336 0.8456
vn -0.0000 0.2839 0.9589
vn -0.0000 0.0095 1.0000
vn 0.0244 0.1186 0.9926
vn 0.0056 -0.0555 0.9984
vn -0.0131 0.4448 0.8956
vn 0.0085 0.7910 0.6118
vn -0.0000 0.8199 0.5725
vn -0.0000 0.9345 0.3559
vn 0.0099 0.9767 0.2146
vn -0.0000 0.9891 0.1470
vn -0.0000 0.9877 -0.1562
vn 0.0005 0.9872 -0.1592
vn -0.0003 0.8997 -0.4365
vn 0.0151 0.8428 -0.5380
vn -0.0000 0.7622 -0.6473
vn 0.0001 0.1658 -0.9862
vn 0.0001 0.3199 -0.9474
vn 0.0120 0.4847 -0.8746
vn 0.0081 0.5038 -0.8638
vn -0.0000 0.6525 -0.7577
vn 0.0205 -0.0608 -0.9979
vn 0.0047 0.0094 -0.9999
vn -0.0027 -0.3487 -0.9372
vn 0.0151 -0.4681 -0.8835
vn -0.0000 -0.5852 -0.8109
vn -0.0000 -0.6905 -0.7234
vn 0.0056 -0.8326 -0.5538
vn 0.0141 -0.8103 -0.5858
vn -0.0045 -0.9451 -0.3268
vn 0.0069 -0.9857 -0.1685
vn -0.0000 -0.9953 -0.0968
vn -0.0000 -0.9985 -0.0551
vn -0.0059 -0.9976 -0.0695
vn 0.0065 -0.9828 -0.1847
vn -0.0624 -0.9397 -0.3361
vn -0.0195 -0.9560 -0.2928
vn -0.0000 -0.9072 -0.4207
vn -0.0000 -0.8719 -0.4896
vn -0.0366 -0.8172 -0.5751
vn -0.0158 -0.7988 -0.6014
vn -0.0000 -0.4988 -0.8667
vn -0.0158 -0.5637 -0.8258
vn -0.0444 -0.6168 -0.7859
vn -0.0298 -0.5981 -0.8008
vn -0.0000 -0.6823 -0.7311
vn -0.0000 -0.7353 -0.6777
vn -0.0245 -0.3197 -0.9472
vn -0.0221 -0.3239 -0.9458
vn -0.0000 -0.4313 -0.9022
vn -0.0000 0.0986 -0.9951
vn -0.0178 0.0242 -0.9995
vn -0.0440 -0.0496 -0.9978
vn -0.0200 -0.0094 -0.9998
vn -0.0000 -0.1336 -0.9910
vn -0.0000 -0.2099 -0.9777
vn -0.0283 0.3017 -0.9530
vn -0.0133 0.2738 -0.9617
vn -0.0000 0.1744 -0.9847
vn -0.0092 0.5411 -0.8409
vn -0.0000 0.4662 -0.8847
vn -0.0000 0.3984 -0.9172
vn -0.0809 0.8474 -0.5248
vn -0.0000 0.8068 -0.5908
vn -0.0000 0.8930 -0.4500
vn -0.0074 0.7722 -0.6353
vn -0.0000 0.7140 -0.7002
vn -0.0000 0.5832 -0.8123
vn -0.0790 0.6494 -0.7563
vn -0.0443 0.6004 -0.7985
vn -0.0000 0.9969 -0.0789
vn -0.0016 0.9971 -0.0761
vn -0.0001 0.9883 -0.1522
vn 0.0029 0.9505 -0.3108
vn -0.0900 0.9683 -0.2332
vn -0.0041 0.9272 -0.3745
vn -0.0000 0.9985 0.0553
vn -0.0096 0.9968 0.0789
vn -0.0000 0.8670 0.4982
vn -0.0000 0.9028 0.4300
vn -0.0258 0.9502 0.3107
vn -0.0495 0.9405 0.3362
vn 0.0090 0.9827 0.1850
vn -0.0387 0.7958 0.6044
vn -0.0260 0.8065 0.5906
vn -0.0000 0.7285 0.6850
vn -0.0000 0.4904 0.8715
vn -0.0217 0.5628 0.8263
vn -0.0337 0.5829 0.8119
vn -0.0161 0.6200 0.7844
vn -0.0000 0.6749 0.7379
vn -0.0274 0.3017 0.9530
vn -0.0153 0.3243 0.9458
vn -0.0000 0.4225 0.9064
vn -0.0086 0.0500 0.9987
vn -0.0000 0.1241 0.9923
vn -0.0000 0.2008 0.9796
vn -0.0351 -0.0243 0.9991
vn -0.0280 -0.0094 0.9996
vn -0.0000 -0.1081 0.9941
vn -0.0302 -0.3196 0.9471
vn -0.0078 -0.2740 0.9617
vn -0.0000 -0.1838 0.9830
vn -0.0041 -0.5410 0.8410
vn -0.0000 -0.4738 0.8806
vn -0.0000 -0.4067 0.9136
vn -0.0026 -0.8178 0.5755
vn -0.0716 -0.8523 0.5182
vn -0.0023 -0.7726 0.6349
vn 0.0047 -0.5984 0.8012
vn -0.0736 -0.6606 0.7472
vn -0.0357 -0.6010 0.7984
vn -0.1562 -0.9752 0.1568
vn -0.0758 -0.9697 0.2322
vn 0.0012 -0.9274 0.3742
vn -0.0073 -0.9561 0.2928
vn 0.0037 -0.9976 0.0695
vn -0.0000 -0.9971 0.0761
vn -0.0000 -0.6545 -0.7560
vn -0.0000 0.6077 -0.7942
vn -0.0000 0.9967 -0.0808
vn 0.0035 0.9955 -0.0947
vn 0.0116 0.9346 -0.3555
vn 0.0312 0.9193 -0.3924
vn -0.0029 0.9705 -0.2411
vn -0.0000 0.6568 -0.7540
vn 0.0127 0.7397 -0.6729
vn 0.0232 0.7574 -0.6525
vn -0.0000 0.8271 -0.5621
vn -0.0000 0.8709 -0.4915
vn -0.0000 0.3686 -0.9296
vn 0.0208 0.4899 -0.8716
vn 0.0259 0.4814 -0.8761
vn 0.0063 0.5659 -0.8244
vn -0.0000 -0.0047 -1.0000
vn 0.0010 0.0474 -0.9989
vn 0.0263 0.1636 -0.9862
vn 0.0209 0.1742 -0.9845
vn -0.0000 0.2913 -0.9566
vn -0.0000 -0.2892 -0.9573
vn 0.0286 -0.1822 -0.9829
vn 0.0132 -0.1484 -0.9888
vn -0.0000 -0.0381 -0.9993
vn -0.0000 -0.6154 -0.7882
vn 0.0114 -0.5562 -0.8309
vn 0.0281 -0.5061 -0.8620
vn 0.0062 -0.4553 -0.8903
vn -0.0000 -0.3644 -0.9312
vn 0.0029 -0.7214 -0.6925
vn 0.0259 -0.7696 -0.6381
vn -0.0003 -0.8258 -0.5640
vn 0.0003 -0.9073 -0.4206
vn 0.0239 -0.9409 -0.3377
vn 0.0030 -0.9633 -0.2684
vn -0.0022 -0.9933 -0.1152
vn 0.0039 -0.9963 -0.0853
vn -0.0000 -0.9998 -0.0192
vn -0.0000 0.6464 0.7630
vn -0.0000 -0.6152 0.7884
vn -0.0000 0.9999 0.0149
vn 0.0037 0.9955 0.0947
vn 0.0011 -0.9964 0.0853
vn 0.0001 -0.9967 0.0812
vn -0.0000 -1.0000 0.0003
vn 0.0072 -0.9412 0.3378
vn 0.0378 -0.9191 0.3921
vn -0.0010 -0.9705 0.2413
vn -0.0000 -0.6637 0.7480
vn 0.0079 -0.7387 0.6740
vn 0.0247 -0.7696 0.6381
vn -0.0000 -0.8321 0.5547
vn -0.0000 -0.8753 0.4836
vn -0.0000 -0.3770 0.9262
vn 0.0167 -0.5062 0.8622
vn 0.0328 -0.4813 0.8759
vn 0.0096 -0.5660 0.8244
vn -0.0000 -0.0047 1.0000
vn -0.0000 -0.0533 0.9986
vn 0.0237 -0.1822 0.9830
vn 0.0274 -0.1754 0.9841
vn -0.0000 -0.3000 0.9539
vn -0.0000 0.2794 0.9602
vn 0.0267 0.1636 0.9862
vn 0.0185 0.1468 0.9890
vn 0.0007 0.0323 0.9995
vn -0.0000 0.6079 0.7940
vn 0.0079 0.5548 0.8319
vn 0.0271 0.4898 0.8714
vn 0.0107 0.4543 0.8908
vn -0.0000 0.3552 0.9348
vn 0.0062 0.7201 0.6938
vn 0.0254 0.7574 0.6525
vn -0.0000 0.8192 0.5736
vn -0.0003 0.9938 0.1109
vn 0.0003 0.9629 0.2700
vn 0.0239 0.9344 0.3554
vn 0.0028 0.9063 0.4226
vn -0.0000 0.8637 0.5040
vn -0.0695 0.7054 -0.7054
vn -0.1485 0.6914 -0.7071
vn -0.2159 0.7116 -0.6686
vn -0.2159 0.6746 -0.7059
vn -0.2791 0.6497 -0.7071
vn -0.3485 0.6521 -0.6733
vn -0.3421 0.6203 -0.7058
vn -0.3993 0.5836 -0.7071
vn -0.4662 0.5681 -0.6782
vn -0.4554 0.5427 -0.7058
vn -0.5044 0.4956 -0.7071
vn -0.5644 0.4632 -0.6833
vn -0.5516 0.4447 -0.7057
vn -0.5905 0.3890 -0.7071
vn -0.6395 0.3418 -0.6886
vn -0.6271 0.3299 -0.7056
vn -0.6783 0.2058 -0.7054
vn -0.6938 0.1364 -0.7071
vn -0.7110 0.0700 -0.6997
vn -0.7055 0.0679 -0.7055
vn -0.7054 -0.0695 -0.7054
vn -0.6783 -0.2058 -0.7054
vn -0.6251 -0.3341 -0.7054
vn -0.6430 -0.3383 -0.6871
vn -0.5905 -0.3890 -0.7071
vn -0.5479 -0.4497 -0.7054
vn -0.5703 -0.4598 -0.6807
vn -0.5044 -0.4956 -0.7071
vn -0.4497 -0.5479 -0.7054
vn -0.4747 -0.5658 -0.6742
vn -0.3993 -0.5836 -0.7071
vn -0.3341 -0.6251 -0.7054
vn -0.3596 -0.6521 -0.6674
vn -0.2791 -0.6497 -0.7071
vn -0.2058 -0.6783 -0.7054
vn -0.0695 -0.7054 -0.7054
vn -0.1485 -0.6914 -0.7071
vn -0.2289 -0.7150 -0.6606
vn -0.0617 -0.7058 -0.7058
vn -0.1276 -0.6955 -0.7071
vn -0.1783 -0.6654 -0.7249
vn -0.1881 -0.6828 -0.7060
vn -0.2459 -0.6630 -0.7071
vn -0.2921 -0.6264 -0.7227
vn -0.3032 -0.6401 -0.7059
vn -0.3568 -0.6105 -0.7071
vn -0.3977 -0.5680 -0.7205
vn -0.4093 -0.5781 -0.7059
vn -0.4569 -0.5397 -0.7071
vn -0.4920 -0.4920 -0.7183
vn -0.5030 -0.4987 -0.7059
vn -0.5433 -0.4526 -0.7071
vn -0.5719 -0.4005 -0.7159
vn -0.5817 -0.4043 -0.7059
vn -0.6133 -0.3519 -0.7071
vn -0.6350 -0.2961 -0.7135
vn -0.6428 -0.2977 -0.7058
vn -0.6649 -0.2407 -0.7071
vn -0.6792 -0.1820 -0.7110
vn -0.6846 -0.1822 -0.7058
vn -0.7058 -0.0617 -0.7058
vn -0.7058 0.0617 -0.7058
vn -0.6846 0.1822 -0.7058
vn -0.6792 0.1820 -0.7110
vn -0.6649 0.2407 -0.7071
vn -0.6428 0.2977 -0.7058
vn -0.6350 0.2961 -0.7135
vn -0.6133 0.3519 -0.7071
vn -0.5817 0.4043 -0.7059
vn -0.5719 0.4005 -0.7159
vn -0.5433 0.4526 -0.7071
vn -0.5030 0.4987 -0.7059
vn -0.4920 0.4920 -0.7183
vn -0.4569 0.5397 -0.7071
vn -0.4093 0.5781 -0.7059
vn -0.3977 0.5680 -0.7205
vn -0.3568 0.6105 -0.7071
vn -0.3032 0.6401 -0.7059
vn -0.2921 0.6264 -0.7227
vn -0.2459 0.6630 -0.7071
vn -0.1881 0.6828 -0.7060
vn -0.1783 0.6654 -0.7249
vn -0.1276 0.6955 -0.7071
vn -0.0617 0.7058 -0.7058
vn 0.0617 0.7058 -0.7058
vn 0.1276 0.6955 -0.7071
vn 0.1783 0.6654 -0.7249
vn 0.1881 0.6828 -0.7060
vn 0.2459 0.6630 -0.7071
vn 0.2921 0.6264 -0.7227
vn 0.3032 0.6401 -0.7059
vn 0.3568 0.6105 -0.7071
vn 0.3977 0.5680 -0.7205
vn 0.4093 0.5781 -0.7059
vn 0.4569 0.5397 -0.7071
vn 0.4920 0.4920 -0.7183
vn 0.5030 0.4987 -0.7059
vn 0.5433 0.4526 -0.7071
vn 0.5719 0.4005 -0.7159
vn 0.5817 0.4043 -0.7059
vn 0.6133 0.3519 -0.7071
vn 0.6350 0.2961 -0.7135
vn 0.6428 0.2977 -0.7058
vn 0.6649 0.2407 -0.7071
vn 0.6792 0.1820 -0.7110
vn 0.6846 0.1822 -0.7058
vn 0.6965 0.1222 -0.7071
vn 0.7031 0.0615 -0.7084
vn 0.7058 0.0611 -0.7058
vn 0.7058 -0.0611 -0.7058
vn 0.7031 -0.0615 -0.7084
vn 0.6965 -0.1222 -0.7071
vn 0.6846 -0.1822 -0.7058
vn 0.6792 -0.1820 -0.7110
vn 0.6649 -0.2407 -0.7071
vn 0.6428 -0.2977 -0.7058
vn 0.6350 -0.2961 -0.7135
vn 0.6133 -0.3519 -0.7071
vn 0.5817 -0.4043 -0.7059
vn 0.5719 -0.4005 -0.7159
vn 0.5433 -0.4526 -0.7071
vn 0.5030 -0.4987 -0.7059
vn 0.4920 -0.4920 -0.7183
vn 0.4569 -0.5397 -0.7071
vn 0.4093 -0.5781 -0.7059
vn 0.3977 -0.5680 -0.7205
vn 0.3568 -0.6105 -0.7071
vn 0.3032 -0.6401 -0.7059
vn 0.2921 -0.6264 -0.7227
vn 0.2459 -0.6630 -0.7071
vn 0.1881 -0.6828 -0.7060
vn 0.1783 -0.6654 -0.7249
vn 0.1276 -0.6955 -0.7071
vn 0.0617 -0.7058 -0.7058
vn -0.0000 -0.0000 -1.0000
vn 0.0695 -0.7054 -0.7054
vn 0.1485 -0.6914 -0.7071
vn 0.2159 -0.7116 -0.6686
vn 0.2159 -0.6746 -0.7059
vn 0.2791 -0.6497 -0.7071
vn 0.3485 -0.6521 -0.6733
vn 0.3421 -0.6203 -0.7058
vn 0.3993 -0.5836 -0.7071
vn 0.4662 -0.5681 -0.6782
vn 0.4554 -0.5427 -0.7058
vn 0.5044 -0.4956 -0.7071
vn 0.5644 -0.4632 -0.6833
vn 0.5516 -0.4447 -0.7057
vn 0.5905 -0.3890 -0.7071
vn 0.6395 -0.3418 -0.6886
vn 0.6271 -0.3299 -0.7056
vn 0.6783 -0.2058 -0.7054
vn 0.6938 -0.1364 -0.7071
vn 0.7110 -0.0700 -0.6997
vn 0.7055 -0.0679 -0.7055
vn 0.7054 0.0695 -0.7054
vn 0.6783 0.2058 -0.7054
vn 0.6251 0.3341 -0.7054
vn 0.6430 0.3383 -0.6871
vn 0.5905 0.3890 -0.7071
vn 0.5479 0.4497 -0.7054
vn 0.5703 0.4598 -0.6807
vn 0.5044 0.4956 -0.7071
vn 0.4497 0.5479 -0.7054
vn 0.4747 0.5658 -0.6742
vn 0.3993 0.5836 -0.7071
vn 0.3341 0.6251 -0.7054
vn 0.3596 0.6521 -0.6674
vn 0.2791 0.6497 -0.7071
vn 0.2058 0.6783 -0.7054
vn 0.0695 0.7054 -0.7054
vn 0.1485 0.6914 -0.7071
vn 0.2289 0.7150 -0.6606
vn -0.9749 -0.0000 0.2225
vn -0.9785 -0.0096 0.2062
vn -0.8251 0.0073 0.5649
vn -0.7816 -0.0232 0.6233
vn -0.6659 -0.0000 0.7460
vn -0.4977 -0.0000 0.8674
vn -0.4337 -0.0265 0.9007
vn -0.2922 -0.0000 0.9563
vn -0.1120 -0.0000 0.9937
vn -0.0000 -0.0301 0.9995
vn 0.1120 -0.0000 0.9937
vn 0.3146 -0.0000 0.9492
vn 0.4337 -0.0298 0.9006
vn 0.5179 -0.0000 0.8554
vn 0.9749 -0.0000 0.2225
vn 0.9827 -0.0228 0.1836
vn 0.9177 -0.0000 0.3974
vn 0.7818 -0.0000 0.6235
vn 0.8140 -0.0307 0.5801
vn 0.6661 -0.0000 0.7458
vn 0.9749 -0.0000 -0.2225
vn 0.9784 -0.0094 -0.2065
vn 0.8251 0.0071 -0.5649
vn 0.7816 -0.0233 -0.6233
vn 0.6662 -0.0000 -0.7458
vn 0.4978 -0.0000 -0.8673
vn 0.4337 -0.0265 -0.9007
vn 0.2923 -0.0000 -0.9563
vn 0.1120 -0.0000 -0.9937
vn -0.0000 -0.0301 -0.9995
vn -0.1120 -0.0000 -0.9937
vn -0.3139 -0.0000 -0.9495
vn -0.4337 -0.0297 -0.9006
vn -0.5173 -0.0000 -0.8558
vn -0.9749 -0.0000 -0.2225
vn -0.9828 -0.0230 -0.1834
vn -0.9178 -0.0000 -0.3971
vn -0.7818 -0.0000 -0.6235
vn -0.8145 -0.0311 -0.5794
vn -0.6668 -0.0000 -0.7452
vn -0.0000 -1.0000 -0.0000
vn 0.9711 -0.0000 0.2386
vn 0.9659 0.0049 0.2588
vn 0.8763 -0.0000 0.4818
vn 0.7358 -0.0000 0.6772
vn 0.7071 0.0090 0.7071
vn 0.5355 -0.0000 0.8445
vn 0.3203 -0.0000 0.9473
vn 0.2588 0.0126 0.9658
vn 0.0642 -0.0000 0.9979
vn -0.2389 -0.0000 0.9710
vn -0.2588 0.0049 0.9659
vn -0.4820 -0.0000 0.8762
vn -0.6774 -0.0000 0.7356
vn -0.7071 0.0089 0.7071
vn -0.8447 -0.0000 0.5353
vn -0.9474 -0.0000 0.3201
vn -0.9659 0.0123 0.2588
vn -0.9980 -0.0000 0.0640
vn -0.9711 -0.0000 -0.2387
vn -0.9659 0.0049 -0.2588
vn -0.8762 -0.0000 -0.4819
vn -0.7355 -0.0000 -0.6775
vn -0.7071 0.0089 -0.7071
vn -0.5351 -0.0000 -0.8448
vn -0.3200 -0.0000 -0.9474
vn -0.2588 0.0126 -0.9658
vn -0.0639 -0.0000 -0.9980
vn 0.2384 -0.0000 -0.9712
vn 0.2588 0.0050 -0.9659
vn 0.4816 -0.0000 -0.8764
vn 0.6772 -0.0000 -0.7358
vn 0.7071 0.0089 -0.7071
vn 0.8445 -0.0000 -0.5355
vn 0.9473 -0.0000 -0.3203
vn 0.9659 0.0123 -0.2588
vn 0.9979 -0.0000 -0.0642
vn -0.0000 0.9985 -0.0545
vn -0.0008 0.9997 -0.0260
vn 0.0030 0.9567 -0.2911
vn -0.0030 0.9715 -0.2369
vn 0.0022 0.8184 -0.5746
vn -0.0022 0.7852 -0.6193
vn 0.0029 0.5060 -0.8625
vn -0.0029 0.5526 -0.8334
vn 0.0010 0.2917 -0.9565
vn -0.0000 0.3183 -0.9480
vn -0.0000 0.1090 -0.9940
vn -0.0019 0.1356 -0.9908
vn 0.0019 -0.1364 -0.9906
vn -0.0000 -0.1097 -0.9940
vn -0.0000 -0.2926 -0.9562
vn -0.0007 -0.3189 -0.9478
vn 0.0022 -0.5075 -0.8616
vn -0.0022 -0.5537 -0.8327
vn 0.0029 -0.8192 -0.5735
vn -0.0029 -0.7863 -0.6178
vn 0.0006 -0.9175 -0.3978
vn -0.0031 -0.9717 -0.2360
vn -0.0000 -0.9996 -0.0268
vn -0.0000 -0.9997 -0.0257
vn -0.0000 -0.9968 -0.0804
vn -0.0019 -0.9756 -0.2196
vn -0.0000 -0.9996 0.0273
vn -0.0000 -0.9997 0.0259
vn -0.0000 -0.9967 0.0818
vn 0.0030 -0.9568 0.2908
vn -0.0030 -0.9716 0.2366
vn 0.0022 -0.8187 0.5742
vn -0.0022 -0.7854 0.6190
vn 0.0029 -0.5063 0.8623
vn -0.0029 -0.5530 0.8332
vn 0.0011 -0.2882 0.9576
vn -0.0000 -0.3147 0.9492
vn -0.0000 -0.1051 0.9945
vn -0.0018 -0.1318 0.9913
vn 0.0019 0.1417 0.9899
vn -0.0000 0.1150 0.9934
vn -0.0000 0.2976 0.9547
vn -0.0006 0.3239 0.9461
vn 0.0022 0.5072 0.8618
vn -0.0022 0.5533 0.8330
vn 0.0029 0.8189 0.5739
vn -0.0000 0.9986 0.0536
vn 0.0007 0.9997 0.0258
vn -0.0018 0.9774 0.2114
vn -0.0035 0.9717 0.2363
vn 0.0007 0.9207 0.3902
vn -0.0029 0.7861 0.6181
vn -0.0000 0.9985 0.0545
vn 0.0008 0.9997 0.0260
vn -0.0030 0.9567 0.2911
vn 0.0030 0.9715 0.2369
vn -0.0022 0.8184 0.5746
vn 0.0022 0.7852 0.6193
vn -0.0029 0.5060 0.8625
vn 0.0029 0.5526 0.8334
vn -0.0010 0.2918 0.9565
vn -0.0000 0.3183 0.9480
vn -0.0000 0.1089 0.9940
vn 0.0019 0.1356 0.9908
vn -0.0019 -0.1364 0.9906
vn -0.0000 -0.1097 0.9940
vn -0.0000 -0.2926 0.9562
vn 0.0007 -0.3189 0.9478
vn -0.0022 -0.5075 0.8616
vn 0.0022 -0.5537 0.8327
vn -0.0029 -0.8192 0.5735
vn 0.0029 -0.7863 0.6178
vn -0.0006 -0.9175 0.3978
vn 0.0031 -0.9717 0.2360
vn -0.0000 -0.9996 0.0268
vn -0.0000 -0.9997 0.0257
vn -0.0000 -0.9968 0.0804
vn 0.0019 -0.9756 0.2196
vn -0.0000 -0.9996 -0.0273
vn -0.0000 -0.9997 -0.0259
vn -0.0000 -0.9967 -0.0818
vn -0.0030 -0.9568 -0.2908
vn 0.0030 -0.9716 -0.2366
vn -0.0022 -0.8187 -0.5742
vn 0.0022 -0.7854 -0.6190
vn -0.0029 -0.5063 -0.8623
vn 0.0029 -0.5530 -0.8332
vn -0.0011 -0.2882 -0.9576
vn -0.0000 -0.3147 -0.9492
vn -0.0000 -0.1051 -0.9945
vn 0.0018 -0.1318 -0.9913
vn -0.0019 0.1417 -0.9899
vn -0.0000 0.1150 -0.9934
vn -0.0000 0.2976 -0.9547
vn 0.0006 0.3239 -0.9461
vn -0.0022 0.5072 -0.8618
vn 0.0022 0.5533 -0.8330
vn -0.0029 0.8189 -0.5739
vn -0.0000 0.9986 -0.0536
vn -0.0007 0.9997 -0.0258
vn 0.0018 0.9774 -0.2114
vn 0.0035 0.9717 -0.2363
vn -0.0007 0.9207 -0.3902
vn 0.0029 0.7861 -0.6181
vn 0.0546 -0.0000 -0.9985
vn 0.0970 0.0012 -0.9953
vn 0.2908 -0.0031 -0.9568
vn 0.3553 0.0017 -0.9348
vn 0.6291 -0.0022 -0.7773
vn 0.6189 -0.0010 -0.7855
vn 0.7615 0.0001 -0.6481
vn 0.8623 -0.0020 -0.5064
vn 0.8870 0.0020 -0.4618
vn 0.9564 -0.0003 -0.2920
vn 0.9940 0.0018 -0.1092
vn 0.9943 0.0021 -0.1066
vn 0.9907 -0.0011 0.1361
vn 0.9868 -0.0000 0.1622
vn 0.9479 -0.0000 0.3187
vn 0.9392 0.0010 0.3433
vn 0.8329 -0.0021 0.5534
vn 0.8271 -0.0013 0.5620
vn 0.7086 0.0002 0.7056
vn 0.5740 -0.0021 0.8189
vn 0.5299 0.0021 0.8481
vn 0.2362 -0.0021 0.9717
vn 0.1848 0.0021 0.9828
vn 0.0255 -0.0000 0.9997
vn -0.0257 -0.0000 0.9997
vn -0.1846 -0.0021 0.9828
vn -0.2369 0.0021 0.9715
vn -0.5294 -0.0021 0.8484
vn -0.5747 0.0022 0.8183
vn -0.7085 -0.0002 0.7057
vn -0.8270 0.0012 0.5621
vn -0.8334 0.0022 0.5526
vn -0.9391 -0.0010 0.3436
vn -0.9480 -0.0000 0.3183
vn -0.9867 -0.0000 0.1626
vn -0.9908 0.0011 0.1356
vn -0.9944 -0.0021 -0.1058
vn -0.9940 -0.0018 -0.1098
vn -0.9562 0.0003 -0.2927
vn -0.8874 -0.0021 -0.4610
vn -0.8616 0.0021 -0.5075
vn -0.7619 -0.0001 -0.6477
vn -0.6520 0.0007 -0.7583
vn -0.0269 -0.0000 -0.9996
vn -0.1065 -0.0011 -0.9943
vn -0.4464 0.0168 -0.8947
vn -0.6175 -0.0091 -0.7865
vn -0.2737 0.0047 -0.9618
vn -0.2893 0.0036 -0.9572
vn -0.0804 -0.0021 -0.9968
vn -0.0794 -0.7049 0.7049
vn -0.1846 -0.6829 0.7068
vn -0.2538 -0.7253 0.6400
vn -0.2602 -0.6585 0.7062
vn -0.3338 -0.6237 0.7068
vn -0.4098 -0.6522 0.6377
vn -0.4019 -0.5829 0.7063
vn -0.4659 -0.5324 0.7067
vn -0.5458 -0.5458 0.6358
vn -0.5229 -0.4772 0.7063
vn -0.5740 -0.4137 0.7067
vn -0.6545 -0.4112 0.6344
vn -0.6169 -0.3470 0.7064
vn -0.6525 -0.2737 0.7066
vn -0.7303 -0.2555 0.6335
vn -0.6792 -0.1990 0.7065
vn -0.6975 -0.1196 0.7066
vn -0.7692 -0.0867 0.6330
vn -0.7065 -0.0407 0.7065
vn -0.7049 0.0794 0.7049
vn -0.8394 0.0484 0.5414
vn -0.6975 0.1196 0.7066
vn -0.6695 0.2343 0.7049
vn -0.7998 0.2343 0.5527
vn -0.6525 0.2737 0.7066
vn -0.6006 0.3774 0.7049
vn -0.7199 0.4050 0.5637
vn -0.5740 0.4137 0.7067
vn -0.5016 0.5016 0.7049
vn -0.6046 0.5518 0.5743
vn -0.4659 0.5324 0.7067
vn -0.3774 0.6006 0.7049
vn -0.4605 0.6679 0.5847
vn -0.3338 0.6237 0.7068
vn -0.2343 0.6695 0.7049
vn -0.0794 0.7049 0.7049
vn -0.1846 0.6829 0.7068
vn -0.2954 0.7476 0.5948
vn 0.0794 0.7049 0.7049
vn 0.1846 0.6829 0.7068
vn 0.2538 0.7253 0.6400
vn 0.2602 0.6585 0.7062
vn 0.3338 0.6237 0.7068
vn 0.4098 0.6522 0.6377
vn 0.4019 0.5829 0.7063
vn 0.4659 0.5324 0.7067
vn 0.5458 0.5458 0.6358
vn 0.5229 0.4772 0.7063
vn 0.5740 0.4137 0.7067
vn 0.6545 0.4112 0.6344
vn 0.6169 0.3470 0.7064
vn 0.6525 0.2737 0.7066
vn 0.7303 0.2555 0.6335
vn 0.6792 0.1990 0.7065
vn 0.6975 0.1196 0.7066
vn 0.7692 0.0867 0.6330
vn 0.7065 0.0407 0.7065
vn 0.7049 -0.0794 0.7049
vn 0.8394 -0.0484 0.5414
vn 0.6975 -0.1196 0.7066
vn 0.6695 -0.2343 0.7049
vn 0.7998 -0.2343 0.5527
vn 0.6525 -0.2737 0.7066
vn 0.6006 -0.3774 0.7049
vn 0.7199 -0.4050 0.5637
vn 0.5740 -0.4137 0.7067
vn 0.5016 -0.5016 0.7049
vn 0.6046 -0.5518 0.5743
vn 0.4659 -0.5324 0.7067
vn 0.3774 -0.6006 0.7049
vn 0.4605 -0.6679 0.5847
vn 0.3338 -0.6237 0.7068
vn 0.2343 -0.6695 0.7049
vn 0.0794 -0.7049 0.7049
vn 0.1846 -0.6829 0.7068
vn 0.2954 -0.7476 0.5948
vn -0.0000 -0.0000 1.0000
vn -0.0695 0.7054 0.7054
vn -0.1485 0.6914 0.7071
vn -0.1961 0.6465 0.7373
vn -0.2159 0.6746 0.7059
vn -0.2791 0.6497 0.7071
vn -0.3203 0.5993 0.7337
vn -0.3421 0.6203 0.7058
vn -0.3993 0.5836 0.7071
vn -0.4337 0.5285 0.7298
vn -0.4554 0.5427 0.7058
vn -0.5043 0.4956 0.7071
vn -0.5319 0.4365 0.7256
vn -0.5516 0.4447 0.7057
vn -0.5905 0.3890 0.7071
vn -0.6111 0.3266 0.7211
vn -0.6271 0.3299 0.7056
vn -0.6783 0.2058 0.7054
vn -0.7054 0.0695 0.7054
vn -0.7054 -0.0695 0.7054
vn -0.6783 -0.2058 0.7054
vn -0.6271 -0.3299 0.7056
vn -0.6111 -0.3266 0.7211
vn -0.5905 -0.3890 0.7071
vn -0.5516 -0.4447 0.7057
vn -0.5319 -0.4365 0.7256
vn -0.5044 -0.4956 0.7071
vn -0.4554 -0.5427 0.7058
vn -0.4337 -0.5285 0.7298
vn -0.3993 -0.5836 0.7071
vn -0.3341 -0.6251 0.7054
vn -0.3262 -0.5916 0.7373
vn -0.2791 -0.6497 0.7071
vn -0.2058 -0.6783 0.7054
vn -0.2043 -0.6383 0.7422
vn -0.1485 -0.6914 0.7071
vn -0.0695 -0.7054 0.7054
vn 0.0695 -0.7054 0.7054
vn 0.1485 -0.6914 0.7071
vn 0.1961 -0.6465 0.7373
vn 0.2159 -0.6746 0.7059
vn 0.2791 -0.6497 0.7071
vn 0.3203 -0.5993 0.7337
vn 0.3421 -0.6203 0.7058
vn 0.3993 -0.5836 0.7071
vn 0.4337 -0.5285 0.7298
vn 0.4554 -0.5427 0.7058
vn 0.5043 -0.4956 0.7071
vn 0.5319 -0.4365 0.7256
vn 0.5516 -0.4447 0.7057
vn 0.5905 -0.3890 0.7071
vn 0.6111 -0.3266 0.7211
vn 0.6271 -0.3299 0.7056
vn 0.6783 -0.2058 0.7054
vn 0.7054 -0.0695 0.7054
vn 0.7054 0.0695 0.7054
vn 0.6783 0.2058 0.7054
vn 0.6271 0.3299 0.7056
vn 0.6111 0.3266 0.7211
vn 0.5905 0.3890 0.7071
vn 0.5516 0.4447 0.7057
vn 0.5319 0.4365 0.7256
vn 0.5044 0.4956 0.7071
vn 0.4554 0.5427 0.7058
vn 0.4337 0.5285 0.7298
vn 0.3993 0.5836 0.7071
vn 0.3341 0.6251 0.7054
vn 0.3262 0.5916 0.7373
vn 0.2791 0.6497 0.7071
vn 0.2058 0.6783 0.7054
vn 0.2043 0.6383 0.7422
vn 0.1485 0.6914 0.7071
vn 0.0695 0.7054 0.7054
vn -0.2908 0.0031 -0.9568
vn -0.0970 -0.0012 -0.9953
vn -0.0817 -0.0007 -0.9967
vn -0.0274 -0.0000 -0.9996
vn -0.3553 -0.0017 -0.9348
vn -0.6291 0.0022 -0.7773
vn -0.6189 0.0010 -0.7855
vn -0.7615 -0.0001 -0.6482
vn -0.8623 0.0020 -0.5064
vn -0.8870 -0.0020 -0.4618
vn -0.9564 0.0003 -0.2920
vn -0.9940 -0.0018 -0.1092
vn -0.9943 -0.0021 -0.1066
vn -0.9907 0.0011 0.1361
vn -0.9868 -0.0000 0.1622
vn -0.9479 -0.0000 0.3187
vn -0.9392 -0.0010 0.3433
vn -0.8329 0.0021 0.5534
vn -0.8271 0.0013 0.5620
vn -0.7086 -0.0002 0.7056
vn -0.5740 0.0021 0.8189
vn -0.5298 -0.0021 0.8481
vn -0.2363 0.0021 0.9717
vn -0.1849 -0.0021 0.9828
vn -0.0255 -0.0000 0.9997
vn 0.0016 -1.0000 -0.0000
vn 0.0175 -0.9998 -0.0002
vn 0.0155 -0.9999 -0.0005
vn 0.2078 -0.9673 -0.1456
vn 0.1191 -0.9922 0.0375
vn 0.1302 -0.9913 0.0208
vn 0.1299 -0.9915 -0.0090
vn 0.1151 -0.9932 -0.0178
vn 0.1305 -0.9914 -0.0081
vn 0.0549 -0.9985 -0.0007
vn 0.0370 -0.9993 0.0002
vn 0.0017 -1.0000 -0.0000
vn 0.0053 -1.0000 0.0002
vn 0.0980 -0.9951 0.0101
vn 0.0567 -0.9904 0.1262
vn 0.0867 -0.9944 0.0597
vn 0.1132 0.9934 -0.0190
vn 0.1588 0.9872 -0.0156
vn 0.1390 0.9903 0.0081
vn 0.2091 0.9731 -0.0964
vn 0.1073 0.9939 0.0262
vn 0.0980 0.9943 0.0409
vn 0.0878 0.9944 0.0582
vn 0.0980 0.9945 0.0362
vn 0.0243 0.9997 0.0034
vn 0.0064 1.0000 -0.0000
vn 0.0175 0.9998 -0.0000
vn 0.0121 0.9999 -0.0008
vn 0.0341 0.9994 0.0002
vn 0.1305 0.9914 -0.0037
vn 0.0849 0.9957 -0.0382
vn 0.0970 0.9948 -0.0294
vn 0.9963 -0.0833 -0.0214
vn 0.9976 -0.0594 -0.0358
vn 0.9980 -0.0380 -0.0513
vn 0.9954 -0.0958 -0.0063
vn 1.0000 -0.0089 -0.0001
vn 0.9879 -0.1534 -0.0222
vn 0.9912 -0.1326 -0.0019
vn 0.9919 -0.1273 0.0034
vn 0.9928 -0.1192 0.0120
vn 0.9936 -0.1112 0.0216
vn 0.9943 -0.0991 0.0381
vn 0.9944 -0.0979 0.0403
vn 0.9992 -0.0378 0.0085
vn 0.9998 -0.0205 0.0030
vn 0.9909 0.0602 0.1200
vn 0.9950 0.0980 0.0208
vn 1.0000 0.0087 0.0002
vn 1.0000 -0.0075 -0.0002
vn 0.9953 0.0953 -0.0153
vn 0.9942 0.0817 0.0695
vn 0.9942 0.1016 0.0343
vn 0.9930 0.1176 0.0134
vn 0.9916 0.1291 0.0016
vn 0.9912 0.1325 -0.0018
vn 0.9906 0.1367 -0.0058
vn 0.9965 0.0802 -0.0231
vn 0.9977 0.0554 -0.0384
vn 0.9954 0.0958 -0.0083
vn 0.9998 0.0194 -0.0008
vn 1.0000 0.0072 0.0001
vn 0.1449 0.9895 -0.0000
vn 0.3049 0.9524 -0.0000
vn 0.3173 0.9483 -0.0051
vn 0.3947 0.9188 -0.0000
vn 0.4829 0.8757 -0.0000
vn 0.4924 0.8703 -0.0044
vn 0.5646 0.8254 -0.0000
vn 0.6428 0.7660 -0.0000
vn 0.6494 0.7604 -0.0036
vn 0.7133 0.7009 -0.0000
vn 0.7785 0.6276 -0.0000
vn 0.7826 0.6225 -0.0028
vn 0.8351 0.5501 -0.0000
vn 0.8850 0.4656 -0.0000
vn 0.8870 0.4617 -0.0019
vn 0.9569 0.2903 0.0019
vn 0.9588 0.2840 -0.0010
vn 0.9915 0.1298 0.0007
vn 0.9942 0.1068 -0.0097
vn 0.9919 -0.1270 0.0007
vn 0.9569 -0.2903 -0.0010
vn 0.9588 -0.2840 0.0021
vn 0.8850 -0.4656 -0.0020
vn 0.8870 -0.4617 -0.0000
vn 0.8351 -0.5501 -0.0000
vn 0.7826 -0.6225 -0.0028
vn 0.7785 -0.6276 -0.0000
vn 0.7133 -0.7009 -0.0000
vn 0.6494 -0.7604 -0.0036
vn 0.6428 -0.7660 -0.0000
vn 0.5646 -0.8254 -0.0000
vn 0.4924 -0.8703 -0.0044
vn 0.1391 -0.9902 0.0083
vn 0.1458 -0.9893 -0.0000
vn 0.3049 -0.9524 -0.0000
vn 0.3173 -0.9483 -0.0051
vn 0.3947 -0.9188 -0.0000
vn 0.4829 -0.8757 -0.0000
vn 0.0617 -0.7058 0.7058
vn 0.1277 -0.6955 0.7071
vn 0.1783 -0.6654 0.7248
vn 0.1881 -0.6828 0.7060
vn 0.2459 -0.6630 0.7071
vn 0.2921 -0.6264 0.7227
vn 0.3032 -0.6401 0.7059
vn 0.3568 -0.6105 0.7071
vn 0.3977 -0.5680 0.7205
vn 0.4093 -0.5781 0.7059
vn 0.4569 -0.5397 0.7071
vn 0.4920 -0.4920 0.7183
vn 0.5030 -0.4987 0.7059
vn 0.5433 -0.4526 0.7071
vn 0.5719 -0.4005 0.7159
vn 0.5817 -0.4043 0.7059
vn 0.6133 -0.3519 0.7071
vn 0.6350 -0.2961 0.7135
vn 0.6428 -0.2977 0.7058
vn 0.6649 -0.2407 0.7071
vn 0.6792 -0.1820 0.7110
vn 0.6846 -0.1822 0.7058
vn 0.6965 -0.1222 0.7071
vn 0.7031 -0.0615 0.7084
vn 0.7058 -0.0611 0.7058
vn 0.7058 0.0611 0.7058
vn 0.7031 0.0615 0.7084
vn 0.6965 0.1222 0.7071
vn 0.6846 0.1822 0.7058
vn 0.6792 0.1820 0.7110
vn 0.6649 0.2407 0.7071
vn 0.6428 0.2977 0.7058
vn 0.6350 0.2961 0.7135
vn 0.6133 0.3519 0.7071
vn 0.5817 0.4043 0.7059
vn 0.5719 0.4005 0.7159
vn 0.5432 0.4526 0.7071
vn 0.5030 0.4987 0.7059
vn 0.4920 0.4920 0.7183
vn 0.4569 0.5397 0.7071
vn 0.4093 0.5781 0.7059
vn 0.3977 0.5680 0.7205
vn 0.3567 0.6105 0.7071
vn 0.3032 0.6401 0.7059
vn 0.2921 0.6264 0.7227
vn 0.2459 0.6630 0.7071
vn 0.1881 0.6828 0.7060
vn 0.1783 0.6654 0.7249
vn 0.1277 0.6955 0.7071
vn 0.0617 0.7058 0.7058
vn -0.0016 1.0000 -0.0000
vn -0.0175 0.9998 -0.0002
vn -0.0154 0.9999 -0.0005
vn -0.2078 0.9673 -0.1456
vn -0.1191 0.9922 0.0375
vn -0.1302 0.9913 0.0208
vn -0.1299 0.9915 -0.0090
vn -0.1151 0.9932 -0.0178
vn -0.1305 0.9914 -0.0081
vn -0.0549 0.9985 -0.0007
vn -0.0370 0.9993 0.0002
vn -0.0017 1.0000 -0.0000
vn -0.0053 1.0000 0.0002
vn -0.0980 0.9951 0.0101
vn -0.0567 0.9904 0.1262
vn -0.0867 0.9944 0.0597
vn -0.1132 -0.9934 -0.0190
vn -0.1588 -0.9872 -0.0156
vn -0.1390 -0.9903 0.0081
vn -0.2091 -0.9731 -0.0964
vn -0.1073 -0.9939 0.0262
vn -0.0980 -0.9943 0.0410
vn -0.0878 -0.9944 0.0582
vn -0.0980 -0.9945 0.0362
vn -0.0243 -0.9997 0.0034
vn -0.0064 -1.0000 -0.0000
vn -0.0175 -0.9998 -0.0000
vn -0.0121 -0.9999 -0.0008
vn -0.0341 -0.9994 0.0002
vn -0.1305 -0.9914 -0.0037
vn -0.0849 -0.9957 -0.0382
vn -0.0970 -0.9948 -0.0294
vn -0.9942 -0.1016 0.0343
vn -1.0000 0.0072 -0.0002
vn -1.0000 -0.0090 0.0002
vn -0.9950 -0.0980 0.0214
vn -0.9910 -0.0606 0.1190
vn -0.9942 -0.0817 0.0695
vn -0.9953 -0.0958 -0.0151
vn -0.9930 -0.1176 0.0134
vn -0.9917 -0.1289 0.0018
vn -0.9909 -0.1345 -0.0038
vn -0.9965 -0.0801 -0.0231
vn -0.9977 -0.0554 -0.0385
vn -0.9954 -0.0958 -0.0083
vn -0.9998 -0.0198 -0.0008
vn -0.9963 0.0833 -0.0214
vn -1.0000 -0.0075 0.0001
vn -1.0000 0.0087 -0.0001
vn -0.9954 0.0958 -0.0061
vn -0.9980 0.0376 -0.0515
vn -0.9976 0.0594 -0.0358
vn -0.9879 0.1534 -0.0222
vn -0.9928 0.1188 0.0125
vn -0.9912 0.1324 -0.0017
vn -0.9916 0.1290 0.0017
vn -0.9920 0.1259 0.0049
vn -0.9936 0.1109 0.0221
vn -0.9943 0.0991 0.0381
vn -0.9944 0.0979 0.0403
vn -0.9992 0.0378 0.0085
vn -0.9998 0.0200 0.0029
vn -0.1449 -0.9895 -0.0000
vn -0.3049 -0.9524 -0.0000
vn -0.3173 -0.9483 -0.0051
vn -0.3947 -0.9188 -0.0000
vn -0.4829 -0.8757 -0.0000
vn -0.4924 -0.8703 -0.0044
vn -0.5646 -0.8254 -0.0000
vn -0.6428 -0.7660 -0.0000
vn -0.6494 -0.7604 -0.0036
vn -0.7133 -0.7009 -0.0000
vn -0.7785 -0.6276 -0.0000
vn -0.7826 -0.6225 -0.0028
vn -0.8351 -0.5501 -0.0000
vn -0.8850 -0.4656 -0.0000
vn -0.8870 -0.4617 -0.0019
vn -0.9569 -0.2903 0.0019
vn -0.9588 -0.2840 -0.0010
vn -0.9915 -0.1298 0.0007
vn -0.9942 -0.1074 -0.0095
vn -0.9919 0.1270 0.0007
vn -0.9569 0.2903 -0.0010
vn -0.9588 0.2840 0.0021
vn -0.8850 0.4656 -0.0020
vn -0.8870 0.4617 -0.0000
vn -0.8351 0.5501 -0.0000
vn -0.7826 0.6225 -0.0028
vn -0.7785 0.6276 -0.0000
vn -0.7133 0.7009 -0.0000
vn -0.6494 0.7604 -0.0036
vn -0.6428 0.7660 -0.0000
vn -0.5646 0.8254 -0.0000
vn -0.4924 0.8703 -0.0044
vn -0.1391 0.9902 0.0083
vn -0.1458 0.9893 -0.0000
vn -0.3049 0.9524 -0.0000
vn -0.3173 0.9483 -0.0051
vn -0.3947 0.9188 -0.0000
vn -0.4829 0.8757 -0.0000
vn 0.0257 -0.0000 0.9997
vn 0.1847 0.0021 0.9828
vn 0.2369 -0.0021 0.9715
vn 0.5294 0.0021 0.8484
vn 0.5747 -0.0022 0.8183
vn 0.7085 0.0002 0.7058
vn 0.8270 -0.0012 0.5621
vn 0.8334 -0.0022 0.5526
vn 0.9391 0.0010 0.3436
vn 0.9480 -0.0000 0.3183
vn 0.9867 -0.0000 0.1626
vn 0.9908 -0.0011 0.1356
vn 0.9944 0.0021 -0.1058
vn 0.9940 0.0018 -0.1098
vn 0.9562 -0.0003 -0.2927
vn 0.8874 0.0021 -0.4610
vn 0.8616 -0.0021 -0.5075
vn 0.7619 0.0001 -0.6477
vn 0.6520 -0.0007 -0.7583
vn 0.0270 -0.0000 -0.9996
vn 0.1065 0.0011 -0.9943
vn 0.4464 -0.0168 -0.8947
vn 0.6175 0.0091 -0.7865
vn 0.2736 -0.0047 -0.9618
vn 0.2894 -0.0036 -0.9572
vn 0.0803 0.0021 -0.9968
vn 0.0095 -1.0000 -0.0000
vn 0.1874 0.9823 0.0017
vn 0.0730 0.9973 -0.0001
vn 0.0022 1.0000 -0.0000
vn 0.0366 0.9993 0.0003
vn 0.0213 0.9998 0.0023
vn 0.0506 0.9987 0.0003
vn 0.2092 0.9777 0.0169
vn 0.1004 0.9932 -0.0589
vn 0.1237 0.9919 -0.0285
vn 0.2596 0.9602 0.1029
vn 0.1743 0.9843 -0.0275
vn 0.1862 0.9825 -0.0109
vn 0.0634 0.9901 -0.1255
vn 0.1120 0.9936 -0.0116
vn 0.0048 1.0000 -0.0000
vn 0.1042 -0.9931 -0.0543
vn 0.1119 -0.9929 -0.0415
vn 0.0441 -0.9990 -0.0092
vn 0.0252 -0.9997 -0.0033
vn 0.2128 -0.9769 0.0209
vn 0.1861 -0.9825 -0.0106
vn 0.2597 -0.9607 0.0983
vn 0.1265 -0.9916 -0.0255
vn 0.1148 -0.9926 -0.0401
vn 0.0366 -0.9993 -0.0000
vn 0.0167 -0.9999 0.0028
vn 0.0468 -0.9989 0.0005
vn 0.1391 -0.9901 0.0206
vn 0.1874 -0.9823 0.0014
vn 0.0730 -0.9973 -0.0000
vn 0.0633 -0.9980 0.0001
vn 0.1940 -0.9810 -0.0000
vn 0.3674 -0.9301 -0.0000
vn 0.4067 -0.9135 0.0079
vn 0.4719 -0.8817 -0.0000
vn 0.5676 -0.8233 -0.0000
vn 0.6046 -0.7965 0.0081
vn 0.6585 -0.7526 -0.0000
vn 0.7386 -0.6741 -0.0000
vn 0.7705 -0.6374 0.0082
vn 0.8112 -0.5848 -0.0000
vn 0.8716 -0.4903 -0.0000
vn 0.8957 -0.4446 0.0083
vn 0.9943 0.1067 0.0007
vn 0.9952 0.0981 -0.0006
vn 0.9959 0.0900 -0.0019
vn 0.9971 0.0759 -0.0056
vn 0.9984 0.0541 -0.0166
vn 0.9983 0.0576 -0.0136
vn 0.9996 0.0272 -0.0039
vn 0.9988 -0.0385 -0.0304
vn 0.9983 -0.0576 -0.0111
vn 0.9999 -0.0122 -0.0003
vn 1.0000 0.0096 0.0003
vn 0.9982 -0.0580 -0.0142
vn 0.9969 -0.0785 -0.0047
vn 0.9958 -0.0917 -0.0016
vn 0.9953 -0.0971 0.0002
vn 0.9222 -0.3868 -0.0000
vn 0.9597 -0.2811 -0.0000
vn 0.9735 -0.2283 0.0084
vn 0.9856 -0.1690 -0.0000
vn 0.9948 -0.1021 -0.0000
vn 0.9950 -0.1002 -0.0003
vn 0.9956 -0.0937 0.0004
vn 0.9963 -0.0862 0.0007
vn 0.9975 -0.0710 0.0017
vn 0.9995 0.0311 0.0067
vn 0.9989 -0.0469 0.0042
vn 0.9996 -0.0278 0.0073
vn 0.9999 -0.0000 0.0123
vn 0.9998 -0.0109 0.0152
vn 0.9999 0.0140 0.0097
vn 0.9987 0.0510 0.0037
vn 0.9973 0.0739 0.0014
vn 0.9961 0.0878 0.0006
vn 0.9948 0.1021 -0.0000
vn 0.9856 0.1690 -0.0000
vn 0.9735 0.2283 0.0084
vn 0.9597 0.2811 -0.0000
vn 0.9222 0.3868 -0.0000
vn 0.8957 0.4446 0.0083
vn 0.8716 0.4903 -0.0000
vn 0.8112 0.5848 -0.0000
vn 0.7705 0.6374 0.0082
vn 0.7386 0.6741 -0.0000
vn 0.6585 0.7526 -0.0000
vn 0.6046 0.7965 0.0081
vn 0.2423 0.9687 0.0539
vn 0.1918 0.9814 -0.0000
vn 0.3674 0.9301 -0.0000
vn 0.4067 0.9135 0.0079
vn 0.4719 0.8817 -0.0000
vn 0.5676 0.8233 -0.0000
vn -0.9945 -0.1049 0.0004
vn -0.0095 1.0000 -0.0000
vn -0.1237 -0.9919 -0.0285
vn -0.1874 -0.9823 0.0017
vn -0.0730 -0.9973 -0.0001
vn -0.0022 -1.0000 -0.0000
vn -0.0366 -0.9993 0.0003
vn -0.0213 -0.9998 0.0023
vn -0.0506 -0.9987 0.0003
vn -0.2596 -0.9602 0.1029
vn -0.1743 -0.9843 -0.0275
vn -0.1862 -0.9825 -0.0109
vn -0.2092 -0.9777 0.0169
vn -0.0024 -1.0000 -0.0000
vn -0.0073 -1.0000 -0.0003
vn -0.1120 -0.9936 -0.0116
vn -0.0634 -0.9901 -0.1255
vn -0.1004 -0.9932 -0.0589
vn -0.1042 0.9931 -0.0543
vn -0.1119 0.9929 -0.0415
vn -0.0441 0.9990 -0.0092
vn -0.0252 0.9997 -0.0033
vn -0.2128 0.9769 0.0209
vn -0.1861 0.9825 -0.0106
vn -0.2597 0.9607 0.0983
vn -0.1265 0.9916 -0.0255
vn -0.1148 0.9926 -0.0401
vn -0.0366 0.9993 -0.0000
vn -0.0167 0.9999 0.0028
vn -0.0468 0.9989 0.0005
vn -0.1391 0.9901 0.0206
vn -0.1874 0.9823 0.0014
vn -0.0730 0.9973 -0.0000
vn -0.0633 0.9980 0.0001
vn -0.1940 0.9810 -0.0000
vn -0.3674 0.9301 -0.0000
vn -0.4067 0.9135 0.0079
vn -0.4719 0.8817 -0.0000
vn -0.5676 0.8233 -0.0000
vn -0.6046 0.7965 0.0081
vn -0.6585 0.7526 -0.0000
vn -0.7386 0.6741 -0.0000
vn -0.7705 0.6374 0.0082
vn -0.8112 0.5848 -0.0000
vn -0.8716 0.4903 -0.0000
vn -0.8957 0.4446 0.0083
vn -0.9950 -0.0999 -0.0003
vn -0.9952 -0.0976 -0.0007
vn -0.9959 -0.0900 -0.0019
vn -0.9971 -0.0759 -0.0056
vn -0.9984 -0.0542 -0.0166
vn -0.9983 -0.0576 -0.0136
vn -0.9996 -0.0268 -0.0037
vn -0.9988 0.0390 -0.0300
vn -0.9983 0.0576 -0.0114
vn -0.9999 0.0127 -0.0003
vn -1.0000 -0.0093 0.0003
vn -0.9982 0.0580 -0.0142
vn -0.9969 0.0785 -0.0047
vn -0.9958 0.0916 -0.0016
vn -0.9222 0.3868 -0.0000
vn -0.9597 0.2811 -0.0000
vn -0.9735 0.2283 0.0084
vn -0.9856 0.1690 -0.0000
vn -0.9948 0.1022 -0.0000
vn -0.9951 0.0988 -0.0005
vn -0.9956 0.0936 0.0004
vn -0.9963 0.0862 0.0007
vn -0.9975 0.0710 0.0017
vn -0.9995 -0.0306 0.0068
vn -0.9989 0.0468 0.0042
vn -0.9996 0.0282 0.0072
vn -0.9999 -0.0000 0.0123
vn -0.9998 0.0113 0.0152
vn -0.9999 -0.0135 0.0099
vn -0.9987 -0.0510 0.0037
vn -0.9973 -0.0739 0.0014
vn -0.9961 -0.0878 0.0006
vn -0.9948 -0.1021 -0.0000
vn -0.9856 -0.1690 -0.0000
vn -0.9735 -0.2283 0.0084
vn -0.9597 -0.2811 -0.0000
vn -0.9222 -0.3868 -0.0000
vn -0.8957 -0.4446 0.0083
vn -0.8716 -0.4903 -0.0000
vn -0.8112 -0.5848 -0.0000
vn -0.7705 -0.6374 0.0082
vn -0.7386 -0.6741 -0.0000
vn -0.6585 -0.7526 -0.0000
vn -0.6046 -0.7965 0.0081
vn -0.2423 -0.9687 0.0539
vn -0.1918 -0.9814 -0.0000
vn -0.3674 -0.9301 -0.0000
vn -0.4067 -0.9135 0.0079
vn -0.4719 -0.8817 -0.0000
vn -0.5676 -0.8233 -0.0000
vn 0.9955 0.0942 0.0084
vn 0.0059 -1.0000 -0.0000
vn 0.0175 -0.9998 -0.0001
vn 0.0321 -0.9995 0.0002
vn 0.0771 -0.9961 0.0417
vn 0.2095 -0.9752 -0.0711
vn 0.1059 -0.9937 0.0370
vn 0.1211 -0.9923 0.0245
vn 0.1350 -0.9907 0.0143
vn 0.0675 -0.9977 -0.0004
vn 0.1305 -0.9914 -0.0030
vn 0.1100 -0.9939 -0.0057
vn 0.0549 -0.9965 0.0635
vn 0.0980 -0.9951 0.0122
vn 0.0102 -0.9999 -0.0000
vn 0.0980 0.9949 0.0220
vn 0.0296 0.9996 0.0019
vn 0.0059 1.0000 -0.0000
vn 0.1674 0.9859 -0.0049
vn 0.0521 0.9985 -0.0141
vn 0.0709 0.9974 -0.0110
vn 0.0907 0.9958 -0.0083
vn 0.1044 0.9945 -0.0064
vn 0.1372 0.9905 0.0125
vn 0.1227 0.9922 0.0234
vn 0.2098 0.9767 -0.0448
vn 0.0946 0.9952 0.0264
vn 0.0763 0.9962 0.0428
vn 0.1305 0.9914 -0.0007
vn 0.0175 0.9998 0.0002
vn 0.0213 0.9998 -0.0000
vn 0.9647 -0.2621 -0.0263
vn 0.9573 -0.2887 -0.0133
vn 0.9506 -0.3102 -0.0065
vn 0.9588 -0.2840 -0.0003
vn 0.9706 -0.2363 -0.0458
vn 0.9684 -0.2464 -0.0380
vn 0.9453 -0.3263 -0.0032
vn 0.9412 -0.3379 -0.0016
vn 0.9375 -0.3480 -0.0004
vn 0.9303 -0.3668 0.0002
vn 0.9407 -0.3391 0.0011
vn 0.9454 -0.3259 0.0021
vn 0.9511 -0.3089 0.0038
vn 0.9549 -0.2969 0.0054
vn 0.9590 -0.2832 0.0073
vn 0.9669 -0.2549 0.0126
vn 0.9722 -0.2334 0.0180
vn 0.9569 -0.2903 0.0024
vn 0.9793 -0.2022 -0.0001
vn 0.9921 -0.1249 -0.0132
vn 0.9886 -0.1505 -0.0029
vn 0.9832 -0.1824 -0.0000
vn 1.0000 -0.0016 -0.0000
vn 0.9999 -0.0126 -0.0002
vn 0.9953 -0.0958 -0.0128
vn 0.9967 -0.0570 -0.0580
vn 0.9945 -0.1020 -0.0238
vn 0.9875 0.1577 -0.0015
vn 0.9920 0.1260 -0.0123
vn 0.9944 0.1030 -0.0240
vn 0.9950 0.0958 -0.0291
vn 0.9983 0.0584 -0.0091
vn 0.9999 0.0156 -0.0000
vn 0.9683 0.2494 0.0138
vn 0.9602 0.2793 0.0080
vn 0.9560 0.2934 0.0059
vn 0.9522 0.3053 0.0042
vn 0.9463 0.3232 0.0024
vn 0.9417 0.3364 0.0013
vn 0.9402 0.3405 -0.0012
vn 0.9445 0.3285 -0.0029
vn 0.9497 0.3132 -0.0058
vn 0.9534 0.3014 -0.0093
vn 0.9571 0.2895 -0.0132
vn 0.9636 0.2664 -0.0238
vn 0.9683 0.2468 -0.0375
vn 0.9588 0.2840 -0.0071
vn 0.9798 0.1998 -0.0000
vn 0.9826 0.1859 -0.0000
vn 0.9962 0.0475 0.0725
vn 0.9951 0.0980 0.0127
vn 0.9999 0.0108 -0.0000
vn 1.0000 -0.0051 -0.0000
vn 0.9963 0.0747 0.0427
vn 0.9944 0.1036 0.0206
vn 0.9929 0.1180 0.0123
vn 0.9915 0.1302 0.0060
vn 0.9897 0.1431 0.0003
vn 0.9569 0.2903 -0.0006
vn 0.9760 0.2165 0.0227
vn 0.9734 0.2282 0.0194
vn 0.9926 0.1213 -0.0050
vn 0.9947 0.1027 -0.0101
vn 0.9961 0.0873 -0.0150
vn 0.9969 0.0762 -0.0191
vn 0.9978 0.0606 -0.0252
vn 0.9760 0.2123 0.0475
vn 0.9994 0.0327 -0.0102
vn 0.9925 0.1216 0.0127
vn 0.9867 0.1609 0.0248
vn 0.9984 -0.0573 0.0017
vn 0.9998 -0.0175 -0.0004
vn 1.0000 -0.0056 0.0003
vn 1.0000 -0.0016 0.0001
vn 0.9999 0.0153 -0.0003
vn 0.9999 0.0107 0.0001
vn 0.9989 0.0478 -0.0002
vn 0.9947 -0.1023 0.0122
vn 0.9993 -0.0356 -0.0105
vn 0.9916 -0.1286 0.0115
vn 0.9974 -0.0691 -0.0217
vn 0.9761 -0.2133 0.0420
vn 0.9854 -0.1689 0.0233
vn 0.9966 -0.0802 -0.0176
vn 0.9957 -0.0920 -0.0133
vn 0.9939 -0.1096 -0.0081
vn 0.9919 -0.1272 -0.0035
vn 0.9899 -0.1417 -0.0000
vn 0.9812 -0.1930 -0.0000
vn 0.9926 -0.1214 0.0086
vn 0.9953 -0.0942 0.0241
vn 0.9951 -0.0958 0.0227
vn 0.9993 -0.0377 0.0038
vn 0.9999 -0.0152 0.0007
vn 0.1585 0.9874 -0.0000
vn 0.3173 0.9483 -0.0016
vn 0.4924 0.8704 -0.0013
vn 0.6494 0.7604 -0.0011
vn 0.7826 0.6225 -0.0008
vn 0.8870 0.4617 -0.0006
vn 0.9355 0.3534 0.0002
vn 0.9344 0.3561 0.0005
vn 0.9355 -0.3534 0.0002
vn 0.8850 -0.4656 -0.0006
vn 0.7826 -0.6225 -0.0008
vn 0.6494 -0.7604 -0.0011
vn 0.4924 -0.8704 -0.0013
vn 0.1521 -0.9884 0.0039
vn 0.1589 -0.9873 -0.0000
vn 0.3173 -0.9483 -0.0016
vn 0.9711 0.0036 -0.2385
vn 0.7818 -0.0033 -0.6235
vn 0.7496 0.0068 -0.6618
vn 0.4339 -0.0063 -0.9010
vn 0.3589 0.0091 -0.9333
vn 0.0642 -0.0054 -0.9979
vn -0.0000 -0.0125 -0.9999
vn -0.3460 -0.0000 -0.9382
vn -0.4339 -0.0122 -0.9009
vn -0.5461 -0.0000 -0.8377
vn -0.7312 -0.0000 -0.6822
vn -0.7818 -0.0112 -0.6235
vn -0.8646 -0.0000 -0.5024
vn -0.9537 -0.0000 -0.3008
vn -0.9749 -0.0113 -0.2225
vn -0.9967 -0.0000 -0.0810
vn -0.0059 1.0000 -0.0000
vn -0.0175 0.9998 -0.0001
vn -0.0289 0.9996 0.0001
vn -0.0493 0.9988 -0.0001
vn -0.1323 0.9911 0.0159
vn -0.1189 0.9926 0.0263
vn -0.1100 0.9939 -0.0057
vn -0.1305 0.9914 -0.0030
vn -0.0825 0.9966 -0.0010
vn -0.0665 0.9978 -0.0004
vn -0.0995 0.9941 0.0422
vn -0.2093 0.9741 -0.0860
vn -0.0707 0.9963 0.0481
vn -0.0980 0.9950 0.0211
vn -0.0214 0.9998 -0.0000
vn -0.0980 -0.9951 0.0154
vn -0.0135 -0.9999 -0.0000
vn -0.1065 -0.9943 -0.0062
vn -0.0930 -0.9956 -0.0079
vn -0.1451 -0.9894 0.0080
vn -0.1701 -0.9854 -0.0065
vn -0.1307 -0.9913 0.0175
vn -0.1153 -0.9929 0.0287
vn -0.2097 -0.9759 -0.0604
vn -0.0898 -0.9955 0.0311
vn -0.0682 -0.9965 0.0493
vn -0.0103 -0.9999 -0.0002
vn -0.0316 -0.9995 0.0001
vn -0.1305 -0.9914 -0.0007
vn -0.0585 -0.9982 -0.0130
vn -0.0774 -0.9970 -0.0101
vn -0.9876 0.1568 -0.0065
vn -0.9982 0.0593 -0.0081
vn -0.9975 0.0700 -0.0068
vn -0.9967 0.0812 -0.0055
vn -0.9926 0.1214 0.0086
vn -0.9953 0.0942 0.0241
vn -0.9951 0.0958 0.0227
vn -0.9993 0.0377 0.0038
vn -0.9999 0.0152 0.0007
vn -1.0000 0.0051 -0.0000
vn -0.9999 -0.0108 -0.0000
vn -0.9951 -0.0980 0.0127
vn -0.9962 -0.0475 0.0725
vn -0.9963 -0.0747 0.0427
vn -0.9944 -0.1036 0.0206
vn -0.9929 -0.1180 0.0123
vn -0.9915 -0.1302 0.0060
vn -0.9846 -0.1740 -0.0135
vn -0.9978 -0.0662 -0.0072
vn -0.9970 -0.0768 -0.0060
vn -0.9986 -0.0513 -0.0091
vn -0.9994 -0.0332 -0.0117
vn -0.9954 -0.0958 -0.0018
vn -0.9999 -0.0153 -0.0001
vn -0.9954 0.0958 0.0007
vn -0.9999 0.0065 -0.0160
vn -0.9993 0.0359 -0.0112
vn -0.1583 -0.9874 -0.0000
vn -0.3173 -0.9483 -0.0016
vn -0.4924 -0.8704 -0.0013
vn -0.6494 -0.7604 -0.0011
vn -0.7826 -0.6225 -0.0008
vn -0.8870 -0.4617 -0.0006
vn -0.9569 -0.2903 0.0006
vn -0.9588 -0.2840 -0.0003
vn -0.9900 -0.1412 0.0002
vn -0.9958 -0.0912 -0.0045
vn -0.9952 0.0974 -0.0039
vn -0.9900 0.1408 -0.0000
vn -0.9588 0.2840 -0.0000
vn -0.9811 0.1929 -0.0129
vn -0.9569 0.2903 0.0006
vn -0.8850 0.4656 -0.0006
vn -0.7826 0.6225 -0.0008
vn -0.6494 0.7604 -0.0011
vn -0.4924 0.8704 -0.0013
vn -0.1521 0.9884 0.0039
vn -0.1589 0.9873 -0.0000
vn -0.3173 0.9483 -0.0016
vn -0.9899 -0.0000 0.1420
vn -0.9749 -0.0114 0.2225
vn -0.1486 0.0041 0.9889
vn -0.4672 -0.0082 0.8841
vn -0.4339 -0.0000 0.9010
vn -0.6717 -0.0000 0.7408
vn -0.7818 -0.0100 0.6235
vn -0.8197 -0.0000 0.5728
vn -0.9334 -0.0000 0.3588
vn 0.1122 -0.0249 0.9934
vn 0.3460 -0.0000 0.9382
vn 0.4339 -0.0122 0.9009
vn 0.5461 -0.0000 0.8377
vn 0.7306 -0.0000 0.6828
vn 0.7818 -0.0112 0.6235
vn 0.8642 -0.0000 0.5031
vn 0.9588 -0.0000 0.2842
vn 0.9749 -0.0100 0.2225
vn 0.9980 -0.0000 0.0637
vn -0.0000 1.0000 -0.0000
vn -0.9932 -0.0000 -0.1160
vn -0.9744 0.0322 -0.2224
vn -0.7815 0.0305 -0.6232
vn -0.8576 -0.0000 -0.5143
vn -0.9425 -0.0000 -0.3342
vn -0.1731 -0.0000 -0.9849
vn -0.3631 -0.0000 -0.9318
vn -0.4337 0.0276 -0.9006
vn -0.5613 -0.0000 -0.8276
vn -0.7217 -0.0000 -0.6922
vn -0.0616 0.0136 -0.9980
vn -0.0000 0.0301 -0.9995
vn 0.3143 -0.0000 -0.9493
vn 0.4337 0.0297 -0.9006
vn 0.5176 -0.0000 -0.8556
vn 0.9827 0.0228 -0.1837
vn 0.9176 -0.0000 -0.3974
vn 0.7818 -0.0000 -0.6235
vn 0.8145 0.0312 -0.5793
vn 0.6668 -0.0000 -0.7452
vn -0.9979 -0.0000 0.0647
vn 0.9785 -0.0000 0.2062
vn 0.9857 -0.0208 0.1675
vn 0.8243 0.0225 0.5656
vn 0.8345 0.0126 0.5509
vn 0.1229 -0.0000 0.9924
vn 0.3029 -0.0000 0.9530
vn 0.4737 0.0272 0.8803
vn 0.5265 -0.0000 0.8502
vn 0.6913 -0.0000 0.7226
vn -0.6672 -0.0000 0.7449
vn -0.5645 0.0033 0.8254
vn -0.4735 0.0368 0.8800
vn -0.3522 -0.0010 0.9359
vn -0.0000 0.0020 1.0000
vn -0.1186 0.0708 0.9904
vn -0.9857 0.0175 0.1675
vn -0.9687 -0.0044 0.2482
vn -0.8345 0.0097 0.5509
vn -0.8792 0.0623 0.4725
vn -0.7517 -0.0000 0.6595
vn 1.0000 0.0091 -0.0000
vn 0.0872 0.9962 -0.0001
vn 0.0871 -0.9953 -0.0416
vn 0.0382 -0.9992 -0.0105
vn 0.0134 -0.9999 -0.0000
vn 0.1163 -0.9932 0.0028
vn 0.1021 -0.9948 0.0040
vn 0.1399 -0.9902 -0.0053
vn 0.1212 -0.9925 -0.0166
vn 0.1803 -0.9824 0.0488
vn 0.1024 -0.9944 -0.0256
vn 0.0850 -0.9953 -0.0456
vn 0.0872 -0.9962 -0.0000
vn 0.0150 -0.9998 0.0146
vn 0.0409 -0.9991 0.0102
vn 0.1805 -0.9835 -0.0102
vn 0.0666 -0.9977 0.0083
vn 0.0852 -0.9963 0.0059
vn 0.0328 0.9874 -0.1550
vn 0.0693 0.9949 -0.0732
vn 0.1152 0.9931 -0.0226
vn 0.1803 0.9821 0.0548
vn 0.1027 0.9944 -0.0254
vn 0.0922 0.9951 -0.0366
vn 0.1279 0.9917 -0.0123
vn 0.1389 0.9903 -0.0061
vn 0.1487 0.9889 -0.0019
vn 0.1194 0.9928 0.0025
vn 0.1082 0.9941 0.0035
vn 0.0912 0.9958 0.0052
vn 0.0074 1.0000 -0.0000
vn 0.0872 0.9962 0.0014
vn 0.0231 0.9996 0.0133
vn 0.1805 0.9835 -0.0138
vn 0.0475 0.9988 0.0112
vn 0.0723 0.9974 0.0076
vn 1.0000 -0.0052 -0.0000
vn 0.9998 -0.0210 -0.0027
vn 0.9957 -0.0862 -0.0340
vn 0.9942 -0.0612 -0.0889
vn 0.9954 -0.0780 -0.0555
vn 0.9949 -0.0965 -0.0301
vn 0.9943 -0.1048 -0.0220
vn 0.9935 -0.1126 -0.0148
vn 0.9922 -0.1246 -0.0076
vn 0.9914 -0.1304 -0.0053
vn 0.9908 -0.1350 -0.0034
vn 0.9897 -0.1435 -0.0008
vn 0.9919 -0.1268 0.0010
vn 0.9933 -0.1160 0.0017
vn 0.9948 -0.1022 0.0027
vn 0.9959 -0.0901 0.0038
vn 0.9968 -0.0794 0.0049
vn 0.9981 -0.0610 0.0070
vn 0.9993 0.0367 0.0107
vn 0.9991 -0.0414 0.0099
vn 0.9996 -0.0268 0.0123
vn 0.9963 -0.0863 0.0016
vn 1.0000 -0.0090 -0.0000
vn 0.9963 0.0863 -0.0000
vn 0.9999 0.0061 0.0161
vn 0.9997 0.0218 0.0132
vn 0.9984 0.0556 0.0078
vn 0.9970 0.0766 0.0052
vn 0.9962 0.0866 0.0041
vn 0.9952 0.0977 0.0030
vn 0.9937 0.1120 0.0019
vn 0.9930 0.1185 0.0015
vn 0.9904 0.1379 -0.0024
vn 0.9888 0.1493 0.0010
vn 0.9918 0.1277 -0.0062
vn 0.9932 0.1161 -0.0124
vn 0.9941 0.1061 -0.0206
vn 0.9948 0.0976 -0.0292
vn 0.9954 0.0832 -0.0476
vn 0.9954 0.0862 -0.0421
vn 0.9991 0.0412 -0.0121
vn 0.9997 0.0242 -0.0045
vn 0.1262 -0.9920 0.0019
vn 0.1538 -0.9881 -0.0000
vn 0.2656 -0.9641 -0.0000
vn 0.3478 -0.9376 -0.0000
vn 0.4281 -0.9037 -0.0000
vn 0.5045 -0.8634 -0.0000
vn 0.5779 -0.8161 -0.0000
vn 0.6461 -0.7632 -0.0000
vn 0.7102 -0.7040 -0.0000
vn 0.7683 -0.6401 -0.0000
vn 0.8211 -0.5707 -0.0000
vn 0.8673 -0.4978 -0.0000
vn 0.8673 -0.4977 -0.0000
vn 0.9074 -0.4202 -0.0000
vn 0.9403 -0.3404 -0.0000
vn 0.9664 -0.2571 -0.0000
vn 0.9850 -0.1728 -0.0000
vn 0.9849 -0.1729 -0.0000
vn 0.9893 -0.1460 -0.0000
vn 0.9923 0.1236 0.0012
vn 0.9893 0.1459 -0.0000
vn 0.9849 0.1729 -0.0000
vn 0.9850 0.1728 -0.0000
vn 0.9664 0.2571 -0.0000
vn 0.9403 0.3404 -0.0000
vn 0.9074 0.4202 -0.0000
vn 0.8673 0.4977 -0.0000
vn 0.8673 0.4978 -0.0000
vn 0.8211 0.5707 -0.0000
vn 0.7683 0.6401 -0.0000
vn 0.7102 0.7040 -0.0000
vn 0.6461 0.7632 -0.0000
vn 0.5779 0.8161 -0.0000
vn 0.5045 0.8634 -0.0000
vn 0.4281 0.9037 -0.0000
vn 0.3478 0.9376 -0.0000
vn 0.2656 0.9641 -0.0000
vn 0.1522 0.9884 -0.0000
vn 0.1697 0.9855 0.0061
vn -1.0000 -0.0091 -0.0000
vn -0.9999 0.0142 -0.0000
vn -0.0872 -0.9962 -0.0000
vn -0.1324 -0.9912 -0.0098
vn -0.0874 -0.9953 -0.0428
vn -0.1801 -0.9815 0.0655
vn -0.1076 -0.9937 -0.0314
vn -0.1205 -0.9926 -0.0173
vn -0.1245 -0.9922 0.0021
vn -0.1029 -0.9947 0.0039
vn -0.0851 -0.9964 0.0060
vn -0.0640 -0.9979 0.0087
vn -0.1805 -0.9835 -0.0110
vn -0.0382 -0.9992 0.0107
vn -0.0150 -0.9998 0.0146
vn -0.0649 -0.9944 -0.0829
vn -0.0871 -0.9957 -0.0313
vn -0.0134 -0.9999 -0.0000
vn -0.0871 0.9953 -0.0416
vn -0.0400 0.9991 -0.0117
vn -0.0146 0.9999 -0.0000
vn -0.1163 0.9932 0.0027
vn -0.1021 0.9948 0.0040
vn -0.1398 0.9902 -0.0053
vn -0.1212 0.9925 -0.0165
vn -0.1803 0.9824 0.0486
vn -0.1049 0.9942 -0.0232
vn -0.0874 0.9953 -0.0411
vn -0.0872 0.9962 -0.0000
vn -0.0150 0.9998 0.0146
vn -0.0409 0.9991 0.0102
vn -0.1805 0.9835 -0.0101
vn -0.0666 0.9977 0.0083
vn -0.0852 0.9963 0.0059
vn -0.9732 -0.2288 0.0243
vn -0.9664 -0.2571 -0.0006
vn -0.9782 -0.2039 0.0404
vn -0.9758 -0.2162 0.0314
vn -0.9701 -0.2421 0.0172
vn -0.9652 -0.2612 0.0100
vn -0.9626 -0.2707 0.0074
vn -0.9604 -0.2786 0.0053
vn -0.9567 -0.2912 0.0030
vn -0.9549 -0.2970 0.0020
vn -0.9532 -0.3024 -0.0009
vn -0.9567 -0.2912 -0.0019
vn -0.9603 -0.2791 -0.0031
vn -0.9631 -0.2690 -0.0046
vn -0.9658 -0.2592 -0.0061
vn -0.9703 -0.2416 -0.0095
vn -1.0000 -0.0074 -0.0000
vn -0.9996 -0.0286 0.0017
vn -0.9961 -0.0871 0.0160
vn -0.9976 -0.0567 0.0389
vn -0.9962 -0.0846 0.0206
vn -0.9930 -0.1178 0.0076
vn -0.9907 -0.1361 0.0034
vn -0.9878 -0.1559 0.0001
vn -0.9895 0.1446 0.0018
vn -0.9919 0.1267 0.0054
vn -0.9950 0.0984 0.0141
vn -0.9960 0.0871 0.0204
vn -0.9980 0.0626 0.0105
vn -0.9992 0.0390 0.0041
vn -0.9720 0.2349 -0.0110
vn -0.9665 0.2567 -0.0065
vn -0.9615 0.2748 -0.0037
vn -0.9576 0.2881 -0.0022
vn -0.9283 0.3718 -0.0072
vn -0.9524 0.3050 0.0010
vn -0.9557 0.2943 0.0025
vn -0.9592 0.2828 0.0045
vn -0.9616 0.2744 0.0065
vn -0.9641 0.2653 0.0088
vn -0.9686 0.2483 0.0146
vn -0.9721 0.2337 0.0216
vn -0.9748 0.2211 0.0285
vn -0.9664 0.2571 0.0041
vn -0.9837 0.1800 -0.0000
vn -0.9867 0.1627 0.0001
vn -1.0000 0.0052 -0.0000
vn -0.9998 0.0210 -0.0027
vn -0.9956 0.0871 -0.0344
vn -0.9940 0.0618 -0.0907
vn -0.9953 0.0786 -0.0568
vn -0.9948 0.0971 -0.0309
vn -0.9942 0.1054 -0.0227
vn -0.9935 0.1132 -0.0153
vn -0.9921 0.1253 -0.0079
vn -0.9914 0.1311 -0.0055
vn -0.9907 0.1357 -0.0035
vn -0.9895 0.1444 -0.0008
vn -0.9892 0.1466 -0.0001
vn -0.9664 0.2571 0.0003
vn -0.9811 0.1920 -0.0242
vn -0.9779 0.2083 -0.0183
vn -0.9908 0.1350 0.0020
vn -0.9923 0.1235 0.0046
vn -0.9939 0.1104 0.0083
vn -0.9950 0.0992 0.0127
vn -0.9959 0.0893 0.0172
vn -0.9843 0.1740 -0.0295
vn -0.9997 0.0248 0.0022
vn -0.9986 0.0528 -0.0019
vn -0.9993 0.0385 0.0013
vn -0.9968 0.0795 -0.0027
vn -0.9982 0.0599 0.0051
vn -0.9927 0.1201 -0.0074
vn -0.9891 0.1459 -0.0176
vn -0.9903 -0.1387 -0.0025
vn -0.9878 -0.1537 -0.0228
vn -0.9918 -0.1272 -0.0121
vn -0.9983 -0.0569 0.0105
vn -0.9952 -0.0973 -0.0111
vn -0.9994 -0.0352 0.0055
vn -0.9983 -0.0583 -0.0027
vn -0.9998 -0.0199 0.0019
vn -0.9993 -0.0361 -0.0026
vn -1.0000 -0.0055 0.0023
vn -0.9999 -0.0142 0.0001
vn -1.0000 0.0090 0.0001
vn -1.0000 0.0075 -0.0002
vn -0.9995 0.0310 0.0006
vn -0.9809 -0.1901 -0.0416
vn -0.9961 -0.0867 0.0185
vn -0.9953 -0.0961 0.0142
vn -0.9943 -0.1062 0.0098
vn -0.9928 -0.1197 0.0056
vn -0.9920 -0.1260 0.0041
vn -0.9887 -0.1501 0.0010
vn -0.9913 -0.1317 0.0027
vn -0.9892 -0.1465 -0.0001
vn -0.9837 -0.1800 -0.0000
vn -0.9664 -0.2571 -0.0020
vn -0.9776 -0.2097 -0.0181
vn -0.9746 -0.2235 -0.0141
vn -0.9917 -0.1284 -0.0065
vn -0.9931 -0.1168 -0.0128
vn -0.9941 -0.1067 -0.0213
vn -0.9947 -0.0982 -0.0300
vn -0.9953 -0.0838 -0.0487
vn -0.9953 -0.0871 -0.0427
vn -0.9991 -0.0412 -0.0121
vn -0.9997 -0.0242 -0.0045
vn -0.1262 0.9920 0.0019
vn -0.1538 0.9881 -0.0000
vn -0.2656 0.9641 -0.0000
vn -0.3478 0.9376 -0.0000
vn -0.4281 0.9037 -0.0000
vn -0.5045 0.8634 -0.0000
vn -0.5779 0.8161 -0.0000
vn -0.6461 0.7632 -0.0000
vn -0.7102 0.7040 -0.0000
vn -0.7683 0.6401 -0.0000
vn -0.8211 0.5707 -0.0000
vn -0.8673 0.4978 -0.0000
vn -0.8673 0.4977 -0.0000
vn -0.9074 0.4202 -0.0000
vn -0.9403 0.3404 -0.0000
vn -0.9501 0.3118 -0.0000
vn -0.9550 0.2965 -0.0015
vn -0.9532 -0.3025 0.0013
vn -0.9496 -0.3135 -0.0000
vn -0.9403 -0.3404 -0.0000
vn -0.9074 -0.4202 -0.0000
vn -0.8673 -0.4977 -0.0000
vn -0.8673 -0.4978 -0.0000
vn -0.8211 -0.5707 -0.0000
vn -0.7683 -0.6401 -0.0000
vn -0.7102 -0.7040 -0.0000
vn -0.6461 -0.7632 -0.0000
vn -0.5779 -0.8161 -0.0000
vn -0.5045 -0.8634 -0.0000
vn -0.4281 -0.9037 -0.0000
vn -0.3478 -0.9376 -0.0000
vn -0.2656 -0.9641 -0.0000
vn -0.1538 -0.9881 -0.0000
vn -0.1413 -0.9900 -0.0048
vn -0.0617 0.7058 0.7058
vn -0.1277 0.6955 0.7071
vn -0.1783 0.6654 0.7248
vn -0.1881 0.6828 0.7060
vn -0.2459 0.6630 0.7071
vn -0.2921 0.6264 0.7227
vn -0.3032 0.6401 0.7059
vn -0.3568 0.6105 0.7071
vn -0.3977 0.5680 0.7205
vn -0.4093 0.5781 0.7059
vn -0.4569 0.5397 0.7071
vn -0.4920 0.4920 0.7183
vn -0.5030 0.4987 0.7059
vn -0.5433 0.4526 0.7071
vn -0.5719 0.4005 0.7159
vn -0.5817 0.4043 0.7059
vn -0.6133 0.3519 0.7071
vn -0.6350 0.2961 0.7135
vn -0.6428 0.2977 0.7058
vn -0.6649 0.2407 0.7071
vn -0.6792 0.1820 0.7110
vn -0.6846 0.1822 0.7058
vn -0.7058 0.0617 0.7058
vn -0.7058 -0.0617 0.7058
vn -0.6846 -0.1822 0.7058
vn -0.6792 -0.1820 0.7110
vn -0.6649 -0.2407 0.7071
vn -0.6428 -0.2977 0.7058
vn -0.6350 -0.2961 0.7135
vn -0.6133 -0.3519 0.7071
vn -0.5817 -0.4043 0.7059
vn -0.5719 -0.4005 0.7159
vn -0.5432 -0.4526 0.7071
vn -0.5030 -0.4987 0.7059
vn -0.4920 -0.4920 0.7183
vn -0.4569 -0.5397 0.7071
vn -0.4093 -0.5781 0.7059
vn -0.3977 -0.5680 0.7205
vn -0.3567 -0.6105 0.7071
vn -0.3032 -0.6401 0.7059
vn -0.2921 -0.6264 0.7227
vn -0.2459 -0.6630 0.7071
vn -0.1881 -0.6828 0.7060
vn -0.1783 -0.6654 0.7249
vn -0.1277 -0.6955 0.7071
vn -0.0617 -0.7058 0.7058
s 0
f 1//1 2//1 3//1
f 4//2 5//2 6//2
f 6//3 5//3 7//3
f 6//4 7//4 8//4
f 8//5 7//5 9//5
f 9//6 7//6 10//6
f 9//7 10//7 11//7
f 12//8 13//8 14//8
f 14//9 13//9 15//9
f 14//10 15//10 10//10
f 10//11 15//11 16//11
f 10//12 16//12 11//12
f 17//13 18//13 14//13
f 14//14 18//14 19//14
f 14//15 19//15 12//15
f 2//16 20//16 3//16
f 3//17 20//17 21//17
f 3//18 21//18 17//18
f 17//19 21//19 22//19
f 17//20 22//20 18//20
f 23//21 24//21 25//21
f 23//22 25//22 26//22
f 25//23 27//23 26//23
f 26//24 27//24 28//24
f 26//25 28//25 3//25
f 3//26 28//26 29//26
f 3//27 29//27 1//27
f 30//28 31//28 32//28
f 5//29 4//29 33//29
f 5//30 33//30 34//30
f 35//31 36//31 37//31
f 35//32 37//32 23//32
f 23//33 37//33 24//33
f 36//34 35//34 38//34
f 38//35 35//35 39//35
f 38//36 39//36 40//36
f 41//37 42//37 39//37
f 39//38 42//38 43//38
f 39//39 43//39 40//39
f 44//40 45//40 46//40
f 46//41 45//41 47//41
f 46//42 47//42 41//42
f 41//43 47//43 48//43
f 41//44 48//44 42//44
f 31//45 49//45 32//45
f 32//46 49//46 50//46
f 32//47 50//47 46//47
f 46//48 50//48 51//48
f 46//49 51//49 44//49
f 33//50 52//50 34//50
f 34//51 52//51 53//51
f 34//52 53//52 32//52
f 32//53 53//53 54//53
f 32//54 54//54 30//54
f 55//55 5//55 56//55
f 56//55 5//55 34//55
f 56//55 34//55 57//55
f 57//55 34//55 32//55
f 57//55 32//55 58//55
f 58//55 32//55 46//55
f 58//55 46//55 59//55
f 59//55 46//55 41//55
f 59//55 41//55 60//55
f 60//55 41//55 39//55
f 60//55 39//55 61//55
f 61//55 39//55 35//55
f 61//55 35//55 62//55
f 62//55 35//55 23//55
f 62//55 23//55 63//55
f 63//55 23//55 26//55
f 63//55 26//55 64//55
f 64//55 26//55 3//55
f 64//55 3//55 65//55
f 65//55 3//55 17//55
f 65//55 17//55 66//55
f 66//55 17//55 14//55
f 66//55 14//55 67//55
f 67//55 14//55 10//55
f 67//55 10//55 68//55
f 68//55 10//55 7//55
f 68//55 7//55 55//55
f 55//55 7//55 5//55
f 69//56 70//56 65//56
f 65//57 70//57 71//57
f 65//58 71//58 64//58
f 64//59 71//59 72//59
f 64//60 72//60 63//60
f 63//61 72//61 73//61
f 63//62 73//62 62//62
f 74//63 75//63 66//63
f 66//64 75//64 76//64
f 66//65 76//65 65//65
f 65//66 76//66 77//66
f 65//67 77//67 69//67
f 66//68 67//68 74//68
f 74//69 67//69 68//69
f 74//70 68//70 78//70
f 78//71 68//71 79//71
f 79//72 68//72 55//72
f 79//73 55//73 80//73
f 80//74 55//74 81//74
f 81//75 55//75 56//75
f 81//76 56//76 82//76
f 82//77 56//77 57//77
f 82//78 57//78 83//78
f 84//79 85//79 58//79
f 58//80 85//80 86//80
f 58//81 86//81 57//81
f 57//82 86//82 87//82
f 57//83 87//83 83//83
f 84//84 58//84 88//84
f 88//85 58//85 59//85
f 88//86 59//86 89//86
f 89//87 59//87 60//87
f 89//88 60//88 90//88
f 90//89 60//89 91//89
f 91//90 60//90 61//90
f 91//91 61//91 92//91
f 92//92 61//92 93//92
f 93//93 61//93 62//93
f 93//94 62//94 73//94
f 94//95 95//95 96//95
f 97//96 98//96 99//96
f 99//97 98//97 100//97
f 99//98 100//98 101//98
f 101//99 100//99 102//99
f 102//100 100//100 103//100
f 102//101 103//101 104//101
f 105//102 106//102 107//102
f 107//103 106//103 108//103
f 107//104 108//104 103//104
f 103//105 108//105 109//105
f 103//106 109//106 104//106
f 110//107 111//107 107//107
f 107//108 111//108 112//108
f 107//109 112//109 105//109
f 95//110 113//110 96//110
f 96//111 113//111 114//111
f 96//112 114//112 110//112
f 110//113 114//113 115//113
f 110//114 115//114 111//114
f 116//115 117//115 118//115
f 116//116 118//116 119//116
f 118//117 120//117 119//117
f 119//118 120//118 121//118
f 119//119 121//119 96//119
f 96//120 121//120 122//120
f 96//121 122//121 94//121
f 123//122 124//122 125//122
f 98//123 97//123 126//123
f 98//124 126//124 127//124
f 128//125 129//125 130//125
f 128//126 130//126 116//126
f 116//127 130//127 117//127
f 129//128 128//128 131//128
f 131//129 128//129 132//129
f 131//130 132//130 133//130
f 134//131 135//131 132//131
f 132//132 135//132 136//132
f 132//133 136//133 133//133
f 137//134 138//134 139//134
f 139//135 138//135 140//135
f 139//136 140//136 134//136
f 134//137 140//137 141//137
f 134//138 141//138 135//138
f 124//139 142//139 125//139
f 125//140 142//140 143//140
f 125//141 143//141 139//141
f 139//142 143//142 144//142
f 139//143 144//143 137//143
f 126//144 145//144 127//144
f 127//145 145//145 146//145
f 127//146 146//146 125//146
f 125//147 146//147 147//147
f 125//148 147//148 123//148
f 148//149 98//149 149//149
f 149//149 98//149 127//149
f 149//149 127//149 150//149
f 150//149 127//149 125//149
f 150//149 125//149 151//149
f 151//149 125//149 139//149
f 151//149 139//149 152//149
f 152//149 139//149 134//149
f 152//149 134//149 153//149
f 153//149 134//149 132//149
f 153//149 132//149 154//149
f 154//149 132//149 128//149
f 154//149 128//149 155//149
f 155//149 128//149 116//149
f 155//149 116//149 156//149
f 156//149 116//149 119//149
f 156//149 119//149 157//149
f 157//149 119//149 96//149
f 157//149 96//149 158//149
f 158//149 96//149 110//149
f 158//149 110//149 159//149
f 159//149 110//149 107//149
f 159//149 107//149 160//149
f 160//149 107//149 103//149
f 160//149 103//149 161//149
f 161//149 103//149 100//149
f 161//149 100//149 148//149
f 148//149 100//149 98//149
f 162//150 163//150 158//150
f 158//151 163//151 164//151
f 158//152 164//152 157//152
f 157//153 164//153 165//153
f 157//154 165//154 156//154
f 156//155 165//155 166//155
f 156//156 166//156 155//156
f 167//157 168//157 159//157
f 159//158 168//158 169//158
f 159//159 169//159 158//159
f 158//160 169//160 170//160
f 158//161 170//161 162//161
f 159//162 160//162 167//162
f 167//163 160//163 161//163
f 167//164 161//164 171//164
f 171//165 161//165 172//165
f 172//166 161//166 148//166
f 172//167 148//167 173//167
f 173//168 148//168 174//168
f 174//169 148//169 149//169
f 174//170 149//170 175//170
f 175//171 149//171 150//171
f 175//172 150//172 176//172
f 177//173 178//173 151//173
f 151//174 178//174 179//174
f 151//175 179//175 150//175
f 150//176 179//176 180//176
f 150//177 180//177 176//177
f 177//178 151//178 181//178
f 181//179 151//179 152//179
f 181//180 152//180 182//180
f 182//181 152//181 153//181
f 182//182 153//182 183//182
f 183//183 153//183 184//183
f 184//184 153//184 154//184
f 184//185 154//185 185//185
f 185//186 154//186 186//186
f 186//187 154//187 155//187
f 186//188 155//188 166//188
f 187//189 188//189 189//189
f 189//190 188//190 190//190
f 189//191 190//191 191//191
f 191//192 190//192 192//192
f 192//193 190//193 193//193
f 192//194 193//194 194//194
f 194//195 193//195 195//195
f 195//196 193//196 196//196
f 195//197 196//197 197//197
f 198//198 199//198 200//198
f 200//199 201//199 198//199
f 198//200 201//200 202//200
f 198//201 202//201 196//201
f 196//202 202//202 203//202
f 196//203 203//203 197//203
f 204//204 205//204 198//204
f 198//205 205//205 206//205
f 198//206 206//206 199//206
f 207//207 208//207 209//207
f 209//208 210//208 207//208
f 207//209 210//209 211//209
f 207//210 211//210 204//210
f 204//211 211//211 212//211
f 204//212 212//212 205//212
f 213//213 214//213 207//213
f 207//214 214//214 215//214
f 207//215 215//215 208//215
f 216//216 217//216 213//216
f 213//217 217//217 218//217
f 213//218 218//218 214//218
f 219//219 220//219 221//219
f 221//220 220//220 222//220
f 221//221 222//221 223//221
f 219//222 224//222 220//222
f 220//223 224//223 225//223
f 220//224 225//224 213//224
f 213//225 225//225 226//225
f 213//226 226//226 216//226
f 227//227 228//227 229//227
f 229//228 230//228 227//228
f 227//229 230//229 231//229
f 227//230 231//230 222//230
f 222//231 231//231 232//231
f 222//232 232//232 223//232
f 229//233 228//233 233//233
f 233//234 228//234 234//234
f 235//235 236//235 237//235
f 237//236 236//236 238//236
f 237//237 238//237 234//237
f 234//238 238//238 239//238
f 234//239 239//239 233//239
f 235//240 237//240 240//240
f 240//241 237//241 241//241
f 240//242 241//242 242//242
f 243//243 244//243 245//243
f 245//244 244//244 246//244
f 245//245 246//245 241//245
f 241//246 246//246 247//246
f 241//247 247//247 242//247
f 248//248 249//248 245//248
f 245//249 249//249 250//249
f 245//250 250//250 243//250
f 251//251 252//251 248//251
f 248//252 252//252 253//252
f 248//253 253//253 249//253
f 251//254 248//254 254//254
f 254//255 248//255 255//255
f 254//256 255//256 256//256
f 257//257 258//257 255//257
f 255//258 258//258 259//258
f 255//259 259//259 256//259
f 260//260 261//260 257//260
f 257//261 261//261 262//261
f 257//262 262//262 258//262
f 263//263 264//263 265//263
f 265//264 266//264 263//264
f 263//265 266//265 267//265
f 263//266 267//266 257//266
f 257//267 267//267 268//267
f 257//268 268//268 260//268
f 269//269 270//269 264//269
f 264//270 270//270 271//270
f 264//271 271//271 265//271
f 264//272 272//272 269//272
f 269//273 272//273 188//273
f 269//274 188//274 187//274
f 273//149 248//149 274//149
f 274//149 248//149 245//149
f 274//149 245//149 275//149
f 275//149 245//149 241//149
f 275//149 241//149 276//149
f 276//149 241//149 237//149
f 276//149 237//149 277//149
f 277//149 237//149 234//149
f 277//149 234//149 278//149
f 278//149 234//149 228//149
f 278//149 228//149 279//149
f 279//149 228//149 227//149
f 279//149 227//149 280//149
f 280//149 227//149 222//149
f 280//149 222//149 281//149
f 281//149 222//149 220//149
f 281//149 220//149 282//149
f 282//149 220//149 213//149
f 282//149 213//149 283//149
f 213//149 207//149 283//149
f 283//149 207//149 204//149
f 283//149 204//149 284//149
f 284//149 204//149 198//149
f 284//149 198//149 285//149
f 285//149 198//149 196//149
f 285//149 196//149 286//149
f 286//149 196//149 193//149
f 286//149 193//149 287//149
f 287//149 193//149 190//149
f 287//149 190//149 288//149
f 288//149 190//149 188//149
f 288//149 188//149 289//149
f 289//149 188//149 272//149
f 289//149 272//149 290//149
f 290//149 272//149 264//149
f 290//149 264//149 291//149
f 291//149 264//149 263//149
f 291//149 263//149 292//149
f 292//149 263//149 257//149
f 292//149 257//149 273//149
f 273//149 257//149 255//149
f 273//149 255//149 248//149
f 293//275 294//275 285//275
f 295//276 296//276 281//276
f 297//277 278//277 298//277
f 298//278 278//278 279//278
f 280//279 299//279 279//279
f 279//280 299//280 300//280
f 279//281 300//281 298//281
f 296//282 301//282 281//282
f 281//283 301//283 302//283
f 281//284 302//284 280//284
f 280//285 302//285 303//285
f 280//286 303//286 299//286
f 282//287 304//287 305//287
f 282//288 305//288 281//288
f 281//289 305//289 306//289
f 281//290 306//290 295//290
f 307//291 308//291 283//291
f 283//292 308//292 309//292
f 283//293 309//293 282//293
f 282//294 309//294 310//294
f 282//295 310//295 304//295
f 284//296 311//296 312//296
f 284//297 312//297 283//297
f 283//298 312//298 313//298
f 283//299 313//299 307//299
f 294//300 314//300 285//300
f 285//301 314//301 315//301
f 285//302 315//302 284//302
f 284//303 315//303 316//303
f 284//304 316//304 311//304
f 293//305 285//305 317//305
f 317//306 285//306 286//306
f 317//307 286//307 318//307
f 318//308 286//308 319//308
f 319//309 286//309 287//309
f 319//310 287//310 320//310
f 320//311 287//311 321//311
f 321//312 287//312 288//312
f 321//313 288//313 322//313
f 323//314 324//314 275//314
f 325//315 326//315 291//315
f 278//316 297//316 327//316
f 278//317 327//317 277//317
f 289//318 328//318 288//318
f 288//319 328//319 329//319
f 288//320 329//320 322//320
f 290//321 330//321 289//321
f 289//322 330//322 331//322
f 289//323 331//323 328//323
f 326//324 332//324 291//324
f 291//325 332//325 333//325
f 291//326 333//326 290//326
f 290//327 333//327 334//327
f 290//328 334//328 330//328
f 292//329 335//329 336//329
f 292//330 336//330 291//330
f 291//331 336//331 337//331
f 291//332 337//332 325//332
f 338//333 339//333 273//333
f 273//334 339//334 340//334
f 273//335 340//335 292//335
f 292//336 340//336 341//336
f 292//337 341//337 335//337
f 274//338 342//338 343//338
f 274//339 343//339 273//339
f 273//340 343//340 344//340
f 273//341 344//341 338//341
f 324//342 345//342 275//342
f 275//343 345//343 346//343
f 275//344 346//344 274//344
f 274//345 346//345 347//345
f 274//346 347//346 342//346
f 323//347 275//347 348//347
f 348//348 275//348 276//348
f 348//349 276//349 349//349
f 327//350 350//350 277//350
f 277//351 350//351 351//351
f 277//352 351//352 276//352
f 276//353 351//353 352//353
f 276//354 352//354 349//354
f 353//355 354//355 355//355
f 355//355 356//355 353//355
f 353//356 356//356 357//356
f 353//357 357//357 358//357
f 357//358 359//358 358//358
f 358//359 359//359 360//359
f 358//360 360//360 361//360
f 360//361 362//361 361//361
f 361//362 362//362 363//362
f 361//363 363//363 364//363
f 363//364 365//364 364//364
f 364//365 365//365 366//365
f 364//366 366//366 367//366
f 366//367 368//367 367//367
f 367//368 368//368 369//368
f 367//369 369//369 370//369
f 370//370 369//370 371//370
f 370//371 371//371 372//371
f 371//371 373//371 372//371
f 372//372 373//372 374//372
f 372//373 374//373 375//373
f 375//374 374//374 376//374
f 375//375 376//375 377//375
f 377//375 376//375 378//375
f 377//376 378//376 379//376
f 379//376 378//376 380//376
f 379//377 380//377 381//377
f 380//378 382//378 381//378
f 381//379 382//379 383//379
f 381//380 383//380 384//380
f 383//381 385//381 384//381
f 384//382 385//382 386//382
f 384//383 386//383 387//383
f 386//384 388//384 387//384
f 387//385 388//385 389//385
f 387//386 389//386 390//386
f 389//387 391//387 390//387
f 390//388 391//388 392//388
f 390//389 392//389 393//389
f 394//390 395//390 396//390
f 396//390 395//390 393//390
f 396//391 393//391 397//391
f 397//392 393//392 392//392
f 398//393 399//393 400//393
f 398//393 400//393 401//393
f 401//394 400//394 402//394
f 401//395 402//395 403//395
f 402//396 404//396 403//396
f 403//397 404//397 405//397
f 403//398 405//398 406//398
f 405//399 407//399 406//399
f 406//400 407//400 408//400
f 406//401 408//401 409//401
f 408//402 410//402 409//402
f 409//403 410//403 411//403
f 409//404 411//404 412//404
f 411//405 413//405 412//405
f 412//406 413//406 414//406
f 412//407 414//407 415//407
f 414//408 416//408 415//408
f 415//409 416//409 417//409
f 415//410 417//410 418//410
f 417//411 419//411 418//411
f 418//412 419//412 420//412
f 418//413 420//413 421//413
f 420//414 422//414 421//414
f 421//415 422//415 423//415
f 421//415 423//415 424//415
f 424//416 423//416 425//416
f 424//416 425//416 426//416
f 426//417 425//417 427//417
f 426//418 427//418 428//418
f 427//419 429//419 428//419
f 428//420 429//420 430//420
f 428//421 430//421 431//421
f 430//422 432//422 431//422
f 431//423 432//423 433//423
f 431//424 433//424 434//424
f 433//425 435//425 434//425
f 434//426 435//426 436//426
f 434//427 436//427 437//427
f 436//428 438//428 437//428
f 437//429 438//429 439//429
f 437//430 439//430 440//430
f 439//431 441//431 440//431
f 440//432 441//432 442//432
f 440//433 442//433 443//433
f 442//434 444//434 443//434
f 443//435 444//435 445//435
f 443//436 445//436 446//436
f 445//437 447//437 446//437
f 446//438 447//438 448//438
f 446//438 448//438 449//438
f 449//439 448//439 450//439
f 449//439 450//439 451//439
f 451//440 450//440 452//440
f 451//441 452//441 453//441
f 452//442 454//442 453//442
f 453//443 454//443 455//443
f 453//444 455//444 456//444
f 455//445 457//445 456//445
f 456//446 457//446 458//446
f 456//447 458//447 459//447
f 458//448 460//448 459//448
f 459//449 460//449 461//449
f 459//450 461//450 462//450
f 461//451 463//451 462//451
f 462//452 463//452 464//452
f 462//453 464//453 465//453
f 464//454 466//454 465//454
f 465//455 466//455 467//455
f 465//456 467//456 468//456
f 467//457 469//457 468//457
f 468//458 469//458 470//458
f 468//459 470//459 471//459
f 470//460 472//460 471//460
f 471//461 472//461 473//461
f 471//462 473//462 474//462
f 473//463 475//463 474//463
f 474//464 475//464 476//464
f 474//465 476//465 477//465
f 476//466 478//466 477//466
f 477//467 478//467 479//467
f 477//468 479//468 480//468
f 479//469 481//469 480//469
f 480//470 481//470 482//470
f 480//471 482//471 483//471
f 482//472 484//472 483//472
f 483//473 484//473 485//473
f 483//474 485//474 486//474
f 485//475 487//475 486//475
f 486//476 487//476 488//476
f 486//477 488//477 489//477
f 488//478 490//478 489//478
f 489//479 490//479 491//479
f 489//480 491//480 492//480
f 491//481 493//481 492//481
f 492//482 493//482 494//482
f 492//483 494//483 495//483
f 494//484 496//484 495//484
f 495//485 496//485 497//485
f 495//486 497//486 498//486
f 497//487 499//487 498//487
f 498//488 499//488 399//488
f 498//488 399//488 398//488
f 500//489 434//489 501//489
f 501//489 434//489 437//489
f 501//489 437//489 502//489
f 502//489 437//489 440//489
f 502//489 440//489 503//489
f 503//489 440//489 443//489
f 503//489 443//489 504//489
f 504//489 443//489 446//489
f 504//489 446//489 395//489
f 395//489 446//489 449//489
f 395//489 449//489 393//489
f 393//489 449//489 451//489
f 393//489 451//489 390//489
f 390//489 451//489 453//489
f 390//489 453//489 387//489
f 387//489 453//489 456//489
f 387//489 456//489 384//489
f 456//489 459//489 384//489
f 384//489 459//489 462//489
f 384//489 462//489 381//489
f 381//489 462//489 465//489
f 381//489 465//489 379//489
f 379//489 465//489 468//489
f 379//489 468//489 377//489
f 377//489 468//489 471//489
f 377//489 471//489 375//489
f 375//489 471//489 474//489
f 375//489 474//489 372//489
f 372//489 474//489 477//489
f 372//489 477//489 370//489
f 370//489 477//489 480//489
f 370//489 480//489 367//489
f 367//489 480//489 483//489
f 367//489 483//489 364//489
f 483//489 486//489 364//489
f 364//489 486//489 489//489
f 364//489 489//489 361//489
f 361//489 489//489 492//489
f 361//489 492//489 358//489
f 358//489 492//489 495//489
f 358//489 495//489 353//489
f 353//489 495//489 498//489
f 353//489 498//489 354//489
f 354//489 498//489 398//489
f 354//489 398//489 505//489
f 505//489 398//489 401//489
f 505//489 401//489 506//489
f 506//489 401//489 403//489
f 506//489 403//489 507//489
f 507//489 403//489 406//489
f 507//489 406//489 508//489
f 406//489 409//489 508//489
f 508//489 409//489 412//489
f 508//489 412//489 509//489
f 509//489 412//489 415//489
f 509//489 415//489 510//489
f 510//489 415//489 418//489
f 510//489 418//489 511//489
f 511//489 418//489 421//489
f 511//489 421//489 512//489
f 512//489 421//489 424//489
f 512//489 424//489 513//489
f 513//489 424//489 426//489
f 513//489 426//489 514//489
f 514//489 426//489 428//489
f 514//489 428//489 500//489
f 500//489 428//489 431//489
f 500//489 431//489 434//489
f 504//490 395//490 394//490
f 394//490 515//490 504//490
f 504//491 515//491 516//491
f 504//492 516//492 503//492
f 516//493 517//493 503//493
f 503//494 517//494 518//494
f 503//495 518//495 502//495
f 518//496 519//496 502//496
f 502//497 519//497 520//497
f 502//498 520//498 501//498
f 520//499 521//499 501//499
f 501//500 521//500 522//500
f 501//501 522//501 500//501
f 522//502 523//502 500//502
f 500//503 523//503 524//503
f 500//504 524//504 514//504
f 514//505 524//505 525//505
f 514//506 525//506 513//506
f 525//506 526//506 513//506
f 513//507 526//507 527//507
f 513//508 527//508 512//508
f 512//509 527//509 528//509
f 512//510 528//510 511//510
f 511//510 528//510 529//510
f 511//511 529//511 510//511
f 510//511 529//511 530//511
f 510//512 530//512 509//512
f 530//513 531//513 509//513
f 509//514 531//514 532//514
f 509//515 532//515 508//515
f 532//516 533//516 508//516
f 508//517 533//517 534//517
f 508//518 534//518 507//518
f 534//519 535//519 507//519
f 507//520 535//520 536//520
f 507//521 536//521 506//521
f 536//522 537//522 506//522
f 506//523 537//523 538//523
f 506//524 538//524 505//524
f 355//525 354//525 539//525
f 539//525 354//525 505//525
f 539//526 505//526 540//526
f 540//527 505//527 538//527
f 541//528 542//528 543//528
f 543//529 542//529 544//529
f 544//530 542//530 545//530
f 545//531 542//531 546//531
f 545//532 546//532 547//532
f 547//533 546//533 548//533
f 548//534 546//534 549//534
f 548//535 549//535 550//535
f 550//536 549//536 551//536
f 551//537 549//537 552//537
f 551//538 552//538 553//538
f 553//539 552//539 554//539
f 554//540 552//540 555//540
f 554//541 555//541 556//541
f 557//542 558//542 559//542
f 559//543 560//543 557//543
f 557//544 560//544 561//544
f 557//545 561//545 555//545
f 555//546 561//546 562//546
f 555//547 562//547 556//547
f 558//548 563//548 559//548
f 559//549 563//549 564//549
f 564//550 563//550 565//550
f 565//551 563//551 566//551
f 565//552 566//552 567//552
f 567//553 566//553 568//553
f 568//554 566//554 569//554
f 568//555 569//555 570//555
f 570//556 569//556 571//556
f 571//557 569//557 572//557
f 571//558 572//558 573//558
f 573//559 572//559 574//559
f 574//560 572//560 575//560
f 574//561 575//561 576//561
f 577//562 541//562 543//562
f 543//563 578//563 577//563
f 577//564 578//564 579//564
f 577//565 579//565 575//565
f 575//566 579//566 580//566
f 575//567 580//567 576//567
f 581//568 569//568 582//568
f 582//568 569//568 566//568
f 582//568 566//568 583//568
f 583//568 566//568 563//568
f 583//568 563//568 584//568
f 584//568 563//568 558//568
f 584//568 558//568 585//568
f 585//568 558//568 557//568
f 585//568 557//568 586//568
f 586//568 557//568 555//568
f 586//568 555//568 587//568
f 555//568 552//568 587//568
f 587//568 552//568 549//568
f 587//568 549//568 588//568
f 588//568 549//568 546//568
f 588//568 546//568 589//568
f 589//568 546//568 542//568
f 589//568 542//568 590//568
f 590//568 542//568 541//568
f 590//568 541//568 591//568
f 591//568 541//568 577//568
f 591//568 577//568 592//568
f 592//568 577//568 575//568
f 592//568 575//568 581//568
f 581//568 575//568 572//568
f 581//568 572//568 569//568
f 593//569 584//569 594//569
f 594//570 584//570 585//570
f 594//571 585//571 595//571
f 595//572 585//572 596//572
f 596//573 585//573 586//573
f 596//574 586//574 597//574
f 597//575 586//575 598//575
f 598//576 586//576 587//576
f 598//577 587//577 599//577
f 599//578 587//578 600//578
f 600//579 587//579 588//579
f 600//580 588//580 601//580
f 601//581 588//581 602//581
f 602//582 588//582 589//582
f 602//583 589//583 603//583
f 603//584 589//584 604//584
f 604//585 589//585 590//585
f 604//586 590//586 605//586
f 605//587 590//587 606//587
f 606//588 590//588 591//588
f 606//589 591//589 607//589
f 607//590 591//590 608//590
f 608//591 591//591 592//591
f 608//592 592//592 609//592
f 609//593 592//593 610//593
f 610//594 592//594 581//594
f 610//595 581//595 611//595
f 611//596 581//596 612//596
f 612//597 581//597 582//597
f 612//598 582//598 613//598
f 613//599 582//599 614//599
f 614//600 582//600 583//600
f 614//601 583//601 615//601
f 615//602 583//602 616//602
f 616//603 583//603 584//603
f 616//604 584//604 593//604
f 617//605 618//605 619//605
f 619//606 618//606 620//606
f 619//607 620//607 621//607
f 620//608 622//608 621//608
f 621//609 622//609 623//609
f 621//610 623//610 624//610
f 624//611 623//611 625//611
f 625//612 623//612 626//612
f 625//613 626//613 627//613
f 627//614 626//614 628//614
f 627//615 628//615 629//615
f 629//616 628//616 630//616
f 629//617 630//617 631//617
f 630//618 632//618 631//618
f 631//619 632//619 633//619
f 631//620 633//620 634//620
f 634//621 633//621 635//621
f 634//622 635//622 636//622
f 636//623 635//623 637//623
f 635//624 638//624 637//624
f 637//625 638//625 639//625
f 637//626 639//626 640//626
f 641//627 642//627 643//627
f 643//628 642//628 640//628
f 643//629 640//629 644//629
f 644//630 640//630 639//630
f 642//631 641//631 645//631
f 645//632 641//632 646//632
f 645//633 646//633 647//633
f 647//634 646//634 648//634
f 646//635 649//635 648//635
f 648//636 649//636 650//636
f 648//637 650//637 651//637
f 651//638 650//638 652//638
f 652//639 650//639 653//639
f 652//640 653//640 654//640
f 654//641 653//641 655//641
f 654//642 655//642 656//642
f 656//643 655//643 657//643
f 656//644 657//644 658//644
f 657//645 659//645 658//645
f 658//646 659//646 660//646
f 658//647 660//647 661//647
f 661//648 660//648 662//648
f 661//649 662//649 663//649
f 663//650 662//650 664//650
f 618//651 617//651 665//651
f 665//652 617//652 666//652
f 665//653 666//653 667//653
f 667//654 666//654 664//654
f 667//655 664//655 668//655
f 668//656 664//656 662//656
f 669//657 670//657 671//657
f 671//658 670//658 672//658
f 671//659 672//659 673//659
f 672//660 674//660 673//660
f 673//661 674//661 675//661
f 673//662 675//662 676//662
f 676//663 675//663 677//663
f 677//664 675//664 678//664
f 677//665 678//665 679//665
f 679//666 678//666 680//666
f 679//667 680//667 681//667
f 681//668 680//668 682//668
f 681//669 682//669 683//669
f 682//670 684//670 683//670
f 683//671 684//671 685//671
f 683//672 685//672 686//672
f 686//673 685//673 687//673
f 686//674 687//674 688//674
f 688//675 687//675 689//675
f 687//676 690//676 689//676
f 689//677 690//677 691//677
f 689//678 691//678 692//678
f 693//679 694//679 695//679
f 695//680 694//680 692//680
f 695//681 692//681 696//681
f 696//682 692//682 691//682
f 694//683 693//683 697//683
f 697//684 693//684 698//684
f 697//685 698//685 699//685
f 699//686 698//686 700//686
f 698//687 701//687 700//687
f 700//688 701//688 702//688
f 700//689 702//689 703//689
f 703//690 702//690 704//690
f 704//691 702//691 705//691
f 704//692 705//692 706//692
f 706//693 705//693 707//693
f 706//694 707//694 708//694
f 708//695 707//695 709//695
f 708//696 709//696 710//696
f 709//697 711//697 710//697
f 710//698 711//698 712//698
f 710//699 712//699 713//699
f 713//700 712//700 714//700
f 713//701 714//701 715//701
f 715//702 714//702 716//702
f 670//703 669//703 717//703
f 717//704 669//704 718//704
f 717//705 718//705 719//705
f 719//706 718//706 716//706
f 719//707 716//707 720//707
f 720//708 716//708 714//708
f 721//709 722//709 723//709
f 723//710 722//710 724//710
f 723//711 724//711 725//711
f 724//712 726//712 725//712
f 725//713 726//713 727//713
f 725//714 727//714 728//714
f 728//715 727//715 729//715
f 728//716 729//716 730//716
f 730//717 729//717 731//717
f 730//718 731//718 732//718
f 732//719 731//719 733//719
f 733//720 731//720 734//720
f 733//721 734//721 735//721
f 735//722 734//722 736//722
f 735//723 736//723 737//723
f 737//724 736//724 738//724
f 737//725 738//725 739//725
f 738//726 740//726 739//726
f 739//727 740//727 741//727
f 739//728 741//728 742//728
f 742//729 741//729 743//729
f 742//730 743//730 744//730
f 744//731 743//731 745//731
f 744//732 745//732 746//732
f 746//733 745//733 747//733
f 746//734 747//734 748//734
f 748//735 747//735 749//735
f 748//736 749//736 750//736
f 750//737 749//737 751//737
f 750//738 751//738 752//738
f 752//739 751//739 753//739
f 753//740 751//740 754//740
f 753//741 754//741 755//741
f 755//742 754//742 756//742
f 755//743 756//743 757//743
f 757//744 756//744 758//744
f 757//745 758//745 759//745
f 758//746 760//746 759//746
f 759//747 760//747 761//747
f 759//748 761//748 762//748
f 762//749 761//749 763//749
f 762//750 763//750 764//750
f 764//751 763//751 765//751
f 722//752 721//752 766//752
f 766//753 721//753 767//753
f 765//754 763//754 768//754
f 768//755 763//755 769//755
f 768//756 769//756 767//756
f 767//757 769//757 770//757
f 767//758 770//758 766//758
f 771//759 772//759 773//759
f 773//759 774//759 771//759
f 771//760 774//760 775//760
f 771//761 775//761 776//761
f 775//762 777//762 776//762
f 776//763 777//763 778//763
f 776//764 778//764 779//764
f 778//765 780//765 779//765
f 779//766 780//766 781//766
f 779//767 781//767 782//767
f 781//768 783//768 782//768
f 782//769 783//769 784//769
f 782//770 784//770 785//770
f 784//771 786//771 785//771
f 785//772 786//772 787//772
f 785//773 787//773 788//773
f 787//774 789//774 788//774
f 788//775 789//775 790//775
f 788//776 790//776 791//776
f 791//777 790//777 792//777
f 791//778 792//778 793//778
f 792//779 794//779 793//779
f 793//780 794//780 795//780
f 793//781 795//781 796//781
f 795//782 797//782 796//782
f 796//783 797//783 798//783
f 796//784 798//784 799//784
f 798//785 800//785 799//785
f 799//786 800//786 801//786
f 799//787 801//787 802//787
f 801//788 803//788 802//788
f 802//789 803//789 804//789
f 802//790 804//790 805//790
f 804//791 806//791 805//791
f 805//792 806//792 807//792
f 805//793 807//793 808//793
f 809//794 810//794 811//794
f 811//794 810//794 808//794
f 811//795 808//795 812//795
f 812//796 808//796 807//796
f 813//797 810//797 809//797
f 809//797 814//797 813//797
f 813//798 814//798 815//798
f 813//799 815//799 816//799
f 815//800 817//800 816//800
f 816//801 817//801 818//801
f 816//802 818//802 819//802
f 818//803 820//803 819//803
f 819//804 820//804 821//804
f 819//805 821//805 822//805
f 821//806 823//806 822//806
f 822//807 823//807 824//807
f 822//808 824//808 825//808
f 824//809 826//809 825//809
f 825//810 826//810 827//810
f 825//811 827//811 828//811
f 827//812 829//812 828//812
f 828//813 829//813 830//813
f 828//814 830//814 831//814
f 831//815 830//815 832//815
f 831//816 832//816 833//816
f 832//817 834//817 833//817
f 833//818 834//818 835//818
f 833//819 835//819 836//819
f 835//820 837//820 836//820
f 836//821 837//821 838//821
f 836//822 838//822 839//822
f 838//823 840//823 839//823
f 839//824 840//824 841//824
f 839//825 841//825 842//825
f 841//826 843//826 842//826
f 842//827 843//827 844//827
f 842//828 844//828 845//828
f 844//829 846//829 845//829
f 845//830 846//830 847//830
f 845//831 847//831 848//831
f 773//832 772//832 849//832
f 849//832 772//832 848//832
f 849//833 848//833 850//833
f 850//834 848//834 847//834
f 802//835 851//835 799//835
f 799//835 851//835 852//835
f 799//835 852//835 796//835
f 796//835 852//835 853//835
f 796//835 853//835 793//835
f 793//835 853//835 854//835
f 793//835 854//835 791//835
f 791//835 854//835 855//835
f 791//835 855//835 788//835
f 788//835 855//835 856//835
f 788//835 856//835 785//835
f 785//835 856//835 857//835
f 785//835 857//835 782//835
f 822//835 858//835 819//835
f 819//835 858//835 859//835
f 819//835 859//835 816//835
f 816//835 859//835 860//835
f 816//835 860//835 813//835
f 813//835 860//835 861//835
f 813//835 861//835 810//835
f 810//835 861//835 862//835
f 810//835 862//835 808//835
f 808//835 862//835 863//835
f 808//835 863//835 805//835
f 805//835 863//835 864//835
f 805//835 864//835 802//835
f 802//835 864//835 865//835
f 802//835 865//835 851//835
f 842//835 866//835 839//835
f 839//835 866//835 867//835
f 839//835 867//835 836//835
f 836//835 867//835 868//835
f 836//835 868//835 833//835
f 833//835 868//835 869//835
f 833//835 869//835 831//835
f 831//835 869//835 870//835
f 831//835 870//835 828//835
f 828//835 870//835 871//835
f 828//835 871//835 825//835
f 825//835 871//835 872//835
f 825//835 872//835 822//835
f 822//835 872//835 873//835
f 822//835 873//835 858//835
f 857//835 874//835 782//835
f 782//835 874//835 875//835
f 782//835 875//835 779//835
f 779//835 875//835 876//835
f 779//835 876//835 776//835
f 776//835 876//835 877//835
f 776//835 877//835 771//835
f 771//835 877//835 878//835
f 771//835 878//835 772//835
f 772//835 878//835 879//835
f 772//835 879//835 848//835
f 848//835 879//835 880//835
f 848//835 880//835 845//835
f 845//835 880//835 881//835
f 845//835 881//835 842//835
f 842//835 881//835 882//835
f 842//835 882//835 866//835
f 879//836 883//836 884//836
f 879//836 884//836 880//836
f 880//837 884//837 885//837
f 880//838 885//838 881//838
f 885//839 886//839 881//839
f 881//840 886//840 887//840
f 881//841 887//841 882//841
f 887//842 888//842 882//842
f 882//843 888//843 889//843
f 882//844 889//844 866//844
f 889//845 890//845 866//845
f 866//846 890//846 891//846
f 866//847 891//847 867//847
f 891//848 892//848 867//848
f 867//849 892//849 893//849
f 867//850 893//850 868//850
f 893//851 894//851 868//851
f 868//852 894//852 895//852
f 868//852 895//852 869//852
f 869//853 895//853 896//853
f 869//853 896//853 870//853
f 870//854 896//854 897//854
f 870//854 897//854 871//854
f 871//855 897//855 898//855
f 871//855 898//855 872//855
f 872//856 898//856 899//856
f 872//857 899//857 873//857
f 899//858 900//858 873//858
f 873//859 900//859 901//859
f 873//860 901//860 858//860
f 901//861 902//861 858//861
f 858//862 902//862 903//862
f 858//863 903//863 859//863
f 859//864 903//864 904//864
f 859//865 904//865 860//865
f 904//866 905//866 860//866
f 860//867 905//867 906//867
f 860//868 906//868 861//868
f 861//869 906//869 907//869
f 907//870 908//870 861//870
f 861//871 908//871 909//871
f 861//871 909//871 862//871
f 862//872 909//872 910//872
f 862//872 910//872 863//872
f 863//873 910//873 911//873
f 863//874 911//874 864//874
f 911//875 912//875 864//875
f 864//876 912//876 913//876
f 864//877 913//877 865//877
f 913//878 914//878 865//878
f 865//879 914//879 915//879
f 865//880 915//880 851//880
f 915//881 916//881 851//881
f 851//882 916//882 917//882
f 851//883 917//883 852//883
f 917//884 918//884 852//884
f 852//885 918//885 919//885
f 852//886 919//886 853//886
f 919//887 920//887 853//887
f 853//888 920//888 921//888
f 853//888 921//888 854//888
f 854//889 921//889 922//889
f 854//889 922//889 855//889
f 855//890 922//890 923//890
f 855//890 923//890 856//890
f 856//891 923//891 924//891
f 856//891 924//891 857//891
f 857//892 924//892 925//892
f 857//893 925//893 874//893
f 925//894 926//894 874//894
f 874//895 926//895 927//895
f 874//896 927//896 875//896
f 927//897 928//897 875//897
f 875//898 928//898 929//898
f 875//899 929//899 876//899
f 876//900 929//900 930//900
f 876//901 930//901 877//901
f 930//902 931//902 877//902
f 877//903 931//903 932//903
f 877//904 932//904 878//904
f 878//905 932//905 933//905
f 933//906 934//906 878//906
f 878//907 934//907 883//907
f 878//907 883//907 879//907
f 935//908 936//908 937//908
f 937//909 936//909 938//909
f 938//910 936//910 939//910
f 938//911 939//911 940//911
f 937//912 941//912 935//912
f 935//913 941//913 942//913
f 935//914 942//914 943//914
f 943//915 942//915 944//915
f 943//916 944//916 945//916
f 945//917 944//917 946//917
f 945//918 946//918 947//918
f 947//919 946//919 948//919
f 948//920 946//920 949//920
f 948//921 949//921 950//921
f 950//922 949//922 951//922
f 950//923 951//923 952//923
f 952//924 951//924 953//924
f 952//925 953//925 954//925
f 953//926 955//926 954//926
f 954//927 955//927 956//927
f 954//928 956//928 957//928
f 957//929 956//929 958//929
f 957//930 958//930 959//930
f 959//931 958//931 960//931
f 959//932 960//932 961//932
f 745//933 962//933 747//933
f 747//934 962//934 963//934
f 747//935 963//935 749//935
f 910//936 763//936 911//936
f 911//937 763//937 761//937
f 911//938 761//938 760//938
f 758//939 756//939 964//939
f 964//940 756//940 754//940
f 964//941 754//941 963//941
f 963//942 754//942 751//942
f 963//943 751//943 749//943
f 722//944 766//944 909//944
f 909//945 766//945 770//945
f 909//946 770//946 910//946
f 910//947 770//947 769//947
f 910//948 769//948 763//948
f 965//949 953//949 951//949
f 951//950 949//950 933//950
f 933//951 949//951 946//951
f 933//952 946//952 934//952
f 934//953 946//953 944//953
f 944//954 942//954 934//954
f 934//955 942//955 941//955
f 934//956 941//956 883//956
f 883//957 941//957 937//957
f 883//958 937//958 938//958
f 966//959 967//959 960//959
f 960//960 958//960 966//960
f 966//961 958//961 956//961
f 966//962 956//962 965//962
f 965//963 956//963 955//963
f 965//964 955//964 953//964
f 675//965 674//965 968//965
f 675//966 968//966 678//966
f 678//967 968//967 680//967
f 680//968 968//968 969//968
f 680//969 969//969 682//969
f 674//970 672//970 921//970
f 672//971 670//971 921//971
f 921//972 670//972 717//972
f 921//973 717//973 719//973
f 719//974 720//974 921//974
f 921//975 720//975 714//975
f 921//976 714//976 922//976
f 922//977 714//977 712//977
f 922//978 712//978 711//978
f 705//979 923//979 707//979
f 707//980 923//980 922//980
f 707//981 922//981 709//981
f 709//982 922//982 711//982
f 691//983 690//983 970//983
f 705//984 702//984 923//984
f 923//985 702//985 701//985
f 923//986 701//986 698//986
f 698//987 693//987 923//987
f 923//988 693//988 695//988
f 923//989 695//989 696//989
f 690//990 687//990 970//990
f 970//991 687//991 685//991
f 970//992 685//992 969//992
f 969//993 685//993 684//993
f 969//994 684//994 682//994
f 951//995 933//995 965//995
f 965//996 933//996 932//996
f 965//997 932//997 971//997
f 932//998 931//998 971//998
f 971//999 931//999 930//999
f 971//1000 930//1000 972//1000
f 930//1001 929//1001 972//1001
f 972//1002 929//1002 928//1002
f 972//1003 928//1003 973//1003
f 928//1004 927//1004 973//1004
f 973//1005 927//1005 926//1005
f 973//1006 926//1006 974//1006
f 926//1007 925//1007 974//1007
f 974//1008 925//1008 924//1008
f 974//1009 924//1009 975//1009
f 975//1010 924//1010 923//1010
f 975//1011 923//1011 970//1011
f 970//1012 923//1012 696//1012
f 970//1013 696//1013 691//1013
f 674//1014 921//1014 968//1014
f 968//1015 921//1015 920//1015
f 968//1016 920//1016 976//1016
f 976//1017 920//1017 919//1017
f 976//1018 919//1018 977//1018
f 977//1019 919//1019 918//1019
f 977//1020 918//1020 978//1020
f 918//1021 917//1021 978//1021
f 978//1022 917//1022 916//1022
f 978//1023 916//1023 979//1023
f 916//1024 915//1024 979//1024
f 979//1025 915//1025 914//1025
f 979//1026 914//1026 980//1026
f 760//1027 758//1027 911//1027
f 911//1028 758//1028 964//1028
f 911//1029 964//1029 912//1029
f 912//1030 964//1030 980//1030
f 912//1031 980//1031 913//1031
f 913//1032 980//1032 914//1032
f 981//1033 982//1033 983//1033
f 981//1033 983//1033 984//1033
f 984//1034 983//1034 985//1034
f 984//1035 985//1035 986//1035
f 985//1036 987//1036 986//1036
f 986//1037 987//1037 988//1037
f 986//1038 988//1038 989//1038
f 988//1039 990//1039 989//1039
f 989//1040 990//1040 991//1040
f 989//1041 991//1041 992//1041
f 991//1042 993//1042 992//1042
f 992//1043 993//1043 994//1043
f 992//1044 994//1044 995//1044
f 994//1045 996//1045 995//1045
f 995//1046 996//1046 997//1046
f 995//1047 997//1047 998//1047
f 997//1048 999//1048 998//1048
f 998//1049 999//1049 1000//1049
f 998//1050 1000//1050 1001//1050
f 1000//1051 1002//1051 1001//1051
f 1001//1052 1002//1052 1003//1052
f 1001//1053 1003//1053 1004//1053
f 1003//1054 1005//1054 1004//1054
f 1004//1055 1005//1055 1006//1055
f 1004//1056 1006//1056 1007//1056
f 1006//1057 1008//1057 1007//1057
f 1007//1058 1008//1058 1009//1058
f 1007//1059 1009//1059 1010//1059
f 1009//1060 1011//1060 1010//1060
f 1010//1061 1011//1061 1012//1061
f 1010//1062 1012//1062 1013//1062
f 1012//1063 1014//1063 1013//1063
f 1013//1064 1014//1064 1015//1064
f 1013//1065 1015//1065 1016//1065
f 1015//1066 1017//1066 1016//1066
f 1016//1067 1017//1067 1018//1067
f 1016//1068 1018//1068 1019//1068
f 1018//1069 1020//1069 1019//1069
f 1019//1070 1020//1070 1021//1070
f 1019//1071 1021//1071 1022//1071
f 1021//1072 1023//1072 1022//1072
f 1022//1073 1023//1073 1024//1073
f 1022//1074 1024//1074 1025//1074
f 1024//1075 1026//1075 1025//1075
f 1025//1076 1026//1076 1027//1076
f 1025//1077 1027//1077 1028//1077
f 1027//1078 1029//1078 1028//1078
f 1028//1079 1029//1079 1030//1079
f 1028//1080 1030//1080 1031//1080
f 1030//1081 1032//1081 1031//1081
f 1031//1082 1032//1082 1033//1082
f 1031//1082 1033//1082 1034//1082
f 972//835 1025//835 971//835
f 971//835 1025//835 1028//835
f 971//835 1028//835 965//835
f 965//835 1028//835 1031//835
f 965//835 1031//835 966//835
f 966//835 1031//835 1034//835
f 966//835 1034//835 967//835
f 963//835 981//835 964//835
f 964//835 981//835 984//835
f 964//835 984//835 980//835
f 980//835 984//835 986//835
f 980//835 986//835 979//835
f 963//835 962//835 981//835
f 981//835 962//835 1035//835
f 981//835 1035//835 1036//835
f 1036//835 1035//835 1037//835
f 1036//835 1037//835 1038//835
f 1038//835 1037//835 1039//835
f 1038//835 1039//835 1040//835
f 1040//835 1039//835 1041//835
f 1042//835 1043//835 1044//835
f 1042//835 1044//835 1045//835
f 1045//835 1044//835 1046//835
f 1045//835 1046//835 1047//835
f 1047//835 1046//835 1048//835
f 1047//835 1048//835 1049//835
f 1049//835 1048//835 1050//835
f 1049//835 1050//835 1051//835
f 1051//835 1050//835 1052//835
f 1051//835 1052//835 1053//835
f 1053//835 1052//835 1054//835
f 1053//835 1054//835 1055//835
f 1055//835 1054//835 1056//835
f 1055//835 1056//835 1057//835
f 1057//835 1056//835 1058//835
f 1057//835 1058//835 1059//835
f 1059//835 1058//835 1060//835
f 1059//835 1060//835 1061//835
f 1061//835 1060//835 1062//835
f 1061//835 1062//835 1041//835
f 1041//835 1062//835 1063//835
f 1041//835 1063//835 1040//835
f 1043//835 1042//835 1064//835
f 1064//835 1042//835 1065//835
f 1064//835 1065//835 1066//835
f 1066//835 1065//835 1067//835
f 1066//835 1067//835 1034//835
f 1034//835 1067//835 1068//835
f 1034//835 1068//835 967//835
f 986//835 989//835 979//835
f 979//835 989//835 992//835
f 979//835 992//835 978//835
f 978//835 992//835 995//835
f 978//835 995//835 977//835
f 977//835 995//835 998//835
f 977//835 998//835 976//835
f 976//835 998//835 1001//835
f 976//835 1001//835 968//835
f 968//835 1001//835 1004//835
f 968//835 1004//835 969//835
f 969//835 1004//835 1007//835
f 969//835 1007//835 970//835
f 970//835 1007//835 1010//835
f 970//835 1010//835 975//835
f 975//835 1010//835 1013//835
f 975//835 1013//835 974//835
f 974//835 1013//835 1016//835
f 974//835 1016//835 973//835
f 973//835 1016//835 1019//835
f 973//835 1019//835 972//835
f 972//835 1019//835 1022//835
f 972//835 1022//835 1025//835
f 960//1083 967//1083 1069//1083
f 1069//1084 967//1084 1068//1084
f 1069//1085 1068//1085 1070//1085
f 884//1086 1071//1086 885//1086
f 885//1087 1071//1087 1072//1087
f 885//1088 1072//1088 1073//1088
f 1074//1089 1075//1089 1067//1089
f 1067//1090 1075//1090 1076//1090
f 1067//1091 1076//1091 1068//1091
f 1068//1092 1076//1092 1077//1092
f 1068//1093 1077//1093 1070//1093
f 938//1094 1078//1094 883//1094
f 883//1095 1078//1095 1079//1095
f 883//1096 1079//1096 884//1096
f 884//1097 1079//1097 1080//1097
f 884//1098 1080//1098 1071//1098
f 1037//1099 738//1099 736//1099
f 736//1100 734//1100 907//1100
f 907//1101 734//1101 731//1101
f 907//1102 731//1102 908//1102
f 908//1103 731//1103 729//1103
f 729//1104 727//1104 908//1104
f 908//1105 727//1105 726//1105
f 908//1106 726//1106 909//1106
f 909//1107 726//1107 724//1107
f 909//1108 724//1108 722//1108
f 1035//1109 962//1109 745//1109
f 745//1110 743//1110 1035//1110
f 1035//1111 743//1111 741//1111
f 1035//1112 741//1112 1037//1112
f 1037//1113 741//1113 740//1113
f 1037//1114 740//1114 738//1114
f 623//1115 622//1115 897//1115
f 632//1116 630//1116 896//1116
f 896//1117 630//1117 628//1117
f 896//1118 628//1118 897//1118
f 897//1119 628//1119 626//1119
f 897//1120 626//1120 623//1120
f 667//1121 668//1121 1055//1121
f 622//1122 620//1122 897//1122
f 897//1123 620//1123 618//1123
f 897//1124 618//1124 665//1124
f 668//1125 662//1125 1055//1125
f 1055//1126 662//1126 660//1126
f 1055//1127 660//1127 1053//1127
f 1053//1128 660//1128 659//1128
f 650//1129 649//1129 1051//1129
f 659//1130 657//1130 1053//1130
f 1053//1131 657//1131 655//1131
f 1053//1132 655//1132 1051//1132
f 1051//1133 655//1133 653//1133
f 1051//1134 653//1134 650//1134
f 649//1135 646//1135 895//1135
f 644//1136 639//1136 895//1136
f 646//1137 641//1137 895//1137
f 895//1138 641//1138 643//1138
f 895//1139 643//1139 644//1139
f 639//1140 638//1140 895//1140
f 895//1141 638//1141 635//1141
f 895//1142 635//1142 896//1142
f 896//1143 635//1143 633//1143
f 896//1144 633//1144 632//1144
f 736//1145 907//1145 1037//1145
f 1037//1146 907//1146 906//1146
f 1037//1147 906//1147 1039//1147
f 906//1148 905//1148 1039//1148
f 1039//1149 905//1149 904//1149
f 1039//1150 904//1150 1041//1150
f 904//1151 903//1151 1041//1151
f 1041//1152 903//1152 902//1152
f 1041//1153 902//1153 1061//1153
f 902//1154 901//1154 1061//1154
f 1061//1155 901//1155 900//1155
f 1061//1156 900//1156 1059//1156
f 900//1157 899//1157 1059//1157
f 1059//1158 899//1158 898//1158
f 1059//1159 898//1159 1057//1159
f 1057//1160 898//1160 897//1160
f 1057//1161 897//1161 1055//1161
f 1055//1162 897//1162 665//1162
f 1055//1163 665//1163 667//1163
f 649//1164 895//1164 1051//1164
f 1051//1165 895//1165 894//1165
f 1051//1166 894//1166 1049//1166
f 1049//1167 894//1167 893//1167
f 1049//1168 893//1168 1047//1168
f 1047//1169 893//1169 892//1169
f 1047//1170 892//1170 1045//1170
f 892//1171 891//1171 1045//1171
f 1045//1172 891//1172 890//1172
f 1045//1173 890//1173 1042//1173
f 890//1174 889//1174 1042//1174
f 1042//1175 889//1175 888//1175
f 1042//1176 888//1176 1065//1176
f 1073//1177 1074//1177 885//1177
f 885//1178 1074//1178 1067//1178
f 885//1179 1067//1179 886//1179
f 886//1180 1067//1180 1065//1180
f 886//1181 1065//1181 887//1181
f 887//1182 1065//1182 888//1182
f 961//1183 960//1183 1069//1183
f 961//1184 1069//1184 1081//1184
f 1081//1185 1069//1185 1070//1185
f 1081//1186 1070//1186 1082//1186
f 1082//1187 1070//1187 1077//1187
f 1082//1188 1077//1188 1083//1188
f 1083//1189 1077//1189 1084//1189
f 1084//1190 1077//1190 1076//1190
f 1084//1191 1076//1191 1085//1191
f 1085//1192 1076//1192 1075//1192
f 1085//1193 1075//1193 1086//1193
f 1086//1194 1075//1194 1074//1194
f 1086//1195 1074//1195 1087//1195
f 1074//1196 1073//1196 1087//1196
f 1087//1197 1073//1197 1072//1197
f 1087//1198 1072//1198 1088//1198
f 1088//1199 1072//1199 1071//1199
f 1088//1200 1071//1200 1089//1200
f 1089//1201 1071//1201 1090//1201
f 938//1202 940//1202 1078//1202
f 1078//1203 940//1203 1091//1203
f 1090//1204 1071//1204 1092//1204
f 1092//1205 1071//1205 1080//1205
f 1092//1206 1080//1206 1091//1206
f 1091//1207 1080//1207 1079//1207
f 1091//1208 1079//1208 1078//1208
f 1091//1209 940//1209 773//1209
f 1093//1210 737//1210 1094//1210
f 1094//1211 737//1211 739//1211
f 746//1212 1095//1212 744//1212
f 744//1213 1095//1213 1094//1213
f 744//1214 1094//1214 742//1214
f 742//1215 1094//1215 739//1215
f 815//1216 733//1216 735//1216
f 725//1217 728//1217 814//1217
f 814//1218 728//1218 730//1218
f 814//1219 730//1219 815//1219
f 815//1220 730//1220 732//1220
f 815//1221 732//1221 733//1221
f 725//1222 814//1222 723//1222
f 723//1223 814//1223 809//1223
f 723//1224 809//1224 721//1224
f 1089//1225 1090//1225 849//1225
f 849//1226 1090//1226 773//1226
f 773//1227 1090//1227 1092//1227
f 773//1228 1092//1228 1091//1228
f 1085//1229 1086//1229 850//1229
f 850//1230 1086//1230 1087//1230
f 850//1231 1087//1231 849//1231
f 849//1232 1087//1232 1088//1232
f 849//1233 1088//1233 1089//1233
f 1096//1234 961//1234 1097//1234
f 1097//1235 961//1235 1081//1235
f 1097//1236 1081//1236 1082//1236
f 1085//1237 1098//1237 1084//1237
f 1084//1238 1098//1238 1097//1238
f 1084//1239 1097//1239 1083//1239
f 1083//1240 1097//1240 1082//1240
f 1085//1241 850//1241 1098//1241
f 1098//1242 850//1242 847//1242
f 1098//1243 847//1243 1099//1243
f 847//1244 846//1244 1099//1244
f 1099//1245 846//1245 844//1245
f 1099//1246 844//1246 1100//1246
f 844//1247 843//1247 1100//1247
f 1100//1248 843//1248 841//1248
f 1100//1249 841//1249 1101//1249
f 841//1250 840//1250 1101//1250
f 1101//1251 840//1251 838//1251
f 1101//1252 838//1252 1102//1252
f 666//1253 617//1253 830//1253
f 830//1254 617//1254 619//1254
f 830//1255 619//1255 621//1255
f 621//1256 624//1256 830//1256
f 830//1257 624//1257 625//1257
f 830//1258 625//1258 832//1258
f 832//1259 625//1259 627//1259
f 634//1260 834//1260 631//1260
f 631//1261 834//1261 832//1261
f 631//1262 832//1262 629//1262
f 629//1263 832//1263 627//1263
f 634//1264 636//1264 834//1264
f 834//1265 636//1265 637//1265
f 834//1266 637//1266 640//1266
f 642//1267 645//1267 1103//1267
f 838//1268 837//1268 1102//1268
f 1102//1269 837//1269 835//1269
f 1102//1270 835//1270 1103//1270
f 1103//1271 835//1271 834//1271
f 1103//1272 834//1272 642//1272
f 642//1273 834//1273 640//1273
f 645//1274 647//1274 1103//1274
f 1103//1275 647//1275 648//1275
f 1103//1276 648//1276 651//1276
f 658//1277 661//1277 1104//1277
f 651//1278 652//1278 1103//1278
f 1103//1279 652//1279 654//1279
f 1103//1280 654//1280 1104//1280
f 1104//1281 654//1281 656//1281
f 1104//1282 656//1282 658//1282
f 661//1283 663//1283 1104//1283
f 1104//1284 663//1284 664//1284
f 1104//1285 664//1285 666//1285
f 666//1286 830//1286 1104//1286
f 1104//1287 830//1287 829//1287
f 1104//1288 829//1288 1105//1288
f 829//1289 827//1289 1105//1289
f 1105//1290 827//1290 826//1290
f 1105//1291 826//1291 1106//1291
f 826//1292 824//1292 1106//1292
f 1106//1293 824//1293 823//1293
f 1106//1294 823//1294 1107//1294
f 823//1295 821//1295 1107//1295
f 1107//1296 821//1296 820//1296
f 1107//1297 820//1297 1108//1297
f 735//1298 737//1298 815//1298
f 815//1299 737//1299 1093//1299
f 815//1300 1093//1300 817//1300
f 817//1301 1093//1301 1108//1301
f 817//1302 1108//1302 818//1302
f 818//1303 1108//1303 820//1303
f 692//1304 694//1304 790//1304
f 767//1305 721//1305 809//1305
f 943//1306 945//1306 774//1306
f 1109//1307 952//1307 1110//1307
f 1110//1308 952//1308 954//1308
f 961//1309 1096//1309 959//1309
f 959//1310 1096//1310 1110//1310
f 959//1311 1110//1311 957//1311
f 957//1312 1110//1312 954//1312
f 774//1313 945//1313 775//1313
f 945//1314 947//1314 775//1314
f 775//1315 947//1315 948//1315
f 775//1316 948//1316 950//1316
f 940//1317 939//1317 773//1317
f 773//1318 939//1318 936//1318
f 773//1319 936//1319 774//1319
f 774//1320 936//1320 935//1320
f 774//1321 935//1321 943//1321
f 764//1322 765//1322 811//1322
f 811//1323 765//1323 809//1323
f 809//1324 765//1324 768//1324
f 809//1325 768//1325 767//1325
f 755//1326 757//1326 812//1326
f 812//1327 757//1327 759//1327
f 812//1328 759//1328 811//1328
f 811//1329 759//1329 762//1329
f 811//1330 762//1330 764//1330
f 1095//1331 746//1331 1111//1331
f 1111//1332 746//1332 748//1332
f 1111//1333 748//1333 750//1333
f 755//1334 1112//1334 753//1334
f 753//1335 1112//1335 1111//1335
f 753//1336 1111//1336 752//1336
f 752//1337 1111//1337 750//1337
f 755//1338 812//1338 1112//1338
f 1112//1339 812//1339 807//1339
f 1112//1340 807//1340 1113//1340
f 807//1341 806//1341 1113//1341
f 1113//1342 806//1342 804//1342
f 1113//1343 804//1343 1114//1343
f 804//1344 803//1344 1114//1344
f 1114//1345 803//1345 801//1345
f 1114//1346 801//1346 1115//1346
f 801//1347 800//1347 1115//1347
f 1115//1348 800//1348 798//1348
f 1115//1349 798//1349 1116//1349
f 694//1350 697//1350 790//1350
f 790//1351 697//1351 699//1351
f 790//1352 699//1352 700//1352
f 700//1353 703//1353 790//1353
f 790//1354 703//1354 704//1354
f 790//1355 704//1355 792//1355
f 792//1356 704//1356 706//1356
f 713//1357 794//1357 710//1357
f 710//1358 794//1358 792//1358
f 710//1359 792//1359 708//1359
f 708//1360 792//1360 706//1360
f 713//1361 715//1361 794//1361
f 794//1362 715//1362 716//1362
f 794//1363 716//1363 718//1363
f 798//1364 797//1364 1116//1364
f 1116//1365 797//1365 795//1365
f 1116//1366 795//1366 1117//1366
f 1117//1367 795//1367 794//1367
f 1117//1368 794//1368 669//1368
f 669//1369 794//1369 718//1369
f 669//1370 671//1370 1117//1370
f 1117//1371 671//1371 673//1371
f 1117//1372 673//1372 676//1372
f 683//1373 686//1373 1118//1373
f 676//1374 677//1374 1117//1374
f 1117//1375 677//1375 679//1375
f 1117//1376 679//1376 1118//1376
f 1118//1377 679//1377 681//1377
f 1118//1378 681//1378 683//1378
f 686//1379 688//1379 1118//1379
f 1118//1380 688//1380 689//1380
f 1118//1381 689//1381 692//1381
f 692//1382 790//1382 1118//1382
f 1118//1383 790//1383 789//1383
f 1118//1384 789//1384 1119//1384
f 789//1385 787//1385 1119//1385
f 1119//1386 787//1386 786//1386
f 1119//1387 786//1387 1120//1387
f 786//1388 784//1388 1120//1388
f 1120//1389 784//1389 783//1389
f 1120//1390 783//1390 1121//1390
f 783//1391 781//1391 1121//1391
f 1121//1392 781//1392 780//1392
f 1121//1393 780//1393 1122//1393
f 950//1394 952//1394 775//1394
f 775//1395 952//1395 1109//1395
f 775//1396 1109//1396 777//1396
f 777//1397 1109//1397 1122//1397
f 777//1398 1122//1398 778//1398
f 778//1399 1122//1399 780//1399
f 1113//489 1123//489 1112//489
f 1112//489 1123//489 1124//489
f 1112//489 1124//489 1111//489
f 1111//489 1124//489 1125//489
f 1111//489 1125//489 1095//489
f 1095//489 1125//489 1126//489
f 1095//489 1126//489 1094//489
f 1094//489 1126//489 1127//489
f 1094//489 1127//489 1093//489
f 1118//489 1128//489 1117//489
f 1117//489 1128//489 1129//489
f 1117//489 1129//489 1116//489
f 1116//489 1129//489 1130//489
f 1116//489 1130//489 1115//489
f 1115//489 1130//489 1131//489
f 1115//489 1131//489 1114//489
f 1114//489 1131//489 1132//489
f 1114//489 1132//489 1113//489
f 1113//489 1132//489 1133//489
f 1113//489 1133//489 1123//489
f 1127//489 1134//489 1093//489
f 1093//489 1134//489 1135//489
f 1093//489 1135//489 1108//489
f 1108//489 1135//489 1136//489
f 1108//489 1136//489 1107//489
f 1107//489 1136//489 1137//489
f 1107//489 1137//489 1106//489
f 1106//489 1137//489 1138//489
f 1106//489 1138//489 1105//489
f 1105//489 1138//489 1139//489
f 1105//489 1139//489 1104//489
f 1109//489 1140//489 1122//489
f 1122//489 1140//489 1141//489
f 1122//489 1141//489 1121//489
f 1121//489 1141//489 1142//489
f 1121//489 1142//489 1120//489
f 1120//489 1142//489 1143//489
f 1120//489 1143//489 1119//489
f 1119//489 1143//489 1144//489
f 1119//489 1144//489 1118//489
f 1118//489 1144//489 1145//489
f 1118//489 1145//489 1128//489
f 1099//489 1146//489 1098//489
f 1098//489 1146//489 1147//489
f 1098//489 1147//489 1097//489
f 1097//489 1147//489 1148//489
f 1097//489 1148//489 1096//489
f 1096//489 1148//489 1149//489
f 1096//489 1149//489 1110//489
f 1110//489 1149//489 1150//489
f 1110//489 1150//489 1109//489
f 1109//489 1150//489 1151//489
f 1109//489 1151//489 1140//489
f 1139//489 1152//489 1104//489
f 1104//489 1152//489 1153//489
f 1104//489 1153//489 1103//489
f 1103//489 1153//489 1154//489
f 1103//489 1154//489 1102//489
f 1102//489 1154//489 1155//489
f 1102//489 1155//489 1101//489
f 1101//489 1155//489 1156//489
f 1101//489 1156//489 1100//489
f 1100//489 1156//489 1157//489
f 1100//489 1157//489 1099//489
f 1099//489 1157//489 1158//489
f 1099//489 1158//489 1146//489
f 343//1400 342//1400 178//1400
f 1159//1401 1149//1401 1160//1401
f 1160//1402 1149//1402 1148//1402
f 1160//1403 1148//1403 1161//1403
f 515//1404 1162//1404 1163//1404
f 515//1405 1163//1405 516//1405
f 1163//1406 1164//1406 516//1406
f 516//1407 1164//1407 1165//1407
f 516//1408 1165//1408 1166//1408
f 1161//1409 1148//1409 1167//1409
f 1167//1410 1148//1410 1147//1410
f 1167//1411 1147//1411 1168//1411
f 1162//1412 515//1412 1169//1412
f 1169//1413 515//1413 394//1413
f 1169//1414 394//1414 1170//1414
f 539//1415 597//1415 355//1415
f 355//1416 597//1416 598//1416
f 355//1417 598//1417 599//1417
f 616//1418 593//1418 540//1418
f 612//1419 613//1419 1134//1419
f 613//1420 614//1420 1134//1420
f 1134//1421 614//1421 615//1421
f 1134//1422 615//1422 616//1422
f 593//1423 594//1423 540//1423
f 540//1424 594//1424 595//1424
f 540//1425 595//1425 539//1425
f 539//1426 595//1426 596//1426
f 539//1427 596//1427 597//1427
f 1134//1428 1127//1428 612//1428
f 612//1429 1127//1429 1126//1429
f 612//1430 1126//1430 611//1430
f 293//1431 317//1431 1155//1431
f 1155//1432 317//1432 318//1432
f 1155//1433 318//1433 319//1433
f 1154//1434 314//1434 1155//1434
f 1155//1435 314//1435 294//1435
f 1155//1436 294//1436 293//1436
f 319//1437 320//1437 1155//1437
f 1155//1438 320//1438 321//1438
f 1155//1439 321//1439 322//1439
f 322//1440 329//1440 525//1440
f 525//1441 329//1441 328//1441
f 525//1442 328//1442 331//1442
f 331//1443 330//1443 525//1443
f 525//1444 330//1444 334//1444
f 525//1445 334//1445 333//1445
f 333//1446 332//1446 525//1446
f 525//1447 332//1447 326//1447
f 525//1448 326//1448 526//1448
f 526//1449 326//1449 325//1449
f 311//1450 316//1450 1154//1450
f 1154//1451 316//1451 315//1451
f 1154//1452 315//1452 314//1452
f 308//1453 307//1453 1153//1453
f 1153//1454 307//1454 313//1454
f 1153//1455 313//1455 1154//1455
f 1154//1456 313//1456 312//1456
f 1154//1457 312//1457 311//1457
f 306//1458 305//1458 1152//1458
f 305//1459 304//1459 1152//1459
f 1152//1460 304//1460 310//1460
f 1152//1461 310//1461 1153//1461
f 1153//1462 310//1462 309//1462
f 1153//1463 309//1463 308//1463
f 323//1464 348//1464 530//1464
f 530//1465 348//1465 349//1465
f 530//1466 349//1466 352//1466
f 352//1467 351//1467 530//1467
f 530//1468 351//1468 350//1468
f 530//1469 350//1469 327//1469
f 297//1470 298//1470 1139//1470
f 1139//1471 298//1471 300//1471
f 300//1472 299//1472 1139//1472
f 1139//1473 299//1473 303//1473
f 1139//1474 303//1474 302//1474
f 302//1475 301//1475 1139//1475
f 1139//1476 301//1476 296//1476
f 1139//1477 296//1477 1152//1477
f 1152//1478 296//1478 295//1478
f 1152//1479 295//1479 306//1479
f 168//1480 529//1480 169//1480
f 169//1481 529//1481 528//1481
f 169//1482 528//1482 170//1482
f 170//1483 528//1483 162//1483
f 168//1484 167//1484 529//1484
f 529//1485 167//1485 171//1485
f 529//1486 171//1486 172//1486
f 172//1487 173//1487 529//1487
f 529//1488 173//1488 345//1488
f 529//1489 345//1489 530//1489
f 530//1490 345//1490 324//1490
f 530//1491 324//1491 323//1491
f 173//1492 174//1492 345//1492
f 345//1493 174//1493 175//1493
f 345//1494 175//1494 176//1494
f 176//1495 180//1495 345//1495
f 345//1496 180//1496 179//1496
f 345//1497 179//1497 346//1497
f 178//1498 342//1498 179//1498
f 179//1499 342//1499 347//1499
f 179//1500 347//1500 346//1500
f 341//1501 340//1501 181//1501
f 181//1502 340//1502 339//1502
f 181//1503 339//1503 177//1503
f 177//1504 339//1504 338//1504
f 177//1505 338//1505 178//1505
f 178//1506 338//1506 344//1506
f 178//1507 344//1507 343//1507
f 341//1508 181//1508 335//1508
f 335//1509 181//1509 182//1509
f 335//1510 182//1510 336//1510
f 183//1511 325//1511 182//1511
f 182//1512 325//1512 337//1512
f 182//1513 337//1513 336//1513
f 183//1514 184//1514 325//1514
f 325//1515 184//1515 185//1515
f 325//1516 185//1516 186//1516
f 186//1517 166//1517 325//1517
f 325//1518 166//1518 527//1518
f 325//1519 527//1519 526//1519
f 166//1520 165//1520 527//1520
f 527//1521 165//1521 164//1521
f 527//1522 164//1522 528//1522
f 528//1523 164//1523 163//1523
f 528//1524 163//1524 162//1524
f 616//1525 540//1525 1134//1525
f 1134//996 540//996 538//996
f 1134//1526 538//1526 1135//1526
f 538//998 537//998 1135//998
f 1135//999 537//999 536//999
f 1135//1527 536//1527 1136//1527
f 536//1001 535//1001 1136//1001
f 1136//1002 535//1002 534//1002
f 1136//1528 534//1528 1137//1528
f 534//1004 533//1004 1137//1004
f 1137//1005 533//1005 532//1005
f 1137//1529 532//1529 1138//1529
f 532//1007 531//1007 1138//1007
f 1138//1008 531//1008 530//1008
f 1138//1530 530//1530 1139//1530
f 1139//1531 530//1531 327//1531
f 1139//1532 327//1532 297//1532
f 322//1533 525//1533 1155//1533
f 1155//1534 525//1534 524//1534
f 1155//1018 524//1018 1156//1018
f 1156//1019 524//1019 523//1019
f 1156//1535 523//1535 1157//1535
f 523//1021 522//1021 1157//1021
f 1157//1022 522//1022 521//1022
f 1157//1536 521//1536 1158//1536
f 521//1024 520//1024 1158//1024
f 1158//1025 520//1025 519//1025
f 1158//1537 519//1537 1146//1537
f 1166//1538 1168//1538 516//1538
f 516//1539 1168//1539 1147//1539
f 516//1029 1147//1029 517//1029
f 517//1540 1147//1540 1146//1540
f 517//1031 1146//1031 518//1031
f 518//1032 1146//1032 519//1032
f 1168//548 1171//548 1172//548
f 1168//1541 1172//1541 1167//1541
f 1167//1542 1172//1542 1173//1542
f 1167//1543 1173//1543 1161//1543
f 1161//1544 1173//1544 1174//1544
f 1161//1545 1174//1545 1160//1545
f 1160//1546 1174//1546 1159//1546
f 1159//1547 1174//1547 1175//1547
f 1159//558 1175//558 1176//558
f 1176//1548 1175//1548 1177//1548
f 1177//1549 1175//1549 1178//1549
f 1177//1550 1178//1550 1179//1550
f 1179//1551 1178//1551 1180//1551
f 1180//1552 1178//1552 1181//1552
f 1180//1553 1181//1553 1182//1553
f 1182//1554 1181//1554 1183//1554
f 1183//1555 1181//1555 1184//1555
f 1183//1556 1184//1556 1185//1556
f 611//1557 1126//1557 610//1557
f 610//1558 1126//1558 1125//1558
f 610//1559 1125//1559 609//1559
f 609//1560 1125//1560 608//1560
f 604//1561 357//1561 603//1561
f 603//1562 357//1562 602//1562
f 605//1563 606//1563 1124//1563
f 1124//1564 606//1564 1125//1564
f 1125//1565 606//1565 607//1565
f 1125//1566 607//1566 608//1566
f 602//1567 357//1567 601//1567
f 601//1568 357//1568 356//1568
f 601//1569 356//1569 600//1569
f 600//1570 356//1570 355//1570
f 600//1571 355//1571 599//1571
f 396//1572 1186//1572 394//1572
f 394//1573 1186//1573 1170//1573
f 1183//1574 1151//1574 1182//1574
f 1182//1575 1151//1575 1180//1575
f 1185//1576 1187//1576 397//1576
f 1185//1577 397//1577 1183//1577
f 1187//1578 1188//1578 397//1578
f 397//1579 1188//1579 1189//1579
f 397//1580 1189//1580 396//1580
f 396//1581 1189//1581 1190//1581
f 396//1582 1190//1582 1186//1582
f 1150//1109 1149//1109 1159//1109
f 1159//1583 1176//1583 1150//1583
f 1150//1584 1176//1584 1177//1584
f 1150//1585 1177//1585 1151//1585
f 1151//1586 1177//1586 1179//1586
f 1151//1587 1179//1587 1180//1587
f 93//1588 73//1588 374//1588
f 89//1589 90//1589 1129//1589
f 1129//1590 90//1590 91//1590
f 1129//1591 91//1591 92//1591
f 73//1592 72//1592 374//1592
f 374//1593 72//1593 71//1593
f 374//1594 71//1594 376//1594
f 376//1595 71//1595 70//1595
f 376//1596 70//1596 69//1596
f 69//1597 77//1597 376//1597
f 376//1598 77//1598 76//1598
f 376//1599 76//1599 378//1599
f 76//1600 75//1600 378//1600
f 378//1601 75//1601 74//1601
f 378//1602 74//1602 78//1602
f 78//1603 79//1603 378//1603
f 378//1604 79//1604 80//1604
f 378//1605 80//1605 81//1605
f 87//1606 1145//1606 83//1606
f 83//1607 1145//1607 82//1607
f 87//1608 86//1608 1145//1608
f 1145//1609 86//1609 85//1609
f 1145//1610 85//1610 1128//1610
f 1128//1611 85//1611 84//1611
f 1128//1612 84//1612 1129//1612
f 1129//1613 84//1613 88//1613
f 1129//1614 88//1614 89//1614
f 1183//1615 397//1615 1151//1615
f 1151//1146 397//1146 392//1146
f 1151//1616 392//1616 1140//1616
f 392//1148 391//1148 1140//1148
f 1140//1149 391//1149 389//1149
f 1140//1617 389//1617 1141//1617
f 389//1151 388//1151 1141//1151
f 1141//1152 388//1152 386//1152
f 1141//1618 386//1618 1142//1618
f 386//1154 385//1154 1142//1154
f 1142//1155 385//1155 383//1155
f 1142//1619 383//1619 1143//1619
f 383//1157 382//1157 1143//1157
f 1143//1158 382//1158 380//1158
f 1143//1620 380//1620 1144//1620
f 1144//1621 380//1621 378//1621
f 1144//1622 378//1622 1145//1622
f 1145//1623 378//1623 81//1623
f 1145//1624 81//1624 82//1624
f 92//1625 93//1625 1129//1625
f 1129//1626 93//1626 374//1626
f 1129//1627 374//1627 1130//1627
f 1130//1628 374//1628 373//1628
f 373//1629 371//1629 1130//1629
f 1130//1630 371//1630 369//1630
f 1130//1168 369//1168 1131//1168
f 1131//1169 369//1169 368//1169
f 1131//1631 368//1631 1132//1631
f 368//1171 366//1171 1132//1171
f 1132//1172 366//1172 365//1172
f 1132//1632 365//1632 1133//1632
f 365//1174 363//1174 1133//1174
f 1133//1175 363//1175 362//1175
f 1133//1633 362//1633 1123//1633
f 604//1634 605//1634 357//1634
f 357//1635 605//1635 1124//1635
f 357//1179 1124//1179 359//1179
f 359//1636 1124//1636 1123//1636
f 359//1181 1123//1181 360//1181
f 360//1182 1123//1182 362//1182
f 1185//1637 1184//1637 1187//1637
f 1187//1638 1184//1638 1191//1638
f 1170//1639 1186//1639 1192//1639
f 1192//1640 1186//1640 1190//1640
f 1192//1641 1190//1641 1193//1641
f 1193//1642 1190//1642 1189//1642
f 1193//1643 1189//1643 1191//1643
f 1191//1644 1189//1644 1188//1644
f 1191//1645 1188//1645 1187//1645
f 1170//1646 1192//1646 1169//1646
f 1169//835 1192//835 1194//835
f 1169//1647 1194//1647 1162//1647
f 1162//1648 1194//1648 1195//1648
f 1162//1649 1195//1649 1163//1649
f 1163//1650 1195//1650 1164//1650
f 1164//1651 1195//1651 1196//1651
f 1164//1652 1196//1652 1165//1652
f 1165//1653 1196//1653 1166//1653
f 1166//1654 1196//1654 1171//1654
f 1166//1655 1171//1655 1168//1655
f 1191//1656 1197//1656 1193//1656
f 1193//1656 1197//1656 1198//1656
f 1193//1656 1198//1656 1192//1656
f 1192//1656 1198//1656 1199//1656
f 1192//1656 1199//1656 1194//1656
f 1194//1656 1199//1656 1200//1656
f 1194//1656 1200//1656 1195//1656
f 1195//1656 1200//1656 1201//1656
f 1195//1656 1201//1656 1196//1656
f 1196//1656 1201//1656 1202//1656
f 1196//1656 1202//1656 1171//1656
f 1171//1656 1202//1656 1203//1656
f 1171//1656 1203//1656 1172//1656
f 1172//1656 1203//1656 1204//1656
f 1172//1656 1204//1656 1173//1656
f 1173//1656 1204//1656 1205//1656
f 1173//1656 1205//1656 1174//1656
f 1174//1656 1205//1656 1206//1656
f 1174//1656 1206//1656 1175//1656
f 1175//1656 1206//1656 1207//1656
f 1175//1656 1207//1656 1178//1656
f 1178//1656 1207//1656 1208//1656
f 1178//1656 1208//1656 1181//1656
f 1181//1656 1208//1656 1209//1656
f 1181//1656 1209//1656 1184//1656
f 1184//1656 1209//1656 1210//1656
f 1184//1656 1210//1656 1191//1656
f 1191//1656 1210//1656 1197//1656
f 1211//1657 1210//1657 1212//1657
f 1212//1658 1210//1658 1209//1658
f 1208//1659 1213//1659 1209//1659
f 1209//1660 1213//1660 1214//1660
f 1209//1661 1214//1661 1212//1661
f 1215//1662 1216//1662 1207//1662
f 1207//1663 1216//1663 1217//1663
f 1207//1664 1217//1664 1208//1664
f 1208//1665 1217//1665 1218//1665
f 1208//1666 1218//1666 1213//1666
f 1215//1667 1207//1667 1219//1667
f 1219//1668 1207//1668 1206//1668
f 1219//556 1206//556 1220//556
f 1220//1669 1206//1669 1221//1669
f 1221//1670 1206//1670 1205//1670
f 1221//1671 1205//1671 1222//1671
f 1204//548 1203//548 1223//548
f 1223//1672 1224//1672 1204//1672
f 1204//1673 1224//1673 1225//1673
f 1204//1674 1225//1674 1205//1674
f 1205//1675 1225//1675 1226//1675
f 1205//1676 1226//1676 1222//1676
f 1210//1677 1211//1677 1227//1677
f 1223//1678 1203//1678 1228//1678
f 1228//1679 1203//1679 1202//1679
f 1228//1680 1202//1680 1229//1680
f 1229//1681 1202//1681 1201//1681
f 1230//1682 1231//1682 1200//1682
f 1200//1683 1231//1683 1232//1683
f 1200//1684 1232//1684 1201//1684
f 1201//1685 1232//1685 1233//1685
f 1201//1686 1233//1686 1229//1686
f 1234//1687 1235//1687 1198//1687
f 1198//1688 1235//1688 1236//1688
f 1198//1689 1236//1689 1199//1689
f 1199//1690 1236//1690 1237//1690
f 1199//1691 1237//1691 1200//1691
f 1200//1692 1237//1692 1230//1692
f 1210//1693 1227//1693 1197//1693
f 1197//1694 1227//1694 1238//1694
f 1197//1695 1238//1695 1198//1695
f 1198//1696 1238//1696 1239//1696
f 1198//1697 1239//1697 1234//1697
f 12//1698 19//1698 475//1698
f 450//1699 448//1699 1230//1699
f 499//1700 548//1700 399//1700
f 399//1701 548//1701 550//1701
f 399//1702 550//1702 551//1702
f 578//1703 985//1703 579//1703
f 579//1704 985//1704 580//1704
f 543//1705 544//1705 497//1705
f 497//1706 544//1706 545//1706
f 497//1707 545//1707 499//1707
f 499//1708 545//1708 547//1708
f 499//1709 547//1709 548//1709
f 983//1710 982//1710 571//1710
f 571//1711 573//1711 983//1711
f 983//1712 573//1712 574//1712
f 983//1713 574//1713 985//1713
f 985//1714 574//1714 576//1714
f 985//1715 576//1715 580//1715
f 450//1716 1230//1716 1237//1716
f 450//1717 1237//1717 1236//1717
f 1239//1718 452//1718 1234//1718
f 1234//1719 452//1719 450//1719
f 1234//1720 450//1720 1235//1720
f 1235//1721 450//1721 1236//1721
f 1239//1722 1238//1722 452//1722
f 452//1723 1238//1723 1227//1723
f 452//1724 1227//1724 1211//1724
f 1212//1725 1214//1725 1030//1725
f 1030//1726 1214//1726 1213//1726
f 1030//1727 1213//1727 1218//1727
f 1219//1728 1033//1728 1215//1728
f 1215//1729 1033//1729 1032//1729
f 1215//1730 1032//1730 1216//1730
f 1216//1731 1032//1731 1030//1731
f 1216//1732 1030//1732 1217//1732
f 1217//1733 1030//1733 1218//1733
f 19//1734 18//1734 475//1734
f 475//1735 18//1735 22//1735
f 475//1736 22//1736 476//1736
f 22//1737 21//1737 476//1737
f 476//1738 21//1738 20//1738
f 476//1739 20//1739 2//1739
f 2//1740 1//1740 476//1740
f 476//1741 1//1741 29//1741
f 476//1742 29//1742 28//1742
f 28//1743 27//1743 476//1743
f 476//1744 27//1744 25//1744
f 476//1745 25//1745 24//1745
f 24//1746 37//1746 1006//1746
f 1006//1747 37//1747 36//1747
f 1006//1748 36//1748 38//1748
f 38//1749 40//1749 1006//1749
f 1006//1750 40//1750 43//1750
f 1006//1751 43//1751 42//1751
f 51//1752 50//1752 1009//1752
f 42//1753 48//1753 1006//1753
f 1006//1754 48//1754 47//1754
f 1006//1755 47//1755 1008//1755
f 1008//1756 47//1756 45//1756
f 1008//1757 45//1757 1009//1757
f 1009//1758 45//1758 44//1758
f 1009//1759 44//1759 51//1759
f 50//1760 49//1760 1009//1760
f 1009//1761 49//1761 31//1761
f 1009//1762 31//1762 30//1762
f 30//1763 54//1763 1009//1763
f 1009//1764 54//1764 53//1764
f 1009//1765 53//1765 52//1765
f 6//1766 473//1766 4//1766
f 4//1767 473//1767 33//1767
f 6//1768 8//1768 473//1768
f 473//1769 8//1769 9//1769
f 473//1770 9//1770 11//1770
f 11//1771 16//1771 473//1771
f 473//1772 16//1772 15//1772
f 473//1773 15//1773 475//1773
f 475//1774 15//1774 13//1774
f 475//1775 13//1775 12//1775
f 578//1776 543//1776 985//1776
f 985//1777 543//1777 497//1777
f 985//1778 497//1778 987//1778
f 987//1778 497//1778 496//1778
f 987//1779 496//1779 988//1779
f 988//1779 496//1779 494//1779
f 988//1780 494//1780 990//1780
f 990//1780 494//1780 493//1780
f 990//1781 493//1781 991//1781
f 991//1781 493//1781 491//1781
f 991//1782 491//1782 993//1782
f 993//1782 491//1782 490//1782
f 993//1783 490//1783 994//1783
f 994//1783 490//1783 488//1783
f 994//1784 488//1784 996//1784
f 996//1784 488//1784 487//1784
f 996//1785 487//1785 997//1785
f 997//1785 487//1785 485//1785
f 997//1786 485//1786 999//1786
f 999//1786 485//1786 484//1786
f 999//1787 484//1787 1000//1787
f 1000//1788 484//1788 482//1788
f 1000//1789 482//1789 1002//1789
f 1002//1789 482//1789 481//1789
f 1002//1790 481//1790 1003//1790
f 1003//1790 481//1790 479//1790
f 1003//1791 479//1791 1005//1791
f 1005//1791 479//1791 478//1791
f 1005//1792 478//1792 1006//1792
f 1006//1793 478//1793 476//1793
f 1006//1794 476//1794 24//1794
f 52//1795 33//1795 1009//1795
f 1009//1796 33//1796 473//1796
f 1009//1797 473//1797 1011//1797
f 1011//1798 473//1798 472//1798
f 1011//1799 472//1799 1012//1799
f 1012//1799 472//1799 470//1799
f 1012//1800 470//1800 1014//1800
f 1014//1800 470//1800 469//1800
f 1014//1801 469//1801 1015//1801
f 1015//1801 469//1801 467//1801
f 1015//1802 467//1802 1017//1802
f 1017//1803 467//1803 466//1803
f 1017//1804 466//1804 1018//1804
f 1018//1804 466//1804 464//1804
f 1018//1805 464//1805 1020//1805
f 1020//1805 464//1805 463//1805
f 1020//1806 463//1806 1021//1806
f 1021//1806 463//1806 461//1806
f 1021//1807 461//1807 1023//1807
f 1023//1807 461//1807 460//1807
f 1023//1808 460//1808 1024//1808
f 1024//1808 460//1808 458//1808
f 1024//1809 458//1809 1026//1809
f 1026//1809 458//1809 457//1809
f 1026//1810 457//1810 1027//1810
f 1027//1810 457//1810 455//1810
f 1027//1811 455//1811 1029//1811
f 1029//1811 455//1811 454//1811
f 1029//1812 454//1812 1030//1812
f 1030//1812 454//1812 452//1812
f 1030//1813 452//1813 1212//1813
f 1212//1814 452//1814 1211//1814
f 105//1815 112//1815 423//1815
f 211//1816 210//1816 1240//1816
f 571//1817 982//1817 1241//1817
f 561//1818 560//1818 402//1818
f 400//1819 554//1819 556//1819
f 400//1820 556//1820 402//1820
f 402//1821 556//1821 562//1821
f 402//1822 562//1822 561//1822
f 559//1823 564//1823 1242//1823
f 1242//1824 564//1824 565//1824
f 565//1825 567//1825 1242//1825
f 1242//1826 567//1826 568//1826
f 1242//1827 568//1827 1241//1827
f 1241//1828 568//1828 570//1828
f 1241//1829 570//1829 571//1829
f 554//1830 400//1830 553//1830
f 553//1831 400//1831 399//1831
f 553//1832 399//1832 551//1832
f 447//1833 1232//1833 448//1833
f 448//1834 1232//1834 1231//1834
f 448//1835 1231//1835 1230//1835
f 1224//1836 1243//1836 1225//1836
f 1225//1837 1243//1837 1226//1837
f 1223//1838 1228//1838 445//1838
f 445//1839 1228//1839 1229//1839
f 445//1840 1229//1840 447//1840
f 447//1841 1229//1841 1233//1841
f 447//1842 1233//1842 1232//1842
f 1244//1843 1033//1843 1219//1843
f 1219//1844 1220//1844 1244//1844
f 1244//1845 1220//1845 1221//1845
f 1244//1846 1221//1846 1243//1846
f 1243//1847 1221//1847 1222//1847
f 1243//1848 1222//1848 1226//1848
f 225//1849 224//1849 1245//1849
f 1246//1850 216//1850 1245//1850
f 1245//1851 216//1851 226//1851
f 1245//1852 226//1852 225//1852
f 224//1853 219//1853 1245//1853
f 1245//1854 219//1854 221//1854
f 1245//1855 221//1855 223//1855
f 223//1856 232//1856 1245//1856
f 1245//1857 232//1857 231//1857
f 1245//1858 231//1858 230//1858
f 229//1859 233//1859 420//1859
f 420//1860 233//1860 239//1860
f 420//1861 239//1861 238//1861
f 238//1862 236//1862 420//1862
f 420//1863 236//1863 235//1863
f 420//1864 235//1864 240//1864
f 210//1865 209//1865 1240//1865
f 1240//1866 209//1866 208//1866
f 1240//1867 208//1867 1246//1867
f 1246//1868 208//1868 215//1868
f 1246//1869 215//1869 214//1869
f 214//1870 218//1870 1246//1870
f 1246//1871 218//1871 217//1871
f 1246//1872 217//1872 216//1872
f 1247//1873 200//1873 199//1873
f 199//1874 206//1874 1247//1874
f 1247//1875 206//1875 205//1875
f 1247//1876 205//1876 1240//1876
f 1240//1877 205//1877 212//1877
f 1240//1878 212//1878 211//1878
f 267//1879 266//1879 427//1879
f 266//1880 265//1880 427//1880
f 427//1881 265//1881 271//1881
f 427//1882 271//1882 270//1882
f 269//1883 187//1883 1248//1883
f 187//1884 189//1884 1248//1884
f 1248//1885 189//1885 191//1885
f 1248//1886 191//1886 192//1886
f 192//1887 194//1887 1248//1887
f 1248//1888 194//1888 195//1888
f 1248//1889 195//1889 197//1889
f 197//1890 203//1890 1248//1890
f 1248//1891 203//1891 202//1891
f 1248//1892 202//1892 1247//1892
f 1247//1893 202//1893 201//1893
f 1247//1894 201//1894 200//1894
f 112//1895 111//1895 423//1895
f 423//1896 111//1896 115//1896
f 423//1897 115//1897 425//1897
f 115//1898 114//1898 425//1898
f 425//1899 114//1899 113//1899
f 425//1900 113//1900 95//1900
f 95//1901 94//1901 425//1901
f 425//1902 94//1902 122//1902
f 425//1903 122//1903 121//1903
f 121//1904 120//1904 425//1904
f 425//1905 120//1905 118//1905
f 425//1906 118//1906 117//1906
f 425//1907 117//1907 260//1907
f 425//1908 260//1908 427//1908
f 427//1909 260//1909 268//1909
f 427//1910 268//1910 267//1910
f 117//1911 130//1911 260//1911
f 260//1912 130//1912 129//1912
f 260//1913 129//1913 131//1913
f 131//1914 133//1914 260//1914
f 260//1915 133//1915 136//1915
f 260//1916 136//1916 261//1916
f 140//1917 256//1917 141//1917
f 141//1918 256//1918 259//1918
f 141//1919 259//1919 135//1919
f 135//1920 259//1920 258//1920
f 135//1921 258//1921 136//1921
f 136//1922 258//1922 262//1922
f 136//1923 262//1923 261//1923
f 97//1924 99//1924 422//1924
f 244//1925 243//1925 142//1925
f 142//1926 243//1926 250//1926
f 142//1927 250//1927 143//1927
f 143//1928 250//1928 249//1928
f 143//1929 249//1929 144//1929
f 144//1930 249//1930 253//1930
f 144//1931 253//1931 137//1931
f 137//1932 253//1932 252//1932
f 137//1933 252//1933 138//1933
f 138//1934 252//1934 251//1934
f 138//1935 251//1935 140//1935
f 140//1936 251//1936 254//1936
f 140//1937 254//1937 256//1937
f 244//1938 142//1938 246//1938
f 246//1939 142//1939 124//1939
f 246//1940 124//1940 123//1940
f 123//1941 147//1941 246//1941
f 246//1942 147//1942 146//1942
f 246//1943 146//1943 145//1943
f 97//1944 422//1944 126//1944
f 145//1945 126//1945 246//1945
f 246//1946 126//1946 422//1946
f 246//1947 422//1947 247//1947
f 247//1948 422//1948 420//1948
f 247//1949 420//1949 242//1949
f 242//1950 420//1950 240//1950
f 99//1951 101//1951 422//1951
f 422//1952 101//1952 102//1952
f 422//1953 102//1953 104//1953
f 104//1954 109//1954 422//1954
f 422//1955 109//1955 108//1955
f 422//1956 108//1956 423//1956
f 423//1957 108//1957 106//1957
f 423//1958 106//1958 105//1958
f 1224//1959 1223//1959 1243//1959
f 1243//1960 1223//1960 445//1960
f 1243//1961 445//1961 1249//1961
f 1249//1961 445//1961 444//1961
f 1249//1962 444//1962 1250//1962
f 1250//1962 444//1962 442//1962
f 1250//1963 442//1963 1251//1963
f 1251//1963 442//1963 441//1963
f 1251//1964 441//1964 1252//1964
f 1252//1964 441//1964 439//1964
f 1252//1965 439//1965 1253//1965
f 1253//1965 439//1965 438//1965
f 1253//1966 438//1966 1254//1966
f 1254//1966 438//1966 436//1966
f 1254//1967 436//1967 1255//1967
f 1255//1967 436//1967 435//1967
f 1255//1968 435//1968 1256//1968
f 1256//1968 435//1968 433//1968
f 1256//1969 433//1969 1257//1969
f 1257//1969 433//1969 432//1969
f 1257//1970 432//1970 1258//1970
f 1258//1971 432//1971 430//1971
f 1258//1972 430//1972 1259//1972
f 1259//1972 430//1972 429//1972
f 1259//1973 429//1973 1248//1973
f 1248//1973 429//1973 427//1973
f 1248//1974 427//1974 269//1974
f 269//1975 427//1975 270//1975
f 230//1976 229//1976 1245//1976
f 1245//1977 229//1977 420//1977
f 1245//1978 420//1978 1260//1978
f 1260//1978 420//1978 419//1978
f 1260//1979 419//1979 1261//1979
f 1261//1979 419//1979 417//1979
f 1261//1980 417//1980 1262//1980
f 1262//1981 417//1981 416//1981
f 1262//1982 416//1982 1263//1982
f 1263//1982 416//1982 414//1982
f 1263//1983 414//1983 1264//1983
f 1264//1983 414//1983 413//1983
f 1264//1984 413//1984 1265//1984
f 1265//1984 413//1984 411//1984
f 1265//1985 411//1985 1266//1985
f 1266//1985 411//1985 410//1985
f 1266//1986 410//1986 1267//1986
f 1267//1986 410//1986 408//1986
f 1267//1987 408//1987 1268//1987
f 1268//1987 408//1987 407//1987
f 1268//1988 407//1988 1269//1988
f 1269//1988 407//1988 405//1988
f 1269//1989 405//1989 1270//1989
f 1270//1989 405//1989 404//1989
f 1270//1990 404//1990 1242//1990
f 1242//1990 404//1990 402//1990
f 1242//1991 402//1991 559//1991
f 559//1992 402//1992 560//1992
f 1034//1993 1033//1993 1244//1993
f 1034//1993 1244//1993 1066//1993
f 1066//1994 1244//1994 1243//1994
f 1066//1995 1243//1995 1064//1995
f 1243//1996 1249//1996 1064//1996
f 1064//1997 1249//1997 1250//1997
f 1064//1998 1250//1998 1043//1998
f 1250//1999 1251//1999 1043//1999
f 1043//2000 1251//2000 1252//2000
f 1043//2001 1252//2001 1044//2001
f 1252//2002 1253//2002 1044//2002
f 1044//2003 1253//2003 1254//2003
f 1044//2004 1254//2004 1046//2004
f 1254//2005 1255//2005 1046//2005
f 1046//2006 1255//2006 1256//2006
f 1046//2007 1256//2007 1048//2007
f 1256//2008 1257//2008 1048//2008
f 1048//2009 1257//2009 1258//2009
f 1048//2010 1258//2010 1050//2010
f 1258//2011 1259//2011 1050//2011
f 1050//2012 1259//2012 1248//2012
f 1050//2013 1248//2013 1052//2013
f 1248//2014 1247//2014 1052//2014
f 1052//2015 1247//2015 1240//2015
f 1052//2015 1240//2015 1054//2015
f 1054//2016 1240//2016 1246//2016
f 1054//2016 1246//2016 1056//2016
f 1056//2017 1246//2017 1245//2017
f 1056//2018 1245//2018 1058//2018
f 1245//2019 1260//2019 1058//2019
f 1058//2020 1260//2020 1261//2020
f 1058//2021 1261//2021 1060//2021
f 1261//2022 1262//2022 1060//2022
f 1060//2023 1262//2023 1263//2023
f 1060//2024 1263//2024 1062//2024
f 1263//2025 1264//2025 1062//2025
f 1062//2026 1264//2026 1265//2026
f 1062//2027 1265//2027 1063//2027
f 1265//2028 1266//2028 1063//2028
f 1063//2029 1266//2029 1267//2029
f 1063//2030 1267//2030 1040//2030
f 1267//2031 1268//2031 1040//2031
f 1040//2032 1268//2032 1269//2032
f 1040//2033 1269//2033 1038//2033
f 1269//2034 1270//2034 1038//2034
f 1038//2035 1270//2035 1242//2035
f 1038//2036 1242//2036 1036//2036
f 1242//2037 1241//2037 1036//2037
f 1036//2038 1241//2038 982//2038
f 1036//2038 982//2038 981//2038
