# Blender 4.5.0
# www.blender.org
o thumb_3
v 0.022347 -0.002819 0.001982
v 0.022236 -0.003154 0.002024
v 0.021760 -0.002989 0.001376
v 0.023047 -0.003120 0.003568
v 0.022954 -0.003431 0.003688
v 0.022642 -0.003307 0.002808
v 0.023550 -0.003349 0.007959
v 0.023550 -0.003349 0.008000
v 0.023426 -0.003633 0.008000
v 0.023508 -0.003329 0.006466
v 0.023397 -0.003620 0.006709
v 0.023367 -0.003607 0.006214
v 0.023431 -0.003293 0.005549
v 0.023291 -0.003574 0.005424
v 0.023279 -0.003223 0.004524
v 0.023201 -0.003535 0.004796
v 0.023022 -0.003460 0.003940
v 0.022420 -0.002849 0.002103
v 0.022540 -0.002899 0.002315
v 0.022909 -0.003061 0.003152
v 0.020180 -0.002122 0.000056
v 0.020389 -0.002173 0.000166
v 0.020423 -0.002634 0.000274
v 0.021118 -0.002378 0.000638
v 0.021146 -0.002809 0.000779
v 0.021312 -0.002439 0.000793
v 0.021874 -0.002635 0.001343
v 0.019519 -0.001983 -0.000240
v 0.019556 -0.002493 -0.000158
v 0.018469 -0.001834 -0.000590
v 0.018629 -0.002428 -0.000494
v 0.017719 -0.002462 -0.000740
v 0.015077 -0.002458 -0.001212
v 0.015203 -0.001854 -0.001198
v 0.015855 -0.002895 -0.001094
v 0.016287 -0.001776 -0.001048
v 0.016781 -0.002613 -0.000937
v 0.017314 -0.001763 -0.000865
v 0.017834 -0.001784 -0.000752
v 0.013818 -0.001997 -0.001347
v 0.014377 -0.001938 -0.001292
v 0.014653 -0.001909 -0.001262
v 0.008457 -0.003447 -0.001710
v 0.009563 -0.001855 -0.001592
v 0.009941 -0.001948 -0.001583
v 0.010865 -0.002087 -0.001549
v 0.011158 -0.002109 -0.001535
v 0.011771 -0.004845 -0.001573
v 0.012269 -0.002117 -0.001471
v 0.014118 -0.003853 -0.001327
v 0.013199 -0.004626 -0.001433
v 0.013550 -0.002024 -0.001371
v 0.012552 -0.002104 -0.001451
v 0.004824 -0.008878 -0.002090
v 0.004502 -0.008711 -0.002094
v 0.005171 -0.007866 -0.002033
v 0.006008 -0.009282 -0.002055
v 0.006359 -0.009335 -0.002039
v 0.006918 -0.009354 -0.002009
v 0.005604 -0.009183 -0.002070
v 0.005091 -0.008999 -0.002084
v 0.009310 -0.008534 -0.001831
v 0.007340 -0.005001 -0.001824
v 0.009642 -0.008027 -0.001797
v 0.008547 -0.008951 -0.001895
v 0.007804 -0.009218 -0.001952
v 0.007095 -0.009343 -0.001999
v 0.012334 -0.005525 -0.001528
v 0.010926 -0.007144 -0.001676
v 0.010149 -0.007902 -0.001753
v 0.014936 -0.003326 -0.001224
v 0.012295 0.015834 0.015358
v 0.012286 0.015330 0.015541
v 0.012306 0.015005 0.015654
v 0.009652 0.015787 0.013865
v 0.009787 0.015594 0.014168
v 0.010515 0.016370 0.014062
v 0.014656 0.010282 0.016707
v 0.015495 0.009625 0.016758
v 0.015472 0.012836 0.016484
v 0.016322 0.009027 0.016777
v 0.016368 0.008995 0.016777
v 0.018301 0.012279 0.016533
v 0.010918 0.018420 0.008582
v 0.010919 0.018420 0.008000
v 0.009388 0.017032 0.008000
v 0.010959 0.018431 0.009890
v 0.009670 0.016866 0.012081
v 0.011355 0.018514 0.011875
v 0.011313 0.018529 0.011672
v 0.009534 0.016946 0.011331
v 0.010986 0.016094 0.014616
v 0.012344 0.018232 0.013958
v 0.011933 0.018333 0.013392
v 0.010147 0.016586 0.013451
v 0.011749 0.018385 0.013051
v 0.009870 0.016749 0.012789
v 0.011589 0.018434 0.012676
v 0.011396 0.018499 0.012050
v 0.011572 0.015750 0.015111
v 0.015395 0.016503 0.015942
v 0.015709 0.017341 0.015823
v 0.014740 0.016871 0.015731
v 0.015097 0.017607 0.015624
v 0.014380 0.017073 0.015586
v 0.014292 0.017837 0.015308
v 0.013112 0.016319 0.015453
v 0.014015 0.017899 0.015180
v 0.013459 0.018010 0.014877
v 0.013108 0.018076 0.014646
v 0.012832 0.018130 0.014433
v 0.017567 0.015050 0.016338
v 0.017137 0.015892 0.016230
v 0.016495 0.015887 0.016181
v 0.016687 0.016543 0.016107
v 0.016259 0.016977 0.015986
v 0.016510 0.014694 0.016330
v 0.016525 0.013462 0.016457
v 0.017882 0.014116 0.016421
v 0.016681 0.012749 0.016521
v 0.016276 0.009059 0.016776
v 0.012326 0.013410 0.016084
v 0.012659 0.012092 0.016381
v 0.013353 0.012833 0.016333
v 0.013009 0.011745 0.016468
v 0.014441 0.012223 0.016503
v 0.013997 0.010837 0.016638
v 0.014272 0.010601 0.016670
v 0.011141 0.013797 0.015728
v 0.011777 0.013041 0.016074
v 0.010611 0.014471 0.015309
v 0.010229 0.014982 0.014887
v 0.009936 0.015385 0.014449
v 0.009565 0.015913 0.013635
v 0.009486 0.016027 0.013397
v 0.009389 0.016170 0.013051
v 0.009308 0.016291 0.012691
v 0.009192 0.016468 0.011989
v 0.009102 0.016607 0.011084
v 0.009053 0.016683 0.010110
v 0.009408 0.017020 0.009722
v 0.009046 0.016695 0.009838
v 0.011085 0.018466 0.010847
v 0.009031 0.016719 0.008000
v 0.014677 0.010265 -0.000709
v 0.014211 0.010653 -0.000664
v 0.016672 0.012754 -0.000521
v 0.018301 0.012279 -0.000533
v 0.016368 0.008995 -0.000777
v 0.016276 0.009059 -0.000776
v 0.015455 0.009655 -0.000756
v 0.017907 0.014022 -0.000428
v 0.016525 0.013462 -0.000457
v 0.017578 0.015023 -0.000341
v 0.016510 0.014694 -0.000330
v 0.017177 0.015825 -0.000240
v 0.016495 0.015887 -0.000181
v 0.016724 0.016497 -0.000117
v 0.015395 0.016503 0.000058
v 0.014719 0.016883 0.000277
v 0.015771 0.017307 0.000157
v 0.016266 0.016971 0.000013
v 0.014344 0.017825 0.000669
v 0.014973 0.017649 0.000420
v 0.015181 0.017576 0.000347
v 0.014380 0.017073 0.000414
v 0.012295 0.015834 0.000642
v 0.014015 0.017899 0.000820
v 0.013517 0.017999 0.001088
v 0.010130 0.016596 0.002583
v 0.012340 0.018233 0.002047
v 0.010495 0.016382 0.001966
v 0.012860 0.018124 0.001544
v 0.011579 0.018437 0.003350
v 0.011749 0.018385 0.002949
v 0.011894 0.018344 0.002673
v 0.009856 0.016757 0.003252
v 0.009659 0.016873 0.003967
v 0.011360 0.018512 0.004103
v 0.011313 0.018529 0.004328
v 0.009527 0.016950 0.004725
v 0.011091 0.018468 0.005120
v 0.010960 0.018431 0.006099
v 0.009406 0.017022 0.006348
v 0.010918 0.018420 0.007453
v 0.009046 0.016695 0.006162
v 0.009053 0.016683 0.005890
v 0.009102 0.016607 0.004916
v 0.009192 0.016468 0.004011
v 0.009308 0.016291 0.003309
v 0.009486 0.016027 0.002603
v 0.009652 0.015787 0.002135
v 0.013108 0.018076 0.001354
v 0.011549 0.015763 0.000906
v 0.010964 0.016107 0.001406
v 0.009936 0.015385 0.001551
v 0.011214 0.013706 0.000224
v 0.011040 0.013921 0.000340
v 0.012263 0.015344 0.000471
v 0.010677 0.014385 0.000630
v 0.010229 0.014982 0.001115
v 0.010084 0.015180 0.001315
v 0.011480 0.013387 0.000071
v 0.012306 0.014996 0.000343
v 0.012314 0.012450 -0.000279
v 0.012267 0.012500 -0.000264
v 0.013353 0.012833 -0.000333
v 0.012326 0.013410 -0.000084
v 0.013178 0.011582 -0.000504
v 0.014441 0.012223 -0.000503
v 0.015472 0.012836 -0.000484
v 0.018395 0.011891 -0.000550
v 0.018755 0.010708 -0.000590
v 0.019133 0.009840 -0.000600
v 0.020389 0.006686 -0.000507
v 0.019390 0.007187 -0.000640
v 0.020217 0.008298 -0.000530
v 0.019174 0.007300 -0.000662
v 0.019637 0.009008 -0.000582
v 0.019103 0.007338 -0.000668
v 0.017759 0.008100 -0.000755
v 0.020577 0.007934 -0.000484
v 0.020922 0.007622 -0.000430
v 0.021345 0.006242 -0.000319
v 0.021629 0.007069 -0.000286
v 0.021769 0.006971 -0.000252
v 0.022251 0.005847 -0.000067
v 0.022525 0.006488 -0.000030
v 0.022606 0.006440 -0.000002
v 0.023100 0.005498 0.000264
v 0.023342 0.006043 0.000299
v 0.023385 0.006021 0.000319
v 0.024561 0.004940 0.001197
v 0.024227 0.005063 0.000925
v 0.024131 0.005670 0.000741
v 0.023900 0.005187 0.000698
v 0.024069 0.005697 0.000701
v 0.023557 0.005318 0.000494
v 0.023330 0.005407 0.000374
v 0.024752 0.005403 0.001223
v 0.025239 0.005205 0.001732
v 0.025080 0.004752 0.001734
v 0.025299 0.005181 0.001806
v 0.025481 0.005109 0.002049
v 0.025529 0.004594 0.002369
v 0.025684 0.005030 0.002364
v 0.025586 0.004574 0.002467
v 0.025731 0.005012 0.002445
v 0.025736 0.004521 0.002749
v 0.025994 0.004910 0.002965
v 0.025940 0.004451 0.003206
v 0.026088 0.004874 0.003187
v 0.026211 0.004358 0.004031
v 0.026372 0.004764 0.004059
v 0.026235 0.004350 0.004122
v 0.026528 0.004704 0.004769
v 0.026428 0.004284 0.005067
v 0.026510 0.004257 0.005678
v 0.026583 0.004682 0.005098
v 0.026517 0.004255 0.005738
v 0.026718 0.004630 0.006355
v 0.026604 0.004225 0.006993
v 0.026622 0.004219 0.007959
v 0.026769 0.004610 0.008000
v 0.026622 0.004219 0.008000
v 0.014816 0.017897 0.003150
v 0.014001 0.017114 0.003150
v 0.014599 0.017141 0.002832
v 0.014748 0.017125 0.002760
v 0.015211 0.017379 0.002685
v 0.014886 0.017802 0.003042
v 0.015167 0.017031 0.002573
v 0.015590 0.016852 0.002403
v 0.015685 0.016799 0.002367
v 0.015591 0.016852 0.003150
v 0.011910 0.014624 0.002825
v 0.011912 0.014727 0.003150
v 0.011968 0.015184 0.003150
v 0.011983 0.014050 0.002533
v 0.012149 0.013582 0.002319
v 0.012149 0.013582 0.003150
v 0.011911 0.014617 0.002822
v 0.014459 0.017148 0.003150
v 0.015994 0.016583 0.002255
v 0.016465 0.016073 0.003150
v 0.016361 0.016212 0.002125
v 0.016864 0.015127 0.001922
v 0.016696 0.015660 0.002005
v 0.016888 0.014982 0.003150
v 0.016666 0.015727 0.002017
v 0.016491 0.016034 0.002079
v 0.016768 0.013818 0.001783
v 0.016818 0.013973 0.001797
v 0.016768 0.013818 0.003150
v 0.016908 0.014542 0.001852
v 0.016888 0.014982 0.001903
v 0.016051 0.012762 0.001703
v 0.016132 0.012836 0.001708
v 0.016132 0.012836 0.003150
v 0.016447 0.013198 0.001733
v 0.016717 0.013684 0.001772
v 0.015571 0.012434 0.001687
v 0.015119 0.012251 0.003150
v 0.015119 0.012251 0.001686
v 0.013950 0.012191 0.003150
v 0.014473 0.012149 0.001709
v 0.015056 0.012233 0.001687
v 0.012882 0.012669 0.003150
v 0.013374 0.012373 0.001833
v 0.013949 0.012191 0.001751
v 0.012178 0.013523 0.002293
v 0.012498 0.013038 0.002091
v 0.012878 0.012673 0.001949
v 0.024874 0.007528 0.010500
v 0.024260 0.006486 0.010500
v 0.024252 0.006490 0.010589
v 0.024821 0.007552 0.010733
v 0.024232 0.006499 0.010673
v 0.024740 0.007589 0.010854
v 0.024178 0.006524 0.010786
v 0.024126 0.006548 0.010854
v 0.024678 0.007618 0.010911
v 0.024015 0.006601 0.010943
v 0.024576 0.007666 0.010969
v 0.023807 0.006702 0.011000
v 0.024420 0.007741 0.011000
v 0.024501 0.007702 0.010992
v 0.022670 0.007334 0.011000
v 0.023281 0.008369 0.011000
v 0.023279 0.006978 0.011000
v 0.024322 0.007789 0.011000
v 0.022252 0.007609 0.011500
v 0.022863 0.008646 0.011500
v 0.022870 0.008641 0.011412
v 0.022300 0.007576 0.011266
v 0.022889 0.008628 0.011327
v 0.022938 0.008594 0.011213
v 0.022373 0.007527 0.011146
v 0.022984 0.008562 0.011146
v 0.022431 0.007488 0.011089
v 0.023087 0.008494 0.011056
v 0.022524 0.007427 0.011031
v 0.022594 0.007383 0.011008
v 0.022252 0.007609 0.013000
v 0.022863 0.008646 0.013000
v -0.001306 0.002043 0.016000
v -0.001306 0.002043 0.016730
v -0.002422 -0.000109 0.016000
v -0.001874 0.000948 0.016929
v -0.002422 -0.000109 0.017105
v -0.001519 -0.001522 0.017452
v -0.001117 -0.002152 0.017571
v -0.001117 -0.002152 0.016000
v -0.001783 -0.001109 0.017363
v 0.001306 -0.002043 0.016000
v 0.000085 -0.002098 0.017618
v 0.001306 -0.002043 0.017652
v 0.002422 0.000109 0.017433
v 0.002422 0.000109 0.016000
v 0.001854 -0.000986 0.017547
v 0.001117 0.002152 0.017015
v 0.001117 0.002152 0.016000
v 0.001757 0.001151 0.017247
v -0.000112 0.002097 0.016886
v -0.001308 0.000734 0.016000
v 0.001290 0.000766 0.016000
v 0.000019 -0.001500 0.016000
v 0.001500 0.000019 0.016000
v 0.001308 -0.000734 0.016000
v 0.000766 -0.001290 0.016000
v -0.000734 -0.001308 0.016000
v -0.001290 -0.000766 0.016000
v -0.001500 -0.000019 0.016000
v -0.000766 0.001290 0.016000
v -0.000019 0.001500 0.016000
v 0.000734 0.001308 0.016000
v -0.002500 -0.000031 0.014797
v -0.002500 -0.000031 0.013600
v -0.002453 -0.000481 0.014913
v -0.002408 -0.000671 0.013600
v -0.002291 -0.001002 0.015046
v -0.002025 -0.001466 0.015163
v -0.001898 -0.001628 0.013600
v -0.001898 -0.001627 0.015203
v -0.001632 -0.001893 0.015269
v -0.001030 -0.002278 0.013600
v -0.001156 -0.002217 0.015351
v -0.000617 -0.002423 0.015409
v 0.000031 -0.002500 0.013600
v -0.000068 -0.002499 0.015443
v 0.000500 -0.002449 0.015458
v 0.001087 -0.002252 0.013600
v 0.001005 -0.002289 0.015455
v 0.001507 -0.001995 0.015437
v 0.001938 -0.001580 0.013600
v 0.001932 -0.001587 0.015403
v 0.002246 -0.001098 0.015356
v 0.002424 -0.000611 0.013600
v 0.002439 -0.000550 0.015297
v 0.002500 0.000031 0.013600
v 0.002500 0.000031 0.015225
v -0.001500 -0.000019 0.013600
v -0.001290 -0.000766 0.013600
v -0.000734 -0.001308 0.013600
v 0.000019 -0.001500 0.013600
v 0.000766 -0.001290 0.013600
v 0.001308 -0.000734 0.013600
v 0.001500 0.000019 0.013600
v -0.002424 0.000611 0.013600
v -0.001308 0.000734 0.013600
v -0.001938 0.001580 0.013600
v -0.000766 0.001290 0.013600
v -0.001087 0.002252 0.013600
v -0.000019 0.001500 0.013600
v -0.000031 0.002500 0.013600
v 0.000734 0.001308 0.013600
v 0.001030 0.002278 0.013600
v 0.001290 0.000766 0.013600
v 0.001898 0.001628 0.013600
v 0.002408 0.000671 0.013600
v -0.000551 0.002438 0.014424
v -0.000056 0.002499 0.014495
v 0.002437 0.000559 0.015150
v 0.002236 0.001118 0.015053
v 0.001910 0.001613 0.014944
v 0.001498 0.002001 0.014829
v 0.001023 0.002281 0.014713
v 0.000484 0.002453 0.014596
v -0.001070 0.002259 0.014379
v -0.001543 0.001967 0.014379
v -0.001940 0.001577 0.014428
v -0.002247 0.001097 0.014521
v -0.002441 0.000542 0.014652
v 0.011495 -0.006502 0.017617
v 0.012753 -0.005071 0.017483
v 0.011771 -0.004845 0.017573
v 0.019519 -0.001983 0.016240
v 0.019760 -0.002519 0.016069
v 0.020504 -0.002651 0.015677
v 0.018904 -0.002437 0.016405
v 0.009646 -0.001873 0.017590
v 0.009565 -0.001852 0.017592
v 0.008801 -0.002957 0.017674
v 0.008707 -0.008875 0.017882
v 0.009079 -0.008675 0.017851
v 0.009642 -0.008027 0.017797
v 0.006516 -0.006113 0.017906
v 0.004502 -0.008711 0.018094
v 0.004708 -0.008821 0.018092
v 0.005091 -0.008999 0.018084
v 0.005461 -0.009138 0.018074
v 0.006008 -0.009282 0.018055
v 0.006180 -0.009312 0.018047
v 0.006922 -0.009354 0.018009
v 0.007621 -0.009262 0.017965
v 0.007818 -0.009214 0.017951
v 0.008358 -0.009032 0.017910
v 0.011298 -0.002113 0.017528
v 0.010781 -0.002075 0.017553
v 0.009826 -0.001918 0.017586
v 0.012691 -0.002093 0.017441
v 0.011908 -0.002123 0.017494
v 0.013643 -0.004227 0.017383
v 0.014406 -0.003651 0.017292
v 0.014581 -0.001916 0.017270
v 0.015077 -0.002458 0.017212
v 0.016050 -0.001787 0.017084
v 0.017947 -0.002443 0.016684
v 0.017654 -0.001774 0.016793
v 0.016973 -0.002571 0.016900
v 0.016464 -0.001769 0.017019
v 0.016070 -0.002817 0.017060
v 0.018834 -0.001876 0.016482
v 0.018807 -0.001873 0.016490
v 0.018039 -0.002438 0.016660
v 0.018367 -0.001824 0.016618
v 0.018102 -0.001801 0.016687
v 0.021166 -0.002814 0.015205
v 0.020762 -0.002272 0.015612
v 0.020389 -0.002173 0.015834
v 0.021392 -0.002877 0.015006
v 0.021312 -0.002439 0.015207
v 0.021118 -0.002378 0.015362
v 0.021826 -0.003010 0.014547
v 0.022316 -0.003183 0.013843
v 0.022347 -0.002819 0.014018
v 0.022122 -0.002729 0.014348
v 0.021874 -0.002635 0.014657
v 0.021604 -0.002538 0.014943
v 0.022532 -0.002896 0.013698
v 0.022531 -0.002896 0.013701
v 0.022493 -0.002879 0.013771
v 0.022420 -0.002849 0.013897
v 0.023052 -0.003123 0.012414
v 0.022909 -0.003061 0.012848
v 0.022700 -0.003330 0.013054
v 0.022715 -0.002975 0.013327
v 0.022546 -0.002902 0.013674
v 0.023298 -0.003577 0.010517
v 0.023282 -0.003225 0.011457
v 0.023220 -0.003543 0.011091
v 0.022997 -0.003449 0.012154
v 0.023375 -0.003610 0.009674
v 0.023510 -0.003330 0.009499
v 0.023434 -0.003295 0.010430
v 0.023397 -0.003620 0.009291
v 0.015255 -0.003158 0.017181
v 0.009571 -0.008357 0.017807
v 0.009903 -0.008106 0.017776
v 0.010660 -0.007422 0.017703
v -0.001523 0.001983 0.001623
v -0.001931 0.001588 0.001575
v -0.001938 0.001580 0.002400
v -0.002500 -0.000020 0.001206
v -0.002500 -0.000031 0.001203
v -0.002500 -0.000031 0.002400
v -0.002424 0.000611 0.002400
v -0.002242 0.001107 0.001481
v -0.002434 0.000571 0.001355
v -0.002500 -0.000009 0.001209
v -0.001036 0.002275 0.001620
v -0.001087 0.002252 0.002400
v -0.000562 0.002436 0.001578
v -0.000031 0.002500 0.002400
v 0.000016 0.002500 0.001493
v 0.000602 0.002426 0.001380
v 0.001030 0.002278 0.002400
v 0.001155 0.002217 0.001256
v 0.001642 0.001886 0.001133
v 0.001898 0.001628 0.002400
v 0.001897 0.001628 0.001060
v 0.002036 0.001451 0.001017
v 0.002408 0.000671 0.002400
v 0.002294 0.000994 0.000924
v 0.002461 0.000442 0.000832
v 0.002500 0.000031 0.002400
v 0.002500 0.000031 0.000775
v 0.002424 -0.000611 0.002400
v 0.002438 -0.000553 0.000703
v 0.002241 -0.001107 0.000643
v 0.001938 -0.001580 0.002400
v 0.001921 -0.001600 0.000596
v 0.001498 -0.002002 0.000563
v 0.001087 -0.002252 0.002400
v 0.000991 -0.002295 0.000544
v 0.000428 -0.002463 0.000543
v 0.000031 -0.002500 0.002400
v 0.000031 -0.002500 0.000553
v -0.001266 -0.002156 0.000665
v -0.001030 -0.002278 0.000633
v -0.001030 -0.002278 0.002400
v -0.000729 -0.002391 0.000601
v -0.000157 -0.002495 0.000561
v -0.001728 -0.001807 0.000752
v -0.001898 -0.001628 0.002400
v -0.001898 -0.001627 0.000797
v -0.002105 -0.001350 0.000866
v -0.002408 -0.000671 0.002400
v -0.002361 -0.000822 0.001000
v -0.002488 -0.000245 0.001148
v 0.001500 0.000019 0.002400
v 0.001308 -0.000734 0.002400
v 0.000766 -0.001290 0.002400
v 0.000019 -0.001500 0.002400
v -0.000734 -0.001308 0.002400
v -0.001290 -0.000766 0.002400
v -0.001500 -0.000019 0.002400
v 0.001290 0.000766 0.002400
v 0.000734 0.001308 0.002400
v -0.000019 0.001500 0.002400
v -0.000766 0.001290 0.002400
v -0.001308 0.000734 0.002400
v -0.002422 -0.000109 0.000000
v -0.001306 0.002043 0.000000
v -0.001308 0.000734 0.000000
v 0.001306 -0.002043 -0.000000
v -0.001117 -0.002152 -0.000000
v 0.000019 -0.001500 -0.000000
v 0.001117 0.002152 -0.000000
v 0.002422 0.000109 -0.000000
v 0.001290 0.000766 0.000000
v 0.000734 0.001308 0.000000
v -0.000019 0.001500 -0.000000
v -0.000766 0.001290 0.000000
v -0.001500 -0.000019 0.000000
v -0.001290 -0.000766 0.000000
v -0.000734 -0.001308 0.000000
v 0.000766 -0.001290 0.000000
v 0.001308 -0.000734 0.000000
v 0.001500 0.000019 0.000000
v -0.001306 0.002043 -0.000730
v -0.000112 0.002097 -0.000886
v 0.001117 0.002152 -0.001015
v -0.001874 0.000948 -0.000929
v -0.002422 -0.000109 -0.001105
v -0.001783 -0.001109 -0.001363
v -0.001117 -0.002152 -0.001571
v 0.000085 -0.002098 -0.001618
v 0.001306 -0.002043 -0.001652
v 0.002422 0.000109 -0.001433
v 0.001854 -0.000986 -0.001547
v 0.001757 0.001151 -0.001247
v 0.020057 0.013604 0.000603
v 0.020020 0.013773 0.001975
v 0.020057 0.013604 0.002148
v 0.019982 0.013944 0.000615
v 0.019982 0.013944 0.001564
v 0.019982 0.013944 0.001800
v 0.022350 0.009035 0.015178
v 0.022350 0.009035 0.013500
v 0.021776 0.009560 0.015302
v 0.021253 0.010187 0.013500
v 0.021281 0.010148 0.015380
v 0.020531 0.011690 0.015435
v 0.020592 0.011511 0.015435
v 0.020592 0.011511 0.013500
v 0.020864 0.010849 0.015423
v 0.021253 0.010187 0.015384
v 0.020415 0.012077 0.015433
v 0.020132 0.013260 0.013500
v 0.020198 0.012960 0.015416
v 0.020094 0.013433 0.013677
v 0.020057 0.013604 0.013852
v 0.020057 0.013604 0.015397
v 0.013727 0.018333 0.012850
v 0.013703 0.018325 0.012850
v 0.013716 0.018372 0.012696
v 0.013698 0.018380 0.012632
v 0.013706 0.018412 0.012460
v 0.013696 0.018425 0.012326
v 0.013697 0.018438 0.012020
v 0.013697 0.018438 0.003980
v 0.013694 0.018428 0.003728
v 0.013703 0.018422 0.003634
v 0.013699 0.018391 0.003426
v 0.013716 0.018373 0.003314
v 0.013703 0.018325 0.003150
v 0.013727 0.018333 0.003150
v 0.013458 0.019329 0.003150
v 0.013458 0.019329 0.012850
v 0.013447 0.019372 0.012573
v 0.013440 0.019397 0.012292
v 0.013440 0.019397 0.011518
v 0.013447 0.019372 0.003427
v 0.013440 0.019397 0.003708
v 0.013709 0.018400 0.004763
v 0.013458 0.019330 0.006098
v 0.013461 0.019318 0.007878
v 0.013735 0.018304 0.008000
v 0.013461 0.019318 0.008000
v 0.013461 0.019318 0.008212
v 0.013733 0.018311 0.009519
v 0.013458 0.019330 0.009902
v 0.013706 0.018412 0.011409
v 0.013711 0.018400 0.011234
v 0.013450 0.019362 0.010765
v 0.013717 0.018376 0.010912
v 0.013725 0.018339 0.010318
v 0.013440 0.019397 0.004482
v 0.013450 0.019362 0.005234
v 0.013726 0.018336 0.005726
v 0.013734 0.018307 0.006845
v 0.013693 0.018411 0.011405
v 0.013702 0.018350 0.010507
v 0.013693 0.018399 0.011235
v 0.013698 0.018370 0.010827
v 0.013703 0.018306 0.008000
v 0.013701 0.018308 0.009065
v 0.013702 0.018329 0.010059
v 0.013702 0.018337 0.010248
v 0.013698 0.018399 0.004763
v 0.013702 0.018345 0.005600
v 0.013703 0.018310 0.006845
v 0.013457 0.017686 0.010554
v 0.013483 0.017715 0.010512
v 0.013485 0.017716 0.012850
v 0.013379 0.017614 0.005449
v 0.013206 0.017499 0.003150
v 0.013428 0.017657 0.005436
v 0.013485 0.017716 0.003150
v 0.013457 0.017686 0.005447
v 0.013348 0.017587 0.005476
v 0.013296 0.017551 0.005592
v 0.013206 0.017499 0.006017
v 0.013676 0.018085 0.012850
v 0.013556 0.017811 0.010186
v 0.013595 0.017877 0.009507
v 0.013601 0.017888 0.008811
v 0.013601 0.017888 0.008000
v 0.013676 0.018085 0.003150
v 0.013595 0.017877 0.006504
v 0.013557 0.017811 0.005815
v 0.013483 0.017715 0.005488
v 0.013206 0.017499 0.012850
v 0.013206 0.017499 0.009983
v 0.013295 0.017551 0.010407
v 0.013347 0.017587 0.010523
v 0.013380 0.017613 0.010551
v 0.013428 0.017656 0.010564
v 0.013425 0.017681 0.010297
v 0.013155 0.017473 0.009432
v 0.013399 0.017689 0.009748
v 0.013138 0.017464 0.008000
v 0.013426 0.017681 0.005703
v 0.013399 0.017689 0.006257
v 0.013174 0.017483 0.006308
v 0.013137 0.017463 0.007475
v 0.012340 0.016855 0.012850
v 0.011545 0.015276 0.003639
v 0.011496 0.014751 0.003150
v 0.011685 0.015793 0.003150
v 0.011616 0.015584 0.004036
v 0.011685 0.015793 0.012850
v 0.011779 0.016022 0.011128
v 0.011815 0.016098 0.010923
v 0.011896 0.016251 0.010388
v 0.011918 0.016290 0.010199
v 0.011984 0.016397 0.009316
v 0.011999 0.016421 0.008000
v 0.012340 0.016855 0.003150
v 0.011984 0.016397 0.006683
v 0.011918 0.016290 0.005801
v 0.011894 0.016248 0.005600
v 0.011815 0.016099 0.005077
v 0.011777 0.016019 0.004864
v 0.011643 0.015673 0.004175
v 0.011496 0.014751 0.012850
v 0.011540 0.015252 0.012388
v 0.011616 0.015584 0.011963
v 0.011637 0.015654 0.011855
v 0.014001 0.017114 0.012850
v 0.014816 0.017897 0.012850
v 0.014586 0.017142 0.013162
v 0.014899 0.017787 0.012973
v 0.014748 0.017125 0.013239
v 0.015104 0.017519 0.013215
v 0.015158 0.017033 0.013424
v 0.015243 0.017341 0.013343
v 0.015590 0.016852 0.013597
v 0.015685 0.016799 0.013633
v 0.014459 0.017148 0.012850
v 0.015591 0.016852 0.012850
v 0.015989 0.016587 0.013743
v 0.016465 0.016073 0.012850
v 0.012174 0.013530 0.013704
v 0.011981 0.014058 0.013463
v 0.012149 0.013582 0.012850
v 0.011911 0.014617 0.013178
v 0.011912 0.014727 0.012850
v 0.011910 0.014631 0.013171
v 0.011968 0.015184 0.012850
v 0.012488 0.013050 0.013904
v 0.012882 0.012669 0.012850
v 0.012897 0.012658 0.014057
v 0.013388 0.012367 0.014170
v 0.013950 0.012191 0.012850
v 0.013923 0.012196 0.014246
v 0.014490 0.012149 0.014292
v 0.015119 0.012251 0.012850
v 0.015068 0.012236 0.014313
v 0.015619 0.012460 0.014312
v 0.016132 0.012836 0.012850
v 0.016089 0.012796 0.014295
v 0.016487 0.013256 0.014262
v 0.016768 0.013818 0.012850
v 0.016759 0.013791 0.014219
v 0.016888 0.014982 0.012850
v 0.016909 0.014547 0.014147
v 0.016818 0.013973 0.014203
v 0.016699 0.015654 0.013996
v 0.016865 0.015124 0.014079
v 0.016888 0.014982 0.014097
v 0.016358 0.016216 0.013874
v 0.016491 0.016034 0.013921
v 0.016666 0.015727 0.013983
v 0.004511 -0.011135 0.015096
v 0.004153 -0.011018 0.015098
v 0.004365 -0.011079 0.015098
v 0.004165 -0.010996 0.015099
v 0.004670 -0.011284 0.015076
v 0.004105 -0.011104 0.015094
v 0.004129 -0.011061 0.015096
v 0.004716 -0.011208 0.015092
v 0.005190 -0.011410 0.015060
v 0.005215 -0.011357 0.015077
v 0.005512 -0.011427 0.015067
v 0.005627 -0.011502 0.015042
v 0.005473 -0.011418 0.015068
v 0.005519 -0.011428 0.015067
v 0.005555 -0.011435 0.015066
v 0.005590 -0.011443 0.015064
v 0.005625 -0.011449 0.015063
v 0.005639 -0.011478 0.015053
v 0.005648 -0.011453 0.015063
v 0.005966 -0.011590 0.015022
v 0.005854 -0.011488 0.015057
v 0.005996 -0.011508 0.015053
v 0.006630 -0.011757 0.014965
v 0.006698 -0.011555 0.015031
v 0.006572 -0.011922 0.014877
v 0.005918 -0.011727 0.014965
v 0.005582 -0.011622 0.014999
v 0.005142 -0.011512 0.015029
v 0.005364 -0.011567 0.015015
v 0.004875 -0.011448 0.015042
v 0.004615 -0.011379 0.015055
v 0.004328 -0.011290 0.015073
v 0.004056 -0.011189 0.015089
v 0.004573 -0.011450 0.015040
v 0.004531 -0.011521 0.015025
v 0.004248 -0.011423 0.015056
v 0.003982 -0.011317 0.015082
v 0.004795 -0.011594 0.015004
v 0.004835 -0.011521 0.015023
v 0.005070 -0.011667 0.014983
v 0.005089 -0.011627 0.014995
v 0.005106 -0.011588 0.015006
v 0.005314 -0.011688 0.014976
v 0.005330 -0.011647 0.014989
v 0.005440 -0.011679 0.014978
v 0.005531 -0.011757 0.014951
v 0.005523 -0.011778 0.014942
v 0.005407 -0.011764 0.014949
v 0.005519 -0.011791 0.014939
v 0.005515 -0.011801 0.014934
v 0.005548 -0.011712 0.014967
v 0.005296 -0.011729 0.014962
v 0.005182 -0.011695 0.014975
v 0.005846 -0.011933 0.014877
v 0.005851 -0.011921 0.014883
v 0.005854 -0.011907 0.014888
v 0.005864 -0.011882 0.014899
v 0.005882 -0.011830 0.014921
v 0.006484 -0.012171 0.014744
v 0.006490 -0.012156 0.014753
v 0.006494 -0.012139 0.014760
v 0.006506 -0.012109 0.014778
v 0.006528 -0.012047 0.014811
v 0.006049 -0.012180 0.014717
v 0.005612 -0.012123 0.014740
v 0.005671 -0.012079 0.014772
v 0.006206 -0.012405 0.014543
v 0.006131 -0.012109 0.014772
v 0.006475 -0.012186 0.014732
v 0.005678 -0.012077 0.014774
v 0.005756 -0.012035 0.014805
v 0.005304 -0.011980 0.014825
v 0.005351 -0.011944 0.014847
v 0.005382 -0.011933 0.014854
v 0.005442 -0.011890 0.014879
v 0.005041 -0.011705 0.014961
v 0.004977 -0.011769 0.014933
v 0.005011 -0.011851 0.014895
v 0.004952 -0.011779 0.014929
v 0.004907 -0.011812 0.014915
v 0.005114 -0.011895 0.014872
v 0.004666 -0.011720 0.014961
v 0.004551 -0.011679 0.014981
v 0.004427 -0.011636 0.015001
v 0.004157 -0.011541 0.015043
v 0.004031 -0.011493 0.015061
v 0.003906 -0.011442 0.015076
v 0.004119 -0.011597 0.015038
v 0.003879 -0.011489 0.015075
v 0.004021 -0.011504 0.015060
v 0.004149 -0.011552 0.015042
v 0.004404 -0.011664 0.014996
v 0.004374 -0.011703 0.014990
v 0.004482 -0.011754 0.014965
v 0.004819 -0.011908 0.014881
v 0.005195 -0.012093 0.014771
v 0.005490 -0.012248 0.014669
v 0.006067 -0.012555 0.014444
v 0.006350 -0.012696 0.014326
v 0.006491 -0.012532 0.014437
v 0.006637 -0.012221 0.014710
v 0.006787 -0.012265 0.014676
v 0.006734 -0.012334 0.014614
v 0.006593 -0.012442 0.014516
v 0.006655 -0.012179 0.014741
v 0.006691 -0.012079 0.014796
v 0.006844 -0.012118 0.014775
v 0.006667 -0.012145 0.014762
v 0.006899 -0.011968 0.014849
v 0.006967 -0.011785 0.014938
v 0.007048 -0.011549 0.015018
v 0.006748 -0.011555 0.015029
v -0.001642 -0.004289 0.000889
v -0.000966 -0.005267 0.000880
v -0.000934 -0.005245 0.000856
v -0.002232 -0.003328 0.000895
v -0.002242 -0.003332 0.000897
v -0.002019 -0.003633 0.000881
v -0.001946 -0.003778 0.000886
v -0.001951 -0.003732 0.000877
v -0.000964 -0.005151 0.000827
v -0.001592 -0.004258 0.000856
v -0.001615 -0.004273 0.000875
v -0.001630 -0.004203 0.000858
v -0.001927 -0.003767 0.000875
v 0.000541 -0.007103 0.000830
v 0.000386 -0.006877 0.000787
v -0.000640 -0.005591 0.000815
v 0.001484 -0.008068 0.000770
v 0.001347 -0.007972 0.000822
v 0.002206 -0.008778 0.000818
v 0.002387 -0.008895 0.000764
v 0.003128 -0.009496 0.000816
v 0.003224 -0.009529 0.000762
v 0.004069 -0.010093 0.000846
v 0.004094 -0.010046 0.000764
v 0.004006 -0.010214 0.000900
v 0.004031 -0.010166 0.000893
v 0.003629 -0.010004 0.000900
v 0.003068 -0.009582 0.000891
v 0.002691 -0.009380 0.000900
v 0.002138 -0.008856 0.000891
v 0.001784 -0.008618 0.000900
v 0.001274 -0.008044 0.000892
v 0.000788 -0.007610 0.000900
v 0.000466 -0.007168 0.000893
v -0.001348 -0.004863 0.000900
v -0.000237 -0.006396 0.000900
v -0.001002 -0.005293 0.000895
v 0.000507 -0.007132 0.000869
v 0.001315 -0.008004 0.000865
v 0.002177 -0.008812 0.000863
v 0.003102 -0.009534 0.000863
v -0.002274 -0.003344 0.000900
v -0.000908 -0.005227 0.000825
v -0.001696 -0.004323 0.000900
v 0.004404 -0.011664 0.001004
v 0.004427 -0.011636 0.000999
v 0.004149 -0.011552 0.000958
v 0.004031 -0.011493 0.000939
v 0.003906 -0.011442 0.000924
v 0.003879 -0.011489 0.000925
v 0.004157 -0.011541 0.000957
v 0.004021 -0.011504 0.000940
v 0.004119 -0.011597 0.000962
v 0.004374 -0.011703 0.001010
v 0.004551 -0.011679 0.001019
v 0.004907 -0.011812 0.001085
v 0.004666 -0.011720 0.001039
v 0.004819 -0.011908 0.001119
v 0.004482 -0.011754 0.001035
v 0.005007 -0.011859 0.001104
v 0.005195 -0.012093 0.001229
v 0.005277 -0.012006 0.001189
v 0.005304 -0.011980 0.001175
v 0.005342 -0.012169 0.001278
v 0.005429 -0.012079 0.001232
v 0.005582 -0.012153 0.001279
v 0.005612 -0.012123 0.001260
v 0.005458 -0.012051 0.001216
v 0.005490 -0.012248 0.001331
v 0.006067 -0.012555 0.001556
v 0.006206 -0.012405 0.001457
v 0.005846 -0.011933 0.001123
v 0.005804 -0.011990 0.001165
v 0.006133 -0.012109 0.001228
v 0.005687 -0.012075 0.001225
v 0.006051 -0.012181 0.001284
v 0.006353 -0.012302 0.001367
v 0.006459 -0.012207 0.001287
v 0.006484 -0.012171 0.001256
v 0.005515 -0.011801 0.001066
v 0.005182 -0.011695 0.001025
v 0.004952 -0.011779 0.001071
v 0.005071 -0.011667 0.001018
v 0.005041 -0.011705 0.001039
v 0.004977 -0.011769 0.001067
v 0.005407 -0.011764 0.001051
v 0.005296 -0.011729 0.001038
v 0.004795 -0.011594 0.000996
v 0.004531 -0.011521 0.000975
v 0.003982 -0.011317 0.000918
v 0.004248 -0.011423 0.000944
v 0.004573 -0.011450 0.000960
v 0.004615 -0.011379 0.000945
v 0.004328 -0.011290 0.000927
v 0.004056 -0.011189 0.000911
v 0.004875 -0.011448 0.000958
v 0.005106 -0.011588 0.000994
v 0.005142 -0.011512 0.000971
v 0.004835 -0.011521 0.000977
v 0.005089 -0.011627 0.001005
v 0.005314 -0.011688 0.001024
v 0.005330 -0.011647 0.001011
v 0.005519 -0.011791 0.001061
v 0.005523 -0.011778 0.001058
v 0.005531 -0.011757 0.001049
v 0.005364 -0.011567 0.000985
v 0.005582 -0.011622 0.001001
v 0.005440 -0.011679 0.001022
v 0.005548 -0.011712 0.001033
v 0.005918 -0.011727 0.001035
v 0.005882 -0.011830 0.001079
v 0.005864 -0.011882 0.001101
v 0.005854 -0.011907 0.001112
v 0.005851 -0.011921 0.001117
v 0.006572 -0.011922 0.001123
v 0.006528 -0.012047 0.001189
v 0.006506 -0.012109 0.001222
v 0.006494 -0.012139 0.001240
v 0.006490 -0.012156 0.001247
v 0.006630 -0.011757 0.001035
v 0.005966 -0.011590 0.000978
v 0.005627 -0.011502 0.000958
v 0.005190 -0.011410 0.000940
v 0.004670 -0.011284 0.000924
v 0.004105 -0.011104 0.000906
v 0.004165 -0.010996 0.000901
v 0.004153 -0.011018 0.000902
v 0.004365 -0.011079 0.000902
v 0.004511 -0.011135 0.000904
v 0.004129 -0.011061 0.000904
v 0.004713 -0.011207 0.000908
v 0.004716 -0.011208 0.000908
v 0.005215 -0.011357 0.000923
v 0.005594 -0.011443 0.000936
v 0.005588 -0.011442 0.000935
v 0.005625 -0.011449 0.000937
v 0.005639 -0.011478 0.000947
v 0.005648 -0.011453 0.000937
v 0.005473 -0.011418 0.000932
v 0.005555 -0.011435 0.000934
v 0.005996 -0.011508 0.000947
v 0.006698 -0.011555 0.000969
v 0.007048 -0.011549 0.000982
v 0.007006 -0.011673 0.001024
v 0.006967 -0.011785 0.001062
v 0.006933 -0.011877 0.001106
v 0.006899 -0.011968 0.001151
v 0.006691 -0.012079 0.001204
v 0.006849 -0.012106 0.001219
v 0.006667 -0.012145 0.001238
v 0.006823 -0.012176 0.001253
v 0.006655 -0.012179 0.001259
v 0.006810 -0.012213 0.001277
v 0.006637 -0.012221 0.001290
v 0.006787 -0.012265 0.001324
v 0.006491 -0.012532 0.001563
v 0.006513 -0.012349 0.001402
v 0.006615 -0.012252 0.001318
v 0.006655 -0.012402 0.001447
v 0.006350 -0.012696 0.001674
v 0.006228 -0.012855 0.001750
v 0.005948 -0.012700 0.001623
v 0.005387 -0.012367 0.001377
v 0.005146 -0.012148 0.001249
v 0.005103 -0.012199 0.001265
v 0.004746 -0.011998 0.001140
v 0.004780 -0.011955 0.001131
v 0.004343 -0.011743 0.001015
v 0.004320 -0.011776 0.001019
v 0.003865 -0.011514 0.000926
v 0.003853 -0.011538 0.000927
v 0.003575 -0.011381 0.000901
v 0.003516 -0.011292 0.000900
v 0.003499 -0.011336 0.000900
v 0.003533 -0.011248 0.000900
v 0.003584 -0.011116 0.000900
v 0.003635 -0.010985 0.000900
v 0.003670 -0.010897 0.000900
v 0.003735 -0.010827 0.000900
v 0.003704 -0.010809 0.000900
v 0.003923 -0.010925 0.000901
v 0.003795 -0.010858 0.000900
v 0.003780 -0.010816 0.000900
v 0.003714 -0.010783 0.000900
v 0.004606 -0.010483 0.000902
v 0.007049 -0.011391 0.000982
v 0.007050 -0.011233 0.000983
v 0.006536 -0.010900 0.000963
v 0.007193 -0.010882 0.000990
v 0.007135 -0.011217 0.000986
v 0.007219 -0.011200 0.000990
v 0.005874 -0.010836 0.000941
v 0.004732 -0.010531 0.000903
v 0.007382 -0.010679 0.000884
v 0.007572 -0.010653 0.000895
v 0.007572 -0.010560 0.000755
v 0.007356 -0.010132 0.000537
v 0.007183 -0.010149 0.000521
v 0.007193 -0.010310 0.000543
v 0.007528 -0.010114 0.000553
v 0.007528 -0.010109 0.000553
v 0.007190 -0.010699 0.000873
v 0.007196 -0.010607 0.000730
v 0.007197 -0.010471 0.000614
v 0.007564 -0.010425 0.000642
v 0.007548 -0.010267 0.000574
v 0.007529 -0.010118 0.000553
v 0.008361 -0.010068 0.000652
v 0.009129 -0.009755 0.000736
v 0.009054 -0.009599 0.000711
v 0.008208 -0.009951 0.000620
v 0.008446 -0.010444 0.000974
v 0.009249 -0.010044 0.000955
v 0.008436 -0.010353 0.000835
v 0.009199 -0.009913 0.000819
v 0.008405 -0.010222 0.000721
v 0.009247 -0.010136 0.001108
v 0.009260 -0.010130 0.001110
v 0.009272 -0.010125 0.001113
v 0.007591 -0.010650 0.000896
v 0.007610 -0.010647 0.000897
v 0.009476 -0.010027 0.001156
v 0.009678 -0.009924 0.001200
v 0.009655 -0.009848 0.001026
v 0.009517 -0.009555 0.000781
v 0.009431 -0.009395 0.000753
v 0.009244 -0.009499 0.000732
v 0.009598 -0.009717 0.000874
v 0.010664 -0.009282 0.001389
v 0.010968 -0.009038 0.001431
v 0.010944 -0.008982 0.001226
v 0.010878 -0.008322 0.000920
v 0.010619 -0.008550 0.000892
v 0.010754 -0.008716 0.000931
v 0.010088 -0.008968 0.000830
v 0.009602 -0.009293 0.000773
v 0.009527 -0.009338 0.000764
v 0.011817 -0.007351 0.001014
v 0.011971 -0.007783 0.001155
v 0.012158 -0.007360 0.001088
v 0.011836 -0.007652 0.001040
v 0.012079 -0.007284 0.001048
v 0.012065 -0.007883 0.001336
v 0.011511 -0.008548 0.001491
v 0.012355 -0.007621 0.001483
v 0.012357 -0.007638 0.001553
v 0.012339 -0.007581 0.001375
v 0.012294 -0.007514 0.001250
v 0.012243 -0.007451 0.001167
v 0.009908 -0.009794 0.001249
v 0.010868 -0.008867 0.001045
v 0.011965 -0.007181 0.001027
v 0.016565 -0.004127 0.002146
v 0.017070 -0.003982 0.002293
v 0.017315 -0.003930 0.002264
v 0.017438 -0.003908 0.002293
v 0.017464 -0.003904 0.002429
v 0.018087 -0.003836 0.002528
v 0.017836 -0.003856 0.002584
v 0.018341 -0.003826 0.002660
v 0.018328 -0.003826 0.002850
v 0.018376 -0.003826 0.002680
v 0.018378 -0.003826 0.002883
v 0.018443 -0.003825 0.002927
v 0.018826 -0.003834 0.002991
v 0.018886 -0.003837 0.003315
v 0.019068 -0.003850 0.003214
v 0.019237 -0.003865 0.003407
v 0.019843 -0.003950 0.004712
v 0.019752 -0.003935 0.004405
v 0.019532 -0.003901 0.004426
v 0.019553 -0.003904 0.003913
v 0.019256 -0.003867 0.003822
v 0.019494 -0.003896 0.004322
v 0.019950 -0.003970 0.005181
v 0.019753 -0.003935 0.005240
v 0.020081 -0.003995 0.006065
v 0.019919 -0.003964 0.006430
v 0.020102 -0.004000 0.006284
v 0.020168 -0.004014 0.007760
v 0.019981 -0.003976 0.008000
v 0.020169 -0.004014 0.008000
v 0.020107 -0.004001 0.009658
v 0.019918 -0.003964 0.009567
v 0.019095 -0.003852 0.012758
v 0.019461 -0.003892 0.012260
v 0.019286 -0.003871 0.012125
v 0.019542 -0.003903 0.012110
v 0.019493 -0.003896 0.011678
v 0.019733 -0.003932 0.011652
v 0.019555 -0.003904 0.011508
v 0.019843 -0.003950 0.011288
v 0.019771 -0.003938 0.010666
v 0.019961 -0.003972 0.010761
v 0.020080 -0.003995 0.009935
v 0.019035 -0.003847 0.012508
v 0.018940 -0.003840 0.012624
v 0.018662 -0.003827 0.013134
v 0.018495 -0.003825 0.013035
v 0.018383 -0.003825 0.013316
v 0.018380 -0.003825 0.013116
v 0.018082 -0.003836 0.013475
v 0.017945 -0.003846 0.013364
v 0.017438 -0.003908 0.013707
v 0.017464 -0.003905 0.013571
v 0.017285 -0.003936 0.013743
v 0.017211 -0.003951 0.013661
v 0.016565 -0.004127 0.013854
v 0.013057 -0.007631 0.001747
v 0.013062 -0.008053 0.001735
v 0.013057 -0.007631 0.001573
v 0.003806 -0.010605 0.015900
v 0.003714 -0.010783 0.015900
v 0.004173 -0.010780 0.015900
v 0.004365 -0.011079 0.015900
v 0.004440 -0.010893 0.015900
v 0.007246 -0.011536 0.015858
v 0.007230 -0.011338 0.015858
v 0.007086 -0.011547 0.015862
v 0.007085 -0.011347 0.015862
v 0.005773 -0.011475 0.015890
v 0.006233 -0.011332 0.015882
v 0.005760 -0.011269 0.015890
v 0.005378 -0.011192 0.015895
v 0.005050 -0.011312 0.015899
v 0.008598 -0.011277 0.015806
v 0.008509 -0.011097 0.015808
v 0.007816 -0.011464 0.015841
v 0.008076 -0.011210 0.015830
v 0.007285 -0.011333 0.015856
v 0.008775 -0.011011 0.015789
v 0.010165 -0.010588 0.015677
v 0.010085 -0.010403 0.015675
v 0.009588 -0.010894 0.015729
v 0.009323 -0.010795 0.015739
v 0.009407 -0.010977 0.015745
v 0.009133 -0.011092 0.015767
v 0.012564 -0.008318 0.015430
v 0.011795 -0.009109 0.015511
v 0.011937 -0.009250 0.015510
v 0.011782 -0.009121 0.015513
v 0.011458 -0.009675 0.015556
v 0.011330 -0.009521 0.015557
v 0.011073 -0.009981 0.015593
v 0.010935 -0.009836 0.015595
v 0.010327 -0.010256 0.015653
v 0.012744 -0.008416 0.015430
v 0.013488 -0.007552 0.015228
v 0.013223 -0.007556 0.015267
v 0.013569 -0.007151 0.015166
v 0.013729 -0.007272 0.015162
v 0.014421 -0.006226 0.014996
v 0.014352 -0.006582 0.015033
v 0.014476 -0.006454 0.015011
v 0.014555 -0.006096 0.014972
v 0.015163 -0.005569 0.014861
v 0.015094 -0.005881 0.014898
v 0.015257 -0.005749 0.014867
v 0.015649 -0.005227 0.014766
v 0.015738 -0.005407 0.014770
v 0.015937 -0.005056 0.014705
v 0.016103 -0.005194 0.014689
v 0.016165 -0.004939 0.014654
v 0.016252 -0.005118 0.014654
v 0.016423 -0.005039 0.014612
v 0.016662 -0.004728 0.014529
v 0.017112 -0.004796 0.014414
v 0.017122 -0.004794 0.014411
v 0.017339 -0.004537 0.014323
v 0.017606 -0.004692 0.014237
v 0.017596 -0.004491 0.014229
v 0.017786 -0.004666 0.014163
v 0.018019 -0.004442 0.014048
v 0.018156 -0.004633 0.013989
v 0.018489 -0.004425 0.013798
v 0.018399 -0.004626 0.013855
v 0.018660 -0.004428 0.013690
v 0.019167 -0.004461 0.013270
v 0.018935 -0.004642 0.013472
v 0.019161 -0.004662 0.013256
v 0.019224 -0.004467 0.013211
v 0.019345 -0.004683 0.013043
v 0.019605 -0.004519 0.012714
v 0.019714 -0.004740 0.012466
v 0.019928 -0.004577 0.012077
v 0.019750 -0.004747 0.012394
v 0.019986 -0.004793 0.011807
v 0.020166 -0.004627 0.011326
v 0.020123 -0.004824 0.011312
v 0.020195 -0.004840 0.010980
v 0.020349 -0.004670 0.010324
v 0.020365 -0.004880 0.009715
v 0.020382 -0.004678 0.010035
v 0.020457 -0.004697 0.008847
v 0.020430 -0.004897 0.008000
v 0.020480 -0.004703 0.008000
v 0.010165 -0.010588 0.000323
v 0.010085 -0.010403 0.000325
v 0.010326 -0.010256 0.000347
v 0.011053 -0.009996 0.000405
v 0.010984 -0.009797 0.000410
v 0.011782 -0.009120 0.000488
v 0.011929 -0.009257 0.000489
v 0.011835 -0.009071 0.000493
v 0.012706 -0.008459 0.000565
v 0.012588 -0.008290 0.000569
v 0.012678 -0.008189 0.000582
v 0.013419 -0.007634 0.000751
v 0.013513 -0.007216 0.000822
v 0.013928 -0.007044 0.000884
v 0.013764 -0.007231 0.000847
v 0.013221 -0.007557 0.000737
v 0.013430 -0.007620 0.000755
v 0.014353 -0.006580 0.000967
v 0.014443 -0.006203 0.001009
v 0.014476 -0.006453 0.000989
v 0.014554 -0.006096 0.001028
v 0.015146 -0.005838 0.001112
v 0.015133 -0.005592 0.001133
v 0.015163 -0.005568 0.001139
v 0.015805 -0.005365 0.001244
v 0.015649 -0.005227 0.001234
v 0.015855 -0.005102 0.001277
v 0.016551 -0.004770 0.001441
v 0.016499 -0.005006 0.001408
v 0.016103 -0.005194 0.001311
v 0.017317 -0.004542 0.001670
v 0.017112 -0.004796 0.001586
v 0.016581 -0.004972 0.001429
v 0.018483 -0.004625 0.002197
v 0.018156 -0.004633 0.002011
v 0.017971 -0.004445 0.001928
v 0.017821 -0.004662 0.001852
v 0.017596 -0.004490 0.001771
v 0.017606 -0.004691 0.001763
v 0.017126 -0.004793 0.001590
v 0.019095 -0.004454 0.002658
v 0.019006 -0.004647 0.002591
v 0.018593 -0.004426 0.002266
v 0.018490 -0.004425 0.002201
v 0.019855 -0.004562 0.003752
v 0.019421 -0.004693 0.003058
v 0.019533 -0.004507 0.003175
v 0.019229 -0.004468 0.002794
v 0.020101 -0.004613 0.004435
v 0.020028 -0.004801 0.004326
v 0.019764 -0.004749 0.003635
v 0.020445 -0.004694 0.006759
v 0.020371 -0.004882 0.006361
v 0.020384 -0.004679 0.005965
v 0.020336 -0.004873 0.005965
v 0.020320 -0.004663 0.005470
v 0.020232 -0.004848 0.005219
v 0.020119 -0.004822 0.004671
v 0.009458 -0.011170 0.000409
v 0.009482 -0.011160 0.000411
v 0.009161 -0.011971 0.000840
v 0.009160 -0.011973 0.000841
v 0.009000 -0.012376 0.001054
v 0.008812 -0.012390 0.000955
v 0.008843 -0.012772 0.001263
v 0.009452 -0.011171 0.000408
v 0.008665 -0.012758 0.001155
v 0.008497 -0.012745 0.001053
v 0.008628 -0.012408 0.000858
v 0.008186 -0.012721 0.000894
v 0.008355 -0.012128 0.000539
v 0.008764 -0.012043 0.000689
v 0.008962 -0.012002 0.000768
v 0.008537 -0.011491 0.000273
v 0.008980 -0.011345 0.000337
v 0.009358 -0.011206 0.000395
v 0.009382 -0.011196 0.000397
v 0.010084 -0.010916 0.000475
v 0.010019 -0.011178 0.000604
v 0.009996 -0.011271 0.000658
v 0.009957 -0.011426 0.000752
v 0.009919 -0.011577 0.000841
v 0.009897 -0.011666 0.000894
v 0.009845 -0.011876 0.001028
v 0.009841 -0.011891 0.001038
v 0.009608 -0.012832 0.001544
v 0.009604 -0.012832 0.001543
v 0.009335 -0.012815 0.001470
v 0.009045 -0.012788 0.001362
v 0.009671 -0.012576 0.001435
v 0.009746 -0.012274 0.001282
v 0.009835 -0.011915 0.001055
v 0.009588 -0.010894 0.000271
v 0.009535 -0.011026 0.000341
v 0.009509 -0.011093 0.000376
v 0.013288 -0.007835 0.000766
v 0.010848 -0.010410 0.000568
v 0.010841 -0.010227 0.000442
v 0.020289 -0.005161 0.006286
v 0.020352 -0.005182 0.008000
v 0.020052 -0.005085 0.004690
v 0.019776 -0.005010 0.003813
v 0.020069 -0.005091 0.004766
v 0.019684 -0.004989 0.003608
v 0.019593 -0.004970 0.003434
v 0.019394 -0.004933 0.003113
v 0.019217 -0.004906 0.002881
v 0.018927 -0.004875 0.002582
v 0.018582 -0.004856 0.002310
v 0.018387 -0.004853 0.002183
v 0.017946 -0.004870 0.001947
v 0.017407 -0.004941 0.001720
v 0.017039 -0.005026 0.001594
v 0.016841 -0.005086 0.001533
v 0.016410 -0.005250 0.001415
v 0.016011 -0.005449 0.001321
v 0.015654 -0.005668 0.001245
v 0.015085 -0.006098 0.001140
v 0.013746 -0.007334 0.000884
v 0.012552 -0.008711 0.000666
v 0.011738 -0.009516 0.000557
v 0.012772 -0.008616 0.000811
v 0.013030 -0.008225 0.000788
v 0.011128 -0.010197 0.000602
v 0.012503 -0.008915 0.000777
v 0.012287 -0.009144 0.000749
v 0.011736 -0.009680 0.000679
v 0.014662 -0.006482 0.001070
v 0.014425 -0.006720 0.001034
v 0.013920 -0.007272 0.000961
v 0.013217 -0.008098 0.000868
v 0.010084 -0.010916 0.015525
v 0.010841 -0.010227 0.015558
v 0.011738 -0.009516 0.015443
v 0.012552 -0.008711 0.015334
v 0.013288 -0.007835 0.015234
v 0.013030 -0.008225 0.015212
v 0.013746 -0.007334 0.015116
v 0.014662 -0.006482 0.014930
v 0.015085 -0.006098 0.014860
v 0.015654 -0.005668 0.014755
v 0.016011 -0.005449 0.014679
v 0.016410 -0.005250 0.014585
v 0.016841 -0.005086 0.014467
v 0.017039 -0.005026 0.014406
v 0.017946 -0.004870 0.014053
v 0.017407 -0.004941 0.014280
v 0.018387 -0.004853 0.013817
v 0.018582 -0.004856 0.013690
v 0.018927 -0.004875 0.013418
v 0.019025 -0.004884 0.013326
v 0.019217 -0.004906 0.013119
v 0.019593 -0.004970 0.012566
v 0.019684 -0.004989 0.012392
v 0.019776 -0.005010 0.012187
v 0.020052 -0.005085 0.011310
v 0.020069 -0.005091 0.011234
v 0.020289 -0.005161 0.009714
v 0.012287 -0.009144 0.015251
v 0.011736 -0.009680 0.015321
v 0.011128 -0.010197 0.015398
v 0.010848 -0.010410 0.015432
v 0.012503 -0.008915 0.015223
v 0.012772 -0.008616 0.015189
v 0.013217 -0.008098 0.015132
v 0.013920 -0.007272 0.015039
v 0.014425 -0.006720 0.014966
v 0.009535 -0.011026 0.015659
v 0.009509 -0.011093 0.015624
v 0.009482 -0.011160 0.015589
v 0.010019 -0.011178 0.015396
v 0.009836 -0.011915 0.014945
v 0.009160 -0.011973 0.015159
v 0.009746 -0.012274 0.014718
v 0.009000 -0.012376 0.014946
v 0.009671 -0.012576 0.014565
v 0.009016 -0.012785 0.014650
v 0.009338 -0.012816 0.014529
v 0.009608 -0.012832 0.014456
v 0.009604 -0.012832 0.014457
v 0.008843 -0.012772 0.014737
v 0.009996 -0.011271 0.015342
v 0.009842 -0.011891 0.014962
v 0.009845 -0.011876 0.014972
v 0.009161 -0.011971 0.015160
v 0.009897 -0.011666 0.015106
v 0.009919 -0.011577 0.015159
v 0.009957 -0.011426 0.015248
v 0.008962 -0.012002 0.015232
v 0.009458 -0.011170 0.015591
v 0.008665 -0.012758 0.014845
v 0.008812 -0.012390 0.015045
v 0.008628 -0.012408 0.015142
v 0.008497 -0.012745 0.014947
v 0.008355 -0.012128 0.015461
v 0.008186 -0.012721 0.015106
v 0.008764 -0.012043 0.015311
v 0.008537 -0.011491 0.015727
v 0.008980 -0.011345 0.015663
v 0.009358 -0.011206 0.015605
v 0.009382 -0.011196 0.015603
v 0.009452 -0.011171 0.015592
v 0.009321 -0.011115 0.015684
v 0.009295 -0.011176 0.015652
v 0.008568 -0.011386 0.015765
v 0.009087 -0.011207 0.015711
v 0.009063 -0.011265 0.015683
v 0.006856 -0.012849 0.015227
v 0.006811 -0.012973 0.015115
v 0.007306 -0.012973 0.015070
v 0.007119 -0.013453 0.014680
v 0.006642 -0.013457 0.014774
v 0.006425 -0.014144 0.014532
v 0.007843 -0.012966 0.014957
v 0.008719 -0.013086 0.014548
v 0.008366 -0.012907 0.014831
v 0.008117 -0.013430 0.014490
v 0.007869 -0.014034 0.014276
v 0.008483 -0.013684 0.014308
v 0.008485 -0.013678 0.014310
v 0.008603 -0.013381 0.014415
v 0.008665 -0.013222 0.014482
v 0.007846 -0.015293 0.013872
v 0.008110 -0.014625 0.014044
v 0.007630 -0.014657 0.014101
v 0.008157 -0.014508 0.014075
v 0.008469 -0.013719 0.014297
v 0.007468 -0.015896 0.013736
v 0.007594 -0.015931 0.013704
v 0.007726 -0.015597 0.013793
v 0.005922 -0.015743 0.014134
v 0.006364 -0.015746 0.014000
v 0.006747 -0.013121 0.014978
v 0.006895 -0.012639 0.015412
v 0.007474 -0.012503 0.015439
v 0.006930 -0.012514 0.015495
v 0.007658 -0.011971 0.015662
v 0.007068 -0.012113 0.015664
v 0.007028 -0.012224 0.015621
v 0.008038 -0.012468 0.015350
v 0.007618 -0.013450 0.014581
v 0.007391 -0.014030 0.014361
v 0.007172 -0.014628 0.014187
v 0.006724 -0.015769 0.013911
v 0.005740 -0.014987 0.014458
v 0.003378 -0.012303 0.015892
v 0.003644 -0.012509 0.015856
v 0.003743 -0.012143 0.015859
v 0.004305 -0.013405 0.015560
v 0.004624 -0.014204 0.015232
v 0.004518 -0.012941 0.015551
v 0.004839 -0.013428 0.015314
v 0.005121 -0.012794 0.015387
v 0.003150 -0.012222 0.015900
v 0.003267 -0.012260 0.015898
v 0.003152 -0.012217 0.015900
v 0.003315 -0.011807 0.015900
v 0.003148 -0.012229 0.015900
v 0.003150 -0.012240 0.015900
v 0.003163 -0.012260 0.015900
v 0.003871 -0.011760 0.015864
v 0.003499 -0.011336 0.015900
v 0.004393 -0.011872 0.015775
v 0.004501 -0.011683 0.015811
v 0.004583 -0.011437 0.015868
v 0.005648 -0.011871 0.015783
v 0.006754 -0.012153 0.015666
v 0.006562 -0.012748 0.015309
v 0.006643 -0.012448 0.015544
v 0.006202 -0.013082 0.015050
v 0.006376 -0.012913 0.015165
v 0.006661 -0.013313 0.014848
v 0.005915 -0.013518 0.014915
v 0.005434 -0.014472 0.014752
v 0.005104 -0.015793 0.014477
v 0.004720 -0.012427 0.015592
v 0.004158 -0.012505 0.015738
v 0.003991 -0.012880 0.015748
v 0.005295 -0.012505 0.015455
v 0.004305 -0.012076 0.015756
v 0.005523 -0.012273 0.015587
v 0.005575 -0.012069 0.015719
v 0.003192 -0.012280 0.015899
v 0.005404 -0.012389 0.015515
v 0.003622 -0.013500 0.015755
v 0.003538 -0.013023 0.015832
v 0.002975 -0.013232 0.015871
v 0.004136 -0.013816 0.015545
v 0.003396 -0.012594 0.015879
v 0.000285 -0.015244 0.015881
v -0.000998 -0.015595 0.015900
v -0.000523 -0.015725 0.015887
v 0.001098 -0.013903 0.015900
v 0.001234 -0.014241 0.015894
v 0.001083 -0.013915 0.015900
v 0.001018 -0.013967 0.015900
v 0.003100 -0.012716 0.015889
v 0.002687 -0.013283 0.015884
v 0.002422 -0.013286 0.015893
v 0.002315 -0.015503 0.015609
v 0.003273 -0.015989 0.015196
v 0.003051 -0.015389 0.015465
v 0.003637 -0.015955 0.015079
v 0.003755 -0.015195 0.015305
v 0.004427 -0.015865 0.014783
v 0.004388 -0.014934 0.015134
v -0.000048 -0.015830 0.015853
v 0.000553 -0.015931 0.015785
v 0.000894 -0.015443 0.015822
v 0.001026 -0.015986 0.015716
v 0.001583 -0.015525 0.015729
v 0.001438 -0.016018 0.015644
v 0.002176 -0.016039 0.015489
v 0.003680 -0.014026 0.015643
v 0.003175 -0.014201 0.015725
v 0.002648 -0.014324 0.015790
v 0.002130 -0.014381 0.015839
v 0.001648 -0.014359 0.015874
v -0.001225 0.008755 0.009386
v -0.001180 0.008825 0.008000
v -0.001284 0.008582 0.008000
v -0.001304 0.008597 0.010446
v -0.001387 0.008337 0.008000
v -0.001422 0.008341 0.011379
v -0.001422 0.008341 0.004621
v -0.001304 0.008598 0.005557
v -0.001226 0.008754 0.006606
v -0.001346 0.008204 0.004000
v -0.001305 0.008200 0.008000
v -0.001364 0.008207 0.004000
v -0.001342 0.008214 0.008000
v -0.001393 0.008303 0.008000
v -0.001428 0.008297 0.004450
v -0.001377 0.008250 0.008000
v -0.001414 0.008254 0.004275
v -0.001404 0.008239 0.004203
v -0.001427 0.008320 0.004538
v -0.001390 0.008220 0.011903
v -0.001416 0.008246 0.011754
v -0.001419 0.008252 0.011727
v -0.001430 0.008291 0.011552
v -0.001430 0.008314 0.011465
v -0.001364 0.008207 0.012000
v -0.001346 0.008204 0.012000
v -0.001346 0.008203 0.012050
v -0.001355 0.008205 0.012025
v -0.001346 0.008204 0.012025
v 0.002077 0.007851 0.012000
v 0.002336 0.007764 0.012461
v -0.001227 0.008122 0.012494
v -0.001206 0.007957 0.012882
v 0.002554 0.007580 0.012863
v -0.001283 0.007710 0.013229
v 0.002772 0.007281 0.013240
v 0.002896 0.006957 0.013500
v -0.001463 0.007407 0.013500
v -0.001944 0.007062 0.013500
v -0.002730 0.004742 0.013500
v -0.003261 0.002782 0.013500
v -0.003283 0.002690 0.013500
v -0.001990 0.006941 0.013627
v -0.003863 -0.000789 0.014793
v -0.003788 0.000068 0.016448
v -0.003827 -0.000332 0.014669
v -0.003789 0.000020 0.014567
v -0.003874 -0.001910 0.015066
v -0.003873 -0.001911 0.015603
v -0.003868 -0.000841 0.016353
v -0.003872 -0.001912 0.016139
v -0.003514 0.001648 0.014002
v -0.003309 0.002646 0.016111
v -0.003260 0.002851 0.016036
v -0.003742 0.000364 0.014462
v -0.003487 0.001840 0.016313
v -0.003449 0.002021 0.016273
v -0.003783 0.000110 0.016450
v -0.003707 0.000649 0.016454
v -0.003646 0.001013 0.016434
v -0.002106 0.006630 0.013923
v -0.002946 0.004052 0.015543
v -0.002581 0.005258 0.014917
v -0.002248 0.006237 0.014252
v -0.002861 -0.003498 0.015444
v -0.002835 -0.003540 0.015134
v -0.002835 -0.003540 0.015900
v -0.002958 -0.003345 0.015414
v -0.003555 -0.002410 0.016278
v -0.003261 -0.002871 0.016401
v -0.002644 -0.003838 0.016614
v -0.002644 -0.003838 0.015900
v -0.006527 -0.010469 0.015900
v -0.005627 -0.012167 0.015900
v -0.000518 -0.006798 0.015900
v -0.004454 -0.013581 0.015900
v 0.001322 -0.008789 0.015900
v -0.003005 -0.014711 0.015900
v -0.002239 -0.015122 0.015900
v 0.002970 -0.010114 0.015900
v -0.006817 -0.003589 0.015900
v -0.007029 -0.004616 0.015900
v -0.007214 -0.006690 0.015900
v -0.007055 -0.008616 0.015900
v -0.002830 -0.003542 0.015100
v -0.006403 -0.003584 0.015100
v -0.006417 -0.003584 0.015100
v -0.006666 -0.003588 0.015145
v -0.006756 -0.003589 0.015223
v -0.006817 -0.003589 0.015500
v -0.006810 -0.003589 0.015371
v -0.000663 -0.015448 0.015113
v -0.000684 -0.015526 0.015141
v -0.001467 -0.015238 0.015125
v -0.006736 -0.005278 0.015100
v -0.006604 -0.004426 0.015100
v -0.006688 -0.005025 0.015100
v -0.007029 -0.004616 0.015500
v -0.007106 -0.005232 0.015336
v -0.007199 -0.006995 0.015336
v -0.007214 -0.006690 0.015500
v -0.007119 -0.005230 0.015500
v -0.006576 -0.010308 0.015336
v -0.007043 -0.008687 0.015500
v -0.007030 -0.008684 0.015336
v -0.007055 -0.008616 0.015500
v -0.007212 -0.006995 0.015500
v -0.005830 -0.011827 0.015336
v -0.005841 -0.011833 0.015500
v -0.006238 -0.011085 0.015336
v -0.006527 -0.010469 0.015500
v -0.006589 -0.010313 0.015500
v -0.003032 -0.014678 0.015336
v -0.003727 -0.014215 0.015500
v -0.003718 -0.014203 0.015336
v -0.004337 -0.013693 0.015500
v -0.004329 -0.013684 0.015336
v -0.004454 -0.013581 0.015500
v -0.004884 -0.013112 0.015336
v -0.004892 -0.013120 0.015500
v -0.005627 -0.012167 0.015500
v -0.000720 -0.015660 0.015333
v -0.000723 -0.015674 0.015500
v -0.001529 -0.015406 0.015336
v -0.002239 -0.015122 0.015500
v -0.002307 -0.015077 0.015336
v -0.003005 -0.014711 0.015500
v -0.003040 -0.014690 0.015500
v -0.000620 -0.015287 0.015100
v -0.001400 -0.015056 0.015100
v -0.001395 -0.015042 0.015100
v -0.002144 -0.014740 0.015100
v -0.002378 -0.014606 0.015100
v -0.002837 -0.014360 0.015100
v -0.003481 -0.013897 0.015100
v -0.003490 -0.013908 0.015100
v -0.003891 -0.013559 0.015100
v -0.004073 -0.013413 0.015100
v -0.004593 -0.012855 0.015100
v -0.004604 -0.012865 0.015100
v -0.005094 -0.012230 0.015100
v -0.006929 -0.005254 0.015125
v -0.007021 -0.006991 0.015125
v -0.006826 -0.006987 0.015100
v -0.006854 -0.008652 0.015125
v -0.006663 -0.008617 0.015100
v -0.006480 -0.009405 0.015100
v -0.006409 -0.010244 0.015125
v -0.006228 -0.010175 0.015100
v -0.006078 -0.011007 0.015125
v -0.005903 -0.010921 0.015100
v -0.005678 -0.011733 0.015125
v -0.005512 -0.011632 0.015100
v -0.004750 -0.012994 0.015125
v -0.005084 -0.012268 0.015100
v -0.005500 -0.011625 0.015100
v -0.005984 -0.010718 0.015100
v -0.006214 -0.010170 0.015100
v -0.006591 -0.008900 0.015100
v -0.006649 -0.008614 0.015100
v -0.006812 -0.007010 0.015100
v -0.006722 -0.005280 0.015100
v -0.003609 -0.014062 0.015125
v -0.004261 -0.013613 0.015168
v -0.004810 -0.013047 0.015168
v -0.005746 -0.011775 0.015168
v -0.006150 -0.011042 0.015168
v -0.006484 -0.010273 0.015168
v -0.006933 -0.008666 0.015168
v -0.007101 -0.006993 0.015168
v -0.007009 -0.005244 0.015168
v -0.002939 -0.014525 0.015125
v -0.002229 -0.014916 0.015125
v -0.000701 -0.015589 0.015188
v -0.001495 -0.015314 0.015168
v -0.002264 -0.014988 0.015168
v -0.002981 -0.014594 0.015168
v -0.003658 -0.014126 0.015168
v -0.007067 -0.005237 0.015234
v -0.007160 -0.006994 0.015234
v -0.006991 -0.008677 0.015234
v -0.006540 -0.010294 0.015234
v -0.006203 -0.011068 0.015234
v -0.005797 -0.011806 0.015234
v -0.004854 -0.013086 0.015234
v -0.004302 -0.013656 0.015234
v -0.003694 -0.014172 0.015234
v -0.003011 -0.014644 0.015234
v -0.002290 -0.015041 0.015234
v -0.001515 -0.015369 0.015234
v -0.000713 -0.015634 0.015253
v -0.000002 -0.015410 0.015081
v 0.000530 -0.015480 0.015040
v 0.000717 -0.015684 0.015010
v 0.001544 -0.015540 0.014906
v 0.002105 -0.015534 0.014800
v 0.002098 -0.015736 0.014765
v 0.002617 -0.015506 0.014683
v 0.003751 -0.015394 0.014335
v 0.003434 -0.015646 0.014392
v 0.001439 -0.016018 0.015315
v 0.000731 -0.015954 0.015412
v 0.000712 -0.015935 0.015228
v -0.000523 -0.015725 0.015498
v 0.004788 -0.015804 0.014077
v 0.004885 -0.015814 0.014271
v 0.003603 -0.015958 0.014802
v 0.003467 -0.015842 0.014430
v 0.004740 -0.015768 0.013989
v 0.003496 -0.015905 0.014498
v 0.003531 -0.015944 0.014591
v 0.004676 -0.015619 0.013891
v 0.004688 -0.015666 0.013904
v 0.004702 -0.015706 0.013925
v 0.003446 -0.015753 0.014395
v 0.004663 -0.015514 0.013886
v 0.004665 -0.015301 0.013933
v -0.000424 -0.015331 0.015098
v 0.002101 -0.015837 0.014776
v 0.002110 -0.015921 0.014816
v 0.002125 -0.015982 0.014884
v 0.002145 -0.016020 0.014975
v 0.002189 -0.016039 0.015177
v 0.000709 -0.015774 0.015031
v 0.000705 -0.015848 0.015075
v 0.000706 -0.015902 0.015142
v 0.000935 -0.015153 0.015045
v 0.001532 -0.015180 0.014979
v 0.000808 -0.014125 0.015100
v 0.001060 -0.013919 0.015100
v 0.001325 -0.014097 0.015095
v 0.003284 -0.012270 0.015097
v 0.003356 -0.012317 0.015091
v 0.003313 -0.012541 0.015084
v 0.003622 -0.012593 0.015040
v 0.003698 -0.012702 0.015013
v 0.003387 -0.012916 0.015052
v 0.003973 -0.013234 0.014851
v 0.003062 -0.012662 0.015092
v 0.003125 -0.012236 0.015100
v 0.003202 -0.012229 0.015100
v 0.003156 -0.012211 0.015100
v 0.002700 -0.012684 0.015099
v 0.002633 -0.012639 0.015100
v 0.002802 -0.012703 0.015098
v 0.002710 -0.012577 0.015100
v 0.002936 -0.012393 0.015100
v 0.001684 -0.014180 0.015081
v 0.002165 -0.015118 0.014893
v 0.002803 -0.014982 0.014789
v 0.003410 -0.014788 0.014669
v 0.002109 -0.013066 0.015100
v 0.002243 -0.013160 0.015099
v 0.002438 -0.013201 0.015095
v 0.002100 -0.014172 0.015056
v 0.002669 -0.013189 0.015088
v 0.002545 -0.014091 0.015022
v 0.003415 -0.013773 0.014922
v 0.003949 -0.014553 0.014538
v 0.002917 -0.013131 0.015078
v 0.004287 -0.014121 0.014503
v 0.007591 -0.010650 0.015104
v 0.007610 -0.010647 0.015103
v 0.007613 -0.010677 0.015057
v 0.007626 -0.010772 0.014997
v 0.007587 -0.010779 0.014998
v 0.007580 -0.010726 0.015022
v 0.007595 -0.010832 0.014991
v 0.007615 -0.010829 0.014990
v 0.007635 -0.010825 0.014989
v 0.007572 -0.010653 0.015105
v 0.007574 -0.010682 0.015060
v 0.007618 -0.010720 0.015020
v 0.007382 -0.010679 0.015116
v 0.007399 -0.010860 0.015000
v 0.007201 -0.010881 0.015010
v 0.007196 -0.010826 0.015017
v 0.007190 -0.010699 0.015127
v 0.007191 -0.010729 0.015081
v 0.007193 -0.010773 0.015042
v 0.007356 -0.010132 0.015463
v 0.007528 -0.010109 0.015447
v 0.007528 -0.010114 0.015447
v 0.007529 -0.010118 0.015447
v 0.007548 -0.010267 0.015426
v 0.007183 -0.010149 0.015479
v 0.007572 -0.010560 0.015245
v 0.007196 -0.010607 0.015270
v 0.007564 -0.010425 0.015358
v 0.007197 -0.010471 0.015386
v 0.007193 -0.010310 0.015457
v 0.009247 -0.010136 0.014892
v 0.008446 -0.010444 0.015026
v 0.008436 -0.010353 0.015165
v 0.009248 -0.010041 0.015049
v 0.009260 -0.010130 0.014890
v 0.009272 -0.010125 0.014887
v 0.008405 -0.010222 0.015279
v 0.009198 -0.009910 0.015183
v 0.008361 -0.010068 0.015348
v 0.009129 -0.009754 0.015264
v 0.009054 -0.009599 0.015289
v 0.008288 -0.009925 0.015372
v 0.008254 -0.009936 0.015375
v 0.009476 -0.010027 0.014844
v 0.009244 -0.009499 0.015268
v 0.009431 -0.009395 0.015247
v 0.009532 -0.009583 0.015208
v 0.009615 -0.009753 0.015093
v 0.009667 -0.009881 0.014913
v 0.009678 -0.009924 0.014800
v 0.010967 -0.008240 0.015070
v 0.011817 -0.007351 0.014986
v 0.011836 -0.007652 0.014960
v 0.011521 -0.008537 0.014508
v 0.010968 -0.009038 0.014569
v 0.010944 -0.008982 0.014774
v 0.010021 -0.009726 0.014727
v 0.010734 -0.009228 0.014601
v 0.012357 -0.007638 0.014447
v 0.012100 -0.007931 0.014464
v 0.012356 -0.007623 0.014511
v 0.012065 -0.007883 0.014664
v 0.012297 -0.007523 0.014742
v 0.011971 -0.007783 0.014845
v 0.012240 -0.007454 0.014833
v 0.012153 -0.007360 0.014915
v 0.011965 -0.007181 0.014973
v 0.012078 -0.007285 0.014953
v 0.010153 -0.008921 0.015163
v 0.010619 -0.008550 0.015108
v 0.010754 -0.008716 0.015069
v 0.009602 -0.009293 0.015227
v 0.009527 -0.009338 0.015236
v 0.010868 -0.008867 0.014955
v 0.013062 -0.008053 0.014265
v 0.013057 -0.007631 0.014253
v 0.013057 -0.007631 0.014427
v 0.012405 -0.013829 0.012468
v 0.011748 -0.014313 0.012447
v 0.011345 -0.014082 0.012746
v 0.009684 -0.015684 0.012388
v 0.009126 -0.016034 0.012374
v 0.008657 -0.015794 0.012665
v 0.007992 -0.015527 0.012919
v 0.007780 -0.015461 0.012978
v 0.008002 -0.014904 0.013127
v 0.014363 -0.012124 0.012545
v 0.013124 -0.013258 0.012493
v 0.014159 -0.012034 0.012720
v 0.012709 -0.013059 0.012801
v 0.010802 -0.012590 0.013449
v 0.012721 -0.011644 0.013365
v 0.011504 -0.012676 0.013282
v 0.013029 -0.011692 0.013271
v 0.012150 -0.012842 0.013070
v 0.013664 -0.011852 0.013017
v 0.013943 -0.011950 0.012865
v 0.011276 -0.011656 0.013681
v 0.011579 -0.011625 0.013626
v 0.011696 -0.011617 0.013604
v 0.008772 -0.012967 0.013679
v 0.008872 -0.012709 0.013779
v 0.009328 -0.012650 0.013705
v 0.008937 -0.012541 0.013851
v 0.010070 -0.012587 0.013585
v 0.010121 -0.011869 0.013871
v 0.009097 -0.012132 0.014055
v 0.008762 -0.013421 0.013503
v 0.008592 -0.013418 0.013530
v 0.008757 -0.013005 0.013666
v 0.010803 -0.013825 0.013007
v 0.010174 -0.013614 0.013211
v 0.008296 -0.014157 0.013322
v 0.009484 -0.013478 0.013372
v 0.008540 -0.013546 0.013492
v 0.008577 -0.013454 0.013519
v 0.019263 -0.005497 0.010419
v 0.019400 -0.005467 0.009200
v 0.013458 -0.006761 0.009200
v 0.013458 -0.006761 0.014207
v 0.014371 -0.006562 0.014151
v 0.015299 -0.006360 0.013899
v 0.015737 -0.006264 0.013784
v 0.016076 -0.006191 0.013690
v 0.016911 -0.006009 0.013417
v 0.017181 -0.005950 0.013310
v 0.017675 -0.005842 0.013071
v 0.018223 -0.005723 0.012685
v 0.018461 -0.005671 0.012436
v 0.018780 -0.005602 0.011965
v 0.019056 -0.005542 0.011296
v 0.018873 -0.006906 0.009200
v 0.013174 -0.007784 0.009200
v 0.013047 -0.007610 0.009200
v 0.012986 -0.007355 0.009200
v 0.018589 -0.007567 0.009200
v 0.018137 -0.008522 0.009200
v 0.013259 -0.006844 0.009200
v 0.017437 -0.009811 0.009200
v 0.013063 -0.007053 0.009200
v 0.016627 -0.011042 0.009199
v 0.017114 -0.010332 0.009200
v 0.012986 -0.007330 0.009200
v 0.010112 -0.011076 0.014320
v 0.010216 -0.011022 0.014302
v 0.010112 -0.011107 0.014300
v 0.013665 -0.008247 0.014005
v 0.014133 -0.008688 0.013798
v 0.013144 -0.009050 0.013978
v 0.014136 -0.008691 0.013797
v 0.014590 -0.009119 0.013588
v 0.014524 -0.009567 0.013503
v 0.013434 -0.009700 0.013763
v 0.010116 -0.011400 0.014119
v 0.011422 -0.010960 0.013901
v 0.010116 -0.011412 0.014112
v 0.012547 -0.010704 0.013708
v 0.013651 -0.010651 0.013451
v 0.014634 -0.010807 0.013079
v 0.015041 -0.010929 0.012839
v 0.015641 -0.010111 0.012884
v 0.015874 -0.010331 0.012614
v 0.015347 -0.011024 0.012592
v 0.015230 -0.009723 0.013219
v 0.011114 -0.010205 0.014304
v 0.010109 -0.010834 0.014482
v 0.010106 -0.010622 0.014640
v 0.013560 -0.008148 0.014057
v 0.011982 -0.009208 0.014334
v 0.011797 -0.009380 0.014352
v 0.010972 -0.010056 0.014463
v 0.012339 -0.010047 0.013951
v 0.009302 -0.011464 0.014417
v 0.009397 -0.010764 0.014783
v 0.012903 -0.008236 0.014274
v 0.013056 -0.007066 0.014234
v 0.012986 -0.007340 0.014246
v 0.012784 -0.007420 0.014254
v 0.012986 -0.007355 0.014246
v 0.012505 -0.007771 0.014270
v 0.011907 -0.008433 0.014306
v 0.012188 -0.009007 0.014317
v 0.011762 -0.008580 0.014317
v 0.011241 -0.009066 0.014369
v 0.010633 -0.009554 0.014458
v 0.010517 -0.009637 0.014480
v 0.009740 -0.010111 0.014654
v 0.009298 -0.010321 0.014763
v 0.009323 -0.010310 0.014757
v 0.017456 -0.004718 0.013416
v 0.017941 -0.004649 0.013178
v 0.017402 -0.005345 0.013329
v 0.018401 -0.004625 0.012860
v 0.018172 -0.005334 0.012859
v 0.018567 -0.004626 0.012706
v 0.018352 -0.005348 0.012692
v 0.016310 -0.005568 0.013718
v 0.016977 -0.004833 0.013597
v 0.016869 -0.005421 0.013543
v 0.017086 -0.004802 0.013559
v 0.017325 -0.004744 0.013470
v 0.015615 -0.005488 0.013949
v 0.015743 -0.005404 0.013923
v 0.016031 -0.005234 0.013860
v 0.016408 -0.005047 0.013766
v 0.015432 -0.005952 0.013930
v 0.015096 -0.005880 0.014045
v 0.013174 -0.007784 0.014306
v 0.013308 -0.006815 0.014215
v 0.013110 -0.006981 0.014229
v 0.013177 -0.006908 0.014224
v 0.016058 -0.004343 0.013889
v 0.015769 -0.004456 0.014002
v 0.013890 -0.006064 0.014149
v 0.013132 -0.006872 0.014232
v 0.016566 -0.004281 0.013668
v 0.016582 -0.004332 0.013661
v 0.015733 -0.004695 0.013860
v 0.015594 -0.004694 0.013892
v 0.016562 -0.004261 0.013674
v 0.016065 -0.004390 0.013829
v 0.016554 -0.004225 0.013693
v 0.016553 -0.004144 0.013787
v 0.016550 -0.004182 0.013729
v 0.016550 -0.004193 0.013718
v 0.014927 -0.004948 0.014118
v 0.015554 -0.004566 0.014035
v 0.015557 -0.004592 0.013976
v 0.013055 -0.006808 0.014301
v 0.013034 -0.006788 0.014351
v 0.013446 -0.006288 0.014296
v 0.015570 -0.004637 0.013925
v 0.014639 -0.005248 0.014071
v 0.014617 -0.005210 0.014110
v 0.014603 -0.005183 0.014157
v 0.013089 -0.006837 0.014259
v 0.013817 -0.005990 0.014178
v 0.013788 -0.005958 0.014213
v 0.014140 -0.005572 0.014211
v 0.014676 -0.005358 0.014043
v 0.014300 -0.005669 0.014097
v 0.014670 -0.005293 0.014047
v 0.015577 -0.004776 0.013891
v 0.014703 -0.005338 0.014039
v 0.013852 -0.006027 0.014156
v 0.013009 -0.007030 0.014243
v 0.012910 -0.006946 0.014369
v 0.012930 -0.006964 0.014316
v 0.012965 -0.006994 0.014271
v 0.012427 -0.007703 0.014300
v 0.012405 -0.007684 0.014321
v 0.012450 -0.007724 0.014284
v 0.012489 -0.007757 0.014272
v 0.012379 -0.007660 0.014362
v 0.012371 -0.007653 0.014381
v 0.010477 -0.009577 0.014493
v 0.011854 -0.008381 0.014320
v 0.011811 -0.008336 0.014359
v 0.011781 -0.008304 0.014419
v 0.011130 -0.008924 0.014482
v 0.011194 -0.009010 0.014383
v 0.011155 -0.008961 0.014422
v 0.010446 -0.009524 0.014530
v 0.010428 -0.009483 0.014585
v 0.009679 -0.009952 0.014743
v 0.009690 -0.009997 0.014696
v 0.009711 -0.010051 0.014665
v 0.009300 -0.010254 0.014765
v 0.009283 -0.010200 0.014793
v 0.009273 -0.010155 0.014836
v 0.009276 -0.010266 0.014771
v 0.009258 -0.010212 0.014798
v 0.009249 -0.010166 0.014841
v 0.008450 -0.010475 0.014980
v 0.008458 -0.010519 0.014942
v 0.008471 -0.010571 0.014919
v 0.008487 -0.010624 0.014913
v 0.007701 -0.010957 0.014987
v 0.008630 -0.010917 0.014911
v 0.007767 -0.011090 0.014985
v 0.008330 -0.012450 0.014115
v 0.008004 -0.012585 0.014109
v 0.007132 -0.012157 0.014476
v 0.006753 -0.013104 0.014020
v 0.006775 -0.013035 0.014054
v 0.006798 -0.012966 0.014087
v 0.006909 -0.012665 0.014232
v 0.007099 -0.012224 0.014444
v 0.007570 -0.011381 0.014847
v 0.007667 -0.011235 0.014916
v 0.008443 -0.011712 0.014524
v 0.007322 -0.011793 0.014650
v 0.007345 -0.015347 0.013141
v 0.006087 -0.015223 0.013376
v 0.006174 -0.014944 0.013443
v 0.006648 -0.015252 0.013280
v 0.006332 -0.014444 0.013571
v 0.007244 -0.014615 0.013392
v 0.007602 -0.013639 0.013665
v 0.007945 -0.012703 0.014053
v 0.006539 -0.013794 0.013759
v 0.003404 -0.012330 0.015087
v 0.003163 -0.012193 0.015100
v 0.003651 -0.011978 0.015072
v 0.003245 -0.011986 0.015100
v 0.003326 -0.011778 0.015100
v 0.003539 -0.012454 0.015064
v 0.003680 -0.012001 0.015067
v 0.003690 -0.012647 0.015020
v 0.004026 -0.012322 0.014960
v 0.004268 -0.012592 0.014841
v 0.003986 -0.013220 0.014847
v 0.004703 -0.013147 0.014552
v 0.004299 -0.014073 0.014509
v 0.004377 -0.014310 0.014402
v 0.005255 -0.013903 0.014106
v 0.004710 -0.015297 0.013910
v 0.005384 -0.014072 0.014001
v 0.005372 -0.015240 0.013617
v 0.005796 -0.014569 0.013687
v 0.006131 -0.015721 0.013539
v 0.006191 -0.015741 0.013743
v 0.005771 -0.015747 0.013883
v 0.006074 -0.015428 0.013333
v 0.005357 -0.015453 0.013575
v 0.006075 -0.015531 0.013341
v 0.005366 -0.015557 0.013581
v 0.006079 -0.015577 0.013356
v 0.005374 -0.015603 0.013596
v 0.006085 -0.015618 0.013379
v 0.005385 -0.015644 0.013617
v 0.006104 -0.015681 0.013447
v 0.005415 -0.015706 0.013684
v 0.005452 -0.015744 0.013774
v 0.006564 -0.015542 0.013260
v 0.006572 -0.015420 0.013253
v 0.006368 -0.015746 0.013715
v 0.006600 -0.015757 0.013584
v 0.006575 -0.015721 0.013416
v 0.006566 -0.015667 0.013329
v 0.006563 -0.015623 0.013293
v 0.007750 -0.015978 0.013333
v 0.007752 -0.015979 0.013344
v 0.007619 -0.015938 0.013407
v 0.007192 -0.015745 0.013203
v 0.007684 -0.015913 0.013087
v 0.007202 -0.015801 0.013288
v 0.007235 -0.015842 0.013452
v 0.007042 -0.015809 0.013587
v 0.007223 -0.015500 0.013127
v 0.007689 -0.015720 0.012951
v 0.007200 -0.015619 0.013134
v 0.007674 -0.015817 0.012986
v 0.007192 -0.015700 0.013167
v 0.007673 -0.015835 0.012998
v 0.007674 -0.015862 0.013021
v 0.007030 -0.015468 0.013171
v 0.007012 -0.015589 0.013178
v 0.007006 -0.015670 0.013211
v 0.007006 -0.015714 0.013247
v 0.007015 -0.015769 0.013333
v 0.007043 -0.015808 0.013500
v 0.007555 -0.015395 0.002924
v 0.007088 -0.015301 0.002798
v 0.007223 -0.015500 0.002873
v 0.006563 -0.015623 0.002707
v 0.006564 -0.015542 0.002740
v 0.006079 -0.015577 0.002644
v 0.006075 -0.015531 0.002659
v 0.006572 -0.015420 0.002747
v 0.006074 -0.015428 0.002667
v 0.006193 -0.015226 0.002644
v 0.006087 -0.015223 0.002624
v 0.007030 -0.015468 0.002829
v 0.006511 -0.015242 0.002698
v 0.007717 -0.015622 0.003053
v 0.007780 -0.015461 0.003022
v 0.007200 -0.015619 0.002866
v 0.007685 -0.015736 0.003046
v 0.007192 -0.015700 0.002833
v 0.007674 -0.015817 0.003014
v 0.007673 -0.015840 0.002999
v 0.007192 -0.015745 0.002797
v 0.007674 -0.015862 0.002980
v 0.007202 -0.015801 0.002712
v 0.007686 -0.015918 0.002903
v 0.007235 -0.015842 0.002548
v 0.007752 -0.015978 0.002661
v 0.006085 -0.015618 0.002621
v 0.006104 -0.015681 0.002553
v 0.006566 -0.015667 0.002671
v 0.006131 -0.015721 0.002461
v 0.006575 -0.015721 0.002584
v 0.006191 -0.015741 0.002257
v 0.006600 -0.015757 0.002416
v 0.006368 -0.015746 0.002286
v 0.007058 -0.015812 0.002416
v 0.007012 -0.015589 0.002822
v 0.007006 -0.015670 0.002789
v 0.007006 -0.015714 0.002753
v 0.007015 -0.015769 0.002667
v 0.007043 -0.015808 0.002500
v 0.007752 -0.015979 0.002656
v 0.007606 -0.015934 0.002587
v 0.009297 -0.016766 0.003623
v 0.009492 -0.016912 0.003987
v 0.009374 -0.016804 0.004079
v 0.009956 -0.017312 0.007404
v 0.009964 -0.017320 0.008000
v 0.009802 -0.017114 0.008000
v 0.008120 -0.015998 0.003146
v 0.007807 -0.015996 0.002673
v 0.009131 -0.016113 0.003686
v 0.009126 -0.016034 0.003626
v 0.008708 -0.015891 0.003396
v 0.008669 -0.015800 0.003341
v 0.008237 -0.015685 0.003188
v 0.008065 -0.015552 0.003104
v 0.009497 -0.016340 0.004188
v 0.009425 -0.016212 0.003953
v 0.009178 -0.016064 0.003671
v 0.009761 -0.016543 0.005053
v 0.009787 -0.016477 0.004895
v 0.009652 -0.016454 0.004599
v 0.009745 -0.016443 0.004723
v 0.009553 -0.016298 0.004178
v 0.009962 -0.016734 0.008000
v 0.010027 -0.016691 0.008000
v 0.009925 -0.016686 0.006430
v 0.009965 -0.016633 0.006183
v 0.009818 -0.016504 0.005049
v 0.009921 -0.017279 0.006396
v 0.008163 -0.015846 0.003204
v 0.008616 -0.016045 0.003413
v 0.008120 -0.016055 0.003082
v 0.008138 -0.016105 0.002976
v 0.008566 -0.016257 0.003298
v 0.008590 -0.016316 0.003196
v 0.008968 -0.016480 0.003605
v 0.009005 -0.016553 0.003515
v 0.009320 -0.016710 0.004137
v 0.009367 -0.016471 0.004201
v 0.009212 -0.016370 0.003929
v 0.009019 -0.016257 0.003704
v 0.008131 -0.015943 0.003179
v 0.008577 -0.016141 0.003391
v 0.008565 -0.016196 0.003359
v 0.008974 -0.016352 0.003685
v 0.008962 -0.016410 0.003658
v 0.009165 -0.016465 0.003914
v 0.009307 -0.016629 0.004172
v 0.008187 -0.016140 0.002807
v 0.008716 -0.016399 0.003071
v 0.009094 -0.016627 0.003372
v 0.009099 -0.016631 0.003378
v 0.009529 -0.016922 0.004522
v 0.009657 -0.017045 0.004476
v 0.009638 -0.017010 0.004999
v 0.009823 -0.017189 0.005343
v 0.009801 -0.017150 0.006411
v 0.009814 -0.016882 0.008000
v 0.009793 -0.016805 0.006431
v 0.009628 -0.016665 0.005058
v 0.009733 -0.016960 0.006426
v 0.009743 -0.016896 0.006429
v 0.009567 -0.016823 0.005044
v 0.009578 -0.016758 0.005052
v 0.009318 -0.016566 0.004189
v 0.009582 -0.016907 0.005027
v 0.009746 -0.017045 0.006420
v 0.009779 -0.016995 0.008000
v 0.009925 -0.016686 0.009570
v 0.009965 -0.016633 0.009817
v 0.008163 -0.015846 0.012796
v 0.008237 -0.015685 0.012812
v 0.008120 -0.015998 0.012854
v 0.009921 -0.017279 0.009604
v 0.009801 -0.017150 0.009589
v 0.009956 -0.017312 0.008596
v 0.009746 -0.017045 0.009580
v 0.009733 -0.016960 0.009574
v 0.009743 -0.016896 0.009571
v 0.009793 -0.016805 0.009569
v 0.009787 -0.016477 0.011105
v 0.009818 -0.016504 0.010951
v 0.009761 -0.016543 0.010947
v 0.009497 -0.016340 0.011812
v 0.009553 -0.016298 0.011822
v 0.009745 -0.016443 0.011277
v 0.009131 -0.016113 0.012314
v 0.009178 -0.016064 0.012329
v 0.009425 -0.016212 0.012047
v 0.008577 -0.016141 0.012609
v 0.008616 -0.016045 0.012587
v 0.008708 -0.015891 0.012604
v 0.008566 -0.016257 0.012702
v 0.008120 -0.016055 0.012918
v 0.008138 -0.016105 0.013024
v 0.008590 -0.016316 0.012804
v 0.009005 -0.016553 0.012485
v 0.009019 -0.016257 0.012296
v 0.008974 -0.016352 0.012315
v 0.009320 -0.016710 0.011863
v 0.008962 -0.016410 0.012342
v 0.009307 -0.016629 0.011828
v 0.009165 -0.016465 0.012086
v 0.009318 -0.016566 0.011811
v 0.009212 -0.016370 0.012071
v 0.009367 -0.016471 0.011799
v 0.009657 -0.017045 0.011524
v 0.009492 -0.016912 0.012013
v 0.009374 -0.016804 0.011921
v 0.008968 -0.016480 0.012395
v 0.008565 -0.016196 0.012641
v 0.008131 -0.015943 0.012821
v 0.009297 -0.016766 0.012377
v 0.009099 -0.016631 0.012622
v 0.008716 -0.016399 0.012929
v 0.008187 -0.016140 0.013193
v 0.007807 -0.015996 0.013327
v 0.009652 -0.016454 0.011401
v 0.009823 -0.017189 0.010657
v 0.009529 -0.016922 0.011478
v 0.009638 -0.017010 0.011001
v 0.009582 -0.016907 0.010973
v 0.009567 -0.016823 0.010956
v 0.009578 -0.016758 0.010948
v 0.009628 -0.016665 0.010942
v 0.014661 -0.013302 0.008000
v 0.013517 -0.014285 0.008000
v 0.013948 -0.013880 0.009292
v 0.013437 -0.013391 0.012140
v 0.012130 -0.014407 0.012110
v 0.012316 -0.014578 0.011659
v 0.012434 -0.014715 0.011129
v 0.012598 -0.014932 0.009286
v 0.012116 -0.015322 0.008000
v 0.012513 -0.014819 0.010534
v 0.014642 -0.012276 0.012176
v 0.013637 -0.013549 0.011680
v 0.014852 -0.012423 0.011706
v 0.013766 -0.013676 0.011146
v 0.014990 -0.012540 0.011166
v 0.013854 -0.013774 0.010546
v 0.015087 -0.012630 0.010561
v 0.015190 -0.012729 0.009300
v 0.015218 -0.012758 0.008000
v 0.015190 -0.012729 0.006700
v 0.012405 -0.013829 0.003532
v 0.011871 -0.014225 0.003549
v 0.012130 -0.014407 0.003890
v 0.009684 -0.015684 0.003612
v 0.013124 -0.013258 0.003507
v 0.014642 -0.012276 0.003823
v 0.014363 -0.012124 0.003455
v 0.013165 -0.013224 0.003506
v 0.012598 -0.014932 0.006714
v 0.012513 -0.014819 0.005466
v 0.012434 -0.014715 0.004871
v 0.012316 -0.014578 0.004341
v 0.013437 -0.013391 0.003860
v 0.013637 -0.013549 0.004320
v 0.013766 -0.013676 0.004854
v 0.013854 -0.013774 0.005454
v 0.013948 -0.013880 0.006708
v 0.014851 -0.012423 0.004294
v 0.014990 -0.012540 0.004834
v 0.015086 -0.012630 0.005439
v 0.017434 -0.009815 0.006800
v 0.018130 -0.008613 0.008000
v 0.018193 -0.008409 0.006800
v 0.018619 -0.007583 0.008000
v 0.018589 -0.007567 0.006800
v 0.016240 -0.011604 0.008000
v 0.015631 -0.011162 0.003788
v 0.015347 -0.011024 0.003408
v 0.016123 -0.010566 0.003822
v 0.015874 -0.010331 0.003386
v 0.015848 -0.011296 0.004267
v 0.016228 -0.010665 0.004082
v 0.015995 -0.011403 0.004814
v 0.016409 -0.010836 0.004753
v 0.016098 -0.011486 0.005423
v 0.016510 -0.010931 0.005365
v 0.016612 -0.011028 0.006477
v 0.016210 -0.011578 0.006692
v 0.016627 -0.011042 0.006801
v 0.016841 -0.010801 0.008000
v 0.017142 -0.010352 0.008000
v 0.016210 -0.011578 0.009308
v 0.016580 -0.010997 0.009996
v 0.016098 -0.011486 0.010577
v 0.016562 -0.010980 0.010191
v 0.015995 -0.011403 0.011186
v 0.016425 -0.010851 0.011166
v 0.015848 -0.011296 0.011733
v 0.016262 -0.010697 0.011820
v 0.015631 -0.011162 0.012212
v 0.016125 -0.010567 0.012174
v 0.019638 -0.004727 0.008442
v 0.019646 -0.004728 0.008000
v 0.019194 -0.006178 0.008000
v 0.018826 -0.004634 0.012389
v 0.019053 -0.004651 0.011999
v 0.019128 -0.004658 0.011832
v 0.019358 -0.004685 0.011113
v 0.019460 -0.004699 0.010616
v 0.019551 -0.004713 0.009987
v 0.018352 -0.005348 0.003308
v 0.018223 -0.005723 0.003315
v 0.018472 -0.005669 0.003577
v 0.019644 -0.004728 0.007890
v 0.018892 -0.006862 0.006800
v 0.019400 -0.005467 0.006800
v 0.019577 -0.004717 0.006280
v 0.019417 -0.004693 0.005155
v 0.019264 -0.005496 0.005576
v 0.019059 -0.005541 0.004713
v 0.019349 -0.004684 0.004851
v 0.018866 -0.005583 0.004210
v 0.018567 -0.004626 0.003294
v 0.018597 -0.004626 0.003326
v 0.018915 -0.004640 0.003749
v 0.018779 -0.005602 0.004036
v 0.019052 -0.004651 0.004001
v 0.019197 -0.004666 0.004342
v 0.013458 -0.006761 0.001793
v 0.013458 -0.006761 0.006800
v 0.014371 -0.006562 0.001849
v 0.015326 -0.006354 0.002108
v 0.017179 -0.005950 0.002689
v 0.017034 -0.005982 0.002630
v 0.016012 -0.006205 0.002292
v 0.017720 -0.005833 0.002954
v 0.013174 -0.007784 0.006800
v 0.013063 -0.007053 0.006800
v 0.012986 -0.007330 0.006800
v 0.012986 -0.007355 0.006800
v 0.013259 -0.006844 0.006800
v 0.013047 -0.007610 0.006800
v 0.018172 -0.005334 0.003141
v 0.017402 -0.005345 0.002671
v 0.016869 -0.005421 0.002457
v 0.016310 -0.005568 0.002282
v 0.015432 -0.005952 0.002070
v 0.015614 -0.005488 0.002051
v 0.015083 -0.005890 0.001953
v 0.015760 -0.005393 0.002081
v 0.016031 -0.005234 0.002140
v 0.017120 -0.004793 0.002453
v 0.016977 -0.004833 0.002403
v 0.016516 -0.005000 0.002263
v 0.018283 -0.004628 0.003045
v 0.018209 -0.004631 0.002991
v 0.017706 -0.004677 0.002698
v 0.012188 -0.009007 0.001683
v 0.011982 -0.009208 0.001666
v 0.013560 -0.008148 0.001943
v 0.013174 -0.007784 0.001694
v 0.012846 -0.008302 0.001723
v 0.012986 -0.007355 0.001754
v 0.012986 -0.007342 0.001754
v 0.013056 -0.007066 0.001766
v 0.013110 -0.006981 0.001771
v 0.013177 -0.006908 0.001776
v 0.013308 -0.006815 0.001785
v 0.018567 -0.004027 0.003286
v 0.018860 -0.004038 0.003613
v 0.017425 -0.004114 0.002616
v 0.018222 -0.004031 0.003017
v 0.016582 -0.004332 0.002339
v 0.015577 -0.004776 0.002109
v 0.014703 -0.005338 0.001961
v 0.015733 -0.004695 0.002140
v 0.013890 -0.006064 0.001851
v 0.014676 -0.005358 0.001957
v 0.014300 -0.005669 0.001903
v 0.019105 -0.004056 0.004001
v 0.019281 -0.004073 0.004393
v 0.019426 -0.004091 0.004851
v 0.019524 -0.004104 0.005269
v 0.019662 -0.004125 0.006182
v 0.019746 -0.004139 0.008000
v 0.018222 -0.004031 0.012983
v 0.017425 -0.004114 0.013384
v 0.018567 -0.004027 0.012714
v 0.018609 -0.004028 0.012674
v 0.018860 -0.004038 0.012387
v 0.019105 -0.004056 0.011999
v 0.019281 -0.004073 0.011607
v 0.019426 -0.004091 0.011149
v 0.019524 -0.004104 0.010731
v 0.019662 -0.004125 0.009818
v 0.018573 -0.003973 0.012719
v 0.018225 -0.003977 0.012988
v 0.017419 -0.004061 0.013391
v 0.018869 -0.003984 0.012391
v 0.019294 -0.004020 0.011609
v 0.019539 -0.004052 0.010732
v 0.019678 -0.004073 0.009819
v 0.019781 -0.004055 0.008000
v 0.019758 -0.003984 0.009825
v 0.019858 -0.003991 0.008000
v 0.019953 -0.003972 0.008000
v 0.019910 -0.003975 0.008000
v 0.019823 -0.003960 0.009832
v 0.019681 -0.003936 0.010757
v 0.019427 -0.003900 0.011653
v 0.018978 -0.003855 0.012466
v 0.018662 -0.003840 0.012810
v 0.018290 -0.003840 0.013092
v 0.017441 -0.003920 0.013506
v 0.017419 -0.004003 0.013415
v 0.018238 -0.003919 0.013010
v 0.018593 -0.003916 0.012738
v 0.018894 -0.003928 0.012407
v 0.019326 -0.003966 0.011619
v 0.019573 -0.003998 0.010737
v 0.019713 -0.004020 0.009822
v 0.019616 -0.003962 0.010745
v 0.019366 -0.003928 0.011632
v 0.018927 -0.003887 0.012429
v 0.018620 -0.003874 0.012765
v 0.018257 -0.003876 0.013041
v 0.017425 -0.003959 0.013450
v 0.016550 -0.004193 0.002282
v 0.016554 -0.004225 0.002307
v 0.017419 -0.004003 0.002585
v 0.019678 -0.004073 0.006181
v 0.019539 -0.004052 0.005268
v 0.016562 -0.004261 0.002326
v 0.016566 -0.004281 0.002332
v 0.017419 -0.004061 0.002609
v 0.017441 -0.003920 0.002494
v 0.018290 -0.003840 0.002908
v 0.019427 -0.003900 0.004347
v 0.018978 -0.003855 0.003534
v 0.018662 -0.003840 0.003190
v 0.019681 -0.003936 0.005243
v 0.019823 -0.003960 0.006168
v 0.019294 -0.004020 0.004391
v 0.018225 -0.003977 0.003012
v 0.018573 -0.003973 0.003281
v 0.018869 -0.003984 0.003609
v 0.016553 -0.004144 0.002213
v 0.016550 -0.004182 0.002271
v 0.017425 -0.003959 0.002550
v 0.018238 -0.003919 0.002990
v 0.018593 -0.003916 0.003262
v 0.018894 -0.003928 0.003593
v 0.019326 -0.003966 0.004381
v 0.019573 -0.003998 0.005263
v 0.019713 -0.004020 0.006178
v 0.018257 -0.003876 0.002959
v 0.018620 -0.003874 0.003235
v 0.018927 -0.003887 0.003571
v 0.019366 -0.003928 0.004368
v 0.019616 -0.003962 0.005255
v 0.019758 -0.003984 0.006175
v 0.014670 -0.005293 0.001953
v 0.014617 -0.005210 0.001890
v 0.014639 -0.005248 0.001929
v 0.015570 -0.004637 0.002075
v 0.016065 -0.004390 0.002171
v 0.016058 -0.004343 0.002111
v 0.013363 -0.006387 0.001693
v 0.013034 -0.006788 0.001649
v 0.013055 -0.006808 0.001699
v 0.013788 -0.005958 0.001787
v 0.013525 -0.006199 0.001714
v 0.014603 -0.005183 0.001843
v 0.014220 -0.005500 0.001798
v 0.015753 -0.004464 0.001995
v 0.015557 -0.004592 0.002024
v 0.015554 -0.004566 0.001965
v 0.014973 -0.004917 0.001887
v 0.015594 -0.004694 0.002108
v 0.013089 -0.006837 0.001741
v 0.013132 -0.006872 0.001768
v 0.013852 -0.006027 0.001844
v 0.013817 -0.005990 0.001822
v 0.013009 -0.007030 0.001757
v 0.012965 -0.006994 0.001729
v 0.012930 -0.006965 0.001684
v 0.012910 -0.006946 0.001631
v 0.012501 -0.007768 0.001729
v 0.012505 -0.007771 0.001730
v 0.012784 -0.007420 0.001746
v 0.012430 -0.007707 0.001704
v 0.012405 -0.007684 0.001679
v 0.012383 -0.007664 0.001646
v 0.012371 -0.007653 0.001619
v 0.011762 -0.008580 0.001683
v 0.011907 -0.008433 0.001694
v 0.011854 -0.008381 0.001680
v 0.011130 -0.008924 0.001518
v 0.010428 -0.009483 0.001415
v 0.011781 -0.008304 0.001581
v 0.011241 -0.009066 0.001631
v 0.011194 -0.009010 0.001617
v 0.010633 -0.009554 0.001542
v 0.010477 -0.009577 0.001507
v 0.010517 -0.009637 0.001520
v 0.009740 -0.010111 0.001346
v 0.009712 -0.010053 0.001336
v 0.009690 -0.009997 0.001305
v 0.009679 -0.009952 0.001256
v 0.010446 -0.009524 0.001470
v 0.011155 -0.008961 0.001578
v 0.011811 -0.008336 0.001641
v 0.009273 -0.010155 0.001164
v 0.009323 -0.010310 0.001243
v 0.009301 -0.010255 0.001235
v 0.009283 -0.010200 0.001208
v 0.009249 -0.010166 0.001159
v 0.009298 -0.010321 0.001237
v 0.009276 -0.010266 0.001229
v 0.009258 -0.010212 0.001202
v 0.008450 -0.010475 0.001020
v 0.007612 -0.010676 0.000942
v 0.008458 -0.010519 0.001058
v 0.007618 -0.010720 0.000980
v 0.008471 -0.010571 0.001081
v 0.007626 -0.010772 0.001003
v 0.008487 -0.010624 0.001087
v 0.007635 -0.010825 0.001011
v 0.007615 -0.010829 0.001010
v 0.007574 -0.010682 0.000940
v 0.007595 -0.010832 0.001009
v 0.007587 -0.010779 0.001002
v 0.007580 -0.010726 0.000978
v 0.007399 -0.010860 0.001000
v 0.007190 -0.010709 0.000892
v 0.007192 -0.010754 0.000945
v 0.007195 -0.010815 0.000979
v 0.007201 -0.010881 0.000990
v 0.004621 -0.010447 0.000898
v 0.004630 -0.010427 0.000892
v 0.005905 -0.010661 0.000834
v 0.004673 -0.010317 0.000791
v 0.004657 -0.010359 0.000850
v 0.006545 -0.010725 0.000860
v 0.006546 -0.010715 0.000840
v 0.005907 -0.010652 0.000813
v 0.005896 -0.010705 0.000891
v 0.005886 -0.010767 0.000929
v 0.006542 -0.010770 0.000915
v 0.006539 -0.010831 0.000951
v 0.004677 -0.010308 0.000769
v 0.004283 -0.009695 0.000382
v 0.004803 -0.010028 0.000430
v 0.004902 -0.009787 0.000372
v 0.004510 -0.009617 0.000361
v 0.004436 -0.009581 0.000359
v 0.004361 -0.009544 0.000357
v 0.004203 -0.009848 0.000465
v 0.004136 -0.009972 0.000601
v 0.004722 -0.010214 0.000587
v 0.004686 -0.010289 0.000717
v 0.006573 -0.010489 0.000568
v 0.006588 -0.010324 0.000493
v 0.005982 -0.010265 0.000451
v 0.005947 -0.010430 0.000529
v 0.004952 -0.009807 0.000374
v 0.006012 -0.010101 0.000428
v 0.005749 -0.010050 0.000411
v 0.005693 -0.010038 0.000408
v 0.006429 -0.010152 0.000458
v 0.007082 -0.010157 0.000512
v 0.005915 -0.010565 0.000658
v 0.006556 -0.010626 0.000690
v 0.005695 -0.010025 0.000408
v 0.005723 -0.010031 0.000410
v 0.005751 -0.010036 0.000411
v 0.009496 -0.009289 0.000764
v 0.008674 -0.009717 0.000672
v 0.007922 -0.009978 0.000593
v 0.007653 -0.010041 0.000566
v 0.007100 -0.010122 0.000514
v 0.006405 -0.010128 0.000456
v 0.009570 -0.009243 0.000773
v 0.010409 -0.008634 0.000872
v 0.010776 -0.008312 0.000915
v 0.010997 -0.008098 0.000939
v 0.011739 -0.007284 0.001014
v 0.011855 -0.007145 0.001024
v 0.011944 -0.007166 0.001027
v 0.013286 -0.006170 0.001471
v 0.012894 -0.006538 0.001356
v 0.013290 -0.006292 0.001529
v 0.012196 -0.006937 0.001117
v 0.012584 -0.006746 0.001241
v 0.017466 -0.003887 0.002158
v 0.015861 -0.004160 0.001632
v 0.014746 -0.004589 0.001515
v 0.015097 -0.004550 0.001595
v 0.014657 -0.004646 0.001512
v 0.014399 -0.005023 0.001562
v 0.016681 -0.003877 0.001713
v 0.016354 -0.003848 0.001598
v 0.015561 -0.004148 0.001543
v 0.017504 -0.003610 0.001796
v 0.017477 -0.003613 0.001790
v 0.017497 -0.003783 0.001951
v 0.017103 -0.003668 0.001706
v 0.016654 -0.003764 0.001633
v 0.016706 -0.004057 0.001996
v 0.015942 -0.004350 0.001930
v 0.015225 -0.004749 0.001904
v 0.015176 -0.004671 0.001730
v 0.014501 -0.005150 0.001697
v 0.013876 -0.005698 0.001636
v 0.013889 -0.005542 0.001556
v 0.013315 -0.006141 0.001477
v 0.016701 -0.003986 0.001842
v 0.015912 -0.004276 0.001765
v 0.018118 -0.003565 0.002005
v 0.018731 -0.003566 0.002319
v 0.018620 -0.003563 0.002253
v 0.018547 -0.003720 0.002391
v 0.017599 -0.003770 0.001980
v 0.019281 -0.003608 0.002723
v 0.019305 -0.003769 0.002973
v 0.019425 -0.003627 0.002860
v 0.020172 -0.003908 0.004622
v 0.020346 -0.003787 0.004579
v 0.020292 -0.003776 0.004394
v 0.019840 -0.003847 0.003734
v 0.020038 -0.003727 0.003743
v 0.019997 -0.003719 0.003659
v 0.019720 -0.003671 0.003209
v 0.020514 -0.003822 0.005341
v 0.020425 -0.003962 0.006027
v 0.020608 -0.003842 0.006009
v 0.020455 -0.004004 0.008000
v 0.020704 -0.003864 0.008000
v 0.020655 -0.003853 0.006506
v 0.020210 -0.004007 0.006050
v 0.019968 -0.003958 0.004677
v 0.019655 -0.003905 0.003829
v 0.019159 -0.003843 0.003119
v 0.018450 -0.003810 0.002571
v 0.017562 -0.003873 0.002185
v 0.017599 -0.003770 0.014020
v 0.017497 -0.003783 0.014049
v 0.017504 -0.003610 0.014204
v 0.019305 -0.003769 0.013027
v 0.019425 -0.003627 0.013140
v 0.019720 -0.003671 0.012791
v 0.019840 -0.003847 0.012266
v 0.018167 -0.003564 0.013975
v 0.018620 -0.003563 0.013747
v 0.018547 -0.003720 0.013609
v 0.018771 -0.003568 0.013656
v 0.019304 -0.003612 0.013256
v 0.017466 -0.003887 0.013842
v 0.017562 -0.003873 0.013815
v 0.018450 -0.003810 0.013429
v 0.019159 -0.003843 0.012881
v 0.019655 -0.003905 0.012171
v 0.019968 -0.003958 0.011323
v 0.020210 -0.004007 0.009950
v 0.020425 -0.003962 0.009973
v 0.020608 -0.003843 0.009991
v 0.020658 -0.003854 0.009444
v 0.020172 -0.003908 0.011378
v 0.020346 -0.003787 0.011421
v 0.020516 -0.003822 0.010649
v 0.019997 -0.003720 0.012341
v 0.020059 -0.003731 0.012215
v 0.020307 -0.003780 0.011557
v 0.017477 -0.003613 0.014210
v 0.017642 -0.003222 0.014409
v 0.018284 -0.003224 0.014176
v 0.018414 -0.003221 0.014121
v 0.019072 -0.003217 0.013790
v 0.019643 -0.003256 0.013375
v 0.020054 -0.003322 0.012916
v 0.015921 -0.003996 0.014438
v 0.016182 -0.003886 0.014425
v 0.016711 -0.003750 0.014359
v 0.015191 -0.003856 0.014632
v 0.015225 -0.003551 0.014756
v 0.016377 -0.003180 0.014746
v 0.015122 -0.003270 0.014911
v 0.015030 -0.003148 0.014990
v 0.015027 -0.004181 0.014546
v 0.015119 -0.004369 0.014473
v 0.014657 -0.004646 0.014488
v 0.014203 -0.004686 0.014707
v 0.014199 -0.005184 0.014451
v 0.014101 -0.005299 0.014445
v 0.013387 -0.005476 0.014793
v 0.014128 -0.003704 0.015109
v 0.013547 -0.005902 0.014479
v 0.013317 -0.006139 0.014522
v 0.013075 -0.006382 0.014583
v 0.012893 -0.006538 0.014645
v 0.012584 -0.006746 0.014759
v 0.012245 -0.006909 0.014869
v 0.015225 -0.004749 0.014096
v 0.015942 -0.004350 0.014070
v 0.013290 -0.006292 0.014471
v 0.011944 -0.007166 0.014973
v 0.011855 -0.007145 0.014976
v 0.014501 -0.005150 0.014303
v 0.013876 -0.005698 0.014364
v 0.015176 -0.004671 0.014270
v 0.016706 -0.004057 0.014004
v 0.014399 -0.005023 0.014438
v 0.015097 -0.004550 0.014405
v 0.015861 -0.004160 0.014368
v 0.016681 -0.003877 0.014287
v 0.016701 -0.003986 0.014158
v 0.015912 -0.004276 0.014235
v 0.011739 -0.007284 0.014986
v 0.009570 -0.009243 0.015227
v 0.010033 -0.008927 0.015172
v 0.010575 -0.008493 0.015108
v 0.010936 -0.008159 0.015067
v 0.009496 -0.009289 0.015236
v 0.005749 -0.010050 0.015589
v 0.005751 -0.010036 0.015589
v 0.006012 -0.010101 0.015572
v 0.006527 -0.010134 0.015535
v 0.006359 -0.010145 0.015547
v 0.007082 -0.010157 0.015488
v 0.007079 -0.010124 0.015488
v 0.007282 -0.010103 0.015469
v 0.007653 -0.010041 0.015434
v 0.008039 -0.009945 0.015395
v 0.008826 -0.009648 0.015312
v 0.005693 -0.010038 0.015592
v 0.005695 -0.010025 0.015592
v 0.005723 -0.010031 0.015590
v 0.006588 -0.010324 0.015507
v 0.004803 -0.010028 0.015570
v 0.005947 -0.010430 0.015471
v 0.005915 -0.010565 0.015342
v 0.005907 -0.010652 0.015187
v 0.004677 -0.010308 0.015231
v 0.004686 -0.010289 0.015283
v 0.005291 -0.009928 0.015612
v 0.005982 -0.010265 0.015549
v 0.004722 -0.010214 0.015413
v 0.004902 -0.009787 0.015628
v 0.006573 -0.010489 0.015432
v 0.006556 -0.010626 0.015310
v 0.006546 -0.010715 0.015160
v 0.004510 -0.009617 0.015639
v 0.004283 -0.009695 0.015618
v 0.004361 -0.009544 0.015643
v 0.004436 -0.009581 0.015641
v 0.004203 -0.009848 0.015535
v 0.004136 -0.009972 0.015399
v 0.004094 -0.010046 0.015236
v 0.002360 -0.008872 0.015236
v 0.003218 -0.009524 0.015238
v 0.003128 -0.009496 0.015184
v -0.002242 -0.003332 0.015103
v -0.002232 -0.003328 0.015105
v -0.002206 -0.003364 0.015107
v -0.001946 -0.003778 0.015114
v 0.000507 -0.007132 0.015131
v -0.001002 -0.005293 0.015105
v -0.000966 -0.005267 0.015120
v -0.001335 -0.004883 0.015100
v -0.001642 -0.004289 0.015111
v -0.001696 -0.004323 0.015100
v -0.002274 -0.003344 0.015100
v -0.000308 -0.006305 0.015100
v 0.000466 -0.007168 0.015107
v 0.000847 -0.007675 0.015100
v 0.001274 -0.008044 0.015108
v 0.001847 -0.008675 0.015100
v 0.002138 -0.008856 0.015109
v 0.002753 -0.009426 0.015100
v 0.003068 -0.009582 0.015109
v 0.003677 -0.010032 0.015100
v 0.004032 -0.010163 0.015109
v 0.004006 -0.010214 0.015100
v 0.004069 -0.010093 0.015154
v 0.002206 -0.008778 0.015182
v 0.001347 -0.007972 0.015178
v 0.001430 -0.008014 0.015230
v 0.000541 -0.007103 0.015170
v 0.000482 -0.006989 0.015215
v -0.000731 -0.005468 0.015182
v -0.000934 -0.005245 0.015144
v -0.000908 -0.005227 0.015176
v -0.001615 -0.004273 0.015125
v -0.001592 -0.004258 0.015144
v -0.000963 -0.005151 0.015174
v -0.001951 -0.003731 0.015124
v -0.001927 -0.003767 0.015125
v -0.001630 -0.004202 0.015142
v 0.003102 -0.009534 0.015137
v 0.002177 -0.008812 0.015137
v 0.001315 -0.008004 0.015135
v 0.004673 -0.010317 0.015209
v 0.004606 -0.010483 0.015098
v 0.004621 -0.010447 0.015102
v 0.004630 -0.010427 0.015108
v 0.004657 -0.010359 0.015150
v 0.007193 -0.010882 0.015010
v 0.006536 -0.010900 0.015037
v 0.006539 -0.010831 0.015049
v 0.005905 -0.010661 0.015166
v 0.005897 -0.010705 0.015109
v 0.005886 -0.010767 0.015071
v 0.004732 -0.010531 0.015097
v 0.005874 -0.010836 0.015059
v 0.006545 -0.010725 0.015140
v 0.006542 -0.010770 0.015085
v 0.007219 -0.011200 0.015010
v 0.007496 -0.011145 0.014998
v 0.007049 -0.011391 0.015018
v 0.007358 -0.011313 0.014967
v 0.007050 -0.011233 0.015017
v 0.007135 -0.011217 0.015014
v 0.007309 -0.011466 0.014932
v 0.003780 -0.010816 0.015100
v 0.003714 -0.010783 0.015100
v 0.003795 -0.010858 0.015100
v 0.003923 -0.010925 0.015099
v 0.003735 -0.010827 0.015100
v 0.003704 -0.010809 0.015100
v 0.003670 -0.010897 0.015100
v 0.003635 -0.010985 0.015100
v 0.003584 -0.011116 0.015100
v 0.003533 -0.011248 0.015100
v 0.003516 -0.011292 0.015100
v 0.003499 -0.011336 0.015100
v 0.003865 -0.011514 0.015074
v 0.003575 -0.011381 0.015099
v 0.003853 -0.011538 0.015073
v 0.004320 -0.011776 0.014981
v 0.004343 -0.011743 0.014985
v 0.004746 -0.011998 0.014860
v 0.004780 -0.011955 0.014869
v 0.005146 -0.012148 0.014751
v 0.005103 -0.012199 0.014735
v 0.005387 -0.012367 0.014623
v 0.005948 -0.012700 0.014377
v 0.006228 -0.012855 0.014250
v 0.006489 -0.012987 0.014133
v 0.004147 -0.012046 0.014967
v 0.004938 -0.012714 0.014595
v 0.005745 -0.013461 0.014097
v 0.003412 -0.011557 0.015100
v 0.003371 -0.011663 0.015100
v -0.000958 -0.002812 0.015446
v -0.001665 -0.003118 0.015145
v -0.002050 -0.003258 0.015131
v -0.002196 -0.003314 0.015113
v 0.003144 -0.009384 0.015388
v 0.003796 -0.009223 0.015651
v 0.003327 -0.009123 0.015625
v 0.003263 -0.008857 0.015652
v 0.002742 -0.008447 0.015646
v 0.002407 -0.008396 0.015616
v 0.002326 -0.008090 0.015637
v 0.001555 -0.007587 0.015587
v 0.001819 -0.007610 0.015619
v 0.000761 -0.006728 0.015539
v 0.001039 -0.006794 0.015573
v -0.000253 -0.005285 0.015443
v -0.000714 -0.004921 0.015378
v -0.001276 -0.004041 0.015279
v -0.001906 -0.003680 0.015152
v -0.001572 -0.004143 0.015194
v -0.000899 -0.005087 0.015262
v 0.002203 -0.008638 0.015384
v 0.001340 -0.007811 0.015370
v 0.000545 -0.006935 0.015347
v 0.000642 -0.006840 0.015466
v 0.001435 -0.007710 0.015505
v 0.002293 -0.008531 0.015527
v 0.003225 -0.009268 0.015535
v -0.000812 -0.005007 0.015335
v -0.001505 -0.004077 0.015234
v -0.001857 -0.003626 0.015174
v -0.002040 -0.003412 0.015141
v -0.001843 -0.003433 0.015170
v -0.000277 -0.005155 0.015433
v 0.000218 -0.005798 0.015496
v -0.000798 -0.004434 0.015347
v 0.002292 -0.008054 0.015636
v 0.001381 -0.007150 0.015596
v 0.001257 -0.007017 0.015588
v 0.013933 -0.003844 0.015133
v 0.008477 -0.008801 0.015702
v 0.006108 -0.009301 0.015862
v 0.006728 -0.009318 0.015830
v 0.007384 -0.009219 0.015787
v 0.007744 -0.009115 0.015761
v 0.009814 -0.009007 0.015221
v 0.008767 -0.009644 0.015329
v 0.010789 -0.008191 0.015114
v 0.011691 -0.007230 0.015022
v 0.012580 -0.006180 0.014939
v 0.013033 -0.004585 0.015238
v 0.011997 -0.005615 0.015351
v 0.011165 -0.006520 0.015439
v 0.010012 -0.007697 0.015558
v 0.009017 -0.008484 0.015654
v 0.009230 -0.008337 0.015634
v 0.004648 -0.008842 0.015906
v 0.005359 -0.009137 0.015891
v 0.003846 -0.008358 0.015909
v 0.003009 -0.007700 0.015896
v 0.002117 -0.006853 0.015862
v 0.001684 -0.006390 0.015835
v 0.001126 -0.005743 0.015790
v 0.000085 -0.004387 0.015661
v -0.000831 -0.003017 0.015479
v 0.006485 -0.006273 0.015715
v 0.006315 -0.006347 0.015724
v 0.006830 -0.006071 0.015692
v 0.007240 -0.005712 0.015660
v 0.010358 -0.004460 0.015458
v 0.007584 -0.005235 0.015624
v 0.007793 -0.004737 0.015593
v 0.007894 -0.004157 0.015561
v 0.007898 -0.003989 0.015552
v 0.008226 -0.003501 0.015517
v 0.008374 -0.003285 0.015501
v 0.008478 -0.003143 0.015490
v 0.008470 -0.003137 0.015490
v 0.008422 -0.003211 0.015495
v 0.011762 0.001996 0.015110
v 0.010822 0.000300 0.015233
v 0.010488 -0.000047 0.015262
v 0.017476 0.011132 0.014418
v 0.016851 0.010075 0.014496
v 0.017224 0.011280 0.014416
v 0.015345 0.007543 0.014687
v 0.012905 0.003881 0.014969
v 0.012470 0.002858 0.015040
v 0.011876 0.001923 0.015111
v 0.019832 0.010231 0.014324
v 0.020294 0.009464 0.014292
v 0.018987 0.010242 0.014389
v 0.018857 0.013473 0.014244
v 0.018871 0.013411 0.014247
v 0.019642 0.010641 0.014328
v 0.018884 0.013349 0.014250
v 0.019142 0.012203 0.014298
v 0.019448 0.011145 0.014325
v 0.018589 0.013629 0.014243
v 0.018811 0.013680 0.014234
v 0.018288 0.013120 0.014280
v 0.015549 0.019031 0.012850
v 0.015350 0.019530 0.012850
v 0.015911 0.019404 0.013225
v 0.019982 0.013944 0.014436
v 0.019692 0.013878 0.014229
v 0.019948 0.014094 0.014429
v 0.019547 0.014693 0.014226
v 0.019605 0.015321 0.014367
v 0.019356 0.015403 0.014208
v 0.019450 0.015731 0.014340
v 0.019270 0.015649 0.014197
v 0.019213 0.016258 0.014298
v 0.018887 0.016490 0.014132
v 0.018683 0.017193 0.014193
v 0.018437 0.017189 0.014023
v 0.018614 0.017296 0.014178
v 0.018174 0.017883 0.014076
v 0.018100 0.017580 0.013920
v 0.017950 0.017727 0.013869
v 0.017726 0.018356 0.013957
v 0.017507 0.018074 0.013705
v 0.017618 0.018455 0.013926
v 0.017050 0.018882 0.013744
v 0.017234 0.018237 0.013594
v 0.016945 0.018372 0.013469
v 0.016595 0.019137 0.013566
v 0.016402 0.018537 0.013207
v 0.016494 0.019185 0.013522
v 0.016343 0.018548 0.013176
v 0.015758 0.018596 0.012850
v 0.019008 0.013724 0.014227
v 0.018811 0.013680 0.014200
v 0.019354 0.013802 0.014229
v 0.019982 0.013944 0.014200
v 0.011904 0.016295 0.009960
v 0.011870 0.016303 0.008000
v 0.017062 0.013833 0.014224
v 0.017823 0.014663 0.014167
v 0.017630 0.014829 0.014147
v 0.016815 0.015582 0.014016
v 0.013121 0.013882 0.012850
v 0.012910 0.014629 0.012850
v 0.011733 0.014967 0.012850
v 0.015700 0.015414 0.012850
v 0.015144 0.015956 0.012850
v 0.014392 0.016148 0.012850
v 0.013644 0.015938 0.012850
v 0.013102 0.015382 0.012850
v 0.015910 0.014667 0.012850
v 0.015719 0.013914 0.012850
v 0.015177 0.013359 0.012850
v 0.013832 0.019438 0.012850
v 0.014209 0.019539 0.012850
v 0.015286 0.019539 0.012850
v 0.014429 0.013148 0.012850
v 0.013677 0.013340 0.012850
v 0.012910 0.014629 0.014700
v 0.012295 0.015834 0.014700
v 0.012326 0.013410 0.014700
v 0.013102 0.015382 0.014700
v 0.013644 0.015938 0.014700
v 0.014380 0.017073 0.014700
v 0.016525 0.013462 0.014700
v 0.016495 0.015887 0.014700
v 0.015910 0.014667 0.014700
v 0.014441 0.012223 0.014700
v 0.013677 0.013340 0.014700
v 0.013121 0.013882 0.014700
v 0.015719 0.013914 0.014700
v 0.015177 0.013359 0.014700
v 0.014429 0.013148 0.014700
v 0.014392 0.016148 0.014700
v 0.015144 0.015956 0.014700
v 0.015700 0.015414 0.014700
v 0.011256 0.018549 0.004681
v 0.011242 0.018554 0.004779
v 0.011145 0.018593 0.005972
v 0.011118 0.018605 0.008000
v 0.011226 0.018563 0.011106
v 0.011137 0.018599 0.009937
v 0.011132 0.018601 0.009795
v 0.013366 0.019379 0.011300
v 0.013267 0.019353 0.010925
v 0.013076 0.019301 0.008000
v 0.013118 0.019313 0.009909
v 0.013149 0.019322 0.010235
v 0.013235 0.019345 0.010776
v 0.011813 0.018893 0.011373
v 0.011861 0.018830 0.011964
v 0.012114 0.018995 0.011766
v 0.018671 0.010944 0.016584
v 0.019320 0.010766 0.016413
v 0.019005 0.011725 0.016389
v 0.016111 0.019339 0.014313
v 0.016016 0.019371 0.014264
v 0.015752 0.019033 0.014686
v 0.013605 0.019328 0.013051
v 0.014103 0.019313 0.013586
v 0.013230 0.019323 0.012470
v 0.013408 0.019328 0.012774
v 0.013455 0.019329 0.012845
v 0.015281 0.019539 0.013821
v 0.015096 0.019559 0.013686
v 0.014808 0.019253 0.014143
v 0.015013 0.019565 0.013623
v 0.014448 0.019561 0.013115
v 0.015538 0.019497 0.013991
v 0.016595 0.019137 0.014536
v 0.016305 0.018807 0.014928
v 0.016700 0.019084 0.014580
v 0.016889 0.018470 0.015139
v 0.017290 0.018718 0.014797
v 0.017726 0.018357 0.014932
v 0.017468 0.017999 0.015312
v 0.017849 0.018238 0.014967
v 0.017974 0.017434 0.015442
v 0.018369 0.017638 0.015099
v 0.018679 0.016342 0.015592
v 0.019082 0.016516 0.015242
v 0.018878 0.016879 0.015206
v 0.018615 0.017296 0.015153
v 0.019982 0.013944 0.015385
v 0.019529 0.013975 0.015745
v 0.019683 0.015084 0.015337
v 0.019200 0.015155 0.015684
v 0.019449 0.015731 0.015302
v 0.019316 0.016041 0.015281
v 0.019996 0.011976 0.015812
v 0.020277 0.011126 0.015820
v 0.022230 0.008586 0.015549
v 0.021603 0.009132 0.015682
v 0.021062 0.009731 0.015764
v 0.020628 0.010380 0.015806
v 0.023247 0.008390 0.014898
v 0.022534 0.008889 0.015130
v 0.022912 0.008100 0.015351
v 0.023615 0.007678 0.015073
v 0.023900 0.008008 0.014605
v 0.024328 0.007786 0.014350
v 0.024312 0.007319 0.014688
v 0.024522 0.007692 0.014213
v 0.024961 0.007021 0.014173
v 0.025026 0.007461 0.013762
v 0.025517 0.006786 0.013516
v 0.025467 0.007272 0.013191
v 0.025951 0.006611 0.012725
v 0.025803 0.007134 0.012551
v 0.026261 0.006489 0.011831
v 0.026072 0.007027 0.011777
v 0.026464 0.006409 0.010869
v 0.026279 0.006945 0.010808
v 0.026584 0.006363 0.009867
v 0.026412 0.006893 0.009604
v 0.026653 0.006336 0.008000
v 0.026462 0.006874 0.008000
v 0.026707 0.004633 0.009787
v 0.026810 0.005179 0.008000
v 0.026052 0.005474 0.012965
v 0.026302 0.004791 0.012191
v 0.026394 0.005341 0.011989
v 0.026557 0.004692 0.011063
v 0.026612 0.005256 0.010965
v 0.026738 0.005207 0.009918
v 0.025170 0.005232 0.014350
v 0.025481 0.005109 0.013951
v 0.025558 0.005667 0.013852
v 0.025634 0.005049 0.013718
v 0.026007 0.004905 0.013005
v 0.024803 0.005381 0.014730
v 0.024911 0.005931 0.014603
v 0.024666 0.005438 0.014853
v 0.024149 0.006265 0.015192
v 0.024014 0.005722 0.015334
v 0.023328 0.006671 0.015629
v 0.023221 0.006105 0.015757
v 0.022498 0.007150 0.015940
v 0.022401 0.006561 0.016071
v 0.021693 0.007709 0.016155
v 0.021546 0.007129 0.016306
v 0.020943 0.008348 0.016295
v 0.020708 0.007812 0.016465
v 0.020282 0.009069 0.016377
v 0.020038 0.008497 0.016549
v 0.019493 0.009218 0.016590
v 0.019740 0.009874 0.016412
v 0.019260 0.009603 0.016598
v 0.019030 0.010050 0.016599
v 0.018309 0.012244 0.016535
v 0.018526 0.013778 0.016293
v 0.018222 0.014859 0.016218
v 0.017753 0.015906 0.016114
v 0.017124 0.016862 0.015958
v 0.016709 0.017307 0.015847
v 0.016231 0.017674 0.015710
v 0.015726 0.017950 0.015547
v 0.015219 0.018152 0.015359
v 0.014255 0.018404 0.014908
v 0.013405 0.018552 0.014357
v 0.012709 0.018670 0.013692
v 0.012196 0.018768 0.012890
v 0.011583 0.018815 0.010885
v 0.011409 0.018757 0.010233
v 0.011294 0.018720 0.008000
v 0.011313 0.018726 0.009379
v 0.012499 0.019124 0.012065
v 0.012915 0.019254 0.012233
v 0.012697 0.019086 0.012693
v 0.013142 0.019040 0.013393
v 0.013504 0.019329 0.012915
v 0.026771 0.005763 0.008000
v 0.026700 0.005791 0.009896
v 0.026578 0.005838 0.010923
v 0.026366 0.005921 0.011920
v 0.026039 0.006049 0.012860
v 0.025571 0.006234 0.013705
v 0.024965 0.006485 0.014415
v 0.024255 0.006803 0.014971
v 0.023493 0.007187 0.015384
v 0.022724 0.007639 0.015681
v 0.021979 0.008161 0.015888
v 0.021291 0.008753 0.016025
v 0.020690 0.009412 0.016106
v 0.020203 0.010137 0.016145
v 0.019818 0.010954 0.016152
v 0.019520 0.011857 0.016136
v 0.019046 0.013883 0.016054
v 0.018727 0.015016 0.015986
v 0.018230 0.016136 0.015887
v 0.017559 0.017164 0.015734
v 0.017096 0.017672 0.015614
v 0.016563 0.018094 0.015459
v 0.016016 0.018403 0.015272
v 0.015483 0.018621 0.015057
v 0.014523 0.018863 0.014558
v 0.013742 0.018972 0.013999
v 0.013366 0.019379 0.004700
v 0.013267 0.019353 0.005075
v 0.013149 0.019322 0.005765
v 0.013118 0.019313 0.006091
v 0.013832 0.019438 0.003150
v 0.014209 0.019539 0.003150
v 0.014634 0.019571 0.002704
v 0.017609 0.018463 0.001102
v 0.017468 0.017999 0.000688
v 0.016889 0.018470 0.000861
v 0.011861 0.018830 0.004036
v 0.011792 0.018886 0.004662
v 0.011544 0.018802 0.005230
v 0.012196 0.018768 0.003110
v 0.012709 0.018670 0.002308
v 0.013405 0.018552 0.001643
v 0.014255 0.018404 0.001092
v 0.015219 0.018152 0.000641
v 0.015726 0.017950 0.000453
v 0.016231 0.017674 0.000290
v 0.016709 0.017307 0.000153
v 0.017124 0.016862 0.000042
v 0.017753 0.015906 -0.000114
v 0.018222 0.014859 -0.000218
v 0.018526 0.013778 -0.000293
v 0.019005 0.011725 -0.000389
v 0.019320 0.010766 -0.000413
v 0.019740 0.009874 -0.000412
v 0.020282 0.009069 -0.000377
v 0.020943 0.008348 -0.000295
v 0.021693 0.007709 -0.000155
v 0.022498 0.007150 0.000060
v 0.023328 0.006671 0.000371
v 0.024149 0.006265 0.000808
v 0.024911 0.005931 0.001397
v 0.025558 0.005667 0.002148
v 0.026052 0.005474 0.003035
v 0.026394 0.005341 0.004011
v 0.026612 0.005256 0.005035
v 0.026738 0.005207 0.006082
v 0.026412 0.006893 0.006401
v 0.024312 0.007319 0.001312
v 0.025016 0.007465 0.002228
v 0.024961 0.007021 0.001827
v 0.025464 0.007273 0.002803
v 0.025517 0.006786 0.002484
v 0.025799 0.007135 0.003442
v 0.025951 0.006611 0.003275
v 0.026073 0.007026 0.004227
v 0.026261 0.006489 0.004169
v 0.026281 0.006944 0.005209
v 0.026464 0.006409 0.005131
v 0.026584 0.006363 0.006133
v 0.023920 0.007997 0.001406
v 0.024328 0.007786 0.001649
v 0.024519 0.007693 0.001785
v 0.023615 0.007678 0.000927
v 0.022912 0.008100 0.000649
v 0.023301 0.008356 0.001122
v 0.022590 0.008846 0.000886
v 0.022230 0.008586 0.000451
v 0.022350 0.009035 0.000822
v 0.021603 0.009132 0.000318
v 0.021666 0.009677 0.000679
v 0.021253 0.010187 0.000617
v 0.021062 0.009731 0.000236
v 0.021166 0.010314 0.000606
v 0.020592 0.011511 0.000565
v 0.020786 0.011018 0.000572
v 0.020277 0.011126 0.000180
v 0.020628 0.010379 0.000194
v 0.020492 0.011813 0.000565
v 0.019996 0.011976 0.000188
v 0.020415 0.012077 0.000567
v 0.020170 0.013085 0.000587
v 0.019529 0.013975 0.000255
v 0.019200 0.015155 0.000316
v 0.019662 0.015151 0.000667
v 0.018679 0.016342 0.000408
v 0.019082 0.016515 0.000758
v 0.019281 0.016118 0.000725
v 0.019450 0.015731 0.000699
v 0.017974 0.017433 0.000558
v 0.018614 0.017296 0.000846
v 0.018766 0.017063 0.000815
v 0.017726 0.018357 0.001068
v 0.018172 0.017885 0.000948
v 0.018352 0.017661 0.000905
v 0.015752 0.019033 0.001314
v 0.016423 0.019216 0.001538
v 0.016305 0.018807 0.001072
v 0.016595 0.019137 0.001464
v 0.017023 0.018899 0.001296
v 0.014103 0.019313 0.002414
v 0.015228 0.019546 0.002218
v 0.014808 0.019253 0.001857
v 0.015284 0.019539 0.002178
v 0.015801 0.019435 0.001852
v 0.012915 0.019254 0.003767
v 0.013230 0.019323 0.003530
v 0.013408 0.019328 0.003226
v 0.013504 0.019329 0.003085
v 0.013605 0.019328 0.002949
v 0.011388 0.018750 0.005891
v 0.011306 0.018723 0.006782
v 0.013455 0.019329 0.003155
v 0.013142 0.019040 0.002607
v 0.012697 0.019086 0.003307
v 0.012496 0.019123 0.003937
v 0.013742 0.018972 0.002001
v 0.014523 0.018863 0.001442
v 0.015483 0.018621 0.000943
v 0.016016 0.018403 0.000728
v 0.016563 0.018094 0.000541
v 0.017095 0.017672 0.000386
v 0.017559 0.017164 0.000266
v 0.018230 0.016136 0.000113
v 0.018727 0.015016 0.000014
v 0.019046 0.013883 -0.000054
v 0.019520 0.011857 -0.000136
v 0.019818 0.010954 -0.000152
v 0.020203 0.010137 -0.000145
v 0.020690 0.009412 -0.000106
v 0.021291 0.008753 -0.000025
v 0.021979 0.008161 0.000112
v 0.022724 0.007639 0.000319
v 0.023493 0.007187 0.000616
v 0.024255 0.006803 0.001029
v 0.024965 0.006485 0.001585
v 0.025571 0.006234 0.002295
v 0.026039 0.006049 0.003140
v 0.026366 0.005921 0.004080
v 0.026578 0.005838 0.005077
v 0.026700 0.005791 0.006104
v 0.012131 0.019001 0.004217
v 0.020094 0.013433 0.002323
v 0.020592 0.011511 0.002500
v 0.020132 0.013260 0.002500
v 0.021253 0.010187 0.002500
v 0.022350 0.009035 0.002500
v 0.024258 0.006487 0.005453
v 0.024260 0.006486 0.005500
v 0.024874 0.007528 0.005500
v 0.024231 0.006499 0.005327
v 0.024824 0.007551 0.005272
v 0.024186 0.006520 0.005228
v 0.024740 0.007589 0.005146
v 0.024126 0.006548 0.005146
v 0.024682 0.007616 0.005092
v 0.024026 0.006595 0.005063
v 0.024420 0.007741 0.005000
v 0.023807 0.006702 0.005000
v 0.024485 0.007710 0.005005
v 0.024576 0.007666 0.005031
v 0.024322 0.007789 0.005000
v 0.023279 0.006978 0.005000
v 0.023281 0.008369 0.005000
v 0.022670 0.007334 0.005000
v 0.022584 0.007389 0.004989
v 0.023075 0.008502 0.004936
v 0.022524 0.007428 0.004969
v 0.022420 0.007496 0.004902
v 0.022984 0.008562 0.004854
v 0.022373 0.007527 0.004854
v 0.022939 0.008594 0.004788
v 0.022294 0.007580 0.004721
v 0.022863 0.008646 0.004500
v 0.022252 0.007609 0.004500
v 0.022868 0.008642 0.004575
v 0.022889 0.008628 0.004673
v 0.022863 0.008646 0.003000
v 0.022252 0.007609 0.003000
v 0.022249 0.007611 0.002945
v 0.022816 0.008679 0.002767
v 0.022034 0.007764 0.002558
v 0.022131 0.007694 0.002646
v 0.022744 0.008731 0.002646
v 0.022180 0.007659 0.002718
v 0.022226 0.007627 0.002827
v 0.022690 0.008771 0.002591
v 0.022598 0.008839 0.002531
v 0.021845 0.007904 0.002500
v 0.022532 0.008890 0.002508
v 0.022460 0.008946 0.002500
v 0.021589 0.008107 0.002500
v 0.020374 0.009355 0.002500
v 0.019642 0.010641 0.002500
v 0.019096 0.012395 0.002500
v 0.018961 0.012996 0.002500
v 0.021589 0.008107 0.001922
v 0.020873 0.008768 0.001781
v 0.020374 0.009355 0.001716
v 0.020294 0.009464 0.001708
v 0.019836 0.010222 0.001676
v 0.019642 0.010641 0.001672
v 0.019462 0.011106 0.001674
v 0.019144 0.012192 0.001701
v 0.018884 0.013349 0.002139
v 0.018884 0.013349 0.001750
v 0.018922 0.013175 0.002316
v 0.018848 0.013517 0.001966
v 0.018811 0.013680 0.001800
v 0.018871 0.013411 0.001753
v 0.018857 0.013473 0.001756
v 0.018811 0.013680 0.001766
v 0.018987 0.010242 0.001611
v 0.017476 0.011132 0.001582
v 0.017224 0.011280 0.001584
v 0.018288 0.013120 0.001720
v 0.018589 0.013629 0.001757
v 0.016851 0.010075 0.001504
v 0.015345 0.007543 0.001313
v 0.013415 0.004736 0.001094
v 0.012470 0.002858 0.000960
v 0.011761 0.001996 0.000889
v 0.011876 0.001923 0.000889
v 0.010995 0.000761 0.000798
v 0.010822 0.000300 0.000767
v 0.008470 -0.003137 0.000510
v 0.008478 -0.003143 0.000510
v 0.008374 -0.003285 0.000499
v 0.008422 -0.003211 0.000505
v 0.010958 -0.006744 0.000539
v 0.011997 -0.005615 0.000649
v 0.010358 -0.004460 0.000542
v 0.007812 -0.004673 0.000411
v 0.007592 -0.005219 0.000377
v 0.007894 -0.004161 0.000439
v 0.007898 -0.003989 0.000448
v 0.008226 -0.003501 0.000483
v 0.007239 -0.005713 0.000340
v 0.006822 -0.009311 0.000176
v 0.006841 -0.006063 0.000308
v 0.006485 -0.006273 0.000285
v 0.006315 -0.006347 0.000276
v 0.004648 -0.008842 0.000094
v 0.005414 -0.009154 0.000111
v 0.006131 -0.009304 0.000139
v 0.010542 -0.007182 0.000496
v 0.008246 -0.008915 0.000279
v 0.008976 -0.008511 0.000343
v 0.009726 -0.007949 0.000414
v 0.007493 -0.009191 0.000221
v 0.002898 -0.004053 0.000350
v 0.002898 -0.004053 0.000950
v 0.002920 -0.003687 0.000380
v 0.003015 -0.003265 0.000950
v 0.003054 -0.003151 0.000424
v 0.004126 -0.001869 0.000530
v 0.003663 -0.002221 0.000950
v 0.004656 -0.001634 0.000548
v 0.004730 -0.001612 0.000950
v 0.004730 -0.001612 0.000550
v 0.003663 -0.002221 0.000503
v 0.003307 -0.002651 0.000467
v 0.006329 -0.001701 0.000549
v 0.005959 -0.001585 0.000554
v 0.005959 -0.001585 0.000950
v 0.005806 -0.001555 0.000556
v 0.005203 -0.001529 0.000556
v 0.006839 -0.001979 0.000536
v 0.007052 -0.002147 0.000950
v 0.007052 -0.002147 0.000529
v 0.007745 -0.003162 0.000950
v 0.007898 -0.003990 0.000950
v 0.007821 -0.003407 0.000475
v 0.007611 -0.002859 0.000499
v 0.007279 -0.002374 0.000520
v 0.007336 -0.005601 0.000950
v 0.007822 -0.004632 0.000950
v 0.006485 -0.006273 0.000950
v 0.006175 -0.006398 0.000268
v 0.005593 -0.006514 0.000243
v 0.005430 -0.006521 0.000950
v 0.005430 -0.006521 0.000237
v 0.004368 -0.006300 0.000950
v 0.004437 -0.006330 0.000219
v 0.005004 -0.006490 0.000226
v 0.002970 -0.004617 0.000307
v 0.003168 -0.005151 0.000270
v 0.003500 -0.005649 0.000950
v 0.003496 -0.005644 0.000241
v 0.003924 -0.006041 0.000224
v 0.002990 -0.004693 0.000950
v 0.006898 -0.004003 0.000950
v 0.006687 -0.003255 0.000950
v 0.006132 -0.002713 0.000950
v 0.005379 -0.002522 0.000950
v 0.003898 -0.004040 0.000950
v 0.004108 -0.004788 0.000950
v 0.004664 -0.005330 0.000950
v 0.005417 -0.005521 0.000950
v 0.006164 -0.005311 0.000950
v 0.006706 -0.004755 0.000950
v 0.004632 -0.002732 0.000950
v 0.004090 -0.003288 0.000950
v 0.003944 -0.005963 -0.000750
v 0.002990 -0.003733 -0.000750
v 0.003898 -0.004040 -0.000750
v 0.004108 -0.004788 -0.000750
v 0.004664 -0.005330 -0.000750
v 0.006352 -0.006251 -0.000750
v 0.006851 -0.002081 -0.000750
v 0.007806 -0.004310 -0.000750
v 0.006898 -0.004003 -0.000750
v 0.004444 -0.001792 -0.000750
v 0.004632 -0.002732 -0.000750
v 0.004090 -0.003288 -0.000750
v 0.005417 -0.005521 -0.000750
v 0.006164 -0.005311 -0.000750
v 0.006706 -0.004755 -0.000750
v 0.006687 -0.003255 -0.000750
v 0.006132 -0.002713 -0.000750
v 0.005379 -0.002522 -0.000750
v 0.002990 -0.003733 -0.001831
v 0.003463 -0.004837 -0.001908
v 0.003944 -0.005963 -0.001971
v 0.006352 -0.006251 -0.001918
v 0.005140 -0.006106 -0.001949
v 0.007806 -0.004310 -0.001775
v 0.007073 -0.005288 -0.001848
v 0.006851 -0.002081 -0.001676
v 0.007324 -0.003185 -0.001731
v 0.005637 -0.001935 -0.001681
v 0.004444 -0.001792 -0.001673
v 0.003707 -0.002776 -0.001754
v 0.002919 0.000464 -0.001409
v 0.004604 -0.000726 -0.001581
v 0.000915 -0.005389 -0.001965
v 0.000779 -0.005219 -0.001951
v 0.002535 -0.003173 -0.001784
v -0.000118 -0.004014 -0.001831
v -0.000961 0.003205 -0.000448
v 0.000149 0.002421 -0.000844
v -0.001077 -0.002571 -0.001631
v -0.001639 -0.001642 -0.001463
v -0.001968 -0.001086 -0.001344
v -0.002576 0.000052 -0.001051
v -0.002940 0.000906 -0.000783
v 0.003073 0.004088 -0.000832
v 0.003335 0.003700 -0.000936
v 0.007953 -0.001166 -0.001597
v 0.008591 -0.001501 -0.001602
v 0.009449 -0.001823 -0.001594
v 0.007776 -0.001057 -0.001593
v 0.004181 -0.008517 -0.002097
v 0.003671 -0.008161 -0.002096
v 0.002809 -0.007441 -0.002081
v 0.001879 -0.006512 -0.002041
v 0.006191 0.000222 -0.001509
v 0.006632 -0.000185 -0.001543
v 0.007073 -0.000555 -0.001568
v -0.000087 0.009615 0.008000
v -0.000087 0.009615 0.007959
v -0.000635 0.009219 0.008000
v 0.000186 0.009148 0.003508
v -0.001346 0.008203 0.003950
v 0.000048 0.009387 0.004536
v -0.001355 0.008205 0.003975
v -0.000080 0.009603 0.007010
v -0.000026 0.009514 0.005483
v -0.000019 0.009502 0.005367
v 0.000048 0.009388 0.004542
v 0.000512 0.008553 0.002131
v -0.001994 0.006931 0.002363
v -0.001463 0.007407 0.002500
v -0.001944 0.007062 0.002500
v 0.000357 0.008839 0.002678
v -0.001284 0.007708 0.002769
v 0.000260 0.009015 0.003108
v -0.001206 0.007957 0.003118
v -0.001227 0.008123 0.003509
v -0.000382 0.006391 0.000810
v -0.002585 0.005246 0.001076
v 0.000776 0.008047 0.001427
v -0.002253 0.006225 0.001738
v -0.002106 0.006630 0.002077
v -0.003309 0.002646 -0.000111
v -0.003260 0.002851 -0.000036
v -0.001905 0.003872 0.000026
v -0.002953 0.004027 0.000445
v -0.002695 0.004430 0.000578
v -0.003197 0.001825 -0.000450
v 0.003692 0.003192 -0.001057
v 0.004061 0.002687 -0.001163
v 0.004253 0.002431 -0.001211
v 0.004723 0.001835 -0.001311
v 0.004965 0.001542 -0.001355
v 0.005211 0.001255 -0.001394
v 0.005690 0.000729 -0.001457
v 0.001057 0.007506 0.000880
v 0.001390 0.006881 0.000399
v 0.000366 0.005891 0.000258
v 0.001775 0.006192 -0.000013
v 0.001264 0.005291 -0.000219
v 0.002110 0.005618 -0.000290
v 0.002322 0.004584 -0.000620
v 0.002687 0.004681 -0.000649
v -0.001346 0.008204 0.003975
v 0.002896 0.006957 0.002500
v 0.002763 0.007298 0.002777
v 0.002564 0.007569 0.003119
v 0.002338 0.007763 0.003535
v 0.002077 0.007851 0.004000
v -0.003261 0.002783 0.002500
v -0.003283 0.002690 0.002500
v -0.002709 0.004812 0.002500
v -0.003788 0.000021 0.001433
v -0.003725 0.000478 0.001574
v -0.003707 0.000649 -0.000454
v -0.003501 0.001713 0.002025
v -0.003487 0.001841 -0.000313
v -0.003642 0.001034 -0.000432
v -0.003464 0.001950 -0.000290
v -0.003872 -0.001912 -0.000139
v -0.003873 -0.001911 0.000397
v -0.003866 -0.000795 -0.000360
v -0.003788 0.000067 -0.000448
v -0.003779 0.000140 -0.000451
v -0.003863 -0.000787 0.001207
v -0.003874 -0.001910 0.000934
v -0.006604 -0.004426 0.000900
v -0.006688 -0.005025 0.000900
v -0.006403 -0.003584 0.000900
v -0.006811 -0.003589 0.000620
v -0.006817 -0.003589 0.000500
v -0.007029 -0.004616 0.000500
v -0.006736 -0.005278 0.000900
v -0.006722 -0.005280 0.000900
v -0.006826 -0.006987 0.000900
v -0.006812 -0.007010 0.000900
v -0.006663 -0.008617 0.000900
v -0.006649 -0.008614 0.000900
v -0.000663 -0.015448 0.000887
v -0.000620 -0.015287 0.000900
v -0.001400 -0.015056 0.000900
v -0.001395 -0.015042 0.000900
v -0.002144 -0.014740 0.000900
v -0.002378 -0.014606 0.000900
v -0.002837 -0.014360 0.000900
v -0.003481 -0.013897 0.000900
v -0.003490 -0.013908 0.000900
v -0.003891 -0.013559 0.000900
v -0.004454 -0.013581 0.000500
v -0.004337 -0.013693 0.000500
v -0.004329 -0.013684 0.000664
v -0.003727 -0.014215 0.000500
v -0.003718 -0.014203 0.000664
v -0.003040 -0.014690 0.000500
v -0.003032 -0.014678 0.000664
v -0.003005 -0.014711 0.000500
v -0.002307 -0.015077 0.000664
v -0.002239 -0.015122 0.000500
v -0.001529 -0.015406 0.000664
v -0.000723 -0.015674 0.000500
v -0.000720 -0.015660 0.000667
v -0.004892 -0.013120 0.000500
v -0.004884 -0.013112 0.000664
v -0.005627 -0.012167 0.000500
v -0.005830 -0.011827 0.000664
v -0.005841 -0.011833 0.000500
v -0.006238 -0.011085 0.000664
v -0.006527 -0.010469 0.000500
v -0.006576 -0.010308 0.000664
v -0.006589 -0.010313 0.000500
v -0.007030 -0.008684 0.000664
v -0.007043 -0.008687 0.000500
v -0.007055 -0.008616 0.000500
v -0.007199 -0.006995 0.000664
v -0.007212 -0.006995 0.000500
v -0.007106 -0.005232 0.000664
v -0.007119 -0.005230 0.000500
v -0.007214 -0.006690 0.000500
v -0.006929 -0.005254 0.000875
v -0.007021 -0.006991 0.000875
v -0.006854 -0.008652 0.000875
v -0.006480 -0.009405 0.000900
v -0.006409 -0.010244 0.000875
v -0.006228 -0.010175 0.000900
v -0.006417 -0.003584 0.000900
v -0.006668 -0.003587 0.000854
v -0.007009 -0.005244 0.000832
v -0.007101 -0.006993 0.000832
v -0.006933 -0.008666 0.000832
v -0.006484 -0.010273 0.000832
v -0.006078 -0.011007 0.000875
v -0.006150 -0.011042 0.000832
v -0.005678 -0.011733 0.000875
v -0.005746 -0.011775 0.000832
v -0.004750 -0.012994 0.000875
v -0.005903 -0.010921 0.000900
v -0.005512 -0.011632 0.000900
v -0.005084 -0.012268 0.000900
v -0.004604 -0.012865 0.000900
v -0.006591 -0.008900 0.000900
v -0.006214 -0.010170 0.000900
v -0.005984 -0.010718 0.000900
v -0.005500 -0.011625 0.000900
v -0.005094 -0.012230 0.000900
v -0.004593 -0.012855 0.000900
v -0.004073 -0.013413 0.000900
v -0.003609 -0.014062 0.000875
v -0.000684 -0.015526 0.000859
v -0.001467 -0.015238 0.000875
v -0.002229 -0.014916 0.000875
v -0.002939 -0.014525 0.000875
v -0.004810 -0.013047 0.000832
v -0.004261 -0.013613 0.000832
v -0.003658 -0.014126 0.000832
v -0.002981 -0.014594 0.000832
v -0.002264 -0.014988 0.000832
v -0.001495 -0.015314 0.000832
v -0.000701 -0.015589 0.000812
v -0.006759 -0.003589 0.000771
v -0.007067 -0.005237 0.000766
v -0.007160 -0.006994 0.000766
v -0.006991 -0.008677 0.000766
v -0.006540 -0.010294 0.000766
v -0.006203 -0.011068 0.000766
v -0.005797 -0.011806 0.000766
v -0.004854 -0.013086 0.000766
v -0.004302 -0.013656 0.000766
v -0.003694 -0.014172 0.000766
v -0.003011 -0.014644 0.000766
v -0.002290 -0.015041 0.000766
v -0.001515 -0.015369 0.000766
v -0.000713 -0.015634 0.000747
v -0.002835 -0.003540 0.000100
v -0.002835 -0.003540 0.000866
v -0.002830 -0.003542 0.000900
v -0.006817 -0.003589 0.000100
v 0.003113 -0.012249 0.000100
v 0.003152 -0.012217 0.000100
v 0.003150 -0.012222 0.000100
v 0.004136 -0.013816 0.000455
v 0.003680 -0.014027 0.000357
v 0.003622 -0.013500 0.000245
v -0.000523 -0.015725 0.000113
v -0.000998 -0.015595 0.000100
v -0.000185 -0.014937 0.000100
v -0.000239 -0.015791 0.000131
v 0.000285 -0.015244 0.000119
v -0.000008 -0.015838 0.000151
v 0.000894 -0.015443 0.000178
v 0.000552 -0.015931 0.000214
v 0.001583 -0.015525 0.000271
v 0.001093 -0.015992 0.000295
v 0.001438 -0.016018 0.000356
v 0.002315 -0.015503 0.000391
v 0.002233 -0.016039 0.000524
v 0.003051 -0.015389 0.000535
v 0.003236 -0.015992 0.000793
v 0.003755 -0.015195 0.000695
v 0.003790 -0.015938 0.000973
v 0.004388 -0.014934 0.000866
v 0.004392 -0.015869 0.001202
v 0.004610 -0.014164 0.000751
v 0.005104 -0.015793 0.001523
v 0.003173 -0.012269 0.000100
v 0.003216 -0.012288 0.000101
v 0.003396 -0.012594 0.000121
v 0.003350 -0.012297 0.000106
v 0.004262 -0.013319 0.000407
v 0.003538 -0.013023 0.000168
v 0.003932 -0.012804 0.000227
v 0.003599 -0.012472 0.000136
v 0.003398 -0.012314 0.000109
v 0.002975 -0.013232 0.000129
v 0.002687 -0.013283 0.000116
v 0.003100 -0.012716 0.000111
v 0.002422 -0.013286 0.000107
v 0.003154 -0.012245 0.000100
v 0.001234 -0.014241 0.000106
v 0.003149 -0.012229 0.000100
v 0.002648 -0.014324 0.000210
v 0.002130 -0.014381 0.000161
v 0.001648 -0.014359 0.000126
v 0.003175 -0.014201 0.000275
v 0.004720 -0.012427 0.000408
v 0.004305 -0.012076 0.000244
v 0.004393 -0.011872 0.000225
v 0.003871 -0.011760 0.000136
v 0.004501 -0.011683 0.000189
v 0.003252 -0.012257 0.000101
v 0.003315 -0.011807 0.000100
v 0.005740 -0.014987 0.001542
v 0.005434 -0.014472 0.001248
v 0.004839 -0.013428 0.000686
v 0.004518 -0.012941 0.000449
v 0.004158 -0.012505 0.000262
v 0.003743 -0.012143 0.000141
v 0.005915 -0.013518 0.001085
v 0.006498 -0.013917 0.001397
v 0.006238 -0.014743 0.001633
v 0.006202 -0.013082 0.000950
v 0.006661 -0.013313 0.001152
v 0.006690 -0.013304 0.001151
v 0.006562 -0.012748 0.000691
v 0.006849 -0.012847 0.000772
v 0.006809 -0.012966 0.000881
v 0.006920 -0.012543 0.000531
v 0.006643 -0.012448 0.000456
v 0.005523 -0.012273 0.000413
v 0.007086 -0.011547 0.000138
v 0.007246 -0.011536 0.000142
v 0.007103 -0.011996 0.000296
v 0.004365 -0.011079 0.000100
v 0.005050 -0.011312 0.000101
v 0.004583 -0.011437 0.000132
v 0.005773 -0.011475 0.000110
v 0.005648 -0.011871 0.000217
v 0.006754 -0.012153 0.000334
v 0.003499 -0.011336 0.000100
v 0.005575 -0.012069 0.000281
v 0.003714 -0.010783 0.000100
v 0.005121 -0.012794 0.000613
v 0.005295 -0.012505 0.000545
v 0.006376 -0.012913 0.000835
v 0.005404 -0.012389 0.000485
v 0.006702 -0.013266 0.001128
v 0.005922 -0.015743 0.001866
v 0.008132 -0.011197 0.000172
v 0.008509 -0.011097 0.000192
v 0.008598 -0.011277 0.000194
v 0.007230 -0.011338 0.000142
v 0.007285 -0.011333 0.000144
v 0.007679 -0.011486 0.000154
v 0.007068 -0.011348 0.000138
v 0.006213 -0.011331 0.000118
v 0.005760 -0.011270 0.000109
v 0.005361 -0.011188 0.000104
v 0.004440 -0.010893 0.000100
v 0.003806 -0.010605 0.000100
v 0.004173 -0.010780 0.000100
v 0.002970 -0.010114 0.000100
v -0.002239 -0.015122 0.000100
v 0.001322 -0.008789 0.000100
v -0.005627 -0.012167 0.000100
v -0.000518 -0.006798 0.000100
v -0.004454 -0.013581 0.000100
v -0.003005 -0.014711 0.000100
v -0.007029 -0.004616 0.000100
v -0.002644 -0.003838 0.000100
v -0.006527 -0.010469 0.000100
v -0.007055 -0.008616 0.000100
v -0.007214 -0.006690 0.000100
v -0.002644 -0.003838 -0.000614
v -0.003261 -0.002871 -0.000401
v -0.002951 -0.003357 0.000584
v -0.003555 -0.002410 -0.000278
v -0.002861 -0.003498 0.000556
v 0.014556 -0.006096 -0.000081
v 0.014344 -0.006304 -0.000109
v 0.013736 -0.005597 -0.000900
v 0.012784 -0.006638 -0.001011
v -0.001554 -0.003769 -0.001318
v -0.000024 -0.005891 -0.001560
v -0.000745 -0.006516 -0.000952
v 0.004753 -0.011010 -0.001070
v 0.004280 -0.010827 -0.001086
v 0.004670 -0.009957 -0.001694
v 0.001689 -0.007819 -0.001681
v 0.002625 -0.008668 -0.001706
v 0.003616 -0.009397 -0.001711
v 0.000808 -0.006885 -0.001633
v -0.002279 -0.002631 -0.001122
v -0.002981 -0.001492 -0.000859
v -0.003493 -0.000521 -0.000627
v 0.022585 -0.004442 0.008000
v 0.022569 -0.004428 0.006884
v 0.022461 -0.004385 0.005490
v 0.022206 -0.004287 0.004077
v 0.017882 -0.003523 -0.000154
v 0.018671 -0.003501 0.000107
v 0.019429 -0.003559 0.000439
v 0.020135 -0.003674 0.000859
v 0.020764 -0.003821 0.001379
v 0.021288 -0.003971 0.001992
v 0.021693 -0.004103 0.002665
v 0.021992 -0.004208 0.003368
v 0.014887 -0.004619 -0.000750
v 0.015565 -0.004202 -0.000648
v 0.016304 -0.003871 -0.000520
v 0.017085 -0.003643 -0.000358
v 0.014280 -0.005092 -0.000832
v 0.008030 -0.010248 -0.001507
v 0.009113 -0.009854 -0.001411
v 0.005776 -0.010304 -0.001653
v 0.006907 -0.010405 -0.001590
v 0.007757 -0.011273 -0.000880
v 0.007286 -0.011333 -0.000919
v 0.005552 -0.011230 -0.001033
v 0.006878 -0.011355 -0.000951
v 0.006282 -0.011336 -0.000991
v 0.005760 -0.011269 -0.001022
v 0.001322 -0.008789 -0.001089
v 0.004173 -0.010780 -0.001089
v 0.003310 -0.010329 -0.001106
v 0.002929 -0.010087 -0.001109
v 0.002022 -0.009408 -0.001104
v 0.001424 -0.008885 -0.001092
v -0.002063 -0.004720 -0.000751
v 0.000113 -0.007539 -0.001029
v -0.000425 -0.006911 -0.000985
v -0.000518 -0.006797 -0.000976
v 0.017650 -0.004483 0.000574
v 0.018973 -0.004444 0.001142
v 0.018369 -0.004426 0.000843
v 0.017745 -0.004470 0.000605
v 0.021589 -0.005049 0.008000
v 0.021568 -0.005041 0.006917
v 0.021465 -0.005005 0.005604
v 0.021225 -0.004923 0.004273
v 0.021126 -0.004891 0.003919
v 0.020732 -0.004771 0.002938
v 0.020440 -0.004693 0.002452
v 0.020014 -0.004594 0.001933
v 0.019524 -0.004506 0.001503
v 0.019241 -0.004469 0.001304
v 0.015104 -0.005615 -0.000001
v 0.011930 -0.007630 -0.001109
v 0.011072 -0.008506 -0.001207
v 0.010131 -0.009260 -0.001309
v 0.010327 -0.010256 -0.000616
v 0.009450 -0.010737 -0.000714
v 0.011782 -0.009121 -0.000435
v 0.011645 -0.009248 -0.000453
v 0.010668 -0.010029 -0.000575
v 0.013765 -0.006925 -0.000184
v 0.013221 -0.007557 -0.000251
v 0.012274 -0.008633 -0.000371
v 0.017115 -0.004589 0.000414
v 0.016856 -0.004663 0.000346
v 0.016303 -0.004874 0.000217
v 0.015650 -0.005226 0.000089
v 0.015346 -0.005432 0.000038
v 0.009219 -0.010840 -0.000739
v 0.008775 -0.011011 -0.000785
v 0.008197 -0.011182 -0.000840
v 0.013221 -0.007557 0.016251
v 0.013765 -0.006925 0.016184
v 0.012783 -0.006637 0.017012
v 0.010130 -0.009259 0.017310
v 0.006907 -0.010403 0.017590
v -0.002590 0.000081 0.017042
v -0.003492 -0.000521 0.016627
v -0.002980 -0.001491 0.016859
v -0.002945 0.000920 0.016779
v -0.003182 0.001757 0.016477
v -0.000023 -0.005890 0.017561
v -0.000093 -0.004050 0.017835
v -0.001553 -0.003768 0.017318
v -0.001130 -0.002486 0.017617
v -0.002278 -0.002631 0.017122
v -0.001639 -0.001642 0.017463
v -0.001974 -0.001077 0.017342
v 0.001916 -0.006551 0.018043
v 0.000938 -0.005419 0.017968
v 0.000779 -0.005219 0.017951
v 0.004670 -0.009956 0.017694
v 0.003617 -0.009396 0.017711
v 0.005776 -0.010303 0.017654
v 0.008030 -0.010247 0.017508
v 0.009112 -0.009853 0.017412
v 0.011929 -0.007629 0.017109
v 0.017085 -0.003642 0.016359
v 0.016304 -0.003870 0.016521
v 0.017882 -0.003522 0.016154
v 0.018671 -0.003500 0.015893
v 0.019429 -0.003558 0.015562
v 0.020136 -0.003673 0.015141
v 0.020765 -0.003820 0.014622
v 0.021289 -0.003970 0.014008
v 0.021694 -0.004102 0.013335
v 0.021993 -0.004207 0.012633
v 0.022207 -0.004286 0.011923
v 0.022462 -0.004384 0.010510
v 0.022570 -0.004427 0.009116
v 0.007286 -0.011333 0.016919
v 0.007757 -0.011273 0.016880
v 0.004280 -0.010827 0.017086
v 0.004753 -0.011010 0.017070
v 0.005552 -0.011230 0.017033
v 0.005760 -0.011269 0.017022
v 0.006282 -0.011336 0.016991
v 0.006878 -0.011355 0.016951
v -0.000425 -0.006911 0.016985
v 0.000113 -0.007539 0.017029
v 0.000809 -0.006884 0.017634
v 0.001322 -0.008789 0.017089
v 0.001690 -0.007818 0.017682
v 0.001424 -0.008885 0.017092
v 0.002626 -0.008667 0.017707
v 0.002022 -0.009408 0.017104
v 0.002929 -0.010087 0.017109
v 0.003310 -0.010329 0.017106
v 0.004173 -0.010780 0.017089
v -0.002063 -0.004720 0.016751
v -0.000745 -0.006516 0.016952
v -0.000518 -0.006797 0.016976
v 0.002852 -0.007481 0.018082
v 0.003685 -0.008172 0.018096
v 0.004181 -0.008517 0.018097
v 0.017115 -0.004589 0.015586
v 0.017650 -0.004483 0.015426
v 0.017745 -0.004470 0.015395
v 0.018369 -0.004426 0.015157
v 0.018973 -0.004444 0.014858
v 0.019241 -0.004469 0.014696
v 0.019524 -0.004506 0.014497
v 0.020014 -0.004594 0.014067
v 0.020440 -0.004693 0.013548
v 0.020732 -0.004771 0.013062
v 0.021126 -0.004891 0.012081
v 0.021225 -0.004923 0.011727
v 0.021465 -0.005005 0.010396
v 0.021568 -0.005041 0.009083
v 0.013736 -0.005596 0.016900
v 0.014344 -0.006304 0.016109
v 0.014556 -0.006096 0.016081
v 0.014279 -0.005091 0.016832
v 0.015104 -0.005615 0.016001
v 0.014886 -0.004618 0.016750
v 0.015346 -0.005432 0.015962
v 0.015564 -0.004201 0.016649
v 0.015650 -0.005226 0.015911
v 0.016303 -0.004874 0.015783
v 0.011071 -0.008505 0.017208
v 0.011782 -0.009121 0.016435
v 0.012274 -0.008633 0.016371
v 0.009450 -0.010737 0.016714
v 0.010327 -0.010256 0.016616
v 0.010668 -0.010029 0.016575
v 0.011645 -0.009248 0.016453
v 0.016856 -0.004663 0.015654
v 0.008197 -0.011182 0.016840
v 0.008775 -0.011011 0.016785
v 0.009219 -0.010840 0.016739
v 0.021124 -0.004890 0.008000
v 0.009323 -0.010795 0.000261
v 0.008775 -0.011011 0.000211
v 0.009407 -0.010977 0.000255
v 0.009295 -0.011176 0.000348
v 0.009321 -0.011115 0.000316
v 0.009063 -0.011265 0.000317
v 0.008568 -0.011386 0.000235
v 0.009087 -0.011207 0.000289
v 0.008037 -0.012468 0.000650
v 0.008366 -0.012907 0.001169
v 0.008483 -0.013684 0.001692
v 0.008469 -0.013719 0.001703
v 0.007869 -0.014034 0.001724
v 0.006365 -0.015746 0.001999
v 0.007474 -0.012503 0.000561
v 0.007306 -0.012973 0.000930
v 0.007118 -0.013453 0.001320
v 0.007390 -0.014030 0.001639
v 0.007171 -0.014628 0.001813
v 0.006689 -0.015766 0.002081
v 0.007630 -0.014657 0.001899
v 0.007416 -0.015884 0.002253
v 0.007726 -0.015597 0.002207
v 0.007594 -0.015931 0.002296
v 0.008157 -0.014508 0.001925
v 0.008110 -0.014625 0.001956
v 0.007846 -0.015293 0.002128
v 0.008485 -0.013678 0.001690
v 0.008117 -0.013430 0.001510
v 0.008719 -0.013086 0.001452
v 0.008665 -0.013222 0.001518
v 0.007843 -0.012966 0.001043
v 0.007658 -0.011971 0.000338
v 0.007618 -0.013450 0.001419
v 0.013848 -0.008012 0.001142
v 0.019465 -0.007648 0.008000
v 0.018714 -0.009229 0.008000
v 0.018627 -0.009178 0.005944
v 0.018310 -0.009970 0.008000
v 0.017600 -0.011109 0.008000
v 0.017520 -0.011050 0.005950
v 0.016828 -0.012150 0.008000
v 0.016257 -0.012819 0.008000
v 0.016184 -0.012752 0.005964
v 0.015140 -0.013950 0.008000
v 0.014711 -0.014333 0.008000
v 0.014646 -0.014259 0.005979
v 0.009048 -0.012974 0.001479
v 0.010619 -0.010877 0.000754
v 0.010293 -0.011350 0.000900
v 0.009932 -0.011835 0.001047
v 0.010487 -0.011947 0.001355
v 0.010075 -0.012740 0.001604
v 0.008550 -0.013674 0.001696
v 0.010585 -0.013911 0.002109
v 0.009587 -0.013692 0.001863
v 0.008956 -0.014905 0.002169
v 0.007807 -0.015996 0.002355
v 0.008270 -0.016176 0.002515
v 0.009808 -0.015388 0.002533
v 0.010175 -0.015665 0.002786
v 0.009249 -0.016733 0.003148
v 0.009085 -0.016621 0.002991
v 0.008849 -0.016475 0.002815
v 0.011079 -0.016654 0.004961
v 0.009778 -0.017149 0.004085
v 0.010895 -0.016384 0.003961
v 0.009555 -0.016962 0.003570
v 0.010729 -0.016182 0.003504
v 0.010488 -0.015938 0.003106
v 0.011166 -0.016801 0.006000
v 0.010093 -0.017447 0.005770
v 0.009966 -0.017322 0.004833
v 0.010182 -0.017538 0.008000
v 0.010162 -0.017518 0.006921
v 0.010114 -0.017468 0.006004
v 0.013110 -0.015598 0.008000
v 0.012956 -0.015589 0.005991
v 0.012853 -0.015451 0.004947
v 0.012644 -0.015202 0.003942
v 0.012459 -0.015019 0.003481
v 0.012200 -0.014799 0.003075
v 0.011868 -0.014558 0.002745
v 0.011479 -0.014316 0.002485
v 0.016053 -0.012637 0.004907
v 0.014529 -0.014132 0.004930
v 0.015799 -0.012434 0.003886
v 0.014295 -0.013905 0.003918
v 0.015587 -0.012290 0.003414
v 0.014095 -0.013740 0.003452
v 0.015302 -0.012120 0.002989
v 0.013821 -0.013546 0.003037
v 0.014944 -0.011940 0.002634
v 0.013473 -0.013335 0.002696
v 0.014524 -0.011766 0.002350
v 0.013065 -0.013128 0.002426
v 0.013572 -0.011508 0.001937
v 0.012138 -0.012798 0.002034
v 0.012539 -0.011453 0.001667
v 0.011118 -0.012664 0.001777
v 0.011497 -0.011617 0.001485
v 0.015698 -0.006951 0.001478
v 0.014732 -0.007399 0.001281
v 0.013035 -0.008720 0.001035
v 0.012887 -0.009428 0.001188
v 0.011157 -0.010706 0.000991
v 0.012253 -0.009466 0.000942
v 0.011460 -0.010200 0.000851
v 0.019635 -0.007248 0.008000
v 0.019543 -0.007206 0.005938
v 0.019382 -0.007136 0.004867
v 0.019080 -0.007019 0.003832
v 0.018840 -0.006942 0.003349
v 0.018529 -0.006860 0.002908
v 0.016717 -0.006732 0.001774
v 0.017702 -0.006731 0.002224
v 0.018145 -0.006786 0.002532
v 0.018475 -0.009092 0.004876
v 0.017377 -0.010948 0.004886
v 0.018186 -0.008945 0.003844
v 0.017105 -0.010772 0.003858
v 0.017955 -0.008845 0.003363
v 0.016883 -0.010649 0.003380
v 0.017651 -0.008733 0.002925
v 0.016590 -0.010507 0.002946
v 0.017275 -0.008621 0.002553
v 0.016223 -0.010359 0.002579
v 0.016837 -0.008524 0.002251
v 0.015795 -0.010221 0.002283
v 0.015857 -0.008433 0.001809
v 0.014827 -0.010039 0.001851
v 0.014825 -0.008556 0.001519
v 0.013789 -0.010066 0.001567
v 0.013823 -0.008908 0.001325
v 0.012760 -0.010320 0.001377
v 0.011780 -0.010745 0.001243
v 0.010165 -0.017521 0.008969
v 0.011166 -0.016801 0.010000
v 0.016184 -0.012752 0.010036
v 0.017520 -0.011050 0.010050
v 0.018627 -0.009178 0.010056
v 0.019543 -0.007206 0.010062
v 0.008956 -0.014905 0.013831
v 0.007807 -0.015997 0.013645
v 0.009808 -0.015388 0.013467
v 0.008550 -0.013674 0.014304
v 0.009587 -0.013692 0.014137
v 0.009048 -0.012974 0.014521
v 0.010487 -0.011947 0.014645
v 0.010075 -0.012740 0.014396
v 0.009932 -0.011835 0.014953
v 0.010293 -0.011350 0.015100
v 0.010619 -0.010877 0.015246
v 0.019382 -0.007136 0.011133
v 0.009955 -0.017311 0.011222
v 0.010098 -0.017452 0.010178
v 0.010114 -0.017468 0.009996
v 0.010488 -0.015938 0.012894
v 0.009561 -0.016967 0.012419
v 0.010729 -0.016182 0.012496
v 0.009793 -0.017162 0.011871
v 0.010895 -0.016384 0.012039
v 0.011079 -0.016654 0.011039
v 0.008307 -0.016193 0.013469
v 0.008884 -0.016496 0.013162
v 0.010175 -0.015665 0.013214
v 0.009085 -0.016621 0.013009
v 0.009266 -0.016745 0.012835
v 0.012956 -0.015589 0.010009
v 0.012853 -0.015451 0.011053
v 0.012644 -0.015202 0.012058
v 0.012459 -0.015019 0.012519
v 0.012200 -0.014799 0.012925
v 0.011868 -0.014558 0.013255
v 0.011479 -0.014316 0.013515
v 0.010585 -0.013911 0.013891
v 0.014646 -0.014259 0.010021
v 0.014529 -0.014132 0.011070
v 0.016053 -0.012637 0.011093
v 0.014295 -0.013905 0.012082
v 0.015799 -0.012434 0.012114
v 0.014095 -0.013740 0.012548
v 0.015587 -0.012290 0.012586
v 0.013821 -0.013546 0.012963
v 0.015302 -0.012120 0.013011
v 0.013473 -0.013335 0.013304
v 0.014944 -0.011940 0.013366
v 0.013065 -0.013128 0.013574
v 0.014524 -0.011766 0.013650
v 0.012138 -0.012798 0.013966
v 0.013572 -0.011508 0.014063
v 0.011118 -0.012664 0.014223
v 0.012539 -0.011453 0.014333
v 0.011497 -0.011617 0.014515
v 0.014732 -0.007399 0.014719
v 0.015698 -0.006951 0.014522
v 0.013848 -0.008012 0.014858
v 0.012887 -0.009428 0.014812
v 0.013035 -0.008720 0.014965
v 0.012253 -0.009466 0.015058
v 0.011460 -0.010200 0.015148
v 0.019080 -0.007019 0.012168
v 0.018145 -0.006786 0.013468
v 0.018529 -0.006860 0.013092
v 0.018840 -0.006942 0.012651
v 0.016717 -0.006732 0.014226
v 0.017702 -0.006731 0.013776
v 0.017377 -0.010948 0.011114
v 0.018475 -0.009092 0.011124
v 0.017105 -0.010772 0.012142
v 0.018186 -0.008945 0.012156
v 0.016883 -0.010649 0.012620
v 0.017955 -0.008845 0.012637
v 0.016590 -0.010507 0.013054
v 0.017651 -0.008733 0.013075
v 0.016223 -0.010359 0.013421
v 0.017275 -0.008621 0.013447
v 0.015795 -0.010221 0.013717
v 0.016837 -0.008524 0.013749
v 0.014827 -0.010039 0.014149
v 0.015857 -0.008433 0.014191
v 0.013789 -0.010066 0.014433
v 0.014825 -0.008556 0.014481
v 0.012760 -0.010320 0.014623
v 0.013823 -0.008908 0.014675
v 0.011780 -0.010745 0.014757
v 0.011157 -0.010706 0.015009
v 0.006103 -0.015741 0.002230
v 0.004885 -0.015814 0.001729
v 0.003603 -0.015958 0.001198
v 0.005225 -0.015782 0.001895
v 0.000731 -0.015954 0.000588
v 0.001439 -0.016018 0.000685
v 0.002189 -0.016039 0.000823
v -0.000523 -0.015725 0.000502
v 0.004788 -0.015804 0.001923
v 0.004665 -0.015301 0.002067
v 0.004663 -0.015514 0.002114
v 0.004710 -0.015297 0.002090
v 0.004722 -0.015296 0.002095
v 0.005452 -0.015744 0.002226
v 0.005415 -0.015706 0.002316
v 0.005385 -0.015644 0.002383
v 0.005374 -0.015603 0.002404
v 0.005366 -0.015557 0.002419
v 0.005357 -0.015453 0.002425
v 0.005376 -0.015240 0.002385
v 0.004740 -0.015768 0.002011
v 0.004702 -0.015706 0.002075
v 0.004688 -0.015666 0.002096
v 0.004676 -0.015619 0.002109
v 0.000712 -0.015935 0.000772
v 0.001525 -0.015540 0.001092
v 0.000741 -0.015501 0.000982
v 0.000717 -0.015684 0.000990
v 0.000661 -0.015493 0.000974
v 0.000378 -0.015463 0.000946
v -0.000002 -0.015409 0.000918
v 0.002098 -0.015736 0.001235
v 0.002105 -0.015534 0.001200
v 0.003434 -0.015646 0.001608
v 0.003707 -0.015399 0.001650
v 0.002677 -0.015502 0.001332
v 0.003446 -0.015753 0.001605
v 0.003467 -0.015842 0.001570
v 0.003496 -0.015905 0.001502
v 0.003531 -0.015944 0.001409
v 0.002145 -0.016020 0.001025
v 0.002125 -0.015982 0.001116
v 0.002110 -0.015921 0.001184
v 0.002101 -0.015837 0.001224
v 0.000709 -0.015774 0.000969
v 0.000705 -0.015848 0.000925
v 0.000706 -0.015902 0.000858
v 0.000808 -0.014125 0.000900
v 0.003622 -0.012593 0.000960
v 0.003325 -0.012295 0.000906
v 0.003313 -0.012541 0.000916
v 0.003284 -0.012270 0.000903
v 0.003174 -0.012217 0.000900
v 0.003415 -0.013773 0.001078
v 0.003410 -0.014788 0.001331
v 0.003949 -0.014553 0.001462
v 0.003973 -0.013234 0.001149
v 0.004289 -0.014126 0.001500
v 0.001532 -0.015180 0.001021
v 0.002165 -0.015118 0.001107
v 0.000935 -0.015153 0.000955
v 0.001325 -0.014097 0.000905
v 0.002710 -0.012577 0.000900
v 0.002633 -0.012639 0.000900
v 0.002700 -0.012684 0.000901
v 0.002109 -0.013066 0.000900
v 0.002936 -0.012393 0.000900
v 0.002802 -0.012703 0.000902
v 0.003062 -0.012662 0.000908
v 0.003163 -0.012214 0.000900
v 0.003156 -0.012211 0.000900
v 0.003125 -0.012236 0.000900
v 0.002243 -0.013160 0.000901
v 0.001060 -0.013919 0.000900
v 0.002438 -0.013201 0.000905
v 0.001684 -0.014180 0.000919
v 0.002100 -0.014172 0.000944
v 0.002545 -0.014091 0.000978
v 0.002803 -0.014982 0.001211
v 0.002669 -0.013189 0.000912
v 0.002917 -0.013131 0.000922
v 0.003700 -0.012705 0.000987
v 0.003387 -0.012916 0.000948
v 0.003986 -0.013220 0.001153
v 0.003690 -0.012647 0.000980
v 0.004299 -0.014073 0.001491
v 0.004377 -0.014310 0.001598
v 0.003163 -0.012193 0.000900
v 0.003404 -0.012330 0.000913
v 0.003539 -0.012454 0.000936
v 0.005796 -0.014569 0.002313
v 0.006174 -0.014944 0.002557
v 0.005255 -0.013903 0.001894
v 0.005384 -0.014072 0.001999
v 0.004703 -0.013147 0.001448
v 0.004268 -0.012592 0.001159
v 0.004026 -0.012322 0.001040
v 0.003651 -0.011978 0.000928
v 0.003326 -0.011778 0.000900
v 0.003245 -0.011986 0.000900
v 0.008004 -0.012585 0.001891
v 0.007945 -0.012702 0.001947
v 0.008421 -0.012412 0.001885
v 0.008901 -0.012634 0.002190
v 0.009097 -0.012132 0.001945
v 0.008538 -0.013551 0.002510
v 0.008542 -0.013541 0.002507
v 0.007602 -0.013639 0.002335
v 0.008294 -0.014160 0.002679
v 0.008592 -0.013418 0.002470
v 0.008757 -0.013005 0.002334
v 0.008872 -0.012709 0.002221
v 0.008001 -0.014905 0.002874
v 0.007244 -0.014615 0.002608
v 0.006334 -0.014442 0.002434
v 0.006529 -0.013829 0.002262
v 0.006753 -0.013104 0.001980
v 0.014159 -0.012034 0.003280
v 0.012709 -0.013059 0.003199
v 0.008762 -0.013421 0.002497
v 0.009484 -0.013478 0.002628
v 0.010174 -0.013614 0.002789
v 0.010803 -0.013825 0.002993
v 0.011345 -0.014082 0.003254
v 0.009328 -0.012650 0.002295
v 0.012150 -0.012842 0.002930
v 0.012721 -0.011645 0.002635
v 0.011504 -0.012676 0.002718
v 0.011696 -0.011617 0.002396
v 0.010802 -0.012590 0.002551
v 0.011579 -0.011625 0.002374
v 0.010070 -0.012587 0.002415
v 0.011276 -0.011656 0.002319
v 0.010121 -0.011869 0.002129
v 0.013943 -0.011950 0.003135
v 0.013664 -0.011852 0.002983
v 0.013029 -0.011692 0.002729
v 0.010112 -0.011235 0.001781
v 0.010116 -0.011412 0.001888
v 0.011422 -0.010960 0.002099
v 0.014728 -0.009250 0.002482
v 0.014524 -0.009567 0.002497
v 0.015334 -0.009822 0.002856
v 0.014131 -0.008687 0.002201
v 0.013664 -0.008246 0.001995
v 0.013144 -0.009050 0.002022
v 0.013434 -0.009700 0.002237
v 0.015041 -0.010929 0.003161
v 0.015727 -0.010193 0.003207
v 0.013651 -0.010651 0.002549
v 0.014634 -0.010807 0.002921
v 0.012547 -0.010704 0.002292
v 0.012339 -0.010047 0.002049
v 0.011114 -0.010205 0.001696
v 0.010216 -0.011022 0.001698
v 0.010108 -0.010834 0.001517
v 0.010111 -0.011075 0.001679
v 0.010106 -0.010622 0.001360
v 0.010840 -0.010152 0.001514
v 0.010994 -0.010040 0.001541
v 0.011652 -0.009509 0.001633
v 0.010112 -0.011105 0.001698
v 0.014146 -0.008701 0.002208
v 0.009302 -0.011464 0.001583
v 0.009397 -0.010764 0.001217
v 0.007701 -0.010957 0.001013
v 0.007767 -0.011090 0.001015
v 0.008630 -0.010917 0.001089
v 0.007496 -0.011145 0.001002
v 0.007570 -0.011381 0.001153
v 0.007667 -0.011235 0.001084
v 0.007358 -0.011313 0.001033
v 0.007309 -0.011466 0.001068
v 0.008443 -0.011712 0.001476
v 0.006909 -0.012665 0.001768
v 0.006798 -0.012966 0.001913
v 0.006775 -0.013035 0.001946
v 0.007322 -0.011793 0.001350
v 0.007132 -0.012157 0.001524
v 0.007099 -0.012224 0.001556
v 0.006489 -0.012987 0.001867
v 0.005745 -0.013461 0.001903
v 0.004938 -0.012714 0.001405
v 0.004147 -0.012046 0.001033
v 0.003412 -0.011557 0.000900
v 0.003371 -0.011663 0.000900
v -0.002196 -0.003314 0.000887
v -0.001665 -0.003118 0.000855
v -0.000958 -0.002812 0.000554
v -0.002050 -0.003258 0.000869
v -0.002152 -0.003297 0.000879
v -0.000714 -0.004921 0.000622
v -0.000812 -0.005007 0.000665
v 0.000642 -0.006840 0.000534
v 0.002408 -0.008396 0.000384
v 0.003327 -0.009123 0.000375
v 0.002742 -0.008447 0.000354
v 0.003263 -0.008857 0.000348
v 0.003796 -0.009223 0.000349
v 0.003144 -0.009384 0.000612
v 0.002203 -0.008638 0.000616
v 0.001340 -0.007811 0.000630
v 0.000545 -0.006935 0.000653
v -0.000899 -0.005087 0.000738
v -0.001572 -0.004143 0.000806
v -0.001906 -0.003680 0.000848
v -0.002040 -0.003412 0.000859
v -0.001505 -0.004077 0.000766
v -0.001574 -0.003705 0.000778
v -0.001857 -0.003626 0.000826
v -0.000981 -0.004392 0.000668
v 0.001555 -0.007587 0.000413
v 0.001222 -0.006993 0.000414
v 0.000761 -0.006728 0.000461
v 0.000569 -0.006265 0.000465
v -0.000328 -0.005192 0.000567
v 0.002689 -0.008403 0.000355
v 0.002246 -0.008018 0.000365
v 0.001751 -0.007542 0.000384
v 0.003225 -0.009268 0.000465
v 0.002293 -0.008531 0.000473
v 0.001435 -0.007710 0.000495
v 0.002323 -0.008081 0.000363
v 0.001332 -0.007097 0.000407
v 0.001258 -0.007017 0.000412
v 0.000218 -0.005798 0.000504
v -0.000277 -0.005155 0.000567
v -0.000671 -0.004614 0.000630
v 0.003957 -0.008435 0.000090
v 0.003583 -0.008167 0.000093
v 0.003007 -0.007699 0.000104
v 0.002599 -0.007328 0.000116
v 0.002008 -0.006739 0.000144
v 0.001026 -0.005622 0.000220
v 0.000045 -0.004331 0.000345
v 0.009814 -0.009007 0.000779
v 0.010789 -0.008191 0.000886
v 0.011691 -0.007230 0.000978
v 0.012580 -0.006180 0.001061
v 0.013147 -0.004482 0.000775
v 0.014128 -0.003704 0.000891
v 0.013387 -0.005476 0.001207
v 0.008767 -0.009644 0.000671
v 0.015030 -0.003148 0.001010
v 0.015225 -0.003550 0.001243
v 0.015121 -0.003269 0.001088
v 0.015191 -0.003856 0.001368
v 0.014211 -0.004679 0.001293
v 0.015028 -0.004181 0.001454
v 0.016182 -0.003886 0.001575
v 0.016360 -0.003180 0.001250
v 0.017642 -0.003222 0.001591
v 0.019072 -0.003217 0.002210
v 0.019619 -0.003253 0.002604
v 0.020054 -0.003322 0.003084
v 0.018410 -0.003221 0.001877
v 0.018284 -0.003224 0.001824
v 0.020847 -0.003722 0.007217
v 0.020693 -0.003675 0.005417
v 0.020298 -0.003374 0.003475
v 0.021051 -0.003563 0.008000
v 0.020984 -0.003545 0.006259
v 0.020834 -0.003502 0.005116
v 0.020547 -0.003638 0.004684
v 0.020591 -0.003443 0.004162
v 0.020359 -0.003595 0.004065
v 0.020141 -0.003545 0.003567
v 0.020547 -0.003638 0.011316
v 0.020693 -0.003675 0.010583
v 0.020359 -0.003595 0.011935
v 0.020141 -0.003545 0.012433
v 0.021001 -0.003551 0.009528
v 0.020847 -0.003722 0.008783
v 0.020883 -0.003515 0.010602
v 0.020622 -0.003451 0.011742
v 0.020859 -0.003509 0.010745
v 0.020338 -0.003384 0.012447
v 0.015840 -0.003006 0.014860
v 0.015794 0.002238 0.014877
v 0.024998 0.006164 0.008000
v 0.023137 0.001339 0.008000
v 0.023538 0.002411 0.009113
v 0.024938 0.006190 0.009690
v 0.023470 0.002454 0.010084
v 0.023356 0.002524 0.010912
v 0.024804 0.006246 0.010771
v 0.023204 0.002621 0.011599
v 0.024611 0.006329 0.011590
v 0.023021 0.002743 0.012152
v 0.024386 0.006429 0.012176
v 0.021383 0.003863 0.013851
v 0.023249 0.006994 0.013434
v 0.021886 0.003531 0.013574
v 0.023722 0.006745 0.013085
v 0.022271 0.003267 0.013276
v 0.024092 0.006564 0.012678
v 0.022569 0.003058 0.012958
v 0.022810 0.002887 0.012595
v 0.022658 0.007342 0.013735
v 0.020740 0.004273 0.014102
v 0.021903 0.007860 0.013996
v 0.019948 0.004767 0.014315
v 0.021589 0.008107 0.014078
v 0.019002 0.005346 0.014483
v 0.020851 0.008791 0.014222
v 0.020374 0.009355 0.014284
v 0.017900 0.006013 0.014601
v 0.014794 -0.002309 0.015031
v 0.013588 -0.001513 0.015149
v 0.019491 -0.000112 0.014113
v 0.021832 -0.001711 0.009165
v 0.021758 -0.001664 0.010180
v 0.021636 -0.001586 0.011043
v 0.021472 -0.001480 0.011756
v 0.021275 -0.001347 0.012330
v 0.021048 -0.001189 0.012791
v 0.020785 -0.001002 0.013173
v 0.020459 -0.000771 0.013509
v 0.020037 -0.000479 0.013823
v 0.016954 0.001513 0.014759
v 0.017955 0.000880 0.014590
v 0.018799 0.000339 0.014372
v 0.007000 0.004792 0.014811
v 0.005752 0.005539 0.014578
v 0.010100 0.010315 0.014137
v 0.010676 0.015235 0.008000
v 0.014313 0.011722 0.014334
v 0.007052 -0.002147 0.015471
v 0.006828 -0.001971 0.015463
v 0.008243 0.000203 0.015296
v 0.003175 0.006933 0.013619
v 0.006629 0.011768 0.010468
v 0.001523 0.007908 0.010467
v 0.001384 0.007922 0.009438
v 0.007658 0.011409 0.012911
v 0.007343 0.011508 0.012570
v 0.007094 0.011587 0.012179
v 0.006893 0.011659 0.011706
v 0.002030 0.007856 0.011920
v 0.006738 0.011721 0.011138
v 0.001741 0.007885 0.011278
v -0.001587 0.002867 0.014022
v -0.000793 0.002389 0.014392
v 0.004410 -0.001114 0.015404
v 0.004612 -0.001648 0.015453
v 0.004730 -0.001612 0.015450
v 0.005179 -0.001531 0.015444
v 0.003317 -0.002636 0.015532
v 0.003081 -0.003081 0.015570
v 0.004077 -0.001899 0.015472
v 0.003663 -0.002221 0.015497
v 0.003633 -0.002251 0.015500
v 0.002927 -0.003643 0.015617
v 0.002898 -0.004053 0.015650
v 0.002975 -0.004636 0.015695
v 0.003185 -0.005185 0.015732
v 0.003517 -0.005669 0.015760
v 0.003953 -0.006062 0.015777
v 0.004468 -0.006342 0.015781
v 0.005035 -0.006495 0.015774
v 0.005430 -0.006521 0.015763
v 0.005623 -0.006511 0.015756
v 0.006198 -0.006390 0.015730
v 0.005756 -0.001547 0.015444
v 0.006462 0.001379 0.015195
v 0.005959 -0.001585 0.015446
v 0.006318 -0.001697 0.015451
v 0.007611 -0.002858 0.015501
v 0.007822 -0.003409 0.015525
v 0.007269 -0.002363 0.015480
v 0.010144 0.002839 0.015088
v 0.013815 0.008209 0.014664
v 0.015628 0.010968 0.014449
v 0.012283 0.012827 0.013920
v 0.011547 0.013189 0.013647
v 0.010973 0.013441 0.013355
v 0.010537 0.013604 0.013061
v 0.010203 0.013710 0.012759
v 0.009431 0.013963 0.011015
v 0.009939 0.013788 0.012431
v 0.009728 0.013853 0.012047
v 0.009559 0.013913 0.011577
v 0.009291 0.014018 0.009618
v 0.009262 0.014027 0.008000
v 0.001333 0.007927 0.008000
v 0.006549 0.011839 0.008000
v 0.006560 0.011798 0.009701
v 0.004707 0.006139 0.014292
v 0.003853 0.006600 0.013967
v 0.002784 0.000013 0.015240
v 0.009254 0.010747 0.013857
v 0.008581 0.011060 0.013550
v 0.008060 0.011270 0.013235
v 0.011136 0.009751 0.014373
v 0.013201 0.012340 0.014154
v 0.008461 0.003894 0.014983
v 0.012371 0.009051 0.014552
v -0.002211 0.003215 0.013631
v 0.007898 -0.003990 0.015050
v 0.007745 -0.003162 0.015050
v 0.007052 -0.002147 0.015050
v 0.005959 -0.001585 0.015050
v 0.004730 -0.001612 0.015050
v 0.003663 -0.002221 0.015050
v 0.003015 -0.003265 0.015050
v 0.002898 -0.004053 0.015050
v 0.002990 -0.004693 0.015050
v 0.003500 -0.005649 0.015050
v 0.004368 -0.006300 0.015050
v 0.005430 -0.006521 0.015050
v 0.006485 -0.006273 0.015050
v 0.007336 -0.005601 0.015050
v 0.007822 -0.004632 0.015050
v 0.003898 -0.004040 0.015050
v 0.004090 -0.003288 0.015050
v 0.004632 -0.002732 0.015050
v 0.005379 -0.002522 0.015050
v 0.006132 -0.002713 0.015050
v 0.006687 -0.003255 0.015050
v 0.006898 -0.004003 0.015050
v 0.006706 -0.004755 0.015050
v 0.006164 -0.005311 0.015050
v 0.005417 -0.005521 0.015050
v 0.004664 -0.005330 0.015050
v 0.004108 -0.004788 0.015050
v 0.002990 -0.003733 0.016750
v 0.003944 -0.005963 0.016750
v 0.004108 -0.004788 0.016750
v 0.006352 -0.006251 0.016750
v 0.007806 -0.004310 0.016750
v 0.006706 -0.004755 0.016750
v 0.006851 -0.002081 0.016750
v 0.004444 -0.001792 0.016750
v 0.005379 -0.002522 0.016750
v 0.006132 -0.002713 0.016750
v 0.006687 -0.003255 0.016750
v 0.006898 -0.004003 0.016750
v 0.006164 -0.005311 0.016750
v 0.005417 -0.005521 0.016750
v 0.004664 -0.005330 0.016750
v 0.003898 -0.004040 0.016750
v 0.004090 -0.003288 0.016750
v 0.004632 -0.002732 0.016750
v 0.002990 -0.003733 0.017831
v 0.003463 -0.004837 0.017908
v 0.003944 -0.005963 0.017971
v 0.006352 -0.006251 0.017918
v 0.005140 -0.006106 0.017949
v 0.007806 -0.004310 0.017775
v 0.007073 -0.005288 0.017848
v 0.006851 -0.002081 0.017676
v 0.007324 -0.003185 0.017731
v 0.005637 -0.001935 0.017681
v 0.004444 -0.001792 0.017673
v 0.003707 -0.002776 0.017754
v 0.002368 0.005199 0.016463
v 0.002322 0.004584 0.016620
v 0.003066 0.004108 0.016826
v 0.002535 -0.003173 0.017784
v -0.000961 0.003205 0.016448
v 0.000149 0.002421 0.016844
v 0.004604 -0.000726 0.017581
v 0.002919 0.000464 0.017409
v 0.009451 -0.001819 0.017594
v 0.009549 -0.001847 0.017592
v 0.008926 -0.001638 0.017601
v 0.008483 -0.001445 0.017602
v 0.008117 -0.001254 0.017599
v 0.007746 -0.001031 0.017592
v 0.006968 -0.000464 0.017563
v 0.006607 -0.000157 0.017541
v -0.000080 0.009604 0.008954
v -0.000055 0.009563 0.009906
v -0.000024 0.009511 0.010552
v -0.000004 0.009477 0.010855
v 0.000085 0.009324 0.011793
v 0.000131 0.009245 0.012138
v 0.000212 0.009101 0.012643
v 0.000351 0.008852 0.013294
v 0.000453 0.008664 0.013676
v 0.000701 0.008193 0.014394
v 0.000568 0.008447 0.014039
v 0.001554 0.006588 0.015789
v 0.001167 0.007300 0.015294
v -0.000382 0.006391 0.015190
v 0.001116 0.007396 0.015215
v 0.000818 0.007967 0.014665
v 0.000366 0.005891 0.015742
v 0.001264 0.005291 0.016219
v 0.001730 0.006276 0.015969
v 0.002257 0.005381 0.016391
v 0.005733 0.000692 0.017462
v 0.005570 0.000865 0.017442
v 0.004626 0.001963 0.017292
v 0.003921 0.002882 0.017124
v -0.001905 0.003872 0.015974
v -0.002695 0.004430 0.015422
v 0.003581 0.003356 0.017021
v 0.021832 -0.001711 0.006835
v 0.021758 -0.001664 0.005820
v 0.021636 -0.001586 0.004957
v 0.021472 -0.001480 0.004244
v 0.021275 -0.001347 0.003670
v 0.021048 -0.001189 0.003209
v 0.020785 -0.001002 0.002827
v 0.020459 -0.000771 0.002491
v 0.020037 -0.000479 0.002177
v 0.019491 -0.000112 0.001887
v 0.018799 0.000339 0.001628
v 0.017955 0.000880 0.001410
v 0.015840 -0.003006 0.001140
v 0.014794 -0.002309 0.000969
v 0.013588 -0.001513 0.000851
v 0.017900 0.006013 0.001399
v 0.019948 0.004767 0.001685
v 0.020740 0.004273 0.001898
v 0.022307 0.007572 0.002132
v 0.021383 0.003863 0.002149
v 0.022909 0.007190 0.002380
v 0.023286 0.006974 0.002589
v 0.021886 0.003531 0.002426
v 0.023504 0.006857 0.002738
v 0.022271 0.003267 0.002724
v 0.023609 0.006802 0.002820
v 0.022569 0.003058 0.003042
v 0.024020 0.006599 0.003227
v 0.022810 0.002887 0.003405
v 0.024319 0.006459 0.003689
v 0.023021 0.002743 0.003848
v 0.023204 0.002621 0.004401
v 0.024597 0.006335 0.004365
v 0.023356 0.002524 0.005088
v 0.024795 0.006250 0.005182
v 0.023470 0.002454 0.005916
v 0.024938 0.006190 0.006306
v 0.023538 0.002411 0.006887
v 0.015794 0.002238 0.001123
v 0.019002 0.005346 0.001517
v 0.016954 0.001513 0.001241
v 0.021589 0.008107 0.013500
v 0.021845 0.007904 0.013500
v 0.022032 0.007765 0.013443
v 0.022132 0.007693 0.013354
v 0.022178 0.007661 0.013286
v 0.022226 0.007627 0.013173
v 0.022245 0.007614 0.013088
v 0.022816 0.008679 0.013234
v 0.022744 0.008731 0.013354
v 0.022689 0.008771 0.013410
v 0.022598 0.008839 0.013469
v 0.022460 0.008946 0.013500
v 0.022527 0.008893 0.013493
v 0.018961 0.012996 0.013500
v 0.019096 0.012395 0.013500
v 0.020374 0.009355 0.013500
v 0.019642 0.010641 0.013500
v 0.018922 0.013175 0.013684
v 0.018884 0.013349 0.013861
v 0.018848 0.013517 0.014034
v 0.020020 0.013773 0.014025
v 0.011903 0.018923 0.010722
v 0.011892 0.018919 0.005968
v 0.015286 0.019539 0.003150
v 0.015350 0.019530 0.003150
v 0.015936 0.019397 0.002760
v 0.016566 0.019151 0.002446
v 0.018614 0.017296 0.001821
v 0.018313 0.017712 0.001890
v 0.017763 0.018322 0.002032
v 0.017727 0.018356 0.002042
v 0.017203 0.018781 0.002203
v 0.016596 0.019136 0.002433
v 0.019345 0.015978 0.001678
v 0.018877 0.016879 0.001766
v 0.019720 0.014965 0.001614
v 0.019548 0.015481 0.001643
v 0.019450 0.015731 0.001660
v 0.019287 0.015602 0.001800
v 0.018910 0.016448 0.001863
v 0.018733 0.016755 0.001902
v 0.019692 0.013878 0.001771
v 0.019560 0.014631 0.001774
v 0.019356 0.015403 0.001792
v 0.018482 0.017128 0.001965
v 0.018100 0.017580 0.002080
v 0.017992 0.017686 0.002116
v 0.017234 0.018237 0.002406
v 0.017462 0.018103 0.002313
v 0.016402 0.018537 0.002793
v 0.016905 0.018388 0.002549
v 0.016350 0.018547 0.002820
v 0.015549 0.019031 0.003150
v 0.015758 0.018596 0.003150
v 0.019354 0.013802 0.001771
v 0.019008 0.013724 0.001773
v 0.011904 0.016295 0.006040
v 0.017785 0.014695 0.001837
v 0.017062 0.013833 0.001776
v 0.017630 0.014829 0.001853
v 0.016806 0.015591 0.001986
v 0.011733 0.014967 0.003150
v 0.015177 0.013359 0.003150
v 0.015719 0.013914 0.003150
v 0.015910 0.014667 0.003150
v 0.015700 0.015414 0.003150
v 0.015144 0.015956 0.003150
v 0.014392 0.016148 0.003150
v 0.013644 0.015938 0.003150
v 0.013102 0.015382 0.003150
v 0.012910 0.014629 0.003150
v 0.013121 0.013882 0.003150
v 0.013677 0.013340 0.003150
v 0.014429 0.013148 0.003150
v 0.014380 0.017073 0.001300
v 0.016495 0.015887 0.001300
v 0.016525 0.013462 0.001300
v 0.014441 0.012223 0.001300
v 0.012326 0.013410 0.001300
v 0.015910 0.014667 0.001300
v 0.012295 0.015834 0.001300
v 0.012910 0.014629 0.001300
v 0.013121 0.013882 0.001300
v 0.013677 0.013340 0.001300
v 0.013644 0.015938 0.001300
v 0.013102 0.015382 0.001300
v 0.014429 0.013148 0.001300
v 0.015177 0.013359 0.001300
v 0.015719 0.013914 0.001300
v 0.015700 0.015414 0.001300
v 0.015144 0.015956 0.001300
v 0.014392 0.016148 0.001300
v 0.025792 0.004497 0.013132
v 0.025953 0.004442 0.012757
v 0.026244 0.004343 0.011839
v 0.026434 0.004280 0.010893
v 0.026513 0.004254 0.010290
v 0.026606 0.004224 0.008966
v 0.025602 0.004563 0.013501
v 0.025543 0.004583 0.013603
v 0.025165 0.004717 0.014159
v 0.025098 0.004741 0.014243
v 0.024569 0.004933 0.014794
v 0.024486 0.004963 0.014867
v 0.023838 0.005207 0.015341
v 0.022761 0.005634 0.015881
v 0.023065 0.005511 0.015752
v 0.019142 0.007317 0.016665
v 0.020499 0.006633 0.016489
v 0.021636 0.006112 0.016247
v 0.021788 0.006045 0.016206
v 0.022034 0.005939 0.016135
v 0.018381 0.007736 0.016724
v 0.016945 0.008610 0.016775
v 0.003175 0.006933 0.002381
v 0.008059 0.011270 0.002765
v 0.007658 0.011409 0.003089
v -0.002211 0.003215 0.002369
v 0.009291 0.014018 0.006382
v 0.009431 0.013963 0.004985
v 0.009559 0.013913 0.004423
v 0.009728 0.013853 0.003953
v 0.009939 0.013788 0.003569
v 0.010203 0.013710 0.003241
v 0.010537 0.013604 0.002939
v 0.012283 0.012827 0.002080
v 0.011547 0.013189 0.002353
v 0.010973 0.013441 0.002645
v 0.013201 0.012340 0.001846
v 0.014313 0.011722 0.001666
v 0.015628 0.010968 0.001551
v 0.013815 0.008209 0.001336
v 0.010144 0.002839 0.000912
v 0.008243 0.000203 0.000704
v 0.006462 0.001379 0.000805
v 0.004409 -0.001114 0.000596
v -0.001587 0.002867 0.001978
v 0.007343 0.011508 0.003430
v 0.007094 0.011587 0.003821
v 0.006893 0.011659 0.004294
v 0.002032 0.007856 0.004076
v 0.006738 0.011721 0.004862
v 0.001745 0.007885 0.004711
v 0.006629 0.011768 0.005532
v 0.001524 0.007908 0.005529
v 0.006560 0.011798 0.006299
v 0.001385 0.007922 0.006559
v 0.007000 0.004792 0.001189
v 0.002784 0.000013 0.000760
v 0.004707 0.006139 0.001708
v 0.005752 0.005539 0.001422
v -0.000793 0.002389 0.001608
v 0.003853 0.006600 0.002033
v 0.008461 0.003894 0.001017
v 0.008581 0.011060 0.002450
v 0.009254 0.010747 0.002143
v 0.010100 0.010315 0.001863
v 0.011136 0.009751 0.001627
v 0.012371 0.009051 0.001448
v 0.023957 -0.003372 0.007959
v 0.024131 -0.003257 0.007959
v 0.024130 -0.003257 0.008091
v 0.023652 -0.003392 0.008089
v 0.023574 -0.003361 0.009750
v 0.023624 -0.003384 0.007959
v 0.022591 -0.002921 0.013645
v 0.022525 -0.002893 0.013717
v 0.022597 -0.002915 0.013762
v 0.023487 -0.002965 0.012902
v 0.023119 -0.002595 0.013975
v 0.023196 -0.002833 0.013615
v 0.023079 -0.002674 0.013971
v 0.023705 -0.003064 0.012175
v 0.023789 -0.002898 0.012257
v 0.023479 -0.002757 0.013205
v 0.024014 -0.003204 0.010408
v 0.024028 -0.003007 0.011095
v 0.023808 -0.002907 0.012183
v 0.024234 -0.003100 0.007959
v 0.024182 -0.003076 0.009664
v 0.024118 -0.003047 0.010412
v 0.023625 -0.003380 0.009226
v 0.023538 -0.003341 0.010363
v 0.023525 -0.003338 0.010362
v 0.023636 -0.003355 0.010375
v 0.023335 -0.003219 0.012098
v 0.023428 -0.003292 0.011146
v 0.023242 -0.003207 0.012073
v 0.022699 -0.002968 0.013480
v 0.022755 -0.002988 0.013439
v 0.022909 -0.003061 0.013029
v 0.023031 -0.003112 0.012766
v 0.022998 -0.003099 0.012827
v 0.023231 -0.003202 0.012114
v 0.022683 -0.002923 0.013811
v 0.022864 -0.002876 0.013901
v 0.022844 -0.002998 0.013484
v 0.023123 -0.003124 0.012800
v 0.023652 -0.003392 0.007959
v 0.023750 -0.003407 0.008089
v 0.023750 -0.003407 0.007959
v 0.023956 -0.003372 0.008090
v 0.023841 -0.003320 0.010395
v 0.023535 -0.003182 0.012145
v 0.023319 -0.003084 0.012862
v 0.023033 -0.002955 0.013564
v 0.023022 -0.002753 0.013958
v 0.022855 -0.002682 0.014242
v 0.022911 -0.002602 0.014257
v 0.022623 -0.002485 0.014673
v 0.020246 -0.002137 0.015917
v 0.020368 -0.002167 0.015853
v 0.020407 -0.002170 0.015929
v 0.011338 -0.001685 0.017968
v 0.011342 -0.001595 0.017973
v 0.010406 -0.001499 0.018008
v 0.017770 -0.001380 0.017266
v 0.017525 -0.001282 0.017326
v 0.016697 -0.001359 0.017462
v 0.016359 -0.001280 0.017523
v 0.015623 -0.001408 0.017615
v 0.014767 -0.001394 0.017720
v 0.013196 -0.001634 0.017854
v 0.012700 -0.001580 0.017895
v 0.011427 -0.001599 0.017969
v 0.019376 -0.001470 0.016854
v 0.018773 -0.001383 0.017036
v 0.019360 -0.001554 0.016844
v 0.018592 -0.001361 0.017085
v 0.017776 -0.001294 0.017275
v 0.020678 -0.001838 0.016289
v 0.020406 -0.001680 0.016447
v 0.019552 -0.001500 0.016794
v 0.021754 -0.002163 0.015578
v 0.021171 -0.001887 0.016030
v 0.020704 -0.001756 0.016299
v 0.022950 -0.002523 0.014261
v 0.022432 -0.002316 0.014959
v 0.021832 -0.002098 0.015549
v 0.022378 -0.002832 0.013980
v 0.022448 -0.002852 0.014029
v 0.022362 -0.002826 0.014004
v 0.022347 -0.002819 0.014029
v 0.021395 -0.002459 0.015260
v 0.021627 -0.002546 0.014931
v 0.022186 -0.002746 0.014417
v 0.021945 -0.002662 0.014584
v 0.022163 -0.002745 0.014303
v 0.020538 -0.002211 0.015758
v 0.020963 -0.002330 0.015486
v 0.021331 -0.002445 0.015203
v 0.019503 -0.001980 0.016250
v 0.019177 -0.001918 0.016461
v 0.019395 -0.001961 0.016291
v 0.019149 -0.001921 0.016379
v 0.017671 -0.001768 0.016870
v 0.016643 -0.001756 0.017063
v 0.015606 -0.001811 0.017213
v 0.013201 -0.002048 0.017450
v 0.011300 -0.002108 0.017563
v 0.009843 -0.001865 0.017758
v 0.009874 -0.001744 0.017909
v 0.011306 -0.002080 0.017659
v 0.013206 -0.002021 0.017545
v 0.015615 -0.001784 0.017306
v 0.016657 -0.001730 0.017155
v 0.017690 -0.001743 0.016961
v 0.019209 -0.001897 0.016548
v 0.020454 -0.002155 0.016012
v 0.021458 -0.002452 0.015333
v 0.022263 -0.002748 0.014476
v 0.022530 -0.002857 0.014082
v 0.022427 -0.002692 0.014585
v 0.021591 -0.002382 0.015467
v 0.020554 -0.002070 0.016162
v 0.019277 -0.001800 0.016709
v 0.017730 -0.001636 0.017127
v 0.016681 -0.001620 0.017323
v 0.015627 -0.001672 0.017476
v 0.013209 -0.001905 0.017718
v 0.011319 -0.001962 0.017834
v 0.009915 -0.001577 0.018000
v 0.022704 -0.002806 0.014179
v 0.022570 -0.002565 0.014656
v 0.021709 -0.002245 0.015556
v 0.020644 -0.001923 0.016263
v 0.019337 -0.001642 0.016816
v 0.017760 -0.001471 0.017238
v 0.016695 -0.001452 0.017435
v 0.015627 -0.001501 0.017588
v 0.013202 -0.001729 0.017829
v 0.011332 -0.001783 0.017945
v 0.009954 -0.001409 0.018020
v 0.022461 -0.002866 0.013839
v 0.022422 -0.002850 0.013907
v 0.009016 0.016742 0.008035
v 0.009016 0.016742 0.007959
v 0.008879 0.016886 0.007959
v 0.014628 0.010265 0.016877
v 0.009037 0.016708 0.010002
v 0.009256 0.016299 0.013149
v 0.009385 0.016176 0.013067
v 0.009360 0.016214 0.012964
v 0.009060 0.016598 0.012139
v 0.009566 0.015845 0.014069
v 0.009570 0.015904 0.013672
v 0.009457 0.016070 0.013327
v 0.009996 0.015241 0.014848
v 0.009860 0.015491 0.014321
v 0.009706 0.015710 0.014007
v 0.010037 0.015245 0.014618
v 0.013102 0.011611 0.016668
v 0.012394 0.012320 0.016490
v 0.011728 0.013048 0.016245
v 0.011101 0.013792 0.015911
v 0.010516 0.014539 0.015455
v 0.016258 0.009035 0.016945
v 0.016198 0.008951 0.017112
v 0.016006 0.008677 0.017271
v 0.014449 0.010073 0.017158
v 0.014335 0.009937 0.017202
v 0.012888 0.011447 0.016948
v 0.012760 0.011322 0.016989
v 0.012160 0.012174 0.016768
v 0.012024 0.012055 0.016808
v 0.011470 0.012925 0.016518
v 0.011325 0.012812 0.016555
v 0.010815 0.013696 0.016176
v 0.010663 0.013589 0.016209
v 0.010198 0.014475 0.015703
v 0.010037 0.014372 0.015730
v 0.009642 0.015212 0.015067
v 0.009475 0.015111 0.015087
v 0.009177 0.015852 0.014244
v 0.009005 0.015751 0.014257
v 0.016107 0.008822 0.017227
v 0.014555 0.010192 0.017044
v 0.013012 0.011552 0.016834
v 0.012294 0.012271 0.016656
v 0.011616 0.013012 0.016409
v 0.010975 0.013772 0.016071
v 0.010372 0.014538 0.015606
v 0.009832 0.015262 0.014983
v 0.009382 0.015890 0.014178
v 0.009057 0.016363 0.013225
v 0.008853 0.016674 0.012186
v 0.008741 0.016849 0.011122
v 0.008952 0.016768 0.011097
v 0.008689 0.016934 0.010057
v 0.008901 0.016850 0.010046
v 0.008840 0.016335 0.013271
v 0.008630 0.016651 0.012214
v 0.008515 0.016829 0.011137
v 0.008463 0.016915 0.010063
v 0.008807 0.016028 0.013751
v 0.008665 0.016233 0.013277
v 0.008452 0.016547 0.012216
v 0.008337 0.016726 0.011138
v 0.008284 0.016812 0.010063
v 0.008262 0.016850 0.007959
v 0.008442 0.016952 0.007959
v 0.008668 0.016970 0.007959
v 0.009107 0.016599 0.011296
v 0.009209 0.016441 0.012182
v 0.016317 0.009021 0.016861
v 0.016282 0.008972 0.017025
v 0.016243 0.008916 0.017116
v 0.016187 0.008836 0.017196
v 0.016054 0.008644 0.017272
v 0.009780 -0.001365 0.018024
v 0.009607 -0.001317 0.018027
v 0.009554 -0.001494 0.018003
v 0.009464 -0.001783 0.017728
v 0.009501 -0.001667 0.017898
v 0.000532 0.008587 0.014124
v 0.000308 0.009056 0.013396
v 0.000344 0.008866 0.013302
v 0.000648 0.008889 0.014284
v 0.000976 0.008277 0.015060
v 0.001106 0.008380 0.015095
v 0.000894 0.008772 0.014633
v 0.000771 0.008998 0.014313
v 0.000369 0.009262 0.013474
v 0.000620 0.009272 0.013848
v 0.000527 0.009436 0.013513
v 0.001930 0.006889 0.016256
v 0.001678 0.007334 0.015977
v 0.001359 0.007564 0.015705
v 0.001496 0.007663 0.015740
v 0.001242 0.008128 0.015346
v 0.001789 0.006790 0.016222
v 0.002255 0.005992 0.016631
v 0.002399 0.006092 0.016664
v 0.002747 0.005192 0.016953
v 0.002892 0.005295 0.016984
v 0.003805 0.003607 0.017416
v 0.003950 0.003716 0.017444
v 0.004974 0.002063 0.017714
v 0.005114 0.002181 0.017740
v 0.006274 0.000622 0.017897
v 0.006403 0.000754 0.017921
v 0.006991 -0.000041 0.017955
v 0.007110 0.000101 0.017979
v 0.007775 -0.000643 0.017992
v 0.007879 -0.000488 0.018015
v 0.008629 -0.001136 0.018008
v 0.008709 -0.000968 0.018031
v 0.008498 -0.001411 0.017733
v 0.007611 -0.000898 0.017718
v 0.006805 -0.000280 0.017681
v 0.006075 0.000394 0.017623
v 0.004764 0.001849 0.017442
v 0.003596 0.003396 0.017147
v 0.002548 0.004975 0.016692
v 0.002067 0.005766 0.016377
v 0.001614 0.006552 0.015979
v 0.001201 0.007309 0.015481
v 0.000839 0.008001 0.014864
v 0.008551 -0.001299 0.017903
v 0.007676 -0.000794 0.017888
v 0.006878 -0.000181 0.017850
v 0.006153 0.000489 0.017793
v 0.004845 0.001941 0.017609
v 0.003674 0.003490 0.017311
v 0.002620 0.005076 0.016850
v 0.002132 0.005874 0.016531
v 0.001672 0.006668 0.016125
v 0.001251 0.007437 0.015614
v 0.000877 0.008142 0.014980
v 0.000560 0.008743 0.014217
v 0.000326 0.009161 0.013439
v 0.009025 0.016728 0.006446
v 0.009069 0.016659 0.005174
v 0.009155 0.016524 0.004141
v 0.009196 0.016462 0.003829
v 0.010229 0.014982 0.001031
v 0.010027 0.015260 0.001316
v 0.009707 0.015707 0.001908
v 0.009471 0.016049 0.002545
v 0.009385 0.016176 0.002851
v 0.009288 0.016321 0.003280
v 0.024390 0.004994 0.014986
v 0.018566 0.007623 0.016794
v 0.017424 0.008296 0.016850
v 0.020502 0.006623 0.016564
v 0.022047 0.005925 0.016197
v 0.023285 0.005416 0.015703
v 0.023856 0.005195 0.015377
v 0.025515 0.004591 0.013672
v 0.025798 0.004493 0.013136
v 0.025176 0.004710 0.014170
v 0.026423 0.004283 0.010991
v 0.026251 0.004340 0.011829
v 0.026533 0.004246 0.010140
v 0.026789 0.003823 0.010180
v 0.026758 0.003639 0.010183
v 0.026819 0.003618 0.009415
v 0.026495 0.003921 0.011926
v 0.026480 0.003732 0.011872
v 0.026676 0.003666 0.010852
v 0.026014 0.004086 0.013302
v 0.026210 0.003825 0.012765
v 0.026464 0.003738 0.011934
v 0.025346 0.004322 0.014408
v 0.025311 0.004143 0.014429
v 0.025414 0.004106 0.014292
v 0.025711 0.004192 0.013873
v 0.025652 0.004020 0.013933
v 0.025859 0.003947 0.013567
v 0.026058 0.003878 0.013148
v 0.024225 0.004545 0.015493
v 0.024458 0.004457 0.015310
v 0.024499 0.004631 0.015281
v 0.024841 0.004314 0.014963
v 0.023501 0.004824 0.015955
v 0.023927 0.004847 0.015696
v 0.023322 0.005083 0.016039
v 0.021661 0.005586 0.016682
v 0.021967 0.005453 0.016592
v 0.022025 0.005617 0.016552
v 0.022656 0.005164 0.016350
v 0.020429 0.006338 0.016928
v 0.020360 0.006180 0.016970
v 0.020492 0.006117 0.016947
v 0.017280 0.008047 0.017218
v 0.017574 0.007667 0.017247
v 0.018445 0.007361 0.017161
v 0.019154 0.006783 0.017135
v 0.025869 0.004440 0.013178
v 0.025977 0.004282 0.013253
v 0.026450 0.004122 0.011898
v 0.017361 0.008183 0.017105
v 0.018516 0.007503 0.017049
v 0.026741 0.004025 0.010168
v 0.026614 0.004190 0.010150
v 0.026329 0.004285 0.011854
v 0.017413 0.008273 0.016940
v 0.018558 0.007599 0.016884
v 0.020482 0.006489 0.016817
v 0.026630 0.004215 0.007959
v 0.026609 0.004221 0.009049
v 0.026801 0.004058 0.007959
v 0.026839 0.003993 0.007959
v 0.026884 0.003838 0.007959
v 0.026055 0.004406 0.012492
v 0.025934 0.004447 0.012818
v 0.026858 0.003606 0.007959
v 0.025235 0.004660 0.014229
v 0.023311 0.005378 0.015786
v 0.023890 0.005154 0.015456
v 0.024434 0.004949 0.015059
v 0.025322 0.004511 0.014337
v 0.025679 0.004385 0.013814
v 0.022060 0.005892 0.016284
v 0.023338 0.005253 0.015937
v 0.023932 0.005022 0.015600
v 0.024493 0.004811 0.015193
v 0.020504 0.006594 0.016653
v 0.022061 0.005777 0.016444
v 0.000211 0.009103 0.003326
v 0.000357 0.008839 0.002631
v 0.000079 0.009334 0.004243
v 0.000138 0.009233 0.003784
v -0.000071 0.010128 0.007959
v -0.000140 0.009959 0.007959
v -0.000139 0.009957 0.008337
v -0.000143 0.009777 0.007959
v -0.000142 0.009775 0.008335
v -0.000150 0.009846 0.007959
v 0.000154 0.010083 0.011141
v 0.000115 0.010148 0.010609
v -0.000005 0.010018 0.010603
v 0.000090 0.010190 0.010133
v -0.000070 0.010126 0.008338
v 0.000051 0.010257 0.008338
v 0.000050 0.010259 0.007959
v 0.000282 0.009864 0.012274
v 0.000161 0.009737 0.012259
v 0.000409 0.009643 0.013000
v 0.000081 0.009400 0.012185
v -0.000078 0.009670 0.010572
v -0.000074 0.009850 0.010590
v 0.000090 0.009575 0.012228
v 0.000090 0.010190 0.005785
v 0.000115 0.010148 0.005309
v -0.000006 0.010016 0.005315
v 0.000257 0.009907 0.003823
v 0.000282 0.009864 0.003644
v 0.000160 0.009735 0.003659
v 0.000409 0.009643 0.002918
v 0.000527 0.009436 0.002406
v 0.000385 0.009288 0.002437
v 0.000082 0.009393 0.003735
v -0.000141 0.009767 0.007583
v -0.000077 0.009662 0.005347
v 0.000331 0.008897 0.002600
v 0.000311 0.008984 0.002556
v 0.000089 0.009570 0.003691
v 0.000311 0.009090 0.002508
v -0.000075 0.009845 0.005328
v -0.000140 0.009952 0.007582
v -0.000072 0.010124 0.007581
v 0.000051 0.010257 0.007580
v 0.009607 -0.001317 -0.002108
v 0.008627 -0.001140 -0.002088
v 0.008709 -0.000968 -0.002112
v 0.007773 -0.000646 -0.002072
v 0.007879 -0.000488 -0.002097
v 0.006988 -0.000044 -0.002035
v 0.007110 0.000101 -0.002060
v 0.006271 0.000619 -0.001977
v 0.006402 0.000754 -0.002003
v 0.004971 0.002060 -0.001794
v 0.005114 0.002181 -0.001822
v 0.003801 0.003604 -0.001496
v 0.003950 0.003716 -0.001525
v 0.002743 0.005190 -0.001033
v 0.002892 0.005295 -0.001066
v 0.002252 0.005989 -0.000711
v 0.002399 0.006092 -0.000746
v 0.001786 0.006787 -0.000302
v 0.001930 0.006889 -0.000338
v 0.001678 0.007334 -0.000059
v 0.001356 0.007561 0.000215
v 0.001496 0.007663 0.000178
v 0.001242 0.008128 0.000573
v 0.000973 0.008274 0.000860
v 0.001106 0.008380 0.000824
v 0.000894 0.008772 0.001285
v 0.000645 0.008886 0.001636
v 0.000771 0.008998 0.001606
v 0.000620 0.009272 0.002071
v 0.000533 0.008577 0.001802
v 0.000570 0.008444 0.001903
v 0.000484 0.008605 0.002168
v 0.000708 0.008179 0.001537
v 0.000839 0.007992 0.001063
v 0.000776 0.008047 0.001377
v 0.000865 0.007874 0.001188
v 0.001200 0.007301 0.000448
v 0.001219 0.007200 0.000592
v 0.001613 0.006545 -0.000050
v 0.001623 0.006459 0.000109
v 0.002065 0.005760 -0.000447
v 0.002069 0.005687 -0.000279
v 0.002546 0.004969 -0.000761
v 0.002545 0.004907 -0.000587
v 0.003050 0.004124 -0.000835
v 0.003593 0.003391 -0.001216
v 0.003075 0.004086 -0.000845
v 0.004965 0.001542 -0.001364
v 0.004747 0.001805 -0.001326
v 0.004761 0.001845 -0.001511
v 0.004150 0.002567 -0.001196
v 0.003584 0.003343 -0.001034
v 0.005381 0.001065 -0.001427
v 0.006072 0.000390 -0.001692
v 0.006056 0.000354 -0.001505
v 0.006632 -0.000185 -0.001552
v 0.006802 -0.000284 -0.001749
v 0.006785 -0.000318 -0.001562
v 0.007608 -0.000903 -0.001786
v 0.007592 -0.000936 -0.001598
v 0.009462 -0.001789 -0.001797
v 0.009449 -0.001823 -0.001609
v 0.008481 -0.001449 -0.001613
v 0.009499 -0.001674 -0.001973
v 0.008496 -0.001416 -0.001802
v 0.007953 -0.001165 -0.001607
v 0.009553 -0.001499 -0.002083
v 0.008548 -0.001306 -0.001978
v 0.007672 -0.000800 -0.001962
v 0.006873 -0.000187 -0.001925
v 0.006148 0.000484 -0.001867
v 0.004840 0.001936 -0.001684
v 0.003669 0.003485 -0.001386
v 0.002615 0.005071 -0.000926
v 0.002128 0.005868 -0.000606
v 0.001668 0.006663 -0.000200
v 0.001247 0.007431 0.000310
v 0.000874 0.008135 0.000944
v 0.000557 0.008736 0.001705
v 0.009824 -0.001922 -0.001603
v 0.009836 -0.001887 -0.001790
v 0.009867 -0.001771 -0.001966
v 0.009911 -0.001594 -0.002076
v 0.009780 -0.001365 -0.002105
v 0.009954 -0.001409 -0.002102
v 0.009934 -0.001497 -0.002099
v 0.004139 0.013408 0.007959
v 0.005280 0.014267 0.006045
v 0.008284 0.016812 0.005855
v 0.005351 0.014224 0.005137
v 0.008336 0.016726 0.004780
v 0.005476 0.014148 0.004264
v 0.008452 0.016547 0.003702
v 0.005669 0.014030 0.003429
v 0.008665 0.016233 0.002642
v 0.005945 0.013860 0.002636
v 0.008807 0.016028 0.002168
v 0.006319 0.013629 0.001894
v 0.009005 0.015751 0.001662
v 0.006804 0.013330 0.001213
v 0.009475 0.015111 0.000831
v 0.007411 0.012958 0.000604
v 0.010037 0.014372 0.000188
v 0.008148 0.012511 0.000072
v 0.010663 0.013589 -0.000290
v 0.009022 0.011987 -0.000378
v 0.011325 0.012812 -0.000637
v 0.010046 0.011381 -0.000746
v 0.012024 0.012055 -0.000889
v 0.011231 0.010687 -0.001033
v 0.012760 0.011322 -0.001071
v 0.012590 0.009896 -0.001238
v 0.014335 0.009937 -0.001284
v 0.014138 0.009000 -0.001359
v 0.016006 0.008677 -0.001353
v 0.016054 0.008644 -0.001353
v 0.005239 0.014293 0.007959
v 0.002456 0.011653 0.004009
v 0.002298 0.011752 0.004927
v 0.002203 0.011811 0.005892
v 0.002692 0.011505 0.003141
v 0.003021 0.011297 0.002326
v 0.003458 0.011019 0.001573
v 0.004014 0.010667 0.000891
v 0.004698 0.010237 0.000288
v 0.007612 0.008448 -0.001024
v 0.006487 0.009132 -0.000669
v 0.005519 0.009726 -0.000232
v 0.008155 0.003733 -0.001748
v 0.006564 0.004731 -0.001563
v 0.005167 0.005612 -0.001299
v 0.009952 0.002610 -0.001857
v 0.010874 0.000012 -0.001997
v 0.013174 0.003728 -0.001720
v 0.012066 0.005777 -0.001610
v 0.010388 0.006779 -0.001495
v 0.008908 0.007666 -0.001300
v 0.008899 0.016851 0.005873
v 0.011790 0.013026 -0.000158
v 0.011727 0.013048 -0.000328
v 0.011100 0.013792 0.000006
v 0.015740 0.009443 -0.000844
v 0.014628 0.010264 -0.000960
v 0.014500 0.010410 -0.000772
v 0.013101 0.011611 -0.000751
v 0.013438 0.011337 -0.000633
v 0.012394 0.012319 -0.000573
v 0.012535 0.012219 -0.000427
v 0.012313 0.012451 -0.000359
v 0.010515 0.014540 0.000463
v 0.010672 0.014391 0.000554
v 0.011179 0.013750 0.000168
v 0.009565 0.015845 0.001848
v 0.009995 0.015241 0.001070
v 0.010598 0.014488 0.000623
v 0.009255 0.016300 0.002769
v 0.009059 0.016599 0.003779
v 0.008951 0.016769 0.004820
v 0.016191 0.008941 -0.001207
v 0.016104 0.008816 -0.001311
v 0.014449 0.010072 -0.001240
v 0.016261 0.009040 -0.001007
v 0.016214 0.008973 -0.001162
v 0.014555 0.010191 -0.001126
v 0.009642 0.015212 0.000851
v 0.010197 0.014475 0.000215
v 0.010815 0.013696 -0.000258
v 0.011469 0.012925 -0.000600
v 0.012160 0.012174 -0.000849
v 0.012888 0.011447 -0.001029
v 0.008840 0.016335 0.002648
v 0.009176 0.015852 0.001674
v 0.008629 0.016650 0.003705
v 0.008515 0.016829 0.004781
v 0.008462 0.016914 0.005856
v 0.008688 0.016934 0.005862
v 0.008740 0.016849 0.004795
v 0.008852 0.016674 0.003732
v 0.009056 0.016364 0.002693
v 0.009381 0.015890 0.001740
v 0.009831 0.015262 0.000935
v 0.010371 0.014538 0.000312
v 0.010974 0.013771 -0.000153
v 0.011615 0.013011 -0.000491
v 0.012294 0.012271 -0.000738
v 0.013011 0.011552 -0.000917
v 0.016276 0.009059 -0.000854
v 0.016282 0.008972 -0.001106
v 0.016244 0.008917 -0.001196
v 0.016187 0.008836 -0.001278
v 0.016322 0.009027 -0.000881
v 0.016322 0.009027 -0.000854
v 0.019104 0.007338 -0.000742
v 0.018938 0.007427 -0.000758
v 0.018479 0.007681 -0.000793
v 0.020423 0.006670 -0.000570
v 0.021043 0.006379 -0.000451
v 0.021974 0.005965 -0.000210
v 0.022145 0.005892 -0.000156
v 0.022629 0.005689 0.000018
v 0.023261 0.005435 0.000301
v 0.023871 0.005198 0.000655
v 0.024226 0.005064 0.000911
v 0.023577 -0.003362 0.006224
v 0.023525 -0.003338 0.005557
v 0.023442 -0.003299 0.004867
v 0.023242 -0.003207 0.003846
v 0.023227 -0.003200 0.003791
v 0.022996 -0.003098 0.003088
v 0.022909 -0.003061 0.002889
v 0.022526 -0.002885 0.013897
v 0.023037 -0.002560 0.014119
v 0.022998 -0.002638 0.014115
v 0.022941 -0.002718 0.014101
v 0.022788 -0.002842 0.014041
v 0.022610 -0.002891 0.013948
v 0.024426 -0.002640 0.007959
v 0.024398 -0.002623 0.009263
v 0.023183 -0.001903 0.014281
v 0.023598 -0.002148 0.013467
v 0.022668 -0.001599 0.015000
v 0.022051 -0.001236 0.015622
v 0.021333 -0.000812 0.016146
v 0.019586 0.000224 0.016924
v 0.020512 -0.000326 0.016578
v 0.018550 0.000842 0.017193
v 0.017397 0.001530 0.017392
v 0.014508 -0.000556 0.017731
v 0.013154 0.003697 0.017641
v 0.010832 -0.000053 0.017920
v 0.016120 0.002295 0.017525
v 0.023918 -0.002338 0.012558
v 0.024152 -0.002477 0.011558
v 0.024309 -0.002571 0.010461
v 0.002203 0.011811 0.010027
v 0.009952 0.002610 0.017775
v 0.005167 0.005612 0.017217
v 0.006564 0.004731 0.017481
v 0.008155 0.003733 0.017667
v 0.006487 0.009132 0.016588
v 0.005520 0.009727 0.016151
v 0.004699 0.010237 0.015630
v 0.004014 0.010668 0.015028
v 0.003459 0.011020 0.014346
v 0.003022 0.011297 0.013592
v 0.002692 0.011505 0.012778
v 0.002456 0.011654 0.011909
v 0.002298 0.011752 0.010992
v 0.005281 0.014268 0.009873
v 0.005352 0.014224 0.010781
v 0.009023 0.011988 0.016296
v 0.008148 0.012512 0.015846
v 0.007412 0.012958 0.015315
v 0.006805 0.013330 0.014705
v 0.006320 0.013629 0.014024
v 0.005945 0.013861 0.013282
v 0.005669 0.014030 0.012490
v 0.005477 0.014148 0.011655
v 0.014138 0.009000 0.017278
v 0.012591 0.009896 0.017156
v 0.011232 0.010687 0.016952
v 0.010047 0.011382 0.016664
v 0.012066 0.005778 0.017528
v 0.010388 0.006779 0.017413
v 0.008908 0.007666 0.017218
v 0.007612 0.008448 0.016943
v 0.022540 -0.002899 0.002243
v 0.022595 -0.002923 0.002277
v 0.022786 -0.003006 0.002606
v 0.022525 -0.002893 0.002201
v 0.022347 -0.002819 0.001890
v 0.022362 -0.002826 0.001914
v 0.022378 -0.002832 0.001939
v 0.022462 -0.002867 0.002081
v 0.021865 -0.002632 0.001241
v 0.021559 -0.002522 0.000921
v 0.021343 -0.002449 0.000726
v 0.020880 -0.002306 0.000376
v 0.020176 -0.002121 -0.000035
v 0.020197 -0.002126 -0.000024
v 0.020368 -0.002167 0.000065
v 0.019149 -0.001921 -0.000461
v 0.019346 -0.001953 -0.000391
v 0.015203 -0.001854 -0.001256
v 0.016417 -0.001770 -0.001093
v 0.017177 -0.001761 -0.000963
v 0.017834 -0.001784 -0.000828
v 0.018354 -0.001823 -0.000700
v 0.014377 -0.001938 -0.001343
v 0.013550 -0.002024 -0.001416
v 0.012070 -0.002123 -0.001516
v 0.013195 -0.002057 -0.001443
v 0.009979 -0.001956 -0.001599
v 0.010943 -0.002094 -0.001570
v 0.011296 -0.002116 -0.001555
v 0.022704 -0.002806 0.001739
v 0.022530 -0.002857 0.001836
v 0.022263 -0.002748 0.001442
v 0.013206 -0.002021 -0.001627
v 0.015615 -0.001784 -0.001388
v 0.016657 -0.001730 -0.001237
v 0.017690 -0.001743 -0.001042
v 0.019209 -0.001897 -0.000629
v 0.020454 -0.002155 -0.000093
v 0.021458 -0.002452 0.000585
v 0.022950 -0.002523 0.001657
v 0.022623 -0.002485 0.001245
v 0.022408 -0.002307 0.000933
v 0.021754 -0.002163 0.000340
v 0.021818 -0.002093 0.000358
v 0.021050 -0.001851 -0.000186
v 0.020678 -0.001838 -0.000371
v 0.020704 -0.001756 -0.000380
v 0.019360 -0.001554 -0.000925
v 0.019903 -0.001568 -0.000745
v 0.020223 -0.001637 -0.000612
v 0.013196 -0.001634 -0.001936
v 0.014015 -0.001469 -0.001874
v 0.015623 -0.001408 -0.001696
v 0.015778 -0.001310 -0.001684
v 0.016697 -0.001359 -0.001544
v 0.017017 -0.001271 -0.001500
v 0.017770 -0.001380 -0.001347
v 0.018209 -0.001324 -0.001261
v 0.019279 -0.001454 -0.000967
v 0.011338 -0.001685 -0.002050
v 0.012348 -0.001597 -0.002000
v 0.013189 -0.001545 -0.001942
v 0.010239 -0.001469 -0.002095
v 0.011177 -0.001586 -0.002061
v 0.011342 -0.001595 -0.002054
v 0.011306 -0.002080 -0.001741
v 0.022911 -0.002602 0.001661
v 0.022570 -0.002565 0.001262
v 0.021709 -0.002245 0.000363
v 0.020644 -0.001923 -0.000345
v 0.019337 -0.001642 -0.000898
v 0.017760 -0.001471 -0.001319
v 0.016695 -0.001452 -0.001516
v 0.015627 -0.001501 -0.001669
v 0.013202 -0.001729 -0.001911
v 0.011332 -0.001783 -0.002026
v 0.022855 -0.002682 0.001676
v 0.022427 -0.002692 0.001334
v 0.021591 -0.002382 0.000452
v 0.020554 -0.002070 -0.000244
v 0.019277 -0.001800 -0.000790
v 0.017730 -0.001636 -0.001208
v 0.016681 -0.001620 -0.001405
v 0.015627 -0.001672 -0.001557
v 0.013209 -0.001905 -0.001800
v 0.011319 -0.001962 -0.001916
v 0.022610 -0.002891 0.001971
v 0.022788 -0.002842 0.001878
v 0.022941 -0.002718 0.001817
v 0.022998 -0.002638 0.001803
v 0.023036 -0.002559 0.001798
v 0.022683 -0.002923 0.002107
v 0.022864 -0.002876 0.002018
v 0.023022 -0.002753 0.001960
v 0.023079 -0.002674 0.001947
v 0.023119 -0.002595 0.001944
v 0.023255 -0.002754 0.002292
v 0.022843 -0.002998 0.002435
v 0.023122 -0.003124 0.003119
v 0.023334 -0.003219 0.003821
v 0.023635 -0.003355 0.005545
v 0.024118 -0.003048 0.005508
v 0.024145 -0.003060 0.005777
v 0.024076 -0.003126 0.005508
v 0.024230 -0.003098 0.007397
v 0.023488 -0.002762 0.002737
v 0.023547 -0.002887 0.003008
v 0.023777 -0.002893 0.003619
v 0.023767 -0.002986 0.003737
v 0.023808 -0.002907 0.003736
v 0.023994 -0.002992 0.004618
v 0.023195 -0.002833 0.002303
v 0.023486 -0.002965 0.003016
v 0.023705 -0.003065 0.003744
v 0.023032 -0.002955 0.002355
v 0.023319 -0.003084 0.003056
v 0.023535 -0.003182 0.003774
v 0.024014 -0.003204 0.005511
v 0.024192 -0.003179 0.007829
v 0.023749 -0.003407 0.007830
v 0.023956 -0.003372 0.007829
v 0.024130 -0.003257 0.007829
v 0.023840 -0.003320 0.005524
v 0.020580 0.006076 -0.001012
v 0.018550 0.000841 -0.001274
v 0.017397 0.001530 -0.001473
v 0.025344 0.004131 0.001533
v 0.025789 0.003972 0.002221
v 0.023183 -0.001903 0.001637
v 0.024398 -0.002623 0.006655
v 0.026806 0.003623 0.006300
v 0.024309 -0.002571 0.005458
v 0.026749 0.003642 0.005645
v 0.024152 -0.002477 0.004361
v 0.026667 0.003669 0.005005
v 0.023918 -0.002338 0.003360
v 0.026452 0.003742 0.003936
v 0.023598 -0.002148 0.002452
v 0.026156 0.003843 0.003012
v 0.025271 0.004157 0.001438
v 0.022668 -0.001599 0.000918
v 0.022052 -0.001236 0.000297
v 0.024767 0.004341 0.000883
v 0.021333 -0.000812 -0.000227
v 0.024127 0.004582 0.000354
v 0.021910 0.005478 -0.000691
v 0.022588 0.005192 -0.000458
v 0.020512 -0.000326 -0.000659
v 0.023220 0.004935 -0.000182
v 0.023403 0.004863 -0.000089
v 0.019587 0.000224 -0.001006
v 0.021661 0.005586 -0.000763
v 0.017950 0.007445 -0.001311
v 0.019340 0.006686 -0.001196
v 0.020287 0.006215 -0.001064
v 0.016481 0.008355 -0.001353
v 0.016121 0.002294 -0.001607
v 0.014508 -0.000557 -0.001812
v 0.024343 0.005012 0.000898
v 0.026602 0.004225 0.006826
v 0.026231 0.004348 0.004025
v 0.026407 0.004289 0.004851
v 0.026521 0.004251 0.005691
v 0.025769 0.004504 0.002730
v 0.025137 0.004724 0.001703
v 0.023806 0.005214 0.000514
v 0.023235 0.005437 0.000195
v 0.021992 0.005949 -0.000292
v 0.020431 0.006658 -0.000654
v 0.017340 0.008349 -0.000930
v 0.018480 0.007672 -0.000878
v 0.017194 0.008101 -0.001301
v 0.018357 0.007411 -0.001248
v 0.021969 0.005642 -0.000651
v 0.020356 0.006374 -0.001022
v 0.023270 0.005105 -0.000146
v 0.023875 0.004868 0.000190
v 0.024450 0.004650 0.000598
v 0.025306 0.004337 0.001460
v 0.025678 0.004205 0.001991
v 0.025987 0.004096 0.002559
v 0.026266 0.004000 0.003234
v 0.026477 0.003928 0.003924
v 0.026779 0.003827 0.005649
v 0.026603 0.004195 0.005680
v 0.025196 0.004675 0.001643
v 0.025841 0.004451 0.002687
v 0.026310 0.004292 0.003999
v 0.017329 0.008327 -0.001020
v 0.018472 0.007648 -0.000968
v 0.017277 0.008238 -0.001187
v 0.018430 0.007553 -0.001134
v 0.020433 0.006630 -0.000744
v 0.025282 0.004527 0.001533
v 0.025646 0.004398 0.002052
v 0.025949 0.004293 0.002609
v 0.026432 0.004130 0.003954
v 0.026730 0.004030 0.005661
v 0.023286 0.005275 -0.000042
v 0.023881 0.005043 0.000288
v 0.024444 0.004831 0.000688
v 0.022005 0.005803 -0.000541
v 0.023261 0.005399 0.000111
v 0.023840 0.005174 0.000434
v 0.024386 0.004969 0.000824
v 0.020410 0.006525 -0.000909
v 0.022005 0.005917 -0.000380
vn 0.7243 -0.3169 -0.6123
vn 0.8488 -0.3914 -0.3553
vn 0.9160 -0.4011 -0.0007
vn 0.9140 -0.4046 -0.0312
vn 0.9263 -0.3760 -0.0249
vn 0.9120 -0.4049 -0.0658
vn 0.9186 -0.3844 -0.0922
vn 0.9077 -0.4067 -0.1038
vn 0.9100 -0.3819 -0.1615
vn 0.9187 -0.3636 -0.1544
vn 0.8614 -0.4385 -0.2563
vn 0.9245 -0.3105 -0.2211
vn 0.8841 -0.3733 -0.2811
vn 0.7698 -0.3242 -0.5498
vn 0.7838 -0.3406 -0.5194
vn 0.7863 -0.3851 -0.4832
vn 0.8464 -0.3097 -0.4333
vn 0.8364 -0.4306 -0.3391
vn 0.4255 -0.1765 -0.8876
vn 0.5036 -0.1617 -0.8487
vn 0.5173 -0.2350 -0.8229
vn 0.5638 -0.2229 -0.7953
vn 0.6340 -0.2568 -0.7295
vn 0.6249 -0.2682 -0.7332
vn 0.7269 -0.2908 -0.6221
vn 0.3610 -0.2155 -0.9073
vn 0.4293 -0.1119 -0.8962
vn 0.2969 -0.1295 -0.9461
vn 0.3353 -0.0622 -0.9400
vn 0.2632 -0.0850 -0.9610
vn 0.1469 -0.0075 -0.9891
vn 0.1384 -0.0128 -0.9903
vn 0.1747 -0.0271 -0.9842
vn 0.1753 -0.0267 -0.9841
vn 0.2133 -0.0513 -0.9756
vn 0.2097 -0.0535 -0.9763
vn 0.2428 -0.0589 -0.9683
vn 0.1001 -0.0175 -0.9948
vn 0.1074 -0.0076 -0.9942
vn 0.1159 -0.0009 -0.9933
vn 0.0362 0.0489 -0.9981
vn 0.0485 0.0246 -0.9985
vn 0.0582 0.0268 -0.9979
vn 0.1073 0.0092 -0.9942
vn 0.0957 0.0108 -0.9953
vn 0.0779 0.0221 -0.9967
vn 0.0680 0.0250 -0.9974
vn 0.0365 0.0431 -0.9984
vn 0.0516 0.0454 -0.9976
vn 0.0545 0.0478 -0.9974
vn 0.0482 0.0434 -0.9979
vn 0.0434 0.0418 -0.9982
vn 0.0394 0.0421 -0.9983
vn 0.0532 0.0314 -0.9981
vn 0.0559 0.0334 -0.9979
vn 0.0552 0.0332 -0.9979
vn 0.0543 0.0310 -0.9980
vn 0.0394 0.0216 -0.9990
vn 0.0641 0.0374 -0.9972
vn 0.0626 0.0370 -0.9974
vn 0.0492 0.0355 -0.9982
vn 0.0570 0.0508 -0.9971
vn 0.0561 0.0496 -0.9972
vn 0.0953 0.0135 -0.9954
vn 0.0921 0.0108 -0.9957
vn 0.0843 0.0137 -0.9963
vn 0.0823 0.0166 -0.9965
vn 0.0836 0.0113 -0.9964
vn 0.0902 0.0038 -0.9959
vn 0.1089 0.0069 -0.9940
vn 0.1295 -0.0075 -0.9916
vn 0.1454 -0.0101 -0.9893
vn 0.1688 0.3335 0.9275
vn -0.5348 0.5853 0.6095
vn 0.0063 0.0851 0.9964
vn 0.0316 0.0556 0.9980
vn -0.6720 0.7405 0.0001
vn -0.6750 0.7377 0.0148
vn -0.6741 0.7134 0.1914
vn -0.6727 0.7133 0.1967
vn -0.4991 0.5286 0.6866
vn -0.5873 0.6068 0.5356
vn -0.5713 0.6026 0.5572
vn -0.6227 0.6510 0.4342
vn -0.6275 0.6530 0.4240
vn -0.6402 0.6774 0.3623
vn -0.6576 0.6910 0.3003
vn -0.6579 0.7007 0.2758
vn -0.6690 0.7113 0.2158
vn -0.3392 0.3263 0.8823
vn -0.1922 0.2078 0.9591
vn -0.2063 0.2389 0.9489
vn -0.2372 0.2523 0.9381
vn -0.2723 0.3011 0.9139
vn -0.2745 0.3007 0.9134
vn -0.3317 0.3419 0.8793
vn -0.2980 0.3258 0.8973
vn -0.3789 0.3882 0.8401
vn -0.3384 0.3719 0.8644
vn -0.4335 0.4431 0.7847
vn -0.4175 0.4352 0.7977
vn -0.4701 0.4924 0.7325
vn -0.5275 0.5377 0.6577
vn -0.0755 0.0891 0.9932
vn -0.0755 0.1341 0.9881
vn -0.1294 0.1490 0.9803
vn -0.1294 0.1466 0.9807
vn -0.1555 0.1954 0.9683
vn -0.0486 0.1231 0.9912
vn -0.0414 0.1015 0.9940
vn -0.0147 0.0842 0.9963
vn -0.0160 0.0869 0.9961
vn 0.0112 0.0632 0.9979
vn 0.0311 0.0559 0.9979
vn 0.0124 0.0676 0.9976
vn 0.0243 0.0663 0.9975
vn -0.0250 0.0849 0.9961
vn -0.0248 0.0848 0.9961
vn -0.1316 0.1862 0.9737
vn -0.0941 0.1518 0.9839
vn -0.0727 0.1454 0.9867
vn -0.0631 0.1166 0.9912
vn -0.0476 0.1118 0.9926
vn -0.0312 0.0998 0.9945
vn -0.0177 0.0927 0.9955
vn -0.2018 0.2525 0.9463
vn -0.1967 0.2658 0.9437
vn -0.1420 0.1834 0.9727
vn -0.2574 0.3044 0.9171
vn -0.3238 0.3494 0.8793
vn -0.2727 0.3441 0.8985
vn -0.4165 0.4365 0.7975
vn -0.3409 0.4345 0.8337
vn -0.4837 0.5474 0.6829
vn -0.4846 0.5574 0.6741
vn -0.4493 0.4876 0.7486
vn -0.5498 0.6270 0.5519
vn -0.5498 0.6263 0.5527
vn -0.5822 0.6403 0.5011
vn -0.6000 0.6671 0.4416
vn -0.5973 0.6839 0.4189
vn -0.6244 0.6860 0.3736
vn -0.6339 0.7140 0.2974
vn -0.6458 0.7083 0.2849
vn -0.6502 0.7344 0.1948
vn -0.6673 0.7232 0.1778
vn -0.6455 0.7583 0.0914
vn -0.6355 0.7674 0.0855
vn -0.6580 0.7513 0.0509
vn -0.6730 0.7280 0.1306
vn -0.6884 0.7225 0.0643
vn -0.6755 0.7322 0.0870
vn -0.6736 0.7390 0.0126
vn -0.6657 0.7461 0.0126
vn -0.6580 0.7529 0.0153
vn -0.0201 0.0913 -0.9956
vn 0.0314 0.0557 -0.9980
vn -0.0011 0.0762 -0.9971
vn 0.0207 0.0624 -0.9978
vn 0.0132 0.0706 -0.9974
vn 0.0107 0.0623 -0.9980
vn -0.0150 0.0872 -0.9961
vn -0.0133 0.0830 -0.9965
vn -0.0410 0.1015 -0.9940
vn -0.0418 0.1039 -0.9937
vn -0.0740 0.1226 -0.9897
vn -0.0731 0.1311 -0.9887
vn -0.1283 0.1509 -0.9802
vn -0.1928 0.2091 -0.9587
vn -0.1534 0.1919 -0.9693
vn -0.1285 0.1444 -0.9811
vn -0.2886 0.2682 -0.9191
vn -0.2401 0.2554 -0.9365
vn -0.2009 0.2308 -0.9520
vn -0.2056 0.3057 -0.9297
vn -0.2765 0.2970 -0.9140
vn -0.3260 0.3475 -0.8792
vn -0.3751 0.3853 -0.8431
vn -0.5789 0.6009 -0.5513
vn -0.5201 0.5469 -0.6561
vn -0.6526 0.6649 -0.3633
vn -0.6253 0.6532 -0.4271
vn -0.5851 0.6177 -0.5255
vn -0.6227 0.6631 -0.4155
vn -0.6588 0.6929 -0.2931
vn -0.6588 0.7052 -0.2621
vn -0.6730 0.7141 -0.1927
vn -0.6735 0.7142 -0.1904
vn -0.6728 0.7280 -0.1320
vn -0.6731 0.7394 -0.0145
vn -0.6742 0.7384 -0.0117
vn -0.6720 0.7405 -0.0000
vn -0.6580 0.7529 -0.0153
vn -0.6684 0.7437 -0.0116
vn -0.6564 0.7527 -0.0510
vn -0.6249 0.7753 -0.0917
vn -0.6761 0.7341 -0.0636
vn -0.6830 0.7257 -0.0829
vn -0.6479 0.7574 -0.0817
vn -0.6669 0.7206 -0.1899
vn -0.6541 0.7351 -0.1783
vn -0.6422 0.7091 -0.2912
vn -0.6382 0.7151 -0.2854
vn -0.6145 0.6714 -0.4142
vn -0.6115 0.6781 -0.4079
vn -0.5631 0.6185 -0.5481
vn -0.5579 0.6408 -0.5274
vn -0.4791 0.4671 -0.7432
vn -0.4160 0.4455 -0.7928
vn -0.5086 0.5249 -0.6825
vn -0.4851 0.5536 -0.6769
vn -0.5241 0.5606 -0.6412
vn -0.2457 0.2964 -0.9229
vn -0.2907 0.3327 -0.8971
vn -0.3126 0.3728 -0.8737
vn -0.3707 0.4023 -0.8371
vn -0.4007 0.4659 -0.7889
vn -0.4211 0.4750 -0.7727
vn -0.4602 0.5078 -0.7282
vn -0.2167 0.2699 -0.9382
vn -0.2606 0.3049 -0.9160
vn -0.0948 0.3335 -0.9380
vn -0.3419 0.3296 -0.8800
vn -0.3402 0.3700 -0.8645
vn -0.4290 0.4420 -0.7878
vn -0.1208 0.1903 -0.9743
vn -0.1358 0.2421 -0.9607
vn -0.1822 0.0981 -0.9784
vn -0.1812 0.2537 -0.9502
vn -0.1061 0.1493 -0.9831
vn -0.0728 0.1452 -0.9867
vn -0.0546 0.1094 -0.9925
vn -0.0331 0.1064 -0.9938
vn -0.0257 0.0750 -0.9969
vn -0.0250 0.0851 -0.9961
vn 0.0352 0.0535 -0.9979
vn 0.0444 0.0470 -0.9979
vn 0.0535 0.0344 -0.9980
vn 0.1317 -0.0002 -0.9913
vn 0.1091 0.0168 -0.9939
vn 0.1089 0.0170 -0.9939
vn 0.1035 0.0185 -0.9945
vn 0.0792 0.0264 -0.9965
vn 0.0791 0.0264 -0.9965
vn 0.0485 0.0507 -0.9975
vn 0.1261 -0.0008 -0.9920
vn 0.1511 -0.0047 -0.9885
vn 0.1824 -0.0230 -0.9830
vn 0.1820 -0.0231 -0.9830
vn 0.2140 -0.0344 -0.9762
vn 0.2463 -0.0540 -0.9677
vn 0.2511 -0.0517 -0.9666
vn 0.2900 -0.0690 -0.9545
vn 0.3275 -0.0930 -0.9403
vn 0.3356 -0.0880 -0.9379
vn 0.3820 -0.1098 -0.9176
vn 0.5927 -0.1455 -0.7922
vn 0.5173 -0.1714 -0.8385
vn 0.4910 -0.1571 -0.8569
vn 0.4638 -0.1480 -0.8735
vn 0.4432 -0.1115 -0.8895
vn 0.4266 -0.1173 -0.8968
vn 0.3917 -0.1156 -0.9128
vn 0.5522 -0.1826 -0.8135
vn 0.6565 -0.2311 -0.7180
vn 0.6567 -0.2335 -0.7171
vn 0.7099 -0.2519 -0.6578
vn 0.7322 -0.2687 -0.6259
vn 0.7413 -0.3026 -0.5991
vn 0.7721 -0.2815 -0.5698
vn 0.7993 -0.2906 -0.5259
vn 0.7958 -0.2910 -0.5310
vn 0.8191 -0.2967 -0.4909
vn 0.8310 -0.2875 -0.4763
vn 0.8445 -0.3242 -0.4263
vn 0.8545 -0.3174 -0.4112
vn 0.8867 -0.3250 -0.3288
vn 0.8861 -0.3261 -0.3294
vn 0.9028 -0.3371 -0.2670
vn 0.9138 -0.3350 -0.2297
vn 0.9071 -0.3645 -0.2105
vn 0.9367 -0.3210 -0.1395
vn 0.9015 -0.3951 -0.1767
vn 0.9417 -0.3166 -0.1140
vn 0.9415 -0.3170 -0.1143
vn 0.9241 -0.3749 -0.0734
vn 0.9542 -0.2986 -0.0197
vn 0.9371 -0.3475 -0.0332
vn 0.9365 -0.3507 -0.0008
vn 0.4342 -0.4529 0.7787
vn 0.3593 -0.4084 0.8391
vn 0.3626 -0.4217 0.8311
vn 0.5136 -0.4543 0.7279
vn 0.3233 -0.3283 0.8875
vn 0.2305 -0.3258 0.9169
vn 0.1127 -0.4053 0.9072
vn 0.4908 0.8713 -0.0000
vn -0.9917 0.1234 -0.0359
vn -0.9424 -0.3346 0.0001
vn -0.9769 -0.2026 0.0681
vn -0.9589 -0.1435 0.2449
vn -0.9750 -0.1863 0.1214
vn 0.3889 0.9213 0.0001
vn 0.2627 0.9592 0.1048
vn 0.2508 0.9592 0.1307
vn 0.1206 0.9922 0.0323
vn -0.0724 0.9960 -0.0528
vn 0.5765 0.8170 0.0138
vn 0.6637 0.7443 0.0749
vn 0.7145 0.6993 0.0225
vn 0.9545 0.2977 0.0166
vn 0.9112 0.4029 0.0862
vn 0.9309 0.3612 0.0549
vn 0.8696 0.4937 0.0035
vn 0.8069 0.5907 -0.0015
vn 0.9536 -0.3011 -0.0000
vn 0.9871 -0.1589 0.0176
vn 0.9935 -0.1020 0.0500
vn 0.9990 0.0457 -0.0000
vn 0.9867 0.1627 -0.0000
vn 0.6727 -0.7399 -0.0000
vn 0.7552 -0.6555 -0.0000
vn 0.8384 -0.5430 0.0473
vn 0.8735 -0.4867 0.0147
vn 0.9333 -0.3591 -0.0000
vn 0.5637 -0.8259 0.0105
vn 0.4994 -0.8651 0.0460
vn 0.3755 -0.9268 -0.0000
vn 0.0510 -0.9976 0.0475
vn 0.1428 -0.9897 0.0059
vn 0.2708 -0.9626 -0.0000
vn -0.4084 -0.9113 0.0526
vn -0.3017 -0.9534 0.0001
vn -0.0802 -0.9968 -0.0001
vn -0.8989 -0.4382 -0.0000
vn -0.8327 -0.5537 0.0101
vn -0.7778 -0.6251 0.0648
vn -0.6927 -0.7212 0.0004
vn -0.5172 -0.8559 -0.0005
vn -0.8578 0.5061 -0.0901
vn -0.8416 0.4834 -0.2408
vn -0.8350 0.4830 -0.2637
vn -0.6878 0.4193 -0.5926
vn -0.7716 0.4369 -0.4623
vn -0.6604 0.3897 -0.6419
vn -0.5522 0.3258 -0.7674
vn -0.5072 0.3047 -0.8061
vn -0.3985 0.2313 -0.8875
vn -0.2052 0.1211 -0.9712
vn -0.0635 0.0720 -0.9954
vn -0.2246 0.1416 -0.9641
vn -0.0000 -0.0000 -1.0000
vn -0.8579 0.5062 -0.0883
vn -0.8416 0.4834 -0.2410
vn -0.8356 0.4831 -0.2616
vn -0.7616 0.4533 -0.4632
vn -0.6954 0.4050 -0.5936
vn -0.6596 0.3892 -0.6430
vn -0.5517 0.3255 -0.7679
vn -0.5060 0.3041 -0.8071
vn -0.3981 0.2311 -0.8877
vn -0.2245 0.1414 -0.9642
vn -0.1983 0.1301 -0.9715
vn -0.0771 0.0455 -0.9960
vn -0.8613 0.5082 -0.0000
vn 0.8876 -0.4606 -0.0000
vn 0.8427 0.5384 -0.0000
vn -0.0449 0.9990 -0.0000
vn -0.8876 0.4606 -0.0000
vn -0.8427 -0.5384 -0.0000
vn 0.0449 -0.9990 -0.0000
vn -0.0000 -0.0000 1.0000
vn -0.9947 -0.1029 -0.0000
vn -0.9898 -0.1417 -0.0135
vn -0.9551 -0.2960 0.0101
vn -0.8623 -0.5043 -0.0451
vn -0.8819 -0.4709 -0.0233
vn -0.7853 -0.6191 -0.0000
vn -0.7081 -0.7061 -0.0000
vn -0.5995 -0.7997 -0.0321
vn -0.5601 -0.8284 -0.0113
vn -0.3577 -0.9338 0.0069
vn -0.2045 -0.9784 -0.0316
vn -0.1376 -0.9905 -0.0070
vn 0.0868 -0.9962 0.0051
vn 0.2289 -0.9729 -0.0314
vn 0.3028 -0.9530 -0.0060
vn 0.5060 -0.8625 0.0048
vn 0.6193 -0.7845 -0.0321
vn 0.6926 -0.7214 -0.0006
vn 0.8412 -0.5407 0.0006
vn 0.8931 -0.4486 -0.0338
vn 0.9434 -0.3316 0.0038
vn 0.9931 -0.1169 -0.0043
vn 0.9945 -0.1048 -0.0001
vn -0.1217 0.9926 -0.0029
vn 0.9899 0.1417 -0.0001
vn 0.9930 0.1175 -0.0098
vn 0.9408 0.3388 0.0073
vn 0.8814 0.4706 -0.0403
vn 0.8354 0.5497 -0.0018
vn 0.6859 0.7277 0.0016
vn 0.5991 0.7992 -0.0483
vn 0.5073 0.8618 0.0007
vn 0.2046 0.9788 0.0063
vn 0.1066 0.9876 -0.1149
vn 0.3036 0.9528 -0.0007
vn -0.3137 0.9409 -0.1280
vn -0.2290 0.9734 -0.0049
vn -0.5260 0.8505 0.0025
vn -0.6178 0.7827 -0.0761
vn -0.7010 0.7132 0.0005
vn -0.8429 0.5381 -0.0005
vn -0.8918 0.4479 -0.0643
vn -0.9435 0.3314 0.0071
vn -0.9931 0.1169 -0.0078
vn -0.9947 0.1027 -0.0000
vn 0.0940 0.0110 0.9955
vn 0.4541 -0.0784 0.8875
vn 0.3498 -0.1377 0.9266
vn 0.0348 0.0500 0.9981
vn 0.0751 0.0175 0.9970
vn 0.0364 0.0442 0.9984
vn 0.0388 0.0426 0.9983
vn 0.0423 0.0409 0.9983
vn 0.0467 0.0393 0.9981
vn 0.0500 0.0388 0.9980
vn 0.0535 0.0384 0.9978
vn 0.0581 0.0390 0.9975
vn 0.0603 0.0398 0.9974
vn 0.0614 0.0402 0.9973
vn 0.0618 0.0405 0.9973
vn 0.0574 0.0370 0.9977
vn 0.0552 0.0333 0.9979
vn 0.0551 0.0336 0.9979
vn 0.0488 0.0248 0.9985
vn 0.0498 0.0252 0.9984
vn 0.0415 0.0437 0.9982
vn 0.0361 0.0491 0.9981
vn 0.0951 0.0160 0.9953
vn 0.0664 0.0257 0.9975
vn 0.0567 0.0262 0.9981
vn 0.0966 0.0160 0.9952
vn 0.1040 0.0193 0.9944
vn 0.0897 0.0035 0.9960
vn 0.1166 0.0007 0.9932
vn 0.1251 0.0087 0.9921
vn 0.2238 -0.0606 0.9727
vn 0.1866 -0.0275 0.9821
vn 0.1821 -0.0305 0.9828
vn 0.3189 -0.0897 0.9435
vn 0.2807 -0.0960 0.9550
vn 0.2824 -0.0957 0.9545
vn 0.2708 -0.0784 0.9594
vn 0.2510 -0.0674 0.9656
vn 0.2473 -0.0647 0.9668
vn 0.2259 -0.0596 0.9723
vn 0.5300 -0.2193 0.8192
vn 0.4704 -0.1706 0.8658
vn 0.3771 -0.2051 0.9032
vn 0.6028 -0.2394 0.7611
vn 0.5634 -0.2242 0.7952
vn 0.5076 -0.2417 0.8270
vn 0.7276 -0.3462 0.5922
vn 0.7273 -0.3491 0.5909
vn 0.7042 -0.2816 0.6518
vn 0.6528 -0.2891 0.7002
vn 0.6510 -0.2749 0.7075
vn 0.6068 -0.2375 0.7586
vn 0.8244 -0.4447 0.3502
vn 0.7895 -0.3378 0.5125
vn 0.7826 -0.3303 0.5276
vn 0.7677 -0.3292 0.5497
vn 0.8508 -0.4020 0.3384
vn 0.8460 -0.3478 0.4042
vn 0.7980 -0.3888 0.4604
vn 0.8010 -0.3706 0.4701
vn 0.7908 -0.3383 0.5100
vn 0.9242 -0.3524 0.1476
vn 0.8507 -0.4602 0.2539
vn 0.9179 -0.3296 0.2209
vn 0.8488 -0.4090 0.3350
vn 0.9184 -0.3831 0.0985
vn 0.9088 -0.4073 0.0906
vn 0.9086 -0.3859 0.1598
vn 0.9131 -0.4029 0.0627
vn 0.9246 -0.3801 0.0249
vn 0.9156 -0.4009 0.0296
vn 0.1545 -0.0199 0.9878
vn 0.1446 -0.0201 0.9893
vn 0.1495 -0.0063 0.9887
vn 0.1353 -0.0100 0.9907
vn 0.0799 0.0133 0.9967
vn 0.0824 0.0127 0.9965
vn 0.0829 0.0146 0.9964
vn 0.0839 0.0141 0.9964
vn 0.0889 0.0119 0.9960
vn -0.6955 0.7186 0.0016
vn -0.9999 -0.0103 -0.0000
vn -0.8936 0.4488 -0.0029
vn -0.8445 0.5231 0.1145
vn -0.9409 0.3387 -0.0042
vn -0.9931 0.1169 0.0048
vn -0.9936 0.1126 0.0023
vn -1.0000 -0.0060 -0.0000
vn -0.5066 0.8456 0.1683
vn -0.6195 0.7848 -0.0162
vn -0.3202 0.9473 0.0081
vn -0.2284 0.9709 0.0721
vn -0.1107 0.9938 -0.0056
vn 0.1258 0.9920 0.0068
vn 0.2043 0.9773 0.0566
vn 0.3517 0.9360 -0.0113
vn 0.5661 0.8242 0.0180
vn 0.5993 0.7995 0.0417
vn 0.7098 0.7044 -0.0000
vn 0.7878 0.6160 -0.0000
vn 0.8818 0.4708 0.0280
vn 0.8734 0.4854 0.0385
vn 0.9566 0.2912 -0.0104
vn 0.9898 0.1417 0.0126
vn 0.9955 0.0943 0.0001
vn 0.9931 -0.1169 0.0001
vn 0.9944 -0.1058 0.0045
vn 0.9425 -0.3341 -0.0037
vn 0.8931 -0.4485 0.0338
vn 0.8385 -0.5450 -0.0016
vn 0.6882 -0.7255 0.0018
vn 0.6193 -0.7845 0.0319
vn 0.5014 -0.8652 -0.0055
vn 0.2855 -0.9583 0.0079
vn 0.2289 -0.9730 0.0296
vn 0.0923 -0.9957 -0.0000
vn -0.4592 -0.8884 -0.0000
vn -0.3526 -0.9358 -0.0000
vn -0.2046 -0.9785 0.0274
vn -0.1777 -0.9840 0.0157
vn -0.0242 -0.9997 -0.0000
vn -0.5998 -0.7998 0.0253
vn -0.5996 -0.7999 0.0252
vn -0.7255 -0.6882 0.0001
vn -0.8021 -0.5972 0.0001
vn -0.8816 -0.4707 0.0337
vn -0.8977 -0.4403 0.0171
vn -0.9771 -0.2124 -0.0100
vn -0.9898 -0.1417 0.0149
vn -0.9985 -0.0551 -0.0000
vn 0.9768 0.2140 -0.0000
vn 0.9764 0.2159 -0.0003
vn 0.9760 0.2178 -0.0000
vn 0.9760 0.2179 -0.0000
vn 0.6754 0.7374 -0.0000
vn 0.7238 0.6893 0.0295
vn 0.7646 0.6445 0.0021
vn 0.9476 0.3195 -0.0001
vn 0.9246 0.3810 -0.0001
vn 0.8943 0.4466 0.0268
vn 0.8626 0.5059 -0.0000
vn 0.8144 0.5803 -0.0000
vn 0.9576 0.2880 0.0032
vn 0.9670 0.2543 0.0139
vn 0.9710 0.2390 0.0039
vn 0.9772 0.2123 -0.0005
vn 0.9772 0.2124 -0.0004
vn 0.9770 0.2134 -0.0000
vn 0.3203 -0.9140 -0.2489
vn 0.4010 -0.8859 -0.2332
vn 0.1652 -0.9706 -0.1749
vn 0.6251 -0.7719 -0.1159
vn -0.5817 -0.8126 -0.0362
vn -0.2609 -0.9645 0.0401
vn 0.5615 -0.8202 0.1092
vn -0.0544 -0.9876 0.1475
vn 0.4871 -0.8475 0.2109
vn 0.3207 -0.9150 0.2447
vn 0.9655 0.2604 -0.0000
vn 0.9655 0.2604 -0.0024
vn 0.9656 0.2601 -0.0001
vn 0.9655 0.2603 0.0016
vn 0.9656 0.2599 -0.0034
vn 0.9659 0.2590 -0.0000
vn 0.9652 0.2613 0.0042
vn 0.9659 0.2590 0.0001
vn 0.9660 0.2585 -0.0020
vn 0.9655 0.2604 0.0006
vn 0.9655 0.2606 -0.0000
vn 0.9655 0.2605 -0.0001
vn 0.9656 0.2602 0.0025
vn 0.9657 0.2594 0.0098
vn 0.9650 0.2621 -0.0001
vn 0.9653 0.2612 -0.0021
vn 0.9652 0.2615 -0.0000
vn 0.9658 0.2593 -0.0022
vn 0.9655 0.2603 0.0004
vn 0.0810 -0.9958 0.0434
vn 0.0292 -0.9976 0.0626
vn 0.0711 -0.9948 0.0726
vn 0.0452 -0.9965 0.0700
vn 0.0454 -0.9963 0.0736
vn -0.0062 -0.9975 0.0700
vn 0.0270 -0.9977 0.0627
vn -0.0924 -0.9957 0.0014
vn 0.0222 -0.9997 0.0051
vn -0.1999 -0.9796 0.0208
vn 0.0415 -0.9985 0.0351
vn -0.0345 -0.9985 0.0419
vn -0.0626 -0.9967 0.0511
vn 0.1405 -0.9888 -0.0499
vn 0.1402 -0.9881 -0.0636
vn -0.0465 -0.9967 -0.0658
vn -0.2326 -0.9722 -0.0275
vn -0.0942 -0.9952 -0.0251
vn -0.0943 -0.9955 -0.0027
vn -0.0924 -0.9957 -0.0028
vn 0.7418 -0.6706 -0.0000
vn 0.6678 -0.7442 -0.0133
vn 0.6148 -0.7887 -0.0051
vn 0.6975 -0.7166 -0.0012
vn 0.6360 -0.7716 -0.0095
vn 0.5700 -0.8216 -0.0036
vn 0.4973 -0.8676 -0.0000
vn 0.8877 -0.4604 -0.0002
vn 0.8295 -0.5581 0.0201
vn 0.8894 -0.4570 0.0070
vn 0.9229 -0.3851 0.0017
vn 0.9353 -0.3539 -0.0001
vn 0.9348 -0.3551 -0.0000
vn 0.9279 -0.3729 -0.0008
vn 0.8911 -0.4538 -0.0067
vn 0.8877 -0.4604 -0.0076
vn 0.7968 -0.6043 -0.0000
vn 0.4986 -0.8668 -0.0000
vn 0.5711 -0.8209 0.0036
vn 0.6191 -0.7852 0.0079
vn 0.6148 -0.7886 0.0074
vn 0.6680 -0.7442 0.0030
vn 0.7114 -0.7028 0.0008
vn 0.9948 -0.0980 0.0266
vn 0.9930 -0.1109 0.0411
vn 0.9993 -0.0350 -0.0109
vn 0.9986 -0.0528 -0.0034
vn 0.9994 -0.0341 -0.0070
vn 0.9973 -0.0732 -0.0028
vn 0.9935 -0.1139 -0.0003
vn 0.9927 -0.1210 -0.0000
vn 0.9970 -0.0777 0.0020
vn 0.9950 -0.0997 0.0007
vn 0.9978 -0.0661 0.0037
vn 0.9983 -0.0573 0.0045
vn 0.9999 0.0027 0.0113
vn 0.9999 0.0028 0.0113
vn 0.9992 -0.0392 0.0032
vn 0.9976 -0.0692 -0.0036
vn 0.9982 -0.0605 0.0001
vn 0.9962 -0.0860 -0.0165
vn 0.9926 -0.1108 -0.0505
vn 0.6774 -0.7319 -0.0740
vn 0.6963 -0.7141 -0.0725
vn 0.6825 -0.7303 -0.0285
vn 0.6731 -0.7383 -0.0426
vn 0.6832 -0.7281 -0.0556
vn 0.6736 -0.7352 -0.0755
vn 0.6486 -0.7595 -0.0502
vn 0.6753 -0.7375 -0.0034
vn 0.6816 -0.7318 0.0002
vn 0.6767 -0.7362 -0.0062
vn 0.6780 -0.7347 -0.0221
vn 0.6706 -0.7410 -0.0330
vn 0.6867 -0.7256 -0.0431
vn 0.6755 -0.7343 -0.0664
vn 0.6866 -0.7236 -0.0711
vn 0.6761 -0.7332 0.0719
vn 0.6758 -0.7335 0.0721
vn 0.6786 -0.7311 0.0710
vn 0.6700 -0.7416 0.0333
vn 0.6856 -0.7267 0.0429
vn 0.6743 -0.7355 0.0662
vn 0.6846 -0.7255 0.0705
vn 0.6806 -0.7285 0.0782
vn 0.6837 -0.7276 0.0563
vn 0.6730 -0.7384 0.0425
vn 0.6789 -0.7335 0.0339
vn 0.6777 -0.7350 0.0222
vn 0.6810 -0.7322 0.0094
vn 0.6732 -0.7394 0.0027
vn 0.6753 -0.7375 -0.0007
vn 0.5971 -0.8022 -0.0000
vn 0.9797 -0.1773 0.0930
vn 0.9689 -0.2469 0.0163
vn 0.8505 -0.5254 -0.0232
vn 0.8615 -0.5066 -0.0359
vn 0.8480 -0.5294 -0.0233
vn 0.8340 -0.5515 -0.0154
vn 0.8199 -0.5724 -0.0087
vn 0.7948 -0.6068 -0.0017
vn 0.7858 -0.6184 -0.0000
vn 0.7948 -0.6069 0.0017
vn 0.8200 -0.5724 0.0087
vn 0.8341 -0.5514 0.0154
vn 0.8481 -0.5293 0.0234
vn 0.8618 -0.5060 0.0363
vn 0.8505 -0.5254 0.0231
vn 0.9351 -0.3542 -0.0040
vn 0.9554 -0.2952 0.0038
vn 0.9793 -0.1773 -0.0978
vn 0.9697 -0.2435 -0.0172
vn 0.9560 -0.2934 -0.0043
vn 0.9365 -0.3507 0.0046
vn 0.5626 -0.8266 0.0159
vn 0.5891 -0.8080 0.0052
vn 0.6088 -0.7933 -0.0005
vn 0.6069 -0.7948 -0.0000
vn 0.5989 -0.8008 -0.0021
vn 0.5679 -0.8230 -0.0135
vn 0.4350 -0.4538 -0.7777
vn 0.4947 -0.4562 -0.7397
vn 0.3596 -0.4183 -0.8341
vn 0.4083 -0.4200 -0.8105
vn 0.3193 -0.3439 -0.8831
vn 0.3734 -0.3308 -0.8667
vn 0.2400 -0.3082 -0.9206
vn 0.1284 -0.3842 -0.9143
vn -0.0724 0.9962 0.0481
vn 0.3870 0.9221 -0.0000
vn 0.4901 0.8717 0.0001
vn 0.5750 0.8181 -0.0136
vn 0.6637 0.7443 -0.0749
vn 0.2521 0.9640 -0.0849
vn 0.2058 0.9527 -0.2236
vn 0.2622 0.9592 -0.1060
vn -0.9400 -0.3410 0.0070
vn -0.9748 -0.1857 -0.1232
vn -0.9767 -0.2026 -0.0713
vn -0.9999 -0.0139 -0.0079
vn -0.9918 0.1234 0.0334
vn -0.8355 -0.5494 -0.0086
vn -0.7778 -0.6251 -0.0653
vn -0.6922 -0.7217 0.0016
vn -0.5099 -0.8603 -0.0019
vn -0.4084 -0.9113 -0.0525
vn -0.3035 -0.9528 -0.0023
vn -0.0825 -0.9966 0.0022
vn 0.0510 -0.9975 -0.0479
vn 0.1489 -0.9888 -0.0046
vn 0.3761 -0.9266 0.0039
vn 0.4994 -0.8651 -0.0472
vn 0.5814 -0.8136 -0.0052
vn 0.7568 -0.6536 0.0045
vn 0.8383 -0.5430 -0.0489
vn 0.8914 -0.4532 -0.0026
vn 0.9935 -0.1020 -0.0500
vn 0.9872 -0.1582 -0.0177
vn 0.9519 -0.3064 0.0007
vn 0.9551 0.2957 -0.0161
vn 0.9869 0.1615 -0.0000
vn 0.9989 0.0474 -0.0000
vn 0.7130 0.7007 -0.0235
vn 0.8058 0.5921 0.0014
vn 0.9322 0.3617 -0.0101
vn 0.8731 0.4680 -0.1364
vn 0.9114 0.4024 -0.0858
vn 0.0336 0.1175 -0.9925
vn 0.0117 0.0409 -0.9991
vn -0.0116 0.0617 -0.9980
vn -0.0117 0.0613 -0.9981
vn 0.0609 0.2008 -0.9777
vn 0.0473 0.1868 -0.9813
vn 0.0189 0.2034 -0.9789
vn 0.0585 0.2925 -0.9545
vn 0.0453 0.3710 -0.9275
vn 0.0387 0.3604 -0.9320
vn 0.0377 0.3020 -0.9526
vn 0.0447 0.3696 -0.9281
vn 0.0478 0.3742 -0.9261
vn 0.0446 0.3711 -0.9275
vn 0.0412 0.3693 -0.9284
vn 0.0685 0.3699 -0.9265
vn 0.0362 0.3572 -0.9333
vn 0.0428 0.3808 -0.9237
vn 0.0341 0.3579 -0.9331
vn 0.0315 0.3525 -0.9353
vn 0.0219 0.3433 -0.9390
vn 0.0079 0.3478 -0.9375
vn -0.0079 0.3119 -0.9501
vn 0.0401 0.4594 -0.8873
vn -0.0074 0.3878 -0.9217
vn 0.0406 0.3732 -0.9269
vn 0.0082 0.3364 -0.9417
vn 0.0107 0.2834 -0.9589
vn 0.0246 0.2975 -0.9544
vn 0.0143 0.3343 -0.9424
vn 0.0360 0.2723 -0.9615
vn -0.0012 0.1991 -0.9800
vn 0.0064 0.2081 -0.9781
vn 0.0313 0.1940 -0.9805
vn -0.0451 0.0549 -0.9975
vn -0.0305 0.0724 -0.9969
vn -0.0298 0.2273 -0.9734
vn 0.0044 0.2103 -0.9776
vn -0.0371 0.1489 -0.9881
vn -0.0081 0.1318 -0.9912
vn -0.0604 0.0893 -0.9942
vn -0.0170 0.2201 -0.9753
vn 0.0053 0.2525 -0.9676
vn -0.0052 0.2157 -0.9765
vn 0.0178 0.2496 -0.9682
vn 0.0036 0.2887 -0.9574
vn -0.0004 0.2555 -0.9668
vn 0.0112 0.2815 -0.9595
vn 0.0045 0.2563 -0.9666
vn 0.0190 0.2786 -0.9602
vn -0.0025 0.2873 -0.9578
vn 0.0079 0.3070 -0.9517
vn -0.0014 0.3105 -0.9506
vn -0.0128 0.3706 -0.9287
vn -0.0288 0.2615 -0.9648
vn 0.0018 0.3757 -0.9267
vn 0.0018 0.2860 -0.9582
vn 0.0162 0.3042 -0.9525
vn -0.0013 0.3108 -0.9505
vn 0.0096 0.3175 -0.9482
vn -0.0002 0.3392 -0.9407
vn -0.0004 0.3385 -0.9410
vn -0.0101 0.3283 -0.9445
vn -0.0026 0.3256 -0.9455
vn -0.0114 0.3159 -0.9487
vn 0.0043 0.3098 -0.9508
vn -0.0313 0.2435 -0.9694
vn 0.0041 0.2885 -0.9575
vn -0.0085 0.3795 -0.9252
vn 0.0148 0.4248 -0.9052
vn -0.0558 0.2684 -0.9617
vn -0.0302 0.3214 -0.9464
vn -0.0089 0.3693 -0.9293
vn 0.0148 0.4126 -0.9108
vn -0.0155 0.3435 -0.9390
vn 0.0109 0.3860 -0.9224
vn -0.0073 0.3415 -0.9399
vn 0.0237 0.3804 -0.9245
vn -0.0246 0.4366 -0.8993
vn 0.0098 0.5036 -0.8639
vn -0.0705 0.3289 -0.9417
vn -0.0353 0.4040 -0.9141
vn -0.0256 0.4253 -0.9047
vn 0.0091 0.4919 -0.8706
vn -0.0324 0.3989 -0.9164
vn 0.0056 0.4673 -0.8841
vn -0.0246 0.3948 -0.9184
vn 0.0206 0.4650 -0.8851
vn 0.0302 0.5635 -0.8256
vn 0.0414 0.6295 -0.7759
vn 0.0023 0.6131 -0.7900
vn 0.0465 0.6194 -0.7837
vn 0.0342 0.5740 -0.8181
vn 0.0266 0.5546 -0.8317
vn 0.0455 0.5810 -0.8126
vn 0.0394 0.5578 -0.8291
vn 0.0210 0.5366 -0.8436
vn 0.0639 0.6117 -0.7885
vn 0.0693 0.5387 -0.8396
vn 0.0502 0.5247 -0.8498
vn 0.0566 0.5274 -0.8478
vn 0.0040 0.5168 -0.8561
vn 0.0079 0.5209 -0.8536
vn 0.0433 0.5516 -0.8330
vn 0.0050 0.4956 -0.8685
vn 0.0276 0.5158 -0.8562
vn 0.0498 0.4524 -0.8904
vn -0.0296 0.4086 -0.9122
vn -0.0118 0.4210 -0.9070
vn 0.0612 0.3526 -0.9338
vn 0.0537 0.4997 -0.8645
vn 0.0095 0.4909 -0.8712
vn 0.0227 0.4893 -0.8718
vn 0.0503 0.4824 -0.8745
vn 0.0275 0.4281 -0.9033
vn 0.0302 0.4258 -0.9043
vn 0.0041 0.4739 -0.8806
vn 0.0041 0.4738 -0.8806
vn 0.0132 0.5080 -0.8613
vn -0.0123 0.4216 -0.9067
vn -0.0436 0.4395 -0.8972
vn 0.0518 0.4512 -0.8909
vn 0.0144 0.3816 -0.9242
vn -0.0308 0.3485 -0.9368
vn 0.0103 0.3114 -0.9502
vn -0.0762 0.2570 -0.9634
vn -0.0704 0.2578 -0.9636
vn -0.0612 0.2500 -0.9663
vn -0.0569 0.1533 -0.9865
vn -0.0396 0.1404 -0.9893
vn -0.1034 0.0906 -0.9905
vn -0.0825 0.0966 -0.9919
vn -0.0854 0.1413 -0.9863
vn -0.0919 0.0830 -0.9923
vn -0.0753 0.1133 -0.9907
vn -0.0925 0.1675 -0.9815
vn -0.0711 0.2330 -0.9699
vn -0.0898 0.1258 -0.9880
vn -0.0803 0.1588 -0.9840
vn -0.0885 0.1380 -0.9865
vn -0.1090 0.1514 -0.9824
vn -0.0902 0.2236 -0.9705
vn -0.1109 0.2389 -0.9647
vn -0.0401 0.3610 -0.9317
vn -0.0826 0.3299 -0.9404
vn -0.0719 0.2677 -0.9608
vn -0.0739 0.2693 -0.9602
vn -0.0780 0.2383 -0.9681
vn -0.0208 0.4498 -0.8929
vn -0.0065 0.4545 -0.8907
vn -0.0595 0.4216 -0.9048
vn -0.0392 0.3603 -0.9320
vn -0.0081 0.4974 -0.8675
vn -0.0522 0.4736 -0.8792
vn -0.0108 0.5576 -0.8300
vn -0.0505 0.5279 -0.8478
vn -0.0488 0.5812 -0.8123
vn -0.0407 0.5841 -0.8107
vn 0.0235 0.6590 -0.7518
vn 0.0105 0.6542 -0.7563
vn 0.0094 0.6468 -0.7626
vn 0.0238 0.6505 -0.7591
vn 0.0073 0.6333 -0.7739
vn 0.0497 0.6711 -0.7397
vn 0.0080 0.5042 -0.8636
vn -0.0082 0.4527 -0.8916
vn -0.0302 0.5671 -0.8231
vn -0.0615 0.5452 -0.8360
vn -0.0023 0.6056 -0.7958
vn 0.0137 0.6012 -0.7990
vn -0.0090 0.4732 -0.8809
vn -0.0106 0.3983 -0.9172
vn 0.0174 0.4895 -0.8718
vn 0.0364 0.5204 -0.8532
vn 0.0205 0.4631 -0.8861
vn 0.0074 0.4482 -0.8939
vn 0.0027 0.4288 -0.9034
vn -0.0098 0.4478 -0.8941
vn -0.0307 0.4789 -0.8773
vn -0.0148 0.4419 -0.8969
vn -0.0428 0.3327 -0.9421
vn -0.0488 0.3275 -0.9436
vn -0.0330 0.3194 -0.9470
vn 0.4428 0.2989 0.8453
vn 0.1775 0.0794 0.9809
vn 0.3249 0.1920 0.9260
vn 0.3688 0.2132 0.9047
vn 0.4687 0.3026 0.8299
vn 0.4738 0.2944 0.8299
vn 0.4672 0.2940 0.8339
vn 0.3676 0.2150 0.9048
vn 0.3687 0.2132 0.9048
vn 0.7284 0.5725 0.3764
vn 0.5648 0.5116 0.6475
vn 0.6088 0.5599 0.5621
vn 0.6244 0.6637 0.4118
vn 0.5613 0.6094 0.5599
vn 0.5801 0.7435 0.3328
vn 0.5193 0.6844 0.5118
vn 0.4841 0.7835 0.3896
vn 0.4288 0.7231 0.5416
vn 0.0664 0.1194 0.9906
vn 0.0576 0.0973 0.9936
vn 0.1181 0.1774 0.9770
vn 0.0743 0.0951 0.9927
vn 0.1222 0.1454 0.9818
vn 0.0849 0.0897 0.9923
vn 0.1397 0.1382 0.9805
vn 0.0894 0.0815 0.9927
vn 0.1307 0.0948 0.9869
vn 0.4856 0.4439 0.7531
vn 0.5064 0.4662 0.7254
vn 0.4729 0.5003 0.7253
vn 0.4835 0.5136 0.7088
vn 0.4344 0.5559 0.7087
vn 0.4374 0.5604 0.7033
vn 0.3647 0.6105 0.7030
vn 0.0794 0.0274 0.9965
vn 0.2325 0.1441 0.9619
vn 0.3504 0.2139 0.9118
vn 0.3443 0.2236 0.9118
vn 0.5943 0.4030 0.6960
vn 0.5825 0.4024 0.7063
vn 0.1490 0.0880 0.9849
vn 0.1454 0.0937 0.9849
vn 0.1542 0.0982 0.9832
vn 0.2561 0.1962 0.9465
vn 0.2548 0.1981 0.9465
vn 0.0630 0.0478 0.9969
vn 0.1398 0.1180 0.9831
vn 0.2542 0.4210 0.8707
vn 0.2312 0.3737 0.8983
vn 0.2704 0.3464 0.8982
vn 0.2683 0.3433 0.9001
vn 0.2987 0.3171 0.9002
vn 0.2913 0.3082 0.9056
vn 0.3121 0.2870 0.9057
vn 0.2975 0.2719 0.9152
vn 0.3193 0.2465 0.9150
vn 0.5188 0.4051 0.7528
vn 0.4244 0.3251 0.8451
vn 0.7243 0.5694 0.3889
vn 0.5785 0.4080 0.7063
vn -0.0711 0.2330 0.9699
vn -0.0889 0.0812 0.9927
vn -0.0924 0.1677 0.9815
vn -0.0776 0.1571 0.9845
vn -0.0924 0.1282 0.9874
vn -0.0874 0.1238 0.9885
vn -0.0854 0.1413 0.9863
vn -0.0886 0.1380 0.9865
vn -0.1195 0.1581 0.9802
vn -0.0794 0.2155 0.9733
vn -0.0780 0.2383 0.9681
vn -0.0401 0.3610 0.9317
vn -0.0307 0.3678 0.9294
vn -0.1019 0.2933 0.9506
vn -0.0739 0.2694 0.9602
vn -0.1109 0.2389 0.9647
vn -0.0134 0.3398 0.9404
vn -0.0444 0.4457 0.8941
vn -0.0368 0.4507 0.8919
vn -0.0151 0.4815 0.8763
vn -0.0397 0.4826 0.8749
vn -0.0381 0.4516 0.8914
vn 0.0047 0.5271 0.8498
vn -0.0126 0.4797 0.8774
vn -0.0039 0.5062 0.8624
vn -0.0120 0.5123 0.8587
vn -0.0342 0.4785 0.8774
vn -0.0359 0.5048 0.8625
vn -0.0568 0.5196 0.8525
vn -0.0117 0.5582 0.8296
vn -0.0196 0.5449 0.8383
vn 0.0493 0.5689 0.8209
vn 0.0365 0.5430 0.8389
vn 0.0399 0.5857 0.8095
vn 0.0296 0.5602 0.8278
vn 0.0414 0.6296 0.7758
vn 0.0378 0.6281 0.7772
vn 0.0343 0.6226 0.7818
vn 0.0322 0.5915 0.8056
vn 0.0486 0.6287 0.7761
vn 0.0292 0.5461 0.8372
vn 0.0772 0.5540 0.8289
vn 0.0280 0.4983 0.8665
vn 0.0283 0.5508 0.8342
vn 0.0249 0.5406 0.8409
vn 0.0278 0.5621 0.8266
vn -0.0293 0.4548 0.8901
vn 0.0145 0.3908 0.9204
vn 0.0498 0.4530 0.8901
vn 0.0585 0.3776 0.9241
vn 0.0238 0.3846 0.9228
vn -0.0141 0.3737 0.9274
vn 0.0461 0.4821 0.8749
vn 0.0496 0.4807 0.8755
vn 0.0497 0.4807 0.8755
vn -0.0414 0.3580 0.9328
vn 0.0194 0.3852 0.9226
vn -0.0098 0.3640 0.9314
vn 0.0184 0.3891 0.9210
vn 0.0520 0.4516 0.8907
vn -0.0366 0.3537 0.9346
vn -0.0033 0.2663 0.9639
vn -0.0704 0.2578 0.9636
vn -0.0825 0.0966 0.9919
vn -0.0542 0.1046 0.9930
vn -0.0740 0.1662 0.9833
vn -0.0889 0.1773 0.9801
vn -0.0309 0.2243 0.9740
vn 0.0044 0.2103 0.9776
vn -0.0298 0.2273 0.9734
vn -0.0371 0.1489 0.9882
vn -0.0363 0.1485 0.9883
vn -0.0306 0.0721 0.9969
vn 0.0066 0.2090 0.9779
vn 0.0113 0.2819 0.9594
vn 0.0123 0.2523 0.9676
vn 0.0061 0.2554 0.9668
vn -0.0058 0.2137 0.9769
vn -0.0057 0.2582 0.9661
vn -0.0054 0.2581 0.9661
vn 0.0131 0.2856 0.9583
vn 0.0112 0.2815 0.9595
vn -0.0114 0.3160 0.9487
vn -0.0078 0.3147 0.9492
vn 0.0017 0.2855 0.9584
vn 0.0019 0.3758 0.9267
vn -0.0288 0.2616 0.9648
vn -0.0128 0.3706 0.9287
vn 0.0104 0.2823 0.9593
vn 0.0080 0.3073 0.9516
vn 0.0069 0.3078 0.9514
vn 0.0045 0.3289 0.9444
vn -0.0002 0.3392 0.9407
vn 0.0045 0.2891 0.9573
vn -0.0058 0.2761 0.9611
vn 0.0039 0.3085 0.9512
vn -0.0127 0.3145 0.9492
vn 0.0028 0.3237 0.9462
vn -0.0101 0.3283 0.9445
vn -0.0004 0.3385 0.9410
vn 0.0082 0.3364 0.9417
vn 0.0103 0.3845 0.9231
vn -0.0075 0.3408 0.9401
vn 0.0039 0.3881 0.9216
vn -0.0050 0.3679 0.9299
vn 0.0113 0.4137 0.9103
vn -0.0535 0.2678 0.9620
vn -0.0324 0.3219 0.9462
vn -0.0066 0.3788 0.9255
vn 0.0130 0.4253 0.9050
vn -0.0067 0.3896 0.9210
vn 0.0063 0.4690 0.8832
vn -0.0239 0.3965 0.9177
vn -0.0012 0.4692 0.8831
vn -0.0215 0.4240 0.9054
vn 0.0058 0.4928 0.8701
vn -0.0682 0.3285 0.9420
vn -0.0370 0.4044 0.9138
vn -0.0225 0.4359 0.8997
vn 0.0082 0.5042 0.8635
vn 0.0206 0.4650 0.8851
vn 0.0172 0.3805 0.9246
vn 0.0231 0.3787 0.9252
vn 0.0282 0.3295 0.9437
vn 0.0205 0.2792 0.9600
vn 0.0194 0.3161 0.9485
vn 0.0143 0.3343 0.9424
vn 0.0193 0.2797 0.9599
vn 0.0258 0.2313 0.9725
vn 0.0064 0.2082 0.9781
vn 0.0041 0.2094 0.9778
vn 0.0057 0.1154 0.9933
vn -0.0305 0.0724 0.9969
vn 0.0117 0.0408 0.9991
vn 0.0335 0.1171 0.9926
vn -0.0116 0.0616 0.9980
vn 0.0111 0.0486 0.9988
vn 0.0356 0.1746 0.9840
vn 0.0468 0.1862 0.9814
vn 0.0616 0.1782 0.9821
vn 0.0429 0.2996 0.9531
vn 0.0293 0.1973 0.9799
vn 0.0326 0.3679 0.9293
vn 0.0350 0.3692 0.9287
vn 0.0684 0.3699 0.9266
vn 0.0362 0.3573 0.9333
vn 0.0377 0.3019 0.9526
vn 0.0387 0.3604 0.9320
vn 0.0466 0.3730 0.9267
vn 0.0537 0.3796 0.9236
vn 0.0263 0.3418 0.9394
vn 0.0341 0.3580 0.9331
vn 0.0428 0.3808 0.9237
vn -0.0026 0.3102 0.9507
vn -0.0048 0.3518 0.9361
vn -0.0413 0.3289 0.9435
vn -0.0441 0.3226 0.9455
vn -0.0476 0.3380 0.9400
vn -0.0347 0.4466 0.8941
vn -0.0196 0.4760 0.8792
vn -0.0146 0.4429 0.8965
vn -0.0128 0.4524 0.8917
vn -0.0088 0.4463 0.8948
vn -0.0074 0.4526 0.8917
vn -0.0022 0.4329 0.9015
vn 0.0207 0.5247 0.8511
vn 0.0200 0.5406 0.8410
vn 0.0361 0.5948 0.8031
vn 0.0281 0.6681 0.7435
vn -0.0275 0.5144 0.8571
vn 0.0255 0.5979 0.8012
vn -0.0106 0.3984 0.9172
vn 0.0279 0.5227 0.8521
vn 0.0270 0.4866 0.8732
vn 0.0158 0.4458 0.8950
vn 0.0116 0.4656 0.8849
vn 0.0120 0.4674 0.8839
vn 0.0143 0.6591 0.7519
vn 0.0195 0.6436 0.7651
vn 0.0197 0.6442 0.7646
vn 0.0250 0.6291 0.7770
vn 0.0097 0.6594 0.7517
vn 0.0102 0.6601 0.7511
vn 0.0186 0.6449 0.7641
vn 0.0192 0.6502 0.7595
vn 0.0321 0.6447 0.7638
vn 0.0313 0.6361 0.7710
vn -0.0488 0.5812 0.8123
vn -0.0407 0.5841 0.8107
vn -0.1138 0.4993 0.8589
vn -0.1143 0.4922 0.8629
vn -0.1120 0.4431 0.8895
vn -0.0965 0.4814 0.8711
vn -0.1319 0.3874 0.9124
vn -0.0922 0.4043 0.9100
vn -0.0881 0.4282 0.8994
vn -0.0899 0.4278 0.8994
vn -0.1461 0.3197 0.9362
vn -0.1046 0.3680 0.9239
vn -0.1210 0.3419 0.9319
vn -0.0769 0.3931 0.9163
vn -0.1193 0.2223 0.9676
vn -0.0888 0.3182 0.9438
vn -0.1119 0.2875 0.9512
vn -0.1089 0.2930 0.9499
vn -0.1576 0.2221 0.9622
vn -0.0978 0.2068 0.9735
vn -0.1112 0.0845 0.9902
vn -0.1098 0.1893 0.9758
vn -0.0554 0.2474 0.9673
vn -0.1457 0.0965 0.9846
vn -0.0608 0.0524 0.9968
vn -0.0439 0.0480 0.9979
vn -0.0597 0.0233 0.9979
vn -0.2755 -0.4402 0.8546
vn -0.0409 0.0536 0.9977
vn -0.0536 0.0208 0.9983
vn -0.0303 0.0654 0.9974
vn -0.0381 0.0149 0.9992
vn -0.0001 0.0545 0.9985
vn 0.0001 0.0548 0.9985
vn -0.0126 0.0049 0.9999
vn -0.0012 0.0005 1.0000
vn 0.0142 0.0469 0.9988
vn -0.0027 0.0019 1.0000
vn -0.0025 0.0012 1.0000
vn 0.0010 0.0336 0.9994
vn 0.0142 0.0470 0.9988
vn 0.0024 0.0090 1.0000
vn -0.0002 0.0055 1.0000
vn -0.0010 0.0052 1.0000
vn -0.0000 0.0010 1.0000
vn -0.0046 0.0018 1.0000
vn -0.0029 0.0003 1.0000
vn -0.0015 0.0006 1.0000
vn -0.0004 0.0002 1.0000
vn -0.0393 -0.0019 0.9992
vn -0.0408 -0.0042 0.9992
vn -0.0423 -0.0036 0.9991
vn -0.0433 -0.0034 0.9991
vn -0.0372 -0.0018 0.9993
vn -0.0379 -0.0004 0.9993
vn -0.0305 0.0014 0.9995
vn -0.0328 0.0034 0.9995
vn -0.0282 0.0043 0.9996
vn -0.0355 0.0070 0.9993
vn -0.0325 0.0060 0.9995
vn 0.0065 0.0058 1.0000
vn -0.0312 0.0067 0.9995
vn -0.0296 0.0016 0.9996
vn -0.0337 0.0068 0.9994
vn -0.0300 0.0046 0.9995
vn -0.0321 0.0056 0.9995
vn -0.0316 0.0054 0.9995
vn -0.0176 0.0065 0.9998
vn -0.0115 0.0043 0.9999
vn -0.0103 0.0041 0.9999
vn -0.1464 0.8223 0.5499
vn -0.1027 0.1253 0.9868
vn -0.0915 -0.0125 0.9957
vn -0.1170 0.8377 0.5335
vn -0.1416 0.8199 0.5548
vn -0.1326 0.6462 0.7515
vn -0.1404 0.6312 0.7628
vn -0.1220 0.3962 0.9100
vn -0.1273 0.3833 0.9148
vn -0.1018 0.1245 0.9870
vn -0.1019 0.1244 0.9870
vn -0.0924 -0.0045 0.9957
vn -0.1176 -0.0081 0.9930
vn -0.1171 -0.0161 0.9930
vn -0.1432 0.0907 0.9855
vn -0.3686 0.7627 0.5315
vn -0.3386 0.6131 0.7138
vn -0.3171 0.5772 0.7525
vn -0.2515 0.3626 0.8974
vn -0.2390 0.3427 0.9085
vn -0.1418 0.0835 0.9864
vn -0.1225 0.1088 0.9865
vn -0.3842 0.7915 0.4753
vn -0.4460 0.7676 0.4603
vn -0.4480 0.7667 0.4599
vn -0.1626 0.8202 0.5485
vn -0.1660 0.8195 0.5485
vn -0.1244 0.1213 0.9848
vn -0.1792 0.3758 0.9092
vn -0.1740 0.3640 0.9150
vn -0.2204 0.6189 0.7539
vn -0.2165 0.6099 0.7624
vn -0.2418 0.7963 0.5545
vn -0.2438 0.8005 0.5475
vn -0.4862 0.7766 0.4007
vn -0.4620 0.7748 0.4315
vn -0.1591 0.0842 0.9837
vn -0.4492 0.7660 0.4598
vn -0.4111 0.6085 0.6787
vn -0.3865 0.5898 0.7090
vn -0.2972 0.3589 0.8848
vn -0.2828 0.3471 0.8942
vn -0.1587 0.0862 0.9836
vn -0.1552 0.0847 0.9842
vn -0.6254 0.7308 0.2733
vn -0.1819 0.0823 0.9799
vn -0.1713 0.0853 0.9815
vn -0.1636 0.0828 0.9830
vn -0.1616 0.0828 0.9834
vn -0.1826 0.0826 0.9797
vn -0.4159 0.3177 0.8521
vn -0.3030 0.1798 0.9359
vn -0.7159 0.6546 0.2430
vn -0.7249 0.6623 0.1894
vn -0.7200 0.6095 0.3318
vn -0.6642 0.5344 0.5228
vn -0.6077 0.5179 0.6021
vn -0.5691 0.4389 0.6954
vn -0.4354 0.3244 0.8398
vn -0.5663 0.7325 0.3778
vn -0.6617 0.6998 0.2691
vn -0.6677 0.6446 0.3724
vn -0.5913 0.5442 0.5952
vn -0.5884 0.5383 0.6033
vn -0.4124 0.3342 0.8475
vn -0.4076 0.3267 0.8527
vn -0.1735 0.0753 0.9820
vn -0.1488 0.0772 0.9859
vn -0.1406 0.0440 0.9891
vn -0.1801 0.0838 0.9801
vn -0.1858 0.0996 0.9775
vn -0.3596 0.3782 0.8530
vn -0.3417 0.3332 0.8788
vn -0.4978 0.6215 0.6049
vn -0.4836 0.5652 0.6683
vn -0.5454 0.7079 0.4487
vn -0.5116 0.7617 0.3976
vn -0.2244 0.9595 -0.1705
vn -0.1961 0.9758 0.0968
vn -0.1969 0.9804 0.0056
vn -0.1068 0.9942 -0.0118
vn -0.0957 0.9922 -0.0802
vn -0.0660 0.9964 0.0528
vn -0.0577 0.9983 -0.0027
vn -0.0169 0.9999 0.0002
vn -0.0178 0.9998 -0.0001
vn -0.0091 1.0000 -0.0001
vn 0.0245 0.9997 -0.0092
vn 0.0219 0.9997 0.0059
vn 0.0682 0.9977 -0.0027
vn 0.0771 0.9969 0.0133
vn 0.1516 0.9884 0.0051
vn 0.0724 0.9969 0.0315
vn 0.1350 0.9901 -0.0393
vn 0.1192 0.9928 0.0136
vn 0.1540 0.9879 -0.0166
vn 0.1506 0.9886 -0.0057
vn 0.1500 0.9887 0.0068
vn 0.1724 0.9850 -0.0059
vn 0.1748 0.9846 0.0026
vn 0.1858 0.9826 -0.0019
vn 0.1917 0.9815 0.0008
vn 0.1915 0.9815 0.0006
vn 0.1969 0.9804 -0.0005
vn 0.1976 0.9803 0.0001
vn 0.1976 0.9803 -0.0002
vn 0.1911 0.9816 0.0003
vn 0.1156 0.9933 0.0056
vn 0.1243 0.9922 -0.0059
vn 0.1247 0.9922 0.0014
vn 0.1477 0.9890 -0.0012
vn 0.1482 0.9889 0.0039
vn 0.1545 0.9880 -0.0040
vn 0.1585 0.9874 0.0013
vn 0.1762 0.9844 -0.0008
vn 0.1756 0.9845 0.0003
vn 0.1904 0.9817 -0.0002
vn 0.1916 0.9815 -0.0008
vn 0.0902 0.9959 -0.0022
vn 0.0735 0.9973 0.0019
vn 0.0658 0.9978 0.0108
vn 0.0226 0.9997 -0.0128
vn 0.0111 0.9999 0.0065
vn -0.0056 1.0000 -0.0001
vn -0.0363 0.9993 0.0003
vn -0.0569 0.9982 -0.0168
vn -0.0988 0.9945 0.0350
vn -0.1179 0.9930 0.0065
vn -0.1812 0.9834 -0.0058
vn -0.1859 0.9825 -0.0109
vn -0.2481 0.9676 0.0480
vn 0.9999 0.0125 0.0002
vn -0.0003 -0.0000 1.0000
vn -0.0003 0.0002 1.0000
vn 0.0264 0.0022 0.9996
vn 0.0278 0.0013 0.9996
vn 0.0212 0.0013 0.9998
vn 0.0233 -0.0200 0.9995
vn 0.0174 -0.0012 0.9998
vn 0.0129 -0.0015 0.9999
vn 0.0116 -0.0033 0.9999
vn 0.0077 0.0075 0.9999
vn 0.0020 -0.0008 1.0000
vn 0.0429 0.0106 0.9990
vn 0.0531 -0.0086 0.9986
vn 0.0261 0.0191 0.9995
vn 0.0334 0.0004 0.9994
vn 0.0251 0.0021 0.9997
vn 0.0652 0.0216 0.9976
vn 0.0684 0.0397 0.9969
vn 0.0554 0.0530 0.9971
vn 0.0578 0.0596 0.9965
vn 0.0884 0.0061 0.9961
vn 0.0507 0.0628 0.9967
vn 0.0566 0.0590 0.9967
vn 0.0557 0.0483 0.9973
vn 0.0538 0.0462 0.9975
vn 0.0543 0.0469 0.9974
vn 0.0578 0.0448 0.9973
vn 0.0589 0.0457 0.9972
vn 0.0613 0.0443 0.9971
vn 0.0624 0.0453 0.9970
vn 0.0662 0.0413 0.9969
vn 0.0689 0.0400 0.9968
vn 0.0341 0.0629 0.9974
vn 0.0853 0.1567 0.9840
vn 0.1435 0.0869 0.9858
vn 0.1424 0.1232 0.9821
vn 0.1210 0.1278 0.9844
vn 0.0955 0.0938 0.9910
vn 0.1153 0.0806 0.9901
vn 0.0937 0.0850 0.9920
vn 0.0966 0.0857 0.9916
vn 0.1091 0.0828 0.9906
vn 0.0922 0.0961 0.9911
vn 0.1137 0.0911 0.9893
vn 0.1246 0.0966 0.9875
vn 0.1355 0.0883 0.9868
vn 0.1515 0.0962 0.9838
vn 0.1665 0.0874 0.9822
vn 0.1729 0.0954 0.9803
vn 0.1851 0.0922 0.9784
vn 0.1968 0.0979 0.9755
vn 0.1998 0.1063 0.9740
vn 0.2546 0.0617 0.9651
vn 0.2658 0.1589 0.9509
vn 0.2608 0.1099 0.9591
vn 0.3289 0.0468 0.9432
vn 0.3335 0.0561 0.9411
vn 0.3743 0.0575 0.9255
vn 0.3840 0.0699 0.9207
vn 0.4242 0.0203 0.9054
vn 0.4672 0.0583 0.8823
vn 0.4830 0.0267 0.8752
vn 0.5378 -0.0071 0.8430
vn 0.6196 -0.1809 0.7638
vn 0.5767 0.1555 0.8020
vn 0.6855 -0.0712 0.7246
vn 0.7179 -0.0699 0.6927
vn 0.7503 -0.0891 0.6551
vn 0.7912 -0.0317 0.6107
vn 0.8149 -0.2080 0.5410
vn 0.8862 -0.0782 0.4567
vn 0.8869 -0.0851 0.4542
vn 0.8952 -0.2343 0.3791
vn 0.9428 -0.1311 0.3066
vn 0.9361 -0.2220 0.2728
vn 0.9511 -0.2210 0.2159
vn 0.9682 -0.1683 0.1849
vn 0.9358 -0.3249 0.1366
vn 0.9590 -0.2591 0.1146
vn 0.9810 -0.1829 0.0653
vn 0.9546 -0.2955 0.0387
vn 0.9678 -0.2501 0.0276
vn 0.0690 0.0400 -0.9968
vn 0.0642 0.0424 -0.9970
vn 0.0626 0.0466 -0.9969
vn 0.0591 0.0454 -0.9972
vn 0.0533 0.0503 -0.9973
vn 0.0515 0.0483 -0.9975
vn 0.0491 0.0471 -0.9977
vn 0.0439 0.0544 -0.9976
vn 0.0664 0.0700 -0.9953
vn 0.1646 0.0796 -0.9831
vn 0.1046 0.1058 -0.9889
vn 0.1240 0.1338 -0.9832
vn 0.1256 0.1378 -0.9825
vn 0.1545 0.1308 -0.9793
vn 0.1064 0.1414 -0.9842
vn 0.1212 0.0662 -0.9904
vn 0.1077 0.0841 -0.9906
vn 0.0886 0.0888 -0.9921
vn 0.0898 0.0889 -0.9920
vn 0.1028 0.0860 -0.9910
vn 0.1010 0.0901 -0.9908
vn 0.1137 0.0907 -0.9894
vn 0.1336 0.0891 -0.9870
vn 0.1368 0.0792 -0.9874
vn 0.1498 0.0943 -0.9842
vn 0.1845 0.0957 -0.9782
vn 0.1795 0.1259 -0.9757
vn 0.1673 0.0907 -0.9817
vn 0.2535 0.1128 -0.9607
vn 0.2531 0.0915 -0.9631
vn 0.2204 0.0870 -0.9715
vn 0.4894 0.0992 -0.8664
vn 0.4270 0.0208 -0.9040
vn 0.3791 0.0606 -0.9234
vn 0.3766 0.0568 -0.9246
vn 0.3323 0.0551 -0.9416
vn 0.3291 0.0482 -0.9431
vn 0.2884 0.0826 -0.9539
vn 0.6154 -0.0103 -0.7881
vn 0.5992 -0.0560 -0.7987
vn 0.5315 -0.0015 -0.8470
vn 0.4652 0.0018 -0.8852
vn 0.8474 -0.1982 -0.4927
vn 0.7458 -0.0274 -0.6656
vn 0.7496 -0.2310 -0.6203
vn 0.7058 -0.0817 -0.7037
vn 0.9244 -0.1622 -0.3453
vn 0.9066 -0.2163 -0.3624
vn 0.8519 -0.0938 -0.5152
vn 0.9678 -0.2501 -0.0290
vn 0.9537 -0.2984 -0.0370
vn 0.9730 -0.2166 -0.0792
vn 0.9664 -0.2401 -0.0915
vn 0.9621 -0.2390 -0.1313
vn 0.9548 -0.2619 -0.1408
vn 0.9626 -0.1692 -0.2118
vn 0.9668 -0.1501 -0.2068
vn 0.9404 -0.2159 -0.2629
vn 0.2911 -0.5345 -0.7935
vn 0.4197 -0.5484 -0.7233
vn 0.4198 -0.5482 -0.7234
vn 0.2703 -0.5316 -0.8027
vn 0.3989 -0.5552 -0.7299
vn 0.3984 -0.5551 -0.7301
vn 0.4240 -0.5705 -0.7034
vn 0.3407 -0.5656 -0.7510
vn 0.3305 -0.5528 -0.7650
vn 0.3881 -0.5041 -0.7715
vn 0.4381 -0.5087 -0.7412
vn 0.4064 -0.5205 -0.7509
vn 0.3635 -0.5159 -0.7757
vn 0.3606 -0.5429 -0.7584
vn 0.3887 -0.4465 -0.8059
vn 0.2829 -0.4996 -0.8187
vn 0.4070 -0.5080 -0.7591
vn 0.3147 -0.5259 -0.7902
vn 0.3615 -0.5363 -0.7627
vn 0.2992 -0.5359 -0.7895
vn 0.3073 -0.5362 -0.7862
vn 0.2823 -0.4781 -0.8317
vn 0.2689 -0.5364 -0.8000
vn 0.2641 -0.5466 -0.7947
vn 0.2762 -0.5322 -0.8003
vn 0.2797 -0.5365 -0.7962
vn 0.2822 -0.5414 -0.7920
vn 0.2792 -0.5329 -0.7988
vn 0.2912 -0.5667 -0.7707
vn 0.2903 -0.5817 -0.7598
vn 0.1275 -0.7515 -0.6473
vn 0.0348 -0.9408 -0.3371
vn -0.0819 -0.9966 0.0118
vn 0.2809 -0.4336 -0.8562
vn 0.2917 -0.5345 -0.7932
vn 0.3152 -0.4913 -0.8120
vn 0.3127 -0.5376 -0.7831
vn 0.2931 -0.5618 -0.7736
vn 0.2903 -0.5828 -0.7590
vn 0.3556 -0.5428 -0.7609
vn 0.2978 -0.4626 -0.8351
vn 0.3011 -0.5358 -0.7888
vn 0.7409 -0.5142 -0.4320
vn 0.7189 -0.5022 -0.4806
vn 0.4223 -0.4999 -0.7561
vn 0.3901 -0.4664 -0.7939
vn 0.4010 -0.4942 -0.7714
vn 0.9616 -0.2716 -0.0387
vn 0.9642 -0.2627 -0.0371
vn 0.9367 -0.1654 -0.3086
vn 0.8537 -0.3813 -0.3548
vn 0.9303 -0.2563 -0.2625
vn 0.9388 -0.2561 -0.2302
vn 0.9460 -0.2493 -0.2072
vn 0.9271 -0.3435 -0.1499
vn 0.9407 -0.3088 -0.1404
vn 0.9619 -0.2576 -0.0915
vn 0.8730 -0.2452 -0.4215
vn 0.8526 -0.2332 -0.4676
vn 0.8382 -0.1789 -0.5152
vn 0.8185 -0.2149 -0.5327
vn 0.7609 -0.2259 -0.6083
vn 0.7315 -0.1507 -0.6650
vn 0.6916 -0.2118 -0.6906
vn 0.6030 -0.1777 -0.7777
vn 0.5926 -0.1341 -0.7943
vn 0.5342 -0.1754 -0.8269
vn 0.4908 -0.1554 -0.8573
vn 0.4706 -0.1814 -0.8635
vn 0.4340 -0.1418 -0.8897
vn 0.3982 -0.1686 -0.9017
vn 0.4003 -0.1645 -0.9015
vn 0.3596 -0.1282 -0.9243
vn 0.3515 -0.1441 -0.9250
vn 0.3398 -0.1398 -0.9300
vn 0.3204 -0.1340 -0.9378
vn 0.3229 -0.1170 -0.9392
vn 0.3087 -0.1497 -0.9393
vn 0.3106 -0.1423 -0.9398
vn 0.2968 -0.1375 -0.9450
vn 0.2956 -0.1432 -0.9445
vn 0.2928 -0.1422 -0.9455
vn 0.2904 -0.1481 -0.9454
vn 0.2976 -0.1517 -0.9426
vn 0.3025 -0.1699 -0.9379
vn 0.3313 -0.1755 -0.9270
vn 0.3641 -0.1933 -0.9111
vn 0.5007 -0.3149 -0.8063
vn 0.7067 -0.4973 -0.5033
vn 0.7406 -0.5841 -0.3321
vn 0.6513 -0.5884 -0.4793
vn 0.6566 -0.6028 -0.4534
vn 0.5330 -0.5593 -0.6349
vn 0.6197 -0.4468 -0.6453
vn 0.6675 -0.4743 -0.5740
vn 0.5881 -0.3672 -0.7206
vn 0.5847 -0.3675 -0.7232
vn 0.5496 -0.5999 -0.5814
vn 0.4667 -0.4681 -0.7504
vn 0.4631 -0.4874 -0.7403
vn 0.6184 -0.4856 -0.6178
vn 0.5996 -0.4895 -0.6332
vn 0.5594 -0.4739 -0.6801
vn 0.5667 -0.4962 -0.6578
vn 0.5220 -0.5130 -0.6814
vn 0.3576 -0.2299 -0.9051
vn 0.3599 -0.2201 -0.9067
vn 0.3988 -0.2247 -0.8891
vn 0.4779 -0.3306 -0.8138
vn 0.4717 -0.2892 -0.8330
vn 0.5812 -0.4155 -0.6997
vn 0.5845 -0.4261 -0.6905
vn 0.3901 -0.4664 0.7939
vn 0.3989 -0.4887 0.7760
vn 0.5522 -0.6044 0.5743
vn 0.5716 -0.6604 0.4870
vn 0.5652 -0.5734 0.5931
vn 0.6587 -0.6060 0.4460
vn 0.6502 -0.5827 0.4875
vn 0.7437 -0.5885 0.3172
vn 0.6197 -0.4468 0.6453
vn 0.6675 -0.4743 0.5741
vn 0.3782 -0.2062 0.9025
vn 0.5744 -0.3841 0.7228
vn 0.5925 -0.3726 0.7142
vn 0.7096 -0.4911 0.5053
vn 0.7073 -0.4893 0.5101
vn 0.3622 -0.2114 0.9078
vn 0.3109 -0.1731 0.9345
vn 0.3167 -0.1730 0.9326
vn 0.3079 -0.1688 0.9363
vn 0.2880 -0.1487 0.9460
vn 0.2971 -0.1515 0.9428
vn 0.2862 -0.1404 0.9478
vn 0.2974 -0.1443 0.9438
vn 0.2954 -0.1428 0.9446
vn 0.2988 -0.1384 0.9442
vn 0.3174 -0.1388 0.9381
vn 0.2995 -0.1074 0.9480
vn 0.3273 -0.1359 0.9351
vn 0.4796 -0.1912 0.8564
vn 0.4316 -0.1389 0.8913
vn 0.4005 -0.1684 0.9007
vn 0.3964 -0.1615 0.9037
vn 0.3472 -0.1177 0.9304
vn 0.3618 -0.1473 0.9205
vn 0.3385 -0.1392 0.9306
vn 0.4714 -0.1682 0.8657
vn 0.5352 -0.1655 0.8283
vn 0.5740 -0.1213 0.8098
vn 0.5997 -0.1990 0.7751
vn 0.6694 -0.1884 0.7186
vn 0.6654 -0.1795 0.7245
vn 0.7235 -0.2397 0.6474
vn 0.7129 -0.1795 0.6779
vn 0.7840 -0.2594 0.5640
vn 0.8182 -0.1927 0.5416
vn 0.8503 -0.2418 0.4674
vn 0.8586 -0.2387 0.4537
vn 0.8738 -0.2425 0.4215
vn 0.9018 -0.2068 0.3796
vn 0.8836 -0.3838 0.2682
vn 0.9170 -0.2512 0.3098
vn 0.9387 -0.2566 0.2302
vn 0.9430 -0.2532 0.2158
vn 0.9366 -0.3166 0.1500
vn 0.9556 -0.2607 0.1373
vn 0.9641 -0.2625 0.0387
vn 0.9641 -0.2627 0.0387
vn 0.5438 -0.4676 0.6969
vn 0.5746 -0.4929 0.6533
vn 0.5220 -0.5130 0.6814
vn 0.4667 -0.4681 0.7504
vn 0.4631 -0.4873 0.7403
vn 0.4223 -0.4999 0.7561
vn 0.5996 -0.4895 0.6332
vn 0.6184 -0.4856 0.6178
vn 0.5845 -0.4261 0.6905
vn 0.5687 -0.3781 0.7305
vn 0.4751 -0.3113 0.8230
vn 0.4722 -0.2927 0.8315
vn 0.3717 -0.2219 0.9014
vn 0.3602 -0.2205 0.9065
vn 0.3197 -0.4639 0.8262
vn 0.3011 -0.5358 0.7888
vn 0.3011 -0.5359 0.7888
vn 0.2823 -0.4781 0.8317
vn 0.2931 -0.5618 0.7736
vn 0.3127 -0.5376 0.7831
vn 0.3152 -0.4913 0.8120
vn 0.0274 -0.9502 0.3105
vn 0.1247 -0.7625 0.6349
vn 0.3419 -0.4382 0.8313
vn 0.2562 -0.5288 0.8091
vn -0.0805 -0.9967 -0.0079
vn 0.2689 -0.5365 0.8000
vn 0.2903 -0.5829 0.7589
vn 0.2904 -0.5818 0.7598
vn 0.2924 -0.5333 0.7937
vn 0.2911 -0.5667 0.7708
vn 0.2822 -0.5413 0.7921
vn 0.2775 -0.5324 0.7997
vn 0.2728 -0.5364 0.7987
vn 0.2642 -0.5465 0.7947
vn 0.3615 -0.5430 0.7580
vn 0.2908 -0.5344 0.7936
vn 0.4021 -0.5470 0.7342
vn 0.4177 -0.5564 0.7183
vn 0.4273 -0.5569 0.7122
vn 0.3927 -0.5692 0.7224
vn 0.3173 -0.5633 0.7629
vn 0.3453 -0.5530 0.7582
vn 0.4197 -0.5484 0.7233
vn 0.3634 -0.5159 0.7757
vn 0.4351 -0.5230 0.7329
vn 0.4071 -0.5061 0.7604
vn 0.3881 -0.5041 0.7715
vn 0.2675 -0.4345 0.8600
vn 0.3880 -0.5073 0.7695
vn 0.3086 -0.5021 0.8079
vn 0.4048 -0.5446 0.7345
vn 0.2944 -0.5210 0.8012
vn 0.3614 -0.5377 0.7617
vn 0.3073 -0.5362 0.7861
vn 0.2706 -0.5317 0.8025
vn 0.3111 -0.5373 0.7839
vn 0.3120 -0.5468 0.7770
vn 0.3091 -0.5440 0.7801
vn 0.2707 -0.5262 0.8061
vn 0.2907 -0.5343 0.7937
vn 0.2576 -0.3948 0.8819
vn 0.2022 -0.3951 0.8961
vn 0.2962 -0.5146 0.8046
vn 0.3127 -0.5425 0.7797
vn 0.3128 -0.5425 0.7797
vn 0.3091 -0.5370 0.7849
vn 0.3158 -0.5419 0.7788
vn 0.2879 -0.5320 0.7963
vn 0.2952 -0.5112 0.8071
vn 0.2595 -0.5048 0.8233
vn 0.2605 -0.5081 0.8209
vn 0.2557 -0.4737 0.8428
vn 0.3048 -0.5144 0.8016
vn 0.3186 -0.5418 0.7778
vn 0.3063 -0.5578 0.7714
vn 0.0657 -0.6824 0.7280
vn 0.1814 -0.3762 0.9086
vn 0.2599 -0.7405 0.6198
vn 0.3119 -0.5778 0.7543
vn 0.3240 -0.7094 0.6260
vn 0.1760 -0.3921 0.9029
vn 0.1955 -0.3684 0.9089
vn 0.1776 -0.3907 0.9032
vn 0.1796 -0.5964 0.7823
vn 0.3960 -0.4858 0.7792
vn 0.3609 -0.5163 0.7766
vn 0.1317 -0.2962 0.9460
vn 0.1319 -0.3016 0.9443
vn 0.1355 -0.3154 0.9392
vn 0.1330 -0.3168 0.9391
vn 0.1529 -0.3535 0.9228
vn 0.1600 -0.2980 0.9411
vn 0.1153 -0.2987 0.9473
vn 0.1299 -0.2968 0.9460
vn 0.2735 -0.3129 0.9096
vn 0.0686 -0.6448 0.7612
vn -0.0132 -0.6755 0.7372
vn 0.1649 -0.5495 0.8191
vn 0.0742 -0.6676 0.7408
vn 0.1140 -0.6390 0.7608
vn 0.0958 -0.5720 0.8146
vn 0.1030 -0.4139 0.9045
vn 0.1193 -0.3995 0.9089
vn 0.1016 -0.4224 0.9007
vn 0.1358 -0.6465 0.7508
vn 0.3238 -0.5527 0.7679
vn 0.1259 -0.4118 0.9025
vn -0.0997 -0.3128 0.9446
vn -0.0201 -0.3489 0.9370
vn 0.1389 -0.4101 0.9014
vn 0.0694 -0.3366 0.9391
vn 0.0894 -0.3571 0.9298
vn 0.2266 -0.3870 0.8938
vn 0.1667 -0.4289 0.8878
vn 0.1576 -0.6495 0.7438
vn 0.1652 -0.6455 0.7457
vn 0.1641 -0.6520 0.7403
vn 0.1510 -0.6579 0.7378
vn 0.1802 -0.4093 0.8944
vn 0.2055 -0.3974 0.8944
vn 0.2031 -0.3423 0.9174
vn 0.2229 -0.3153 0.9224
vn 0.2102 -0.3070 0.9282
vn 0.3238 -0.7090 0.6264
vn 0.2425 -0.6863 0.6857
vn 0.2499 -0.6101 0.7518
vn 0.1616 -0.6515 0.7412
vn 0.1805 -0.3934 0.9015
vn 0.1578 -0.4032 0.9014
vn 0.1638 -0.3241 0.9317
vn 0.1532 -0.3283 0.9321
vn 0.1570 -0.2978 0.9416
vn 0.1702 -0.2943 0.9404
vn 0.2914 -0.3168 0.9026
vn 0.1066 -0.0382 0.9936
vn 0.4436 -0.1840 0.8771
vn 0.3694 -0.1980 0.9079
vn 0.3086 -0.2438 0.9194
vn 0.0148 -0.0049 0.9999
vn 0.0146 -0.0058 0.9999
vn 0.0148 -0.0058 0.9999
vn 0.0156 -0.0020 0.9999
vn 0.0158 -0.0008 0.9999
vn 0.0675 -0.0263 0.9974
vn -0.0004 0.0001 1.0000
vn 0.1107 -0.2464 0.9628
vn -0.0352 -0.1100 0.9933
vn -0.0074 -0.2099 0.9777
vn -0.0435 -0.2466 0.9681
vn 0.0471 -0.3309 0.9425
vn 0.0483 -0.3309 0.9424
vn -0.0461 -0.6097 0.7913
vn 0.0126 -0.5585 0.8294
vn 0.0633 -0.4008 0.9140
vn 0.0457 -0.4083 0.9117
vn 0.0545 -0.3814 0.9228
vn 0.0620 -0.6047 0.7941
vn -0.0079 -0.6768 0.7361
vn -0.0025 -0.6549 0.7557
vn -0.0212 -0.6665 0.7452
vn -0.0172 -0.6598 0.7512
vn -0.4138 -0.3750 0.8295
vn 0.0665 -0.5781 0.8133
vn 0.1450 -0.4712 0.8700
vn 0.2070 -0.4113 0.8877
vn 0.2070 -0.3815 0.9009
vn 0.3010 -0.3063 0.9031
vn 0.3061 -0.3279 0.8937
vn 0.3791 -0.2781 0.8826
vn 0.3859 -0.2835 0.8779
vn 0.3003 -0.1932 0.9341
vn 0.2707 -0.1824 0.9452
vn 0.3286 -0.1303 0.9354
vn 0.3453 -0.1265 0.9299
vn 0.1758 -0.3261 0.9289
vn 0.1977 -0.2142 0.9566
vn 0.2662 -0.1323 0.9548
vn 0.1920 -0.1076 0.9755
vn 0.2229 -0.0710 0.9722
vn 0.2257 -0.0700 0.9717
vn -0.1148 -0.5205 0.8461
vn 0.0199 -0.0681 0.9975
vn 0.0979 -0.1243 0.9874
vn -0.1501 -0.1779 0.9725
vn 0.0012 -0.2286 0.9735
vn -0.0437 -0.2945 0.9546
vn 0.0158 -0.0047 0.9999
vn 0.0300 -0.0567 0.9979
vn 0.0489 -0.0094 0.9988
vn 0.0917 -0.0039 0.9958
vn 0.0682 -0.0340 0.9971
vn 0.1887 -0.0740 0.9792
vn 0.1347 -0.1484 0.9797
vn 0.2134 -0.1804 0.9602
vn 0.1499 -0.2667 0.9520
vn -0.0398 -0.4285 0.9027
vn -0.0742 -0.4640 0.8827
vn 0.0032 -0.3090 0.9511
vn 0.0332 -0.2693 0.9625
vn 0.0005 -0.3815 0.9244
vn 0.0399 -0.3224 0.9457
vn -0.0840 -0.6018 0.7942
vn -0.0225 -0.5406 0.8410
vn -0.0681 -0.6101 0.7894
vn 0.0168 -0.5339 0.8454
vn -0.0038 -0.5605 0.8282
vn 0.0641 -0.5045 0.8610
vn 0.1601 -0.3868 0.9082
vn 0.2224 -0.3497 0.9101
vn 0.2750 -0.2952 0.9150
vn 0.3702 -0.2678 0.8895
vn 0.3595 -0.2751 0.8917
vn 0.5232 -0.2314 0.8202
vn 0.1201 -0.1367 0.9833
vn 0.4109 -0.2020 0.8890
vn 0.1159 -0.0704 0.9908
vn 0.0212 -0.0222 0.9995
vn 0.0112 -0.0137 0.9998
vn 0.0111 -0.0137 0.9998
vn 0.0110 -0.0138 0.9998
vn 0.0537 -0.0477 0.9974
vn 0.0339 -0.0333 0.9989
vn 0.0032 -0.0232 0.9997
vn -0.0151 -0.0207 0.9997
vn 0.0271 -0.0251 0.9993
vn -0.0021 -0.0048 1.0000
vn -0.0120 0.0013 0.9999
vn 0.2069 -0.0883 0.9744
vn 0.2154 -0.1178 0.9694
vn 0.2913 -0.1633 0.9426
vn 0.2290 -0.3274 0.9167
vn 0.3164 -0.2891 0.9035
vn 0.2922 -0.3142 0.9033
vn 0.3640 -0.3171 0.8757
vn 0.3668 -0.3142 0.8756
vn 0.0545 -0.0781 0.9955
vn 0.0942 -0.1004 0.9905
vn 0.0582 -0.1146 0.9917
vn 0.1253 -0.1605 0.9790
vn 0.1120 -0.1640 0.9801
vn 0.1521 -0.2122 0.9653
vn 0.1652 -0.2156 0.9624
vn 0.1910 -0.2607 0.9463
vn 0.2600 -0.2741 0.9259
vn 0.0912 -0.0567 0.9942
vn 0.0708 -0.0857 0.9938
vn 0.0491 -0.0329 0.9983
vn 0.0935 -0.0039 0.9956
vn 0.0177 -0.1525 0.9882
vn 0.2724 -0.1471 0.9509
vn 0.2917 -0.1676 0.9417
vn 0.2161 -0.1798 0.9597
vn 0.1539 -0.1409 0.9780
vn 0.1303 -0.1128 0.9850
vn 0.1062 -0.1058 0.9887
vn 0.0576 -0.0702 0.9959
vn 0.0678 -0.0754 0.9948
vn 0.0340 -0.0428 0.9985
vn 0.0358 -0.0441 0.9984
vn 0.0120 -0.0144 0.9998
vn -0.0041 0.0002 1.0000
vn 0.0254 -0.0372 0.9990
vn 0.0351 -0.0465 0.9983
vn 0.0654 -0.0931 0.9935
vn 0.0669 -0.0941 0.9933
vn 0.1140 -0.1489 0.9823
vn 0.1103 -0.1471 0.9830
vn 0.1653 -0.1951 0.9667
vn 0.1652 -0.1951 0.9668
vn 0.2200 -0.2296 0.9481
vn 0.2311 -0.2302 0.9453
vn 0.2799 -0.2503 0.9268
vn 0.3110 -0.2458 0.9181
vn 0.3490 -0.2535 0.9022
vn 0.3806 -0.2427 0.8923
vn 0.5315 -0.2788 0.7999
vn 0.4203 -0.2826 0.8623
vn -0.9189 0.3944 -0.0102
vn -0.9197 0.3925 -0.0100
vn -0.9217 0.3878 -0.0100
vn -0.9223 0.3862 -0.0098
vn -0.9225 0.3859 0.0098
vn -0.9217 0.3878 0.0100
vn -0.9198 0.3922 0.0100
vn -0.9189 0.3944 0.0103
vn -0.1952 -0.9808 0.0010
vn -0.3571 -0.9341 0.0034
vn -0.9562 -0.2926 0.0100
vn -0.9428 -0.3331 0.0092
vn -0.7291 -0.6844 0.0067
vn -0.8115 -0.5843 0.0094
vn -0.6006 -0.7995 0.0045
vn -0.9873 0.1585 0.0102
vn -0.9730 0.2304 0.0109
vn -0.9999 -0.0126 0.0100
vn -0.9873 0.1584 -0.0102
vn -0.6988 -0.7153 -0.0075
vn -0.8451 -0.5345 -0.0120
vn -0.7291 -0.6844 -0.0080
vn -0.9476 -0.3194 -0.0107
vn -0.9562 -0.2926 -0.0111
vn -0.9999 -0.0045 -0.0106
vn -0.9670 0.2546 -0.0111
vn -0.4098 -0.9122 -0.0037
vn -0.3571 -0.9341 -0.0034
vn -0.1952 -0.9808 -0.0010
vn -0.1500 -0.9884 -0.0219
vn -0.1501 -0.9878 -0.0410
vn -0.1951 -0.9808 -0.0081
vn -0.1025 -0.9947 -0.0070
vn -0.1026 -0.9945 -0.0210
vn -0.1034 -0.9864 -0.1282
vn -0.1002 -0.9831 -0.1532
vn -0.0958 -0.9182 -0.3844
vn -0.0944 -0.9240 -0.3704
vn -0.0834 -0.8026 -0.5906
vn -0.0833 -0.8036 -0.5894
vn -0.0654 -0.6394 -0.7661
vn -0.0662 -0.6427 -0.7632
vn -0.0001 -0.0000 -1.0000
vn -0.9465 0.3206 -0.0374
vn -0.9968 0.0797 0.0039
vn -0.9941 0.1080 -0.0025
vn -0.9992 0.0183 0.0358
vn -0.9991 0.0422 0.0017
vn -0.9852 0.1014 -0.1384
vn -1.0000 0.0033 0.0017
vn -0.9769 0.2135 -0.0060
vn -0.9733 0.2296 -0.0057
vn -0.9728 0.2316 -0.0058
vn -0.9847 0.1741 -0.0028
vn -0.9788 0.2046 -0.0054
vn -0.9763 0.2165 -0.0075
vn -0.9925 0.1221 -0.0028
vn -0.9902 0.1399 -0.0037
vn -0.9912 0.1327 -0.0013
vn -0.9864 0.1642 -0.0058
vn -0.9822 0.1872 -0.0136
vn -0.9466 0.3205 -0.0343
vn -0.9680 0.2508 -0.0063
vn -0.9603 0.2779 -0.0243
vn -0.9651 0.2617 0.0063
vn -0.9497 0.3129 -0.0140
vn -0.9472 0.3193 -0.0281
vn -0.8432 -0.5376 -0.0000
vn -0.8432 -0.5376 -0.0001
vn -0.8431 -0.5377 -0.0000
vn -0.0001 -0.0001 1.0000
vn -0.0119 0.9982 -0.0589
vn -0.0125 0.9999 -0.0000
vn -0.0965 -0.3156 -0.9440
vn -0.0041 0.0006 -1.0000
vn -0.1795 0.0398 -0.9829
vn -0.0030 0.0007 -1.0000
vn -0.0010 0.0002 -1.0000
vn -0.9778 0.2026 -0.0536
vn -0.9590 0.1776 -0.2208
vn -0.9812 0.0520 -0.1857
vn -0.9946 0.0647 -0.0817
vn -0.9862 0.1440 -0.0818
vn -0.9602 -0.2683 -0.0781
vn -0.9811 -0.1772 -0.0784
vn -0.9887 -0.0992 -0.1122
vn -0.9926 -0.0958 -0.0753
vn -0.9971 -0.0079 -0.0755
vn -0.8734 -0.4809 -0.0766
vn -0.8874 -0.4465 0.1147
vn -0.9108 -0.3960 -0.1168
vn -0.9278 -0.3644 -0.0805
vn -0.9600 -0.2681 -0.0802
vn -0.5665 -0.8192 -0.0896
vn -0.6470 -0.7572 -0.0896
vn -0.6456 -0.7600 -0.0754
vn -0.6904 -0.7194 -0.0755
vn -0.7136 -0.6918 -0.1106
vn -0.7231 -0.6870 -0.0719
vn -0.8032 -0.5914 -0.0717
vn -0.7611 -0.5868 -0.2762
vn -0.8396 -0.5378 -0.0766
vn -0.2996 -0.9506 -0.0806
vn -0.3384 -0.9299 0.1442
vn -0.3881 -0.9168 -0.0944
vn -0.4722 -0.8801 -0.0497
vn -0.4796 -0.8718 -0.1001
vn -0.5196 -0.8498 -0.0888
vn -0.5664 -0.8193 -0.0888
vn -0.0007 -0.0022 -1.0000
vn -0.0008 -0.0021 -1.0000
vn -0.0005 -0.0011 -1.0000
vn -0.0033 -0.0062 -1.0000
vn -0.0005 -0.0007 -1.0000
vn -0.0013 -0.0019 -1.0000
vn -0.0015 -0.0017 -1.0000
vn -0.0033 -0.0040 -1.0000
vn -0.0009 -0.0009 -1.0000
vn -0.0017 -0.0016 -1.0000
vn -0.0018 -0.0015 -1.0000
vn -0.1782 0.0399 -0.9832
vn -0.1276 0.0198 -0.9916
vn -0.1292 0.0068 -0.9916
vn -0.1291 0.0068 -0.9916
vn -0.1287 -0.0129 -0.9916
vn -0.1288 -0.0129 -0.9916
vn -0.1258 -0.0291 -0.9916
vn -0.1528 -0.0427 -0.9873
vn -0.1227 -0.0403 -0.9916
vn -0.1184 -0.0515 -0.9916
vn -0.1131 -0.0623 -0.9916
vn -0.1253 -0.0923 -0.9878
vn -0.1072 -0.0720 -0.9916
vn -0.0022 -0.0014 -1.0000
vn -0.0021 -0.0012 -1.0000
vn -0.0013 -0.0007 -1.0000
vn -0.0051 -0.0021 -1.0000
vn -0.0020 -0.0009 -1.0000
vn -0.0021 -0.0007 -1.0000
vn -0.0007 -0.0002 -1.0000
vn -0.0050 -0.0012 -1.0000
vn -0.0022 -0.0005 -1.0000
vn -0.0024 -0.0002 -1.0000
vn -0.0025 -0.0002 -1.0000
vn -0.0019 0.0001 -1.0000
vn -0.0025 0.0001 -1.0000
vn -0.0023 0.0003 -1.0000
vn -0.2300 -0.2456 -0.9417
vn -0.3342 -0.3239 -0.8851
vn -0.3756 -0.2766 -0.8846
vn -0.3756 -0.2766 -0.8845
vn -0.4078 -0.2245 -0.8850
vn -0.4077 -0.2245 -0.8851
vn -0.4269 -0.1856 -0.8850
vn -0.4270 -0.1857 -0.8850
vn -0.4496 -0.1256 -0.8844
vn -0.4494 -0.1256 -0.8844
vn -0.4641 -0.0465 -0.8846
vn -0.4639 -0.0465 -0.8847
vn -0.4654 0.0246 -0.8847
vn -0.4656 0.0247 -0.8847
vn -0.4584 0.0828 -0.8849
vn -0.0019 -0.0014 -1.0000
vn -0.0015 -0.0013 -1.0000
vn -0.1005 -0.0810 -0.9916
vn -0.0927 -0.0898 -0.9916
vn -0.1089 -0.1163 -0.9872
vn -0.0837 -0.0985 -0.9916
vn -0.0735 -0.1063 -0.9916
vn -0.0623 -0.1132 -0.9916
vn -0.0622 -0.1132 -0.9916
vn -0.0503 -0.1189 -0.9916
vn -0.0462 -0.1204 -0.9916
vn -0.0228 -0.0767 -0.9968
vn -0.1853 -0.5505 -0.8140
vn -0.1321 -0.4467 -0.8849
vn -0.1815 -0.4287 -0.8850
vn -0.2244 -0.4080 -0.8850
vn -0.2245 -0.4081 -0.8849
vn -0.2650 -0.3832 -0.8849
vn -0.2650 -0.3831 -0.8849
vn -0.3016 -0.3550 -0.8849
vn -0.6537 0.1184 -0.7474
vn -0.7370 0.1434 -0.6605
vn -0.7498 0.0397 -0.6605
vn -0.7497 0.0397 -0.6606
vn -0.7471 -0.0749 -0.6605
vn -0.7473 -0.0749 -0.6603
vn -0.7235 -0.2022 -0.6600
vn -0.7237 -0.2022 -0.6599
vn -0.6881 -0.2992 -0.6611
vn -0.6880 -0.2992 -0.6612
vn -0.6571 -0.3618 -0.6612
vn -0.6572 -0.3618 -0.6612
vn -0.6048 -0.4454 -0.6602
vn -0.6048 -0.4454 -0.6603
vn -0.5386 -0.5221 -0.6613
vn -0.5387 -0.5222 -0.6612
vn -0.4858 -0.5718 -0.6611
vn -0.4859 -0.5720 -0.6609
vn -0.4269 -0.6173 -0.6608
vn -0.3617 -0.6575 -0.6609
vn -0.3616 -0.6574 -0.6611
vn -0.2925 -0.6909 -0.6612
vn -0.2210 -0.7170 -0.6611
vn -0.2534 -0.7744 -0.5797
vn -0.9250 0.1739 -0.3378
vn -0.9178 0.1710 -0.3582
vn -0.9324 0.0494 -0.3580
vn -0.9324 0.0494 -0.3582
vn -0.9290 -0.0932 -0.3581
vn -0.9291 -0.0932 -0.3579
vn -0.8994 -0.2513 -0.3576
vn -0.8994 -0.2514 -0.3575
vn -0.8561 -0.3722 -0.3585
vn -0.8561 -0.3722 -0.3586
vn -0.8177 -0.4502 -0.3586
vn -0.7519 -0.5537 -0.3578
vn -0.6702 -0.6497 -0.3587
vn -0.6703 -0.6497 -0.3587
vn -0.6043 -0.7115 -0.3586
vn -0.6044 -0.7115 -0.3584
vn -0.5310 -0.7679 -0.3583
vn -0.4500 -0.8180 -0.3584
vn -0.4499 -0.8179 -0.3585
vn -0.3639 -0.8596 -0.3586
vn -0.3639 -0.8596 -0.3587
vn -0.2818 -0.8899 -0.3587
vn -0.2886 -0.8988 -0.3299
vn -0.0658 0.0852 -0.9942
vn -0.1842 0.1741 -0.9673
vn -0.3042 0.1724 -0.9369
vn -0.1024 -0.9907 -0.0891
vn -0.2494 -0.9650 -0.0807
vn 0.0735 -0.9931 -0.0910
vn -0.1764 -0.7521 -0.6350
vn -0.0439 -0.9321 -0.3596
vn -0.0455 -0.9303 -0.3640
vn 0.0731 -0.9931 -0.0917
vn -0.3316 -0.3353 -0.8818
vn -0.2750 -0.5165 -0.8110
vn -0.1735 -0.7587 -0.6279
vn -0.3072 -0.4110 -0.8583
vn -0.3712 -0.0748 -0.9255
vn -0.3701 -0.0953 -0.9241
vn -0.3905 0.2958 -0.8718
vn -0.4114 0.2014 -0.8889
vn -0.0471 -0.0361 -0.9982
vn -0.0277 -0.0754 -0.9968
vn -0.2288 0.1740 -0.9578
vn -0.2756 0.2944 -0.9151
vn -0.2598 -0.1173 -0.9585
vn -0.2682 -0.0642 -0.9612
vn -0.2199 -0.4353 -0.8730
vn -0.2281 -0.4034 -0.8861
vn -0.1382 -0.7540 -0.6421
vn -0.1405 -0.7490 -0.6476
vn -0.0529 -0.9268 -0.3719
vn -0.0493 -0.9306 -0.3627
vn 0.0270 -0.9946 -0.0998
vn 0.0361 -0.9962 -0.0793
vn -0.1295 0.0260 -0.9912
vn -0.1613 0.2328 -0.9591
vn -0.1786 -0.2089 -0.9615
vn -0.1838 -0.1172 -0.9759
vn -0.1782 -0.4944 -0.8508
vn -0.1851 -0.4354 -0.8810
vn -0.1538 -0.7728 -0.6157
vn -0.1586 -0.7539 -0.6376
vn -0.1169 -0.9278 -0.3543
vn -0.1176 -0.9264 -0.3576
vn -0.0899 -0.9791 -0.1824
vn -0.0429 -0.9955 -0.0846
vn -0.0555 0.1118 -0.9922
vn -0.1099 -0.2174 -0.9699
vn -0.1294 -0.3064 -0.9431
vn -0.1563 -0.4972 -0.8535
vn -0.1679 -0.5554 -0.8144
vn -0.1908 -0.7680 -0.6113
vn -0.1949 -0.7908 -0.5802
vn -0.2004 -0.9172 -0.3444
vn -0.2012 -0.9223 -0.3299
vn -0.1935 -0.9780 -0.0784
vn -0.1876 -0.9697 -0.1562
vn -0.1012 0.1407 -0.9849
vn -0.0095 0.0117 -0.9999
vn -0.0482 0.0402 -0.9980
vn -0.1913 0.1043 -0.9760
vn -0.2348 0.1711 -0.9569
vn -0.0415 0.0258 -0.9988
vn -0.0141 0.0439 -0.9989
vn -0.0098 0.0455 -0.9989
vn -0.0059 0.0072 -1.0000
vn -0.0199 -0.0169 -0.9997
vn -0.0094 0.0116 -0.9999
vn -0.0094 0.0115 -0.9999
vn -0.0086 0.0105 -0.9999
vn -0.0336 0.0361 -0.9988
vn -0.0100 0.0212 -0.9997
vn -0.0308 0.0423 -0.9986
vn -0.1171 0.1960 -0.9736
vn -0.1507 0.1940 -0.9694
vn -0.1823 0.2409 -0.9533
vn -0.2070 0.2432 -0.9476
vn -0.2289 0.2713 -0.9349
vn -0.2721 0.2835 -0.9196
vn -0.3064 0.3218 -0.8959
vn -0.0040 0.0075 -1.0000
vn -0.0324 0.0353 -0.9988
vn -0.0154 0.0260 -0.9995
vn -0.0600 0.0603 -0.9964
vn -0.0326 0.0508 -0.9982
vn -0.0928 0.0855 -0.9920
vn -0.0644 0.0952 -0.9934
vn -0.0614 0.0842 -0.9946
vn -0.1027 0.1158 -0.9880
vn -0.0607 0.1098 -0.9921
vn -0.1481 0.1578 -0.9763
vn -0.1059 0.1616 -0.9812
vn -0.1985 0.1932 -0.9609
vn -0.1831 0.1982 -0.9629
vn -0.2598 0.2342 -0.9368
vn -0.3236 0.2297 -0.9179
vn -0.3459 0.2965 -0.8902
vn -0.4093 0.3042 -0.8602
vn -0.0096 0.0116 -0.9999
vn -0.0270 0.0237 -0.9994
vn -0.0292 0.0379 -0.9989
vn -0.0504 0.0443 -0.9977
vn -0.0876 0.0693 -0.9937
vn -0.1435 0.0578 -0.9880
vn -0.1295 0.0587 -0.9898
vn -0.0050 0.0061 -1.0000
vn -0.0047 0.0059 -1.0000
vn -0.0172 0.0179 -0.9997
vn -0.0140 0.0163 -0.9998
vn -0.0315 0.0291 -0.9991
vn -0.0466 0.0332 -0.9984
vn -0.0575 0.0808 -0.9951
vn -0.1002 0.0971 -0.9902
vn -0.1643 0.1428 -0.9760
vn -0.2535 0.1371 -0.9576
vn -0.3318 0.2234 -0.9165
vn -0.3761 0.2203 -0.9000
vn -0.4388 0.2727 -0.8562
vn -0.1658 0.8196 -0.5485
vn -0.1109 0.3944 -0.9122
vn -0.0676 0.1273 -0.9896
vn -0.0664 0.1280 -0.9895
vn -0.0684 0.1284 -0.9894
vn -0.1628 0.8221 -0.5456
vn -0.1592 0.8220 -0.5468
vn -0.1461 0.6372 -0.7568
vn -0.1410 0.6354 -0.7592
vn -0.1102 0.3950 -0.9120
vn -0.1465 0.8246 -0.5463
vn -0.0605 0.1337 -0.9892
vn -0.1170 0.8390 -0.5314
vn -0.1300 0.8609 -0.4920
vn -0.1188 0.6527 -0.7482
vn -0.1157 0.6419 -0.7580
vn -0.0949 0.4061 -0.9089
vn -0.0925 0.3973 -0.9130
vn -0.0626 0.1222 -0.9905
vn -0.0649 0.1278 -0.9897
vn -0.0916 -0.0127 -0.9957
vn -0.0923 -0.0058 -0.9957
vn -0.1019 0.1244 -0.9870
vn -0.1025 0.1235 -0.9870
vn -0.1416 0.8229 -0.5502
vn -0.1461 0.8164 -0.5587
vn -0.1170 0.8377 -0.5335
vn -0.1316 0.6323 -0.7635
vn -0.1412 0.6455 -0.7506
vn -0.1209 0.3842 -0.9153
vn -0.1284 0.3958 -0.9093
vn -0.1019 0.1253 -0.9869
vn -0.1626 0.8202 -0.5485
vn -0.3805 0.7583 -0.5294
vn -0.2438 0.8005 -0.5474
vn -0.4460 0.7654 -0.4639
vn -0.4478 0.7645 -0.4636
vn -0.3736 0.7932 -0.4810
vn -0.3277 0.5733 -0.7510
vn -0.3275 0.6127 -0.7193
vn -0.2437 0.3411 -0.9079
vn -0.2459 0.3612 -0.8995
vn -0.1438 0.0889 -0.9856
vn -0.1439 0.0897 -0.9855
vn -0.1331 0.0954 -0.9865
vn -0.1229 0.1037 -0.9870
vn -0.0952 -0.0133 -0.9954
vn -0.2418 0.7963 -0.5545
vn -0.2180 0.6193 -0.7543
vn -0.2189 0.6092 -0.7622
vn -0.1764 0.3762 -0.9096
vn -0.1766 0.3632 -0.9148
vn -0.1244 0.1213 -0.9848
vn -0.1175 -0.0094 -0.9930
vn -0.4604 0.7580 -0.4620
vn -0.1724 0.1089 -0.9790
vn -0.1705 0.1150 -0.9786
vn -0.1699 0.0759 -0.9825
vn -0.3003 0.4284 -0.8522
vn -0.3140 0.3270 -0.8913
vn -0.3908 0.6940 -0.6047
vn -0.4403 0.5553 -0.7055
vn -0.4307 0.8309 -0.3524
vn -0.4806 0.7297 -0.4863
vn -0.1752 0.0751 -0.9817
vn -0.6622 0.6993 -0.2692
vn -0.5211 0.7817 -0.3427
vn -0.5535 0.6637 -0.5031
vn -0.7450 0.6446 -0.1719
vn -0.7179 0.6383 -0.2780
vn -0.7177 0.5529 -0.4233
vn -0.6061 0.5196 -0.6022
vn -0.5724 0.4425 -0.6903
vn -0.4203 0.3128 -0.8517
vn -0.4267 0.3327 -0.8410
vn -0.1757 0.0751 -0.9816
vn -0.1166 0.0592 -0.9914
vn -0.3004 0.1811 -0.9365
vn -0.1804 0.0832 -0.9801
vn -0.1815 0.0823 -0.9799
vn -0.1777 0.1071 -0.9782
vn -0.1754 0.1072 -0.9786
vn -0.6285 0.7283 -0.2732
vn -0.5614 0.7397 -0.3710
vn -0.5015 0.6187 -0.6047
vn -0.5086 0.6265 -0.5905
vn -0.3611 0.3770 -0.8529
vn -0.3711 0.3881 -0.8436
vn -0.1890 0.1106 -0.9757
vn -0.1877 0.1093 -0.9761
vn -0.1792 0.0812 -0.9805
vn -0.4076 0.3268 -0.8527
vn -0.4124 0.3342 -0.8475
vn -0.5884 0.5383 -0.6033
vn -0.5913 0.5442 -0.5952
vn -0.6855 0.6719 -0.2804
vn -0.6665 0.6053 -0.4353
vn 0.9999 0.0125 -0.0002
vn -0.3282 0.4813 -0.8128
vn -0.2760 0.4754 -0.8354
vn -0.1621 0.3148 -0.9352
vn -0.2768 0.4528 -0.8476
vn -0.4274 0.5012 -0.7524
vn -0.3726 0.4644 -0.8034
vn -0.1864 0.2962 -0.9367
vn -0.2263 0.3413 -0.9123
vn -0.2172 0.3271 -0.9197
vn -0.2671 0.3607 -0.8936
vn -0.2784 0.3785 -0.8827
vn -0.3225 0.4084 -0.8540
vn -0.3661 0.4544 -0.8121
vn -0.2007 0.3314 -0.9219
vn -0.1993 0.3304 -0.9225
vn -0.2048 0.3350 -0.9197
vn -0.1970 0.4187 -0.8865
vn -0.1986 0.4509 -0.8702
vn -0.1724 0.3195 -0.9318
vn -0.1784 0.3269 -0.9281
vn -0.2218 0.4130 -0.8833
vn -0.2165 0.4084 -0.8867
vn -0.2772 0.5131 -0.8123
vn -0.1420 0.3596 -0.9223
vn -0.3027 0.5133 -0.8030
vn -0.2023 0.3607 -0.9105
vn -0.2253 0.4177 -0.8802
vn -0.1613 0.3149 -0.9353
vn -0.1772 0.3581 -0.9167
vn -0.1434 0.3029 -0.9422
vn -0.1514 0.3330 -0.9307
vn -0.1419 0.3168 -0.9378
vn -0.1424 0.3344 -0.9316
vn -0.1428 0.3353 -0.9312
vn -0.1435 0.3399 -0.9294
vn -0.3580 0.4857 -0.7975
vn -0.3282 0.4807 -0.8132
vn -0.2663 0.4016 -0.8763
vn -0.2427 0.3894 -0.8885
vn -0.2103 0.3468 -0.9141
vn -0.1872 0.3349 -0.9235
vn -0.1807 0.3260 -0.9279
vn -0.1567 0.3134 -0.9366
vn -0.1714 0.3344 -0.9267
vn -0.1445 0.3190 -0.9367
vn -0.1794 0.3713 -0.9110
vn -0.1588 0.3585 -0.9199
vn -0.1832 0.3954 -0.9000
vn -0.2128 0.9771 0.0008
vn -0.2128 0.9771 -0.0000
vn -0.2130 0.9770 0.0001
vn -0.2129 0.9771 -0.0000
vn -0.2127 0.9771 -0.0001
vn -0.2133 0.9770 0.0004
vn -0.2129 0.9771 0.0001
vn -0.2128 0.9771 -0.0001
vn -0.2125 0.9772 -0.0010
vn -0.0000 0.0002 -1.0000
vn -0.0000 -0.0001 -1.0000
vn 0.0005 0.0008 -1.0000
vn -0.3960 0.4921 -0.7753
vn -0.2429 0.1891 -0.9514
vn -0.2416 0.1859 -0.9524
vn -0.2516 0.2159 -0.9434
vn -0.2955 0.4645 -0.8348
vn -0.2903 0.4430 -0.8482
vn -0.2306 0.2952 -0.9272
vn -0.2083 0.3006 -0.9307
vn -0.1991 0.2926 -0.9353
vn -0.2309 0.3245 -0.9173
vn -0.2007 0.3332 -0.9212
vn -0.2130 0.3347 -0.9179
vn -0.3785 0.3918 -0.8386
vn -0.3989 0.3963 -0.8269
vn -0.3419 0.3689 -0.8643
vn -0.2893 0.3223 -0.9013
vn -0.2806 0.3233 -0.9038
vn -0.2363 0.3003 -0.9241
vn -0.5011 0.4054 -0.7645
vn -0.2995 0.2820 -0.9114
vn -0.3930 0.3267 -0.8595
vn -0.4009 0.3405 -0.8505
vn -0.4946 0.4048 -0.7691
vn -0.4689 0.4553 -0.7569
vn -0.4626 0.4467 -0.7658
vn -0.4577 0.5289 -0.7147
vn -0.2893 0.1850 -0.9392
vn -0.3135 0.2339 -0.9203
vn -0.3140 0.2431 -0.9178
vn -0.3253 0.3213 -0.8893
vn -0.4472 0.4166 -0.7915
vn -0.4399 0.4238 -0.7917
vn -0.3216 0.2219 -0.9205
vn -0.3023 0.2875 -0.9088
vn -0.2536 0.2494 -0.9346
vn -0.2313 0.2558 -0.9386
vn -0.2441 0.2668 -0.9323
vn -0.2227 0.2746 -0.9354
vn -0.3106 0.3600 -0.8797
vn -0.2987 0.4784 -0.8258
vn -0.3878 0.4824 -0.7854
vn -0.4009 0.5057 -0.7639
vn -0.4362 0.4818 -0.7600
vn -0.3005 0.3328 -0.8938
vn -0.2984 0.2665 -0.9165
vn -0.2297 0.2120 -0.9499
vn -0.2473 0.2033 -0.9474
vn -0.2453 0.2020 -0.9482
vn -0.3372 0.5051 -0.7945
vn -0.3426 0.5192 -0.7830
vn -0.3036 0.4736 -0.8267
vn -0.2707 0.5744 -0.7725
vn -0.2676 0.4463 -0.8540
vn -0.3280 0.5263 -0.7845
vn -0.3379 0.4570 -0.8228
vn -0.3336 0.4940 -0.8030
vn -0.0213 -0.0287 -0.9994
vn -0.0250 -0.0360 -0.9990
vn -0.0265 -0.0322 -0.9991
vn -0.0289 -0.0250 -0.9993
vn -0.0238 -0.0308 -0.9992
vn -0.0246 -0.0279 -0.9993
vn -0.0266 -0.0297 -0.9992
vn -0.0261 -0.0323 -0.9991
vn -0.0373 -0.0378 -0.9986
vn -0.0415 -0.0420 -0.9983
vn -0.0555 -0.0469 -0.9974
vn -0.0547 -0.0429 -0.9976
vn -0.0782 -0.0847 -0.9933
vn -0.0815 -0.0633 -0.9947
vn -0.1189 -0.0885 -0.9890
vn -0.1476 -0.1200 -0.9817
vn -0.1949 -0.0890 -0.9768
vn -0.1970 -0.0893 -0.9763
vn -0.1777 -0.1000 -0.9790
vn -0.1500 -0.0800 -0.9855
vn -0.4522 0.1605 -0.8774
vn -0.5580 0.2620 -0.7874
vn -0.5155 0.1685 -0.8402
vn -0.6658 0.2169 -0.7139
vn -0.6562 0.2091 -0.7250
vn -0.3305 0.1457 -0.9325
vn -0.3606 0.1501 -0.9205
vn -0.3880 0.1594 -0.9078
vn -0.3811 0.1643 -0.9098
vn -0.4024 0.1596 -0.9014
vn -0.2950 0.1560 -0.9427
vn -0.2964 0.1515 -0.9430
vn -0.3045 0.1441 -0.9416
vn -0.3334 0.1486 -0.9310
vn -0.2885 0.1591 -0.9442
vn -0.2953 0.1515 -0.9433
vn -0.2839 0.1633 -0.9448
vn -0.2918 0.1657 -0.9420
vn -0.2897 0.1539 -0.9446
vn -0.2950 0.1559 -0.9427
vn -0.2943 0.1540 -0.9432
vn -0.3348 0.1685 -0.9271
vn -0.3393 0.1737 -0.9245
vn -0.3884 0.1663 -0.9064
vn -0.3963 0.1727 -0.9017
vn -0.5114 0.2127 -0.8326
vn -0.4454 0.0619 -0.8932
vn -0.6304 0.3205 -0.7070
vn -0.5934 0.2177 -0.7749
vn -0.3430 0.2758 -0.8979
vn -0.3338 0.2585 -0.9065
vn -0.3334 0.2462 -0.9101
vn -0.3259 0.2739 -0.9049
vn -0.4522 0.3155 -0.8343
vn -0.8055 -0.5926 -0.0007
vn -0.7940 -0.6080 -0.0000
vn -0.7940 -0.6079 -0.0000
vn -0.3410 0.9401 -0.0000
vn -0.3845 0.9231 -0.0015
vn -0.9635 0.2676 -0.0007
vn -0.8409 0.5412 0.0002
vn -0.7288 0.6847 -0.0029
vn -0.7395 0.6731 -0.0035
vn -0.5770 0.8167 0.0010
vn -0.9729 -0.2312 0.0011
vn -0.9687 -0.2483 0.0001
vn -1.0000 0.0085 0.0001
vn -1.0000 -0.0014 -0.0000
vn -0.9692 0.2462 0.0005
vn -0.3961 0.9126 -0.1015
vn -0.1534 0.0419 -0.9873
vn -0.2504 0.0552 -0.9666
vn -0.3107 0.2306 -0.9221
vn -0.3653 0.3916 -0.8445
vn -0.3627 0.3669 -0.8567
vn -0.3964 0.9043 -0.1586
vn -0.4102 0.7730 -0.4840
vn -0.4178 0.6889 -0.5923
vn -0.4091 0.6408 -0.6497
vn -0.3895 0.5363 -0.7488
vn -0.5183 0.7726 -0.3667
vn -0.4687 0.7991 -0.3766
vn -0.6968 0.5194 -0.4947
vn -0.4883 0.5900 -0.6430
vn -0.4362 0.5020 -0.7468
vn -0.4771 0.5840 -0.6567
vn -0.5376 0.6520 -0.5347
vn -0.3684 0.2303 -0.9007
vn -0.5541 0.4064 -0.7265
vn -0.5224 0.3706 -0.7680
vn -0.5848 0.4330 -0.6860
vn -0.6944 0.6319 -0.3444
vn -0.1718 0.0390 -0.9844
vn -0.2249 0.0001 -0.9744
vn -0.2243 0.0618 -0.9726
vn -0.2010 0.0573 -0.9779
vn -0.1866 0.0307 -0.9820
vn -0.1762 0.0386 -0.9836
vn -0.4639 0.7944 -0.3920
vn -0.4406 0.6791 -0.5870
vn -0.4358 0.6184 -0.6540
vn -0.3465 0.3578 -0.8671
vn -0.3645 0.3484 -0.8636
vn -0.3284 0.2731 -0.9042
vn -0.3505 0.2563 -0.9008
vn -0.1276 -0.0054 -0.9918
vn -0.1561 0.0309 -0.9873
vn -0.1494 0.0380 -0.9881
vn -0.3461 0.2122 -0.9139
vn -0.3276 0.2315 -0.9160
vn -0.4771 0.4177 -0.7733
vn -0.5009 0.4534 -0.7372
vn -0.5010 0.4536 -0.7371
vn -0.5822 0.6184 -0.5279
vn -0.1570 0.0433 -0.9866
vn -0.7081 0.5048 -0.4938
vn -0.7134 0.5248 -0.4643
vn -0.5701 0.3858 -0.7253
vn -0.5783 0.4033 -0.7091
vn -0.3726 0.2249 -0.9003
vn -0.3794 0.2361 -0.8946
vn -0.1480 0.0489 -0.9878
vn -0.1812 0.0961 -0.9787
vn -0.4825 0.3499 -0.8030
vn -0.3714 0.2461 -0.8953
vn -0.0682 0.0063 -0.9977
vn -0.2138 0.1148 -0.9701
vn -0.1421 0.0628 -0.9879
vn 0.0140 -0.0658 -0.9977
vn -0.6172 0.4464 -0.6479
vn -0.5713 0.4124 -0.7096
vn -0.3760 0.2405 -0.8949
vn -0.6971 0.5196 -0.4941
vn -0.7573 0.5885 -0.2833
vn -0.7175 0.5195 -0.4640
vn -0.7282 0.6233 -0.2850
vn -0.2240 0.0624 -0.9726
vn -0.2300 0.1095 -0.9670
vn -0.4187 0.3320 -0.8452
vn -0.4661 0.3693 -0.8040
vn -0.3515 0.2698 -0.8965
vn -0.1655 0.0964 -0.9815
vn -0.2041 0.1264 -0.9708
vn -0.0673 0.0073 -0.9977
vn -0.6903 0.6343 -0.3482
vn -0.7315 0.6517 -0.2004
vn -0.6132 0.5220 -0.5929
vn -0.6635 0.5600 -0.4961
vn -0.5802 0.4906 -0.6501
vn -0.6336 0.7463 -0.2038
vn -0.1689 0.0929 -0.9812
vn -0.1910 0.1031 -0.9762
vn -0.4076 0.3436 -0.8460
vn -0.4116 0.3474 -0.8426
vn -0.5835 0.5527 -0.5950
vn -0.5865 0.5556 -0.5893
vn -0.6896 0.7079 -0.1531
vn -0.6541 0.6836 -0.3238
vn -0.1809 0.0892 -0.9795
vn -0.2042 0.0688 -0.9765
vn -0.4073 0.3512 -0.8431
vn -0.4047 0.3481 -0.8456
vn -0.5540 0.5841 -0.5932
vn -0.5481 0.5764 -0.6060
vn -0.6289 0.7643 -0.1426
vn -0.5699 0.7099 -0.4139
vn -0.5188 0.7590 -0.3935
vn -0.5486 0.8199 -0.1638
vn -0.4954 0.5702 -0.6554
vn -0.5114 0.6023 -0.6129
vn -0.3949 0.3301 -0.8574
vn -0.4053 0.3477 -0.8455
vn -0.2507 0.0533 -0.9666
vn -0.2461 0.0466 -0.9681
vn -0.4862 0.7761 -0.4016
vn -0.2599 0.0485 -0.9644
vn -0.2576 0.0446 -0.9652
vn -0.3779 0.3389 -0.8616
vn -0.3672 0.3196 -0.8735
vn -0.4537 0.5922 -0.6659
vn -0.4428 0.5693 -0.6927
vn -0.4809 0.7896 -0.3810
vn -0.4608 0.7618 -0.4553
vn -0.4481 0.7676 -0.4583
vn -0.2519 0.0471 -0.9666
vn -0.2460 0.0470 -0.9681
vn -0.3608 0.3225 -0.8751
vn -0.3478 0.3229 -0.8802
vn -0.4297 0.5754 -0.6960
vn -0.4188 0.5764 -0.7017
vn -0.4551 0.7635 -0.4583
vn -0.4459 0.7664 -0.4624
vn -0.3804 0.7572 -0.5310
vn -0.3881 0.7898 -0.4750
vn -0.3492 0.5688 -0.7446
vn -0.3596 0.6008 -0.7140
vn -0.2884 0.3282 -0.8995
vn -0.2949 0.3454 -0.8909
vn -0.2049 0.0658 -0.9766
vn -0.2046 0.0650 -0.9767
vn -0.2441 0.8035 -0.5429
vn -0.2433 0.7999 -0.5486
vn -0.2190 0.6202 -0.7532
vn -0.2165 0.6102 -0.7621
vn -0.1755 0.3830 -0.9069
vn -0.1705 0.3647 -0.9154
vn -0.1187 0.1197 -0.9857
vn -0.1114 0.0945 -0.9893
vn -0.0833 -0.0266 -0.9962
vn -0.1478 -0.0790 -0.9859
vn -0.1558 -0.0699 -0.9853
vn -0.0795 -0.0327 -0.9963
vn -0.0832 -0.0269 -0.9962
vn -0.1618 0.4304 -0.8880
vn -0.1304 0.4647 -0.8758
vn -0.1308 0.4658 -0.8752
vn -0.1318 0.4690 -0.8733
vn -0.1319 0.4750 -0.8700
vn -0.1298 0.4787 -0.8683
vn -0.2357 0.4753 -0.8476
vn -0.1302 0.4951 -0.8590
vn -0.1369 0.4953 -0.8579
vn -0.1326 0.4835 -0.8653
vn -0.1327 0.4908 -0.8611
vn -0.2806 0.5228 -0.8049
vn -0.2466 0.4975 -0.8317
vn -0.2409 0.4703 -0.8490
vn -0.1574 0.4622 -0.8727
vn -0.1762 0.5198 -0.8359
vn -0.2514 0.3424 -0.9053
vn -0.1478 0.2766 -0.9496
vn -0.1413 0.2857 -0.9478
vn -0.1498 0.2823 -0.9476
vn -0.2012 0.3213 -0.9254
vn -0.2078 0.3376 -0.9181
vn -0.2226 0.4061 -0.8863
vn -0.2078 0.3791 -0.9017
vn -0.1999 0.3314 -0.9221
vn -0.2343 0.3676 -0.9000
vn -0.2288 0.3618 -0.9037
vn -0.2355 0.4282 -0.8725
vn -0.2507 0.4473 -0.8585
vn -0.2485 0.4620 -0.8514
vn -0.2520 0.5773 -0.7766
vn -0.0910 0.3776 -0.9215
vn -0.2160 0.2891 -0.9326
vn -0.1279 0.3050 -0.9437
vn -0.1266 0.3102 -0.9422
vn -0.1287 0.3133 -0.9409
vn -0.1405 0.4223 -0.8955
vn -0.2251 0.5131 -0.8283
vn -0.1930 0.5035 -0.8421
vn -0.0564 -0.0023 -0.9984
vn -0.0693 0.0272 -0.9972
vn -0.1243 0.0455 -0.9912
vn -0.1473 0.0509 -0.9878
vn -0.1993 0.0669 -0.9777
vn -0.2374 0.0657 -0.9692
vn -0.3049 0.1405 -0.9420
vn -0.3043 0.1273 -0.9440
vn -0.3903 0.1662 -0.9055
vn -0.3910 0.2124 -0.8956
vn -0.4540 0.2382 -0.8586
vn -0.4037 0.2276 -0.8861
vn -0.4220 0.2858 -0.8604
vn -0.3698 0.2695 -0.8892
vn -0.4085 0.2890 -0.8658
vn -0.3249 0.2986 -0.8974
vn -0.3022 0.2854 -0.9095
vn -0.3102 0.3146 -0.8971
vn -0.4318 0.1931 -0.8811
vn -0.3547 0.1008 -0.9295
vn -0.4377 0.0446 -0.8980
vn -0.2164 0.0859 -0.9725
vn -0.2826 -0.0026 -0.9592
vn -0.0324 0.1520 -0.9878
vn -0.0617 0.1136 -0.9916
vn -0.1068 -0.0491 -0.9931
vn -0.2656 -0.3812 -0.8855
vn -0.0667 -0.0618 -0.9959
vn -0.0075 0.0027 -1.0000
vn -0.4510 0.2710 -0.8504
vn -0.2959 0.3366 -0.8939
vn -0.4770 0.2264 -0.8493
vn -0.3934 0.2112 -0.8948
vn -0.0171 -0.9953 -0.0951
vn -0.3170 0.2134 -0.9241
vn -0.4542 0.1972 -0.8688
vn -0.3189 0.2072 -0.9249
vn -0.3159 -0.0818 -0.9453
vn -0.3164 -0.0889 -0.9445
vn -0.2933 -0.3194 -0.9011
vn -0.2926 -0.3284 -0.8981
vn -0.2616 -0.5004 -0.8253
vn -0.2601 -0.5106 -0.8195
vn -0.1907 -0.7435 -0.6410
vn -0.1884 -0.7542 -0.6290
vn -0.0938 -0.9238 -0.3713
vn -0.0903 -0.9313 -0.3529
vn 0.0117 -0.9978 -0.0650
vn 0.0270 -0.9936 -0.1095
vn 0.0525 -0.9954 -0.0807
vn -0.0734 -0.9357 -0.3452
vn -0.0774 -0.9305 -0.3579
vn -0.2077 -0.7632 -0.6119
vn -0.2106 -0.7555 -0.6204
vn -0.3108 -0.5210 -0.7949
vn -0.3127 -0.5138 -0.7989
vn -0.3603 -0.3387 -0.8692
vn -0.3613 -0.3326 -0.8711
vn -0.4004 -0.0986 -0.9110
vn -0.4003 -0.0941 -0.9115
vn -0.4156 0.1912 -0.8892
vn -0.4112 0.2064 -0.8878
vn -0.1572 -0.0450 -0.9865
vn -0.1576 0.2118 -0.9645
vn -0.1528 0.2227 -0.9628
vn -0.0148 -0.9981 0.0599
vn -0.0691 -0.9944 -0.0799
vn -0.0563 -0.9783 -0.1992
vn -0.1031 -0.9239 -0.3686
vn -0.1064 -0.8479 -0.5193
vn -0.1439 -0.7429 -0.6538
vn -0.1437 -0.6377 -0.7567
vn -0.1592 -0.4994 -0.8516
vn -0.1553 -0.3689 -0.9164
vn -0.1624 -0.3191 -0.9337
vn -0.1654 -0.0830 -0.9827
vn -0.2932 -0.9560 -0.0030
vn -0.3828 -0.7899 -0.4792
vn -0.2894 -0.9418 -0.1713
vn -0.2887 -0.9410 -0.1763
vn -0.2266 -0.9665 0.1202
vn -0.2540 -0.9584 -0.1304
vn -0.3486 0.0111 -0.9372
vn -0.3850 -0.2576 -0.8863
vn -0.3982 -0.3055 -0.8649
vn -0.4074 -0.4899 -0.7707
vn -0.4094 -0.5738 -0.7094
vn -0.4067 -0.5935 -0.6946
vn -0.3833 -0.7590 -0.5262
vn -0.2990 0.2004 -0.9330
vn -0.2265 0.2689 -0.9362
vn -0.1808 0.2342 -0.9552
vn -0.2260 -0.0144 -0.9740
vn -0.2320 -0.0216 -0.9725
vn -0.2671 -0.3346 -0.9037
vn -0.2712 -0.3417 -0.8998
vn -0.2779 -0.6040 -0.7470
vn -0.2802 -0.6103 -0.7409
vn -0.2597 -0.8184 -0.5126
vn -0.2633 -0.8225 -0.5041
vn -0.2112 -0.9576 -0.1961
vn -0.2171 -0.9583 -0.1856
vn -0.1806 -0.9834 -0.0190
vn -0.0975 -0.9951 -0.0179
vn -0.1449 -0.9742 -0.1730
vn -0.1469 -0.9718 -0.1846
vn -0.1435 -0.9691 -0.2005
vn -0.1871 -0.8418 -0.5063
vn -0.1853 -0.8341 -0.5195
vn -0.2061 -0.6327 -0.7465
vn -0.2049 -0.6219 -0.7558
vn -0.2060 -0.3649 -0.9080
vn -0.2030 -0.3526 -0.9135
vn -0.1833 -0.0430 -0.9821
vn -0.1786 -0.0302 -0.9835
vn -0.1489 0.2211 -0.9638
vn -0.1659 0.1926 -0.9672
vn -0.2151 0.2142 0.9528
vn -0.1553 -0.3689 0.9164
vn -0.1624 -0.3190 0.9337
vn -0.1650 -0.0444 0.9853
vn -0.1562 -0.0830 0.9842
vn -0.1577 0.2043 0.9661
vn -0.1719 0.2122 0.9620
vn -0.1431 0.2277 0.9632
vn -0.3082 0.2946 0.9046
vn -0.2475 0.3397 0.9074
vn -0.3409 0.0094 0.9400
vn -0.3407 0.0312 0.9397
vn -0.3948 -0.3064 0.8662
vn -0.3962 -0.2845 0.8730
vn -0.4075 -0.5022 0.7628
vn -0.4098 -0.5736 0.7092
vn -0.4060 -0.6042 0.6857
vn -0.3746 -0.7922 0.4817
vn -0.3870 -0.7689 0.5089
vn -0.2960 -0.9392 0.1743
vn -0.2839 -0.9458 0.1577
vn -0.1592 -0.4993 0.8517
vn -0.1271 -0.7423 0.6579
vn -0.1723 -0.6358 0.7524
vn -0.0682 -0.9231 0.3784
vn -0.1431 -0.8459 0.5139
vn -0.0268 -0.9954 0.0923
vn -0.1115 -0.9753 0.1905
vn -0.0146 -0.9981 -0.0603
vn -0.1183 -0.9851 0.1252
vn -0.1798 0.2387 0.9543
vn -0.2272 -0.0224 0.9736
vn -0.2308 -0.0134 0.9729
vn -0.2676 -0.3423 0.9007
vn -0.2707 -0.3339 0.9029
vn -0.2777 -0.6107 0.7415
vn -0.2803 -0.6036 0.7464
vn -0.2587 -0.8233 0.5051
vn -0.2643 -0.8176 0.5115
vn -0.2094 -0.9597 0.1872
vn -0.2188 -0.9562 0.1942
vn -0.2918 -0.9565 0.0028
vn -0.2250 -0.9653 -0.1328
vn -0.2505 -0.9611 0.1164
vn -0.1797 -0.9836 0.0156
vn -0.1192 -0.9925 0.0264
vn -0.1493 -0.9685 0.1994
vn -0.1411 -0.9724 0.1856
vn -0.1886 -0.8337 0.5189
vn -0.1838 -0.8422 0.5069
vn -0.2066 -0.6217 0.7555
vn -0.2044 -0.6329 0.7468
vn -0.2056 -0.3522 0.9131
vn -0.2034 -0.3651 0.9085
vn -0.1820 -0.0297 0.9828
vn -0.1799 -0.0432 0.9827
vn -0.1500 0.2132 0.9654
vn -0.1536 0.2119 0.9652
vn -0.6552 -0.7539 0.0492
vn -0.7866 -0.6175 0.0026
vn -0.4243 -0.4974 0.7566
vn -0.3107 -0.9505 -0.0008
vn -0.3341 -0.9320 0.1406
vn -0.2321 0.5799 0.7810
vn -0.3472 0.3726 0.8606
vn -0.1903 0.4480 0.8736
vn -0.2648 0.2463 0.9323
vn -0.1288 0.4055 0.9050
vn -0.1838 0.8380 0.5137
vn -0.4131 0.6058 0.6799
vn -0.3358 0.5568 0.7597
vn -0.4583 0.8451 0.2751
vn -0.4633 0.8418 0.2771
vn -0.6067 0.6880 0.3981
vn -0.5476 0.8359 0.0384
vn -0.6810 0.7308 0.0466
vn -0.3591 0.9229 0.1389
vn -0.5386 0.8265 0.1636
vn -0.5234 0.8140 0.2519
vn -0.7805 -0.6251 0.0067
vn -0.2112 0.2639 0.9412
vn -0.2228 0.1967 0.9548
vn -0.3068 0.2322 0.9230
vn -0.2990 0.2804 0.9121
vn -0.4059 0.3376 0.8493
vn -0.4384 -0.7537 0.4896
vn -0.4056 -0.8500 0.3361
vn -0.5105 -0.8068 0.2975
vn -0.5246 -0.7865 0.3259
vn -0.6174 -0.7370 0.2748
vn -0.6403 -0.7029 0.3097
vn -0.7397 -0.6378 0.2145
vn -0.5655 0.6138 0.5508
vn -0.6358 0.4139 0.6515
vn -0.5229 0.4918 0.6962
vn -0.3869 0.4028 0.8295
vn -0.3944 -0.2850 0.8736
vn -0.4089 -0.4210 0.8096
vn -0.5265 -0.3708 0.7650
vn -0.5246 -0.3339 0.7831
vn -0.6607 -0.2588 0.7046
vn -0.6567 -0.2026 0.7265
vn -0.7911 -0.1157 0.6006
vn -0.6833 0.3823 0.6221
vn -0.3942 -0.9133 0.1026
vn -0.3770 -0.9227 0.0805
vn -0.4435 -0.8946 0.0557
vn -0.4770 -0.8732 0.1001
vn -0.5206 -0.8528 0.0427
vn -0.5611 -0.8240 0.0791
vn -0.5874 -0.8075 0.0543
vn -0.6629 -0.7480 0.0326
vn -0.6875 -0.7254 0.0347
vn -0.6898 -0.7236 0.0238
vn -0.7156 -0.6981 0.0212
vn -0.7065 -0.7076 0.0114
vn -0.7080 0.7048 0.0445
vn -0.6671 0.7440 0.0383
vn -0.6590 0.7362 0.1542
vn -0.6649 0.7306 0.1554
vn -0.6268 0.6970 0.3482
vn -0.4312 0.8604 0.2715
vn -0.6246 0.6594 0.4184
vn -0.5048 0.7638 0.4022
vn -0.4477 0.7200 0.5302
vn -0.9780 0.1608 0.1329
vn -0.9809 0.1429 0.1323
vn -0.9450 0.1135 0.3068
vn -0.9498 0.0779 0.3030
vn -0.8711 0.0122 0.4910
vn -0.4328 -0.5967 0.6758
vn -0.4290 -0.6709 0.6049
vn -0.5467 -0.6214 0.5613
vn -0.5529 -0.5924 0.5860
vn -0.6743 -0.5263 0.5180
vn -0.6845 -0.4797 0.5490
vn -0.8348 -0.3777 0.4006
vn -0.8479 -0.3182 0.4241
vn -0.9421 -0.2481 0.2256
vn -0.9502 -0.2070 0.2330
vn -0.9778 -0.1851 0.0986
vn -0.9819 -0.1609 0.0999
vn -0.5999 -0.7990 0.0409
vn -0.5988 -0.8001 0.0359
vn -0.7713 -0.5883 0.2430
vn -0.8211 -0.5533 0.1400
vn -0.7942 -0.5994 0.1000
vn -0.8591 -0.5012 0.1038
vn -0.8685 -0.4928 0.0538
vn -0.8828 -0.4665 0.0555
vn -0.3096 0.0218 0.9506
vn -0.3376 -0.1245 0.9330
vn -0.4465 -0.0781 0.8914
vn -0.4400 -0.0336 0.8973
vn -0.5713 0.0382 0.8199
vn -0.5574 0.1020 0.8240
vn -0.6950 0.1922 0.6928
vn -0.6867 0.2351 0.6879
vn -0.7760 0.3002 0.5547
vn -0.7678 0.3298 0.5493
vn -0.8497 0.3963 0.3478
vn -0.8362 0.4252 0.3463
vn -0.8755 0.4587 0.1521
vn -0.8698 0.4696 0.1516
vn -0.8782 0.4769 0.0354
vn -0.9852 0.1662 0.0429
vn -0.9534 0.2996 0.0347
vn -0.9873 -0.1567 0.0255
vn -0.9803 -0.1955 0.0266
vn -0.8857 -0.4641 0.0114
vn -0.7314 -0.6818 0.0161
vn -0.7318 -0.6815 0.0100
vn -0.6809 0.7309 -0.0466
vn -0.2425 0.2051 -0.9482
vn -0.1183 0.4224 -0.8987
vn -0.2760 0.2040 -0.9392
vn -0.4329 -0.5861 -0.6849
vn -0.4222 -0.4859 -0.7653
vn -0.7322 -0.6811 -0.0031
vn -0.7676 -0.6408 -0.0152
vn -0.7866 -0.6175 -0.0026
vn -0.8857 -0.4641 -0.0114
vn -0.9872 -0.1569 -0.0285
vn -0.9804 -0.1956 -0.0244
vn -0.9855 0.1667 -0.0327
vn -0.9532 0.2995 -0.0404
vn -0.8782 0.4770 -0.0354
vn -0.6669 0.7438 -0.0458
vn -0.7082 0.7050 -0.0381
vn -0.5476 0.8359 -0.0384
vn -0.5233 0.8141 -0.2518
vn -0.5386 0.8265 -0.1635
vn -0.5112 0.7680 -0.3858
vn -0.1883 0.5875 -0.7871
vn -0.3358 0.5568 -0.7598
vn -0.4602 0.6330 -0.6225
vn -0.0319 0.8732 -0.4864
vn -0.4477 0.7200 -0.5302
vn -0.4329 -0.0373 -0.9007
vn -0.3200 0.2377 -0.9171
vn -0.2865 0.2736 -0.9182
vn -0.1888 0.4504 -0.8726
vn -0.5518 -0.6189 -0.5590
vn -0.4477 -0.6640 -0.5989
vn -0.4188 -0.7491 -0.5133
vn -0.4022 -0.9061 -0.1312
vn -0.4066 -0.8496 -0.3358
vn -0.5174 -0.8034 -0.2947
vn -0.5180 -0.7895 -0.3292
vn -0.6260 -0.7317 -0.2696
vn -0.4184 0.3165 -0.8513
vn -0.3717 0.3925 -0.8413
vn -0.4225 0.3462 -0.8377
vn -0.5484 0.0965 -0.8306
vn -0.5804 0.0435 -0.8131
vn -0.8436 -0.3204 -0.4309
vn -0.6833 0.3823 -0.6221
vn -0.8711 0.0122 -0.4910
vn -0.7803 0.3035 -0.5468
vn -0.7634 0.3266 -0.5572
vn -0.6673 -0.7444 -0.0227
vn -0.6406 -0.7638 -0.0794
vn -0.7465 -0.6323 -0.2072
vn -0.6325 -0.7070 -0.3163
vn -0.6809 -0.5220 -0.5137
vn -0.5478 -0.5947 -0.5884
vn -0.5307 -0.3688 -0.7631
vn -0.4089 -0.4210 -0.8096
vn -0.3903 -0.2561 -0.8844
vn -0.5887 -0.8083 0.0082
vn -0.5999 -0.7990 -0.0409
vn -0.5481 -0.8311 -0.0946
vn -0.5327 -0.8459 -0.0260
vn -0.4648 -0.8779 -0.1155
vn -0.4587 -0.8872 -0.0498
vn -0.3701 -0.9253 -0.0830
vn -0.2879 -0.9387 0.1899
vn -0.3108 -0.9505 0.0007
vn -0.6304 0.6535 -0.4189
vn -0.6246 0.6594 -0.4184
vn -0.5162 0.5732 -0.6363
vn -0.7892 0.2709 -0.5512
vn -0.5229 0.4918 -0.6962
vn -0.6786 0.2296 -0.6976
vn -0.7030 0.1979 -0.6831
vn -0.7911 -0.1157 -0.6006
vn -0.6514 -0.2055 -0.7304
vn -0.7352 -0.6765 -0.0430
vn -0.7590 -0.6489 -0.0535
vn -0.8515 -0.5061 -0.1375
vn -0.9433 -0.2468 -0.2221
vn -0.9491 -0.2076 -0.2368
vn -0.9505 0.0786 -0.3007
vn -0.9443 0.1131 -0.3092
vn -0.8507 0.3972 -0.3444
vn -0.8352 0.4245 -0.3498
vn -0.5159 0.7883 -0.3352
vn -0.6407 0.7099 -0.2926
vn -0.4614 0.8434 -0.2755
vn -0.4553 0.8464 -0.2761
vn -0.6920 -0.7218 -0.0128
vn -0.6850 -0.7271 -0.0459
vn -0.8211 -0.5533 -0.1401
vn -0.7662 -0.5911 -0.2522
vn -0.8395 -0.3735 -0.3947
vn -0.6781 -0.4830 -0.5540
vn -0.6660 -0.2555 -0.7009
vn -0.5205 -0.3358 -0.7850
vn -0.4538 -0.0748 -0.8879
vn -0.3380 -0.1243 -0.9329
vn -0.2593 0.1880 -0.9473
vn -0.3591 0.9229 -0.1389
vn -0.6589 0.7360 -0.1552
vn -0.6650 0.7307 -0.1544
vn -0.8697 0.4695 -0.1525
vn -0.8756 0.4588 -0.1512
vn -0.9779 0.1607 -0.1337
vn -0.9809 0.1430 -0.1315
vn -0.9817 -0.1609 -0.1014
vn -0.9780 -0.1848 -0.0971
vn -0.8825 -0.4666 -0.0580
vn -0.8689 -0.4924 -0.0513
vn -0.7313 -0.6818 -0.0168
vn -0.6997 -0.7145 -0.0042
vn -0.6513 0.7585 -0.0199
vn -0.3320 0.5613 -0.7581
vn -0.4637 0.6120 -0.6407
vn -0.4101 0.6447 -0.6451
vn -0.3917 0.6277 -0.6727
vn -0.4039 0.6285 -0.6648
vn -0.4800 0.7360 -0.4775
vn -0.4688 0.7025 -0.5355
vn -0.5228 0.7898 -0.3208
vn -0.5348 0.7954 -0.2851
vn -0.5040 0.7733 -0.3846
vn -0.5489 0.8345 -0.0476
vn -0.5476 0.8355 -0.0454
vn -0.5943 0.8025 -0.0527
vn -0.6144 0.7889 -0.0092
vn -0.6102 0.7842 -0.1124
vn -0.5552 0.8241 -0.1123
vn -0.5262 0.8232 -0.2133
vn -0.5493 0.8193 -0.1641
vn -0.5345 0.8065 -0.2528
vn -0.4958 0.5714 -0.6540
vn -0.5165 0.5791 -0.6307
vn -0.5878 0.6513 -0.4798
vn -0.5953 0.6528 -0.4685
vn -0.6402 0.6978 -0.3212
vn -0.6424 0.6978 -0.3168
vn -0.6627 0.7178 -0.2135
vn -0.6632 0.7177 -0.2124
vn -0.6750 0.7291 -0.1128
vn -0.6984 0.7150 -0.0308
vn -0.6788 0.7328 -0.0466
vn -0.6103 0.7841 -0.1126
vn -0.5996 0.7715 -0.2129
vn -0.5991 0.7716 -0.2139
vn -0.5804 0.7493 -0.3189
vn -0.5785 0.7491 -0.3227
vn -0.5366 0.6983 -0.4738
vn -0.5305 0.6964 -0.4833
vn -0.4640 0.6157 -0.6369
vn -0.4311 0.6147 -0.6605
vn -0.6984 0.7150 0.0308
vn -0.4338 0.6148 0.6587
vn -0.3319 0.5612 0.7582
vn -0.3917 0.6277 0.6727
vn -0.4003 0.6282 0.6671
vn -0.4669 0.6157 0.6348
vn -0.5112 0.5854 0.6293
vn -0.5476 0.8355 0.0454
vn -0.5489 0.8345 0.0476
vn -0.5552 0.8241 0.1123
vn -0.5412 0.8248 0.1637
vn -0.5416 0.8130 0.2135
vn -0.4100 0.6372 0.6526
vn -0.4608 0.7092 0.5335
vn -0.4843 0.7328 0.4780
vn -0.5040 0.7733 0.3846
vn -0.5245 0.7886 0.3208
vn -0.5294 0.7993 0.2845
vn -0.5345 0.8065 0.2528
vn -0.4747 0.5983 0.6455
vn -0.4623 0.6136 0.6401
vn -0.5339 0.7006 0.4734
vn -0.5332 0.6942 0.4836
vn -0.5794 0.7501 0.3189
vn -0.5796 0.7483 0.3228
vn -0.5993 0.7717 0.2129
vn -0.5994 0.7713 0.2139
vn -0.6103 0.7841 0.1126
vn -0.6102 0.7842 0.1124
vn -0.6138 0.7884 0.0418
vn -0.5950 0.8034 0.0209
vn -0.5038 0.5661 0.6525
vn -0.5879 0.6513 0.4798
vn -0.5952 0.6527 0.4687
vn -0.6402 0.6978 0.3212
vn -0.6424 0.6978 0.3169
vn -0.6627 0.7178 0.2135
vn -0.6632 0.7177 0.2125
vn -0.6750 0.7291 0.1128
vn -0.6797 0.7335 0.0026
vn -0.6499 0.7569 0.0690
vn -0.8794 0.4749 0.0343
vn -0.9032 0.4285 0.0251
vn -0.9049 0.4246 0.0284
vn -0.7482 0.6628 0.0308
vn -0.5706 0.5371 0.6213
vn -0.6174 0.4891 0.6161
vn -0.6154 0.4720 0.6313
vn -0.6946 0.5468 0.4674
vn -0.6791 0.5514 0.4845
vn -0.7686 0.5560 0.3164
vn -0.7395 0.5769 0.3468
vn -0.7784 0.5907 0.2123
vn -0.7725 0.5957 0.2199
vn -0.7907 0.5993 0.1250
vn -0.7802 0.6153 0.1129
vn -0.7935 0.6054 0.0629
vn -0.5633 0.5204 0.6418
vn -0.6507 0.5927 0.4747
vn -0.6582 0.5930 0.4638
vn -0.7062 0.6320 0.3190
vn -0.7083 0.6317 0.3151
vn -0.7302 0.6492 0.2129
vn -0.7305 0.6491 0.2122
vn -0.7435 0.6592 0.1129
vn -0.7435 0.6591 0.1128
vn -0.7482 0.6627 0.0309
vn -0.7915 0.6104 0.0308
vn -0.8007 0.5987 0.0224
vn -0.8348 0.5492 0.0384
vn -0.8296 0.5564 0.0469
vn -0.8694 0.4940 0.0093
vn -0.8300 0.5566 -0.0361
vn -0.7942 0.6022 -0.0813
vn -0.7720 0.6255 -0.1129
vn -0.7775 0.6163 -0.1252
vn -0.7959 0.5670 -0.2121
vn -0.7785 0.5987 -0.1886
vn -0.7543 0.5753 -0.3163
vn -0.7561 0.5691 -0.3231
vn -0.6942 0.5474 -0.4674
vn -0.6942 0.5470 -0.4678
vn -0.5584 0.5270 -0.6407
vn -0.7905 0.6122 -0.0179
vn -0.8005 0.5985 -0.0308
vn -0.7482 0.6628 -0.0309
vn -0.8243 0.5654 -0.0286
vn -0.8498 0.5263 -0.0285
vn -0.8694 0.4940 -0.0091
vn -0.8782 0.4774 -0.0308
vn -0.9039 0.4270 -0.0268
vn -0.9031 0.4284 -0.0284
vn -0.7482 0.6627 -0.0308
vn -0.7435 0.6591 -0.1129
vn -0.7435 0.6592 -0.1128
vn -0.7304 0.6490 -0.2128
vn -0.7303 0.6493 -0.2122
vn -0.7073 0.6309 -0.3189
vn -0.7073 0.6328 -0.3150
vn -0.6537 0.5893 -0.4748
vn -0.6554 0.5964 -0.4635
vn -0.5753 0.5305 -0.6225
vn -0.6159 0.4713 -0.6313
vn -0.6179 0.4894 -0.6154
vn -0.9544 0.2979 -0.0185
vn -0.7496 0.2349 -0.6188
vn -0.7244 0.2600 -0.6385
vn -0.7499 0.2353 -0.6183
vn -0.8275 0.2683 -0.4932
vn -0.8186 0.2536 -0.5154
vn -0.8733 0.2655 -0.4084
vn -0.9076 0.2934 -0.3003
vn -0.9039 0.2432 -0.3519
vn -0.9365 0.2866 -0.2021
vn -0.9366 0.2826 -0.2071
vn -0.9522 0.2704 -0.1423
vn -0.9507 0.2938 -0.0988
vn -0.9657 0.2532 -0.0571
vn -0.9551 0.2961 -0.0119
vn -0.9383 0.3431 -0.0426
vn -0.9253 0.3787 -0.0175
vn -0.9182 0.3952 -0.0283
vn -0.7263 0.2606 0.6360
vn -0.9544 0.2979 0.0177
vn -0.9184 0.3945 0.0283
vn -0.9253 0.3787 0.0172
vn -0.9389 0.3418 0.0417
vn -0.9546 0.2976 0.0128
vn -0.9653 0.2576 0.0424
vn -0.9376 0.3185 0.1397
vn -0.9660 0.2378 0.1014
vn -0.9352 0.2873 0.2071
vn -0.9345 0.2808 0.2189
vn -0.9099 0.2551 0.3271
vn -0.7043 0.2225 0.6742
vn -0.7479 0.2386 0.6195
vn -0.7730 0.2344 0.5895
vn -0.8186 0.2675 0.5083
vn -0.8432 0.2597 0.4708
vn -0.8733 0.2660 0.4081
vn -0.8846 0.2631 0.3851
vn -0.9145 0.2884 0.2838
vn -0.2129 0.9771 -0.0001
vn -0.0001 0.0003 1.0000
vn 0.0003 0.0005 1.0000
vn -0.0000 -0.0001 1.0000
vn -0.0001 -0.0003 1.0000
vn 0.0003 -0.0001 1.0000
vn -0.6562 0.2091 0.7250
vn -0.5994 0.2197 0.7698
vn -0.6337 0.3085 0.7094
vn -0.5166 0.1525 0.8425
vn -0.4659 0.1972 0.8626
vn -0.3886 0.1700 0.9056
vn -0.4027 0.1599 0.9013
vn -0.3379 0.1856 0.9227
vn -0.3434 0.1759 0.9226
vn -0.2940 0.1531 0.9435
vn -0.2890 0.1642 0.9431
vn -0.2895 0.1539 0.9447
vn -0.2884 0.1590 0.9442
vn -0.2914 0.1648 0.9423
vn -0.2951 0.1560 0.9426
vn -0.2950 0.1560 0.9427
vn -0.2966 0.1512 0.9429
vn -0.3881 0.1606 0.9075
vn -0.3626 0.1505 0.9197
vn -0.3305 0.1458 0.9325
vn -0.3382 0.1535 0.9285
vn -0.3064 0.1423 0.9412
vn -0.6468 0.2016 0.7355
vn -0.5824 0.1987 0.7882
vn -0.5122 0.2049 0.8340
vn -0.5073 0.1972 0.8389
vn -0.4064 0.1488 0.9015
vn -0.3427 0.2753 0.8982
vn -0.4521 0.3155 0.8343
vn -0.3259 0.2739 0.9049
vn -0.3332 0.2468 0.9100
vn -0.3348 0.2604 0.9056
vn -0.8055 -0.5926 -0.0000
vn -0.7938 -0.6081 0.0008
vn -0.9687 -0.2483 -0.0010
vn -0.9729 -0.2311 -0.0001
vn -0.9992 -0.0391 -0.0001
vn -1.0000 0.0085 -0.0000
vn -0.9635 0.2676 -0.0006
vn -0.9693 0.2458 0.0007
vn -0.8409 0.5412 -0.0002
vn -0.7288 0.6847 0.0029
vn -0.7395 0.6732 0.0035
vn -0.3845 0.9231 -0.0000
vn -0.3411 0.9400 0.0020
vn -0.5770 0.8167 -0.0010
vn -0.6595 0.0107 0.7516
vn -0.7444 0.0095 0.6677
vn -0.4918 -0.1195 0.8625
vn -0.5587 -0.2807 0.7804
vn -0.4495 -0.0040 0.8933
vn -0.6143 -0.0256 0.7887
vn -0.3765 -0.0529 0.9249
vn -0.2864 -0.1001 0.9529
vn -0.2973 -0.1139 0.9480
vn -0.1106 -0.0896 0.9898
vn -0.1151 -0.0876 0.9895
vn -0.1445 -0.0888 0.9855
vn -0.1472 -0.0896 0.9850
vn -0.1634 -0.0900 0.9824
vn -0.1857 -0.1023 0.9773
vn -0.2018 -0.0920 0.9751
vn -0.2621 -0.0845 0.9613
vn -0.0071 -0.0826 0.9966
vn -0.0905 -0.0758 0.9930
vn -0.0832 -0.0702 0.9941
vn -0.0824 -0.0672 0.9943
vn -0.0638 -0.0659 0.9958
vn -0.0498 -0.0523 0.9974
vn -0.0318 -0.0635 0.9975
vn -0.7243 -0.0121 0.6893
vn -0.7965 0.0629 0.6014
vn -0.8434 0.0438 0.5354
vn -0.8740 0.0778 0.4797
vn -0.9080 0.0808 0.4112
vn -0.9152 0.0973 0.3911
vn -0.9463 0.1092 0.3042
vn -0.9494 0.1244 0.2884
vn -0.9653 0.1265 0.2286
vn -0.9662 0.1319 0.2215
vn -0.9774 0.1475 0.1513
vn -0.9762 0.1639 0.1419
vn -0.9876 0.1498 0.0468
vn -0.9859 0.1617 0.0426
vn -0.9859 0.1663 0.0179
vn -0.0070 -0.0826 -0.9966
vn -0.2570 -0.0802 -0.9631
vn -0.1870 -0.0993 -0.9773
vn -0.1896 -0.1044 -0.9763
vn -0.1507 -0.0830 -0.9851
vn -0.1607 -0.0931 -0.9826
vn -0.1437 -0.0888 -0.9856
vn -0.1121 -0.0874 -0.9898
vn -0.1127 -0.0916 -0.9894
vn -0.0908 -0.0757 -0.9930
vn -0.0817 -0.0684 -0.9943
vn -0.0854 -0.0675 -0.9941
vn -0.0638 -0.0659 -0.9958
vn -0.0498 -0.0523 -0.9974
vn -0.0318 -0.0635 -0.9975
vn -0.5686 -0.0017 -0.8226
vn -0.4278 -0.0899 -0.8994
vn -0.4429 -0.0695 -0.8939
vn -0.3678 -0.0674 -0.9275
vn -0.2909 -0.0830 -0.9531
vn -0.3181 -0.1393 -0.9378
vn -0.2949 -0.1119 -0.9489
vn -0.6814 -0.0548 -0.7299
vn -0.6147 0.0112 -0.7887
vn -0.7740 0.0090 -0.6331
vn -0.6863 0.0937 -0.7213
vn -0.7510 0.0412 -0.6590
vn -0.8626 0.0480 -0.5037
vn -0.8412 0.0748 -0.5354
vn -0.9061 0.0805 -0.4153
vn -0.9081 0.0793 -0.4112
vn -0.9434 0.1290 -0.3057
vn -0.9440 0.1278 -0.3042
vn -0.9709 0.1249 -0.2045
vn -0.9625 0.1464 -0.2286
vn -0.9809 0.1319 -0.1433
vn -0.9783 0.1418 -0.1513
vn -0.9838 0.1697 -0.0574
vn -0.9882 0.1456 -0.0468
vn -0.9859 0.1663 -0.0186
vn -0.3188 0.0320 -0.9473
vn -0.6814 0.1459 -0.7172
vn -0.6093 0.1431 -0.7799
vn -0.6085 0.1133 -0.7854
vn -0.4564 0.1161 -0.8822
vn -0.4508 0.0589 -0.8907
vn -0.3263 0.0795 -0.9419
vn -0.7504 0.0534 -0.6588
vn -0.7277 0.1757 -0.6630
vn -0.8270 0.1834 -0.5315
vn -0.8283 -0.3544 -0.4340
vn -0.8826 0.2357 -0.4068
vn -0.9224 0.2412 -0.3017
vn -0.9617 -0.0684 -0.2654
vn -0.9356 0.2711 -0.2263
vn -0.9500 0.2734 -0.1509
vn -0.9457 0.2885 -0.1497
vn -0.9218 0.3850 -0.0455
vn -0.6379 0.7691 -0.0381
vn -0.0586 0.9982 -0.0112
vn -0.2993 0.9539 -0.0221
vn 0.1185 0.9929 -0.0027
vn 0.0344 0.9994 -0.0046
vn -0.0292 0.9992 -0.0274
vn -0.0008 0.9997 -0.0257
vn -0.0204 0.9988 -0.0452
vn -0.0136 0.9989 -0.0441
vn -0.0349 0.9974 -0.0628
vn -0.0317 0.9969 -0.0714
vn -0.0286 0.9971 -0.0705
vn -0.0677 0.9921 -0.1055
vn -0.0642 0.9918 -0.1101
vn -0.0738 0.9909 -0.1124
vn -0.0844 0.9882 -0.1282
vn -0.1070 0.9837 -0.1447
vn -0.1148 0.9817 -0.1518
vn -0.1210 0.9841 -0.1303
vn -0.2078 0.9480 -0.2411
vn -0.1900 0.9672 -0.1683
vn -0.2946 0.9373 -0.1860
vn -0.3362 0.8851 -0.3218
vn -0.2321 0.9608 -0.1518
vn -0.3708 0.3580 -0.8569
vn -0.4442 0.3454 -0.8267
vn -0.4425 0.3990 -0.8031
vn -0.5606 0.3970 -0.7267
vn -0.5565 0.4250 -0.7140
vn -0.6606 0.4283 -0.6165
vn -0.6532 0.4552 -0.6051
vn -0.7683 0.4617 -0.4433
vn -0.7488 0.5037 -0.4308
vn -0.8204 0.5147 -0.2490
vn -0.8062 0.5391 -0.2438
vn -0.8281 0.5429 -0.1397
vn -0.8196 0.5562 -0.1376
vn -0.3424 0.2199 -0.9134
vn -0.3685 0.3649 -0.8550
vn -0.3801 0.5395 -0.7514
vn -0.9556 0.2902 -0.0513
vn -0.8290 0.5577 -0.0416
vn -0.6259 0.7789 -0.0384
vn -0.6184 0.7777 -0.1131
vn -0.6304 0.7676 -0.1157
vn -0.6129 0.7644 -0.2000
vn -0.6336 0.7455 -0.2069
vn -0.5775 0.7366 -0.3521
vn -0.6076 0.7026 -0.3704
vn -0.5170 0.6981 -0.4954
vn -0.5303 0.6757 -0.5120
vn -0.4534 0.6734 -0.5839
vn -0.4627 0.6499 -0.6029
vn -0.3888 0.6514 -0.6515
vn -0.3985 0.6059 -0.6886
vn -0.3767 0.6096 -0.6975
vn -0.3760 0.6518 -0.6586
vn -0.3478 0.9373 -0.0228
vn -0.3425 0.9365 -0.0755
vn -0.3568 0.9308 -0.0788
vn -0.3458 0.9289 -0.1329
vn -0.3710 0.9177 -0.1418
vn -0.3368 0.9126 -0.2320
vn -0.3746 0.8912 -0.2560
vn -0.3209 0.8883 -0.3286
vn -0.3384 0.8733 -0.3505
vn -0.2993 0.8722 -0.3869
vn -0.3123 0.8559 -0.4123
vn -0.2937 0.8564 -0.4246
vn -0.3098 0.8242 -0.4740
vn -0.3536 0.8165 -0.4564
vn -0.3564 0.7904 -0.4982
vn -0.3801 0.5395 0.7513
vn -0.9456 0.2884 0.1506
vn 0.1186 0.9929 0.0027
vn -0.3517 0.2168 0.9107
vn -0.3163 0.0328 0.9481
vn -0.2436 0.9576 0.1540
vn -0.1975 0.9651 0.1721
vn -0.2122 0.9445 0.2507
vn -0.1325 0.9816 0.1373
vn -0.0311 0.9969 0.0718
vn -0.0756 0.9905 0.1145
vn -0.0765 0.9904 0.1149
vn -0.0813 0.9890 0.1235
vn -0.1132 0.9822 0.1496
vn -0.1135 0.9817 0.1530
vn -0.1147 0.9821 0.1491
vn -0.0209 0.9987 0.0470
vn -0.0328 0.9975 0.0627
vn -0.0295 0.9970 0.0713
vn -0.0100 0.9990 0.0431
vn -0.0107 0.9996 0.0272
vn -0.0309 0.9991 0.0287
vn 0.0284 0.9996 0.0071
vn -0.0586 0.9983 0.0066
vn -0.9617 -0.0685 0.2654
vn -0.9356 0.2711 0.2263
vn -0.9502 0.2733 0.1500
vn -0.3290 0.0790 0.9410
vn -0.4539 0.0583 0.8892
vn -0.4533 0.1162 0.8837
vn -0.6114 0.1132 0.7832
vn -0.6063 0.1430 0.7822
vn -0.7340 0.1472 0.6630
vn -0.7277 0.1758 0.6630
vn -0.8269 0.1835 0.5315
vn -0.8283 -0.3544 0.4340
vn -0.8826 0.2357 0.4068
vn -0.9224 0.2411 0.3017
vn -0.3598 0.7894 0.4974
vn -0.3685 0.3649 0.8550
vn -0.3675 0.3585 0.8581
vn -0.4442 0.3454 0.8267
vn -0.4425 0.3990 0.8031
vn -0.5606 0.3970 0.7267
vn -0.5565 0.4250 0.7139
vn -0.6606 0.4283 0.6165
vn -0.6532 0.4552 0.6051
vn -0.7683 0.4618 0.4433
vn -0.7488 0.5037 0.4308
vn -0.8204 0.5147 0.2490
vn -0.8062 0.5391 0.2438
vn -0.8280 0.5430 0.1397
vn -0.8196 0.5562 0.1376
vn -0.8290 0.5577 0.0416
vn -0.9555 0.2903 0.0513
vn -0.9219 0.3849 0.0455
vn -0.3760 0.6518 0.6586
vn -0.3767 0.6096 0.6975
vn -0.3985 0.6058 0.6886
vn -0.3888 0.6514 0.6516
vn -0.4628 0.6499 0.6029
vn -0.4534 0.6734 0.5839
vn -0.5303 0.6757 0.5120
vn -0.5170 0.6981 0.4954
vn -0.6076 0.7025 0.3704
vn -0.5775 0.7366 0.3520
vn -0.6335 0.7455 0.2069
vn -0.6129 0.7645 0.2000
vn -0.6304 0.7676 0.1157
vn -0.6184 0.7777 0.1131
vn -0.6260 0.7789 0.0375
vn -0.6379 0.7691 0.0386
vn -0.2993 0.9540 0.0201
vn -0.3476 0.9373 0.0243
vn -0.3424 0.9365 0.0755
vn -0.3569 0.9308 0.0788
vn -0.3458 0.9289 0.1329
vn -0.3710 0.9177 0.1418
vn -0.3368 0.9126 0.2320
vn -0.3746 0.8911 0.2560
vn -0.3209 0.8883 0.3286
vn -0.3384 0.8733 0.3505
vn -0.2993 0.8722 0.3869
vn -0.3123 0.8559 0.4122
vn -0.2937 0.8564 0.4246
vn -0.3098 0.8242 0.4740
vn -0.3504 0.8171 0.4578
vn -0.3273 0.8851 0.3309
vn -0.3182 0.9308 0.1800
vn -0.1761 0.0387 0.9836
vn -0.4434 0.4969 0.7460
vn -0.3895 0.5363 0.7488
vn -0.4102 0.7730 0.4840
vn -0.6984 0.5173 0.4946
vn -0.5855 0.4296 0.6874
vn -0.5792 0.6263 0.5218
vn -0.6836 0.6362 0.3576
vn -0.3964 0.9043 0.1586
vn -0.3958 0.9140 0.0886
vn -0.4639 0.7946 0.3916
vn -0.4695 0.7994 0.3749
vn -0.5161 0.7746 0.3657
vn -0.2250 -0.0088 0.9743
vn -0.2471 0.0562 0.9674
vn -0.3107 0.2307 0.9221
vn -0.3676 0.2316 0.9007
vn -0.1852 0.0318 0.9822
vn -0.2032 0.0578 0.9774
vn -0.2243 0.0619 0.9726
vn -0.4091 0.6407 0.6497
vn -0.4179 0.6889 0.5923
vn -0.4506 0.6747 0.5846
vn -0.4251 0.6237 0.6559
vn -0.4817 0.5937 0.6446
vn -0.4794 0.5888 0.6507
vn -0.5369 0.6579 0.5281
vn -0.1534 0.0416 0.9873
vn -0.1491 0.0382 0.9881
vn -0.1561 0.0309 0.9873
vn -0.5972 0.4457 0.6669
vn -0.5560 0.4039 0.7265
vn -0.5201 0.3732 0.7683
vn -0.3473 0.2109 0.9137
vn -0.3290 0.2301 0.9159
vn -0.1276 -0.0054 0.9918
vn -0.1719 0.0391 0.9843
vn -0.5044 0.4580 0.7320
vn -0.4750 0.4198 0.7734
vn -0.5031 0.4517 0.7368
vn -0.3491 0.2575 0.9010
vn -0.3238 0.2765 0.9048
vn -0.3687 0.3460 0.8627
vn -0.3465 0.3578 0.8672
vn -0.3653 0.3915 0.8446
vn -0.3627 0.3669 0.8567
vn -0.1405 0.0584 0.9884
vn -0.1570 0.0432 0.9867
vn -0.1664 0.0636 0.9840
vn -0.3700 0.2285 0.9005
vn -0.3819 0.2329 0.8944
vn -0.5655 0.3918 0.7258
vn -0.5829 0.3975 0.7087
vn -0.7019 0.5128 0.4943
vn -0.7193 0.5170 0.4639
vn -0.0354 -0.0198 0.9992
vn -0.1462 0.0574 0.9876
vn -0.2310 0.1410 0.9627
vn -0.1824 0.0786 0.9801
vn -0.3713 0.2467 0.8951
vn -0.4818 0.3324 0.8108
vn -0.6019 0.4404 0.6661
vn -0.5732 0.4101 0.7094
vn -0.6894 0.5116 0.5129
vn -0.7082 0.5314 0.4648
vn -0.7653 0.5782 0.2826
vn -0.1690 0.0929 0.9812
vn -0.6288 0.7611 0.1593
vn -0.5615 0.7148 0.4169
vn -0.6494 0.5592 0.5153
vn -0.7181 0.6347 0.2855
vn -0.6842 0.6102 0.3994
vn -0.6897 0.7083 0.1501
vn -0.6538 0.6845 0.3226
vn -0.6308 0.7518 0.1921
vn -0.2198 0.1543 0.9633
vn -0.1659 0.0960 0.9815
vn -0.0364 -0.0209 0.9991
vn -0.1952 0.1050 0.9751
vn -0.1794 0.0906 0.9796
vn -0.2011 0.0716 0.9770
vn -0.2290 0.1016 0.9681
vn -0.2239 0.0623 0.9726
vn -0.2467 0.0476 0.9679
vn -0.2462 0.0465 0.9681
vn -0.3935 0.3217 0.8612
vn -0.4995 0.5687 0.6535
vn -0.4039 0.3488 0.8457
vn -0.4048 0.3482 0.8455
vn -0.4072 0.3512 0.8431
vn -0.4116 0.3474 0.8426
vn -0.4076 0.3437 0.8460
vn -0.4188 0.3321 0.8452
vn -0.4570 0.3622 0.8124
vn -0.5691 0.4794 0.6680
vn -0.6155 0.5194 0.5927
vn -0.5835 0.5527 0.5951
vn -0.5865 0.5556 0.5893
vn -0.5540 0.5841 0.5932
vn -0.5481 0.5764 0.6061
vn -0.5082 0.6044 0.6135
vn -0.5499 0.8114 0.1981
vn -0.5119 0.7642 0.3923
vn -0.4608 0.7614 0.4560
vn -0.2570 0.0419 0.9655
vn -0.2571 0.0421 0.9655
vn -0.3685 0.3144 0.8748
vn -0.3723 0.3328 0.8664
vn -0.4469 0.5653 0.6934
vn -0.4491 0.5954 0.6662
vn -0.4815 0.7899 0.3797
vn -0.4863 0.7776 0.3987
vn -0.4458 0.7653 0.4642
vn -0.2518 0.0463 0.9667
vn -0.2548 0.0429 0.9660
vn -0.3502 0.3235 0.8790
vn -0.3518 0.3220 0.8790
vn -0.4249 0.5720 0.7016
vn -0.4170 0.5789 0.7008
vn -0.4575 0.7617 0.4589
vn -0.4480 0.7672 0.4590
vn -0.2437 0.7998 0.5485
vn -0.2437 0.8045 0.5416
vn -0.2175 0.6099 0.7621
vn -0.2184 0.6217 0.7522
vn -0.1719 0.3644 0.9153
vn -0.1740 0.3818 0.9077
vn -0.1128 0.0941 0.9892
vn -0.1167 0.1182 0.9861
vn -0.3841 0.7902 0.4775
vn -0.3844 0.7558 0.5302
vn -0.3566 0.6003 0.7159
vn -0.3523 0.5677 0.7441
vn -0.2941 0.3473 0.8904
vn -0.2899 0.3277 0.8992
vn -0.2051 0.0667 0.9765
vn -0.2049 0.0658 0.9766
vn -0.0680 0.1267 0.9896
vn -0.1627 0.8221 0.5456
vn -0.1662 0.8222 0.5444
vn -0.0678 0.1273 0.9895
vn -0.0687 0.1268 0.9895
vn -0.1086 0.3947 0.9124
vn -0.1099 0.3936 0.9127
vn -0.1414 0.6379 0.7571
vn -0.1433 0.6364 0.7579
vn -0.1616 0.8212 0.5473
vn -0.0649 0.1278 0.9897
vn -0.1172 0.8805 0.4594
vn -0.1465 0.8247 0.5463
vn -0.1180 0.8840 0.4524
vn -0.1388 0.6382 0.7572
vn -0.1099 0.7535 0.6482
vn -0.1067 0.3950 0.9125
vn -0.0947 0.4864 0.8686
vn -0.0697 0.1388 0.9879
vn -0.0636 0.1645 0.9843
vn -0.0602 0.1648 0.9845
vn 0.0233 0.0952 0.9952
vn -0.0244 0.0322 0.9992
vn 0.0451 0.2525 0.9665
vn 0.1959 0.7753 0.6005
vn 0.0697 0.8968 0.4369
vn 0.1933 0.7637 0.6159
vn 0.1094 0.4930 0.8632
vn 0.1115 0.5028 0.8572
vn 0.0194 0.1765 0.9841
vn -0.0151 0.1820 0.9832
vn -0.0456 0.8856 0.4621
vn -0.0434 0.9003 0.4331
vn -0.0507 0.7580 0.6503
vn -0.0473 0.7752 0.6299
vn -0.0514 0.4900 0.8702
vn -0.0495 0.5057 0.8613
vn -0.0460 0.1646 0.9853
vn 0.2349 0.8901 0.3906
vn 0.2320 0.8810 0.4124
vn 0.0732 0.9096 0.4090
vn 0.0528 0.7881 0.6132
vn 0.0533 0.7721 0.6333
vn 0.0196 0.5179 0.8552
vn 0.0198 0.5035 0.8638
vn -0.0168 0.1742 0.9846
vn -0.0451 0.1752 0.9835
vn 0.0536 0.1261 0.9906
vn 0.0340 0.0907 0.9953
vn 0.0997 0.2280 0.9686
vn 0.2001 0.4586 0.8658
vn 0.1979 0.4505 0.8705
vn 0.3255 0.7283 0.6031
vn 0.3515 0.8500 0.3923
vn 0.3413 0.7688 0.5408
vn 0.0471 0.2156 0.9753
vn 0.0383 0.1549 0.9872
vn 0.0438 0.1396 0.9892
vn 0.0462 0.1364 0.9896
vn 0.1709 0.3984 0.9011
vn 0.2380 0.6592 0.7133
vn 0.2495 0.5589 0.7908
vn 0.3328 0.7744 0.5381
vn 0.3677 0.8070 0.4622
vn 0.3763 0.8435 0.3832
vn -0.0784 0.3991 0.9135
vn -0.0204 0.4311 0.9021
vn 0.0505 0.2143 0.9755
vn -0.0338 0.1463 0.9887
vn 0.0267 0.2297 0.9729
vn -0.0529 0.1497 0.9873
vn -0.0536 0.1526 0.9868
vn -0.0813 0.1275 0.9885
vn -0.0484 0.8411 0.5387
vn -0.0210 0.1599 0.9869
vn 0.0267 0.2185 0.9755
vn 0.0674 0.4154 0.9072
vn 0.1431 0.6009 0.7864
vn 0.1515 0.6628 0.7333
vn 0.2100 0.8209 0.5311
vn -0.0974 0.1257 0.9873
vn -0.0839 0.1353 0.9872
vn -0.0836 0.4160 0.9055
vn -0.0169 0.4125 0.9108
vn 0.0172 0.6665 0.7453
vn 0.0283 0.6861 0.7270
vn -0.0739 0.6500 0.7564
vn -0.0653 0.6708 0.7388
vn -0.0564 0.8591 0.5088
vn 0.0550 0.8557 0.5145
vn 0.0646 0.8685 0.4914
vn 0.2138 0.8469 0.4869
vn 0.2369 0.8956 0.3765
vn -0.0544 0.0116 0.9984
vn -0.0548 0.0129 0.9984
vn -0.0556 0.0118 0.9984
vn -0.0838 -0.0522 0.9951
vn -0.0844 -0.0518 0.9951
vn -0.0849 -0.0512 0.9951
vn -0.0883 -0.0464 0.9950
vn -0.0913 -0.0366 0.9951
vn -0.0922 -0.0348 0.9951
vn -0.0938 -0.0183 0.9954
vn -0.0962 -0.0111 0.9953
vn -0.0902 -0.0222 0.9957
vn -0.0904 -0.0217 0.9957
vn -0.0899 -0.0112 0.9959
vn -0.0887 -0.0073 0.9960
vn -0.0832 -0.0101 0.9965
vn -0.0830 -0.0045 0.9965
vn -0.0708 0.0082 0.9975
vn -0.0744 -0.0455 0.9962
vn -0.0601 0.0126 0.9981
vn -0.0829 -0.0530 0.9951
vn -0.0843 -0.0524 0.9951
vn -0.0811 -0.0519 0.9953
vn -0.0839 -0.0468 0.9954
vn -0.0649 -0.0650 0.9958
vn -0.0705 -0.0511 0.9962
vn -0.0599 -0.0581 0.9965
vn -0.0593 -0.0521 0.9969
vn -0.0279 -0.0688 0.9972
vn -0.0439 -0.0514 0.9977
vn -0.0419 -0.0416 0.9983
vn -0.0393 -0.0461 0.9982
vn -0.0324 -0.0508 0.9982
vn -0.5482 0.3457 0.7616
vn -0.1648 -0.2783 0.9463
vn -0.1996 0.9733 0.1131
vn -0.2446 0.3945 0.8857
vn -0.2435 0.3328 0.9110
vn -0.2362 0.2834 0.9295
vn -0.2508 0.4875 0.8363
vn -0.2351 0.4647 0.8537
vn -0.2465 0.4003 0.8826
vn -0.2610 0.6478 0.7157
vn -0.2561 0.6490 0.7164
vn -0.2861 0.6043 0.7436
vn -0.2443 0.5224 0.8170
vn -0.2409 0.5235 0.8173
vn -0.3634 0.9273 0.0897
vn -0.4127 0.8591 0.3026
vn -0.4716 0.8691 0.1494
vn -0.4866 0.8735 0.0115
vn -0.4698 0.6453 0.6023
vn -0.5136 0.6877 0.5131
vn -0.5960 0.6547 0.4649
vn -0.5891 0.5100 0.6268
vn -0.6418 0.5348 0.5497
vn -0.6484 0.4964 0.5773
vn -0.6634 0.4798 0.5743
vn -0.7409 0.4916 0.4575
vn -0.7675 0.5749 0.2837
vn -0.7654 0.5583 0.3202
vn -0.7793 0.6015 0.1756
vn -0.3586 0.0173 0.9333
vn -0.5345 0.2124 0.8180
vn -0.4789 0.1635 0.8625
vn -0.6370 0.3633 0.6798
vn -0.7209 0.4707 0.5086
vn -0.0958 -0.2698 0.9581
vn -0.1500 -0.2129 0.9655
vn -0.2485 -0.1181 0.9614
vn -0.2626 -0.0973 0.9600
vn -0.4085 0.0575 0.9110
vn -0.5828 0.6046 0.5429
vn -0.4564 0.4345 0.7764
vn -0.5521 0.4150 0.7232
vn -0.4786 0.3534 0.8038
vn -0.5312 0.3508 0.7712
vn -0.3584 0.8441 0.3987
vn -0.3472 0.8299 0.4368
vn -0.4501 0.7807 0.4335
vn -0.4355 0.7694 0.4672
vn -0.5114 0.7212 0.4673
vn -0.5671 0.7217 0.3969
vn -0.3970 0.3809 0.8351
vn -0.4609 0.4445 0.7681
vn -0.3823 0.5100 0.7706
vn -0.4191 0.5397 0.7301
vn -0.3381 0.5929 0.7309
vn -0.3692 0.6262 0.6867
vn -0.2963 0.6612 0.6892
vn -0.3188 0.6982 0.6410
vn -0.2704 0.7135 0.6464
vn -0.2776 0.8699 0.4076
vn -0.2798 0.8744 0.3964
vn -0.2543 0.9459 0.2016
vn -0.2572 0.9660 0.0273
vn -0.2878 0.6433 0.7094
vn -0.3449 0.7053 0.6193
vn -0.3169 0.7053 0.6342
vn -0.3111 0.7113 0.6302
vn -0.2865 0.6385 0.7143
vn -0.2303 0.8834 0.4082
vn -0.3731 0.7219 0.5828
vn -0.3559 0.7708 0.5283
vn -0.3993 0.7540 0.5216
vn -0.5247 0.8268 0.2025
vn -0.4782 0.8455 0.2376
vn -0.5062 0.8225 0.2592
vn -0.4981 0.8041 0.3246
vn -0.4544 0.7953 0.4013
vn -0.3887 0.8601 0.3303
vn -0.4470 0.7576 0.4757
vn -0.5375 0.8287 0.1561
vn -0.4681 0.8758 0.1175
vn -0.5357 0.8384 0.1010
vn -0.4913 0.8706 0.0263
vn -0.4654 0.8848 0.0219
vn -0.5395 0.8392 0.0678
vn 0.0490 0.9988 -0.0074
vn -0.0414 0.9991 0.0112
vn -0.0324 0.9995 0.0004
vn 0.0563 0.9981 0.0255
vn 0.0895 0.9959 0.0155
vn 0.0890 0.9960 0.0112
vn 0.0516 0.9977 0.0439
vn 0.0691 0.9972 0.0300
vn 0.0679 0.9974 0.0259
vn 0.0200 0.9971 0.0728
vn 0.0435 0.9978 0.0496
vn 0.0404 0.9981 0.0458
vn -0.0719 0.9929 0.0951
vn -0.0556 0.9928 0.1062
vn 0.0081 0.9987 0.0496
vn -0.0008 0.9974 0.0727
vn 0.0039 0.9970 0.0772
vn -0.0816 0.9932 0.0832
vn -0.0725 0.9974 0.0045
vn -0.1599 0.9771 0.1407
vn -0.2030 0.9789 0.0242
vn -0.1975 0.9776 0.0727
vn -0.2169 0.9735 0.0729
vn -0.1976 0.9700 0.1414
vn -0.2277 0.9629 0.1446
vn -0.1834 0.9565 0.2269
vn -0.2329 0.9412 0.2448
vn -0.1724 0.9372 0.3032
vn -0.2197 0.9147 0.3392
vn -0.2003 0.9151 0.3499
vn -0.2366 0.8854 0.4002
vn -0.2444 0.8841 0.3982
vn -0.1799 0.9766 0.1176
vn -0.2859 0.6437 -0.7099
vn -0.4461 0.7595 -0.4734
vn -0.4060 0.8350 -0.3713
vn -0.2900 0.6415 -0.7102
vn -0.3117 0.7212 -0.6187
vn -0.3131 0.7059 -0.6354
vn -0.3470 0.7059 -0.6175
vn -0.3809 0.7372 -0.5580
vn -0.3363 0.7766 -0.5328
vn -0.3991 0.7560 -0.5188
vn -0.1542 0.9803 -0.1235
vn -0.2020 0.9573 -0.2068
vn -0.0726 0.9974 -0.0048
vn -0.0827 0.9927 -0.0881
vn -0.0597 0.9930 -0.1019
vn 0.0014 0.9983 -0.0583
vn -0.0049 0.9975 -0.0707
vn 0.0052 0.9971 -0.0760
vn 0.0391 0.9975 -0.0595
vn 0.0437 0.9978 -0.0495
vn 0.0419 0.9981 -0.0460
vn 0.0487 0.9978 -0.0450
vn 0.0692 0.9971 -0.0302
vn 0.0679 0.9974 -0.0255
vn 0.0569 0.9981 -0.0254
vn 0.0898 0.9958 -0.0152
vn -0.0324 0.9995 -0.0028
vn 0.0726 0.9973 -0.0050
vn 0.0893 0.9959 -0.0110
vn -0.5382 0.8402 -0.0657
vn -0.5441 0.8290 -0.1294
vn -0.4087 0.9032 -0.1310
vn -0.5342 0.8393 -0.1008
vn -0.4681 0.8006 -0.3739
vn -0.4985 0.8059 -0.3193
vn -0.4952 0.8340 -0.2432
vn -0.4812 0.8423 -0.2430
vn -0.5256 0.8272 -0.1987
vn -0.2457 0.8808 -0.4047
vn -0.2290 0.8865 -0.4021
vn -0.2366 0.8854 -0.4002
vn -0.2003 0.9151 -0.3499
vn -0.2197 0.9147 -0.3392
vn -0.1724 0.9372 -0.3032
vn -0.2329 0.9412 -0.2448
vn -0.1834 0.9565 -0.2269
vn -0.2277 0.9629 -0.1447
vn -0.1976 0.9700 -0.1414
vn -0.2169 0.9735 -0.0729
vn -0.1975 0.9776 -0.0727
vn -0.2030 0.9789 -0.0242
vn -0.4684 0.8832 -0.0262
vn -0.4914 0.8707 -0.0217
vn -0.2709 0.5245 -0.8071
vn -0.3098 0.5292 -0.7899
vn -0.2816 0.5593 -0.7796
vn -0.3282 0.5629 -0.7586
vn -0.3669 0.5781 -0.7288
vn -0.3712 0.5754 -0.7288
vn -0.3954 0.6026 -0.6932
vn -0.4328 0.6199 -0.6546
vn -0.4331 0.6291 -0.6455
vn -0.4782 0.6527 -0.5876
vn -0.5151 0.6535 -0.5546
vn -0.5159 0.6791 -0.5222
vn -0.2154 0.4089 -0.8868
vn -0.1323 0.3860 -0.9129
vn -0.1477 0.4345 -0.8885
vn -0.1478 0.4580 -0.8766
vn -0.2055 0.5110 -0.8347
vn -0.2466 0.4414 -0.8628
vn -0.2240 0.4542 -0.8623
vn -0.1702 0.4467 -0.8784
vn -0.1838 0.3294 -0.9261
vn -0.1818 0.3368 -0.9239
vn -0.1726 0.2809 -0.9441
vn -0.1917 0.2713 -0.9432
vn -0.4228 0.4367 -0.7940
vn -0.4255 0.4169 -0.8032
vn -0.4445 0.4128 -0.7950
vn -0.3475 0.3505 -0.8697
vn -0.3866 0.3843 -0.8384
vn -0.4166 0.4231 -0.8047
vn -0.3196 0.3348 -0.8864
vn -0.4664 0.3962 -0.7908
vn -0.2964 0.2864 -0.9111
vn -0.4911 0.4094 -0.7689
vn -0.5828 0.4424 -0.6816
vn -0.4506 0.3780 -0.8087
vn -0.5561 0.3641 -0.7471
vn -0.5625 0.3651 -0.7419
vn -0.1968 -0.2315 -0.9527
vn -0.4866 0.8736 -0.0096
vn -0.5430 0.3302 -0.7721
vn -0.0935 -0.2780 -0.9560
vn -0.4796 0.1646 -0.8619
vn -0.5345 0.2128 -0.8179
vn -0.3550 0.0128 -0.9348
vn -0.4101 0.0577 -0.9102
vn -0.2625 -0.0989 -0.9599
vn -0.2586 -0.1008 -0.9607
vn -0.1608 -0.2031 -0.9659
vn -0.7803 0.6038 -0.1629
vn -0.7448 0.5213 -0.4166
vn -0.7463 0.5477 -0.3782
vn -0.5932 0.6197 -0.5138
vn -0.6002 0.5084 -0.6175
vn -0.6378 0.5291 -0.5597
vn -0.6592 0.4790 -0.5797
vn -0.7139 0.4884 -0.5019
vn -0.6741 0.3235 -0.6641
vn -0.5346 0.7224 -0.4385
vn -0.5411 0.6588 -0.5227
vn -0.5785 0.6126 -0.5386
vn -0.4706 0.8687 -0.1545
vn -0.3584 0.8438 -0.3995
vn -0.3908 0.9186 -0.0597
vn -0.2770 0.9440 -0.1792
vn -0.2304 0.9710 -0.0634
vn -0.2044 0.9725 -0.1119
vn -0.3310 0.3417 -0.8796
vn -0.1769 0.2459 -0.9530
vn -0.2917 0.3685 -0.8827
vn -0.2112 0.3676 -0.9057
vn -0.2765 0.4611 -0.8431
vn -0.2262 0.4513 -0.8632
vn -0.2611 0.5247 -0.8103
vn -0.2519 0.5243 -0.8135
vn -0.5457 0.3502 -0.7613
vn -0.5094 0.3519 -0.7853
vn -0.4903 0.3396 -0.8027
vn -0.5282 0.4461 -0.7225
vn -0.4378 0.4107 -0.7998
vn -0.2774 0.8749 -0.3970
vn -0.2809 0.8690 -0.4073
vn -0.3500 0.8471 -0.3999
vn -0.3550 0.8266 -0.4367
vn -0.4422 0.7849 -0.4339
vn -0.4427 0.7652 -0.4674
vn -0.5138 0.7195 -0.4672
vn -0.4648 0.6286 -0.6236
vn -0.4372 0.4070 -0.8020
vn -0.4288 0.4723 -0.7701
vn -0.3936 0.5011 -0.7707
vn -0.4065 0.5485 -0.7307
vn -0.3497 0.5858 -0.7312
vn -0.3564 0.6328 -0.6875
vn -0.3080 0.6560 -0.6891
vn -0.3060 0.7025 -0.6426
vn -0.2704 0.7135 -0.6464
vn -0.2815 0.6426 -0.7126
vn -0.2611 0.6478 -0.7156
vn -0.0433 -0.0413 -0.9982
vn -0.0382 -0.0448 -0.9983
vn -0.0384 -0.0445 -0.9983
vn -0.0809 -0.0519 -0.9954
vn -0.0755 -0.0617 -0.9952
vn -0.0760 -0.0523 -0.9957
vn -0.0444 -0.0519 -0.9977
vn -0.0462 -0.0498 -0.9977
vn -0.0608 -0.0555 -0.9966
vn -0.0618 -0.0539 -0.9966
vn -0.0688 -0.0594 -0.9959
vn -0.0836 -0.0536 -0.9951
vn -0.0835 -0.0519 -0.9952
vn -0.0602 0.0122 -0.9981
vn -0.0761 -0.0526 -0.9957
vn -0.0746 -0.0288 -0.9968
vn -0.0810 0.0702 -0.9942
vn -0.0843 -0.0071 -0.9964
vn -0.0887 -0.0076 -0.9960
vn -0.0896 -0.0113 -0.9959
vn -0.0900 -0.0106 -0.9959
vn -0.0913 -0.0140 -0.9957
vn -0.0915 -0.0198 -0.9956
vn -0.0970 -0.0097 -0.9952
vn -0.0923 -0.0352 -0.9951
vn -0.0929 -0.0287 -0.9953
vn -0.0932 -0.0214 -0.9954
vn -0.0839 -0.0522 -0.9951
vn -0.0842 -0.0519 -0.9951
vn -0.0876 -0.0480 -0.9950
vn -0.0896 -0.0423 -0.9951
vn -0.0902 -0.0394 -0.9951
vn -0.0550 0.0120 -0.9984
vn -0.0540 0.0140 -0.9984
vn -0.0560 0.0114 -0.9984
vn -0.0839 0.3988 -0.9132
vn 0.1680 0.6588 -0.7333
vn 0.2370 0.8958 -0.3761
vn -0.0494 0.1610 -0.9857
vn -0.0837 0.1179 -0.9895
vn -0.0794 0.1385 -0.9872
vn -0.0974 0.1257 -0.9873
vn 0.0014 0.1876 -0.9822
vn -0.0210 0.1599 -0.9869
vn 0.2138 0.8469 -0.4869
vn 0.2100 0.8207 -0.5313
vn 0.1313 0.6049 -0.7854
vn 0.0400 0.2182 -0.9751
vn 0.0330 0.2496 -0.9678
vn 0.0674 0.4154 -0.9072
vn -0.0147 0.4302 -0.9026
vn 0.0203 0.6872 -0.7261
vn 0.0255 0.6658 -0.7457
vn 0.0574 0.8690 -0.4914
vn 0.0623 0.8551 -0.5146
vn -0.0339 0.1462 -0.9887
vn -0.0540 0.1497 -0.9873
vn -0.0228 0.4129 -0.9105
vn -0.0784 0.4158 -0.9061
vn -0.0731 0.6710 -0.7379
vn -0.0658 0.6503 -0.7568
vn -0.0564 0.8590 -0.5088
vn -0.0484 0.8411 -0.5387
vn 0.0623 0.2093 -0.9759
vn 0.0462 0.1364 -0.9896
vn 0.0438 0.1396 -0.9892
vn 0.0273 0.1855 -0.9823
vn 0.1710 0.3984 -0.9011
vn 0.2167 0.5726 -0.7907
vn 0.2810 0.6390 -0.7160
vn 0.3328 0.7742 -0.5383
vn 0.3677 0.8070 -0.4622
vn 0.3764 0.8437 -0.3827
vn 0.5224 0.6854 -0.5073
vn 0.1753 0.0807 -0.9812
vn 0.1955 0.1051 -0.9751
vn 0.2560 0.1963 -0.9465
vn 0.2555 0.1970 -0.9465
vn 0.1550 0.0987 -0.9830
vn 0.1455 0.0938 -0.9849
vn 0.1491 0.0880 -0.9849
vn 0.1543 0.1301 -0.9794
vn 0.0897 0.0818 -0.9926
vn 0.1375 0.1375 -0.9809
vn 0.0863 0.0912 -0.9921
vn 0.1176 0.1419 -0.9829
vn 0.0761 0.0973 -0.9923
vn 0.1125 0.1716 -0.9787
vn 0.0631 0.1050 -0.9925
vn 0.0726 0.1310 -0.9887
vn 0.4288 0.7226 -0.5423
vn 0.5755 0.7376 -0.3532
vn 0.5664 0.6010 -0.5638
vn 0.6101 0.6582 -0.4412
vn 0.6232 0.5736 -0.5316
vn 0.5968 0.5440 -0.5898
vn 0.6977 0.5462 -0.4636
vn 0.6816 0.5339 -0.5004
vn 0.5802 0.4069 -0.7056
vn 0.4657 0.3102 -0.8288
vn 0.6061 0.4038 -0.6852
vn 0.5830 0.4029 -0.7055
vn 0.3676 0.2139 -0.9050
vn 0.3696 0.2139 -0.9042
vn 0.3640 0.2233 -0.9042
vn 0.4814 0.2956 -0.8251
vn 0.4753 0.2952 -0.8288
vn 0.4835 0.7825 -0.3924
vn 0.3648 0.6105 -0.7030
vn 0.4377 0.5601 -0.7033
vn 0.4341 0.5562 -0.7086
vn 0.4844 0.5128 -0.7088
vn 0.4719 0.5013 -0.7253
vn 0.5079 0.4648 -0.7253
vn 0.4841 0.4455 -0.7531
vn 0.5207 0.4027 -0.7528
vn 0.4221 0.3282 -0.8451
vn 0.4451 0.2956 -0.8453
vn 0.3414 0.2282 -0.9118
vn 0.3504 0.2140 -0.9118
vn 0.2326 0.1441 -0.9618
vn 0.0797 0.0277 -0.9964
vn 0.2606 0.4252 -0.8668
vn 0.2268 0.3767 -0.8982
vn 0.2706 0.3463 -0.8982
vn 0.2681 0.3435 -0.9001
vn 0.2992 0.3166 -0.9001
vn 0.2908 0.3087 -0.9056
vn 0.3128 0.2862 -0.9057
vn 0.2968 0.2729 -0.9151
vn 0.3183 0.2478 -0.9150
vn 0.0617 0.0468 -0.9970
vn 0.1228 0.0887 -0.9885
vn 0.3749 0.8403 -0.3916
vn 0.3356 0.7710 -0.5413
vn 0.0371 0.0893 -0.9953
vn 0.0562 0.1397 -0.9886
vn 0.0992 0.2282 -0.9685
vn 0.2003 0.4568 -0.8667
vn 0.2010 0.4578 -0.8661
vn 0.3253 0.7282 -0.6032
vn -0.0451 0.1752 -0.9835
vn 0.2350 0.8902 -0.3903
vn 0.2320 0.8810 -0.4123
vn 0.1922 0.7640 -0.6159
vn 0.1969 0.7749 -0.6007
vn 0.1123 0.5027 -0.8572
vn 0.1086 0.4927 -0.8634
vn 0.0232 0.0951 -0.9952
vn 0.0410 0.2544 -0.9662
vn 0.0208 0.1763 -0.9841
vn -0.0244 0.0321 -0.9992
vn 0.0722 0.9098 -0.4088
vn 0.0708 0.8967 -0.4369
vn 0.0528 0.7881 -0.6132
vn 0.0533 0.7721 -0.6333
vn 0.0196 0.5179 -0.8552
vn 0.0198 0.5035 -0.8638
vn -0.0159 0.1822 -0.9831
vn -0.0159 0.1742 -0.9846
vn -0.0572 0.1341 -0.9893
vn -0.0486 0.1337 -0.9898
vn -0.0469 0.4103 -0.9108
vn -0.0549 0.5057 -0.8609
vn -0.0468 0.6586 -0.7510
vn -0.0534 0.7752 -0.6295
vn -0.0442 0.8443 -0.5340
vn -0.0445 0.9002 -0.4331
vn -0.0457 -0.0036 -0.9989
vn -0.0441 -0.0036 -0.9990
vn -0.0462 -0.0059 -0.9989
vn -0.0442 -0.0052 -0.9990
vn -0.0460 -0.0081 -0.9989
vn -0.0459 -0.0081 -0.9989
vn -0.0505 -0.0107 -0.9987
vn -0.0462 -0.0078 -0.9989
vn -0.1612 -0.0010 -0.9869
vn -0.0425 -0.0019 -0.9991
vn -0.3865 0.3214 -0.8645
vn -0.2257 0.2849 -0.9316
vn -0.4185 0.6011 -0.6808
vn -0.1768 0.0640 -0.9822
vn -0.0923 0.2501 -0.9638
vn -0.1930 0.1303 -0.9725
vn -0.1386 0.5047 -0.8521
vn -0.1400 0.5028 -0.8530
vn -0.0418 -0.0058 -0.9991
vn -0.0408 -0.0039 -0.9992
vn -0.0433 -0.0035 -0.9991
vn -0.0378 -0.0018 -0.9993
vn -0.0337 -0.0093 -0.9994
vn -0.0371 -0.0020 -0.9993
vn -0.0384 -0.0005 -0.9993
vn -0.0305 0.0014 -0.9995
vn -0.0328 0.0034 -0.9995
vn -0.0276 0.0044 -0.9996
vn -0.0285 0.0044 -0.9996
vn -0.0354 0.0070 -0.9993
vn -0.0248 0.0026 -0.9997
vn -0.0367 0.0082 -0.9993
vn -0.0265 0.0027 -0.9996
vn -0.0251 0.0021 -0.9997
vn -0.0281 0.0066 -0.9996
vn -0.0318 0.0044 -0.9995
vn -0.0337 0.0068 -0.9994
vn -0.0391 0.0106 -0.9992
vn -0.0173 0.0064 -0.9998
vn -0.0104 0.0039 -0.9999
vn -0.0114 0.0046 -0.9999
vn -0.0003 0.0002 -1.0000
vn -0.0015 0.0006 -1.0000
vn -0.0029 0.0003 -1.0000
vn -0.0046 0.0018 -1.0000
vn -0.0003 0.0056 -1.0000
vn 0.0024 0.0090 -1.0000
vn -0.0010 0.0053 -1.0000
vn -0.0002 0.0020 -1.0000
vn -0.0004 0.0001 -1.0000
vn -0.0012 0.0004 -1.0000
vn -0.0027 0.0019 -1.0000
vn -0.0025 0.0012 -1.0000
vn 0.0141 0.0469 -0.9988
vn 0.0142 0.0470 -0.9988
vn 0.0011 0.0336 -0.9994
vn 0.0088 0.0498 -0.9987
vn -0.0223 0.0087 -0.9997
vn -0.0140 0.0626 -0.9979
vn -0.0167 0.0572 -0.9982
vn -0.0535 0.0209 -0.9983
vn -0.0375 0.0517 -0.9980
vn -0.0578 0.0226 -0.9981
vn -0.0579 0.0225 -0.9981
vn -0.0469 0.0496 -0.9977
vn -0.2754 -0.4402 -0.8546
vn -0.0608 0.0525 -0.9968
vn -0.1098 0.1893 -0.9758
vn -0.0978 0.2068 -0.9735
vn -0.1112 0.0845 -0.9902
vn -0.0554 0.2474 -0.9673
vn -0.1457 0.0965 -0.9846
vn -0.1193 0.2223 -0.9676
vn -0.1576 0.2221 -0.9622
vn -0.1117 0.2890 -0.9508
vn -0.1082 0.2925 -0.9501
vn -0.0888 0.3182 -0.9439
vn -0.0769 0.3931 -0.9163
vn -0.1210 0.3419 -0.9319
vn -0.1046 0.3680 -0.9239
vn -0.1461 0.3197 -0.9362
vn -0.0967 0.4076 -0.9080
vn -0.0891 0.4272 -0.8997
vn -0.1319 0.3874 -0.9124
vn -0.0884 0.4765 -0.8747
vn -0.1215 0.4496 -0.8849
vn -0.1106 0.4975 -0.8604
vn -0.1177 0.4943 -0.8613
vn -0.4179 0.5837 -0.6962
vn -0.1413 0.5142 -0.8460
vn -0.1716 0.4779 -0.8615
vn -0.1613 0.4553 -0.8756
vn -0.1611 0.4719 -0.8668
vn -0.1615 0.4707 -0.8674
vn -0.1618 0.6450 -0.7469
vn -0.1061 0.7222 -0.6834
vn -0.3372 0.5223 -0.7833
vn -0.4124 0.8436 -0.3440
vn -0.4460 0.7627 -0.4684
vn -0.5390 0.5604 -0.6288
vn -0.5316 0.6066 -0.5912
vn -0.5496 0.5765 -0.6046
vn -0.4006 0.4141 -0.8173
vn -0.5206 0.5455 -0.6568
vn -0.5305 0.5215 -0.6683
vn -0.5306 0.5256 -0.6650
vn -0.2031 0.4015 -0.8931
vn -0.2920 0.1530 -0.9441
vn -0.1961 0.1117 -0.9742
vn -0.2235 0.3619 -0.9050
vn -0.1731 0.3801 -0.9086
vn -0.1973 0.3841 -0.9020
vn -0.1002 0.3211 -0.9417
vn -0.1552 0.3056 -0.9394
vn -0.1838 0.3127 -0.9319
vn -0.0146 0.0057 -0.9999
vn -0.2931 0.2514 -0.9224
vn -0.3177 0.1457 -0.9369
vn -0.2612 0.2149 -0.9411
vn -0.1890 0.1700 -0.9672
vn -0.1574 0.0736 -0.9848
vn -0.1360 0.0656 -0.9885
vn -0.0703 0.0356 -0.9969
vn -0.0637 0.0364 -0.9973
vn -0.0147 0.0057 -0.9999
vn -0.3448 0.2770 -0.8969
vn -0.2856 0.2985 -0.9107
vn -0.3063 0.3218 -0.8959
vn -0.2048 0.3891 -0.8981
vn -0.2122 0.4002 -0.8915
vn -0.2647 0.3003 -0.9164
vn -0.2719 0.3465 -0.8978
vn -0.2743 0.3416 -0.8989
vn -0.2707 0.3167 -0.9091
vn 0.0001 -0.0000 -1.0000
vn 0.0009 -0.0008 -1.0000
vn -0.3346 0.9291 -0.1576
vn -0.3337 0.9304 -0.1520
vn -0.3332 0.9380 -0.0959
vn -0.3345 0.9296 -0.1549
vn -0.3338 0.9301 -0.1531
vn -0.3340 0.9300 -0.1535
vn -0.3336 0.9284 -0.1634
vn -0.3342 0.9304 -0.1508
vn 0.4554 0.7602 -0.4633
vn 0.0593 0.1296 -0.9898
vn 0.0877 0.1585 -0.9835
vn 0.0795 0.1186 -0.9898
vn 0.1094 0.1254 -0.9861
vn 0.1099 0.1259 -0.9859
vn 0.1059 0.0975 -0.9896
vn 0.1314 0.1040 -0.9859
vn 0.1261 0.0958 -0.9874
vn 0.1233 0.0587 -0.9906
vn 0.1401 0.0792 -0.9870
vn 0.1274 0.0231 -0.9916
vn 0.1911 0.0686 -0.9792
vn 0.1027 -0.0461 -0.9936
vn 0.4797 0.2704 -0.8347
vn 0.3546 0.2057 -0.9121
vn 0.3569 0.2049 -0.9114
vn 0.3684 0.1938 -0.9093
vn 0.1912 0.0883 -0.9776
vn 0.1867 0.0893 -0.9783
vn 0.5733 0.4016 -0.7142
vn 0.5785 0.3994 -0.7112
vn 0.5977 0.3758 -0.7082
vn 0.4536 0.2915 -0.8422
vn 0.4646 0.2876 -0.8375
vn 0.4467 0.7525 -0.4839
vn 0.5536 0.7265 -0.4071
vn 0.5397 0.6782 -0.4987
vn 0.6227 0.6722 -0.4006
vn 0.6003 0.6179 -0.5078
vn 0.6590 0.6034 -0.4490
vn 0.6324 0.5593 -0.5360
vn 0.4998 0.4332 -0.7500
vn 0.5311 0.4523 -0.7165
vn 0.4871 0.4964 -0.7185
vn 0.5046 0.5082 -0.6979
vn 0.4461 0.5588 -0.6991
vn 0.4519 0.5634 -0.6916
vn 0.3737 0.6181 -0.6916
vn 0.3557 0.5997 -0.7168
vn 0.4691 0.2582 -0.8446
vn 0.3556 0.1882 -0.9155
vn 0.3730 0.1684 -0.9124
vn 0.2797 0.1155 -0.9531
vn 0.2911 0.1044 -0.9510
vn 0.2135 0.0645 -0.9748
vn 0.1427 -0.0510 -0.9884
vn 0.1415 -0.0511 -0.9886
vn 0.1440 -0.0280 -0.9892
vn 0.1588 -0.0290 -0.9869
vn 0.1907 0.0169 -0.9815
vn 0.1915 0.0120 -0.9814
vn 0.3073 0.1270 -0.9431
vn 0.2878 0.1506 -0.9458
vn 0.2175 0.3741 -0.9015
vn 0.2310 0.3892 -0.8917
vn 0.2863 0.3504 -0.8918
vn 0.2820 0.3467 -0.8946
vn 0.3241 0.3102 -0.8937
vn 0.3116 0.3009 -0.9013
vn 0.3443 0.2681 -0.8998
vn 0.3224 0.2535 -0.9120
vn 0.3554 0.2167 -0.9092
vn 0.5468 0.3803 -0.7459
vn 0.4342 0.3004 -0.8493
vn 0.6773 0.5047 -0.5354
vn 0.5012 0.3827 -0.7761
vn -0.0713 -0.0882 -0.9935
vn -0.0479 0.0105 -0.9988
vn 0.0363 -0.0706 -0.9968
vn 0.2762 0.1541 -0.9487
vn 0.0769 -0.0627 -0.9951
vn 0.1033 -0.0457 -0.9936
vn 0.0331 -0.1305 -0.9909
vn 0.0651 -0.1171 -0.9910
vn 0.0794 -0.1251 -0.9890
vn -0.0125 -0.0402 -0.9991
vn 0.0701 0.0366 -0.9969
vn -0.0966 -0.1411 -0.9853
vn 0.6425 0.5868 -0.4928
vn 0.1296 0.0627 -0.9896
vn -0.0746 -0.1381 -0.9876
vn -0.3221 0.2951 -0.8996
vn -0.1716 0.3158 -0.9332
vn 0.0171 0.3414 -0.9397
vn -0.0387 0.3649 -0.9302
vn -0.0219 0.3448 -0.9384
vn -0.0856 0.3575 -0.9300
vn -0.1130 0.3461 -0.9314
vn -0.1209 0.3482 -0.9296
vn -0.1462 0.3497 -0.9254
vn -0.1662 0.3427 -0.9246
vn -0.2204 0.3439 -0.9128
vn -0.3111 0.2999 -0.9018
vn -0.2665 0.2530 -0.9300
vn -0.2185 0.1975 -0.9556
vn -0.2482 0.2646 -0.9319
vn -0.2332 0.3644 -0.9016
vn -0.2902 0.2249 -0.9302
vn -0.2903 0.2252 -0.9301
vn -0.3454 0.2636 -0.9007
vn -0.3413 0.2285 -0.9117
vn -0.3708 0.2624 -0.8909
vn -0.3813 0.2520 -0.8895
vn -0.3815 0.2526 -0.8892
vn -0.4031 0.2694 -0.8746
vn -0.3519 0.3022 -0.8859
vn -0.4727 0.3336 -0.8156
vn -0.3899 0.2641 -0.8822
vn -0.3998 0.2771 -0.8737
vn -0.4109 0.2791 -0.8679
vn -0.3478 0.2500 -0.9036
vn -0.3598 0.2513 -0.8985
vn -0.3747 0.2575 -0.8907
vn -0.3081 0.2479 -0.9185
vn -0.3801 0.2837 -0.8804
vn -0.2206 0.3304 -0.9177
vn -0.2650 0.3127 -0.9121
vn -0.2849 0.3151 -0.9053
vn -0.2932 0.3035 -0.9066
vn -0.3183 0.2809 -0.9054
vn 0.1236 0.3032 -0.9449
vn 0.1068 0.3065 -0.9459
vn 0.1060 0.3078 -0.9455
vn 0.0412 0.3495 -0.9360
vn 0.0538 0.3226 -0.9450
vn 0.0193 0.3404 -0.9401
vn 0.1294 0.3015 -0.9447
vn 0.1522 0.2920 -0.9442
vn 0.1616 0.2735 -0.9482
vn 0.1842 0.2712 -0.9447
vn 0.2052 0.2477 -0.9469
vn 0.2057 0.2438 -0.9477
vn 0.2276 0.2351 -0.9450
vn 0.2393 0.2130 -0.9473
vn 0.2541 0.2144 -0.9431
vn 0.2636 0.1927 -0.9452
vn 0.2660 0.1916 -0.9447
vn 0.2836 0.1786 -0.9421
vn 0.2929 0.1791 -0.9392
vn 0.2971 0.1385 -0.9447
vn 0.3013 0.1388 -0.9434
vn 0.3514 0.1110 -0.9296
vn 0.2888 0.0953 -0.9526
vn 0.3604 0.0947 -0.9280
vn 0.3629 0.0765 -0.9287
vn -0.0585 -0.0423 -0.9974
vn -0.0537 -0.0419 -0.9977
vn -0.0365 -0.0441 -0.9984
vn -0.0474 -0.0433 -0.9979
vn -0.0401 -0.0458 -0.9981
vn -0.0430 -0.0376 -0.9984
vn -0.0459 -0.0381 -0.9982
vn -0.0491 -0.0382 -0.9981
vn -0.0486 -0.0394 -0.9980
vn -0.0476 -0.0431 -0.9979
vn -0.0472 -0.0466 -0.9978
vn -0.0476 -0.0500 -0.9976
vn -0.0461 -0.0419 -0.9981
vn -0.0458 -0.0415 -0.9981
vn -0.0810 -0.0225 -0.9965
vn -0.0801 -0.0221 -0.9965
vn -0.0789 -0.0223 -0.9966
vn -0.0765 -0.0230 -0.9968
vn -0.0747 -0.0236 -0.9969
vn -0.0689 -0.0261 -0.9973
vn -0.0642 -0.0287 -0.9975
vn -0.0331 -0.0507 -0.9982
vn -0.0344 -0.0499 -0.9982
vn -0.0309 -0.0549 -0.9980
vn -0.0360 -0.0501 -0.9981
vn -0.0337 -0.0515 -0.9981
vn -0.0286 -0.0575 -0.9979
vn -0.0304 -0.0569 -0.9979
vn -0.0300 -0.0571 -0.9979
vn -0.0329 -0.0552 -0.9979
vn -0.0300 -0.0564 -0.9980
vn -0.0315 -0.0552 -0.9980
vn -0.0312 -0.0548 -0.9980
vn -0.0765 -0.0052 -0.9971
vn -0.0302 -0.0562 -0.9980
vn -0.0767 -0.0252 -0.9967
vn -0.0310 -0.0557 -0.9980
vn -0.0392 -0.0505 -0.9980
vn -0.0444 -0.0425 -0.9981
vn -0.0559 -0.0416 -0.9976
vn -0.0717 -0.0334 -0.9969
vn -0.0259 -0.0578 -0.9980
vn -0.0309 -0.0532 -0.9981
vn -0.0283 -0.0574 -0.9980
vn -0.0284 -0.0573 -0.9980
vn 0.5764 0.2298 -0.7842
vn 0.5646 0.0924 -0.8201
vn 0.5620 0.0968 -0.8214
vn 0.5911 0.1245 -0.7970
vn 0.5622 0.1315 -0.8165
vn 0.5668 0.1618 -0.8079
vn 0.5663 0.1620 -0.8081
vn 0.5567 0.1858 -0.8097
vn 0.5473 0.1860 -0.8160
vn 0.5677 0.2338 -0.7893
vn 0.5525 0.2304 -0.8010
vn 0.5496 0.2494 -0.7973
vn 0.5404 0.2660 -0.7982
vn 0.5542 0.2704 -0.7873
vn 0.5395 0.2778 -0.7948
vn 0.5264 0.2983 -0.7962
vn 0.5300 0.2991 -0.7935
vn 0.5140 0.3153 -0.7977
vn 0.5006 0.3225 -0.8034
vn 0.5159 0.3306 -0.7903
vn 0.5001 0.3286 -0.8012
vn 0.4980 0.3295 -0.8021
vn 0.4893 0.3264 -0.8087
vn 0.5022 0.3193 -0.8037
vn 0.4878 0.3245 -0.8104
vn 0.5210 0.3087 -0.7957
vn 0.4841 0.2918 -0.8249
vn 0.5495 0.2643 -0.7926
vn -0.2203 0.9754 -0.0000
vn -0.2204 0.9754 -0.0000
vn -0.2203 0.9754 0.0001
vn 0.5955 -0.8016 -0.0530
vn 0.7378 -0.6748 -0.0153
vn 0.6753 -0.7375 -0.0054
vn 0.0302 -0.0962 -0.9949
vn 0.0342 -0.1020 -0.9942
vn 0.0319 -0.0839 -0.9960
vn 0.0431 -0.1124 -0.9927
vn 0.0410 -0.1220 -0.9917
vn 0.0376 -0.1307 -0.9907
vn 0.0924 -0.1243 -0.9879
vn 0.0785 -0.1462 -0.9861
vn 0.0027 -0.0747 -0.9972
vn 0.0031 -0.0716 -0.9974
vn -0.0191 -0.0879 -0.9960
vn -0.0162 -0.0850 -0.9962
vn 0.3978 -0.5352 -0.7452
vn 0.0147 -0.0461 -0.9988
vn 0.1051 -0.0879 -0.9906
vn 0.0566 -0.0512 -0.9971
vn 0.0579 -0.0538 -0.9969
vn 0.0412 -0.0292 -0.9987
vn 0.0334 -0.0130 -0.9994
vn 0.0422 -0.0130 -0.9990
vn -0.0005 -0.0038 -1.0000
vn 0.0840 -0.0808 -0.9932
vn 0.1135 -0.1106 -0.9874
vn 0.1370 -0.1393 -0.9807
vn 0.1238 -0.1292 -0.9839
vn 0.1417 -0.1477 -0.9788
vn 0.3343 -0.4780 -0.8122
vn 0.3906 -0.4991 -0.7736
vn 0.3436 -0.4446 -0.8272
vn 0.3007 -0.3902 -0.8702
vn 0.3011 -0.3906 -0.8699
vn 0.2462 -0.2933 -0.9238
vn 0.2564 -0.3009 -0.9185
vn 0.1880 -0.2281 -0.9553
vn 0.2273 -0.2564 -0.9395
vn 0.1572 -0.1856 -0.9700
vn 0.1940 -0.2074 -0.9588
vn 0.1608 -0.1724 -0.9718
vn 0.0004 0.0002 -1.0000
vn -0.0002 0.0006 -1.0000
vn -0.0004 0.0002 -1.0000
vn -0.0003 -0.0003 -1.0000
vn 0.0002 0.0001 -1.0000
vn -0.4891 -0.8722 -0.0000
vn -0.9999 -0.0125 -0.0000
vn -0.5108 0.8597 -0.0000
vn 0.4891 0.8722 -0.0000
vn 0.9999 0.0125 -0.0000
vn 0.9999 0.0125 0.0001
vn 0.5108 -0.8597 -0.0000
vn 0.5108 -0.8597 -0.0001
vn 0.5107 -0.8597 -0.0000
vn -0.7421 0.6516 -0.1574
vn -0.6982 0.7037 -0.1313
vn -0.5717 0.8192 -0.0464
vn -0.6864 0.7228 -0.0798
vn -0.6629 0.7486 -0.0132
vn -0.6581 0.7528 -0.0140
vn -0.6790 0.7341 -0.0000
vn -0.6318 0.7732 0.0549
vn -0.7345 0.6612 0.1527
vn -0.6928 0.7173 0.0744
vn -0.6888 0.7241 0.0348
vn -0.6946 0.7192 0.0155
vn -0.6679 0.7442 0.0071
vn -0.6790 0.7341 0.0001
vn -0.1032 0.9935 -0.0479
vn -0.0861 0.9953 -0.0453
vn -0.0431 0.9991 0.0003
vn -0.0401 0.9992 -0.0052
vn -0.0522 0.9986 -0.0077
vn -0.0525 0.9984 -0.0219
vn -0.0685 0.9970 -0.0368
vn -0.0805 0.9963 -0.0300
vn -0.0809 0.9959 -0.0393
vn -0.4671 0.8747 0.1297
vn 0.2832 0.1164 0.9520
vn -0.0436 0.7919 0.6090
vn -0.2373 0.9397 0.2461
vn -0.2607 0.9611 0.0910
vn -0.2858 0.9463 0.1510
vn -0.2478 0.9555 0.1604
vn -0.2401 0.9574 0.1604
vn -0.2520 0.9347 0.2507
vn -0.2261 0.8695 0.4391
vn -0.2593 0.8703 0.4187
vn -0.2577 0.8705 0.4194
vn -0.2659 0.9194 0.2899
vn -0.3411 0.9113 0.2307
vn -0.1362 0.8121 0.5674
vn -0.1371 0.7874 0.6010
vn -0.1825 0.8533 0.4885
vn 0.0206 0.7625 0.6467
vn 0.0228 0.7559 0.6543
vn 0.0856 0.7295 0.6786
vn 0.1414 0.6897 0.7102
vn 0.1695 0.6913 0.7024
vn 0.2666 0.6028 0.7520
vn 0.2665 0.6042 0.7509
vn 0.3312 0.5637 0.7567
vn 0.3762 0.5134 0.7713
vn 0.3957 0.5114 0.7628
vn 0.5144 0.3666 0.7752
vn 0.4545 0.4028 0.7945
vn 0.4462 0.3833 0.8087
vn 0.4453 0.4420 0.7787
vn 0.6208 0.1645 0.7665
vn 0.6187 0.1941 0.7613
vn 0.5910 0.2049 0.7802
vn 0.5888 0.2545 0.7671
vn 0.5330 0.2957 0.7928
vn 0.5243 0.2792 0.8045
vn 0.5347 0.3274 0.7791
vn 0.6186 0.1585 0.7696
vn 0.6336 0.1734 0.7540
vn 0.6379 0.1713 0.7508
vn 0.6265 0.2139 0.7495
vn 0.6550 0.2011 0.7284
vn 0.5310 0.4324 0.7287
vn 0.5816 0.3959 0.7107
vn 0.5465 0.3933 0.7394
vn 0.5919 0.3549 0.7236
vn 0.5960 0.3517 0.7218
vn 0.5959 0.3059 0.7426
vn 0.6249 0.2800 0.7288
vn 0.6191 0.2412 0.7474
vn 0.6403 0.2141 0.7377
vn 0.5418 0.4450 0.7131
vn 0.5413 0.4456 0.7131
vn 0.5541 0.4379 0.7080
vn 0.5380 0.4704 0.6995
vn 0.5506 0.4558 0.6994
vn 0.5745 0.4622 0.6755
vn 0.6143 0.4186 0.6689
vn 0.5986 0.4555 0.6589
vn 0.6523 0.4290 0.6249
vn 0.6748 0.4056 0.6165
vn 0.7038 0.4275 0.5674
vn 0.7702 0.3718 0.5182
vn 0.7848 0.3984 0.4747
vn 0.8520 0.3489 0.3904
vn 0.8544 0.3654 0.3695
vn 0.9007 0.3440 0.2653
vn 0.9007 0.3437 0.2656
vn 0.9246 0.3423 0.1668
vn 0.9253 0.3396 0.1690
vn 0.9372 0.3354 0.0962
vn 0.9340 0.3460 0.0886
vn 0.9465 0.3213 0.0305
vn 0.9421 0.3342 0.0254
vn 0.9968 -0.0717 0.0351
vn 0.9416 -0.0352 0.3348
vn 0.9707 -0.0800 0.2265
vn 0.9755 -0.0584 0.2122
vn 0.9899 -0.0758 0.1202
vn 0.9893 -0.0800 0.1224
vn 0.9974 -0.0613 0.0383
vn 0.7888 -0.0006 0.6146
vn 0.8326 -0.0175 0.5537
vn 0.8738 0.0021 0.4862
vn 0.8823 -0.0364 0.4692
vn 0.9369 -0.0496 0.3460
vn 0.7362 0.1077 0.6682
vn 0.7579 0.0018 0.6524
vn 0.6759 0.0373 0.7360
vn 0.6309 0.0779 0.7719
vn 0.6086 0.0559 0.7915
vn 0.5048 0.0987 0.8576
vn 0.5046 0.0986 0.8577
vn 0.4116 0.1263 0.9026
vn 0.4176 0.1311 0.8991
vn 0.3497 0.1481 0.9251
vn 0.3531 0.1503 0.9234
vn 0.3143 0.1632 0.9352
vn 0.3090 0.1606 0.9374
vn 0.2975 0.1665 0.9401
vn 0.2859 0.1629 0.9443
vn 0.2857 0.1630 0.9444
vn 0.2839 0.1498 0.9471
vn 0.2821 0.1505 0.9475
vn 0.2871 0.1342 0.9484
vn 0.2831 0.1299 0.9503
vn 0.2858 0.1439 0.9474
vn 0.2906 0.1239 0.9488
vn 0.2818 0.1115 0.9530
vn 0.2846 0.1157 0.9516
vn 0.2461 0.1028 0.9638
vn 0.2639 0.1403 0.9543
vn 0.2228 0.1611 0.9615
vn 0.2321 0.1989 0.9521
vn 0.1761 0.2134 0.9610
vn 0.1725 0.2674 0.9480
vn 0.1279 0.2686 0.9547
vn 0.0882 0.3181 0.9439
vn 0.0560 0.3197 0.9459
vn 0.0155 0.3681 0.9297
vn -0.0311 0.3663 0.9300
vn -0.0666 0.4143 0.9077
vn -0.1688 0.4117 0.8955
vn -0.2309 0.5511 0.8019
vn -0.2048 0.4649 0.8614
vn -0.0934 0.4523 0.8869
vn -0.3399 0.6332 0.6954
vn -0.3064 0.5598 0.7699
vn -0.2482 0.5478 0.7989
vn -0.4342 0.6922 0.5765
vn -0.3865 0.6426 0.6616
vn -0.3388 0.6335 0.6956
vn -0.5420 0.7717 0.3327
vn -0.5133 0.7633 0.3923
vn -0.4911 0.7691 0.4090
vn -0.4989 0.7142 0.4908
vn -0.4174 0.7000 0.5794
vn -0.5446 0.8156 0.1955
vn -0.5310 0.8102 0.2481
vn -0.5440 0.8211 0.1730
vn -0.5306 0.8375 0.1309
vn -0.5302 0.8376 0.1316
vn -0.5251 0.8435 0.1131
vn -0.5451 0.8353 0.0714
vn -0.5458 0.8379 0.0039
vn -0.5588 0.8293 0.0064
vn -0.5246 0.8509 0.0278
vn -0.5284 0.8485 0.0310
vn -0.5562 0.8283 0.0675
vn -0.5326 0.8095 0.2470
vn -0.4356 0.8738 0.2162
vn -0.4339 0.8830 0.1790
vn -0.2701 0.9596 0.0793
vn -0.3362 0.9250 0.1772
vn -0.3349 0.9249 0.1801
vn -0.3373 0.9003 0.2751
vn -0.3832 0.8891 0.2502
vn -0.3709 0.8919 0.2587
vn -0.6908 0.5669 0.4488
vn 0.9788 0.2019 0.0336
vn 0.9789 0.2014 0.0335
vn 0.9731 0.2039 0.1069
vn 0.9733 0.2033 0.1066
vn 0.9602 0.2082 0.1862
vn 0.9606 0.2068 0.1856
vn 0.9303 0.2182 0.2947
vn 0.9314 0.2151 0.2936
vn 0.8711 0.2384 0.4294
vn 0.8734 0.2324 0.4280
vn 0.7773 0.2709 0.5677
vn 0.7811 0.2616 0.5669
vn 0.6683 0.3101 0.6762
vn 0.6732 0.2973 0.6771
vn 0.5753 0.3439 0.7422
vn 0.5805 0.3279 0.7453
vn 0.5137 0.3645 0.7767
vn 0.5180 0.3469 0.7819
vn 0.4810 0.3708 0.7944
vn 0.4836 0.3528 0.8010
vn 0.4715 0.3623 0.8040
vn 0.4721 0.3445 0.8114
vn 0.4796 0.3371 0.8101
vn 0.4781 0.3208 0.8176
vn 0.4999 0.2926 0.8151
vn 0.4964 0.2787 0.8221
vn 0.5192 0.2373 0.8210
vn 0.5140 0.2260 0.8275
vn 0.5281 0.1889 0.8279
vn 0.5220 0.1801 0.8337
vn 0.5281 0.1576 0.8344
vn 0.5123 0.1482 0.8459
vn 0.5023 0.1917 0.8432
vn 0.4907 0.1806 0.8524
vn 0.4574 0.2775 0.8448
vn 0.4438 0.2615 0.8571
vn 0.3828 0.3756 0.8440
vn 0.3713 0.3577 0.8568
vn 0.2897 0.4627 0.8379
vn 0.2879 0.4513 0.8447
vn 0.1898 0.5402 0.8198
vn 0.1898 0.5362 0.8225
vn 0.0745 0.6085 0.7900
vn 0.0729 0.6170 0.7836
vn -0.0326 0.6626 0.7483
vn -0.0401 0.6827 0.7296
vn -0.1697 0.7182 0.6748
vn -0.1706 0.7728 0.6113
vn -0.2823 0.7873 0.5482
vn -0.2847 0.8460 0.4508
vn -0.3254 0.8485 0.4173
vn -0.3183 0.8922 0.3203
vn -0.3552 0.8943 0.2720
vn -0.2703 0.9398 0.2090
vn -0.2744 0.9422 0.1922
vn -0.3555 0.9198 0.1661
vn -0.4689 0.8607 0.1983
vn -0.4148 0.8513 0.3212
vn -0.4356 0.8163 0.3793
vn -0.3723 0.8067 0.4590
vn -0.3793 0.7580 0.5306
vn -0.3127 0.7496 0.5833
vn -0.3085 0.6843 0.6607
vn -0.2046 0.6665 0.7169
vn -0.2005 0.6077 0.7685
vn -0.0938 0.5759 0.8122
vn -0.0859 0.5559 0.8268
vn 0.0009 0.5178 0.8555
vn 0.0023 0.5116 0.8592
vn 0.0996 0.4512 0.8869
vn 0.0992 0.4596 0.8826
vn 0.1850 0.3830 0.9050
vn 0.1867 0.3985 0.8979
vn 0.2600 0.3061 0.9158
vn 0.2725 0.3262 0.9052
vn 0.3270 0.2260 0.9176
vn 0.3417 0.2435 0.9077
vn 0.3711 0.1591 0.9148
vn 0.3834 0.1707 0.9077
vn 0.3931 0.1291 0.9104
vn 0.4086 0.1378 0.9022
vn 0.4054 0.1497 0.9018
vn 0.4113 0.1572 0.8978
vn 0.4020 0.1813 0.8975
vn 0.4074 0.1908 0.8931
vn 0.3930 0.2167 0.8936
vn 0.3973 0.2286 0.8888
vn 0.3865 0.2423 0.8899
vn 0.3892 0.2570 0.8846
vn 0.3934 0.2530 0.8839
vn 0.3943 0.2695 0.8786
vn 0.4186 0.2508 0.8729
vn 0.4176 0.2679 0.8682
vn 0.4673 0.2363 0.8519
vn 0.4647 0.2534 0.8484
vn 0.5454 0.2101 0.8114
vn 0.5419 0.2257 0.8096
vn 0.6541 0.1734 0.7362
vn 0.6507 0.1860 0.7362
vn 0.7766 0.1329 0.6158
vn 0.7740 0.1421 0.6170
vn 0.8798 0.1002 0.4646
vn 0.8784 0.1060 0.4661
vn 0.9445 0.0807 0.3184
vn 0.9439 0.0837 0.3195
vn 0.9770 0.0712 0.2011
vn 0.9768 0.0725 0.2017
vn 0.9910 0.0672 0.1154
vn 0.9910 0.0677 0.1157
vn 0.9972 0.0650 0.0363
vn 0.9972 0.0655 0.0365
vn -0.1032 0.9935 0.0479
vn -0.0862 0.9953 0.0453
vn -0.0789 0.9962 0.0369
vn -0.0660 0.9972 0.0345
vn -0.0525 0.9984 0.0219
vn -0.0522 0.9986 0.0073
vn -0.0415 0.9991 0.0052
vn -0.0431 0.9991 -0.0000
vn -0.2563 0.9506 -0.1754
vn 0.2594 0.5982 -0.7582
vn -0.5444 0.8205 -0.1744
vn -0.5309 0.8372 -0.1317
vn -0.5301 0.8374 -0.1331
vn -0.5310 0.8404 -0.1085
vn -0.5432 0.8051 -0.2384
vn -0.5311 0.8106 -0.2465
vn -0.5430 0.7718 -0.3308
vn -0.5165 0.7642 -0.3864
vn -0.4909 0.7693 -0.4090
vn -0.5033 0.7154 -0.4846
vn -0.4160 0.6992 -0.5814
vn -0.4365 0.6892 -0.5783
vn -0.3842 0.6422 -0.6634
vn -0.1616 0.5658 -0.8085
vn -0.2449 0.5471 -0.8005
vn -0.3738 0.5709 -0.7310
vn -0.2479 0.6605 -0.7087
vn -0.3348 0.6325 -0.6984
vn -0.2597 0.4923 -0.8308
vn -0.1443 0.4566 -0.8779
vn -0.1463 0.4613 -0.8751
vn -0.0859 0.3855 -0.9187
vn -0.0893 0.4359 -0.8955
vn -0.0046 0.3452 -0.9385
vn -0.0045 0.3902 -0.9207
vn 0.0707 0.3034 -0.9502
vn 0.0737 0.3287 -0.9416
vn 0.1486 0.2529 -0.9560
vn 0.1669 0.2848 -0.9439
vn 0.1864 0.1798 -0.9659
vn 0.2400 0.2383 -0.9411
vn 0.2169 0.1280 -0.9678
vn 0.2751 0.1732 -0.9457
vn 0.2555 0.1153 -0.9599
vn 0.2810 0.1104 -0.9533
vn 0.2817 0.1114 -0.9530
vn 0.2828 0.1163 -0.9521
vn 0.2857 0.1189 -0.9509
vn 0.2839 0.1327 -0.9496
vn 0.2859 0.1352 -0.9487
vn 0.2845 0.1502 -0.9468
vn 0.2860 0.1527 -0.9460
vn 0.2844 0.1640 -0.9446
vn 0.2936 0.1627 -0.9420
vn 0.2927 0.1703 -0.9409
vn 0.3370 0.1568 -0.9284
vn 0.3125 0.1609 -0.9362
vn 0.3182 0.1639 -0.9337
vn 0.2975 0.1658 -0.9402
vn 0.3703 0.1585 -0.9153
vn 0.3447 0.1397 -0.9282
vn 0.3954 0.1390 -0.9080
vn 0.4398 0.1438 -0.8865
vn 0.4058 0.1135 -0.9069
vn 0.4723 0.1112 -0.8744
vn 0.5243 0.1132 -0.8440
vn 0.5022 0.0911 -0.8599
vn 0.5695 0.0739 -0.8187
vn 0.6285 0.0673 -0.7749
vn 0.6289 0.0657 -0.7747
vn 0.7242 0.0091 -0.6895
vn 0.7652 0.0495 -0.6419
vn 0.7799 0.0245 -0.6255
vn 0.8634 -0.0003 -0.5045
vn 0.8376 -0.0195 -0.5460
vn 0.8005 -0.0049 -0.5993
vn 0.8946 0.0346 -0.4455
vn 0.8706 -0.0284 -0.4911
vn 0.9181 -0.0455 -0.3938
vn 0.9421 -0.0290 -0.3342
vn 0.9466 -0.0638 -0.3161
vn 0.9740 -0.0569 -0.2192
vn 0.9762 -0.0472 -0.2115
vn 0.9832 -0.0687 -0.1691
vn 0.9905 -0.0639 -0.1218
vn 0.9902 -0.0861 -0.1098
vn 0.9979 -0.0525 -0.0382
vn 0.9969 -0.0717 -0.0317
vn 0.9422 0.3342 -0.0253
vn 0.6725 0.4488 -0.5886
vn 0.7923 0.3521 -0.4983
vn 0.7633 0.4108 -0.4985
vn 0.8598 0.3427 -0.3785
vn 0.8473 0.3672 -0.3837
vn 0.9002 0.3451 -0.2656
vn 0.9007 0.3441 -0.2653
vn 0.9246 0.3421 -0.1677
vn 0.9253 0.3406 -0.1671
vn 0.9385 0.3338 -0.0889
vn 0.9323 0.3490 -0.0950
vn 0.9466 0.3211 -0.0305
vn 0.6177 0.4465 -0.6474
vn 0.6520 0.4292 -0.6250
vn 0.7069 0.3704 -0.6026
vn 0.5969 0.4380 -0.6722
vn 0.5572 0.4821 -0.6762
vn 0.5700 0.4295 -0.7004
vn 0.5484 0.4593 -0.6988
vn 0.5322 0.4567 -0.7129
vn 0.5405 0.4460 -0.7134
vn 0.5400 0.4463 -0.7136
vn 0.5451 0.4181 -0.7267
vn 0.5935 0.3955 -0.7010
vn 0.5443 0.3909 -0.7423
vn 0.6000 0.3489 -0.7200
vn 0.6241 0.2350 -0.7452
vn 0.6213 0.3010 -0.7234
vn 0.6055 0.2705 -0.7485
vn 0.5955 0.3513 -0.7225
vn 0.6429 0.2108 -0.7364
vn 0.6346 0.2165 -0.7419
vn 0.6327 0.1911 -0.7504
vn 0.6381 0.1703 -0.7508
vn 0.6317 0.1730 -0.7557
vn 0.6185 0.1584 -0.7696
vn 0.6208 0.1644 -0.7665
vn 0.6172 0.2110 -0.7580
vn 0.5949 0.1910 -0.7808
vn 0.5331 0.3302 -0.7790
vn 0.5287 0.2941 -0.7963
vn 0.5410 0.2901 -0.7894
vn 0.5860 0.2568 -0.7685
vn 0.4461 0.3984 -0.8014
vn 0.4496 0.3978 -0.7997
vn 0.5091 0.3762 -0.7741
vn 0.3044 0.5813 -0.7546
vn 0.3672 0.5394 -0.7578
vn 0.3696 0.5089 -0.7774
vn 0.4156 0.4830 -0.7707
vn 0.4452 0.4441 -0.7775
vn 0.0164 0.7489 -0.6625
vn 0.0532 0.7433 -0.6668
vn 0.1499 0.6981 -0.7001
vn 0.1031 0.6912 -0.7153
vn 0.2468 0.6500 -0.7188
vn -0.2534 0.8741 -0.4144
vn -0.2127 0.8650 -0.4545
vn -0.1237 0.8253 -0.5510
vn -0.2026 0.7928 -0.5748
vn -0.0196 0.8014 -0.5978
vn -0.2701 0.9596 -0.0792
vn -0.2607 0.9611 -0.0910
vn -0.2859 0.9463 -0.1510
vn 0.0965 0.9933 0.0634
vn -0.2737 0.9397 -0.2051
vn -0.2373 0.9397 -0.2461
vn -0.3007 0.9160 -0.2654
vn -0.2482 0.9032 -0.3501
vn -0.5242 0.8439 -0.1137
vn -0.5659 0.8212 -0.0732
vn -0.5572 0.8277 -0.0667
vn -0.5488 0.8356 -0.0256
vn -0.5907 0.8068 -0.0126
vn -0.5458 0.8379 -0.0026
vn -0.2478 0.9555 -0.1604
vn -0.3832 0.8891 -0.2503
vn -0.4189 0.8784 -0.2299
vn -0.3015 0.9191 -0.2536
vn -0.3362 0.9250 -0.1771
vn -0.3556 0.9198 -0.1660
vn -0.2417 0.9570 -0.1604
vn -0.4882 0.8072 -0.3317
vn -0.3709 0.8919 -0.2587
vn -0.3552 0.8943 -0.2720
vn -0.2760 0.8860 -0.3726
vn -0.3760 0.8483 -0.3728
vn -0.2336 0.8397 -0.4903
vn -0.3380 0.7896 -0.5122
vn -0.1342 0.7654 -0.6294
vn -0.2072 0.7258 -0.6560
vn -0.0219 0.6766 -0.7360
vn -0.0506 0.6694 -0.7411
vn 0.0792 0.6140 -0.7854
vn 0.0684 0.6120 -0.7879
vn 0.1873 0.5379 -0.8219
vn 0.1921 0.5383 -0.8206
vn 0.2820 0.4570 -0.8436
vn 0.2949 0.4563 -0.8395
vn 0.3653 0.3659 -0.8559
vn 0.3879 0.3668 -0.8456
vn 0.4393 0.2705 -0.8566
vn 0.4609 0.2681 -0.8460
vn 0.4883 0.1883 -0.8521
vn 0.5042 0.1839 -0.8438
vn 0.5110 0.1540 -0.8457
vn 0.5296 0.1519 -0.8345
vn 0.5202 0.1864 -0.8334
vn 0.5304 0.1828 -0.8278
vn 0.5110 0.2334 -0.8273
vn 0.5229 0.2303 -0.8207
vn 0.4918 0.2868 -0.8221
vn 0.5055 0.2853 -0.8143
vn 0.4717 0.3289 -0.8182
vn 0.4869 0.3299 -0.8088
vn 0.4644 0.3520 -0.8127
vn 0.4799 0.3558 -0.8020
vn 0.4753 0.3593 -0.8031
vn 0.4898 0.3653 -0.7916
vn 0.5097 0.3524 -0.7849
vn 0.5223 0.3600 -0.7730
vn 0.5732 0.3322 -0.7491
vn 0.5829 0.3406 -0.7378
vn 0.6677 0.3001 -0.6812
vn 0.6738 0.3080 -0.6716
vn 0.7777 0.2633 -0.5708
vn 0.7807 0.2699 -0.5636
vn 0.8718 0.2332 -0.4309
vn 0.8727 0.2379 -0.4264
vn 0.9308 0.2154 -0.2952
vn 0.9309 0.2181 -0.2930
vn 0.9605 0.2068 -0.1864
vn 0.9604 0.2082 -0.1854
vn 0.9733 0.2033 -0.1070
vn 0.9732 0.2038 -0.1066
vn 0.9789 0.2013 -0.0336
vn 0.9788 0.2019 -0.0334
vn -0.4662 0.8754 -0.1280
vn -0.4342 0.8822 -0.1823
vn -0.4357 0.8737 -0.2163
vn -0.4688 0.8607 -0.1986
vn -0.3966 0.8454 -0.3579
vn -0.4591 0.8178 -0.3472
vn -0.3397 0.7989 -0.4964
vn -0.4169 0.7604 -0.4980
vn -0.2688 0.7413 -0.6149
vn -0.3555 0.6893 -0.6313
vn -0.1705 0.6587 -0.7328
vn -0.2353 0.6163 -0.7515
vn -0.0769 0.5701 -0.8180
vn -0.1025 0.5626 -0.8204
vn 0.0054 0.5157 -0.8567
vn -0.0020 0.5141 -0.8577
vn 0.0944 0.4546 -0.8857
vn 0.1039 0.4556 -0.8841
vn 0.1768 0.3907 -0.9034
vn 0.1938 0.3899 -0.9002
vn 0.2532 0.3151 -0.9147
vn 0.2780 0.3166 -0.9069
vn 0.3220 0.2356 -0.9170
vn 0.3454 0.2334 -0.9090
vn 0.3685 0.1670 -0.9145
vn 0.3853 0.1627 -0.9083
vn 0.3919 0.1342 -0.9102
vn 0.4100 0.1327 -0.9024
vn 0.4039 0.1549 -0.9016
vn 0.4132 0.1522 -0.8978
vn 0.3997 0.1872 -0.8973
vn 0.4104 0.1853 -0.8929
vn 0.3894 0.2231 -0.8936
vn 0.4017 0.2228 -0.8882
vn 0.3812 0.2489 -0.8903
vn 0.3953 0.2511 -0.8836
vn 0.3868 0.2593 -0.8850
vn 0.4015 0.2640 -0.8770
vn 0.4113 0.2564 -0.8747
vn 0.4253 0.2631 -0.8659
vn 0.4600 0.2411 -0.8546
vn 0.4725 0.2494 -0.8453
vn 0.5389 0.2138 -0.8148
vn 0.5488 0.2228 -0.8057
vn 0.6492 0.1759 -0.7400
vn 0.6557 0.1841 -0.7322
vn 0.7735 0.1344 -0.6193
vn 0.7771 0.1410 -0.6134
vn 0.8784 0.1009 -0.4672
vn 0.8798 0.1055 -0.4634
vn 0.9440 0.0810 -0.3199
vn 0.9444 0.0835 -0.3180
vn 0.9768 0.0712 -0.2018
vn 0.9769 0.0725 -0.2010
vn 0.9910 0.0672 -0.1157
vn 0.9910 0.0676 -0.1154
vn 0.9972 0.0650 -0.0365
vn 0.9972 0.0655 -0.0363
vn 0.9773 0.2120 -0.0000
vn 0.9772 0.2124 -0.0000
vn 0.9596 0.2814 -0.0053
vn 0.9717 0.2364 -0.0050
vn 0.9755 0.2199 0.0084
vn 0.9670 0.2543 -0.0139
vn 0.8270 0.5622 -0.0000
vn 0.8800 0.4748 -0.0083
vn 0.8944 0.4466 -0.0239
vn 0.9302 0.3671 -0.0000
vn 0.9500 0.3123 -0.0000
vn 0.7770 0.6295 -0.0000
vn 0.7239 0.6893 -0.0288
vn 0.6844 0.7291 -0.0000
vn -0.8603 0.5076 0.0474
vn -0.8432 0.4895 0.2225
vn -0.8416 0.4865 0.2345
vn -0.7688 0.4565 0.4478
vn -0.6984 0.4069 0.5887
vn -0.6695 0.3950 0.6291
vn -0.5555 0.3278 0.7642
vn -0.5174 0.3096 0.7978
vn -0.0623 0.0367 0.9974
vn -0.2118 0.1376 0.9676
vn -0.2073 0.1358 0.9688
vn -0.4031 0.2338 0.8848
vn -0.0885 0.0522 0.9947
vn -0.2110 0.1396 0.9675
vn -0.2323 0.1487 0.9612
vn -0.4120 0.2383 0.8795
vn -0.5182 0.3102 0.7970
vn -0.5625 0.3319 0.7572
vn -0.6589 0.3888 0.6439
vn -0.7029 0.4083 0.5825
vn -0.8588 0.5067 0.0750
vn -0.8436 0.4866 0.2271
vn -0.8375 0.4864 0.2490
vn -0.7607 0.4528 0.4651
vn -0.8599 0.5074 0.0554
vn -0.8404 0.4859 0.2399
vn -0.5115 0.3018 0.8045
vn -0.6629 0.3911 0.6385
vn -0.6956 0.4053 0.5932
vn -0.7637 0.4542 0.4587
vn -0.8433 0.4858 0.2299
vn -0.5494 0.3331 0.7663
vn -0.4015 0.2329 0.8857
vn -0.2017 0.1303 0.9707
vn -0.2199 0.1452 0.9647
vn -0.0785 0.0463 0.9958
vn -0.6785 -0.7346 -0.0000
vn -0.7148 -0.6956 0.0721
vn -0.7621 -0.6475 -0.0000
vn -0.8065 -0.5913 -0.0000
vn -0.8560 -0.5167 0.0153
vn -0.8679 -0.4945 0.0464
vn -0.9069 -0.4213 -0.0001
vn -0.9328 -0.3604 -0.0001
vn -0.9540 -0.2971 0.0402
vn -0.9596 -0.2810 0.0127
vn -0.9773 -0.2117 -0.0000
vn -0.9757 -0.2190 -0.0023
vn -0.9762 -0.2169 -0.0058
vn -0.9758 -0.2186 -0.0041
vn -0.1558 0.6897 0.7071
vn -0.9771 -0.2130 -0.0000
vn -0.9768 -0.2142 -0.0002
vn -0.9761 -0.2174 0.0005
vn -0.9761 -0.2172 -0.0001
vn -0.0759 -0.0042 0.9971
vn -0.0763 -0.0253 0.9968
vn -0.0715 -0.0333 0.9969
vn -0.0469 -0.0469 0.9978
vn -0.0468 -0.0382 0.9982
vn -0.0389 -0.0507 0.9980
vn -0.0311 -0.0557 0.9980
vn -0.0300 -0.0563 0.9980
vn -0.0284 -0.0573 0.9980
vn -0.0283 -0.0573 0.9980
vn -0.0292 -0.0559 0.9980
vn -0.0272 -0.0524 0.9983
vn -0.0285 -0.0575 0.9979
vn -0.0304 -0.0569 0.9979
vn -0.0311 -0.0565 0.9979
vn -0.0347 -0.0540 0.9979
vn -0.0304 -0.0562 0.9980
vn -0.0323 -0.0546 0.9980
vn -0.0321 -0.0543 0.9980
vn -0.0336 -0.0532 0.9980
vn -0.0286 -0.0551 0.9981
vn -0.0338 -0.0515 0.9981
vn -0.0330 -0.0509 0.9982
vn -0.0332 -0.0507 0.9982
vn -0.0810 -0.0224 0.9965
vn -0.0476 -0.0432 0.9979
vn -0.0472 -0.0471 0.9978
vn -0.0339 -0.0501 0.9982
vn -0.0468 -0.0436 0.9980
vn -0.0461 -0.0419 0.9981
vn -0.0458 -0.0415 0.9981
vn -0.0476 -0.0401 0.9981
vn -0.0442 -0.0405 0.9982
vn -0.0407 -0.0405 0.9984
vn -0.0402 -0.0458 0.9981
vn -0.0364 -0.0470 0.9982
vn -0.0479 -0.0427 0.9979
vn -0.0542 -0.0420 0.9976
vn -0.0801 -0.0222 0.9965
vn -0.0735 -0.0239 0.9970
vn -0.0776 -0.0225 0.9967
vn -0.0795 -0.0222 0.9966
vn -0.0485 -0.0399 0.9980
vn -0.0608 -0.0309 0.9977
vn -0.0675 -0.0268 0.9974
vn -0.9981 0.0609 -0.0000
vn -0.9876 0.1466 0.0554
vn -0.9696 0.2440 -0.0195
vn -0.3959 0.8702 0.2934
vn -0.4951 0.8677 0.0445
vn -0.2819 0.9594 -0.0000
vn -0.6055 0.7959 -0.0000
vn -0.8496 0.5275 -0.0000
vn -0.7459 0.5930 0.3032
vn -0.8931 0.4488 0.0308
vn 0.2993 0.9542 -0.0000
vn 0.1939 0.9810 -0.0000
vn -0.0218 0.9961 0.0850
vn 0.0418 0.9662 0.2542
vn -0.1732 0.9849 -0.0000
vn 0.4727 0.8613 0.1866
vn 0.4535 0.8824 0.1256
vn 0.6199 0.7846 -0.0000
vn 0.9835 0.1808 0.0007
vn 0.9877 0.1256 0.0929
vn 0.9326 0.3590 -0.0367
vn 0.8184 0.5592 0.1319
vn 0.8194 0.5566 0.1371
vn 0.7084 0.7058 -0.0000
vn 0.8892 -0.4462 0.1007
vn 0.9279 -0.3728 0.0100
vn 0.9931 -0.1167 -0.0108
vn 0.9858 -0.1612 0.0467
vn 0.9997 -0.0225 0.0003
vn 0.6175 -0.7818 0.0869
vn 0.6586 -0.7518 0.0335
vn 0.8137 -0.5808 -0.0227
vn 0.3381 -0.9409 0.0186
vn 0.4011 -0.9160 -0.0000
vn 0.5077 -0.8615 -0.0000
vn 0.1911 -0.9772 0.0921
vn 0.2290 -0.9725 0.0426
vn 0.0453 -0.9990 -0.0000
vn -0.2044 -0.9787 0.0208
vn -0.2722 -0.9549 0.1190
vn -0.0727 -0.9974 -0.0000
vn -0.9163 -0.3526 0.1901
vn -0.8323 -0.5543 0.0012
vn -0.5997 -0.8002 -0.0022
vn -0.6690 -0.7280 0.1499
vn -0.4904 -0.8714 -0.0106
vn -0.8818 -0.4708 -0.0282
vn -0.9898 -0.1417 0.0138
vn -0.9920 -0.1262 -0.0000
vn 0.9193 0.3936 -0.0000
vn 0.1188 0.9929 -0.0000
vn -0.8005 0.5994 -0.0000
vn -0.9193 -0.3936 -0.0000
vn -0.1188 -0.9929 -0.0000
vn 0.8005 -0.5994 -0.0000
vn -0.0533 0.1422 -0.9884
vn -0.0399 0.1237 -0.9915
vn -0.0227 0.1113 -0.9935
vn -0.0226 0.1107 -0.9936
vn -0.0004 0.0819 -0.9966
vn -0.0113 0.0912 -0.9958
vn -0.1367 0.2719 -0.9526
vn -0.1610 0.2537 -0.9538
vn -0.1115 0.2159 -0.9700
vn 0.0070 0.1417 -0.9899
vn -0.0736 0.1339 -0.9883
vn -0.0314 0.1762 -0.9839
vn -0.0812 0.1625 -0.9833
vn -0.0754 0.2035 -0.9762
vn -0.1855 0.1511 -0.9710
vn -0.1126 0.2200 -0.9690
vn -0.1407 0.2409 -0.9603
vn -0.1141 0.2074 -0.9716
vn -0.1010 0.1946 -0.9757
vn -0.0858 0.1730 -0.9812
vn 0.0198 0.0538 -0.9984
vn 0.0296 0.0531 -0.9981
vn 0.0340 0.0504 -0.9981
vn 0.0431 0.0426 -0.9982
vn 0.0186 0.0633 -0.9978
vn 0.0255 0.0550 -0.9982
vn 0.0336 0.0646 -0.9973
vn 0.0307 0.0520 -0.9982
vn 0.0354 0.0470 -0.9983
vn 0.0320 0.0483 -0.9983
vn 0.0246 0.0536 -0.9983
vn 0.0299 0.0483 -0.9984
vn 0.0314 0.0483 -0.9983
vn 0.0595 0.0277 -0.9978
vn 0.0382 0.0446 -0.9983
vn 0.0331 0.0494 -0.9982
vn 0.0038 0.0860 -0.9963
vn -0.0056 0.0874 -0.9962
vn -0.0171 0.0970 -0.9951
vn -0.0142 0.1002 -0.9949
vn -0.0327 0.1134 -0.9930
vn -0.0443 0.1146 -0.9924
vn 0.0269 0.0534 -0.9982
vn 0.0176 0.0605 -0.9980
vn 0.0170 0.0628 -0.9979
vn 0.0065 0.0727 -0.9973
vn 0.0066 0.0726 -0.9973
vn -0.0016 0.0828 -0.9966
vn -0.0023 0.0823 -0.9966
vn -0.0026 0.0833 -0.9965
vn -0.0028 0.0804 -0.9968
vn -0.0030 0.0805 -0.9968
vn 0.0131 0.0713 -0.9974
vn 0.0009 0.0699 -0.9976
vn 0.0132 0.0682 -0.9976
vn -0.5865 0.8100 -0.0005
vn -0.5874 0.8091 -0.0203
vn -0.5851 0.8107 -0.0218
vn -0.5600 0.7874 -0.2578
vn -0.5586 0.7873 -0.2608
vn -0.5599 0.7874 -0.2580
vn -0.5695 0.7880 -0.2339
vn -0.5644 0.7865 -0.2508
vn -0.5918 0.8060 -0.0145
vn -0.5783 0.8130 -0.0678
vn -0.5840 0.8081 -0.0772
vn -0.5832 0.8037 -0.1180
vn -0.5838 0.7987 -0.1461
vn -0.5788 0.8001 -0.1576
vn -0.5787 0.7999 -0.1591
vn -0.5757 0.7957 -0.1879
vn -0.5742 0.7937 -0.2006
vn -0.5678 0.7879 -0.2384
vn -0.5026 0.7047 -0.5008
vn -0.5066 0.7070 -0.4934
vn -0.5014 0.7005 -0.5078
vn -0.5217 0.7200 -0.4576
vn -0.5305 0.7357 -0.4211
vn -0.5361 0.7390 -0.4080
vn -0.5489 0.7572 -0.3542
vn -0.5502 0.7576 -0.3511
vn -0.5617 0.7736 -0.2934
vn -0.3726 0.5414 -0.7537
vn -0.4309 0.6012 -0.6730
vn -0.4480 0.6376 -0.6267
vn -0.4721 0.6593 -0.5852
vn -0.4950 0.6889 -0.5294
vn -0.2477 0.3825 -0.8901
vn -0.2816 0.4257 -0.8599
vn -0.2729 0.4534 -0.8485
vn -0.2155 0.3481 -0.9123
vn -0.2132 0.3469 -0.9133
vn -0.1784 0.2906 -0.9401
vn -0.1629 0.2782 -0.9466
vn -0.1408 0.2470 -0.9587
vn -0.0869 0.1737 -0.9810
vn -0.0680 0.1562 -0.9854
vn -0.0558 0.1381 -0.9888
vn -0.0607 0.1405 -0.9882
vn -0.0457 0.1306 -0.9904
vn -0.0358 0.1177 -0.9924
vn -0.0311 0.1089 -0.9936
vn -0.0289 0.1025 -0.9943
vn -0.0215 0.1003 -0.9947
vn -0.0094 0.0913 -0.9958
vn -0.3884 0.5477 -0.7410
vn -0.3200 0.4648 -0.8256
vn -0.3177 0.4474 -0.8360
vn -0.2532 0.3879 -0.8862
vn -0.2480 0.3474 -0.9043
vn -0.2031 0.3262 -0.9232
vn -0.1816 0.2651 -0.9470
vn -0.1484 0.2730 -0.9505
vn -0.1335 0.2113 -0.9683
vn -0.1240 0.2249 -0.9665
vn -0.1751 0.2740 -0.9456
vn -0.1515 0.2662 -0.9519
vn -0.2411 0.3564 -0.9027
vn -0.2141 0.3459 -0.9135
vn -0.3151 0.4505 -0.8353
vn -0.2861 0.4382 -0.8521
vn -0.3641 0.5207 -0.7722
vn -0.4187 0.5138 -0.7488
vn -0.1951 -0.9807 0.0082
vn -0.1506 -0.9878 0.0406
vn -0.1504 -0.9884 0.0219
vn -0.0662 -0.6420 0.7638
vn -0.0667 -0.6444 0.7617
vn -0.0823 -0.8022 0.5913
vn -0.0829 -0.8043 0.5885
vn -0.0946 -0.9184 0.3841
vn -0.0959 -0.9216 0.3762
vn -0.1005 -0.9833 0.1520
vn -0.1034 -0.9862 0.1293
vn -0.1026 -0.9945 0.0211
vn -0.1025 -0.9947 0.0070
vn -0.9462 0.3215 0.0364
vn -0.9464 0.3213 0.0332
vn -0.9470 0.3200 0.0269
vn -0.9496 0.3133 0.0129
vn -0.9649 0.2628 -0.0039
vn -0.9908 0.1355 0.0023
vn -0.9841 0.1776 0.0037
vn -0.9821 0.1879 0.0114
vn -0.9863 0.1648 0.0048
vn -0.9604 0.2776 0.0239
vn -0.9681 0.2505 0.0063
vn -0.9729 0.2313 0.0058
vn -0.9733 0.2296 0.0057
vn -0.9767 0.2146 0.0060
vn -0.9764 0.2157 0.0064
vn -0.9790 0.2039 0.0052
vn -1.0000 0.0054 -0.0017
vn -0.9844 0.1031 0.1426
vn -0.9900 0.1407 0.0041
vn -0.9924 0.1232 0.0030
vn -0.9958 0.0918 0.0022
vn -0.9991 0.0302 -0.0298
vn -1.0000 0.0098 -0.0016
vn -0.0009 0.0002 1.0000
vn -0.9781 0.2027 0.0475
vn -0.0023 0.0003 1.0000
vn -0.0023 0.0001 1.0000
vn -0.0021 0.0001 1.0000
vn -0.0027 -0.0003 1.0000
vn -0.0025 -0.0003 1.0000
vn -0.0228 -0.0767 0.9968
vn -0.0007 -0.0023 1.0000
vn -0.0009 -0.0022 1.0000
vn -0.0005 -0.0010 1.0000
vn -0.0032 -0.0058 1.0000
vn -0.0004 -0.0007 1.0000
vn -0.0014 -0.0020 1.0000
vn -0.0015 -0.0018 1.0000
vn -0.6904 -0.7194 0.0755
vn -0.6478 -0.7581 0.0754
vn -0.6448 -0.7591 0.0897
vn -0.5664 -0.8193 0.0896
vn -0.5666 -0.8192 0.0888
vn -0.5196 -0.8498 0.0888
vn -0.4796 -0.8718 0.1001
vn -0.4722 -0.8801 0.0497
vn -0.3881 -0.9168 0.0944
vn -0.3384 -0.9299 -0.1442
vn -0.2996 -0.9506 0.0807
vn -0.7197 -0.6838 0.1203
vn -0.7162 -0.6942 0.0719
vn -0.7899 -0.6090 0.0718
vn -0.7840 -0.5773 0.2280
vn -0.8396 -0.5378 0.0766
vn -0.8734 -0.4809 0.0766
vn -0.8874 -0.4465 -0.1147
vn -0.9108 -0.3960 0.1168
vn -0.9277 -0.3644 0.0806
vn -0.9600 -0.2683 0.0802
vn -0.9602 -0.2681 0.0781
vn -0.9811 -0.1772 0.0784
vn -0.9887 -0.0992 0.1123
vn -0.9926 -0.0958 0.0753
vn -0.9585 0.1781 0.2228
vn -0.9862 0.1440 0.0818
vn -0.9953 0.0528 0.0816
vn -0.9764 0.0635 0.2066
vn -0.9971 -0.0079 0.0755
vn -0.0036 0.0006 1.0000
vn -0.1276 0.0197 0.9916
vn -0.1292 0.0068 0.9916
vn -0.1291 0.0068 0.9916
vn -0.1287 -0.0129 0.9916
vn -0.1288 -0.0129 0.9916
vn -0.1258 -0.0291 0.9916
vn -0.1528 -0.0427 0.9873
vn -0.1227 -0.0403 0.9916
vn -0.0025 0.0006 1.0000
vn -0.1816 0.0402 0.9825
vn -0.1795 0.0404 0.9829
vn -0.4584 0.0828 0.8849
vn -0.4656 0.0247 0.8847
vn -0.4654 0.0247 0.8847
vn -0.4639 -0.0465 0.8847
vn -0.4641 -0.0465 0.8846
vn -0.4494 -0.1256 0.8844
vn -0.4495 -0.1256 0.8844
vn -0.4270 -0.1857 0.8850
vn -0.4269 -0.1856 0.8851
vn -0.4077 -0.2245 0.8851
vn -0.4078 -0.2245 0.8850
vn -0.3756 -0.2766 0.8845
vn -0.1184 -0.0515 0.9916
vn -0.1131 -0.0623 0.9916
vn -0.1072 -0.0720 0.9916
vn -0.1253 -0.0923 0.9878
vn -0.1005 -0.0810 0.9916
vn -0.0025 -0.0005 1.0000
vn -0.0055 -0.0013 1.0000
vn -0.0008 -0.0002 1.0000
vn -0.0021 -0.0007 1.0000
vn -0.0021 -0.0009 1.0000
vn -0.0045 -0.0020 1.0000
vn -0.0012 -0.0006 1.0000
vn -0.0018 -0.0010 1.0000
vn -0.0018 -0.0012 1.0000
vn -0.0021 -0.0014 1.0000
vn -0.0016 -0.0013 1.0000
vn -0.0018 -0.0014 1.0000
vn -0.0016 -0.0016 1.0000
vn -0.0927 -0.0898 0.9916
vn -0.1089 -0.1163 0.9872
vn -0.0965 -0.3156 0.9440
vn -0.0462 -0.1204 0.9916
vn -0.0503 -0.1189 0.9916
vn -0.0622 -0.1132 0.9916
vn -0.0623 -0.1132 0.9916
vn -0.0735 -0.1063 0.9916
vn -0.0837 -0.0985 0.9916
vn -0.0034 -0.0040 1.0000
vn -0.0009 -0.0009 1.0000
vn -0.3756 -0.2766 0.8846
vn -0.3342 -0.3239 0.8851
vn -0.2300 -0.2456 0.9417
vn -0.3016 -0.3550 0.8849
vn -0.2650 -0.3832 0.8849
vn -0.2245 -0.4081 0.8849
vn -0.2244 -0.4080 0.8850
vn -0.1815 -0.4287 0.8850
vn -0.1815 -0.4287 0.8851
vn -0.1442 -0.4424 0.8851
vn -0.1712 -0.5545 0.8144
vn -0.6660 0.1275 0.7350
vn -0.7382 0.1356 0.6608
vn -0.7498 0.0397 0.6604
vn -0.7497 0.0397 0.6606
vn -0.7471 -0.0749 0.6605
vn -0.7473 -0.0749 0.6602
vn -0.7235 -0.2022 0.6600
vn -0.7237 -0.2022 0.6599
vn -0.6881 -0.2992 0.6611
vn -0.6880 -0.2991 0.6612
vn -0.6572 -0.3618 0.6612
vn -0.6572 -0.3619 0.6612
vn -0.6048 -0.4454 0.6601
vn -0.6048 -0.4454 0.6602
vn -0.5386 -0.5221 0.6613
vn -0.5387 -0.5222 0.6612
vn -0.4858 -0.5718 0.6611
vn -0.4859 -0.5720 0.6609
vn -0.4269 -0.6173 0.6608
vn -0.3617 -0.6575 0.6609
vn -0.3616 -0.6574 0.6611
vn -0.2925 -0.6909 0.6612
vn -0.2925 -0.6908 0.6612
vn -0.2303 -0.7139 0.6613
vn -0.2428 -0.7776 0.5800
vn -0.9326 0.1730 0.3168
vn -0.9173 0.1743 0.3582
vn -0.9324 0.0494 0.3580
vn -0.9324 0.0494 0.3581
vn -0.9291 -0.0932 0.3580
vn -0.9291 -0.0932 0.3578
vn -0.8994 -0.2513 0.3576
vn -0.8994 -0.2514 0.3576
vn -0.8561 -0.3722 0.3586
vn -0.8177 -0.4502 0.3586
vn -0.7519 -0.5537 0.3578
vn -0.7519 -0.5537 0.3579
vn -0.6702 -0.6497 0.3587
vn -0.6044 -0.7115 0.3586
vn -0.6044 -0.7115 0.3584
vn -0.5310 -0.7679 0.3583
vn -0.4500 -0.8180 0.3584
vn -0.4500 -0.8179 0.3586
vn -0.3639 -0.8596 0.3586
vn -0.2847 -0.8890 0.3587
vn -0.2848 -0.9000 0.3299
vn -0.0119 0.9982 0.0589
vn -0.0149 0.9999 0.0018
vn -0.0122 0.9999 0.0002
vn -0.0112 0.9999 -0.0013
vn -0.0120 0.9999 -0.0005
vn -0.0000 0.0001 -1.0000
vn 0.2814 -0.1693 -0.9445
vn 0.0204 -0.0252 -0.9995
vn 0.0671 -0.0857 -0.9941
vn 0.0678 -0.0860 -0.9940
vn 0.0894 -0.1359 -0.9867
vn 0.1136 -0.1525 -0.9818
vn 0.1249 -0.1821 -0.9753
vn 0.1545 -0.2127 -0.9648
vn 0.1652 -0.2154 -0.9624
vn 0.1930 -0.2640 -0.9450
vn 0.2236 -0.2668 -0.9374
vn 0.2594 -0.3122 -0.9139
vn 0.2897 -0.3006 -0.9087
vn 0.3210 -0.3189 -0.8918
vn 0.3660 -0.3113 -0.8770
vn 0.3689 -0.3129 -0.8752
vn 0.5593 -0.2782 -0.7808
vn 0.4191 -0.2821 -0.8630
vn -0.0143 -0.0743 -0.9971
vn 0.0352 -0.0455 -0.9983
vn 0.2851 -0.1632 -0.9445
vn 0.2719 -0.1058 -0.9565
vn 0.2417 -0.1778 -0.9539
vn 0.1748 -0.0500 -0.9833
vn 0.1453 -0.1245 -0.9815
vn 0.0931 -0.0363 -0.9950
vn 0.0173 -0.1432 -0.9895
vn 0.0537 -0.0477 -0.9974
vn 0.0339 -0.0333 -0.9989
vn 0.0276 -0.0258 -0.9993
vn 0.0109 -0.0134 -0.9999
vn 0.0074 -0.0101 -0.9999
vn 0.0120 -0.0144 -0.9998
vn -0.0124 0.0023 -0.9999
vn -0.0058 -0.0022 -1.0000
vn 0.0614 -0.0928 -0.9938
vn 0.1050 -0.0941 -0.9900
vn 0.0342 -0.0584 -0.9977
vn 0.0683 -0.0674 -0.9954
vn 0.0358 -0.0441 -0.9984
vn -0.0184 -0.0206 -0.9996
vn 0.0485 -0.0314 -0.9983
vn 0.0553 -0.0481 -0.9973
vn 0.0984 -0.0764 -0.9922
vn 0.1093 -0.1067 -0.9883
vn 0.1461 -0.1317 -0.9805
vn 0.1539 -0.1409 -0.9780
vn 0.2161 -0.1798 -0.9597
vn 0.4154 -0.1909 -0.8894
vn 0.3791 -0.2432 -0.8928
vn 0.3177 -0.2637 -0.9108
vn 0.3450 -0.2405 -0.9073
vn 0.2386 -0.2558 -0.9368
vn 0.2763 -0.2321 -0.9326
vn 0.1716 -0.2269 -0.9587
vn 0.2177 -0.2079 -0.9536
vn 0.1135 -0.1820 -0.9767
vn 0.1653 -0.1723 -0.9711
vn 0.0651 -0.1262 -0.9899
vn 0.1168 -0.1285 -0.9848
vn 0.0290 -0.0680 -0.9973
vn 0.0700 -0.0794 -0.9944
vn 0.0202 -0.0324 -0.9993
vn 0.0168 -0.0376 -0.9992
vn 0.0550 -0.0400 -0.9977
vn 0.2232 -0.1843 -0.9572
vn 0.1347 -0.1484 -0.9797
vn 0.1107 -0.2464 -0.9628
vn 0.0020 -0.0001 -1.0000
vn 0.0156 0.0059 -0.9999
vn 0.0151 0.0018 -0.9999
vn 0.0134 -0.0033 -0.9999
vn 0.0127 -0.0051 -0.9999
vn 0.3791 -0.2781 -0.8826
vn 0.4161 -0.2834 -0.8640
vn 0.4452 -0.2143 -0.8694
vn 0.3962 -0.2014 -0.8958
vn 0.4034 -0.1712 -0.8989
vn 0.3287 -0.1163 -0.9372
vn 0.3241 -0.1345 -0.9364
vn 0.2178 -0.0498 -0.9747
vn 0.2157 -0.0796 -0.9732
vn 0.1058 -0.0312 -0.9939
vn 0.0922 -0.0033 -0.9957
vn 0.0667 -0.0075 -0.9977
vn 0.0427 -0.0092 -0.9990
vn 0.0367 -0.0240 -0.9990
vn 0.0166 -0.0007 -0.9999
vn 0.2534 -0.3386 -0.9062
vn 0.1987 -0.4071 -0.8915
vn 0.1841 -0.4126 -0.8921
vn 0.0967 -0.3973 -0.9126
vn -0.0242 -0.6702 -0.7418
vn 0.0012 -0.6205 -0.7842
vn 0.0058 -0.6190 -0.7854
vn -0.0652 -0.6058 -0.7929
vn 0.0470 -0.3304 -0.9427
vn -0.0352 -0.1100 -0.9933
vn -0.0227 -0.1553 -0.9876
vn -0.0254 -0.2521 -0.9674
vn 0.0061 -0.2615 -0.9652
vn 0.0195 -0.3170 -0.9482
vn 0.0472 -0.3304 -0.9427
vn 0.0727 -0.0283 -0.9970
vn 0.0614 -0.0318 -0.9976
vn 0.2135 -0.0822 -0.9735
vn 0.1699 -0.1002 -0.9804
vn 0.3105 -0.1469 -0.9391
vn 0.2356 -0.1695 -0.9570
vn 0.3517 -0.2116 -0.9119
vn 0.0198 -0.3159 -0.9486
vn -0.0264 -0.3005 -0.9534
vn -0.0134 -0.2240 -0.9745
vn 0.1123 -0.2622 -0.9585
vn 0.0265 -0.0729 -0.9970
vn 0.0199 -0.0681 -0.9975
vn 0.1759 -0.3952 -0.9016
vn 0.1973 -0.3371 -0.9206
vn 0.0068 -0.5678 -0.8231
vn 0.0473 -0.4928 -0.8689
vn 0.1409 -0.5322 -0.8348
vn 0.1135 -0.5157 -0.8492
vn 0.0356 -0.6448 -0.7635
vn 0.0157 -0.5740 -0.8187
vn -0.0013 -0.6558 -0.7549
vn -0.0529 -0.6209 -0.7821
vn -0.0072 -0.5162 -0.8565
vn 0.0908 -0.4180 -0.9039
vn 0.1046 -0.4126 -0.9049
vn 0.0137 -0.3857 -0.9225
vn -0.0521 -0.5347 -0.8434
vn -0.1148 -0.5205 -0.8461
vn -0.0742 -0.4640 -0.8827
vn 0.1185 -0.2505 -0.9608
vn -0.0044 -0.4553 -0.8903
vn 0.2005 -0.1984 -0.9594
vn 0.1758 -0.3261 -0.9289
vn 0.2691 -0.2281 -0.9357
vn 0.3184 -0.2476 -0.9150
vn 0.3076 -0.3091 -0.8999
vn 0.3213 -0.3148 -0.8931
vn 0.3194 -0.3192 -0.8923
vn 0.3152 -0.3088 -0.8974
vn 0.3859 -0.2835 -0.8779
vn 0.0487 0.0134 -0.9987
vn 0.0251 0.0021 -0.9997
vn 0.0399 -0.0372 -0.9985
vn 0.0372 0.0279 -0.9989
vn 0.0270 0.0017 -0.9996
vn 0.0274 0.0022 -0.9996
vn 0.0265 0.0014 -0.9996
vn 0.0233 0.0011 -0.9997
vn 0.0206 -0.0098 -0.9997
vn 0.0183 -0.0026 -0.9998
vn 0.0117 -0.0030 -0.9999
vn 0.0122 -0.0107 -0.9999
vn 0.0049 0.0076 -1.0000
vn 0.0039 -0.0015 -1.0000
vn -0.0002 0.0003 -1.0000
vn -0.0001 -0.0001 -1.0000
vn -0.8432 -0.5376 0.0001
vn 0.5063 -0.4119 -0.7576
vn 0.5218 -0.3961 -0.7555
vn -0.4852 -0.2542 -0.8366
vn -0.1690 -0.5124 -0.8420
vn -0.3801 0.3089 -0.8718
vn -0.2378 -0.2341 -0.9427
vn -0.2059 -0.2930 -0.9337
vn -0.2084 -0.2778 -0.9378
vn -0.1739 -0.3000 -0.9380
vn -0.1559 -0.3211 -0.9341
vn -0.1547 -0.3210 -0.9344
vn -0.2734 -0.2334 -0.9332
vn -0.2913 -0.1873 -0.9381
vn -0.3041 -0.1855 -0.9344
vn -0.3118 -0.1713 -0.9346
vn -0.3383 -0.1375 -0.9309
vn -0.3576 -0.1745 -0.9174
vn -0.3447 -0.0584 -0.9369
vn -0.3815 -0.1268 -0.9156
vn -0.3863 -0.0674 -0.9199
vn -0.4146 -0.0453 -0.9089
vn -0.4150 -0.0513 -0.9084
vn -0.4082 0.0519 -0.9114
vn -0.4255 0.1224 -0.8966
vn -0.4063 0.2086 -0.8896
vn -0.4089 0.2101 -0.8881
vn -0.3995 0.2722 -0.8754
vn -0.4387 0.0929 -0.8938
vn -0.4429 0.0460 -0.8954
vn -0.4875 0.0207 -0.8729
vn -0.5655 -0.0333 -0.8241
vn -0.4236 0.0073 -0.9058
vn -0.4289 -0.0105 -0.9033
vn -0.5386 -0.0839 -0.8384
vn -0.5749 -0.1552 -0.8034
vn 0.6930 -0.7206 -0.0230
vn 0.6966 -0.7173 -0.0186
vn 0.6908 -0.7205 -0.0608
vn 0.6837 -0.7258 -0.0758
vn 0.6695 -0.7229 -0.1709
vn 0.6856 -0.7139 -0.1426
vn 0.6914 -0.7160 -0.0960
vn 0.2904 -0.4586 -0.8398
vn 0.2726 -0.4617 -0.8441
vn 0.3173 -0.4922 -0.8106
vn 0.3235 -0.4917 -0.8084
vn 0.3677 -0.5312 -0.7633
vn 0.3947 -0.5311 -0.7498
vn 0.4371 -0.5752 -0.6915
vn 0.4779 -0.5745 -0.6644
vn 0.5155 -0.6193 -0.5922
vn 0.5510 -0.6172 -0.5616
vn 0.5823 -0.6566 -0.4794
vn 0.6135 -0.6518 -0.4458
vn 0.6290 -0.6839 -0.3696
vn 0.6572 -0.6786 -0.3282
vn 0.6578 -0.7007 -0.2763
vn 0.6660 -0.6997 -0.2585
vn 0.6798 -0.7043 -0.2045
vn 0.3379 -0.3356 -0.8793
vn 0.2971 -0.3665 -0.8817
vn 0.3164 -0.3682 -0.8743
vn 0.2686 -0.3932 -0.8794
vn 0.2964 -0.3997 -0.8674
vn 0.2508 -0.4168 -0.8737
vn 0.3593 -0.3056 -0.8818
vn 0.1262 -0.3699 -0.9205
vn 0.1964 -0.3522 -0.9151
vn 0.2101 -0.3562 -0.9105
vn 0.2560 -0.3271 -0.9097
vn 0.0180 -0.3791 -0.9252
vn 0.0365 -0.3708 -0.9280
vn 0.0780 -0.3703 -0.9256
vn -0.1023 -0.3602 -0.9272
vn -0.0519 -0.3549 -0.9335
vn -0.0131 -0.3630 -0.9317
vn 0.1202 -0.3753 -0.9191
vn 0.1370 -0.5434 -0.8282
vn 0.1388 -0.5422 -0.8287
vn -0.1089 -0.5347 -0.8380
vn -0.1297 -0.5131 -0.8485
vn -0.0748 -0.3482 -0.9344
vn -0.1281 -0.3257 -0.9368
vn 0.0933 -0.5578 -0.8247
vn 0.0387 -0.5587 -0.8285
vn -0.0010 -0.5403 -0.8415
vn -0.0202 -0.5468 -0.8370
vn -0.0585 -0.5455 -0.8360
vn -0.4186 -0.3525 -0.8370
vn -0.2672 -0.2042 -0.9418
vn -0.2417 -0.2696 -0.9321
vn -0.1951 -0.5014 -0.8429
vn -0.2346 -0.4795 -0.8456
vn -0.2378 -0.4726 -0.8486
vn -0.2826 -0.4552 -0.8444
vn -0.3163 -0.4249 -0.8482
vn -0.3225 -0.4252 -0.8457
vn -0.3717 -0.3846 -0.8450
vn -0.3538 -0.3837 -0.8530
vn -0.3752 -0.3754 -0.8475
vn -0.4710 -0.2512 -0.8456
vn -0.5199 -0.2140 -0.8270
vn -0.5236 -0.1908 -0.8303
vn -0.5545 -0.1745 -0.8137
vn -0.5593 -0.1563 -0.8141
vn -0.5731 -0.1506 -0.8055
vn -0.5789 -0.1450 -0.8024
vn -0.4048 -0.3509 -0.8444
vn -0.4370 -0.3151 -0.8425
vn -0.4387 -0.3046 -0.8454
vn -0.4461 -0.3003 -0.8431
vn -0.4535 -0.2950 -0.8410
vn 0.2812 -0.6219 -0.7309
vn 0.2847 -0.4296 -0.8570
vn 0.2500 -0.4384 -0.8633
vn 0.2508 -0.6781 -0.6909
vn 0.3200 -0.6520 -0.6874
vn 0.2543 -0.6520 -0.7143
vn 0.3179 -0.6205 -0.7169
vn 0.3220 -0.6200 -0.7155
vn 0.5205 -0.8537 -0.0177
vn 0.5215 -0.8531 -0.0165
vn 0.5192 -0.8520 -0.0669
vn 0.5220 -0.8505 -0.0645
vn 0.5099 -0.8469 -0.1507
vn 0.5175 -0.8433 -0.1452
vn 0.4933 -0.8356 -0.2417
vn 0.5145 -0.8291 -0.2186
vn 0.4541 -0.8324 -0.3175
vn 0.4870 -0.8217 -0.2959
vn 0.4352 -0.7972 -0.4183
vn 0.4562 -0.7935 -0.4028
vn 0.3781 -0.7713 -0.5120
vn 0.4223 -0.7619 -0.4911
vn 0.3198 -0.7372 -0.5953
vn 0.3781 -0.7238 -0.5772
vn 0.2736 -0.7060 -0.6533
vn 0.3579 -0.6811 -0.6387
vn 0.3289 -0.6855 -0.6496
vn 0.4643 -0.4651 -0.7537
vn 0.3577 -0.3060 -0.8823
vn 0.3276 -0.3365 -0.8828
vn 0.4891 -0.4323 -0.7576
vn 0.4937 -0.4298 -0.7560
vn 0.3716 -0.2809 -0.8849
vn 0.3939 -0.2658 -0.8799
vn 0.3717 -0.2634 -0.8902
vn 0.3932 -0.2519 -0.8843
vn 0.3817 -0.2508 -0.8896
vn 0.3737 -0.2661 -0.8886
vn 0.3525 -0.2708 -0.8958
vn 0.3350 -0.2964 -0.8944
vn 0.3086 -0.2988 -0.9030
vn 0.2816 -0.3284 -0.9016
vn 0.3618 -0.4839 -0.7968
vn 0.3583 -0.4902 -0.7946
vn 0.4947 -0.3977 -0.7727
vn 0.4812 -0.4136 -0.7729
vn 0.4431 -0.4471 -0.7770
vn 0.4459 -0.4353 -0.7821
vn 0.4044 -0.4679 -0.7858
vn 0.5219 -0.3950 -0.7561
vn 0.5305 -0.3762 -0.7597
vn 0.5266 -0.3790 -0.7609
vn 0.5266 -0.3792 -0.7609
vn 0.4967 -0.3974 -0.7716
vn 0.3364 -0.5890 -0.7348
vn 0.3578 -0.5835 -0.7290
vn 0.3248 -0.5856 -0.7427
vn 0.3821 -0.5476 -0.7444
vn 0.3754 -0.5492 -0.7466
vn 0.4206 -0.5070 -0.7524
vn 0.4234 -0.5061 -0.7514
vn 0.4509 -0.4763 -0.7549
vn 0.4704 -0.4622 -0.7517
vn 0.3135 -0.5116 -0.8000
vn 0.2829 -0.5193 -0.8064
vn 0.2603 -0.5174 -0.8152
vn 0.2363 -0.5363 -0.8103
vn 0.1864 -0.5486 -0.8151
vn 0.5304 -0.3761 0.7598
vn 0.3116 -0.3028 0.9007
vn 0.1070 -0.3695 0.9230
vn -0.4167 -0.0027 0.9090
vn -0.4907 0.0185 0.8711
vn -0.4435 0.0471 0.8951
vn -0.4410 0.0941 0.8925
vn -0.4060 0.0497 0.9125
vn -0.3629 0.3102 0.8787
vn -0.3952 0.2757 0.8762
vn -0.4206 0.1998 0.8850
vn -0.4088 0.2085 0.8885
vn -0.4247 0.1208 0.8972
vn -0.3555 -0.1509 0.9224
vn -0.3492 -0.1019 0.9315
vn -0.3850 -0.0872 0.9188
vn -0.3879 -0.0661 0.9194
vn -0.4145 -0.0453 0.9089
vn -0.4149 -0.0510 0.9084
vn -0.4334 0.0024 0.9012
vn -0.2991 -0.1960 0.9339
vn -0.3114 -0.1716 0.9347
vn -0.3274 -0.1513 0.9327
vn -0.1562 -0.3217 0.9339
vn -0.1585 -0.3179 0.9348
vn -0.0636 -0.3691 0.9272
vn -0.1010 -0.3371 0.9360
vn -0.1327 -0.3235 0.9369
vn 0.0189 -0.3705 0.9286
vn 0.0261 -0.3780 0.9254
vn -0.0224 -0.3610 0.9323
vn 0.1882 -0.3545 0.9159
vn 0.2108 -0.3585 0.9094
vn 0.2279 -0.3437 0.9110
vn 0.2795 -0.3244 0.9037
vn 0.2910 -0.3267 0.8992
vn 0.2552 -0.3312 0.9084
vn 0.3746 -0.2574 0.8908
vn 0.2933 -0.3832 0.8759
vn 0.2910 -0.3839 0.8763
vn 0.2493 -0.4389 0.8633
vn 0.2471 -0.4391 0.8638
vn 0.2929 -0.4390 0.8494
vn 0.2517 -0.4636 0.8495
vn 0.3245 -0.4667 0.8227
vn 0.2763 -0.4916 0.8258
vn 0.3807 -0.5011 0.7772
vn 0.3209 -0.5279 0.7863
vn 0.3995 -0.5344 0.7449
vn 0.4369 -0.5753 0.6914
vn 0.4442 -0.5755 0.6867
vn 0.5311 -0.5980 0.6003
vn 0.4749 -0.6173 0.6272
vn 0.6137 -0.6184 0.4909
vn 0.5339 -0.6560 0.5334
vn 0.6571 -0.6529 0.3769
vn 0.5986 -0.6832 0.4182
vn 0.6774 -0.6803 0.2800
vn 0.6480 -0.6970 0.3069
vn 0.6827 -0.7015 0.2045
vn 0.6702 -0.7222 0.1710
vn 0.6872 -0.7136 0.1364
vn 0.6910 -0.7171 0.0910
vn 0.6841 -0.7254 0.0758
vn 0.6913 -0.7202 0.0579
vn 0.6966 -0.7172 0.0185
vn 0.6930 -0.7206 0.0229
vn 0.1388 -0.5421 0.8288
vn 0.1370 -0.5434 0.8282
vn 0.1204 -0.3765 0.9186
vn 0.1533 -0.3630 0.9191
vn -0.1690 -0.5123 0.8420
vn -0.0752 -0.3496 0.9339
vn -0.1297 -0.5131 0.8485
vn -0.1089 -0.5346 0.8381
vn -0.0584 -0.5454 0.8361
vn -0.0202 -0.5467 0.8371
vn -0.0010 -0.5402 0.8415
vn 0.0387 -0.5586 0.8286
vn 0.0933 -0.5577 0.8248
vn -0.4369 -0.3150 0.8426
vn -0.4047 -0.3509 0.8444
vn -0.4185 -0.3525 0.8370
vn -0.3751 -0.3753 0.8476
vn -0.3665 -0.3787 0.8499
vn -0.3617 -0.3929 0.8455
vn -0.3186 -0.4281 0.8457
vn -0.3198 -0.4216 0.8485
vn -0.2825 -0.4551 0.8444
vn -0.2378 -0.4725 0.8486
vn -0.2346 -0.4794 0.8457
vn -0.1951 -0.5013 0.8430
vn -0.5688 -0.0358 0.8217
vn -0.4827 -0.1693 0.8592
vn -0.5885 -0.1195 0.7996
vn -0.5788 -0.1449 0.8025
vn -0.5635 -0.1597 0.8106
vn -0.5628 -0.1417 0.8143
vn -0.5452 -0.2077 0.8122
vn -0.5288 -0.1534 0.8348
vn -0.5199 -0.2139 0.8270
vn -0.4765 -0.2471 0.8438
vn -0.4810 -0.2595 0.8374
vn -0.4534 -0.2950 0.8411
vn -0.4461 -0.3003 0.8431
vn -0.4386 -0.3045 0.8455
vn -0.2938 -0.1765 0.9394
vn -0.2801 -0.2167 0.9352
vn -0.2593 -0.2218 0.9400
vn -0.2503 -0.2481 0.9359
vn -0.2268 -0.2539 0.9403
vn -0.2118 -0.2824 0.9356
vn -0.1991 -0.2839 0.9380
vn -0.1736 -0.3002 0.9379
vn 0.2823 -0.6011 0.7477
vn 0.2841 -0.4087 0.8673
vn 0.2662 -0.4126 0.8712
vn 0.3350 -0.6191 0.7103
vn 0.3221 -0.6199 0.7155
vn 0.2603 -0.6264 0.7348
vn 0.3104 -0.6521 0.6916
vn 0.2618 -0.6521 0.7115
vn 0.3066 -0.6838 0.6621
vn 0.3290 -0.6854 0.6496
vn 0.2832 -0.6908 0.6653
vn 0.3339 -0.7175 0.6113
vn 0.3361 -0.7179 0.6096
vn 0.3578 -0.7479 0.5591
vn 0.3940 -0.7564 0.5221
vn 0.4034 -0.7797 0.4789
vn 0.4435 -0.7907 0.4221
vn 0.4449 -0.8025 0.3975
vn 0.4760 -0.8174 0.3245
vn 0.4714 -0.8326 0.2909
vn 0.5004 -0.8309 0.2433
vn 0.5006 -0.8384 0.2155
vn 0.5162 -0.8429 0.1516
vn 0.5110 -0.8474 0.1443
vn 0.5218 -0.8505 0.0670
vn 0.5195 -0.8521 0.0643
vn 0.5216 -0.8530 0.0179
vn 0.5205 -0.8537 0.0165
vn 0.5214 -0.3957 0.7560
vn 0.5224 -0.3954 0.7555
vn 0.5062 -0.4118 0.7577
vn 0.4937 -0.4297 0.7561
vn 0.4890 -0.4322 0.7577
vn 0.4643 -0.4650 0.7538
vn 0.4703 -0.4621 0.7518
vn 0.4195 -0.4979 0.7591
vn 0.4596 -0.4935 0.7384
vn 0.4205 -0.5069 0.7525
vn 0.3497 -0.2911 0.8905
vn 0.3280 -0.2869 0.9001
vn 0.3727 -0.2651 0.8893
vn 0.4946 -0.3976 0.7728
vn 0.4966 -0.3973 0.7717
vn 0.3582 -0.4901 0.7946
vn 0.3618 -0.4838 0.7969
vn 0.4044 -0.4678 0.7859
vn 0.4388 -0.4409 0.7830
vn 0.4499 -0.4411 0.7765
vn 0.4811 -0.4135 0.7730
vn 0.5265 -0.3791 0.7610
vn 0.5266 -0.3790 0.7610
vn 0.3903 -0.2493 0.8863
vn 0.3882 -0.2601 0.8841
vn 0.3873 -0.2571 0.8854
vn 0.3729 -0.2824 0.8838
vn 0.3721 -0.2884 0.8822
vn 0.3551 -0.3024 0.8846
vn 0.3476 -0.3208 0.8811
vn 0.3342 -0.3287 0.8833
vn 0.3200 -0.3535 0.8790
vn 0.3122 -0.3566 0.8806
vn 0.3753 -0.5491 0.7467
vn 0.3218 -0.5609 0.7628
vn 0.3880 -0.5809 0.7156
vn 0.3578 -0.5834 0.7291
vn 0.1864 -0.5485 0.8151
vn 0.2363 -0.5362 0.8104
vn 0.2603 -0.5173 0.8152
vn 0.2829 -0.5192 0.8065
vn 0.3135 -0.5115 0.8001
vn -0.1058 -0.9944 -0.0001
vn -0.2000 -0.9798 -0.0000
vn 0.1274 -0.9919 -0.0000
vn 0.1535 -0.9881 -0.0123
vn 0.2027 -0.9792 0.0032
vn 0.2824 -0.9593 -0.0069
vn -0.1260 -0.9920 -0.0000
vn -0.1301 -0.9915 0.0019
vn -0.0321 -0.9995 -0.0024
vn -0.0188 -0.9998 -0.0105
vn 0.0536 -0.9986 0.0033
vn 0.0655 -0.9979 0.0010
vn 0.0847 -0.9964 -0.0000
vn -0.1862 -0.9825 -0.0049
vn -0.2655 -0.9641 0.0079
vn -0.3029 -0.9529 -0.0138
vn -0.3600 -0.9329 0.0035
vn -0.3895 -0.9210 -0.0012
vn -0.4004 -0.9164 -0.0000
vn -0.4319 -0.9019 -0.0000
vn -0.4633 -0.8861 0.0120
vn -0.5060 -0.8624 -0.0109
vn -0.5363 -0.8440 0.0009
vn -0.6266 -0.7793 -0.0037
vn -0.5982 -0.7989 -0.0625
vn -0.6584 -0.7526 -0.0038
vn -0.6817 -0.7316 -0.0001
vn -0.7346 -0.6786 -0.0001
vn -0.7163 -0.6955 -0.0566
vn -0.7596 -0.6503 -0.0027
vn -0.7725 -0.6350 -0.0000
vn -0.7787 -0.6274 -0.0000
vn -0.8120 -0.5834 -0.0190
vn -0.8003 -0.5954 -0.0706
vn -0.8351 -0.5502 -0.0000
vn 0.2535 -0.9672 0.0159
vn 0.3068 -0.9518 -0.0000
vn 0.3596 -0.9331 -0.0000
vn 0.3668 -0.9303 -0.0039
vn 0.4074 -0.9132 0.0011
vn 0.4567 -0.8896 -0.0067
vn 0.4820 -0.8761 0.0131
vn 0.5198 -0.8543 -0.0000
vn 0.5539 -0.8326 -0.0000
vn 0.5684 -0.8227 -0.0078
vn 0.6259 -0.7798 0.0162
vn 0.6229 -0.7820 0.0202
vn 0.6627 -0.7489 -0.0039
vn 0.6771 -0.7359 -0.0000
vn 0.6839 -0.7296 -0.0000
vn 0.7050 -0.7092 0.0005
vn 0.7165 -0.6975 -0.0124
vn 0.7508 -0.6605 0.0105
vn 0.7565 -0.6540 -0.0000
vn 0.7578 -0.6524 -0.0000
vn 0.7597 -0.6502 -0.0027
vn 0.7328 -0.6804 0.0092
vn 0.7358 -0.6772 0.0039
vn 0.6998 -0.7143 -0.0012
vn 0.6972 -0.7169 -0.0005
vn 0.6589 -0.7522 -0.0005
vn 0.6552 -0.7555 0.0030
vn 0.6045 -0.7966 -0.0012
vn 0.5614 -0.8275 0.0097
vn 0.5756 -0.8177 -0.0001
vn 0.4750 -0.8800 0.0001
vn 0.5046 -0.8630 -0.0249
vn 0.4594 -0.8882 -0.0053
vn 0.3581 -0.9336 0.0097
vn 0.3866 -0.9222 -0.0132
vn 0.2759 -0.9611 0.0082
vn 0.2739 -0.9617 0.0091
vn 0.1933 -0.9811 -0.0060
vn 0.1778 -0.9841 -0.0015
vn 0.1349 -0.9909 0.0005
vn 0.1159 -0.9933 0.0030
vn 0.0679 -0.9977 -0.0068
vn -0.0200 -0.9996 0.0209
vn 0.0214 -0.9994 -0.0279
vn -0.0820 -0.9964 0.0194
vn -0.0309 -0.9992 -0.0235
vn -0.0680 -0.9977 -0.0020
vn -0.2251 -0.9741 0.0224
vn -0.2136 -0.9769 0.0102
vn -0.1473 -0.9890 -0.0105
vn -0.1683 -0.9857 0.0094
vn -0.1298 -0.9915 0.0002
vn -0.2129 -0.9769 -0.0193
vn -0.2275 -0.9738 -0.0068
vn -0.2405 -0.9707 -0.0023
vn -0.2788 -0.9603 -0.0009
vn -0.2807 -0.9598 -0.0025
vn -0.3232 -0.9463 0.0004
vn -0.3244 -0.9459 0.0009
vn -0.3208 -0.9472 0.0003
vn -0.2485 -0.9686 -0.0011
vn -0.2704 -0.9628 0.0016
vn -0.2898 -0.9571 -0.0000
vn -0.3096 -0.9509 -0.0000
vn -0.8052 -0.5928 0.0150
vn -0.8111 -0.5828 0.0502
vn -0.7188 -0.6952 0.0001
vn -0.7341 -0.6781 0.0353
vn -0.7596 -0.6503 0.0027
vn -0.6817 -0.7316 0.0001
vn -0.6584 -0.7526 0.0038
vn -0.6262 -0.7788 0.0359
vn -0.3895 -0.9210 -0.0000
vn -0.4633 -0.8861 -0.0120
vn -0.5060 -0.8624 0.0109
vn -0.5363 -0.8440 -0.0009
vn -0.5996 -0.8003 0.0023
vn 0.0536 -0.9986 -0.0035
vn -0.0210 -0.9997 0.0096
vn -0.4004 -0.9163 0.0029
vn -0.3600 -0.9329 -0.0035
vn -0.3042 -0.9525 0.0134
vn -0.2655 -0.9641 -0.0084
vn -0.2032 -0.9791 0.0026
vn -0.1859 -0.9826 -0.0007
vn -0.1320 -0.9912 -0.0007
vn -0.1258 -0.9920 -0.0032
vn -0.0321 -0.9995 0.0026
vn 0.3671 -0.9302 -0.0000
vn 0.3069 -0.9518 -0.0000
vn 0.2836 -0.9589 -0.0070
vn 0.2565 -0.9666 0.0019
vn 0.2025 -0.9793 -0.0018
vn 0.1583 -0.9873 0.0145
vn 0.0844 -0.9964 -0.0000
vn 0.0654 -0.9979 -0.0010
vn 0.3591 -0.9333 0.0048
vn 0.4074 -0.9132 -0.0011
vn 0.4567 -0.8896 0.0067
vn 0.4820 -0.8761 -0.0131
vn 0.5201 -0.8541 0.0001
vn 0.5538 -0.8326 0.0001
vn 0.5717 -0.8204 0.0097
vn 0.6259 -0.7797 -0.0172
vn 0.6463 -0.7630 0.0091
vn 0.6770 -0.7360 0.0009
vn 0.7608 -0.6490 0.0001
vn 0.7581 -0.6522 0.0001
vn 0.7508 -0.6605 -0.0110
vn 0.7485 -0.6631 -0.0088
vn 0.7032 -0.7106 0.0237
vn 0.7196 -0.6944 -0.0028
vn 0.6852 -0.7284 0.0009
vn 0.7577 -0.6526 0.0021
vn 0.7330 -0.6802 -0.0121
vn 0.7366 -0.6763 -0.0050
vn 0.6998 -0.7144 0.0017
vn 0.6959 -0.7182 0.0009
vn 0.6589 -0.7522 0.0009
vn 0.6568 -0.7541 -0.0011
vn 0.6045 -0.7966 0.0011
vn 0.6150 -0.7885 0.0043
vn 0.5764 -0.8172 -0.0057
vn 0.5602 -0.8283 0.0004
vn 0.5161 -0.8565 0.0003
vn 0.4734 -0.8808 0.0102
vn 0.4336 -0.9010 -0.0110
vn -0.1016 -0.9948 0.0003
vn -0.0600 -0.9982 0.0048
vn -0.0860 -0.9962 -0.0128
vn -0.0173 -0.9998 0.0104
vn -0.0321 -0.9995 0.0037
vn 0.0415 -0.9991 -0.0029
vn 0.0679 -0.9977 0.0068
vn 0.1198 -0.9928 -0.0022
vn 0.1348 -0.9909 -0.0002
vn 0.1799 -0.9837 0.0019
vn 0.1932 -0.9811 0.0061
vn 0.2878 -0.9576 -0.0100
vn 0.2778 -0.9605 -0.0160
vn 0.3545 -0.9350 0.0079
vn -0.2475 -0.9689 0.0012
vn -0.2827 -0.9592 0.0032
vn -0.2788 -0.9603 0.0009
vn -0.2375 -0.9714 0.0030
vn -0.2239 -0.9746 0.0090
vn -0.2420 -0.9702 -0.0116
vn -0.1903 -0.9816 0.0128
vn -0.2102 -0.9776 -0.0132
vn -0.1454 -0.9893 0.0127
vn -0.1687 -0.9856 -0.0090
vn -0.1300 -0.9915 -0.0000
vn -0.2706 -0.9627 -0.0016
vn -0.3208 -0.9472 -0.0003
vn -0.3244 -0.9459 -0.0009
vn -0.3232 -0.9463 -0.0004
vn 0.0633 0.0375 -0.9973
vn 0.0579 0.0597 -0.9965
vn 0.0578 0.0596 -0.9965
vn 0.0658 0.0632 -0.9958
vn 0.0683 0.0196 -0.9975
vn 0.0652 0.0216 -0.9976
vn 0.3064 -0.5578 -0.7713
vn 0.2700 -0.5262 -0.8064
vn 0.2910 -0.5343 -0.7936
vn 0.3105 -0.5497 -0.7755
vn 0.3115 -0.5449 -0.7785
vn 0.3107 -0.5422 -0.7807
vn 0.3111 -0.5372 -0.7839
vn 0.2820 -0.4957 -0.8214
vn 0.2432 -0.3925 -0.8870
vn 0.2605 -0.5082 -0.8209
vn 0.2299 -0.3995 -0.8874
vn 0.2323 -0.4497 -0.8625
vn 0.3142 -0.5377 -0.7824
vn 0.3122 -0.5406 -0.7812
vn 0.3032 -0.5375 -0.7869
vn 0.3043 -0.5412 -0.7839
vn 0.3053 -0.5162 -0.8002
vn 0.3141 -0.5478 -0.7754
vn 0.3136 -0.5215 -0.7935
vn 0.1260 -0.4119 -0.9025
vn 0.2826 -0.6983 -0.6577
vn 0.1530 -0.3536 -0.9228
vn 0.2725 -0.2993 -0.9144
vn 0.0785 -0.4150 -0.9064
vn 0.0864 -0.6302 -0.7716
vn 0.0909 -0.6354 -0.7668
vn 0.0631 -0.6850 -0.7258
vn 0.0666 -0.6503 -0.7567
vn 0.0612 -0.6434 -0.7631
vn 0.1437 -0.5327 -0.8340
vn 0.2164 -0.3921 -0.8941
vn 0.1878 -0.4165 -0.8895
vn 0.2179 -0.3309 -0.9182
vn 0.2143 -0.3108 -0.9260
vn 0.2168 -0.3097 -0.9258
vn 0.1580 -0.2891 -0.9442
vn 0.1724 -0.3004 -0.9381
vn 0.1356 -0.2961 -0.9455
vn 0.1495 -0.3100 -0.9389
vn 0.1319 -0.3016 -0.9443
vn 0.1318 -0.2962 -0.9460
vn 0.1300 -0.2968 -0.9460
vn 0.1950 -0.3686 -0.9089
vn 0.2796 -0.6149 -0.7374
vn 0.1955 -0.4868 -0.8514
vn 0.1654 -0.4056 -0.8990
vn 0.3238 -0.7091 -0.6264
vn 0.3239 -0.7094 -0.6260
vn 0.3119 -0.5778 -0.7543
vn 0.4937 -0.6498 -0.5780
vn 0.0667 -0.3564 -0.9320
vn 0.1214 -0.3567 -0.9263
vn 0.1757 -0.4227 -0.8891
vn -0.0195 -0.3491 -0.9369
vn -0.0989 -0.3131 -0.9446
vn 0.1677 -0.5938 -0.7869
vn 0.2450 -0.6636 -0.7068
vn 0.2373 -0.7252 -0.6463
vn -0.0062 -0.5129 -0.8584
vn 0.2046 -0.3427 -0.9169
vn 0.1633 -0.3312 -0.9293
vn 0.1541 -0.3211 -0.9344
vn 0.1316 -0.3141 -0.9402
vn 0.1362 -0.3178 -0.9383
vn 0.1760 -0.3921 -0.9029
vn 0.1591 -0.3871 -0.9082
vn 0.1799 -0.4092 -0.8945
vn 0.1802 -0.4093 -0.8944
vn 0.1523 -0.6499 -0.7446
vn 0.1628 -0.6594 -0.7340
vn 0.1643 -0.6504 -0.7416
vn 0.1579 -0.6446 -0.7480
vn 0.1666 -0.4289 -0.8879
vn 0.0868 -0.4098 -0.9081
vn 0.0857 -0.3403 -0.9364
vn 0.3826 -0.2453 -0.8907
vn 0.9022 -0.4286 -0.0485
vn 0.8478 -0.5282 -0.0486
vn 0.7599 -0.6482 -0.0487
vn 0.6659 -0.7445 -0.0486
vn 0.2374 -0.4957 -0.8354
vn 0.4123 -0.4817 -0.7733
vn 0.4414 -0.5114 -0.7374
vn 0.4474 -0.5328 -0.7183
vn 0.4388 -0.5333 -0.7232
vn 0.4225 -0.5750 -0.7007
vn 0.4189 -0.5617 -0.7134
vn 0.3229 -0.5617 -0.7617
vn 0.1974 -0.4245 -0.8837
vn 0.1079 -0.3889 -0.9150
vn 0.1678 -0.3989 -0.9015
vn 0.2097 -0.4225 -0.8817
vn 0.2120 -0.4345 -0.8753
vn 0.2586 -0.5715 -0.7788
vn 0.3556 -0.4910 -0.7953
vn 0.2550 -0.5093 -0.8219
vn 0.1540 -0.3403 -0.9276
vn 0.1418 -0.3197 -0.9369
vn 0.1394 -0.3946 -0.9082
vn 0.1068 -0.3391 -0.9347
vn 0.1071 -0.3419 -0.9336
vn 0.1390 -0.2986 -0.9442
vn 0.1394 -0.3000 -0.9437
vn 0.1614 -0.3139 -0.9356
vn 0.1491 -0.3168 -0.9367
vn 0.1828 -0.3492 -0.9190
vn 0.1913 -0.3529 -0.9159
vn 0.2441 -0.4573 -0.8552
vn 0.3453 -0.5559 -0.7562
vn 0.2920 -0.5069 -0.8111
vn 0.2368 -0.4188 -0.8767
vn 0.5140 -0.7998 -0.3102
vn 0.4619 -0.7501 -0.4733
vn 0.4620 -0.7372 -0.4930
vn 0.3981 -0.6536 -0.6437
vn 0.3981 -0.6540 -0.6433
vn 0.3220 -0.5424 -0.7760
vn 0.5342 -0.8296 -0.1625
vn 0.5214 -0.8336 -0.1821
vn 0.5151 -0.7980 -0.3128
vn 0.5650 -0.8247 -0.0261
vn 0.5335 -0.8425 -0.0744
vn 0.5309 -0.8388 -0.1210
vn 0.5519 -0.8326 -0.0460
vn 0.5603 -0.8277 -0.0295
vn 0.5527 -0.8174 -0.1622
vn 0.5527 -0.8174 -0.1623
vn 0.5323 -0.7891 -0.3065
vn 0.5300 -0.7892 -0.3103
vn 0.4863 -0.7273 -0.4842
vn 0.4808 -0.7244 -0.4941
vn 0.4295 -0.6508 -0.6261
vn 0.4148 -0.6412 -0.6455
vn 0.3521 -0.5500 -0.7573
vn 0.3310 -0.5342 -0.7778
vn 0.2796 -0.4581 -0.8438
vn 0.2588 -0.4414 -0.8592
vn 0.2124 -0.3712 -0.9039
vn 0.1863 -0.3603 -0.9140
vn 0.1435 -0.2921 -0.9456
vn 0.1371 -0.3033 -0.9430
vn 0.7103 -0.7023 -0.0487
vn 0.6982 -0.7132 -0.0613
vn 0.6898 -0.7056 -0.1621
vn 0.6896 -0.7057 -0.1625
vn 0.6652 -0.6831 -0.3014
vn 0.6623 -0.6838 -0.3062
vn 0.6120 -0.6359 -0.4701
vn 0.6038 -0.6336 -0.4838
vn 0.5504 -0.5817 -0.5990
vn 0.5329 -0.5749 -0.6209
vn 0.4638 -0.5068 -0.7267
vn 0.4371 -0.4943 -0.7514
vn 0.3755 -0.4323 -0.8198
vn 0.3455 -0.4168 -0.8408
vn 0.2883 -0.3581 -0.8880
vn 0.2556 -0.3517 -0.9005
vn 0.2239 -0.3179 -0.9213
vn 0.1928 -0.3112 -0.9306
vn 0.2131 -0.3339 -0.9182
vn 0.1780 -0.3242 -0.9291
vn 0.2458 -0.4049 -0.8807
vn 0.2146 -0.3930 -0.8942
vn 0.2971 -0.4905 -0.8193
vn 0.6191 -0.7838 -0.0486
vn 0.6173 -0.7851 -0.0508
vn 0.6095 -0.7761 -0.1621
vn 0.6093 -0.7761 -0.1624
vn 0.5874 -0.7501 -0.3038
vn 0.5848 -0.7505 -0.3079
vn 0.5384 -0.6946 -0.4771
vn 0.5319 -0.6918 -0.4884
vn 0.4804 -0.6287 -0.6115
vn 0.4646 -0.6203 -0.6319
vn 0.3996 -0.5396 -0.7410
vn 0.3763 -0.5250 -0.7634
vn 0.3202 -0.4542 -0.8314
vn 0.2958 -0.4377 -0.8491
vn 0.2456 -0.3729 -0.8948
vn 0.2166 -0.3637 -0.9060
vn 0.1895 -0.3272 -0.9258
vn 0.1608 -0.3172 -0.9346
vn 0.1782 -0.3422 -0.9226
vn 0.1447 -0.3280 -0.9335
vn 0.1949 -0.4061 -0.8928
vn 0.1985 -0.4100 -0.8902
vn 0.2693 -0.1630 -0.9492
vn 0.2828 -0.1945 -0.9393
vn 0.3237 -0.1885 -0.9272
vn 0.3136 -0.1862 -0.9311
vn 0.4030 -0.2534 -0.8794
vn 0.3399 -0.2537 -0.9056
vn 0.5259 -0.3605 -0.7703
vn 0.3574 -0.3499 -0.8659
vn 0.6017 -0.4671 -0.6479
vn 0.5002 -0.4490 -0.7404
vn 0.5489 -0.5113 -0.6613
vn 0.4320 -0.4709 -0.7692
vn 0.5239 -0.5588 -0.6428
vn 0.4393 -0.5268 -0.7276
vn 0.4514 -0.5414 -0.7093
vn 0.4828 -0.5190 -0.7053
vn 0.5475 -0.5507 -0.6301
vn 0.4821 -0.4954 -0.7226
vn 0.5831 -0.5171 -0.6266
vn 0.6628 -0.5663 -0.4899
vn 0.9440 -0.3277 -0.0388
vn 0.9410 -0.3348 -0.0486
vn 0.9368 -0.3160 -0.1500
vn 0.9331 -0.3215 -0.1615
vn 0.9190 -0.3201 -0.2302
vn 0.8993 -0.3196 -0.2984
vn 0.8348 -0.2990 -0.4622
vn 0.8564 -0.3007 -0.4197
vn 0.8977 -0.3140 -0.3091
vn 0.7595 -0.2783 -0.5880
vn 0.8001 -0.2826 -0.5291
vn 0.8337 -0.2981 -0.4649
vn 0.3546 -0.1644 -0.9205
vn 0.4010 -0.1816 -0.8979
vn 0.4086 -0.1870 -0.8934
vn 0.4701 -0.1904 -0.8618
vn 0.5300 -0.2114 -0.8212
vn 0.5382 -0.2155 -0.8148
vn 0.5956 -0.2236 -0.7715
vn 0.6529 -0.2485 -0.7156
vn 0.6831 -0.2497 -0.6863
vn 0.7489 -0.2718 -0.6044
vn 0.2972 -0.1606 -0.9412
vn 0.3035 -0.1617 -0.9390
vn 0.3075 -0.1633 -0.9374
vn 0.3163 -0.1609 -0.9349
vn 0.3331 -0.1613 -0.9290
vn 0.8770 -0.4781 -0.0487
vn 0.8588 -0.5084 -0.0632
vn 0.8490 -0.5030 -0.1620
vn 0.8491 -0.5029 -0.1616
vn 0.8208 -0.4869 -0.2988
vn 0.8199 -0.4874 -0.3005
vn 0.7617 -0.4542 -0.4620
vn 0.7575 -0.4541 -0.4689
vn 0.6936 -0.4173 -0.5872
vn 0.6846 -0.4163 -0.5984
vn 0.5969 -0.3652 -0.7144
vn 0.5812 -0.3625 -0.7286
vn 0.4931 -0.3104 -0.8127
vn 0.4730 -0.3061 -0.8262
vn 0.3787 -0.2494 -0.8913
vn 0.3551 -0.2510 -0.9005
vn 0.2875 -0.2085 -0.9348
vn 0.2627 -0.2101 -0.9417
vn 0.2547 -0.2047 -0.9451
vn 0.2264 -0.2053 -0.9521
vn 0.2677 -0.2357 -0.9342
vn 0.2305 -0.2327 -0.9448
vn 0.3378 -0.3205 -0.8850
vn 0.3234 -0.3936 -0.8605
vn 0.4921 -0.5667 -0.6608
vn 0.4491 -0.5483 -0.7055
vn 0.4407 -0.5374 -0.7191
vn 0.6380 -0.4819 -0.6006
vn 0.4319 -0.3494 -0.8315
vn 0.3627 -0.2694 -0.8921
vn 0.3512 -0.2680 -0.8971
vn 0.2504 -0.2012 -0.9470
vn 0.2864 -0.2002 -0.9370
vn 0.2463 -0.1765 -0.9530
vn 0.2733 -0.1729 -0.9463
vn 0.2859 -0.1796 -0.9413
vn 0.3093 -0.1756 -0.9346
vn 0.3850 -0.2131 -0.8980
vn 0.4067 -0.2093 -0.8892
vn 0.5101 -0.2581 -0.8205
vn 0.5282 -0.2601 -0.8083
vn 0.6222 -0.3037 -0.7215
vn 0.6358 -0.3046 -0.7092
vn 0.7273 -0.3465 -0.5924
vn 0.7348 -0.3465 -0.5831
vn 0.8013 -0.3766 -0.4650
vn 0.8046 -0.3763 -0.4594
vn 0.8648 -0.4032 -0.2991
vn 0.8654 -0.4028 -0.2979
vn 0.8950 -0.4159 -0.1615
vn 0.8948 -0.4161 -0.1619
vn 0.9055 -0.4207 -0.0557
vn 0.9192 -0.3907 -0.0488
vn 0.8022 -0.5951 -0.0487
vn 0.7848 -0.6163 -0.0660
vn 0.7757 -0.6100 -0.1620
vn 0.7756 -0.6100 -0.1623
vn 0.7491 -0.5909 -0.2995
vn 0.7467 -0.5919 -0.3036
vn 0.6926 -0.5522 -0.4640
vn 0.6848 -0.5511 -0.4769
vn 0.6275 -0.5082 -0.5899
vn 0.6118 -0.5044 -0.6093
vn 0.5356 -0.4465 -0.7168
vn 0.5106 -0.4387 -0.7395
vn 0.4389 -0.3832 -0.8128
vn 0.4091 -0.3726 -0.8329
vn 0.3370 -0.3156 -0.8871
vn 0.3052 -0.3135 -0.8992
vn 0.2599 -0.2763 -0.9253
vn 0.2295 -0.2740 -0.9339
vn 0.2415 -0.2843 -0.9278
vn 0.2079 -0.2802 -0.9372
vn 0.2701 -0.3377 -0.9017
vn 0.2253 -0.3277 -0.9175
vn 0.3575 -0.4600 -0.8128
vn 0.3442 -0.4911 -0.8002
vn 0.4229 -0.5758 -0.6997
vn 0.5676 -0.8230 0.0242
vn 0.7103 -0.7023 0.0487
vn 0.8022 -0.5951 0.0487
vn 0.8770 -0.4781 0.0487
vn 0.9192 -0.3907 0.0488
vn 0.1371 -0.3033 0.9430
vn 0.1579 -0.3254 0.9323
vn 0.1894 -0.3557 0.9152
vn 0.1390 -0.2986 0.9442
vn 0.1395 -0.3000 0.9437
vn 0.1442 -0.3083 0.9403
vn 0.1069 -0.3391 0.9347
vn 0.0846 -0.3007 0.9500
vn 0.1449 -0.3249 0.9346
vn 0.1347 -0.3076 0.9419
vn 0.1071 -0.3414 0.9338
vn 0.1064 -0.3046 0.9465
vn 0.1767 -0.3905 0.9035
vn 0.2016 -0.3809 0.9024
vn 0.2119 -0.4339 0.8757
vn 0.2578 -0.5150 0.8175
vn 0.2107 -0.4500 0.8678
vn 0.2186 -0.4698 0.8553
vn 0.2374 -0.4957 0.8354
vn 0.2440 -0.5187 0.8194
vn 0.3315 -0.5796 0.7444
vn 0.2458 -0.4301 0.8687
vn 0.1920 -0.3840 0.9031
vn 0.2971 -0.4905 0.8193
vn 0.3180 -0.5478 0.7738
vn 0.4064 -0.5582 0.7233
vn 0.4103 -0.5303 0.7419
vn 0.4226 -0.5749 0.7006
vn 0.4231 -0.5759 0.6995
vn 0.4352 -0.5251 0.7314
vn 0.4406 -0.5373 0.7191
vn 0.4567 -0.5579 0.6929
vn 0.4829 -0.5190 0.7053
vn 0.4123 -0.4817 0.7733
vn 0.4613 -0.5316 0.7103
vn 0.4367 -0.5104 0.7408
vn 0.4514 -0.5414 0.7093
vn 0.4443 -0.5329 0.7201
vn 0.9436 -0.3276 0.0486
vn 0.9409 -0.3365 0.0388
vn 0.9357 -0.3137 0.1614
vn 0.5337 -0.8254 0.1840
vn 0.5311 -0.8390 0.1188
vn 0.5337 -0.8427 0.0709
vn 0.3975 -0.6545 0.6432
vn 0.4720 -0.7482 0.4663
vn 0.4510 -0.7446 0.4922
vn 0.5159 -0.7977 0.3122
vn 0.5174 -0.7975 0.3102
vn 0.5181 -0.8397 0.1626
vn 0.1871 -0.3469 0.9191
vn 0.2342 -0.4349 0.8695
vn 0.2532 -0.4475 0.8577
vn 0.2953 -0.5097 0.8081
vn 0.3263 -0.5385 0.7769
vn 0.3382 -0.5671 0.7510
vn 0.4028 -0.6567 0.6376
vn 0.5521 -0.8330 0.0355
vn 0.5599 -0.8272 0.0466
vn 0.5527 -0.8174 0.1623
vn 0.5527 -0.8175 0.1622
vn 0.5316 -0.7881 0.3103
vn 0.5307 -0.7902 0.3065
vn 0.4831 -0.7227 0.4942
vn 0.4840 -0.7290 0.4840
vn 0.4201 -0.6372 0.6462
vn 0.4244 -0.6551 0.6251
vn 0.3374 -0.5284 0.7791
vn 0.3459 -0.5562 0.7556
vn 0.2643 -0.4354 0.8606
vn 0.2742 -0.4647 0.8419
vn 0.1959 -0.3460 0.9176
vn 0.2032 -0.3872 0.8993
vn 0.1603 -0.3189 0.9341
vn 0.6659 -0.7445 0.0486
vn 0.6982 -0.7132 0.0613
vn 0.6897 -0.7056 0.1625
vn 0.6896 -0.7058 0.1621
vn 0.6641 -0.6820 0.3062
vn 0.6634 -0.6849 0.3013
vn 0.6066 -0.6307 0.4840
vn 0.6093 -0.6389 0.4697
vn 0.5379 -0.5694 0.6216
vn 0.5455 -0.5873 0.5980
vn 0.4434 -0.4864 0.7529
vn 0.4578 -0.5149 0.7247
vn 0.3514 -0.4079 0.8427
vn 0.3699 -0.4417 0.8174
vn 0.2641 -0.3332 0.9051
vn 0.2804 -0.3779 0.8823
vn 0.1972 -0.2894 0.9367
vn 0.2205 -0.3421 0.9134
vn 0.1775 -0.2940 0.9392
vn 0.2162 -0.3699 0.9036
vn 0.2458 -0.4049 0.8807
vn 0.6190 -0.7837 0.0509
vn 0.6174 -0.7852 0.0486
vn 0.6094 -0.7760 0.1624
vn 0.6094 -0.7761 0.1621
vn 0.5865 -0.7491 0.3079
vn 0.5857 -0.7515 0.3037
vn 0.5345 -0.6897 0.4885
vn 0.5359 -0.6967 0.4768
vn 0.4698 -0.6156 0.6327
vn 0.4754 -0.6335 0.6105
vn 0.3826 -0.5183 0.7648
vn 0.3935 -0.5467 0.7391
vn 0.3015 -0.4304 0.8508
vn 0.3148 -0.4620 0.8291
vn 0.2258 -0.3473 0.9102
vn 0.2370 -0.3909 0.8894
vn 0.1668 -0.2964 0.9404
vn 0.1844 -0.3511 0.9180
vn 0.1468 -0.2972 0.9435
vn 0.1785 -0.3806 0.9073
vn 0.1949 -0.4061 0.8928
vn 0.2662 -0.1552 0.9513
vn 0.3099 -0.1843 0.9327
vn 0.3136 -0.1862 0.9311
vn 0.2714 -0.1764 0.9462
vn 0.3614 -0.2345 0.9024
vn 0.3826 -0.2452 0.8908
vn 0.4030 -0.2534 0.8794
vn 0.3627 -0.2694 0.8921
vn 0.4319 -0.3494 0.8315
vn 0.6380 -0.4819 0.6006
vn 0.6017 -0.4671 0.6479
vn 0.5831 -0.5171 0.6266
vn 0.9350 -0.3215 0.1500
vn 0.9190 -0.3201 0.2301
vn 0.8993 -0.3196 0.2984
vn 0.6528 -0.2486 0.7156
vn 0.8977 -0.3140 0.3091
vn 0.8564 -0.3007 0.4197
vn 0.8348 -0.2990 0.4622
vn 0.8336 -0.2981 0.4649
vn 0.7635 -0.2660 0.5885
vn 0.7777 -0.2813 0.5622
vn 0.6965 -0.2543 0.6710
vn 0.4010 -0.1816 0.8979
vn 0.4086 -0.1870 0.8934
vn 0.6518 -0.2480 0.7167
vn 0.5956 -0.2236 0.7715
vn 0.5382 -0.2155 0.8148
vn 0.5300 -0.2114 0.8212
vn 0.4701 -0.1904 0.8618
vn 0.3546 -0.1644 0.9204
vn 0.3331 -0.1613 0.9290
vn 0.3071 -0.1606 0.9380
vn 0.3184 -0.1677 0.9330
vn 0.3035 -0.1617 0.9390
vn 0.8478 -0.5281 0.0486
vn 0.8588 -0.5084 0.0632
vn 0.8490 -0.5030 0.1616
vn 0.8491 -0.5028 0.1620
vn 0.8203 -0.4866 0.3005
vn 0.8203 -0.4876 0.2988
vn 0.7586 -0.4524 0.4690
vn 0.7607 -0.4560 0.4619
vn 0.6864 -0.4131 0.5986
vn 0.6919 -0.4206 0.5868
vn 0.5837 -0.3575 0.7290
vn 0.5946 -0.3704 0.7136
vn 0.4755 -0.3000 0.8270
vn 0.4909 -0.3168 0.8116
vn 0.3587 -0.2373 0.9028
vn 0.3759 -0.2640 0.8882
vn 0.2632 -0.1932 0.9452
vn 0.2884 -0.2274 0.9301
vn 0.2219 -0.1826 0.9578
vn 0.2626 -0.2320 0.9366
vn 0.2172 -0.1985 0.9557
vn 0.2905 -0.2819 0.9144
vn 0.3378 -0.3205 0.8850
vn 0.3574 -0.3499 0.8659
vn 0.5489 -0.5113 0.6613
vn 0.5002 -0.4490 0.7404
vn 0.6628 -0.5663 0.4899
vn 0.9022 -0.4286 0.0485
vn 0.9055 -0.4207 0.0557
vn 0.8949 -0.4161 0.1615
vn 0.8949 -0.4159 0.1619
vn 0.8651 -0.4027 0.2991
vn 0.8652 -0.4034 0.2979
vn 0.8019 -0.3751 0.4650
vn 0.8039 -0.3778 0.4593
vn 0.7286 -0.3437 0.5925
vn 0.7336 -0.3493 0.5829
vn 0.6239 -0.2992 0.7219
vn 0.6342 -0.3092 0.7086
vn 0.5118 -0.2525 0.8212
vn 0.5268 -0.2660 0.8073
vn 0.3872 -0.2001 0.9000
vn 0.4054 -0.2232 0.8865
vn 0.2848 -0.1634 0.9445
vn 0.3119 -0.1935 0.9302
vn 0.2398 -0.1550 0.9584
vn 0.2835 -0.1985 0.9382
vn 0.2342 -0.1693 0.9573
vn 0.3130 -0.2428 0.9182
vn 0.3512 -0.2680 0.8971
vn 0.3399 -0.2537 0.9056
vn 0.5259 -0.3605 0.7703
vn 0.7599 -0.6482 0.0487
vn 0.7848 -0.6163 0.0660
vn 0.7757 -0.6099 0.1623
vn 0.7756 -0.6101 0.1620
vn 0.7480 -0.5902 0.3036
vn 0.7477 -0.5926 0.2994
vn 0.6871 -0.5481 0.4770
vn 0.6904 -0.5552 0.4638
vn 0.6156 -0.4992 0.6098
vn 0.6238 -0.5135 0.5892
vn 0.5155 -0.4311 0.7405
vn 0.5310 -0.4543 0.7153
vn 0.4139 -0.3637 0.8345
vn 0.4345 -0.3924 0.8107
vn 0.3118 -0.2956 0.9030
vn 0.3312 -0.3347 0.8822
vn 0.2320 -0.2534 0.9391
vn 0.2586 -0.2991 0.9185
vn 0.2050 -0.2527 0.9456
vn 0.2472 -0.3167 0.9157
vn 0.2137 -0.2856 0.9342
vn 0.2900 -0.3930 0.8726
vn 0.3575 -0.4600 0.8128
vn 0.3234 -0.3936 0.8605
vn 0.4921 -0.5667 0.6608
vn 0.4319 -0.4709 0.7692
vn 0.5239 -0.5588 0.6428
vn 0.4821 -0.4954 0.7226
vn 0.5475 -0.5507 0.6301
vn -0.1291 -0.9719 -0.1969
vn -0.2358 -0.9652 0.1127
vn -0.2157 -0.9765 0.0053
vn -0.2951 -0.9555 -0.0018
vn -0.1369 -0.9821 0.1297
vn -0.0661 -0.9978 -0.0007
vn -0.0245 -0.9997 -0.0002
vn -0.0095 -0.9999 -0.0104
vn 0.0171 -0.9998 0.0080
vn 0.0659 -0.9976 -0.0214
vn 0.0723 -0.9970 0.0270
vn 0.1032 -0.9946 -0.0061
vn 0.1121 -0.9937 0.0021
vn -0.1810 -0.9831 -0.0254
vn 0.1121 -0.9937 -0.0019
vn 0.0951 -0.9955 0.0002
vn 0.0463 -0.9981 -0.0410
vn 0.0456 -0.9990 0.0021
vn -0.0276 -0.9996 -0.0009
vn -0.0283 -0.9996 0.0019
vn -0.0904 -0.9959 0.0018
vn -0.0813 -0.9963 -0.0259
vn -0.1148 -0.9934 0.0068
vn -0.1713 -0.9833 -0.0619
vn -0.2159 -0.9764 -0.0001
vn -0.2495 -0.9684 -0.0001
vn -0.2634 -0.9646 0.0076
vn -0.3415 -0.9385 -0.0512
vn -0.5216 -0.8532 -0.0000
vn -0.4727 -0.8812 -0.0000
vn -0.3564 -0.9343 -0.0000
vn -0.6924 -0.7215 -0.0000
vn -0.6144 -0.7879 0.0413
vn -0.6332 -0.7410 0.2235
vn -0.5687 -0.8226 0.0058
vn -0.7697 -0.6384 -0.0000
vn -0.7815 -0.6026 0.1615
vn -0.7250 -0.6888 -0.0000
vn -0.9841 -0.1777 -0.0000
vn -0.9630 -0.2689 0.0168
vn -0.9609 -0.2739 0.0405
vn -0.9308 -0.3656 -0.0000
vn -0.8835 -0.4684 -0.0000
vn -0.8886 -0.4471 0.1019
vn -0.8421 -0.5394 -0.0000
vn -0.9954 -0.0960 -0.0000
vn -0.9950 -0.0820 0.0566
vn -1.0000 -0.0079 -0.0000
vn -0.9979 0.0649 -0.0000
vn -0.9923 0.0883 0.0869
vn -0.9895 0.1445 -0.0000
vn -0.9792 0.2028 -0.0000
vn -0.9792 0.2029 -0.0003
vn -0.2933 -0.9560 -0.0033
vn -0.3108 -0.9505 0.0002
vn -0.3655 -0.9308 0.0003
vn -0.3600 -0.9327 -0.0215
vn -0.4532 -0.8910 0.0271
vn -0.4554 -0.8893 -0.0410
vn -0.5199 -0.8540 0.0203
vn -0.5170 -0.8560 0.0014
vn -0.5638 -0.8259 -0.0011
vn -0.5826 -0.8125 0.0208
vn -0.5999 -0.7991 -0.0408
vn -0.6069 -0.7943 0.0263
vn -0.6509 -0.7578 -0.0454
vn -0.6411 -0.7674 -0.0076
vn -0.6620 -0.7495 0.0066
vn -0.6683 -0.7439 -0.0046
vn -0.6871 -0.7266 0.0036
vn -0.6931 -0.7209 -0.0030
vn -0.7084 -0.7058 -0.0005
vn -0.7071 -0.7071 0.0005
vn -0.7055 -0.7087 -0.0013
vn -0.7014 -0.7128 0.0019
vn -0.7017 -0.7125 0.0022
vn -0.2922 -0.9563 0.0037
vn 0.0742 -0.9967 -0.0314
vn -0.0092 -0.9999 0.0102
vn -0.0245 -0.9997 -0.0001
vn -0.0628 -0.9980 0.0003
vn -0.0881 -0.9953 -0.0397
vn -0.1726 -0.9835 0.0549
vn -0.2092 -0.9775 -0.0280
vn -0.2542 -0.9672 -0.0009
vn -0.2951 -0.9555 0.0010
vn 0.1100 -0.9939 0.0031
vn 0.0411 -0.9990 0.0155
vn 0.0954 -0.9954 -0.0023
vn 0.1034 -0.9946 0.0063
vn 0.1159 -0.9932 -0.0055
vn -0.0927 -0.9956 0.0153
vn -0.0740 -0.9973 -0.0013
vn -0.0272 -0.9996 -0.0015
vn -0.0254 -0.9997 -0.0043
vn 0.0552 -0.9984 0.0077
vn 0.0308 -0.9979 0.0573
vn 0.0997 -0.9950 -0.0056
vn -0.1824 -0.9820 0.0482
vn -0.1649 -0.9862 0.0175
vn -0.1117 -0.9937 -0.0084
vn -0.3557 -0.9325 0.0621
vn -0.2633 -0.9647 -0.0077
vn -0.2495 -0.9684 -0.0000
vn -0.2253 -0.9743 -0.0000
vn -0.2018 -0.9793 0.0189
vn -0.9792 0.2029 0.0003
vn -0.9966 -0.0822 -0.0000
vn -0.9931 -0.0958 -0.0671
vn -0.9961 0.0887 -0.0000
vn -0.9903 0.0644 -0.1233
vn -0.9630 -0.2689 -0.0168
vn -0.9609 -0.2739 -0.0405
vn -0.8933 -0.4495 -0.0000
vn -0.8806 -0.4669 -0.0811
vn -0.7919 -0.6106 -0.0000
vn -0.7653 -0.6348 -0.1065
vn -0.6097 -0.7819 -0.1303
vn -0.6495 -0.7600 -0.0233
vn -0.3420 -0.9397 -0.0000
vn -0.5687 -0.8226 -0.0058
vn -0.7084 -0.7058 -0.0006
vn -0.7056 -0.7086 0.0004
vn -0.7076 -0.7066 -0.0012
vn -0.6986 -0.7155 0.0008
vn -0.7015 -0.7127 -0.0021
vn -0.6923 -0.7216 0.0029
vn -0.6868 -0.7269 -0.0038
vn -0.6778 -0.7353 0.0009
vn -0.6525 -0.7578 -0.0007
vn -0.6391 -0.7691 0.0064
vn -0.6369 -0.7709 -0.0043
vn -0.6033 -0.7975 0.0040
vn -0.6034 -0.7975 0.0038
vn -0.5647 -0.8253 -0.0021
vn -0.5618 -0.8273 0.0007
vn -0.5496 -0.8354 -0.0000
vn -0.5277 -0.8494 -0.0007
vn -0.5109 -0.8596 -0.0108
vn -0.4662 -0.8845 0.0199
vn -0.4344 -0.9006 -0.0121
vn -0.3653 -0.9308 0.0114
vn -0.3535 -0.9354 -0.0001
vn -0.3109 -0.9505 -0.0000
vn -0.0336 -0.9954 0.0903
vn 0.0544 -0.9952 0.0816
vn -0.4541 0.1973 0.8688
vn -0.4507 0.1967 0.8707
vn -0.0966 -0.9238 0.3705
vn -0.0876 -0.9311 0.3540
vn -0.1927 -0.7434 0.6404
vn -0.1865 -0.7541 0.6298
vn -0.2624 -0.5002 0.8252
vn -0.2594 -0.5106 0.8198
vn -0.2939 -0.3194 0.9009
vn -0.2921 -0.3283 0.8983
vn -0.3168 -0.0817 0.9450
vn -0.3155 -0.0888 0.9448
vn -0.3187 0.2134 0.9235
vn -0.3170 0.2060 0.9258
vn 0.0146 -0.9963 0.0846
vn -0.0071 -0.9929 0.1188
vn 0.0541 -0.9955 0.0773
vn -0.0793 -0.9306 0.3573
vn -0.0716 -0.9355 0.3461
vn -0.2120 -0.7556 0.6198
vn -0.2064 -0.7630 0.6125
vn -0.3132 -0.5138 0.7987
vn -0.3103 -0.5209 0.7952
vn -0.3617 -0.3325 0.8710
vn -0.3599 -0.3386 0.8694
vn -0.4009 -0.0940 0.9113
vn -0.3998 -0.0984 0.9113
vn -0.4155 0.2072 0.8857
vn -0.4105 0.1877 0.8923
vn -0.1841 -0.9797 0.0795
vn -0.1350 0.0599 0.9890
vn -0.1046 0.0562 0.9929
vn -0.0907 0.0604 0.9940
vn -0.0560 0.1133 0.9920
vn -0.1825 0.1743 0.9676
vn -0.3064 0.1828 0.9342
vn -0.4084 0.2017 0.8902
vn -0.3907 0.2863 0.8749
vn -0.3727 -0.0749 0.9249
vn -0.3686 -0.0951 0.9247
vn -0.3261 -0.3345 0.8842
vn -0.3100 -0.4112 0.8572
vn -0.2750 -0.5163 0.8110
vn -0.1771 -0.7522 0.6347
vn -0.1729 -0.7586 0.6282
vn -0.0458 -0.9303 0.3639
vn -0.0435 -0.9320 0.3598
vn -0.0429 -0.9955 0.0846
vn 0.0304 -0.9945 0.1005
vn -0.2494 -0.9650 0.0807
vn 0.0735 -0.9931 0.0911
vn 0.0731 -0.9931 0.0917
vn 0.0331 -0.9964 0.0783
vn -0.0493 -0.9306 0.3627
vn -0.0529 -0.9268 0.3719
vn -0.1405 -0.7490 0.6475
vn -0.1382 -0.7540 0.6421
vn -0.2281 -0.4034 0.8861
vn -0.2199 -0.4353 0.8730
vn -0.2682 -0.0642 0.9612
vn -0.2598 -0.1173 0.9585
vn -0.2754 0.3038 0.9121
vn -0.2304 0.1742 0.9574
vn -0.1616 0.2296 0.9598
vn -0.1786 -0.2089 0.9615
vn -0.1838 -0.1172 0.9759
vn -0.1782 -0.4944 0.8508
vn -0.1851 -0.4354 0.8810
vn -0.1538 -0.7728 0.6158
vn -0.1586 -0.7539 0.6376
vn -0.1169 -0.9278 0.3543
vn -0.1176 -0.9264 0.3576
vn -0.0748 -0.9929 0.0922
vn -0.1215 -0.9611 0.2482
vn -0.1968 -0.9696 0.1452
vn -0.2013 -0.9170 0.3443
vn -0.2003 -0.9225 0.3299
vn -0.1929 -0.7678 0.6110
vn -0.1926 -0.7914 0.5802
vn -0.1602 -0.4967 0.8530
vn -0.1637 -0.5566 0.8145
vn -0.1155 -0.2167 0.9694
vn -0.1234 -0.3081 0.9433
vn -0.0545 0.1172 0.9916
vn -0.0435 -0.0711 0.9965
vn -0.0238 0.0292 0.9993
vn -0.1343 0.0451 0.9899
vn -0.0407 0.0410 0.9983
vn -0.0087 0.0445 0.9990
vn -0.3236 0.2297 0.9179
vn -0.3318 0.2234 0.9165
vn -0.4071 0.2881 0.8668
vn -0.1536 0.2380 0.9590
vn -0.2307 0.2453 0.9416
vn -0.0837 0.1204 0.9892
vn -0.0972 0.1311 0.9866
vn -0.1017 0.1336 0.9858
vn -0.1259 0.1950 0.9727
vn -0.1820 0.1944 0.9639
vn -0.0611 0.0794 0.9950
vn -0.0583 0.0694 0.9959
vn -0.0100 0.0205 0.9997
vn -0.0048 0.0058 1.0000
vn -0.0048 0.0059 1.0000
vn -0.0262 0.0188 0.9995
vn 0.0137 0.0542 0.9984
vn 0.0148 0.0546 0.9984
vn -0.0281 0.0342 0.9990
vn -0.0094 0.0115 0.9999
vn -0.0157 0.0069 0.9999
vn -0.0142 0.0150 0.9998
vn -0.0050 0.0062 1.0000
vn -0.0317 0.0385 0.9988
vn -0.0272 0.0580 0.9979
vn -0.0603 0.0834 0.9947
vn -0.1017 0.1325 0.9860
vn -0.1009 0.1320 0.9861
vn -0.1495 0.1766 0.9729
vn -0.1985 0.1932 0.9609
vn -0.2113 0.2698 0.9394
vn -0.3084 0.2860 0.9072
vn -0.0320 0.0388 0.9987
vn -0.0601 0.0667 0.9960
vn -0.0534 0.0628 0.9966
vn -0.0945 0.0950 0.9910
vn -0.1559 0.1182 0.9807
vn -0.1831 0.1982 0.9629
vn -0.2598 0.2342 0.9368
vn -0.2836 0.3318 0.8997
vn -0.3459 0.2965 0.8902
vn -0.4934 0.3206 0.8086
vn -0.3768 0.2202 0.8997
vn -0.1927 0.1053 0.9756
vn -0.1317 0.0602 0.9895
vn -0.0645 0.0739 0.9952
vn -0.0415 0.0258 0.9988
vn -0.0185 0.0224 0.9996
vn -0.2676 0.1525 0.9514
vn -0.2147 0.1397 0.9666
vn -0.1217 0.1450 0.9819
vn -0.0805 0.0535 0.9953
vn -0.0491 0.0439 0.9978
vn -0.0277 0.0280 0.9992
vn -0.0315 0.0291 0.9991
vn -0.0170 0.0185 0.9997
vn -0.0167 0.0199 0.9997
vn -0.0090 0.0124 0.9999
vn -0.0095 0.0117 0.9999
vn -0.3526 0.0983 0.9306
vn -0.4311 0.1921 0.8816
vn -0.3877 0.2151 0.8964
vn -0.4782 0.2257 0.8487
vn -0.3012 0.3346 0.8929
vn -0.4510 0.2710 0.8504
vn -0.0026 0.0006 1.0000
vn -0.0048 0.0007 1.0000
vn -0.0363 -0.0135 0.9992
vn -0.2656 -0.3813 0.8855
vn -0.1434 -0.1234 0.9819
vn -0.0200 0.1582 0.9872
vn -0.0185 0.1602 0.9869
vn -0.2825 -0.0025 0.9593
vn -0.2128 0.0906 0.9729
vn -0.4500 0.0404 0.8921
vn -0.4477 0.2727 0.8516
vn -0.4041 0.3432 0.8479
vn -0.3118 0.2914 0.9044
vn -0.2796 0.3080 0.9094
vn -0.4134 0.2581 0.8732
vn -0.4220 0.2861 0.8603
vn -0.3691 0.2700 0.8893
vn -0.3612 0.2661 0.8937
vn -0.4115 0.2208 0.8843
vn -0.3555 0.1978 0.9135
vn -0.4387 0.1882 0.8787
vn -0.3140 0.1316 0.9403
vn -0.2970 0.1316 0.9458
vn -0.2335 0.0615 0.9704
vn -0.2031 0.0638 0.9771
vn -0.0693 0.0272 0.9972
vn -0.1243 0.0455 0.9912
vn -0.0690 0.0065 0.9976
vn -0.0450 0.0177 0.9988
vn -0.1992 0.5054 0.8396
vn -0.2409 0.5633 0.7904
vn -0.2823 0.5068 0.8145
vn -0.2042 0.3515 0.9136
vn -0.2038 0.3362 0.9195
vn -0.2043 0.3562 0.9118
vn -0.2082 0.3802 0.9012
vn -0.2444 0.4460 0.8610
vn -0.2530 0.4301 0.8666
vn -0.2495 0.4540 0.8553
vn -0.2859 0.3516 0.8914
vn -0.2767 0.3438 0.8974
vn -0.1926 0.3008 0.9341
vn -0.1337 0.2919 0.9470
vn -0.1275 0.2850 0.9500
vn -0.1473 0.2802 0.9486
vn -0.1622 0.2821 0.9456
vn -0.1672 0.2815 0.9449
vn -0.1936 0.3018 0.9335
vn -0.2063 0.3332 0.9200
vn -0.1217 0.3087 0.9433
vn -0.2094 0.4386 0.8740
vn -0.0009 0.2705 0.9627
vn -0.2232 0.5125 0.8292
vn -0.0952 0.3869 0.9172
vn -0.1659 0.3154 0.9343
vn -0.4280 0.5004 0.7526
vn -0.3720 0.4635 0.8042
vn -0.3299 0.4810 0.8123
vn -0.3580 0.4857 0.7975
vn -0.3657 0.4745 0.8007
vn -0.2770 0.4769 0.8341
vn -0.1388 0.3310 0.9334
vn -0.1273 0.3118 0.9416
vn -0.1442 0.3211 0.9360
vn -0.1311 0.2989 0.9452
vn -0.1545 0.3214 0.9342
vn -0.1521 0.3174 0.9360
vn -0.1819 0.3472 0.9200
vn -0.2007 0.3761 0.9046
vn -0.2322 0.4065 0.8836
vn -0.2771 0.4740 0.8358
vn -0.1422 0.3369 0.9308
vn -0.1413 0.3475 0.9270
vn -0.1650 0.3675 0.9153
vn -0.1910 0.4891 0.8510
vn -0.1985 0.4424 0.8746
vn -0.1972 0.4163 0.8876
vn -0.2162 0.3299 0.9189
vn -0.2065 0.3189 0.9250
vn -0.1826 0.3164 0.9309
vn -0.1993 0.3304 0.9226
vn -0.1730 0.3114 0.9344
vn -0.2015 0.3552 0.9128
vn -0.2177 0.3750 0.9011
vn -0.3661 0.4545 0.8121
vn -0.3225 0.4083 0.8540
vn -0.2783 0.3785 0.8827
vn -0.2671 0.3607 0.8936
vn -0.2280 0.3344 0.9144
vn -0.3145 0.5055 0.8035
vn -0.3274 0.4797 0.8140
vn -0.2489 0.3792 0.8912
vn -0.2603 0.4126 0.8729
vn -0.1922 0.3229 0.9267
vn -0.2056 0.3600 0.9100
vn -0.1606 0.2985 0.9408
vn -0.1773 0.3428 0.9225
vn -0.1471 0.2996 0.9427
vn -0.1698 0.3570 0.9185
vn -0.1794 0.3713 0.9110
vn -0.1795 0.3755 0.9093
vn -0.2687 0.4536 0.8498
vn -0.3020 0.4914 0.8169
vn -0.3250 0.2509 0.9118
vn -0.2427 0.1888 0.9516
vn -0.2710 0.2067 0.9401
vn -0.3130 0.2246 0.9228
vn -0.2508 0.2047 0.9461
vn -0.4236 0.3435 0.8382
vn -0.5188 0.4182 0.7456
vn -0.4915 0.4111 0.7677
vn -0.4689 0.4553 0.7569
vn -0.4626 0.4467 0.7658
vn -0.2881 0.3271 0.9000
vn -0.2829 0.3166 0.9054
vn -0.3419 0.3689 0.8643
vn -0.2299 0.3195 0.9193
vn -0.2105 0.2773 0.9374
vn -0.2363 0.3003 0.9241
vn -0.2903 0.4430 0.8482
vn -0.2130 0.3347 0.9179
vn -0.2329 0.3371 0.9122
vn -0.1992 0.2927 0.9352
vn -0.1991 0.2926 0.9353
vn -0.3005 0.3328 0.8938
vn -0.4367 0.4823 0.7594
vn -0.4009 0.5066 0.7633
vn -0.4824 0.5204 0.7046
vn -0.4267 0.4609 0.7782
vn -0.4436 0.4200 0.7917
vn -0.4464 0.4177 0.7914
vn -0.3958 0.4919 0.7755
vn -0.3941 0.4898 0.7776
vn -0.3529 0.4797 0.8033
vn -0.2890 0.3391 0.8952
vn -0.2537 0.3049 0.9180
vn -0.2174 0.2439 0.9451
vn -0.2549 0.2760 0.9267
vn -0.2316 0.2322 0.9447
vn -0.3089 0.2925 0.9050
vn -0.3014 0.2744 0.9132
vn -0.4007 0.3408 0.8504
vn -0.3804 0.3875 0.8397
vn -0.3950 0.4036 0.8253
vn -0.2514 0.2066 0.9456
vn -0.2343 0.1946 0.9525
vn -0.2229 0.1869 0.9567
vn -0.2565 0.2333 0.9380
vn -0.2984 0.2665 0.9165
vn -0.3164 0.3029 0.8990
vn -0.4779 0.4392 0.7607
vn -0.3342 0.4853 0.8080
vn -0.3280 0.5263 0.7845
vn -0.2676 0.4463 0.8540
vn -0.3362 0.5022 0.7967
vn -0.3370 0.5045 0.7949
vn -0.3245 0.4726 0.8193
vn -0.2851 0.5313 0.7978
vn -0.2707 0.5733 0.7734
vn -0.0259 -0.0354 0.9990
vn -0.1950 -0.0890 0.9768
vn -0.1805 -0.0869 0.9797
vn -0.1882 -0.1076 0.9762
vn -0.1653 -0.0910 0.9820
vn -0.1426 -0.1009 0.9846
vn -0.1201 -0.0869 0.9890
vn -0.1120 -0.0841 0.9901
vn -0.0911 -0.0687 0.9935
vn -0.0244 -0.0286 0.9993
vn -0.0267 -0.0316 0.9991
vn -0.0236 -0.0411 0.9989
vn -0.0812 -0.0713 0.9942
vn -0.0556 -0.0476 0.9973
vn -0.0555 -0.0469 0.9974
vn -0.0421 -0.0422 0.9982
vn -0.0375 -0.0376 0.9986
vn -0.0267 -0.0324 0.9991
vn -0.0272 -0.0292 0.9992
vn -0.0233 -0.0267 0.9994
vn -0.0243 -0.0288 0.9993
vn -0.0809 -0.0257 0.9964
vn -0.0833 -0.0266 0.9962
vn -0.0806 -0.0332 0.9962
vn -0.1502 -0.0672 0.9864
vn -0.1520 -0.0799 0.9851
vn -0.0460 -0.0077 0.9989
vn -0.0500 -0.0104 0.9987
vn -0.0462 -0.0082 0.9989
vn -0.0439 -0.0067 0.9990
vn -0.0463 -0.0059 0.9989
vn -0.0437 -0.0051 0.9990
vn -0.0464 -0.0037 0.9989
vn -0.0462 -0.0037 0.9989
vn -0.2705 0.5539 0.7874
vn -0.0426 -0.0019 0.9991
vn -0.3876 0.3216 0.8639
vn -0.2242 0.2845 0.9321
vn -0.3120 -0.0001 0.9501
vn -0.0437 -0.0014 0.9990
vn -0.1922 0.1313 0.9725
vn -0.0928 0.2494 0.9639
vn -0.2396 0.3585 0.9022
vn -0.1400 0.5028 0.8530
vn -0.1965 0.4991 0.8440
vn -0.2352 0.4698 0.8509
vn -0.2420 0.4753 0.8459
vn -0.2460 0.4945 0.8336
vn -0.2881 0.5235 0.8019
vn -0.1318 0.4690 0.8733
vn -0.1308 0.4658 0.8751
vn -0.1303 0.4647 0.8758
vn -0.1678 0.4634 0.8701
vn -0.1285 0.4972 0.8581
vn -0.1302 0.4951 0.8590
vn -0.1327 0.4908 0.8611
vn -0.1326 0.4835 0.8653
vn -0.1305 0.4777 0.8688
vn -0.1298 0.4787 0.8683
vn -0.1319 0.4750 0.8700
vn -0.5305 0.5232 0.6669
vn -0.1000 0.7300 0.6761
vn -0.1615 0.4707 0.8674
vn -0.1611 0.4720 0.8668
vn -0.1613 0.4553 0.8756
vn -0.2520 0.4934 0.8325
vn -0.0659 0.5978 0.7990
vn -0.1413 0.5142 0.8460
vn -0.1174 0.7213 0.6826
vn -0.5445 0.5429 0.6393
vn -0.4826 0.6981 0.5289
vn -0.5631 0.5613 0.6066
vn -0.5561 0.5826 0.5927
vn -0.5311 0.5752 0.6221
vn -0.5798 0.5220 0.6256
vn -0.5825 0.5169 0.6273
vn -0.3999 0.4088 0.8203
vn -0.4179 0.5837 0.6962
vn -0.4827 0.5608 0.6727
vn -0.5603 0.4382 0.7029
vn -0.5311 0.5198 0.6691
vn -0.2578 0.3360 0.9059
vn -0.2775 0.3101 0.9093
vn -0.2812 0.3358 0.8990
vn -0.2917 0.3143 0.9034
vn -0.3064 0.3218 0.8959
vn -0.2856 0.2985 0.9107
vn -0.3448 0.2770 0.8969
vn -0.0682 0.0393 0.9969
vn -0.0655 0.0334 0.9973
vn -0.1936 0.0921 0.9767
vn -0.1910 0.1095 0.9755
vn -0.3068 0.1593 0.9383
vn -0.3223 0.1234 0.9386
vn -0.2931 0.2514 0.9224
vn -0.0146 0.0057 0.9999
vn -0.1838 0.3127 0.9319
vn -0.1552 0.3056 0.9394
vn -0.1915 0.2947 0.9362
vn -0.1869 0.1688 0.9678
vn -0.1275 0.1316 0.9831
vn -0.2034 0.3370 0.9193
vn -0.2001 0.3845 0.9012
vn -0.1973 0.3841 0.9020
vn -0.2133 0.4113 0.8862
vn -0.2077 0.3935 0.8956
vn -0.2048 0.3891 0.8981
vn 0.0001 -0.0000 1.0000
vn -0.0001 -0.0000 1.0000
vn -0.0001 0.0001 1.0000
vn 0.0001 0.0001 1.0000
vn -0.0008 -0.0001 1.0000
vn -0.3332 0.9380 0.0959
vn -0.3331 0.9306 0.1516
vn -0.3340 0.9300 0.1535
vn -0.3340 0.9356 0.1141
vn -0.3339 0.9255 0.1785
vn -0.3328 0.9290 0.1618
vn -0.3347 0.9294 0.1556
vn -0.3351 0.9291 0.1567
vn -0.3339 0.9300 0.1535
vn 0.2829 0.1565 0.9463
vn 0.1099 0.1259 0.9859
vn 0.1094 0.1254 0.9861
vn 0.0795 0.1186 0.9898
vn 0.0877 0.1584 0.9835
vn 0.0593 0.1296 0.9898
vn 0.4522 0.7621 0.4633
vn 0.4503 0.7511 0.4827
vn 0.5735 0.7215 0.3880
vn 0.5116 0.6742 0.5327
vn 0.6497 0.6720 0.3556
vn 0.5669 0.6156 0.5473
vn 0.6799 0.6057 0.4133
vn 0.6362 0.5794 0.5094
vn 0.6533 0.5086 0.5608
vn 0.5471 0.3936 0.7388
vn 0.5715 0.4026 0.7151
vn 0.4795 0.2827 0.8308
vn 0.5869 0.3896 0.7098
vn 0.5787 0.3995 0.7109
vn 0.3846 0.1958 0.9021
vn 0.4671 0.2856 0.8368
vn 0.4649 0.2880 0.8372
vn 0.3589 0.2096 0.9095
vn 0.3575 0.2052 0.9111
vn 0.3574 0.2052 0.9111
vn 0.2010 0.0544 0.9781
vn 0.2133 0.0645 0.9748
vn 0.1789 0.0076 0.9838
vn 0.1706 0.0007 0.9853
vn 0.1629 -0.0273 0.9863
vn 0.3072 0.1270 0.9431
vn 0.1891 0.0097 0.9819
vn 0.1856 0.0036 0.9826
vn 0.1462 0.0801 0.9860
vn 0.1247 0.0418 0.9913
vn 0.1975 0.0722 0.9776
vn 0.1075 0.1082 0.9883
vn 0.1073 0.0957 0.9896
vn 0.1340 0.1068 0.9852
vn 0.1230 0.0888 0.9884
vn 0.1275 0.0696 0.9894
vn 0.3612 0.5966 0.7166
vn 0.3686 0.6214 0.6913
vn 0.4505 0.5644 0.6917
vn 0.4475 0.5577 0.6991
vn 0.5011 0.5114 0.6981
vn 0.4906 0.4930 0.7185
vn 0.5259 0.4578 0.7169
vn 0.5052 0.4273 0.7498
vn 0.5403 0.3880 0.7467
vn 0.4427 0.2903 0.8484
vn 0.4609 0.2683 0.8459
vn 0.3673 0.1749 0.9135
vn 0.3634 0.1794 0.9142
vn 0.2939 0.1016 0.9504
vn 0.2911 0.1044 0.9510
vn 0.1154 -0.0530 0.9919
vn 0.1179 -0.0528 0.9916
vn 0.2209 0.3723 0.9014
vn 0.2279 0.3913 0.8916
vn 0.2854 0.3510 0.8918
vn 0.2828 0.3460 0.8946
vn 0.3220 0.3120 0.8938
vn 0.3136 0.2989 0.9013
vn 0.3413 0.2712 0.9000
vn 0.3256 0.2501 0.9119
vn 0.3593 0.2122 0.9088
vn 0.1809 0.0601 0.9817
vn 0.1228 -0.0247 0.9921
vn -0.0432 0.0093 0.9990
vn -0.0759 -0.1036 0.9917
vn -0.0841 -0.1219 0.9890
vn 0.0773 -0.1193 0.9898
vn 0.0375 -0.1256 0.9914
vn 0.1101 0.0990 0.9890
vn -0.0339 -0.0749 0.9966
vn -0.1054 -0.1502 0.9830
vn 0.1004 0.0432 0.9940
vn 0.0337 -0.0276 0.9991
vn 0.0129 -0.0590 0.9982
vn -0.0694 -0.1337 0.9886
vn 0.1494 0.0309 0.9883
vn 0.0447 -0.0643 0.9969
vn 0.0558 -0.0798 0.9952
vn 0.0820 -0.0556 0.9951
vn 0.0275 -0.1309 0.9910
vn 0.1051 0.3059 0.9462
vn 0.1045 0.3070 0.9460
vn 0.1236 0.3032 0.9449
vn 0.1294 0.3015 0.9447
vn 0.1522 0.2920 0.9442
vn 0.1592 0.2783 0.9472
vn 0.1848 0.2721 0.9444
vn 0.1927 0.2601 0.9462
vn 0.2088 0.2522 0.9449
vn 0.2133 0.2404 0.9469
vn 0.2267 0.2351 0.9452
vn 0.2330 0.2246 0.9462
vn 0.2575 0.2143 0.9422
vn 0.2541 0.2136 0.9433
vn 0.2668 0.1908 0.9447
vn 0.2729 0.1755 0.9459
vn 0.2912 0.1777 0.9400
vn 0.3010 0.1385 0.9435
vn 0.3006 0.1372 0.9438
vn 0.3234 0.1266 0.9378
vn 0.3364 0.0931 0.9371
vn 0.3551 0.0957 0.9299
vn 0.0592 0.3399 0.9386
vn 0.0165 0.3280 0.9445
vn 0.0326 0.3330 0.9424
vn -0.3525 0.2791 0.8932
vn -0.3023 0.2886 0.9085
vn -0.3656 0.2571 0.8946
vn -0.3689 0.2522 0.8946
vn -0.3658 0.2720 0.8901
vn -0.3451 0.3027 0.8884
vn -0.4028 0.2812 0.8710
vn -0.4301 0.3179 0.8449
vn -0.4553 0.2926 0.8409
vn -0.3826 0.2535 0.8885
vn -0.3816 0.2527 0.8891
vn -0.4008 0.2676 0.8762
vn -0.3295 0.2557 0.9089
vn -0.3465 0.2561 0.9024
vn -0.3371 0.2286 0.9133
vn -0.3742 0.2592 0.8904
vn -0.3813 0.2521 0.8894
vn -0.3522 0.3432 0.8707
vn -0.2810 0.2133 0.9357
vn -0.3255 0.2703 0.9061
vn -0.3630 0.2571 0.8956
vn -0.1831 0.2396 0.9535
vn -0.3026 0.3927 0.8685
vn 0.0172 0.3408 0.9400
vn -0.0141 0.3550 0.9348
vn -0.0465 0.3453 0.9374
vn -0.0808 0.3601 0.9294
vn -0.1237 0.3457 0.9302
vn -0.1382 0.3506 0.9263
vn -0.1954 0.3375 0.9208
vn -0.1692 0.3261 0.9301
vn -0.2704 0.3475 0.8978
vn -0.2077 0.3076 0.9286
vn -0.2849 0.3151 0.9053
vn -0.2185 0.1975 0.9556
vn -0.2663 0.2528 0.9301
vn -0.2964 0.2864 0.9111
vn -0.2636 0.3887 0.8828
vn -0.3697 0.3630 0.8553
vn -0.4164 0.4231 0.8047
vn -0.6114 0.4562 0.6466
vn -0.5406 0.4229 0.7272
vn -0.4269 0.4052 0.8085
vn -0.4224 0.4362 0.7945
vn -0.3191 0.3349 0.8866
vn -0.4657 0.3958 0.7915
vn -0.4467 0.3738 0.8128
vn -0.5603 0.3642 0.7439
vn -0.2165 0.2895 0.9324
vn -0.1744 0.2629 0.9489
vn -0.1750 0.3341 0.9261
vn -0.1774 0.3879 0.9045
vn -0.1503 0.4441 0.8833
vn -0.1473 0.4348 0.8884
vn -0.1475 0.4580 0.8767
vn -0.1843 0.3235 0.9281
vn -0.2050 0.3758 0.9038
vn -0.2170 0.4524 0.8650
vn -0.2589 0.5222 0.8126
vn -0.2112 0.4754 0.8540
vn -0.2356 0.4468 0.8631
vn -0.2262 0.4515 0.8631
vn -0.4270 0.6265 0.6520
vn -0.4765 0.6526 0.5891
vn -0.5142 0.6510 0.5583
vn -0.5151 0.6788 0.5233
vn -0.3662 0.5702 0.7354
vn -0.3936 0.6010 0.6957
vn -0.4312 0.6239 0.6518
vn -0.3685 0.5834 0.7238
vn -0.3282 0.5623 0.7590
vn -0.3031 0.5576 0.7728
vn -0.2888 0.5268 0.7994
vn -0.2708 0.5245 0.8072
vn -0.7484 0.6583 0.0808
vn -0.6288 0.7771 0.0265
vn -0.5634 0.6966 0.4442
vn -0.6543 0.7560 0.0180
vn -0.6899 0.7231 0.0340
vn -0.5671 0.8207 0.0695
vn -0.6625 0.7402 0.1149
vn -0.6094 0.7764 0.1606
vn -0.6612 0.7193 0.2131
vn -0.5990 0.7653 0.2356
vn -0.6096 0.7197 0.3324
vn -0.5979 0.7284 0.3345
vn -0.5584 0.7271 0.3993
vn -0.6581 0.7103 0.2496
vn -0.6445 0.7441 0.1759
vn -0.6672 0.7253 0.1695
vn -0.6590 0.7432 0.1155
vn -0.7391 0.6684 0.0828
vn -0.5732 0.6998 0.4263
vn -0.6096 0.7007 0.3708
vn -0.6341 0.6912 0.3466
vn -0.5995 0.7461 0.2898
vn -0.6836 0.6890 0.2410
vn -0.6425 0.7482 -0.1657
vn -0.5727 0.6996 -0.4273
vn -0.6030 0.7463 -0.2820
vn -0.6538 0.6534 -0.3817
vn -0.6275 0.6983 -0.3444
vn -0.5753 0.6982 -0.4261
vn -0.7447 0.6625 -0.0809
vn -0.6606 0.7418 -0.1154
vn -0.6681 0.7220 -0.1799
vn -0.6778 0.7347 -0.0285
vn -0.6543 0.7560 -0.0180
vn -0.6320 0.7746 -0.0255
vn -0.7458 0.6613 -0.0807
vn -0.5706 0.8182 -0.0698
vn -0.6364 0.7655 -0.0951
vn -0.7087 0.6833 -0.1757
vn -0.5977 0.7795 -0.1876
vn -0.6306 0.7638 -0.1378
vn -0.5537 0.7136 -0.4293
vn -0.5893 0.7468 -0.3083
vn -0.6330 0.6924 -0.3463
vn -0.5937 0.7698 -0.2343
vn -0.6663 0.7020 -0.2515
vn -0.6550 0.7198 -0.2299
vn -0.1748 0.1005 -0.9795
vn -0.0834 -0.0259 -0.9962
vn -0.0563 -0.0394 -0.9976
vn -0.0468 -0.0467 -0.9978
vn -0.9329 0.3599 -0.0102
vn -0.9351 0.3524 -0.0385
vn -0.9305 0.3572 -0.0810
vn -0.9248 0.3470 -0.1560
vn -0.9254 0.3548 -0.1335
vn -0.9058 0.3428 -0.2489
vn -0.9060 0.3431 -0.2478
vn -0.8717 0.3298 -0.3625
vn -0.8643 0.3228 -0.3858
vn -0.4143 0.1267 -0.9013
vn -0.5246 0.1729 -0.8336
vn -0.5249 0.1731 -0.8333
vn -0.6631 0.2376 -0.7098
vn -0.6365 0.2173 -0.7400
vn -0.7859 0.2981 -0.5417
vn -0.7448 0.2590 -0.6150
vn -0.8170 0.3060 -0.4888
vn -0.2866 0.0647 -0.9559
vn -0.2327 0.0468 -0.9714
vn -0.2218 0.0396 -0.9743
vn -0.1672 0.0120 -0.9858
vn -0.1749 0.0194 -0.9844
vn -0.1331 -0.0035 -0.9911
vn -0.1131 -0.0105 -0.9935
vn -0.1140 -0.0098 -0.9934
vn -0.0894 -0.0271 -0.9956
vn -0.0550 -0.0361 -0.9978
vn -0.0468 -0.0471 -0.9978
vn -0.0840 -0.0391 -0.9957
vn -0.1590 0.0032 -0.9873
vn -0.0467 -0.0427 -0.9980
vn -0.0575 -0.0417 -0.9975
vn -0.0897 -0.0062 -0.9960
vn -0.1031 -0.0082 -0.9946
vn -0.1248 0.0041 -0.9922
vn -0.1364 0.0097 -0.9906
vn -0.3851 0.1309 -0.9135
vn -0.3392 0.1126 -0.9340
vn -0.2550 0.0596 -0.9651
vn -0.9133 0.4059 -0.0336
vn -0.9137 0.3904 -0.1132
vn -0.9082 0.4098 -0.0851
vn -0.9057 0.3901 -0.1661
vn -0.9058 0.3910 -0.1634
vn -0.8884 0.3949 -0.2342
vn -0.8860 0.3840 -0.2599
vn -0.8494 0.3690 -0.3773
vn -0.8494 0.3691 -0.3772
vn -0.7865 0.3319 -0.5208
vn -0.7924 0.3396 -0.5068
vn -0.6939 0.2848 -0.6614
vn -0.7099 0.3028 -0.6359
vn -0.5643 0.2146 -0.7972
vn -0.6005 0.2534 -0.7584
vn -0.4457 0.1514 -0.8823
vn -0.4922 0.1989 -0.8475
vn -0.3936 0.1338 -0.9095
vn -0.0565 -0.0406 -0.9976
vn -0.0578 -0.0408 -0.9975
vn -0.1090 -0.0119 -0.9940
vn -0.1134 -0.0110 -0.9935
vn -0.1583 0.0135 -0.9873
vn -0.1653 0.0152 -0.9861
vn -0.2224 0.0453 -0.9739
vn -0.2321 0.0478 -0.9715
vn -0.9193 0.3910 -0.0451
vn -0.9239 0.3826 0.0105
vn -0.9213 0.3803 -0.0814
vn -0.9207 0.3809 -0.0847
vn -0.9132 0.3760 -0.1569
vn -0.9119 0.3766 -0.1630
vn -0.8959 0.3671 -0.2501
vn -0.8933 0.3673 -0.2591
vn -0.8629 0.3505 -0.3641
vn -0.8581 0.3499 -0.3758
vn -0.8089 0.3238 -0.4907
vn -0.8009 0.3218 -0.5049
vn -0.7314 0.2863 -0.6189
vn -0.7203 0.2829 -0.6333
vn -0.6265 0.2358 -0.7429
vn -0.6130 0.2314 -0.7555
vn -0.5185 0.1845 -0.8350
vn -0.5036 0.1797 -0.8450
vn -0.4104 0.1332 -0.9021
vn -0.3966 0.1289 -0.9089
vn -0.0557 -0.0388 -0.9977
vn -0.0563 -0.0391 -0.9976
vn -0.1046 -0.0105 -0.9945
vn -0.1077 -0.0098 -0.9941
vn -0.1512 0.0152 -0.9884
vn -0.1565 0.0165 -0.9875
vn -0.1952 0.0381 -0.9800
vn -0.2206 0.0482 -0.9742
vn -0.2914 0.0993 -0.9514
vn -0.3012 0.0834 -0.9499
vn -0.3133 0.0869 -0.9457
vn -0.3151 0.0838 -0.9453
vn -0.3963 0.1147 -0.9109
vn 0.0834 -0.1667 -0.9825
vn 0.6666 -0.7453 -0.0143
vn 0.0709 -0.1264 -0.9894
vn -0.0176 -0.0653 -0.9977
vn 0.2934 -0.5273 -0.7974
vn 0.6005 -0.7943 -0.0920
vn 0.4750 -0.6255 -0.6190
vn 0.5006 -0.6529 -0.5684
vn 0.5319 -0.6973 -0.4804
vn 0.5458 -0.7117 -0.4422
vn 0.5667 -0.7439 -0.3542
vn 0.5618 -0.7391 -0.3716
vn 0.5906 -0.7689 -0.2449
vn 0.5766 -0.7619 -0.2950
vn 0.5956 -0.7825 -0.1814
vn 0.2168 -0.3509 -0.9110
vn 0.2106 -0.3559 -0.9105
vn 0.1824 -0.2928 -0.9386
vn 0.2277 -0.3641 -0.9031
vn 0.1843 -0.3006 -0.9358
vn 0.1888 -0.3102 -0.9317
vn 0.1751 -0.2909 -0.9406
vn 0.1652 -0.2804 -0.9456
vn 0.1504 -0.2572 -0.9546
vn 0.1530 -0.2701 -0.9506
vn 0.1330 -0.2341 -0.9631
vn 0.1333 -0.2357 -0.9627
vn 0.1103 -0.2137 -0.9706
vn 0.0968 -0.1903 -0.9769
vn 0.0939 -0.1777 -0.9796
vn 0.0883 -0.1750 -0.9806
vn 0.0766 -0.1680 -0.9828
vn 0.0606 -0.1538 -0.9863
vn 0.0630 -0.1556 -0.9858
vn 0.0519 -0.1411 -0.9886
vn 0.0527 -0.1408 -0.9886
vn 0.0420 -0.1316 -0.9904
vn 0.0437 -0.1322 -0.9903
vn 0.0300 -0.1123 -0.9932
vn 0.0358 -0.1119 -0.9931
vn 0.0202 -0.1040 -0.9944
vn 0.0207 -0.1057 -0.9942
vn 0.0270 -0.1093 -0.9936
vn 0.0301 -0.1107 -0.9934
vn 0.0051 -0.0895 -0.9960
vn 0.0032 -0.0907 -0.9959
vn 0.0081 -0.0885 -0.9960
vn 0.0063 -0.0890 -0.9960
vn 0.0076 -0.0896 -0.9960
vn 0.0093 -0.0907 -0.9958
vn 0.0097 -0.0916 -0.9958
vn 0.0091 -0.0904 -0.9959
vn 0.0067 -0.0854 -0.9963
vn 0.0057 -0.0814 -0.9967
vn 0.0066 -0.0894 -0.9960
vn -0.0051 -0.0771 -0.9970
vn -0.0062 -0.0754 -0.9971
vn -0.0102 -0.0725 -0.9973
vn -0.0129 -0.0690 -0.9975
vn -0.0150 -0.0677 -0.9976
vn -0.0200 -0.0619 -0.9979
vn -0.0187 -0.0622 -0.9979
vn -0.0292 -0.0561 -0.9980
vn -0.0226 -0.0565 -0.9982
vn -0.0356 -0.0524 -0.9980
vn -0.0269 -0.0518 -0.9983
vn -0.0307 -0.0512 -0.9982
vn -0.0324 -0.0506 -0.9982
vn -0.0341 -0.0499 -0.9982
vn -0.0326 -0.0508 -0.9982
vn -0.0069 -0.0833 -0.9965
vn -0.0112 -0.0826 -0.9965
vn -0.0301 -0.0539 -0.9981
vn -0.0298 -0.0530 -0.9982
vn -0.0298 -0.0528 -0.9982
vn -0.0313 -0.0555 -0.9980
vn -0.0322 -0.0514 -0.9982
vn -0.0321 -0.0513 -0.9982
vn -0.0213 -0.0635 -0.9978
vn -0.0249 -0.0592 -0.9979
vn -0.0220 -0.0632 -0.9978
vn -0.0217 -0.0607 -0.9979
vn -0.0197 -0.0645 -0.9977
vn -0.0190 -0.0631 -0.9978
vn -0.0176 -0.0666 -0.9976
vn -0.0165 -0.0669 -0.9976
vn -0.0068 -0.0706 -0.9975
vn -0.0058 -0.0756 -0.9971
vn 0.0024 -0.0751 -0.9972
vn 0.0490 -0.0851 -0.9952
vn 0.0352 -0.0912 -0.9952
vn 0.0275 -0.0913 -0.9954
vn 0.0230 -0.0901 -0.9957
vn 0.0249 -0.0909 -0.9956
vn 0.0297 -0.0956 -0.9950
vn 0.0298 -0.0968 -0.9949
vn 0.1565 -0.2119 -0.9647
vn 0.2583 -0.3220 -0.9108
vn 0.3030 -0.3400 -0.8903
vn 0.3873 -0.4317 -0.8146
vn 0.3913 -0.4343 -0.8113
vn 0.3326 -0.3943 -0.8567
vn 0.4883 -0.5356 -0.6889
vn 0.5001 -0.5436 -0.6741
vn 0.4247 -0.4872 -0.7630
vn 0.5707 -0.5839 -0.5774
vn 0.4528 -0.5598 -0.6940
vn 0.6440 -0.6541 -0.3966
vn 0.6606 -0.7423 -0.1122
vn 0.6554 -0.7384 -0.1587
vn 0.6466 -0.7239 -0.2407
vn 0.5208 -0.6350 -0.5706
vn 0.5957 -0.6712 -0.4412
vn 0.6289 -0.7023 -0.3334
vn 0.6335 -0.7055 -0.3176
vn 0.6441 -0.7350 -0.2119
vn 0.6619 -0.7456 -0.0768
vn 0.6495 -0.7604 0.0045
vn 0.5998 -0.7998 -0.0233
vn 0.6276 -0.7782 -0.0230
vn 0.6304 -0.7761 -0.0157
vn 0.6582 -0.7527 -0.0161
vn 0.6602 -0.7490 -0.0558
vn 0.1987 -0.2918 -0.9356
vn 0.1294 -0.2505 -0.9594
vn 0.1533 -0.2687 -0.9509
vn 0.0211 -0.1085 -0.9939
vn 0.0210 -0.1145 -0.9932
vn 0.0214 -0.1134 -0.9933
vn 0.0435 -0.1267 -0.9910
vn 0.0434 -0.1272 -0.9909
vn 0.0524 -0.1356 -0.9894
vn 0.0640 -0.1479 -0.9869
vn 0.0814 -0.1701 -0.9821
vn 0.0767 -0.1664 -0.9831
vn 0.1363 -0.2232 -0.9652
vn 0.0874 -0.1946 -0.9770
vn 0.1122 -0.2130 -0.9706
vn 0.6641 -0.7415 -0.0959
vn 0.6251 -0.7749 -0.0933
vn 0.6269 -0.7743 -0.0862
vn 0.6000 -0.7955 -0.0846
vn 0.6000 -0.7996 -0.0244
vn 0.1843 -0.2555 -0.9491
vn 0.1354 -0.2248 -0.9650
vn 0.2555 -0.3378 -0.9059
vn 0.1964 -0.2956 -0.9349
vn 0.3330 -0.4314 -0.8385
vn 0.2678 -0.3800 -0.8854
vn 0.4128 -0.5304 -0.7404
vn 0.3477 -0.4759 -0.8078
vn 0.4323 -0.5675 -0.7008
vn 0.5961 -0.7884 -0.1522
vn 0.6277 -0.7627 -0.1556
vn 0.6128 -0.7500 -0.2489
vn 0.6253 -0.7518 -0.2092
vn 0.5917 -0.7207 -0.3612
vn 0.6105 -0.7279 -0.3122
vn 0.5543 -0.6730 -0.4898
vn 0.5806 -0.6877 -0.4358
vn 0.4937 -0.6005 -0.6290
vn 0.5294 -0.6239 -0.5748
vn 0.4218 -0.5161 -0.7454
vn 0.4632 -0.5436 -0.6999
vn 0.3385 -0.4217 -0.8412
vn 0.3789 -0.4468 -0.8104
vn 0.2580 -0.3333 -0.9068
vn 0.2955 -0.3536 -0.8875
vn 0.1847 -0.2548 -0.9492
vn 0.1429 -0.1962 -0.9701
vn 0.1836 -0.1221 -0.9754
vn 0.1110 -0.1914 -0.9752
vn 0.0675 -0.1338 -0.9887
vn 0.0660 -0.1364 -0.9885
vn 0.0824 -0.1403 -0.9867
vn 0.1004 -0.1086 -0.9890
vn 0.1111 -0.0934 -0.9894
vn 0.1713 -0.2848 -0.9432
vn 0.1831 -0.2966 -0.9373
vn 0.2660 -0.3829 -0.8847
vn 0.2179 -0.3456 -0.9127
vn 0.3157 -0.4524 -0.8341
vn 0.2940 -0.4310 -0.8531
vn 0.3370 -0.4881 -0.8051
vn 0.3068 -0.4131 -0.8575
vn 0.3040 -0.4672 -0.8302
vn 0.2302 -0.3492 -0.9083
vn 0.2300 -0.3476 -0.9090
vn 0.0252 -0.1079 -0.9938
vn 0.0310 -0.0979 -0.9947
vn 0.0212 -0.0965 -0.9951
vn 0.0227 -0.0940 -0.9953
vn 0.0068 -0.0884 -0.9961
vn 0.0089 -0.0850 -0.9963
vn 0.0008 -0.0846 -0.9964
vn 0.0042 -0.0795 -0.9968
vn -0.0202 -0.0821 -0.9964
vn 0.2211 -0.2480 -0.9432
vn 0.2173 -0.2660 -0.9392
vn 0.2158 -0.2687 -0.9387
vn 0.1195 -0.1882 -0.9748
vn 0.1204 -0.1866 -0.9750
vn 0.0414 -0.1222 -0.9916
vn 0.0401 -0.1243 -0.9914
vn 0.0267 -0.1049 -0.9941
vn 0.0269 -0.1055 -0.9941
vn 0.0024 -0.0855 -0.9963
vn -0.0028 -0.1016 -0.9948
vn 0.9916 0.1293 -0.0006
vn 0.9815 0.1804 -0.0647
vn 0.9324 0.3595 0.0366
vn 0.8181 0.5596 -0.1324
vn 0.8185 0.5593 -0.1314
vn 0.7063 0.7079 -0.0003
vn 0.2971 0.9548 -0.0001
vn 0.4513 0.8780 -0.1594
vn 0.4723 0.8738 -0.1160
vn 0.6173 0.7868 -0.0003
vn -0.1778 0.9841 -0.0008
vn -0.0216 0.9837 -0.1784
vn 0.0283 0.9963 -0.0814
vn 0.1841 0.9829 -0.0001
vn -0.6151 0.7884 0.0001
vn -0.4879 0.8550 -0.1756
vn -0.4249 0.9041 -0.0445
vn -0.2921 0.9564 -0.0008
vn -0.8845 0.4636 -0.0511
vn -0.8394 0.5211 -0.1545
vn -0.7735 0.6338 -0.0102
vn -0.7001 0.7141 -0.0000
vn -0.9631 0.2678 0.0283
vn -0.9876 0.1466 -0.0562
vn -0.9976 0.0697 -0.0000
vn -0.9899 -0.1417 -0.0000
vn -0.8788 -0.4693 -0.0868
vn -0.9339 -0.3574 0.0096
vn -0.9913 -0.1309 -0.0117
vn -0.5978 -0.7976 -0.0804
vn -0.6697 -0.7426 -0.0044
vn -0.8245 -0.5658 0.0040
vn -0.2039 -0.9761 -0.0757
vn -0.2604 -0.9653 -0.0207
vn -0.4783 -0.8781 0.0143
vn 0.3430 -0.9392 -0.0172
vn 0.2022 -0.9758 -0.0829
vn 0.2290 -0.9722 -0.0490
vn 0.0516 -0.9987 -0.0001
vn -0.0665 -0.9978 -0.0001
vn 0.8117 -0.5836 0.0215
vn 0.6568 -0.7533 -0.0340
vn 0.6175 -0.7819 -0.0858
vn 0.5055 -0.8628 -0.0001
vn 0.4007 -0.9162 -0.0001
vn 0.9090 -0.3914 -0.1430
vn 0.8931 -0.4482 -0.0391
vn 0.9852 -0.1705 0.0195
vn 0.9927 -0.1167 -0.0317
vn 0.9998 -0.0206 -0.0003
vn -0.1058 0.2526 0.9618
vn -0.5851 0.8107 0.0216
vn -0.0002 0.0817 0.9967
vn -0.1981 0.1453 0.9694
vn -0.1130 0.2202 0.9689
vn -0.1411 0.2422 0.9599
vn -0.1456 0.2740 0.9506
vn -0.1364 0.2350 0.9624
vn -0.1115 0.2159 0.9700
vn -0.0313 0.0817 0.9962
vn -0.0110 0.0909 0.9958
vn -0.0180 0.1117 0.9936
vn -0.0375 0.1134 0.9928
vn -0.0452 0.1375 0.9895
vn -0.0692 0.1383 0.9880
vn -0.0574 0.1501 0.9870
vn -0.0745 0.1667 0.9832
vn -0.0824 0.1589 0.9839
vn -0.0737 0.2047 0.9761
vn -0.0103 0.1044 0.9945
vn -0.0217 0.1009 0.9947
vn -0.0230 0.1151 0.9931
vn -0.0268 0.1055 0.9941
vn -0.0533 0.1422 0.9884
vn 0.0292 0.0627 0.9976
vn 0.0308 0.0520 0.9982
vn 0.1010 0.0001 0.9949
vn 0.0464 0.0394 0.9981
vn 0.0340 0.0478 0.9983
vn 0.0381 0.0429 0.9984
vn 0.0313 0.0480 0.9984
vn 0.0356 0.0469 0.9983
vn 0.0340 0.0506 0.9981
vn 0.0344 0.0505 0.9981
vn 0.0312 0.0522 0.9981
vn 0.0256 0.0527 0.9983
vn 0.0246 0.0525 0.9983
vn 0.0225 0.0580 0.9981
vn 0.0193 0.0628 0.9978
vn 0.0122 0.0688 0.9976
vn 0.0128 0.0688 0.9975
vn 0.0045 0.0763 0.9971
vn -0.0029 0.0803 0.9968
vn 0.0129 0.0773 0.9969
vn 0.0179 0.0600 0.9980
vn 0.0248 0.0551 0.9982
vn 0.0264 0.0523 0.9983
vn 0.0321 0.0483 0.9983
vn 0.0097 0.0597 0.9982
vn 0.0067 0.0727 0.9973
vn -0.0017 0.0828 0.9966
vn -0.0023 0.0823 0.9966
vn -0.0034 0.0855 0.9963
vn -0.0088 0.0878 0.9961
vn 0.0038 0.0860 0.9963
vn -0.5864 0.8098 0.0208
vn -0.5923 0.8056 0.0134
vn -0.5744 0.8148 0.0789
vn -0.5977 0.8002 0.0499
vn -0.5835 0.8067 0.0943
vn -0.5826 0.7994 0.1464
vn -0.5911 0.7964 0.1278
vn -0.5732 0.7903 0.2163
vn -0.5721 0.7880 0.2276
vn -0.5708 0.7859 0.2378
vn -0.5723 0.7990 0.1843
vn -0.5731 0.7962 0.1940
vn -0.5734 0.7938 0.2025
vn -0.5679 0.7835 0.2524
vn -0.5660 0.7824 0.2597
vn -0.5676 0.7832 0.2539
vn -0.5666 0.7808 0.2632
vn -0.5603 0.7680 0.3102
vn -0.5585 0.7760 0.2931
vn -0.5514 0.7567 0.3512
vn -0.5341 0.7453 0.3990
vn -0.5338 0.7401 0.4091
vn -0.5135 0.7066 0.4867
vn -0.5154 0.7212 0.4628
vn -0.4577 0.6339 0.6235
vn -0.4835 0.6763 0.5558
vn -0.4964 0.6891 0.5280
vn -0.5097 0.7091 0.4872
vn -0.5069 0.7074 0.4926
vn -0.3069 0.4259 0.8512
vn -0.3375 0.4830 0.8080
vn -0.3722 0.5360 0.7577
vn -0.3048 0.4627 0.8325
vn -0.2434 0.3534 0.9032
vn -0.2754 0.3570 0.8926
vn -0.1886 0.2553 0.9483
vn -0.1877 0.2621 0.9466
vn -0.1899 0.3251 0.9264
vn -0.0050 0.0876 0.9961
vn -0.0162 0.0964 0.9952
vn -0.0281 0.1036 0.9942
vn -0.0293 0.1111 0.9934
vn -0.0547 0.1398 0.9887
vn -0.0543 0.1384 0.9889
vn -0.0836 0.1744 0.9811
vn -0.2138 0.3462 0.9135
vn -0.1410 0.2471 0.9587
vn -0.1626 0.2781 0.9467
vn -0.1764 0.2892 0.9409
vn -0.2137 0.3459 0.9136
vn -0.4666 0.6608 0.5879
vn -0.4318 0.6022 0.6714
vn -0.3440 0.5233 0.7796
vn -0.4148 0.5151 0.7501
vn -0.2734 0.4528 0.8486
vn -0.2823 0.4266 0.8592
vn -0.2477 0.3825 0.8901
vn -0.0795 0.1583 0.9842
vn -0.0940 0.1880 0.9777
vn -0.1141 0.2074 0.9716
vn -0.1245 0.2253 0.9663
vn -0.1581 0.2577 0.9532
vn -0.1684 0.2833 0.9441
vn -0.2214 0.3367 0.9152
vn -0.2335 0.3663 0.9007
vn -0.2940 0.4290 0.8541
vn -0.3068 0.4604 0.8330
vn -0.4036 0.5615 0.7224
vn -0.4571 0.5744 0.6790
vn -0.9118 0.4088 0.0393
vn -0.9144 0.3957 0.0849
vn -0.8984 0.4075 0.1639
vn -0.9102 0.3918 0.1342
vn -0.8829 0.3908 0.2602
vn -0.8871 0.3878 0.2503
vn -0.8508 0.3662 0.3770
vn -0.8415 0.3676 0.3960
vn -0.7949 0.3345 0.5062
vn -0.7795 0.3323 0.5310
vn -0.7138 0.2955 0.6350
vn -0.6886 0.2909 0.6642
vn -0.6081 0.2400 0.7567
vn -0.5588 0.2252 0.7981
vn -0.4998 0.1862 0.8459
vn -0.4444 0.1671 0.8801
vn -0.3853 0.1283 0.9138
vn -0.3935 0.1341 0.9095
vn -0.3390 0.1125 0.9340
vn -0.2989 0.0871 0.9503
vn -0.2538 0.0723 0.9645
vn -0.2206 0.0482 0.9742
vn -0.1948 0.0379 0.9801
vn -0.1364 0.0097 0.9906
vn -0.1022 -0.0068 0.9947
vn -0.1105 -0.0089 0.9938
vn -0.0836 -0.0130 0.9964
vn -0.0837 -0.0262 0.9961
vn -0.0467 -0.0427 0.9980
vn -0.0575 -0.0417 0.9975
vn -0.0557 -0.0388 0.9977
vn -0.0565 -0.0392 0.9976
vn -0.0468 -0.0467 0.9978
vn -0.0475 -0.0380 0.9981
vn -0.1777 0.0173 0.9839
vn -0.2335 0.0456 0.9713
vn -0.2460 0.0483 0.9681
vn -0.3156 0.0830 0.9452
vn -0.3329 0.0873 0.9389
vn -0.4218 0.1310 0.8972
vn -0.4147 0.1261 0.9012
vn -0.4959 0.1614 0.8532
vn -0.5231 0.1764 0.8338
vn -0.5416 0.1828 0.8205
vn -0.6349 0.2203 0.7405
vn -0.6301 0.2192 0.7449
vn -0.7392 0.2707 0.6167
vn -0.7655 0.2775 0.5805
vn -0.8168 0.3065 0.4888
vn -0.8751 0.3214 0.3618
vn -0.8529 0.3238 0.4095
vn -0.9061 0.3422 0.2489
vn -0.9042 0.3427 0.2550
vn -0.9227 0.3524 0.1562
vn -0.9268 0.3499 0.1363
vn -0.9314 0.3619 0.0387
vn -0.9368 0.3405 0.0807
vn -0.9329 0.3599 0.0102
vn -0.1127 -0.0098 0.9936
vn -0.1097 -0.0130 0.9939
vn -0.9202 0.3914 0.0060
vn -0.9236 0.3819 0.0347
vn -0.9210 0.3802 0.0847
vn -0.9210 0.3810 0.0814
vn -0.9124 0.3755 0.1630
vn -0.9128 0.3772 0.1569
vn -0.8938 0.3660 0.2590
vn -0.8953 0.3685 0.2502
vn -0.8588 0.3483 0.3756
vn -0.8622 0.3521 0.3642
vn -0.8017 0.3202 0.5047
vn -0.8081 0.3256 0.4909
vn -0.7212 0.2812 0.6331
vn -0.7305 0.2881 0.6191
vn -0.6139 0.2297 0.7552
vn -0.6254 0.2377 0.7432
vn -0.5048 0.1778 0.8448
vn -0.5172 0.1866 0.8353
vn -0.3978 0.1270 0.9086
vn -0.4092 0.1353 0.9024
vn -0.3024 0.0814 0.9497
vn -0.3120 0.0890 0.9459
vn -0.2235 0.0434 0.9737
vn -0.2309 0.0498 0.9717
vn -0.0577 -0.0406 0.9975
vn -0.0574 -0.0401 0.9975
vn -0.0566 -0.0414 0.9975
vn -0.0562 -0.0392 0.9976
vn -0.1072 -0.0090 0.9942
vn -0.1051 -0.0113 0.9944
vn -0.0519 0.0362 0.9980
vn -0.0918 -0.0265 0.9954
vn -0.1290 0.0014 0.9916
vn -0.1151 -0.0138 0.9933
vn -0.1657 0.0144 0.9861
vn -0.1643 0.0168 0.9863
vn -0.1593 0.0120 0.9872
vn -0.1557 0.0178 0.9876
vn -0.1520 0.0140 0.9883
vn -0.1590 0.0032 0.9873
vn -0.1745 0.0984 0.9797
vn -0.5056 -0.8628 -0.0003
vn -0.5356 -0.8444 -0.0106
vn -0.5384 -0.8426 -0.0118
vn -0.5548 -0.8320 -0.0037
vn -0.5388 -0.8424 -0.0116
vn -0.5431 -0.8395 -0.0141
vn -0.5405 -0.8413 -0.0127
vn -0.5233 -0.8522 -0.0000
vn -0.5241 -0.8517 -0.0029
vn -0.5126 -0.8576 0.0412
vn -0.5429 -0.8398 -0.0074
vn -0.5468 -0.8371 -0.0160
vn -0.5386 -0.8425 0.0092
vn -0.5745 -0.8185 -0.0022
vn -0.5808 -0.8140 -0.0054
vn -0.5941 -0.8042 -0.0183
vn -0.5932 -0.8048 -0.0193
vn -0.6204 -0.7843 -0.0000
vn -0.4625 -0.8866 0.0057
vn -0.4225 -0.9064 -0.0027
vn -0.4366 -0.8997 0.0058
vn -0.4121 -0.9111 -0.0032
vn -0.4225 -0.9063 0.0084
vn -0.4181 -0.9084 0.0049
vn -0.4060 -0.9139 -0.0029
vn -0.4058 -0.9139 0.0084
vn -0.4051 -0.9142 0.0040
vn -0.4044 -0.9146 0.0013
vn -0.4030 -0.9152 -0.0021
vn -0.4043 -0.9146 -0.0003
vn -0.4031 -0.9151 0.0021
vn -0.4010 -0.9161 -0.0000
vn -0.3978 -0.9175 0.0006
vn -0.4016 -0.9158 -0.0007
vn -0.4053 -0.9142 -0.0025
vn -0.4064 -0.9136 -0.0081
vn -0.4058 -0.9140 0.0027
vn -0.4188 -0.9081 -0.0048
vn -0.4102 -0.9120 0.0015
vn -0.4269 -0.9043 -0.0012
vn -0.4224 -0.9064 -0.0000
vn -0.4376 -0.8992 -0.0000
vn -0.4439 -0.8961 -0.0009
vn -0.4625 -0.8866 0.0012
vn -0.4604 -0.8877 0.0016
vn -0.4743 -0.8804 -0.0001
vn -0.6174 -0.7866 -0.0000
vn -0.6204 -0.7843 0.0031
vn -0.5977 -0.8017 -0.0011
vn -0.5633 -0.8262 0.0111
vn -0.5679 -0.8227 0.0260
vn -0.5624 -0.8267 0.0147
vn -0.5235 -0.8509 -0.0443
vn -0.5308 -0.8471 0.0260
vn -0.5286 -0.8488 0.0132
vn -0.4434 -0.8963 -0.0059
vn -0.4664 -0.8846 0.0003
vn -0.5056 -0.8628 -0.0004
vn -0.5332 -0.8460 0.0085
vn -0.5448 -0.8384 0.0134
vn -0.5421 -0.8402 0.0121
vn -0.5378 -0.8430 0.0102
vn -0.5572 -0.8304 0.0025
vn -0.5402 -0.8414 0.0109
vn -0.5250 -0.8511 -0.0000
vn -0.5264 -0.8502 0.0045
vn 0.4783 0.8773 0.0396
vn 0.3841 0.9233 -0.0045
vn 0.3845 0.9231 0.0070
vn 0.3828 0.9238 -0.0025
vn 0.3825 0.9239 0.0041
vn 0.3828 0.9238 0.0025
vn 0.3816 0.9243 -0.0000
vn 0.3801 0.9249 0.0006
vn 0.3819 0.9242 -0.0007
vn 0.5064 0.8623 -0.0000
vn 0.5045 0.8634 0.0072
vn 0.5010 0.8652 0.0229
vn 0.4971 0.8666 0.0436
vn 0.4937 0.8670 0.0675
vn 0.4795 0.8614 0.1673
vn 0.5359 0.8438 0.0300
vn 0.5823 0.8129 0.0129
vn 0.5742 0.8187 0.0085
vn 0.5081 0.8611 -0.0193
vn 0.5362 0.8440 0.0121
vn 0.4778 0.8775 -0.0403
vn 0.5062 0.8624 0.0001
vn 0.4382 0.8989 -0.0000
vn 0.4416 0.8972 0.0002
vn 0.4179 0.9085 -0.0007
vn 0.4353 0.9003 0.0039
vn 0.3989 0.9170 -0.0045
vn 0.4289 0.9033 0.0115
vn 0.3904 0.9206 -0.0069
vn 0.4170 0.9088 0.0175
vn 0.3870 0.9220 -0.0066
vn 0.4024 0.9152 0.0228
vn 0.3981 0.9172 0.0154
vn 0.6195 0.7850 -0.0000
vn 0.6274 0.7787 0.0019
vn 0.6156 0.7881 0.0004
vn 0.5673 0.8235 -0.0023
vn 0.6015 0.7985 0.0263
vn 0.5913 0.8062 0.0185
vn 0.5061 0.8625 -0.0000
vn 0.5333 0.8451 -0.0369
vn 0.5369 0.8432 -0.0272
vn 0.4816 0.8652 -0.1393
vn 0.4971 0.8666 -0.0442
vn 0.5010 0.8651 -0.0231
vn 0.5045 0.8634 -0.0074
vn 0.5063 0.8623 -0.0002
vn 0.4416 0.8972 -0.0000
vn 0.4380 0.8990 -0.0001
vn 0.4357 0.9001 -0.0000
vn 0.4171 0.9088 0.0001
vn 0.4300 0.9028 -0.0029
vn 0.3975 0.9176 0.0035
vn 0.4215 0.9068 -0.0081
vn 0.3883 0.9215 0.0056
vn 0.4108 0.9116 -0.0127
vn 0.3856 0.9226 0.0060
vn 0.3979 0.9173 -0.0149
vn 0.3915 0.9202 -0.0058
vn 0.5094 0.8604 0.0128
vn 0.5658 0.8246 -0.0034
vn 0.5756 0.8177 -0.0072
vn 0.5832 0.8123 -0.0108
vn 0.5921 0.8057 -0.0158
vn 0.5720 0.8202 -0.0022
vn 0.6274 0.7787 -0.0000
vn 0.6228 0.7824 -0.0005
vn 0.6164 0.7874 -0.0000
vn 0.6082 0.7938 -0.0000
vn -0.8579 0.5062 -0.0887
vn -0.8416 0.4834 -0.2409
vn -0.8355 0.4831 -0.2620
vn -0.7619 0.4534 -0.4626
vn -0.6599 0.3893 -0.6426
vn -0.5531 0.3263 -0.7666
vn -0.5066 0.3044 -0.8066
vn -0.3996 0.2319 -0.8869
vn -0.2186 0.1385 -0.9659
vn -0.1988 0.1301 -0.9714
vn -0.0724 0.0427 -0.9965
vn -0.9758 -0.2186 0.0075
vn -0.9757 -0.2189 -0.0000
vn -0.9762 -0.2170 0.0054
vn -0.9760 -0.2178 0.0040
vn -0.9603 -0.2786 -0.0114
vn -0.9539 -0.2971 -0.0422
vn -0.8566 -0.5157 -0.0155
vn -0.8680 -0.4945 -0.0456
vn -0.9071 -0.4210 -0.0000
vn -0.9336 -0.3582 -0.0000
vn -0.7167 -0.6974 -0.0000
vn -0.6873 -0.7184 -0.1072
vn -0.7636 -0.6457 -0.0000
vn -0.9760 -0.2178 -0.0000
vn -0.9761 -0.2173 -0.0005
vn -0.9768 -0.2141 0.0002
vn -0.9768 -0.2143 0.0002
vn -0.9770 -0.2131 -0.0000
vn -0.1558 0.6897 -0.7071
vn 0.9764 0.2160 -0.0000
vn 0.9762 0.2170 0.0004
vn -0.3200 0.9474 0.0014
vn -0.2626 0.9649 -0.0000
vn -0.2555 0.9668 0.0057
vn -0.2939 0.9557 -0.0144
vn -0.2761 0.9611 0.0076
vn -0.2793 0.9602 0.0053
vn -0.2822 0.9593 0.0034
vn -0.2861 0.9582 0.0019
vn -0.2908 0.9568 0.0005
vn -0.2909 0.9568 -0.0005
vn -0.2862 0.9582 -0.0019
vn -0.2397 0.9709 -0.0000
vn -0.2814 0.9596 -0.0038
vn -0.2762 0.9611 -0.0076
vn -0.2940 0.9557 0.0145
vn -0.2628 0.9648 -0.0018
vn -0.3182 0.9480 -0.0011
vn -0.3159 0.9488 0.0009
vn -0.3221 0.9467 -0.0000
vn -0.3200 0.9474 -0.0002
vn -0.3183 0.9480 -0.0009
vn -0.3172 0.9483 -0.0001
vn -0.3165 0.9486 0.0001
vn -0.3206 0.9472 0.0003
vn -0.3222 0.9467 -0.0000
vn -0.3157 0.9489 -0.0015
vn -0.2938 0.9559 -0.0000
vn -0.3188 0.9478 -0.0000
vn -0.3187 0.9479 -0.0000
vn -0.3173 0.9483 -0.0000
vn -0.3199 0.9474 0.0013
vn 0.1254 0.9921 -0.0000
vn 0.0461 0.9989 0.0050
vn -0.0000 0.9974 0.0722
vn 0.1413 0.9900 -0.0000
vn 0.2185 0.9758 -0.0054
vn 0.2043 0.9788 0.0113
vn 0.3574 0.9339 -0.0133
vn 0.8098 0.5867 0.0021
vn 0.7795 0.6264 -0.0011
vn 0.7443 0.6678 0.0117
vn 0.7263 0.6873 -0.0029
vn 0.6868 0.7268 -0.0000
vn 0.6714 0.7411 -0.0000
vn 0.6310 0.7757 0.0089
vn 0.5946 0.8040 -0.0127
vn 0.5090 0.8607 0.0117
vn 0.4852 0.8744 -0.0001
vn 0.4351 0.9004 -0.0000
vn 0.4193 0.9079 -0.0006
vn 0.3384 0.9409 0.0146
vn 0.9160 0.4012 -0.0026
vn 0.8946 0.4467 0.0056
vn 0.8882 0.4592 0.0147
vn 0.8653 0.5012 -0.0051
vn 0.8456 0.5338 0.0035
vn 0.8388 0.5444 -0.0000
vn 0.8123 0.5832 -0.0000
vn 0.9686 0.2485 -0.0000
vn 0.9665 0.2566 -0.0088
vn 0.9485 0.3166 0.0041
vn 0.9392 0.3432 -0.0059
vn 0.9319 0.3627 -0.0000
vn 0.9197 0.3927 -0.0000
vn 0.1058 0.9944 0.0004
vn 0.1413 0.9900 0.0006
vn 0.1614 0.9869 0.0021
vn 0.2245 0.9744 -0.0087
vn 0.2509 0.9680 0.0050
vn 0.3551 0.9348 -0.0066
vn 0.3317 0.9431 -0.0237
vn 0.4182 0.9080 0.0249
vn 0.3860 0.9225 0.0001
vn 0.4883 0.8727 0.0001
vn 0.4573 0.8890 -0.0229
vn 0.5895 0.8061 0.0524
vn 0.5395 0.8404 -0.0509
vn 0.6678 0.7439 0.0265
vn 0.6381 0.7699 -0.0001
vn 0.7268 0.6868 -0.0001
vn 0.6994 0.7141 -0.0295
vn 0.7539 0.6569 0.0132
vn 0.8007 0.5990 -0.0096
vn 0.8128 0.5825 -0.0003
vn 0.8339 0.5520 -0.0003
vn 0.8450 0.5348 0.0024
vn 0.8701 0.4926 -0.0155
vn 0.8725 0.4884 -0.0118
vn 0.8966 0.4428 0.0040
vn 0.9124 0.4094 -0.0050
vn 0.9188 0.3947 0.0008
vn 0.9356 0.3532 0.0008
vn 0.9404 0.3400 0.0073
vn 0.9633 0.2683 -0.0119
vn 0.9673 0.2537 0.0051
vn 0.9748 0.2231 -0.0000
vn -0.0000 0.9964 -0.0845
vn 0.0183 0.9995 -0.0270
vn 0.0768 0.9970 -0.0063
vn 0.5450 0.1824 0.8184
vn 0.5735 0.2204 0.7890
vn 0.5582 0.2216 0.7995
vn 0.5639 0.0960 0.8202
vn 0.5800 0.1098 0.8072
vn 0.5561 0.1279 0.8212
vn 0.5691 0.1434 0.8097
vn 0.5632 0.1597 0.8107
vn 0.5649 0.1664 0.8082
vn 0.5578 0.1779 0.8106
vn 0.5500 0.2336 0.8018
vn 0.5538 0.2443 0.7960
vn 0.5432 0.2559 0.7997
vn 0.5455 0.2637 0.7956
vn 0.5388 0.2753 0.7962
vn 0.5339 0.2971 0.7916
vn 0.5013 0.2885 0.8158
vn 0.5084 0.3256 0.7972
vn 0.5111 0.3181 0.7985
vn 0.5283 0.2969 0.7954
vn 0.4954 0.3232 0.8063
vn 0.4899 0.3365 0.8042
vn 0.5000 0.3269 0.8020
vn 0.5008 0.3202 0.8042
vn 0.5181 0.3113 0.7966
vn 0.4862 0.2950 0.8225
vn 0.5749 0.2292 0.7855
vn 0.5492 0.2642 0.7928
vn 0.4839 0.2940 0.8242
vn -0.2203 0.9754 -0.0001
vn 0.6753 -0.7375 0.0054
vn 0.7379 -0.6747 0.0153
vn 0.5955 -0.8016 0.0530
vn 0.0035 -0.0733 0.9973
vn 0.0014 -0.0739 0.9973
vn -0.0188 -0.0891 0.9958
vn -0.0159 -0.0862 0.9961
vn 0.0274 -0.1009 0.9945
vn 0.0348 -0.0993 0.9944
vn 0.0371 -0.1126 0.9929
vn 0.0543 -0.0598 0.9967
vn 0.0410 -0.1222 0.9917
vn 0.0373 -0.1317 0.9906
vn 0.0930 -0.1243 0.9879
vn 0.0788 -0.1464 0.9861
vn 0.2243 -0.2665 0.9374
vn 0.1919 -0.2216 0.9561
vn 0.1859 -0.2160 0.9585
vn 0.1652 -0.1769 0.9703
vn 0.1593 -0.1704 0.9724
vn 0.2600 -0.3044 0.9164
vn 0.3235 -0.3490 0.8795
vn 0.2270 -0.3191 0.9201
vn 0.3450 -0.4323 0.8331
vn 0.3470 -0.4341 0.8314
vn 0.3815 -0.5225 0.7625
vn 0.4041 -0.5437 0.7356
vn 0.1414 -0.1475 0.9789
vn 0.1240 -0.1293 0.9838
vn 0.1339 -0.1369 0.9815
vn 0.1138 -0.1106 0.9873
vn 0.1028 -0.0986 0.9898
vn 0.0892 -0.0759 0.9931
vn 0.0864 -0.0743 0.9935
vn 0.0551 -0.0496 0.9972
vn 0.0579 -0.0556 0.9968
vn 0.0413 -0.0280 0.9988
vn 0.0374 -0.0193 0.9991
vn 0.0073 -0.0130 0.9999
vn 0.0400 -0.0131 0.9991
vn -0.0007 -0.0030 1.0000
vn -0.0001 0.0008 1.0000
vn -0.0001 0.0007 1.0000
vn -0.0004 -0.0000 1.0000
vn -0.0005 -0.0002 1.0000
vn -0.4892 -0.8722 -0.0000
vn 0.4892 0.8722 -0.0000
vn 0.8519 -0.3218 0.4132
vn 0.9069 -0.2771 0.3176
vn 0.8459 -0.3927 0.3608
vn 0.9364 -0.2835 0.2068
vn 0.9002 -0.3663 0.2357
vn 0.9322 -0.3351 0.1367
vn 0.9405 -0.3159 0.1254
vn 0.9236 -0.3764 0.0732
vn 0.9501 -0.3098 0.0367
vn 0.9363 -0.3506 0.0181
vn 0.8294 -0.2898 0.4775
vn 0.8287 -0.2723 0.4890
vn 0.8050 -0.2848 0.5204
vn 0.7565 -0.2915 0.5855
vn 0.7577 -0.3030 0.5781
vn 0.7234 -0.2383 0.6480
vn 0.7263 -0.2463 0.6417
vn 0.6536 -0.2513 0.7139
vn 0.6514 -0.2363 0.7210
vn 0.6011 -0.2027 0.7730
vn 0.4166 -0.1304 0.8997
vn 0.5383 -0.1730 0.8248
vn 0.5332 -0.1776 0.8272
vn 0.6044 -0.2064 0.7695
vn 0.3243 -0.0670 0.9436
vn 0.3545 -0.1002 0.9297
vn 0.4293 -0.1196 0.8952
vn 0.1274 -0.0024 0.9919
vn 0.2010 -0.0157 0.9795
vn 0.1526 -0.0431 0.9873
vn 0.2456 -0.0337 0.9688
vn 0.2431 -0.0343 0.9694
vn 0.2570 -0.0519 0.9650
vn 0.2991 -0.0782 0.9510
vn 0.0564 0.0257 0.9981
vn 0.1263 0.0012 0.9920
vn 0.1011 0.0206 0.9947
vn 0.0897 0.0227 0.9957
vn 0.0822 0.0284 0.9962
vn 0.0595 0.0392 0.9975
vn 0.0477 0.0666 0.9966
vn 0.0516 0.0378 0.9980
vn 0.0416 0.0496 0.9979
vn 0.0321 0.0553 0.9980
vn 0.4128 -0.5304 0.7404
vn 0.3303 -0.4711 0.8179
vn -0.0321 -0.0513 0.9982
vn 0.6602 -0.7490 0.0559
vn 0.6666 -0.7453 0.0143
vn 0.6451 -0.7341 0.2121
vn 0.6319 -0.7022 0.3281
vn 0.6470 -0.7243 0.2381
vn 0.6553 -0.7383 0.1598
vn 0.6622 -0.7432 0.0958
vn 0.6656 -0.7381 0.1106
vn 0.6620 -0.7456 0.0772
vn 0.6330 -0.7060 0.3175
vn 0.5957 -0.6712 0.4412
vn 0.6089 -0.6765 0.4143
vn 0.5400 -0.6100 0.5800
vn 0.5288 -0.6044 0.5959
vn 0.4739 -0.5266 0.7058
vn 0.4884 -0.5356 0.6889
vn 0.3890 -0.4342 0.8125
vn 0.4239 -0.4866 0.7639
vn 0.5001 -0.5436 0.6741
vn 0.2242 -0.2534 0.9410
vn 0.2407 -0.2871 0.9272
vn 0.2892 -0.3651 0.8849
vn 0.2885 -0.3133 0.9048
vn 0.3317 -0.3937 0.8573
vn 0.1824 -0.1243 0.9753
vn 0.1575 -0.2110 0.9647
vn 0.2042 -0.2574 0.9445
vn 0.1060 -0.0986 0.9895
vn 0.0998 -0.1280 0.9867
vn 0.1113 -0.1931 0.9748
vn 0.0285 -0.0914 0.9954
vn 0.0297 -0.0971 0.9948
vn 0.0296 -0.0965 0.9949
vn 0.0293 -0.0958 0.9950
vn 0.0235 -0.0902 0.9957
vn 0.0234 -0.0901 0.9957
vn 0.0255 -0.0907 0.9956
vn 0.0355 -0.0911 0.9952
vn 0.0404 -0.0891 0.9952
vn 0.0346 -0.0918 0.9952
vn 0.0543 -0.1203 0.9912
vn 0.0705 -0.1262 0.9895
vn -0.0112 -0.0681 0.9976
vn -0.0187 -0.0626 0.9979
vn -0.0213 -0.0633 0.9978
vn -0.0249 -0.0590 0.9979
vn -0.0302 -0.0541 0.9981
vn -0.0298 -0.0529 0.9982
vn -0.0333 -0.0563 0.9979
vn -0.0299 -0.0530 0.9981
vn -0.0298 -0.0530 0.9982
vn -0.0130 -0.0683 0.9976
vn 0.0018 -0.0831 0.9965
vn -0.0113 -0.0826 0.9965
vn 0.0083 -0.0883 0.9961
vn 0.0070 -0.0851 0.9964
vn -0.0091 -0.0642 0.9979
vn -0.0074 -0.0721 0.9974
vn 0.0038 -0.0936 0.9956
vn 0.0056 -0.0756 0.9971
vn 0.0062 -0.0813 0.9967
vn 0.0098 -0.0911 0.9958
vn 0.0096 -0.0909 0.9958
vn 0.0089 -0.0905 0.9959
vn 0.0064 -0.0895 0.9960
vn 0.0047 -0.0903 0.9959
vn 0.0027 -0.0916 0.9958
vn 0.0048 -0.0875 0.9962
vn -0.0027 -0.0843 0.9964
vn -0.0072 -0.0833 0.9965
vn -0.0336 -0.0501 0.9982
vn -0.0352 -0.0491 0.9982
vn -0.0321 -0.0507 0.9982
vn -0.0306 -0.0512 0.9982
vn -0.0353 -0.0505 0.9981
vn -0.0273 -0.0548 0.9981
vn -0.0092 -0.0757 0.9971
vn -0.0175 -0.0644 0.9978
vn -0.0193 -0.0635 0.9978
vn -0.0231 -0.0596 0.9980
vn -0.0238 -0.0592 0.9980
vn -0.0271 -0.0557 0.9981
vn -0.0308 -0.0540 0.9981
vn 0.0211 -0.1088 0.9938
vn 0.0202 -0.1041 0.9944
vn 0.0208 -0.1059 0.9942
vn 0.0272 -0.1099 0.9936
vn 0.0307 -0.1115 0.9933
vn 0.0576 -0.1475 0.9874
vn 0.0609 -0.1533 0.9863
vn 0.0522 -0.1404 0.9887
vn 0.0507 -0.1376 0.9892
vn 0.0445 -0.1343 0.9899
vn 0.0360 -0.1129 0.9930
vn 0.0400 -0.1124 0.9929
vn 0.0356 -0.1125 0.9930
vn 0.0663 -0.1595 0.9850
vn 0.0790 -0.1693 0.9824
vn 0.0934 -0.1777 0.9796
vn 0.1608 -0.2446 0.9562
vn 0.0931 -0.1754 0.9801
vn 0.1000 -0.1980 0.9751
vn 0.1277 -0.2358 0.9634
vn 0.1285 -0.2201 0.9670
vn 0.1509 -0.2787 0.9484
vn 0.1614 -0.2375 0.9579
vn 0.1609 -0.2438 0.9564
vn 0.1598 -0.2589 0.9526
vn 0.1688 -0.2822 0.9444
vn 0.1913 -0.3136 0.9301
vn 0.2132 -0.3691 0.9046
vn 0.2311 -0.3488 0.9082
vn 0.2161 -0.3511 0.9111
vn 0.3370 -0.4881 0.8051
vn 0.2359 -0.3303 0.9139
vn 0.2326 -0.3491 0.9078
vn 0.2867 -0.4411 0.8504
vn 0.2948 -0.4299 0.8534
vn 0.3142 -0.4578 0.8317
vn 0.2922 -0.5312 0.7953
vn 0.3498 -0.4777 0.8059
vn 0.4801 -0.6188 0.6217
vn 0.4262 -0.5725 0.7004
vn 0.5380 -0.6909 0.4830
vn 0.4929 -0.6557 0.5719
vn 0.5726 -0.7386 0.3559
vn 0.5402 -0.7171 0.4405
vn 0.5615 -0.7389 0.3724
vn 0.5907 -0.7688 0.2449
vn 0.5762 -0.7617 0.2963
vn 0.5992 -0.7859 0.1525
vn 0.5930 -0.7844 0.1819
vn 0.6010 -0.7948 0.0847
vn 0.5998 -0.7948 0.0922
vn 0.6574 -0.7535 0.0041
vn 0.6494 -0.7603 0.0160
vn 0.6277 -0.7783 0.0157
vn 0.0481 -0.1313 0.9902
vn 0.0429 -0.1351 0.9899
vn 0.0435 -0.1264 0.9910
vn 0.1053 -0.2074 0.9726
vn 0.1340 -0.2270 0.9646
vn 0.0935 -0.1825 0.9787
vn 0.0832 -0.1727 0.9815
vn 0.0810 -0.1707 0.9820
vn 0.0736 -0.1599 0.9844
vn 0.0612 -0.1448 0.9876
vn 0.1824 -0.2959 0.9376
vn 0.1705 -0.2840 0.9436
vn 0.1920 -0.3028 0.9335
vn 0.1518 -0.2522 0.9557
vn 0.1298 -0.2287 0.9648
vn -0.0189 -0.0631 0.9978
vn -0.0164 -0.0675 0.9976
vn 0.0091 -0.0848 0.9964
vn 0.2493 -0.3487 0.9035
vn 0.2015 -0.2873 0.9364
vn 0.1785 -0.2657 0.9474
vn 0.1402 -0.2169 0.9661
vn 0.1155 -0.1951 0.9740
vn 0.0876 -0.1600 0.9832
vn 0.0636 -0.1404 0.9881
vn 0.5998 -0.7998 0.0245
vn 0.6000 -0.7996 0.0233
vn 0.6302 -0.7761 0.0230
vn 0.6269 -0.7743 0.0862
vn 0.6251 -0.7749 0.0933
vn 0.6277 -0.7627 0.1556
vn 0.6200 -0.7564 0.2084
vn 0.6180 -0.7455 0.2498
vn 0.6047 -0.7333 0.3108
vn 0.5971 -0.7154 0.3628
vn 0.5750 -0.6938 0.4337
vn 0.5595 -0.6671 0.4919
vn 0.5237 -0.6313 0.5720
vn 0.4987 -0.5936 0.6316
vn 0.4576 -0.5524 0.6967
vn 0.4266 -0.5083 0.7481
vn 0.2900 -0.3637 0.8852
vn 0.2628 -0.3247 0.9086
vn 0.2106 -0.2782 0.9372
vn 0.1892 -0.2467 0.9504
vn 0.1384 -0.2041 0.9691
vn 0.1235 -0.1812 0.9757
vn 0.0788 -0.1465 0.9861
vn 0.0691 -0.1309 0.9890
vn 0.0287 -0.1019 0.9944
vn 0.3874 -0.4316 0.8146
vn 0.3735 -0.4563 0.8077
vn 0.3431 -0.4136 0.8433
vn 0.3268 -0.4420 0.8354
vn 0.2727 -0.3720 0.8873
vn 0.2602 -0.3922 0.8823
vn 0.2229 -0.3383 0.9142
vn 0.2106 -0.3559 0.9105
vn 0.1816 -0.2908 0.9394
vn 0.0064 -0.0890 0.9960
vn 0.0032 -0.0810 0.9967
vn -0.0210 -0.0636 0.9978
vn -0.0211 -0.0631 0.9978
vn -0.0188 -0.0666 0.9976
vn 0.0024 -0.0751 0.9972
vn -0.0058 -0.0756 0.9971
vn -0.0062 -0.0736 0.9973
vn 0.0233 -0.0929 0.9954
vn 0.0201 -0.0984 0.9949
vn 0.0448 -0.1168 0.9921
vn 0.0438 -0.1183 0.9920
vn 0.0310 -0.1164 0.9927
vn 0.0269 -0.1055 0.9941
vn 0.0215 -0.1132 0.9933
vn 0.0211 -0.1144 0.9932
vn -0.1025 -0.9947 -0.0000
vn -0.1025 -0.9947 -0.0001
vn -0.1026 -0.9947 -0.0000
vn -0.1026 -0.9947 -0.0001
vn -0.1025 -0.9947 0.0001
vn -0.1025 -0.9947 0.0003
vn 0.9626 0.2709 -0.0000
vn 0.6982 0.7159 -0.0000
vn 0.2467 0.9691 -0.0000
vn -0.2709 0.9626 -0.0000
vn -0.7159 0.6982 -0.0000
vn -0.9691 0.2467 -0.0000
vn -0.9626 -0.2709 -0.0000
vn -0.6982 -0.7159 -0.0000
vn -0.2467 -0.9691 -0.0000
vn 0.2709 -0.9626 -0.0000
vn 0.7159 -0.6982 -0.0000
vn 0.9691 -0.2467 -0.0000
vn -0.6862 -0.7274 -0.0000
vn -0.6863 -0.7274 -0.0000
vn -0.6864 -0.7272 -0.0000
vn -0.6860 -0.7276 -0.0003
vn -0.6865 -0.7271 0.0003
vn 0.5533 -0.8330 0.0017
vn -0.2888 -0.9574 0.0047
vn -0.3880 -0.9216 0.0088
vn -0.3175 -0.9476 0.0352
vn -0.3160 -0.9482 0.0332
vn 0.8439 -0.3473 0.4089
vn 0.7918 -0.4184 0.4449
vn 0.7809 -0.5427 0.3093
vn 0.8206 -0.4620 0.3363
vn 0.6569 -0.6144 0.4370
vn 0.7175 -0.6733 0.1785
vn 0.8140 -0.5399 0.2145
vn 0.8006 -0.5341 0.2717
vn 0.8338 -0.5521 0.0020
vn 0.8452 -0.5335 0.0333
vn 0.7403 -0.6702 0.0524
vn 0.8301 -0.5497 0.0933
vn 0.8251 -0.5474 0.1401
vn -0.3388 -0.9409 0.0020
vn -0.1260 -0.9917 0.0245
vn -0.2557 -0.9666 0.0161
vn -0.0285 -0.9969 0.0736
vn -0.1477 -0.9871 0.0611
vn -0.2743 -0.9574 0.0902
vn -0.2950 -0.9536 0.0597
vn -0.1688 -0.9793 0.1116
vn -0.2006 -0.9749 0.0962
vn -0.2981 -0.9537 0.0400
vn -0.3437 -0.9369 0.0647
vn -0.3052 -0.9502 0.0632
vn -0.1648 -0.9767 0.1378
vn 0.1113 -0.9558 0.2723
vn -0.1764 -0.9750 0.1352
vn -0.1658 -0.9797 0.1129
vn -0.1566 -0.9839 0.0866
vn -0.1492 -0.9847 0.0901
vn -0.1515 -0.9855 0.0759
vn -0.2699 -0.9629 0.0003
vn -0.1447 -0.9895 0.0006
vn -0.1447 -0.9894 0.0072
vn -0.0133 -0.9997 0.0219
vn -0.1454 -0.9891 0.0230
vn -0.1473 -0.9882 0.0409
vn -0.2566 -0.9662 0.0243
vn 0.1644 -0.9864 0.0012
vn 0.1643 -0.9859 0.0305
vn 0.1647 -0.9859 0.0306
vn 0.1566 -0.9821 0.1047
vn 0.1577 -0.9819 0.1050
vn 0.1399 -0.9746 0.1748
vn 0.1404 -0.9745 0.1750
vn 0.1218 -0.9660 0.2280
vn 0.1221 -0.9659 0.2282
vn 0.1010 -0.9567 0.2730
vn 0.4628 -0.7842 0.4135
vn 0.1645 -0.9864 0.0011
vn 0.5532 -0.8330 0.0017
vn 0.5525 -0.8322 0.0466
vn 0.5529 -0.8319 0.0466
vn 0.5405 -0.8261 0.1595
vn 0.5417 -0.8253 0.1599
vn 0.5155 -0.8145 0.2662
vn 0.5160 -0.8140 0.2665
vn 0.4876 -0.8011 0.3471
vn 0.4883 -0.8005 0.3476
vn 0.4571 -0.7868 0.4147
vn 0.6734 -0.5680 0.4732
vn 0.6138 -0.5389 0.5770
vn -0.2004 -0.9768 0.0749
vn 0.0333 -0.0481 0.9983
vn 0.1750 -0.1614 0.9713
vn 0.1664 -0.0442 0.9851
vn 0.1451 -0.1326 0.9805
vn 0.1220 0.0095 0.9925
vn 0.1158 -0.2147 0.9698
vn 0.0836 0.0114 0.9964
vn 0.0648 -0.1545 0.9859
vn 0.0583 -0.0629 0.9963
vn 0.0445 -0.0486 0.9978
vn 0.2629 -0.1675 0.9502
vn 0.2110 -0.3168 0.9247
vn 0.2102 -0.3192 0.9241
vn 0.2156 -0.1258 0.9683
vn 0.1902 -0.1247 0.9738
vn 0.2868 -0.3833 0.8780
vn 0.3119 -0.2749 0.9095
vn 0.2916 -0.1720 0.9410
vn 0.3571 -0.5179 0.7774
vn 0.4335 -0.2371 0.8694
vn 0.3871 -0.2255 0.8940
vn 0.7071 -0.3796 0.5965
vn 0.7606 -0.1887 0.6211
vn 0.4724 -0.5830 0.6610
vn 0.5823 -0.3638 0.7271
vn 0.5183 -0.2458 0.8191
vn -0.3092 -0.9497 0.0492
vn -0.3093 -0.9497 0.0495
vn -0.3082 -0.9507 0.0351
vn -0.3122 -0.9495 0.0303
vn -0.2966 -0.9534 0.0546
vn -0.2070 -0.9752 0.0783
vn -0.2385 -0.9697 0.0531
vn -0.2964 -0.9548 -0.0249
vn -0.2540 -0.9652 0.0622
vn -0.2614 -0.9626 0.0712
vn -0.1971 -0.9801 0.0224
vn -0.2240 -0.9729 -0.0578
vn -0.1543 -0.9865 0.0544
vn -0.1183 -0.9925 0.0308
vn -0.1151 -0.9902 0.0787
vn -0.1315 -0.9877 0.0841
vn -0.1245 -0.9910 -0.0490
vn -0.1518 -0.9671 -0.2039
vn -0.0966 -0.9943 -0.0455
vn -0.0373 -0.9948 0.0946
vn 0.0050 -0.9963 0.0858
vn 0.0269 -0.9856 0.1668
vn 0.0544 -0.9968 0.0577
vn 0.0525 -0.9986 -0.0022
vn 0.1109 -0.9729 0.2027
vn 0.1062 -0.9907 0.0847
vn 0.0883 -0.9946 -0.0548
vn 0.0668 -0.8620 0.5024
vn 0.0643 -0.6925 0.7186
vn -0.0086 -0.9897 0.1429
vn -0.1173 -0.9459 0.3025
vn -0.0473 -0.4710 0.8809
vn -0.0650 -0.9872 0.1455
vn -0.0711 -0.7713 0.6324
vn -0.1214 -0.9524 0.2795
vn 0.0464 -0.9612 0.2721
vn 0.0464 -0.9599 0.2764
vn 0.1208 -0.9549 0.2712
vn 0.1206 -0.9565 0.2655
vn 0.0887 -0.9589 0.2694
vn 0.0884 -0.9616 0.2600
vn 0.0383 -0.9627 0.2679
vn 0.0371 -0.9663 0.2548
vn -0.0250 -0.9632 0.2676
vn -0.0315 -0.9704 0.2396
vn -0.0880 -0.9620 0.2584
vn -0.1005 -0.9688 0.2264
vn -0.1238 -0.9632 0.2386
vn -0.1427 -0.9678 0.2075
vn -0.1386 -0.9691 0.2042
vn -0.1623 -0.9705 0.1785
vn -0.1514 -0.9747 0.1643
vn -0.3025 -0.9515 0.0557
vn -0.3093 -0.9498 0.0480
vn -0.1619 -0.9738 0.1598
vn 0.1011 -0.9391 0.3286
vn 0.0631 -0.9237 0.3780
vn 0.0823 -0.9130 0.3995
vn 0.0324 -0.8970 0.4407
vn 0.0481 -0.8827 0.4676
vn 0.0250 -0.8771 0.4797
vn 0.0354 -0.8603 0.5085
vn 0.0495 -0.8624 0.5038
vn 0.0543 -0.8460 0.5304
vn 0.0878 -0.8475 0.5234
vn 0.0874 -0.8392 0.5368
vn 0.1205 -0.8384 0.5315
vn 0.1193 -0.8320 0.5417
vn 0.1352 -0.8308 0.5398
vn 0.1346 -0.8244 0.5498
vn 0.0593 -0.8299 0.5548
vn 0.0593 -0.8300 0.5547
vn -0.0954 -0.8222 0.5612
vn -0.0261 -0.4734 0.8805
vn 0.0911 -0.9406 0.3270
vn 0.4230 -0.7546 0.5017
vn 0.3532 -0.7258 0.5903
vn 0.3663 -0.7092 0.6024
vn 0.2601 -0.6749 0.6906
vn 0.2723 -0.6523 0.7073
vn 0.1880 -0.6317 0.7521
vn 0.1968 -0.6047 0.7717
vn 0.1500 -0.5977 0.7875
vn 0.1539 -0.5700 0.8071
vn 0.1427 -0.5696 0.8095
vn 0.1414 -0.5545 0.8201
vn 0.1459 -0.5544 0.8194
vn 0.1437 -0.5422 0.8279
vn 0.1353 -0.5428 0.8289
vn 0.1331 -0.5261 0.8400
vn 0.0681 -0.5314 0.8444
vn 0.0675 -0.5260 0.8478
vn -0.0424 -0.5209 0.8525
vn 0.4164 -0.7583 0.5017
vn 0.6173 -0.5349 0.5770
vn 0.5303 -0.4997 0.6849
vn 0.5395 -0.4828 0.6898
vn 0.4016 -0.4379 0.8044
vn 0.4119 -0.4130 0.8123
vn 0.2892 -0.3826 0.8775
vn 0.2978 -0.3512 0.8877
vn 0.2087 -0.3376 0.9178
vn 0.2131 -0.3036 0.9286
vn 0.1680 -0.3018 0.9384
vn 0.1677 -0.2826 0.9445
vn 0.1488 -0.2831 0.9475
vn 0.1472 -0.2668 0.9524
vn 0.1205 -0.2690 0.9556
vn 0.1178 -0.2440 0.9626
vn 0.0668 -0.2484 0.9664
vn 0.0661 -0.2376 0.9691
vn 0.0037 -0.2348 0.9720
vn 0.0092 -0.1659 0.9861
vn 0.0019 -0.1203 0.9927
vn -0.3400 -0.9401 -0.0229
vn -0.3226 -0.9464 0.0170
vn -0.4540 -0.8827 -0.1215
vn -0.3213 -0.9465 0.0312
vn -0.4015 -0.9151 -0.0377
vn -0.3477 -0.9374 0.0181
vn -0.3720 -0.9282 0.0001
vn -0.1720 -0.9851 0.0077
vn -0.0736 -0.9685 0.2378
vn 0.0203 -0.8916 0.4524
vn -0.2710 -0.9497 -0.1567
vn -0.0999 -0.9664 0.2367
vn -0.2327 -0.9725 0.0120
vn -0.2598 -0.9655 -0.0201
vn -0.1998 -0.9746 0.1013
vn -0.5033 -0.7265 -0.4679
vn -0.2304 -0.9697 0.0811
vn -0.4585 -0.8531 -0.2490
vn -0.3116 -0.9502 -0.0115
vn -0.3050 -0.9522 0.0181
vn -0.3759 -0.9267 0.0021
vn -0.3777 -0.9259 0.0004
vn -0.3780 -0.9258 0.0002
vn -0.3773 -0.9261 0.0091
vn -0.4083 -0.9127 -0.0134
vn -0.3761 -0.9266 0.0044
vn -0.3811 -0.9245 0.0002
vn -0.3793 -0.9253 -0.0000
vn -0.4303 -0.9027 0.0001
vn -0.3940 -0.9191 0.0001
vn -0.3939 -0.9191 0.0007
vn -0.4043 -0.9146 0.0006
vn -0.4007 -0.9162 0.0030
vn -0.4068 -0.9135 -0.0013
vn -0.4304 -0.9026 -0.0001
vn -0.4282 -0.9037 0.0001
vn -0.4270 -0.9043 -0.0003
vn -0.4241 -0.9056 0.0004
vn -0.4252 -0.9051 -0.0014
vn -0.4147 -0.9100 0.0014
vn -0.4181 -0.9084 -0.0005
vn -0.4060 -0.9139 0.0001
vn -0.4069 -0.9135 -0.0006
vn -0.3933 -0.9194 0.0011
vn -0.3911 -0.9204 0.0032
vn 0.7231 0.6908 -0.0000
vn 0.6004 0.7797 0.1777
vn 0.7220 0.6919 0.0040
vn 0.7140 0.6956 0.0800
vn 0.7063 0.7043 0.0716
vn 0.6987 0.7063 0.1136
vn 0.7067 0.6998 0.1039
vn 0.7155 0.6933 0.0857
vn 0.7054 0.6932 0.1481
vn 0.7172 0.6858 0.1240
vn 0.7154 0.6898 0.1113
vn 0.7205 0.6739 0.1633
vn 0.7244 0.6743 0.1433
vn 0.7147 0.6849 0.1418
vn 0.6797 0.7172 0.1539
vn 0.6846 0.7010 0.1997
vn 0.6970 0.6960 0.1727
vn 0.7112 0.6802 0.1774
vn 0.7148 0.6783 0.1704
vn 0.7204 0.6721 0.1715
vn 0.7261 0.6681 0.1624
vn 0.7229 0.6726 0.1581
vn 0.6184 0.7652 0.1791
vn 0.6348 0.7596 0.1418
vn 0.6536 0.7530 0.0764
vn 0.6453 0.7389 0.1939
vn 0.6734 0.7199 0.1681
vn 0.5740 0.7989 0.1795
vn 0.5991 0.7974 0.0729
vn 0.4998 0.6908 0.5225
vn 0.1196 0.2120 0.9699
vn 0.0826 0.2421 0.9667
vn 0.0806 0.2402 0.9674
vn 0.0409 0.2783 0.9596
vn 0.0388 0.2770 0.9601
vn 0.0011 0.3164 0.9486
vn -0.0025 0.3143 0.9493
vn -0.0505 0.3688 0.9281
vn -0.0572 0.3653 0.9291
vn -0.1208 0.4432 0.8882
vn -0.1322 0.4378 0.8893
vn -0.2119 0.5421 0.8131
vn -0.2278 0.5350 0.8136
vn -0.3150 0.6547 0.6872
vn -0.3317 0.6471 0.6864
vn 0.3319 0.4841 0.8096
vn 0.5000 0.6910 0.5221
vn 0.5222 0.6729 0.5239
vn 0.5235 0.6745 0.5206
vn 0.5346 0.6639 0.5229
vn 0.5359 0.6654 0.5196
vn 0.5365 0.6649 0.5198
vn 0.5382 0.6664 0.5160
vn 0.5304 0.6752 0.5126
vn 0.5324 0.6764 0.5089
vn 0.5111 0.7024 0.4954
vn 0.5128 0.7030 0.4928
vn 0.4765 0.7501 0.4586
vn 0.4767 0.7501 0.4583
vn 0.4308 0.8125 0.3928
vn 0.4315 0.8124 0.3922
vn 0.3908 0.8704 0.2994
vn 0.3949 0.8696 0.2964
vn 0.3695 0.9078 0.1986
vn 0.3752 0.9061 0.1955
vn 0.3636 0.9245 0.1144
vn 0.3690 0.9226 0.1123
vn 0.3649 0.9294 0.0557
vn 0.3684 0.9281 0.0546
vn 0.1213 0.2138 0.9693
vn 0.3313 0.4835 0.8102
vn 0.3226 0.4905 0.8095
vn 0.3228 0.4907 0.8093
vn 0.3065 0.5063 0.8060
vn 0.3068 0.5066 0.8058
vn 0.2857 0.5285 0.7994
vn 0.2856 0.5284 0.7995
vn 0.2542 0.5640 0.7857
vn 0.2529 0.5630 0.7868
vn 0.2050 0.6214 0.7562
vn 0.2014 0.6189 0.7592
vn 0.1359 0.7040 0.6970
vn 0.1289 0.7005 0.7019
vn 0.0538 0.8028 0.5938
vn 0.0460 0.7999 0.5984
vn -0.0192 0.8931 0.4495
vn -0.0230 0.8921 0.4513
vn -0.0633 0.9527 0.2971
vn -0.0626 0.9529 0.2969
vn -0.0809 0.9819 0.1712
vn -0.0777 0.9823 0.1702
vn -0.0842 0.9930 0.0833
vn -0.0808 0.9933 0.0824
vn -0.3918 0.7337 0.5551
vn -0.2824 0.8169 0.5028
vn -0.4334 0.7725 0.4641
vn -0.4648 0.8187 0.3371
vn -0.4690 0.8166 0.3364
vn -0.4905 0.8498 0.1928
vn -0.4899 0.8502 0.1929
vn -0.4977 0.8623 0.0931
vn -0.4949 0.8639 0.0937
vn -0.4938 0.8693 0.0206
vn -0.4972 0.8674 0.0202
vn -0.0793 0.9967 0.0183
vn -0.0829 0.9964 0.0179
vn 0.3698 0.9290 0.0122
vn 0.3671 0.9301 0.0119
vn 0.7207 0.6933 0.0042
vn 0.7228 0.6908 0.0188
vn 0.7254 0.6880 0.0192
vn 0.7122 0.7008 0.0403
vn 0.7185 0.6943 0.0407
vn 0.7141 0.6969 0.0653
vn 0.5671 0.8184 0.0929
vn 0.2008 0.9256 0.3209
vn 0.8249 0.5395 0.1688
vn 0.3425 0.7863 0.5143
vn 0.4625 0.6538 0.5988
vn 0.3461 0.5303 0.7739
vn 0.2077 0.5629 0.8000
vn 0.3501 0.0437 0.9357
vn 0.1704 0.2559 0.9516
vn -0.0192 -0.1273 0.9917
vn -0.2220 -0.9257 0.3061
vn -0.2619 -0.9267 0.2695
vn -0.2396 -0.9145 0.3261
vn -0.0141 -0.1362 0.9906
vn -0.2524 -0.9275 0.2758
vn -0.2232 -0.9282 0.2977
vn -0.2142 -0.7830 0.5840
vn -0.1736 -0.7508 0.6373
vn -0.1259 -0.4863 0.8647
vn -0.0980 -0.4576 0.8838
vn -0.0186 -0.1155 0.9931
vn -0.9562 -0.2654 0.1237
vn -0.9572 -0.2505 0.1452
vn -0.8965 -0.4423 0.0233
vn -0.5722 0.5093 0.6427
vn -0.7100 0.3420 0.6155
vn -0.6039 0.5230 0.6014
vn -0.6385 0.5916 0.4923
vn -0.7581 0.4228 0.4966
vn -0.7070 0.5380 0.4591
vn -0.5524 0.1947 0.8105
vn -0.4596 0.3372 0.8217
vn -0.5008 0.4162 0.7589
vn -0.6265 0.2765 0.7288
vn -0.5344 0.4343 0.7251
vn -0.4318 0.3228 0.8422
vn -0.3828 0.2351 0.8934
vn -0.3711 0.2408 0.8968
vn -0.3297 0.1708 0.9285
vn -0.3216 0.1747 0.9306
vn -0.2728 0.0972 0.9571
vn -0.2638 0.1026 0.9591
vn -0.2116 0.0285 0.9769
vn -0.2077 0.0311 0.9777
vn -0.1640 -0.0226 0.9862
vn -0.1634 -0.0221 0.9863
vn -0.1304 -0.0549 0.9899
vn -0.1309 -0.0554 0.9898
vn -0.1059 -0.0767 0.9914
vn -0.1070 -0.0777 0.9912
vn -0.0756 -0.0990 0.9922
vn -0.0770 -0.1008 0.9919
vn -0.4456 -0.8525 0.2732
vn -0.3844 -0.8817 0.2735
vn -0.4686 -0.7673 0.4378
vn -0.4729 -0.8083 0.3508
vn -0.5815 -0.7859 0.2104
vn -0.5810 -0.7368 0.3457
vn -0.6354 -0.7282 0.2568
vn -0.6552 -0.6817 0.3256
vn -0.6928 -0.6969 0.1853
vn -0.7030 -0.6216 0.3456
vn -0.6884 -0.5630 0.4573
vn -0.7535 -0.6164 0.2287
vn -0.7810 -0.5422 0.3100
vn -0.7663 -0.5024 0.4004
vn -0.8094 -0.5238 0.2657
vn -0.8266 -0.4992 0.2599
vn -0.8102 -0.4197 0.4093
vn -0.8540 -0.4773 0.2069
vn -0.8656 -0.4209 0.2713
vn -0.8658 -0.4172 0.2764
vn -0.8826 -0.4284 0.1935
vn -0.8880 -0.3824 0.2553
vn -0.8984 -0.3851 0.2111
vn -0.9101 -0.3501 0.2216
vn -0.9118 -0.3665 0.1850
vn -0.9438 -0.3104 0.1139
vn -0.9405 -0.3160 0.1246
vn -0.9426 -0.2951 0.1563
vn -0.9394 -0.3081 0.1500
vn -0.9250 -0.3469 0.1550
vn -0.9345 -0.2916 0.2040
vn -0.9231 -0.3368 0.1856
vn -0.0419 -0.1205 0.9918
vn -0.0405 -0.1183 0.9922
vn -0.1775 -0.4704 0.8644
vn -0.2900 -0.7584 0.5837
vn -0.1766 -0.4691 0.8653
vn -0.2628 -0.4278 0.8648
vn -0.2622 -0.4258 0.8660
vn -0.3313 -0.3792 0.8640
vn -0.3305 -0.3772 0.8651
vn -0.3791 -0.3360 0.8622
vn -0.3784 -0.3346 0.8631
vn -0.4320 -0.2810 0.8570
vn -0.4307 -0.2793 0.8582
vn -0.4896 -0.2071 0.8470
vn -0.4899 -0.2074 0.8468
vn -0.5484 -0.1242 0.8270
vn -0.5507 -0.1269 0.8250
vn -0.6012 -0.0475 0.7977
vn -0.6036 -0.0509 0.7956
vn -0.6443 0.0179 0.7646
vn -0.6478 0.0127 0.7617
vn -0.6934 0.0944 0.7143
vn -0.6984 0.0867 0.7105
vn -0.7475 0.1794 0.6395
vn -0.7541 0.1682 0.6349
vn -0.8014 0.2598 0.5388
vn -0.8089 0.2451 0.5344
vn -0.8474 0.3178 0.4254
vn -0.8813 0.2330 0.4110
vn -0.9513 0.0378 0.3061
vn -0.9568 -0.0066 0.2908
vn -0.9348 -0.0474 0.3521
vn -0.9334 -0.0370 0.3570
vn -0.9016 -0.0984 0.4213
vn -0.9007 -0.0943 0.4240
vn -0.8658 -0.1599 0.4741
vn -0.8657 -0.1594 0.4745
vn -0.8314 -0.2207 0.5099
vn -0.8315 -0.2210 0.5097
vn -0.7998 -0.2746 0.5338
vn -0.8000 -0.2750 0.5333
vn -0.7573 -0.3417 0.5566
vn -0.7584 -0.3436 0.5539
vn -0.7034 -0.4216 0.5723
vn -0.7048 -0.4238 0.5689
vn -0.6398 -0.5030 0.5810
vn -0.6416 -0.5060 0.5764
vn -0.5756 -0.5726 0.5837
vn -0.5762 -0.5744 0.5814
vn -0.5107 -0.6298 0.5853
vn -0.5112 -0.6317 0.5828
vn -0.4135 -0.6972 0.5856
vn -0.4138 -0.6987 0.5836
vn -0.2897 -0.7581 0.5843
vn -0.3269 -0.8522 0.4084
vn -0.3101 -0.9116 0.2700
vn 0.8262 0.5633 -0.0017
vn 0.8322 0.5544 -0.0075
vn 0.8240 0.5666 0.0035
vn 0.8293 0.5589 -0.0006
vn 0.8301 0.5576 0.0001
vn 0.8282 0.5604 0.0024
vn 0.9062 0.4197 -0.0524
vn 0.8329 0.5534 0.0014
vn 0.8448 0.5350 -0.0022
vn 0.8376 0.5463 0.0008
vn 0.8411 0.5408 0.0005
vn 0.8454 0.5342 -0.0004
vn 0.8447 0.5352 -0.0000
vn 0.8450 0.5348 -0.0000
vn 0.8456 0.5338 -0.0000
vn 0.8457 0.5337 -0.0000
vn 0.8457 0.5336 -0.0000
vn 0.8464 0.5325 0.0002
vn 0.8445 0.5356 -0.0001
vn 0.8406 0.5417 -0.0004
vn 0.8422 0.5392 0.0003
vn 0.8374 0.5466 -0.0009
vn 0.8384 0.5451 -0.0000
vn 0.8351 0.5502 -0.0002
vn 0.8210 0.5710 0.0011
vn 0.8393 0.5431 -0.0237
vn 0.8111 0.5849 0.0094
vn 0.8483 0.5272 -0.0508
vn 0.8051 0.5930 0.0141
vn 0.9004 0.3698 -0.2293
vn 0.7920 0.6097 0.0316
vn 0.8074 0.5900 -0.0000
vn 0.8096 0.5869 0.0032
vn 0.8096 0.5870 -0.0017
vn 0.8213 0.5703 0.0117
vn 0.8127 0.5826 -0.0049
vn 0.8281 0.5605 0.0065
vn 0.8246 0.5657 0.0015
vn 0.8274 0.5616 -0.0008
vn 0.8255 0.5644 -0.0032
vn 0.8329 0.5534 0.0008
vn 0.8338 0.5521 -0.0012
vn 0.4167 0.9030 0.1046
vn 0.4858 0.8660 0.1182
vn 0.5087 0.8596 0.0476
vn 0.5139 0.8333 0.2039
vn 0.5481 0.8364 -0.0030
vn 0.5545 0.8280 0.0838
vn 0.5653 0.8196 0.0929
vn 0.4324 0.8959 0.1017
vn 0.4583 0.8833 0.0990
vn 0.4166 0.9023 0.1105
vn 0.4210 0.9005 0.1091
vn 0.4212 0.9018 0.0968
vn 0.4149 0.9026 0.1151
vn 0.4146 0.9030 0.1131
vn 0.4180 0.9005 0.1198
vn 0.4229 0.8986 0.1168
vn 0.6778 0.6981 0.2307
vn 0.4666 0.8806 0.0828
vn 0.4757 0.8741 0.0984
vn 0.4300 0.8996 0.0766
vn 0.4549 0.8851 0.0983
vn 0.4491 0.8872 0.1059
vn 0.5292 0.8189 0.2221
vn 0.4087 0.9124 0.0211
vn 0.4651 0.8846 0.0349
vn 0.6557 0.7531 0.0535
vn 0.8075 0.5844 0.0800
vn 0.4009 0.9161 0.0072
vn 0.9837 -0.1600 0.0816
vn 0.9712 -0.1349 0.1962
vn 0.9504 0.1435 0.2759
vn 0.7883 -0.0800 0.6101
vn 0.8188 -0.0499 0.5719
vn 0.8202 -0.0833 0.5660
vn 0.8547 -0.1162 0.5059
vn 0.8760 -0.0678 0.4775
vn 0.8849 -0.1441 0.4429
vn 0.9216 -0.0883 0.3780
vn 0.6139 -0.0097 0.7893
vn 0.6657 -0.0291 0.7457
vn 0.5733 0.1560 0.8043
vn 0.5150 -0.2250 0.8271
vn 0.5145 0.0800 0.8538
vn 0.3240 0.1123 0.9394
vn 0.3651 0.0946 0.9262
vn 0.2400 0.1490 0.9593
vn 0.1676 0.2579 0.9515
vn 0.1283 0.1751 0.9761
vn 0.1668 0.2040 0.9647
vn 0.1425 0.1300 0.9812
vn 0.7640 0.6154 0.1938
vn 0.9233 0.2486 0.2928
vn 0.9602 0.2366 0.1483
vn 0.9862 0.0037 0.1657
vn 0.9792 -0.1585 0.1266
vn 0.3525 0.5260 0.7740
vn 0.3287 0.4775 0.8148
vn 0.3229 0.4811 0.8150
vn 0.3234 0.4826 0.8139
vn 0.3396 0.4735 0.8127
vn 0.2394 0.2507 0.9380
vn 0.2126 0.1620 0.9636
vn 0.7852 0.6115 0.0976
vn 0.4531 0.6604 0.5988
vn 0.4680 0.7061 0.5314
vn 0.4489 0.7180 0.5319
vn 0.4491 0.7191 0.5303
vn 0.4370 0.7258 0.5312
vn 0.3412 0.4764 0.8103
vn 0.3926 0.4516 0.8012
vn 0.2955 0.1635 0.9413
vn 0.3098 0.2201 0.9250
vn 0.6745 0.7383 0.0083
vn 0.7012 0.7128 0.0169
vn 0.8654 0.4992 0.0438
vn 0.7925 0.6093 0.0264
vn 0.9593 0.2799 0.0386
vn 0.4761 0.8794 -0.0000
vn 0.4909 0.8712 0.0037
vn 0.5239 0.8518 0.0047
vn 0.4366 0.8996 0.0098
vn 0.5687 0.8223 0.0206
vn 0.5669 0.8229 0.0384
vn 0.6710 0.7380 0.0715
vn 0.5660 0.8222 0.0599
vn 0.5600 0.8243 0.0837
vn 0.4923 0.8684 0.0592
vn 0.3743 0.9271 0.0195
vn 0.5124 0.8547 0.0827
vn 0.6041 0.7870 0.1251
vn 0.6588 0.7387 0.1423
vn 0.7626 0.6175 0.1926
vn 0.7865 0.6097 0.0982
vn 0.9601 0.2371 0.1482
vn 0.9713 0.2337 0.0433
vn 0.9990 -0.0127 0.0428
vn 0.9932 -0.1130 0.0274
vn 0.4427 0.8948 0.0583
vn 0.4709 0.8791 0.0735
vn 0.5522 0.8256 0.1163
vn 0.5431 0.8286 0.1358
vn 0.6293 0.7445 0.2232
vn 0.5321 0.8307 0.1637
vn 0.5070 0.8394 0.1960
vn 0.6367 0.6713 0.3794
vn 0.4379 0.8903 0.1249
vn 0.4053 0.9109 0.0770
vn 0.4520 0.8563 0.2501
vn 0.4681 0.8499 0.2421
vn 0.4663 0.8518 0.2388
vn 0.4838 0.8451 0.2276
vn 0.4816 0.8471 0.2247
vn 0.5102 0.8362 0.2010
vn 0.6443 0.6558 0.3934
vn 0.7165 0.6299 0.2997
vn 0.6260 0.7386 0.2503
vn 0.7289 0.6285 0.2714
vn 0.4151 0.9096 0.0180
vn 0.4480 0.8558 0.2586
vn 0.4531 0.8536 0.2570
vn 0.4923 0.7103 0.5031
vn 0.5408 0.6914 0.4790
vn 0.5399 0.6931 0.4776
vn 0.5823 0.6768 0.4504
vn 0.5813 0.6784 0.4492
vn 0.6451 0.6538 0.3956
vn 0.7343 0.3171 0.6002
vn 0.8215 0.2880 0.4922
vn 0.8219 0.2867 0.4923
vn 0.8702 0.2699 0.4122
vn 0.8705 0.2689 0.4122
vn 0.9232 0.2491 0.2926
vn 0.9293 -0.1410 0.3414
vn 0.9565 -0.1494 0.2507
vn 0.4447 0.8880 -0.1172
vn 0.4672 0.8444 0.2622
vn 0.4482 0.8536 0.2655
vn 0.4508 0.7255 0.5201
vn 0.4921 0.7076 0.5072
vn 0.4785 0.4186 0.7719
vn 0.5638 0.3855 0.7304
vn 0.5638 0.3856 0.7304
vn 0.6331 0.3589 0.6858
vn 0.6332 0.3583 0.6860
vn 0.7344 0.3190 0.5991
vn 0.7338 0.1223 0.6683
vn 0.7391 -0.0630 0.6706
vn 0.5168 0.7831 0.3459
vn 0.5210 0.8107 0.2671
vn 0.4987 0.8244 0.2677
vn 0.4988 0.8249 0.2658
vn 0.4668 0.8428 0.2681
vn 0.4383 0.7283 0.5267
vn 0.4499 0.7227 0.5247
vn 0.3936 0.4540 0.7994
vn 0.4781 0.4174 0.7728
vn 0.4350 0.2150 0.8744
vn 0.4237 0.0003 0.9058
vn -0.8736 -0.4867 -0.0012
vn -0.8304 -0.5560 0.0368
vn -0.8763 -0.4818 -0.0000
vn -0.8774 -0.4798 -0.0057
vn -0.8750 -0.4842 -0.0042
vn -0.8594 -0.5113 0.0068
vn -0.9261 0.3773 0.0037
vn -0.9444 -0.3289 -0.0000
vn -0.9444 -0.3287 0.0010
vn -0.9952 -0.0983 0.0020
vn -0.7304 0.6697 0.1342
vn -0.7326 0.6734 0.0986
vn -0.8083 0.5865 0.0514
vn -0.7345 0.6774 0.0416
vn -0.7350 0.6780 0.0044
vn -0.8501 0.4906 0.1913
vn -0.7223 0.6662 0.1855
vn -0.7051 0.6347 0.3162
vn -0.8025 0.4963 0.3313
vn -0.7229 0.5669 0.3950
vn -0.9454 -0.3199 0.0618
vn -0.8971 -0.4414 0.0212
vn -0.9661 -0.2342 0.1088
vn -0.9603 -0.2576 0.1067
vn -0.9523 -0.3021 0.0436
vn -0.9582 -0.2826 0.0451
vn -0.9469 -0.3174 0.0520
vn -0.9433 -0.3320 0.0027
vn -0.9528 -0.3035 0.0116
vn -0.9570 -0.2898 0.0136
vn -0.9458 -0.3242 0.0195
vn -0.9454 -0.3249 0.0262
vn -0.9253 0.3767 0.0447
vn -0.9245 0.3786 0.0446
vn -0.9173 0.3670 0.1544
vn -0.9143 0.3745 0.1545
vn -0.8954 0.3410 0.2864
vn -0.9146 0.2929 0.2786
vn -0.9964 0.0846 0.0027
vn -0.9996 0.0151 0.0234
vn -0.9995 0.0150 0.0295
vn -0.9994 0.0191 0.0294
vn -0.9948 0.0117 0.1015
vn -0.9945 0.0229 0.1021
vn -0.9815 0.0001 0.1916
vn -0.9750 0.0827 0.2061
vn -0.7343 0.6716 -0.0986
vn -0.7160 0.6483 -0.2591
vn -0.7023 0.5893 -0.3993
vn -0.9388 -0.3401 -0.0542
vn -0.9404 -0.3402 -0.0028
vn -0.9394 -0.3417 -0.0291
vn -0.9398 -0.3410 -0.0222
vn -0.9425 -0.3338 -0.0133
vn -0.9402 -0.3377 -0.0449
vn -0.9477 -0.3163 -0.0425
vn -0.9540 -0.2967 -0.0426
vn -0.9062 -0.4216 -0.0304
vn -0.9420 -0.3297 -0.0625
vn -0.9583 -0.2705 -0.0919
vn -0.9824 -0.0116 -0.1864
vn -0.9851 -0.0694 -0.1571
vn -0.8946 0.3293 -0.3019
vn -0.9309 0.2526 -0.2637
vn -0.6988 0.6207 -0.3554
vn -0.8509 0.4423 -0.2833
vn -0.9507 -0.3072 -0.0425
vn -0.9952 -0.0008 -0.0982
vn -0.9948 0.0102 -0.1012
vn -0.9203 0.3602 -0.1527
vn -0.9171 0.3674 -0.1545
vn -0.7272 0.6610 -0.1852
vn -0.7804 0.6012 -0.1717
vn -0.9507 -0.3100 -0.0125
vn -0.9996 0.0022 -0.0286
vn -0.9996 0.0064 -0.0291
vn -0.9281 0.3696 -0.0443
vn -0.9274 0.3715 -0.0445
vn -0.7358 0.6751 -0.0536
vn -0.8258 0.5626 -0.0393
vn -0.7350 0.6780 -0.0044
vn -0.7367 0.6762 -0.0056
vn -0.9261 0.3773 -0.0025
vn -0.9289 0.3702 -0.0061
vn -0.9964 0.0846 -0.0012
vn -0.9997 0.0023 -0.0245
vn -0.9951 -0.0983 -0.0035
vn -0.9443 -0.3289 0.0023
vn -0.0426 -0.1224 -0.9916
vn -0.0789 -0.1049 -0.9913
vn -0.0782 -0.1028 -0.9916
vn -0.1096 -0.0816 -0.9906
vn -0.1089 -0.0802 -0.9908
vn -0.1339 -0.0588 -0.9892
vn -0.1336 -0.0582 -0.9893
vn -0.1668 -0.0252 -0.9857
vn -0.1673 -0.0257 -0.9856
vn -0.2115 0.0286 -0.9770
vn -0.2148 0.0254 -0.9763
vn -0.2679 0.1007 -0.9582
vn -0.2758 0.0938 -0.9566
vn -0.3260 0.1735 -0.9293
vn -0.3325 0.1670 -0.9282
vn -0.3758 0.2401 -0.8951
vn -0.3852 0.2308 -0.8935
vn -0.4225 0.2970 -0.8563
vn -0.5115 0.2625 -0.8182
vn -0.4629 0.3347 -0.8208
vn -0.4926 0.3909 -0.7775
vn -0.5929 0.3406 -0.7297
vn -0.5375 0.4318 -0.7243
vn -0.5642 0.4838 -0.6690
vn -0.6704 0.4187 -0.6126
vn -0.6069 0.5204 -0.6007
vn -0.6289 0.5624 -0.5368
vn -0.7210 0.4963 -0.4836
vn -0.6863 0.5600 -0.4641
vn -0.9374 -0.3340 -0.0988
vn -0.9446 -0.3121 -0.1015
vn -0.9003 -0.4319 -0.0543
vn -0.9501 -0.2856 -0.1256
vn -0.9347 -0.3391 -0.1066
vn -0.9370 -0.3239 -0.1310
vn -0.9350 -0.3307 -0.1277
vn -0.9301 -0.3456 -0.1242
vn -0.9226 -0.3598 -0.1390
vn -0.9220 -0.3622 -0.1368
vn -0.9071 -0.3901 -0.1582
vn -0.9059 -0.3953 -0.1521
vn -0.8886 -0.4261 -0.1698
vn -0.8877 -0.4301 -0.1640
vn -0.8704 -0.4594 -0.1772
vn -0.8698 -0.4624 -0.1722
vn -0.8515 -0.4915 -0.1826
vn -0.8349 -0.4731 -0.2812
vn -0.8352 -0.4792 -0.2698
vn -0.7693 -0.6102 -0.1894
vn -0.7882 -0.5867 -0.1857
vn -0.7886 -0.5394 -0.2951
vn -0.8120 -0.5526 -0.1880
vn -0.8321 -0.5241 -0.1813
vn -0.7483 -0.6194 -0.2376
vn -0.7208 -0.6077 -0.3332
vn -0.7220 -0.6658 -0.1881
vn -0.6794 -0.7081 -0.1924
vn -0.6708 -0.7073 -0.2231
vn -0.6497 -0.7358 -0.1907
vn -0.6027 -0.7742 -0.1934
vn -0.6024 -0.7753 -0.1896
vn -0.3526 -0.9159 -0.1919
vn -0.2948 -0.7711 -0.5644
vn -0.3526 -0.9160 -0.1915
vn -0.4934 -0.8486 -0.1907
vn -0.4470 -0.8242 -0.3477
vn -0.5294 -0.8263 -0.1923
vn -0.1816 -0.4819 -0.8572
vn -0.2948 -0.7707 -0.5649
vn -0.4207 -0.7104 -0.5642
vn -0.4196 -0.7095 -0.5662
vn -0.5194 -0.6425 -0.5633
vn -0.5179 -0.6415 -0.5660
vn -0.5850 -0.5847 -0.5620
vn -0.5835 -0.5838 -0.5645
vn -0.6508 -0.5159 -0.5571
vn -0.6482 -0.5138 -0.5620
vn -0.7139 -0.4338 -0.5497
vn -0.7119 -0.4322 -0.5535
vn -0.7669 -0.3542 -0.5352
vn -0.7653 -0.3528 -0.5384
vn -0.8076 -0.2867 -0.5153
vn -0.8072 -0.2864 -0.5161
vn -0.8384 -0.2336 -0.4924
vn -0.8381 -0.2333 -0.4930
vn -0.8717 -0.1734 -0.4584
vn -0.8717 -0.1735 -0.4583
vn -0.9054 -0.1103 -0.4101
vn -0.9066 -0.1129 -0.4066
vn -0.9365 -0.0554 -0.3463
vn -0.9389 -0.0631 -0.3385
vn -0.9589 -0.0258 -0.2824
vn -0.9679 -0.1021 -0.2298
vn -0.0431 -0.1250 -0.9912
vn -0.1814 -0.4805 -0.8580
vn -0.2693 -0.4383 -0.8575
vn -0.2679 -0.4368 -0.8587
vn -0.3390 -0.3888 -0.8567
vn -0.3374 -0.3875 -0.8579
vn -0.3874 -0.3450 -0.8549
vn -0.3861 -0.3441 -0.8559
vn -0.4407 -0.2895 -0.8497
vn -0.4391 -0.2882 -0.8510
vn -0.4985 -0.2153 -0.8397
vn -0.4987 -0.2154 -0.8396
vn -0.5570 -0.1326 -0.8198
vn -0.5596 -0.1344 -0.8178
vn -0.6094 -0.0563 -0.7909
vn -0.6125 -0.0582 -0.7883
vn -0.6519 0.0086 -0.7582
vn -0.6565 0.0056 -0.7543
vn -0.7005 0.0844 -0.7087
vn -0.7067 0.0796 -0.7030
vn -0.7538 0.1686 -0.6351
vn -0.7619 0.1610 -0.6274
vn -0.8070 0.2482 -0.5359
vn -0.8161 0.2372 -0.5270
vn -0.8512 0.3029 -0.4287
vn -0.9065 0.2059 -0.3685
vn -0.2474 -0.9500 -0.1908
vn -0.2471 -0.9499 -0.1913
vn -0.2008 -0.8008 -0.5642
vn -0.2010 -0.8009 -0.5640
vn -0.1164 -0.5018 -0.8571
vn -0.1169 -0.5023 -0.8567
vn -0.0205 -0.1317 -0.9911
vn -0.0152 -0.1405 -0.9900
vn -0.0414 -0.0247 -0.9988
vn -0.0398 -0.2201 -0.9747
vn -0.6102 0.7923 -0.0046
vn -0.6471 0.7574 -0.0875
vn -0.6461 0.7576 -0.0925
vn -0.6454 0.7475 -0.1573
vn -0.6378 0.7460 -0.1918
vn -0.6360 0.7302 -0.2496
vn -0.6137 0.7149 -0.3352
vn -0.6119 0.7023 -0.3637
vn -0.5819 0.6681 -0.4637
vn -0.5750 0.6525 -0.4935
vn -0.5442 0.6278 -0.5565
vn -0.5165 0.5852 -0.6251
vn -0.4672 0.5525 -0.6903
vn -0.4407 0.5012 -0.7447
vn -0.3656 0.4373 -0.8217
vn -0.3551 0.4128 -0.8388
vn -0.2730 0.3334 -0.9024
vn -0.2704 0.3264 -0.9057
vn -0.1973 0.2538 -0.9469
vn -0.1952 0.2471 -0.9491
vn -0.1374 0.1970 -0.9707
vn -0.1315 0.1788 -0.9751
vn -0.0887 0.1550 -0.9839
vn -0.0764 0.1249 -0.9892
vn -0.0288 0.1197 -0.9924
vn -0.0281 0.0861 -0.9959
vn 0.0166 0.0768 -0.9969
vn 0.0069 0.0206 -0.9998
vn -0.6471 0.7621 -0.0240
vn -0.6456 0.7634 -0.0203
vn -0.6074 0.7932 -0.0431
vn -0.6028 0.7756 -0.1873
vn -0.6007 0.7929 -0.1024
vn -0.6018 0.7913 -0.1079
vn -0.6067 0.7936 -0.0449
vn -0.5795 0.7626 -0.2876
vn -0.5848 0.7653 -0.2690
vn -0.6017 0.7774 -0.1832
vn -0.5539 0.7251 -0.4093
vn -0.5492 0.7234 -0.4184
vn -0.5776 0.7474 -0.3281
vn -0.5094 0.6684 -0.5419
vn -0.5008 0.6641 -0.5551
vn -0.5323 0.6928 -0.4864
vn -0.4490 0.5906 -0.6705
vn -0.4315 0.5806 -0.6904
vn -0.4755 0.6220 -0.6221
vn -0.3744 0.4992 -0.7814
vn -0.3531 0.4857 -0.7996
vn -0.3996 0.5300 -0.7480
vn -0.1543 0.2435 -0.9576
vn -0.1813 0.2677 -0.9463
vn -0.2202 0.3193 -0.9217
vn -0.2343 0.3303 -0.9143
vn -0.2954 0.4059 -0.8649
vn -0.2767 0.3926 -0.8771
vn -0.3181 0.4318 -0.8440
vn -0.0388 0.1228 -0.9917
vn -0.0681 0.1390 -0.9879
vn -0.0794 0.1684 -0.9825
vn -0.0057 0.0871 -0.9962
vn -0.0012 0.0858 -0.9963
vn -0.0278 0.1013 -0.9945
vn 0.0200 0.0608 -0.9979
vn 0.0353 0.0608 -0.9975
vn 0.0339 0.0608 -0.9976
vn 0.0286 0.0613 -0.9977
vn 0.0186 0.0648 -0.9977
vn 0.0076 0.0721 -0.9974
vn 0.0152 0.0656 -0.9977
vn 0.0201 0.0647 -0.9977
vn -0.0241 0.0929 -0.9954
vn -0.0134 0.0916 -0.9957
vn -0.0720 0.1323 -0.9886
vn -0.0536 0.1286 -0.9903
vn -0.1280 0.1844 -0.9745
vn -0.1013 0.1769 -0.9790
vn -0.1931 0.2503 -0.9487
vn -0.1579 0.2380 -0.9584
vn -0.2678 0.3302 -0.9051
vn -0.2246 0.3129 -0.9229
vn -0.3490 0.4209 -0.8373
vn -0.3001 0.3997 -0.8661
vn -0.4297 0.5146 -0.7420
vn -0.3797 0.4928 -0.7829
vn -0.5019 0.6013 -0.6217
vn -0.4562 0.5829 -0.6724
vn -0.5568 0.6707 -0.4900
vn -0.5197 0.6586 -0.5443
vn -0.5929 0.7199 -0.3608
vn -0.5661 0.7143 -0.4115
vn -0.6128 0.7506 -0.2471
vn -0.5949 0.7498 -0.2896
vn -0.6212 0.7680 -0.1557
vn -0.6101 0.7697 -0.1879
vn -0.6232 0.7773 -0.0866
vn -0.6168 0.7796 -0.1087
vn -0.6230 0.7819 -0.0237
vn -0.6266 0.7792 -0.0151
vn 0.0175 0.0634 -0.9978
vn 0.0237 0.0621 -0.9978
vn -0.0155 0.0881 -0.9960
vn -0.0564 0.1239 -0.9907
vn -0.0401 0.1209 -0.9919
vn -0.1047 0.1714 -0.9796
vn -0.0814 0.1653 -0.9829
vn -0.1279 0.2042 -0.9705
vn -0.1272 0.1978 -0.9720
vn 0.3698 0.9290 -0.0117
vn 0.7120 0.6793 -0.1779
vn 0.5959 0.7781 -0.1985
vn 0.6430 0.7518 -0.1460
vn 0.6472 0.7559 -0.0986
vn 0.6599 0.7160 -0.2279
vn 0.6721 0.7244 -0.1537
vn 0.6976 0.6959 -0.1705
vn 0.7001 0.6948 -0.1650
vn 0.6847 0.7067 -0.1782
vn 0.7254 0.6685 -0.1639
vn 0.7204 0.6720 -0.1716
vn 0.7147 0.6793 -0.1669
vn 0.7096 0.6899 -0.1433
vn 0.7234 0.6753 -0.1439
vn 0.7196 0.6749 -0.1635
vn 0.7227 0.6724 -0.1600
vn 0.7251 0.6693 -0.1622
vn 0.7009 0.7044 -0.1119
vn 0.7138 0.6922 -0.1066
vn 0.7169 0.6847 -0.1313
vn 0.6983 0.7118 -0.0753
vn 0.7116 0.6985 -0.0757
vn 0.7146 0.6941 -0.0871
vn 0.6931 0.7200 -0.0359
vn 0.7148 0.6977 -0.0463
vn 0.7165 0.6952 -0.0577
vn 0.7339 0.6784 -0.0344
vn 0.7126 0.7013 -0.0202
vn 0.7279 0.6856 -0.0122
vn 0.7109 0.7032 -0.0046
vn 0.7230 0.6908 -0.0022
vn 0.3184 0.4660 -0.8255
vn 0.5169 0.7178 -0.4665
vn -0.3168 0.6561 -0.6849
vn -0.2268 0.5328 -0.8153
vn -0.2138 0.5438 -0.8115
vn -0.1315 0.4360 -0.8903
vn -0.1224 0.4445 -0.8874
vn -0.0568 0.3641 -0.9296
vn -0.0517 0.3695 -0.9278
vn -0.0024 0.3135 -0.9496
vn 0.0002 0.3166 -0.9486
vn 0.0388 0.2764 -0.9603
vn 0.0402 0.2783 -0.9596
vn 0.0805 0.2397 -0.9675
vn 0.0821 0.2419 -0.9668
vn 0.1193 0.2116 -0.9700
vn 0.1187 0.2107 -0.9703
vn -0.1662 0.8360 -0.5229
vn -0.4073 0.7543 -0.5149
vn -0.3310 0.6451 -0.6887
vn -0.4339 0.7722 -0.4641
vn -0.4654 0.8187 -0.3363
vn -0.4693 0.8161 -0.3372
vn -0.4909 0.8495 -0.1932
vn -0.4902 0.8500 -0.1930
vn -0.4979 0.8622 -0.0936
vn -0.4954 0.8637 -0.0930
vn -0.4976 0.8671 -0.0206
vn -0.4938 0.8694 -0.0202
vn -0.0845 0.9963 -0.0184
vn -0.0825 0.9931 -0.0832
vn -0.0858 0.9929 -0.0827
vn -0.0792 0.9821 -0.1712
vn -0.0827 0.9818 -0.1708
vn -0.0642 0.9526 -0.2973
vn -0.0649 0.9526 -0.2973
vn -0.0247 0.8922 -0.4510
vn -0.0204 0.8925 -0.4506
vn 0.0439 0.8006 -0.5976
vn 0.0532 0.8015 -0.5956
vn 0.1268 0.7012 -0.7016
vn 0.1355 0.7025 -0.6986
vn 0.1996 0.6191 -0.7595
vn 0.2044 0.6202 -0.7573
vn 0.2516 0.5627 -0.7875
vn 0.2533 0.5632 -0.7865
vn 0.2846 0.5278 -0.8003
vn 0.2847 0.5278 -0.8002
vn 0.3059 0.5058 -0.8066
vn 0.3055 0.5056 -0.8069
vn 0.3220 0.4899 -0.8102
vn 0.3218 0.4897 -0.8104
vn 0.3295 0.4834 -0.8110
vn 0.4348 0.6116 -0.6610
vn -0.0793 0.9967 -0.0178
vn 0.3645 0.9311 -0.0124
vn 0.3659 0.9290 -0.0557
vn 0.3623 0.9304 -0.0552
vn 0.3666 0.9234 -0.1140
vn 0.3609 0.9257 -0.1136
vn 0.3729 0.9066 -0.1976
vn 0.3667 0.9090 -0.1981
vn 0.3927 0.8699 -0.2985
vn 0.3881 0.8715 -0.2997
vn 0.4294 0.8128 -0.3938
vn 0.4287 0.8130 -0.3941
vn 0.4749 0.7502 -0.4601
vn 0.4747 0.7502 -0.4603
vn 0.5115 0.7024 -0.4949
vn 0.5092 0.7027 -0.4970
vn 0.5315 0.6755 -0.5111
vn 0.5285 0.6755 -0.5143
vn 0.5375 0.6653 -0.5182
vn 0.5346 0.6649 -0.5216
vn 0.5353 0.6643 -0.5218
vn 0.5330 0.6637 -0.5248
vn 0.5228 0.6734 -0.5227
vn 0.5209 0.6724 -0.5259
vn 0.5012 0.6885 -0.5243
vn 0.5975 0.7993 -0.0641
vn 0.5724 0.8046 -0.1580
vn 0.4263 0.6801 -0.5965
vn 0.3825 0.5070 -0.7724
vn 0.1966 0.5436 -0.8160
vn 0.3364 0.1330 -0.9323
vn 0.1323 0.2013 -0.9705
vn 0.5417 0.5272 -0.6547
vn 0.3913 0.7961 -0.4616
vn 0.7211 0.6334 -0.2806
vn 0.5100 0.8457 -0.1571
vn 0.5697 0.8214 -0.0271
vn 0.5701 0.8216 -0.0000
vn 0.4740 0.8806 -0.0006
vn 0.4853 0.8739 -0.0281
vn 0.4954 0.8611 -0.1140
vn 0.4768 0.7820 0.4013
vn 0.5408 0.8408 0.0236
vn 0.5691 0.8222 -0.0008
vn 0.4701 0.8826 -0.0007
vn 0.4653 0.8851 0.0047
vn 0.4418 0.8933 0.0825
vn 0.4474 0.8943 0.0061
vn 0.4261 0.9046 -0.0080
vn 0.4281 0.9028 -0.0407
vn 0.3937 0.9177 0.0533
vn 0.4115 0.9085 -0.0725
vn 0.4026 0.9153 -0.0144
vn 0.3813 0.9243 0.0155
vn 0.3903 0.9201 -0.0320
vn 0.3629 0.9314 0.0292
vn 0.3691 0.9294 -0.0012
vn 0.3602 0.9328 0.0086
vn 0.3353 0.9407 0.0516
vn 0.3612 0.9325 -0.0049
vn 0.3509 0.9364 0.0031
vn 0.3550 0.9349 -0.0042
vn 0.3494 0.9370 -0.0038
vn 0.8010 0.5986 -0.0001
vn 0.7950 0.6065 -0.0124
vn 0.7947 0.6070 0.0006
vn 0.7876 0.6161 0.0016
vn 0.7943 0.6066 0.0342
vn 0.7764 0.6302 -0.0040
vn 0.7704 0.6376 0.0055
vn 0.7766 0.6266 0.0660
vn 0.7311 0.6780 -0.0763
vn 0.7427 0.6694 0.0191
vn 0.7303 0.6831 0.0060
vn 0.7240 0.6898 0.0062
vn 0.6985 0.7125 -0.0673
vn 0.7066 0.7004 0.1003
vn 0.6587 0.7475 -0.0858
vn 0.6618 0.7427 0.1016
vn 0.6387 0.7692 -0.0195
vn 0.6185 0.7828 0.0686
vn 0.6155 0.7800 0.1130
vn 0.5853 0.8090 -0.0549
vn 0.5816 0.8135 -0.0000
vn -0.4303 -0.9027 -0.0000
vn -0.4282 -0.9037 -0.0000
vn -0.4284 -0.9036 -0.0001
vn -0.4242 -0.9056 -0.0000
vn -0.4176 -0.9086 0.0001
vn -0.4183 -0.9083 0.0004
vn -0.4046 -0.9145 -0.0005
vn -0.4020 -0.9156 -0.0026
vn -0.4057 -0.9140 0.0010
vn -0.3943 -0.9190 -0.0005
vn -0.3940 -0.9191 -0.0000
vn -0.3116 -0.9491 0.0465
vn -0.3116 -0.9490 0.0472
vn 0.7371 -0.3933 0.5495
vn 0.7380 -0.3923 0.5491
vn 0.6423 -0.5522 0.5315
vn 0.6435 -0.5512 0.5310
vn 0.4392 -0.7699 0.4630
vn 0.4422 -0.7692 0.4613
vn 0.1029 -0.9475 0.3028
vn 0.1076 -0.9476 0.3009
vn -0.1595 -0.9759 0.1490
vn -0.1551 -0.9766 0.1490
vn -0.3099 -0.9494 0.0503
vn 0.7501 -0.4007 0.5261
vn 0.7513 -0.3994 0.5253
vn 0.6538 -0.5597 0.5092
vn 0.6560 -0.5579 0.5083
vn 0.4460 -0.7771 0.4442
vn 0.4526 -0.7754 0.4404
vn 0.1010 -0.9514 0.2910
vn 0.1130 -0.9517 0.2856
vn -0.1672 -0.9756 0.1421
vn -0.1551 -0.9777 0.1416
vn -0.3233 -0.9452 0.0456
vn -0.3111 -0.9493 0.0457
vn 0.9230 -0.3840 0.0247
vn 0.7926 -0.3067 0.5271
vn 0.8117 -0.2976 0.5025
vn 0.7752 -0.3088 0.5511
vn 0.7162 -0.2894 0.6351
vn 0.7302 -0.2767 0.6247
vn 0.6127 -0.2454 0.7513
vn 0.6398 -0.2256 0.7346
vn 0.4982 -0.1988 0.8440
vn 0.5441 -0.1706 0.8215
vn 0.2787 -0.0742 0.9575
vn 0.3101 -0.0777 0.9475
vn 0.3086 -0.0777 0.9480
vn 0.3528 -0.1174 0.9283
vn 0.4058 -0.1194 0.9061
vn 0.4144 -0.1305 0.9007
vn 0.4571 -0.1632 0.8743
vn 0.2521 -0.0602 0.9658
vn 0.2266 -0.0435 0.9730
vn 0.2236 -0.0436 0.9737
vn 0.1957 -0.0332 0.9801
vn 0.1605 -0.0157 0.9869
vn 0.1666 -0.0154 0.9859
vn 0.0669 0.0423 0.9969
vn 0.0490 0.0438 0.9978
vn 0.0566 0.0531 0.9970
vn 0.0360 0.0505 0.9981
vn 0.0432 0.0483 0.9979
vn 0.0489 0.0502 0.9975
vn 0.0575 0.0393 0.9976
vn 0.0562 0.0364 0.9978
vn 0.0465 0.0473 0.9978
vn 0.0835 0.0129 0.9964
vn 0.1209 0.0246 0.9924
vn 0.1142 0.0070 0.9934
vn 0.1081 0.0065 0.9941
vn 0.1160 0.0200 0.9930
vn 0.0826 0.0211 0.9964
vn 0.1367 0.0027 0.9906
vn 0.1617 -0.0136 0.9867
vn 0.1667 -0.0153 0.9859
vn 0.2077 -0.0308 0.9777
vn 0.2265 -0.0436 0.9730
vn 0.2584 -0.0564 0.9644
vn 0.3075 -0.0798 0.9482
vn 0.3010 -0.0781 0.9504
vn 0.4051 -0.1206 0.9063
vn 0.3822 -0.1159 0.9168
vn 0.4869 -0.1582 0.8590
vn 0.5114 -0.1735 0.8416
vn 0.5588 -0.1921 0.8068
vn 0.6106 -0.2165 0.7618
vn 0.6231 -0.2243 0.7493
vn 0.6864 -0.2479 0.6836
vn 0.7332 -0.2756 0.6216
vn 0.7251 -0.2702 0.6334
vn 0.7651 -0.2850 0.5774
vn 0.8022 -0.3042 0.5138
vn 0.8074 -0.3078 0.5034
vn 0.8356 -0.3174 0.4483
vn 0.8606 -0.3308 0.3873
vn 0.8648 -0.3341 0.3749
vn 0.8884 -0.3407 0.3078
vn 0.9011 -0.3515 0.2540
vn 0.9000 -0.3504 0.2593
vn 0.9142 -0.3528 0.1994
vn 0.9191 -0.3590 0.1622
vn 0.9245 -0.3590 0.1281
vn 0.9282 -0.3624 0.0847
vn 0.9285 -0.3621 0.0826
vn 0.9318 -0.3620 0.0246
vn 0.9315 -0.3627 0.0280
vn 0.8160 -0.3543 0.4567
vn 0.8870 -0.3164 0.3363
vn 0.8367 -0.3964 0.3780
vn 0.8939 -0.3542 0.2748
vn 0.9020 -0.3454 0.2591
vn 0.8913 -0.3980 0.2171
vn 0.9201 -0.3567 0.1621
vn 0.9133 -0.3818 0.1419
vn 0.9214 -0.3792 0.0850
vn 0.9287 -0.3585 0.0944
vn 0.9136 -0.4051 0.0336
vn -0.6068 0.7937 0.0431
vn 0.0332 0.0523 0.9981
vn 0.0218 0.0614 0.9979
vn 0.0338 0.0608 0.9976
vn 0.0287 0.0613 0.9977
vn -0.1272 0.1978 0.9720
vn -0.0518 0.1512 0.9871
vn -0.0904 0.1514 0.9843
vn -0.0173 0.1107 0.9937
vn -0.0459 0.1118 0.9927
vn -0.0012 0.0858 0.9963
vn -0.0057 0.0871 0.9962
vn 0.0076 0.0721 0.9974
vn 0.0186 0.0648 0.9977
vn -0.1299 0.2216 0.9664
vn -0.2275 0.3086 0.9236
vn -0.1666 0.2768 0.9464
vn -0.2343 0.3303 0.9143
vn -0.2954 0.4059 0.8649
vn -0.2767 0.3926 0.8771
vn -0.4457 0.5941 0.6696
vn -0.4377 0.5767 0.6899
vn -0.3996 0.5300 0.7480
vn -0.3712 0.5030 0.7805
vn -0.3597 0.4817 0.7991
vn -0.3181 0.4318 0.8440
vn -0.5516 0.7217 0.4182
vn -0.5323 0.6928 0.4864
vn -0.5075 0.6703 0.5415
vn -0.5045 0.6616 0.5548
vn -0.4755 0.6220 0.6221
vn -0.5525 0.7263 0.4090
vn -0.5881 0.7555 0.2887
vn -0.5668 0.7555 0.3286
vn -0.6053 0.7736 0.1875
vn -0.5901 0.7776 0.2174
vn -0.6018 0.7913 0.1079
vn -0.6007 0.7929 0.1023
vn -0.6022 0.7861 0.1391
vn -0.6470 0.7622 0.0203
vn -0.6471 0.7574 0.0875
vn -0.6461 0.7576 0.0927
vn -0.2686 0.3291 0.9053
vn -0.3738 0.4308 0.8214
vn -0.3481 0.4222 0.8370
vn -0.4852 0.5380 0.6893
vn -0.4235 0.5221 0.7403
vn -0.5616 0.6133 0.5554
vn -0.5065 0.5963 0.6228
vn -0.5882 0.6628 0.4633
vn -0.5714 0.6562 0.4929
vn -0.6190 0.7104 0.3350
vn -0.6053 0.7086 0.3627
vn -0.6481 0.7372 0.1912
vn -0.6234 0.7414 0.2482
vn -0.6453 0.7475 0.1573
vn -0.0097 0.1175 0.9930
vn -0.1148 0.1290 0.9850
vn -0.0660 0.1422 0.9876
vn -0.1476 0.1877 0.9711
vn -0.1262 0.1873 0.9741
vn -0.2002 0.2514 0.9470
vn 0.0068 0.0204 0.9998
vn 0.0166 0.0768 0.9969
vn -0.0539 0.0914 0.9944
vn -0.6102 0.7922 0.0046
vn -0.6073 0.7933 0.0441
vn -0.6266 0.7792 0.0151
vn -0.2327 0.3010 0.9248
vn -0.2590 0.3431 0.9029
vn -0.3095 0.3870 0.8686
vn -0.3388 0.4346 0.8345
vn -0.3901 0.4802 0.7856
vn -0.4185 0.5281 0.7389
vn -0.4670 0.5712 0.6751
vn -0.4903 0.6137 0.6189
vn -0.5301 0.6484 0.5465
vn -0.5457 0.6814 0.4877
vn -0.5752 0.7060 0.4131
vn -0.5832 0.7286 0.3593
vn -0.6024 0.7434 0.2905
vn -0.6048 0.7574 0.2462
vn -0.6159 0.7650 0.1884
vn -0.6151 0.7731 0.1552
vn -0.6209 0.7763 0.1089
vn -0.6189 0.7807 0.0864
vn -0.6230 0.7819 0.0237
vn -0.6456 0.7633 0.0240
vn 0.0183 0.0638 0.9978
vn 0.0156 0.0676 0.9976
vn -0.0158 0.0876 0.9960
vn -0.0215 0.0973 0.9950
vn -0.0574 0.1223 0.9908
vn -0.0678 0.1393 0.9879
vn -0.1066 0.1684 0.9799
vn -0.1223 0.1938 0.9734
vn 0.0211 0.0611 0.9979
vn 0.0199 0.0646 0.9977
vn -0.0081 0.0832 0.9965
vn -0.0129 0.0924 0.9956
vn -0.0439 0.1148 0.9924
vn -0.0524 0.1305 0.9901
vn -0.0866 0.1573 0.9837
vn -0.0992 0.1802 0.9786
vn -0.1616 0.2322 0.9591
vn -0.1646 0.2276 0.9597
vn -0.1858 0.2617 0.9471
vn -0.1934 0.2498 0.9488
vn -0.2755 0.3314 0.9024
vn -0.8793 -0.4763 -0.0000
vn -0.8844 -0.4668 -0.0070
vn -0.8811 -0.4728 0.0039
vn -0.8911 -0.4538 -0.0078
vn -0.8893 -0.4572 -0.0042
vn -0.8879 -0.4600 -0.0000
vn -0.3515 -0.9362 -0.0000
vn -0.7813 -0.5692 -0.2561
vn -0.2791 -0.7304 -0.6234
vn -0.4207 -0.8081 0.4123
vn -0.4733 -0.8802 -0.0347
vn -0.5235 -0.8513 -0.0346
vn -0.5083 -0.7869 -0.3499
vn -0.4425 -0.6500 0.6178
vn -0.3005 -0.3398 -0.8912
vn -0.5911 -0.7291 0.3451
vn -0.6535 -0.7564 0.0287
vn -0.6772 -0.7353 0.0284
vn -0.6221 -0.6226 -0.4748
vn -0.6639 -0.6869 0.2955
vn -0.4950 -0.3854 -0.7787
vn -0.7003 -0.6670 0.2544
vn -0.7323 -0.5925 -0.3357
vn -0.7605 -0.6489 -0.0252
vn -0.7712 -0.6361 -0.0250
vn -0.7683 -0.6395 0.0275
vn -0.7896 -0.6090 -0.0751
vn -0.7849 -0.6114 0.1003
vn -0.8129 -0.5618 -0.1536
vn -0.8065 -0.5356 -0.2504
vn -0.8033 -0.5870 0.1008
vn -0.7970 -0.4411 -0.4126
vn -0.8310 -0.5558 -0.0228
vn -0.8356 -0.5488 -0.0241
vn -0.8370 -0.5472 0.0069
vn -0.8430 -0.4512 -0.2927
vn -0.8271 -0.5513 0.1094
vn -0.8615 -0.5053 -0.0506
vn -0.8569 -0.5146 0.0299
vn -0.8881 -0.4257 -0.1733
vn -0.8567 -0.5127 0.0572
vn -0.9074 -0.3842 -0.1705
vn -0.8756 -0.4826 0.0204
vn -0.9106 -0.4051 -0.0816
vn -0.8864 -0.4630 0.0027
vn -0.8879 -0.4601 -0.0000
vn -0.3917 -0.9201 -0.0001
vn -0.3937 -0.9192 -0.0035
vn -0.3932 -0.9194 -0.0040
vn -0.4081 -0.9129 -0.0000
vn -0.4016 -0.9158 -0.0001
vn -0.3823 -0.9240 -0.0030
vn -0.3780 -0.9258 -0.0000
vn -0.3781 -0.9257 -0.0000
vn -0.3785 -0.9256 -0.0003
vn -0.3810 -0.9246 0.0005
vn -0.3825 -0.9240 -0.0028
vn -0.3626 -0.9320 -0.0000
vn -0.3649 -0.9310 0.0017
vn -0.3356 -0.9420 -0.0013
vn -0.3060 -0.9517 -0.0260
vn -0.3166 -0.9485 -0.0034
vn -0.3051 -0.9523 0.0026
vn -0.3128 -0.9495 0.0245
vn -0.2453 -0.9685 -0.0419
vn -0.2045 -0.9789 -0.0012
vn -0.2298 -0.9732 -0.0000
vn -0.2362 -0.9717 -0.0015
vn -0.2361 -0.9717 -0.0015
vn -0.2641 -0.9645 0.0049
vn -0.1081 -0.9893 -0.0979
vn -0.1501 -0.9883 -0.0272
vn -0.2218 -0.9734 0.0581
vn 0.0721 -0.9974 0.0004
vn 0.0607 -0.9964 0.0597
vn 0.0213 -0.9984 -0.0527
vn 0.0213 -0.9984 -0.0528
vn -0.0486 -0.9978 0.0448
vn -0.0341 -0.9994 -0.0004
vn -0.0789 -0.9969 -0.0004
vn -0.0671 -0.9972 -0.0319
vn -0.1340 -0.9902 0.0381
vn 0.1050 -0.9945 0.0003
vn 0.0996 -0.9949 0.0186
vn 0.0999 -0.9950 0.0004
vn 0.1003 -0.9950 -0.0005
vn 0.1047 -0.9943 -0.0178
vn 0.1046 -0.9945 0.0003
vn -0.0198 -0.9754 0.2196
vn 0.0793 -0.9968 -0.0004
vn 0.0528 -0.9940 -0.0954
vn 0.0731 -0.9644 -0.2543
vn 0.0656 -0.9543 0.2914
vn -0.2751 -0.9614 -0.0000
vn -0.2493 -0.9553 -0.1586
vn -0.2386 -0.9611 0.1390
vn -0.2153 -0.9764 -0.0165
vn -0.1520 -0.9796 0.1318
vn -0.1331 -0.9734 -0.1864
vn -0.0763 -0.9963 0.0386
vn -0.0604 -0.9963 -0.0612
vn -0.0198 -0.9760 0.2170
vn 0.0930 -0.9416 -0.3238
vn -0.2079 -0.9594 -0.1905
vn 0.1191 -0.9705 -0.2096
vn 0.1147 -0.9750 -0.1901
vn 0.1166 -0.9809 -0.1559
vn 0.0959 -0.9717 -0.2159
vn 0.0734 -0.9854 -0.1539
vn 0.0459 -0.9791 -0.1982
vn 0.0135 -0.9904 -0.1379
vn 0.0054 -0.9820 -0.1887
vn -0.0342 -0.9860 -0.1631
vn -0.0805 -0.9939 -0.0750
vn -0.0722 -0.9838 -0.1644
vn -0.1547 -0.9751 -0.1586
vn -0.1534 -0.9762 -0.1532
vn -0.1485 -0.9807 -0.1271
vn -0.1329 -0.9794 -0.1519
vn -0.0972 -0.9802 -0.1726
vn -0.1643 -0.9728 -0.1636
vn -0.1979 -0.9712 -0.1325
vn -0.1952 -0.9708 -0.1396
vn -0.2298 -0.9677 -0.1033
vn -0.2301 -0.9676 -0.1039
vn -0.2317 -0.9665 -0.1103
vn -0.2264 -0.9676 -0.1115
vn -0.2170 -0.9675 -0.1300
vn -0.1978 -0.9698 -0.1425
vn -0.1985 -0.9697 -0.1423
vn 0.7643 -0.1694 -0.6222
vn 0.4646 -0.5934 -0.6573
vn 0.5864 -0.3471 -0.7319
vn 0.5061 -0.2502 -0.8254
vn 0.3740 -0.4874 -0.7890
vn 0.4255 -0.2351 -0.8739
vn 0.2786 -0.4063 -0.8702
vn 0.2646 -0.4341 -0.8612
vn 0.3773 -0.2230 -0.8989
vn 0.1153 -0.2083 -0.9713
vn 0.1118 -0.0563 -0.9921
vn 0.1444 -0.1088 -0.9835
vn 0.1483 -0.0494 -0.9877
vn 0.1753 -0.1557 -0.9721
vn 0.1953 -0.0286 -0.9803
vn 0.2180 -0.2765 -0.9359
vn 0.2354 -0.2089 -0.9492
vn 0.3085 -0.1460 -0.9400
vn 0.0655 -0.1925 -0.9791
vn 0.0722 -0.0626 -0.9954
vn 0.0875 -0.0612 -0.9943
vn 0.0261 -0.0741 -0.9969
vn 0.0419 -0.0485 -0.9979
vn 0.0539 -0.0491 -0.9973
vn 0.1046 -0.9770 -0.1860
vn 0.0697 -0.9796 -0.1885
vn 0.0503 -0.9359 -0.3486
vn 0.0003 -0.9823 -0.1874
vn -0.0541 -0.9803 -0.1900
vn 0.0163 -0.0382 -0.9991
vn 0.0216 -0.0966 -0.9951
vn 0.0030 -0.2299 -0.9732
vn 0.7071 -0.3796 -0.5965
vn 0.6167 -0.5347 -0.5778
vn 0.5293 -0.4993 -0.6859
vn 0.5405 -0.4832 -0.6888
vn 0.4000 -0.4373 -0.8055
vn 0.4135 -0.4134 -0.8112
vn 0.2872 -0.3821 -0.8783
vn 0.2999 -0.3515 -0.8869
vn 0.2067 -0.3373 -0.9184
vn 0.2151 -0.3038 -0.9281
vn 0.1663 -0.3018 -0.9388
vn 0.1695 -0.2826 -0.9442
vn 0.1473 -0.2831 -0.9477
vn 0.1487 -0.2668 -0.9522
vn 0.1194 -0.2691 -0.9557
vn 0.1188 -0.2439 -0.9625
vn 0.0662 -0.2485 -0.9664
vn 0.0667 -0.2376 -0.9691
vn 0.0027 -0.2348 -0.9721
vn -0.0393 -0.5195 -0.8536
vn 0.6143 -0.5391 -0.5762
vn 0.4213 -0.7541 -0.5039
vn 0.3507 -0.7248 -0.5930
vn 0.3691 -0.7100 -0.5998
vn 0.2565 -0.6736 -0.6932
vn 0.2763 -0.6532 -0.7050
vn 0.1838 -0.6306 -0.7540
vn 0.2013 -0.6054 -0.7701
vn 0.1460 -0.5972 -0.7887
vn 0.1579 -0.5702 -0.8062
vn 0.1393 -0.5695 -0.8101
vn 0.1448 -0.5545 -0.8195
vn 0.1431 -0.5545 -0.8198
vn 0.1465 -0.5420 -0.8275
vn 0.1336 -0.5430 -0.8290
vn 0.1348 -0.5260 -0.8398
vn 0.0674 -0.5315 -0.8444
vn 0.0682 -0.5261 -0.8477
vn -0.0393 -0.5212 -0.8525
vn -0.0894 -0.8239 -0.5596
vn 0.4178 -0.7590 -0.4994
vn 0.0987 -0.9383 -0.3315
vn 0.0600 -0.9224 -0.3816
vn 0.0860 -0.9141 -0.3962
vn 0.0283 -0.8956 -0.4439
vn 0.0527 -0.8837 -0.4650
vn 0.0207 -0.8760 -0.4819
vn 0.0400 -0.8611 -0.5069
vn 0.0457 -0.8619 -0.5050
vn 0.0581 -0.8463 -0.5295
vn 0.0849 -0.8475 -0.5239
vn 0.0903 -0.8392 -0.5362
vn 0.1182 -0.8386 -0.5318
vn 0.1216 -0.8319 -0.5414
vn 0.1342 -0.8310 -0.5399
vn 0.1355 -0.8244 -0.5496
vn 0.0594 -0.8300 -0.5547
vn 0.0593 -0.8300 -0.5545
vn -0.0894 -0.8229 -0.5611
vn -0.1135 -0.9429 -0.3131
vn -0.1292 -0.9597 -0.2495
vn -0.2313 -0.9678 -0.0992
vn -0.2305 -0.9675 -0.1043
vn 0.1049 -0.9482 -0.2998
vn 0.1055 -0.9468 -0.3040
vn 0.4406 -0.7704 -0.4609
vn 0.4408 -0.7687 -0.4635
vn 0.6427 -0.5524 -0.5308
vn 0.6431 -0.5511 -0.5317
vn 0.7373 -0.3937 -0.5490
vn 0.7376 -0.3921 -0.5497
vn -0.2368 -0.9675 -0.0887
vn -0.2347 -0.9665 -0.1041
vn 0.1060 -0.9534 -0.2823
vn 0.1081 -0.9495 -0.2945
vn 0.4489 -0.7782 -0.4391
vn 0.4497 -0.7741 -0.4456
vn 0.6546 -0.5599 -0.5080
vn 0.6553 -0.5576 -0.5096
vn 0.7505 -0.4010 -0.5253
vn 0.7510 -0.3989 -0.5263
vn 0.6731 -0.5677 -0.4740
vn -0.3888 -0.9213 -0.0054
vn -0.2620 -0.9556 -0.1346
vn -0.1841 -0.9768 -0.1096
vn -0.1669 -0.9795 -0.1125
vn -0.1682 -0.9795 -0.1111
vn -0.1751 -0.9809 -0.0846
vn -0.1486 -0.9849 -0.0892
vn -0.1525 -0.9854 -0.0760
vn -0.1607 -0.9863 -0.0363
vn 0.8788 -0.4645 -0.1097
vn 0.7988 -0.5989 -0.0560
vn 0.7712 -0.4099 -0.4871
vn 0.8518 -0.2644 -0.4522
vn 0.7496 -0.5248 -0.4034
vn 0.8864 -0.3167 -0.3377
vn 0.8133 -0.4911 -0.3121
vn 0.8491 -0.4499 -0.2766
vn 0.8613 -0.4553 -0.2255
vn 0.4614 -0.7835 -0.4163
vn 0.6713 -0.5709 -0.4727
vn 0.7061 -0.5864 -0.3969
vn 0.7053 -0.5874 -0.3969
vn 0.7379 -0.6023 -0.3044
vn 0.7373 -0.6030 -0.3045
vn 0.7666 -0.6156 -0.1826
vn 0.6455 -0.7442 -0.1716
vn 0.8740 -0.4623 -0.1499
vn 0.1089 -0.9547 -0.2770
vn 0.4578 -0.7881 -0.4115
vn 0.4877 -0.8010 -0.3471
vn 0.4868 -0.8016 -0.3472
vn 0.5154 -0.8146 -0.2662
vn 0.5147 -0.8150 -0.2662
vn 0.5409 -0.8258 -0.1597
vn 0.7657 -0.6167 -0.1824
vn 0.7801 -0.6234 -0.0533
vn 0.7700 -0.6359 -0.0531
vn -0.2699 -0.9629 -0.0051
vn -0.1583 -0.9873 -0.0103
vn -0.1447 -0.9895 0.0001
vn 0.1644 -0.9864 -0.0026
vn 0.5532 -0.8330 -0.0027
vn 0.1629 -0.9866 -0.0001
vn 0.1628 -0.9862 -0.0304
vn -0.0880 -0.9960 -0.0181
vn -0.1594 -0.9869 -0.0240
vn 0.8338 -0.5521 -0.0024
vn 0.5525 -0.8335 -0.0012
vn 0.5518 -0.8327 -0.0465
vn 0.1632 -0.9861 -0.0305
vn 0.1552 -0.9824 -0.1045
vn -0.0385 -0.9967 -0.0718
vn -0.1483 -0.9871 -0.0597
vn 0.8891 -0.4575 -0.0093
vn 0.7749 -0.6195 0.1256
vn 0.7799 -0.6237 -0.0533
vn 0.5522 -0.8324 -0.0466
vn 0.5398 -0.8266 -0.1594
vn 0.1562 -0.9822 -0.1047
vn 0.1385 -0.9749 -0.1745
vn 0.1389 -0.9748 -0.1745
vn 0.1203 -0.9663 -0.2276
vn 0.1207 -0.9662 -0.2276
vn 0.1019 -0.9581 -0.2675
vn -0.2103 -0.9705 -0.1180
vn -0.2238 -0.9679 -0.1148
vn 0.1619 -0.0133 -0.9867
vn 0.7729 -0.2866 -0.5662
vn 0.9316 -0.3627 -0.0246
vn 0.9319 -0.3612 -0.0327
vn 0.9281 -0.3626 -0.0847
vn 0.9278 -0.3617 -0.0910
vn 0.9201 -0.3565 -0.1621
vn 0.9220 -0.3633 -0.1336
vn 0.9032 -0.3424 -0.2589
vn 0.9097 -0.3594 -0.2079
vn 0.8680 -0.3263 -0.3743
vn 0.8817 -0.3467 -0.3199
vn 0.7238 -0.2702 -0.6349
vn 0.7249 -0.2706 -0.6335
vn 0.6271 -0.2160 -0.7484
vn 0.6726 -0.2544 -0.6949
vn 0.5167 -0.1632 -0.8405
vn 0.5737 -0.2118 -0.7912
vn 0.2949 -0.0763 -0.9525
vn 0.3629 -0.1028 -0.9262
vn 0.4028 -0.1251 -0.9067
vn 0.4093 -0.1273 -0.9035
vn 0.4730 -0.1513 -0.8680
vn 0.2286 -0.0399 -0.9727
vn 0.2085 -0.0365 -0.9773
vn 0.2560 -0.0554 -0.9651
vn 0.0925 0.0186 -0.9955
vn 0.1385 0.0010 -0.9904
vn 0.1666 -0.0167 -0.9859
vn 0.0357 0.0536 -0.9979
vn 0.0571 0.0383 -0.9976
vn 0.0575 0.0393 -0.9976
vn 0.0568 0.0391 -0.9976
vn 0.0541 0.0514 -0.9972
vn 0.1068 0.0112 -0.9942
vn 0.1061 0.0100 -0.9943
vn 0.0565 0.0371 -0.9977
vn 0.0748 0.0762 -0.9943
vn 0.0646 0.0610 -0.9960
vn 0.0475 0.0495 -0.9976
vn 0.0414 0.0483 -0.9980
vn 0.0352 0.0510 -0.9981
vn 0.2565 -0.0690 -0.9641
vn 0.1960 -0.0125 -0.9805
vn 0.2197 -0.0554 -0.9740
vn 0.1470 -0.0010 -0.9891
vn 0.1595 -0.0175 -0.9870
vn 0.1106 0.0108 -0.9938
vn 0.1140 0.0166 -0.9933
vn 0.0528 0.0386 -0.9979
vn 0.3078 -0.0793 -0.9481
vn 0.3051 -0.0842 -0.9486
vn 0.3217 -0.0805 -0.9434
vn 0.7215 -0.2779 -0.6341
vn 0.6287 -0.2460 -0.7377
vn 0.6234 -0.2238 -0.7492
vn 0.5231 -0.2021 -0.8280
vn 0.5117 -0.1729 -0.8416
vn 0.4498 -0.1575 -0.8791
vn 0.4041 -0.1226 -0.9065
vn 0.4054 -0.1224 -0.9059
vn 0.3611 -0.1133 -0.9256
vn 0.8468 -0.2789 -0.4529
vn 0.7924 -0.3068 -0.5272
vn 0.7751 -0.3088 -0.5513
vn 0.7223 -0.2914 -0.6272
vn 0.8930 -0.3549 -0.2768
vn 0.8625 -0.3759 -0.3386
vn 0.8672 -0.3281 -0.3745
vn 0.7765 -0.3736 -0.5074
vn 0.8110 -0.2994 -0.5027
vn 0.8359 -0.3270 -0.4409
vn 0.9182 -0.3258 -0.2252
vn 0.8787 -0.3996 -0.2612
vn 0.9219 -0.3572 -0.1500
vn 0.9096 -0.3823 -0.1628
vn 0.9183 -0.3803 -0.1098
vn 0.9265 -0.3667 -0.0848
vn 0.9094 -0.4120 -0.0574
vn 0.9295 -0.3679 -0.0246
vn 0.9232 -0.3841 -0.0093
vn 0.3965 0.9155 -0.0682
vn 0.9174 0.3978 -0.0145
vn 0.4858 0.8731 -0.0414
vn 0.4168 0.9087 -0.0222
vn 0.5491 0.8349 -0.0372
vn 0.4721 0.8812 -0.0233
vn 0.4676 0.8837 -0.0185
vn 0.4343 0.8985 -0.0645
vn 0.4380 0.8972 -0.0568
vn 0.9293 -0.1269 -0.3467
vn 0.4539 0.8897 -0.0492
vn 0.4561 0.8890 -0.0404
vn 0.4128 0.9085 -0.0646
vn 0.3962 0.9154 -0.0708
vn 0.3978 0.9144 -0.0747
vn 0.3979 0.9144 -0.0748
vn 0.4000 0.9132 -0.0782
vn 0.4140 0.9065 -0.0829
vn 0.4076 0.9101 -0.0743
vn 0.4367 0.8955 -0.0855
vn 0.5530 0.8327 -0.0270
vn 0.5068 0.7970 -0.3287
vn 0.5115 0.8552 -0.0839
vn 0.4871 0.8692 -0.0855
vn 0.4752 0.8797 -0.0186
vn 0.1719 0.2549 -0.9516
vn 0.1582 0.2471 -0.9560
vn 0.1306 0.1652 -0.9776
vn 0.1653 0.2049 -0.9647
vn 0.1623 0.1496 -0.9753
vn 0.3599 0.0979 -0.9278
vn 0.3222 0.1143 -0.9397
vn 0.3043 0.1981 -0.9317
vn 0.2408 0.1496 -0.9590
vn 0.2148 0.1621 -0.9631
vn 0.5496 0.1091 -0.8282
vn 0.4694 0.0524 -0.8814
vn 0.4232 0.0705 -0.9033
vn 0.4463 -0.1166 -0.8873
vn 0.5927 0.0601 -0.8032
vn 0.6120 -0.0961 -0.7850
vn 0.7296 -0.0580 -0.6814
vn 0.7724 -0.2195 -0.5960
vn 0.8349 -0.0388 -0.5490
vn 0.7787 -0.0751 -0.6229
vn 0.8713 -0.0636 -0.4865
vn 0.8684 -0.2928 -0.4002
vn 0.9048 -0.0308 -0.4248
vn 0.9277 -0.2134 -0.3065
vn 0.9371 -0.1484 -0.3159
vn 0.9679 -0.1457 -0.2050
vn 0.9850 0.0026 -0.1724
vn 0.9787 -0.1571 -0.1321
vn 0.9832 -0.1586 -0.0900
vn 0.9989 -0.0140 -0.0452
vn 0.9931 -0.1130 -0.0321
vn 0.4760 0.8794 -0.0038
vn 0.6744 0.7383 -0.0100
vn 0.6994 0.7145 -0.0179
vn 0.5303 0.8348 -0.1480
vn 0.5543 0.8266 -0.0978
vn 0.5502 0.8294 -0.0964
vn 0.5597 0.8265 -0.0604
vn 0.6625 0.7455 -0.0724
vn 0.5607 0.8271 -0.0391
vn 0.5626 0.8265 -0.0210
vn 0.4935 0.8696 -0.0151
vn 0.3928 0.9196 -0.0058
vn 0.5195 0.8049 -0.2870
vn 0.5263 0.8094 -0.2603
vn 0.5015 0.8249 -0.2609
vn 0.5018 0.8252 -0.2591
vn 0.4686 0.8439 -0.2613
vn 0.4447 0.8853 0.1360
vn 0.4588 0.8847 -0.0818
vn 0.4446 0.6679 -0.5969
vn 0.4768 0.7038 -0.5266
vn 0.4512 0.7200 -0.5272
vn 0.4518 0.7208 -0.5257
vn 0.4386 0.7283 -0.5266
vn 0.4686 0.8457 -0.2556
vn 0.4483 0.8555 -0.2590
vn 0.4090 0.9123 0.0211
vn 0.4219 0.9031 -0.0805
vn 0.7261 0.1211 -0.6768
vn 0.7277 0.3227 -0.6052
vn 0.8157 0.2932 -0.4986
vn 0.8157 0.2920 -0.4994
vn 0.8655 0.2747 -0.4189
vn 0.8655 0.2738 -0.4194
vn 0.9050 0.2602 -0.3366
vn 0.8853 0.3774 -0.2717
vn 0.9328 0.2500 -0.2597
vn 0.9584 0.2403 -0.1538
vn 0.9583 0.2408 -0.1538
vn 0.9706 0.2370 -0.0420
vn 0.9590 0.2798 -0.0448
vn 0.4296 0.2156 -0.8769
vn 0.4746 0.4232 -0.7718
vn 0.5585 0.3906 -0.7318
vn 0.5585 0.3907 -0.7318
vn 0.6268 0.3643 -0.6887
vn 0.6267 0.3639 -0.6891
vn 0.7273 0.3248 -0.6046
vn 0.6379 0.6614 -0.3945
vn 0.6927 0.6430 -0.3267
vn 0.6675 0.6969 -0.2623
vn 0.7233 0.6338 -0.2742
vn 0.7594 0.6203 -0.1965
vn 0.7576 0.6226 -0.1960
vn 0.7825 0.6144 -0.1009
vn 0.7810 0.6163 -0.1009
vn 0.7886 0.6141 -0.0318
vn 0.8658 0.4993 -0.0328
vn 0.3041 0.1977 -0.9319
vn 0.3913 0.4579 -0.7982
vn 0.4746 0.4218 -0.7726
vn 0.4892 0.7147 -0.4999
vn 0.5361 0.6964 -0.4771
vn 0.5363 0.6977 -0.4749
vn 0.5766 0.6822 -0.4497
vn 0.5765 0.6835 -0.4478
vn 0.6394 0.6591 -0.3961
vn 0.5010 0.8435 -0.1934
vn 0.5347 0.8315 -0.1508
vn 0.5502 0.8190 -0.1631
vn 0.4711 0.8768 -0.0960
vn 0.2393 0.2566 -0.9364
vn 0.3406 0.4796 -0.8087
vn 0.3909 0.4553 -0.8000
vn 0.4495 0.7292 -0.5160
vn 0.4900 0.7115 -0.5036
vn 0.4496 0.8592 -0.2443
vn 0.4642 0.8534 -0.2372
vn 0.4634 0.8549 -0.2334
vn 0.4789 0.8489 -0.2237
vn 0.4777 0.8505 -0.2200
vn 0.5051 0.8401 -0.1978
vn 0.4102 0.9085 -0.0798
vn 0.4074 0.9101 -0.0759
vn 0.3623 0.5213 -0.7726
vn 0.3249 0.4830 -0.8131
vn 0.3237 0.4837 -0.8132
vn 0.3247 0.4849 -0.8121
vn 0.3396 0.4764 -0.8110
vn 0.4390 0.7311 -0.5223
vn 0.4497 0.7259 -0.5204
vn 0.4474 0.8580 -0.2523
vn 0.4515 0.8562 -0.2510
vn 0.3953 0.9176 -0.0426
vn 0.4034 0.9116 -0.0791
s 0
f 1//1 2//1 3//1
f 4//2 5//2 6//2
f 7//3 8//3 9//3
f 7//4 9//4 10//4
f 9//5 11//5 10//5
f 10//6 11//6 12//6
f 10//7 12//7 13//7
f 13//8 12//8 14//8
f 13//9 14//9 15//9
f 15//10 14//10 16//10
f 15//11 16//11 4//11
f 4//12 16//12 17//12
f 4//13 17//13 5//13
f 1//14 18//14 2//14
f 2//15 18//15 19//15
f 2//16 19//16 6//16
f 6//17 19//17 20//17
f 6//18 20//18 4//18
f 21//19 22//19 23//19
f 23//20 22//20 24//20
f 23//21 24//21 25//21
f 25//22 24//22 26//22
f 25//23 26//23 3//23
f 3//24 26//24 27//24
f 3//25 27//25 1//25
f 21//26 23//26 28//26
f 28//27 23//27 29//27
f 28//28 29//28 30//28
f 30//29 29//29 31//29
f 30//30 31//30 32//30
f 33//31 34//31 35//31
f 35//32 34//32 36//32
f 35//33 36//33 37//33
f 37//34 36//34 38//34
f 37//35 38//35 32//35
f 32//36 38//36 39//36
f 32//37 39//37 30//37
f 40//38 41//38 33//38
f 33//39 41//39 42//39
f 33//40 42//40 34//40
f 43//41 44//41 45//41
f 46//42 47//42 48//42
f 48//43 47//43 49//43
f 50//44 51//44 52//44
f 52//45 51//45 48//45
f 52//46 48//46 53//46
f 53//47 48//47 49//47
f 54//48 55//48 56//48
f 57//49 56//49 58//49
f 58//50 56//50 59//50
f 57//51 60//51 56//51
f 56//52 60//52 61//52
f 56//53 61//53 54//53
f 62//54 63//54 64//54
f 64//55 63//55 43//55
f 64//56 43//56 48//56
f 48//57 43//57 45//57
f 48//58 45//58 46//58
f 62//59 65//59 63//59
f 63//60 65//60 66//60
f 63//61 66//61 56//61
f 56//62 66//62 67//62
f 56//63 67//63 59//63
f 51//64 68//64 48//64
f 48//65 68//65 69//65
f 48//66 69//66 64//66
f 64//67 69//67 70//67
f 64//68 70//68 62//68
f 52//69 40//69 50//69
f 50//70 40//70 33//70
f 50//71 33//71 71//71
f 71//72 33//72 35//72
f 72//73 73//73 74//73
f 75//74 76//74 77//74
f 78//75 79//75 80//75
f 81//76 82//76 83//76
f 84//77 85//77 86//77
f 84//78 86//78 87//78
f 88//79 89//79 90//79
f 88//80 90//80 91//80
f 92//81 93//81 77//81
f 77//82 93//82 94//82
f 77//83 94//83 95//83
f 95//84 94//84 96//84
f 95//85 96//85 97//85
f 97//86 96//86 98//86
f 97//87 98//87 88//87
f 88//88 98//88 99//88
f 88//89 99//89 89//89
f 73//90 72//90 100//90
f 101//91 102//91 103//91
f 103//92 102//92 104//92
f 103//93 104//93 105//93
f 105//94 104//94 106//94
f 105//95 106//95 107//95
f 107//96 106//96 108//96
f 107//97 108//97 72//97
f 72//98 108//98 109//98
f 72//99 109//99 100//99
f 100//100 109//100 110//100
f 100//101 110//101 92//101
f 92//102 110//102 111//102
f 92//103 111//103 93//103
f 112//104 113//104 114//104
f 114//105 113//105 115//105
f 114//106 115//106 101//106
f 101//107 115//107 116//107
f 101//108 116//108 102//108
f 114//109 117//109 112//109
f 112//110 117//110 118//110
f 112//111 118//111 119//111
f 119//112 118//112 120//112
f 119//113 120//113 83//113
f 81//114 83//114 121//114
f 121//115 83//115 120//115
f 121//116 120//116 79//116
f 79//117 120//117 118//117
f 79//118 118//118 80//118
f 122//119 123//119 124//119
f 124//120 123//120 125//120
f 124//121 125//121 126//121
f 126//122 125//122 127//122
f 126//123 127//123 80//123
f 80//124 127//124 128//124
f 80//125 128//125 78//125
f 74//126 129//126 122//126
f 122//127 129//127 130//127
f 122//128 130//128 123//128
f 74//129 73//129 129//129
f 129//130 73//130 100//130
f 129//131 100//131 131//131
f 131//132 100//132 92//132
f 131//133 92//133 132//133
f 77//134 76//134 92//134
f 92//135 76//135 133//135
f 92//136 133//136 132//136
f 75//137 77//137 134//137
f 134//138 77//138 95//138
f 134//139 95//139 135//139
f 135//140 95//140 136//140
f 136//141 95//141 97//141
f 136//142 97//142 137//142
f 137//143 97//143 88//143
f 137//144 88//144 138//144
f 138//145 88//145 91//145
f 138//146 91//146 139//146
f 139//147 91//147 140//147
f 140//148 91//148 141//148
f 140//149 141//149 142//149
f 90//150 143//150 91//150
f 91//151 143//151 87//151
f 91//152 87//152 141//152
f 141//153 87//153 86//153
f 141//154 86//154 142//154
f 142//155 86//155 144//155
f 145//156 146//156 147//156
f 148//157 149//157 150//157
f 145//158 147//158 151//158
f 150//159 151//159 148//159
f 148//160 151//160 147//160
f 148//161 147//161 152//161
f 152//162 147//162 153//162
f 152//163 153//163 154//163
f 154//164 153//164 155//164
f 154//165 155//165 156//165
f 156//166 155//166 157//166
f 156//167 157//167 158//167
f 158//168 157//168 159//168
f 160//169 161//169 159//169
f 159//170 161//170 162//170
f 159//171 162//171 158//171
f 163//172 164//172 160//172
f 160//173 164//173 165//173
f 160//174 165//174 161//174
f 160//175 166//175 163//175
f 163//176 166//176 167//176
f 163//177 167//177 168//177
f 168//178 167//178 169//178
f 170//179 171//179 172//179
f 172//180 171//180 173//180
f 174//181 175//181 170//181
f 170//182 175//182 176//182
f 170//183 176//183 171//183
f 170//184 177//184 174//184
f 174//185 177//185 178//185
f 174//186 178//186 179//186
f 179//187 178//187 180//187
f 180//188 178//188 181//188
f 180//189 181//189 182//189
f 183//190 184//190 185//190
f 185//191 184//191 86//191
f 185//192 86//192 85//192
f 144//193 86//193 186//193
f 186//194 86//194 184//194
f 186//195 184//195 187//195
f 187//196 184//196 188//196
f 183//197 182//197 184//197
f 184//198 182//198 181//198
f 184//199 181//199 188//199
f 188//200 181//200 178//200
f 188//201 178//201 189//201
f 189//202 178//202 177//202
f 189//203 177//203 190//203
f 190//204 177//204 170//204
f 190//205 170//205 191//205
f 191//206 170//206 172//206
f 191//207 172//207 192//207
f 193//208 194//208 173//208
f 173//209 194//209 195//209
f 173//210 195//210 172//210
f 172//211 195//211 196//211
f 172//212 196//212 192//212
f 197//213 198//213 199//213
f 199//214 198//214 200//214
f 199//215 200//215 194//215
f 194//216 200//216 201//216
f 194//217 201//217 195//217
f 195//218 201//218 202//218
f 195//219 202//219 196//219
f 203//220 197//220 204//220
f 204//221 197//221 199//221
f 204//222 199//222 167//222
f 167//223 199//223 194//223
f 167//224 194//224 169//224
f 169//225 194//225 193//225
f 205//226 206//226 207//226
f 207//227 206//227 203//227
f 207//228 203//228 208//228
f 208//229 203//229 204//229
f 205//230 207//230 209//230
f 209//231 207//231 210//231
f 209//232 210//232 146//232
f 146//233 210//233 147//233
f 147//234 210//234 211//234
f 147//235 211//235 153//235
f 148//236 212//236 149//236
f 149//237 212//237 213//237
f 149//238 213//238 214//238
f 215//239 216//239 217//239
f 217//240 216//240 218//240
f 217//241 218//241 219//241
f 219//242 218//242 220//242
f 219//243 220//243 214//243
f 214//244 220//244 221//244
f 214//245 221//245 149//245
f 217//246 222//246 215//246
f 215//247 222//247 223//247
f 215//248 223//248 224//248
f 223//249 225//249 224//249
f 224//250 225//250 226//250
f 224//251 226//251 227//251
f 226//252 228//252 227//252
f 227//253 228//253 229//253
f 227//254 229//254 230//254
f 230//255 229//255 231//255
f 230//256 231//256 232//256
f 233//257 234//257 235//257
f 235//258 234//258 236//258
f 235//259 236//259 237//259
f 237//260 236//260 238//260
f 237//261 238//261 232//261
f 232//262 238//262 239//262
f 232//263 239//263 230//263
f 235//264 240//264 233//264
f 233//265 240//265 241//265
f 233//266 241//266 242//266
f 241//267 243//267 242//267
f 242//268 243//268 244//268
f 242//269 244//269 245//269
f 245//270 244//270 246//270
f 245//271 246//271 247//271
f 247//272 246//272 248//272
f 247//273 248//273 249//273
f 249//274 248//274 250//274
f 249//275 250//275 251//275
f 251//276 250//276 252//276
f 251//277 252//277 253//277
f 253//278 252//278 254//278
f 253//279 254//279 255//279
f 255//280 254//280 256//280
f 255//281 256//281 257//281
f 257//282 256//282 258//282
f 258//283 256//283 259//283
f 258//284 259//284 260//284
f 260//285 259//285 261//285
f 260//286 261//286 262//286
f 262//287 261//287 263//287
f 263//288 261//288 264//288
f 263//289 264//289 265//289
f 266//290 267//290 268//290
f 269//291 270//291 268//291
f 268//292 270//292 271//292
f 268//293 271//293 266//293
f 269//294 272//294 270//294
f 270//295 272//295 273//295
f 270//296 273//296 274//296
f 274//297 273//297 275//297
f 276//298 277//298 278//298
f 279//299 280//299 281//299
f 277//300 276//300 281//300
f 281//301 276//301 282//301
f 281//302 282//302 279//302
f 273//303 272//303 275//303
f 275//304 272//304 269//304
f 275//305 269//305 283//305
f 283//306 269//306 268//306
f 283//307 268//307 267//307
f 274//308 275//308 284//308
f 284//309 275//309 285//309
f 284//310 285//310 286//310
f 287//311 288//311 289//311
f 289//312 288//312 290//312
f 289//313 290//313 285//313
f 285//314 290//314 291//314
f 285//315 291//315 286//315
f 292//316 293//316 294//316
f 294//317 293//317 295//317
f 294//318 295//318 289//318
f 289//319 295//319 296//319
f 289//320 296//320 287//320
f 297//321 298//321 299//321
f 299//322 298//322 300//322
f 299//323 300//323 294//323
f 294//324 300//324 301//324
f 294//325 301//325 292//325
f 297//326 299//326 302//326
f 302//327 299//327 303//327
f 302//328 303//328 304//328
f 305//329 306//329 303//329
f 303//330 306//330 307//330
f 303//331 307//331 304//331
f 308//332 309//332 305//332
f 305//333 309//333 310//333
f 305//334 310//334 306//334
f 280//335 311//335 281//335
f 281//336 311//336 312//336
f 281//337 312//337 308//337
f 308//338 312//338 313//338
f 308//339 313//339 309//339
f 314//340 315//340 316//340
f 314//341 316//341 317//341
f 317//342 316//342 318//342
f 317//343 318//343 319//343
f 318//344 320//344 319//344
f 319//345 320//345 321//345
f 319//346 321//346 322//346
f 322//347 321//347 323//347
f 322//348 323//348 324//348
f 325//349 326//349 323//349
f 323//350 326//350 327//350
f 323//351 327//351 324//351
f 328//352 329//352 330//352
f 330//352 329//352 331//352
f 330//352 331//352 325//352
f 325//352 331//352 326//352
f 332//353 333//353 334//353
f 332//354 334//354 335//354
f 334//355 336//355 335//355
f 335//356 336//356 337//356
f 335//357 337//357 338//357
f 338//358 337//358 339//358
f 338//359 339//359 340//359
f 340//360 339//360 341//360
f 340//361 341//361 342//361
f 342//362 341//362 343//362
f 343//363 341//363 329//363
f 343//364 329//364 328//364
f 332//365 344//365 333//365
f 333//365 344//365 345//365
f 346//366 347//366 348//366
f 348//366 347//366 349//366
f 348//366 349//366 350//366
f 351//367 352//367 353//367
f 351//367 353//367 354//367
f 354//367 353//367 348//367
f 354//367 348//367 350//367
f 353//368 352//368 355//368
f 355//368 352//368 356//368
f 355//368 356//368 357//368
f 358//369 359//369 360//369
f 360//369 359//369 355//369
f 360//369 355//369 357//369
f 361//370 362//370 363//370
f 363//370 362//370 359//370
f 363//370 359//370 358//370
f 347//371 346//371 364//371
f 364//371 346//371 362//371
f 364//371 362//371 361//371
f 365//372 346//372 348//372
f 366//372 359//372 362//372
f 367//372 353//372 355//372
f 366//372 368//372 359//372
f 359//372 368//372 369//372
f 359//372 369//372 355//372
f 355//372 369//372 370//372
f 355//372 370//372 367//372
f 367//372 371//372 353//372
f 353//372 371//372 372//372
f 353//372 372//372 348//372
f 348//372 372//372 373//372
f 348//372 373//372 365//372
f 365//372 374//372 346//372
f 346//372 374//372 375//372
f 346//372 375//372 362//372
f 362//372 375//372 376//372
f 362//372 376//372 366//372
f 377//373 378//373 379//373
f 379//374 378//374 380//374
f 379//375 380//375 381//375
f 381//376 380//376 382//376
f 382//377 380//377 383//377
f 382//378 383//378 384//378
f 384//379 383//379 385//379
f 385//380 383//380 386//380
f 385//381 386//381 387//381
f 387//382 386//382 388//382
f 388//383 386//383 389//383
f 388//384 389//384 390//384
f 390//385 389//385 391//385
f 391//386 389//386 392//386
f 391//387 392//387 393//387
f 393//388 392//388 394//388
f 394//389 392//389 395//389
f 394//390 395//390 396//390
f 396//391 395//391 397//391
f 397//392 395//392 398//392
f 397//393 398//393 399//393
f 399//394 398//394 400//394
f 399//395 400//395 401//395
f 380//352 402//352 383//352
f 383//352 402//352 403//352
f 383//352 403//352 386//352
f 386//352 403//352 404//352
f 386//352 404//352 389//352
f 389//352 404//352 405//352
f 389//352 405//352 392//352
f 392//352 405//352 406//352
f 392//352 406//352 395//352
f 395//352 406//352 407//352
f 395//352 407//352 398//352
f 398//352 407//352 408//352
f 398//352 408//352 400//352
f 380//352 378//352 402//352
f 402//352 378//352 409//352
f 402//352 409//352 410//352
f 410//352 409//352 411//352
f 410//352 411//352 412//352
f 412//352 411//352 413//352
f 412//352 413//352 414//352
f 414//352 413//352 415//352
f 414//352 415//352 416//352
f 416//352 415//352 417//352
f 416//352 417//352 418//352
f 418//352 417//352 419//352
f 418//352 419//352 408//352
f 408//352 419//352 420//352
f 408//352 420//352 400//352
f 421//396 422//396 415//396
f 400//397 420//397 401//397
f 401//398 420//398 423//398
f 423//399 420//399 424//399
f 424//400 420//400 419//400
f 424//401 419//401 425//401
f 425//402 419//402 426//402
f 426//403 419//403 417//403
f 426//404 417//404 427//404
f 415//405 422//405 417//405
f 417//406 422//406 428//406
f 417//407 428//407 427//407
f 421//408 415//408 429//408
f 429//409 415//409 413//409
f 429//410 413//410 430//410
f 430//411 413//411 411//411
f 430//412 411//412 431//412
f 431//413 411//413 432//413
f 432//414 411//414 409//414
f 432//415 409//415 433//415
f 433//416 409//416 378//416
f 433//417 378//417 377//417
f 434//418 435//418 436//418
f 437//419 438//419 439//419
f 438//420 437//420 440//420
f 441//421 442//421 443//421
f 444//422 445//422 446//422
f 447//423 448//423 449//423
f 449//424 450//424 447//424
f 447//425 450//425 451//425
f 447//426 451//426 452//426
f 452//427 453//427 447//427
f 447//428 453//428 454//428
f 447//429 454//429 455//429
f 455//430 456//430 447//430
f 447//431 456//431 457//431
f 447//432 457//432 444//432
f 444//433 446//433 447//433
f 447//434 446//434 436//434
f 447//435 436//435 443//435
f 458//436 459//436 436//436
f 436//437 459//437 443//437
f 443//438 459//438 460//438
f 443//439 460//439 441//439
f 435//440 461//440 436//440
f 436//441 461//441 462//441
f 436//442 462//442 458//442
f 435//443 463//443 461//443
f 461//444 463//444 464//444
f 461//445 464//445 465//445
f 465//446 464//446 466//446
f 465//447 466//447 467//447
f 468//448 469//448 470//448
f 470//449 469//449 471//449
f 470//450 471//450 472//450
f 437//451 473//451 440//451
f 440//452 473//452 474//452
f 440//453 474//453 475//453
f 475//454 474//454 476//454
f 475//455 476//455 468//455
f 468//456 476//456 477//456
f 468//457 477//457 469//457
f 478//458 479//458 439//458
f 439//459 479//459 480//459
f 439//460 480//460 437//460
f 481//461 482//461 478//461
f 478//462 482//462 483//462
f 478//463 483//463 479//463
f 484//464 485//464 486//464
f 486//465 487//465 484//465
f 484//466 487//466 488//466
f 484//467 488//467 481//467
f 481//468 488//468 489//468
f 481//469 489//469 482//469
f 485//470 490//470 491//470
f 491//471 492//471 485//471
f 485//472 492//472 493//472
f 485//473 493//473 486//473
f 494//474 495//474 496//474
f 496//475 495//475 497//475
f 496//476 497//476 485//476
f 485//477 497//477 498//477
f 485//478 498//478 490//478
f 499//479 500//479 501//479
f 501//480 500//480 494//480
f 501//481 494//481 502//481
f 502//482 494//482 496//482
f 503//483 504//483 499//483
f 499//484 504//484 505//484
f 499//485 505//485 500//485
f 503//486 506//486 504//486
f 504//487 506//487 9//487
f 504//488 9//488 8//488
f 471//489 467//489 472//489
f 472//490 467//490 466//490
f 472//491 466//491 507//491
f 507//492 466//492 464//492
f 445//493 508//493 446//493
f 446//494 508//494 509//494
f 446//495 509//495 436//495
f 436//496 509//496 510//496
f 436//497 510//497 434//497
f 511//498 512//498 513//498
f 514//499 515//499 516//499
f 513//500 512//500 517//500
f 512//501 518//501 517//501
f 517//502 518//502 519//502
f 517//503 519//503 516//503
f 516//504 519//504 520//504
f 516//505 520//505 514//505
f 511//506 513//506 521//506
f 521//507 513//507 522//507
f 521//508 522//508 523//508
f 523//509 522//509 524//509
f 523//510 524//510 525//510
f 525//511 524//511 526//511
f 526//512 524//512 527//512
f 526//513 527//513 528//513
f 528//514 527//514 529//514
f 529//515 527//515 530//515
f 529//516 530//516 531//516
f 531//517 530//517 532//517
f 532//518 530//518 533//518
f 532//519 533//519 534//519
f 534//520 533//520 535//520
f 535//521 533//521 536//521
f 535//522 536//522 537//522
f 536//523 538//523 537//523
f 537//524 538//524 539//524
f 539//525 538//525 540//525
f 540//526 538//526 541//526
f 540//527 541//527 542//527
f 542//528 541//528 543//528
f 543//529 541//529 544//529
f 543//530 544//530 545//530
f 545//531 544//531 546//531
f 546//532 544//532 547//532
f 546//533 547//533 548//533
f 549//534 550//534 551//534
f 551//535 550//535 552//535
f 551//536 552//536 547//536
f 547//537 552//537 553//537
f 547//538 553//538 548//538
f 549//539 551//539 554//539
f 554//540 551//540 555//540
f 554//541 555//541 556//541
f 556//542 555//542 557//542
f 557//543 555//543 558//543
f 557//544 558//544 559//544
f 559//545 558//545 560//545
f 560//546 558//546 516//546
f 560//547 516//547 515//547
f 538//372 561//372 541//372
f 541//372 561//372 562//372
f 541//372 562//372 544//372
f 544//372 562//372 563//372
f 544//372 563//372 547//372
f 547//372 563//372 564//372
f 547//372 564//372 551//372
f 551//372 564//372 565//372
f 551//372 565//372 555//372
f 555//372 565//372 566//372
f 555//372 566//372 558//372
f 558//372 566//372 567//372
f 558//372 567//372 516//372
f 538//372 536//372 561//372
f 561//372 536//372 533//372
f 561//372 533//372 568//372
f 568//372 533//372 530//372
f 568//372 530//372 569//372
f 569//372 530//372 527//372
f 569//372 527//372 570//372
f 570//372 527//372 524//372
f 570//372 524//372 571//372
f 571//372 524//372 522//372
f 571//372 522//372 572//372
f 572//372 522//372 513//372
f 572//372 513//372 567//372
f 567//372 513//372 517//372
f 567//372 517//372 516//372
f 573//352 574//352 575//352
f 576//352 577//352 578//352
f 579//352 580//352 581//352
f 581//352 582//352 579//352
f 579//352 582//352 583//352
f 579//352 583//352 574//352
f 574//352 583//352 584//352
f 574//352 584//352 575//352
f 575//352 585//352 573//352
f 573//352 585//352 586//352
f 573//352 586//352 577//352
f 577//352 586//352 587//352
f 577//352 587//352 578//352
f 578//352 588//352 576//352
f 576//352 588//352 589//352
f 576//352 589//352 580//352
f 580//352 589//352 590//352
f 580//352 590//352 581//352
f 574//371 591//371 579//371
f 579//371 591//371 592//371
f 579//371 592//371 593//371
f 591//366 574//366 594//366
f 594//366 574//366 573//366
f 594//366 573//366 595//366
f 595//367 573//367 596//367
f 596//367 573//367 577//367
f 596//367 577//367 597//367
f 597//368 577//368 598//368
f 598//368 577//368 576//368
f 598//368 576//368 599//368
f 580//369 600//369 576//369
f 576//369 600//369 601//369
f 576//369 601//369 599//369
f 579//370 593//370 580//370
f 580//370 593//370 602//370
f 580//370 602//370 600//370
f 603//548 604//548 605//548
f 603//549 606//549 604//549
f 604//550 606//550 607//550
f 604//551 607//551 608//551
f 609//552 610//552 611//552
f 611//553 610//553 612//553
f 611//554 612//554 613//554
f 614//555 615//555 616//555
f 616//556 615//556 617//556
f 616//557 617//557 612//557
f 612//558 617//558 618//558
f 612//559 618//559 613//559
f 614//560 616//560 619//560
f 619//561 616//561 620//561
f 619//562 620//562 621//562
f 620//563 622//563 621//563
f 621//564 622//564 623//564
f 621//565 623//565 624//565
f 625//566 626//566 627//566
f 627//567 626//567 628//567
f 627//568 628//568 629//568
f 629//569 628//569 630//569
f 629//570 630//570 631//570
f 632//571 633//571 634//571
f 634//572 633//572 635//572
f 634//573 635//573 636//573
f 636//574 635//574 637//574
f 636//575 637//575 638//575
f 636//576 638//576 639//576
f 640//577 625//577 627//577
f 640//578 627//578 641//578
f 641//579 627//579 629//579
f 641//576 629//576 642//576
f 642//580 629//580 631//580
f 642//581 631//581 643//581
f 636//576 639//576 634//576
f 634//576 639//576 644//576
f 634//582 644//582 632//582
f 632//583 644//583 645//583
f 632//584 645//584 646//584
f 647//576 648//576 649//576
f 648//576 650//576 649//576
f 649//585 650//585 651//585
f 649//586 651//586 652//586
f 652//587 651//587 653//587
f 631//588 654//588 643//588
f 643//589 654//589 655//589
f 643//590 655//590 656//590
f 656//591 655//591 657//591
f 656//592 657//592 653//592
f 653//593 657//593 658//593
f 653//594 658//594 652//594
f 645//576 659//576 646//576
f 646//576 659//576 660//576
f 646//576 660//576 661//576
f 661//576 660//576 647//576
f 661//576 647//576 662//576
f 662//576 647//576 649//576
f 654//595 631//595 663//595
f 664//596 658//596 657//596
f 654//597 663//597 655//597
f 655//598 663//598 665//598
f 655//599 665//599 657//599
f 657//600 665//600 666//600
f 657//601 666//601 664//601
f 667//602 649//602 668//602
f 668//603 649//603 652//603
f 668//604 652//604 669//604
f 669//605 652//605 658//605
f 669//606 658//606 670//606
f 670//607 658//607 664//607
f 632//608 646//608 671//608
f 671//609 646//609 672//609
f 672//610 646//610 661//610
f 672//611 661//611 673//611
f 661//612 662//612 673//612
f 673//613 662//613 649//613
f 673//614 649//614 667//614
f 674//615 675//615 676//615
f 677//616 678//616 679//616
f 679//617 678//617 680//617
f 679//618 680//618 681//618
f 677//619 682//619 678//619
f 678//620 682//620 683//620
f 678//621 683//621 684//621
f 676//622 675//622 685//622
f 685//623 675//623 686//623
f 685//624 686//624 687//624
f 687//625 688//625 685//625
f 685//626 688//626 689//626
f 685//627 689//627 690//627
f 689//628 691//628 690//628
f 690//629 691//629 692//629
f 690//630 692//630 680//630
f 680//631 692//631 693//631
f 680//615 693//615 681//615
f 694//632 695//632 696//632
f 696//633 697//633 694//633
f 694//634 697//634 698//634
f 694//635 698//635 676//635
f 676//636 698//636 699//636
f 676//637 699//637 674//637
f 633//638 690//638 635//638
f 635//639 690//639 637//639
f 633//640 632//640 690//640
f 690//641 632//641 671//641
f 690//642 671//642 672//642
f 672//643 673//643 690//643
f 690//644 673//644 667//644
f 690//645 667//645 685//645
f 685//646 667//646 668//646
f 685//647 668//647 669//647
f 669//648 670//648 685//648
f 685//649 670//649 664//649
f 685//650 664//650 666//650
f 666//651 665//651 685//651
f 685//652 665//652 663//652
f 685//653 663//653 631//653
f 631//654 630//654 685//654
f 685//655 630//655 628//655
f 685//656 628//656 626//656
f 699//657 698//657 700//657
f 699//658 700//658 674//658
f 701//659 702//659 695//659
f 695//660 702//660 700//660
f 695//661 700//661 696//661
f 696//662 700//662 698//662
f 696//663 698//663 697//663
f 701//664 703//664 689//664
f 689//665 688//665 701//665
f 701//666 688//666 687//666
f 701//667 687//667 702//667
f 702//668 687//668 686//668
f 702//669 686//669 700//669
f 700//670 686//670 675//670
f 700//671 675//671 674//671
f 683//672 682//672 704//672
f 704//673 682//673 677//673
f 704//674 677//674 679//674
f 691//675 705//675 692//675
f 692//676 705//676 704//676
f 692//677 704//677 693//677
f 693//678 704//678 679//678
f 693//679 679//679 681//679
f 683//680 704//680 684//680
f 684//681 704//681 705//681
f 684//682 705//682 706//682
f 706//683 705//683 691//683
f 706//684 691//684 707//684
f 707//685 691//685 689//685
f 707//686 689//686 703//686
f 695//687 694//687 708//687
f 709//688 710//688 711//688
f 709//689 711//689 712//689
f 708//690 713//690 714//690
f 714//691 715//691 708//691
f 708//692 715//692 716//692
f 708//693 716//693 717//693
f 717//694 718//694 708//694
f 708//695 718//695 719//695
f 708//696 719//696 720//696
f 719//697 721//697 720//697
f 720//698 721//698 722//698
f 720//699 722//699 723//699
f 723//700 724//700 720//700
f 720//701 724//701 725//701
f 720//702 725//702 711//702
f 711//703 725//703 726//703
f 711//704 726//704 712//704
f 713//705 727//705 728//705
f 728//706 729//706 713//706
f 713//707 729//707 730//707
f 713//708 730//708 714//708
f 706//709 720//709 684//709
f 684//687 720//687 678//687
f 706//710 707//710 720//710
f 720//711 707//711 703//711
f 720//712 703//712 708//712
f 708//713 703//713 701//713
f 708//714 701//714 695//714
f 731//715 732//715 733//715
f 733//716 732//716 734//716
f 733//717 734//717 735//717
f 735//718 734//718 736//718
f 735//719 736//719 737//719
f 737//720 736//720 738//720
f 737//721 738//721 739//721
f 739//722 738//722 740//722
f 733//723 741//723 731//723
f 737//724 739//724 742//724
f 739//725 740//725 742//725
f 742//726 740//726 743//726
f 742//727 743//727 744//727
f 741//728 733//728 742//728
f 742//729 733//729 735//729
f 742//730 735//730 737//730
f 745//731 746//731 747//731
f 747//732 746//732 748//732
f 747//733 748//733 749//733
f 749//734 748//734 750//734
f 749//735 750//735 751//735
f 745//736 747//736 752//736
f 752//737 747//737 753//737
f 752//738 753//738 754//738
f 754//739 753//739 755//739
f 755//740 753//740 756//740
f 755//741 756//741 757//741
f 757//742 756//742 758//742
f 758//743 756//743 759//743
f 758//744 759//744 760//744
f 760//745 759//745 761//745
f 761//746 759//746 762//746
f 761//747 762//747 763//747
f 763//748 762//748 764//748
f 764//749 762//749 765//749
f 764//750 765//750 766//750
f 767//751 768//751 765//751
f 765//752 768//752 769//752
f 765//753 769//753 766//753
f 770//754 771//754 767//754
f 767//755 771//755 772//755
f 767//756 772//756 768//756
f 743//757 773//757 744//757
f 744//758 773//758 774//758
f 744//759 774//759 767//759
f 767//760 774//760 775//760
f 767//761 775//761 770//761
f 776//762 777//762 778//762
f 778//763 777//763 779//763
f 780//764 781//764 782//764
f 782//765 777//765 780//765
f 780//766 777//766 776//766
f 780//767 776//767 783//767
f 780//768 783//768 784//768
f 784//769 783//769 785//769
f 786//770 787//770 788//770
f 788//771 787//771 784//771
f 788//772 784//772 785//772
f 786//773 789//773 787//773
f 787//774 789//774 790//774
f 787//775 790//775 791//775
f 787//776 791//776 792//776
f 787//777 792//777 793//777
f 793//778 792//778 794//778
f 795//779 787//779 793//779
f 793//780 794//780 795//780
f 795//781 794//781 796//781
f 795//782 796//782 797//782
f 795//783 797//783 798//783
f 798//784 797//784 799//784
f 798//785 800//785 795//785
f 795//786 800//786 801//786
f 795//787 801//787 787//787
f 787//788 801//788 802//788
f 803//789 784//789 804//789
f 804//790 784//790 787//790
f 804//791 787//791 802//791
f 784//792 803//792 780//792
f 780//793 803//793 805//793
f 780//794 805//794 806//794
f 780//795 806//795 781//795
f 781//796 806//796 807//796
f 781//797 807//797 808//797
f 809//798 810//798 811//798
f 806//799 809//799 807//799
f 807//800 809//800 811//800
f 807//801 811//801 808//801
f 808//802 811//802 812//802
f 813//803 810//803 809//803
f 813//804 809//804 814//804
f 814//805 809//805 806//805
f 814//806 806//806 805//806
f 815//807 813//807 816//807
f 816//808 813//808 814//808
f 816//809 814//809 817//809
f 817//810 814//810 805//810
f 817//811 805//811 803//811
f 816//812 817//812 818//812
f 818//813 817//813 819//813
f 818//814 819//814 820//814
f 821//815 822//815 823//815
f 823//816 822//816 824//816
f 823//817 824//817 825//817
f 817//818 803//818 819//818
f 819//819 803//819 804//819
f 819//820 804//820 820//820
f 820//821 804//821 802//821
f 820//822 802//822 826//822
f 826//823 821//823 820//823
f 820//824 821//824 823//824
f 820//825 823//825 818//825
f 818//826 823//826 827//826
f 818//827 827//827 816//827
f 816//828 827//828 828//828
f 816//829 828//829 815//829
f 829//830 825//830 824//830
f 829//831 824//831 830//831
f 830//832 824//832 822//832
f 830//833 822//833 831//833
f 831//834 822//834 821//834
f 831//835 821//835 832//835
f 832//836 821//836 826//836
f 832//837 826//837 833//837
f 833//838 826//838 802//838
f 833//839 802//839 801//839
f 834//840 829//840 830//840
f 834//841 830//841 835//841
f 835//842 830//842 831//842
f 835//843 831//843 836//843
f 836//844 831//844 832//844
f 836//845 832//845 837//845
f 837//846 832//846 833//846
f 837//847 833//847 838//847
f 838//848 833//848 801//848
f 838//849 801//849 800//849
f 839//850 840//850 841//850
f 840//851 839//851 842//851
f 842//852 839//852 843//852
f 842//853 843//853 844//853
f 841//854 845//854 839//854
f 839//855 845//855 846//855
f 839//856 846//856 843//856
f 843//857 846//857 829//857
f 843//858 829//858 844//858
f 844//859 829//859 834//859
f 829//860 846//860 825//860
f 825//861 846//861 845//861
f 825//862 845//862 841//862
f 847//863 848//863 840//863
f 840//864 848//864 849//864
f 840//865 849//865 841//865
f 841//866 849//866 850//866
f 841//867 850//867 825//867
f 851//868 815//868 828//868
f 852//869 853//869 854//869
f 854//870 853//870 855//870
f 851//871 828//871 852//871
f 823//872 825//872 850//872
f 850//873 849//873 823//873
f 823//874 849//874 848//874
f 823//875 848//875 827//875
f 852//876 828//876 853//876
f 853//877 828//877 827//877
f 853//878 827//878 856//878
f 856//879 827//879 848//879
f 856//880 848//880 847//880
f 854//881 855//881 857//881
f 851//882 852//882 854//882
f 813//883 815//883 851//883
f 851//884 854//884 813//884
f 813//885 854//885 857//885
f 813//886 857//886 810//886
f 810//887 857//887 858//887
f 810//888 858//888 859//888
f 859//889 860//889 810//889
f 810//890 860//890 811//890
f 811//891 860//891 812//891
f 812//892 860//892 861//892
f 812//893 861//893 862//893
f 863//894 864//894 865//894
f 865//895 864//895 862//895
f 865//896 862//896 861//896
f 860//897 859//897 866//897
f 866//898 859//898 867//898
f 861//899 860//899 865//899
f 865//900 860//900 866//900
f 865//901 866//901 863//901
f 863//902 866//902 867//902
f 863//903 867//903 868//903
f 869//904 868//904 867//904
f 855//905 870//905 857//905
f 857//906 870//906 869//906
f 857//907 869//907 858//907
f 858//908 869//908 867//908
f 858//909 867//909 859//909
f 856//910 847//910 871//910
f 856//911 871//911 853//911
f 853//912 871//912 870//912
f 853//913 870//913 855//913
f 840//914 872//914 847//914
f 847//915 872//915 871//915
f 842//916 873//916 840//916
f 840//917 873//917 872//917
f 873//918 842//918 874//918
f 874//919 842//919 875//919
f 876//920 877//920 878//920
f 875//921 842//921 879//921
f 879//922 842//922 844//922
f 879//923 844//923 878//923
f 878//924 844//924 834//924
f 878//925 834//925 876//925
f 834//926 835//926 880//926
f 881//927 882//927 883//927
f 883//928 882//928 877//928
f 883//929 877//929 880//929
f 880//930 877//930 876//930
f 880//931 876//931 834//931
f 838//932 800//932 884//932
f 835//933 836//933 880//933
f 880//934 836//934 837//934
f 880//935 837//935 883//935
f 883//936 837//936 838//936
f 883//937 838//937 881//937
f 881//938 838//938 884//938
f 881//939 884//939 882//939
f 798//940 885//940 800//940
f 800//941 885//941 884//941
f 886//942 885//942 887//942
f 887//943 885//943 798//943
f 887//944 798//944 799//944
f 888//945 889//945 890//945
f 891//946 892//946 893//946
f 893//947 892//947 894//947
f 893//948 894//948 895//948
f 896//949 897//949 898//949
f 898//950 897//950 899//950
f 898//951 899//951 894//951
f 894//952 899//952 900//952
f 894//953 900//953 895//953
f 901//954 902//954 903//954
f 902//955 901//955 904//955
f 901//956 905//956 904//956
f 904//957 905//957 906//957
f 904//958 906//958 907//958
f 907//959 906//959 908//959
f 907//960 908//960 909//960
f 909//961 908//961 910//961
f 909//962 910//962 911//962
f 912//963 913//963 914//963
f 914//964 913//964 915//964
f 914//965 915//965 916//965
f 916//966 915//966 917//966
f 916//967 917//967 918//967
f 918//968 917//968 919//968
f 918//969 919//969 920//969
f 920//970 919//970 921//970
f 922//971 923//971 924//971
f 901//972 925//972 905//972
f 905//973 925//973 926//973
f 905//974 926//974 906//974
f 906//975 926//975 927//975
f 906//976 927//976 908//976
f 908//977 927//977 928//977
f 908//978 928//978 910//978
f 892//979 929//979 894//979
f 894//980 929//980 888//980
f 894//981 888//981 898//981
f 898//982 888//982 890//982
f 898//983 890//983 896//983
f 896//984 890//984 930//984
f 929//985 931//985 888//985
f 888//986 931//986 922//986
f 888//987 922//987 889//987
f 889//988 922//988 924//988
f 889//989 924//989 921//989
f 921//990 924//990 923//990
f 921//991 923//991 920//991
f 913//992 910//992 915//992
f 915//993 910//993 928//993
f 915//994 928//994 917//994
f 917//995 928//995 927//995
f 917//996 927//996 919//996
f 919//997 927//997 926//997
f 919//998 926//998 921//998
f 921//999 926//999 925//999
f 921//1000 925//1000 889//1000
f 889//1001 925//1001 901//1001
f 889//1002 901//1002 890//1002
f 890//1003 901//1003 903//1003
f 890//1004 903//1004 930//1004
f 932//1005 933//1005 934//1005
f 935//1006 936//1006 937//1006
f 933//1007 938//1007 934//1007
f 934//1008 938//1008 935//1008
f 934//1009 935//1009 939//1009
f 935//1010 937//1010 939//1010
f 939//1011 937//1011 940//1011
f 939//1012 940//1012 934//1012
f 934//1013 940//1013 941//1013
f 934//1014 941//1014 932//1014
f 942//1015 933//1015 932//1015
f 943//1016 944//1016 945//1016
f 945//1017 944//1017 942//1017
f 945//1018 942//1018 946//1018
f 946//1019 942//1019 932//1019
f 946//1020 932//1020 941//1020
f 947//1021 943//1021 945//1021
f 945//1022 948//1022 947//1022
f 947//1023 948//1023 949//1023
f 947//1024 949//1024 950//1024
f 951//1025 952//1025 948//1025
f 948//1026 952//1026 949//1026
f 953//1027 954//1027 955//1027
f 950//1028 949//1028 955//1028
f 955//1029 949//1029 952//1029
f 955//1030 952//1030 953//1030
f 953//1031 952//1031 951//1031
f 953//1032 951//1032 956//1032
f 956//1033 957//1033 953//1033
f 953//1034 957//1034 958//1034
f 953//1035 958//1035 954//1035
f 959//1036 960//1036 961//1036
f 961//1037 960//1037 962//1037
f 961//1038 962//1038 963//1038
f 963//1039 962//1039 954//1039
f 963//1040 954//1040 958//1040
f 958//1041 964//1041 963//1041
f 963//1042 964//1042 965//1042
f 963//1043 965//1043 961//1043
f 961//1044 965//1044 966//1044
f 961//1045 966//1045 959//1045
f 959//1046 967//1046 960//1046
f 960//1047 967//1047 950//1047
f 960//1048 950//1048 962//1048
f 962//1049 950//1049 955//1049
f 962//1050 955//1050 954//1050
f 968//1051 947//1051 950//1051
f 969//1052 943//1052 947//1052
f 968//1053 970//1053 971//1053
f 968//1054 971//1054 947//1054
f 947//1055 971//1055 972//1055
f 947//1056 972//1056 969//1056
f 967//1057 973//1057 950//1057
f 950//1058 973//1058 974//1058
f 950//1059 974//1059 968//1059
f 944//1060 943//1060 975//1060
f 975//1061 943//1061 969//1061
f 969//1062 972//1062 975//1062
f 975//1063 972//1063 971//1063
f 975//1064 971//1064 970//1064
f 944//1065 975//1065 942//1065
f 942//1066 975//1066 976//1066
f 942//1067 976//1067 933//1067
f 977//1068 936//1068 935//1068
f 977//1069 935//1069 978//1069
f 935//1070 938//1070 978//1070
f 978//1071 938//1071 933//1071
f 978//1072 933//1072 976//1072
f 979//1073 980//1073 981//1073
f 976//1074 979//1074 978//1074
f 978//1075 979//1075 981//1075
f 978//1076 981//1076 977//1076
f 977//1077 981//1077 982//1077
f 983//1078 980//1078 979//1078
f 984//1079 985//1079 986//1079
f 986//1080 985//1080 983//1080
f 983//1081 979//1081 986//1081
f 986//1082 979//1082 976//1082
f 986//1083 976//1083 975//1083
f 975//1084 970//1084 986//1084
f 986//1085 970//1085 987//1085
f 986//1086 987//1086 984//1086
f 988//1087 974//1087 973//1087
f 974//1088 988//1088 968//1088
f 989//1089 984//1089 987//1089
f 967//1090 990//1090 973//1090
f 973//1091 990//1091 991//1091
f 973//1092 991//1092 992//1092
f 985//1093 984//1093 993//1093
f 993//1094 984//1094 989//1094
f 993//1095 989//1095 994//1095
f 994//1096 989//1096 995//1096
f 994//1097 995//1097 996//1097
f 970//1098 968//1098 987//1098
f 987//1099 968//1099 988//1099
f 987//1100 988//1100 989//1100
f 989//1101 988//1101 973//1101
f 989//1102 973//1102 995//1102
f 995//1103 973//1103 992//1103
f 995//1104 992//1104 996//1104
f 997//1105 994//1105 996//1105
f 997//1106 996//1106 998//1106
f 998//1107 996//1107 992//1107
f 998//1108 992//1108 999//1108
f 999//1109 992//1109 991//1109
f 999//1110 991//1110 1000//1110
f 1000//1111 991//1111 990//1111
f 1000//1112 990//1112 1001//1112
f 1001//1113 990//1113 967//1113
f 1001//1114 967//1114 959//1114
f 1002//1115 997//1115 998//1115
f 1002//1116 998//1116 1003//1116
f 1003//1117 998//1117 999//1117
f 1003//1118 999//1118 1004//1118
f 1004//1119 999//1119 1000//1119
f 1004//1120 1000//1120 1005//1120
f 1005//1121 1000//1121 1001//1121
f 1005//1122 1001//1122 1006//1122
f 1006//1123 1001//1123 959//1123
f 1006//1124 959//1124 966//1124
f 1002//1125 1007//1125 997//1125
f 997//1126 1007//1126 1008//1126
f 997//1127 1008//1127 994//1127
f 994//1128 1008//1128 1009//1128
f 1010//1129 985//1129 1009//1129
f 1009//1130 985//1130 993//1130
f 1009//1131 993//1131 994//1131
f 985//1132 1010//1132 983//1132
f 983//1133 1010//1133 1011//1133
f 983//1134 1011//1134 980//1134
f 980//1135 1011//1135 981//1135
f 981//1136 1011//1136 1012//1136
f 981//1137 1012//1137 982//1137
f 1013//1138 1014//1138 1015//1138
f 1015//1139 1014//1139 1016//1139
f 1017//1140 1012//1140 1011//1140
f 1014//1141 1017//1141 1016//1141
f 1016//1142 1017//1142 1011//1142
f 1016//1143 1011//1143 1018//1143
f 1018//1144 1011//1144 1019//1144
f 1010//1145 1020//1145 1011//1145
f 1011//1146 1020//1146 1019//1146
f 1021//1147 1022//1147 1009//1147
f 1021//1148 1009//1148 1023//1148
f 1023//1149 1009//1149 1024//1149
f 1023//1150 1024//1150 1025//1150
f 1020//1151 1010//1151 1026//1151
f 1026//1152 1010//1152 1009//1152
f 1026//1153 1009//1153 1027//1153
f 1027//1154 1009//1154 1022//1154
f 1028//1155 1025//1155 1008//1155
f 1008//1156 1025//1156 1024//1156
f 1008//1157 1024//1157 1009//1157
f 1007//1158 1029//1158 1008//1158
f 1008//1159 1029//1159 1028//1159
f 1030//1160 1029//1160 1031//1160
f 1031//1161 1029//1161 1007//1161
f 1031//1162 1007//1162 1032//1162
f 1032//1163 1007//1163 1033//1163
f 1033//1164 1007//1164 1002//1164
f 1033//1165 1002//1165 1034//1165
f 1035//1166 1034//1166 1002//1166
f 1034//1167 1035//1167 1036//1167
f 1036//1168 1035//1168 1037//1168
f 1036//1169 1037//1169 1038//1169
f 1038//1170 1037//1170 1039//1170
f 1038//1171 1039//1171 1040//1171
f 1040//1172 1039//1172 1041//1172
f 1040//1173 1041//1173 1042//1173
f 966//1174 1041//1174 1006//1174
f 1006//1175 1041//1175 1039//1175
f 1006//1176 1039//1176 1005//1176
f 1005//1177 1039//1177 1037//1177
f 1005//1178 1037//1178 1004//1178
f 1004//1179 1037//1179 1035//1179
f 1004//1180 1035//1180 1003//1180
f 1003//1181 1035//1181 1002//1181
f 958//1182 1043//1182 1044//1182
f 958//1183 1044//1183 964//1183
f 964//1184 1044//1184 1045//1184
f 964//1185 1045//1185 965//1185
f 1043//1186 1046//1186 1044//1186
f 1044//1187 1046//1187 1042//1187
f 1044//1188 1042//1188 1045//1188
f 1045//1189 1042//1189 1041//1189
f 1045//1190 1041//1190 965//1190
f 965//1191 1041//1191 966//1191
f 957//1192 1047//1192 958//1192
f 958//1193 1047//1193 1043//1193
f 1048//1194 1047//1194 1049//1194
f 1049//1195 1047//1195 957//1195
f 956//1196 1050//1196 957//1196
f 957//1197 1050//1197 1049//1197
f 1051//1198 1052//1198 1050//1198
f 948//1199 1051//1199 951//1199
f 951//1200 1051//1200 1050//1200
f 951//1201 1050//1201 956//1201
f 1053//1202 1052//1202 1054//1202
f 1054//1203 1052//1203 1051//1203
f 1054//1204 1051//1204 945//1204
f 945//1205 1051//1205 948//1205
f 946//1206 941//1206 1055//1206
f 945//1207 946//1207 1054//1207
f 1054//1208 946//1208 1055//1208
f 1054//1209 1055//1209 1053//1209
f 1053//1210 1055//1210 1056//1210
f 1055//1211 941//1211 940//1211
f 940//1212 937//1212 1057//1212
f 1055//1213 940//1213 1056//1213
f 1056//1214 940//1214 1057//1214
f 1056//1215 1057//1215 1058//1215
f 1059//1216 1058//1216 1057//1216
f 937//1217 1060//1217 1057//1217
f 1057//1218 1060//1218 1061//1218
f 1057//1219 1061//1219 1059//1219
f 937//1220 936//1220 1060//1220
f 1060//1221 936//1221 1062//1221
f 936//1222 977//1222 1062//1222
f 1062//1223 977//1223 1063//1223
f 1063//1223 977//1223 1064//1223
f 1064//1224 977//1224 982//1224
f 982//1225 1012//1225 1064//1225
f 1064//1226 1012//1226 1065//1226
f 1066//1227 1067//1227 1065//1227
f 1017//1228 1014//1228 1068//1228
f 1066//1229 1065//1229 1069//1229
f 1069//1230 1065//1230 1068//1230
f 1068//1231 1065//1231 1012//1231
f 1068//1232 1012//1232 1017//1232
f 1014//1138 1013//1138 1068//1138
f 1068//1233 1013//1233 1070//1233
f 1068//1234 1070//1234 1069//1234
f 1069//1235 1070//1235 1066//1235
f 1066//1236 1070//1236 1071//1236
f 1066//1227 1071//1227 1067//1227
f 1015//1237 1072//1237 1013//1237
f 1013//1238 1072//1238 912//1238
f 1013//1239 912//1239 1070//1239
f 1070//1240 912//1240 1071//1240
f 1073//1241 1074//1241 1075//1241
f 1075//1242 1074//1242 1076//1242
f 1076//1243 1074//1243 1077//1243
f 1076//1244 1077//1244 1078//1244
f 1030//1245 1073//1245 1029//1245
f 1029//1246 1073//1246 1075//1246
f 1029//1247 1075//1247 1028//1247
f 1028//1248 1075//1248 1079//1248
f 1028//1249 1079//1249 1025//1249
f 1025//1250 1079//1250 1023//1250
f 1026//1251 1027//1251 1079//1251
f 1018//1252 1019//1252 1080//1252
f 1080//1253 1019//1253 1079//1253
f 1079//1254 1019//1254 1020//1254
f 1079//1255 1020//1255 1026//1255
f 1027//1256 1022//1256 1079//1256
f 1079//1257 1022//1257 1021//1257
f 1079//1258 1021//1258 1023//1258
f 1018//1259 1080//1259 1016//1259
f 1016//1260 1080//1260 1072//1260
f 1016//1261 1072//1261 1015//1261
f 1081//1262 1082//1262 1083//1262
f 1084//1263 1085//1263 1086//1263
f 1087//1264 1088//1264 1084//1264
f 1089//1265 1081//1265 1090//1265
f 1090//1266 1081//1266 1083//1266
f 1090//1267 1083//1267 1091//1267
f 1091//1268 1083//1268 1092//1268
f 1091//1269 1092//1269 1086//1269
f 1086//1270 1092//1270 1093//1270
f 1086//1271 1093//1271 1084//1271
f 1084//1272 1093//1272 1094//1272
f 1084//1273 1094//1273 1087//1273
f 1087//1274 1094//1274 1095//1274
f 1087//1275 1095//1275 1088//1275
f 1096//1276 1097//1276 1098//1276
f 1099//1277 1100//1277 1101//1277
f 1101//1278 1100//1278 1102//1278
f 1101//1279 1102//1279 1103//1279
f 1103//1280 1102//1280 1096//1280
f 1103//1281 1096//1281 1095//1281
f 1095//1282 1096//1282 1098//1282
f 1095//1283 1098//1283 1088//1283
f 1099//1284 1104//1284 1100//1284
f 1100//1285 1104//1285 1105//1285
f 1100//1286 1105//1286 1106//1286
f 1082//1287 1107//1287 1083//1287
f 1083//1288 1107//1288 1108//1288
f 1094//1289 1093//1289 1095//1289
f 1095//1290 1093//1290 1092//1290
f 1095//1291 1092//1291 1103//1291
f 1103//1292 1092//1292 1083//1292
f 1103//1293 1083//1293 1101//1293
f 1101//1294 1083//1294 1108//1294
f 1101//1295 1108//1295 1099//1295
f 1109//1296 1110//1296 1111//1296
f 1109//1297 1111//1297 1106//1297
f 1112//1298 1113//1298 1114//1298
f 1106//1299 1111//1299 1100//1299
f 1100//1300 1111//1300 1115//1300
f 1100//1301 1115//1301 1102//1301
f 1102//1302 1115//1302 1112//1302
f 1102//1303 1112//1303 1096//1303
f 1096//1304 1112//1304 1114//1304
f 1096//1305 1114//1305 1097//1305
f 1116//1306 1117//1306 1118//1306
f 1119//1307 1120//1307 1121//1307
f 1122//1308 1123//1308 1112//1308
f 1112//1309 1123//1309 1124//1309
f 1112//1310 1124//1310 1113//1310
f 1119//1311 1121//1311 1125//1311
f 1126//1312 1127//1312 1128//1312
f 1128//1313 1127//1313 1129//1313
f 1130//1314 1131//1314 1132//1314
f 1132//1315 1131//1315 1133//1315
f 1132//1316 1134//1316 1130//1316
f 1130//1317 1134//1317 1135//1317
f 1130//1318 1135//1318 1126//1318
f 1126//1319 1135//1319 1136//1319
f 1126//1320 1136//1320 1127//1320
f 1116//1321 1118//1321 1137//1321
f 1117//1322 1131//1322 1118//1322
f 1118//1323 1131//1323 1130//1323
f 1118//1324 1130//1324 1138//1324
f 1138//1325 1130//1325 1126//1325
f 1138//1326 1126//1326 1121//1326
f 1121//1327 1126//1327 1128//1327
f 1121//1328 1128//1328 1125//1328
f 1125//1329 1128//1329 1129//1329
f 1125//1330 1129//1330 1139//1330
f 1120//1331 1122//1331 1121//1331
f 1121//1332 1122//1332 1112//1332
f 1121//1333 1112//1333 1138//1333
f 1138//1334 1112//1334 1115//1334
f 1138//1335 1115//1335 1118//1335
f 1118//1336 1115//1336 1111//1336
f 1118//1337 1111//1337 1137//1337
f 1137//1338 1111//1338 1110//1338
f 1140//1339 1141//1339 1142//1339
f 1142//1340 1141//1340 1143//1340
f 1143//1341 1141//1341 1144//1341
f 1143//1342 1144//1342 1145//1342
f 1145//1343 1144//1343 1146//1343
f 1145//1344 1146//1344 1147//1344
f 1147//1345 1146//1345 1148//1345
f 1147//1346 1148//1346 1149//1346
f 1148//1347 1150//1347 1149//1347
f 1149//1348 1150//1348 1151//1348
f 1149//1349 1151//1349 1152//1349
f 1152//1350 1151//1350 1153//1350
f 1152//1351 1153//1351 1154//1351
f 1154//1352 1153//1352 1155//1352
f 1156//1353 1157//1353 1158//1353
f 1155//1354 1153//1354 1159//1354
f 1159//1355 1153//1355 1160//1355
f 1159//1356 1160//1356 1157//1356
f 1157//1357 1160//1357 1161//1357
f 1157//1358 1161//1358 1158//1358
f 1156//1359 1158//1359 1162//1359
f 1162//1360 1158//1360 1163//1360
f 1162//1361 1163//1361 1164//1361
f 1164//1362 1163//1362 1165//1362
f 1164//1363 1165//1363 1166//1363
f 1166//1364 1165//1364 1167//1364
f 1167//1365 1165//1365 1168//1365
f 1167//1366 1168//1366 1169//1366
f 1169//1367 1168//1367 1170//1367
f 1170//1368 1168//1368 1171//1368
f 1172//1369 1173//1369 1174//1369
f 1174//1370 1173//1370 1175//1370
f 1174//1371 1175//1371 1176//1371
f 1176//1372 1175//1372 1177//1372
f 1176//1373 1177//1373 1178//1373
f 1178//1374 1177//1374 1179//1374
f 1178//1375 1179//1375 1180//1375
f 1180//1376 1179//1376 1181//1376
f 1180//1377 1181//1377 1171//1377
f 1171//1378 1181//1378 1182//1378
f 1171//1379 1182//1379 1170//1379
f 1174//1380 1183//1380 1172//1380
f 1172//1381 1183//1381 1184//1381
f 1172//1382 1184//1382 1185//1382
f 1185//1383 1184//1383 1186//1383
f 1185//1384 1186//1384 1187//1384
f 1187//1385 1186//1385 1188//1385
f 1187//1386 1188//1386 1189//1386
f 1189//1387 1188//1387 1190//1387
f 1189//1388 1190//1388 1191//1388
f 1191//1389 1190//1389 1192//1389
f 1191//1390 1192//1390 1193//1390
f 1193//1391 1192//1391 1194//1391
f 1193//1392 1194//1392 1195//1392
f 1196//1393 1197//1393 1198//1393
f 1199//1394 1200//1394 1201//1394
f 1201//1395 1200//1395 1202//1395
f 1201//1240 1202//1240 1203//1240
f 1204//1396 1205//1396 1206//1396
f 1206//1397 1205//1397 1207//1397
f 1206//1398 1207//1398 1208//1398
f 1208//1399 1207//1399 1209//1399
f 1209//1400 1210//1400 1208//1400
f 1208//1401 1210//1401 1211//1401
f 1208//1402 1211//1402 1212//1402
f 1212//1403 1211//1403 1203//1403
f 1212//1404 1203//1404 1202//1404
f 1213//1405 1214//1405 1215//1405
f 1215//1406 1214//1406 1216//1406
f 1215//1407 1216//1407 1204//1407
f 1204//1408 1216//1408 1217//1408
f 1204//1409 1217//1409 1205//1409
f 1218//1410 1214//1410 1213//1410
f 1219//1411 1220//1411 1221//1411
f 1221//1412 1220//1412 1222//1412
f 1221//1413 1222//1413 1223//1413
f 1218//1414 1213//1414 1222//1414
f 1222//1415 1213//1415 1224//1415
f 1222//1416 1224//1416 1223//1416
f 1225//1417 1226//1417 1227//1417
f 1227//1418 1226//1418 1228//1418
f 1227//1419 1228//1419 1229//1419
f 1229//1420 1228//1420 1230//1420
f 1229//1421 1230//1421 1231//1421
f 1231//1422 1230//1422 1232//1422
f 1231//1423 1232//1423 1219//1423
f 1219//1424 1232//1424 1233//1424
f 1219//1425 1233//1425 1220//1425
f 1227//1426 1234//1426 1225//1426
f 1225//1427 1234//1427 1235//1427
f 1225//1428 1235//1428 1236//1428
f 1236//1429 1235//1429 1237//1429
f 1237//1430 1235//1430 1238//1430
f 1237//1431 1238//1431 1239//1431
f 1238//1432 1240//1432 1239//1432
f 1239//1433 1240//1433 1241//1433
f 1239//1434 1241//1434 1242//1434
f 1242//1435 1241//1435 1243//1435
f 1241//1436 1244//1436 1243//1436
f 1243//1437 1244//1437 1245//1437
f 1243//1438 1245//1438 1246//1438
f 1246//1439 1245//1439 1247//1439
f 1246//1440 1247//1440 1248//1440
f 1248//1441 1247//1441 1249//1441
f 1248//1442 1249//1442 1250//1442
f 1249//1443 1251//1443 1250//1443
f 1250//1444 1251//1444 1252//1444
f 1250//1445 1252//1445 1253//1445
f 1252//1446 1254//1446 1253//1446
f 1253//1447 1254//1447 1255//1447
f 1253//1448 1255//1448 1256//1448
f 1256//1449 1255//1449 1257//1449
f 1256//1450 1257//1450 1258//1450
f 1258//1451 1257//1451 1259//1451
f 1258//1452 1259//1452 1260//1452
f 1260//1453 1259//1453 1261//1453
f 1260//1454 1261//1454 1262//1454
f 1262//1455 1261//1455 1263//1455
f 1262//1456 1263//1456 1264//1456
f 1264//1457 1263//1457 1265//1457
f 1263//1458 1266//1458 1265//1458
f 1265//1459 1266//1459 1267//1459
f 1265//1460 1267//1460 1268//1460
f 1268//1461 1267//1461 1269//1461
f 1268//1462 1269//1462 1270//1462
f 1270//1463 1269//1463 1271//1463
f 1270//1464 1271//1464 1272//1464
f 1271//1465 1273//1465 1272//1465
f 1272//1466 1273//1466 1274//1466
f 1272//1467 1274//1467 1275//1467
f 1274//1468 1276//1468 1275//1468
f 1275//1469 1276//1469 1277//1469
f 1275//1470 1277//1470 1278//1470
f 1278//1471 1277//1471 1279//1471
f 1278//1472 1279//1472 1280//1472
f 1280//1473 1279//1473 1281//1473
f 1281//1474 1279//1474 1282//1474
f 1281//1475 1282//1475 1283//1475
f 1284//1476 1285//1476 1286//1476
f 1284//1477 1286//1477 1287//1477
f 1286//1478 1288//1478 1287//1478
f 1287//1479 1288//1479 1289//1479
f 1287//1480 1289//1480 1290//1480
f 1290//1481 1289//1481 1291//1481
f 1290//1482 1291//1482 1292//1482
f 1291//1483 1293//1483 1292//1483
f 1292//1484 1293//1484 1294//1484
f 1292//1485 1294//1485 1295//1485
f 1296//1486 1297//1486 1298//1486
f 1294//1487 1299//1487 1295//1487
f 1295//1488 1299//1488 1296//1488
f 1295//1489 1296//1489 1300//1489
f 1300//1490 1296//1490 1298//1490
f 1297//1491 1296//1491 1301//1491
f 1301//1492 1296//1492 1302//1492
f 1301//1493 1302//1493 1303//1493
f 1303//1494 1302//1494 1304//1494
f 1303//1495 1304//1495 1305//1495
f 1304//1496 1306//1496 1305//1496
f 1305//1497 1306//1497 1307//1497
f 1305//1498 1307//1498 1308//1498
f 1308//1499 1307//1499 1309//1499
f 1308//1500 1309//1500 1310//1500
f 1311//1501 1312//1501 1310//1501
f 1310//1502 1312//1502 1313//1502
f 1310//1503 1313//1503 1308//1503
f 1314//1504 1315//1504 1311//1504
f 1311//1505 1315//1505 1316//1505
f 1311//1506 1316//1506 1312//1506
f 1317//1507 1318//1507 1319//1507
f 1319//1508 1318//1508 1320//1508
f 1319//1509 1320//1509 1321//1509
f 1321//1510 1320//1510 1322//1510
f 1321//1511 1322//1511 1314//1511
f 1314//1512 1322//1512 1323//1512
f 1314//1513 1323//1513 1315//1513
f 1324//1514 1325//1514 1326//1514
f 1326//1515 1325//1515 1317//1515
f 1326//1516 1317//1516 1327//1516
f 1327//1517 1317//1517 1319//1517
f 1328//1518 1329//1518 1330//1518
f 1330//1519 1329//1519 1325//1519
f 1330//1520 1325//1520 1331//1520
f 1331//1521 1325//1521 1324//1521
f 1332//1522 1333//1522 1328//1522
f 1328//1523 1333//1523 1334//1523
f 1328//1524 1334//1524 1329//1524
f 1283//1525 1282//1525 1335//1525
f 1335//1526 1282//1526 1336//1526
f 1335//1527 1336//1527 1337//1527
f 1337//1528 1336//1528 1338//1528
f 1337//1529 1338//1529 1339//1529
f 1339//1530 1338//1530 1340//1530
f 1339//1531 1340//1531 1332//1531
f 1332//1532 1340//1532 1341//1532
f 1332//1533 1341//1533 1333//1533
f 1342//1534 1343//1534 1344//1534
f 1345//1535 1346//1535 1347//1535
f 1347//1536 1346//1536 1348//1536
f 1342//1537 1344//1537 1349//1537
f 1348//1538 1350//1538 1347//1538
f 1347//1539 1350//1539 1351//1539
f 1347//1540 1351//1540 1352//1540
f 1352//1541 1351//1541 1353//1541
f 1353//1542 1354//1542 1352//1542
f 1352//1543 1354//1543 1355//1543
f 1352//1544 1355//1544 1347//1544
f 1347//1545 1355//1545 1356//1545
f 1347//1546 1356//1546 1345//1546
f 1345//1547 1356//1547 1344//1547
f 1354//1548 1357//1548 1355//1548
f 1355//1549 1357//1549 1358//1549
f 1355//1550 1358//1550 1356//1550
f 1356//1551 1358//1551 1359//1551
f 1356//1552 1359//1552 1344//1552
f 1344//1553 1359//1553 1360//1553
f 1344//1554 1360//1554 1349//1554
f 1343//1555 1361//1555 1362//1555
f 1362//1556 1363//1556 1343//1556
f 1343//1557 1363//1557 1364//1557
f 1343//1558 1364//1558 1344//1558
f 1364//1559 1365//1559 1344//1559
f 1344//1560 1365//1560 1366//1560
f 1344//1561 1366//1561 1345//1561
f 1345//1562 1366//1562 1367//1562
f 1345//1563 1367//1563 1368//1563
f 1369//1564 1370//1564 1371//1564
f 1371//1565 1372//1565 1369//1565
f 1369//1566 1372//1566 1348//1566
f 1369//1567 1348//1567 1373//1567
f 1373//1568 1348//1568 1346//1568
f 1373//1569 1346//1569 1374//1569
f 1374//1570 1346//1570 1345//1570
f 1374//1571 1345//1571 1375//1571
f 1375//1572 1345//1572 1368//1572
f 1376//1573 1284//1573 1377//1573
f 1377//1574 1284//1574 1361//1574
f 1377//1575 1361//1575 1378//1575
f 1378//1575 1361//1575 1343//1575
f 1295//1576 1300//1576 1379//1576
f 1379//1577 1300//1577 1298//1577
f 1380//1578 1361//1578 1381//1578
f 1381//1579 1361//1579 1284//1579
f 1381//1580 1284//1580 1287//1580
f 1382//1581 1336//1581 1383//1581
f 1383//1582 1336//1582 1282//1582
f 1384//1583 1385//1583 1334//1583
f 1334//1584 1333//1584 1384//1584
f 1384//1585 1333//1585 1341//1585
f 1384//1586 1341//1586 1386//1586
f 1386//1587 1341//1587 1340//1587
f 1386//1588 1340//1588 1382//1588
f 1382//1589 1340//1589 1338//1589
f 1382//1590 1338//1590 1336//1590
f 1385//1591 1387//1591 1334//1591
f 1334//1592 1387//1592 1388//1592
f 1334//1593 1388//1593 1329//1593
f 1388//1594 1389//1594 1329//1594
f 1329//1595 1389//1595 1390//1595
f 1329//1596 1390//1596 1325//1596
f 1390//1597 1391//1597 1325//1597
f 1325//1598 1391//1598 1392//1598
f 1325//1599 1392//1599 1317//1599
f 1317//1600 1392//1600 1393//1600
f 1317//1601 1393//1601 1318//1601
f 1318//1602 1393//1602 1394//1602
f 1318//1603 1394//1603 1320//1603
f 1320//1604 1394//1604 1322//1604
f 1322//1605 1394//1605 1395//1605
f 1322//1606 1395//1606 1323//1606
f 1323//1607 1395//1607 1396//1607
f 1323//1608 1396//1608 1315//1608
f 1315//1609 1396//1609 1316//1609
f 1316//1610 1396//1610 1397//1610
f 1316//1611 1397//1611 1312//1611
f 1312//1612 1397//1612 1398//1612
f 1312//1613 1398//1613 1313//1613
f 1313//1614 1398//1614 1399//1614
f 1313//1615 1399//1615 1308//1615
f 1308//1616 1399//1616 1400//1616
f 1308//1617 1400//1617 1305//1617
f 1305//1618 1400//1618 1401//1618
f 1305//1619 1401//1619 1303//1619
f 1303//1620 1402//1620 1301//1620
f 1301//1621 1402//1621 1297//1621
f 1295//1622 1379//1622 1292//1622
f 1292//1623 1379//1623 1403//1623
f 1292//1624 1403//1624 1290//1624
f 1290//1625 1403//1625 1404//1625
f 1290//1626 1404//1626 1287//1626
f 1405//1627 1403//1627 1406//1627
f 1406//1627 1403//1627 1379//1627
f 1406//1628 1379//1628 1402//1628
f 1402//1629 1379//1629 1298//1629
f 1402//1630 1298//1630 1297//1630
f 1287//1631 1404//1631 1381//1631
f 1381//1632 1404//1632 1407//1632
f 1381//1633 1407//1633 1380//1633
f 1405//1634 1408//1634 1403//1634
f 1403//1635 1408//1635 1409//1635
f 1403//1636 1409//1636 1404//1636
f 1404//1637 1409//1637 1410//1637
f 1404//1638 1410//1638 1407//1638
f 1401//1639 1411//1639 1303//1639
f 1303//1640 1411//1640 1412//1640
f 1303//1641 1412//1641 1402//1641
f 1402//1642 1412//1642 1413//1642
f 1402//1643 1413//1643 1406//1643
f 1406//1644 1413//1644 1414//1644
f 1406//1645 1414//1645 1405//1645
f 1415//1646 1416//1646 1219//1646
f 1219//1647 1416//1647 1231//1647
f 1231//1648 1416//1648 1417//1648
f 1231//1649 1417//1649 1229//1649
f 1229//1650 1417//1650 1227//1650
f 1227//1651 1417//1651 1418//1651
f 1227//1652 1418//1652 1234//1652
f 1234//1653 1418//1653 1419//1653
f 1419//1654 1418//1654 1420//1654
f 1419//1655 1420//1655 1421//1655
f 1241//1656 1240//1656 1421//1656
f 1421//1657 1240//1657 1238//1657
f 1421//1658 1238//1658 1419//1658
f 1419//1659 1238//1659 1235//1659
f 1419//1660 1235//1660 1234//1660
f 1241//1661 1422//1661 1244//1661
f 1244//1662 1422//1662 1423//1662
f 1244//1663 1423//1663 1245//1663
f 1245//1664 1423//1664 1247//1664
f 1247//1665 1423//1665 1424//1665
f 1247//1666 1424//1666 1249//1666
f 1249//1667 1424//1667 1425//1667
f 1249//1668 1425//1668 1251//1668
f 1251//1669 1425//1669 1426//1669
f 1251//1670 1426//1670 1252//1670
f 1252//1671 1426//1671 1254//1671
f 1254//1672 1426//1672 1427//1672
f 1254//1673 1427//1673 1428//1673
f 1263//1674 1261//1674 1429//1674
f 1429//1675 1261//1675 1259//1675
f 1429//1676 1259//1676 1430//1676
f 1430//1677 1259//1677 1257//1677
f 1430//1678 1257//1678 1428//1678
f 1428//1679 1257//1679 1255//1679
f 1428//1680 1255//1680 1254//1680
f 1429//1681 1431//1681 1263//1681
f 1263//1682 1431//1682 1432//1682
f 1263//1683 1432//1683 1266//1683
f 1266//1684 1432//1684 1433//1684
f 1266//1685 1433//1685 1267//1685
f 1267//1686 1433//1686 1434//1686
f 1267//1687 1434//1687 1269//1687
f 1434//1688 1435//1688 1269//1688
f 1269//1689 1435//1689 1436//1689
f 1269//1690 1436//1690 1271//1690
f 1271//1691 1436//1691 1437//1691
f 1271//1692 1437//1692 1273//1692
f 1273//1693 1437//1693 1438//1693
f 1273//1694 1438//1694 1274//1694
f 1274//1695 1438//1695 1276//1695
f 1438//1696 1439//1696 1276//1696
f 1276//1697 1439//1697 1440//1697
f 1276//1698 1440//1698 1277//1698
f 1277//1699 1440//1699 1441//1699
f 1277//1700 1441//1700 1279//1700
f 1279//1701 1441//1701 1383//1701
f 1279//1702 1383//1702 1282//1702
f 1442//1703 1418//1703 1443//1703
f 1443//1704 1418//1704 1417//1704
f 1443//1705 1417//1705 1444//1705
f 1444//1706 1417//1706 1416//1706
f 1444//1707 1416//1707 1445//1707
f 1445//1708 1416//1708 1415//1708
f 1442//1709 1446//1709 1418//1709
f 1418//1710 1446//1710 1447//1710
f 1418//1654 1447//1654 1420//1654
f 1420//1711 1447//1711 1448//1711
f 1420//1712 1448//1712 1421//1712
f 1421//1713 1448//1713 1449//1713
f 1421//1714 1449//1714 1241//1714
f 1241//1715 1449//1715 1450//1715
f 1241//1716 1450//1716 1422//1716
f 1415//1717 1219//1717 1221//1717
f 1221//1718 1451//1718 1415//1718
f 1415//1719 1451//1719 1452//1719
f 1415//1718 1452//1718 1453//1718
f 1454//1720 1415//1720 1453//1720
f 1455//1721 1456//1721 1457//1721
f 1457//1722 1456//1722 1458//1722
f 1457//1723 1458//1723 1459//1723
f 1460//1724 1461//1724 1462//1724
f 1462//1725 1461//1725 1463//1725
f 1459//1726 1458//1726 1462//1726
f 1462//1727 1458//1727 1464//1727
f 1462//1728 1464//1728 1460//1728
f 1454//1729 1453//1729 1465//1729
f 1455//1730 1466//1730 1456//1730
f 1456//1731 1466//1731 1467//1731
f 1456//1732 1467//1732 1468//1732
f 1467//1733 1469//1733 1468//1733
f 1468//1734 1469//1734 1470//1734
f 1468//1735 1470//1735 1453//1735
f 1453//1736 1470//1736 1471//1736
f 1453//1737 1471//1737 1465//1737
f 1456//1738 1468//1738 1472//1738
f 1468//1739 1453//1739 1473//1739
f 1474//1740 1464//1740 1458//1740
f 1458//1741 1475//1741 1474//1741
f 1474//1742 1475//1742 1476//1742
f 1474//1743 1476//1743 1477//1743
f 1477//1744 1476//1744 1478//1744
f 1477//1745 1478//1745 1479//1745
f 1458//1746 1456//1746 1475//1746
f 1475//1747 1456//1747 1472//1747
f 1475//1748 1472//1748 1476//1748
f 1476//1749 1472//1749 1480//1749
f 1476//1750 1480//1750 1478//1750
f 1481//1751 1478//1751 1482//1751
f 1482//1752 1478//1752 1480//1752
f 1482//1753 1480//1753 1483//1753
f 1483//1754 1480//1754 1472//1754
f 1483//1755 1472//1755 1484//1755
f 1484//1756 1472//1756 1468//1756
f 1484//1757 1468//1757 1485//1757
f 1485//1758 1468//1758 1473//1758
f 1486//1759 1451//1759 1221//1759
f 1452//1760 1487//1760 1484//1760
f 1484//1761 1485//1761 1452//1761
f 1452//1762 1485//1762 1473//1762
f 1452//1763 1473//1763 1453//1763
f 1488//1764 1481//1764 1482//1764
f 1224//1765 1213//1765 1488//1765
f 1489//1766 1490//1766 1486//1766
f 1486//1767 1490//1767 1487//1767
f 1486//1768 1487//1768 1451//1768
f 1451//1769 1487//1769 1452//1769
f 1221//1770 1223//1770 1486//1770
f 1486//1771 1223//1771 1224//1771
f 1486//1772 1224//1772 1489//1772
f 1489//1773 1224//1773 1488//1773
f 1489//1774 1488//1774 1490//1774
f 1490//1775 1488//1775 1482//1775
f 1490//1776 1482//1776 1487//1776
f 1487//1777 1482//1777 1483//1777
f 1487//1778 1483//1778 1484//1778
f 1491//1779 1492//1779 1493//1779
f 1494//1780 1495//1780 1496//1780
f 1477//1781 1479//1781 1497//1781
f 1498//1782 1464//1782 1499//1782
f 1499//1783 1464//1783 1474//1783
f 1500//1784 1501//1784 1502//1784
f 1502//1785 1503//1785 1500//1785
f 1500//1786 1503//1786 1504//1786
f 1500//1787 1504//1787 1499//1787
f 1499//1788 1504//1788 1505//1788
f 1499//1789 1505//1789 1498//1789
f 1506//1790 1507//1790 1508//1790
f 1508//1791 1507//1791 1509//1791
f 1508//1792 1509//1792 1501//1792
f 1501//1793 1509//1793 1510//1793
f 1501//1794 1510//1794 1502//1794
f 1511//1795 1512//1795 1508//1795
f 1508//1796 1512//1796 1513//1796
f 1508//1797 1513//1797 1506//1797
f 1496//1798 1514//1798 1515//1798
f 1493//1799 1492//1799 1494//1799
f 1494//1800 1492//1800 1516//1800
f 1494//1801 1516//1801 1495//1801
f 1491//1802 1493//1802 1517//1802
f 1517//1803 1493//1803 1518//1803
f 1517//1804 1518//1804 1519//1804
f 1520//1805 1521//1805 1518//1805
f 1518//1806 1521//1806 1522//1806
f 1518//1807 1522//1807 1519//1807
f 1497//1808 1479//1808 1523//1808
f 1523//1809 1479//1809 1478//1809
f 1523//1810 1478//1810 1481//1810
f 1481//1811 1488//1811 1523//1811
f 1523//1812 1488//1812 1213//1812
f 1523//1813 1213//1813 1215//1813
f 1204//1814 1521//1814 1215//1814
f 1215//1815 1521//1815 1520//1815
f 1215//1816 1520//1816 1523//1816
f 1523//1817 1520//1817 1518//1817
f 1523//1818 1518//1818 1497//1818
f 1497//1819 1518//1819 1493//1819
f 1497//1820 1493//1820 1524//1820
f 1524//1821 1493//1821 1494//1821
f 1524//1822 1494//1822 1525//1822
f 1525//1823 1494//1823 1496//1823
f 1525//1824 1496//1824 1526//1824
f 1526//1825 1496//1825 1515//1825
f 1526//1826 1515//1826 1527//1826
f 1474//1827 1477//1827 1499//1827
f 1499//1828 1477//1828 1497//1828
f 1499//1829 1497//1829 1500//1829
f 1500//1830 1497//1830 1524//1830
f 1500//1831 1524//1831 1501//1831
f 1501//1832 1524//1832 1525//1832
f 1501//1833 1525//1833 1508//1833
f 1508//1834 1525//1834 1526//1834
f 1508//1835 1526//1835 1511//1835
f 1511//1836 1526//1836 1527//1836
f 1528//1837 1514//1837 1496//1837
f 1529//1838 1530//1838 1531//1838
f 1532//1839 1533//1839 1534//1839
f 1534//1840 1533//1840 1535//1840
f 1534//1841 1535//1841 1536//1841
f 1537//1842 1538//1842 1539//1842
f 1539//1843 1538//1843 1540//1843
f 1537//1844 1541//1844 1538//1844
f 1538//1845 1541//1845 1542//1845
f 1538//1846 1542//1846 1543//1846
f 1544//1847 1545//1847 1540//1847
f 1202//1848 1200//1848 1545//1848
f 1544//1849 1546//1849 1547//1849
f 1202//1850 1548//1850 1212//1850
f 1212//1851 1548//1851 1549//1851
f 1212//1852 1549//1852 1208//1852
f 1204//1853 1206//1853 1521//1853
f 1521//1854 1206//1854 1550//1854
f 1551//1855 1517//1855 1552//1855
f 1552//1856 1517//1856 1519//1856
f 1552//1857 1519//1857 1550//1857
f 1550//1858 1519//1858 1522//1858
f 1550//1859 1522//1859 1521//1859
f 1553//1860 1516//1860 1554//1860
f 1554//1861 1516//1861 1492//1861
f 1554//1862 1492//1862 1551//1862
f 1551//1863 1492//1863 1491//1863
f 1551//1864 1491//1864 1517//1864
f 1495//1865 1516//1865 1555//1865
f 1555//1866 1516//1866 1553//1866
f 1555//1867 1553//1867 1495//1867
f 1495//1868 1553//1868 1556//1868
f 1495//1869 1556//1869 1496//1869
f 1496//1870 1556//1870 1557//1870
f 1496//1871 1557//1871 1528//1871
f 1528//1872 1557//1872 1558//1872
f 1528//1873 1558//1873 1514//1873
f 1536//1874 1559//1874 1534//1874
f 1534//1875 1559//1875 1560//1875
f 1534//1876 1560//1876 1532//1876
f 1532//1877 1560//1877 1561//1877
f 1536//1878 1562//1878 1559//1878
f 1559//1879 1562//1879 1563//1879
f 1559//1880 1563//1880 1560//1880
f 1560//1881 1563//1881 1531//1881
f 1560//1882 1531//1882 1561//1882
f 1561//1883 1531//1883 1530//1883
f 1547//1884 1564//1884 1565//1884
f 1545//1885 1544//1885 1202//1885
f 1202//1886 1544//1886 1547//1886
f 1202//1887 1547//1887 1548//1887
f 1548//1888 1547//1888 1565//1888
f 1548//1889 1565//1889 1549//1889
f 1543//1890 1566//1890 1538//1890
f 1538//1891 1566//1891 1529//1891
f 1538//1892 1529//1892 1540//1892
f 1540//1893 1529//1893 1531//1893
f 1540//1894 1531//1894 1544//1894
f 1544//1895 1531//1895 1563//1895
f 1544//1896 1563//1896 1546//1896
f 1546//1897 1563//1897 1562//1897
f 1546//1898 1562//1898 1547//1898
f 1547//1899 1562//1899 1567//1899
f 1547//1900 1567//1900 1564//1900
f 1206//1901 1208//1901 1550//1901
f 1550//1902 1208//1902 1549//1902
f 1550//1903 1549//1903 1552//1903
f 1552//1904 1549//1904 1565//1904
f 1552//1905 1565//1905 1551//1905
f 1551//1906 1565//1906 1564//1906
f 1551//1907 1564//1907 1554//1907
f 1554//1908 1564//1908 1567//1908
f 1554//1909 1567//1909 1553//1909
f 1553//1910 1567//1910 1562//1910
f 1553//1911 1562//1911 1556//1911
f 1556//1912 1562//1912 1536//1912
f 1556//1913 1536//1913 1557//1913
f 1557//1914 1536//1914 1535//1914
f 1557//1915 1535//1915 1558//1915
f 1558//1916 1535//1916 1533//1916
f 1568//1917 1569//1917 1570//1917
f 1571//1918 1533//1918 1532//1918
f 1530//1919 1572//1919 1569//1919
f 1573//1920 1574//1920 1575//1920
f 1539//1921 1576//1921 1577//1921
f 1576//1922 1578//1922 1577//1922
f 1577//1923 1578//1923 1579//1923
f 1570//1924 1580//1924 1581//1924
f 1581//1925 1580//1925 1582//1925
f 1566//1926 1543//1926 1580//1926
f 1580//1927 1543//1927 1542//1927
f 1580//1928 1542//1928 1582//1928
f 1582//1929 1542//1929 1541//1929
f 1582//1930 1541//1930 1537//1930
f 1530//1931 1569//1931 1561//1931
f 1561//1932 1569//1932 1568//1932
f 1561//1933 1568//1933 1532//1933
f 1583//1934 1584//1934 1585//1934
f 1585//1935 1584//1935 1586//1935
f 1585//1936 1586//1936 1587//1936
f 1587//1937 1586//1937 1588//1937
f 1587//1938 1588//1938 1589//1938
f 1575//1939 1590//1939 1573//1939
f 1573//1940 1590//1940 1591//1940
f 1573//1941 1591//1941 1592//1941
f 1592//1942 1591//1942 1593//1942
f 1592//1943 1593//1943 1594//1943
f 1594//1944 1593//1944 1595//1944
f 1594//1945 1595//1945 1583//1945
f 1583//1946 1595//1946 1596//1946
f 1583//1947 1596//1947 1584//1947
f 1570//1948 1569//1948 1580//1948
f 1580//1949 1569//1949 1572//1949
f 1580//1950 1572//1950 1566//1950
f 1566//1951 1572//1951 1530//1951
f 1566//1952 1530//1952 1529//1952
f 1571//1953 1532//1953 1597//1953
f 1597//1954 1532//1954 1568//1954
f 1597//1955 1568//1955 1598//1955
f 1598//1956 1568//1956 1599//1956
f 1599//1957 1568//1957 1570//1957
f 1599//1958 1570//1958 1600//1958
f 1600//1959 1570//1959 1581//1959
f 1600//1960 1581//1960 1601//1960
f 1601//1961 1581//1961 1582//1961
f 1601//1962 1582//1962 1577//1962
f 1577//1963 1582//1963 1537//1963
f 1577//1964 1537//1964 1539//1964
f 1579//1922 1574//1922 1577//1922
f 1577//1965 1574//1965 1573//1965
f 1577//1966 1573//1966 1601//1966
f 1601//1967 1573//1967 1592//1967
f 1601//1968 1592//1968 1600//1968
f 1600//1969 1592//1969 1594//1969
f 1600//1970 1594//1970 1599//1970
f 1599//1971 1594//1971 1583//1971
f 1599//1972 1583//1972 1598//1972
f 1598//1973 1583//1973 1585//1973
f 1598//1974 1585//1974 1597//1974
f 1597//1975 1585//1975 1587//1975
f 1597//1976 1587//1976 1571//1976
f 1571//1977 1587//1977 1589//1977
f 1571//1978 1589//1978 1533//1978
f 1533//1979 1589//1979 1588//1979
f 1533//1980 1588//1980 1558//1980
f 1602//1981 1603//1981 1604//1981
f 1602//1982 1604//1982 1605//1982
f 1605//1983 1604//1983 1606//1983
f 1605//1984 1606//1984 1607//1984
f 1608//1985 1606//1985 1609//1985
f 1609//1986 1606//1986 1604//1986
f 1609//1987 1604//1987 1610//1987
f 1610//1988 1604//1988 1603//1988
f 1611//1989 1612//1989 1613//1989
f 1613//1990 1612//1990 1614//1990
f 1615//1991 1616//1991 1617//1991
f 1617//1992 1616//1992 1618//1992
f 1617//1993 1618//1993 1614//1993
f 1614//1994 1618//1994 1619//1994
f 1614//1995 1619//1995 1613//1995
f 1606//1996 1608//1996 1615//1996
f 1615//1997 1608//1997 1620//1997
f 1615//1998 1620//1998 1616//1998
f 1607//1999 1606//1999 1615//1999
f 1621//2000 1622//2000 1614//2000
f 1614//2001 1622//2001 1623//2001
f 1614//2002 1623//2002 1617//2002
f 1617//2003 1623//2003 1624//2003
f 1617//2004 1624//2004 1615//2004
f 1615//2005 1624//2005 1625//2005
f 1615//2006 1625//2006 1607//2006
f 1621//2007 1614//2007 1626//2007
f 1626//2008 1614//2008 1612//2008
f 1626//2009 1612//2009 1627//2009
f 1628//2010 1629//2010 1630//2010
f 1630//2011 1629//2011 1626//2011
f 1630//2012 1626//2012 1627//2012
f 1630//2013 1627//2013 1631//2013
f 1630//2014 1631//2014 1628//2014
f 1628//2015 1631//2015 1632//2015
f 1628//2016 1632//2016 1633//2016
f 1633//2017 1632//2017 1634//2017
f 1634//2018 1632//2018 1635//2018
f 1634//2019 1635//2019 1636//2019
f 1635//2020 1637//2020 1636//2020
f 1636//2021 1637//2021 1638//2021
f 1636//2022 1638//2022 1639//2022
f 1640//352 1639//352 1641//352
f 1641//352 1639//352 1638//352
f 1641//352 1638//352 1642//352
f 1642//2023 1638//2023 1643//2023
f 1644//2024 1640//2024 1641//2024
f 1645//2025 1646//2025 1647//2025
f 1647//2026 1646//2026 1648//2026
f 1645//2027 1649//2027 1646//2027
f 1646//2028 1649//2028 1650//2028
f 1646//2029 1650//2029 1651//2029
f 1651//2030 1650//2030 1652//2030
f 1653//2031 1654//2031 1643//2031
f 1643//2032 1654//2032 1655//2032
f 1643//2033 1655//2033 1642//2033
f 1656//2034 1657//2034 1653//2034
f 1653//2035 1657//2035 1658//2035
f 1653//2036 1658//2036 1654//2036
f 1646//2037 1659//2037 1648//2037
f 1648//2038 1659//2038 1660//2038
f 1648//2039 1660//2039 1656//2039
f 1656//2040 1660//2040 1661//2040
f 1656//2041 1661//2041 1657//2041
f 1644//2042 1641//2042 1662//2042
f 1655//2043 1663//2043 1642//2043
f 1642//2044 1663//2044 1664//2044
f 1642//2045 1664//2045 1641//2045
f 1641//2046 1664//2046 1665//2046
f 1641//2047 1665//2047 1662//2047
f 1666//2048 1667//2048 1668//2048
f 1666//2048 1668//2048 1669//2048
f 1650//2048 1649//2048 1669//2048
f 1652//2048 1650//2048 1670//2048
f 1670//2049 1650//2049 1669//2049
f 1670//2050 1669//2050 1671//2050
f 1671//2048 1669//2048 1668//2048
f 1671//2048 1668//2048 1672//2048
f 1672//2048 1668//2048 1673//2048
f 1674//372 1675//372 1676//372
f 1676//372 1675//372 1677//372
f 1676//372 1677//372 1678//372
f 1677//372 1679//372 1678//372
f 1678//372 1679//372 1680//372
f 1678//372 1680//372 1681//372
f 1673//372 1668//372 1682//372
f 1540//372 1545//372 1681//372
f 1681//372 1545//372 1200//372
f 1681//2051 1200//2051 1199//2051
f 1682//372 1683//372 1673//372
f 1673//372 1683//372 1684//372
f 1673//372 1684//372 1676//372
f 1676//372 1684//372 1685//372
f 1676//372 1685//372 1674//372
f 1680//372 1574//372 1681//372
f 1681//372 1574//372 1579//372
f 1681//372 1579//372 1578//372
f 1539//372 1540//372 1576//372
f 1576//372 1540//372 1681//372
f 1576//372 1681//372 1578//372
f 1667//2052 1686//2052 1687//2052
f 1688//2053 1689//2053 1690//2053
f 1668//2053 1667//2053 1682//2053
f 1682//2053 1667//2053 1687//2053
f 1682//2053 1687//2053 1691//2053
f 1691//2053 1687//2053 1688//2053
f 1691//2053 1688//2053 1692//2053
f 1692//2053 1688//2053 1690//2053
f 1693//2054 1694//2054 1695//2054
f 1696//2055 1697//2055 1698//2055
f 1689//2056 1688//2056 1697//2056
f 1697//2057 1688//2057 1687//2057
f 1697//2058 1687//2058 1698//2058
f 1691//2059 1692//2059 1699//2059
f 1699//2060 1692//2060 1700//2060
f 1701//2061 1702//2061 1700//2061
f 1700//2062 1702//2062 1703//2062
f 1700//2063 1703//2063 1699//2063
f 1704//2064 1705//2064 1706//2064
f 1706//2065 1705//2065 1707//2065
f 1706//2066 1707//2066 1701//2066
f 1701//2067 1707//2067 1708//2067
f 1701//2068 1708//2068 1702//2068
f 1709//2069 1710//2069 1711//2069
f 1711//2070 1710//2070 1712//2070
f 1711//2071 1712//2071 1704//2071
f 1704//2072 1712//2072 1713//2072
f 1704//2073 1713//2073 1705//2073
f 1714//2074 1715//2074 1716//2074
f 1716//2075 1715//2075 1717//2075
f 1716//2076 1717//2076 1718//2076
f 1718//2077 1717//2077 1719//2077
f 1718//2078 1719//2078 1720//2078
f 1720//2079 1719//2079 1721//2079
f 1720//2080 1721//2080 1709//2080
f 1709//2081 1721//2081 1722//2081
f 1709//2082 1722//2082 1710//2082
f 1723//2083 1724//2083 1725//2083
f 1725//2084 1724//2084 1726//2084
f 1725//2085 1726//2085 1727//2085
f 1727//2086 1726//2086 1728//2086
f 1727//2087 1728//2087 1714//2087
f 1714//2088 1728//2088 1729//2088
f 1714//2089 1729//2089 1715//2089
f 1730//2090 1731//2090 1732//2090
f 1732//2091 1731//2091 1733//2091
f 1732//2092 1733//2092 1734//2092
f 1734//2093 1733//2093 1735//2093
f 1734//2094 1735//2094 1736//2094
f 1736//2095 1735//2095 1737//2095
f 1736//2096 1737//2096 1738//2096
f 1738//2097 1737//2097 1739//2097
f 1738//2098 1739//2098 1740//2098
f 1740//2099 1739//2099 1741//2099
f 1740//2100 1741//2100 1742//2100
f 1689//2101 1697//2101 1743//2101
f 1743//2102 1697//2102 1696//2102
f 1743//2103 1696//2103 1744//2103
f 1744//2104 1696//2104 1745//2104
f 1744//2105 1745//2105 1746//2105
f 1745//2106 1747//2106 1746//2106
f 1746//2107 1747//2107 1748//2107
f 1746//2108 1748//2108 1749//2108
f 1749//2109 1748//2109 1750//2109
f 1749//2110 1750//2110 1751//2110
f 1751//2110 1750//2110 1752//2110
f 1751//2111 1752//2111 1753//2111
f 1753//2111 1752//2111 1754//2111
f 1755//2112 1753//2112 1756//2112
f 1756//2113 1753//2113 1754//2113
f 1756//2114 1754//2114 1757//2114
f 1757//2115 1754//2115 1752//2115
f 1757//2116 1752//2116 1758//2116
f 1758//2117 1752//2117 1750//2117
f 1758//2118 1750//2118 1759//2118
f 1759//2119 1750//2119 1748//2119
f 1759//2120 1748//2120 1760//2120
f 1760//2121 1748//2121 1747//2121
f 1760//2122 1747//2122 1761//2122
f 1761//2123 1747//2123 1745//2123
f 1761//2124 1745//2124 1762//2124
f 1762//2125 1745//2125 1696//2125
f 1762//2126 1696//2126 1763//2126
f 1763//2127 1696//2127 1698//2127
f 1764//2128 1765//2128 1755//2128
f 1755//2129 1765//2129 1766//2129
f 1755//2130 1766//2130 1753//2130
f 1753//2131 1766//2131 1767//2131
f 1753//2132 1767//2132 1751//2132
f 1751//2133 1767//2133 1768//2133
f 1751//2134 1768//2134 1749//2134
f 1749//2135 1768//2135 1769//2135
f 1749//2136 1769//2136 1746//2136
f 1746//2137 1769//2137 1770//2137
f 1746//2138 1770//2138 1744//2138
f 1744//2139 1770//2139 1771//2139
f 1744//2140 1771//2140 1743//2140
f 1743//2141 1771//2141 1772//2141
f 1743//2142 1772//2142 1689//2142
f 1757//2143 1742//2143 1756//2143
f 1756//2144 1742//2144 1741//2144
f 1756//2145 1741//2145 1755//2145
f 1755//2146 1741//2146 1739//2146
f 1755//2147 1739//2147 1764//2147
f 1764//2148 1739//2148 1737//2148
f 1764//2149 1737//2149 1773//2149
f 1773//2149 1737//2149 1735//2149
f 1773//2150 1735//2150 1774//2150
f 1774//2151 1735//2151 1733//2151
f 1774//2152 1733//2152 1695//2152
f 1695//2152 1733//2152 1731//2152
f 1695//2153 1731//2153 1693//2153
f 1693//2154 1731//2154 1730//2154
f 1694//2155 1775//2155 1695//2155
f 1695//2156 1775//2156 1776//2156
f 1695//2157 1776//2157 1774//2157
f 1774//2157 1776//2157 1777//2157
f 1774//2158 1777//2158 1773//2158
f 1773//2159 1777//2159 1778//2159
f 1773//2160 1778//2160 1764//2160
f 1764//2161 1778//2161 1779//2161
f 1764//2162 1779//2162 1765//2162
f 1690//2163 1689//2163 1780//2163
f 1780//2164 1689//2164 1772//2164
f 1780//2165 1772//2165 1781//2165
f 1781//2166 1772//2166 1771//2166
f 1781//2167 1771//2167 1782//2167
f 1782//2168 1771//2168 1770//2168
f 1782//2169 1770//2169 1783//2169
f 1783//2170 1770//2170 1769//2170
f 1783//2171 1769//2171 1784//2171
f 1784//2172 1769//2172 1768//2172
f 1784//2173 1768//2173 1785//2173
f 1785//2174 1768//2174 1767//2174
f 1785//2175 1767//2175 1786//2175
f 1786//2176 1767//2176 1766//2176
f 1786//2177 1766//2177 1787//2177
f 1787//2178 1766//2178 1765//2178
f 1787//2179 1765//2179 1788//2179
f 1788//2180 1765//2180 1779//2180
f 1788//2181 1779//2181 1789//2181
f 1789//2181 1779//2181 1778//2181
f 1789//2182 1778//2182 1790//2182
f 1790//2183 1778//2183 1777//2183
f 1790//2184 1777//2184 1791//2184
f 1791//2184 1777//2184 1776//2184
f 1791//2185 1776//2185 1792//2185
f 1792//2186 1776//2186 1775//2186
f 1692//2187 1690//2187 1700//2187
f 1700//2188 1690//2188 1780//2188
f 1700//2189 1780//2189 1701//2189
f 1701//2190 1780//2190 1781//2190
f 1701//2191 1781//2191 1706//2191
f 1706//2192 1781//2192 1782//2192
f 1706//2193 1782//2193 1704//2193
f 1704//2194 1782//2194 1783//2194
f 1704//2195 1783//2195 1711//2195
f 1711//2196 1783//2196 1784//2196
f 1711//2197 1784//2197 1709//2197
f 1709//2197 1784//2197 1785//2197
f 1709//2198 1785//2198 1720//2198
f 1720//2198 1785//2198 1786//2198
f 1720//2199 1786//2199 1718//2199
f 1718//2200 1786//2200 1787//2200
f 1718//2201 1787//2201 1716//2201
f 1716//2202 1787//2202 1788//2202
f 1716//2203 1788//2203 1714//2203
f 1714//2203 1788//2203 1789//2203
f 1714//2204 1789//2204 1727//2204
f 1727//2205 1789//2205 1790//2205
f 1727//2206 1790//2206 1725//2206
f 1725//2207 1790//2207 1791//2207
f 1725//2208 1791//2208 1723//2208
f 1723//2209 1791//2209 1792//2209
f 1793//2210 1794//2210 1795//2210
f 1796//2211 1797//2211 1798//2211
f 1799//2212 1800//2212 1801//2212
f 1802//2213 1803//2213 1804//2213
f 1805//2214 1724//2214 1723//2214
f 1806//2215 1807//2215 1808//2215
f 1809//2216 1810//2216 1811//2216
f 1811//2217 1810//2217 1806//2217
f 1811//2218 1806//2218 1812//2218
f 1812//2219 1806//2219 1808//2219
f 1813//2220 1814//2220 1809//2220
f 1809//2221 1814//2221 1815//2221
f 1809//2222 1815//2222 1810//2222
f 1809//2223 1816//2223 1813//2223
f 1813//2224 1816//2224 1801//2224
f 1813//2225 1801//2225 1817//2225
f 1817//2226 1801//2226 1800//2226
f 1817//2227 1800//2227 1818//2227
f 1793//2228 1693//2228 1819//2228
f 1819//2229 1693//2229 1730//2229
f 1797//2230 1799//2230 1798//2230
f 1798//2231 1799//2231 1801//2231
f 1798//2232 1801//2232 1820//2232
f 1820//2233 1801//2233 1816//2233
f 1820//2234 1816//2234 1821//2234
f 1821//2235 1816//2235 1809//2235
f 1821//2236 1809//2236 1822//2236
f 1822//2237 1809//2237 1811//2237
f 1822//2238 1811//2238 1823//2238
f 1823//2239 1811//2239 1812//2239
f 1823//2240 1812//2240 1824//2240
f 1824//2241 1812//2241 1808//2241
f 1794//2242 1796//2242 1795//2242
f 1795//2243 1796//2243 1798//2243
f 1795//2244 1798//2244 1825//2244
f 1825//2245 1798//2245 1820//2245
f 1825//2246 1820//2246 1826//2246
f 1826//2247 1820//2247 1821//2247
f 1826//2248 1821//2248 1827//2248
f 1827//2249 1821//2249 1822//2249
f 1827//2250 1822//2250 1804//2250
f 1804//2251 1822//2251 1823//2251
f 1804//2252 1823//2252 1802//2252
f 1802//2253 1823//2253 1824//2253
f 1793//2254 1795//2254 1693//2254
f 1693//2255 1795//2255 1825//2255
f 1693//2256 1825//2256 1694//2256
f 1694//2257 1825//2257 1826//2257
f 1694//2258 1826//2258 1775//2258
f 1775//2259 1826//2259 1827//2259
f 1775//2260 1827//2260 1792//2260
f 1792//2261 1827//2261 1804//2261
f 1792//2262 1804//2262 1723//2262
f 1723//2263 1804//2263 1803//2263
f 1723//2264 1803//2264 1805//2264
f 1794//2265 1828//2265 1829//2265
f 1830//2266 1831//2266 1832//2266
f 1833//2267 1834//2267 1835//2267
f 1836//2268 1837//2268 1838//2268
f 1838//2269 1837//2269 1839//2269
f 1835//2270 1840//2270 1841//2270
f 1833//2271 1835//2271 1842//2271
f 1842//2272 1835//2272 1841//2272
f 1842//2273 1841//2273 1843//2273
f 1844//2274 1845//2274 1846//2274
f 1846//2275 1845//2275 1847//2275
f 1846//2276 1847//2276 1848//2276
f 1819//2277 1730//2277 1830//2277
f 1819//2278 1830//2278 1793//2278
f 1793//2279 1830//2279 1832//2279
f 1793//2280 1832//2280 1849//2280
f 1794//2281 1829//2281 1796//2281
f 1796//2282 1829//2282 1850//2282
f 1796//2283 1850//2283 1797//2283
f 1797//2284 1850//2284 1851//2284
f 1797//2285 1851//2285 1799//2285
f 1799//2286 1851//2286 1852//2286
f 1799//2287 1852//2287 1800//2287
f 1831//2266 1853//2266 1832//2266
f 1832//2288 1853//2288 1854//2288
f 1832//2289 1854//2289 1849//2289
f 1849//2290 1854//2290 1855//2290
f 1849//2291 1855//2291 1856//2291
f 1856//2292 1855//2292 1857//2292
f 1856//2293 1857//2293 1858//2293
f 1794//2294 1793//2294 1828//2294
f 1828//2295 1793//2295 1849//2295
f 1828//2296 1849//2296 1829//2296
f 1829//2297 1849//2297 1856//2297
f 1829//2298 1856//2298 1850//2298
f 1850//2299 1856//2299 1858//2299
f 1850//2300 1858//2300 1851//2300
f 1851//2301 1858//2301 1859//2301
f 1851//2302 1859//2302 1852//2302
f 1852//2303 1859//2303 1860//2303
f 1852//2304 1860//2304 1800//2304
f 1800//2305 1860//2305 1818//2305
f 1848//2306 1841//2306 1846//2306
f 1846//2307 1841//2307 1840//2307
f 1846//2308 1840//2308 1861//2308
f 1861//2309 1840//2309 1835//2309
f 1861//2310 1835//2310 1838//2310
f 1838//2311 1835//2311 1834//2311
f 1838//2312 1834//2312 1836//2312
f 1853//2313 1845//2313 1854//2313
f 1854//2314 1845//2314 1844//2314
f 1854//2315 1844//2315 1855//2315
f 1855//2316 1844//2316 1846//2316
f 1855//2317 1846//2317 1857//2317
f 1857//2318 1846//2318 1861//2318
f 1857//2319 1861//2319 1858//2319
f 1858//2320 1861//2320 1838//2320
f 1858//2321 1838//2321 1859//2321
f 1859//2322 1838//2322 1839//2322
f 1859//2323 1839//2323 1860//2323
f 1860//2324 1839//2324 1862//2324
f 1860//2325 1862//2325 1818//2325
f 1863//2326 1864//2326 1865//2326
f 1866//2327 1867//2327 1868//2327
f 1869//2328 1867//2328 1870//2328
f 1870//2329 1867//2329 1866//2329
f 1870//2330 1866//2330 1871//2330
f 1872//2331 1863//2331 1873//2331
f 1873//2332 1863//2332 1865//2332
f 1873//2333 1865//2333 1868//2333
f 1868//2334 1865//2334 1874//2334
f 1868//2335 1874//2335 1866//2335
f 1875//2336 1872//2336 1873//2336
f 1876//2337 1877//2337 1878//2337
f 1879//2338 1875//2338 1880//2338
f 1880//2339 1875//2339 1873//2339
f 1880//2340 1873//2340 1881//2340
f 1881//2341 1873//2341 1868//2341
f 1881//2342 1868//2342 1878//2342
f 1878//2343 1868//2343 1867//2343
f 1878//2344 1867//2344 1876//2344
f 1876//2345 1867//2345 1869//2345
f 1882//2346 1883//2346 1884//2346
f 1884//2347 1885//2347 1882//2347
f 1882//2348 1885//2348 1886//2348
f 1882//2349 1886//2349 1887//2349
f 1888//2350 1872//2350 1889//2350
f 1889//2351 1872//2351 1875//2351
f 1889//2352 1875//2352 1879//2352
f 1888//2353 1889//2353 1890//2353
f 1890//2354 1889//2354 1891//2354
f 1890//2355 1891//2355 1886//2355
f 1886//2356 1891//2356 1892//2356
f 1886//2357 1892//2357 1887//2357
f 1863//2358 1872//2358 1888//2358
f 1863//2326 1888//2326 1864//2326
f 1893//2359 1894//2359 1895//2359
f 1895//2360 1894//2360 1864//2360
f 1893//2361 1896//2361 1897//2361
f 1897//2362 1896//2362 1898//2362
f 1893//2363 1895//2363 1896//2363
f 1896//2364 1895//2364 1899//2364
f 1896//2365 1899//2365 1900//2365
f 1900//2366 1899//2366 1901//2366
f 1900//2367 1901//2367 1902//2367
f 1903//2368 1902//2368 1904//2368
f 1904//2369 1902//2369 1901//2369
f 1904//2370 1901//2370 1905//2370
f 1905//2371 1901//2371 1884//2371
f 1905//2372 1884//2372 1883//2372
f 1864//2373 1888//2373 1895//2373
f 1895//2374 1888//2374 1890//2374
f 1895//2375 1890//2375 1899//2375
f 1899//2376 1890//2376 1886//2376
f 1899//2377 1886//2377 1901//2377
f 1901//2378 1886//2378 1885//2378
f 1901//2379 1885//2379 1884//2379
f 1906//2380 1898//2380 1896//2380
f 1907//2381 1908//2381 1909//2381
f 1907//2382 1909//2382 1903//2382
f 1903//2383 1909//2383 1902//2383
f 1902//2384 1909//2384 1910//2384
f 1902//2385 1910//2385 1900//2385
f 1900//2386 1910//2386 1911//2386
f 1900//2387 1911//2387 1896//2387
f 1896//2388 1911//2388 1912//2388
f 1896//2389 1912//2389 1906//2389
f 1913//2390 1914//2390 1915//2390
f 1916//2391 1917//2391 1918//2391
f 1919//2392 1912//2392 1911//2392
f 1919//2393 1911//2393 1920//2393
f 1921//2394 1922//2394 1923//2394
f 1923//2395 1922//2395 1924//2395
f 1923//2396 1924//2396 1925//2396
f 1925//2397 1924//2397 1926//2397
f 1925//2398 1926//2398 1927//2398
f 1927//2399 1926//2399 1915//2399
f 1927//2400 1915//2400 1928//2400
f 1914//2401 1929//2401 1915//2401
f 1915//2402 1929//2402 1930//2402
f 1915//2403 1930//2403 1928//2403
f 1931//2404 1932//2404 1933//2404
f 1933//2405 1932//2405 1913//2405
f 1934//2406 1909//2406 1935//2406
f 1935//2407 1909//2407 1908//2407
f 1917//2408 1920//2408 1918//2408
f 1918//2409 1920//2409 1911//2409
f 1918//2410 1911//2410 1936//2410
f 1936//2411 1911//2411 1910//2411
f 1936//2412 1910//2412 1933//2412
f 1933//2413 1910//2413 1909//2413
f 1933//2414 1909//2414 1931//2414
f 1931//2415 1909//2415 1934//2415
f 1913//2416 1915//2416 1933//2416
f 1933//2417 1915//2417 1926//2417
f 1933//2418 1926//2418 1936//2418
f 1936//2419 1926//2419 1924//2419
f 1936//2420 1924//2420 1918//2420
f 1918//2421 1924//2421 1922//2421
f 1918//2422 1922//2422 1916//2422
f 1937//2423 1938//2423 1939//2423
f 1940//2424 1941//2424 1942//2424
f 1943//2425 1944//2425 1945//2425
f 1946//2426 1947//2426 1948//2426
f 1943//2427 1945//2427 1941//2427
f 1949//2428 1950//2428 1951//2428
f 1951//2429 1950//2429 1952//2429
f 1953//2430 1954//2430 1955//2430
f 1955//2431 1954//2431 1956//2431
f 1955//2432 1956//2432 1957//2432
f 1957//2433 1956//2433 1958//2433
f 1957//2434 1958//2434 1952//2434
f 1952//2435 1958//2435 1959//2435
f 1952//2436 1959//2436 1951//2436
f 1960//2437 1961//2437 1953//2437
f 1953//2438 1961//2438 1962//2438
f 1953//2439 1962//2439 1954//2439
f 1963//2440 1964//2440 1965//2440
f 1965//2441 1964//2441 1966//2441
f 1953//2442 1967//2442 1960//2442
f 1960//2443 1967//2443 1965//2443
f 1960//2444 1965//2444 1968//2444
f 1968//2445 1965//2445 1966//2445
f 1968//2446 1966//2446 1969//2446
f 1970//2447 1971//2447 1972//2447
f 1941//2448 1945//2448 1942//2448
f 1942//2449 1945//2449 1946//2449
f 1942//2450 1946//2450 1973//2450
f 1973//2451 1946//2451 1948//2451
f 1973//2452 1948//2452 1974//2452
f 1974//2453 1948//2453 1975//2453
f 1974//2454 1975//2454 1976//2454
f 1976//2455 1975//2455 1977//2455
f 1976//2456 1977//2456 1970//2456
f 1970//2457 1977//2457 1978//2457
f 1970//2458 1978//2458 1971//2458
f 1950//2459 1940//2459 1952//2459
f 1952//2460 1940//2460 1942//2460
f 1952//2461 1942//2461 1957//2461
f 1957//2462 1942//2462 1973//2462
f 1957//2463 1973//2463 1955//2463
f 1955//2464 1973//2464 1974//2464
f 1955//2465 1974//2465 1953//2465
f 1953//2466 1974//2466 1976//2466
f 1953//2467 1976//2467 1967//2467
f 1967//2468 1976//2468 1970//2468
f 1967//2469 1970//2469 1965//2469
f 1965//2470 1970//2470 1972//2470
f 1965//2471 1972//2471 1963//2471
f 1979//2472 1980//2472 1981//2472
f 1982//2473 1983//2473 1981//2473
f 1981//2473 1983//2473 1984//2473
f 1981//2474 1984//2474 1985//2474
f 1985//2475 1986//2475 1981//2475
f 1981//2476 1986//2476 1987//2476
f 1981//2477 1987//2477 1988//2477
f 1988//2476 1989//2476 1981//2476
f 1981//2476 1989//2476 1990//2476
f 1981//2478 1990//2478 1991//2478
f 1991//2479 1992//2479 1981//2479
f 1981//2478 1992//2478 1993//2478
f 1981//2480 1993//2480 1979//2480
f 1981//352 1980//352 1994//352
f 1995//352 1996//352 1997//352
f 1994//2481 1998//2481 1981//2481
f 1981//2482 1998//2482 1999//2482
f 1981//352 1999//352 2000//352
f 2000//352 1999//352 2001//352
f 2000//352 2001//352 2002//352
f 2003//2483 1995//2483 2004//2483
f 2004//352 1995//352 1997//352
f 2004//352 1997//352 2001//352
f 2001//2482 1997//2482 2005//2482
f 2001//352 2005//352 2002//352
f 2006//2484 2007//2484 2008//2484
f 2009//2485 2010//2485 2011//2485
f 2011//2486 2010//2486 2012//2486
f 2013//2487 2014//2487 2015//2487
f 2016//2488 2017//2488 2018//2488
f 2018//2489 2017//2489 1968//2489
f 2019//2490 2020//2490 1954//2490
f 1954//2491 1962//2491 2019//2491
f 2019//2492 1962//2492 1961//2492
f 2019//2493 1961//2493 2017//2493
f 2017//2494 1961//2494 1960//2494
f 2017//2495 1960//2495 1968//2495
f 2021//2496 2022//2496 1951//2496
f 1951//2497 1959//2497 2021//2497
f 2021//2498 1959//2498 1958//2498
f 2021//2499 1958//2499 2020//2499
f 2020//2500 1958//2500 1956//2500
f 2020//2501 1956//2501 1954//2501
f 2023//2502 2024//2502 2025//2502
f 2020//2503 2026//2503 2021//2503
f 2021//2504 2026//2504 2023//2504
f 2021//2505 2023//2505 2022//2505
f 2022//2506 2023//2506 2025//2506
f 2022//2507 2025//2507 1951//2507
f 1951//2508 2025//2508 1949//2508
f 2027//2509 2028//2509 2029//2509
f 2030//2510 2009//2510 2031//2510
f 2031//2511 2009//2511 2011//2511
f 2031//2512 2011//2512 2032//2512
f 2032//2513 2011//2513 2027//2513
f 2032//2514 2027//2514 2033//2514
f 2033//2515 2027//2515 2029//2515
f 2013//2516 2026//2516 2014//2516
f 2014//2517 2026//2517 2020//2517
f 2014//2518 2020//2518 2015//2518
f 2015//2519 2020//2519 2019//2519
f 2015//2520 2019//2520 2034//2520
f 2034//2521 2019//2521 2017//2521
f 2034//2522 2017//2522 2007//2522
f 2007//2523 2017//2523 2016//2523
f 2007//2524 2016//2524 2008//2524
f 2006//2525 2028//2525 2007//2525
f 2007//2526 2028//2526 2027//2526
f 2007//2527 2027//2527 2034//2527
f 2034//2528 2027//2528 2011//2528
f 2034//2529 2011//2529 2015//2529
f 2015//2530 2011//2530 2012//2530
f 2015//2531 2012//2531 2013//2531
f 2006//2532 2008//2532 2035//2532
f 2006//2533 2035//2533 2028//2533
f 2028//2534 2035//2534 2036//2534
f 2028//2535 2036//2535 2029//2535
f 1968//2536 1969//2536 2018//2536
f 2018//2537 1969//2537 2035//2537
f 2018//2538 2035//2538 2016//2538
f 2016//2539 2035//2539 2008//2539
f 1938//2540 1937//2540 2037//2540
f 2038//2541 2039//2541 2040//2541
f 2040//2542 2039//2542 2041//2542
f 2040//2543 2041//2543 2042//2543
f 2041//2544 1938//2544 2042//2544
f 2042//2545 1938//2545 2037//2545
f 2042//2546 2037//2546 2043//2546
f 2043//2547 2037//2547 2044//2547
f 2043//2548 2044//2548 2045//2548
f 2045//2549 2044//2549 2031//2549
f 2045//2550 2031//2550 2046//2550
f 2046//2551 2031//2551 2032//2551
f 2046//2552 2032//2552 2047//2552
f 2047//2553 2032//2553 2033//2553
f 2047//2554 2033//2554 2048//2554
f 2048//2555 2033//2555 2049//2555
f 2050//2556 2051//2556 2036//2556
f 2036//2557 2051//2557 2049//2557
f 2036//2558 2049//2558 2029//2558
f 2029//2559 2049//2559 2033//2559
f 2052//2560 2053//2560 2054//2560
f 2054//2561 2053//2561 2055//2561
f 2054//2562 2055//2562 2056//2562
f 2056//2563 2055//2563 2057//2563
f 2056//2564 2057//2564 2058//2564
f 2059//2565 2060//2565 2061//2565
f 2061//2566 2060//2566 2062//2566
f 2061//2567 2062//2567 2054//2567
f 2054//2568 2062//2568 2063//2568
f 2054//2569 2063//2569 2052//2569
f 2064//2570 2065//2570 2059//2570
f 2065//2571 2066//2571 2059//2571
f 2059//2572 2066//2572 2067//2572
f 2059//2573 2067//2573 2060//2573
f 2068//2574 1983//2574 2069//2574
f 1986//2575 1985//2575 2068//2575
f 2068//2576 1985//2576 1984//2576
f 2068//2577 1984//2577 1983//2577
f 2069//2578 2064//2578 2068//2578
f 2068//2579 2064//2579 2059//2579
f 2068//2580 2059//2580 1986//2580
f 1986//2581 2059//2581 2061//2581
f 1986//2582 2061//2582 1987//2582
f 1987//2583 2061//2583 2054//2583
f 1987//2584 2054//2584 1988//2584
f 1988//2585 2054//2585 2056//2585
f 1988//2586 2056//2586 1989//2586
f 1989//2587 2056//2587 2058//2587
f 1989//2588 2058//2588 1990//2588
f 2030//2589 2031//2589 2044//2589
f 2044//2590 2037//2590 2030//2590
f 2030//2591 2037//2591 1937//2591
f 2030//2592 1937//2592 2070//2592
f 2070//2593 1937//2593 1939//2593
f 1996//2594 1995//2594 1938//2594
f 1938//2595 1995//2595 2070//2595
f 1938//2596 2070//2596 1939//2596
f 1982//2597 1981//2597 2071//2597
f 2071//2598 1981//2598 2000//2598
f 2005//2599 2038//2599 2002//2599
f 2002//2600 2038//2600 2072//2600
f 2002//2601 2072//2601 2000//2601
f 2000//2602 2072//2602 2073//2602
f 2000//2603 2073//2603 2071//2603
f 1996//2604 1938//2604 1997//2604
f 1997//2605 1938//2605 2041//2605
f 1997//2606 2041//2606 2005//2606
f 2005//2607 2041//2607 2039//2607
f 2005//2608 2039//2608 2038//2608
f 2074//2609 2075//2609 1195//2609
f 2076//2610 2073//2610 2077//2610
f 2078//2611 2079//2611 2080//2611
f 2078//2612 2081//2612 2082//2612
f 2082//2613 2081//2613 2083//2613
f 2082//2614 2083//2614 2084//2614
f 1195//2615 2085//2615 2074//2615
f 2074//2616 2085//2616 2086//2616
f 2074//2617 2086//2617 2083//2617
f 2083//2618 2086//2618 2087//2618
f 2083//2619 2087//2619 2084//2619
f 2088//2620 2089//2620 2090//2620
f 2090//2621 2089//2621 2075//2621
f 2091//2622 2092//2622 2093//2622
f 2094//2623 2095//2623 2090//2623
f 2090//2624 2095//2624 2096//2624
f 2090//2625 2096//2625 2088//2625
f 2088//2626 2096//2626 2097//2626
f 2077//2627 2098//2627 2099//2627
f 2099//2628 2098//2628 2091//2628
f 2099//2629 2091//2629 2100//2629
f 2100//2630 2091//2630 2093//2630
f 2100//2631 2093//2631 2101//2631
f 2102//2632 2103//2632 2104//2632
f 2078//2633 2080//2633 2081//2633
f 2081//2634 2080//2634 2105//2634
f 2081//2635 2105//2635 2104//2635
f 2104//2636 2105//2636 2106//2636
f 2104//2637 2106//2637 2102//2637
f 2075//2638 2074//2638 2090//2638
f 2090//2639 2074//2639 2083//2639
f 2090//2640 2083//2640 2094//2640
f 2094//2641 2083//2641 2081//2641
f 2094//2642 2081//2642 2095//2642
f 2095//2643 2081//2643 2104//2643
f 2095//2644 2104//2644 2107//2644
f 2107//2645 2104//2645 2103//2645
f 2107//2646 2103//2646 2076//2646
f 2076//2647 2077//2647 2107//2647
f 2107//2648 2077//2648 2099//2648
f 2107//2649 2099//2649 2095//2649
f 2095//2650 2099//2650 2100//2650
f 2095//2651 2100//2651 2096//2651
f 2096//2652 2100//2652 2101//2652
f 2096//2653 2101//2653 2097//2653
f 2072//2654 2038//2654 2108//2654
f 2109//2655 2092//2655 2091//2655
f 2109//2656 2091//2656 2110//2656
f 2110//2657 2091//2657 2098//2657
f 2110//2658 2098//2658 2111//2658
f 2111//2659 2098//2659 2077//2659
f 2111//2660 2077//2660 2108//2660
f 2108//2661 2077//2661 2073//2661
f 2108//2662 2073//2662 2072//2662
f 2108//2663 2112//2663 2113//2663
f 2112//2664 2108//2664 2114//2664
f 2040//2665 2042//2665 2115//2665
f 2114//2666 2108//2666 2115//2666
f 2115//2667 2108//2667 2038//2667
f 2115//2668 2038//2668 2040//2668
f 2116//2669 2110//2669 2113//2669
f 2113//2670 2110//2670 2111//2670
f 2113//2671 2111//2671 2108//2671
f 2116//2672 2117//2672 2110//2672
f 2110//2673 2117//2673 1921//2673
f 2110//2674 1921//2674 2109//2674
f 1922//2675 1921//2675 2117//2675
f 2047//2676 2048//2676 2118//2676
f 2047//2677 2118//2677 2046//2677
f 2119//2678 2120//2678 2113//2678
f 2113//2679 2112//2679 2119//2679
f 2119//2680 2112//2680 2114//2680
f 2119//2681 2114//2681 2043//2681
f 2043//2682 2114//2682 2115//2682
f 2043//2683 2115//2683 2042//2683
f 1916//2684 1922//2684 2121//2684
f 2121//2685 1922//2685 2117//2685
f 2121//2686 2117//2686 2120//2686
f 2120//2687 2117//2687 2116//2687
f 2120//2688 2116//2688 2113//2688
f 2122//2689 1920//2689 1917//2689
f 2043//2690 2045//2690 2119//2690
f 2119//2691 2045//2691 2123//2691
f 2119//2692 2123//2692 2120//2692
f 2120//2693 2123//2693 2124//2693
f 2120//2694 2124//2694 2121//2694
f 2121//2695 2124//2695 2122//2695
f 2121//2696 2122//2696 1916//2696
f 1916//2697 2122//2697 1917//2697
f 2045//2698 2046//2698 2123//2698
f 2123//2699 2046//2699 2118//2699
f 2123//2700 2118//2700 2124//2700
f 2124//2701 2118//2701 2125//2701
f 2124//2702 2125//2702 2122//2702
f 2122//2703 2125//2703 2126//2703
f 2122//2704 2126//2704 1920//2704
f 1920//2705 2126//2705 1919//2705
f 1912//2706 1919//2706 2127//2706
f 2127//2707 1919//2707 2126//2707
f 2127//2708 2126//2708 2128//2708
f 2128//2709 2126//2709 2125//2709
f 2128//2710 2125//2710 2129//2710
f 2129//2711 2125//2711 2118//2711
f 2129//2712 2118//2712 2049//2712
f 2049//2713 2118//2713 2048//2713
f 1906//2714 1912//2714 2127//2714
f 2049//2715 2051//2715 2129//2715
f 2129//2716 2051//2716 2130//2716
f 2129//2717 2130//2717 2128//2717
f 2128//2718 2130//2718 2131//2718
f 2128//2719 2131//2719 2127//2719
f 2127//2720 2131//2720 2132//2720
f 2127//2721 2132//2721 1906//2721
f 1906//2722 2132//2722 1898//2722
f 1897//2723 1898//2723 2132//2723
f 2051//2724 2050//2724 2130//2724
f 2130//2725 2050//2725 2133//2725
f 2130//2726 2133//2726 2131//2726
f 2131//2727 2133//2727 2134//2727
f 2131//2728 2134//2728 2132//2728
f 2132//2729 2134//2729 2135//2729
f 2132//2730 2135//2730 1897//2730
f 1897//2731 2135//2731 1893//2731
f 1894//2732 1893//2732 2136//2732
f 2136//2733 1893//2733 2135//2733
f 2136//2734 2135//2734 2137//2734
f 2137//2735 2135//2735 2134//2735
f 2137//2736 2134//2736 2138//2736
f 2138//2737 2134//2737 2133//2737
f 2138//2738 2133//2738 2139//2738
f 2139//2739 2133//2739 2050//2739
f 1864//2740 1894//2740 1865//2740
f 1865//2741 1894//2741 2136//2741
f 1865//2742 2136//2742 1874//2742
f 1874//2743 2136//2743 2137//2743
f 1874//2744 2137//2744 1866//2744
f 1866//2745 2137//2745 2138//2745
f 1866//2746 2138//2746 1871//2746
f 1871//2747 2138//2747 2139//2747
f 2140//2748 1871//2748 2139//2748
f 2050//2749 2036//2749 2141//2749
f 2050//2750 2141//2750 2139//2750
f 2139//2751 2141//2751 2142//2751
f 2139//2752 2142//2752 2140//2752
f 2143//2753 2144//2753 2145//2753
f 2146//2754 2147//2754 2144//2754
f 2144//2755 2147//2755 2148//2755
f 2148//2756 2149//2756 2144//2756
f 2144//2757 2149//2757 2150//2757
f 2144//2758 2150//2758 2145//2758
f 2141//2759 2036//2759 2035//2759
f 2151//2760 2152//2760 2153//2760
f 2143//2761 2145//2761 2153//2761
f 2153//2762 2145//2762 2154//2762
f 2153//2763 2154//2763 2151//2763
f 1969//2764 2143//2764 2035//2764
f 2035//2765 2143//2765 2153//2765
f 2035//2766 2153//2766 2141//2766
f 2141//2767 2153//2767 2152//2767
f 2141//2768 2152//2768 2142//2768
f 1948//2769 1947//2769 2155//2769
f 2156//2770 2157//2770 2158//2770
f 2158//2771 2157//2771 2159//2771
f 2158//2772 2159//2772 2155//2772
f 1975//2773 1948//2773 2160//2773
f 1975//2774 2160//2774 1977//2774
f 1963//2775 1972//2775 2161//2775
f 2161//2776 1972//2776 1971//2776
f 2161//2777 1971//2777 2160//2777
f 2160//2778 1971//2778 1978//2778
f 2160//2779 1978//2779 1977//2779
f 1963//2780 2161//2780 1964//2780
f 1964//2781 2161//2781 2162//2781
f 1964//2782 2162//2782 1966//2782
f 1966//2783 2162//2783 2143//2783
f 1966//2446 2143//2446 1969//2446
f 2163//2784 2146//2784 2144//2784
f 1948//2785 2155//2785 2160//2785
f 2160//2786 2155//2786 2159//2786
f 2160//2787 2159//2787 2161//2787
f 2161//2788 2159//2788 2163//2788
f 2161//2789 2163//2789 2162//2789
f 2162//2790 2163//2790 2144//2790
f 2162//2791 2144//2791 2143//2791
f 2164//2792 2165//2792 2166//2792
f 2166//2793 2165//2793 2167//2793
f 2166//2793 2167//2793 2168//2793
f 2164//2794 2166//2794 2169//2794
f 2169//2795 2166//2795 2170//2795
f 2169//2796 2170//2796 2171//2796
f 2170//2797 2172//2797 2171//2797
f 2171//2798 2172//2798 2173//2798
f 2171//2799 2173//2799 2174//2799
f 2174//2800 2173//2800 2175//2800
f 2174//2801 2175//2801 2176//2801
f 2176//2802 2175//2802 2177//2802
f 2177//2803 2175//2803 2178//2803
f 2177//2804 2178//2804 2179//2804
f 2179//2805 2178//2805 2180//2805
f 2179//2806 2180//2806 2181//2806
f 2180//2807 2182//2807 2181//2807
f 2181//2808 2182//2808 2157//2808
f 2181//2809 2157//2809 2156//2809
f 1862//2810 1839//2810 2174//2810
f 2174//2811 1839//2811 1837//2811
f 2174//2812 1837//2812 2171//2812
f 2171//2813 1837//2813 1836//2813
f 2171//2814 1836//2814 2169//2814
f 2169//2815 1836//2815 1834//2815
f 2169//2816 1834//2816 2164//2816
f 2164//2817 1834//2817 1833//2817
f 2164//2818 1833//2818 2165//2818
f 2165//2819 1833//2819 1842//2819
f 2165//2820 1842//2820 1843//2820
f 2179//2821 1818//2821 2177//2821
f 2177//2822 1818//2822 1862//2822
f 2177//2823 1862//2823 2176//2823
f 2176//2824 1862//2824 2174//2824
f 2183//2825 2184//2825 2185//2825
f 2181//2826 2156//2826 2186//2826
f 1817//2827 1818//2827 2179//2827
f 2181//2828 2186//2828 2187//2828
f 2187//2829 2186//2829 2188//2829
f 2187//2830 2188//2830 2189//2830
f 2189//2831 2188//2831 2190//2831
f 2189//2832 2190//2832 2191//2832
f 2191//2833 2190//2833 2192//2833
f 2191//2834 2192//2834 2193//2834
f 2193//2835 2192//2835 2194//2835
f 2193//2836 2194//2836 2195//2836
f 2195//2837 2194//2837 2183//2837
f 2195//2838 2183//2838 2196//2838
f 2196//2839 2183//2839 2185//2839
f 2196//2840 2185//2840 1807//2840
f 1807//2841 1806//2841 2196//2841
f 2196//2842 1806//2842 1810//2842
f 2196//2843 1810//2843 2195//2843
f 2195//2844 1810//2844 1815//2844
f 2195//2845 1815//2845 2193//2845
f 2193//2846 1815//2846 1814//2846
f 2193//2847 1814//2847 2191//2847
f 2191//2848 1814//2848 1813//2848
f 2191//2849 1813//2849 2189//2849
f 2189//2850 1813//2850 1817//2850
f 2189//2851 1817//2851 2187//2851
f 2187//2852 1817//2852 2179//2852
f 2187//2853 2179//2853 2181//2853
f 2197//2854 2186//2854 2198//2854
f 2198//2855 2186//2855 2156//2855
f 2198//2856 2156//2856 2158//2856
f 2199//2857 2184//2857 2200//2857
f 2200//2858 2184//2858 2183//2858
f 2200//2859 2183//2859 2201//2859
f 2201//2860 2183//2860 2194//2860
f 2201//2861 2194//2861 2202//2861
f 2202//2862 2194//2862 2192//2862
f 2202//2863 2192//2863 2203//2863
f 2203//2864 2192//2864 2190//2864
f 2203//2865 2190//2865 2197//2865
f 2197//2866 2190//2866 2188//2866
f 2197//2867 2188//2867 2186//2867
f 2204//2868 2205//2868 2206//2868
f 2207//2869 2208//2869 2209//2869
f 2209//2870 2208//2870 2204//2870
f 2209//2871 2204//2871 2210//2871
f 2210//2872 2204//2872 2206//2872
f 2210//2873 2206//2873 2211//2873
f 2212//2874 2213//2874 2214//2874
f 2214//2875 2213//2875 2215//2875
f 2214//2876 2215//2876 2216//2876
f 2216//2877 2215//2877 2217//2877
f 2216//2878 2217//2878 2207//2878
f 2207//2879 2217//2879 2218//2879
f 2207//2880 2218//2880 2208//2880
f 1947//2881 2213//2881 2155//2881
f 2155//2882 2213//2882 2212//2882
f 2155//2883 2212//2883 2219//2883
f 2219//2884 2212//2884 2214//2884
f 2219//2885 2214//2885 2220//2885
f 2220//2886 2214//2886 2216//2886
f 2220//2887 2216//2887 2221//2887
f 2221//2888 2216//2888 2207//2888
f 2221//2889 2207//2889 2222//2889
f 2222//2890 2207//2890 2209//2890
f 2222//2891 2209//2891 2223//2891
f 2223//2892 2209//2892 2210//2892
f 2223//2893 2210//2893 2224//2893
f 2224//2894 2210//2894 2211//2894
f 2224//2895 2211//2895 2199//2895
f 2199//2896 2200//2896 2224//2896
f 2224//2897 2200//2897 2201//2897
f 2224//2898 2201//2898 2223//2898
f 2223//2899 2201//2899 2202//2899
f 2223//2900 2202//2900 2222//2900
f 2222//2901 2202//2901 2203//2901
f 2222//2902 2203//2902 2221//2902
f 2221//2903 2203//2903 2197//2903
f 2221//2904 2197//2904 2220//2904
f 2220//2905 2197//2905 2198//2905
f 2220//2906 2198//2906 2219//2906
f 2219//2907 2198//2907 2158//2907
f 2219//2908 2158//2908 2155//2908
f 2225//2909 2226//2909 2227//2909
f 2228//2910 2229//2910 2230//2910
f 2230//2911 2229//2911 2231//2911
f 2231//2912 2229//2912 2232//2912
f 2231//2913 2232//2913 2233//2913
f 2233//2914 2232//2914 2234//2914
f 2233//2915 2234//2915 2235//2915
f 2236//2916 2226//2916 2237//2916
f 2238//2917 2239//2917 2225//2917
f 2225//2918 2227//2918 2238//2918
f 2238//2919 2227//2919 2240//2919
f 2238//2920 2240//2920 2241//2920
f 2241//2921 2240//2921 2242//2921
f 2241//2922 2242//2922 2243//2922
f 2243//2923 2242//2923 2244//2923
f 2244//2924 2242//2924 2245//2924
f 2244//2925 2245//2925 2246//2925
f 2246//2926 2245//2926 2247//2926
f 2246//2927 2247//2927 2248//2927
f 2248//2928 2247//2928 2249//2928
f 2248//2929 2249//2929 2250//2929
f 2230//2930 2251//2930 2228//2930
f 2228//2931 2251//2931 2252//2931
f 2228//2932 2252//2932 2253//2932
f 2253//2933 2252//2933 2254//2933
f 2253//2934 2254//2934 2255//2934
f 2255//2935 2254//2935 2256//2935
f 2255//2936 2256//2936 2257//2936
f 2257//2937 2256//2937 2258//2937
f 2257//2938 2258//2938 2259//2938
f 2226//2939 2236//2939 2227//2939
f 2227//2940 2236//2940 2260//2940
f 2227//2941 2260//2941 2240//2941
f 2240//2942 2260//2942 2261//2942
f 2240//2943 2261//2943 2242//2943
f 2242//2944 2261//2944 2262//2944
f 2242//2945 2262//2945 2245//2945
f 2245//2946 2262//2946 2263//2946
f 2245//2947 2263//2947 2247//2947
f 2247//2948 2263//2948 2264//2948
f 2247//2949 2264//2949 2249//2949
f 2265//2950 2250//2950 2266//2950
f 2266//2951 2250//2951 2249//2951
f 2266//2952 2249//2952 2259//2952
f 2259//2953 2249//2953 2264//2953
f 2259//2954 2264//2954 2257//2954
f 2257//2955 2264//2955 2263//2955
f 2257//2956 2263//2956 2255//2956
f 2255//2957 2263//2957 2262//2957
f 2255//2958 2262//2958 2253//2958
f 2253//2959 2262//2959 2261//2959
f 2253//2960 2261//2960 2228//2960
f 2228//2961 2261//2961 2260//2961
f 2228//2962 2260//2962 2229//2962
f 2229//2963 2260//2963 2236//2963
f 2229//2964 2236//2964 2232//2964
f 2232//2965 2236//2965 2237//2965
f 2232//2966 2237//2966 2234//2966
f 2267//2967 2268//2967 2269//2967
f 2270//2968 2271//2968 2272//2968
f 2243//2969 2244//2969 2273//2969
f 2250//2970 2265//2970 2274//2970
f 2250//2971 2274//2971 2248//2971
f 2275//2972 2276//2972 2277//2972
f 2277//2973 2276//2973 2278//2973
f 2277//2974 2278//2974 2279//2974
f 2279//2975 2278//2975 2280//2975
f 2279//2976 2280//2976 2239//2976
f 2281//2977 2282//2977 2275//2977
f 2275//2978 2282//2978 2283//2978
f 2275//2979 2283//2979 2276//2979
f 2284//2980 2285//2980 2286//2980
f 2286//2981 2285//2981 2287//2981
f 2286//2982 2287//2982 2288//2982
f 2289//2983 2290//2983 2291//2983
f 2291//2984 2290//2984 2292//2984
f 2291//2985 2292//2985 2284//2985
f 2284//2986 2292//2986 2293//2986
f 2284//2987 2293//2987 2285//2987
f 2270//2988 2272//2988 2294//2988
f 2239//2989 2238//2989 2279//2989
f 2279//2990 2238//2990 2295//2990
f 2279//2991 2295//2991 2277//2991
f 2277//2992 2295//2992 2296//2992
f 2277//2993 2296//2993 2275//2993
f 2246//2994 2248//2994 2297//2994
f 2297//2995 2248//2995 2298//2995
f 2297//2996 2298//2996 2299//2996
f 2299//2997 2298//2997 2300//2997
f 2299//2998 2300//2998 2301//2998
f 2301//2999 2300//2999 2302//2999
f 2301//3000 2302//3000 2303//3000
f 2304//3001 2281//3001 2305//3001
f 2305//3002 2281//3002 2275//3002
f 2305//3003 2275//3003 2306//3003
f 2306//3004 2275//3004 2296//3004
f 2241//3005 2243//3005 2307//3005
f 2307//3006 2243//3006 2273//3006
f 2307//3007 2273//3007 2308//3007
f 2308//3008 2273//3008 2309//3008
f 2308//3009 2309//3009 2310//3009
f 2310//3010 2309//3010 2311//3010
f 2310//3011 2311//3011 2312//3011
f 2312//3012 2311//3012 2313//3012
f 2248//3013 2274//3013 2298//3013
f 2298//3014 2274//3014 2314//3014
f 2298//3015 2314//3015 2300//3015
f 2300//3016 2314//3016 2315//3016
f 2300//3017 2315//3017 2302//3017
f 2302//3018 2315//3018 2316//3018
f 2302//3019 2316//3019 2317//3019
f 2269//3020 2268//3020 2318//3020
f 2318//3021 2268//3021 2319//3021
f 2318//3022 2319//3022 2320//3022
f 2320//3023 2319//3023 2321//3023
f 2320//3024 2321//3024 2322//3024
f 2323//3025 2289//3025 2324//3025
f 2324//3026 2289//3026 2291//3026
f 2324//3027 2291//3027 2325//3027
f 2325//3028 2291//3028 2284//3028
f 2325//3029 2284//3029 2304//3029
f 2304//3030 2284//3030 2286//3030
f 2304//3031 2286//3031 2281//3031
f 2281//3032 2286//3032 2288//3032
f 2281//3033 2288//3033 2282//3033
f 2326//3034 2327//3034 2328//3034
f 2328//3035 2327//3035 2329//3035
f 2328//3036 2329//3036 2313//3036
f 2313//3037 2329//3037 2330//3037
f 2313//3038 2330//3038 2312//3038
f 2244//3039 2246//3039 2273//3039
f 2273//3040 2246//3040 2297//3040
f 2273//3041 2297//3041 2309//3041
f 2309//3042 2297//3042 2299//3042
f 2309//3043 2299//3043 2311//3043
f 2311//3044 2299//3044 2301//3044
f 2311//3045 2301//3045 2313//3045
f 2313//3046 2301//3046 2303//3046
f 2313//3047 2303//3047 2328//3047
f 2328//3048 2303//3048 2331//3048
f 2328//3049 2331//3049 2326//3049
f 2326//3050 2331//3050 2332//3050
f 2317//3051 2267//3051 2302//3051
f 2302//3052 2267//3052 2269//3052
f 2302//3053 2269//3053 2303//3053
f 2303//3054 2269//3054 2318//3054
f 2303//3055 2318//3055 2331//3055
f 2331//3056 2318//3056 2320//3056
f 2331//3057 2320//3057 2332//3057
f 2332//3058 2320//3058 2322//3058
f 2238//3059 2241//3059 2295//3059
f 2295//3060 2241//3060 2307//3060
f 2295//3061 2307//3061 2296//3061
f 2296//3062 2307//3062 2308//3062
f 2296//3063 2308//3063 2306//3063
f 2306//3064 2308//3064 2310//3064
f 2306//3065 2310//3065 2305//3065
f 2305//3066 2310//3066 2312//3066
f 2305//3067 2312//3067 2304//3067
f 2304//3068 2312//3068 2330//3068
f 2304//3069 2330//3069 2325//3069
f 2325//3070 2330//3070 2329//3070
f 2325//3071 2329//3071 2324//3071
f 2324//3072 2329//3072 2327//3072
f 2324//3073 2327//3073 2323//3073
f 2323//3074 2327//3074 2326//3074
f 2323//3075 2326//3075 2333//3075
f 2333//3076 2326//3076 2332//3076
f 2333//3077 2332//3077 2272//3077
f 2272//3078 2332//3078 2322//3078
f 2272//3079 2322//3079 2294//3079
f 2294//3080 2322//3080 2321//3080
f 2334//3081 2335//3081 2290//3081
f 2336//3082 1947//3082 2337//3082
f 2337//3083 1947//3083 1946//3083
f 2337//3084 1946//3084 1945//3084
f 2218//3085 2217//3085 2338//3085
f 2338//3086 2217//3086 2215//3086
f 2339//3087 2340//3087 2341//3087
f 2341//3088 2340//3088 2272//3088
f 2341//3089 2272//3089 2271//3089
f 2340//3090 2342//3090 2272//3090
f 2272//3091 2342//3091 2343//3091
f 2272//3092 2343//3092 2333//3092
f 2333//3093 2343//3093 2344//3093
f 2333//3094 2344//3094 2323//3094
f 2344//3095 2345//3095 2323//3095
f 2323//3096 2345//3096 2334//3096
f 2323//3097 2334//3097 2289//3097
f 2289//3098 2334//3098 2290//3098
f 2346//3099 2347//3099 2348//3099
f 2348//3100 2347//3100 2335//3100
f 2349//3101 2350//3101 2351//3101
f 1945//3102 1944//3102 2352//3102
f 2352//3103 1944//3103 2353//3103
f 2352//3104 2353//3104 2349//3104
f 2349//3105 2353//3105 2354//3105
f 2349//3106 2354//3106 2350//3106
f 2355//3107 2336//3107 2356//3107
f 2356//3108 2336//3108 2337//3108
f 2356//3109 2337//3109 2357//3109
f 2357//3110 2337//3110 1945//3110
f 2358//3111 2359//3111 2338//3111
f 2338//3112 2359//3112 2208//3112
f 2338//3113 2208//3113 2218//3113
f 2204//3114 2208//3114 2360//3114
f 2360//3115 2208//3115 2359//3115
f 2360//3116 2359//3116 2361//3116
f 2361//3117 2359//3117 2358//3117
f 2361//3118 2358//3118 2362//3118
f 1945//3119 2352//3119 2357//3119
f 2357//3120 2352//3120 2363//3120
f 2357//3121 2363//3121 2356//3121
f 2356//3122 2363//3122 2364//3122
f 2356//3123 2364//3123 2355//3123
f 2365//3124 2366//3124 2367//3124
f 2367//3125 2366//3125 2368//3125
f 2367//3126 2368//3126 2369//3126
f 2369//3127 2368//3127 2370//3127
f 2369//3128 2370//3128 2371//3128
f 2372//3129 2373//3129 2374//3129
f 2374//3130 2373//3130 2362//3130
f 2374//3131 2362//3131 2375//3131
f 2375//3132 2362//3132 2358//3132
f 2375//3133 2358//3133 2376//3133
f 2376//3134 2358//3134 2338//3134
f 2376//3135 2338//3135 2377//3135
f 2377//3136 2338//3136 2215//3136
f 2377//3137 2215//3137 2213//3137
f 2373//3138 2378//3138 2362//3138
f 2362//3139 2378//3139 2379//3139
f 2362//3140 2379//3140 2361//3140
f 2361//3141 2379//3141 2380//3141
f 2361//3142 2380//3142 2360//3142
f 2360//3143 2380//3143 2381//3143
f 2360//3144 2381//3144 2204//3144
f 2204//3145 2381//3145 2382//3145
f 2204//3146 2382//3146 2205//3146
f 2351//3147 2383//3147 2349//3147
f 2349//3148 2383//3148 2371//3148
f 2349//3149 2371//3149 2352//3149
f 2352//3150 2371//3150 2370//3150
f 2352//3151 2370//3151 2363//3151
f 2363//3152 2370//3152 2368//3152
f 2363//3153 2368//3153 2364//3153
f 2364//3154 2368//3154 2366//3154
f 2364//3155 2366//3155 2355//3155
f 2384//3156 2385//3156 2386//3156
f 2386//3157 2385//3157 2365//3157
f 2386//3158 2365//3158 2387//3158
f 2387//3159 2365//3159 2367//3159
f 2387//3160 2367//3160 2388//3160
f 2388//3161 2367//3161 2369//3161
f 2388//3162 2369//3162 2389//3162
f 2389//3163 2369//3163 2371//3163
f 2389//3164 2371//3164 2390//3164
f 2390//3165 2371//3165 2383//3165
f 2390//3166 2383//3166 2348//3166
f 2348//3167 2383//3167 2351//3167
f 2348//3168 2351//3168 2346//3168
f 2384//3169 2372//3169 2385//3169
f 2385//3170 2372//3170 2374//3170
f 2385//3171 2374//3171 2365//3171
f 2365//3172 2374//3172 2375//3172
f 2365//3173 2375//3173 2366//3173
f 2366//3174 2375//3174 2376//3174
f 2366//3175 2376//3175 2355//3175
f 2355//3176 2376//3176 2377//3176
f 2355//3177 2377//3177 2336//3177
f 2336//3178 2377//3178 2213//3178
f 2336//3179 2213//3179 1947//3179
f 2335//3180 2334//3180 2348//3180
f 2348//3181 2334//3181 2345//3181
f 2348//3182 2345//3182 2390//3182
f 2390//3183 2345//3183 2344//3183
f 2390//3184 2344//3184 2389//3184
f 2389//3185 2344//3185 2343//3185
f 2389//3186 2343//3186 2388//3186
f 2388//3187 2343//3187 2342//3187
f 2388//3188 2342//3188 2387//3188
f 2387//3189 2342//3189 2340//3189
f 2387//3190 2340//3190 2386//3190
f 2386//3191 2340//3191 2339//3191
f 2386//3192 2339//3192 2384//3192
f 2391//3193 2392//3193 2393//3193
f 2353//3194 1944//3194 1943//3194
f 1940//3195 1950//3195 2394//3195
f 1943//3196 1941//3196 2395//3196
f 2353//3197 1943//3197 2354//3197
f 1943//3198 2395//3198 2354//3198
f 2354//3199 2395//3199 2396//3199
f 2354//3200 2396//3200 2350//3200
f 2397//3201 2346//3201 2396//3201
f 2396//3202 2346//3202 2351//3202
f 2396//3203 2351//3203 2350//3203
f 2398//3204 2399//3204 2335//3204
f 2335//3205 2399//3205 2290//3205
f 2392//3206 2399//3206 2393//3206
f 2393//3207 2399//3207 2398//3207
f 2393//3208 2398//3208 2400//3208
f 2400//3209 2398//3209 2335//3209
f 2400//3210 2335//3210 2397//3210
f 2397//3211 2335//3211 2347//3211
f 2397//3212 2347//3212 2346//3212
f 1950//3213 1949//3213 2394//3213
f 2394//3214 1949//3214 2401//3214
f 2394//3215 2401//3215 2402//3215
f 2402//3216 2401//3216 2403//3216
f 2402//3217 2403//3217 2404//3217
f 2404//3218 2403//3218 2405//3218
f 2404//3219 2405//3219 2406//3219
f 2406//3220 2405//3220 2407//3220
f 2406//3221 2407//3221 2408//3221
f 2409//3222 2391//3222 2408//3222
f 2408//3223 2391//3223 2393//3223
f 2408//3221 2393//3221 2406//3221
f 2406//3224 2393//3224 2400//3224
f 2406//3225 2400//3225 2404//3225
f 2404//3226 2400//3226 2397//3226
f 2404//3227 2397//3227 2402//3227
f 2402//3228 2397//3228 2396//3228
f 2402//3229 2396//3229 2394//3229
f 2394//3230 2396//3230 2395//3230
f 2394//3231 2395//3231 1940//3231
f 1940//3232 2395//3232 1941//3232
f 2391//3233 2409//3233 2410//3233
f 2411//3234 2412//3234 2413//3234
f 2276//3235 2283//3235 2414//3235
f 2414//3236 2283//3236 2282//3236
f 2414//3237 2282//3237 2412//3237
f 2411//3238 2413//3238 2415//3238
f 2416//3239 2417//3239 2418//3239
f 2292//3240 2290//3240 2399//3240
f 2399//3241 2419//3241 2292//3241
f 2292//3242 2419//3242 2420//3242
f 2292//3243 2420//3243 2293//3243
f 2293//3244 2420//3244 2421//3244
f 2412//3245 2282//3245 2413//3245
f 2413//3246 2282//3246 2288//3246
f 2413//3247 2288//3247 2422//3247
f 2422//3248 2288//3248 2287//3248
f 2422//3249 2287//3249 2421//3249
f 2421//3250 2287//3250 2285//3250
f 2421//3251 2285//3251 2293//3251
f 2418//3252 2415//3252 2423//3252
f 2423//3253 2415//3253 2413//3253
f 2423//3254 2413//3254 2424//3254
f 2424//3255 2413//3255 2422//3255
f 2424//3256 2422//3256 2425//3256
f 2425//3257 2422//3257 2421//3257
f 2425//3258 2421//3258 2426//3258
f 2426//3259 2421//3259 2420//3259
f 2426//3260 2420//3260 2427//3260
f 2427//3261 2420//3261 2419//3261
f 2427//3262 2419//3262 2392//3262
f 2392//3263 2419//3263 2399//3263
f 2418//3264 2423//3264 2416//3264
f 2416//3265 2423//3265 2424//3265
f 2416//3266 2424//3266 2428//3266
f 2428//3267 2424//3267 2425//3267
f 2428//3268 2425//3268 2429//3268
f 2429//3269 2425//3269 2426//3269
f 2429//3270 2426//3270 2430//3270
f 2430//3271 2426//3271 2427//3271
f 2430//3271 2427//3271 2410//3271
f 2410//3272 2427//3272 2392//3272
f 2410//3273 2392//3273 2391//3273
f 2431//3274 2432//3274 2433//3274
f 2433//3275 2432//3275 2434//3275
f 2433//3276 2434//3276 2435//3276
f 2410//3277 2409//3277 2436//3277
f 2437//3278 2438//3278 2417//3278
f 2439//3279 2440//3279 2438//3279
f 2438//3280 2437//3280 2439//3280
f 2439//3281 2437//3281 2441//3281
f 2439//3282 2441//3282 2442//3282
f 2442//3283 2441//3283 2443//3283
f 2442//3284 2443//3284 2444//3284
f 2444//3285 2443//3285 2445//3285
f 2444//3286 2445//3286 2446//3286
f 2446//3287 2445//3287 2447//3287
f 2447//3288 2445//3288 2448//3288
f 2447//3289 2448//3289 2449//3289
f 2417//3290 2416//3290 2437//3290
f 2437//3291 2416//3291 2428//3291
f 2437//3292 2428//3292 2441//3292
f 2441//3293 2428//3293 2429//3293
f 2441//3294 2429//3294 2443//3294
f 2443//3295 2429//3295 2430//3295
f 2443//3296 2430//3296 2445//3296
f 2445//3297 2430//3297 2410//3297
f 2445//3298 2410//3298 2448//3298
f 2448//3299 2410//3299 2436//3299
f 2448//3300 2436//3300 2449//3300
f 2449//3301 2436//3301 2450//3301
f 2449//3302 2450//3302 2431//3302
f 2431//3303 2450//3303 2451//3303
f 2431//3304 2451//3304 2432//3304
f 2451//3305 2450//3305 2003//3305
f 2003//3306 2452//3306 2453//3306
f 2453//3307 2452//3307 2454//3307
f 2453//3308 2454//3308 2455//3308
f 2455//3309 2454//3309 2456//3309
f 2455//3310 2456//3310 2457//3310
f 2457//3311 2456//3311 2458//3311
f 2457//3312 2458//3312 2459//3312
f 2459//3313 2458//3313 2460//3313
f 2459//3314 2460//3314 2461//3314
f 2401//3315 1949//3315 2025//3315
f 2003//3316 2450//3316 2452//3316
f 2452//3317 2450//3317 2436//3317
f 2452//3318 2436//3318 2409//3318
f 2003//3319 2004//3319 2451//3319
f 2451//3320 2004//3320 2001//3320
f 2451//3321 2001//3321 2432//3321
f 2001//3322 1999//3322 2432//3322
f 2432//3323 1999//3323 1998//3323
f 2432//3324 1998//3324 2434//3324
f 2409//3325 2408//3325 2452//3325
f 2452//3326 2408//3326 2407//3326
f 2452//3327 2407//3327 2454//3327
f 2454//3328 2407//3328 2405//3328
f 2454//3329 2405//3329 2456//3329
f 2456//3330 2405//3330 2403//3330
f 2456//3331 2403//3331 2458//3331
f 2458//3332 2403//3332 2401//3332
f 2458//3333 2401//3333 2460//3333
f 2460//3334 2401//3334 2025//3334
f 2460//3335 2025//3335 2461//3335
f 2461//3336 2025//3336 2024//3336
f 2462//3337 2463//3337 2464//3337
f 2058//3338 2057//3338 2465//3338
f 1991//3339 1990//3339 2058//3339
f 2058//3340 2465//3340 1991//3340
f 1991//3341 2465//3341 2466//3341
f 1991//3342 2466//3342 1992//3342
f 2466//3343 2467//3343 1992//3343
f 1992//3344 2467//3344 2468//3344
f 1992//3345 2468//3345 1993//3345
f 1993//3346 2468//3346 2469//3346
f 1993//3347 2469//3347 1979//3347
f 1979//3348 2469//3348 2470//3348
f 1979//3349 2470//3349 1980//3349
f 2470//3350 2462//3350 1980//3350
f 1980//3351 2462//3351 2464//3351
f 1980//3352 2464//3352 1994//3352
f 1994//3353 2464//3353 2434//3353
f 1994//3354 2434//3354 1998//3354
f 2471//3355 2472//3355 2473//3355
f 2464//3356 2463//3356 2474//3356
f 2435//3357 2434//3357 2475//3357
f 2475//3358 2434//3358 2464//3358
f 2475//3359 2464//3359 2476//3359
f 2476//3360 2464//3360 2474//3360
f 2474//3361 2477//3361 2476//3361
f 2476//3362 2477//3362 2478//3362
f 2476//3363 2478//3363 2479//3363
f 2479//3364 2478//3364 2480//3364
f 2480//3365 2478//3365 2481//3365
f 2480//3366 2481//3366 2482//3366
f 2483//3367 2471//3367 2484//3367
f 2484//3368 2471//3368 2473//3368
f 2484//3369 2473//3369 2485//3369
f 2485//3370 2473//3370 2486//3370
f 2485//3371 2486//3371 2487//3371
f 2487//3372 2486//3372 2482//3372
f 2487//3373 2482//3373 2488//3373
f 2488//3374 2482//3374 2481//3374
f 2489//2473 2490//2473 2491//2473
f 2491//2473 2490//2473 2492//2473
f 2493//2473 2494//2473 2490//2473
f 2490//2473 2494//2473 2495//2473
f 2490//2473 2495//2473 2492//2473
f 2476//2473 2479//2473 2490//2473
f 2490//2473 2479//2473 2480//2473
f 2480//2473 2482//2473 2490//2473
f 2490//2473 2482//2473 2486//2473
f 2490//2473 2486//2473 2473//2473
f 2473//3375 2472//3375 2490//3375
f 2490//2473 2472//2473 2496//2473
f 2490//2473 2496//2473 2493//2473
f 2475//3376 2476//3376 2490//3376
f 2497//3377 2449//3377 2431//3377
f 2431//372 2433//372 2490//372
f 2490//3378 2433//3378 2435//3378
f 2490//3379 2435//3379 2475//3379
f 2498//3380 2499//3380 2500//3380
f 2490//372 2501//372 2431//372
f 2431//372 2501//372 2498//372
f 2431//372 2498//372 2497//372
f 2497//372 2498//372 2500//372
f 2497//372 2500//372 2502//372
f 2503//3381 2471//3381 2483//3381
f 2496//3382 2472//3382 2471//3382
f 2471//3383 2503//3383 2496//3383
f 2496//3384 2503//3384 2504//3384
f 2496//3385 2504//3385 2493//3385
f 2493//3386 2504//3386 2505//3386
f 2493//3387 2505//3387 2494//3387
f 2494//3388 2505//3388 2506//3388
f 2494//3389 2506//3389 2495//3389
f 2495//3390 2506//3390 2507//3390
f 2495//3391 2507//3391 2492//3391
f 2508//3392 2509//3392 2507//3392
f 2507//3393 2509//3393 2491//3393
f 2507//3394 2491//3394 2492//3394
f 2508//3395 2507//3395 2510//3395
f 2510//3396 2507//3396 2506//3396
f 2510//3397 2506//3397 2511//3397
f 2504//3398 2512//3398 2505//3398
f 2505//3399 2512//3399 2513//3399
f 2505//3400 2513//3400 2506//3400
f 2506//3401 2513//3401 2514//3401
f 2506//3402 2514//3402 2511//3402
f 2483//3403 2515//3403 2503//3403
f 2503//3404 2515//3404 2516//3404
f 2503//3405 2516//3405 2504//3405
f 2504//3406 2516//3406 2517//3406
f 2504//3407 2517//3407 2512//3407
f 2518//3408 2519//3408 2520//3408
f 2521//3409 1198//3409 1197//3409
f 2521//3410 1197//3410 2520//3410
f 2520//3411 1197//3411 2522//3411
f 2520//3412 2522//3412 2518//3412
f 2521//3413 2497//3413 2502//3413
f 1198//2596 2521//2596 1196//2596
f 1196//3414 2521//3414 2502//3414
f 1196//3415 2502//3415 2523//3415
f 2523//3416 2502//3416 2500//3416
f 2523//3417 2500//3417 2524//3417
f 2500//3418 2499//3418 2524//3418
f 2524//3419 2499//3419 2498//3419
f 2524//3420 2498//3420 2525//3420
f 2525//3421 2498//3421 2526//3421
f 2526//3422 2498//3422 2501//3422
f 2526//3423 2501//3423 2527//3423
f 2490//3424 2489//3424 2501//3424
f 2501//3425 2489//3425 2528//3425
f 2501//3426 2528//3426 2527//3426
f 2515//3427 2483//3427 2529//3427
f 2529//3428 2483//3428 2530//3428
f 2517//3429 2516//3429 2531//3429
f 2531//3430 2516//3430 2515//3430
f 2531//3431 2515//3431 2532//3431
f 2532//3432 2515//3432 2529//3432
f 2517//3433 2531//3433 2512//3433
f 2512//3434 2531//3434 2533//3434
f 2512//3435 2533//3435 2513//3435
f 2534//3436 2535//3436 2509//3436
f 2509//3437 2508//3437 2534//3437
f 2534//3438 2508//3438 2510//3438
f 2534//3439 2510//3439 2536//3439
f 2536//3440 2510//3440 2511//3440
f 2536//3441 2511//3441 2533//3441
f 2533//3442 2511//3442 2514//3442
f 2533//3443 2514//3443 2513//3443
f 2537//3444 2527//3444 2528//3444
f 2535//3445 2538//3445 2509//3445
f 2509//3446 2538//3446 2539//3446
f 2509//3447 2539//3447 2491//3447
f 2491//3448 2539//3448 2537//3448
f 2491//3449 2537//3449 2489//3449
f 2489//3450 2537//3450 2528//3450
f 2483//3451 2484//3451 2530//3451
f 2530//3452 2484//3452 2485//3452
f 2530//3453 2485//3453 2540//3453
f 2540//3454 2485//3454 2487//3454
f 2540//3455 2487//3455 2541//3455
f 2541//3456 2487//3456 2488//3456
f 2541//3457 2488//3457 2542//3457
f 2542//3458 2488//3458 2481//3458
f 2542//3459 2481//3459 2543//3459
f 2543//3460 2481//3460 2478//3460
f 2543//3461 2478//3461 2544//3461
f 2544//3462 2478//3462 2477//3462
f 2544//3463 2477//3463 2545//3463
f 2545//3464 2477//3464 2474//3464
f 2545//3465 2474//3465 2463//3465
f 2071//3466 2073//3466 2076//3466
f 2079//3467 2060//3467 2067//3467
f 2079//3468 2067//3468 2080//3468
f 2080//3469 2067//3469 2066//3469
f 2080//3470 2066//3470 2105//3470
f 2066//3471 2065//3471 2105//3471
f 2105//3472 2065//3472 2064//3472
f 2105//3473 2064//3473 2106//3473
f 2106//3474 2064//3474 2069//3474
f 2106//3475 2069//3475 2102//3475
f 2102//3476 2069//3476 1983//3476
f 2102//3477 1983//3477 2103//3477
f 2103//3478 1983//3478 2076//3478
f 2076//3479 1983//3479 1982//3479
f 2076//3480 1982//3480 2071//3480
f 2055//3481 2053//3481 2546//3481
f 2546//3482 2053//3482 2052//3482
f 2546//3483 2052//3483 2547//3483
f 2547//3484 2052//3484 2063//3484
f 2547//3485 2063//3485 2079//3485
f 2079//3486 2063//3486 2062//3486
f 2079//3487 2062//3487 2060//3487
f 2055//3488 2546//3488 2057//3488
f 2057//3489 2546//3489 2548//3489
f 2057//3490 2548//3490 2465//3490
f 2548//3491 2549//3491 2465//3491
f 2465//3492 2549//3492 2550//3492
f 2465//3493 2550//3493 2466//3493
f 2466//3494 2550//3494 2551//3494
f 2466//3495 2551//3495 2467//3495
f 2467//3496 2551//3496 2552//3496
f 2467//3497 2552//3497 2468//3497
f 2468//3498 2552//3498 2553//3498
f 2468//3499 2553//3499 2469//3499
f 2469//3500 2553//3500 2554//3500
f 2469//3501 2554//3501 2470//3501
f 2470//3502 2554//3502 2555//3502
f 2470//3503 2555//3503 2462//3503
f 2462//3504 2555//3504 2545//3504
f 2462//3505 2545//3505 2463//3505
f 2547//3506 2079//3506 2078//3506
f 2549//3507 2548//3507 2556//3507
f 2556//3508 2548//3508 2546//3508
f 2556//3509 2546//3509 2557//3509
f 2557//3510 2546//3510 2547//3510
f 2557//3511 2547//3511 2558//3511
f 2558//3512 2547//3512 2078//3512
f 2549//3513 2556//3513 2550//3513
f 2550//3514 2556//3514 2559//3514
f 2550//3515 2559//3515 2551//3515
f 2551//3516 2559//3516 2560//3516
f 2551//3517 2560//3517 2552//3517
f 2552//3518 2560//3518 2553//3518
f 2553//3519 2560//3519 2561//3519
f 2553//3520 2561//3520 2554//3520
f 2554//3521 2561//3521 2562//3521
f 2554//3522 2562//3522 2555//3522
f 2563//3523 2545//3523 2555//3523
f 2564//3524 2565//3524 2563//3524
f 2566//3525 2567//3525 2568//3525
f 2568//3526 2567//3526 2565//3526
f 1168//3527 2566//3527 1171//3527
f 1171//3528 2566//3528 2568//3528
f 1171//3529 2568//3529 1180//3529
f 1180//3530 2568//3530 2569//3530
f 1180//3531 2569//3531 1178//3531
f 1178//3532 2569//3532 2570//3532
f 1178//3533 2570//3533 1176//3533
f 1176//3534 2570//3534 1174//3534
f 1174//3535 2570//3535 2571//3535
f 1174//3536 2571//3536 1183//3536
f 1183//3537 2571//3537 1184//3537
f 1184//3538 2571//3538 2572//3538
f 1184//3539 2572//3539 1186//3539
f 1186//3540 2572//3540 1188//3540
f 1188//3541 2572//3541 2573//3541
f 1188//3542 2573//3542 1190//3542
f 1190//3543 2573//3543 2574//3543
f 1190//3544 2574//3544 1192//3544
f 2085//3545 1195//3545 2574//3545
f 2574//3546 1195//3546 1194//3546
f 2574//3547 1194//3547 1192//3547
f 2078//3548 2575//3548 2558//3548
f 2558//3549 2575//3549 2576//3549
f 2558//3550 2576//3550 2557//3550
f 2557//3551 2576//3551 2577//3551
f 2557//3552 2577//3552 2556//3552
f 2556//3553 2577//3553 2578//3553
f 2556//3554 2578//3554 2559//3554
f 2559//3555 2578//3555 2579//3555
f 2559//3556 2579//3556 2560//3556
f 2560//3557 2579//3557 2580//3557
f 2560//3558 2580//3558 2561//3558
f 2561//3559 2580//3559 2581//3559
f 2561//3560 2581//3560 2562//3560
f 2078//3561 2082//3561 2575//3561
f 2575//3562 2082//3562 2084//3562
f 2575//3563 2084//3563 2087//3563
f 2555//3564 2562//3564 2563//3564
f 2563//3565 2562//3565 2581//3565
f 2563//3566 2581//3566 2564//3566
f 2564//3567 2581//3567 2580//3567
f 2564//3568 2580//3568 2582//3568
f 2582//3569 2580//3569 2579//3569
f 2582//3570 2579//3570 2583//3570
f 2583//3571 2579//3571 2578//3571
f 2583//3572 2578//3572 2584//3572
f 2584//3573 2578//3573 2577//3573
f 2584//3574 2577//3574 2585//3574
f 2585//3575 2577//3575 2576//3575
f 2585//3576 2576//3576 2586//3576
f 2586//3577 2576//3577 2575//3577
f 2586//3578 2575//3578 2587//3578
f 2587//3579 2575//3579 2087//3579
f 2587//3580 2087//3580 2086//3580
f 2565//3581 2564//3581 2568//3581
f 2568//3582 2564//3582 2582//3582
f 2568//3583 2582//3583 2569//3583
f 2569//3584 2582//3584 2583//3584
f 2569//3585 2583//3585 2570//3585
f 2570//3586 2583//3586 2584//3586
f 2570//3587 2584//3587 2571//3587
f 2571//3588 2584//3588 2585//3588
f 2571//3589 2585//3589 2572//3589
f 2572//3590 2585//3590 2586//3590
f 2572//3591 2586//3591 2573//3591
f 2573//3592 2586//3592 2587//3592
f 2573//3593 2587//3593 2574//3593
f 2574//3594 2587//3594 2086//3594
f 2574//3595 2086//3595 2085//3595
f 2588//3596 2589//3596 2590//3596
f 2544//3597 2591//3597 2592//3597
f 2566//3598 1168//3598 1165//3598
f 2593//3599 2594//3599 2595//3599
f 2595//3600 2594//3600 2533//3600
f 2596//3601 1144//3601 1141//3601
f 1144//3602 2596//3602 1146//3602
f 1146//3603 2596//3603 2597//3603
f 1146//3604 2597//3604 1148//3604
f 2598//3605 1160//3605 2599//3605
f 2599//3606 1160//3606 1153//3606
f 2599//3607 1153//3607 2600//3607
f 2600//3608 1153//3608 1151//3608
f 2600//3609 1151//3609 2597//3609
f 2597//3610 1151//3610 1150//3610
f 2597//3611 1150//3611 1148//3611
f 1163//3612 1158//3612 2598//3612
f 2598//3613 1158//3613 1161//3613
f 2598//3614 1161//3614 1160//3614
f 2598//3615 2601//3615 1163//3615
f 1163//3616 2601//3616 2602//3616
f 1163//3617 2602//3617 1165//3617
f 1165//3618 2602//3618 2567//3618
f 1165//3619 2567//3619 2566//3619
f 2603//3620 2542//3620 2592//3620
f 2592//3621 2542//3621 2543//3621
f 2592//3622 2543//3622 2544//3622
f 2533//3623 2531//3623 2595//3623
f 2595//3624 2531//3624 2532//3624
f 2595//3625 2532//3625 2604//3625
f 2604//3626 2532//3626 2529//3626
f 2604//3627 2529//3627 2605//3627
f 2605//3628 2529//3628 2530//3628
f 2605//3629 2530//3629 2606//3629
f 2606//3630 2530//3630 2540//3630
f 2606//3631 2540//3631 2603//3631
f 2603//3632 2540//3632 2541//3632
f 2603//3633 2541//3633 2542//3633
f 2607//3634 2608//3634 2609//3634
f 2589//3635 2593//3635 2590//3635
f 2590//3636 2593//3636 2595//3636
f 2590//3637 2595//3637 2610//3637
f 2610//3638 2595//3638 2604//3638
f 2610//3639 2604//3639 2611//3639
f 2611//3640 2604//3640 2605//3640
f 2611//3641 2605//3641 2612//3641
f 2612//3642 2605//3642 2606//3642
f 2612//3643 2606//3643 2613//3643
f 2613//3644 2606//3644 2603//3644
f 2613//3645 2603//3645 2614//3645
f 2614//3646 2603//3646 2592//3646
f 2614//3647 2592//3647 2615//3647
f 2615//3648 2592//3648 2591//3648
f 2615//3649 2591//3649 2563//3649
f 2563//3650 2591//3650 2544//3650
f 2563//3651 2544//3651 2545//3651
f 2608//3652 2588//3652 2609//3652
f 2609//3653 2588//3653 2590//3653
f 2609//3654 2590//3654 2616//3654
f 2616//3655 2590//3655 2610//3655
f 2616//3656 2610//3656 2617//3656
f 2617//3657 2610//3657 2611//3657
f 2617//3658 2611//3658 2618//3658
f 2618//3659 2611//3659 2612//3659
f 2618//3660 2612//3660 2619//3660
f 2619//3661 2612//3661 2613//3661
f 2619//3662 2613//3662 2620//3662
f 2620//3663 2613//3663 2614//3663
f 2620//3664 2614//3664 2621//3664
f 2621//3665 2614//3665 2615//3665
f 2621//3666 2615//3666 2565//3666
f 2565//3667 2615//3667 2563//3667
f 2565//3668 2567//3668 2621//3668
f 2621//3669 2567//3669 2602//3669
f 2621//3670 2602//3670 2620//3670
f 2620//3671 2602//3671 2601//3671
f 2620//3672 2601//3672 2619//3672
f 2619//3673 2601//3673 2598//3673
f 2619//3674 2598//3674 2618//3674
f 2618//3675 2598//3675 2599//3675
f 2618//3676 2599//3676 2617//3676
f 2617//3677 2599//3677 2600//3677
f 2617//3678 2600//3678 2616//3678
f 2616//3679 2600//3679 2597//3679
f 2616//3680 2597//3680 2609//3680
f 2609//3681 2597//3681 2596//3681
f 2609//3682 2596//3682 2607//3682
f 2607//3683 2596//3683 1141//3683
f 2607//3684 1141//3684 1140//3684
f 2538//3685 2535//3685 2622//3685
f 2623//3686 2624//3686 2625//3686
f 2589//3687 2588//3687 2626//3687
f 2608//3688 2607//3688 2627//3688
f 2628//3689 2629//3689 2630//3689
f 2631//3690 2632//3690 2628//3690
f 2623//3691 2633//3691 2634//3691
f 2632//3692 2631//3692 2634//3692
f 2607//3693 1140//3693 2627//3693
f 2627//3694 1140//3694 2635//3694
f 2627//3695 2635//3695 2636//3695
f 2636//3696 2635//3696 2637//3696
f 2636//3697 2637//3697 2638//3697
f 2536//3698 2533//3698 2639//3698
f 2639//3699 2533//3699 2594//3699
f 2639//3700 2594//3700 2593//3700
f 2640//3701 2641//3701 2642//3701
f 2622//3702 2535//3702 2639//3702
f 2639//3703 2535//3703 2534//3703
f 2639//3704 2534//3704 2536//3704
f 2588//3705 2608//3705 2626//3705
f 2626//3706 2608//3706 2627//3706
f 2626//3707 2627//3707 2625//3707
f 2625//3708 2627//3708 2636//3708
f 2625//3709 2636//3709 2623//3709
f 2623//3710 2636//3710 2638//3710
f 2623//3711 2638//3711 2633//3711
f 2641//3712 2527//3712 2642//3712
f 2642//3713 2527//3713 2537//3713
f 2642//3714 2537//3714 2539//3714
f 2628//3715 2630//3715 2631//3715
f 2631//3716 2630//3716 2640//3716
f 2631//3717 2640//3717 2643//3717
f 2643//3718 2640//3718 2642//3718
f 2643//3719 2642//3719 2622//3719
f 2622//3720 2642//3720 2539//3720
f 2622//3721 2539//3721 2538//3721
f 2634//3722 2631//3722 2623//3722
f 2623//3723 2631//3723 2643//3723
f 2623//3724 2643//3724 2624//3724
f 2624//3725 2643//3725 2622//3725
f 2624//3726 2622//3726 2625//3726
f 2625//3727 2622//3727 2639//3727
f 2625//3728 2639//3728 2626//3728
f 2626//3729 2639//3729 2593//3729
f 2626//3730 2593//3730 2589//3730
f 2526//3731 2527//3731 2641//3731
f 2644//3732 2525//3732 2526//3732
f 2526//3733 2641//3733 2644//3733
f 2644//3734 2641//3734 2640//3734
f 2644//3735 2640//3735 2645//3735
f 2645//3736 2640//3736 2630//3736
f 2645//3737 2630//3737 2646//3737
f 2646//3738 2630//3738 2629//3738
f 2646//3739 2629//3739 2647//3739
f 2648//3740 2649//3740 2650//3740
f 2650//3741 2525//3741 2644//3741
f 2648//3742 2650//3742 2651//3742
f 2650//3743 2644//3743 2651//3743
f 2651//3744 2644//3744 2645//3744
f 2651//3745 2645//3745 2652//3745
f 2652//3746 2645//3746 2653//3746
f 2653//3747 2645//3747 2646//3747
f 2653//3748 2646//3748 2654//3748
f 2654//3749 2646//3749 2647//3749
f 2654//3750 2647//3750 1133//3750
f 2655//3751 2656//3751 2657//3751
f 2658//3752 1116//3752 2659//3752
f 2659//3753 1116//3753 1137//3753
f 2660//3754 2653//3754 2654//3754
f 2654//3755 1133//3755 2660//3755
f 2660//3756 1133//3756 1131//3756
f 2660//3757 1131//3757 2658//3757
f 2658//3758 1131//3758 1117//3758
f 2658//3759 1117//3759 1116//3759
f 2651//3760 2657//3760 2648//3760
f 2648//3761 2657//3761 2656//3761
f 2648//3762 2656//3762 2649//3762
f 2655//3763 2657//3763 2661//3763
f 2661//3764 2657//3764 2662//3764
f 2661//3765 2662//3765 2663//3765
f 2663//3766 2662//3766 2664//3766
f 2663//3767 2664//3767 2665//3767
f 2666//3768 2665//3768 2667//3768
f 2667//3769 2665//3769 2664//3769
f 2667//3770 2664//3770 2668//3770
f 2669//3771 2668//3771 2670//3771
f 2670//3772 2668//3772 2664//3772
f 2670//3773 2664//3773 2671//3773
f 2671//3774 2664//3774 2662//3774
f 2671//3775 2662//3775 2672//3775
f 2672//3776 2662//3776 2657//3776
f 2672//3777 2657//3777 2652//3777
f 2652//3778 2657//3778 2651//3778
f 2652//3779 2653//3779 2672//3779
f 2672//3780 2653//3780 2660//3780
f 2672//3781 2660//3781 2671//3781
f 2671//3782 2660//3782 2658//3782
f 2671//3783 2658//3783 2670//3783
f 2670//3784 2658//3784 2659//3784
f 2670//3785 2659//3785 2669//3785
f 2669//3786 2659//3786 1137//3786
f 2669//3787 1137//3787 1110//3787
f 1109//3788 1106//3788 2673//3788
f 2674//3789 2666//3789 2675//3789
f 2675//3790 2666//3790 2667//3790
f 2675//3791 2667//3791 2676//3791
f 2676//3792 2667//3792 2668//3792
f 2676//3793 2668//3793 2673//3793
f 2673//3794 2668//3794 2669//3794
f 2673//3795 2669//3795 1109//3795
f 1109//3796 2669//3796 1110//3796
f 1105//3797 1104//3797 2677//3797
f 2678//3798 2674//3798 2679//3798
f 2679//3799 2674//3799 2675//3799
f 2679//3800 2675//3800 2680//3800
f 2680//3801 2675//3801 2676//3801
f 2680//3802 2676//3802 2677//3802
f 2677//3803 2676//3803 2673//3803
f 2677//3804 2673//3804 1105//3804
f 1105//3805 2673//3805 1106//3805
f 1099//3806 1108//3806 2681//3806
f 2681//3807 1108//3807 2682//3807
f 2681//3808 2682//3808 2683//3808
f 2683//3809 2682//3809 2684//3809
f 2683//3810 2684//3810 2685//3810
f 2685//3811 2684//3811 2686//3811
f 2685//3812 2686//3812 2687//3812
f 2687//3813 2686//3813 2688//3813
f 1104//3814 1099//3814 2677//3814
f 2677//3815 1099//3815 2681//3815
f 2677//3816 2681//3816 2680//3816
f 2680//3817 2681//3817 2683//3817
f 2680//3818 2683//3818 2679//3818
f 2679//3819 2683//3819 2685//3819
f 2679//3820 2685//3820 2678//3820
f 2678//3821 2685//3821 2687//3821
f 2689//3822 2688//3822 2686//3822
f 1107//3823 1082//3823 2690//3823
f 1107//3824 2690//3824 1108//3824
f 2691//3825 2689//3825 2692//3825
f 2692//3826 2689//3826 2686//3826
f 2692//3827 2686//3827 2693//3827
f 2693//3828 2686//3828 2684//3828
f 2693//3829 2684//3829 2690//3829
f 2690//3830 2684//3830 2682//3830
f 2690//3831 2682//3831 1108//3831
f 2694//3832 2691//3832 2692//3832
f 1081//3833 1089//3833 2695//3833
f 1082//3834 1081//3834 2690//3834
f 2690//3835 1081//3835 2695//3835
f 2690//3836 2695//3836 2693//3836
f 2693//3837 2695//3837 2696//3837
f 2693//3838 2696//3838 2692//3838
f 2692//3839 2696//3839 2697//3839
f 2692//3840 2697//3840 2694//3840
f 2694//3841 2697//3841 2698//3841
f 1076//3842 2698//3842 2697//3842
f 1072//3843 1080//3843 2699//3843
f 2699//3844 1080//3844 1079//3844
f 2699//3845 1079//3845 2700//3845
f 2701//3846 2702//3846 2703//3846
f 2704//3847 2705//3847 2706//3847
f 2701//3848 2703//3848 2707//3848
f 2707//3849 2703//3849 2700//3849
f 2707//3850 2700//3850 2708//3850
f 2708//3851 2700//3851 1079//3851
f 2708//3852 1079//3852 1075//3852
f 1089//3853 2705//3853 2695//3853
f 2695//3854 2705//3854 2704//3854
f 2695//3855 2704//3855 2696//3855
f 2696//3856 2704//3856 2709//3856
f 2696//3857 2709//3857 2697//3857
f 2697//3858 2709//3858 2710//3858
f 2697//3859 2710//3859 1076//3859
f 2711//3860 2702//3860 2706//3860
f 2706//3861 2702//3861 2701//3861
f 2706//3862 2701//3862 2704//3862
f 2704//3863 2701//3863 2707//3863
f 2704//3864 2707//3864 2709//3864
f 2709//3865 2707//3865 2708//3865
f 2709//3866 2708//3866 2710//3866
f 2710//3867 2708//3867 1075//3867
f 2710//3868 1075//3868 1076//3868
f 912//3869 1072//3869 913//3869
f 913//3870 1072//3870 2699//3870
f 2699//3871 2700//3871 913//3871
f 913//3872 2700//3872 2703//3872
f 913//3873 2703//3873 910//3873
f 2703//3874 2702//3874 910//3874
f 910//3875 2702//3875 2711//3875
f 910//3876 2711//3876 911//3876
f 2712//3877 2713//3877 2714//3877
f 2714//3878 2715//3878 2712//3878
f 2712//3879 2715//3879 2716//3879
f 2712//3880 2716//3880 2717//3880
f 2712//3881 2718//3881 2713//3881
f 2713//3882 2718//3882 2719//3882
f 2713//3883 2719//3883 2720//3883
f 2720//3884 2719//3884 2721//3884
f 2721//3885 2719//3885 911//3885
f 2721//3886 911//3886 2711//3886
f 2722//3887 1091//3887 1086//3887
f 2723//3888 2724//3888 2725//3888
f 2726//3889 2714//3889 2713//3889
f 2724//3890 2727//3890 2728//3890
f 2726//3891 2713//3891 2729//3891
f 2727//3892 2724//3892 2730//3892
f 2730//3893 2724//3893 2723//3893
f 2730//3894 2723//3894 2731//3894
f 2705//3895 1089//3895 1090//3895
f 2728//3896 2729//3896 2724//3896
f 2724//3897 2729//3897 2713//3897
f 2724//3898 2713//3898 2725//3898
f 2725//3899 2713//3899 2720//3899
f 2725//3900 2720//3900 2732//3900
f 2732//3901 2720//3901 2721//3901
f 1085//3902 2731//3902 1086//3902
f 1086//3903 2731//3903 2723//3903
f 1086//3904 2723//3904 2722//3904
f 2722//3905 2723//3905 2725//3905
f 2722//3906 2725//3906 2733//3906
f 2733//3907 2725//3907 2732//3907
f 1091//3908 2722//3908 1090//3908
f 1090//3909 2722//3909 2733//3909
f 1090//3910 2733//3910 2705//3910
f 2705//3911 2733//3911 2732//3911
f 2705//3912 2732//3912 2706//3912
f 2706//3913 2732//3913 2721//3913
f 2706//3914 2721//3914 2711//3914
f 2734//3915 2729//3915 2735//3915
f 2735//3916 2729//3916 2728//3916
f 2735//3917 2728//3917 2736//3917
f 1113//3918 1124//3918 2737//3918
f 1113//3919 2737//3919 1114//3919
f 1114//3920 2737//3920 1097//3920
f 1097//3921 2737//3921 2738//3921
f 1097//3922 2738//3922 1098//3922
f 1098//3923 2738//3923 2739//3923
f 1098//3924 2739//3924 1088//3924
f 1088//3925 2739//3925 2740//3925
f 1088//3926 2740//3926 1084//3926
f 1084//3927 2740//3927 2741//3927
f 1084//3928 2741//3928 1085//3928
f 1085//3929 2741//3929 2731//3929
f 2731//3930 2741//3930 2742//3930
f 2731//3931 2742//3931 2730//3931
f 2730//3932 2742//3932 2727//3932
f 2727//3933 2742//3933 2736//3933
f 2727//3934 2736//3934 2728//3934
f 1123//3935 2743//3935 1124//3935
f 1124//3936 2743//3936 2737//3936
f 2743//3937 1123//3937 1122//3937
f 2743//3938 1122//3938 2744//3938
f 2744//3939 1122//3939 1120//3939
f 2744//3940 1120//3940 2745//3940
f 2745//3941 1120//3941 1119//3941
f 2745//3942 1119//3942 2746//3942
f 2746//3943 1119//3943 1125//3943
f 2746//3944 1125//3944 2747//3944
f 2748//3945 2747//3945 2749//3945
f 2749//3946 2747//3946 1125//3946
f 2749//3947 1125//3947 1139//3947
f 2750//3948 2751//3948 2752//3948
f 2753//3949 2754//3949 2751//3949
f 1142//3950 1143//3950 2755//3950
f 2756//3951 2757//3951 2758//3951
f 2758//3952 2757//3952 2759//3952
f 2758//3953 2759//3953 2760//3953
f 2761//3954 2762//3954 2756//3954
f 2756//3955 2762//3955 2763//3955
f 2756//3956 2763//3956 2757//3956
f 2764//3957 2765//3957 2766//3957
f 2766//3958 2765//3958 2767//3958
f 2766//3959 2767//3959 2761//3959
f 2761//3960 2767//3960 2768//3960
f 2761//3961 2768//3961 2762//3961
f 2769//3962 2770//3962 1140//3962
f 1140//3963 2770//3963 2635//3963
f 2635//3964 2770//3964 2637//3964
f 2637//3965 2770//3965 2771//3965
f 2637//3966 2771//3966 2638//3966
f 2772//3967 2773//3967 2633//3967
f 2774//3968 2634//3968 2633//3968
f 2634//3969 2774//3969 2632//3969
f 2632//3970 2774//3970 2752//3970
f 2632//3971 2752//3971 2628//3971
f 2628//3972 2752//3972 2629//3972
f 2629//3973 2752//3973 1134//3973
f 2629//3974 1134//3974 2647//3974
f 2647//3975 1134//3975 1132//3975
f 2647//3976 1132//3976 1133//3976
f 2754//3977 1127//3977 2751//3977
f 2751//3978 1127//3978 1136//3978
f 2751//3979 1136//3979 2752//3979
f 2752//3980 1136//3980 1135//3980
f 2752//3981 1135//3981 1134//3981
f 2748//3982 2749//3982 2753//3982
f 2753//3983 2749//3983 1139//3983
f 2753//3984 1139//3984 2754//3984
f 2754//3985 1139//3985 1129//3985
f 2754//3986 1129//3986 1127//3986
f 2633//3987 2773//3987 2774//3987
f 2774//3988 2773//3988 2775//3988
f 2774//3989 2775//3989 2752//3989
f 2752//3990 2775//3990 2776//3990
f 2752//3991 2776//3991 2750//3991
f 2769//3992 2777//3992 2770//3992
f 2770//3993 2777//3993 2778//3993
f 2770//3994 2778//3994 2771//3994
f 2771//3995 2778//3995 2772//3995
f 2771//3996 2772//3996 2638//3996
f 2638//3997 2772//3997 2633//3997
f 2759//3998 2775//3998 2760//3998
f 2760//3999 2775//3999 2773//3999
f 2760//4000 2773//4000 2758//4000
f 2758//4001 2773//4001 2772//4001
f 2758//4002 2772//4002 2756//4002
f 2756//4003 2772//4003 2778//4003
f 2756//4004 2778//4004 2761//4004
f 2761//4005 2778//4005 2777//4005
f 2761//4006 2777//4006 2766//4006
f 2766//4007 2777//4007 2769//4007
f 2766//4008 2769//4008 2755//4008
f 2755//4009 2769//4009 1140//4009
f 2755//4010 1140//4010 1142//4010
f 2779//4011 2764//4011 2766//4011
f 2780//4012 2781//4012 2782//4012
f 2782//4013 2781//4013 2779//4013
f 2782//4014 2779//4014 2783//4014
f 2783//4015 2779//4015 2766//4015
f 2783//4016 2766//4016 2755//4016
f 2780//4017 2782//4017 2784//4017
f 2784//4018 2782//4018 2785//4018
f 2784//4019 2785//4019 2786//4019
f 2787//4020 2788//4020 2789//4020
f 2787//4021 2789//4021 2790//4021
f 2789//4022 2791//4022 2790//4022
f 2790//4023 2791//4023 2792//4023
f 2790//4024 2792//4024 2785//4024
f 2785//4025 2792//4025 2793//4025
f 2785//4026 2793//4026 2786//4026
f 2788//4027 2787//4027 2794//4027
f 2794//4028 2787//4028 2795//4028
f 2794//4029 2795//4029 2796//4029
f 2797//4030 2798//4030 2795//4030
f 2795//4031 2798//4031 2799//4031
f 2795//4032 2799//4032 2796//4032
f 2800//4033 1166//4033 2797//4033
f 2797//4034 1166//4034 1167//4034
f 2797//4035 1167//4035 1169//4035
f 2801//4036 1162//4036 2800//4036
f 2800//4037 1162//4037 1164//4037
f 2800//4038 1164//4038 1166//4038
f 2802//4039 1157//4039 2801//4039
f 2801//4040 1157//4040 1156//4040
f 2801//4041 1156//4041 1162//4041
f 2803//4042 1155//4042 2802//4042
f 2802//4043 1155//4043 1159//4043
f 2802//4044 1159//4044 1157//4044
f 1147//4045 1149//4045 2804//4045
f 2804//4046 1149//4046 1152//4046
f 2804//4047 1152//4047 2803//4047
f 2803//4048 1152//4048 1154//4048
f 2803//4049 1154//4049 1155//4049
f 1147//4050 2804//4050 1145//4050
f 1145//4051 2804//4051 2805//4051
f 1145//4052 2805//4052 1143//4052
f 2797//4053 2795//4053 2800//4053
f 2800//4054 2795//4054 2787//4054
f 2800//4055 2787//4055 2801//4055
f 2801//4056 2787//4056 2790//4056
f 2801//4057 2790//4057 2802//4057
f 2802//4058 2790//4058 2785//4058
f 2802//4059 2785//4059 2803//4059
f 2803//4060 2785//4060 2782//4060
f 2803//4061 2782//4061 2804//4061
f 2804//4062 2782//4062 2783//4062
f 2804//4063 2783//4063 2805//4063
f 2805//4064 2783//4064 2755//4064
f 2805//4065 2755//4065 1143//4065
f 2806//4066 2807//4066 2808//4066
f 2809//4067 2810//4067 2811//4067
f 2809//4068 2811//4068 2812//4068
f 2808//4069 2813//4069 2806//4069
f 2806//4070 2813//4070 2814//4070
f 2806//4071 2814//4071 2815//4071
f 2815//4072 2814//4072 2816//4072
f 2815//4073 2816//4073 2809//4073
f 2809//4074 2816//4074 2817//4074
f 2809//4075 2817//4075 2810//4075
f 1189//4076 1191//4076 2818//4076
f 2818//4077 2819//4077 1189//4077
f 1189//4078 2819//4078 2820//4078
f 1189//4079 2820//4079 1187//4079
f 1187//4080 2820//4080 1185//4080
f 1185//4081 2820//4081 2821//4081
f 1185//4082 2821//4082 1172//4082
f 1172//4083 2821//4083 1173//4083
f 1173//4084 2821//4084 2822//4084
f 1173//4085 2822//4085 1175//4085
f 1175//4086 2822//4086 1177//4086
f 1177//4087 2822//4087 2823//4087
f 1177//4088 2823//4088 1179//4088
f 1179//4089 2823//4089 1181//4089
f 1181//4090 2823//4090 2824//4090
f 1181//4091 2824//4091 1182//4091
f 2797//4092 1169//4092 2824//4092
f 2824//4093 1169//4093 1170//4093
f 2824//4094 1170//4094 1182//4094
f 2825//4095 2826//4095 2827//4095
f 2828//4096 2829//4096 2825//4096
f 2825//4097 2829//4097 2830//4097
f 2825//4098 2830//4098 2826//4098
f 2811//4099 2831//4099 2812//4099
f 2812//4100 2831//4100 2832//4100
f 2812//4101 2832//4101 2828//4101
f 2828//4102 2832//4102 2833//4102
f 2828//4103 2833//4103 2829//4103
f 2818//4104 2807//4104 2819//4104
f 2819//4105 2807//4105 2806//4105
f 2819//4106 2806//4106 2820//4106
f 2820//4107 2806//4107 2815//4107
f 2820//4108 2815//4108 2821//4108
f 2821//4109 2815//4109 2809//4109
f 2821//4110 2809//4110 2822//4110
f 2822//4111 2809//4111 2812//4111
f 2822//4112 2812//4112 2823//4112
f 2823//4113 2812//4113 2828//4113
f 2823//4114 2828//4114 2824//4114
f 2824//4115 2828//4115 2825//4115
f 2824//4116 2825//4116 2797//4116
f 2797//4117 2825//4117 2827//4117
f 2797//4118 2827//4118 2798//4118
f 2808//4119 2834//4119 2835//4119
f 2808//4120 2835//4120 2813//4120
f 2835//4121 2836//4121 2813//4121
f 2813//4122 2836//4122 2837//4122
f 2813//4123 2837//4123 2814//4123
f 2814//4124 2837//4124 2838//4124
f 2814//4125 2838//4125 2816//4125
f 2816//4126 2838//4126 2839//4126
f 2816//4127 2839//4127 2817//4127
f 2817//4128 2839//4128 2810//4128
f 2810//4129 2839//4129 2840//4129
f 2810//4130 2840//4130 2811//4130
f 2841//4131 2842//4131 2843//4131
f 2844//4132 2845//4132 2846//4132
f 2846//4133 2845//4133 2847//4133
f 2846//4134 2847//4134 2848//4134
f 2846//4135 2835//4135 2834//4135
f 2834//4136 2843//4136 2846//4136
f 2846//4137 2843//4137 2842//4137
f 2846//4138 2842//4138 2844//4138
f 2844//4139 2842//4139 2841//4139
f 2844//4140 2841//4140 2849//4140
f 2849//4141 2841//4141 2850//4141
f 2849//4142 2850//4142 2851//4142
f 2849//4143 2851//4143 2852//4143
f 2852//4144 2851//4144 2853//4144
f 2852//4145 2853//4145 2854//4145
f 2847//4146 2845//4146 2852//4146
f 2852//4147 2845//4147 2844//4147
f 2852//4148 2844//4148 2849//4148
f 2847//4149 2852//4149 2848//4149
f 2848//4150 2852//4150 2855//4150
f 2848//4151 2855//4151 2856//4151
f 2854//4152 2857//4152 2852//4152
f 2852//4153 2857//4153 2858//4153
f 2852//4154 2858//4154 2855//4154
f 2855//4155 2858//4155 2859//4155
f 2855//4156 2859//4156 2860//4156
f 2860//4157 2861//4157 2862//4157
f 2089//4158 2863//4158 2864//4158
f 2860//4159 2859//4159 2865//4159
f 2866//4160 2867//4160 2862//4160
f 2865//4161 1927//4161 2860//4161
f 2860//4162 1927//4162 1928//4162
f 2860//4163 1928//4163 2861//4163
f 2861//4164 1928//4164 1930//4164
f 2861//4165 1930//4165 2862//4165
f 2862//4166 1930//4166 1929//4166
f 2862//4167 1929//4167 2866//4167
f 1921//4168 1923//4168 2109//4168
f 2109//4169 1923//4169 1925//4169
f 2109//4170 1925//4170 2092//4170
f 2868//4171 2101//4171 2869//4171
f 2869//4172 2101//4172 2093//4172
f 2869//4173 2093//4173 2865//4173
f 2865//4174 2093//4174 2092//4174
f 2865//4175 2092//4175 1927//4175
f 1927//4176 2092//4176 1925//4176
f 2870//4177 2088//4177 2868//4177
f 2868//4178 2088//4178 2097//4178
f 2868//4179 2097//4179 2101//4179
f 2089//4180 2864//4180 2075//4180
f 2075//4181 2864//4181 2871//4181
f 2075//4182 2871//4182 1195//4182
f 1195//4183 2871//4183 1193//4183
f 1193//4184 2871//4184 2818//4184
f 1193//4185 2818//4185 1191//4185
f 2853//4186 2851//4186 2872//4186
f 2872//4187 2851//4187 2850//4187
f 2872//4188 2850//4188 2873//4188
f 2873//4189 2850//4189 2841//4189
f 2873//4190 2841//4190 2874//4190
f 2874//4191 2841//4191 2843//4191
f 2874//4192 2843//4192 2875//4192
f 2875//4193 2843//4193 2834//4193
f 2859//4194 2858//4194 2865//4194
f 2865//4195 2858//4195 2857//4195
f 2865//4196 2857//4196 2869//4196
f 2869//4197 2857//4197 2854//4197
f 2869//4198 2854//4198 2868//4198
f 2807//4199 2818//4199 2876//4199
f 2876//4200 2818//4200 2871//4200
f 2876//4201 2871//4201 2877//4201
f 2877//4202 2871//4202 2864//4202
f 2877//4203 2864//4203 2870//4203
f 2870//4204 2864//4204 2863//4204
f 2870//4205 2863//4205 2088//4205
f 2088//4206 2863//4206 2089//4206
f 2854//4207 2853//4207 2868//4207
f 2868//4208 2853//4208 2872//4208
f 2868//4209 2872//4209 2870//4209
f 2870//4210 2872//4210 2873//4210
f 2870//4211 2873//4211 2877//4211
f 2877//4212 2873//4212 2874//4212
f 2877//4213 2874//4213 2876//4213
f 2876//4214 2874//4214 2875//4214
f 2876//4215 2875//4215 2807//4215
f 2807//4216 2875//4216 2834//4216
f 2807//4217 2834//4217 2808//4217
f 1929//4218 1914//4218 2866//4218
f 2866//4219 1914//4219 2878//4219
f 2866//4220 2878//4220 2867//4220
f 1934//4221 2879//4221 1931//4221
f 1931//4222 2879//4222 2880//4222
f 1931//4223 2880//4223 2881//4223
f 2878//4224 1914//4224 2882//4224
f 2882//4225 1914//4225 1913//4225
f 2882//4226 1913//4226 2881//4226
f 2881//4227 1913//4227 1932//4227
f 2881//4228 1932//4228 1931//4228
f 2879//4229 1934//4229 2883//4229
f 2883//4230 1934//4230 1935//4230
f 2884//4231 2885//4231 2886//4231
f 2886//4232 2885//4232 2887//4232
f 2886//4233 2887//4233 2888//4233
f 2888//4234 2887//4234 2889//4234
f 2889//4235 2887//4235 2890//4235
f 2889//4236 2890//4236 1887//4236
f 1887//4237 2890//4237 2891//4237
f 1887//4238 2891//4238 1882//4238
f 1882//4239 2891//4239 1883//4239
f 1883//4240 2891//4240 2892//4240
f 1883//4241 2892//4241 2893//4241
f 2894//4242 1904//4242 2893//4242
f 2893//4243 1904//4243 1905//4243
f 2893//4244 1905//4244 1883//4244
f 1935//4245 1908//4245 2883//4245
f 2883//4246 1908//4246 1907//4246
f 2883//4247 1907//4247 2894//4247
f 2894//4248 1907//4248 1903//4248
f 2894//4249 1903//4249 1904//4249
f 2895//4250 2896//4250 2884//4250
f 2884//4251 2896//4251 2897//4251
f 2884//4252 2897//4252 2885//4252
f 2898//4253 1892//4253 1891//4253
f 2899//4254 2900//4254 2901//4254
f 2902//4255 2903//4255 2904//4255
f 2886//4256 2888//4256 2898//4256
f 2898//4257 2888//4257 1892//4257
f 1892//4258 2888//4258 2889//4258
f 1892//4259 2889//4259 1887//4259
f 2905//4260 2895//4260 2906//4260
f 2906//4261 2895//4261 2884//4261
f 2902//4262 2904//4262 2901//4262
f 2901//4263 2904//4263 2907//4263
f 2901//4264 2907//4264 2899//4264
f 2908//4265 2905//4265 2899//4265
f 2899//4266 2905//4266 2906//4266
f 2899//4267 2906//4267 2900//4267
f 2900//4268 2906//4268 2909//4268
f 2900//4269 2909//4269 2901//4269
f 2901//4270 2909//4270 2910//4270
f 2901//4271 2910//4271 2902//4271
f 2902//4272 2910//4272 2911//4272
f 2884//4273 2886//4273 2906//4273
f 2906//4274 2886//4274 2898//4274
f 2906//4275 2898//4275 2909//4275
f 2909//4276 2898//4276 1891//4276
f 2909//4277 1891//4277 2910//4277
f 2910//4278 1891//4278 1889//4278
f 2910//4279 1889//4279 2911//4279
f 2911//4280 1889//4280 1879//4280
f 2912//4281 2908//4281 2899//4281
f 2913//4282 2914//4282 2915//4282
f 2915//4283 2912//4283 2913//4283
f 2913//4284 2912//4284 2899//4284
f 2913//4285 2899//4285 2916//4285
f 2916//4286 2899//4286 2907//4286
f 2916//4287 2907//4287 2917//4287
f 2917//4288 2907//4288 2904//4288
f 2917//4289 2904//4289 2918//4289
f 2918//4290 2904//4290 2903//4290
f 2919//4291 2920//4291 2921//4291
f 2922//4292 2923//4292 2924//4292
f 2922//4293 2924//4293 2925//4293
f 2926//4294 2927//4294 2928//4294
f 2928//4295 2927//4295 2929//4295
f 2928//4296 2929//4296 2930//4296
f 2930//4297 2929//4297 2931//4297
f 2930//4298 2931//4298 2932//4298
f 2933//4299 2934//4299 2935//4299
f 2935//4300 2934//4300 2936//4300
f 2935//4301 2936//4301 2937//4301
f 2937//4302 2936//4302 2938//4302
f 2937//4303 2938//4303 2939//4303
f 2939//4304 2938//4304 2940//4304
f 2939//4305 2940//4305 2941//4305
f 2941//4306 2940//4306 2942//4306
f 2941//4307 2942//4307 2943//4307
f 2920//4308 2918//4308 2944//4308
f 2921//4309 2945//4309 2919//4309
f 2919//4310 2945//4310 2946//4310
f 2919//4311 2946//4311 2947//4311
f 2947//4312 2946//4312 2948//4312
f 2947//4313 2948//4313 2949//4313
f 2949//4314 2948//4314 2950//4314
f 2950//4315 2948//4315 2951//4315
f 2950//4316 2951//4316 2952//4316
f 2953//4317 2954//4317 2951//4317
f 2951//4318 2954//4318 2955//4318
f 2951//4319 2955//4319 2952//4319
f 2924//4320 2956//4320 2925//4320
f 2925//4321 2956//4321 2957//4321
f 2925//4322 2957//4322 2953//4322
f 2953//4323 2957//4323 2958//4323
f 2953//4324 2958//4324 2954//4324
f 2920//4325 2944//4325 2921//4325
f 2921//4326 2944//4326 2959//4326
f 2921//4327 2959//4327 2945//4327
f 2945//4328 2959//4328 2960//4328
f 2945//4329 2960//4329 2946//4329
f 2946//4330 2960//4330 2961//4330
f 2946//4331 2961//4331 2948//4331
f 2948//4332 2961//4332 2926//4332
f 2948//4333 2926//4333 2951//4333
f 2951//4334 2926//4334 2928//4334
f 2951//4335 2928//4335 2953//4335
f 2953//4336 2928//4336 2930//4336
f 2953//4337 2930//4337 2925//4337
f 2925//4338 2930//4338 2932//4338
f 2925//4339 2932//4339 2922//4339
f 2944//4340 2942//4340 2959//4340
f 2959//4341 2942//4341 2940//4341
f 2959//4342 2940//4342 2960//4342
f 2960//4343 2940//4343 2938//4343
f 2960//4344 2938//4344 2961//4344
f 2961//4345 2938//4345 2936//4345
f 2961//4346 2936//4346 2926//4346
f 2926//4347 2936//4347 2934//4347
f 2926//4348 2934//4348 2927//4348
f 2927//4349 2934//4349 2933//4349
f 2927//4350 2933//4350 2929//4350
f 2903//4351 2962//4351 2918//4351
f 2918//4352 2962//4352 2944//4352
f 2963//4353 2943//4353 2964//4353
f 2964//4354 2943//4354 2942//4354
f 2964//4355 2942//4355 2965//4355
f 2965//4356 2942//4356 2944//4356
f 2965//4357 2944//4357 2966//4357
f 2966//4358 2944//4358 2962//4358
f 2967//4359 2968//4359 2969//4359
f 2962//4360 2903//4360 2902//4360
f 2902//4361 2970//4361 2962//4361
f 2962//4362 2970//4362 2971//4362
f 2962//4363 2971//4363 2966//4363
f 2966//4364 2971//4364 2972//4364
f 2966//4365 2972//4365 2965//4365
f 2973//4366 2963//4366 2964//4366
f 2965//4367 2972//4367 2964//4367
f 2964//4368 2972//4368 2974//4368
f 2964//4369 2974//4369 2973//4369
f 2902//4370 2911//4370 2970//4370
f 2970//4371 2911//4371 2975//4371
f 2970//4372 2975//4372 2971//4372
f 2971//4373 2975//4373 2976//4373
f 2971//4374 2976//4374 2972//4374
f 2972//4375 2976//4375 2969//4375
f 2972//4376 2969//4376 2974//4376
f 2974//4377 2969//4377 2968//4377
f 1877//4378 2967//4378 1878//4378
f 1878//4379 2967//4379 2969//4379
f 1878//4380 2969//4380 1881//4380
f 1881//4381 2969//4381 2976//4381
f 1881//4382 2976//4382 1880//4382
f 1880//4383 2976//4383 2975//4383
f 1880//4384 2975//4384 1879//4384
f 1879//4385 2975//4385 2911//4385
f 2977//4386 2967//4386 1877//4386
f 2977//4387 1877//4387 2978//4387
f 2978//4388 1877//4388 1876//4388
f 2978//4389 1876//4389 2142//4389
f 1876//4390 1869//4390 2142//4390
f 2142//4391 1869//4391 1870//4391
f 2142//4392 1870//4392 2140//4392
f 2140//4393 1870//4393 1871//4393
f 886//4394 2979//4394 2980//4394
f 2979//4395 2981//4395 2982//4395
f 886//4396 2980//4396 2983//4396
f 2983//4397 2980//4397 2152//4397
f 2983//4398 2152//4398 2151//4398
f 2979//4399 2982//4399 2980//4399
f 2980//4400 2982//4400 2977//4400
f 2980//4401 2977//4401 2152//4401
f 2152//4402 2977//4402 2978//4402
f 2152//4403 2978//4403 2142//4403
f 2981//4404 2968//4404 2982//4404
f 2982//4405 2968//4405 2967//4405
f 2982//4406 2967//4406 2977//4406
f 886//4407 887//4407 2979//4407
f 2979//4408 887//4408 799//4408
f 2979//4409 799//4409 2981//4409
f 2981//4410 799//4410 2968//4410
f 2968//4411 799//4411 797//4411
f 2968//4412 797//4412 2974//4412
f 2974//4413 797//4413 796//4413
f 2974//4414 796//4414 794//4414
f 794//4415 792//4415 2974//4415
f 2974//4416 792//4416 791//4416
f 791//4417 790//4417 2974//4417
f 2974//4418 790//4418 789//4418
f 2974//4419 789//4419 786//4419
f 783//4420 2973//4420 785//4420
f 785//4421 2973//4421 2974//4421
f 785//4422 2974//4422 788//4422
f 788//4423 2974//4423 786//4423
f 783//4424 776//4424 2973//4424
f 2973//4425 776//4425 778//4425
f 2973//4426 778//4426 2963//4426
f 2984//4427 2985//4427 2943//4427
f 2984//4428 2943//4428 779//4428
f 779//4429 2943//4429 2963//4429
f 779//4430 2963//4430 778//4430
f 2986//4431 2984//4431 2987//4431
f 2987//4432 2984//4432 779//4432
f 2987//763 779//763 777//763
f 2986//4433 2988//4433 2984//4433
f 2984//4434 2988//4434 2989//4434
f 2984//4435 2989//4435 2985//4435
f 2989//4436 2988//4436 2990//4436
f 2990//4437 2988//4437 2986//4437
f 2990//4438 2986//4438 2987//4438
f 777//4439 782//4439 2987//4439
f 2987//4440 782//4440 781//4440
f 2987//4441 781//4441 2990//4441
f 781//4442 808//4442 2990//4442
f 2990//4443 808//4443 2991//4443
f 812//4444 2992//4444 808//4444
f 808//4443 2992//4443 2991//4443
f 812//4445 862//4445 2992//4445
f 2992//4446 862//4446 2993//4446
f 862//4447 864//4447 2993//4447
f 2993//4448 864//4448 2994//4448
f 2994//4449 864//4449 2995//4449
f 2995//4450 864//4450 2996//4450
f 2995//4451 2996//4451 2997//4451
f 2997//4452 2996//4452 2998//4452
f 2999//4453 863//4453 3000//4453
f 3000//4454 863//4454 868//4454
f 864//4455 863//4455 2996//4455
f 2996//4456 863//4456 2999//4456
f 2996//4457 2999//4457 2998//4457
f 3000//4458 868//4458 869//4458
f 2999//4459 3000//4459 3001//4459
f 3001//4460 3000//4460 869//4460
f 3001//4461 869//4461 3002//4461
f 3002//4462 869//4462 870//4462
f 870//4463 871//4463 3003//4463
f 870//4464 3003//4464 3002//4464
f 3002//4465 3003//4465 3004//4465
f 3002//4466 3004//4466 3001//4466
f 871//4467 872//4467 3003//4467
f 3003//4468 872//4468 3005//4468
f 3003//4469 3005//4469 3004//4469
f 873//4470 3006//4470 872//4470
f 872//4471 3006//4471 3005//4471
f 874//4472 3007//4472 873//4472
f 873//4473 3007//4473 3006//4473
f 2983//4474 2151//4474 2154//4474
f 2148//4475 3007//4475 874//4475
f 2148//4476 874//4476 2149//4476
f 3007//4477 2148//4477 3008//4477
f 3008//4478 2148//4478 2147//4478
f 3008//4479 2147//4479 2146//4479
f 874//4480 875//4480 2149//4480
f 2149//4481 875//4481 879//4481
f 2149//4482 879//4482 2150//4482
f 879//4483 878//4483 2150//4483
f 2150//4484 878//4484 877//4484
f 2150//4485 877//4485 2145//4485
f 2145//4486 877//4486 882//4486
f 2145//4487 882//4487 2154//4487
f 886//4488 2983//4488 885//4488
f 885//4489 2983//4489 2154//4489
f 885//4490 2154//4490 884//4490
f 884//4491 2154//4491 882//4491
f 3008//4492 2146//4492 2163//4492
f 2173//4493 2172//4493 3009//4493
f 3009//4494 2172//4494 2170//4494
f 3010//4495 3005//4495 3011//4495
f 3011//4496 3005//4496 3006//4496
f 3011//4497 3006//4497 3007//4497
f 2999//4498 3001//4498 3010//4498
f 3010//4499 3001//4499 3004//4499
f 3010//4500 3004//4500 3005//4500
f 2995//4501 2997//4501 3012//4501
f 3012//4501 2997//4501 3013//4501
f 2175//4502 2173//4502 3010//4502
f 3010//4503 2173//4503 3009//4503
f 3010//4504 3009//4504 2999//4504
f 2999//4505 3009//4505 2170//4505
f 2999//4506 2170//4506 2998//4506
f 2998//4507 2170//4507 2166//4507
f 2998//4508 2166//4508 2997//4508
f 2997//4509 2166//4509 2168//4509
f 2997//4510 2168//4510 3013//4510
f 2175//4511 3010//4511 2178//4511
f 2178//4512 3010//4512 3011//4512
f 2178//4513 3011//4513 2180//4513
f 3007//4514 3008//4514 3011//4514
f 3011//4515 3008//4515 2163//4515
f 3011//4516 2163//4516 2180//4516
f 2180//4517 2163//4517 2159//4517
f 2180//4518 2159//4518 2182//4518
f 2182//4519 2159//4519 2157//4519
f 1698//352 1687//352 1686//352
f 2935//352 2937//352 1730//352
f 1730//352 2937//352 2939//352
f 1730//352 2939//352 1830//352
f 2941//352 2943//352 2985//352
f 1686//352 1738//352 1740//352
f 2931//352 2929//352 1730//352
f 1730//352 2929//352 2933//352
f 1730//352 2933//352 2935//352
f 1740//352 1742//352 1686//352
f 1686//352 1742//352 1757//352
f 1686//352 1757//352 1758//352
f 1758//352 1759//352 1686//352
f 1686//352 1759//352 1760//352
f 1686//352 1760//352 1761//352
f 1761//352 1762//352 1686//352
f 1686//352 1762//352 1763//352
f 1686//352 1763//352 1698//352
f 2990//352 2991//352 2939//352
f 2939//2023 2994//2023 2995//2023
f 1841//352 1848//352 2939//352
f 2939//352 1848//352 1847//352
f 2939//352 1847//352 1845//352
f 1732//352 1734//352 1686//352
f 1686//352 1734//352 1736//352
f 1686//352 1736//352 1738//352
f 1732//352 1686//352 1730//352
f 1730//352 1686//352 2932//352
f 1730//352 2932//352 2931//352
f 2991//352 2992//352 2939//352
f 2939//352 2992//352 2993//352
f 2939//4520 2993//4520 2994//4520
f 1845//352 1853//352 2939//352
f 2939//352 1853//352 1831//352
f 2939//352 1831//352 1830//352
f 2941//352 2985//352 2939//352
f 2939//2023 2985//2023 2989//2023
f 2939//352 2989//352 2990//352
f 2995//352 3012//352 2939//352
f 2939//352 3012//352 3013//352
f 2939//352 3013//352 2168//352
f 1843//4521 1841//4521 2165//4521
f 2165//2023 1841//2023 2939//2023
f 2165//352 2939//352 2167//352
f 2167//352 2939//352 2168//352
f 3014//4522 3015//4522 1666//4522
f 1666//4523 3015//4523 3016//4523
f 2932//4524 1686//4524 1667//4524
f 3016//4525 3017//4525 1666//4525
f 1666//4526 3017//4526 2923//4526
f 1666//4527 2923//4527 1667//4527
f 1667//4528 2923//4528 2922//4528
f 1667//4529 2922//4529 2932//4529
f 3018//4530 2917//4530 2918//4530
f 2914//4531 2913//4531 3019//4531
f 3019//4532 2913//4532 3020//4532
f 3019//4533 3020//4533 3021//4533
f 3021//4534 3020//4534 3022//4534
f 3022//4535 3020//4535 3023//4535
f 3022//4536 3023//4536 3024//4536
f 3024//4537 3023//4537 3025//4537
f 3024//4538 3025//4538 3026//4538
f 3026//4539 3025//4539 3027//4539
f 3026//4540 3027//4540 3028//4540
f 3028//4541 3027//4541 3029//4541
f 3029//4542 3027//4542 3030//4542
f 3029//4543 3030//4543 3031//4543
f 3032//4544 3033//4544 2958//4544
f 2958//4545 2957//4545 3032//4545
f 3032//4546 2957//4546 2956//4546
f 3032//4547 2956//4547 3017//4547
f 3017//4548 2956//4548 2924//4548
f 3017//4549 2924//4549 2923//4549
f 2950//4550 2952//4550 3034//4550
f 3034//4551 2952//4551 2955//4551
f 3034//4552 2955//4552 3033//4552
f 3033//4553 2955//4553 2954//4553
f 3033//4554 2954//4554 2958//4554
f 2918//4555 2920//4555 3018//4555
f 3018//4556 2920//4556 2919//4556
f 3018//4557 2919//4557 3035//4557
f 3035//4558 2919//4558 2947//4558
f 3035//4559 2947//4559 3036//4559
f 3036//4560 2947//4560 2949//4560
f 3036//4561 2949//4561 3037//4561
f 3037//4562 3038//4562 3036//4562
f 3036//4563 3038//4563 3039//4563
f 3036//4564 3039//4564 3035//4564
f 3035//4565 3039//4565 3040//4565
f 3035//4566 3040//4566 3018//4566
f 3018//4567 3040//4567 3041//4567
f 3018//4568 3041//4568 2917//4568
f 2917//4569 3041//4569 2916//4569
f 3042//4570 3034//4570 3043//4570
f 3043//4571 3034//4571 3033//4571
f 3043//4572 3033//4572 3044//4572
f 3044//4573 3033//4573 3032//4573
f 3044//4574 3032//4574 3045//4574
f 3045//4575 3032//4575 3017//4575
f 3017//4576 3016//4576 3045//4576
f 3045//4577 3016//4577 3046//4577
f 3045//4578 3046//4578 3044//4578
f 3044//4579 3046//4579 3031//4579
f 3044//4580 3031//4580 3043//4580
f 3043//4581 3031//4581 3030//4581
f 3043//4582 3030//4582 3042//4582
f 3042//4583 3030//4583 3027//4583
f 2913//4584 2916//4584 3020//4584
f 3020//4585 2916//4585 3041//4585
f 3020//4586 3041//4586 3023//4586
f 3023//4587 3041//4587 3040//4587
f 3023//4588 3040//4588 3025//4588
f 3025//4589 3040//4589 3039//4589
f 3025//4590 3039//4590 3027//4590
f 3027//4591 3039//4591 3038//4591
f 3027//4592 3038//4592 3042//4592
f 3042//4593 3038//4593 3037//4593
f 3042//4594 3037//4594 3034//4594
f 3034//4595 3037//4595 2949//4595
f 3034//4596 2949//4596 2950//4596
f 2908//4597 2896//4597 2905//4597
f 2905//4598 2896//4598 2895//4598
f 3029//4599 3047//4599 3048//4599
f 3029//4600 3048//4600 3028//4600
f 3047//4601 3029//4601 3049//4601
f 3049//4602 3029//4602 3031//4602
f 3049//4603 3031//4603 3015//4603
f 3015//4604 3031//4604 3046//4604
f 3015//4605 3046//4605 3016//4605
f 3022//4606 3024//4606 3050//4606
f 3050//4607 3024//4607 3026//4607
f 3050//4608 3026//4608 3051//4608
f 3051//4609 3026//4609 3028//4609
f 3051//4610 3028//4610 3052//4610
f 3052//4611 3028//4611 3048//4611
f 3053//4612 2856//4612 2855//4612
f 2893//4613 2892//4613 3054//4613
f 2897//4614 3055//4614 2885//4614
f 2885//4615 3055//4615 3056//4615
f 2885//4616 3056//4616 2887//4616
f 2887//4617 3056//4617 2890//4617
f 2890//4618 3056//4618 3057//4618
f 2890//4619 3057//4619 2891//4619
f 2891//4620 3057//4620 2892//4620
f 2892//4621 3057//4621 3058//4621
f 2892//4622 3058//4622 3054//4622
f 2880//4623 2879//4623 3059//4623
f 3059//4624 2879//4624 2883//4624
f 3059//4625 2883//4625 3060//4625
f 3060//4626 2883//4626 2894//4626
f 3060//4627 2894//4627 2893//4627
f 2880//4628 3059//4628 2881//4628
f 2881//4629 3059//4629 3061//4629
f 2881//4630 3061//4630 2882//4630
f 2882//4631 3061//4631 2878//4631
f 2878//4632 3061//4632 3062//4632
f 2878//4633 3062//4633 2867//4633
f 2867//4634 3062//4634 3063//4634
f 2867//4635 3063//4635 2862//4635
f 3053//4636 2855//4636 3064//4636
f 2860//4637 2862//4637 2855//4637
f 2855//4638 2862//4638 3063//4638
f 2855//4639 3063//4639 3064//4639
f 3064//4640 3063//4640 3062//4640
f 3064//4641 3062//4641 3065//4641
f 3065//4642 3062//4642 3061//4642
f 3065//4643 3061//4643 3066//4643
f 3066//4644 3061//4644 3059//4644
f 3066//4645 3059//4645 3067//4645
f 2893//4646 3054//4646 3060//4646
f 3060//4647 3054//4647 3068//4647
f 3060//4648 3068//4648 3059//4648
f 3059//4649 3068//4649 3069//4649
f 3059//4650 3069//4650 3067//4650
f 2915//4651 3070//4651 2912//4651
f 2912//4652 3070//4652 3071//4652
f 2912//4653 3071//4653 2908//4653
f 2908//4654 3071//4654 3055//4654
f 2908//4655 3055//4655 2896//4655
f 2896//4656 3055//4656 2897//4656
f 2915//4657 2914//4657 3070//4657
f 3070//4658 2914//4658 3019//4658
f 3070//4659 3019//4659 3072//4659
f 3019//4660 3021//4660 3072//4660
f 3072//4661 3021//4661 3022//4661
f 3072//4662 3022//4662 3073//4662
f 3073//4663 3022//4663 3050//4663
f 3073//4664 3050//4664 3074//4664
f 3074//4665 3050//4665 3051//4665
f 3074//4666 3051//4666 3075//4666
f 3075//4667 3051//4667 3052//4667
f 3075//4668 3052//4668 3076//4668
f 3076//4669 3052//4669 3048//4669
f 3076//4670 3048//4670 3077//4670
f 3077//4671 3048//4671 3047//4671
f 3077//4672 3047//4672 3078//4672
f 3047//4673 3049//4673 3078//4673
f 3078//4674 3049//4674 3015//4674
f 3078//4675 3015//4675 3014//4675
f 3057//4676 3056//4676 3079//4676
f 3079//4677 3056//4677 3055//4677
f 3079//4678 3055//4678 3080//4678
f 3080//4679 3055//4679 3071//4679
f 3080//4680 3071//4680 3070//4680
f 3079//4681 3081//4681 3057//4681
f 3057//4682 3081//4682 3082//4682
f 3057//4683 3082//4683 3083//4683
f 3083//4684 3082//4684 3084//4684
f 3084//4685 3085//4685 3083//4685
f 3083//4686 3085//4686 3086//4686
f 3083//4687 3086//4687 3087//4687
f 3087//4688 3088//4688 3083//4688
f 3083//4688 3088//4688 3089//4688
f 3083//4689 3089//4689 3090//4689
f 3083//4690 3065//4690 3066//4690
f 3066//4691 3067//4691 3083//4691
f 3083//4692 3067//4692 3069//4692
f 3083//4693 3069//4693 3068//4693
f 3068//4694 3054//4694 3083//4694
f 3083//4695 3054//4695 3058//4695
f 3083//4696 3058//4696 3057//4696
f 3091//4697 3090//4697 3092//4697
f 3092//4698 3090//4698 3089//4698
f 3093//4699 3094//4699 3095//4699
f 3095//4700 3094//4700 3090//4700
f 3095//4701 3090//4701 3091//4701
f 3096//4702 3097//4702 3098//4702
f 3098//4703 3097//4703 3099//4703
f 3098//4704 3099//4704 3100//4704
f 3100//4705 3099//4705 3101//4705
f 3100//4706 3101//4706 3093//4706
f 3093//4707 3101//4707 3102//4707
f 3093//4708 3102//4708 3094//4708
f 3103//4709 3104//4709 3105//4709
f 3096//4710 3106//4710 3107//4710
f 3103//4711 3105//4711 3108//4711
f 3107//4712 3109//4712 3096//4712
f 3096//4713 3109//4713 3110//4713
f 3096//4714 3110//4714 3105//4714
f 3105//4715 3110//4715 3111//4715
f 3105//4716 3111//4716 3108//4716
f 3112//4717 3113//4717 3114//4717
f 3114//4718 3113//4718 3106//4718
f 3114//4719 3106//4719 3098//4719
f 3098//4720 3106//4720 3096//4720
f 3115//4721 3116//4721 3117//4721
f 3118//4722 3119//4722 3120//4722
f 3120//4723 3119//4723 3121//4723
f 3120//4724 3121//4724 3122//4724
f 3122//4725 3121//4725 3123//4725
f 3122//4726 3123//4726 3124//4726
f 3124//4727 3123//4727 3125//4727
f 3124//4728 3125//4728 3126//4728
f 3126//4729 3125//4729 3127//4729
f 3126//4730 3127//4730 3128//4730
f 3128//4731 3127//4731 3129//4731
f 3128//4732 3129//4732 3130//4732
f 3130//4733 3129//4733 3131//4733
f 3129//4734 3132//4734 3131//4734
f 3131//4735 3132//4735 3133//4735
f 3131//4736 3133//4736 3134//4736
f 3134//4737 3133//4737 3135//4737
f 3134//4738 3135//4738 3136//4738
f 3136//4739 3135//4739 3137//4739
f 3135//4740 3138//4740 3137//4740
f 3137//4741 3138//4741 3139//4741
f 3137//4742 3139//4742 3140//4742
f 3140//4743 3139//4743 3141//4743
f 3140//4744 3141//4744 3142//4744
f 3142//4745 3141//4745 3143//4745
f 3142//4746 3143//4746 3117//4746
f 3117//4747 3143//4747 3144//4747
f 3117//4748 3144//4748 3115//4748
f 3113//4749 3145//4749 3146//4749
f 3146//4750 3145//4750 3147//4750
f 3146//4749 3147//4749 3148//4749
f 3148//4751 3147//4751 3119//4751
f 3148//4749 3119//4749 3118//4749
f 717//4752 3149//4752 718//4752
f 718//4753 3149//4753 3150//4753
f 718//4754 3150//4754 719//4754
f 3151//4755 769//4755 3152//4755
f 3152//4756 769//4756 768//4756
f 3152//4757 768//4757 3153//4757
f 768//4758 772//4758 3153//4758
f 3153//4759 772//4759 771//4759
f 3153//4760 771//4760 3154//4760
f 3154//4761 771//4761 770//4761
f 3154//4762 770//4762 775//4762
f 3114//4763 3151//4763 3112//4763
f 3112//4764 3151//4764 3152//4764
f 3112//4765 3152//4765 3113//4765
f 3113//4766 3152//4766 3145//4766
f 734//4767 732//4767 3144//4767
f 3147//4768 3145//4768 3152//4768
f 3129//4769 3127//4769 3153//4769
f 3153//4770 3127//4770 3125//4770
f 3153//4771 3125//4771 3152//4771
f 3152//4772 3125//4772 3123//4772
f 3152//4773 3123//4773 3147//4773
f 3147//4774 3123//4774 3121//4774
f 3147//4775 3121//4775 3119//4775
f 3153//4776 3154//4776 3129//4776
f 3129//4777 3154//4777 775//4777
f 3129//4778 775//4778 3132//4778
f 3132//4779 775//4779 774//4779
f 3132//4780 774//4780 773//4780
f 734//4781 3144//4781 736//4781
f 3144//4782 3143//4782 736//4782
f 736//4783 3143//4783 3141//4783
f 736//4784 3141//4784 738//4784
f 738//4785 3141//4785 3139//4785
f 738//4786 3139//4786 740//4786
f 740//4787 3139//4787 3138//4787
f 740//4788 3138//4788 743//4788
f 743//4789 3138//4789 3135//4789
f 743//4790 3135//4790 773//4790
f 773//4791 3135//4791 3133//4791
f 773//4792 3133//4792 3132//4792
f 741//352 742//352 744//352
f 3144//4793 732//4793 3115//4793
f 3115//4794 732//4794 625//4794
f 3155//352 749//352 3156//352
f 3156//352 749//352 751//352
f 3156//352 751//352 713//352
f 713//352 751//352 3157//352
f 713//352 3157//352 727//352
f 626//352 625//352 685//352
f 685//4435 625//4435 732//4435
f 685//4795 732//4795 676//4795
f 676//4796 732//4796 731//4796
f 676//352 731//352 694//352
f 694//352 731//352 708//352
f 3158//4797 3159//4797 731//4797
f 731//352 3159//352 3160//352
f 731//352 3160//352 708//352
f 708//352 3160//352 3161//352
f 708//352 3161//352 713//352
f 713//352 3161//352 3162//352
f 713//352 3162//352 3156//352
f 731//352 741//352 3158//352
f 3158//352 741//352 744//352
f 3158//352 744//352 3163//352
f 3163//352 744//352 767//352
f 3163//352 767//352 3164//352
f 3164//352 767//352 765//352
f 3164//352 765//352 3165//352
f 640//352 3166//352 625//352
f 625//352 3166//352 3167//352
f 625//352 3167//352 3115//352
f 3115//352 3167//352 3168//352
f 3115//352 3168//352 3116//352
f 765//352 762//352 3165//352
f 3165//352 762//352 759//352
f 3165//352 759//352 3169//352
f 3169//352 759//352 756//352
f 3169//352 756//352 3170//352
f 3170//352 756//352 753//352
f 3170//352 753//352 3155//352
f 3155//352 753//352 747//352
f 3155//352 747//352 749//352
f 3171//372 3172//372 3173//372
f 3171//372 3174//372 3172//372
f 3172//372 3174//372 3175//372
f 3172//372 3175//372 3176//372
f 3177//372 3178//372 3179//372
f 3180//372 3181//372 3173//372
f 3173//372 3181//372 3182//372
f 3173//372 3182//372 3171//372
f 3179//372 3183//372 3177//372
f 3177//372 3183//372 3184//372
f 3177//372 3184//372 3180//372
f 3180//372 3184//372 3185//372
f 3180//372 3185//372 3181//372
f 3175//372 3186//372 3176//372
f 3176//372 3186//372 3187//372
f 3176//372 3187//372 3178//372
f 3178//372 3187//372 3188//372
f 3178//372 3188//372 3179//372
f 103//4798 105//4798 3176//4798
f 103//4798 3176//4798 101//4798
f 101//4798 3176//4798 3178//4798
f 101//4798 3178//4798 114//4798
f 114//4799 3178//4799 117//4799
f 117//4799 3178//4799 3177//4799
f 117//4799 3177//4799 118//4799
f 118//4800 3177//4800 80//4800
f 80//4800 3177//4800 3180//4800
f 80//4800 3180//4800 126//4800
f 126//4801 3180//4801 124//4801
f 124//4801 3180//4801 3173//4801
f 124//4801 3173//4801 122//4801
f 3172//4802 72//4802 3173//4802
f 3173//4803 72//4803 74//4803
f 3173//4802 74//4802 122//4802
f 3176//4804 105//4804 3172//4804
f 3172//4805 105//4805 107//4805
f 3172//4806 107//4806 72//4806
f 180//4807 182//4807 3189//4807
f 3189//4808 182//4808 3190//4808
f 3190//4809 182//4809 183//4809
f 3190//4810 183//4810 3191//4810
f 3191//4811 183//4811 3192//4811
f 3192//4812 183//4812 185//4812
f 3192//4813 185//4813 85//4813
f 143//4814 3193//4814 87//4814
f 3193//4815 143//4815 90//4815
f 3193//4816 3194//4816 87//4816
f 87//4817 3194//4817 3195//4817
f 87//4818 3195//4818 84//4818
f 84//4819 3195//4819 3192//4819
f 84//4820 3192//4820 85//4820
f 643//4821 656//4821 3196//4821
f 3196//4822 656//4822 3197//4822
f 650//4823 3198//4823 651//4823
f 651//4824 3198//4824 3199//4824
f 651//4825 3199//4825 653//4825
f 653//4826 3199//4826 3200//4826
f 653//4827 3200//4827 656//4827
f 656//4828 3200//4828 3201//4828
f 656//4829 3201//4829 3197//4829
f 3202//4830 3203//4830 3204//4830
f 3205//4831 3206//4831 3207//4831
f 3208//4832 3209//4832 3210//4832
f 3166//4833 3211//4833 3212//4833
f 641//4834 642//4834 3213//4834
f 3213//4835 3214//4835 641//4835
f 641//4836 3214//4836 3215//4836
f 641//4837 3215//4837 640//4837
f 3166//4838 3212//4838 3167//4838
f 3216//4839 3217//4839 3218//4839
f 3218//4840 3217//4840 3219//4840
f 3218//4841 3219//4841 3212//4841
f 3212//4842 3219//4842 3220//4842
f 3212//4843 3220//4843 3167//4843
f 3210//4844 3209//4844 3218//4844
f 3218//4845 3209//4845 3221//4845
f 3218//4846 3221//4846 3216//4846
f 3208//4847 3210//4847 3222//4847
f 3222//4848 3210//4848 3223//4848
f 3222//4849 3223//4849 3224//4849
f 3224//4850 3223//4850 3225//4850
f 3224//4851 3225//4851 3226//4851
f 3226//4852 3225//4852 3227//4852
f 3227//4853 3225//4853 3228//4853
f 3227//4854 3228//4854 3229//4854
f 3229//4855 3228//4855 3230//4855
f 3229//4856 3230//4856 3231//4856
f 3232//4857 3233//4857 3234//4857
f 3232//4858 3234//4858 3230//4858
f 3230//4859 3234//4859 3235//4859
f 3230//4860 3235//4860 3231//4860
f 624//4861 3236//4861 3237//4861
f 3237//4862 3236//4862 3238//4862
f 3237//4863 3238//4863 3239//4863
f 3239//4864 3238//4864 3240//4864
f 3239//4865 3240//4865 3232//4865
f 3232//4866 3240//4866 3241//4866
f 3232//4867 3241//4867 3233//4867
f 624//4868 3237//4868 621//4868
f 621//4869 3237//4869 3242//4869
f 621//4870 3242//4870 619//4870
f 619//4871 3242//4871 3243//4871
f 619//4872 3243//4872 614//4872
f 3244//4873 611//4873 3245//4873
f 3245//4874 611//4874 613//4874
f 3245//4875 613//4875 3246//4875
f 3246//4876 613//4876 618//4876
f 3246//4877 618//4877 3247//4877
f 3247//4878 618//4878 617//4878
f 3247//4879 617//4879 3243//4879
f 3243//4880 617//4880 615//4880
f 3243//4881 615//4881 614//4881
f 3248//4882 3249//4882 3244//4882
f 3244//4883 3249//4883 609//4883
f 3244//4884 609//4884 611//4884
f 3244//4885 3250//4885 3248//4885
f 3248//4886 3250//4886 3251//4886
f 3248//4887 3251//4887 3252//4887
f 3252//4888 3251//4888 3253//4888
f 3253//4889 3251//4889 3254//4889
f 3253//4890 3254//4890 3255//4890
f 3255//4891 3254//4891 3256//4891
f 3255//4892 3256//4892 3257//4892
f 3257//4893 3256//4893 3258//4893
f 3257//4894 3258//4894 3259//4894
f 3259//4895 3258//4895 3260//4895
f 3259//4896 3260//4896 3261//4896
f 3261//4897 3260//4897 3262//4897
f 3261//4898 3262//4898 3263//4898
f 3263//4899 3262//4899 3264//4899
f 3263//4900 3264//4900 3265//4900
f 3265//4901 3264//4901 3266//4901
f 3265//4902 3266//4902 3267//4902
f 3267//4903 3266//4903 3268//4903
f 3267//4904 3268//4904 3269//4904
f 3270//4905 264//4905 3271//4905
f 3272//4906 3273//4906 3274//4906
f 3274//4907 3273//4907 3275//4907
f 3274//4908 3275//4908 3276//4908
f 3276//4909 3275//4909 3270//4909
f 3276//4910 3270//4910 3277//4910
f 3277//4911 3270//4911 3271//4911
f 3278//4912 3279//4912 3280//4912
f 3280//4913 3279//4913 3281//4913
f 3280//4914 3281//4914 3272//4914
f 3272//4915 3281//4915 3282//4915
f 3272//4916 3282//4916 3273//4916
f 3278//4917 3280//4917 3283//4917
f 3283//4918 3280//4918 3284//4918
f 3283//4919 3284//4919 3285//4919
f 3285//4920 3284//4920 3286//4920
f 3285//4921 3286//4921 3287//4921
f 3287//4922 3286//4922 3288//4922
f 3287//4923 3288//4923 3289//4923
f 3289//4924 3288//4924 3290//4924
f 3289//4925 3290//4925 3291//4925
f 3291//4926 3290//4926 3292//4926
f 3291//4927 3292//4927 3293//4927
f 3293//4928 3292//4928 3294//4928
f 3293//4929 3294//4929 3295//4929
f 3295//4930 3294//4930 3296//4930
f 3295//4931 3296//4931 3297//4931
f 3297//4932 3296//4932 3298//4932
f 3298//4933 3296//4933 3299//4933
f 3298//4934 3299//4934 3300//4934
f 3206//4935 3205//4935 3299//4935
f 3299//4936 3205//4936 3301//4936
f 3299//4937 3301//4937 3300//4937
f 119//4938 83//4938 3207//4938
f 3207//4939 83//4939 3302//4939
f 3207//4940 3302//4940 3205//4940
f 3207//4941 3303//4941 119//4941
f 119//4942 3303//4942 3304//4942
f 119//4943 3304//4943 112//4943
f 112//4944 3304//4944 3305//4944
f 112//4945 3305//4945 113//4945
f 113//4946 3305//4946 3306//4946
f 113//4947 3306//4947 115//4947
f 115//4948 3306//4948 3307//4948
f 115//4949 3307//4949 116//4949
f 116//4950 3307//4950 3308//4950
f 116//4951 3308//4951 102//4951
f 102//4952 3308//4952 3309//4952
f 102//4953 3309//4953 3310//4953
f 3311//4954 106//4954 3310//4954
f 3310//4955 106//4955 104//4955
f 3310//4956 104//4956 102//4956
f 3312//4957 109//4957 3311//4957
f 3311//4958 109//4958 108//4958
f 3311//4959 108//4959 106//4959
f 3313//4960 111//4960 3312//4960
f 3312//4961 111//4961 110//4961
f 3312//4962 110//4962 109//4962
f 98//4963 96//4963 3314//4963
f 3314//4964 96//4964 94//4964
f 3314//4965 94//4965 3313//4965
f 3313//4966 94//4966 93//4966
f 3313//4967 93//4967 111//4967
f 89//4968 99//4968 3203//4968
f 3203//4969 99//4969 98//4969
f 89//4970 3203//4970 90//4970
f 90//4971 3203//4971 3202//4971
f 90//4972 3202//4972 3193//4972
f 3193//4973 3202//4973 3315//4973
f 3193//4974 3315//4974 3316//4974
f 3317//4975 3192//4975 3318//4975
f 3318//4976 3192//4976 3195//4976
f 3318//4977 3195//4977 3316//4977
f 3316//4978 3195//4978 3194//4978
f 3316//4979 3194//4979 3193//4979
f 98//4980 3314//4980 3203//4980
f 3203//4981 3314//4981 3319//4981
f 3203//4982 3319//4982 3204//4982
f 642//4983 3320//4983 3213//4983
f 3213//4984 3320//4984 3321//4984
f 3213//4985 3321//4985 3214//4985
f 3214//4986 3321//4986 3322//4986
f 3214//4987 3322//4987 3215//4987
f 3215//4988 3322//4988 3323//4988
f 3215//4989 3323//4989 640//4989
f 3324//4990 3268//4990 3325//4990
f 3325//4991 3268//4991 3266//4991
f 3325//4992 3266//4992 3326//4992
f 3326//4993 3266//4993 3264//4993
f 3326//4994 3264//4994 3327//4994
f 3327//4995 3264//4995 3262//4995
f 3327//4996 3262//4996 3328//4996
f 3328//4997 3262//4997 3260//4997
f 3328//4998 3260//4998 3329//4998
f 3329//4999 3260//4999 3258//4999
f 3329//5000 3258//5000 3330//5000
f 3330//5001 3258//5001 3256//5001
f 3330//5002 3256//5002 3331//5002
f 3331//5003 3256//5003 3254//5003
f 3331//5004 3254//5004 3332//5004
f 3332//5005 3254//5005 3251//5005
f 3332//5006 3251//5006 3333//5006
f 3333//5007 3251//5007 3250//5007
f 3333//5008 3250//5008 3334//5008
f 3334//5009 3250//5009 3244//5009
f 3334//5010 3244//5010 3335//5010
f 3335//5011 3244//5011 3245//5011
f 3335//5012 3245//5012 3336//5012
f 3336//5013 3245//5013 3246//5013
f 3336//5014 3246//5014 3337//5014
f 3337//5015 3246//5015 3247//5015
f 3337//5016 3247//5016 3338//5016
f 3338//5017 3247//5017 3243//5017
f 3338//5018 3243//5018 3339//5018
f 3339//5019 3243//5019 3242//5019
f 3339//5020 3242//5020 3340//5020
f 3340//5021 3242//5021 3237//5021
f 3340//5022 3237//5022 3341//5022
f 3341//5023 3237//5023 3239//5023
f 3341//5024 3239//5024 3342//5024
f 3342//5025 3239//5025 3232//5025
f 3342//5026 3232//5026 3343//5026
f 3343//5027 3232//5027 3230//5027
f 3343//5028 3230//5028 3344//5028
f 3344//5029 3230//5029 3228//5029
f 3344//5030 3228//5030 3345//5030
f 3345//5031 3228//5031 3225//5031
f 3345//5032 3225//5032 3346//5032
f 3346//5033 3225//5033 3223//5033
f 3346//5034 3223//5034 3347//5034
f 3347//5035 3223//5035 3210//5035
f 3347//5036 3210//5036 3348//5036
f 3348//5037 3210//5037 3218//5037
f 3348//5038 3218//5038 3349//5038
f 3349//5039 3218//5039 3212//5039
f 3349//5040 3212//5040 3322//5040
f 3322//5041 3212//5041 3211//5041
f 3322//5042 3211//5042 3323//5042
f 3323//5043 3211//5043 3166//5043
f 3323//5044 3166//5044 640//5044
f 3320//5045 3319//5045 3321//5045
f 3321//5046 3319//5046 3314//5046
f 3321//5047 3314//5047 3322//5047
f 3322//5048 3314//5048 3313//5048
f 3322//5049 3313//5049 3349//5049
f 3349//5050 3313//5050 3312//5050
f 3349//5051 3312//5051 3348//5051
f 3348//5052 3312//5052 3311//5052
f 3348//5053 3311//5053 3347//5053
f 3347//5054 3311//5054 3310//5054
f 3347//5055 3310//5055 3346//5055
f 3346//5056 3310//5056 3309//5056
f 3346//5057 3309//5057 3345//5057
f 3345//5058 3309//5058 3308//5058
f 3345//5059 3308//5059 3344//5059
f 3344//5060 3308//5060 3307//5060
f 3344//5061 3307//5061 3343//5061
f 3343//5062 3307//5062 3306//5062
f 3343//5063 3306//5063 3342//5063
f 3342//5064 3306//5064 3305//5064
f 3342//5065 3305//5065 3341//5065
f 3341//5066 3305//5066 3304//5066
f 3341//5067 3304//5067 3340//5067
f 3340//5068 3304//5068 3303//5068
f 3340//5069 3303//5069 3339//5069
f 3339//5070 3303//5070 3207//5070
f 3339//5071 3207//5071 3338//5071
f 3338//5072 3207//5072 3206//5072
f 3338//5073 3206//5073 3337//5073
f 3337//5074 3206//5074 3299//5074
f 3337//5075 3299//5075 3336//5075
f 3336//5076 3299//5076 3296//5076
f 3336//5077 3296//5077 3335//5077
f 3335//5078 3296//5078 3294//5078
f 3335//5079 3294//5079 3334//5079
f 3334//5080 3294//5080 3292//5080
f 3334//5081 3292//5081 3333//5081
f 3333//5082 3292//5082 3290//5082
f 3333//5083 3290//5083 3332//5083
f 3332//5084 3290//5084 3288//5084
f 3332//5085 3288//5085 3331//5085
f 3331//5086 3288//5086 3286//5086
f 3331//5087 3286//5087 3330//5087
f 3330//5088 3286//5088 3284//5088
f 3330//5089 3284//5089 3329//5089
f 3329//5090 3284//5090 3280//5090
f 3329//5091 3280//5091 3328//5091
f 3328//5092 3280//5092 3272//5092
f 3328//5093 3272//5093 3327//5093
f 3327//5094 3272//5094 3274//5094
f 3327//5095 3274//5095 3326//5095
f 3326//5096 3274//5096 3276//5096
f 3326//5097 3276//5097 3325//5097
f 3325//5098 3276//5098 3277//5098
f 3325//5099 3277//5099 3324//5099
f 3324//5100 3277//5100 3271//5100
f 659//5101 3350//5101 660//5101
f 660//5102 3350//5102 3351//5102
f 660//5103 3351//5103 647//5103
f 3351//5104 3352//5104 647//5104
f 647//5105 3352//5105 3353//5105
f 647//5106 3353//5106 648//5106
f 648//5107 3353//5107 3198//5107
f 648//5108 3198//5108 650//5108
f 3354//5109 3355//5109 3356//5109
f 3357//5110 3358//5110 3359//5110
f 3360//5111 179//5111 180//5111
f 3360//5112 180//5112 3361//5112
f 3361//5113 180//5113 3189//5113
f 3361//5114 3189//5114 3362//5114
f 179//5115 3360//5115 174//5115
f 174//5116 3360//5116 3363//5116
f 174//5117 3363//5117 175//5117
f 175//5118 3363//5118 176//5118
f 176//5119 3363//5119 3364//5119
f 176//5120 3364//5120 171//5120
f 171//5121 3364//5121 173//5121
f 173//5122 3364//5122 3365//5122
f 173//5123 3365//5123 193//5123
f 164//5124 163//5124 3366//5124
f 3366//5125 163//5125 168//5125
f 3366//5126 168//5126 3365//5126
f 3365//5127 168//5127 169//5127
f 3365//5128 169//5128 193//5128
f 3366//5129 3367//5129 164//5129
f 164//5130 3367//5130 3368//5130
f 164//5131 3368//5131 165//5131
f 165//5132 3368//5132 3369//5132
f 165//5133 3369//5133 161//5133
f 161//5134 3369//5134 3370//5134
f 161//5135 3370//5135 162//5135
f 162//5136 3370//5136 3371//5136
f 162//5137 3371//5137 158//5137
f 158//5138 3371//5138 3372//5138
f 158//5139 3372//5139 156//5139
f 156//5140 3372//5140 3373//5140
f 156//5141 3373//5141 154//5141
f 154//5142 3373//5142 3374//5142
f 154//5143 3374//5143 152//5143
f 152//5144 3374//5144 148//5144
f 148//5145 3374//5145 3375//5145
f 148//5146 3375//5146 212//5146
f 212//5147 3375//5147 3376//5147
f 212//5148 3376//5148 213//5148
f 213//5149 3376//5149 3377//5149
f 213//5150 3377//5150 214//5150
f 214//5151 3377//5151 3378//5151
f 214//5152 3378//5152 219//5152
f 219//5153 3378//5153 217//5153
f 217//5154 3378//5154 3379//5154
f 217//5155 3379//5155 222//5155
f 3380//5156 226//5156 225//5156
f 3380//5157 225//5157 3379//5157
f 3379//5158 225//5158 223//5158
f 3379//5159 223//5159 222//5159
f 226//5160 3380//5160 228//5160
f 228//5161 3380//5161 3381//5161
f 228//5162 3381//5162 229//5162
f 229//5163 3381//5163 231//5163
f 231//5164 3381//5164 3382//5164
f 231//5165 3382//5165 232//5165
f 232//5166 3382//5166 237//5166
f 237//5167 3382//5167 3383//5167
f 237//5168 3383//5168 235//5168
f 235//5169 3383//5169 3384//5169
f 235//5170 3384//5170 240//5170
f 240//5171 3384//5171 241//5171
f 241//5172 3384//5172 3385//5172
f 241//5173 3385//5173 243//5173
f 248//5174 246//5174 3385//5174
f 3385//5175 246//5175 244//5175
f 3385//5176 244//5176 243//5176
f 248//5177 3385//5177 250//5177
f 250//5178 3385//5178 3386//5178
f 250//5179 3386//5179 252//5179
f 252//5180 3386//5180 3387//5180
f 252//5181 3387//5181 254//5181
f 254//5182 3387//5182 256//5182
f 256//5183 3387//5183 3388//5183
f 256//5184 3388//5184 259//5184
f 259//5185 3388//5185 3389//5185
f 259//5186 3389//5186 261//5186
f 261//5187 3389//5187 3271//5187
f 261//5188 3271//5188 264//5188
f 3390//5189 3269//5189 3268//5189
f 3391//5190 3392//5190 3393//5190
f 3393//5191 3392//5191 3394//5191
f 3393//5192 3394//5192 3395//5192
f 3395//5193 3394//5193 3396//5193
f 3395//5194 3396//5194 3397//5194
f 3397//5195 3396//5195 3398//5195
f 3397//5196 3398//5196 3399//5196
f 3399//5197 3398//5197 3400//5197
f 3399//5198 3400//5198 3401//5198
f 3401//5199 3400//5199 3390//5199
f 3401//5200 3390//5200 3402//5200
f 3402//5201 3390//5201 3268//5201
f 3403//5202 3404//5202 3391//5202
f 3391//5203 3404//5203 3405//5203
f 3391//5204 3405//5204 3392//5204
f 3391//5205 3406//5205 3403//5205
f 3403//5206 3406//5206 3407//5206
f 3403//5207 3407//5207 3408//5207
f 3408//5208 3407//5208 3409//5208
f 3409//5209 3407//5209 3410//5209
f 3409//5210 3410//5210 3411//5210
f 3411//5211 3410//5211 3412//5211
f 3411//5212 3412//5212 3413//5212
f 3413//5213 3412//5213 3414//5213
f 3414//5214 3412//5214 3415//5214
f 3414//5215 3415//5215 3416//5215
f 3417//5216 3418//5216 3419//5216
f 3419//5217 3418//5217 3416//5217
f 3419//5218 3416//5218 3420//5218
f 3420//5219 3416//5219 3415//5219
f 3417//5220 3419//5220 3421//5220
f 3421//5221 3419//5221 3422//5221
f 3421//5222 3422//5222 3423//5222
f 3423//5223 3422//5223 3424//5223
f 3424//5224 3422//5224 3425//5224
f 3424//5225 3425//5225 603//5225
f 603//5226 3425//5226 606//5226
f 606//5227 3425//5227 3426//5227
f 606//5228 3426//5228 3427//5228
f 3428//5229 3429//5229 3430//5229
f 3428//5230 3430//5230 3426//5230
f 3426//5231 3430//5231 3431//5231
f 3426//5232 3431//5232 3427//5232
f 3432//5233 3433//5233 3428//5233
f 3428//5234 3433//5234 3434//5234
f 3428//5235 3434//5235 3429//5235
f 3357//5236 3435//5236 3358//5236
f 3358//5237 3435//5237 3436//5237
f 3358//5238 3436//5238 3432//5238
f 3432//5239 3436//5239 3437//5239
f 3432//5240 3437//5240 3433//5240
f 3438//5241 3439//5241 3440//5241
f 3440//5242 3439//5242 3441//5242
f 3440//5243 3441//5243 3359//5243
f 3359//5244 3441//5244 3442//5244
f 3359//5245 3442//5245 3357//5245
f 3443//5246 3444//5246 3445//5246
f 3445//5247 3444//5247 3446//5247
f 3445//5248 3446//5248 3438//5248
f 3438//5249 3446//5249 3447//5249
f 3438//5250 3447//5250 3439//5250
f 3448//5251 645//5251 3449//5251
f 3449//5252 645//5252 644//5252
f 3449//5253 644//5253 3450//5253
f 3451//5254 639//5254 3452//5254
f 3452//5255 639//5255 3354//5255
f 3452//5256 3354//5256 3443//5256
f 3443//5257 3354//5257 3356//5257
f 3443//5258 3356//5258 3444//5258
f 3189//5259 3190//5259 3362//5259
f 3362//5260 3190//5260 3191//5260
f 3362//5261 3191//5261 3453//5261
f 3453//5262 3191//5262 3454//5262
f 3454//5263 3191//5263 3192//5263
f 3454//5264 3192//5264 3317//5264
f 644//5265 3455//5265 3450//5265
f 3450//5266 3455//5266 3456//5266
f 3450//5267 3456//5267 3449//5267
f 3449//5268 3456//5268 3457//5268
f 3449//5269 3457//5269 3448//5269
f 3448//5270 3457//5270 3458//5270
f 644//5271 639//5271 3455//5271
f 3455//5272 639//5272 3451//5272
f 3455//5273 3451//5273 3456//5273
f 3456//5274 3451//5274 3452//5274
f 3456//5275 3452//5275 3459//5275
f 3459//5276 3452//5276 3443//5276
f 3459//5277 3443//5277 3460//5277
f 3460//5278 3443//5278 3445//5278
f 3460//5279 3445//5279 3461//5279
f 3461//5280 3445//5280 3438//5280
f 3461//5281 3438//5281 3462//5281
f 3462//5282 3438//5282 3440//5282
f 3462//5283 3440//5283 3463//5283
f 3463//5284 3440//5284 3359//5284
f 3463//5285 3359//5285 3464//5285
f 3464//5286 3359//5286 3358//5286
f 3464//5287 3358//5287 3465//5287
f 3465//5288 3358//5288 3432//5288
f 3465//5289 3432//5289 3466//5289
f 3466//5290 3432//5290 3428//5290
f 3466//5291 3428//5291 3467//5291
f 3467//5292 3428//5292 3426//5292
f 3467//5293 3426//5293 3468//5293
f 3468//5294 3426//5294 3425//5294
f 3468//5295 3425//5295 3469//5295
f 3469//5296 3425//5296 3422//5296
f 3469//5297 3422//5297 3470//5297
f 3470//5298 3422//5298 3419//5298
f 3470//5299 3419//5299 3471//5299
f 3471//5300 3419//5300 3420//5300
f 3471//5301 3420//5301 3472//5301
f 3472//5302 3420//5302 3415//5302
f 3472//5303 3415//5303 3473//5303
f 3473//5304 3415//5304 3412//5304
f 3473//5305 3412//5305 3474//5305
f 3474//5306 3412//5306 3410//5306
f 3474//5307 3410//5307 3475//5307
f 3475//5308 3410//5308 3407//5308
f 3475//5309 3407//5309 3476//5309
f 3476//5310 3407//5310 3406//5310
f 3476//5311 3406//5311 3477//5311
f 3477//5312 3406//5312 3391//5312
f 3477//5313 3391//5313 3478//5313
f 3478//5314 3391//5314 3393//5314
f 3478//5315 3393//5315 3479//5315
f 3479//5316 3393//5316 3395//5316
f 3479//5317 3395//5317 3480//5317
f 3480//5318 3395//5318 3397//5318
f 3480//5319 3397//5319 3481//5319
f 3481//5320 3397//5320 3399//5320
f 3481//5321 3399//5321 3482//5321
f 3482//5322 3399//5322 3401//5322
f 3482//5323 3401//5323 3483//5323
f 3483//5324 3401//5324 3402//5324
f 3483//5325 3402//5325 3324//5325
f 3324//5326 3402//5326 3268//5326
f 3361//5327 3484//5327 3360//5327
f 3360//5328 3484//5328 3458//5328
f 3360//5329 3458//5329 3363//5329
f 3363//5330 3458//5330 3457//5330
f 3363//5331 3457//5331 3364//5331
f 3364//5332 3457//5332 3456//5332
f 3364//5333 3456//5333 3365//5333
f 3365//5334 3456//5334 3459//5334
f 3365//5335 3459//5335 3366//5335
f 3366//5336 3459//5336 3460//5336
f 3366//5337 3460//5337 3367//5337
f 3367//5338 3460//5338 3461//5338
f 3367//5339 3461//5339 3368//5339
f 3368//5340 3461//5340 3462//5340
f 3368//5341 3462//5341 3369//5341
f 3369//5342 3462//5342 3463//5342
f 3369//5343 3463//5343 3370//5343
f 3370//5344 3463//5344 3464//5344
f 3370//5345 3464//5345 3371//5345
f 3371//5346 3464//5346 3465//5346
f 3371//5347 3465//5347 3372//5347
f 3372//5348 3465//5348 3466//5348
f 3372//5349 3466//5349 3373//5349
f 3373//5350 3466//5350 3467//5350
f 3373//5351 3467//5351 3374//5351
f 3374//5352 3467//5352 3468//5352
f 3374//5353 3468//5353 3375//5353
f 3375//5354 3468//5354 3469//5354
f 3375//5355 3469//5355 3376//5355
f 3376//5356 3469//5356 3470//5356
f 3376//5357 3470//5357 3377//5357
f 3377//5358 3470//5358 3471//5358
f 3377//5359 3471//5359 3378//5359
f 3378//5360 3471//5360 3472//5360
f 3378//5361 3472//5361 3379//5361
f 3379//5362 3472//5362 3473//5362
f 3379//5363 3473//5363 3380//5363
f 3380//5364 3473//5364 3474//5364
f 3380//5365 3474//5365 3381//5365
f 3381//5366 3474//5366 3475//5366
f 3381//5367 3475//5367 3382//5367
f 3382//5368 3475//5368 3476//5368
f 3382//5369 3476//5369 3383//5369
f 3383//5370 3476//5370 3477//5370
f 3383//5371 3477//5371 3384//5371
f 3384//5372 3477//5372 3478//5372
f 3384//5373 3478//5373 3385//5373
f 3385//5374 3478//5374 3479//5374
f 3385//5375 3479//5375 3386//5375
f 3386//5376 3479//5376 3480//5376
f 3386//5377 3480//5377 3387//5377
f 3387//5378 3480//5378 3481//5378
f 3387//5379 3481//5379 3388//5379
f 3388//5380 3481//5380 3482//5380
f 3388//5381 3482//5381 3389//5381
f 3389//5382 3482//5382 3483//5382
f 3389//5383 3483//5383 3271//5383
f 3271//5384 3483//5384 3324//5384
f 605//5385 3485//5385 603//5385
f 603//5386 3485//5386 3424//5386
f 3486//5387 3421//5387 3423//5387
f 3424//5388 3485//5388 3423//5388
f 3423//5389 3485//5389 3487//5389
f 3423//5390 3487//5390 3486//5390
f 3414//5391 3416//5391 3488//5391
f 3488//5392 3416//5392 3418//5392
f 3488//5393 3418//5393 3486//5393
f 3486//5394 3418//5394 3417//5394
f 3486//5395 3417//5395 3421//5395
f 3414//5396 3488//5396 3413//5396
f 3413//5397 3488//5397 3489//5397
f 3413//5398 3489//5398 3411//5398
f 3490//5399 3491//5399 3492//5399
f 3490//5400 3492//5400 3493//5400
f 3493//5401 3492//5401 3494//5401
f 3493//5402 3494//5402 3495//5402
f 3495//5403 3494//5403 3496//5403
f 3495//5404 3496//5404 3497//5404
f 3497//5405 3496//5405 3498//5405
f 3497//5406 3498//5406 3499//5406
f 3500//5407 3501//5407 3502//5407
f 3502//5408 3501//5408 3499//5408
f 3502//5409 3499//5409 3503//5409
f 3503//5410 3499//5410 3498//5410
f 3501//372 3500//372 3504//372
f 3501//372 3504//372 3505//372
f 3505//372 3504//372 3506//372
f 3505//372 3506//372 3507//372
f 3507//5411 3506//5411 3508//5411
f 3508//5412 3506//5412 3509//5412
f 3508//5413 3509//5413 3510//5413
f 3510//5414 3509//5414 3511//5414
f 3511//5415 3509//5415 3512//5415
f 3511//5416 3512//5416 3513//5416
f 3513//5417 3512//5417 3514//5417
f 3513//5418 3514//5418 3515//5418
f 3516//5419 3517//5419 3518//5419
f 3518//5420 3517//5420 3515//5420
f 3518//5421 3515//5421 3519//5421
f 3519//5422 3515//5422 3514//5422
f 3516//365 3520//365 3517//365
f 3517//365 3520//365 3521//365
f 3521//5423 3520//5423 3522//5423
f 3522//5424 3520//5424 3523//5424
f 3524//5425 3525//5425 3526//5425
f 3526//5426 3525//5426 3527//5426
f 3526//5427 3527//5427 3523//5427
f 3523//5428 3527//5428 3528//5428
f 3523//5429 3528//5429 3522//5429
f 3526//5430 3529//5430 3524//5430
f 3524//5431 3529//5431 3530//5431
f 3524//5432 3530//5432 3531//5432
f 3531//5433 3530//5433 3532//5433
f 3531//5434 3532//5434 3533//5434
f 3531//372 3533//372 3534//372
f 3534//372 3533//372 3489//372
f 3534//372 3489//372 3535//372
f 3535//372 3489//372 3488//372
f 3535//372 3488//372 3536//372
f 3536//372 3488//372 3486//372
f 3536//372 3486//372 3537//372
f 3537//372 3486//372 3487//372
f 3537//372 3487//372 3538//372
f 3539//5435 3534//5435 3540//5435
f 3540//5436 3534//5436 3535//5436
f 3540//5437 3535//5437 3541//5437
f 3541//5438 3535//5438 3542//5438
f 3542//5439 3535//5439 3543//5439
f 3543//5440 3535//5440 3536//5440
f 3543//5441 3536//5441 3544//5441
f 3544//5442 3536//5442 3545//5442
f 3545//5443 3536//5443 3537//5443
f 3545//5444 3537//5444 3546//5444
f 3547//5445 3548//5445 3549//5445
f 3549//5446 3548//5446 3546//5446
f 3549//5447 3546//5447 3538//5447
f 3538//5448 3546//5448 3537//5448
f 3538//5449 3487//5449 3549//5449
f 3549//5449 3487//5449 3485//5449
f 3549//5449 3485//5449 3547//5449
f 3547//5449 3485//5449 605//5449
f 3547//5449 605//5449 3550//5449
f 3550//5449 605//5449 604//5449
f 3550//5449 604//5449 3551//5449
f 3551//5449 604//5449 608//5449
f 3552//5450 3548//5450 3547//5450
f 3552//5451 3547//5451 3553//5451
f 3547//5451 3550//5451 3553//5451
f 3553//5452 3550//5452 3551//5452
f 3553//5453 3551//5453 3554//5453
f 3555//5454 3542//5454 3543//5454
f 3543//5455 3544//5455 3555//5455
f 3555//5456 3544//5456 3545//5456
f 3555//5457 3545//5457 3556//5457
f 3556//5458 3545//5458 3546//5458
f 3546//5459 3548//5459 3556//5459
f 3556//5460 3548//5460 3552//5460
f 3556//5461 3552//5461 3553//5461
f 3557//5462 3556//5462 3558//5462
f 3558//5463 3556//5463 3553//5463
f 3558//5464 3553//5464 3559//5464
f 3559//5465 3553//5465 3554//5465
f 3560//5466 3556//5466 3557//5466
f 3560//5467 3557//5467 3561//5467
f 3561//5468 3557//5468 3562//5468
f 3561//5469 3562//5469 3563//5469
f 3563//5470 3562//5470 3564//5470
f 3563//5471 3564//5471 3565//5471
f 3565//5472 3564//5472 3566//5472
f 3565//5473 3566//5473 3567//5473
f 3567//5474 3566//5474 3568//5474
f 3567//5475 3568//5475 3569//5475
f 3570//5476 3569//5476 3571//5476
f 3571//5477 3569//5477 3568//5477
f 3572//5478 3573//5478 3574//5478
f 3575//5479 3576//5479 3574//5479
f 3575//5480 3574//5480 3577//5480
f 3578//5481 3577//5481 3579//5481
f 3579//5482 3577//5482 3574//5482
f 3579//5483 3574//5483 3570//5483
f 3570//5484 3574//5484 3569//5484
f 3576//5485 3580//5485 3581//5485
f 3581//5486 3580//5486 3582//5486
f 3581//5487 3582//5487 3583//5487
f 3584//5488 3585//5488 3586//5488
f 3584//5489 3586//5489 3583//5489
f 3583//5490 3586//5490 3587//5490
f 3583//5491 3587//5491 3581//5491
f 3572//5492 3574//5492 3588//5492
f 3589//5493 3590//5493 3574//5493
f 3574//5494 3590//5494 3591//5494
f 3574//5495 3591//5495 3588//5495
f 3576//5496 3581//5496 3574//5496
f 3574//5497 3581//5497 3592//5497
f 3574//5498 3592//5498 3589//5498
f 3593//5499 3594//5499 3595//5499
f 3595//5500 3594//5500 3596//5500
f 3595//5501 3596//5501 3597//5501
f 3598//5502 3599//5502 3600//5502
f 3600//5503 3599//5503 3601//5503
f 3600//5504 3601//5504 3602//5504
f 3598//5505 3603//5505 3599//5505
f 3599//5506 3603//5506 3596//5506
f 3596//5507 3603//5507 3604//5507
f 3596//5508 3604//5508 3597//5508
f 3605//5509 3606//5509 3607//5509
f 3607//5510 3606//5510 3608//5510
f 3607//5511 3608//5511 3601//5511
f 3601//5512 3608//5512 3609//5512
f 3601//5513 3609//5513 3602//5513
f 3605//5514 3607//5514 3610//5514
f 3610//5515 3607//5515 3611//5515
f 3610//5516 3611//5516 3612//5516
f 3613//5517 3614//5517 3578//5517
f 3578//5518 3615//5518 3613//5518
f 3613//5519 3615//5519 3616//5519
f 3613//5520 3616//5520 3611//5520
f 3611//5521 3616//5521 3617//5521
f 3611//5522 3617//5522 3612//5522
f 3618//5523 3576//5523 3619//5523
f 3619//5524 3576//5524 3575//5524
f 3619//5525 3575//5525 3614//5525
f 3614//5526 3575//5526 3577//5526
f 3614//5527 3577//5527 3578//5527
f 3620//5528 3582//5528 3618//5528
f 3618//5529 3582//5529 3580//5529
f 3618//5530 3580//5530 3576//5530
f 3621//5531 3584//5531 3620//5531
f 3620//5532 3584//5532 3583//5532
f 3620//5533 3583//5533 3582//5533
f 3621//5534 3620//5534 3622//5534
f 3622//5535 3620//5535 3623//5535
f 3622//5536 3623//5536 3624//5536
f 3625//5537 3626//5537 3623//5537
f 3623//5538 3626//5538 3627//5538
f 3623//5539 3627//5539 3624//5539
f 3628//5540 3629//5540 3630//5540
f 3630//5541 3629//5541 3631//5541
f 3630//5542 3631//5542 3625//5542
f 3625//5543 3631//5543 3632//5543
f 3625//5544 3632//5544 3626//5544
f 3630//5545 3633//5545 3628//5545
f 3628//5546 3633//5546 3594//5546
f 3628//5547 3594//5547 3593//5547
f 3634//372 3614//372 3635//372
f 3635//372 3614//372 3613//372
f 3635//372 3613//372 3636//372
f 3636//372 3613//372 3611//372
f 3636//372 3611//372 3637//372
f 3638//372 3633//372 3639//372
f 3639//372 3633//372 3630//372
f 3639//372 3630//372 3640//372
f 3640//372 3630//372 3625//372
f 3640//372 3625//372 3641//372
f 3641//372 3625//372 3623//372
f 3641//372 3623//372 3642//372
f 3642//372 3623//372 3620//372
f 3642//372 3620//372 3643//372
f 3643//372 3620//372 3618//372
f 3643//372 3618//372 3634//372
f 3634//372 3618//372 3619//372
f 3634//372 3619//372 3614//372
f 3611//372 3607//372 3637//372
f 3637//372 3607//372 3601//372
f 3637//372 3601//372 3644//372
f 3644//372 3601//372 3599//372
f 3644//372 3599//372 3645//372
f 3645//372 3599//372 3596//372
f 3645//372 3596//372 3638//372
f 3638//372 3596//372 3594//372
f 3638//372 3594//372 3633//372
f 3646//352 3647//352 3648//352
f 3648//352 3649//352 3646//352
f 3646//352 3649//352 3650//352
f 3646//352 3650//352 3651//352
f 3652//352 3653//352 3654//352
f 3655//352 3656//352 3647//352
f 3647//352 3656//352 3657//352
f 3647//352 3657//352 3648//352
f 3650//352 3658//352 3651//352
f 3651//352 3658//352 3659//352
f 3651//352 3659//352 3653//352
f 3653//352 3659//352 3660//352
f 3653//352 3660//352 3654//352
f 3654//352 3661//352 3652//352
f 3652//352 3661//352 3662//352
f 3652//352 3662//352 3655//352
f 3655//352 3662//352 3663//352
f 3655//352 3663//352 3656//352
f 3664//5548 3647//5548 3665//5548
f 3665//5548 3647//5548 3646//5548
f 3665//5548 3646//5548 3666//5548
f 3651//5549 3667//5549 3646//5549
f 3646//5549 3667//5549 3668//5549
f 3646//5549 3668//5549 3666//5549
f 3653//5550 3669//5550 3651//5550
f 3651//5550 3669//5550 3670//5550
f 3651//5550 3670//5550 3667//5550
f 3652//5551 3671//5551 3653//5551
f 3653//5551 3671//5551 3672//5551
f 3653//5551 3672//5551 3669//5551
f 3671//5552 3652//5552 3673//5552
f 3673//5552 3652//5552 3655//5552
f 3673//5552 3655//5552 3674//5552
f 3674//5553 3655//5553 3675//5553
f 3675//5553 3655//5553 3647//5553
f 3675//5553 3647//5553 3664//5553
f 602//5554 3676//5554 600//5554
f 600//5555 3676//5555 601//5555
f 601//5556 3676//5556 3677//5556
f 601//5557 3677//5557 599//5557
f 3678//5558 3679//5558 3680//5558
f 3680//5559 3679//5559 3681//5559
f 591//5560 3682//5560 592//5560
f 592//5561 3682//5561 3683//5561
f 592//5562 3683//5562 593//5562
f 3681//5563 3684//5563 597//5563
f 597//5564 3684//5564 3685//5564
f 597//5565 3685//5565 596//5565
f 596//5566 3685//5566 3686//5566
f 596//5567 3686//5567 595//5567
f 595//5568 3686//5568 3687//5568
f 595//5569 3687//5569 594//5569
f 594//5570 3687//5570 3688//5570
f 3683//5571 3689//5571 593//5571
f 593//5572 3689//5572 3690//5572
f 593//5573 3690//5573 602//5573
f 3691//5574 3692//5574 43//5574
f 43//5575 3692//5575 3693//5575
f 43//5576 3693//5576 44//5576
f 3669//5577 43//5577 63//5577
f 3694//5578 3691//5578 3671//5578
f 3671//5579 3691//5579 43//5579
f 3671//5580 43//5580 3672//5580
f 3672//5581 43//5581 3669//5581
f 55//5582 3695//5582 3668//5582
f 3668//5583 3695//5583 3696//5583
f 3668//5584 3696//5584 3666//5584
f 55//5585 3668//5585 56//5585
f 56//5586 3668//5586 3667//5586
f 56//5587 3667//5587 63//5587
f 63//5588 3667//5588 3670//5588
f 63//5589 3670//5589 3669//5589
f 3673//5590 3674//5590 3677//5590
f 3677//5591 3674//5591 3680//5591
f 3677//5592 3680//5592 599//5592
f 599//5593 3680//5593 3681//5593
f 599//5594 3681//5594 598//5594
f 598//5595 3681//5595 597//5595
f 3696//5596 3697//5596 3666//5596
f 3666//5597 3697//5597 3698//5597
f 3666//5598 3698//5598 3665//5598
f 3665//5599 3698//5599 3678//5599
f 3665//5600 3678//5600 3664//5600
f 3664//5601 3678//5601 3680//5601
f 3664//5602 3680//5602 3675//5602
f 3675//5603 3680//5603 3674//5603
f 3677//5604 3699//5604 3673//5604
f 3673//5605 3699//5605 3700//5605
f 3673//5606 3700//5606 3671//5606
f 3671//5607 3700//5607 3701//5607
f 3671//5608 3701//5608 3694//5608
f 3702//5609 3703//5609 3704//5609
f 3704//5610 3703//5610 1610//5610
f 3704//5611 1610//5611 1603//5611
f 3705//5612 3706//5612 3707//5612
f 3707//5613 3706//5613 3708//5613
f 3708//5614 1613//5614 3707//5614
f 3707//5615 1613//5615 1619//5615
f 3707//5616 1619//5616 1618//5616
f 3703//5617 3709//5617 1610//5617
f 1610//5618 3709//5618 3710//5618
f 1610//5619 3710//5619 1609//5619
f 1609//5620 3710//5620 3711//5620
f 1609//5621 3711//5621 1608//5621
f 1608//5622 3711//5622 3712//5622
f 1608//5623 3712//5623 1620//5623
f 1620//5624 3712//5624 3707//5624
f 1620//5625 3707//5625 1616//5625
f 1616//5626 3707//5626 1618//5626
f 3713//5627 3714//5627 3715//5627
f 3715//5628 3714//5628 3716//5628
f 3713//5629 3715//5629 3717//5629
f 3717//5630 3715//5630 3718//5630
f 3717//5631 3718//5631 3719//5631
f 3719//5632 3718//5632 3720//5632
f 3719//5633 3720//5633 3705//5633
f 3705//5634 3720//5634 3721//5634
f 3705//5635 3721//5635 3706//5635
f 3722//5636 3723//5636 3724//5636
f 3724//5637 3723//5637 3725//5637
f 3724//5638 3725//5638 3713//5638
f 3713//5639 3725//5639 3726//5639
f 3713//5640 3726//5640 3714//5640
f 3727//5641 3728//5641 3729//5641
f 3729//5642 3728//5642 3730//5642
f 3729//5643 3730//5643 3731//5643
f 3727//5644 3729//5644 3732//5644
f 3732//5645 3729//5645 3682//5645
f 3732//5646 3682//5646 3688//5646
f 3688//5647 3682//5647 591//5647
f 3688//5648 591//5648 594//5648
f 3690//5649 3733//5649 602//5649
f 602//5650 3733//5650 3734//5650
f 602//5651 3734//5651 3676//5651
f 3676//5652 3734//5652 3735//5652
f 3676//5653 3735//5653 3736//5653
f 3736//5654 3737//5654 3676//5654
f 3676//5655 3737//5655 3738//5655
f 3676//5656 3738//5656 3677//5656
f 3677//5657 3738//5657 3739//5657
f 3677//5658 3739//5658 3699//5658
f 3724//5659 3740//5659 3722//5659
f 3722//5660 3740//5660 3741//5660
f 3722//5661 3741//5661 3742//5661
f 3742//5662 3741//5662 3743//5662
f 3742//5663 3743//5663 3744//5663
f 3744//5664 3743//5664 3745//5664
f 3744//5665 3745//5665 3746//5665
f 3746//5666 3745//5666 3747//5666
f 3747//5667 3689//5667 3746//5667
f 3746//5668 3689//5668 3683//5668
f 3746//5669 3683//5669 3744//5669
f 3744//5670 3683//5670 3682//5670
f 3744//5671 3682//5671 3742//5671
f 3742//5672 3682//5672 3729//5672
f 3742//5673 3729//5673 3722//5673
f 3722//5674 3729//5674 3731//5674
f 3722//5675 3731//5675 3723//5675
f 3723//5676 3731//5676 3730//5676
f 1611//5677 1613//5677 3748//5677
f 3748//5678 1613//5678 3708//5678
f 3748//5679 3708//5679 3706//5679
f 3715//5680 3749//5680 3718//5680
f 3718//5681 3749//5681 3750//5681
f 3718//5682 3750//5682 3720//5682
f 3720//5683 3750//5683 3751//5683
f 3720//5684 3751//5684 3721//5684
f 3721//5685 3751//5685 3752//5685
f 3721//5686 3752//5686 3706//5686
f 3706//5687 3752//5687 3753//5687
f 3706//5688 3753//5688 3748//5688
f 3748//5689 3753//5689 1611//5689
f 3754//372 3755//372 3749//372
f 3715//372 3716//372 3749//372
f 3749//372 3716//372 3756//372
f 3749//372 3756//372 3754//372
f 3716//5690 3714//5690 3756//5690
f 3756//5691 3714//5691 3726//5691
f 3726//5692 3725//5692 3756//5692
f 3756//5693 3725//5693 3723//5693
f 3756//5694 3723//5694 3754//5694
f 3757//5695 3758//5695 3759//5695
f 3760//5696 3761//5696 3758//5696
f 3758//5697 3761//5697 3762//5697
f 3758//5698 3762//5698 3759//5698
f 3723//5699 3730//5699 3754//5699
f 3754//5700 3730//5700 3728//5700
f 3754//5701 3728//5701 3755//5701
f 3755//5702 3728//5702 3727//5702
f 3755//5703 3727//5703 3760//5703
f 3760//5704 3727//5704 3763//5704
f 3760//5705 3763//5705 3761//5705
f 3764//5706 3765//5706 3766//5706
f 3766//5707 3765//5707 3767//5707
f 3759//5708 3768//5708 3757//5708
f 3757//5709 3768//5709 3767//5709
f 3757//5710 3767//5710 3769//5710
f 3769//5711 3767//5711 3765//5711
f 3769//5712 3765//5712 3770//5712
f 3771//5713 3772//5713 3773//5713
f 3774//5714 3775//5714 3776//5714
f 3772//5715 3777//5715 3778//5715
f 3778//5716 3777//5716 3779//5716
f 3778//5717 3779//5717 3780//5717
f 3780//5718 3779//5718 3781//5718
f 3780//5719 3781//5719 3782//5719
f 3783//5720 3784//5720 3785//5720
f 3785//5721 3784//5721 3786//5721
f 3785//5722 3786//5722 3787//5722
f 3787//5723 3786//5723 3788//5723
f 3787//5724 3788//5724 3789//5724
f 3789//5725 3788//5725 3790//5725
f 3789//5726 3790//5726 3791//5726
f 3791//5727 3790//5727 3792//5727
f 3793//5728 3794//5728 3795//5728
f 3795//5729 3794//5729 3796//5729
f 3795//5730 3796//5730 3797//5730
f 3797//5731 3796//5731 3798//5731
f 3797//5732 3798//5732 3799//5732
f 3799//5733 3798//5733 3800//5733
f 3799//5734 3800//5734 3801//5734
f 3801//5735 3800//5735 3802//5735
f 3801//5736 3802//5736 3803//5736
f 3803//5737 3802//5737 3804//5737
f 3803//5738 3804//5738 3805//5738
f 3793//5739 3795//5739 3806//5739
f 3806//5740 3795//5740 3807//5740
f 3806//5741 3807//5741 3808//5741
f 3808//5742 3807//5742 3809//5742
f 3808//5743 3809//5743 3810//5743
f 3810//5744 3809//5744 3811//5744
f 3810//5745 3811//5745 3812//5745
f 3812//5746 3811//5746 3813//5746
f 3812//5747 3813//5747 3814//5747
f 3814//5748 3813//5748 3815//5748
f 3814//5749 3815//5749 3816//5749
f 3816//5750 3815//5750 3817//5750
f 3817//5751 3815//5751 3818//5751
f 3817//5752 3818//5752 3819//5752
f 3774//5753 3776//5753 3820//5753
f 3820//5754 3776//5754 3821//5754
f 3820//5755 3821//5755 3818//5755
f 3818//5756 3821//5756 3822//5756
f 3818//5757 3822//5757 3819//5757
f 3772//5758 3771//5758 3777//5758
f 3777//5759 3771//5759 3823//5759
f 3777//5760 3823//5760 3779//5760
f 3779//5761 3823//5761 3824//5761
f 3779//5762 3824//5762 3781//5762
f 3781//5763 3824//5763 3825//5763
f 3781//5764 3825//5764 3826//5764
f 3826//5765 3825//5765 3827//5765
f 3826//5766 3827//5766 3828//5766
f 3773//5767 3829//5767 3771//5767
f 3771//5768 3829//5768 3830//5768
f 3771//5769 3830//5769 3823//5769
f 3823//5770 3830//5770 3831//5770
f 3823//5771 3831//5771 3824//5771
f 3824//5772 3831//5772 3832//5772
f 3824//5773 3832//5773 3825//5773
f 3825//5774 3832//5774 3833//5774
f 3825//5775 3833//5775 3827//5775
f 3827//5776 3833//5776 3834//5776
f 3827//5777 3834//5777 3835//5777
f 3835//5778 3834//5778 3836//5778
f 3835//5779 3836//5779 3837//5779
f 3837//5780 3836//5780 3838//5780
f 3837//5781 3838//5781 3839//5781
f 3828//5782 3827//5782 3840//5782
f 3840//5782 3827//5782 3835//5782
f 3840//5783 3835//5783 3841//5783
f 3841//5783 3835//5783 3837//5783
f 3841//5784 3837//5784 3842//5784
f 3842//5785 3837//5785 3839//5785
f 3842//5786 3839//5786 3843//5786
f 3782//5787 3781//5787 3844//5787
f 3844//5788 3781//5788 3826//5788
f 3844//5789 3826//5789 3845//5789
f 3845//5790 3826//5790 3828//5790
f 3845//5791 3828//5791 3846//5791
f 3846//5792 3828//5792 3840//5792
f 3846//5793 3840//5793 3847//5793
f 3847//5794 3840//5794 3841//5794
f 3847//5795 3841//5795 3848//5795
f 3848//5796 3841//5796 3842//5796
f 3848//5797 3842//5797 3849//5797
f 3849//5798 3842//5798 3843//5798
f 3849//5799 3843//5799 3850//5799
f 3850//5800 3843//5800 3839//5800
f 3850//5801 3839//5801 3851//5801
f 3852//5802 3783//5802 3853//5802
f 3853//5803 3783//5803 3785//5803
f 3853//5804 3785//5804 3854//5804
f 3854//5804 3785//5804 3787//5804
f 3854//5805 3787//5805 3855//5805
f 3855//5806 3787//5806 3789//5806
f 3855//5807 3789//5807 3851//5807
f 3851//5807 3789//5807 3791//5807
f 3851//5808 3791//5808 3850//5808
f 3850//5809 3791//5809 3792//5809
f 3850//5810 3792//5810 3849//5810
f 3838//5811 3856//5811 3839//5811
f 3839//5812 3856//5812 3857//5812
f 3839//5813 3857//5813 3851//5813
f 3851//5814 3857//5814 3858//5814
f 3851//5815 3858//5815 3855//5815
f 3855//5815 3858//5815 3859//5815
f 3855//5816 3859//5816 3854//5816
f 3854//5817 3859//5817 3860//5817
f 3854//5818 3860//5818 3853//5818
f 3853//5819 3860//5819 3861//5819
f 3853//5820 3861//5820 3852//5820
f 3852//5821 3861//5821 3862//5821
f 3830//5822 3863//5822 3831//5822
f 3831//5823 3863//5823 3864//5823
f 3831//5824 3864//5824 3832//5824
f 3832//5825 3864//5825 3865//5825
f 3832//5826 3865//5826 3833//5826
f 3833//5827 3865//5827 3866//5827
f 3833//5828 3866//5828 3834//5828
f 3834//5829 3866//5829 3867//5829
f 3834//5830 3867//5830 3836//5830
f 3836//5831 3867//5831 3868//5831
f 3836//5832 3868//5832 3838//5832
f 3838//5833 3868//5833 3869//5833
f 3838//5834 3869//5834 3856//5834
f 3856//5835 3869//5835 3870//5835
f 3856//5836 3870//5836 3857//5836
f 3857//5837 3870//5837 3871//5837
f 3857//5838 3871//5838 3858//5838
f 3858//5839 3871//5839 3872//5839
f 3858//5840 3872//5840 3859//5840
f 3859//5840 3872//5840 3873//5840
f 3859//5841 3873//5841 3860//5841
f 3860//5842 3873//5842 3874//5842
f 3860//5843 3874//5843 3861//5843
f 3861//5844 3874//5844 3875//5844
f 3861//5845 3875//5845 3862//5845
f 3862//5846 3875//5846 3876//5846
f 3863//5847 3774//5847 3864//5847
f 3864//5848 3774//5848 3820//5848
f 3864//5849 3820//5849 3865//5849
f 3865//5850 3820//5850 3818//5850
f 3865//5851 3818//5851 3866//5851
f 3866//5852 3818//5852 3815//5852
f 3866//5853 3815//5853 3867//5853
f 3867//5854 3815//5854 3813//5854
f 3867//5855 3813//5855 3868//5855
f 3868//5855 3813//5855 3811//5855
f 3868//5856 3811//5856 3869//5856
f 3869//5856 3811//5856 3809//5856
f 3869//5857 3809//5857 3870//5857
f 3870//5858 3809//5858 3807//5858
f 3870//5859 3807//5859 3871//5859
f 3871//5859 3807//5859 3795//5859
f 3871//5860 3795//5860 3872//5860
f 3872//5861 3795//5861 3797//5861
f 3872//5862 3797//5862 3873//5862
f 3873//5862 3797//5862 3799//5862
f 3873//5863 3799//5863 3874//5863
f 3874//5864 3799//5864 3801//5864
f 3874//5865 3801//5865 3875//5865
f 3875//5865 3801//5865 3803//5865
f 3875//5866 3803//5866 3876//5866
f 3876//5867 3803//5867 3805//5867
f 3877//2053 3773//2053 3878//2053
f 3878//5868 3773//5868 3879//5868
f 3863//5869 3830//5869 3774//5869
f 3774//5870 3830//5870 3829//5870
f 3774//5871 3829//5871 3775//5871
f 3775//5872 3829//5872 3773//5872
f 3775//2053 3773//2053 3880//2053
f 3880//2053 3773//2053 3877//2053
f 3881//5873 3882//5873 3883//5873
f 3884//5874 3885//5874 3886//5874
f 3887//5875 3888//5875 3889//5875
f 3890//5876 3891//5876 3892//5876
f 3892//5877 3891//5877 3893//5877
f 3892//5878 3893//5878 3894//5878
f 3894//5879 3893//5879 3895//5879
f 3894//5880 3895//5880 3896//5880
f 3896//5881 3895//5881 3897//5881
f 3897//5882 3895//5882 3898//5882
f 3897//5883 3898//5883 3899//5883
f 3899//5884 3898//5884 3900//5884
f 3899//5885 3900//5885 3901//5885
f 3901//5886 3900//5886 3902//5886
f 3901//5887 3902//5887 3903//5887
f 3903//5888 3902//5888 3904//5888
f 3903//5889 3904//5889 3905//5889
f 3905//5890 3904//5890 3906//5890
f 3905//5891 3906//5891 3907//5891
f 3908//5892 3909//5892 3910//5892
f 3910//5893 3909//5893 3911//5893
f 3884//5894 3886//5894 3912//5894
f 3912//5895 3886//5895 3913//5895
f 3912//5896 3913//5896 3914//5896
f 3914//5897 3913//5897 3910//5897
f 3914//5898 3910//5898 3915//5898
f 3915//5899 3910//5899 3911//5899
f 3915//5900 3911//5900 3916//5900
f 3917//5901 3918//5901 3919//5901
f 3919//5902 3918//5902 3920//5902
f 3919//5903 3920//5903 3921//5903
f 3889//5904 3881//5904 3922//5904
f 3922//5905 3881//5905 3883//5905
f 3922//5906 3883//5906 3920//5906
f 3920//5907 3883//5907 3923//5907
f 3920//5908 3923//5908 3921//5908
f 3917//5909 3924//5909 3918//5909
f 3918//5910 3924//5910 3925//5910
f 3918//5911 3925//5911 3920//5911
f 3920//5912 3925//5912 3926//5912
f 3920//5913 3926//5913 3922//5913
f 3921//5914 3908//5914 3919//5914
f 3919//5915 3908//5915 3910//5915
f 3919//5916 3910//5916 3917//5916
f 3917//5917 3910//5917 3913//5917
f 3917//5918 3913//5918 3924//5918
f 3924//5919 3913//5919 3886//5919
f 3924//5920 3886//5920 3927//5920
f 3927//5921 3886//5921 3885//5921
f 3912//5922 3906//5922 3884//5922
f 3884//5923 3906//5923 3904//5923
f 3884//5924 3904//5924 3885//5924
f 3885//5925 3904//5925 3902//5925
f 3885//5926 3902//5926 3927//5926
f 3927//5927 3902//5927 3900//5927
f 3927//5928 3900//5928 3924//5928
f 3924//5929 3900//5929 3898//5929
f 3924//5930 3898//5930 3925//5930
f 3925//5931 3898//5931 3895//5931
f 3925//5932 3895//5932 3926//5932
f 3926//5933 3895//5933 3893//5933
f 3926//5934 3893//5934 3922//5934
f 3922//5935 3893//5935 3891//5935
f 3922//5936 3891//5936 3889//5936
f 3889//5937 3891//5937 3890//5937
f 3889//5938 3890//5938 3887//5938
f 3928//5939 3929//5939 3930//5939
f 3930//5940 3929//5940 3931//5940
f 3930//5941 3931//5941 3932//5941
f 3921//5942 3923//5942 3883//5942
f 3908//5943 3921//5943 3933//5943
f 3921//5944 3883//5944 3933//5944
f 3933//5945 3883//5945 3882//5945
f 3933//5946 3882//5946 3934//5946
f 3935//5947 3907//5947 3936//5947
f 3936//5948 3907//5948 3906//5948
f 3936//5949 3906//5949 3937//5949
f 3937//5950 3906//5950 3912//5950
f 3937//5951 3912//5951 3938//5951
f 3938//5952 3912//5952 3914//5952
f 3938//5953 3914//5953 3939//5953
f 3939//5954 3914//5954 3915//5954
f 3939//5955 3915//5955 3940//5955
f 3940//5956 3915//5956 3916//5956
f 3940//5957 3916//5957 3934//5957
f 3934//5958 3916//5958 3911//5958
f 3934//5959 3911//5959 3933//5959
f 3933//5960 3911//5960 3909//5960
f 3933//5961 3909//5961 3908//5961
f 3941//5962 3942//5962 3943//5962
f 3941//5963 3944//5963 3942//5963
f 3942//5964 3944//5964 3945//5964
f 3942//5965 3945//5965 3946//5965
f 3947//5966 3948//5966 3949//5966
f 3950//5967 3948//5967 3951//5967
f 3951//5968 3948//5968 3947//5968
f 3951//5969 3947//5969 3952//5969
f 3953//5970 3954//5970 3955//5970
f 3956//5971 3957//5971 3958//5971
f 3958//5972 3957//5972 3959//5972
f 3958//5973 3959//5973 3960//5973
f 3960//5974 3959//5974 3953//5974
f 3960//5975 3953//5975 3961//5975
f 3961//5976 3953//5976 3955//5976
f 3934//5977 3962//5977 3940//5977
f 3940//5978 3962//5978 3931//5978
f 3940//5979 3931//5979 3939//5979
f 3939//5980 3931//5980 3929//5980
f 3939//5981 3929//5981 3938//5981
f 3938//5982 3929//5982 3928//5982
f 3938//5983 3928//5983 3937//5983
f 3961//5984 3963//5984 3960//5984
f 3960//5985 3963//5985 3932//5985
f 3960//5986 3932//5986 3958//5986
f 3958//5987 3932//5987 3931//5987
f 3958//5988 3931//5988 3956//5988
f 3956//5989 3931//5989 3962//5989
f 3956//4435 3962//4435 3964//4435
f 3941//5990 3965//5990 3944//5990
f 3944//5991 3965//5991 3966//5991
f 3944//5992 3966//5992 3967//5992
f 3967//5993 3966//5993 3968//5993
f 3946//5994 3945//5994 3969//5994
f 3969//5995 3945//5995 3944//5995
f 3969//5996 3944//5996 3949//5996
f 3949//5997 3944//5997 3967//5997
f 3949//5998 3967//5998 3947//5998
f 3947//5999 3967//5999 3968//5999
f 3947//6000 3968//6000 3952//6000
f 3955//6001 3950//6001 3961//6001
f 3961//6002 3950//6002 3951//6002
f 3961//6003 3951//6003 3963//6003
f 3963//6004 3951//6004 3952//6004
f 3963//6005 3952//6005 3932//6005
f 3932//6006 3952//6006 3968//6006
f 3932//6007 3968//6007 3930//6007
f 3930//6008 3968//6008 3966//6008
f 3930//6009 3966//6009 3928//6009
f 3928//6010 3966//6010 3965//6010
f 3928//6011 3965//6011 3937//6011
f 3937//6012 3965//6012 3941//6012
f 3937//6013 3941//6013 3936//6013
f 3936//6014 3941//6014 3943//6014
f 3936//6015 3943//6015 3935//6015
f 3935//6016 3943//6016 3970//6016
f 3935//6017 3970//6017 3907//6017
f 3971//6018 3972//6018 3973//6018
f 3954//6019 3974//6019 3975//6019
f 3971//6020 3973//6020 3975//6020
f 3975//6021 3973//6021 3976//6021
f 3975//6022 3976//6022 3954//6022
f 3974//6023 3954//6023 3977//6023
f 3977//6024 3954//6024 3953//6024
f 3977//6025 3953//6025 3978//6025
f 3978//6026 3953//6026 3959//6026
f 3978//6027 3959//6027 3979//6027
f 3979//6028 3959//6028 3957//6028
f 3979//6029 3957//6029 3980//6029
f 3980//6030 3957//6030 3956//6030
f 3980//6031 3956//6031 3981//6031
f 3964//4435 3982//4435 3956//4435
f 3956//6032 3982//6032 3983//6032
f 3956//4795 3983//4795 3981//4795
f 3889//352 3888//352 3984//352
f 3984//352 3888//352 3985//352
f 3984//352 3985//352 3986//352
f 3987//352 3988//352 3989//352
f 3989//352 3988//352 3986//352
f 3989//352 3986//352 3990//352
f 3990//352 3986//352 3985//352
f 3880//352 3877//352 3991//352
f 3991//352 3877//352 3992//352
f 3987//352 3993//352 3988//352
f 3988//352 3993//352 3994//352
f 3988//352 3994//352 3992//352
f 3992//352 3994//352 3995//352
f 3992//352 3995//352 3991//352
f 3982//6033 3964//6033 3984//6033
f 3984//352 3964//352 3962//352
f 3984//352 3962//352 3934//352
f 3934//352 3882//352 3984//352
f 3984//4520 3882//4520 3881//4520
f 3984//352 3881//352 3889//352
f 3996//2048 3992//2048 3997//2048
f 3997//2048 3992//2048 3877//2048
f 3770//2048 3765//2048 3998//2048
f 3998//2048 3765//2048 3764//2048
f 3764//6034 3999//6034 3998//6034
f 3998//2050 3999//2050 3997//2050
f 3998//2048 3997//2048 4000//2048
f 4000//2048 3997//2048 3877//2048
f 4000//2048 3877//2048 3878//2048
f 4001//6035 4002//6035 4003//6035
f 4003//6036 4002//6036 4004//6036
f 4005//6037 4006//6037 4007//6037
f 4008//6038 4009//6038 4010//6038
f 3732//6039 3763//6039 3727//6039
f 4011//6040 3696//6040 4012//6040
f 4012//6041 3696//6041 3695//6041
f 4012//6042 3695//6042 4013//6042
f 4013//6043 3695//6043 55//6043
f 4013//6044 55//6044 4010//6044
f 4010//6045 55//6045 54//6045
f 4014//6046 3698//6046 3697//6046
f 3698//6047 4014//6047 3678//6047
f 3678//6048 4014//6048 4006//6048
f 3678//6049 4006//6049 3679//6049
f 3679//6050 4006//6050 4005//6050
f 3679//6051 4005//6051 3681//6051
f 3681//6052 4005//6052 4015//6052
f 3681//6053 4015//6053 3684//6053
f 3684//6054 4015//6054 3685//6054
f 3685//6055 4015//6055 4016//6055
f 3685//6056 4016//6056 3686//6056
f 3768//6057 3759//6057 3688//6057
f 3688//6058 3759//6058 3762//6058
f 3688//6059 3762//6059 3732//6059
f 3732//6060 3762//6060 3761//6060
f 3732//6061 3761//6061 3763//6061
f 3688//6062 3687//6062 3768//6062
f 3768//6063 3687//6063 4017//6063
f 3768//6064 4017//6064 3767//6064
f 3767//6065 4017//6065 3766//6065
f 3687//6066 3686//6066 4017//6066
f 4017//6067 3686//6067 4016//6067
f 4017//6068 4016//6068 3766//6068
f 3766//6069 4016//6069 3764//6069
f 9//6070 4018//6070 11//6070
f 11//6071 4018//6071 4019//6071
f 11//6072 4019//6072 12//6072
f 12//6073 4019//6073 4020//6073
f 4021//6074 16//6074 4020//6074
f 4020//6075 16//6075 14//6075
f 4020//6076 14//6076 12//6076
f 4022//6077 31//6077 4023//6077
f 4023//6078 31//6078 29//6078
f 4023//6079 29//6079 4024//6079
f 4024//6080 29//6080 23//6080
f 4024//6081 23//6081 4025//6081
f 4025//6082 23//6082 25//6082
f 4025//6083 25//6083 4026//6083
f 4026//6084 25//6084 3//6084
f 4026//6085 3//6085 4027//6085
f 4027//6086 3//6086 2//6086
f 4027//6087 2//6087 4028//6087
f 4028//6088 2//6088 6//6088
f 4028//6089 6//6089 4029//6089
f 4029//6090 6//6090 5//6090
f 4029//6091 5//6091 4021//6091
f 4021//6092 5//6092 17//6092
f 4021//6093 17//6093 16//6093
f 4030//6094 71//6094 4031//6094
f 4031//6095 71//6095 35//6095
f 4031//6096 35//6096 4032//6096
f 4032//6097 35//6097 37//6097
f 4032//6098 37//6098 4033//6098
f 4033//6099 37//6099 32//6099
f 4034//6100 51//6100 50//6100
f 67//6101 66//6101 4035//6101
f 4035//6102 66//6102 65//6102
f 4035//6103 65//6103 4036//6103
f 4036//6104 65//6104 62//6104
f 4037//6105 58//6105 4038//6105
f 4038//6106 58//6106 59//6106
f 4038//6107 59//6107 67//6107
f 61//6108 60//6108 4037//6108
f 4037//6109 60//6109 57//6109
f 4037//6110 57//6110 58//6110
f 67//6111 4035//6111 4038//6111
f 4038//6112 4035//6112 4039//6112
f 4038//6113 4039//6113 4040//6113
f 4041//6114 4008//6114 4037//6114
f 4037//6115 4008//6115 4010//6115
f 4037//6116 4010//6116 61//6116
f 61//6117 4010//6117 54//6117
f 4040//6118 4042//6118 4038//6118
f 4038//6119 4042//6119 4043//6119
f 4038//6120 4043//6120 4037//6120
f 4037//6121 4043//6121 4044//6121
f 4037//6122 4044//6122 4041//6122
f 4045//6123 4014//6123 4011//6123
f 4011//6124 4014//6124 3697//6124
f 4011//6125 3697//6125 3696//6125
f 4009//6126 4046//6126 4010//6126
f 4010//6127 4046//6127 4047//6127
f 4010//6128 4047//6128 4013//6128
f 4013//6129 4047//6129 4048//6129
f 4013//6130 4048//6130 4012//6130
f 4012//6131 4048//6131 4049//6131
f 4012//6132 4049//6132 4011//6132
f 4011//6133 4049//6133 4050//6133
f 4011//6134 4050//6134 4045//6134
f 4007//6135 4051//6135 4005//6135
f 4005//6136 4051//6136 3996//6136
f 4005//6137 3996//6137 4015//6137
f 4015//6138 3996//6138 3997//6138
f 4015//6139 3997//6139 4016//6139
f 4016//6140 3997//6140 3999//6140
f 4016//6141 3999//6141 3764//6141
f 4045//6142 4052//6142 4014//6142
f 4014//6143 4052//6143 4053//6143
f 4014//6144 4053//6144 4006//6144
f 4006//6145 4053//6145 4054//6145
f 4006//6146 4054//6146 4007//6146
f 4055//6147 4033//6147 4022//6147
f 4022//6148 4033//6148 32//6148
f 4022//6149 32//6149 31//6149
f 4024//6150 4056//6150 4023//6150
f 4023//6151 4056//6151 4057//6151
f 4023//6152 4057//6152 4022//6152
f 4022//6153 4057//6153 4058//6153
f 4022//6154 4058//6154 4055//6154
f 4018//6155 4059//6155 4019//6155
f 4019//6156 4059//6156 4060//6156
f 4019//6157 4060//6157 4020//6157
f 4020//6158 4060//6158 4061//6158
f 4020//6159 4061//6159 4021//6159
f 4021//6160 4061//6160 4062//6160
f 4021//6161 4062//6161 4029//6161
f 4029//6162 4062//6162 4063//6162
f 4029//6163 4063//6163 4028//6163
f 4028//6164 4063//6164 4064//6164
f 4028//6165 4064//6165 4027//6165
f 4027//6166 4064//6166 4065//6166
f 4027//6167 4065//6167 4026//6167
f 4026//6168 4065//6168 4066//6168
f 4026//6169 4066//6169 4025//6169
f 4025//6170 4066//6170 4067//6170
f 4025//6171 4067//6171 4024//6171
f 4024//6172 4067//6172 4068//6172
f 4024//6173 4068//6173 4056//6173
f 4069//6174 4034//6174 4030//6174
f 4030//6175 4034//6175 50//6175
f 4030//6176 50//6176 71//6176
f 4069//6177 4001//6177 4034//6177
f 4034//6178 4001//6178 4003//6178
f 4034//6179 4003//6179 51//6179
f 51//6180 4003//6180 4004//6180
f 51//6181 4004//6181 68//6181
f 68//6182 4004//6182 4070//6182
f 68//6183 4070//6183 69//6183
f 69//6184 4070//6184 4071//6184
f 69//6185 4071//6185 70//6185
f 70//6186 4071//6186 4072//6186
f 70//6187 4072//6187 62//6187
f 62//6188 4072//6188 4036//6188
f 4036//6189 4072//6189 4073//6189
f 4036//6190 4073//6190 4074//6190
f 4070//6191 4075//6191 4071//6191
f 4071//6192 4075//6192 4076//6192
f 4071//6193 4076//6193 4072//6193
f 4072//6194 4076//6194 4077//6194
f 4072//6195 4077//6195 4073//6195
f 4002//6196 4078//6196 4004//6196
f 4004//6197 4078//6197 4079//6197
f 4004//6198 4079//6198 4070//6198
f 4070//6199 4079//6199 4080//6199
f 4070//6200 4080//6200 4075//6200
f 4055//6201 4081//6201 4033//6201
f 4033//6202 4081//6202 4082//6202
f 4033//6203 4082//6203 4032//6203
f 4032//6204 4082//6204 4083//6204
f 4032//6205 4083//6205 4031//6205
f 4031//6206 4083//6206 4084//6206
f 4031//6207 4084//6207 4030//6207
f 4030//6208 4084//6208 4085//6208
f 4030//6209 4085//6209 4069//6209
f 4074//6210 4086//6210 4036//6210
f 4036//6211 4086//6211 4087//6211
f 4036//6212 4087//6212 4035//6212
f 4035//6213 4087//6213 4088//6213
f 4035//6214 4088//6214 4039//6214
f 4089//6215 4090//6215 4091//6215
f 509//6216 508//6216 4092//6216
f 455//6217 454//6217 4093//6217
f 4094//6218 4095//6218 4096//6218
f 4095//6219 1659//6219 1646//6219
f 4095//6220 4094//6220 1659//6220
f 1659//6221 4094//6221 4097//6221
f 1659//6222 4097//6222 1660//6222
f 1654//6223 1658//6223 4098//6223
f 4098//6224 1658//6224 1657//6224
f 4098//6225 1657//6225 4097//6225
f 4097//6226 1657//6226 1661//6226
f 4097//6227 1661//6227 1660//6227
f 4099//6228 4100//6228 4101//6228
f 4101//6229 4100//6229 4102//6229
f 4101//6230 4102//6230 4103//6230
f 4103//6231 4102//6231 4104//6231
f 4103//6232 4104//6232 4096//6232
f 4096//6233 4104//6233 4105//6233
f 4096//6234 4105//6234 4094//6234
f 4106//6235 4107//6235 4099//6235
f 4099//6236 4107//6236 4108//6236
f 4099//6237 4108//6237 4100//6237
f 4109//6238 449//6238 4110//6238
f 4110//6239 449//6239 448//6239
f 452//6240 451//6240 4109//6240
f 4109//6241 451//6241 450//6241
f 4109//6242 450//6242 449//6242
f 4093//6243 454//6243 4111//6243
f 4111//6244 454//6244 453//6244
f 4111//6245 453//6245 452//6245
f 456//6246 4112//6246 457//6246
f 457//6247 4112//6247 4113//6247
f 457//6248 4113//6248 444//6248
f 4092//6249 508//6249 4113//6249
f 4113//6250 508//6250 445//6250
f 4113//6251 445//6251 444//6251
f 4114//6252 434//6252 510//6252
f 4115//6253 472//6253 4116//6253
f 4116//6254 472//6254 507//6254
f 4117//6255 468//6255 470//6255
f 468//6256 4117//6256 475//6256
f 475//6257 4117//6257 4118//6257
f 475//6258 4118//6258 440//6258
f 440//6259 4118//6259 4119//6259
f 440//6260 4119//6260 438//6260
f 438//6261 4119//6261 4120//6261
f 438//6262 4120//6262 439//6262
f 439//6263 4120//6263 478//6263
f 478//6264 4120//6264 4121//6264
f 478//6265 4121//6265 481//6265
f 481//6266 4121//6266 4122//6266
f 481//6267 4122//6267 484//6267
f 484//6268 4122//6268 4123//6268
f 484//6269 4123//6269 485//6269
f 485//6270 4123//6270 4124//6270
f 485//6271 4124//6271 496//6271
f 496//6272 4124//6272 4125//6272
f 496//6273 4125//6273 502//6273
f 502//6274 4125//6274 501//6274
f 501//6275 4125//6275 4126//6275
f 501//6276 4126//6276 499//6276
f 499//6277 4126//6277 503//6277
f 503//6278 4126//6278 4127//6278
f 503//6279 4127//6279 506//6279
f 506//6280 4127//6280 4018//6280
f 506//6281 4018//6281 9//6281
f 4128//6282 4129//6282 4093//6282
f 4093//6283 4129//6283 4112//6283
f 4093//6284 4112//6284 455//6284
f 455//6285 4112//6285 456//6285
f 4109//6286 4130//6286 4131//6286
f 452//6287 4109//6287 4111//6287
f 4111//6288 4109//6288 4131//6288
f 4111//6289 4131//6289 4132//6289
f 4132//6290 4133//6290 4111//6290
f 4111//6291 4133//6291 4134//6291
f 4111//6292 4134//6292 4093//6292
f 4093//6293 4134//6293 4135//6293
f 4093//6294 4135//6294 4128//6294
f 4136//6295 4137//6295 4138//6295
f 4138//6296 4137//6296 4139//6296
f 4138//6297 4139//6297 4140//6297
f 4140//6298 4139//6298 4141//6298
f 4140//6299 4141//6299 4142//6299
f 4142//6300 4141//6300 4143//6300
f 4142//6301 4143//6301 4110//6301
f 4143//6302 4144//6302 4110//6302
f 4110//6303 4144//6303 4145//6303
f 4110//6304 4145//6304 4109//6304
f 4109//6305 4145//6305 4146//6305
f 4109//6306 4146//6306 4130//6306
f 1646//6307 1651//6307 4095//6307
f 4095//6308 1651//6308 1652//6308
f 4095//6309 1652//6309 4096//6309
f 4096//6310 1652//6310 1670//6310
f 4096//6311 1670//6311 4103//6311
f 4103//6312 1670//6312 1671//6312
f 4103//6313 1671//6313 4101//6313
f 1671//6314 1672//6314 4101//6314
f 4101//6315 1672//6315 4147//6315
f 4101//6316 4147//6316 4099//6316
f 4099//6317 4147//6317 4148//6317
f 4099//6318 4148//6318 4149//6318
f 4149//6319 4136//6319 4099//6319
f 4099//6320 4136//6320 4138//6320
f 4099//6321 4138//6321 4106//6321
f 4106//6322 4138//6322 4140//6322
f 4106//6323 4140//6323 4150//6323
f 4150//6324 4140//6324 4142//6324
f 4150//6325 4142//6325 4151//6325
f 4151//6326 4142//6326 4110//6326
f 4151//6327 4110//6327 4152//6327
f 4152//6328 4110//6328 448//6328
f 4153//6329 4117//6329 4115//6329
f 4115//6330 4117//6330 470//6330
f 4115//6331 470//6331 472//6331
f 4153//6332 4154//6332 4117//6332
f 4117//6333 4154//6333 4155//6333
f 4117//6334 4155//6334 4118//6334
f 4118//6335 4155//6335 4156//6335
f 4118//6336 4156//6336 4119//6336
f 4156//6337 4157//6337 4119//6337
f 4119//6338 4157//6338 4158//6338
f 4119//6339 4158//6339 4120//6339
f 4120//6340 4158//6340 4159//6340
f 4120//6341 4159//6341 4121//6341
f 4121//6342 4159//6342 4160//6342
f 4121//6343 4160//6343 4122//6343
f 4122//6344 4160//6344 4161//6344
f 4122//6345 4161//6345 4123//6345
f 4123//6346 4161//6346 4162//6346
f 4123//6347 4162//6347 4124//6347
f 4124//6348 4162//6348 4163//6348
f 4124//6349 4163//6349 4125//6349
f 4125//6350 4163//6350 4164//6350
f 4125//6351 4164//6351 4126//6351
f 4126//6352 4164//6352 4165//6352
f 4126//6353 4165//6353 4127//6353
f 4127//6354 4165//6354 4166//6354
f 4127//6355 4166//6355 4018//6355
f 4018//6356 4166//6356 4059//6356
f 4091//6357 4090//6357 4167//6357
f 4090//6358 4168//6358 4167//6358
f 4167//6359 4168//6359 4169//6359
f 4167//6360 4169//6360 4170//6360
f 4170//6361 4169//6361 4171//6361
f 4170//6362 4171//6362 4172//6362
f 4172//6363 4171//6363 4173//6363
f 4172//6364 4173//6364 4174//6364
f 4174//6365 4173//6365 4175//6365
f 4174//6366 4175//6366 4176//6366
f 509//6367 4092//6367 510//6367
f 510//6368 4092//6368 4177//6368
f 510//6369 4177//6369 4114//6369
f 4114//6370 4177//6370 4178//6370
f 4114//6371 4178//6371 4179//6371
f 4113//6372 4180//6372 4181//6372
f 4113//6373 4181//6373 4092//6373
f 4092//6374 4181//6374 4182//6374
f 4092//6375 4182//6375 4177//6375
f 4177//6376 4182//6376 4183//6376
f 4177//6377 4183//6377 4178//6377
f 4179//6378 4089//6378 4114//6378
f 4114//6379 4089//6379 4091//6379
f 4114//6380 4091//6380 434//6380
f 434//6381 4091//6381 4167//6381
f 434//6382 4167//6382 435//6382
f 435//6383 4167//6383 4170//6383
f 435//6384 4170//6384 463//6384
f 463//6385 4170//6385 4172//6385
f 463//6386 4172//6386 464//6386
f 464//6387 4172//6387 4174//6387
f 464//6388 4174//6388 507//6388
f 507//6389 4174//6389 4116//6389
f 4116//6390 4174//6390 4176//6390
f 4116//6391 4176//6391 4115//6391
f 4115//6392 4176//6392 4184//6392
f 4115//6393 4184//6393 4153//6393
f 4129//6394 4185//6394 4112//6394
f 4112//6395 4185//6395 4186//6395
f 4112//6396 4186//6396 4113//6396
f 4113//6397 4186//6397 4187//6397
f 4113//6398 4187//6398 4180//6398
f 1265//6399 1268//6399 4158//6399
f 1211//6400 1210//6400 4133//6400
f 4128//6401 1217//6401 4129//6401
f 4129//6402 1217//6402 1216//6402
f 4129//6403 1216//6403 4185//6403
f 4185//6404 1216//6404 4186//6404
f 4133//6405 1210//6405 4134//6405
f 4134//6406 1210//6406 1209//6406
f 4134//6407 1209//6407 4135//6407
f 4135//6408 1209//6408 1207//6408
f 4135//6409 1207//6409 4128//6409
f 4128//6410 1207//6410 1205//6410
f 4128//6411 1205//6411 1217//6411
f 4133//6412 4132//6412 1211//6412
f 1211//6413 4132//6413 4131//6413
f 1211//6414 4131//6414 1203//6414
f 1203//6415 4131//6415 4130//6415
f 1203//6416 4130//6416 1201//6416
f 1201//6417 4130//6417 4146//6417
f 1201//6418 4146//6418 1199//6418
f 1199//6419 4146//6419 4145//6419
f 1199//6420 4145//6420 1681//6420
f 1681//6421 4145//6421 4144//6421
f 1681//6422 4144//6422 1678//6422
f 1678//6423 4144//6423 4143//6423
f 4143//6424 4141//6424 1678//6424
f 1678//6425 4141//6425 4139//6425
f 1678//6426 4139//6426 1676//6426
f 1676//6427 4139//6427 4137//6427
f 1676//6428 4137//6428 4136//6428
f 4136//6429 4149//6429 1676//6429
f 1676//6430 4149//6430 4148//6430
f 1676//6431 4148//6431 1673//6431
f 1673//6432 4148//6432 4147//6432
f 1673//6433 4147//6433 1672//6433
f 1216//6434 1214//6434 4186//6434
f 4186//6435 1214//6435 1218//6435
f 4186//6436 1218//6436 4187//6436
f 4187//6437 1218//6437 1222//6437
f 4187//6438 1222//6438 4180//6438
f 4180//6439 1222//6439 1220//6439
f 4180//6440 1220//6440 4181//6440
f 4181//6441 1220//6441 1233//6441
f 4181//6442 1233//6442 4182//6442
f 4182//6443 1233//6443 1232//6443
f 4182//6444 1232//6444 4183//6444
f 1232//6445 1230//6445 4183//6445
f 4183//6446 1230//6446 1228//6446
f 4183//6447 1228//6447 4178//6447
f 4178//6448 1228//6448 1226//6448
f 4178//6449 1226//6449 4179//6449
f 4179//6450 1226//6450 1225//6450
f 4179//6451 1225//6451 4089//6451
f 4089//6452 1225//6452 1236//6452
f 4089//6453 1236//6453 4090//6453
f 4090//6454 1236//6454 1237//6454
f 4090//6455 1237//6455 4168//6455
f 4168//6456 1237//6456 1239//6456
f 4168//6457 1239//6457 4169//6457
f 4169//6458 1239//6458 1242//6458
f 4169//6459 1242//6459 4171//6459
f 4171//6460 1242//6460 1243//6460
f 4171//6461 1243//6461 4173//6461
f 4173//6462 1243//6462 4175//6462
f 4175//6463 1243//6463 1246//6463
f 4175//6464 1246//6464 4176//6464
f 1246//6465 1248//6465 4176//6465
f 4176//6466 1248//6466 1250//6466
f 4176//6467 1250//6467 4184//6467
f 4184//6468 1250//6468 1253//6468
f 4184//6469 1253//6469 4153//6469
f 4153//6470 1253//6470 1256//6470
f 4153//6471 1256//6471 4154//6471
f 4154//6472 1256//6472 1258//6472
f 4154//6473 1258//6473 4155//6473
f 4155//6474 1258//6474 1260//6474
f 4155//6475 1260//6475 4156//6475
f 4156//6476 1260//6476 4157//6476
f 4157//6477 1260//6477 1262//6477
f 4157//6478 1262//6478 4158//6478
f 4158//6479 1262//6479 1264//6479
f 4158//6480 1264//6480 1265//6480
f 4162//6481 4161//6481 1270//6481
f 1270//6482 4161//6482 4160//6482
f 1270//6483 4160//6483 1268//6483
f 1268//6484 4160//6484 4159//6484
f 1268//6485 4159//6485 4158//6485
f 1270//6486 1272//6486 4162//6486
f 4162//6487 1272//6487 1275//6487
f 4162//6488 1275//6488 1278//6488
f 1283//6489 4188//6489 1281//6489
f 1281//6490 4188//6490 1280//6490
f 4059//6491 4166//6491 4188//6491
f 4188//6492 4166//6492 4165//6492
f 4188//6493 4165//6493 4164//6493
f 1278//6494 1280//6494 4162//6494
f 4162//6495 1280//6495 4188//6495
f 4162//6496 4188//6496 4163//6496
f 4163//6497 4188//6497 4164//6497
f 4007//6430 4054//6430 3988//6430
f 4007//6498 3988//6498 4051//6498
f 4051//6499 3988//6499 3992//6499
f 4051//6433 3992//6433 3996//6433
f 4045//6500 3986//6500 4052//6500
f 4052//6501 3986//6501 3988//6501
f 4052//6502 3988//6502 4053//6502
f 4053//6429 3988//6429 4054//6429
f 4045//6503 4050//6503 3986//6503
f 3986//6504 4050//6504 4049//6504
f 3986//6505 4049//6505 3984//6505
f 3981//6506 3983//6506 4046//6506
f 4046//6418 3983//6418 3982//6418
f 4046//6507 3982//6507 4047//6507
f 4047//6508 3982//6508 3984//6508
f 4047//6509 3984//6509 4048//6509
f 4048//6510 3984//6510 4049//6510
f 4040//6511 3977//6511 4042//6511
f 4042//6512 3977//6512 3978//6512
f 4046//6513 4009//6513 3981//6513
f 3981//6514 4009//6514 4008//6514
f 3981//6515 4008//6515 3980//6515
f 3980//6516 4008//6516 4041//6516
f 3980//6517 4041//6517 3979//6517
f 3979//6518 4041//6518 4044//6518
f 3979//6519 4044//6519 3978//6519
f 3978//6520 4044//6520 4043//6520
f 3978//6521 4043//6521 4042//6521
f 4189//6522 4190//6522 4087//6522
f 4087//6523 4190//6523 3972//6523
f 4087//6524 3972//6524 4088//6524
f 4088//6525 3972//6525 3971//6525
f 4088//6526 3971//6526 4039//6526
f 4039//6527 3971//6527 3975//6527
f 4039//6401 3975//6401 4040//6401
f 4040//6528 3975//6528 3974//6528
f 4040//6529 3974//6529 3977//6529
f 4087//6530 4086//6530 4189//6530
f 4189//6531 4086//6531 4074//6531
f 4189//6532 4074//6532 1285//6532
f 1285//6533 4074//6533 4073//6533
f 1285//6534 4073//6534 1286//6534
f 1286//6535 4073//6535 4077//6535
f 1286//6536 4077//6536 1288//6536
f 1288//6537 4077//6537 4076//6537
f 1288//6538 4076//6538 1289//6538
f 1289//6539 4076//6539 4075//6539
f 1296//6540 1299//6540 4079//6540
f 4079//6541 1299//6541 1294//6541
f 4079//6542 1294//6542 4080//6542
f 4080//6543 1294//6543 1293//6543
f 4080//6544 1293//6544 4075//6544
f 4075//6545 1293//6545 1291//6545
f 4075//6546 1291//6546 1289//6546
f 4079//6547 4078//6547 1296//6547
f 1296//6548 4078//6548 4002//6548
f 1296//6549 4002//6549 1302//6549
f 1302//6550 4002//6550 4001//6550
f 1302//6551 4001//6551 1304//6551
f 1304//6552 4001//6552 4069//6552
f 1304//6553 4069//6553 1306//6553
f 1306//6554 4069//6554 4085//6554
f 1306//6555 4085//6555 1307//6555
f 1307//6556 4085//6556 1309//6556
f 1309//6557 4085//6557 4084//6557
f 1309//6558 4084//6558 1310//6558
f 1310//6559 4084//6559 4083//6559
f 1310//6560 4083//6560 1311//6560
f 1331//6561 1324//6561 4068//6561
f 4068//6562 1324//6562 1326//6562
f 4068//6563 1326//6563 4056//6563
f 4056//6564 1326//6564 1327//6564
f 4056//6565 1327//6565 4057//6565
f 4057//6566 1327//6566 1319//6566
f 4057//6567 1319//6567 4058//6567
f 4058//6568 1319//6568 1321//6568
f 4058//6569 1321//6569 4055//6569
f 4055//6570 1321//6570 1314//6570
f 4055//6571 1314//6571 4081//6571
f 4081//6572 1314//6572 1311//6572
f 4081//6573 1311//6573 4082//6573
f 4082//6574 1311//6574 4083//6574
f 1337//6575 1339//6575 4064//6575
f 1337//6576 4188//6576 1335//6576
f 1335//6577 4188//6577 1283//6577
f 1339//6578 1332//6578 4064//6578
f 4064//6579 1332//6579 1328//6579
f 4064//6580 1328//6580 4065//6580
f 4065//6581 1328//6581 1330//6581
f 4065//6582 1330//6582 4066//6582
f 4066//6583 1330//6583 1331//6583
f 4066//6584 1331//6584 4067//6584
f 4067//6585 1331//6585 4068//6585
f 1337//6586 4064//6586 4188//6586
f 4188//6496 4064//6496 4063//6496
f 4188//6497 4063//6497 4062//6497
f 4062//6587 4061//6587 4188//6587
f 4188//6588 4061//6588 4060//6588
f 4188//6589 4060//6589 4059//6589
f 4189//6590 1285//6590 1284//6590
f 1284//6591 1376//6591 4189//6591
f 4189//6592 1376//6592 4191//6592
f 4189//6593 4191//6593 4190//6593
f 4190//6594 4191//6594 3973//6594
f 4190//6595 3973//6595 3972//6595
f 1360//6596 1359//6596 4192//6596
f 1349//6597 1378//6597 1342//6597
f 1342//6598 1378//6598 1343//6598
f 1360//6599 4192//6599 1349//6599
f 1349//6600 4192//6600 1378//6600
f 1378//6601 4192//6601 4193//6601
f 1378//6602 4193//6602 1377//6602
f 1358//6603 1357//6603 4194//6603
f 4194//6604 1357//6604 4195//6604
f 4194//6605 4195//6605 4196//6605
f 4196//6606 4195//6606 3973//6606
f 4196//6607 3973//6607 4191//6607
f 1376//6608 1377//6608 4191//6608
f 4191//6609 1377//6609 4193//6609
f 4191//6610 4193//6610 4196//6610
f 4196//6611 4193//6611 4192//6611
f 4196//6612 4192//6612 4194//6612
f 4194//6613 4192//6613 1359//6613
f 4194//6614 1359//6614 1358//6614
f 1357//6615 1354//6615 4197//6615
f 1353//6616 1351//6616 4198//6616
f 4199//6617 4200//6617 4201//6617
f 4202//6618 3970//6618 3943//6618
f 4203//6619 3950//6619 3955//6619
f 3950//6620 4203//6620 3948//6620
f 3948//6621 4203//6621 4204//6621
f 3948//6622 4204//6622 3949//6622
f 3949//6623 4204//6623 3969//6623
f 3969//6624 4204//6624 4205//6624
f 3969//6625 4205//6625 3946//6625
f 3946//6626 4205//6626 4206//6626
f 3946//6627 4206//6627 3942//6627
f 4207//6628 3943//6628 3942//6628
f 4202//6629 3943//6629 4208//6629
f 3943//6630 4207//6630 4208//6630
f 4208//6631 4207//6631 4209//6631
f 4208//6632 4209//6632 4210//6632
f 4210//6633 4209//6633 4211//6633
f 4210//6634 4211//6634 4212//6634
f 4213//6635 4214//6635 4209//6635
f 4209//6636 4214//6636 4215//6636
f 4209//6637 4215//6637 4211//6637
f 4216//6638 4199//6638 4217//6638
f 4198//6639 4218//6639 4217//6639
f 4217//6640 4218//6640 4219//6640
f 4217//6641 4219//6641 4216//6641
f 1351//6642 1350//6642 4198//6642
f 4198//6643 1350//6643 1348//6643
f 4198//6644 1348//6644 4218//6644
f 4197//6645 1354//6645 4220//6645
f 3954//6646 3976//6646 4221//6646
f 4221//6647 3976//6647 3973//6647
f 4221//6648 3973//6648 4197//6648
f 4197//6649 3973//6649 4195//6649
f 4197//6650 4195//6650 1357//6650
f 4217//6651 4222//6651 4198//6651
f 4198//6652 4222//6652 4220//6652
f 4198//6653 4220//6653 1353//6653
f 1353//6654 4220//6654 1354//6654
f 3942//6655 4206//6655 4207//6655
f 4207//6656 4206//6656 4201//6656
f 4207//6657 4201//6657 4209//6657
f 4209//6658 4201//6658 4200//6658
f 4209//6659 4200//6659 4213//6659
f 4199//6660 4201//6660 4217//6660
f 4217//6661 4201//6661 4206//6661
f 4217//6662 4206//6662 4222//6662
f 4222//6663 4206//6663 4205//6663
f 4222//6664 4205//6664 4220//6664
f 4220//6665 4205//6665 4204//6665
f 4220//6666 4204//6666 4197//6666
f 4197//6667 4204//6667 4203//6667
f 4197//6668 4203//6668 4221//6668
f 4221//6669 4203//6669 3955//6669
f 4221//6670 3955//6670 3954//6670
f 1412//6671 1411//6671 4223//6671
f 4224//6672 4225//6672 4226//6672
f 4227//6673 4228//6673 4229//6673
f 4230//6674 4231//6674 4232//6674
f 4233//6675 4234//6675 4235//6675
f 4218//6676 4236//6676 4219//6676
f 1361//6677 1380//6677 1362//6677
f 1362//6678 1380//6678 4237//6678
f 1362//6679 4237//6679 1363//6679
f 4238//6680 1365//6680 1364//6680
f 1368//6681 1367//6681 4239//6681
f 4239//6682 1367//6682 1366//6682
f 4240//6683 1374//6683 1375//6683
f 4241//6684 1369//6684 1373//6684
f 4216//6685 4219//6685 4242//6685
f 4242//6686 4219//6686 4236//6686
f 4242//6687 4236//6687 1370//6687
f 1370//6688 4236//6688 1371//6688
f 4218//6689 1348//6689 4236//6689
f 4236//6690 1348//6690 1372//6690
f 4236//6691 1372//6691 1371//6691
f 4243//6692 4213//6692 4244//6692
f 4244//6693 4213//6693 4200//6693
f 4244//6694 4200//6694 4242//6694
f 4242//6695 4200//6695 4199//6695
f 4242//6696 4199//6696 4216//6696
f 4214//6697 4245//6697 4215//6697
f 4215//6698 4245//6698 4211//6698
f 4212//6699 4211//6699 4246//6699
f 4246//6700 4211//6700 4245//6700
f 4246//6701 4245//6701 4247//6701
f 4247//6702 4245//6702 4248//6702
f 4247//6703 4248//6703 4249//6703
f 4250//6704 4251//6704 4249//6704
f 4249//6705 4251//6705 4252//6705
f 4249//6706 4252//6706 4247//6706
f 4253//6707 4254//6707 4255//6707
f 4255//6708 4254//6708 4256//6708
f 4255//6709 4256//6709 4257//6709
f 4257//6710 4256//6710 4250//6710
f 4257//6711 4250//6711 4258//6711
f 4258//6712 4250//6712 4249//6712
f 4259//6713 4260//6713 4253//6713
f 4253//6714 4260//6714 4261//6714
f 4253//6715 4261//6715 4254//6715
f 4262//6716 4263//6716 4259//6716
f 4259//6717 4263//6717 4264//6717
f 4259//6718 4264//6718 4260//6718
f 4265//6719 4262//6719 4266//6719
f 4266//6720 4262//6720 4259//6720
f 4266//6721 4259//6721 4267//6721
f 4267//6722 4259//6722 4253//6722
f 4267//6723 4253//6723 4268//6723
f 4268//6724 4253//6724 4255//6724
f 4268//6725 4255//6725 4269//6725
f 4269//6726 4255//6726 4257//6726
f 4269//6727 4257//6727 4270//6727
f 4270//6728 4257//6728 4258//6728
f 4270//6729 4258//6729 4271//6729
f 4271//6730 4258//6730 4249//6730
f 4271//6731 4249//6731 4272//6731
f 4272//6732 4249//6732 4248//6732
f 4272//6733 4248//6733 4243//6733
f 4243//6734 4248//6734 4245//6734
f 4243//6735 4245//6735 4213//6735
f 4213//6736 4245//6736 4214//6736
f 4231//6737 4233//6737 4232//6737
f 4232//6738 4233//6738 4235//6738
f 4232//6739 4235//6739 4273//6739
f 4273//6740 4235//6740 4274//6740
f 4273//6741 4274//6741 4275//6741
f 4275//6742 4274//6742 4276//6742
f 4275//6743 4276//6743 4277//6743
f 4277//6744 4276//6744 4278//6744
f 4277//6745 4278//6745 4279//6745
f 4279//6746 4278//6746 4280//6746
f 4279//6747 4280//6747 4281//6747
f 4281//6748 4280//6748 4282//6748
f 4281//6749 4282//6749 4283//6749
f 4283//6750 4282//6750 4284//6750
f 4283//6751 4284//6751 4285//6751
f 4285//6752 4284//6752 4286//6752
f 4285//6753 4286//6753 4287//6753
f 4287//6754 4286//6754 4288//6754
f 4287//6755 4288//6755 4289//6755
f 4289//6756 4288//6756 4241//6756
f 4289//6757 4241//6757 4240//6757
f 4240//6758 4241//6758 1373//6758
f 4240//6759 1373//6759 1374//6759
f 4234//6760 4265//6760 4235//6760
f 4235//6761 4265//6761 4266//6761
f 4235//6762 4266//6762 4274//6762
f 4274//6763 4266//6763 4267//6763
f 4274//6764 4267//6764 4276//6764
f 4276//6765 4267//6765 4268//6765
f 4276//6766 4268//6766 4278//6766
f 4278//6767 4268//6767 4269//6767
f 4278//6768 4269//6768 4280//6768
f 4280//6769 4269//6769 4270//6769
f 4280//6770 4270//6770 4282//6770
f 4282//6771 4270//6771 4271//6771
f 4282//6772 4271//6772 4284//6772
f 4284//6773 4271//6773 4272//6773
f 4284//6774 4272//6774 4286//6774
f 4286//6775 4272//6775 4243//6775
f 4286//6776 4243//6776 4288//6776
f 4288//6777 4243//6777 4244//6777
f 4288//6778 4244//6778 4241//6778
f 4241//6779 4244//6779 4242//6779
f 4241//6780 4242//6780 1369//6780
f 1369//6781 4242//6781 1370//6781
f 4290//6782 4291//6782 1400//6782
f 4223//6783 1411//6783 4291//6783
f 4291//6784 1411//6784 1401//6784
f 4291//6785 1401//6785 1400//6785
f 1412//6786 4223//6786 1413//6786
f 1413//6787 4223//6787 4292//6787
f 1413//6788 4292//6788 1414//6788
f 4293//6789 4294//6789 4295//6789
f 1405//6790 4295//6790 1408//6790
f 1408//6791 4295//6791 4296//6791
f 4295//6792 4294//6792 4296//6792
f 4296//6793 4294//6793 4238//6793
f 4296//6794 4238//6794 4237//6794
f 4237//6795 4238//6795 1364//6795
f 4237//6796 1364//6796 1363//6796
f 1380//6797 1407//6797 4237//6797
f 4237//6798 1407//6798 1410//6798
f 4237//6799 1410//6799 4296//6799
f 4296//6800 1410//6800 1409//6800
f 4296//6801 1409//6801 1408//6801
f 1383//6802 4297//6802 1382//6802
f 1382//6803 4297//6803 4298//6803
f 1382//6804 4298//6804 1386//6804
f 1386//6805 4298//6805 4299//6805
f 1386//6806 4299//6806 1384//6806
f 1384//6807 4299//6807 4300//6807
f 4301//6808 1387//6808 4300//6808
f 4300//6809 1387//6809 1385//6809
f 4300//6810 1385//6810 1384//6810
f 4302//6811 1389//6811 4301//6811
f 4301//6812 1389//6812 1388//6812
f 4301//6813 1388//6813 1387//6813
f 1396//6814 1395//6814 4303//6814
f 4303//6815 1395//6815 1394//6815
f 4303//6816 1394//6816 4304//6816
f 1394//6817 1393//6817 4304//6817
f 4304//6818 1393//6818 1392//6818
f 4304//6819 1392//6819 4305//6819
f 4305//6820 1392//6820 1391//6820
f 4305//6821 1391//6821 4302//6821
f 4302//6822 1391//6822 1390//6822
f 4302//6823 1390//6823 1389//6823
f 1400//6824 1399//6824 4290//6824
f 4290//6825 1399//6825 1398//6825
f 4290//6826 1398//6826 4303//6826
f 4303//6827 1398//6827 1397//6827
f 4303//6828 1397//6828 1396//6828
f 4225//6829 4227//6829 4226//6829
f 4226//6830 4227//6830 4229//6830
f 4226//6831 4229//6831 4306//6831
f 4306//6832 4229//6832 4307//6832
f 4306//6833 4307//6833 4308//6833
f 4308//6834 4307//6834 4309//6834
f 4308//6835 4309//6835 4310//6835
f 4310//6836 4309//6836 4311//6836
f 4310//6837 4311//6837 4312//6837
f 4312//6838 4311//6838 4313//6838
f 4312//6839 4313//6839 4314//6839
f 4314//6840 4313//6840 4315//6840
f 4314//6841 4315//6841 4316//6841
f 4316//6842 4315//6842 4317//6842
f 4316//6843 4317//6843 4318//6843
f 4318//6844 4317//6844 4319//6844
f 4318//6845 4319//6845 4320//6845
f 4320//6846 4319//6846 4321//6846
f 4320//6847 4321//6847 4322//6847
f 4322//6848 4321//6848 4323//6848
f 4322//6849 4323//6849 4293//6849
f 4293//6850 4323//6850 4324//6850
f 4293//6851 4324//6851 4294//6851
f 4294//6852 4324//6852 4239//6852
f 4294//6853 4239//6853 4238//6853
f 4238//6854 4239//6854 1366//6854
f 4238//6855 1366//6855 1365//6855
f 1405//6856 1414//6856 4295//6856
f 4295//6857 1414//6857 4292//6857
f 4295//6858 4292//6858 4293//6858
f 4293//6859 4292//6859 4223//6859
f 4293//6860 4223//6860 4322//6860
f 4322//6861 4223//6861 4291//6861
f 4322//6862 4291//6862 4320//6862
f 4320//6863 4291//6863 4290//6863
f 4320//6864 4290//6864 4318//6864
f 4318//6865 4290//6865 4303//6865
f 4318//6866 4303//6866 4316//6866
f 4316//6867 4303//6867 4304//6867
f 4316//6868 4304//6868 4314//6868
f 4314//6869 4304//6869 4305//6869
f 4314//6870 4305//6870 4312//6870
f 4312//6871 4305//6871 4302//6871
f 4312//6872 4302//6872 4310//6872
f 4310//6873 4302//6873 4301//6873
f 4310//6874 4301//6874 4308//6874
f 4308//6875 4301//6875 4300//6875
f 4308//6876 4300//6876 4306//6876
f 4306//6877 4300//6877 4299//6877
f 4306//6878 4299//6878 4226//6878
f 4226//6879 4299//6879 4298//6879
f 4226//6880 4298//6880 4224//6880
f 4224//6881 4298//6881 4297//6881
f 4228//6882 4230//6882 4229//6882
f 4229//6883 4230//6883 4232//6883
f 4229//6884 4232//6884 4307//6884
f 4307//6885 4232//6885 4273//6885
f 4307//6886 4273//6886 4309//6886
f 4309//6887 4273//6887 4275//6887
f 4309//6888 4275//6888 4311//6888
f 4311//6889 4275//6889 4277//6889
f 4311//6890 4277//6890 4313//6890
f 4313//6891 4277//6891 4279//6891
f 4313//6892 4279//6892 4315//6892
f 4315//6893 4279//6893 4281//6893
f 4315//6894 4281//6894 4317//6894
f 4317//6895 4281//6895 4283//6895
f 4317//6896 4283//6896 4319//6896
f 4319//6897 4283//6897 4285//6897
f 4319//6898 4285//6898 4321//6898
f 4321//6899 4285//6899 4287//6899
f 4321//6900 4287//6900 4323//6900
f 4323//6901 4287//6901 4289//6901
f 4323//6902 4289//6902 4324//6902
f 4324//6903 4289//6903 4240//6903
f 4324//6904 4240//6904 4239//6904
f 4239//6905 4240//6905 1375//6905
f 4239//6906 1375//6906 1368//6906
f 4325//6907 4262//6907 4326//6907
f 4233//6908 4231//6908 4327//6908
f 4230//6909 4228//6909 4328//6909
f 4227//6910 4225//6910 4329//6910
f 4224//6911 4297//6911 4330//6911
f 1509//6912 1507//6912 4331//6912
f 1512//6913 4332//6913 4331//6913
f 4331//6914 4332//6914 4333//6914
f 1507//6915 1506//6915 4331//6915
f 4331//6916 1506//6916 1513//6916
f 4331//6917 1513//6917 1512//6917
f 1502//6918 1510//6918 4334//6918
f 4334//6919 1510//6919 1509//6919
f 4334//6920 1509//6920 4335//6920
f 4335//6921 1509//6921 4331//6921
f 1502//6922 4334//6922 1503//6922
f 1503//6923 4334//6923 1462//6923
f 1503//6924 1462//6924 1504//6924
f 1462//6925 1463//6925 4336//6925
f 4336//6926 1463//6926 1461//6926
f 4336//6927 1461//6927 1460//6927
f 1504//6928 1462//6928 1505//6928
f 1505//6929 1462//6929 4336//6929
f 1505//6930 4336//6930 1498//6930
f 1498//6931 4336//6931 1460//6931
f 1498//6932 1460//6932 1464//6932
f 1459//6933 1462//6933 4337//6933
f 4337//6934 1462//6934 4338//6934
f 1459//6935 4337//6935 1457//6935
f 1457//6936 4337//6936 4339//6936
f 1457//6937 4339//6937 1455//6937
f 4340//6938 1467//6938 4339//6938
f 4339//6939 1467//6939 1466//6939
f 4339//6940 1466//6940 1455//6940
f 4341//6941 1470//6941 4340//6941
f 4340//6942 1470//6942 1469//6942
f 4340//6943 1469//6943 1467//6943
f 4341//6944 1444//6944 1445//6944
f 1415//6945 1454//6945 1445//6945
f 1445//6946 1454//6946 1465//6946
f 1445//6947 1465//6947 4341//6947
f 4341//6948 1465//6948 1471//6948
f 4341//6949 1471//6949 1470//6949
f 4297//6950 1383//6950 4330//6950
f 4330//6951 1383//6951 1441//6951
f 4330//6952 1441//6952 4342//6952
f 4343//6953 4344//6953 4326//6953
f 4326//6954 4344//6954 4345//6954
f 4326//6955 4345//6955 4325//6955
f 4346//6956 4347//6956 4348//6956
f 4348//6957 4347//6957 4349//6957
f 4348//6958 4349//6958 4350//6958
f 4350//6959 4349//6959 4343//6959
f 4350//6960 4343//6960 4351//6960
f 4351//6961 4343//6961 4326//6961
f 4332//6962 4352//6962 4333//6962
f 4333//6963 4352//6963 4353//6963
f 4333//6964 4353//6964 4354//6964
f 4354//6965 4353//6965 4355//6965
f 4354//6966 4355//6966 4346//6966
f 4346//6967 4355//6967 4356//6967
f 4346//6968 4356//6968 4347//6968
f 4262//6969 4265//6969 4326//6969
f 4326//6970 4265//6970 4357//6970
f 4326//6971 4357//6971 4351//6971
f 4351//6972 4357//6972 4358//6972
f 4351//6973 4358//6973 4350//6973
f 4350//6974 4358//6974 4359//6974
f 4350//6975 4359//6975 4348//6975
f 4348//6976 4359//6976 4360//6976
f 4348//6977 4360//6977 4346//6977
f 4346//6978 4360//6978 4361//6978
f 4346//6979 4361//6979 4354//6979
f 4354//6980 4361//6980 4362//6980
f 4354//6981 4362//6981 4333//6981
f 4333//6982 4362//6982 4363//6982
f 4333//6983 4363//6983 4331//6983
f 4331//6984 4363//6984 4364//6984
f 4331//6985 4364//6985 4335//6985
f 4234//6986 4233//6986 4365//6986
f 4365//6987 4233//6987 4327//6987
f 4365//6988 4327//6988 4366//6988
f 4366//6989 4327//6989 4367//6989
f 4366//6990 4367//6990 4368//6990
f 4368//6991 4367//6991 4369//6991
f 4368//6992 4369//6992 4370//6992
f 4370//6993 4369//6993 4371//6993
f 4370//6994 4371//6994 4372//6994
f 4372//6995 4371//6995 4373//6995
f 4372//6996 4373//6996 4374//6996
f 4374//6997 4373//6997 4375//6997
f 4374//6998 4375//6998 4376//6998
f 4376//6999 4375//6999 4377//6999
f 4376//7000 4377//7000 4378//7000
f 4378//7001 4377//7001 4379//7001
f 4378//7002 4379//7002 4380//7002
f 4380//7003 4379//7003 4381//7003
f 4380//7004 4381//7004 4338//7004
f 4338//7005 4381//7005 4382//7005
f 4338//7006 4382//7006 4337//7006
f 4265//7007 4234//7007 4357//7007
f 4357//7008 4234//7008 4365//7008
f 4357//7009 4365//7009 4358//7009
f 4358//7010 4365//7010 4366//7010
f 4358//7011 4366//7011 4359//7011
f 4359//7012 4366//7012 4368//7012
f 4359//7013 4368//7013 4360//7013
f 4360//7014 4368//7014 4370//7014
f 4360//7015 4370//7015 4361//7015
f 4361//7016 4370//7016 4372//7016
f 4361//7017 4372//7017 4362//7017
f 4362//7018 4372//7018 4374//7018
f 4362//7019 4374//7019 4363//7019
f 4363//7020 4374//7020 4376//7020
f 4363//7021 4376//7021 4364//7021
f 4364//7022 4376//7022 4378//7022
f 4364//7023 4378//7023 4335//7023
f 4335//7024 4378//7024 4380//7024
f 4335//7025 4380//7025 4334//7025
f 4334//7026 4380//7026 4338//7026
f 4334//7027 4338//7027 1462//7027
f 4383//7028 4384//7028 1425//7028
f 1425//7029 1424//7029 4383//7029
f 4383//7030 1424//7030 1423//7030
f 4383//7031 1423//7031 4385//7031
f 1423//7032 1422//7032 4385//7032
f 4385//7033 1422//7033 1450//7033
f 4385//7034 1450//7034 1449//7034
f 4386//7035 4387//7035 4388//7035
f 4387//7036 1448//7036 4388//7036
f 4388//7037 1448//7037 1447//7037
f 4388//7038 1447//7038 1446//7038
f 4389//7039 1442//7039 1443//7039
f 1441//7040 1440//7040 4342//7040
f 4342//7041 1440//7041 1439//7041
f 4342//7042 1439//7042 4390//7042
f 4391//7043 4392//7043 1434//7043
f 1439//7044 1438//7044 4390//7044
f 4390//7045 1438//7045 1437//7045
f 4390//7046 1437//7046 4393//7046
f 4393//7047 1437//7047 1436//7047
f 4393//7048 1436//7048 4392//7048
f 4392//7049 1436//7049 1435//7049
f 4392//7050 1435//7050 1434//7050
f 1430//7051 4394//7051 1429//7051
f 1429//7052 4394//7052 4395//7052
f 1434//7053 1433//7053 4391//7053
f 4391//7054 1433//7054 1432//7054
f 4391//7055 1432//7055 4395//7055
f 4395//7056 1432//7056 1431//7056
f 4395//7057 1431//7057 1429//7057
f 1430//7058 1428//7058 4394//7058
f 4394//7059 1428//7059 1427//7059
f 4394//7060 1427//7060 4384//7060
f 4384//7061 1427//7061 1426//7061
f 4384//7062 1426//7062 1425//7062
f 4228//7063 4227//7063 4328//7063
f 4328//7064 4227//7064 4329//7064
f 4328//7065 4329//7065 4396//7065
f 4396//7066 4329//7066 4397//7066
f 4396//7067 4397//7067 4398//7067
f 4398//7068 4397//7068 4399//7068
f 4398//7069 4399//7069 4400//7069
f 4400//7070 4399//7070 4401//7070
f 4400//7071 4401//7071 4402//7071
f 4402//7072 4401//7072 4403//7072
f 4402//7073 4403//7073 4404//7073
f 4404//7074 4403//7074 4405//7074
f 4404//7075 4405//7075 4406//7075
f 4406//7076 4405//7076 4407//7076
f 4406//7077 4407//7077 4408//7077
f 4408//7078 4407//7078 4409//7078
f 4408//7079 4409//7079 4410//7079
f 4410//7080 4409//7080 4411//7080
f 4410//7081 4411//7081 4412//7081
f 4412//7082 4411//7082 4413//7082
f 4412//7083 4413//7083 4414//7083
f 4414//7084 4413//7084 4386//7084
f 4414//7085 4386//7085 4415//7085
f 4415//7086 4386//7086 4388//7086
f 4415//7087 4388//7087 4389//7087
f 4389//7088 4388//7088 1446//7088
f 4389//7089 1446//7089 1442//7089
f 4225//7090 4224//7090 4329//7090
f 4329//7091 4224//7091 4330//7091
f 4329//7092 4330//7092 4397//7092
f 4397//7093 4330//7093 4342//7093
f 4397//7094 4342//7094 4399//7094
f 4399//7095 4342//7095 4390//7095
f 4399//7096 4390//7096 4401//7096
f 4401//7097 4390//7097 4393//7097
f 4401//7098 4393//7098 4403//7098
f 4403//7099 4393//7099 4392//7099
f 4403//7100 4392//7100 4405//7100
f 4405//7101 4392//7101 4391//7101
f 4405//7102 4391//7102 4407//7102
f 4407//7103 4391//7103 4395//7103
f 4407//7104 4395//7104 4409//7104
f 4409//7105 4395//7105 4394//7105
f 4409//7106 4394//7106 4411//7106
f 4411//7107 4394//7107 4384//7107
f 4411//7108 4384//7108 4413//7108
f 4413//7109 4384//7109 4383//7109
f 4413//7110 4383//7110 4386//7110
f 4386//7111 4383//7111 4385//7111
f 4386//7112 4385//7112 4387//7112
f 4387//7113 4385//7113 1449//7113
f 4387//7114 1449//7114 1448//7114
f 4231//7115 4230//7115 4327//7115
f 4327//7116 4230//7116 4328//7116
f 4327//7117 4328//7117 4367//7117
f 4367//7118 4328//7118 4396//7118
f 4367//7119 4396//7119 4369//7119
f 4369//7120 4396//7120 4398//7120
f 4369//7121 4398//7121 4371//7121
f 4371//7122 4398//7122 4400//7122
f 4371//7123 4400//7123 4373//7123
f 4373//7124 4400//7124 4402//7124
f 4373//7125 4402//7125 4375//7125
f 4375//7126 4402//7126 4404//7126
f 4375//7127 4404//7127 4377//7127
f 4377//7128 4404//7128 4406//7128
f 4377//7129 4406//7129 4379//7129
f 4379//7130 4406//7130 4408//7130
f 4379//7131 4408//7131 4381//7131
f 4381//7132 4408//7132 4410//7132
f 4381//7133 4410//7133 4382//7133
f 4382//7134 4410//7134 4412//7134
f 4382//7135 4412//7135 4337//7135
f 4337//7136 4412//7136 4414//7136
f 4337//7137 4414//7137 4339//7137
f 4339//7138 4414//7138 4415//7138
f 4339//7139 4415//7139 4340//7139
f 4340//7140 4415//7140 4389//7140
f 4340//7141 4389//7141 4341//7141
f 4341//7142 4389//7142 1443//7142
f 4341//7143 1443//7143 1444//7143
f 2199//7144 2211//7144 1511//7144
f 1511//7145 2211//7145 1512//7145
f 1512//7146 2211//7146 2206//7146
f 1512//7147 2206//7147 4332//7147
f 1511//7148 1527//7148 2199//7148
f 2199//7149 1527//7149 1515//7149
f 2199//7150 1515//7150 2184//7150
f 2184//7151 1515//7151 1514//7151
f 2184//7152 1514//7152 2185//7152
f 2185//7153 1514//7153 1807//7153
f 1514//7154 1558//7154 1807//7154
f 1807//7155 1558//7155 1588//7155
f 1807//7156 1588//7156 1808//7156
f 1805//7157 1803//7157 1591//7157
f 1588//7158 1586//7158 1808//7158
f 1808//7159 1586//7159 1584//7159
f 1808//7160 1584//7160 1824//7160
f 1824//7161 1584//7161 1596//7161
f 1824//7162 1596//7162 1802//7162
f 1802//7163 1596//7163 1595//7163
f 1802//7164 1595//7164 1803//7164
f 1803//7165 1595//7165 1593//7165
f 1803//7166 1593//7166 1591//7166
f 1591//7167 1590//7167 1805//7167
f 1805//7168 1590//7168 1575//7168
f 1805//7169 1575//7169 1724//7169
f 1724//7170 1575//7170 1574//7170
f 1724//7171 1574//7171 1726//7171
f 1729//7172 1728//7172 1679//7172
f 1679//7173 1728//7173 1726//7173
f 1679//7173 1726//7173 1680//7173
f 1680//7174 1726//7174 1574//7174
f 1677//7175 1719//7175 1717//7175
f 1677//7176 1717//7176 1679//7176
f 1679//7177 1717//7177 1715//7177
f 1679//7178 1715//7178 1729//7178
f 1675//7179 1722//7179 1677//7179
f 1677//7180 1722//7180 1721//7180
f 1677//7181 1721//7181 1719//7181
f 1707//7182 1705//7182 1685//7182
f 1685//7183 1705//7183 1713//7183
f 1685//7184 1713//7184 1674//7184
f 1674//7185 1713//7185 1712//7185
f 1674//7186 1712//7186 1675//7186
f 1675//7187 1712//7187 1710//7187
f 1675//7188 1710//7188 1722//7188
f 1707//7189 1685//7189 1708//7189
f 1708//7190 1685//7190 1684//7190
f 1708//7191 1684//7191 1702//7191
f 1702//7192 1684//7192 1703//7192
f 1703//7193 1684//7193 1683//7193
f 1703//7194 1683//7194 1699//7194
f 1699//7195 1683//7195 1682//7195
f 1699//7196 1682//7196 1691//7196
f 2206//7197 2205//7197 4332//7197
f 4332//7198 2205//7198 2382//7198
f 4332//7199 2382//7199 4352//7199
f 4352//7200 2382//7200 2381//7200
f 4352//7201 2381//7201 4353//7201
f 4353//7202 2381//7202 2380//7202
f 4353//7203 2380//7203 4355//7203
f 4355//7204 2380//7204 2379//7204
f 4355//7205 2379//7205 4356//7205
f 4356//7206 2379//7206 4347//7206
f 4347//7207 2379//7207 2378//7207
f 4347//7208 2378//7208 4349//7208
f 2378//7209 2373//7209 4349//7209
f 4349//7210 2373//7210 2372//7210
f 4349//7211 2372//7211 4343//7211
f 4343//7212 2372//7212 2384//7212
f 4343//7213 2384//7213 4344//7213
f 4344//7214 2384//7214 2339//7214
f 2271//7215 4262//7215 2341//7215
f 2341//7216 4262//7216 4325//7216
f 2341//7217 4325//7217 2339//7217
f 2339//7218 4325//7218 4345//7218
f 2339//7219 4345//7219 4344//7219
f 3816//7182 3817//7182 3994//7182
f 2265//7220 2266//7220 4246//7220
f 3907//7221 3970//7221 4416//7221
f 4416//7222 3970//7222 2256//7222
f 2256//7222 3970//7222 4202//7222
f 2256//7223 4202//7223 2258//7223
f 2258//7224 4202//7224 4208//7224
f 2258//7225 4208//7225 2259//7225
f 2259//7226 4208//7226 4210//7226
f 2259//7227 4210//7227 2266//7227
f 2266//7228 4210//7228 4212//7228
f 2266//7229 4212//7229 4246//7229
f 4417//7230 4418//7230 3903//7230
f 4416//7231 4419//7231 3907//7231
f 3907//7232 4419//7232 4417//7232
f 3907//7233 4417//7233 3905//7233
f 3905//7234 4417//7234 3903//7234
f 4420//7235 3896//7235 4421//7235
f 4421//7236 3896//7236 3897//7236
f 4421//7237 3897//7237 4422//7237
f 4422//7238 3897//7238 3899//7238
f 4422//7239 3899//7239 4418//7239
f 4418//7240 3899//7240 3901//7240
f 4418//7241 3901//7241 3903//7241
f 4423//7242 3892//7242 4420//7242
f 4420//7243 3892//7243 3894//7243
f 4420//7244 3894//7244 3896//7244
f 3985//7245 3888//7245 3804//7245
f 3804//7246 3888//7246 3887//7246
f 3804//7247 3887//7247 4423//7247
f 4423//7248 3887//7248 3890//7248
f 4423//7249 3890//7249 3892//7249
f 3991//7195 3776//7195 3880//7195
f 3880//7250 3776//7250 3775//7250
f 3994//7251 3817//7251 3995//7251
f 3817//7252 3819//7252 3995//7252
f 3995//7191 3819//7191 3822//7191
f 3995//7253 3822//7253 3991//7253
f 3991//7254 3822//7254 3821//7254
f 3991//7194 3821//7194 3776//7194
f 3816//7255 3994//7255 3814//7255
f 3814//7256 3994//7256 3993//7256
f 3814//7185 3993//7185 3812//7185
f 3812//7257 3993//7257 3810//7257
f 3810//7258 3993//7258 3987//7258
f 3810//7188 3987//7188 3808//7188
f 3808//7259 3987//7259 3806//7259
f 3806//7260 3987//7260 3989//7260
f 3806//7181 3989//7181 3793//7181
f 3990//7261 3796//7261 3989//7261
f 3989//7262 3796//7262 3794//7262
f 3989//7175 3794//7175 3793//7175
f 3804//7263 3802//7263 3985//7263
f 3985//7173 3802//7173 3800//7173
f 3985//7173 3800//7173 3990//7173
f 3990//7172 3800//7172 3798//7172
f 3990//7264 3798//7264 3796//7264
f 4262//7265 2271//7265 4263//7265
f 4263//7266 2271//7266 2270//7266
f 4263//7267 2270//7267 4264//7267
f 4264//7268 2270//7268 2294//7268
f 4264//7269 2294//7269 4260//7269
f 4260//7270 2294//7270 2321//7270
f 4260//7271 2321//7271 4261//7271
f 4261//7272 2321//7272 4254//7272
f 2321//7273 2319//7273 4254//7273
f 4254//7274 2319//7274 2268//7274
f 4254//7275 2268//7275 4256//7275
f 4256//7276 2268//7276 2267//7276
f 4256//7277 2267//7277 4250//7277
f 4250//7278 2267//7278 2317//7278
f 4250//7279 2317//7279 4251//7279
f 4251//7280 2317//7280 2316//7280
f 4251//7281 2316//7281 4252//7281
f 4252//7282 2316//7282 2315//7282
f 4252//7283 2315//7283 4247//7283
f 4247//7284 2315//7284 2314//7284
f 4247//7285 2314//7285 4246//7285
f 4246//7286 2314//7286 2274//7286
f 4246//7287 2274//7287 2265//7287
f 4416//7288 2256//7288 2254//7288
f 4424//7289 4417//7289 4419//7289
f 4425//7290 4426//7290 4427//7290
f 4427//7291 4426//7291 4428//7291
f 4429//7292 2254//7292 2252//7292
f 4429//7293 2252//7293 4430//7293
f 4430//7294 2252//7294 2251//7294
f 4430//7295 2251//7295 4431//7295
f 4431//7296 2251//7296 2230//7296
f 4431//7297 2230//7297 4432//7297
f 4432//7298 2230//7298 2231//7298
f 4432//7299 2231//7299 4433//7299
f 4433//7300 2231//7300 2233//7300
f 4433//7301 2233//7301 4434//7301
f 4434//7302 2233//7302 2235//7302
f 4434//7303 2235//7303 4435//7303
f 4416//7304 2254//7304 4419//7304
f 4419//7305 2254//7305 4429//7305
f 4419//7306 4429//7306 4424//7306
f 4424//7307 4429//7307 4430//7307
f 4424//7308 4430//7308 4436//7308
f 4436//7309 4430//7309 4431//7309
f 4436//7310 4431//7310 4437//7310
f 4437//7311 4431//7311 4432//7311
f 4437//7312 4432//7312 4438//7312
f 4438//7313 4432//7313 4433//7313
f 4438//7314 4433//7314 4439//7314
f 4439//7315 4433//7315 4434//7315
f 4439//7316 4434//7316 4426//7316
f 4426//7317 4434//7317 4435//7317
f 4426//7318 4435//7318 4428//7318
f 4423//7319 4420//7319 4440//7319
f 4441//7320 4442//7320 4443//7320
f 4442//7321 4444//7321 4443//7321
f 4443//7322 4444//7322 4445//7322
f 4443//7323 4445//7323 4446//7323
f 4447//7324 4448//7324 4441//7324
f 4449//7325 4450//7325 4451//7325
f 4426//7326 4425//7326 4450//7326
f 4450//7327 4449//7327 4426//7327
f 4426//7328 4449//7328 4452//7328
f 4426//7329 4452//7329 4439//7329
f 4439//7330 4452//7330 4438//7330
f 4438//7331 4452//7331 4453//7331
f 4438//7332 4453//7332 4437//7332
f 4437//7333 4453//7333 4454//7333
f 4437//7334 4454//7334 4436//7334
f 4436//7335 4454//7335 4455//7335
f 4436//7336 4455//7336 4424//7336
f 4421//7337 4422//7337 4456//7337
f 4456//7338 4422//7338 4418//7338
f 3805//7339 3804//7339 4423//7339
f 4417//7340 4424//7340 4418//7340
f 4418//7341 4424//7341 4455//7341
f 4418//7342 4455//7342 4456//7342
f 4456//7343 4455//7343 4454//7343
f 4456//7344 4454//7344 4457//7344
f 4457//7345 4454//7345 4453//7345
f 4457//7346 4453//7346 4458//7346
f 4458//7347 4453//7347 4452//7347
f 4458//7348 4452//7348 4459//7348
f 4459//7349 4452//7349 4449//7349
f 4459//7350 4449//7350 4447//7350
f 4447//7351 4449//7351 4451//7351
f 4447//7352 4451//7352 4448//7352
f 4441//7353 4443//7353 4447//7353
f 4447//7354 4443//7354 4460//7354
f 4447//7355 4460//7355 4459//7355
f 4459//7356 4460//7356 4461//7356
f 4459//7357 4461//7357 4458//7357
f 4458//7358 4461//7358 4462//7358
f 4458//7359 4462//7359 4457//7359
f 4457//7360 4462//7360 4440//7360
f 4457//7361 4440//7361 4456//7361
f 4456//7362 4440//7362 4420//7362
f 4456//7363 4420//7363 4421//7363
f 4423//7364 4440//7364 3805//7364
f 3805//7365 4440//7365 4462//7365
f 3805//7366 4462//7366 3876//7366
f 3876//7367 4462//7367 4461//7367
f 3876//7368 4461//7368 3862//7368
f 3862//7369 4461//7369 4460//7369
f 3862//7370 4460//7370 3852//7370
f 3852//7371 4460//7371 4443//7371
f 3852//7372 4443//7372 3783//7372
f 3783//7373 4443//7373 4446//7373
f 3783//7374 4446//7374 3784//7374
f 4463//7375 3784//7375 4446//7375
f 4464//7376 4465//7376 4466//7376
f 4466//7377 4465//7377 4467//7377
f 4466//7378 4467//7378 4468//7378
f 4469//7379 4470//7379 4471//7379
f 4469//7380 4471//7380 4472//7380
f 4450//7381 4425//7381 4473//7381
f 4474//7382 4448//7382 4475//7382
f 4475//7383 4448//7383 4451//7383
f 4445//7384 4444//7384 4476//7384
f 4476//7385 4444//7385 4442//7385
f 4476//7386 4442//7386 4474//7386
f 4474//7387 4442//7387 4441//7387
f 4474//7388 4441//7388 4448//7388
f 4445//7389 4476//7389 4446//7389
f 4446//7390 4476//7390 4477//7390
f 4446//7391 4477//7391 4463//7391
f 4478//7392 4479//7392 4480//7392
f 4480//7393 4479//7393 4481//7393
f 4482//7394 4483//7394 4484//7394
f 4468//7395 4485//7395 4466//7395
f 4466//7396 4485//7396 4486//7396
f 4466//7397 4486//7397 4487//7397
f 4482//7398 4478//7398 4483//7398
f 4483//7399 4478//7399 4480//7399
f 4483//7400 4480//7400 4488//7400
f 4488//7401 4480//7401 4481//7401
f 4488//7401 4481//7401 4489//7401
f 4490//7402 4477//7402 4491//7402
f 4491//7403 4477//7403 4476//7403
f 4491//7404 4476//7404 4492//7404
f 4492//7405 4476//7405 4474//7405
f 4492//7406 4474//7406 4493//7406
f 4493//7407 4474//7407 4475//7407
f 4493//7408 4475//7408 4494//7408
f 4494//7409 4475//7409 4451//7409
f 4494//7410 4451//7410 4450//7410
f 4490//7411 4491//7411 4495//7411
f 4495//7412 4491//7412 4492//7412
f 4495//7413 4492//7413 4496//7413
f 4496//7414 4492//7414 4493//7414
f 4496//7415 4493//7415 4469//7415
f 4469//7416 4493//7416 4494//7416
f 4469//7417 4494//7417 4470//7417
f 4470//7418 4494//7418 4450//7418
f 4470//7419 4450//7419 4471//7419
f 4471//7420 4450//7420 4473//7420
f 4471//7421 4473//7421 4472//7421
f 4497//7422 4464//7422 4498//7422
f 4498//7423 4464//7423 4466//7423
f 4498//7424 4466//7424 4484//7424
f 4484//7425 4466//7425 4487//7425
f 4484//7426 4487//7426 4482//7426
f 4472//7427 4497//7427 4469//7427
f 4469//7428 4497//7428 4498//7428
f 4469//7429 4498//7429 4496//7429
f 4496//7430 4498//7430 4484//7430
f 4496//7431 4484//7431 4495//7431
f 4495//7432 4484//7432 4483//7432
f 4495//7433 4483//7433 4490//7433
f 4490//7434 4483//7434 4488//7434
f 4490//7435 4488//7435 4477//7435
f 4477//7436 4488//7436 4489//7436
f 4477//7437 4489//7437 4463//7437
f 4472//7438 4499//7438 4500//7438
f 4499//7439 4472//7439 4501//7439
f 4501//7440 4472//7440 4473//7440
f 4501//7441 4473//7441 4502//7441
f 4502//7442 4473//7442 4425//7442
f 4502//7443 4425//7443 4427//7443
f 4503//7444 4486//7444 4485//7444
f 4485//7445 4468//7445 4503//7445
f 4503//7446 4468//7446 4467//7446
f 4503//7447 4467//7447 4504//7447
f 4504//7448 4467//7448 4465//7448
f 4504//7449 4465//7449 4505//7449
f 4505//7450 4465//7450 4464//7450
f 4505//7451 4464//7451 4500//7451
f 4500//7452 4464//7452 4497//7452
f 4500//7453 4497//7453 4472//7453
f 4502//7454 4427//7454 4428//7454
f 4428//7455 4435//7455 4506//7455
f 4506//7456 4435//7456 2235//7456
f 4506//7457 2235//7457 4507//7457
f 4501//7458 4502//7458 4508//7458
f 4508//7459 4502//7459 4428//7459
f 4508//7460 4428//7460 4509//7460
f 4509//7461 4428//7461 4506//7461
f 4508//7462 4510//7462 4501//7462
f 4501//7463 4510//7463 4511//7463
f 4501//7464 4511//7464 4499//7464
f 4499//7465 4511//7465 4512//7465
f 4499//7466 4512//7466 4500//7466
f 4500//7467 4512//7467 4513//7467
f 4500//7468 4513//7468 4505//7468
f 4513//7469 4514//7469 4515//7469
f 4505//7470 4513//7470 4504//7470
f 4504//7471 4513//7471 4515//7471
f 4504//7472 4515//7472 4503//7472
f 4516//7473 4517//7473 4518//7473
f 4518//7474 4517//7474 4519//7474
f 4518//7475 4519//7475 4520//7475
f 4521//7476 4522//7476 4523//7476
f 4521//7477 4523//7477 4524//7477
f 4522//7478 4525//7478 4523//7478
f 4523//7479 4525//7479 4526//7479
f 4523//7480 4526//7480 4517//7480
f 4517//7481 4526//7481 4527//7481
f 4517//7482 4527//7482 4519//7482
f 2239//7483 4528//7483 2225//7483
f 2225//7484 4528//7484 4524//7484
f 2225//7485 4524//7485 2226//7485
f 2226//7486 4529//7486 2237//7486
f 2237//7487 4529//7487 4530//7487
f 2237//7488 4530//7488 2234//7488
f 2234//7489 4530//7489 4507//7489
f 2234//7490 4507//7490 2235//7490
f 2226//7491 4524//7491 4529//7491
f 4529//7492 4524//7492 4523//7492
f 4529//7493 4523//7493 4530//7493
f 4530//7494 4523//7494 4517//7494
f 4530//7495 4517//7495 4531//7495
f 4531//7496 4517//7496 4516//7496
f 4531//7497 4516//7497 4532//7497
f 4528//7498 2239//7498 2280//7498
f 2418//7499 2417//7499 4533//7499
f 2418//7500 4533//7500 4534//7500
f 2412//7501 2411//7501 4534//7501
f 4534//7502 2411//7502 2415//7502
f 4534//7503 2415//7503 2418//7503
f 2278//7504 2276//7504 2414//7504
f 4522//7505 4521//7505 4535//7505
f 4535//7506 4521//7506 4524//7506
f 4535//7507 4524//7507 4536//7507
f 4536//7508 4524//7508 4528//7508
f 4536//7509 4528//7509 4537//7509
f 4537//7510 4528//7510 2280//7510
f 4537//7511 2280//7511 4538//7511
f 4538//7512 2280//7512 2278//7512
f 4538//7513 2278//7513 4539//7513
f 4539//7514 2278//7514 2414//7514
f 4522//7515 4535//7515 4525//7515
f 4525//7516 4535//7516 4540//7516
f 4525//7517 4540//7517 4526//7517
f 4520//7518 4519//7518 4540//7518
f 4540//7519 4519//7519 4527//7519
f 4540//7520 4527//7520 4526//7520
f 4541//7521 4542//7521 4543//7521
f 4543//7522 4542//7522 4544//7522
f 4543//7523 4544//7523 4545//7523
f 4545//7524 4544//7524 4546//7524
f 4545//7525 4546//7525 4547//7525
f 4547//7526 4546//7526 4548//7526
f 4547//7527 4548//7527 4549//7527
f 4533//7528 4550//7528 4534//7528
f 4534//7529 4550//7529 4551//7529
f 4534//7530 4551//7530 4541//7530
f 4541//7531 4551//7531 4552//7531
f 4541//7532 4552//7532 4542//7532
f 2414//7533 2412//7533 4539//7533
f 4539//7534 2412//7534 4534//7534
f 4539//7535 4534//7535 4538//7535
f 4538//7536 4534//7536 4541//7536
f 4538//7537 4541//7537 4537//7537
f 4537//7538 4541//7538 4543//7538
f 4537//7539 4543//7539 4536//7539
f 4536//7540 4543//7540 4545//7540
f 4536//7541 4545//7541 4535//7541
f 4535//7542 4545//7542 4547//7542
f 4535//7543 4547//7543 4540//7543
f 4540//7544 4547//7544 4549//7544
f 4540//7545 4549//7545 4520//7545
f 4553//7546 4554//7546 4555//7546
f 4556//7547 4557//7547 4558//7547
f 4559//7548 4560//7548 4561//7548
f 4561//7549 4560//7549 2520//7549
f 4561//7550 2520//7550 2519//7550
f 4557//7551 4556//7551 4562//7551
f 4563//7552 4564//7552 4558//7552
f 2438//7553 2440//7553 4564//7553
f 4564//7554 4563//7554 2438//7554
f 2438//7555 4563//7555 4533//7555
f 2438//7556 4533//7556 2417//7556
f 4565//7557 4552//7557 4566//7557
f 4566//7558 4552//7558 4551//7558
f 4566//7559 4551//7559 4550//7559
f 4567//7560 4544//7560 4565//7560
f 4565//7561 4544//7561 4542//7561
f 4565//7562 4542//7562 4552//7562
f 4554//7563 4549//7563 4555//7563
f 4555//7564 4549//7564 4548//7564
f 4555//7565 4548//7565 4567//7565
f 4567//7566 4548//7566 4546//7566
f 4567//7567 4546//7567 4544//7567
f 4568//7568 4569//7568 4570//7568
f 4570//7569 4569//7569 4571//7569
f 4570//7570 4571//7570 4572//7570
f 4573//7571 4571//7571 4574//7571
f 4574//7572 4571//7572 4569//7572
f 4574//7573 4569//7573 4575//7573
f 4575//7574 4569//7574 4576//7574
f 4572//7575 4577//7575 4570//7575
f 4570//7576 4577//7576 4553//7576
f 4570//7577 4553//7577 4568//7577
f 4568//7578 4553//7578 4555//7578
f 4568//7579 4555//7579 4562//7579
f 4562//7580 4555//7580 4567//7580
f 4562//7581 4567//7581 4557//7581
f 4557//7582 4567//7582 4565//7582
f 4557//7583 4565//7583 4558//7583
f 4558//7584 4565//7584 4566//7584
f 4558//7585 4566//7585 4563//7585
f 4563//7586 4566//7586 4550//7586
f 4563//7587 4550//7587 4533//7587
f 4556//7588 4578//7588 4562//7588
f 4562//7589 4578//7589 4559//7589
f 4562//7590 4559//7590 4568//7590
f 4568//7591 4559//7591 4561//7591
f 4568//7592 4561//7592 4569//7592
f 4569//7593 4561//7593 2519//7593
f 4569//7594 2519//7594 4576//7594
f 4553//7595 4579//7595 4554//7595
f 4554//7596 4579//7596 4520//7596
f 4554//7597 4520//7597 4549//7597
f 4553//7598 4577//7598 4579//7598
f 4579//7599 4577//7599 4572//7599
f 4579//7600 4572//7600 4580//7600
f 4580//7601 4572//7601 4571//7601
f 4580//7602 4571//7602 4573//7602
f 2524//7603 2525//7603 2650//7603
f 2678//7604 4580//7604 2674//7604
f 2674//7605 4580//7605 4573//7605
f 2674//7606 4573//7606 2666//7606
f 2666//7607 4573//7607 2665//7607
f 2665//7608 4573//7608 4574//7608
f 2665//7609 4574//7609 2663//7609
f 2663//7610 4574//7610 4575//7610
f 2663//7611 4575//7611 2661//7611
f 2649//7612 1196//7612 2650//7612
f 2650//7613 1196//7613 2523//7613
f 2650//7614 2523//7614 2524//7614
f 4575//7615 4576//7615 2661//7615
f 2661//7616 4576//7616 2519//7616
f 2661//7617 2519//7617 2655//7617
f 2655//7618 2519//7618 2518//7618
f 2655//7619 2518//7619 2656//7619
f 2656//7620 2518//7620 2522//7620
f 2656//7621 2522//7621 2649//7621
f 2649//7622 2522//7622 1197//7622
f 2649//7623 1197//7623 1196//7623
f 4581//7624 4582//7624 4583//7624
f 2687//7625 2688//7625 4581//7625
f 4581//7626 4583//7626 2687//7626
f 2687//7627 4583//7627 4580//7627
f 2687//7628 4580//7628 2678//7628
f 4581//7629 2688//7629 2689//7629
f 4581//7630 2689//7630 4582//7630
f 4582//7631 2689//7631 2691//7631
f 4582//7632 2691//7632 4584//7632
f 4584//7633 2691//7633 2694//7633
f 4584//7634 2694//7634 1078//7634
f 1078//7635 2694//7635 2698//7635
f 1078//7636 2698//7636 1076//7636
f 4585//7637 4586//7637 4587//7637
f 1077//7638 1074//7638 1073//7638
f 4585//7639 4587//7639 4588//7639
f 4588//7640 4587//7640 1073//7640
f 4588//7641 1073//7641 1030//7641
f 1077//7642 1073//7642 1078//7642
f 1078//7643 1073//7643 4587//7643
f 1078//7644 4587//7644 4584//7644
f 4584//7645 4587//7645 4586//7645
f 4584//7646 4586//7646 4582//7646
f 4516//7647 4518//7647 4589//7647
f 4580//7648 4583//7648 4589//7648
f 4580//7649 4589//7649 4579//7649
f 4579//7650 4589//7650 4518//7650
f 4579//7651 4518//7651 4520//7651
f 4590//7652 4591//7652 4516//7652
f 4516//7653 4591//7653 4592//7653
f 4516//7654 4592//7654 4532//7654
f 4583//7655 4582//7655 4589//7655
f 4589//7656 4582//7656 4586//7656
f 4589//7657 4586//7657 4585//7657
f 4585//7658 4593//7658 4589//7658
f 4589//7659 4593//7659 4594//7659
f 4589//7660 4594//7660 4516//7660
f 4516//7661 4594//7661 4595//7661
f 4516//7662 4595//7662 4590//7662
f 1033//7663 1034//7663 4593//7663
f 1046//7664 1043//7664 4590//7664
f 4532//7665 4592//7665 4596//7665
f 4596//7666 4592//7666 4591//7666
f 4596//7667 4591//7667 1048//7667
f 4590//7668 1043//7668 4591//7668
f 4591//7669 1043//7669 1047//7669
f 4591//7670 1047//7670 1048//7670
f 1046//7671 4590//7671 1042//7671
f 1042//7672 4590//7672 4595//7672
f 1042//7673 4595//7673 1040//7673
f 1040//7674 4595//7674 4594//7674
f 1040//7675 4594//7675 1038//7675
f 4593//7676 1034//7676 4594//7676
f 4594//7677 1034//7677 1036//7677
f 4594//7678 1036//7678 1038//7678
f 4588//7679 1030//7679 1031//7679
f 4593//7680 4585//7680 4588//7680
f 4588//7681 1031//7681 4593//7681
f 4593//7682 1031//7682 1032//7682
f 4593//7683 1032//7683 1033//7683
f 4530//7684 4531//7684 4597//7684
f 4506//7685 4507//7685 4530//7685
f 4506//7686 4530//7686 4509//7686
f 4509//7687 4530//7687 4597//7687
f 4509//7688 4597//7688 4508//7688
f 4508//7689 4597//7689 4598//7689
f 4508//7690 4598//7690 4510//7690
f 1059//7691 4514//7691 1058//7691
f 1058//7692 4514//7692 4513//7692
f 1058//7693 4513//7693 4599//7693
f 4599//7694 4513//7694 4512//7694
f 4599//7695 4512//7695 4598//7695
f 4598//7696 4512//7696 4511//7696
f 4598//7697 4511//7697 4510//7697
f 1061//7698 4600//7698 1059//7698
f 1059//7698 4600//7698 4601//7698
f 1059//7698 4601//7698 4514//7698
f 1050//7699 1052//7699 4598//7699
f 4598//7700 1052//7700 1053//7700
f 4598//7701 1053//7701 4599//7701
f 4599//7702 1053//7702 1056//7702
f 4599//7703 1056//7703 1058//7703
f 1050//7704 4598//7704 1049//7704
f 1049//7705 4598//7705 4597//7705
f 1049//7706 4597//7706 1048//7706
f 4531//7707 4532//7707 4597//7707
f 4597//7708 4532//7708 4596//7708
f 4597//7709 4596//7709 1048//7709
f 918//372 920//372 3784//372
f 3784//372 920//372 923//372
f 918//372 3784//372 916//372
f 916//372 3784//372 4463//372
f 916//372 4463//372 4489//372
f 4487//372 916//372 4482//372
f 4482//372 916//372 4478//372
f 4600//372 1061//372 916//372
f 916//7710 1061//7710 1060//7710
f 916//7711 1060//7711 1062//7711
f 3773//372 3772//372 3879//372
f 3879//372 3772//372 3778//372
f 3879//372 3778//372 3780//372
f 3780//372 3782//372 3879//372
f 3879//372 3782//372 3844//372
f 3879//372 3844//372 3845//372
f 3845//372 3846//372 3879//372
f 3879//372 3846//372 3847//372
f 3879//372 3847//372 3848//372
f 3848//372 3849//372 3879//372
f 3879//372 3849//372 3792//372
f 3879//372 3792//372 3790//372
f 4489//372 4481//372 916//372
f 916//372 4481//372 4479//372
f 916//372 4479//372 4478//372
f 1062//372 1063//372 916//372
f 916//372 1063//372 1064//372
f 916//372 1064//372 1065//372
f 912//7712 914//7712 1071//7712
f 1071//7713 914//7713 916//7713
f 1071//372 916//372 1067//372
f 1067//372 916//372 1065//372
f 929//372 3879//372 931//372
f 931//372 3879//372 3784//372
f 931//372 3784//372 922//372
f 922//372 3784//372 923//372
f 3790//372 3788//372 3879//372
f 3879//372 3788//372 3786//372
f 3879//372 3786//372 3784//372
f 4487//7710 4486//7710 916//7710
f 916//7714 4486//7714 4503//7714
f 916//372 4503//372 4515//372
f 4515//372 4514//372 916//372
f 916//372 4514//372 4601//372
f 916//372 4601//372 4600//372
f 3878//7715 3879//7715 929//7715
f 4602//7716 4000//7716 891//7716
f 891//7717 4000//7717 3878//7717
f 891//7718 3878//7718 892//7718
f 892//7719 3878//7719 929//7719
f 4603//7720 4604//7720 4605//7720
f 4605//7721 4604//7721 4000//7721
f 4605//7722 4000//7722 4606//7722
f 4606//7723 4000//7723 4602//7723
f 4607//7724 4608//7724 4609//7724
f 4610//7725 4611//7725 4612//7725
f 4612//7726 4611//7726 4613//7726
f 4613//7727 4611//7727 4614//7727
f 4614//7728 4611//7728 2712//7728
f 4614//7729 2712//7729 2717//7729
f 909//7730 911//7730 2719//7730
f 2719//7731 4615//7731 909//7731
f 909//7732 4615//7732 4616//7732
f 909//7733 4616//7733 907//7733
f 907//7734 4616//7734 4617//7734
f 907//7735 4617//7735 904//7735
f 904//7736 4617//7736 4618//7736
f 904//7737 4618//7737 902//7737
f 902//7738 4618//7738 903//7738
f 903//7739 4618//7739 4619//7739
f 903//7740 4619//7740 930//7740
f 4620//7741 897//7741 4619//7741
f 4619//7742 897//7742 896//7742
f 4619//7743 896//7743 930//7743
f 4621//7744 900//7744 4620//7744
f 4620//7745 900//7745 899//7745
f 4620//7746 899//7746 897//7746
f 891//7747 893//7747 4621//7747
f 4621//7748 893//7748 895//7748
f 4621//7749 895//7749 900//7749
f 891//7750 4621//7750 4602//7750
f 4602//7751 4621//7751 4622//7751
f 4602//7752 4622//7752 4606//7752
f 4623//7753 4624//7753 4625//7753
f 4625//7754 4624//7754 4605//7754
f 4608//7755 4607//7755 4623//7755
f 4623//7756 4607//7756 4626//7756
f 4623//7757 4626//7757 4624//7757
f 4627//7758 4628//7758 4629//7758
f 4629//7759 4628//7759 4630//7759
f 4629//7760 4630//7760 4631//7760
f 4612//7761 4632//7761 4610//7761
f 4610//7762 4632//7762 4633//7762
f 4610//7763 4633//7763 4627//7763
f 4627//7764 4633//7764 4634//7764
f 4627//7765 4634//7765 4628//7765
f 2719//7766 2718//7766 4615//7766
f 4615//7767 2718//7767 4635//7767
f 4615//7768 4635//7768 4616//7768
f 4616//7769 4635//7769 4636//7769
f 4616//7770 4636//7770 4617//7770
f 4617//7771 4636//7771 4637//7771
f 4617//7772 4637//7772 4618//7772
f 4618//7773 4637//7773 4609//7773
f 4618//7774 4609//7774 4619//7774
f 4619//7775 4609//7775 4608//7775
f 4619//7776 4608//7776 4620//7776
f 4620//7777 4608//7777 4623//7777
f 4620//7778 4623//7778 4621//7778
f 4621//7779 4623//7779 4625//7779
f 4621//7780 4625//7780 4622//7780
f 4622//7781 4625//7781 4605//7781
f 4622//7782 4605//7782 4606//7782
f 2718//7783 2712//7783 4635//7783
f 4635//7784 2712//7784 4611//7784
f 4635//7785 4611//7785 4636//7785
f 4636//7786 4611//7786 4610//7786
f 4636//7787 4610//7787 4637//7787
f 4637//7788 4610//7788 4627//7788
f 4637//7789 4627//7789 4609//7789
f 4609//7790 4627//7790 4629//7790
f 4609//7791 4629//7791 4607//7791
f 4607//7792 4629//7792 4631//7792
f 4607//7793 4631//7793 4626//7793
f 2729//7794 2734//7794 2726//7794
f 2726//7795 2734//7795 2714//7795
f 4638//7796 4632//7796 4612//7796
f 4605//7797 4624//7797 4603//7797
f 4603//7798 4624//7798 4626//7798
f 4632//7799 4638//7799 4633//7799
f 4633//7800 4638//7800 4634//7800
f 4634//7801 4638//7801 4639//7801
f 4634//7802 4639//7802 4628//7802
f 4628//7803 4639//7803 4640//7803
f 4628//7804 4640//7804 4630//7804
f 4630//7805 4640//7805 4641//7805
f 4630//7806 4641//7806 4631//7806
f 4631//7807 4641//7807 4642//7807
f 4631//7808 4642//7808 4626//7808
f 4626//7809 4642//7809 4643//7809
f 4626//7810 4643//7810 4603//7810
f 2714//7811 3586//7811 2715//7811
f 2715//7812 3586//7812 3585//7812
f 2715//7813 3585//7813 2716//7813
f 2716//7814 3585//7814 2717//7814
f 2717//7815 3585//7815 4614//7815
f 4614//7816 3585//7816 4644//7816
f 4614//7817 4644//7817 4613//7817
f 4613//7818 4644//7818 4645//7818
f 4613//7819 4645//7819 4612//7819
f 4612//7820 4645//7820 4646//7820
f 4612//7821 4646//7821 4638//7821
f 4646//7822 4647//7822 4638//7822
f 4638//7823 4647//7823 4648//7823
f 4638//7824 4648//7824 4639//7824
f 4639//7825 4648//7825 4640//7825
f 4640//7826 4648//7826 4649//7826
f 4640//7827 4649//7827 4641//7827
f 4641//7828 4649//7828 4642//7828
f 4642//7829 4649//7829 4650//7829
f 4642//7830 4650//7830 4643//7830
f 4643//7831 4650//7831 4604//7831
f 4643//7832 4604//7832 4603//7832
f 2714//7833 2734//7833 3586//7833
f 3586//7834 2734//7834 2735//7834
f 3586//7835 2735//7835 3587//7835
f 3588//7836 3591//7836 4651//7836
f 4651//7837 3591//7837 3590//7837
f 4652//7838 4653//7838 3572//7838
f 3572//7839 4653//7839 3573//7839
f 4654//7840 4655//7840 3573//7840
f 4656//7841 4655//7841 4657//7841
f 4657//7842 4655//7842 4654//7842
f 4657//7843 4654//7843 2751//7843
f 2751//7844 4654//7844 2753//7844
f 3573//7845 4653//7845 4654//7845
f 4654//7846 4653//7846 2748//7846
f 4654//7847 2748//7847 2753//7847
f 2744//7848 2745//7848 4652//7848
f 4652//7849 2745//7849 2746//7849
f 4652//7850 2746//7850 4653//7850
f 4653//7851 2746//7851 2747//7851
f 4653//7852 2747//7852 2748//7852
f 2743//7853 2744//7853 4651//7853
f 4651//7854 2744//7854 4652//7854
f 4651//7855 4652//7855 3588//7855
f 3588//7856 4652//7856 3572//7856
f 2739//7857 2738//7857 4658//7857
f 4658//7858 2738//7858 2737//7858
f 2735//7859 2736//7859 3587//7859
f 3587//7860 2736//7860 2742//7860
f 3587//7861 2742//7861 3581//7861
f 3581//7862 2742//7862 2741//7862
f 3581//7863 2741//7863 3592//7863
f 3592//7864 2741//7864 2740//7864
f 3592//7865 2740//7865 3589//7865
f 3589//7866 2740//7866 2739//7866
f 3589//7867 2739//7867 3590//7867
f 3590//7868 2739//7868 4658//7868
f 3590//7869 4658//7869 4651//7869
f 4651//7870 4658//7870 2737//7870
f 4651//7871 2737//7871 2743//7871
f 4659//7872 4656//7872 4657//7872
f 4660//7873 4661//7873 4662//7873
f 4662//7874 4661//7874 4663//7874
f 4662//7875 4663//7875 4664//7875
f 4663//7876 2750//7876 2776//7876
f 2776//7877 2775//7877 4663//7877
f 4663//7878 2775//7878 2759//7878
f 4663//7879 2759//7879 4664//7879
f 4661//7880 4659//7880 4663//7880
f 4663//7881 4659//7881 4657//7881
f 4663//7882 4657//7882 2750//7882
f 2750//7883 4657//7883 2751//7883
f 2759//7884 2757//7884 4664//7884
f 4664//7885 2757//7885 2763//7885
f 4664//7886 2763//7886 4662//7886
f 4662//7887 4665//7887 4660//7887
f 4660//7888 4665//7888 4666//7888
f 4660//7889 4666//7889 4661//7889
f 4661//7890 4666//7890 4659//7890
f 4662//7891 2763//7891 4665//7891
f 4665//7892 2763//7892 2762//7892
f 4665//7893 2762//7893 4666//7893
f 2765//7894 4667//7894 2767//7894
f 2767//7895 4667//7895 4666//7895
f 2767//7896 4666//7896 2768//7896
f 2768//7897 4666//7897 2762//7897
f 4668//7898 2784//7898 4669//7898
f 4669//7899 2784//7899 2786//7899
f 4669//7900 2786//7900 4670//7900
f 4670//7901 2786//7901 2793//7901
f 2779//7902 2781//7902 4668//7902
f 4668//7903 2781//7903 2780//7903
f 4668//7904 2780//7904 2784//7904
f 4668//7905 4671//7905 2779//7905
f 2779//7906 4671//7906 4672//7906
f 2779//7907 4672//7907 2764//7907
f 2764//7908 4672//7908 4667//7908
f 2764//7909 4667//7909 2765//7909
f 2799//7910 4673//7910 4674//7910
f 4673//7911 2799//7911 2798//7911
f 4675//7912 4670//7912 2793//7912
f 2798//7913 4676//7913 4673//7913
f 4673//7914 4676//7914 4677//7914
f 4673//7915 4677//7915 4674//7915
f 4674//7916 4677//7916 4678//7916
f 4674//7917 4678//7917 4679//7917
f 4679//7918 4678//7918 4680//7918
f 4679//7919 4680//7919 4681//7919
f 4681//7920 4680//7920 4675//7920
f 4681//7921 4675//7921 4682//7921
f 4682//7922 4675//7922 2793//7922
f 4681//7923 2788//7923 4679//7923
f 4679//7924 2788//7924 2794//7924
f 4679//7925 2794//7925 4674//7925
f 4674//7926 2794//7926 2796//7926
f 4674//7927 2796//7927 2799//7927
f 2793//7928 2792//7928 4682//7928
f 4682//7929 2792//7929 2791//7929
f 4682//7930 2791//7930 4681//7930
f 4681//7931 2791//7931 2789//7931
f 4681//7932 2789//7932 2788//7932
f 2829//7933 4683//7933 4684//7933
f 2831//7934 2811//7934 2840//7934
f 2833//7935 2832//7935 4685//7935
f 4685//7936 2832//7936 2831//7936
f 4685//7937 2831//7937 4686//7937
f 4686//7938 2831//7938 2840//7938
f 2827//7939 2826//7939 4684//7939
f 4684//7940 2826//7940 2830//7940
f 4684//7941 2830//7941 2829//7941
f 4687//7942 4676//7942 4688//7942
f 4688//7943 4676//7943 2798//7943
f 2798//7944 2827//7944 4688//7944
f 4688//7945 2827//7945 4684//7945
f 4688//7946 4684//7946 4687//7946
f 4687//7947 4684//7947 4689//7947
f 4683//7948 4690//7948 4684//7948
f 4684//7949 4690//7949 4691//7949
f 4684//7950 4691//7950 4689//7950
f 2840//7951 4692//7951 4686//7951
f 4686//7952 4692//7952 4690//7952
f 4686//7953 4690//7953 4685//7953
f 4685//7954 4690//7954 4683//7954
f 4685//7955 4683//7955 2833//7955
f 2833//7956 4683//7956 2829//7956
f 2848//7957 4693//7957 2846//7957
f 3064//7958 3065//7958 3083//7958
f 3102//7959 3101//7959 4694//7959
f 3097//7960 3096//7960 3105//7960
f 4695//7961 4696//7961 4697//7961
f 4695//7962 4697//7962 4698//7962
f 4697//7963 4699//7963 4698//7963
f 4698//7964 4699//7964 4700//7964
f 4698//7965 4700//7965 4701//7965
f 4701//7966 4700//7966 4702//7966
f 4701//7967 4702//7967 4703//7967
f 4703//7968 4702//7968 4704//7968
f 4703//7969 4704//7969 4705//7969
f 4706//7970 4707//7970 4708//7970
f 4708//7971 4707//7971 4709//7971
f 4708//7972 4709//7972 4710//7972
f 4710//7973 4709//7973 4711//7973
f 4710//7974 4711//7974 4712//7974
f 4712//7975 4711//7975 4705//7975
f 4712//7976 4705//7976 4713//7976
f 4713//7977 4705//7977 4704//7977
f 4714//7978 4715//7978 4716//7978
f 4716//7979 4715//7979 4717//7979
f 4716//7980 4717//7980 4718//7980
f 4718//7981 4717//7981 4719//7981
f 4718//7982 4719//7982 4720//7982
f 4720//7983 4719//7983 4721//7983
f 4721//7984 4719//7984 4722//7984
f 4721//7985 4722//7985 3104//7985
f 3104//7986 4722//7986 3105//7986
f 3105//7987 4722//7987 3099//7987
f 3105//7988 3099//7988 3097//7988
f 3064//7989 3083//7989 3053//7989
f 4693//7990 2848//7990 4723//7990
f 3090//7991 3094//7991 3083//7991
f 3083//7992 3094//7992 4724//7992
f 3083//7993 4724//7993 3053//7993
f 3053//7994 4724//7994 4723//7994
f 3053//7995 4723//7995 2856//7995
f 2856//7996 4723//7996 2848//7996
f 2837//7997 2836//7997 4725//7997
f 4725//7998 2836//7998 2835//7998
f 4725//7999 2835//7999 2846//7999
f 4676//8000 4687//8000 4726//8000
f 4726//8001 4687//8001 4689//8001
f 4726//8002 4689//8002 4727//8002
f 4727//8003 4689//8003 4691//8003
f 4727//8004 4691//8004 4728//8004
f 4728//8005 4691//8005 4690//8005
f 4728//8006 4690//8006 4729//8006
f 4729//8007 4690//8007 4692//8007
f 4729//8008 4692//8008 4730//8008
f 4730//8009 4692//8009 2840//8009
f 4730//8010 2840//8010 4731//8010
f 4731//8011 2840//8011 2839//8011
f 4731//8012 2839//8012 4732//8012
f 4732//8013 2839//8013 2838//8013
f 4732//8014 2838//8014 4733//8014
f 4733//8015 2838//8015 2837//8015
f 4733//8016 2837//8016 4734//8016
f 4734//8017 2837//8017 4725//8017
f 3101//8018 3099//8018 4694//8018
f 4694//8019 3099//8019 4722//8019
f 4694//8020 4722//8020 4735//8020
f 4735//8021 4722//8021 4719//8021
f 4735//8022 4719//8022 4736//8022
f 4736//8023 4719//8023 4717//8023
f 4736//8024 4717//8024 4737//8024
f 4737//8025 4717//8025 4715//8025
f 4696//8026 4676//8026 4697//8026
f 4697//8027 4676//8027 4726//8027
f 4697//8028 4726//8028 4699//8028
f 4699//8029 4726//8029 4727//8029
f 4699//8030 4727//8030 4700//8030
f 4700//8031 4727//8031 4728//8031
f 4700//8032 4728//8032 4702//8032
f 4702//8033 4728//8033 4729//8033
f 4702//8034 4729//8034 4704//8034
f 4704//8035 4729//8035 4730//8035
f 4704//8036 4730//8036 4713//8036
f 4713//8037 4730//8037 4731//8037
f 4713//8038 4731//8038 4712//8038
f 4712//8039 4731//8039 4732//8039
f 4712//8040 4732//8040 4710//8040
f 4710//8041 4732//8041 4733//8041
f 4710//8042 4733//8042 4708//8042
f 4708//8043 4733//8043 4734//8043
f 4708//8044 4734//8044 4706//8044
f 4706//8045 4734//8045 4725//8045
f 3094//8046 3102//8046 4724//8046
f 4724//8047 3102//8047 4694//8047
f 4724//8048 4694//8048 4723//8048
f 4723//8049 4694//8049 4735//8049
f 4723//8050 4735//8050 4693//8050
f 4693//8051 4735//8051 4736//8051
f 4693//8052 4736//8052 2846//8052
f 2846//8053 4736//8053 4737//8053
f 2846//8054 4737//8054 4725//8054
f 4725//8055 4737//8055 4715//8055
f 4725//8056 4715//8056 4706//8056
f 4706//8057 4715//8057 4714//8057
f 4706//8058 4714//8058 4707//8058
f 4738//8059 4739//8059 4740//8059
f 4741//8060 3150//8060 3149//8060
f 757//8061 758//8061 4742//8061
f 4743//8062 4744//8062 4745//8062
f 4746//8063 1638//8063 1637//8063
f 4747//8064 4748//8064 4749//8064
f 4750//8065 1635//8065 4751//8065
f 4751//8066 1635//8066 1632//8066
f 4751//8067 1632//8067 4752//8067
f 4752//8068 1632//8068 1631//8068
f 4752//8069 1631//8069 4753//8069
f 4753//8070 1631//8070 4754//8070
f 4753//8071 4754//8071 4755//8071
f 4755//8072 4754//8072 4756//8072
f 4755//8073 4756//8073 4748//8073
f 430//8074 4757//8074 429//8074
f 429//8075 4757//8075 4758//8075
f 429//8076 4758//8076 421//8076
f 1653//8077 431//8077 1656//8077
f 1656//8078 431//8078 432//8078
f 1656//8079 432//8079 1648//8079
f 1648//8080 432//8080 1647//8080
f 432//8081 433//8081 1647//8081
f 1647//8082 433//8082 377//8082
f 1647//8083 377//8083 1645//8083
f 1645//8084 377//8084 379//8084
f 1645//8085 379//8085 1649//8085
f 379//8086 381//8086 1649//8086
f 1649//8087 381//8087 382//8087
f 1649//8088 382//8088 1669//8088
f 382//8089 384//8089 1669//8089
f 1669//8090 384//8090 385//8090
f 1669//8091 385//8091 1666//8091
f 1666//8092 385//8092 387//8092
f 1666//8093 387//8093 3014//8093
f 3014//8094 387//8094 388//8094
f 3014//8095 388//8095 3078//8095
f 3078//8096 388//8096 390//8096
f 3078//8097 390//8097 3077//8097
f 3077//8098 390//8098 391//8098
f 396//8099 4759//8099 394//8099
f 394//8100 4759//8100 3077//8100
f 394//8101 3077//8101 393//8101
f 393//8102 3077//8102 391//8102
f 4760//8103 4759//8103 4761//8103
f 4761//8104 4759//8104 4762//8104
f 4763//8105 4764//8105 3077//8105
f 4760//8106 4765//8106 4759//8106
f 4759//8107 4765//8107 4766//8107
f 4759//8108 4766//8108 3077//8108
f 3077//8109 4766//8109 4767//8109
f 3077//8110 4767//8110 4763//8110
f 4764//8111 4768//8111 3077//8111
f 3077//8112 4768//8112 4769//8112
f 3077//8113 4769//8113 3076//8113
f 3076//8114 4769//8114 4770//8114
f 3076//8115 4770//8115 3075//8115
f 3075//8116 4770//8116 4771//8116
f 3075//8117 4771//8117 3074//8117
f 3074//8118 4771//8118 4772//8118
f 3074//8119 4772//8119 3073//8119
f 3073//8120 4772//8120 4773//8120
f 3073//8121 4773//8121 3072//8121
f 3072//8122 4773//8122 4774//8122
f 3072//8123 4774//8123 3070//8123
f 3070//8124 4774//8124 4775//8124
f 3070//8125 4775//8125 4776//8125
f 4776//8126 4777//8126 3070//8126
f 3070//8127 4777//8127 4778//8127
f 3070//8128 4778//8128 3080//8128
f 4779//8129 4780//8129 4781//8129
f 4781//8130 4780//8130 4782//8130
f 4783//8131 3095//8131 3091//8131
f 3091//8132 3092//8132 4783//8132
f 4783//8133 3092//8133 3089//8133
f 4783//8134 3089//8134 4784//8134
f 4784//8135 3089//8135 3088//8135
f 4784//8136 3088//8136 3087//8136
f 4743//8137 4745//8137 4785//8137
f 4783//8138 4785//8138 3095//8138
f 3095//8139 4785//8139 4745//8139
f 3095//8140 4745//8140 3093//8140
f 3093//8141 4745//8141 4786//8141
f 3093//8142 4786//8142 3100//8142
f 4786//8143 4787//8143 3100//8143
f 3100//8144 4787//8144 4788//8144
f 3100//8145 4788//8145 3098//8145
f 3098//8146 4788//8146 3151//8146
f 3098//8147 3151//8147 3114//8147
f 758//8148 760//8148 4788//8148
f 4788//8149 760//8149 761//8149
f 761//8150 763//8150 4788//8150
f 4788//8151 763//8151 764//8151
f 4788//8152 764//8152 3151//8152
f 3151//8153 764//8153 766//8153
f 3151//8154 766//8154 769//8154
f 4789//8155 752//8155 754//8155
f 745//8156 4790//8156 746//8156
f 746//8157 4790//8157 4791//8157
f 4792//8158 750//8158 4791//8158
f 4791//8159 750//8159 748//8159
f 4791//8160 748//8160 746//8160
f 727//8161 3157//8161 4792//8161
f 4792//8162 3157//8162 751//8162
f 4792//8163 751//8163 750//8163
f 727//8164 4792//8164 728//8164
f 728//8165 4792//8165 4793//8165
f 728//8166 4793//8166 729//8166
f 716//8167 715//8167 4794//8167
f 4794//8168 715//8168 714//8168
f 4794//8169 714//8169 730//8169
f 4793//8170 4795//8170 729//8170
f 729//8171 4795//8171 4796//8171
f 729//8172 4796//8172 730//8172
f 730//8173 4796//8173 4797//8173
f 730//8174 4797//8174 4794//8174
f 717//8175 716//8175 4798//8175
f 4741//8176 3149//8176 4799//8176
f 4800//8177 4801//8177 4802//8177
f 4802//8178 4801//8178 4799//8178
f 4802//8179 4799//8179 4798//8179
f 4798//8180 4799//8180 3149//8180
f 4798//8181 3149//8181 717//8181
f 4803//8182 427//8182 4804//8182
f 4804//8183 427//8183 428//8183
f 4804//8184 428//8184 422//8184
f 396//8185 397//8185 4759//8185
f 4759//8186 397//8186 399//8186
f 4759//8187 399//8187 4805//8187
f 4805//8188 399//8188 401//8188
f 4805//8189 401//8189 4738//8189
f 401//8190 423//8190 4738//8190
f 4738//8191 423//8191 424//8191
f 4738//8192 424//8192 4739//8192
f 4739//8193 424//8193 425//8193
f 4739//8194 425//8194 4803//8194
f 4803//8195 425//8195 426//8195
f 4803//8196 426//8196 427//8196
f 716//8197 4794//8197 4798//8197
f 4798//8198 4794//8198 4747//8198
f 4798//8199 4747//8199 4802//8199
f 4802//8200 4747//8200 4749//8200
f 4802//8201 4749//8201 4800//8201
f 4740//8202 4739//8202 4806//8202
f 4806//8203 4739//8203 4803//8203
f 4806//8204 4803//8204 4807//8204
f 4807//8205 4803//8205 4804//8205
f 4807//8206 4804//8206 4808//8206
f 4808//8207 4804//8207 4746//8207
f 4808//8208 4746//8208 4750//8208
f 4750//8209 4746//8209 1637//8209
f 4750//8210 1637//8210 1635//8210
f 4748//8211 4747//8211 4755//8211
f 4755//8212 4747//8212 4794//8212
f 4755//8213 4794//8213 4753//8213
f 4753//8214 4794//8214 4797//8214
f 4753//8215 4797//8215 4752//8215
f 4752//8216 4797//8216 4796//8216
f 4752//8217 4796//8217 4751//8217
f 4751//8218 4796//8218 4795//8218
f 4751//8219 4795//8219 4750//8219
f 4750//8220 4795//8220 4793//8220
f 4750//8221 4793//8221 4808//8221
f 4808//8222 4793//8222 4792//8222
f 4808//8223 4792//8223 4807//8223
f 4807//8224 4792//8224 4791//8224
f 4807//8225 4791//8225 4806//8225
f 4806//8226 4791//8226 4790//8226
f 4806//8227 4790//8227 4740//8227
f 4809//8228 4789//8228 4810//8228
f 4810//8229 4789//8229 754//8229
f 4810//8230 754//8230 755//8230
f 4811//8231 4809//8231 4812//8231
f 4812//8232 4809//8232 4810//8232
f 4812//8233 4810//8233 4742//8233
f 4742//8234 4810//8234 755//8234
f 4742//8235 755//8235 757//8235
f 422//8236 421//8236 4804//8236
f 4804//8237 421//8237 4758//8237
f 4804//8238 4758//8238 4746//8238
f 4746//8239 4758//8239 4757//8239
f 4746//8240 4757//8240 1638//8240
f 1638//8241 4757//8241 4813//8241
f 1638//8242 4813//8242 1643//8242
f 1643//8243 4813//8243 4757//8243
f 1643//8244 4757//8244 1653//8244
f 1653//8245 4757//8245 430//8245
f 1653//8246 430//8246 431//8246
f 758//8247 4788//8247 4742//8247
f 4742//8248 4788//8248 4787//8248
f 4742//8249 4787//8249 4812//8249
f 4812//8250 4787//8250 4786//8250
f 4812//8251 4786//8251 4811//8251
f 4811//8252 4786//8252 4745//8252
f 4811//8253 4745//8253 4780//8253
f 4780//8254 4745//8254 4744//8254
f 4780//8255 4744//8255 4782//8255
f 745//8256 752//8256 4790//8256
f 4790//8257 752//8257 4789//8257
f 4790//8258 4789//8258 4740//8258
f 4740//8259 4789//8259 4809//8259
f 4740//8260 4809//8260 4738//8260
f 4738//8261 4809//8261 4811//8261
f 4738//8262 4811//8262 4805//8262
f 4805//8263 4811//8263 4780//8263
f 4805//8264 4780//8264 4759//8264
f 4759//8265 4780//8265 4779//8265
f 4759//8266 4779//8266 4762//8266
f 3087//8267 4814//8267 4784//8267
f 4784//8268 4814//8268 4815//8268
f 4784//8269 4815//8269 4783//8269
f 4783//8270 4815//8270 4785//8270
f 4785//8271 4815//8271 4816//8271
f 4785//8272 4816//8272 4743//8272
f 4817//8273 4781//8273 4782//8273
f 4817//8274 4782//8274 4816//8274
f 4816//8275 4782//8275 4744//8275
f 4816//8276 4744//8276 4743//8276
f 4818//8277 4761//8277 4762//8277
f 4818//8278 4762//8278 4817//8278
f 4817//8279 4762//8279 4779//8279
f 4817//8280 4779//8280 4781//8280
f 4819//8281 4766//8281 4765//8281
f 4819//8282 4765//8282 4818//8282
f 4818//8283 4765//8283 4760//8283
f 4818//8284 4760//8284 4761//8284
f 4820//8285 4764//8285 4763//8285
f 4820//8286 4763//8286 4819//8286
f 4819//8287 4763//8287 4767//8287
f 4819//8288 4767//8288 4766//8288
f 4764//8289 4820//8289 4768//8289
f 4768//8290 4820//8290 4821//8290
f 4768//8291 4821//8291 4769//8291
f 4769//8292 4821//8292 4822//8292
f 4823//8293 4771//8293 4822//8293
f 4822//8294 4771//8294 4770//8294
f 4822//8295 4770//8295 4769//8295
f 4824//8296 4773//8296 4823//8296
f 4823//8297 4773//8297 4772//8297
f 4823//8298 4772//8298 4771//8298
f 4825//8299 4775//8299 4824//8299
f 4824//8300 4775//8300 4774//8300
f 4824//8301 4774//8301 4773//8301
f 3080//8302 4778//8302 4826//8302
f 4826//8303 4778//8303 4777//8303
f 4826//8304 4777//8304 4825//8304
f 4825//8305 4777//8305 4776//8305
f 4825//8306 4776//8306 4775//8306
f 3084//8307 3082//8307 4827//8307
f 4827//8308 3082//8308 3081//8308
f 4827//8309 3081//8309 4826//8309
f 4826//8310 3081//8310 3079//8310
f 4826//8311 3079//8311 3080//8311
f 3084//8312 4827//8312 3085//8312
f 3085//8313 4827//8313 4828//8313
f 3085//8314 4828//8314 3086//8314
f 3086//8315 4828//8315 4814//8315
f 3086//8316 4814//8316 3087//8316
f 4829//352 4821//352 4830//352
f 4830//352 4821//352 4820//352
f 4830//352 4820//352 4831//352
f 4831//352 4820//352 4819//352
f 4831//352 4819//352 4832//352
f 4819//352 4818//352 4832//352
f 4832//352 4818//352 4817//352
f 4832//352 4817//352 4833//352
f 4833//352 4817//352 4816//352
f 4833//352 4816//352 4834//352
f 4834//352 4816//352 4815//352
f 4834//352 4815//352 4835//352
f 4815//352 4814//352 4835//352
f 4835//352 4814//352 4828//352
f 4835//352 4828//352 4836//352
f 4836//352 4828//352 4827//352
f 4836//352 4827//352 4837//352
f 4837//352 4827//352 4826//352
f 4837//352 4826//352 4838//352
f 4838//352 4826//352 4825//352
f 4838//352 4825//352 4839//352
f 4839//352 4825//352 4824//352
f 4839//352 4824//352 4840//352
f 4840//352 4824//352 4823//352
f 4840//352 4823//352 4829//352
f 4829//352 4823//352 4822//352
f 4829//352 4822//352 4821//352
f 4841//372 4842//372 4843//372
f 4844//372 4845//372 4846//372
f 4847//372 4848//372 4849//372
f 4849//372 4850//372 4847//372
f 4847//372 4850//372 4851//372
f 4847//372 4851//372 4845//372
f 4845//372 4851//372 4852//372
f 4845//372 4852//372 4846//372
f 4846//372 4853//372 4844//372
f 4844//372 4853//372 4854//372
f 4844//372 4854//372 4842//372
f 4842//372 4854//372 4855//372
f 4842//372 4855//372 4843//372
f 4843//372 4856//372 4841//372
f 4841//372 4856//372 4857//372
f 4841//372 4857//372 4848//372
f 4848//372 4857//372 4858//372
f 4848//372 4858//372 4849//372
f 4841//5548 4859//5548 4842//5548
f 4842//5548 4859//5548 4860//5548
f 4842//5548 4860//5548 4861//5548
f 4862//5549 4844//5549 4863//5549
f 4863//5549 4844//5549 4842//5549
f 4863//5549 4842//5549 4861//5549
f 4864//5550 4845//5550 4865//5550
f 4865//5550 4845//5550 4844//5550
f 4865//5550 4844//5550 4862//5550
f 4866//5551 4847//5551 4867//5551
f 4867//5551 4847//5551 4845//5551
f 4867//5551 4845//5551 4864//5551
f 4847//5552 4866//5552 4848//5552
f 4848//5552 4866//5552 4868//5552
f 4848//5552 4868//5552 4869//5552
f 4848//5553 4869//5553 4841//5553
f 4841//5553 4869//5553 4870//5553
f 4841//5553 4870//5553 4859//5553
f 4871//8317 4872//8317 4873//8317
f 3704//8318 1603//8318 1602//8318
f 4108//8319 4107//8319 4874//8319
f 4105//8320 350//8320 4094//8320
f 4094//8321 350//8321 349//8321
f 4094//8322 349//8322 4097//8322
f 4875//8323 347//8323 4876//8323
f 4876//8324 347//8324 364//8324
f 4876//8325 364//8325 361//8325
f 4874//8326 357//8326 356//8326
f 4108//8327 4874//8327 4100//8327
f 4100//8328 4874//8328 356//8328
f 4100//8329 356//8329 4102//8329
f 4102//8330 356//8330 352//8330
f 4102//8331 352//8331 4104//8331
f 4104//8332 352//8332 351//8332
f 4104//8333 351//8333 4105//8333
f 4105//8334 351//8334 354//8334
f 4105//8335 354//8335 350//8335
f 357//8336 4874//8336 360//8336
f 360//8337 4874//8337 4877//8337
f 360//8338 4877//8338 358//8338
f 358//8339 4877//8339 4878//8339
f 358//8340 4878//8340 363//8340
f 4866//8341 4867//8341 443//8341
f 443//8342 4867//8342 4864//8342
f 443//8343 4864//8343 447//8343
f 4864//8344 4865//8344 447//8344
f 447//8345 4865//8345 4862//8345
f 447//8346 4862//8346 448//8346
f 448//8347 4862//8347 4863//8347
f 448//8348 4863//8348 4152//8348
f 4879//8349 443//8349 4880//8349
f 4880//8350 443//8350 442//8350
f 4879//8351 4881//8351 443//8351
f 443//8352 4881//8352 4882//8352
f 443//8353 4882//8353 4866//8353
f 4866//8354 4882//8354 4883//8354
f 4883//8355 4884//8355 4866//8355
f 4866//8356 4884//8356 4885//8356
f 4866//8357 4885//8357 4868//8357
f 4868//8358 4885//8358 4886//8358
f 4868//8359 4886//8359 4877//8359
f 4107//8360 4106//8360 4861//8360
f 4861//8361 4106//8361 4150//8361
f 4861//8362 4150//8362 4863//8362
f 4863//8363 4150//8363 4151//8363
f 4863//8364 4151//8364 4152//8364
f 4861//8365 4860//8365 4107//8365
f 4107//8366 4860//8366 4859//8366
f 4107//8367 4859//8367 4874//8367
f 4874//8368 4859//8368 4870//8368
f 4874//8369 4870//8369 4877//8369
f 4877//8370 4870//8370 4869//8370
f 4877//8371 4869//8371 4868//8371
f 3704//8372 1602//8372 3702//8372
f 3702//8373 1602//8373 4887//8373
f 4887//8374 1602//8374 1605//8374
f 4887//8375 1605//8375 4888//8375
f 4888//8376 1605//8376 4889//8376
f 4889//8377 1605//8377 1607//8377
f 4889//8378 1607//8378 4890//8378
f 1624//8379 1623//8379 4891//8379
f 4891//8380 1623//8380 1622//8380
f 4891//8381 1622//8381 1621//8381
f 4890//8382 1607//8382 4891//8382
f 4891//8383 1607//8383 1625//8383
f 4891//8384 1625//8384 1624//8384
f 1621//8385 1626//8385 4891//8385
f 4891//8386 1626//8386 1629//8386
f 4891//8387 1629//8387 4892//8387
f 4892//8388 1629//8388 1628//8388
f 4892//8389 1628//8389 4893//8389
f 1628//8390 1633//8390 4893//8390
f 4893//8391 1633//8391 1634//8391
f 4893//8392 1634//8392 4894//8392
f 4894//8393 1634//8393 1636//8393
f 4894//8394 1636//8394 4895//8394
f 4895//8395 1636//8395 1639//8395
f 4896//8396 4897//8396 1662//8396
f 1662//8397 4897//8397 4895//8397
f 1662//8398 4895//8398 1644//8398
f 1644//8399 4895//8399 1639//8399
f 1644//8400 1639//8400 1640//8400
f 4898//8401 4899//8401 4900//8401
f 4900//8402 4899//8402 4901//8402
f 4900//8403 4901//8403 4902//8403
f 4900//8404 4903//8404 4898//8404
f 4898//8405 4903//8405 4904//8405
f 4898//8406 4904//8406 4905//8406
f 4872//8407 4871//8407 4904//8407
f 4904//8408 4871//8408 4906//8408
f 4904//8409 4906//8409 4905//8409
f 4886//8410 4907//8410 4877//8410
f 4877//8411 4907//8411 4908//8411
f 4877//8412 4908//8412 4878//8412
f 4878//8413 4908//8413 4909//8413
f 4878//8414 4909//8414 363//8414
f 363//8415 4909//8415 4910//8415
f 363//8416 4910//8416 361//8416
f 4875//8417 4911//8417 1654//8417
f 349//8418 347//8418 4097//8418
f 4097//8419 347//8419 4875//8419
f 4097//8420 4875//8420 4098//8420
f 4098//8421 4875//8421 1654//8421
f 1662//8422 1665//8422 4896//8422
f 4896//8423 1665//8423 1664//8423
f 4896//8424 1664//8424 4912//8424
f 4912//8425 1664//8425 1663//8425
f 4912//8426 1663//8426 4911//8426
f 4911//8427 1663//8427 1655//8427
f 4911//8428 1655//8428 1654//8428
f 4910//8429 4913//8429 361//8429
f 361//8430 4913//8430 4873//8430
f 361//8431 4873//8431 4876//8431
f 4876//8432 4873//8432 4872//8432
f 4876//8433 4872//8433 4875//8433
f 4875//8434 4872//8434 4904//8434
f 4875//8435 4904//8435 4911//8435
f 4911//8436 4904//8436 4903//8436
f 4911//8437 4903//8437 4912//8437
f 4912//8438 4903//8438 4900//8438
f 4912//8439 4900//8439 4896//8439
f 4896//8440 4900//8440 4902//8440
f 4676//8441 4914//8441 4677//8441
f 4914//8442 4915//8442 4677//8442
f 4677//8443 4915//8443 4916//8443
f 4677//8444 4916//8444 4678//8444
f 4678//8445 4916//8445 4917//8445
f 4678//8446 4917//8446 4680//8446
f 4680//8447 4917//8447 4918//8447
f 4680//8448 4918//8448 4675//8448
f 4675//8449 4918//8449 4919//8449
f 4675//8450 4919//8450 4670//8450
f 4670//8451 4919//8451 4920//8451
f 4670//8452 4920//8452 4669//8452
f 4669//8453 4920//8453 4921//8453
f 4669//8454 4921//8454 4668//8454
f 4668//8455 4921//8455 4922//8455
f 4668//8456 4922//8456 4671//8456
f 4671//8457 4922//8457 4672//8457
f 4672//8458 4922//8458 4923//8458
f 4672//8459 4923//8459 4667//8459
f 4667//8460 4923//8460 4924//8460
f 4667//8461 4924//8461 4666//8461
f 4666//8462 4924//8462 4925//8462
f 4666//8463 4925//8463 4926//8463
f 4659//8464 4927//8464 4656//8464
f 4656//8465 4927//8465 4928//8465
f 4656//8466 4928//8466 4655//8466
f 4655//8467 4928//8467 3574//8467
f 4655//8468 3574//8468 3573//8468
f 3569//8469 3574//8469 3567//8469
f 3567//8470 3574//8470 4928//8470
f 3567//8471 4928//8471 3565//8471
f 3565//8472 4928//8472 3563//8472
f 3555//8473 3556//8473 3560//8473
f 3555//8474 3560//8474 4929//8474
f 3540//8475 4930//8475 3539//8475
f 3539//8476 4930//8476 4931//8476
f 3539//8477 4931//8477 4932//8477
f 4932//8478 4931//8478 4933//8478
f 4932//8479 4933//8479 4934//8479
f 4934//8480 4933//8480 4935//8480
f 4935//8481 4933//8481 4936//8481
f 4935//8482 4936//8482 4937//8482
f 4937//8483 4936//8483 4938//8483
f 4937//8484 4938//8484 4939//8484
f 4939//8485 4938//8485 4940//8485
f 4939//8486 4940//8486 4941//8486
f 4941//8487 4940//8487 4942//8487
f 4941//8488 4942//8488 4943//8488
f 4942//8489 4944//8489 4943//8489
f 4943//8490 4944//8490 4945//8490
f 4943//8491 4945//8491 4946//8491
f 4946//8492 4945//8492 4947//8492
f 4946//8493 4947//8493 4948//8493
f 4948//8494 4947//8494 4949//8494
f 4948//8495 4949//8495 4950//8495
f 4950//8496 4949//8496 4695//8496
f 4695//8497 4949//8497 4951//8497
f 4695//8498 4951//8498 4696//8498
f 4929//8499 4952//8499 4953//8499
f 4953//8500 4952//8500 4954//8500
f 4676//8501 4696//8501 4914//8501
f 4914//8502 4696//8502 4951//8502
f 4914//8503 4951//8503 4915//8503
f 4915//8504 4951//8504 4949//8504
f 4915//8505 4949//8505 4916//8505
f 4916//8506 4949//8506 4947//8506
f 4916//8507 4947//8507 4917//8507
f 4917//8508 4947//8508 4945//8508
f 4917//8509 4945//8509 4918//8509
f 4918//8510 4945//8510 4944//8510
f 4918//8511 4944//8511 4919//8511
f 4919//8512 4944//8512 4942//8512
f 4919//8513 4942//8513 4920//8513
f 4920//8514 4942//8514 4940//8514
f 4920//8515 4940//8515 4921//8515
f 4921//8516 4940//8516 4938//8516
f 4921//8517 4938//8517 4922//8517
f 4922//8518 4938//8518 4936//8518
f 4922//8519 4936//8519 4923//8519
f 4923//8520 4936//8520 4933//8520
f 4923//8521 4933//8521 4924//8521
f 4924//8522 4933//8522 4931//8522
f 4924//8523 4931//8523 4925//8523
f 4925//8524 4931//8524 4930//8524
f 3560//8525 3561//8525 4929//8525
f 4929//8526 3561//8526 3563//8526
f 4929//8527 3563//8527 4952//8527
f 4952//8528 3563//8528 4928//8528
f 4952//8529 4928//8529 4954//8529
f 4954//8530 4928//8530 4927//8530
f 3542//8531 3555//8531 3541//8531
f 3541//8532 3555//8532 4929//8532
f 3541//8533 4929//8533 3540//8533
f 3540//8534 4929//8534 4953//8534
f 3540//8535 4953//8535 4930//8535
f 4930//8536 4953//8536 4954//8536
f 4930//8537 4954//8537 4925//8537
f 4925//8538 4954//8538 4927//8538
f 4925//8539 4927//8539 4926//8539
f 4926//8540 4927//8540 4659//8540
f 4926//8541 4659//8541 4666//8541
f 3505//8542 3507//8542 4935//8542
f 4935//8543 3507//8543 3508//8543
f 4935//8544 3508//8544 3510//8544
f 3515//8545 3517//8545 3513//8545
f 3513//8546 3517//8546 4935//8546
f 3513//8547 4935//8547 3511//8547
f 3511//8548 4935//8548 3510//8548
f 3517//8549 3521//8549 4935//8549
f 4935//8550 3521//8550 3522//8550
f 4935//8551 3522//8551 4934//8551
f 3522//8552 3528//8552 4934//8552
f 4934//8553 3528//8553 3527//8553
f 4934//8554 3527//8554 4932//8554
f 3527//8555 3525//8555 4932//8555
f 4932//8556 3525//8556 3524//8556
f 4932//8557 3524//8557 3539//8557
f 3539//8558 3524//8558 3531//8558
f 3539//8559 3531//8559 3534//8559
f 330//8560 325//8560 4711//8560
f 4711//8561 325//8561 4705//8561
f 4705//8562 325//8562 323//8562
f 4705//8563 323//8563 4703//8563
f 323//8564 321//8564 4703//8564
f 4703//8565 321//8565 320//8565
f 4703//8566 320//8566 4701//8566
f 4701//8567 320//8567 318//8567
f 318//8568 316//8568 4701//8568
f 4701//8569 316//8569 315//8569
f 4701//8570 315//8570 4698//8570
f 3490//8571 4948//8571 3491//8571
f 3491//8572 4948//8572 4950//8572
f 3491//8573 4950//8573 315//8573
f 315//8574 4950//8574 4695//8574
f 315//8575 4695//8575 4698//8575
f 3490//8576 3493//8576 4948//8576
f 4948//8577 3493//8577 3495//8577
f 4948//8578 3495//8578 4946//8578
f 4946//8579 3495//8579 3497//8579
f 4946//8580 3497//8580 4943//8580
f 4943//8581 3497//8581 3499//8581
f 4943//8582 3499//8582 4941//8582
f 4941//8583 3499//8583 3501//8583
f 4941//8584 3501//8584 4939//8584
f 4939//8585 3501//8585 3505//8585
f 4939//8586 3505//8586 4937//8586
f 4937//8587 3505//8587 4935//8587
f 4716//8588 4718//8588 4955//8588
f 4955//8589 4956//8589 4716//8589
f 4716//8590 4956//8590 4957//8590
f 4716//8591 4957//8591 4714//8591
f 4957//8592 4958//8592 4714//8592
f 4714//8593 4958//8593 4959//8593
f 4714//8594 4959//8594 4707//8594
f 4707//8595 4959//8595 4960//8595
f 4707//8596 4960//8596 4961//8596
f 4711//8597 4709//8597 330//8597
f 330//8598 4709//8598 4707//8598
f 330//8599 4707//8599 328//8599
f 328//8600 4707//8600 343//8600
f 338//8601 340//8601 4707//8601
f 4707//8602 340//8602 342//8602
f 4707//8603 342//8603 343//8603
f 335//8604 338//8604 332//8604
f 332//8605 338//8605 4707//8605
f 332//8606 4707//8606 344//8606
f 344//8607 4707//8607 4961//8607
f 315//365 314//365 3491//365
f 3491//365 314//365 3492//365
f 3252//8608 3253//8608 345//8608
f 3398//8609 3494//8609 3400//8609
f 3400//8610 3494//8610 3492//8610
f 3400//8611 3492//8611 3390//8611
f 3263//8612 3265//8612 314//8612
f 314//8613 3265//8613 3267//8613
f 314//8614 3267//8614 3492//8614
f 3492//8615 3267//8615 3269//8615
f 3492//8616 3269//8616 3390//8616
f 3520//8617 3516//8617 3504//8617
f 3504//8618 3516//8618 3518//8618
f 3504//8619 3518//8619 3519//8619
f 3519//8620 3514//8620 3504//8620
f 3504//8621 3514//8621 3512//8621
f 3504//8622 3512//8622 3506//8622
f 3506//8623 3512//8623 3509//8623
f 3529//8624 3526//8624 3408//8624
f 3408//8625 3526//8625 3523//8625
f 3408//8626 3523//8626 3403//8626
f 3403//8627 3523//8627 3520//8627
f 3403//8628 3520//8628 3404//8628
f 3404//8629 3520//8629 3504//8629
f 3404//8630 3504//8630 3405//8630
f 3405//8631 3504//8631 3500//8631
f 3405//8632 3500//8632 3392//8632
f 3392//8633 3500//8633 3502//8633
f 3392//8634 3502//8634 3394//8634
f 3394//8635 3502//8635 3503//8635
f 3394//8636 3503//8636 3396//8636
f 3396//8637 3503//8637 3498//8637
f 3396//8638 3498//8638 3398//8638
f 3398//8639 3498//8639 3496//8639
f 3398//8640 3496//8640 3494//8640
f 3409//8641 3411//8641 3489//8641
f 3489//8642 3533//8642 3409//8642
f 3409//8643 3533//8643 3532//8643
f 3409//8644 3532//8644 3408//8644
f 3408//8645 3532//8645 3530//8645
f 3408//8646 3530//8646 3529//8646
f 345//8647 3253//8647 333//8647
f 341//8648 339//8648 329//8648
f 329//8649 339//8649 337//8649
f 329//8650 337//8650 331//8650
f 331//8651 337//8651 336//8651
f 331//8652 336//8652 334//8652
f 334//8653 333//8653 331//8653
f 331//8654 333//8654 3253//8654
f 331//8655 3253//8655 326//8655
f 326//8656 3253//8656 3255//8656
f 326//8657 3255//8657 327//8657
f 327//8658 3255//8658 3257//8658
f 327//8659 3257//8659 324//8659
f 324//8660 3257//8660 3259//8660
f 324//8661 3259//8661 322//8661
f 322//8662 3259//8662 3261//8662
f 322//8663 3261//8663 319//8663
f 319//8664 3261//8664 3263//8664
f 319//8665 3263//8665 317//8665
f 317//8666 3263//8666 314//8666
f 3252//8667 345//8667 3248//8667
f 3248//8668 345//8668 4962//8668
f 3248//8669 4962//8669 4963//8669
f 4963//8670 4964//8670 3248//8670
f 3248//8671 4964//8671 4965//8671
f 3248//8672 4965//8672 3249//8672
f 610//8673 609//8673 4966//8673
f 4966//8674 609//8674 3249//8674
f 4966//8675 3249//8675 4967//8675
f 4967//8676 3249//8676 4965//8676
f 345//8677 344//8677 4961//8677
f 345//8678 4961//8678 4962//8678
f 4961//8679 4960//8679 4962//8679
f 4962//8680 4960//8680 4959//8680
f 4962//357 4959//357 4963//357
f 4963//8681 4959//8681 4958//8681
f 4963//8682 4958//8682 4964//8682
f 4964//8683 4958//8683 4957//8683
f 4964//8684 4957//8684 4965//8684
f 4965//8685 4957//8685 4967//8685
f 4967//8686 4957//8686 4956//8686
f 4967//8687 4956//8687 4966//8687
f 4968//352 620//352 4969//352
f 4969//352 620//352 616//352
f 4966//352 4956//352 610//352
f 610//352 4956//352 4955//352
f 610//352 4955//352 612//352
f 612//352 4955//352 4970//352
f 612//352 4970//352 616//352
f 616//352 4970//352 4971//352
f 616//352 4971//352 4969//352
f 4972//8688 4968//8688 4969//8688
f 3110//8689 3109//8689 4973//8689
f 4973//8690 4972//8690 3110//8690
f 3110//8691 4972//8691 4969//8691
f 3110//8692 4969//8692 3111//8692
f 3111//8693 4969//8693 4971//8693
f 4721//5438 3104//5438 4970//5438
f 4970//8694 3104//8694 3103//8694
f 4970//8695 3103//8695 4971//8695
f 4971//8696 3103//8696 3108//8696
f 4971//8697 3108//8697 3111//8697
f 4955//8698 4718//8698 4970//8698
f 4970//8699 4718//8699 4720//8699
f 4970//8700 4720//8700 4721//8700
f 3146//8701 4974//8701 3113//8701
f 3113//8702 4974//8702 3106//8702
f 3106//8703 4974//8703 3107//8703
f 3107//8704 4974//8704 4973//8704
f 3107//8705 4973//8705 3109//8705
f 3146//8706 3148//8706 4974//8706
f 4974//8706 3148//8706 4975//8706
f 4974//8706 4975//8706 4973//8706
f 4973//8706 4975//8706 623//8706
f 4973//8706 623//8706 4972//8706
f 4972//8706 623//8706 622//8706
f 4972//8706 622//8706 4968//8706
f 4968//8706 622//8706 620//8706
f 624//548 623//548 4975//548
f 3236//8707 624//8707 3118//8707
f 3118//8708 624//8708 4975//8708
f 3118//550 4975//550 3148//550
f 3316//8709 3315//8709 4976//8709
f 642//8710 643//8710 3320//8710
f 3320//8711 643//8711 3196//8711
f 3320//8712 3196//8712 3319//8712
f 3319//8713 3196//8713 3197//8713
f 3319//8714 3197//8714 3201//8714
f 3201//8715 3200//8715 3319//8715
f 3319//8716 3200//8716 3199//8716
f 3319//8717 3199//8717 3198//8717
f 3198//8718 3353//8718 3458//8718
f 3458//8719 3353//8719 3352//8719
f 3350//8720 659//8720 645//8720
f 3352//8721 3351//8721 3458//8721
f 3458//8722 3351//8722 3350//8722
f 3458//8723 3350//8723 3448//8723
f 3448//8724 3350//8724 645//8724
f 3362//8725 3453//8725 4977//8725
f 3458//8726 3484//8726 4977//8726
f 4977//8727 3484//8727 3361//8727
f 4977//8728 3361//8728 3362//8728
f 3453//8729 3454//8729 4977//8729
f 4977//8730 3454//8730 3317//8730
f 4977//8731 3317//8731 3318//8731
f 3315//8732 3202//8732 4976//8732
f 4976//8733 3202//8733 3204//8733
f 4976//8734 3204//8734 3319//8734
f 3198//8735 3458//8735 3319//8735
f 3319//8736 3458//8736 4977//8736
f 3319//8737 4977//8737 4976//8737
f 4976//8738 4977//8738 3318//8738
f 4976//8739 3318//8739 3316//8739
f 3446//8740 3444//8740 4978//8740
f 4978//8741 3444//8741 3356//8741
f 4978//8742 3356//8742 3355//8742
f 4978//8743 4979//8743 3446//8743
f 3446//8744 4979//8744 4980//8744
f 3446//8745 4980//8745 3447//8745
f 3447//8746 4980//8746 4981//8746
f 4982//8747 3437//8747 4983//8747
f 4983//8748 3437//8748 3436//8748
f 4983//8749 3436//8749 4984//8749
f 4984//8750 3436//8750 3435//8750
f 4984//8751 3435//8751 4985//8751
f 4985//8752 3435//8752 3357//8752
f 4985//8753 3357//8753 4986//8753
f 4986//8754 3357//8754 3442//8754
f 4986//8755 3442//8755 4987//8755
f 4987//8756 3442//8756 3441//8756
f 4987//8757 3441//8757 4981//8757
f 4981//8758 3441//8758 3439//8758
f 4981//8759 3439//8759 3447//8759
f 3431//8760 3430//8760 4988//8760
f 4988//8761 3430//8761 3429//8761
f 4988//8762 3429//8762 4989//8762
f 4989//8763 3429//8763 3434//8763
f 4989//8764 3434//8764 4982//8764
f 4982//8765 3434//8765 3433//8765
f 4982//8766 3433//8766 3437//8766
f 607//8767 606//8767 4990//8767
f 4990//8768 606//8768 3427//8768
f 4990//8769 3427//8769 4991//8769
f 4991//8770 3427//8770 3431//8770
f 4991//8771 3431//8771 4992//8771
f 4992//8772 3431//8772 4988//8772
f 3217//8773 3216//8773 3168//8773
f 3168//8774 3216//8774 3116//8774
f 3116//8775 3216//8775 3221//8775
f 3116//8776 3221//8776 3117//8776
f 3117//8777 3221//8777 3209//8777
f 3117//8778 3209//8778 3142//8778
f 3142//8779 3209//8779 3208//8779
f 3142//8780 3208//8780 3140//8780
f 3140//8781 3208//8781 3222//8781
f 3140//8782 3222//8782 3137//8782
f 3137//8783 3222//8783 3224//8783
f 3137//8784 3224//8784 3136//8784
f 3136//8785 3224//8785 3226//8785
f 3136//8786 3226//8786 3134//8786
f 3134//8787 3226//8787 3227//8787
f 3134//8788 3227//8788 3131//8788
f 3227//8789 3229//8789 3131//8789
f 3131//8790 3229//8790 3231//8790
f 3131//8791 3231//8791 3130//8791
f 3130//8792 3231//8792 3235//8792
f 3130//8793 3235//8793 3128//8793
f 3128//8794 3235//8794 3234//8794
f 3128//8795 3234//8795 3126//8795
f 3234//8796 3233//8796 3126//8796
f 3126//8797 3233//8797 3241//8797
f 3126//8798 3241//8798 3124//8798
f 3124//8799 3241//8799 3240//8799
f 3124//8800 3240//8800 3122//8800
f 3122//8801 3240//8801 3238//8801
f 3122//8802 3238//8802 3120//8802
f 3120//8803 3238//8803 3236//8803
f 3120//8804 3236//8804 3118//8804
f 3167//8805 3220//8805 3168//8805
f 3168//8806 3220//8806 3219//8806
f 3168//8807 3219//8807 3217//8807
f 4993//8808 4988//8808 4994//8808
f 4994//8809 4988//8809 4989//8809
f 4994//8810 4989//8810 4995//8810
f 4996//8811 607//8811 4997//8811
f 4997//8812 607//8812 4990//8812
f 4997//8813 4990//8813 4998//8813
f 4998//8814 4990//8814 4991//8814
f 4998//8815 4991//8815 4993//8815
f 4993//8816 4991//8816 4992//8816
f 4993//8817 4992//8817 4988//8817
f 4995//8818 4989//8818 4999//8818
f 4999//8819 4989//8819 4982//8819
f 4999//8820 4982//8820 5000//8820
f 5000//8821 4982//8821 4983//8821
f 5000//8822 4983//8822 5001//8822
f 5001//8823 4983//8823 4984//8823
f 5001//8824 4984//8824 4985//8824
f 4986//8825 5002//8825 4985//8825
f 4985//8826 5002//8826 5003//8826
f 4985//8827 5003//8827 5001//8827
f 4987//8828 5004//8828 4986//8828
f 4986//8829 5004//8829 5005//8829
f 4986//8830 5005//8830 5002//8830
f 4987//8831 4981//8831 5004//8831
f 5004//8832 4981//8832 4980//8832
f 5004//8833 4980//8833 5006//8833
f 4979//8834 5007//8834 4980//8834
f 4980//8835 5007//8835 5008//8835
f 4980//8836 5008//8836 5006//8836
f 607//4749 4996//4749 608//4749
f 608//8837 4996//8837 5009//8837
f 608//8837 5009//8837 3551//8837
f 3551//4749 5009//4749 5010//4749
f 3551//4749 5010//4749 3554//4749
f 719//8838 3150//8838 721//8838
f 721//8839 3150//8839 5011//8839
f 721//8840 5011//8840 722//8840
f 5012//8841 5013//8841 3558//8841
f 3558//8842 3559//8842 5012//8842
f 5012//8843 3559//8843 3554//8843
f 5012//8844 3554//8844 5010//8844
f 293//8845 5013//8845 295//8845
f 295//8846 5013//8846 5012//8846
f 295//8847 5012//8847 296//8847
f 296//8848 5012//8848 5014//8848
f 296//8849 5014//8849 287//8849
f 287//8850 5014//8850 5015//8850
f 287//8851 5015//8851 288//8851
f 288//8852 5015//8852 290//8852
f 5002//8853 274//8853 5003//8853
f 5003//8854 274//8854 284//8854
f 5003//8855 284//8855 5001//8855
f 5001//8856 284//8856 286//8856
f 5001//8857 286//8857 5000//8857
f 5002//8858 5005//8858 274//8858
f 274//8859 5005//8859 5004//8859
f 274//8860 5004//8860 270//8860
f 270//8861 5004//8861 5006//8861
f 270//8862 5006//8862 271//8862
f 271//8863 5006//8863 5008//8863
f 271//8864 5008//8864 266//8864
f 286//8865 291//8865 5000//8865
f 5000//8866 291//8866 290//8866
f 5000//8867 290//8867 4999//8867
f 4999//8868 290//8868 5015//8868
f 4999//8869 5015//8869 4995//8869
f 4995//8870 5015//8870 5014//8870
f 4995//8871 5014//8871 4994//8871
f 4994//8872 5014//8872 4993//8872
f 4993//8873 5014//8873 5012//8873
f 4993//8874 5012//8874 4998//8874
f 5012//8875 5010//8875 4998//8875
f 4998//8876 5010//8876 5009//8876
f 4998//8877 5009//8877 4997//8877
f 4997//8878 5009//8878 4996//8878
f 710//372 5016//372 711//372
f 711//372 5016//372 278//372
f 711//372 278//372 267//372
f 266//8879 5008//8879 638//8879
f 638//372 5008//372 5007//372
f 638//8880 637//8880 266//8880
f 266//8881 637//8881 690//8881
f 266//8882 690//8882 267//8882
f 720//372 711//372 678//372
f 678//372 711//372 267//372
f 678//372 267//372 680//372
f 680//372 267//372 690//372
f 4979//372 4978//372 5007//372
f 5007//372 4978//372 3355//372
f 5007//372 3355//372 638//372
f 638//372 3355//372 3354//372
f 638//372 3354//372 639//372
f 305//372 303//372 5017//372
f 5017//372 303//372 299//372
f 5017//372 299//372 5018//372
f 5018//372 299//372 294//372
f 5018//372 294//372 5019//372
f 5019//372 294//372 289//372
f 5019//372 289//372 5020//372
f 5020//372 289//372 285//372
f 5020//372 285//372 5021//372
f 5021//372 285//372 275//372
f 5021//372 275//372 5022//372
f 5022//372 275//372 283//372
f 5022//372 283//372 5023//372
f 5023//372 283//372 267//372
f 5023//372 267//372 5024//372
f 5024//372 267//372 278//372
f 5024//372 278//372 5025//372
f 5025//372 278//372 277//372
f 5025//372 277//372 5026//372
f 5026//372 277//372 281//372
f 5026//372 281//372 5027//372
f 5027//372 281//372 308//372
f 5027//372 308//372 5028//372
f 5028//372 308//372 305//372
f 5028//372 305//372 5017//372
f 5029//8883 166//8883 160//8883
f 5029//4798 160//4798 5030//4798
f 5030//4798 160//4798 159//4798
f 5030//4798 159//4798 157//4798
f 153//4799 5031//4799 155//4799
f 155//4799 5031//4799 5030//4799
f 155//4799 5030//4799 157//4799
f 5031//4800 153//4800 5032//4800
f 5032//4800 153//4800 211//4800
f 5032//4800 211//4800 210//4800
f 208//8884 5033//8884 207//8884
f 207//4801 5033//4801 5032//4801
f 207//4801 5032//4801 210//4801
f 5034//352 5030//352 5031//352
f 5033//352 5035//352 5036//352
f 5036//352 5037//352 5033//352
f 5033//352 5037//352 5038//352
f 5033//352 5038//352 5032//352
f 5029//352 5039//352 5035//352
f 5035//352 5039//352 5040//352
f 5035//352 5040//352 5036//352
f 5038//352 5041//352 5032//352
f 5032//352 5041//352 5042//352
f 5032//352 5042//352 5031//352
f 5031//352 5042//352 5043//352
f 5031//352 5043//352 5034//352
f 5034//352 5044//352 5030//352
f 5030//352 5044//352 5045//352
f 5030//352 5045//352 5029//352
f 5029//352 5045//352 5046//352
f 5029//352 5046//352 5039//352
f 167//4802 5035//4802 204//4802
f 204//4802 5035//4802 5033//4802
f 204//4802 5033//4802 208//4802
f 167//4804 166//4804 5035//4804
f 5035//4804 166//4804 5029//4804
f 5047//8885 5048//8885 3282//8885
f 3282//8886 5048//8886 5049//8886
f 3282//8887 5049//8887 3273//8887
f 3273//8888 5049//8888 5050//8888
f 3273//8889 5050//8889 3275//8889
f 3275//8890 5050//8890 5051//8890
f 3275//8891 5051//8891 3270//8891
f 3270//8892 5051//8892 5052//8892
f 3270//8893 5052//8893 264//8893
f 264//8894 5052//8894 265//8894
f 5047//8895 3282//8895 5053//8895
f 5053//8896 3282//8896 3281//8896
f 5053//8897 3281//8897 5054//8897
f 5054//8898 3281//8898 5055//8898
f 5055//8899 3281//8899 3279//8899
f 5055//8900 3279//8900 5056//8900
f 5056//8901 3279//8901 3278//8901
f 5056//8902 3278//8902 5057//8902
f 5057//8903 3278//8903 3283//8903
f 5057//8904 3283//8904 5058//8904
f 3289//8905 5059//8905 3287//8905
f 3287//8906 5059//8906 5058//8906
f 3287//8907 5058//8907 3285//8907
f 3285//8908 5058//8908 3283//8908
f 3291//8909 5060//8909 3289//8909
f 3289//8910 5060//8910 5061//8910
f 3289//8911 5061//8911 5059//8911
f 5062//8912 5063//8912 3295//8912
f 3295//8913 5063//8913 5064//8913
f 3295//8914 5064//8914 3293//8914
f 3293//8915 5064//8915 5065//8915
f 3293//8916 5065//8916 3291//8916
f 3291//8917 5065//8917 5066//8917
f 3291//8918 5066//8918 5060//8918
f 3300//8919 3301//8919 82//8919
f 3295//8920 3297//8920 5062//8920
f 5062//8921 3297//8921 3298//8921
f 5062//8922 3298//8922 5067//8922
f 5067//8923 3298//8923 3300//8923
f 5067//8924 3300//8924 5068//8924
f 5068//8925 3300//8925 82//8925
f 3301//8926 3205//8926 82//8926
f 82//8927 3205//8927 3302//8927
f 82//8928 3302//8928 83//8928
f 5069//8929 5070//8929 5071//8929
f 3760//8930 5072//8930 3755//8930
f 3579//8931 3615//8931 3578//8931
f 722//8932 5011//8932 5073//8932
f 5011//8933 3150//8933 4741//8933
f 726//8934 5074//8934 5075//8934
f 726//8935 5075//8935 712//8935
f 726//8936 725//8936 5074//8936
f 5074//8937 725//8937 724//8937
f 5074//8938 724//8938 5073//8938
f 5073//8939 724//8939 723//8939
f 5073//8940 723//8940 722//8940
f 5075//8941 5076//8941 712//8941
f 712//8942 5076//8942 5077//8942
f 712//8943 5077//8943 709//8943
f 709//8944 5077//8944 5078//8944
f 709//8945 5078//8945 710//8945
f 710//8946 5078//8946 5079//8946
f 710//8947 5079//8947 5016//8947
f 282//8948 276//8948 5079//8948
f 5079//8949 276//8949 278//8949
f 5079//8950 278//8950 5016//8950
f 5080//8951 311//8951 5081//8951
f 5081//8952 311//8952 280//8952
f 5081//8953 280//8953 5082//8953
f 5082//8954 280//8954 279//8954
f 5082//8955 279//8955 282//8955
f 5083//8956 313//8956 5080//8956
f 5080//8957 313//8957 312//8957
f 5080//8958 312//8958 311//8958
f 5084//8959 310//8959 5083//8959
f 5083//8960 310//8960 309//8960
f 5083//8961 309//8961 313//8961
f 297//8962 302//8962 5085//8962
f 5013//8963 293//8963 292//8963
f 292//8964 301//8964 5013//8964
f 5013//8965 301//8965 300//8965
f 5013//8966 300//8966 5085//8966
f 5085//8967 300//8967 298//8967
f 5085//8968 298//8968 297//8968
f 302//8969 304//8969 5085//8969
f 5085//8970 304//8970 307//8970
f 5085//8971 307//8971 5084//8971
f 5084//8972 307//8972 306//8972
f 5084//8973 306//8973 310//8973
f 5086//8974 3562//8974 3557//8974
f 3566//8975 3564//8975 5087//8975
f 3612//8976 3617//8976 3566//8976
f 3566//8977 3617//8977 3616//8977
f 3566//8978 3616//8978 3568//8978
f 3568//8979 3616//8979 3571//8979
f 3615//8980 3579//8980 3616//8980
f 3616//8981 3579//8981 3570//8981
f 3616//8982 3570//8982 3571//8982
f 3610//8983 5088//8983 3605//8983
f 3605//8984 5088//8984 5089//8984
f 3605//8985 5089//8985 3606//8985
f 3597//8986 3604//8986 4650//8986
f 3597//8987 4650//8987 3595//8987
f 3631//8988 3629//8988 4649//8988
f 4649//8989 3629//8989 3628//8989
f 4649//8990 3628//8990 4650//8990
f 4650//8991 3628//8991 3593//8991
f 4650//8992 3593//8992 3595//8992
f 3604//8993 3603//8993 4650//8993
f 4650//8994 3603//8994 5090//8994
f 5090//8995 3603//8995 3598//8995
f 5090//8996 3598//8996 3600//8996
f 3600//8997 3602//8997 5090//8997
f 5090//8998 3602//8998 3609//8998
f 5090//8999 3609//8999 5089//8999
f 5089//9000 3609//9000 3608//9000
f 5089//9001 3608//9001 3606//9001
f 3622//9002 3585//9002 3621//9002
f 3621//9003 3585//9003 3584//9003
f 3622//9004 3624//9004 3585//9004
f 3585//9005 3624//9005 3627//9005
f 3585//9006 3627//9006 4644//9006
f 4644//9007 3627//9007 3626//9007
f 4649//9008 4648//9008 3631//9008
f 3631//9009 4648//9009 4647//9009
f 3631//9010 4647//9010 3632//9010
f 3632//9011 4647//9011 4646//9011
f 3632//9012 4646//9012 3626//9012
f 3626//9013 4646//9013 4645//9013
f 3626//9014 4645//9014 4644//9014
f 540//9015 542//9015 5090//9015
f 5090//9016 542//9016 543//9016
f 5090//9017 543//9017 4650//9017
f 4650//9018 543//9018 545//9018
f 4650//9019 545//9019 546//9019
f 549//9020 3998//9020 550//9020
f 550//9021 3998//9021 4000//9021
f 550//9022 4000//9022 552//9022
f 552//9023 4000//9023 4604//9023
f 552//9024 4604//9024 553//9024
f 553//9025 4604//9025 4650//9025
f 553//9026 4650//9026 548//9026
f 548//9027 4650//9027 546//9027
f 549//9028 554//9028 3998//9028
f 3998//9029 554//9029 556//9029
f 3998//9030 556//9030 3770//9030
f 514//9031 520//9031 3757//9031
f 556//9032 557//9032 3770//9032
f 3770//9033 557//9033 559//9033
f 3770//9034 559//9034 3769//9034
f 3769//9035 559//9035 560//9035
f 3769//9036 560//9036 3757//9036
f 3757//9037 560//9037 515//9037
f 3757//9038 515//9038 514//9038
f 520//9039 519//9039 3757//9039
f 3757//9040 519//9040 518//9040
f 3757//9041 518//9041 3758//9041
f 3758//9042 518//9042 3760//9042
f 512//9043 511//9043 5091//9043
f 5091//9044 511//9044 521//9044
f 3755//9045 5072//9045 3749//9045
f 518//9046 512//9046 3760//9046
f 3760//9047 512//9047 5091//9047
f 3760//9048 5091//9048 5072//9048
f 5072//9049 5091//9049 5069//9049
f 5072//9050 5069//9050 3749//9050
f 3749//9051 5069//9051 3750//9051
f 5069//9052 5071//9052 3750//9052
f 3750//9053 5071//9053 5092//9053
f 3750//9054 5092//9054 3751//9054
f 3751//9055 5092//9055 5093//9055
f 3751//9056 5093//9056 3752//9056
f 3752//9057 5093//9057 5094//9057
f 3752//9058 5094//9058 3753//9058
f 3753//9059 5094//9059 5095//9059
f 5095//9060 5094//9060 5096//9060
f 5095//9061 5096//9061 5097//9061
f 5097//9062 5096//9062 5098//9062
f 5097//9063 5098//9063 5099//9063
f 5099//9064 5098//9064 5100//9064
f 5099//9065 5100//9065 5101//9065
f 5011//9066 4741//9066 5073//9066
f 5073//9067 4741//9067 4799//9067
f 5073//9068 4799//9068 4801//9068
f 5102//9069 535//9069 5103//9069
f 5103//9070 535//9070 537//9070
f 5103//9071 537//9071 539//9071
f 5104//9072 528//9072 529//9072
f 5104//9073 529//9073 5105//9073
f 529//9074 531//9074 5105//9074
f 5105//9075 531//9075 532//9075
f 5105//9076 532//9076 5102//9076
f 5102//9077 532//9077 534//9077
f 5102//9078 534//9078 535//9078
f 5106//9079 523//9079 5107//9079
f 5107//9080 523//9080 525//9080
f 5107//9081 525//9081 5104//9081
f 5104//9082 525//9082 526//9082
f 5104//9083 526//9083 528//9083
f 3564//9084 3562//9084 5087//9084
f 5087//9085 3562//9085 5086//9085
f 5087//9086 5086//9086 5108//9086
f 5109//9087 5107//9087 5110//9087
f 5110//9088 5107//9088 5104//9088
f 5110//9089 5104//9089 5111//9089
f 5111//9090 5104//9090 5105//9090
f 5111//9091 5105//9091 5112//9091
f 5112//9092 5105//9092 5102//9092
f 5112//9093 5102//9093 5113//9093
f 4800//9094 5101//9094 4801//9094
f 4801//9095 5101//9095 5100//9095
f 4801//9096 5100//9096 5073//9096
f 5073//9097 5100//9097 5098//9097
f 5073//9098 5098//9098 5074//9098
f 5074//9099 5098//9099 5096//9099
f 5074//9100 5096//9100 5075//9100
f 5075//9101 5096//9101 5094//9101
f 5075//9102 5094//9102 5076//9102
f 5076//9103 5094//9103 5093//9103
f 5076//9104 5093//9104 5077//9104
f 5077//9105 5093//9105 5092//9105
f 5077//9106 5092//9106 5078//9106
f 5078//9107 5092//9107 5071//9107
f 5078//9108 5071//9108 5079//9108
f 5079//9109 5071//9109 5070//9109
f 5082//9110 5109//9110 5081//9110
f 5081//9111 5109//9111 5110//9111
f 5081//9112 5110//9112 5080//9112
f 5080//9113 5110//9113 5111//9113
f 5080//9114 5111//9114 5083//9114
f 5083//9115 5111//9115 5112//9115
f 5083//9116 5112//9116 5084//9116
f 5084//9117 5112//9117 5113//9117
f 5084//9118 5113//9118 5085//9118
f 282//9119 5079//9119 5082//9119
f 5082//9120 5079//9120 5070//9120
f 5082//9121 5070//9121 5109//9121
f 5109//9122 5070//9122 5069//9122
f 5109//9123 5069//9123 5107//9123
f 5107//9124 5069//9124 5091//9124
f 5107//9125 5091//9125 5106//9125
f 5106//9126 5091//9126 521//9126
f 5106//9127 521//9127 523//9127
f 5108//9128 5089//9128 5087//9128
f 5087//9129 5089//9129 5088//9129
f 5087//9130 5088//9130 3566//9130
f 3566//9131 5088//9131 3610//9131
f 3566//9132 3610//9132 3612//9132
f 3558//9133 5013//9133 3557//9133
f 3557//9134 5013//9134 5085//9134
f 3557//9135 5085//9135 5086//9135
f 5086//9136 5085//9136 5113//9136
f 5086//9137 5113//9137 5108//9137
f 5108//9138 5113//9138 5102//9138
f 5108//9139 5102//9139 5089//9139
f 5089//9140 5102//9140 5103//9140
f 5089//9141 5103//9141 5090//9141
f 5090//9142 5103//9142 539//9142
f 5090//9143 539//9143 540//9143
f 1611//9144 3753//9144 5095//9144
f 5095//9145 5097//9145 1611//9145
f 1611//9146 5097//9146 5099//9146
f 1611//9146 5099//9146 1612//9146
f 1612//9147 5099//9147 5101//9147
f 4748//9146 1627//9146 4749//9146
f 4749//9146 1627//9146 1612//9146
f 4749//9146 1612//9146 4800//9146
f 4800//9146 1612//9146 5101//9146
f 4748//9146 4756//9146 1627//9146
f 1627//9148 4756//9148 4754//9148
f 1627//9149 4754//9149 1631//9149
f 5036//9150 5025//9150 5037//9150
f 5037//9150 5025//9150 5026//9150
f 5037//9151 5026//9151 5038//9151
f 5038//9151 5026//9151 5027//9151
f 5038//9152 5027//9152 5041//9152
f 5041//9152 5027//9152 5028//9152
f 5041//9153 5028//9153 5042//9153
f 5042//9153 5028//9153 5017//9153
f 5042//9154 5017//9154 5043//9154
f 5043//9154 5017//9154 5018//9154
f 5043//9155 5018//9155 5034//9155
f 5034//9155 5018//9155 5019//9155
f 5034//9156 5019//9156 5044//9156
f 5044//9156 5019//9156 5020//9156
f 5044//9157 5020//9157 5045//9157
f 5045//9157 5020//9157 5021//9157
f 5045//9158 5021//9158 5046//9158
f 5046//9158 5021//9158 5022//9158
f 5046//9159 5022//9159 5039//9159
f 5039//9159 5022//9159 5023//9159
f 5039//9160 5023//9160 5040//9160
f 5040//9160 5023//9160 5024//9160
f 5040//9161 5024//9161 5036//9161
f 5036//9161 5024//9161 5025//9161
f 4829//9150 4856//9150 4840//9150
f 4840//9150 4856//9150 4843//9150
f 4840//9151 4843//9151 4839//9151
f 4839//9151 4843//9151 4855//9151
f 4839//9152 4855//9152 4838//9152
f 4838//9152 4855//9152 4854//9152
f 4838//9153 4854//9153 4837//9153
f 4837//9153 4854//9153 4853//9153
f 4837//9154 4853//9154 4836//9154
f 4836//9154 4853//9154 4846//9154
f 4836//9155 4846//9155 4835//9155
f 4835//9155 4846//9155 4852//9155
f 4835//9156 4852//9156 4834//9156
f 4834//9156 4852//9156 4851//9156
f 4834//9157 4851//9157 4833//9157
f 4833//9157 4851//9157 4850//9157
f 4833//9158 4850//9158 4832//9158
f 4832//9158 4850//9158 4849//9158
f 4832//9159 4849//9159 4831//9159
f 4831//9159 4849//9159 4858//9159
f 4831//9160 4858//9160 4830//9160
f 4830//9160 4858//9160 4857//9160
f 4830//9161 4857//9161 4829//9161
f 4829//9161 4857//9161 4856//9161
f 3648//9150 3638//9150 3649//9150
f 3649//9150 3638//9150 3639//9150
f 3649//9151 3639//9151 3650//9151
f 3650//9151 3639//9151 3640//9151
f 3650//9152 3640//9152 3658//9152
f 3658//9152 3640//9152 3641//9152
f 3658//9153 3641//9153 3659//9153
f 3659//9153 3641//9153 3642//9153
f 3659//9154 3642//9154 3660//9154
f 3660//9154 3642//9154 3643//9154
f 3660//9155 3643//9155 3654//9155
f 3654//9155 3643//9155 3634//9155
f 3654//9156 3634//9156 3661//9156
f 3661//9156 3634//9156 3635//9156
f 3661//9157 3635//9157 3662//9157
f 3662//9157 3635//9157 3636//9157
f 3662//9158 3636//9158 3663//9158
f 3663//9158 3636//9158 3637//9158
f 3663//9159 3637//9159 3656//9159
f 3656//9159 3637//9159 3644//9159
f 3656//9160 3644//9160 3657//9160
f 3657//9160 3644//9160 3645//9160
f 3657//9161 3645//9161 3648//9161
f 3648//9161 3645//9161 3638//9161
f 3156//9150 3171//9150 3155//9150
f 3155//9150 3171//9150 3182//9150
f 3155//9151 3182//9151 3170//9151
f 3170//9151 3182//9151 3181//9151
f 3170//9152 3181//9152 3169//9152
f 3169//9152 3181//9152 3185//9152
f 3169//9153 3185//9153 3165//9153
f 3165//9153 3185//9153 3184//9153
f 3165//9154 3184//9154 3164//9154
f 3164//9154 3184//9154 3183//9154
f 3164//9155 3183//9155 3163//9155
f 3163//9155 3183//9155 3179//9155
f 3163//9156 3179//9156 3158//9156
f 3158//9156 3179//9156 3188//9156
f 3158//9157 3188//9157 3159//9157
f 3159//9157 3188//9157 3187//9157
f 3159//9158 3187//9158 3160//9158
f 3160//9158 3187//9158 3186//9158
f 3160//9159 3186//9159 3161//9159
f 3161//9159 3186//9159 3175//9159
f 3161//9160 3175//9160 3162//9160
f 3162//9160 3175//9160 3174//9160
f 3162//9161 3174//9161 3156//9161
f 3156//9161 3174//9161 3171//9161
f 585//9150 567//9150 586//9150
f 586//9150 567//9150 566//9150
f 586//9151 566//9151 587//9151
f 587//9151 566//9151 565//9151
f 587//9152 565//9152 578//9152
f 578//9152 565//9152 564//9152
f 578//9153 564//9153 588//9153
f 588//9153 564//9153 563//9153
f 588//9154 563//9154 589//9154
f 589//9154 563//9154 562//9154
f 589//9155 562//9155 590//9155
f 590//9155 562//9155 561//9155
f 590//9156 561//9156 581//9156
f 581//9156 561//9156 568//9156
f 581//9157 568//9157 582//9157
f 582//9157 568//9157 569//9157
f 582//9158 569//9158 583//9158
f 583//9158 569//9158 570//9158
f 583//9159 570//9159 584//9159
f 584//9159 570//9159 571//9159
f 584//9160 571//9160 575//9160
f 575//9160 571//9160 572//9160
f 575//9161 572//9161 585//9161
f 585//9161 572//9161 567//9161
f 402//9150 373//9150 403//9150
f 403//9150 373//9150 372//9150
f 403//9151 372//9151 404//9151
f 404//9151 372//9151 371//9151
f 404//9152 371//9152 405//9152
f 405//9152 371//9152 367//9152
f 405//9153 367//9153 406//9153
f 406//9153 367//9153 370//9153
f 406//9154 370//9154 407//9154
f 407//9154 370//9154 369//9154
f 407//9155 369//9155 408//9155
f 408//9155 369//9155 368//9155
f 408//9156 368//9156 418//9156
f 418//9156 368//9156 366//9156
f 418//9157 366//9157 416//9157
f 416//9157 366//9157 376//9157
f 416//9158 376//9158 414//9158
f 414//9158 376//9158 375//9158
f 414//9159 375//9159 412//9159
f 412//9159 375//9159 374//9159
f 412//9160 374//9160 410//9160
f 410//9160 374//9160 365//9160
f 410//9161 365//9161 402//9161
f 402//9161 365//9161 373//9161
f 2010//9162 2009//9162 1995//9162
f 1995//9162 2009//9162 2030//9162
f 1995//9163 2030//9163 2070//9163
f 2003//9162 2453//9162 1995//9162
f 1995//9162 2453//9162 2455//9162
f 2026//9162 2013//9162 1995//9162
f 1995//9163 2013//9163 2012//9163
f 1995//9164 2012//9164 2010//9164
f 2455//9162 2457//9162 1995//9162
f 1995//9162 2457//9162 2459//9162
f 1995//9162 2459//9162 2461//9162
f 2461//9163 2024//9163 1995//9163
f 1995//9165 2024//9165 2023//9165
f 1995//9166 2023//9166 2026//9166
f 2447//9162 2449//9162 2497//9162
f 2497//9163 2521//9163 2520//9163
f 2520//9162 4560//9162 2497//9162
f 2497//9162 4560//9162 4559//9162
f 2497//9162 4559//9162 4578//9162
f 2442//9162 2444//9162 2497//9162
f 2497//9162 2444//9162 2446//9162
f 2497//9162 2446//9162 2447//9162
f 4578//9162 4556//9162 2497//9162
f 2497//9162 4556//9162 4558//9162
f 2497//9162 4558//9162 4564//9162
f 4564//9162 2440//9162 2497//9162
f 2497//9163 2440//9163 2439//9163
f 2497//9162 2439//9162 2442//9162
f 5114//9167 5115//9167 5116//9167
f 5117//9168 5118//9168 5119//9168
f 490//9169 498//9169 5120//9169
f 5121//9170 491//9170 5122//9170
f 5122//9171 491//9171 490//9171
f 5123//9172 5124//9172 5125//9172
f 5125//9173 5124//9173 5126//9173
f 5127//9174 5128//9174 5123//9174
f 5123//9175 5128//9175 5129//9175
f 5123//9176 5129//9176 5124//9176
f 5130//9177 5131//9177 5127//9177
f 5127//9178 5131//9178 5132//9178
f 5127//9179 5132//9179 5128//9179
f 5115//9180 5133//9180 5116//9180
f 5116//9181 5133//9181 5134//9181
f 5116//9182 5134//9182 5130//9182
f 5130//9183 5134//9183 5135//9183
f 5130//9184 5135//9184 5131//9184
f 5117//9185 5136//9185 5118//9185
f 5118//9186 5136//9186 5137//9186
f 5118//9187 5137//9187 5138//9187
f 5139//9188 5140//9188 5141//9188
f 5141//9189 5140//9189 5142//9189
f 5120//9190 5143//9190 5144//9190
f 5144//9191 5143//9191 5145//9191
f 5144//9192 5145//9192 5146//9192
f 5146//9193 5145//9193 5147//9193
f 5146//9194 5147//9194 5148//9194
f 490//9195 5120//9195 5122//9195
f 5122//9196 5120//9196 5144//9196
f 5122//9197 5144//9197 5149//9197
f 5150//9198 5149//9198 5151//9198
f 5151//9199 5149//9199 5144//9199
f 5151//9200 5144//9200 5152//9200
f 5152//9200 5144//9200 5146//9200
f 5152//9201 5146//9201 5140//9201
f 5140//9202 5146//9202 5148//9202
f 5140//9203 5148//9203 5142//9203
f 5119//9204 5153//9204 5117//9204
f 5117//9205 5153//9205 5154//9205
f 5117//9206 5154//9206 5136//9206
f 5136//9207 5154//9207 5139//9207
f 5136//9208 5139//9208 5137//9208
f 5137//9209 5139//9209 5141//9209
f 5137//9210 5141//9210 5138//9210
f 5153//9205 5155//9205 5154//9205
f 5154//9211 5155//9211 5156//9211
f 5154//9212 5156//9212 5139//9212
f 5139//9213 5156//9213 5157//9213
f 5139//9214 5157//9214 5140//9214
f 5140//9215 5157//9215 5158//9215
f 5140//9216 5158//9216 5152//9216
f 5152//9217 5158//9217 5159//9217
f 5152//9218 5159//9218 5151//9218
f 5151//9219 5159//9219 5160//9219
f 5151//9220 5160//9220 5150//9220
f 5150//9221 5160//9221 5161//9221
f 5155//9222 5114//9222 5156//9222
f 5156//9223 5114//9223 5116//9223
f 5156//9224 5116//9224 5157//9224
f 5157//9225 5116//9225 5130//9225
f 5157//9226 5130//9226 5158//9226
f 5158//9227 5130//9227 5127//9227
f 5158//9228 5127//9228 5159//9228
f 5159//9229 5127//9229 5123//9229
f 5159//9230 5123//9230 5160//9230
f 5160//9231 5123//9231 5125//9231
f 5160//9232 5125//9232 5161//9232
f 5161//9233 5125//9233 5126//9233
f 5162//9234 5163//9234 5164//9234
f 5165//9235 5166//9235 5167//9235
f 5168//9236 5169//9236 5170//9236
f 5171//9237 5172//9237 5173//9237
f 5173//9238 5172//9238 5174//9238
f 5173//9239 5174//9239 5175//9239
f 5175//9240 5174//9240 5176//9240
f 5175//9241 5176//9241 5177//9241
f 5177//9242 5176//9242 5178//9242
f 5177//9243 5178//9243 5168//9243
f 5168//9244 5178//9244 5179//9244
f 5168//9245 5179//9245 5169//9245
f 5180//9246 5181//9246 5182//9246
f 5182//9247 5181//9247 5183//9247
f 5182//9248 5183//9248 5171//9248
f 5171//9249 5183//9249 5184//9249
f 5171//9250 5184//9250 5172//9250
f 5185//9251 5186//9251 5182//9251
f 5182//9252 5186//9252 5187//9252
f 5182//9253 5187//9253 5180//9253
f 5188//9254 5189//9254 5185//9254
f 5185//9255 5189//9255 5190//9255
f 5185//9256 5190//9256 5186//9256
f 5163//9257 5191//9257 5164//9257
f 5164//9258 5191//9258 5192//9258
f 5164//9259 5192//9259 5188//9259
f 5188//9260 5192//9260 5193//9260
f 5188//9261 5193//9261 5189//9261
f 5194//9262 5195//9262 5196//9262
f 5196//9263 5195//9263 5197//9263
f 5198//9264 5199//9264 5200//9264
f 5200//9265 5199//9265 5201//9265
f 5200//9266 5201//9266 5202//9266
f 5166//9267 5203//9267 5167//9267
f 5167//9268 5203//9268 5204//9268
f 5167//9269 5204//9269 5198//9269
f 5198//9270 5204//9270 5205//9270
f 5198//9271 5205//9271 5199//9271
f 5165//9272 5167//9272 5206//9272
f 5206//9273 5167//9273 5207//9273
f 5206//9274 5207//9274 5208//9274
f 474//9275 473//9275 5207//9275
f 5207//9276 473//9276 5209//9276
f 5207//9277 5209//9277 5208//9277
f 474//9278 5207//9278 476//9278
f 476//9279 5207//9279 5210//9279
f 476//9280 5210//9280 477//9280
f 477//9281 5210//9281 469//9281
f 469//9282 5210//9282 5211//9282
f 469//9283 5211//9283 471//9283
f 471//9284 5211//9284 467//9284
f 467//9285 5211//9285 5212//9285
f 467//9286 5212//9286 465//9286
f 465//9287 5212//9287 5213//9287
f 465//9288 5213//9288 461//9288
f 461//9289 5213//9289 462//9289
f 462//9290 5213//9290 5214//9290
f 462//9291 5214//9291 458//9291
f 5215//9292 460//9292 5214//9292
f 5214//9293 460//9293 459//9293
f 5214//9294 459//9294 458//9294
f 5216//9295 5215//9295 5217//9295
f 5217//9296 5215//9296 5214//9296
f 5217//9297 5214//9297 5218//9297
f 5218//9298 5214//9298 5213//9298
f 5218//9299 5213//9299 5219//9299
f 5219//9300 5213//9300 5212//9300
f 5219//9301 5212//9301 5220//9301
f 5220//9302 5212//9302 5211//9302
f 5220//9303 5211//9303 5221//9303
f 5221//9304 5211//9304 5210//9304
f 5221//9305 5210//9305 5222//9305
f 5222//9306 5210//9306 5207//9306
f 5222//9307 5207//9307 5223//9307
f 5223//9308 5207//9308 5167//9308
f 5223//9309 5167//9309 5224//9309
f 5224//9310 5167//9310 5198//9310
f 5224//9311 5198//9311 5225//9311
f 5225//9312 5198//9312 5200//9312
f 5225//9313 5200//9313 5195//9313
f 5195//9314 5200//9314 5202//9314
f 5195//9315 5202//9315 5197//9315
f 5195//9316 5226//9316 5225//9316
f 5225//9317 5226//9317 5227//9317
f 5225//9318 5227//9318 5224//9318
f 5224//9319 5227//9319 5228//9319
f 5224//9320 5228//9320 5223//9320
f 5223//9321 5228//9321 5229//9321
f 5223//9322 5229//9322 5222//9322
f 5222//9323 5229//9323 5230//9323
f 5222//9324 5230//9324 5221//9324
f 5221//9325 5230//9325 5231//9325
f 5221//9326 5231//9326 5220//9326
f 5220//9327 5231//9327 5232//9327
f 5220//9328 5232//9328 5219//9328
f 5219//9329 5232//9329 5233//9329
f 5219//9330 5233//9330 5218//9330
f 5218//9331 5233//9331 5234//9331
f 5218//9332 5234//9332 5217//9332
f 5217//9333 5234//9333 5235//9333
f 5217//9334 5235//9334 5216//9334
f 5216//9335 5235//9335 5236//9335
f 5226//9336 5237//9336 5227//9336
f 5227//9337 5237//9337 5238//9337
f 5227//9338 5238//9338 5228//9338
f 5228//9339 5238//9339 5239//9339
f 5228//9340 5239//9340 5229//9340
f 5229//9341 5239//9341 5240//9341
f 5229//9342 5240//9342 5230//9342
f 5230//9343 5240//9343 5241//9343
f 5230//9344 5241//9344 5231//9344
f 5231//9345 5241//9345 5242//9345
f 5231//9346 5242//9346 5232//9346
f 5232//9347 5242//9347 5243//9347
f 5232//9348 5243//9348 5233//9348
f 5233//9349 5243//9349 5244//9349
f 5233//9350 5244//9350 5234//9350
f 5234//9351 5244//9351 5245//9351
f 5234//9352 5245//9352 5235//9352
f 5235//9353 5245//9353 5246//9353
f 5235//9354 5246//9354 5236//9354
f 5237//9355 5162//9355 5238//9355
f 5238//9356 5162//9356 5164//9356
f 5238//9357 5164//9357 5239//9357
f 5239//9358 5164//9358 5188//9358
f 5239//9359 5188//9359 5240//9359
f 5240//9360 5188//9360 5185//9360
f 5240//9361 5185//9361 5241//9361
f 5241//9362 5185//9362 5182//9362
f 5241//9363 5182//9363 5242//9363
f 5242//9364 5182//9364 5171//9364
f 5242//9365 5171//9365 5243//9365
f 5243//9366 5171//9366 5173//9366
f 5243//9367 5173//9367 5244//9367
f 5244//9368 5173//9368 5175//9368
f 5244//9369 5175//9369 5245//9369
f 5245//9370 5175//9370 5177//9370
f 5245//9371 5177//9371 5246//9371
f 5246//9372 5177//9372 5168//9372
f 5246//9373 5168//9373 5236//9373
f 5236//9374 5168//9374 5170//9374
f 5236//9375 5170//9375 5247//9375
f 5205//9376 489//9376 5199//9376
f 5199//9377 489//9377 488//9377
f 5199//9378 488//9378 5201//9378
f 5201//9379 488//9379 487//9379
f 5201//9380 487//9380 5202//9380
f 5202//9381 487//9381 486//9381
f 5202//9382 486//9382 5197//9382
f 5206//9383 5208//9383 437//9383
f 437//9384 5208//9384 5209//9384
f 437//9385 5209//9385 473//9385
f 5206//9386 437//9386 5165//9386
f 5165//9387 437//9387 480//9387
f 5165//9388 480//9388 5166//9388
f 5166//9389 480//9389 5203//9389
f 5203//9390 480//9390 479//9390
f 5203//9391 479//9391 5204//9391
f 5204//9392 479//9392 483//9392
f 5204//9393 483//9393 5205//9393
f 5205//9394 483//9394 482//9394
f 5205//9395 482//9395 489//9395
f 493//9396 5194//9396 486//9396
f 486//9397 5194//9397 5196//9397
f 486//9398 5196//9398 5197//9398
f 491//9399 5121//9399 492//9399
f 492//9400 5121//9400 5248//9400
f 492//9401 5248//9401 493//9401
f 493//9402 5248//9402 5249//9402
f 493//9403 5249//9403 5194//9403
f 8//9404 7//9404 5119//9404
f 5145//9405 495//9405 5147//9405
f 5147//9406 495//9406 494//9406
f 500//9407 5142//9407 494//9407
f 494//9408 5142//9408 5148//9408
f 494//9409 5148//9409 5147//9409
f 8//9410 5119//9410 504//9410
f 504//9411 5119//9411 5118//9411
f 504//9412 5118//9412 505//9412
f 505//9413 5118//9413 5138//9413
f 505//9414 5138//9414 500//9414
f 500//9415 5138//9415 5141//9415
f 500//9416 5141//9416 5142//9416
f 495//9417 5145//9417 497//9417
f 497//9418 5145//9418 5143//9418
f 497//9419 5143//9419 498//9419
f 498//9420 5143//9420 5120//9420
f 5250//9421 5251//9421 5252//9421
f 79//9422 78//9422 5253//9422
f 5250//9423 5252//9423 5254//9423
f 5255//9424 5256//9424 5257//9424
f 5255//9425 5257//9425 5258//9425
f 5259//9426 5260//9426 5255//9426
f 5255//9427 5260//9427 5261//9427
f 5255//9428 5261//9428 5256//9428
f 5262//9429 5263//9429 5259//9429
f 5259//9430 5263//9430 5264//9430
f 5259//9431 5264//9431 5260//9431
f 131//9432 132//9432 5262//9432
f 5262//9433 132//9433 5265//9433
f 5262//9434 5265//9434 5263//9434
f 5266//9435 123//9435 5267//9435
f 5267//9436 123//9436 130//9436
f 5267//9437 130//9437 5268//9437
f 5268//9438 130//9438 129//9438
f 5268//9439 129//9439 5269//9439
f 5269//9440 129//9440 131//9440
f 5269//9441 131//9441 5270//9441
f 5270//9442 131//9442 5262//9442
f 78//9443 128//9443 5253//9443
f 5253//9444 128//9444 127//9444
f 5253//9445 127//9445 5266//9445
f 5266//9446 127//9446 125//9446
f 5266//9447 125//9447 123//9447
f 121//9448 79//9448 5271//9448
f 5271//9449 79//9449 5253//9449
f 5271//9450 5253//9450 5272//9450
f 5273//9451 5274//9451 5275//9451
f 5275//9452 5274//9452 5276//9452
f 5275//9453 5276//9453 5277//9453
f 5277//9454 5276//9454 5278//9454
f 5277//9455 5278//9455 5279//9455
f 5279//9456 5278//9456 5280//9456
f 5279//9457 5280//9457 5281//9457
f 5281//9458 5280//9458 5282//9458
f 5281//9459 5282//9459 5283//9459
f 5283//9460 5282//9460 5284//9460
f 5283//9461 5284//9461 5285//9461
f 5285//9462 5284//9462 5286//9462
f 5285//9463 5286//9463 5287//9463
f 5287//9464 5286//9464 5288//9464
f 5287//9465 5288//9465 5289//9465
f 5290//9466 5272//9466 5291//9466
f 5291//9467 5272//9467 5253//9467
f 5291//9468 5253//9468 5292//9468
f 5292//9469 5253//9469 5266//9469
f 5292//9470 5266//9470 5293//9470
f 5293//9471 5266//9471 5267//9471
f 5293//9472 5267//9472 5294//9472
f 5294//9473 5267//9473 5268//9473
f 5294//9474 5268//9474 5295//9474
f 5295//9475 5268//9475 5269//9475
f 5295//9476 5269//9476 5296//9476
f 5296//9477 5269//9477 5270//9477
f 5296//9478 5270//9478 5297//9478
f 5297//9479 5270//9479 5262//9479
f 5297//9480 5262//9480 5298//9480
f 5298//9481 5262//9481 5259//9481
f 5298//9482 5259//9482 5299//9482
f 5299//9483 5259//9483 5255//9483
f 5299//9484 5255//9484 5300//9484
f 5300//9485 5255//9485 5258//9485
f 5300//9486 5258//9486 5301//9486
f 5301//9487 5258//9487 5302//9487
f 5301//9488 5302//9488 5303//9488
f 5303//9489 5302//9489 5304//9489
f 5273//9490 5290//9490 5274//9490
f 5274//9491 5290//9491 5291//9491
f 5274//9492 5291//9492 5276//9492
f 5276//9493 5291//9493 5292//9493
f 5276//9494 5292//9494 5278//9494
f 5278//9495 5292//9495 5293//9495
f 5278//9496 5293//9496 5280//9496
f 5280//9497 5293//9497 5294//9497
f 5280//9498 5294//9498 5282//9498
f 5282//9499 5294//9499 5295//9499
f 5282//9500 5295//9500 5284//9500
f 5284//9501 5295//9501 5296//9501
f 5284//9502 5296//9502 5286//9502
f 5286//9503 5296//9503 5297//9503
f 5286//9504 5297//9504 5288//9504
f 5288//9505 5297//9505 5298//9505
f 5288//9506 5298//9506 5305//9506
f 5305//9507 5298//9507 5299//9507
f 5305//9508 5299//9508 5306//9508
f 5306//9509 5299//9509 5300//9509
f 5306//9510 5300//9510 5307//9510
f 5307//9511 5300//9511 5301//9511
f 5307//9512 5301//9512 5308//9512
f 5308//9513 5301//9513 5303//9513
f 5289//9514 5288//9514 5309//9514
f 5309//9515 5288//9515 5305//9515
f 5309//9516 5305//9516 5310//9516
f 5310//9517 5305//9517 5306//9517
f 5310//9518 5306//9518 5311//9518
f 5311//9519 5306//9519 5307//9519
f 5311//9520 5307//9520 5312//9520
f 5312//9521 5307//9521 5308//9521
f 5312//9522 5308//9522 5313//9522
f 5314//9523 5313//9523 5315//9523
f 5315//9524 5313//9524 5308//9524
f 5315//9525 5308//9525 5316//9525
f 5316//9526 5308//9526 5303//9526
f 5316//9527 5303//9527 5252//9527
f 5252//9528 5303//9528 5304//9528
f 5252//9529 5304//9529 5254//9529
f 5254//9530 5304//9530 5302//9530
f 5254//9531 5302//9531 5317//9531
f 5317//9532 5302//9532 5258//9532
f 5317//9533 5258//9533 5318//9533
f 5318//9534 5258//9534 5257//9534
f 5319//9535 81//9535 121//9535
f 5319//9536 121//9536 5320//9536
f 121//9537 5271//9537 5320//9537
f 5320//9538 5271//9538 5272//9538
f 5320//9539 5272//9539 5321//9539
f 5321//9540 5272//9540 5322//9540
f 5272//9541 5290//9541 5322//9541
f 5322//9542 5290//9542 5273//9542
f 5322//9543 5273//9543 5323//9543
f 5324//9544 5325//9544 5326//9544
f 441//9545 460//9545 5215//9545
f 5327//9546 4879//9546 4880//9546
f 441//9547 5215//9547 442//9547
f 5324//9548 5326//9548 5247//9548
f 4880//9549 442//9549 5327//9549
f 5327//9550 442//9550 5215//9550
f 5327//9551 5215//9551 5328//9551
f 5328//9552 5215//9552 5216//9552
f 5328//9553 5216//9553 5326//9553
f 5326//9554 5216//9554 5236//9554
f 5326//9555 5236//9555 5247//9555
f 5329//9556 5330//9556 4895//9556
f 4895//9557 5330//9557 5331//9557
f 4895//9558 5331//9558 4894//9558
f 5332//9559 5333//9559 5334//9559
f 5334//9560 5335//9560 5332//9560
f 5332//9561 5335//9561 5336//9561
f 5332//9562 5336//9562 5337//9562
f 5337//9563 5336//9563 5338//9563
f 5337//9564 5338//9564 5339//9564
f 5340//9565 5341//9565 5342//9565
f 5342//9566 5341//9566 5343//9566
f 5342//9567 5343//9567 5333//9567
f 5333//9568 5343//9568 5344//9568
f 5333//9569 5344//9569 5334//9569
f 5342//9570 5345//9570 5340//9570
f 5340//9571 5345//9571 5346//9571
f 5340//9572 5346//9572 5347//9572
f 5347//9573 5346//9573 5348//9573
f 5347//9574 5348//9574 5349//9574
f 5349//9575 5348//9575 5350//9575
f 5349//9576 5350//9576 5351//9576
f 5351//9577 5350//9577 5352//9577
f 5351//9578 5352//9578 5353//9578
f 5353//9579 5352//9579 5354//9579
f 5353//9580 5354//9580 5355//9580
f 5355//9581 5354//9581 5356//9581
f 5355//9582 5356//9582 5357//9582
f 5357//9583 5356//9583 5358//9583
f 5357//9584 5358//9584 5359//9584
f 5359//9585 5358//9585 5360//9585
f 5359//9586 5360//9586 5361//9586
f 4883//9587 4882//9587 5362//9587
f 5362//9588 4882//9588 4881//9588
f 4883//9589 5362//9589 4884//9589
f 4884//9590 5362//9590 5363//9590
f 4884//9591 5363//9591 4885//9591
f 4885//9592 5363//9592 5364//9592
f 4885//9593 5364//9593 4886//9593
f 4886//9594 5364//9594 5365//9594
f 4886//9595 5365//9595 4907//9595
f 4907//9596 5365//9596 4908//9596
f 4908//9597 5365//9597 5366//9597
f 4908//9598 5366//9598 4909//9598
f 4909//9599 5366//9599 4910//9599
f 4910//9600 5366//9600 5367//9600
f 4910//9601 5367//9601 4913//9601
f 4913//9602 5367//9602 4873//9602
f 4873//9603 5367//9603 5368//9603
f 4873//9604 5368//9604 4871//9604
f 4871//9605 5368//9605 4906//9605
f 4906//9606 5368//9606 5369//9606
f 4906//9607 5369//9607 4905//9607
f 4905//9608 5369//9608 5370//9608
f 4905//9609 5370//9609 4898//9609
f 4898//9610 5370//9610 5371//9610
f 4898//9611 5371//9611 4899//9611
f 4895//9612 4897//9612 5329//9612
f 5329//9613 4897//9613 4896//9613
f 5329//9614 4896//9614 5372//9614
f 5372//9615 4896//9615 4902//9615
f 5372//9616 4902//9616 5371//9616
f 5371//9617 4902//9617 4901//9617
f 5371//9618 4901//9618 4899//9618
f 5325//9619 5361//9619 5326//9619
f 5326//9620 5361//9620 5360//9620
f 5326//9621 5360//9621 5328//9621
f 5327//9622 5328//9622 5373//9622
f 5373//9623 5328//9623 5360//9623
f 5373//9624 5360//9624 5374//9624
f 5374//9625 5360//9625 5358//9625
f 5374//9626 5358//9626 5375//9626
f 5375//9627 5358//9627 5356//9627
f 5375//9628 5356//9628 5376//9628
f 5376//9629 5356//9629 5354//9629
f 5376//9630 5354//9630 5377//9630
f 5377//9631 5354//9631 5352//9631
f 5377//9632 5352//9632 5378//9632
f 5378//9633 5352//9633 5350//9633
f 5378//9634 5350//9634 5379//9634
f 5379//9635 5350//9635 5348//9635
f 5379//9636 5348//9636 5380//9636
f 5380//9637 5348//9637 5346//9637
f 5380//9638 5346//9638 5381//9638
f 5381//9639 5346//9639 5345//9639
f 5381//9640 5345//9640 5382//9640
f 5382//9641 5345//9641 5342//9641
f 5382//9642 5342//9642 5383//9642
f 5383//9643 5342//9643 5333//9643
f 5383//9644 5333//9644 5384//9644
f 5384//9645 5333//9645 5332//9645
f 5384//9646 5332//9646 5385//9646
f 5385//9647 5332//9647 5337//9647
f 5385//9648 5330//9648 5384//9648
f 5384//9649 5330//9649 5329//9649
f 5384//9650 5329//9650 5383//9650
f 5383//9651 5329//9651 5372//9651
f 5383//9652 5372//9652 5382//9652
f 5382//9653 5372//9653 5371//9653
f 5382//9654 5371//9654 5381//9654
f 5381//9655 5371//9655 5370//9655
f 5381//9656 5370//9656 5380//9656
f 5380//9657 5370//9657 5369//9657
f 5380//9658 5369//9658 5379//9658
f 5379//9659 5369//9659 5368//9659
f 5379//9660 5368//9660 5378//9660
f 5378//9661 5368//9661 5367//9661
f 5378//9662 5367//9662 5377//9662
f 5377//9663 5367//9663 5366//9663
f 5377//9664 5366//9664 5376//9664
f 5376//9665 5366//9665 5365//9665
f 5376//9666 5365//9666 5375//9666
f 5375//9667 5365//9667 5364//9667
f 5375//9668 5364//9668 5374//9668
f 5374//9669 5364//9669 5363//9669
f 5374//9670 5363//9670 5373//9670
f 5373//9671 5363//9671 5362//9671
f 5373//9672 5362//9672 5327//9672
f 5327//9673 5362//9673 4881//9673
f 5327//9674 4881//9674 4879//9674
f 5260//9675 134//9675 135//9675
f 5260//9676 135//9676 5261//9676
f 5261//9677 135//9677 136//9677
f 5261//9678 136//9678 5256//9678
f 5256//9679 136//9679 5257//9679
f 5257//9680 136//9680 137//9680
f 5257//9681 137//9681 5318//9681
f 5318//9682 137//9682 138//9682
f 5318//9683 138//9683 5317//9683
f 5317//9684 138//9684 139//9684
f 5317//9685 139//9685 5254//9685
f 139//9686 140//9686 5254//9686
f 5254//9687 140//9687 142//9687
f 5254//9688 142//9688 5250//9688
f 5250//9689 142//9689 144//9689
f 5250//9690 144//9690 5251//9690
f 5251//9690 144//9690 5386//9690
f 144//9691 186//9691 5386//9691
f 5386//9692 186//9692 187//9692
f 5386//9693 187//9693 5387//9693
f 5387//9694 187//9694 188//9694
f 5387//9695 188//9695 5388//9695
f 5388//9696 188//9696 189//9696
f 5388//9697 189//9697 5389//9697
f 5389//9698 189//9698 190//9698
f 134//9699 5260//9699 75//9699
f 75//9700 5260//9700 5264//9700
f 75//9701 5264//9701 76//9701
f 76//9702 5264//9702 5263//9702
f 76//9703 5263//9703 133//9703
f 133//9704 5263//9704 5265//9704
f 133//9705 5265//9705 132//9705
f 201//9706 5390//9706 202//9706
f 202//9707 5390//9707 5391//9707
f 202//9708 5391//9708 196//9708
f 196//9709 5391//9709 5392//9709
f 196//9710 5392//9710 192//9710
f 192//9711 5392//9711 5393//9711
f 192//9712 5393//9712 191//9712
f 191//9713 5393//9713 5394//9713
f 191//9714 5394//9714 190//9714
f 190//9715 5394//9715 5395//9715
f 190//9716 5395//9716 5389//9716
f 5396//9717 5058//9717 5059//9717
f 5397//9718 5062//9718 5067//9718
f 5397//9719 5067//9719 5398//9719
f 5398//9720 5067//9720 5068//9720
f 5398//9721 5068//9721 5319//9721
f 5319//9722 5068//9722 82//9722
f 5319//9723 82//9723 81//9723
f 5064//9724 5063//9724 5399//9724
f 5399//9725 5063//9725 5062//9725
f 5060//9726 5066//9726 5400//9726
f 5400//9727 5066//9727 5065//9727
f 5400//9728 5065//9728 5064//9728
f 5401//9729 5061//9729 5060//9729
f 5061//9730 5401//9730 5059//9730
f 5059//9731 5401//9731 5402//9731
f 5059//9732 5402//9732 5396//9732
f 5403//9733 5404//9733 5053//9733
f 5053//9734 5404//9734 5047//9734
f 5053//9735 5054//9735 5403//9735
f 5403//9736 5054//9736 5055//9736
f 5403//9737 5055//9737 5405//9737
f 5405//9738 5055//9738 5056//9738
f 5405//9739 5056//9739 5057//9739
f 5050//9740 5049//9740 5406//9740
f 5406//9741 5049//9741 5407//9741
f 5050//9742 5406//9742 5051//9742
f 5051//9743 5406//9743 5408//9743
f 5051//9744 5408//9744 5052//9744
f 5409//9745 5410//9745 5411//9745
f 5412//9746 5413//9746 5414//9746
f 5415//9747 5416//9747 5417//9747
f 5418//9748 5419//9748 5420//9748
f 5418//9749 5420//9749 5421//9749
f 5420//9750 5422//9750 5421//9750
f 5421//9751 5422//9751 5423//9751
f 5421//9752 5423//9752 5415//9752
f 5415//9753 5423//9753 5424//9753
f 5415//9754 5424//9754 5416//9754
f 5425//9755 5426//9755 5427//9755
f 5427//9756 5426//9756 5428//9756
f 5425//9757 5427//9757 5429//9757
f 5429//9758 5427//9758 5430//9758
f 5429//9759 5430//9759 5431//9759
f 5432//9760 5433//9760 5434//9760
f 5434//9761 5433//9761 5435//9761
f 5436//9762 5437//9762 5438//9762
f 5322//9763 5323//9763 5439//9763
f 5439//9764 5323//9764 5440//9764
f 5439//9765 5440//9765 5441//9765
f 5441//9766 5440//9766 5442//9766
f 5443//9767 5444//9767 5445//9767
f 5445//9768 5444//9768 5412//9768
f 5445//9769 5412//9769 5409//9769
f 5409//9770 5412//9770 5414//9770
f 5409//9771 5414//9771 5410//9771
f 5321//9772 5322//9772 5446//9772
f 5446//9773 5322//9773 5439//9773
f 5446//9774 5439//9774 5447//9774
f 5447//9775 5439//9775 5441//9775
f 5447//9776 5441//9776 5436//9776
f 5436//9777 5441//9777 5442//9777
f 5436//9778 5442//9778 5437//9778
f 5448//9779 5449//9779 5450//9779
f 5320//9780 5321//9780 5451//9780
f 5451//9781 5321//9781 5446//9781
f 5451//9782 5446//9782 5452//9782
f 5452//9783 5446//9783 5447//9783
f 5452//9784 5447//9784 5453//9784
f 5453//9785 5447//9785 5436//9785
f 5453//9786 5436//9786 5434//9786
f 5434//9787 5436//9787 5438//9787
f 5434//9788 5438//9788 5432//9788
f 5454//9789 5455//9789 5456//9789
f 5456//9790 5455//9790 5449//9790
f 5456//9791 5449//9791 5457//9791
f 5457//9792 5449//9792 5448//9792
f 5457//9793 5448//9793 5458//9793
f 263//9794 265//9794 5454//9794
f 5454//9795 265//9795 5052//9795
f 5454//9796 5052//9796 5455//9796
f 5455//9797 5052//9797 5408//9797
f 5455//9798 5408//9798 5449//9798
f 5449//9799 5408//9799 5406//9799
f 5449//9800 5406//9800 5450//9800
f 5450//9801 5406//9801 5407//9801
f 5450//9802 5407//9802 5459//9802
f 5459//9803 5407//9803 5049//9803
f 5459//9804 5049//9804 5048//9804
f 5048//9805 5460//9805 5459//9805
f 5459//9806 5460//9806 5443//9806
f 5459//9807 5443//9807 5450//9807
f 5450//9808 5443//9808 5445//9808
f 5450//9809 5445//9809 5448//9809
f 5448//9810 5445//9810 5409//9810
f 5448//9811 5409//9811 5458//9811
f 5458//9812 5409//9812 5411//9812
f 5458//9813 5411//9813 5461//9813
f 5048//9814 5047//9814 5460//9814
f 5460//9815 5047//9815 5404//9815
f 5460//9816 5404//9816 5443//9816
f 5443//9817 5404//9817 5403//9817
f 5443//9818 5403//9818 5462//9818
f 5462//9819 5403//9819 5405//9819
f 5462//9820 5405//9820 5396//9820
f 5396//9821 5405//9821 5057//9821
f 5396//9822 5057//9822 5058//9822
f 5060//9823 5400//9823 5401//9823
f 5401//9824 5400//9824 5463//9824
f 5401//9825 5463//9825 5402//9825
f 5402//9826 5463//9826 5464//9826
f 5402//9827 5464//9827 5396//9827
f 5396//9828 5464//9828 5465//9828
f 5396//9829 5465//9829 5462//9829
f 5462//9830 5465//9830 5466//9830
f 5462//9831 5466//9831 5443//9831
f 5443//9832 5466//9832 5467//9832
f 5443//9833 5467//9833 5444//9833
f 5064//9834 5399//9834 5400//9834
f 5400//9835 5399//9835 5468//9835
f 5400//9836 5468//9836 5463//9836
f 5463//9837 5468//9837 5469//9837
f 5463//9838 5469//9838 5464//9838
f 5464//9839 5469//9839 5470//9839
f 5464//9840 5470//9840 5465//9840
f 5465//9841 5470//9841 5471//9841
f 5465//9842 5471//9842 5466//9842
f 5466//9843 5471//9843 5418//9843
f 5466//9844 5418//9844 5467//9844
f 5467//9845 5418//9845 5421//9845
f 5467//9846 5421//9846 5444//9846
f 5444//9847 5421//9847 5415//9847
f 5444//9848 5415//9848 5412//9848
f 5412//9849 5415//9849 5417//9849
f 5412//9850 5417//9850 5413//9850
f 5062//9851 5397//9851 5399//9851
f 5399//9852 5397//9852 5472//9852
f 5399//9853 5472//9853 5468//9853
f 5468//9854 5472//9854 5473//9854
f 5468//9855 5473//9855 5469//9855
f 5469//9856 5473//9856 5431//9856
f 5469//9857 5431//9857 5470//9857
f 5470//9858 5431//9858 5430//9858
f 5470//9859 5430//9859 5471//9859
f 5471//9860 5430//9860 5427//9860
f 5471//9861 5427//9861 5418//9861
f 5418//9862 5427//9862 5428//9862
f 5418//9863 5428//9863 5419//9863
f 5319//9864 5320//9864 5398//9864
f 5398//9865 5320//9865 5451//9865
f 5398//9866 5451//9866 5397//9866
f 5397//9867 5451//9867 5452//9867
f 5397//9868 5452//9868 5472//9868
f 5472//9869 5452//9869 5453//9869
f 5472//9870 5453//9870 5473//9870
f 5473//9871 5453//9871 5434//9871
f 5473//9872 5434//9872 5431//9872
f 5431//9873 5434//9873 5435//9873
f 5431//9874 5435//9874 5429//9874
f 3705//9875 5474//9875 3719//9875
f 3719//9876 5474//9876 5475//9876
f 3719//9877 5475//9877 3717//9877
f 3707//9878 5476//9878 3705//9878
f 3705//9879 5476//9879 5477//9879
f 3705//9880 5477//9880 5474//9880
f 5478//9881 5479//9881 5480//9881
f 3703//9882 3702//9882 5481//9882
f 5481//9883 3702//9883 5482//9883
f 5481//9884 5482//9884 5483//9884
f 5484//9885 5485//9885 5486//9885
f 5486//9886 5485//9886 5487//9886
f 5486//9887 5487//9887 5488//9887
f 5488//9888 5487//9888 5489//9888
f 5488//9889 5489//9889 5490//9889
f 5484//9890 5486//9890 5491//9890
f 5491//9891 5486//9891 5492//9891
f 5491//9892 5492//9892 5493//9892
f 5493//9893 5492//9893 5337//9893
f 5493//9894 5337//9894 5339//9894
f 5494//9895 4892//9895 4893//9895
f 4894//9896 5331//9896 4893//9896
f 4893//9897 5331//9897 5330//9897
f 4893//9898 5330//9898 5494//9898
f 5495//9899 4890//9899 5494//9899
f 5494//9900 4890//9900 4891//9900
f 5494//9901 4891//9901 4892//9901
f 3702//9902 4887//9902 5482//9902
f 5482//9903 4887//9903 4888//9903
f 5482//9904 4888//9904 5495//9904
f 5495//9905 4888//9905 4889//9905
f 5495//9906 4889//9906 4890//9906
f 5490//9889 5478//9889 5488//9889
f 5488//9881 5478//9881 5480//9881
f 5488//9907 5480//9907 5486//9907
f 5486//9908 5480//9908 5496//9908
f 5486//9909 5496//9909 5492//9909
f 5492//9910 5496//9910 5497//9910
f 5492//9911 5497//9911 5337//9911
f 5337//9912 5497//9912 5385//9912
f 5479//9913 5483//9913 5480//9913
f 5480//9914 5483//9914 5482//9914
f 5480//9915 5482//9915 5496//9915
f 5496//9916 5482//9916 5495//9916
f 5496//9917 5495//9917 5497//9917
f 5497//9918 5495//9918 5494//9918
f 5497//9919 5494//9919 5385//9919
f 5385//9920 5494//9920 5330//9920
f 5498//9921 5499//9921 5500//9921
f 5501//9922 5502//9922 5503//9922
f 5504//9923 5505//9923 5506//9923
f 5474//9924 5477//9924 5507//9924
f 5508//9925 3709//9925 3703//9925
f 3712//9926 3711//9926 5509//9926
f 5509//9927 3711//9927 3710//9927
f 5509//9928 3710//9928 3709//9928
f 5477//9929 5476//9929 5507//9929
f 5507//9930 5476//9930 3707//9930
f 5507//9931 3707//9931 3712//9931
f 5475//9932 5474//9932 5510//9932
f 5510//9933 5474//9933 5507//9933
f 5510//9934 5507//9934 5511//9934
f 5511//9935 5507//9935 5512//9935
f 5511//9936 5512//9936 5513//9936
f 5513//9937 5512//9937 5503//9937
f 5513//9938 5503//9938 5506//9938
f 5506//9939 5503//9939 5502//9939
f 5506//9940 5502//9940 5504//9940
f 3712//9941 5509//9941 5507//9941
f 5507//9942 5509//9942 5514//9942
f 5507//9943 5514//9943 5512//9943
f 5512//9944 5514//9944 5500//9944
f 5512//9945 5500//9945 5503//9945
f 5503//9946 5500//9946 5499//9946
f 5503//9947 5499//9947 5501//9947
f 3709//9948 5508//9948 5509//9948
f 5509//9949 5508//9949 5515//9949
f 5509//9950 5515//9950 5514//9950
f 5514//9951 5515//9951 5516//9951
f 5514//9952 5516//9952 5500//9952
f 5500//9953 5516//9953 5517//9953
f 5500//9954 5517//9954 5498//9954
f 5490//9955 5517//9955 5478//9955
f 5478//9956 5517//9956 5516//9956
f 5478//9957 5516//9957 5479//9957
f 5479//9958 5516//9958 5515//9958
f 5479//9959 5515//9959 5483//9959
f 5483//9960 5515//9960 5508//9960
f 5483//9961 5508//9961 5481//9961
f 5481//9962 5508//9962 3703//9962
f 5518//9963 5519//9963 5520//9963
f 5520//9964 5519//9964 5521//9964
f 5520//9965 5521//9965 5522//9965
f 5522//9966 5521//9966 5523//9966
f 5522//9967 5523//9967 5524//9967
f 5524//9968 5523//9968 5525//9968
f 5524//9969 5525//9969 5526//9969
f 5526//9970 5525//9970 5527//9970
f 5526//9971 5527//9971 5528//9971
f 5528//9972 5527//9972 5529//9972
f 5528//9973 5529//9973 5530//9973
f 5530//9974 5529//9974 5531//9974
f 5530//9975 5531//9975 5532//9975
f 5532//9976 5531//9976 5533//9976
f 5532//9977 5533//9977 5534//9977
f 5534//9978 5533//9978 5535//9978
f 5534//9979 5535//9979 5536//9979
f 5536//9980 5535//9980 5537//9980
f 5537//9981 5535//9981 5538//9981
f 5537//9982 5538//9982 5539//9982
f 5539//9983 5538//9983 5540//9983
f 5540//9984 5538//9984 5541//9984
f 5540//9985 5541//9985 5542//9985
f 5542//9986 5541//9986 5543//9986
f 5543//9987 5541//9987 5544//9987
f 5543//9988 5544//9988 5545//9988
f 5545//9989 5544//9989 5546//9989
f 5546//9990 5544//9990 5506//9990
f 5546//9991 5506//9991 5505//9991
f 5547//9992 5548//9992 5549//9992
f 5549//9993 5475//9993 5547//9993
f 5547//9994 5475//9994 5510//9994
f 5547//9995 5510//9995 5511//9995
f 5548//9996 5547//9996 5550//9996
f 5550//9997 5547//9997 5551//9997
f 5550//9998 5551//9998 5552//9998
f 5552//9999 5551//9999 5553//9999
f 5553//10000 5551//10000 5554//10000
f 5553//10001 5554//10001 5555//10001
f 5555//10002 5554//10002 5556//10002
f 5555//10003 5556//10003 5557//10003
f 5557//10004 5556//10004 5558//10004
f 5557//10005 5558//10005 5559//10005
f 5559//10006 5558//10006 5560//10006
f 5559//10007 5560//10007 5561//10007
f 5561//10008 5560//10008 5562//10008
f 5562//10009 5560//10009 5563//10009
f 5562//10010 5563//10010 5564//10010
f 5565//10011 5566//10011 5567//10011
f 5567//10012 5566//10012 5568//10012
f 5567//10013 5568//10013 5563//10013
f 5563//10014 5568//10014 5569//10014
f 5563//10015 5569//10015 5564//10015
f 5565//10016 5567//10016 5570//10016
f 5570//10017 5567//10017 5571//10017
f 5570//10018 5571//10018 5572//10018
f 5572//10019 5571//10019 5573//10019
f 5573//10020 5571//10020 5574//10020
f 5573//10021 5574//10021 5575//10021
f 5575//10022 5574//10022 5576//10022
f 5575//10023 5576//10023 5577//10023
f 5578//10024 5579//10024 5580//10024
f 5581//10025 5578//10025 5582//10025
f 5582//10026 5578//10026 5580//10026
f 5582//10027 5580//10027 5576//10027
f 5576//10028 5580//10028 5583//10028
f 5576//10029 5583//10029 5577//10029
f 5584//10030 5581//10030 5585//10030
f 5585//10031 5581//10031 5582//10031
f 5585//10032 5582//10032 5586//10032
f 5586//10033 5582//10033 5576//10033
f 5586//10034 5576//10034 5587//10034
f 5587//10035 5576//10035 5574//10035
f 5587//10036 5574//10036 5588//10036
f 5588//10037 5574//10037 5571//10037
f 5588//10038 5571//10038 5589//10038
f 5589//10039 5571//10039 5567//10039
f 5589//10040 5567//10040 5590//10040
f 5590//10041 5567//10041 5563//10041
f 5590//10042 5563//10042 5591//10042
f 5591//10043 5563//10043 5560//10043
f 5591//10044 5560//10044 5592//10044
f 5592//10045 5560//10045 5558//10045
f 5592//10046 5558//10046 5593//10046
f 5593//10047 5558//10047 5556//10047
f 5593//10048 5556//10048 5594//10048
f 5594//10049 5556//10049 5554//10049
f 5594//10050 5554//10050 5595//10050
f 5595//10051 5554//10051 5551//10051
f 5595//10052 5551//10052 5596//10052
f 5596//10053 5551//10053 5547//10053
f 5596//10054 5547//10054 5513//10054
f 5513//10055 5547//10055 5511//10055
f 5518//10056 5584//10056 5519//10056
f 5519//10057 5584//10057 5585//10057
f 5519//10058 5585//10058 5521//10058
f 5521//10059 5585//10059 5586//10059
f 5521//10060 5586//10060 5523//10060
f 5523//10061 5586//10061 5587//10061
f 5523//10062 5587//10062 5525//10062
f 5525//10063 5587//10063 5588//10063
f 5525//10064 5588//10064 5527//10064
f 5527//10065 5588//10065 5589//10065
f 5527//10066 5589//10066 5529//10066
f 5529//10067 5589//10067 5590//10067
f 5529//10068 5590//10068 5531//10068
f 5531//10069 5590//10069 5591//10069
f 5531//10070 5591//10070 5533//10070
f 5533//10071 5591//10071 5592//10071
f 5533//10072 5592//10072 5535//10072
f 5535//10073 5592//10073 5593//10073
f 5535//10074 5593//10074 5538//10074
f 5538//10075 5593//10075 5594//10075
f 5538//10076 5594//10076 5541//10076
f 5541//10077 5594//10077 5595//10077
f 5541//10078 5595//10078 5544//10078
f 5544//10079 5595//10079 5596//10079
f 5544//10080 5596//10080 5506//10080
f 5506//10081 5596//10081 5513//10081
f 5597//10082 5579//10082 5578//10082
f 5597//10083 5578//10083 5598//10083
f 5598//10084 5578//10084 5581//10084
f 5598//10085 5581//10085 5599//10085
f 5599//10086 5581//10086 5584//10086
f 5599//10087 5584//10087 5600//10087
f 5584//10088 5518//10088 5601//10088
f 5601//10089 5602//10089 5584//10089
f 5584//10090 5602//10090 5603//10090
f 5584//10091 5603//10091 5600//10091
f 5517//10092 5490//10092 5604//10092
f 5605//10093 5606//10093 5607//10093
f 5607//10094 5606//10094 5608//10094
f 5607//10095 5608//10095 5609//10095
f 5609//10096 5608//10096 5610//10096
f 5609//10097 5610//10097 5611//10097
f 5611//10098 5610//10098 5612//10098
f 5611//10099 5612//10099 5613//10099
f 5613//10100 5612//10100 5614//10100
f 5613//10101 5614//10101 5615//10101
f 5615//10102 5614//10102 5616//10102
f 5615//10103 5616//10103 5617//10103
f 5617//10104 5616//10104 5618//10104
f 5617//10105 5618//10105 5619//10105
f 5619//10106 5618//10106 5620//10106
f 5619//10107 5620//10107 5621//10107
f 5621//10108 5620//10108 5622//10108
f 5621//10109 5622//10109 5623//10109
f 5623//10110 5622//10110 5624//10110
f 5623//10111 5624//10111 5625//10111
f 5625//10112 5624//10112 5626//10112
f 5625//10113 5626//10113 5627//10113
f 5627//10114 5626//10114 5628//10114
f 5627//10115 5628//10115 5629//10115
f 5629//10116 5628//10116 5630//10116
f 5629//10117 5630//10117 5631//10117
f 5631//10118 5630//10118 5632//10118
f 5631//10119 5632//10119 5633//10119
f 5605//10120 5634//10120 5606//10120
f 5606//10121 5634//10121 5314//10121
f 5517//10122 5604//10122 5498//10122
f 5635//10123 5499//10123 5636//10123
f 5636//10124 5499//10124 5498//10124
f 5636//10125 5498//10125 5637//10125
f 5637//10126 5498//10126 5604//10126
f 5638//10127 5502//10127 5635//10127
f 5635//10128 5502//10128 5501//10128
f 5635//10129 5501//10129 5499//10129
f 5639//10130 5505//10130 5638//10130
f 5638//10131 5505//10131 5504//10131
f 5638//10132 5504//10132 5502//10132
f 5640//10133 5545//10133 5639//10133
f 5639//10134 5545//10134 5546//10134
f 5639//10135 5546//10135 5505//10135
f 5641//10136 5542//10136 5640//10136
f 5640//10137 5542//10137 5543//10137
f 5640//10138 5543//10138 5545//10138
f 5642//10139 5539//10139 5641//10139
f 5641//10140 5539//10140 5540//10140
f 5641//10141 5540//10141 5542//10141
f 5643//10142 5532//10142 5644//10142
f 5644//10143 5532//10143 5534//10143
f 5644//10144 5534//10144 5645//10144
f 5645//10145 5534//10145 5536//10145
f 5645//10146 5536//10146 5642//10146
f 5642//10147 5536//10147 5537//10147
f 5642//10148 5537//10148 5539//10148
f 5646//10149 5528//10149 5647//10149
f 5647//10150 5528//10150 5530//10150
f 5647//10151 5530//10151 5648//10151
f 5649//10152 5524//10152 5646//10152
f 5646//10153 5524//10153 5526//10153
f 5646//10154 5526//10154 5528//10154
f 5650//10155 5602//10155 5649//10155
f 5649//10156 5602//10156 5601//10156
f 5649//10157 5601//10157 5518//10157
f 5518//10158 5520//10158 5649//10158
f 5649//10159 5520//10159 5522//10159
f 5649//10160 5522//10160 5524//10160
f 5633//10161 5651//10161 5631//10161
f 5631//10162 5651//10162 5652//10162
f 5631//10163 5652//10163 5629//10163
f 5629//10164 5652//10164 5653//10164
f 5629//10165 5653//10165 5627//10165
f 5627//10166 5653//10166 5654//10166
f 5627//10167 5654//10167 5625//10167
f 5625//10168 5654//10168 5643//10168
f 5625//10169 5643//10169 5623//10169
f 5623//10170 5643//10170 5644//10170
f 5623//10171 5644//10171 5621//10171
f 5621//10172 5644//10172 5645//10172
f 5621//10173 5645//10173 5619//10173
f 5619//10174 5645//10174 5642//10174
f 5619//10175 5642//10175 5617//10175
f 5617//10176 5642//10176 5641//10176
f 5617//10177 5641//10177 5615//10177
f 5615//10178 5641//10178 5640//10178
f 5615//10179 5640//10179 5613//10179
f 5613//10180 5640//10180 5639//10180
f 5613//10181 5639//10181 5611//10181
f 5611//10182 5639//10182 5638//10182
f 5611//10183 5638//10183 5609//10183
f 5609//10184 5638//10184 5635//10184
f 5609//10185 5635//10185 5607//10185
f 5607//10186 5635//10186 5636//10186
f 5607//10187 5636//10187 5605//10187
f 5605//10188 5636//10188 5637//10188
f 5605//10189 5637//10189 5634//10189
f 5634//10190 5637//10190 5604//10190
f 5651//10191 5650//10191 5652//10191
f 5652//10192 5650//10192 5649//10192
f 5652//10193 5649//10193 5653//10193
f 5653//10152 5649//10152 5646//10152
f 5653//10194 5646//10194 5654//10194
f 5654//10195 5646//10195 5647//10195
f 5654//10196 5647//10196 5643//10196
f 5643//10197 5647//10197 5648//10197
f 5643//10198 5648//10198 5532//10198
f 5532//10199 5648//10199 5530//10199
f 5316//10200 5252//10200 5655//10200
f 5656//10201 5657//10201 5658//10201
f 5659//10202 5660//10202 5661//10202
f 5661//10203 5660//10203 5662//10203
f 5661//10204 5662//10204 5663//10204
f 5663//10205 5662//10205 5664//10205
f 5663//10206 5664//10206 5665//10206
f 5657//10207 5656//10207 5664//10207
f 5664//10208 5656//10208 5666//10208
f 5664//10209 5666//10209 5665//10209
f 5667//10210 5668//10210 5658//10210
f 5658//10211 5668//10211 5669//10211
f 5658//10212 5669//10212 5656//10212
f 5670//10213 5391//10213 5671//10213
f 5671//10214 5391//10214 5390//10214
f 5671//10215 5390//10215 5667//10215
f 5667//10216 5390//10216 5672//10216
f 5667//10217 5672//10217 5668//10217
f 5673//10218 5393//10218 5670//10218
f 5670//10219 5393//10219 5392//10219
f 5670//10220 5392//10220 5391//10220
f 5674//10221 5395//10221 5673//10221
f 5673//10222 5395//10222 5394//10222
f 5673//10223 5394//10223 5393//10223
f 5387//10224 5388//10224 5674//10224
f 5674//10225 5388//10225 5389//10225
f 5674//10226 5389//10226 5395//10226
f 5674//10227 5675//10227 5387//10227
f 5387//10228 5675//10228 5655//10228
f 5387//10229 5655//10229 5386//10229
f 5386//10230 5655//10230 5252//10230
f 5386//10231 5252//10231 5251//10231
f 5676//10232 5677//10232 5678//10232
f 5679//10233 5680//10233 5681//10233
f 5616//10234 5682//10234 5618//10234
f 5618//10235 5682//10235 5683//10235
f 5618//10236 5683//10236 5620//10236
f 5620//10237 5683//10237 5684//10237
f 5620//10238 5684//10238 5622//10238
f 5622//10239 5684//10239 5685//10239
f 5622//10240 5685//10240 5624//10240
f 5624//10241 5685//10241 5686//10241
f 5624//10242 5686//10242 5626//10242
f 5626//10243 5686//10243 5687//10243
f 5626//10244 5687//10244 5628//10244
f 5628//10245 5687//10245 5678//10245
f 5628//10246 5678//10246 5630//10246
f 5630//10247 5678//10247 5677//10247
f 5630//10248 5677//10248 5632//10248
f 5614//10249 5688//10249 5616//10249
f 5616//10250 5688//10250 5689//10250
f 5616//10251 5689//10251 5682//10251
f 5614//10252 5612//10252 5688//10252
f 5688//10253 5612//10253 5610//10253
f 5688//10254 5610//10254 5690//10254
f 5690//10255 5610//10255 5608//10255
f 5690//10256 5608//10256 5691//10256
f 5691//10257 5608//10257 5606//10257
f 5691//10258 5606//10258 5692//10258
f 5692//10259 5606//10259 5314//10259
f 5314//10260 5315//10260 5692//10260
f 5692//10261 5315//10261 5693//10261
f 5692//10262 5693//10262 5691//10262
f 5691//10263 5693//10263 5694//10263
f 5691//10264 5694//10264 5690//10264
f 5690//10265 5694//10265 5695//10265
f 5690//10266 5695//10266 5688//10266
f 5688//10267 5695//10267 5696//10267
f 5688//10268 5696//10268 5689//10268
f 5689//10269 5696//10269 5697//10269
f 5689//10270 5697//10270 5682//10270
f 5682//10271 5697//10271 5698//10271
f 5682//10272 5698//10272 5683//10272
f 5683//10273 5698//10273 5699//10273
f 5683//10274 5699//10274 5684//10274
f 5684//10275 5699//10275 5700//10275
f 5684//10276 5700//10276 5685//10276
f 5685//10277 5700//10277 5701//10277
f 5685//10278 5701//10278 5686//10278
f 5686//10279 5701//10279 5702//10279
f 5686//10280 5702//10280 5687//10280
f 5687//10281 5702//10281 5703//10281
f 5687//10282 5703//10282 5678//10282
f 5678//10283 5703//10283 5681//10283
f 5678//10284 5681//10284 5676//10284
f 5676//10285 5681//10285 5680//10285
f 5315//10286 5316//10286 5693//10286
f 5693//10287 5316//10287 5655//10287
f 5693//10288 5655//10288 5694//10288
f 5694//10289 5655//10289 5675//10289
f 5694//10290 5675//10290 5695//10290
f 5695//10291 5675//10291 5674//10291
f 5695//10292 5674//10292 5696//10292
f 5696//10293 5674//10293 5673//10293
f 5696//10294 5673//10294 5697//10294
f 5697//10295 5673//10295 5670//10295
f 5697//10296 5670//10296 5698//10296
f 5698//10297 5670//10297 5671//10297
f 5698//10298 5671//10298 5699//10298
f 5699//10299 5671//10299 5667//10299
f 5699//10300 5667//10300 5700//10300
f 5700//10301 5667//10301 5658//10301
f 5700//10302 5658//10302 5701//10302
f 5701//10303 5658//10303 5657//10303
f 5701//10304 5657//10304 5702//10304
f 5702//10305 5657//10305 5664//10305
f 5702//10306 5664//10306 5703//10306
f 5703//10307 5664//10307 5662//10307
f 5703//10308 5662//10308 5681//10308
f 5681//10309 5662//10309 5660//10309
f 5681//10310 5660//10310 5679//10310
f 5679//10311 5660//10311 5659//10311
f 5679//10312 5659//10312 5704//10312
f 5705//10313 5706//10313 5676//10313
f 5676//10314 5706//10314 5707//10314
f 5676//10315 5707//10315 5677//10315
f 5677//10316 5707//10316 5633//10316
f 5677//10317 5633//10317 5632//10317
f 5676//10318 5680//10318 5705//10318
f 5705//10319 5680//10319 5679//10319
f 5705//10320 5679//10320 5708//10320
f 5708//10321 5679//10321 5704//10321
f 5708//10322 5704//10322 5709//10322
f 5709//10323 5704//10323 150//10323
f 5710//10324 5711//10324 220//10324
f 220//10325 5711//10325 5712//10325
f 220//10326 5712//10326 221//10326
f 221//10327 5712//10327 5709//10327
f 221//10328 5709//10328 149//10328
f 149//10329 5709//10329 150//10329
f 220//10330 218//10330 5710//10330
f 5710//10331 218//10331 216//10331
f 5710//10332 216//10332 5713//10332
f 5713//10333 216//10333 215//10333
f 5713//10334 215//10334 5714//10334
f 5714//10335 215//10335 224//10335
f 5714//10336 224//10336 5715//10336
f 5715//10337 224//10337 5716//10337
f 5716//10338 224//10338 227//10338
f 5716//10339 227//10339 5717//10339
f 5717//10340 227//10340 230//10340
f 5717//10341 230//10341 5718//10341
f 230//10342 239//10342 5718//10342
f 5718//10343 239//10343 238//10343
f 5718//10344 238//10344 5719//10344
f 5719//10345 238//10345 236//10345
f 5719//10346 236//10346 5720//10346
f 5720//10347 236//10347 234//10347
f 5720//10348 234//10348 233//10348
f 5390//10349 201//10349 5672//10349
f 5672//10350 201//10350 200//10350
f 5672//10351 200//10351 5668//10351
f 5668//10352 200//10352 198//10352
f 5668//10353 198//10353 5669//10353
f 198//10354 197//10354 5669//10354
f 5669//10355 197//10355 203//10355
f 5669//10356 203//10356 5656//10356
f 5656//10357 203//10357 206//10357
f 5656//10358 206//10358 5666//10358
f 5666//10359 206//10359 205//10359
f 5666//10360 205//10360 5665//10360
f 5665//10361 205//10361 209//10361
f 5665//10362 209//10362 5663//10362
f 5663//10363 209//10363 146//10363
f 5663//10364 146//10364 5661//10364
f 146//10365 145//10365 5661//10365
f 5661//10366 145//10366 151//10366
f 5661//10367 151//10367 5659//10367
f 5659//10368 151//10368 150//10368
f 5659//10369 150//10369 5704//10369
f 5119//10370 7//10370 5721//10370
f 5721//10371 7//10371 10//10371
f 5721//10372 10//10372 5722//10372
f 5722//10373 10//10373 13//10373
f 5722//10373 13//10373 5723//10373
f 5723//10374 13//10374 15//10374
f 5723//10375 15//10375 5724//10375
f 5724//10376 15//10376 4//10376
f 5724//10377 4//10377 5725//10377
f 5725//10378 4//10378 5726//10378
f 5726//10379 4//10379 20//10379
f 5726//10380 20//10380 5727//10380
f 5249//10381 5248//10381 5728//10381
f 5249//10382 5728//10382 5194//10382
f 5729//10383 5191//10383 5730//10383
f 5730//10384 5191//10384 5163//10384
f 5730//10385 5163//10385 5731//10385
f 5731//10386 5163//10386 5162//10386
f 5731//10387 5162//10387 5732//10387
f 5732//10388 5162//10388 5237//10388
f 5732//10389 5237//10389 5733//10389
f 5733//10390 5237//10390 5226//10390
f 5733//10391 5226//10391 5728//10391
f 5728//10392 5226//10392 5195//10392
f 5728//10393 5195//10393 5194//10393
f 5124//10394 5729//10394 5126//10394
f 5126//10395 5729//10395 5730//10395
f 5126//10396 5730//10396 5161//10396
f 5161//10397 5730//10397 5731//10397
f 5161//10398 5731//10398 5150//10398
f 5150//10399 5731//10399 5732//10399
f 5150//10400 5732//10400 5149//10400
f 5149//10401 5732//10401 5733//10401
f 5149//10402 5733//10402 5122//10402
f 5122//10403 5733//10403 5728//10403
f 5122//10404 5728//10404 5121//10404
f 5121//10405 5728//10405 5248//10405
f 5133//10406 5734//10406 5735//10406
f 5729//10407 5124//10407 5736//10407
f 5736//10408 5124//10408 5737//10408
f 5729//10409 5736//10409 5191//10409
f 5191//10410 5736//10410 5738//10410
f 5191//10411 5738//10411 5192//10411
f 5192//10412 5738//10412 5739//10412
f 5192//10413 5739//10413 5193//10413
f 5193//10414 5739//10414 5740//10414
f 5193//10415 5740//10415 5189//10415
f 5181//10416 5180//10416 5741//10416
f 5741//10417 5180//10417 5187//10417
f 5741//10418 5187//10418 5742//10418
f 5742//10419 5187//10419 5186//10419
f 5742//10420 5186//10420 5740//10420
f 5740//10421 5186//10421 5190//10421
f 5740//10422 5190//10422 5189//10422
f 5181//10423 5741//10423 5183//10423
f 5183//10424 5741//10424 5743//10424
f 5183//10425 5743//10425 5184//10425
f 5184//10426 5743//10426 5172//10426
f 5172//10427 5743//10427 5744//10427
f 5172//10428 5744//10428 5174//10428
f 5745//10429 5746//10429 5178//10429
f 5178//10430 5746//10430 5747//10430
f 5178//10431 5747//10431 5179//10431
f 5247//10432 5170//10432 5747//10432
f 5747//10433 5170//10433 5169//10433
f 5747//10434 5169//10434 5179//10434
f 5745//10435 5748//10435 5746//10435
f 5746//10436 5748//10436 5440//10436
f 5746//10437 5440//10437 5323//10437
f 5178//10438 5176//10438 5745//10438
f 5745//10439 5176//10439 5174//10439
f 5745//10440 5174//10440 5748//10440
f 5748//10441 5174//10441 5744//10441
f 5748//10442 5744//10442 5440//10442
f 5440//10443 5744//10443 5442//10443
f 5442//10444 5744//10444 5437//10444
f 5437//10445 5744//10445 5743//10445
f 5437//10446 5743//10446 5438//10446
f 5438//10447 5743//10447 5432//10447
f 5432//10448 5743//10448 5741//10448
f 5432//10449 5741//10449 5433//10449
f 5433//10450 5741//10450 5742//10450
f 5433//10451 5742//10451 5435//10451
f 5435//10452 5742//10452 5740//10452
f 5435//10453 5740//10453 5429//10453
f 5429//10454 5740//10454 5425//10454
f 5425//10455 5740//10455 5739//10455
f 5425//10456 5739//10456 5426//10456
f 5426//10457 5739//10457 5428//10457
f 5428//10458 5739//10458 5738//10458
f 5428//10459 5738//10459 5419//10459
f 5419//10460 5738//10460 5420//10460
f 5420//10461 5738//10461 5736//10461
f 5420//10462 5736//10462 5422//10462
f 5422//10463 5736//10463 5423//10463
f 5423//10464 5736//10464 5737//10464
f 5423//10465 5737//10465 5424//10465
f 5424//10466 5737//10466 5416//10466
f 5416//10467 5737//10467 5749//10467
f 5416//10468 5749//10468 5417//10468
f 5417//10469 5749//10469 5413//10469
f 5413//10470 5749//10470 5750//10470
f 5413//10471 5750//10471 5414//10471
f 5414//10472 5750//10472 5751//10472
f 5414//10473 5751//10473 5410//10473
f 5410//10474 5751//10474 5735//10474
f 5410//10475 5735//10475 5411//10475
f 5411//10476 5735//10476 5734//10476
f 5411//10477 5734//10477 5461//10477
f 5124//10478 5129//10478 5737//10478
f 5737//10479 5129//10479 5128//10479
f 5737//10480 5128//10480 5749//10480
f 5749//10481 5128//10481 5132//10481
f 5749//10482 5132//10482 5750//10482
f 5750//10483 5132//10483 5131//10483
f 5750//10484 5131//10484 5751//10484
f 5751//10485 5131//10485 5135//10485
f 5751//10486 5135//10486 5735//10486
f 5735//10487 5135//10487 5134//10487
f 5735//10488 5134//10488 5133//10488
f 5489//10489 5487//10489 5752//10489
f 5247//10490 5747//10490 5324//10490
f 5324//10491 5747//10491 5753//10491
f 5324//10492 5753//10492 5325//10492
f 5325//10493 5753//10493 5361//10493
f 5349//10494 5351//10494 5754//10494
f 5754//10495 5351//10495 5353//10495
f 5754//10496 5353//10496 5755//10496
f 5755//10497 5353//10497 5355//10497
f 5755//10498 5355//10498 5756//10498
f 5756//10499 5355//10499 5357//10499
f 5756//10500 5357//10500 5753//10500
f 5753//10501 5357//10501 5359//10501
f 5753//10502 5359//10502 5361//10502
f 5754//10503 5757//10503 5349//10503
f 5349//10504 5757//10504 5758//10504
f 5349//10505 5758//10505 5347//10505
f 5347//10506 5758//10506 5340//10506
f 5340//10507 5758//10507 5759//10507
f 5340//10508 5759//10508 5341//10508
f 5760//10509 5761//10509 5335//10509
f 5335//10510 5334//10510 5760//10510
f 5760//10511 5334//10511 5344//10511
f 5760//10512 5344//10512 5759//10512
f 5759//10513 5344//10513 5343//10513
f 5759//10514 5343//10514 5341//10514
f 5493//10515 5339//10515 5762//10515
f 5762//10516 5339//10516 5338//10516
f 5762//10517 5338//10517 5761//10517
f 5761//10518 5338//10518 5336//10518
f 5761//10519 5336//10519 5335//10519
f 5762//10520 5763//10520 5493//10520
f 5493//10521 5763//10521 5764//10521
f 5493//10522 5764//10522 5491//10522
f 5491//10523 5764//10523 5765//10523
f 5491//10524 5765//10524 5484//10524
f 5752//10525 5487//10525 5765//10525
f 5765//10526 5487//10526 5485//10526
f 5765//10527 5485//10527 5484//10527
f 5314//10528 5766//10528 5313//10528
f 5313//10529 5766//10529 5767//10529
f 5313//10530 5767//10530 5312//10530
f 5768//10531 5285//10531 5769//10531
f 5769//10532 5285//10532 5287//10532
f 5769//10533 5287//10533 5770//10533
f 5770//10534 5287//10534 5289//10534
f 5770//10535 5289//10535 5771//10535
f 5771//10536 5289//10536 5309//10536
f 5771//10537 5309//10537 5772//10537
f 5772//10538 5309//10538 5310//10538
f 5772//10539 5310//10539 5773//10539
f 5773//10540 5310//10540 5311//10540
f 5773//10541 5311//10541 5774//10541
f 5774//10542 5311//10542 5312//10542
f 5774//10543 5312//10543 5775//10543
f 5775//10544 5312//10544 5767//10544
f 5776//10545 5277//10545 5777//10545
f 5777//10546 5277//10546 5279//10546
f 5777//10547 5279//10547 5778//10547
f 5778//10548 5279//10548 5281//10548
f 5778//10549 5281//10549 5779//10549
f 5779//10550 5281//10550 5283//10550
f 5323//10551 5273//10551 5776//10551
f 5776//10552 5273//10552 5275//10552
f 5776//10553 5275//10553 5277//10553
f 5490//10554 5489//10554 5604//10554
f 5604//10555 5489//10555 5752//10555
f 5604//10556 5752//10556 5634//10556
f 5757//10557 5768//10557 5758//10557
f 5758//10558 5768//10558 5769//10558
f 5758//10559 5769//10559 5759//10559
f 5759//10560 5769//10560 5770//10560
f 5759//10561 5770//10561 5760//10561
f 5760//10562 5770//10562 5771//10562
f 5760//10563 5771//10563 5761//10563
f 5761//10564 5771//10564 5772//10564
f 5761//10565 5772//10565 5762//10565
f 5762//10566 5772//10566 5773//10566
f 5762//10567 5773//10567 5763//10567
f 5763//10568 5773//10568 5774//10568
f 5763//10569 5774//10569 5764//10569
f 5764//10570 5774//10570 5775//10570
f 5764//10571 5775//10571 5765//10571
f 5765//10572 5775//10572 5767//10572
f 5765//10573 5767//10573 5752//10573
f 5752//10574 5767//10574 5766//10574
f 5752//10575 5766//10575 5634//10575
f 5634//10576 5766//10576 5314//10576
f 5746//10577 5323//10577 5780//10577
f 5780//10578 5323//10578 5776//10578
f 5780//10579 5776//10579 5781//10579
f 5781//10580 5776//10580 5777//10580
f 5781//10581 5777//10581 5782//10581
f 5782//10582 5777//10582 5778//10582
f 5782//10583 5778//10583 5783//10583
f 5783//10584 5778//10584 5779//10584
f 5747//10585 5746//10585 5753//10585
f 5753//10586 5746//10586 5780//10586
f 5753//10587 5780//10587 5756//10587
f 5756//10588 5780//10588 5781//10588
f 5756//10589 5781//10589 5755//10589
f 5755//10590 5781//10590 5782//10590
f 5755//10591 5782//10591 5754//10591
f 5754//10592 5782//10592 5783//10592
f 5754//10593 5783//10593 5757//10593
f 5757//10594 5783//10594 5779//10594
f 5757//10595 5779//10595 5768//10595
f 5768//10596 5779//10596 5283//10596
f 5768//10597 5283//10597 5285//10597
f 3713//10598 3717//10598 5475//10598
f 5475//10599 5549//10599 3713//10599
f 3713//10600 5549//10600 5548//10600
f 3713//10601 5548//10601 3724//10601
f 3724//10602 5548//10602 5550//10602
f 3724//10603 5550//10603 5552//10603
f 5579//10604 3693//10604 3692//10604
f 3735//10605 5568//10605 5566//10605
f 5579//10606 3692//10606 5580//10606
f 5580//10607 3692//10607 3691//10607
f 5580//10608 3691//10608 5583//10608
f 5583//10609 3691//10609 3694//10609
f 5583//10610 3694//10610 5577//10610
f 5577//10611 3694//10611 3701//10611
f 5577//10612 3701//10612 5575//10612
f 5575//10613 3701//10613 3700//10613
f 5575//10614 3700//10614 5573//10614
f 5573//10615 3700//10615 3699//10615
f 5573//10616 3699//10616 5572//10616
f 5572//10617 3699//10617 3739//10617
f 5572//10618 3739//10618 5570//10618
f 5570//10619 3739//10619 3738//10619
f 5570//10620 3738//10620 5565//10620
f 5565//10621 3738//10621 3737//10621
f 5565//10622 3737//10622 5566//10622
f 5566//10623 3737//10623 3736//10623
f 5566//10624 3736//10624 3735//10624
f 3735//10625 3734//10625 5568//10625
f 5568//10626 3734//10626 3733//10626
f 5568//10627 3733//10627 5569//10627
f 5569//10628 3733//10628 3690//10628
f 5569//10629 3690//10629 5564//10629
f 5564//10630 3690//10630 3689//10630
f 5564//10631 3689//10631 5562//10631
f 5562//10632 3689//10632 3747//10632
f 5562//10633 3747//10633 5561//10633
f 5561//10634 3747//10634 3745//10634
f 5561//10635 3745//10635 5559//10635
f 5559//10636 3745//10636 3743//10636
f 5559//10637 3743//10637 5557//10637
f 5557//10638 3743//10638 3741//10638
f 5557//10639 3741//10639 5555//10639
f 5555//10640 3741//10640 3740//10640
f 5555//10641 3740//10641 5553//10641
f 5553//10642 3740//10642 3724//10642
f 5553//10643 3724//10643 5552//10643
f 5784//10644 5785//10644 19//10644
f 19//10645 5785//10645 5786//10645
f 19//10646 5786//10646 20//10646
f 20//10647 5786//10647 5727//10647
f 5784//10648 19//10648 5787//10648
f 5787//10649 19//10649 18//10649
f 5788//10650 5789//10650 1//10650
f 1//10651 5789//10651 5790//10651
f 1//10652 5790//10652 18//10652
f 18//10653 5790//10653 5791//10653
f 18//10654 5791//10654 5787//10654
f 5788//10655 1//10655 5792//10655
f 5792//10656 1//10656 27//10656
f 5792//10657 27//10657 5793//10657
f 5793//10658 27//10658 26//10658
f 5793//10659 26//10659 5794//10659
f 5794//10660 26//10660 24//10660
f 5794//10661 24//10661 5795//10661
f 5795//10662 24//10662 22//10662
f 28//10663 5796//10663 21//10663
f 21//10664 5796//10664 5797//10664
f 21//10665 5797//10665 22//10665
f 22//10666 5797//10666 5798//10666
f 22//10667 5798//10667 5795//10667
f 30//10668 5799//10668 28//10668
f 28//10669 5799//10669 5800//10669
f 28//10670 5800//10670 5796//10670
f 34//10671 5801//10671 36//10671
f 36//10672 5801//10672 5802//10672
f 36//10673 5802//10673 38//10673
f 38//10674 5802//10674 5803//10674
f 38//10675 5803//10675 39//10675
f 39//10676 5803//10676 5804//10676
f 39//10677 5804//10677 30//10677
f 30//10678 5804//10678 5805//10678
f 30//10679 5805//10679 5799//10679
f 41//10680 5806//10680 42//10680
f 42//10681 5806//10681 5801//10681
f 42//10682 5801//10682 34//10682
f 52//10683 5807//10683 40//10683
f 40//10684 5807//10684 5806//10684
f 40//10685 5806//10685 41//10685
f 5808//10686 49//10686 47//10686
f 52//10687 53//10687 5807//10687
f 49//10688 5808//10688 53//10688
f 53//10689 5808//10689 5809//10689
f 53//10690 5809//10690 5807//10690
f 3693//10691 5579//10691 44//10691
f 44//10692 5579//10692 5597//10692
f 44//10693 5597//10693 45//10693
f 45//10694 5597//10694 5810//10694
f 45//10695 5810//10695 46//10695
f 46//10696 5810//10696 5811//10696
f 46//10697 5811//10697 47//10697
f 47//10698 5811//10698 5812//10698
f 47//10699 5812//10699 5808//10699
f 5813//10700 5814//10700 5815//10700
f 5810//10701 5597//10701 5598//10701
f 5807//10702 5816//10702 5806//10702
f 5806//10703 5816//10703 5817//10703
f 5806//10704 5817//10704 5801//10704
f 5801//10705 5817//10705 5802//10705
f 5802//10706 5817//10706 5818//10706
f 5802//10707 5818//10707 5803//10707
f 5803//10708 5818//10708 5819//10708
f 5803//10709 5819//10709 5804//10709
f 5804//10710 5819//10710 5805//10710
f 5805//10711 5819//10711 5820//10711
f 5805//10712 5820//10712 5799//10712
f 5798//10713 5797//10713 5821//10713
f 5821//10714 5797//10714 5796//10714
f 5821//10715 5796//10715 5820//10715
f 5820//10716 5796//10716 5800//10716
f 5820//10717 5800//10717 5799//10717
f 5798//10718 5821//10718 5795//10718
f 5795//10719 5821//10719 5822//10719
f 5795//10720 5822//10720 5794//10720
f 5790//10721 5789//10721 5814//10721
f 5814//10722 5789//10722 5788//10722
f 5814//10723 5788//10723 5815//10723
f 5815//10724 5788//10724 5792//10724
f 5815//10725 5792//10725 5822//10725
f 5822//10726 5792//10726 5793//10726
f 5822//10727 5793//10727 5794//10727
f 5823//10728 5824//10728 5825//10728
f 5825//10729 5824//10729 5826//10729
f 5825//10730 5826//10730 5827//10730
f 5827//10731 5826//10731 5828//10731
f 5828//10732 5826//10732 5829//10732
f 5828//10733 5829//10733 5830//10733
f 5831//10734 5832//10734 5829//10734
f 5829//10735 5832//10735 5833//10735
f 5829//10736 5833//10736 5830//10736
f 5834//10737 5835//10737 5836//10737
f 5836//10738 5835//10738 5837//10738
f 5836//10739 5837//10739 5838//10739
f 5838//10740 5837//10740 5839//10740
f 5838//10741 5839//10741 5840//10741
f 5840//10742 5839//10742 5841//10742
f 5840//10743 5841//10743 5831//10743
f 5831//10744 5841//10744 5842//10744
f 5831//10745 5842//10745 5832//10745
f 5843//10746 5844//10746 5834//10746
f 5834//10747 5844//10747 5845//10747
f 5834//10748 5845//10748 5835//10748
f 5846//10749 5847//10749 5843//10749
f 5843//10750 5847//10750 5848//10750
f 5843//10751 5848//10751 5844//10751
f 5807//10752 5809//10752 5816//10752
f 5816//10753 5809//10753 5808//10753
f 5816//10754 5808//10754 5849//10754
f 5849//10755 5808//10755 5812//10755
f 5849//10756 5812//10756 5811//10756
f 5602//10757 5846//10757 5603//10757
f 5603//10758 5846//10758 5843//10758
f 5603//10759 5843//10759 5600//10759
f 5823//10760 5850//10760 5824//10760
f 5824//10761 5850//10761 5851//10761
f 5824//10762 5851//10762 5826//10762
f 5826//10763 5851//10763 5852//10763
f 5826//10764 5852//10764 5829//10764
f 5829//10765 5852//10765 5853//10765
f 5829//10766 5853//10766 5831//10766
f 5831//10767 5853//10767 5854//10767
f 5831//10768 5854//10768 5840//10768
f 5840//10769 5854//10769 5855//10769
f 5840//10770 5855//10770 5838//10770
f 5838//10771 5855//10771 5856//10771
f 5838//10772 5856//10772 5836//10772
f 5836//10773 5856//10773 5857//10773
f 5836//10774 5857//10774 5834//10774
f 5834//10775 5857//10775 5858//10775
f 5834//10776 5858//10776 5843//10776
f 5843//10777 5858//10777 5859//10777
f 5843//10778 5859//10778 5600//10778
f 5600//10779 5859//10779 5599//10779
f 5850//10780 5860//10780 5851//10780
f 5851//10781 5860//10781 5861//10781
f 5851//10782 5861//10782 5852//10782
f 5852//10783 5861//10783 5862//10783
f 5852//10784 5862//10784 5853//10784
f 5853//10785 5862//10785 5863//10785
f 5853//10786 5863//10786 5854//10786
f 5854//10787 5863//10787 5864//10787
f 5854//10788 5864//10788 5855//10788
f 5855//10789 5864//10789 5865//10789
f 5855//10790 5865//10790 5856//10790
f 5856//10791 5865//10791 5866//10791
f 5856//10792 5866//10792 5857//10792
f 5857//10793 5866//10793 5867//10793
f 5857//10794 5867//10794 5858//10794
f 5858//10795 5867//10795 5868//10795
f 5858//10796 5868//10796 5859//10796
f 5859//10797 5868//10797 5869//10797
f 5859//10798 5869//10798 5599//10798
f 5599//10799 5869//10799 5598//10799
f 5860//10800 5813//10800 5861//10800
f 5861//10801 5813//10801 5815//10801
f 5861//10802 5815//10802 5862//10802
f 5862//10803 5815//10803 5822//10803
f 5862//10804 5822//10804 5863//10804
f 5863//10805 5822//10805 5821//10805
f 5863//10806 5821//10806 5864//10806
f 5864//10807 5821//10807 5820//10807
f 5864//10808 5820//10808 5865//10808
f 5865//10809 5820//10809 5819//10809
f 5865//10810 5819//10810 5866//10810
f 5866//10811 5819//10811 5818//10811
f 5866//10812 5818//10812 5867//10812
f 5867//10813 5818//10813 5817//10813
f 5867//10814 5817//10814 5868//10814
f 5868//10815 5817//10815 5816//10815
f 5868//10816 5816//10816 5869//10816
f 5869//10817 5816//10817 5849//10817
f 5869//10818 5849//10818 5598//10818
f 5598//10819 5849//10819 5811//10819
f 5598//10820 5811//10820 5810//10820
f 5791//10821 5790//10821 5870//10821
f 5870//10822 5790//10822 5814//10822
f 5870//10823 5814//10823 5871//10823
f 5871//10824 5814//10824 5813//10824
f 5871//10825 5813//10825 5872//10825
f 5872//10826 5813//10826 5860//10826
f 5872//10827 5860//10827 5873//10827
f 5873//10828 5860//10828 5850//10828
f 5873//10829 5850//10829 5874//10829
f 5874//10830 5850//10830 5823//10830
f 5787//10831 5791//10831 5875//10831
f 5875//10832 5791//10832 5870//10832
f 5875//10833 5870//10833 5876//10833
f 5876//10834 5870//10834 5871//10834
f 5876//10835 5871//10835 5877//10835
f 5877//10836 5871//10836 5872//10836
f 5877//10837 5872//10837 5878//10837
f 5878//10838 5872//10838 5873//10838
f 5878//10839 5873//10839 5879//10839
f 5879//10840 5873//10840 5874//10840
f 5877//10841 5878//10841 5880//10841
f 5784//10842 5787//10842 5785//10842
f 5785//10843 5787//10843 5875//10843
f 5786//10844 5881//10844 5727//10844
f 5727//10845 5881//10845 5882//10845
f 5727//10846 5882//10846 5726//10846
f 5726//10847 5882//10847 5725//10847
f 5725//10848 5882//10848 5883//10848
f 5725//10849 5883//10849 5724//10849
f 5884//10850 5722//10850 5723//10850
f 5885//10851 5886//10851 5887//10851
f 5887//10852 5886//10852 5888//10852
f 5878//10853 5879//10853 5880//10853
f 5880//10854 5879//10854 5889//10854
f 5880//10855 5889//10855 5890//10855
f 5890//10856 5889//10856 5891//10856
f 5890//10857 5891//10857 5892//10857
f 5892//10858 5891//10858 5893//10858
f 5892//10859 5893//10859 5894//10859
f 5876//10860 5877//10860 5895//10860
f 5895//10861 5877//10861 5880//10861
f 5895//10862 5880//10862 5896//10862
f 5896//10863 5880//10863 5890//10863
f 5896//10864 5890//10864 5897//10864
f 5897//10865 5890//10865 5892//10865
f 5897//10866 5892//10866 5887//10866
f 5887//10867 5892//10867 5894//10867
f 5887//10868 5894//10868 5885//10868
f 5875//10869 5876//10869 5898//10869
f 5898//10870 5876//10870 5895//10870
f 5898//10871 5895//10871 5899//10871
f 5899//10872 5895//10872 5896//10872
f 5899//10873 5896//10873 5900//10873
f 5900//10874 5896//10874 5897//10874
f 5900//10875 5897//10875 5901//10875
f 5901//10876 5897//10876 5887//10876
f 5901//10877 5887//10877 5902//10877
f 5902//10878 5887//10878 5888//10878
f 5119//10879 5721//10879 5153//10879
f 5153//10880 5721//10880 5903//10880
f 5153//10881 5903//10881 5155//10881
f 5155//10882 5903//10882 5114//10882
f 5115//10883 5114//10883 5904//10883
f 5904//10884 5114//10884 5903//10884
f 5904//10885 5903//10885 5884//10885
f 5884//10886 5903//10886 5721//10886
f 5884//10887 5721//10887 5722//10887
f 5133//10888 5115//10888 5905//10888
f 5905//10889 5115//10889 5904//10889
f 5905//10890 5904//10890 5906//10890
f 5906//10891 5904//10891 5884//10891
f 5906//10892 5884//10892 5883//10892
f 5883//10893 5884//10893 5723//10893
f 5883//10894 5723//10894 5724//10894
f 5888//10895 5133//10895 5902//10895
f 5902//10896 5133//10896 5905//10896
f 5902//10897 5905//10897 5901//10897
f 5901//10898 5905//10898 5906//10898
f 5901//10899 5906//10899 5900//10899
f 5900//10900 5906//10900 5883//10900
f 5900//10901 5883//10901 5899//10901
f 5899//10902 5883//10902 5882//10902
f 5899//10903 5882//10903 5898//10903
f 5898//10904 5882//10904 5881//10904
f 5898//10905 5881//10905 5875//10905
f 5875//10906 5881//10906 5786//10906
f 5875//10907 5786//10907 5785//10907
f 5907//10908 5908//10908 5909//10908
f 5910//10909 5911//10909 5912//10909
f 5461//10910 5734//10910 5913//10910
f 5461//10911 5913//10911 5914//10911
f 5914//10912 5913//10912 5915//10912
f 5914//10913 5915//10913 5916//10913
f 5916//10914 5915//10914 5917//10914
f 5916//10915 5917//10915 5918//10915
f 5918//10916 5917//10916 5919//10916
f 5918//10917 5919//10917 5920//10917
f 5920//10918 5919//10918 5921//10918
f 5920//10919 5921//10919 5922//10919
f 5910//10920 5912//10920 5923//10920
f 5912//10921 5924//10921 5923//10921
f 5923//10922 5924//10922 5925//10922
f 5923//10923 5925//10923 5926//10923
f 5926//10924 5925//10924 5927//10924
f 5926//10925 5927//10925 5928//10925
f 5929//10926 5930//10926 5931//10926
f 5931//10927 5930//10927 5932//10927
f 5931//10928 5932//10928 5927//10928
f 5927//10929 5932//10929 5933//10929
f 5927//10930 5933//10930 5928//10930
f 5908//10931 5907//10931 5934//10931
f 5934//10932 5907//10932 5935//10932
f 5934//10933 5935//10933 5929//10933
f 5936//10934 5937//10934 5909//10934
f 5909//10935 5937//10935 5938//10935
f 5909//10936 5938//10936 5907//10936
f 5651//10937 5633//10937 5939//10937
f 5939//10938 5940//10938 5651//10938
f 5651//10939 5940//10939 5941//10939
f 5651//10940 5941//10940 5650//10940
f 5844//10941 5848//10941 5650//10941
f 5940//10942 5837//10942 5941//10942
f 5941//10943 5837//10943 5835//10943
f 5941//10944 5835//10944 5650//10944
f 5650//10945 5835//10945 5845//10945
f 5650//10946 5845//10946 5844//10946
f 5848//10947 5847//10947 5650//10947
f 5650//10948 5847//10948 5846//10948
f 5650//10949 5846//10949 5602//10949
f 5842//10950 5841//10950 5934//10950
f 5934//10951 5841//10951 5839//10951
f 5934//10952 5839//10952 5908//10952
f 5908//10953 5839//10953 5837//10953
f 5908//10954 5837//10954 5909//10954
f 5909//10955 5837//10955 5940//10955
f 5909//10956 5940//10956 5936//10956
f 5936//10957 5940//10957 5939//10957
f 5929//10958 5931//10958 5934//10958
f 5934//10959 5931//10959 5832//10959
f 5934//10960 5832//10960 5842//10960
f 5912//10961 5825//10961 5924//10961
f 5924//10962 5825//10962 5827//10962
f 5924//10963 5827//10963 5925//10963
f 5925//10964 5827//10964 5828//10964
f 5925//10965 5828//10965 5927//10965
f 5927//10966 5828//10966 5830//10966
f 5927//10967 5830//10967 5931//10967
f 5931//10968 5830//10968 5833//10968
f 5931//10969 5833//10969 5832//10969
f 5889//10970 5879//10970 5912//10970
f 5879//10971 5874//10971 5912//10971
f 5912//10972 5874//10972 5823//10972
f 5912//10973 5823//10973 5825//10973
f 5893//10974 5891//10974 5919//10974
f 5919//10975 5891//10975 5889//10975
f 5919//10976 5889//10976 5921//10976
f 5921//10977 5889//10977 5912//10977
f 5921//10978 5912//10978 5922//10978
f 5922//10979 5912//10979 5911//10979
f 5893//10980 5919//10980 5894//10980
f 5894//10981 5919//10981 5917//10981
f 5894//10982 5917//10982 5885//10982
f 5885//10983 5917//10983 5915//10983
f 5885//10984 5915//10984 5886//10984
f 5886//10985 5915//10985 5913//10985
f 5886//10986 5913//10986 5888//10986
f 5888//10987 5913//10987 5734//10987
f 5888//10988 5734//10988 5133//10988
f 5720//10989 233//10989 5942//10989
f 262//10990 263//10990 5943//10990
f 5944//10991 255//10991 5945//10991
f 5945//10992 255//10992 257//10992
f 5945//10993 257//10993 5946//10993
f 5946//10994 257//10994 258//10994
f 5946//10995 258//10995 260//10995
f 247//10996 249//10996 5947//10996
f 5947//10997 249//10997 251//10997
f 5947//10998 251//10998 5944//10998
f 5944//10999 251//10999 253//10999
f 5944//11000 253//11000 255//11000
f 5948//11001 242//11001 245//11001
f 5720//11002 5942//11002 5719//11002
f 5942//11003 5949//11003 5719//11003
f 5719//11004 5949//11004 5950//11004
f 5719//11005 5950//11005 5718//11005
f 5715//11006 5716//11006 5951//11006
f 5951//11007 5716//11007 5717//11007
f 5952//11008 5713//11008 5714//11008
f 5708//11009 5709//11009 5953//11009
f 5953//11010 5709//11010 5712//11010
f 5953//11011 5712//11011 5954//11011
f 5954//11012 5712//11012 5711//11012
f 5954//11013 5711//11013 5710//11013
f 5633//11014 5707//11014 5939//11014
f 5939//11015 5707//11015 5955//11015
f 5939//11016 5955//11016 5936//11016
f 5936//11017 5955//11017 5956//11017
f 5936//11018 5956//11018 5937//11018
f 5930//11019 5929//11019 5957//11019
f 5957//11020 5929//11020 5935//11020
f 5935//11021 5907//11021 5958//11021
f 5958//11022 5907//11022 5938//11022
f 5958//11023 5938//11023 5937//11023
f 5928//11024 5933//11024 5959//11024
f 5959//11025 5933//11025 5932//11025
f 5959//11026 5932//11026 5930//11026
f 5959//11027 5960//11027 5928//11027
f 5928//11028 5960//11028 5961//11028
f 5928//11029 5961//11029 5926//11029
f 5962//11030 5923//11030 5926//11030
f 5963//11031 5911//11031 5962//11031
f 5962//11032 5911//11032 5910//11032
f 5962//11033 5910//11033 5923//11033
f 5963//11034 5964//11034 5911//11034
f 5911//11035 5964//11035 5965//11035
f 5911//11036 5965//11036 5922//11036
f 5922//11037 5965//11037 5966//11037
f 5922//11038 5966//11038 5920//11038
f 5920//11039 5966//11039 5918//11039
f 5918//11040 5966//11040 5967//11040
f 5918//11041 5967//11041 5916//11041
f 5916//11042 5967//11042 5914//11042
f 5914//11043 5967//11043 5458//11043
f 5914//11044 5458//11044 5461//11044
f 263//11045 5454//11045 5943//11045
f 5943//11046 5454//11046 5456//11046
f 5943//11047 5456//11047 5968//11047
f 5969//11048 5947//11048 5970//11048
f 5970//11049 5947//11049 5944//11049
f 5970//11050 5944//11050 5971//11050
f 5971//11051 5944//11051 5945//11051
f 5971//11052 5945//11052 5968//11052
f 5968//11053 5945//11053 5946//11053
f 5968//11054 5946//11054 5943//11054
f 5943//11055 5946//11055 260//11055
f 5943//11056 260//11056 262//11056
f 5705//11057 5708//11057 5972//11057
f 5972//11058 5708//11058 5953//11058
f 5972//11059 5953//11059 5973//11059
f 5973//11060 5953//11060 5954//11060
f 5973//11061 5954//11061 5952//11061
f 5952//11062 5954//11062 5710//11062
f 5952//11063 5710//11063 5713//11063
f 5706//11064 5705//11064 5974//11064
f 5974//11065 5705//11065 5972//11065
f 5974//11066 5972//11066 5975//11066
f 5975//11067 5972//11067 5973//11067
f 5975//11068 5973//11068 5976//11068
f 5976//11069 5973//11069 5952//11069
f 5976//11070 5952//11070 5951//11070
f 5951//11071 5952//11071 5714//11071
f 5951//11072 5714//11072 5715//11072
f 5926//11073 5961//11073 5962//11073
f 5962//11074 5961//11074 5977//11074
f 5962//11075 5977//11075 5963//11075
f 5963//11076 5977//11076 5978//11076
f 5963//11077 5978//11077 5964//11077
f 5964//11078 5978//11078 5979//11078
f 5964//11079 5979//11079 5965//11079
f 5965//11080 5979//11080 5980//11080
f 5965//11081 5980//11081 5966//11081
f 5966//11082 5980//11082 5981//11082
f 5966//11083 5981//11083 5967//11083
f 5967//11084 5981//11084 5457//11084
f 5967//11085 5457//11085 5458//11085
f 5930//11086 5957//11086 5959//11086
f 5959//11087 5957//11087 5982//11087
f 5959//11088 5982//11088 5960//11088
f 5960//11089 5982//11089 5983//11089
f 5960//11090 5983//11090 5961//11090
f 5961//11091 5983//11091 5984//11091
f 5961//11092 5984//11092 5977//11092
f 5977//11093 5984//11093 5969//11093
f 5977//11094 5969//11094 5978//11094
f 5978//11095 5969//11095 5970//11095
f 5978//11096 5970//11096 5979//11096
f 5979//11097 5970//11097 5971//11097
f 5979//11098 5971//11098 5980//11098
f 5980//11099 5971//11099 5968//11099
f 5980//11100 5968//11100 5981//11100
f 5981//11101 5968//11101 5456//11101
f 5981//11102 5456//11102 5457//11102
f 5935//11103 5958//11103 5957//11103
f 5957//11104 5958//11104 5985//11104
f 5957//11105 5985//11105 5982//11105
f 5982//11106 5985//11106 5986//11106
f 5982//11107 5986//11107 5983//11107
f 5983//11108 5986//11108 5987//11108
f 5983//11109 5987//11109 5984//11109
f 5984//11110 5987//11110 5988//11110
f 5984//11111 5988//11111 5969//11111
f 5969//11112 5988//11112 5948//11112
f 5969//11113 5948//11113 5947//11113
f 5947//11114 5948//11114 245//11114
f 5947//11115 245//11115 247//11115
f 5937//11116 5956//11116 5958//11116
f 5958//11117 5956//11117 5989//11117
f 5958//11118 5989//11118 5985//11118
f 5985//11119 5989//11119 5990//11119
f 5985//11120 5990//11120 5986//11120
f 5986//11121 5990//11121 5950//11121
f 5986//11122 5950//11122 5987//11122
f 5987//11123 5950//11123 5949//11123
f 5987//11124 5949//11124 5988//11124
f 5988//11125 5949//11125 5942//11125
f 5988//11126 5942//11126 5948//11126
f 5948//11127 5942//11127 233//11127
f 5948//11128 233//11128 242//11128
f 5707//11129 5706//11129 5955//11129
f 5955//11130 5706//11130 5974//11130
f 5955//11131 5974//11131 5956//11131
f 5956//11132 5974//11132 5975//11132
f 5956//11133 5975//11133 5989//11133
f 5989//11134 5975//11134 5976//11134
f 5989//11135 5976//11135 5990//11135
f 5990//11136 5976//11136 5951//11136
f 5990//11137 5951//11137 5950//11137
f 5950//11138 5951//11138 5717//11138
f 5950//11139 5717//11139 5718//11139
