# Blender 4.5.0
# www.blender.org
o thumb_2
v 0.016135 0.006246 0.014471
v 0.012967 0.007015 0.014580
v 0.012967 0.007015 0.014555
v 0.012394 0.007155 0.014604
v 0.012236 0.007193 0.014572
v 0.012284 0.007181 0.014608
v 0.018516 0.005667 0.014403
v 0.018027 0.005786 0.014417
v 0.018709 0.005620 0.014397
v 0.019005 0.005549 0.014389
v 0.019912 0.005328 0.014361
v 0.019459 0.005438 0.014375
v 0.019311 0.005474 0.014380
v 0.019232 0.005494 0.014382
v 0.019160 0.005511 0.014384
v 0.019010 0.005547 0.014389
v 0.020182 0.005263 0.014352
v 0.020594 0.005163 0.014339
v 0.020607 0.005160 0.014339
v 0.021007 0.005062 0.014325
v 0.016512 0.006154 0.014460
v 0.017253 0.005974 0.014439
v 0.017270 0.005970 0.014439
v 0.044759 0.013318 0.010212
v 0.044920 0.013154 0.010112
v 0.044727 0.013304 0.010244
v 0.044887 0.013095 0.010151
v 0.044691 0.013274 0.010269
v 0.044837 0.013037 0.010165
v 0.044654 0.013224 0.010276
v 0.044917 0.013371 0.010020
v 0.044919 0.013263 0.010067
v 0.044838 0.013344 0.010117
v 0.044960 0.013373 0.009952
v 0.044975 0.013217 0.009934
v 0.044974 0.013099 0.009986
v 0.044961 0.013127 0.010051
v 0.044976 0.013347 0.009897
v 0.044976 0.013334 0.009881
v 0.044926 0.013076 0.010113
v 0.044904 0.013082 0.010137
v 0.044853 0.013039 0.010159
v 0.044870 0.013041 0.010151
v 0.044946 0.013085 0.010087
v 0.044935 0.013060 0.010097
v 0.044892 0.013046 0.010138
v 0.044968 0.013083 0.010030
v 0.044958 0.013105 0.010064
v 0.044958 0.011544 0.008270
v 0.044958 0.011543 0.008200
v 0.044942 0.011467 0.008200
v 0.044959 0.011625 0.008673
v 0.044941 0.011897 0.009307
v 0.044957 0.011931 0.009277
v 0.044961 0.011859 0.009120
v 0.044973 0.013013 0.009954
v 0.044972 0.012910 0.009912
v 0.044970 0.012745 0.009835
v 0.044860 0.012425 0.009860
v 0.044905 0.012381 0.009793
v 0.044862 0.012364 0.009820
v 0.044942 0.011578 0.008774
v 0.044921 0.011544 0.008788
v 0.044915 0.011867 0.009333
v 0.044939 0.012404 0.009757
v 0.044961 0.012432 0.009714
v 0.044965 0.012242 0.009515
v 0.044898 0.011402 0.008200
v 0.044893 0.011523 0.008818
v 0.044889 0.011634 0.009050
v 0.044881 0.011844 0.009354
v 0.044876 0.011992 0.009515
v 0.042970 0.009574 0.008629
v 0.042916 0.009611 0.008876
v 0.042939 0.009791 0.009157
v 0.043217 0.009757 0.008200
v 0.043122 0.009669 0.008331
v 0.043065 0.010141 0.009437
v 0.043363 0.010793 0.009750
v 0.043844 0.011742 0.010031
v 0.043378 0.009915 0.007985
v 0.043780 0.010308 0.007298
v 0.044898 0.011402 0.001400
v 0.043217 0.009757 0.001400
v 0.043380 0.009916 0.001617
v 0.043780 0.010308 0.002301
v 0.044062 0.010585 0.003047
v 0.044898 0.011402 0.004800
v 0.044235 0.010754 0.003872
v 0.044295 0.010812 0.004800
v 0.044235 0.010753 0.005728
v 0.044062 0.010584 0.006555
v 0.044942 0.011467 0.004800
v 0.044958 0.011543 0.004800
v 0.044973 0.013010 0.009482
v 0.044962 0.012001 0.000308
v 0.044967 0.012456 0.001082
v 0.044973 0.013010 0.000118
v 0.044976 0.013334 -0.000281
v 0.044975 0.013217 -0.000334
v 0.044967 0.012456 0.008518
v 0.044967 0.012479 -0.000086
v 0.044974 0.013099 -0.000386
v 0.044960 0.011811 0.005449
v 0.044959 0.011688 0.000773
v 0.044958 0.011552 0.001220
v 0.044958 0.011543 0.001400
v 0.044962 0.011933 0.006688
v 0.044960 0.011797 0.004800
v 0.044960 0.011811 0.004151
v 0.044962 0.011933 0.002912
v 0.010717 0.022835 0.005300
v 0.010484 0.023239 0.005240
v 0.011115 0.023138 0.004800
v 0.010364 0.023683 0.005066
v 0.010359 0.024128 0.004800
v 0.047429 0.023652 0.012666
v 0.046806 0.023098 0.012777
v 0.047916 0.024193 0.012587
v 0.049020 0.025368 0.012384
v 0.049381 0.025907 0.012335
v 0.050476 0.026857 0.012063
v 0.051866 0.027508 0.011493
v 0.052275 0.027502 0.011208
v 0.051329 0.027352 0.011761
v 0.050158 0.026722 0.012170
v 0.050736 0.027167 0.012007
v 0.050846 0.027115 0.011948
v 0.050969 0.027295 0.011926
v 0.051275 0.027413 0.011803
v 0.045851 0.020100 0.012681
v 0.046616 0.020085 0.012400
v 0.045830 0.020098 0.012400
v 0.045074 0.019959 0.012893
v 0.044298 0.019641 0.012400
v 0.044333 0.019660 0.013048
v 0.043662 0.019211 0.013157
v 0.043079 0.018608 0.012400
v 0.043136 0.018680 0.013223
v 0.042691 0.018002 0.013258
v 0.042427 0.017354 0.012400
v 0.042401 0.017265 0.013253
v 0.042376 0.017172 0.012400
v 0.042265 0.016484 0.013204
v 0.042256 0.016197 0.012400
v 0.042276 0.015816 0.013123
v 0.042308 0.015575 0.012400
v 0.042481 0.014907 0.012400
v 0.042343 0.015393 0.012657
v 0.042284 0.015744 0.013008
v 0.048436 0.016345 0.004800
v 0.047074 0.017398 0.004800
v 0.048581 0.016611 0.005624
v 0.047257 0.017636 0.005624
v 0.044371 0.015982 0.005624
v 0.044668 0.016020 0.004800
v 0.044459 0.015612 0.005624
v 0.044918 0.015365 0.004800
v 0.044670 0.015196 0.005624
v 0.045437 0.014895 0.004800
v 0.045294 0.014632 0.005624
v 0.044356 0.016205 0.005624
v 0.044369 0.016427 0.005624
v 0.044743 0.016717 0.004800
v 0.044461 0.016818 0.005624
v 0.044649 0.017197 0.005624
v 0.045127 0.017303 0.004800
v 0.044921 0.017521 0.005624
v 0.045242 0.017763 0.005624
v 0.045735 0.017652 0.004800
v 0.045650 0.017940 0.005624
v 0.046024 0.018007 0.005624
v 0.046435 0.017686 0.004800
v 0.046490 0.017981 0.005624
v 0.046572 0.014276 0.004800
v 0.046400 0.014028 0.005624
v 0.046366 0.014047 0.006384
v 0.046311 0.014077 0.007082
v 0.045294 0.014632 0.009300
v 0.046099 0.014192 0.008483
v 0.045863 0.014321 0.009370
v 0.044890 0.014933 0.009300
v 0.044548 0.015402 0.009300
v 0.044459 0.015612 0.009300
v 0.044374 0.015956 0.009300
v 0.044385 0.016536 0.009300
v 0.044580 0.017082 0.009300
v 0.044939 0.017538 0.009300
v 0.045242 0.017763 0.009300
v 0.045424 0.017857 0.009300
v 0.045986 0.018004 0.009300
v 0.046565 0.017965 0.009300
v 0.047101 0.017744 0.009300
v 0.047257 0.017636 0.009300
v 0.047596 0.017374 0.009330
v 0.048075 0.017003 0.009491
v 0.048275 0.016848 0.008688
v 0.048475 0.016694 0.007365
v 0.047318 0.018095 0.009616
v 0.047857 0.017627 0.009616
v 0.048148 0.017250 0.009650
v 0.045039 0.013938 0.010033
v 0.045180 0.014226 0.009616
v 0.045220 0.013858 0.010033
v 0.045484 0.013995 0.009727
v 0.044599 0.014639 0.009616
v 0.044180 0.015216 0.009616
v 0.043979 0.016610 0.009616
v 0.044219 0.017282 0.009616
v 0.046659 0.018367 0.009616
v 0.045947 0.018415 0.009616
v 0.045257 0.018234 0.009616
v 0.044660 0.017843 0.009616
v 0.044374 0.014411 0.010033
v 0.044032 0.014830 0.010033
v 0.043893 0.015072 0.010033
v 0.043966 0.015897 0.009616
v 0.043648 0.015851 0.010033
v 0.043623 0.016202 0.010033
v 0.043938 0.017437 0.010033
v 0.043700 0.016836 0.010033
v 0.043664 0.016668 0.010033
v 0.044157 0.017768 0.010033
v 0.044444 0.018079 0.010033
v 0.044949 0.018439 0.010033
v 0.045127 0.018527 0.010033
v 0.045917 0.018734 0.010033
v 0.048209 0.017696 0.010033
v 0.048103 0.017832 0.010033
v 0.047487 0.018367 0.010033
v 0.046975 0.018609 0.010033
v 0.046731 0.018679 0.010033
v 0.043372 0.014005 0.011798
v 0.042965 0.014306 0.012082
v 0.043906 0.013781 0.011381
v 0.044395 0.013714 0.010938
v 0.044950 0.013776 0.010353
v 0.042559 0.014786 0.012347
v 0.047337 0.019654 0.011948
v 0.047178 0.019778 0.012070
v 0.047632 0.019360 0.011667
v 0.047926 0.018918 0.011246
v 0.048133 0.018356 0.010697
v 0.048202 0.017903 0.010243
v 0.037761 0.018082 0.013903
v 0.036418 0.018924 0.013990
v 0.036608 0.019144 0.013975
v 0.035948 0.019240 0.014010
v 0.035346 0.020305 0.014013
v 0.034183 0.020534 0.014052
v 0.034503 0.021078 0.014020
v 0.033974 0.020700 0.014053
v 0.034367 0.021203 0.014020
v 0.034351 0.021217 0.014020
v 0.038928 0.017420 0.013788
v 0.038833 0.017289 0.013593
v 0.036471 0.018695 0.013788
v 0.033744 0.020675 0.013860
v 0.033847 0.020802 0.014054
v 0.033605 0.020504 0.013706
v 0.034773 0.019291 0.013598
v 0.033446 0.020307 0.013618
v 0.035192 0.018682 0.013560
v 0.033287 0.020111 0.013598
v 0.036204 0.018306 0.013542
v 0.038585 0.016891 0.013343
v 0.037122 0.017435 0.013451
v 0.038752 0.016516 0.013281
v 0.041203 0.016117 0.013189
v 0.040913 0.016419 0.013472
v 0.039273 0.017235 0.013746
v 0.040018 0.016676 0.013426
v 0.041082 0.015939 0.013029
v 0.034924 0.019494 0.013687
v 0.041612 0.015168 0.012690
v 0.040958 0.015723 0.012930
v 0.039900 0.016494 0.013267
v 0.040226 0.015782 0.013038
v 0.039775 0.016277 0.013171
v 0.038714 0.017107 0.013436
v 0.036345 0.018515 0.013633
v 0.035056 0.019670 0.013841
v 0.025189 0.030413 0.012661
v 0.025276 0.030421 0.012763
v 0.025019 0.030149 0.012487
v 0.024794 0.030416 0.012360
v 0.024660 0.029879 0.012399
v 0.024263 0.030466 0.012162
v 0.025228 0.029933 0.012601
v 0.025033 0.029772 0.012511
v 0.025623 0.028464 0.012822
v 0.026434 0.027766 0.013031
v 0.026233 0.027614 0.013009
v 0.033045 0.020308 0.013599
v 0.032080 0.021467 0.013612
v 0.031335 0.021806 0.013581
v 0.030778 0.022692 0.013577
v 0.029721 0.023410 0.013512
v 0.028359 0.025316 0.013390
v 0.028184 0.025131 0.013373
v 0.026689 0.027001 0.013122
v 0.028710 0.025636 0.013632
v 0.030393 0.023998 0.013969
v 0.031107 0.023034 0.013818
v 0.032070 0.022341 0.014039
v 0.032395 0.021822 0.013853
v 0.026904 0.028198 0.013465
v 0.027187 0.027817 0.013537
v 0.026792 0.028077 0.013273
v 0.027442 0.027479 0.013595
v 0.028794 0.025790 0.013821
v 0.025384 0.030090 0.012754
v 0.026083 0.029348 0.013203
v 0.026640 0.028562 0.013390
v 0.025347 0.030433 0.012871
v 0.026629 0.027927 0.013120
v 0.028549 0.025485 0.013478
v 0.030955 0.022874 0.013665
v 0.032249 0.021657 0.013700
v 0.028610 0.026522 0.013744
v 0.030951 0.024384 0.013937
v 0.034374 0.021249 0.014019
v 0.044885 0.021787 0.013105
v 0.045765 0.022318 0.012958
v 0.034813 0.021852 0.013980
v 0.035249 0.022460 0.013941
v 0.036253 0.021841 0.013926
v 0.036793 0.021567 0.013911
v 0.037418 0.021298 0.013887
v 0.038562 0.020933 0.013827
v 0.038770 0.020885 0.013814
v 0.039746 0.020724 0.013742
v 0.040842 0.020679 0.013642
v 0.042298 0.019715 0.013436
v 0.044603 0.021640 0.013150
v 0.048029 0.020715 0.011865
v 0.048524 0.020308 0.011380
v 0.048930 0.019973 0.010821
v 0.049267 0.019697 0.010167
v 0.049542 0.019474 0.009395
v 0.049758 0.019301 0.008481
v 0.049914 0.019177 0.007415
v 0.050006 0.019104 0.006189
v 0.051500 0.021720 0.004800
v 0.052259 0.023146 0.004800
v 0.052230 0.023167 0.006136
v 0.054263 0.027113 0.004800
v 0.054186 0.027138 0.006727
v 0.052142 0.023232 0.007317
v 0.051992 0.023342 0.008348
v 0.054004 0.027196 0.008043
v 0.051783 0.023497 0.009233
v 0.053724 0.027278 0.009104
v 0.051516 0.023697 0.009983
v 0.053351 0.027370 0.009948
v 0.051190 0.023944 0.010619
v 0.052882 0.027455 0.010630
v 0.050797 0.024244 0.011163
v 0.052347 0.027501 0.011151
v 0.050319 0.024608 0.011636
v 0.049733 0.025050 0.012052
v 0.047424 0.021207 0.012290
v 0.046695 0.021795 0.012655
v 0.040966 0.020683 0.013629
v 0.042152 0.020812 0.013496
v 0.042993 0.021009 0.013387
v 0.043374 0.021128 0.013334
v 0.032999 0.024380 0.013909
v 0.033152 0.024227 0.013915
v 0.034084 0.023363 0.013938
v 0.034927 0.022689 0.013942
v 0.030931 0.026786 0.013751
v 0.031752 0.025758 0.013835
v 0.028484 0.030460 0.013197
v 0.029503 0.028812 0.013504
v 0.030620 0.027201 0.013710
v 0.027637 0.031979 0.012786
v 0.052839 0.027461 0.010660
v 0.053056 0.027423 0.010340
v 0.053900 0.027228 0.008334
v 0.053329 0.027375 0.009936
v 0.053570 0.027318 0.009420
v 0.053704 0.027283 0.009052
v 0.054202 0.027133 0.004800
v 0.054140 0.027154 0.006612
v 0.054087 0.027170 0.007174
v 0.053968 0.027207 0.007995
v 0.027624 0.032004 0.012685
v 0.028457 0.030506 0.013088
v 0.029498 0.028820 0.013401
v 0.030674 0.027128 0.013613
v 0.030931 0.026786 0.013646
v 0.031894 0.025590 0.013739
v 0.033152 0.024227 0.013807
v 0.033172 0.024207 0.013808
v 0.034274 0.023201 0.013832
v 0.034452 0.023055 0.013834
v 0.034927 0.022689 0.013835
v 0.035614 0.022218 0.013831
v 0.036793 0.021567 0.013806
v 0.037987 0.021096 0.013758
v 0.038770 0.020885 0.013715
v 0.039139 0.020811 0.013692
v 0.039666 0.020733 0.013654
v 0.040340 0.020682 0.013601
v 0.040842 0.020679 0.013556
v 0.041241 0.020698 0.013518
v 0.041517 0.020722 0.013490
v 0.042691 0.020928 0.013361
v 0.042993 0.021009 0.013324
v 0.043923 0.021332 0.013204
v 0.044238 0.021467 0.013161
v 0.044885 0.021787 0.013070
v 0.045042 0.021874 0.013047
v 0.045549 0.022177 0.012972
v 0.046174 0.022604 0.012875
v 0.024281 0.031343 0.013160
v 0.023758 0.032181 0.012707
v 0.023693 0.032289 0.012625
v 0.023255 0.033012 0.012096
v 0.022876 0.033654 0.011437
v 0.022584 0.034156 0.010707
v 0.022671 0.034006 0.010922
v 0.022843 0.033709 0.011346
v 0.023115 0.033246 0.011850
v 0.023199 0.033106 0.011984
v 0.021728 0.035674 0.004800
v 0.021972 0.035235 0.004800
v 0.021972 0.035235 0.004835
v 0.021734 0.035662 0.005725
v 0.021987 0.035208 0.006262
v 0.021797 0.035549 0.007449
v 0.022054 0.035089 0.007714
v 0.021915 0.035336 0.008775
v 0.022191 0.034845 0.009007
v 0.022050 0.035095 0.009671
v 0.022364 0.034540 0.009932
v 0.022088 0.035028 0.009867
v 0.022268 0.034710 0.010624
v 0.022313 0.034631 0.010779
v 0.022584 0.034157 0.011537
v 0.022928 0.033565 0.012223
v 0.023370 0.032821 0.012854
v 0.023963 0.031850 0.013450
v 0.024657 0.030755 0.013938
v 0.024733 0.030638 0.013458
v 0.024735 0.030634 0.013984
v 0.025065 0.030132 0.013638
v 0.025520 0.029458 0.014356
v 0.025891 0.028921 0.013983
v 0.026612 0.027918 0.014707
v 0.027995 0.026127 0.014477
v 0.027995 0.026127 0.014980
v 0.027563 0.026667 0.014406
v 0.026364 0.028257 0.014133
v 0.029525 0.024344 0.015152
v 0.028884 0.025066 0.014590
v 0.028927 0.025016 0.014595
v 0.030873 0.022962 0.015230
v 0.030391 0.023433 0.014707
v 0.031321 0.022552 0.015245
v 0.031321 0.022552 0.014744
v 0.031869 0.022089 0.015257
v 0.031638 0.022279 0.014752
v 0.032809 0.021400 0.015264
v 0.032774 0.021423 0.014764
v 0.033236 0.021132 0.015262
v 0.033236 0.021132 0.014762
v 0.033909 0.020766 0.015254
v 0.041961 0.019332 0.014178
v 0.041961 0.019332 0.014683
v 0.039616 0.019442 0.014452
v 0.039718 0.019434 0.014945
v 0.038710 0.019526 0.014530
v 0.038129 0.019596 0.015074
v 0.038129 0.019596 0.014573
v 0.037723 0.019653 0.015101
v 0.036842 0.019806 0.014651
v 0.036050 0.019985 0.015190
v 0.035385 0.020175 0.014716
v 0.035284 0.020207 0.015220
v 0.035284 0.020207 0.014719
v 0.034796 0.020380 0.015235
v 0.034197 0.020630 0.014748
v 0.033909 0.020766 0.014754
v 0.042825 0.019327 0.014043
v 0.043775 0.019344 0.014375
v 0.042224 0.019328 0.014139
v 0.043962 0.019350 0.013827
v 0.043982 0.019351 0.013823
v 0.045517 0.019432 0.013957
v 0.045695 0.019445 0.013391
v 0.045882 0.019459 0.013848
v 0.045880 0.019459 0.013335
v 0.046960 0.019558 0.013472
v 0.047094 0.019572 0.012896
v 0.048127 0.019693 0.012936
v 0.048259 0.019710 0.012326
v 0.049188 0.019840 0.012268
v 0.049226 0.019846 0.011668
v 0.050004 0.019969 0.011559
v 0.050004 0.019969 0.010927
v 0.050294 0.020016 0.011244
v 0.050594 0.020066 0.010130
v 0.050004 0.019969 -0.001327
v 0.050004 0.019969 -0.001959
v 0.050294 0.020016 -0.001644
v 0.050599 0.020067 -0.000523
v 0.050917 0.020120 -0.000774
v 0.051037 0.020139 0.000335
v 0.051243 0.020173 -0.000153
v 0.051403 0.020200 0.001437
v 0.051407 0.020201 0.008145
v 0.051642 0.020239 0.008673
v 0.051038 0.020139 0.009262
v 0.051243 0.020173 0.009753
v 0.050917 0.020120 0.010374
v 0.051753 0.020258 0.005347
v 0.052102 0.020315 0.004800
v 0.051652 0.020241 0.006794
v 0.052053 0.020307 0.006233
v 0.051873 0.020278 0.007686
v 0.051642 0.020239 0.000927
v 0.051873 0.020278 0.001914
v 0.051647 0.020240 0.002766
v 0.052053 0.020307 0.003367
v 0.051754 0.020258 0.004302
v 0.051760 0.020259 0.004800
v 0.034641 0.021560 0.015199
v 0.053267 0.022484 0.004800
v 0.053236 0.022506 0.006200
v 0.052411 0.023105 0.010534
v 0.052734 0.022871 0.009629
v 0.052975 0.022695 0.008609
v 0.053141 0.022575 0.007468
v 0.048460 0.020111 0.012868
v 0.047737 0.020681 0.013376
v 0.046903 0.021337 0.013795
v 0.046894 0.023172 0.014005
v 0.045937 0.022435 0.014162
v 0.045953 0.022085 0.014131
v 0.045530 0.022165 0.014228
v 0.044866 0.021777 0.014332
v 0.043982 0.021356 0.014464
v 0.043755 0.021265 0.014497
v 0.042602 0.020906 0.014651
v 0.041399 0.020710 0.014790
v 0.040200 0.020688 0.014907
v 0.039012 0.020834 0.015000
v 0.037823 0.021150 0.015071
v 0.036830 0.021549 0.015111
v 0.036708 0.021607 0.015115
v 0.035590 0.022233 0.015140
v 0.035375 0.022374 0.015142
v 0.047886 0.024103 0.013840
v 0.050391 0.026788 0.013385
v 0.049920 0.026357 0.013489
v 0.049373 0.025310 0.013534
v 0.049678 0.026107 0.013537
v 0.050989 0.027198 0.013221
v 0.050189 0.024718 0.013118
v 0.051579 0.027427 0.013011
v 0.052220 0.027502 0.012708
v 0.050895 0.024206 0.012616
v 0.052891 0.027454 0.012279
v 0.051497 0.023769 0.012022
v 0.053547 0.027324 0.011696
v 0.052000 0.023403 0.011330
v 0.054042 0.027184 0.011080
v 0.054504 0.027028 0.010266
v 0.054818 0.026909 0.009463
v 0.055117 0.026788 0.008267
v 0.055310 0.026707 0.006790
v 0.055385 0.026676 0.004800
v 0.023267 0.032991 0.010477
v 0.023126 0.033230 0.010140
v 0.023267 0.032991 0.007300
v 0.022922 0.033575 0.009466
v 0.022748 0.033874 0.008517
v 0.022729 0.033905 0.008376
v 0.022644 0.034052 0.007489
v 0.022634 0.034071 0.007300
v 0.024809 0.033175 0.007300
v 0.024896 0.033280 0.007300
v 0.024896 0.033280 0.004800
v 0.024809 0.033175 0.004800
v 0.024778 0.033038 0.004800
v 0.024778 0.033038 0.007300
v 0.024813 0.032902 0.004800
v 0.024813 0.032902 0.007300
v 0.024906 0.032796 0.004800
v 0.024906 0.032796 0.007300
v 0.025037 0.032745 0.004800
v 0.025037 0.032745 0.007300
v 0.027525 0.035056 0.007300
v 0.027611 0.034980 0.007300
v 0.027611 0.034980 0.004800
v 0.027525 0.035056 0.004800
v 0.027414 0.035095 0.004800
v 0.027414 0.035095 0.007300
v 0.027297 0.035088 0.004800
v 0.027297 0.035088 0.007300
v 0.027191 0.035036 0.004800
v 0.027191 0.035036 0.007300
v 0.029389 0.032656 0.007300
v 0.029389 0.032656 0.004800
v 0.027611 0.034980 0.002300
v 0.029389 0.032656 0.002300
v 0.029433 0.032577 0.004800
v 0.029200 0.032178 0.007300
v 0.029109 0.032177 0.007300
v 0.029109 0.032177 0.004800
v 0.029433 0.032577 0.007300
v 0.029450 0.032447 0.007300
v 0.029450 0.032447 0.004800
v 0.029410 0.032323 0.007300
v 0.029410 0.032323 0.004800
v 0.029321 0.032227 0.007300
v 0.029321 0.032227 0.004800
v 0.029200 0.032178 0.004800
v 0.024896 0.033280 0.002300
v 0.027191 0.035036 0.002300
v 0.030992 0.041034 0.008900
v 0.030992 0.041034 0.009781
v 0.029009 0.039639 0.008900
v 0.030007 0.040341 0.009785
v 0.029009 0.039639 0.009790
v 0.029226 0.037223 0.010100
v 0.029226 0.037223 0.008900
v 0.029096 0.038673 0.010100
v 0.029049 0.039195 0.010018
v 0.029258 0.033193 0.010759
v 0.029243 0.033223 0.010100
v 0.028750 0.034204 0.010100
v 0.029088 0.033524 0.011268
v 0.029274 0.033163 0.011419
v 0.028262 0.035248 0.010100
v 0.028578 0.034562 0.010693
v 0.028845 0.034009 0.011030
v 0.028891 0.033915 0.011080
v 0.035274 0.031885 0.007300
v 0.035274 0.031885 0.010100
v 0.034582 0.031561 0.010100
v 0.034582 0.031561 0.007300
v 0.033820 0.031520 0.010100
v 0.033820 0.031520 0.007300
v 0.027948 0.037874 0.010100
v 0.031888 0.040619 0.010100
v 0.033192 0.040015 0.010100
v 0.032313 0.040916 0.010100
v 0.032816 0.041172 0.010100
v 0.032744 0.041217 0.010100
v 0.034959 0.033531 0.010100
v 0.034283 0.033149 0.010100
v 0.033409 0.037600 0.010100
v 0.036433 0.036335 0.010100
v 0.033697 0.040325 0.010100
v 0.032455 0.034225 0.010100
v 0.032462 0.035001 0.010100
v 0.031426 0.036204 0.010100
v 0.032856 0.035670 0.010100
v 0.033507 0.033155 0.010100
v 0.027933 0.032341 0.010100
v 0.035725 0.032213 0.010100
v 0.036508 0.033056 0.010100
v 0.035353 0.034200 0.010100
v 0.036916 0.034130 0.010100
v 0.035359 0.034977 0.010100
v 0.036890 0.035280 0.010100
v 0.034977 0.035652 0.010100
v 0.034308 0.036046 0.010100
v 0.033531 0.036053 0.010100
v 0.026788 0.037066 0.010100
v 0.027177 0.037002 0.010100
v 0.027561 0.036920 0.010100
v 0.032838 0.033549 0.010100
v 0.035725 0.032213 0.007300
v 0.036508 0.033056 0.007300
v 0.036916 0.034130 0.007300
v 0.036890 0.035280 0.007300
v 0.036433 0.036335 0.007300
v 0.033697 0.040325 0.007300
v 0.031478 0.041624 0.007300
v 0.031469 0.041625 0.009546
v 0.032816 0.041172 0.007300
v 0.031792 0.041579 0.009790
v 0.032288 0.041436 0.010023
v 0.030286 0.041491 0.007300
v 0.030850 0.041615 0.008582
v 0.031185 0.041636 0.009203
v 0.031362 0.041632 0.009440
v 0.026653 0.037086 0.010097
v 0.026429 0.037121 0.010076
v 0.025753 0.037252 0.009866
v 0.025349 0.037383 0.009521
v 0.025223 0.037491 0.009184
v 0.031637 0.040736 0.010078
v 0.031401 0.040845 0.010015
v 0.031173 0.040950 0.009908
v 0.033192 0.040015 0.008900
v 0.033409 0.037600 0.008900
v 0.031426 0.036204 0.008900
v 0.032261 0.037550 0.008900
v 0.030157 0.039689 0.008900
v 0.030833 0.040071 0.008900
v 0.031610 0.040065 0.008900
v 0.032279 0.039671 0.008900
v 0.032661 0.038995 0.008900
v 0.032655 0.038219 0.008900
v 0.029757 0.038243 0.008900
v 0.029764 0.039020 0.008900
v 0.031585 0.037167 0.008900
v 0.030809 0.037174 0.008900
v 0.030140 0.037568 0.008900
v 0.026780 0.039003 0.007300
v 0.026652 0.038952 0.007300
v 0.027042 0.038910 0.007300
v 0.026925 0.038988 0.007300
v 0.029764 0.039020 0.007300
v 0.030157 0.039689 0.007300
v 0.030833 0.040071 0.007300
v 0.030140 0.037568 0.007300
v 0.027399 0.037417 0.007300
v 0.027434 0.037559 0.007300
v 0.034959 0.033531 0.007300
v 0.034283 0.033149 0.007300
v 0.033507 0.033155 0.007300
v 0.035353 0.034200 0.007300
v 0.032838 0.033549 0.007300
v 0.032455 0.034225 0.007300
v 0.029757 0.038243 0.007300
v 0.027424 0.037639 0.007300
v 0.027113 0.038782 0.007300
v 0.034308 0.036046 0.007300
v 0.034977 0.035652 0.007300
v 0.035359 0.034977 0.007300
v 0.030809 0.037174 0.007300
v 0.032462 0.035001 0.007300
v 0.032856 0.035670 0.007300
v 0.031585 0.037167 0.007300
v 0.033531 0.036053 0.007300
v 0.032261 0.037550 0.007300
v 0.032655 0.038219 0.007300
v 0.032661 0.038995 0.007300
v 0.032279 0.039671 0.007300
v 0.031610 0.040065 0.007300
v 0.027305 0.037310 0.007300
v 0.025697 0.036194 0.007300
v 0.022602 0.034125 0.006558
v 0.022680 0.034266 0.004800
v 0.025646 0.036326 0.004800
v 0.022632 0.034205 0.005735
v 0.025655 0.036304 0.005892
v 0.025674 0.036254 0.006724
v 0.027273 0.037432 0.005873
v 0.027268 0.037452 0.004800
v 0.027340 0.037483 0.006067
v 0.027386 0.037566 0.006071
v 0.027404 0.037659 0.006076
v 0.027394 0.037749 0.006052
v 0.027332 0.037513 0.004800
v 0.027378 0.037596 0.004800
v 0.027396 0.037689 0.004800
v 0.027386 0.037777 0.004800
v 0.027424 0.037639 0.002300
v 0.027113 0.038782 0.002300
v 0.027394 0.037749 0.003548
v 0.027085 0.038885 0.003546
v 0.027078 0.038912 0.004800
v 0.027085 0.038885 0.006054
v 0.027016 0.039029 0.004800
v 0.026891 0.039115 0.004800
v 0.026739 0.039129 0.004800
v 0.026617 0.039079 0.004800
v 0.025141 0.037733 0.008186
v 0.025080 0.037912 0.006829
v 0.025054 0.037988 0.004800
v 0.027752 0.031141 0.014229
v 0.026572 0.032158 0.013839
v 0.028583 0.030293 0.014454
v 0.023399 0.036835 0.004800
v 0.025398 0.036991 0.010418
v 0.025257 0.037392 0.009486
v 0.025561 0.036550 0.011135
v 0.027672 0.031912 0.014051
v 0.026985 0.033258 0.013579
v 0.026509 0.034268 0.013097
v 0.025563 0.033027 0.013367
v 0.026118 0.035160 0.012530
v 0.024714 0.033758 0.012808
v 0.025814 0.035897 0.011901
v 0.029632 0.028617 0.014743
v 0.034197 0.023266 0.015141
v 0.033133 0.024245 0.015116
v 0.032001 0.025466 0.015057
v 0.031768 0.025739 0.015039
v 0.030817 0.026937 0.014942
v 0.055387 0.027783 0.004800
v 0.055354 0.027796 0.006242
v 0.053961 0.029282 0.010683
v 0.054317 0.028164 0.010524
v 0.054658 0.028053 0.009860
v 0.034666 0.024227 0.014645
v 0.033573 0.025274 0.014612
v 0.037259 0.022490 0.014626
v 0.035884 0.023278 0.014651
v 0.030792 0.028744 0.014322
v 0.032575 0.026387 0.014550
v 0.029987 0.029973 0.014139
v 0.029233 0.031226 0.013891
v 0.028529 0.032498 0.013554
v 0.027879 0.033777 0.013087
v 0.027294 0.035034 0.012422
v 0.027035 0.035632 0.011985
v 0.026807 0.036185 0.011464
v 0.026617 0.036667 0.010861
v 0.026468 0.037060 0.010196
v 0.028448 0.034841 0.012172
v 0.028289 0.035187 0.011963
v 0.027924 0.036024 0.011304
v 0.027843 0.036219 0.011103
v 0.028836 0.034028 0.012569
v 0.029348 0.033021 0.012939
v 0.028884 0.033930 0.012610
v 0.031495 0.029428 0.013696
v 0.030913 0.030316 0.013564
v 0.030814 0.030475 0.013538
v 0.030126 0.031615 0.013315
v 0.033334 0.026985 0.013937
v 0.032942 0.027461 0.013902
v 0.031624 0.029239 0.013721
v 0.034813 0.025400 0.014017
v 0.033697 0.026564 0.013964
v 0.036703 0.023896 0.014034
v 0.035388 0.024880 0.014030
v 0.035307 0.024949 0.014029
v 0.037656 0.023371 0.014016
v 0.040390 0.021712 0.014445
v 0.040139 0.022696 0.013896
v 0.039576 0.021785 0.014508
v 0.038988 0.022889 0.013965
v 0.038776 0.021945 0.014559
v 0.038558 0.023013 0.013985
v 0.038282 0.023109 0.013996
v 0.042074 0.022837 0.013733
v 0.041954 0.022811 0.013745
v 0.042018 0.021833 0.014287
v 0.041796 0.022780 0.013760
v 0.041208 0.021728 0.014371
v 0.040388 0.022682 0.013878
v 0.040272 0.022687 0.013886
v 0.043562 0.022292 0.014101
v 0.043773 0.023462 0.013548
v 0.043629 0.023390 0.013565
v 0.044404 0.023820 0.013471
v 0.044961 0.023014 0.013908
v 0.045319 0.024467 0.013354
v 0.046206 0.023926 0.013722
v 0.045357 0.024497 0.013349
v 0.047308 0.024972 0.013552
v 0.046570 0.025621 0.013180
v 0.048272 0.026057 0.013408
v 0.047080 0.026184 0.013111
v 0.047190 0.026310 0.013097
v 0.049182 0.027056 0.013267
v 0.048459 0.027725 0.012933
v 0.050631 0.028155 0.012965
v 0.049527 0.028642 0.012763
v 0.050129 0.027860 0.013085
v 0.048875 0.028122 0.012872
v 0.048767 0.028024 0.012888
v 0.051529 0.029452 0.012259
v 0.051490 0.029446 0.012272
v 0.051697 0.028481 0.012627
v 0.050764 0.029272 0.012492
v 0.051153 0.028362 0.012817
v 0.050199 0.029040 0.012629
v 0.050157 0.029019 0.012638
v 0.053385 0.028401 0.011637
v 0.053888 0.028286 0.011125
v 0.053817 0.029315 0.010850
v 0.053269 0.029420 0.011355
v 0.052839 0.029474 0.011652
v 0.052832 0.028485 0.012053
v 0.052085 0.029500 0.012042
v 0.052261 0.028518 0.012378
v 0.054831 0.029032 0.009018
v 0.054693 0.029076 0.009405
v 0.054579 0.029112 0.009676
v 0.054916 0.027962 0.009159
v 0.055226 0.027845 0.007694
v 0.055080 0.028946 0.007929
v 0.055230 0.028892 0.006219
v 0.055254 0.028883 0.005312
v 0.055257 0.028882 0.004800
v 0.043150 0.023176 0.013620
v 0.042806 0.022024 0.014196
v 0.054630 0.029096 0.004800
v 0.054150 0.028167 0.004800
v 0.054130 0.028163 0.005998
v 0.054537 0.029125 0.007374
v 0.054056 0.028152 0.007152
v 0.054015 0.028148 0.007526
v 0.053503 0.028238 0.009448
v 0.054169 0.029229 0.009118
v 0.053673 0.028199 0.009031
v 0.054201 0.029221 0.009031
v 0.053808 0.028166 0.008607
v 0.054485 0.029141 0.007840
v 0.054498 0.029137 0.007740
v 0.052027 0.028415 0.011107
v 0.052584 0.029493 0.011107
v 0.052459 0.028405 0.010805
v 0.052732 0.029483 0.011008
v 0.052601 0.028394 0.010686
v 0.053265 0.029420 0.010568
v 0.052942 0.028349 0.010339
v 0.053476 0.029385 0.010340
v 0.053085 0.028325 0.010160
v 0.053616 0.029358 0.010163
v 0.054055 0.029259 0.009400
v 0.040138 0.022696 0.013421
v 0.039330 0.022810 0.013446
v 0.038345 0.023086 0.013465
v 0.038282 0.023109 0.013466
v 0.037277 0.023561 0.013480
v 0.036711 0.023891 0.013488
v 0.036703 0.023896 0.013488
v 0.040325 0.022684 0.013415
v 0.041306 0.022711 0.013370
v 0.041954 0.022811 0.013330
v 0.042317 0.022897 0.013304
v 0.043409 0.023287 0.013213
v 0.043629 0.023390 0.013192
v 0.044321 0.023769 0.013121
v 0.044787 0.024071 0.013069
v 0.045383 0.024518 0.013000
v 0.045319 0.024467 0.013008
v 0.046296 0.025339 0.012893
v 0.047190 0.026310 0.012793
v 0.048875 0.028122 0.012564
v 0.048576 0.027842 0.012615
v 0.047476 0.026640 0.012761
v 0.049360 0.028521 0.012465
v 0.049595 0.028688 0.012409
v 0.050127 0.029004 0.012261
v 0.050199 0.029040 0.012239
v 0.050865 0.029305 0.012000
v 0.051530 0.029452 0.011703
v 0.051685 0.029472 0.011625
v 0.043513 0.021640 0.013072
v 0.051515 0.028336 0.011391
v 0.051158 0.028214 0.011557
v 0.050604 0.027917 0.011773
v 0.050308 0.027705 0.011868
v 0.049953 0.027406 0.011967
v 0.049627 0.027092 0.012045
v 0.049107 0.026531 0.012150
v 0.048922 0.026316 0.012183
v 0.044039 0.021878 0.012996
v 0.047572 0.024729 0.012401
v 0.047304 0.024436 0.012445
v 0.046525 0.023658 0.012579
v 0.045489 0.022785 0.012760
v 0.044496 0.022124 0.012925
v 0.047679 0.024849 0.012383
v 0.039854 0.021219 0.013403
v 0.040595 0.021144 0.013364
v 0.041196 0.021139 0.013322
v 0.041623 0.021168 0.013287
v 0.042608 0.021341 0.013187
v 0.043503 0.021636 0.013074
v 0.036087 0.022683 0.013488
v 0.036984 0.022178 0.013476
v 0.037428 0.021964 0.013470
v 0.038557 0.021525 0.013448
v 0.039606 0.021260 0.013414
v 0.035166 0.023320 0.013491
v 0.035633 0.024674 0.013489
v 0.034695 0.023700 0.013485
v 0.034814 0.025400 0.013473
v 0.034104 0.024229 0.013470
v 0.034426 0.025782 0.013458
v 0.032987 0.025385 0.013413
v 0.033236 0.027102 0.013381
v 0.032338 0.026152 0.013357
v 0.032988 0.027404 0.013357
v 0.032039 0.026531 0.013324
v 0.032943 0.027460 0.013352
v 0.031837 0.026795 0.013299
v 0.032136 0.028517 0.013250
v 0.030756 0.028341 0.013113
v 0.030994 0.030190 0.013017
v 0.030186 0.029256 0.012968
v 0.030913 0.030317 0.012995
v 0.029090 0.031266 0.012523
v 0.028478 0.032587 0.012098
v 0.028874 0.032847 0.012198
v 0.030817 0.030469 0.012968
v 0.029816 0.029892 0.012847
v 0.030102 0.031656 0.012721
v 0.029369 0.032983 0.012344
v 0.029294 0.033124 0.012295
v 0.028104 0.032317 0.012387
v 0.028290 0.032451 0.012249
v 0.027919 0.032343 0.012435
v 0.028012 0.032330 0.012412
v 0.054202 0.027338 0.004800
v 0.027409 0.032414 0.012127
v 0.027537 0.032396 0.012178
v 0.027524 0.032194 0.012324
v 0.027179 0.032446 0.012061
v 0.027409 0.032414 -0.002527
v 0.027517 0.032399 -0.002570
v 0.027933 0.032341 -0.000500
v 0.023267 0.032991 0.002300
v 0.023267 0.032991 -0.000877
v 0.025037 0.032745 0.002300
v 0.023359 0.032979 -0.000945
v 0.027179 0.032446 -0.002461
v 0.033820 0.031520 -0.000500
v 0.033820 0.031520 0.002300
v 0.029109 0.032177 0.002300
v 0.027919 0.032343 -0.002835
v 0.028012 0.032330 -0.002812
v 0.028104 0.032317 -0.002787
v 0.023359 0.032979 0.010545
v 0.023357 0.032979 -0.000965
v 0.023502 0.032959 -0.001068
v 0.024352 0.032840 -0.001552
v 0.025528 0.032677 -0.002017
v 0.025516 0.032678 0.011613
v 0.023357 0.032979 0.010565
v 0.023454 0.032966 0.010634
v 0.024299 0.032848 0.011126
v 0.023467 0.032770 0.010774
v 0.024276 0.031335 0.011856
v 0.024011 0.031787 0.011582
v 0.024080 0.031666 0.011670
v 0.023847 0.032075 0.011379
v 0.023685 0.032362 0.011181
v 0.023648 0.032430 0.011125
v 0.010503 0.021511 0.012879
v 0.010516 0.021515 0.012889
v 0.010516 0.021556 0.012876
v 0.010503 0.021553 0.012866
v 0.010532 0.021636 0.012832
v 0.010519 0.021632 0.012821
v 0.010568 0.021694 0.012769
v 0.010555 0.021691 0.012758
v 0.010604 0.021720 0.012688
v 0.010630 0.021727 0.012709
v 0.010587 0.021704 0.012769
v 0.010552 0.021656 0.012827
v 0.010532 0.021590 0.012873
v 0.010529 0.021518 0.012900
v 0.010327 0.021460 0.010200
v 0.010327 0.021460 0.012501
v 0.010348 0.021559 0.012501
v 0.010511 0.021696 0.012501
v 0.010511 0.021696 0.010200
v 0.010420 0.021651 0.012501
v 0.010429 0.021657 0.010200
v 0.010420 0.021651 0.010200
v 0.010361 0.021583 0.010200
v 0.010348 0.021559 0.010200
v 0.010327 0.021457 0.012502
v 0.010327 0.021460 0.012512
v 0.010327 0.021461 0.012522
v 0.010333 0.021511 0.012510
v 0.010368 0.021593 0.012513
v 0.010512 0.021696 0.012504
v 0.010430 0.021658 0.012511
v 0.010512 0.021697 0.012512
v 0.010418 0.021648 0.012523
v 0.010380 0.021610 0.012525
v 0.010340 0.021537 0.012526
v 0.010352 0.021565 0.012526
v 0.010378 0.021480 0.012721
v 0.010388 0.021544 0.012709
v 0.010423 0.021619 0.012683
v 0.010542 0.021704 0.012609
v 0.010498 0.020818 0.013009
v 0.010288 0.016867 0.013285
v 0.010339 0.016864 0.013509
v 0.010470 0.016536 0.013727
v 0.010442 0.012163 0.014294
v 0.010299 0.012145 0.014120
v 0.010248 0.012122 0.013901
v 0.006018 -0.013245 0.011412
v 0.006089 -0.013198 0.011435
v 0.005382 -0.012156 0.011400
v 0.006807 -0.014239 0.011523
v 0.004989 -0.012465 0.010900
v 0.005779 -0.013471 0.010944
v 0.004995 -0.012460 0.010988
v 0.005783 -0.013460 0.011041
v 0.005018 -0.012442 0.011089
v 0.005803 -0.013437 0.011138
v 0.005053 -0.012415 0.011173
v 0.005839 -0.013401 0.011229
v 0.005104 -0.012375 0.011254
v 0.005313 -0.012210 0.011392
v 0.005234 -0.012273 0.011363
v 0.005951 -0.013302 0.011370
v 0.005168 -0.012325 0.011319
v 0.005889 -0.013355 0.011308
v 0.006709 -0.014325 0.011454
v 0.006628 -0.014403 0.011341
v 0.006582 -0.014458 0.011199
v 0.005788 -0.013482 0.010945
v 0.006574 -0.014483 0.011054
v 0.009053 -0.007456 0.007100
v 0.009766 -0.006755 0.007100
v 0.012559 -0.011022 0.007100
v 0.013272 -0.010320 0.007100
v 0.013272 -0.010320 0.002500
v 0.012559 -0.011022 0.002500
v 0.013961 -0.012448 0.009300
v 0.013961 -0.012448 0.004800
v 0.014197 -0.012809 0.009300
v 0.014197 -0.012809 0.004800
v 0.013948 -0.014003 0.004800
v 0.013948 -0.014003 0.009300
v 0.014186 -0.013656 0.004800
v 0.014186 -0.013656 0.009300
v 0.014276 -0.013233 0.004800
v 0.014276 -0.013233 0.009300
v 0.014277 -0.013215 0.009300
v 0.013377 -0.014564 0.009300
v 0.013377 -0.014564 0.004800
v 0.013377 -0.014564 0.000300
v 0.013948 -0.014003 0.000300
v 0.011822 -0.014551 0.004800
v 0.011822 -0.014551 0.009300
v 0.012177 -0.014792 0.004800
v 0.012177 -0.014792 0.009300
v 0.012597 -0.014880 0.004800
v 0.012597 -0.014880 0.009300
v 0.013018 -0.014800 0.004800
v 0.013018 -0.014800 0.009300
v 0.010630 -0.013339 0.002500
v 0.007834 -0.016088 0.002500
v 0.010630 -0.013339 0.007100
v 0.007834 -0.016088 0.007100
v 0.004354 -0.011656 0.007100
v 0.006704 -0.009346 0.007100
v 0.004354 -0.011656 0.002500
v 0.006704 -0.009346 0.002500
v 0.005512 -0.008133 0.009300
v 0.011822 -0.014551 0.000300
v 0.005512 -0.008133 0.000300
v 0.005512 -0.008133 0.004800
v 0.005525 -0.006578 0.004800
v 0.005525 -0.006578 0.009300
v 0.005283 -0.006933 0.004800
v 0.005283 -0.006933 0.009300
v 0.005196 -0.007353 0.004800
v 0.005196 -0.007353 0.009300
v 0.005276 -0.007775 0.004800
v 0.005276 -0.007775 0.009300
v 0.006095 -0.006017 0.009300
v 0.006095 -0.006017 0.004800
v 0.006095 -0.006017 0.000300
v 0.005525 -0.006578 0.000300
v 0.011070 -0.009945 0.009300
v 0.010718 -0.009325 0.009300
v 0.007651 -0.006030 0.009300
v 0.008754 -0.011256 0.009300
v 0.008403 -0.010636 0.009300
v 0.010702 -0.011273 0.009300
v 0.011064 -0.010658 0.009300
v 0.008771 -0.009308 0.009300
v 0.006447 -0.005784 0.009300
v 0.009369 -0.011618 0.009300
v 0.010082 -0.011624 0.009300
v 0.010104 -0.008963 0.009300
v 0.009391 -0.008957 0.009300
v 0.007294 -0.005788 0.009300
v 0.006871 -0.005701 0.009300
v 0.008409 -0.009923 0.009300
v 0.006447 -0.005784 0.004800
v 0.006871 -0.005701 0.004800
v 0.007294 -0.005788 0.004800
v 0.007651 -0.006030 0.004800
v 0.009053 -0.007456 0.002500
v 0.007651 -0.006030 0.000300
v 0.013961 -0.012448 0.000300
v 0.009766 -0.006755 0.002500
v 0.019178 0.005507 0.015584
v 0.019242 0.008157 0.015547
v 0.016631 0.006116 0.015658
v 0.016356 0.006192 0.015666
v 0.020208 0.005256 0.015552
v 0.020676 0.005143 0.015537
v 0.021058 0.005050 0.015524
v 0.020233 0.008852 0.015510
v 0.019898 0.008933 0.015517
v 0.018832 0.009192 0.015536
v 0.018603 0.009263 0.015539
v 0.020233 0.008852 0.014309
v 0.019212 0.008137 0.014347
v 0.018832 0.009192 0.014335
v 0.018539 0.009288 0.014339
v 0.016433 0.006173 0.014462
v 0.016354 0.006193 0.014465
v 0.002103 -0.002139 0.007800
v 0.002103 -0.002139 0.009400
v -0.000736 -0.004931 0.007800
v -0.000736 -0.004931 0.009400
v -0.000734 -0.004935 0.009462
v 0.002130 -0.002166 0.009591
v -0.000715 -0.004964 0.009592
v -0.000689 -0.005006 0.009681
v 0.002206 -0.002244 0.009754
v -0.000656 -0.005058 0.009754
v 0.002320 -0.002359 0.009862
v -0.000590 -0.005159 0.009841
v 0.002454 -0.002496 0.009900
v -0.000459 -0.005360 0.009900
v 0.002858 -0.000913 0.009400
v 0.002891 -0.000802 0.009400
v 0.002923 -0.000811 0.009579
v 0.003016 -0.001776 0.009900
v 0.003010 -0.000835 0.009729
v 0.003107 -0.000862 0.009817
v 0.002851 -0.001679 0.009862
v 0.003188 -0.000884 0.009862
v 0.003263 -0.000905 0.009887
v 0.003373 -0.000935 0.009900
v 0.002711 -0.001597 0.009754
v 0.002618 -0.001542 0.009591
v 0.002585 -0.001522 0.009400
v 0.008687 -0.005630 0.012059
v 0.008862 -0.005835 0.012014
v 0.007593 -0.004545 0.011288
v 0.012109 -0.009098 0.013770
v 0.012095 -0.009124 0.013602
v 0.009856 -0.006846 0.012544
v 0.010000 -0.006575 0.012994
v 0.012279 -0.008909 0.014064
v 0.009912 -0.006642 0.012917
v 0.012155 -0.009043 0.013909
v 0.009867 -0.006739 0.012812
v 0.009854 -0.006817 0.012684
v 0.007569 -0.004493 0.011417
v 0.007568 -0.004470 0.011457
v 0.008698 -0.005550 0.012186
v 0.007686 -0.004206 0.011713
v 0.008981 -0.005532 0.012453
v 0.007620 -0.004310 0.011646
v 0.008741 -0.005451 0.012290
v 0.007601 -0.004347 0.011613
v 0.007578 -0.004411 0.011543
v 0.007316 -0.004310 0.011080
v 0.007269 -0.004235 0.011244
v 0.005989 -0.003566 0.010650
v 0.005984 -0.003450 0.010664
v 0.006199 -0.003467 0.010798
v 0.007339 -0.003910 0.011505
v 0.006939 -0.003756 0.011251
v 0.006958 -0.003687 0.011271
v 0.007271 -0.004102 0.011395
v 0.006953 -0.003685 0.011267
v 0.006522 -0.003529 0.011000
v 0.006580 -0.003660 0.011019
v 0.006220 -0.003623 0.010781
v 0.006052 -0.003797 0.010538
v 0.006014 -0.003697 0.010604
v 0.005998 -0.003628 0.010633
v 0.006104 -0.003878 0.010449
v 0.006079 -0.003845 0.010491
v 0.006257 -0.003796 0.010687
v 0.006331 -0.003916 0.010543
v 0.006137 -0.003910 0.010395
v 0.006129 -0.003903 0.010409
v 0.006588 -0.003836 0.010923
v 0.006917 -0.003931 0.011154
v 0.007620 -0.004141 0.011674
v 0.006641 -0.003966 0.010779
v 0.006946 -0.004065 0.011007
v 0.006233 -0.003948 0.010240
v 0.006380 -0.003958 0.010355
v 0.006613 -0.003997 0.010537
v 0.006954 -0.004108 0.010802
v 0.005112 -0.004248 0.009613
v 0.005470 -0.004072 0.009764
v 0.005345 -0.004124 0.004800
v 0.007019 -0.004138 0.004800
v 0.007593 -0.004545 0.004800
v 0.006184 -0.003947 0.004800
v 0.005860 -0.003971 0.009978
v 0.004764 -0.004521 0.004800
v 0.004764 -0.004521 0.009506
v 0.004891 -0.004406 0.009541
v 0.003981 -0.004820 0.009898
v 0.003507 -0.005330 0.009860
v 0.003492 -0.005315 0.009869
v 0.003619 -0.005444 0.009752
v 0.004120 -0.004949 0.009779
v 0.003634 -0.005459 0.009729
v 0.004213 -0.005024 0.009589
v 0.003700 -0.005526 0.009570
v 0.004717 -0.004512 0.009699
v 0.004198 -0.005078 0.009422
v 0.004316 -0.004166 0.009997
v 0.003802 -0.004723 0.009920
v 0.003370 -0.005191 0.009900
v 0.003720 -0.005547 0.009400
v 0.004606 -0.004437 0.009879
v 0.004457 -0.004307 0.009984
v 0.004766 -0.004281 0.009926
v 0.005591 -0.003634 0.010412
v 0.005560 -0.003478 0.010425
v 0.004791 -0.004009 0.010075
v 0.004708 -0.003826 0.010093
v 0.005100 -0.003612 0.010224
v 0.005624 -0.003734 0.010376
v 0.005667 -0.003823 0.010319
v 0.005715 -0.003894 0.010244
v 0.005766 -0.003943 0.010157
v 0.004875 -0.004365 0.009749
v 0.005026 -0.004253 0.009799
v 0.005193 -0.003776 0.010221
v 0.005242 -0.003869 0.010184
v 0.005103 -0.004046 0.010042
v 0.005295 -0.003950 0.010124
v 0.005348 -0.004013 0.010045
v 0.004461 -0.004022 0.010028
v 0.004628 -0.004137 0.010028
v 0.004918 -0.004163 0.009974
v 0.005209 -0.004143 0.009869
v 0.005398 -0.004054 0.009954
v 0.003449 -0.003179 0.009901
v 0.005490 -0.001170 0.010374
v 0.006882 0.005784 0.010826
v 0.006551 0.003542 0.010783
v 0.005977 0.003603 0.010440
v 0.006321 0.001653 0.010748
v 0.006179 0.000193 0.010722
v 0.005338 0.003671 0.010169
v 0.005656 0.006649 0.010152
v 0.006523 0.007140 0.010491
v 0.003945 0.005681 0.009900
v 0.004381 0.005928 0.009916
v 0.004058 0.003808 0.009911
v 0.003624 0.002788 0.009900
v 0.003758 0.001362 0.009906
v 0.003451 0.000584 0.009900
v 0.003487 -0.000193 0.009901
v 0.003546 -0.001098 0.009903
v 0.003328 -0.003043 0.009900
v 0.004840 -0.001146 0.010122
v 0.007174 0.007509 0.010861
v 0.003381 -0.000174 0.009888
v 0.003262 0.000552 0.009862
v 0.002995 -0.000166 0.009401
v 0.003220 -0.000166 0.009818
v 0.003119 -0.000161 0.009730
v 0.003029 -0.000156 0.009579
v 0.002958 0.000500 0.009400
v 0.003102 0.000525 0.009754
v 0.002995 0.000507 0.009591
v 0.003089 0.001645 0.009900
v -0.000548 0.003137 0.009788
v -0.000286 0.003286 0.009857
v 0.000385 0.003286 0.009862
v -0.000618 0.002974 0.009591
v -0.000611 0.002937 0.009400
v -0.001077 0.002838 0.009584
v -0.001478 0.002611 0.009400
v 0.002411 0.002537 0.009900
v 0.002279 0.002398 0.009862
v 0.001485 0.003169 0.009900
v 0.001404 0.002996 0.009862
v 0.000407 0.003476 0.009900
v 0.000091 0.003499 0.009900
v 0.002167 0.002281 0.009754
v 0.001335 0.002849 0.009754
v 0.000366 0.003125 0.009754
v -0.000640 0.003085 0.009758
v 0.002093 0.002202 0.009591
v 0.001289 0.002751 0.009591
v 0.000354 0.003017 0.009591
v -0.000661 0.003073 0.009750
v 0.002648 0.001410 0.009400
v 0.002682 0.001428 0.009591
v 0.002777 0.001479 0.009754
v 0.002921 0.001555 0.009862
v 0.002370 0.001839 0.009400
v 0.002067 0.002175 0.009400
v 0.001273 0.002716 0.009400
v 0.000349 0.002980 0.009400
v -0.000174 0.002995 0.009400
v -0.001232 0.002176 0.011400
v 0.004949 0.005674 0.011400
v -0.001326 0.002342 0.011362
v 0.004892 0.005774 0.011387
v -0.001459 0.002578 0.011091
v 0.004721 0.006077 0.011089
v -0.001478 0.002611 0.010900
v 0.004702 0.006110 0.010900
v 0.004855 0.005839 0.011363
v 0.004813 0.005915 0.011317
v -0.001406 0.002483 0.011254
v 0.004774 0.005982 0.011254
v 0.004763 0.006002 0.011229
v 0.007006 0.007414 0.011837
v 0.007711 0.007813 0.012307
v 0.007711 0.007813 0.011217
v 0.005112 0.006341 0.010928
v 0.005528 0.006577 0.011018
v 0.006297 0.007012 0.011370
v 0.007443 0.007661 0.011039
v 0.008683 0.007003 0.012000
v 0.010137 0.008351 0.012000
v 0.009937 0.008108 0.012815
v 0.010133 0.008346 0.012939
v 0.010784 0.009372 0.013330
v 0.011102 0.010123 0.012000
v 0.011100 0.010118 0.013498
v 0.011295 0.010797 0.013580
v 0.011448 0.012112 0.012000
v 0.011448 0.012112 0.013556
v 0.011512 0.019735 0.012000
v 0.011512 0.019735 0.012484
v 0.011478 0.015642 0.013124
v 0.012351 0.011153 0.014357
v 0.012379 0.011954 0.014301
v 0.012005 0.019862 0.012881
v 0.012497 0.019990 0.013281
v 0.012514 0.019637 0.013356
v 0.011648 0.015918 0.013223
v 0.012536 0.016964 0.013801
v 0.012480 0.014775 0.014056
v 0.012243 0.007523 0.014558
v 0.008797 0.007887 0.012000
v 0.008363 0.008253 0.011646
v 0.008917 0.008768 0.012000
v 0.009788 0.005407 0.012912
v 0.010403 0.008147 0.013155
v 0.009475 0.002654 0.012833
v 0.009273 0.000018 0.012760
v 0.009193 -0.002090 0.012705
v 0.012368 -0.007786 0.014266
v 0.012357 -0.005618 0.014491
v 0.009485 -0.005572 0.012757
v 0.012353 -0.005444 0.014505
v 0.012326 -0.008832 0.014102
v 0.012348 -0.008701 0.014133
v 0.012354 -0.008518 0.014162
v 0.012341 -0.004837 0.014548
v 0.009199 -0.004096 0.012656
v 0.012320 -0.004012 0.014597
v 0.012247 -0.001259 0.014690
v 0.012188 0.002729 0.014693
v 0.012205 0.004853 0.014656
v 0.012194 0.004245 0.014667
v 0.012189 0.003602 0.014679
v 0.012536 0.018955 0.013489
v 0.012999 0.012327 0.014273
v 0.014753 0.009318 0.014418
v 0.017391 0.010553 0.014324
v 0.017638 0.010029 0.014337
v 0.016244 0.006219 0.014468
v 0.018530 0.009292 0.014339
v 0.018033 0.009591 0.014342
v 0.012718 0.019284 0.013443
v 0.013509 0.017915 0.013721
v 0.013790 0.017431 0.013800
v 0.015327 0.014788 0.014105
v 0.017319 0.011375 0.014294
v 0.017304 0.011128 0.014304
v 0.020633 0.005153 0.015538
v 0.024696 -0.009805 0.005090
v 0.024218 -0.010145 0.005097
v 0.024213 -0.010140 0.005476
v 0.016020 -0.012544 0.012081
v 0.015598 -0.012094 0.012539
v 0.016383 -0.011818 0.012460
v 0.026123 -0.008712 0.006159
v 0.024200 -0.010113 0.006203
v 0.024157 -0.009995 0.007529
v 0.022664 -0.011209 0.004800
v 0.022327 -0.011430 0.004800
v 0.022327 -0.011430 0.004828
v 0.017681 -0.014156 0.004901
v 0.018602 -0.013664 0.004883
v 0.018332 -0.013811 0.004799
v 0.019527 -0.013147 0.004868
v 0.020137 -0.012792 0.004799
v 0.020457 -0.012602 0.004799
v 0.020456 -0.012602 0.004853
v 0.021389 -0.012030 0.004800
v 0.024698 -0.009805 0.004800
v 0.024221 -0.010145 0.004800
v 0.024221 -0.010145 0.004806
v 0.023271 -0.010802 0.004800
v 0.023271 -0.010802 0.004817
v 0.025658 -0.009103 0.004800
v 0.025227 -0.009421 0.004800
v 0.025177 -0.009458 0.004892
v 0.025658 -0.009104 0.004886
v 0.026141 -0.008742 0.004880
v 0.026141 -0.008742 0.004800
v 0.026625 -0.008372 0.004875
v 0.026626 -0.008372 0.004800
v 0.027112 -0.007995 0.004869
v 0.027112 -0.007995 0.004800
v 0.027601 -0.007608 0.004863
v 0.027602 -0.007608 0.004800
v 0.027999 -0.007291 0.004800
v 0.027996 -0.007285 0.005411
v 0.027999 -0.007290 0.005045
v 0.027601 -0.007607 0.005051
v 0.027983 -0.007262 0.006116
v 0.027108 -0.007989 0.005426
v 0.027959 -0.007221 0.006799
v 0.024087 -0.009792 0.008689
v 0.027846 -0.007023 0.008405
v 0.023991 -0.009508 0.009689
v 0.027682 -0.006730 0.009630
v 0.023866 -0.009149 0.010536
v 0.027478 -0.006357 0.010588
v 0.023715 -0.008720 0.011242
v 0.027235 -0.005905 0.011349
v 0.023334 -0.007690 0.012299
v 0.026947 -0.005364 0.011974
v 0.026583 -0.004683 0.012524
v 0.022866 -0.006498 0.013008
v 0.026237 -0.004048 0.012896
v 0.023887 0.000101 0.014015
v 0.024119 -0.000302 0.013960
v 0.021155 -0.002436 0.014059
v 0.024804 -0.001498 0.013748
v 0.022335 -0.005205 0.013494
v 0.025542 -0.002799 0.013406
v 0.026126 -0.003846 0.012995
v 0.023623 0.000558 0.014070
v 0.019868 0.000462 0.014319
v 0.022719 0.002121 0.014207
v 0.021585 0.004072 0.014300
v 0.018485 0.003411 0.014420
v 0.015921 0.001746 0.014527
v 0.014591 0.004825 0.014554
v 0.013327 0.000224 0.014647
v 0.014299 -0.002959 0.014522
v 0.015115 -0.006095 0.014235
v 0.012981 -0.009355 0.013951
v 0.013708 -0.010108 0.013693
v 0.015816 -0.009102 0.013651
v 0.016122 -0.010512 0.013163
v 0.015214 -0.011687 0.012864
v 0.014962 -0.011420 0.013044
v 0.014099 -0.010516 0.013524
v 0.016107 -0.012638 0.011968
v 0.016568 -0.012962 0.011419
v 0.016538 -0.013102 0.011273
v 0.017495 -0.014112 0.007272
v 0.017391 -0.014005 0.008233
v 0.020357 -0.012206 0.008799
v 0.020400 -0.012434 0.007632
v 0.020431 -0.012568 0.006285
v 0.017575 -0.014194 0.005764
v 0.020445 -0.012598 0.005542
v 0.020451 -0.012603 0.005153
v 0.017586 -0.014205 0.005032
v 0.017587 -0.014206 0.004800
v 0.017587 -0.014205 0.004816
v 0.027111 -0.007994 0.005057
v 0.026136 -0.008736 0.005443
v 0.026624 -0.008372 0.005064
v 0.026139 -0.008741 0.005070
v 0.025171 -0.009453 0.005460
v 0.025656 -0.009103 0.005077
v 0.025175 -0.009458 0.005084
v 0.025177 -0.009458 0.004800
v 0.024697 -0.009805 0.004898
v 0.024220 -0.010145 0.004903
v 0.023270 -0.010802 0.004915
v 0.020454 -0.012603 0.004954
v 0.021387 -0.012031 0.004941
v 0.021389 -0.012030 0.004840
v 0.022326 -0.011431 0.004928
v 0.019525 -0.013147 0.004969
v 0.018600 -0.013665 0.004985
v 0.017679 -0.014157 0.005002
v 0.017338 -0.013950 0.008595
v 0.017110 -0.013711 0.009712
v 0.020296 -0.011891 0.009799
v 0.016873 -0.013461 0.010492
v 0.020216 -0.011497 0.010643
v 0.020112 -0.011032 0.011344
v 0.019835 -0.009931 0.012391
v 0.019476 -0.008668 0.013096
v 0.019063 -0.007303 0.013581
v 0.018134 -0.004386 0.014150
v 0.017093 -0.001342 0.014419
v 0.017417 -0.014219 0.006380
v 0.017380 -0.014231 0.006251
v 0.017213 -0.014060 0.008216
v 0.013742 -0.010623 0.013401
v 0.014830 -0.011859 0.012583
v 0.013647 -0.010655 0.013257
v 0.013586 -0.010640 0.013087
v 0.013185 -0.010232 0.013252
v 0.015512 -0.012599 0.011707
v 0.014806 -0.011881 0.012382
v 0.014749 -0.011823 0.012425
v 0.015655 -0.012744 0.011523
v 0.015616 -0.012658 0.011843
v 0.016111 -0.013208 0.010752
v 0.016238 -0.013291 0.010851
v 0.016272 -0.013371 0.010378
v 0.016663 -0.013723 0.009667
v 0.016523 -0.013627 0.009603
v 0.016746 -0.013854 0.008563
v 0.016956 -0.014020 0.008175
v 0.016810 -0.013919 0.008141
v 0.016931 -0.014042 0.006962
v 0.017121 -0.014188 0.006238
v 0.016983 -0.014095 0.005943
v 0.017123 -0.014204 0.004800
v 0.017000 -0.014113 0.004800
v 0.017079 -0.013702 0.009774
v 0.017382 -0.014010 0.008232
v 0.015973 -0.012577 0.012069
v 0.016328 -0.012938 0.011576
v 0.016633 -0.013248 0.011017
v 0.015148 -0.011738 0.012847
v 0.013930 -0.010499 0.013541
v 0.014944 -0.011845 0.012717
v 0.013802 -0.010591 0.013460
v 0.016913 -0.013755 0.009744
v 0.016473 -0.013307 0.010970
v 0.016173 -0.013003 0.011520
v 0.015823 -0.012647 0.012005
v 0.015010 -0.011820 0.012772
v 0.017355 -0.014262 0.004800
v 0.017291 -0.014232 0.006247
v 0.017124 -0.014062 0.008204
v 0.016826 -0.013760 0.009721
v 0.016390 -0.013316 0.010935
v 0.016094 -0.013015 0.011478
v 0.015749 -0.012664 0.011958
v 0.008862 -0.005835 -0.002414
v 0.007593 -0.004545 -0.001688
v 0.014749 -0.011823 -0.002825
v 0.013586 -0.010640 -0.003487
v 0.016983 -0.014095 0.003657
v 0.016931 -0.014042 0.002638
v 0.016810 -0.013919 0.001459
v 0.016746 -0.013854 0.001037
v 0.013185 -0.010232 -0.003652
v 0.012095 -0.009124 -0.004002
v 0.009856 -0.006846 -0.002944
v 0.016111 -0.013208 -0.001152
v 0.015655 -0.012744 -0.001923
v 0.016523 -0.013627 -0.000003
v 0.016272 -0.013371 -0.000778
v 0.015512 -0.012599 -0.002107
v 0.014806 -0.011881 -0.002782
v 0.004764 -0.004521 0.000094
v 0.004198 -0.005078 0.000178
v 0.003720 -0.005547 0.000200
v 0.001371 -0.007858 0.000200
v 0.001371 -0.007858 0.004800
v 0.001371 -0.007858 0.009400
v 0.001060 -0.007462 0.009900
v 0.001099 -0.007512 0.009896
v 0.001168 -0.007600 0.009869
v 0.001241 -0.007692 0.009807
v 0.001281 -0.007743 0.009752
v 0.001335 -0.007813 0.009631
v 0.000999 -0.007385 0.009900
v -0.001052 -0.004424 0.010900
v 0.000999 -0.007385 0.010900
v -0.000408 -0.005438 0.010900
v -0.002732 -0.001238 0.010900
v -0.002732 -0.001238 0.007800
v -0.001654 -0.003385 0.010900
v -0.001052 -0.004424 0.007800
v -0.000376 -0.005417 0.011091
v -0.002698 -0.001223 0.011091
v -0.001621 -0.003366 0.011091
v -0.002599 -0.001178 0.011254
v -0.001526 -0.003314 0.011254
v -0.002451 -0.001111 0.011362
v -0.001384 -0.003235 0.011362
v -0.002277 -0.001032 0.011400
v -0.001217 -0.003142 0.011400
v -0.000286 -0.005357 0.011254
v -0.000151 -0.005267 0.011362
v 0.000009 -0.005161 0.011400
v 0.001029 -0.007361 0.011091
v 0.001114 -0.007294 0.011254
v 0.001242 -0.007194 0.011362
v 0.001392 -0.007076 0.011400
v -0.001549 0.002569 0.010900
v -0.002176 0.002065 0.010900
v -0.002148 0.002039 0.011091
v -0.002995 0.000177 0.010900
v -0.002975 -0.000387 0.010900
v -0.002937 -0.000382 0.011091
v -0.002237 0.001117 0.011400
v -0.001813 0.001721 0.011400
v -0.002408 0.001202 0.011362
v -0.001952 0.001853 0.011362
v -0.002553 0.001275 0.011254
v -0.002070 0.001965 0.011254
v -0.002650 0.001323 0.011091
v -0.002479 -0.000322 0.011400
v -0.002669 -0.000347 0.011362
v -0.002830 -0.000368 0.011254
v -0.002958 0.000499 0.010900
v -0.002921 0.000492 0.011091
v -0.002814 0.000474 0.011254
v -0.002654 0.000447 0.011362
v -0.002465 0.000415 0.011400
v -0.002684 0.001340 0.010900
v -0.002568 0.001552 0.010900
v 0.002858 -0.000913 0.007800
v 0.002954 0.000523 0.007800
v 0.002370 0.001839 0.007800
v 0.001241 0.002731 0.007800
v -0.000174 0.002995 0.007800
v -0.001549 0.002569 0.007800
v -0.002995 0.000177 0.007800
v -0.002568 0.001552 0.007800
v -0.001262 0.001284 0.007800
v -0.001735 0.000481 0.007800
v -0.001743 -0.000451 0.007800
v -0.001284 -0.001262 0.007800
v -0.000481 -0.001735 0.007800
v 0.000451 -0.001743 0.007800
v 0.001262 -0.001284 0.007800
v 0.001735 -0.000481 0.007800
v 0.001743 0.000451 0.007800
v 0.001284 0.001262 0.007800
v 0.000481 0.001735 0.007800
v -0.000451 0.001743 0.007800
v -0.002252 0.000900 0.009600
v -0.002252 0.000900 0.011400
v -0.001905 -0.001500 0.009600
v -0.001905 -0.001500 0.011400
v 0.000347 -0.002400 0.009600
v 0.000347 -0.002400 0.011400
v 0.002252 -0.000900 0.009600
v 0.002252 -0.000900 0.011400
v 0.001905 0.001500 0.011400
v 0.001905 0.001500 0.009600
v -0.000347 0.002400 0.009600
v -0.000347 0.002400 0.011400
v -0.001262 0.001284 0.009600
v -0.000451 0.001743 0.009600
v 0.000481 0.001735 0.009600
v 0.001284 0.001262 0.009600
v 0.001743 0.000451 0.009600
v 0.001735 -0.000481 0.009600
v 0.001262 -0.001284 0.009600
v 0.000451 -0.001743 0.009600
v -0.000481 -0.001735 0.009600
v -0.001284 -0.001262 0.009600
v -0.001743 -0.000451 0.009600
v -0.001735 0.000481 0.009600
v 0.004360 -0.001175 0.011400
v 0.004666 0.003223 0.011400
v 0.004841 0.004810 0.011400
v 0.005303 -0.011859 0.011400
v 0.004741 -0.009106 0.011400
v 0.004651 -0.008477 0.011400
v 0.004415 -0.006062 0.011400
v 0.004396 -0.005753 0.011400
v 0.004327 -0.003694 0.011400
v 0.004345 -0.001636 0.011400
v 0.008347 -0.016740 0.001328
v 0.008467 -0.016894 0.002428
v 0.008544 -0.016992 0.004800
v 0.001251 -0.007705 -0.000194
v 0.001166 -0.007597 -0.000270
v 0.000999 -0.007385 -0.001300
v 0.008467 -0.016894 0.007172
v 0.008347 -0.016740 0.008272
v 0.008202 -0.016556 0.009059
v 0.006574 -0.014483 -0.001454
v 0.006867 -0.014857 -0.001507
v 0.007938 -0.016220 0.009954
v 0.007808 -0.016055 0.010257
v 0.007585 -0.015770 0.010654
v 0.006867 -0.014857 0.011107
v 0.007160 -0.015230 0.011169
v 0.004989 -0.012465 -0.001300
v 0.005779 -0.013471 -0.001344
v 0.005788 -0.013482 -0.001345
v 0.001280 -0.007742 -0.000154
v 0.001343 -0.007823 -0.000006
v 0.001125 -0.007545 -0.000289
v 0.001060 -0.007462 -0.000300
v 0.000999 -0.007385 -0.000300
v 0.007160 -0.015230 -0.001569
v 0.007585 -0.015770 -0.001054
v 0.007808 -0.016055 -0.000657
v 0.007938 -0.016220 -0.000354
v 0.008202 -0.016556 0.000541
v 0.009605 -0.017643 0.009805
v 0.009796 -0.017898 0.008701
v 0.010263 -0.017963 0.008782
v 0.008970 -0.017433 0.008493
v 0.008792 -0.017204 0.009483
v 0.009829 -0.017654 0.009982
v 0.010067 -0.017695 0.009929
v 0.010493 -0.017688 0.009901
v 0.007294 -0.015399 0.011203
v 0.007429 -0.015569 0.011243
v 0.008877 -0.017079 0.010737
v 0.008469 -0.016538 0.011674
v 0.008145 -0.016320 0.011521
v 0.008629 -0.016612 0.011754
v 0.008931 -0.017104 0.010771
v 0.009071 -0.017248 0.010514
v 0.009176 -0.017474 0.009654
v 0.009274 -0.017407 0.010275
v 0.010747 -0.017922 0.008846
v 0.011627 -0.017588 0.009235
v 0.010998 -0.017538 0.010047
v 0.011529 -0.017437 0.009846
v 0.011416 -0.017261 0.010416
v 0.011850 -0.017919 0.006745
v 0.011774 -0.017808 0.007935
v 0.011669 -0.017651 0.008930
v 0.010967 -0.018226 0.004800
v 0.011890 -0.017972 0.004800
v 0.011864 -0.017939 0.006396
v 0.010931 -0.018175 0.006715
v 0.010445 -0.018207 0.006693
v 0.010623 -0.018258 0.004800
v 0.009976 -0.018134 0.006666
v 0.010012 -0.018182 0.004800
v 0.009538 -0.017944 0.006632
v 0.009707 -0.018062 0.004800
v 0.009142 -0.017653 0.006594
v 0.009179 -0.017700 0.004800
v 0.008934 -0.017459 0.004800
v 0.008509 -0.016839 0.010477
v 0.008079 -0.016282 0.011409
v 0.010678 -0.017652 0.009928
v 0.009362 -0.017716 0.008604
v 0.007855 -0.016054 0.011398
v 0.007610 -0.015786 0.011304
v 0.007454 -0.015189 0.011632
v 0.007492 -0.015449 0.011560
v 0.007466 -0.015178 0.011641
v 0.007587 -0.015349 0.011668
v 0.007357 -0.015287 0.011521
v 0.007301 -0.015362 0.011365
v 0.007437 -0.015525 0.011412
v 0.007172 -0.015188 0.011350
v 0.007344 -0.015005 0.011615
v 0.007236 -0.015110 0.011506
v 0.007076 -0.014622 0.011566
v 0.006872 -0.014839 0.011226
v 0.006910 -0.014786 0.011372
v 0.006983 -0.014710 0.011490
v 0.007094 -0.014123 0.011668
v 0.006113 0.005655 0.011769
v 0.006254 0.006618 0.011776
v 0.005622 0.006161 0.011493
v 0.006097 -0.013059 0.011446
v 0.005719 -0.011751 0.011447
v 0.005181 -0.009038 0.011450
v 0.004868 -0.005726 0.011457
v 0.004859 -0.001650 0.011467
v 0.004819 -0.003688 0.011462
v 0.005236 0.003165 0.011484
v 0.005003 0.000761 0.011475
v 0.005790 0.003110 0.011749
v 0.005655 0.001795 0.011740
v 0.005496 -0.000242 0.011726
v 0.005437 -0.005693 0.011693
v 0.005410 -0.005024 0.011697
v 0.005424 -0.001666 0.011716
v 0.005622 -0.007990 0.011682
v 0.005735 -0.008861 0.011679
v 0.006276 -0.011606 0.011671
v 0.006163 -0.011146 0.011672
v 0.005748 -0.008952 0.011679
v 0.005510 0.006557 0.011104
v 0.005505 0.006484 0.011264
v 0.005231 0.006015 0.011399
v 0.005163 0.006155 0.011316
v 0.005107 0.006317 0.011063
v 0.005524 0.006399 0.011365
v 0.005880 0.006638 0.011468
v 0.006232 0.006930 0.011540
v 0.006237 0.006943 0.011521
v 0.006227 0.006719 0.011730
v 0.006217 0.006791 0.011683
v 0.006217 0.006860 0.011624
v 0.005575 0.006260 0.011461
v 0.005912 0.006498 0.011572
v 0.007665 0.007416 0.012711
v 0.007634 0.007544 0.012650
v 0.006961 0.007018 0.012242
v 0.007659 0.007759 0.012431
v 0.007630 0.007666 0.012553
v 0.010250 0.011714 0.014081
v 0.010317 0.011713 0.014220
v 0.010319 0.011034 0.014323
v 0.010220 0.011076 0.014214
v 0.010295 0.010929 0.014316
v 0.010144 0.010407 0.014255
v 0.009602 0.009325 0.013951
v 0.009820 0.009649 0.014085
v 0.009749 0.009517 0.014044
v 0.008218 0.007896 0.013051
v 0.008255 0.007802 0.013103
v 0.008889 0.008361 0.013515
v 0.008196 0.008013 0.012952
v 0.008207 0.008106 0.012829
v 0.008248 0.008164 0.012700
v 0.010155 0.011098 0.014075
v 0.010158 0.011218 0.013935
v 0.009987 0.010502 0.014003
v 0.010044 0.010460 0.014141
v 0.009528 0.009410 0.013844
v 0.009493 0.009481 0.013711
v 0.009151 0.008896 0.013602
v 0.009209 0.008797 0.013706
v 0.008767 0.008337 0.013419
v 0.008726 0.008446 0.013318
v 0.008720 0.008535 0.013191
v 0.008991 0.008849 0.013229
v 0.008914 0.008764 0.013175
v 0.009960 0.010491 0.013851
v 0.009742 0.009973 0.013727
v 0.009497 0.009529 0.013572
v 0.009624 0.009304 0.013971
v 0.010248 0.012122 0.012000
v 0.009962 0.010496 0.012000
v 0.008994 0.008852 0.012000
v 0.010309 0.019423 0.012000
v 0.013125 0.020152 0.011600
v 0.013125 0.020152 0.013311
v 0.012811 0.020071 0.013296
v 0.010309 0.019423 0.011600
v 0.015954 0.023080 0.011600
v 0.016005 0.023351 0.011600
v 0.016005 0.023352 0.012914
v 0.013881 0.020434 0.013328
v 0.014088 0.020545 0.011600
v 0.014563 0.020866 0.013308
v 0.014255 0.020646 0.011600
v 0.015061 0.021335 0.013262
v 0.015289 0.021616 0.011600
v 0.015422 0.021810 0.013200
v 0.015422 0.021809 0.011600
v 0.015993 0.023275 0.012931
v 0.015781 0.022511 0.013087
v 0.015531 0.021988 0.013174
v 0.015973 0.024688 0.011600
v 0.015977 0.024664 0.012528
v 0.016045 0.024061 0.012727
v 0.015378 0.026113 0.011600
v 0.015698 0.025542 0.012084
v 0.015927 0.024890 0.012438
v 0.012724 0.021701 0.008800
v 0.013292 0.021933 0.008800
v 0.014000 0.022564 0.008800
v 0.014393 0.023428 0.008800
v 0.014031 0.025248 0.008800
v 0.014403 0.024376 0.008800
v 0.014793 0.026351 0.011053
v 0.015225 0.026193 0.011461
v 0.012775 0.026141 0.008800
v 0.013533 0.026374 0.009694
v 0.013337 0.025896 0.008800
v 0.014213 0.026434 0.010459
v 0.014451 0.026417 0.010709
v 0.010323 0.021080 0.008800
v 0.010348 0.023943 0.008800
v 0.010458 0.023308 0.008800
v 0.013796 0.023204 0.008800
v 0.013944 0.024038 0.008800
v 0.013695 0.024848 0.008800
v 0.013407 0.025214 0.008800
v 0.012666 0.026057 0.008800
v 0.010928 0.022603 0.008800
v 0.011669 0.022192 0.008800
v 0.012516 0.022166 0.008800
v 0.013282 0.022530 0.008800
v 0.013407 0.025214 0.005300
v 0.012417 0.026340 0.005300
v 0.012469 0.026281 0.006916
v 0.012533 0.026209 0.007751
v 0.012219 0.026189 0.005051
v 0.012020 0.026035 0.004800
v 0.021065 0.028416 0.012237
v 0.024411 0.031109 0.011970
v 0.024502 0.030957 0.012040
v 0.013045 0.024868 0.004800
v 0.013223 0.025039 0.005047
v 0.013835 0.024553 0.005300
v 0.013367 0.024379 0.004800
v 0.013944 0.024038 0.005300
v 0.013438 0.023773 0.004800
v 0.013935 0.023714 0.005300
v 0.013796 0.023204 0.005300
v 0.013226 0.023201 0.004800
v 0.013640 0.022921 0.005300
v 0.013282 0.022530 0.005300
v 0.012775 0.022789 0.004800
v 0.013016 0.022351 0.005300
v 0.012516 0.022166 0.005300
v 0.012186 0.022628 0.004800
v 0.012201 0.022128 0.005300
v 0.011669 0.022192 0.005300
v 0.011589 0.022754 0.004800
v 0.010928 0.022603 0.005300
v 0.011374 0.022302 0.005300
v 0.010348 0.023943 0.009588
v 0.010361 0.024150 0.009588
v 0.010461 0.024557 0.009588
v 0.010461 0.024557 0.004800
v 0.010361 0.024150 0.004800
v 0.010476 0.024552 0.009668
v 0.010363 0.023943 0.009668
v 0.010519 0.024536 0.009737
v 0.010409 0.023942 0.009737
v 0.010583 0.024511 0.009784
v 0.010478 0.023942 0.009784
v 0.010591 0.024509 0.009787
v 0.010560 0.023941 0.009800
v 0.010660 0.024483 0.009800
v 0.010840 0.025468 0.009659
v 0.010830 0.025476 0.009588
v 0.010883 0.025448 0.009735
v 0.010952 0.025420 0.009785
v 0.011025 0.025392 0.009800
v 0.012315 0.025670 0.010200
v 0.012315 0.025670 0.011401
v 0.012141 0.025686 0.011218
v 0.011975 0.025702 0.011026
v 0.011771 0.025722 0.010611
v 0.011591 0.025739 0.010200
v 0.012232 0.025918 0.011506
v 0.012249 0.025948 0.011492
v 0.012041 0.025969 0.011267
v 0.012069 0.025702 0.011216
v 0.011910 0.025726 0.011059
v 0.012032 0.025736 0.011252
v 0.011867 0.025767 0.011081
v 0.011843 0.025983 0.011038
v 0.011842 0.025976 0.011045
v 0.012021 0.025940 0.011279
v 0.011830 0.025923 0.011077
v 0.012003 0.025888 0.011290
v 0.011834 0.025842 0.011091
v 0.012000 0.025830 0.011288
v 0.011845 0.025806 0.011089
v 0.012009 0.025783 0.011276
v 0.011844 0.025989 0.011030
v 0.012216 0.025865 0.011517
v 0.012212 0.025825 0.011517
v 0.012213 0.025807 0.011515
v 0.012222 0.025760 0.011502
v 0.012235 0.025729 0.011486
v 0.012280 0.025681 0.011436
v 0.012260 0.025696 0.011458
v 0.012245 0.025713 0.011475
v 0.011485 0.026014 0.010254
v 0.011465 0.025982 0.010259
v 0.011549 0.025955 0.010477
v 0.011653 0.025996 0.010648
v 0.011642 0.025947 0.010685
v 0.011633 0.025886 0.010686
v 0.011645 0.025824 0.010678
v 0.011675 0.025773 0.010662
v 0.011722 0.025736 0.010639
v 0.011629 0.025745 0.010433
v 0.011582 0.025782 0.010455
v 0.011518 0.025766 0.010227
v 0.011546 0.025751 0.010217
v 0.011451 0.025938 0.010261
v 0.011448 0.025890 0.010259
v 0.011540 0.025894 0.010478
v 0.011454 0.025858 0.010255
v 0.011552 0.025833 0.010471
v 0.011484 0.025798 0.010241
v 0.011486 0.025796 0.010240
v 0.011378 0.025749 0.010033
v 0.011432 0.025763 0.010094
v 0.011400 0.025802 0.010103
v 0.011329 0.025975 0.009965
v 0.011252 0.025929 0.009872
v 0.011259 0.025914 0.009912
v 0.011124 0.025801 0.009805
v 0.011128 0.025840 0.009758
v 0.011114 0.025828 0.009747
v 0.011370 0.025950 0.010082
v 0.011390 0.026002 0.010057
v 0.011516 0.025747 0.010144
v 0.011551 0.025737 0.010130
v 0.011468 0.025737 0.010080
v 0.011453 0.025704 0.010010
v 0.011228 0.025623 0.009880
v 0.011101 0.025541 0.009825
v 0.011117 0.025523 0.009823
v 0.011414 0.025719 0.010021
v 0.011355 0.025693 0.009967
v 0.011315 0.025630 0.009900
v 0.011262 0.025596 0.009870
v 0.011133 0.025505 0.009820
v 0.011158 0.025707 0.009869
v 0.011031 0.025630 0.009793
v 0.011052 0.025601 0.009810
v 0.011135 0.025756 0.009843
v 0.011003 0.025673 0.009751
v 0.011026 0.025637 0.009787
v 0.010992 0.025693 0.009721
v 0.010986 0.025706 0.009696
v 0.010983 0.025717 0.009669
v 0.011288 0.025769 0.009976
v 0.011255 0.025870 0.009942
v 0.011265 0.025819 0.009964
v 0.011479 0.025770 0.010159
v 0.011320 0.025726 0.009976
v 0.011191 0.025661 0.009881
v 0.011078 0.025568 0.009822
v 0.011377 0.025849 0.010103
v 0.011366 0.025901 0.010096
v 0.010918 0.025612 0.009690
v 0.010913 0.025638 0.009629
v 0.010859 0.025543 0.009596
v 0.010958 0.025573 0.009761
v 0.010910 0.025498 0.009744
v 0.010976 0.025465 0.009790
v 0.011086 0.025474 0.009810
v 0.011048 0.025436 0.009803
v 0.010868 0.025527 0.009672
v 0.011037 0.025414 0.009801
v 0.010845 0.025510 0.009591
v 0.012277 0.025271 0.009800
v 0.012291 0.025424 0.009830
v 0.012304 0.025553 0.009917
v 0.012312 0.025639 0.010047
v 0.013280 0.022633 0.010047
v 0.012579 0.022263 0.010047
v 0.012586 0.022233 0.010200
v 0.012866 0.025071 0.009800
v 0.012947 0.025200 0.009830
v 0.012486 0.022621 0.009800
v 0.012524 0.022473 0.009830
v 0.013036 0.022912 0.009800
v 0.013137 0.022796 0.009830
v 0.013398 0.023419 0.009800
v 0.013540 0.023361 0.009830
v 0.013493 0.024034 0.009800
v 0.013646 0.024046 0.009830
v 0.013303 0.024627 0.009800
v 0.013433 0.024706 0.009830
v 0.012557 0.022347 0.009917
v 0.013223 0.022699 0.009917
v 0.013660 0.023312 0.009917
v 0.013775 0.024056 0.009917
v 0.013545 0.024773 0.009917
v 0.013740 0.023279 0.010047
v 0.013862 0.024063 0.010047
v 0.013619 0.024818 0.010047
v 0.013016 0.025310 0.009917
v 0.013063 0.025383 0.010047
v 0.013079 0.025409 0.010200
v 0.013601 0.024902 0.010200
v 0.013300 0.022611 0.010200
v 0.013736 0.023193 0.010200
v 0.013768 0.023268 0.010200
v 0.013892 0.024065 0.010200
v 0.013645 0.024834 0.010200
v 0.010512 0.021699 0.010153
v 0.010514 0.021728 0.010048
v 0.010517 0.021765 0.009982
v 0.010521 0.021820 0.009917
v 0.010529 0.021913 0.009850
v 0.010539 0.022041 0.009807
v 0.010544 0.022118 0.009800
v 0.010446 0.021869 0.009845
v 0.010453 0.021950 0.009809
v 0.010381 0.021929 0.009756
v 0.010329 0.021541 0.009969
v 0.010363 0.021627 0.010007
v 0.010370 0.021752 0.009848
v 0.010432 0.021694 0.010035
v 0.010339 0.021901 0.009679
v 0.010330 0.021817 0.009648
v 0.010333 0.021692 0.009783
v 0.010328 0.021583 0.009837
v 0.010347 0.022120 0.009665
v 0.010388 0.022026 0.009738
v 0.010394 0.022119 0.009738
v 0.010460 0.022036 0.009789
v 0.010471 0.022119 0.009787
v 0.010482 0.021812 0.009910
v 0.010473 0.021715 0.010044
v 0.010327 0.021467 0.010111
v 0.010440 0.021798 0.009896
v 0.010375 0.021836 0.009793
v 0.010345 0.022120 0.009661
v 0.010332 0.022120 0.009588
v 0.011731 0.027304 0.004800
v 0.011545 0.026963 0.006382
v 0.011284 0.026455 0.008274
v 0.011366 0.026618 0.007965
v 0.011722 0.027288 0.005369
v 0.011671 0.027196 0.006181
v 0.011423 0.026730 0.007728
v 0.011648 0.027153 0.006412
v 0.011334 0.026530 0.008329
v 0.011330 0.026494 0.008474
v 0.011469 0.026778 0.007904
v 0.011761 0.027335 0.005810
v 0.011713 0.027245 0.006437
v 0.011761 0.027332 0.005895
v 0.011748 0.027333 0.004800
v 0.011454 0.026766 0.007866
v 0.011600 0.027043 0.007167
v 0.011761 0.027339 0.005726
v 0.011767 0.027360 0.004800
v 0.011767 0.027360 0.004882
v 0.011763 0.027347 0.005522
v 0.011652 0.027131 0.006924
v 0.011072 0.025928 0.009377
v 0.011235 0.026293 0.008820
v 0.011292 0.026415 0.008616
v 0.011817 0.026601 0.009838
v 0.011794 0.026933 0.008822
v 0.011766 0.027272 0.006813
v 0.011785 0.027060 0.008277
v 0.011773 0.027203 0.007430
v 0.013612 0.025248 0.012934
v 0.013837 0.024921 0.013206
v 0.016877 0.031314 0.004800
v 0.011913 0.026915 0.009189
v 0.012138 0.026658 0.010253
v 0.012177 0.026614 0.010397
v 0.012509 0.026236 0.011369
v 0.013116 0.025670 0.012390
v 0.012912 0.025777 0.012175
v 0.013219 0.025604 0.012500
v 0.013385 0.025475 0.012680
v 0.013510 0.025360 0.012818
v 0.014000 0.024538 0.013442
v 0.014434 0.024044 0.013730
v 0.013948 0.024688 0.013358
v 0.017044 0.025979 0.013576
v 0.019568 0.027850 0.013428
v 0.012590 0.025891 0.011839
v 0.011906 0.026510 0.010193
v 0.012319 0.025994 0.011498
v 0.014083 0.023784 0.013750
v 0.014060 0.024290 0.013562
v 0.013741 0.025033 0.013110
v 0.013476 0.025327 0.012818
v 0.013440 0.025277 0.012804
v 0.012582 0.025628 0.011744
v 0.012456 0.025650 0.011552
v 0.012945 0.025485 0.012091
v 0.014028 0.023784 0.013733
v 0.014009 0.024216 0.013569
v 0.013951 0.024193 0.013531
v 0.013177 0.025548 0.012503
v 0.013890 0.024633 0.013352
v 0.013910 0.023762 0.013619
v 0.013945 0.023774 0.013671
v 0.013978 0.023780 0.013703
v 0.013891 0.024143 0.013425
v 0.013866 0.024256 0.013311
v 0.013892 0.024069 0.013399
v 0.013911 0.024168 0.013480
v 0.013895 0.023752 0.013580
v 0.013887 0.023737 0.013528
v 0.013374 0.025176 0.012590
v 0.013598 0.024907 0.012872
v 0.013635 0.024862 0.012975
v 0.012556 0.025653 0.011776
v 0.012527 0.025740 0.011827
v 0.012537 0.025691 0.011805
v 0.012565 0.025884 0.011826
v 0.012544 0.025843 0.011836
v 0.012530 0.025793 0.011838
v 0.012879 0.025523 0.012075
v 0.013160 0.025361 0.012394
v 0.013146 0.025395 0.012432
v 0.013153 0.025495 0.012491
v 0.013142 0.025441 0.012466
v 0.013417 0.025224 0.012776
v 0.013410 0.025178 0.012738
v 0.013416 0.025141 0.012697
v 0.012858 0.025553 0.012108
v 0.012846 0.025596 0.012140
v 0.012846 0.025648 0.012163
v 0.012859 0.025702 0.012174
v 0.012882 0.025751 0.012173
v 0.013695 0.024744 0.013007
v 0.013799 0.024526 0.013220
v 0.013637 0.024898 0.013020
v 0.013811 0.024558 0.013270
v 0.013656 0.024942 0.013063
v 0.013842 0.024595 0.013317
v 0.013692 0.024989 0.013094
v 0.013950 0.024665 0.013369
v 0.013760 0.023248 0.013670
v 0.013553 0.022885 0.013750
v 0.013289 0.022601 0.013793
v 0.013123 0.022475 0.013804
v 0.012586 0.022233 0.013788
v 0.013949 0.023425 0.013830
v 0.014061 0.023617 0.013800
v 0.014014 0.023413 0.013855
v 0.013887 0.023086 0.013933
v 0.013717 0.022804 0.013987
v 0.013669 0.022835 0.013963
v 0.013570 0.022625 0.014015
v 0.013198 0.022375 0.014022
v 0.013132 0.022271 0.014048
v 0.012601 0.022108 0.014006
v 0.012612 0.022057 0.014029
v 0.012584 0.022219 0.013869
v 0.013133 0.022465 0.013885
v 0.013838 0.023427 0.013702
v 0.013570 0.022886 0.013829
v 0.012588 0.022175 0.013947
v 0.013159 0.022430 0.013964
v 0.013611 0.022868 0.013906
v 0.013883 0.023432 0.013775
v 0.011880 0.021875 0.013964
v 0.011880 0.021869 0.013966
v 0.012242 0.021962 0.013998
v 0.012238 0.022002 0.013982
v 0.011878 0.021925 0.013942
v 0.012224 0.022073 0.013925
v 0.011884 0.021985 0.013895
v 0.012218 0.022122 0.013845
v 0.011893 0.022019 0.013854
v 0.012257 0.022148 0.013760
v 0.011935 0.022065 0.013731
v 0.011196 0.021874 0.013157
v 0.011503 0.021953 0.013395
v 0.011592 0.021964 0.013561
v 0.011557 0.021915 0.013622
v 0.011538 0.021846 0.013670
v 0.011202 0.021698 0.013436
v 0.011261 0.021878 0.013302
v 0.011226 0.021829 0.013363
v 0.011206 0.021761 0.013411
v 0.011534 0.021785 0.013695
v 0.011931 0.021051 0.014202
v 0.012070 0.016190 0.015091
v 0.012079 0.017994 0.014839
v 0.012035 0.019660 0.014534
v 0.012028 0.014244 0.015306
v 0.012012 0.013655 0.015362
v 0.011903 0.009551 0.015666
v 0.011982 0.012584 0.015455
v 0.011873 0.008077 0.015746
v 0.011843 0.005754 0.015841
v 0.011837 0.003714 0.015895
v 0.011838 0.003477 0.015900
v 0.011861 0.001246 0.015925
v 0.011898 -0.000421 0.015921
v 0.011972 -0.002801 0.015871
v 0.012011 -0.003988 0.015822
v 0.012089 -0.007006 0.015593
v 0.012095 -0.007934 0.015484
v 0.012080 -0.009118 0.015312
v 0.011991 -0.010748 0.014994
v 0.011802 -0.012228 0.014598
v 0.012481 0.020041 0.014501
v 0.015478 0.014702 0.015317
v 0.014785 0.007447 0.015685
v 0.012380 0.003781 0.015869
v 0.012923 0.004090 0.015838
v 0.013741 0.004570 0.015794
v 0.015049 0.005366 0.015727
v 0.013846 0.009190 0.015645
v 0.016365 0.013152 0.015419
v 0.017332 0.011468 0.015492
v 0.012700 0.019644 0.014600
v 0.014719 0.016036 0.015193
v 0.013645 0.017943 0.014937
v 0.013458 0.018277 0.014881
v 0.012753 0.019547 0.014623
v 0.016348 0.006194 0.015666
v 0.018204 0.009465 0.015542
v 0.017768 0.009855 0.015540
v 0.017477 0.010322 0.015530
v 0.017320 0.010885 0.015514
v 0.012081 -0.000133 0.015913
v 0.012613 -0.011172 0.014807
v 0.014492 -0.010288 0.014788
v 0.014160 -0.008656 0.015183
v 0.011521 -0.013385 0.014198
v 0.012861 -0.012720 0.014241
v 0.015035 0.001551 0.015769
v 0.016634 0.006124 0.015658
v 0.017950 0.003429 0.015641
v 0.022826 0.002022 0.015400
v 0.021627 0.004075 0.015500
v 0.019354 0.000348 0.015546
v 0.020683 -0.002744 0.015284
v 0.024074 -0.000122 0.015189
v 0.021324 -0.004274 0.015044
v 0.025051 -0.001802 0.014895
v 0.023811 -0.004375 0.014650
v 0.024481 -0.005749 0.014136
v 0.025827 -0.003141 0.014526
v 0.026454 -0.004226 0.014086
v 0.025092 -0.007009 0.013399
v 0.026963 -0.005113 0.013578
v 0.026689 -0.004636 0.013872
v 0.027764 -0.006513 0.012256
v 0.027620 -0.006261 0.012567
v 0.025363 -0.007572 0.012930
v 0.027381 -0.005844 0.012998
v 0.027196 -0.005519 0.013279
v 0.026234 -0.009439 0.009678
v 0.028322 -0.007486 0.010406
v 0.025983 -0.008888 0.011131
v 0.028075 -0.007055 0.011399
v 0.025810 -0.008516 0.011791
v 0.025603 -0.008077 0.012393
v 0.028656 -0.008062 0.007819
v 0.028516 -0.007822 0.009229
v 0.028455 -0.007716 0.009659
v 0.013343 -0.016772 0.009820
v 0.013349 -0.017167 0.008278
v 0.013361 -0.017373 0.006605
v 0.011685 -0.016958 0.010871
v 0.011827 -0.016716 0.011228
v 0.013315 -0.016153 0.011221
v 0.011920 -0.016482 0.011558
v 0.012001 -0.015948 0.012233
v 0.013233 -0.015270 0.012450
v 0.011989 -0.015753 0.012456
v 0.013077 -0.014111 0.013464
v 0.011815 -0.015170 0.013060
v 0.011976 -0.015659 0.012560
v 0.011107 -0.014429 0.013752
v 0.011441 -0.014672 0.013526
v 0.011512 -0.014742 0.013462
v 0.013808 -0.006971 0.015458
v 0.013024 -0.003541 0.015779
v 0.024483 -0.011425 0.004800
v 0.027052 -0.009556 0.004800
v 0.024222 -0.011541 0.006495
v 0.026456 -0.009941 0.006474
v 0.024160 -0.011362 0.008135
v 0.026381 -0.009773 0.008109
v 0.024042 -0.011011 0.009698
v 0.021946 -0.005767 0.014685
v 0.022537 -0.007195 0.014162
v 0.023074 -0.008499 0.013415
v 0.023309 -0.009080 0.012943
v 0.023516 -0.009601 0.012404
v 0.023692 -0.010054 0.011801
v 0.023837 -0.010438 0.011143
v 0.020084 -0.007052 0.014716
v 0.020601 -0.008523 0.014184
v 0.021068 -0.009862 0.013429
v 0.021270 -0.010456 0.012954
v 0.021446 -0.010988 0.012413
v 0.021593 -0.011451 0.011812
v 0.021958 -0.013089 0.004800
v 0.022016 -0.012989 0.006516
v 0.021967 -0.012801 0.008162
v 0.021875 -0.012435 0.009720
v 0.021711 -0.011845 0.011156
v 0.019462 -0.014562 0.004800
v 0.019834 -0.014290 0.006538
v 0.019795 -0.014095 0.008190
v 0.019727 -0.013718 0.009743
v 0.019602 -0.013115 0.011171
v 0.019387 -0.012244 0.012423
v 0.017074 -0.012218 0.013450
v 0.019069 -0.011100 0.013441
v 0.016738 -0.010837 0.014218
v 0.018669 -0.009736 0.014203
v 0.016359 -0.009310 0.014767
v 0.018222 -0.008232 0.014743
v 0.017751 -0.006650 0.015118
v 0.016977 -0.015855 0.004800
v 0.017669 -0.015450 0.006560
v 0.017639 -0.015250 0.008218
v 0.017594 -0.014865 0.009767
v 0.017503 -0.014253 0.011186
v 0.017336 -0.013373 0.012432
v 0.019240 -0.011704 0.012963
v 0.014804 -0.011830 0.014230
v 0.015080 -0.013220 0.013458
v 0.015287 -0.014380 0.012441
v 0.015410 -0.015263 0.011203
v 0.015468 -0.015881 0.009793
v 0.015493 -0.016272 0.008248
v 0.015513 -0.016476 0.006582
v 0.014484 -0.016980 0.004800
v 0.017259 -0.005023 0.015374
v 0.016208 -0.001725 0.015659
v 0.028736 -0.008199 0.006118
v 0.028752 -0.008226 0.004800
v 0.008592 -0.016512 0.009800
v 0.009057 -0.017235 0.009800
v 0.008501 -0.015962 0.012025
v 0.008507 -0.016104 0.011998
v 0.008501 -0.015962 0.009800
v 0.008525 -0.016243 0.011977
v 0.008585 -0.016492 0.011888
v 0.012001 -0.015948 0.009800
v 0.011904 -0.016530 0.009800
v 0.011430 -0.017248 0.009800
v 0.010672 -0.017654 0.009800
v 0.009811 -0.017649 0.009800
v 0.008104 -0.016238 0.011621
v 0.007552 -0.015662 0.011449
v 0.007602 -0.015589 0.011586
v 0.007736 -0.015530 0.011709
v 0.008136 -0.016148 0.011752
v 0.008173 -0.015988 0.011844
v 0.007937 -0.015756 0.011768
v 0.010677 -0.014258 0.013558
v 0.010111 -0.014211 0.013265
v 0.008575 -0.015452 0.012175
v 0.008793 -0.014987 0.012392
v 0.009055 -0.014678 0.012599
v 0.009152 -0.014593 0.012669
v 0.009620 -0.014322 0.012978
v 0.009811 -0.014261 0.013094
v 0.008589 -0.015408 0.009800
v 0.009054 -0.014679 0.009800
v 0.009812 -0.014261 0.009800
v 0.010677 -0.014258 0.009800
v 0.011438 -0.014669 0.009800
v 0.011909 -0.015395 0.009800
v 0.036450 -0.001015 0.005574
v 0.036456 -0.001023 0.004800
v 0.039020 0.001874 0.004800
v 0.036034 0.017102 0.014733
v 0.032719 0.019516 0.014840
v 0.033768 0.020616 0.014764
v 0.033627 0.020466 0.014774
v 0.038569 0.014670 0.014440
v 0.041619 0.016172 0.014034
v 0.040554 0.017133 0.014282
v 0.043511 0.018730 0.013868
v 0.044439 0.017938 0.013545
v 0.045241 0.017251 0.013146
v 0.045927 0.016662 0.012667
v 0.046505 0.016164 0.012103
v 0.046986 0.015749 0.011445
v 0.047382 0.015408 0.010680
v 0.047698 0.015136 0.009793
v 0.047941 0.014929 0.008770
v 0.048111 0.014784 0.007602
v 0.048210 0.014699 0.006280
v 0.047308 0.013199 0.004800
v 0.036429 -0.000992 0.006300
v 0.032080 0.007632 0.014874
v 0.031362 0.004776 0.014752
v 0.033133 0.006392 0.014641
v 0.032396 0.003599 0.014422
v 0.034065 0.005293 0.014329
v 0.033246 0.002632 0.014020
v 0.034877 0.004332 0.013932
v 0.033966 0.001812 0.013532
v 0.035575 0.003503 0.013444
v 0.034599 0.001092 0.012922
v 0.036167 0.002798 0.012859
v 0.035087 0.000536 0.012257
v 0.036661 0.002208 0.012163
v 0.035498 0.000067 0.011470
v 0.037069 0.001721 0.011345
v 0.035843 -0.000324 0.010516
v 0.037397 0.001331 0.010385
v 0.036119 -0.000639 0.009346
v 0.037650 0.001031 0.009263
v 0.036305 -0.000855 0.008040
v 0.037829 0.000820 0.007966
v 0.037935 0.000695 0.006481
v 0.029594 0.010552 0.015142
v 0.027477 0.008675 0.015252
v 0.028874 0.006781 0.015136
v 0.028965 0.006776 0.015129
v 0.029544 0.006845 0.015084
v 0.030091 0.006223 0.015008
v 0.027331 0.014417 0.015178
v 0.026077 0.013349 0.015245
v 0.024771 0.012278 0.015311
v 0.026904 0.009443 0.015279
v 0.044436 0.008990 0.006360
v 0.046378 0.011843 0.006320
v 0.044332 0.009090 0.007748
v 0.046276 0.011934 0.007674
v 0.044157 0.009259 0.008969
v 0.046103 0.012091 0.008869
v 0.043907 0.009501 0.010033
v 0.045856 0.012315 0.009913
v 0.043582 0.009817 0.010950
v 0.045535 0.012608 0.010815
v 0.043176 0.010212 0.011739
v 0.045133 0.012975 0.011592
v 0.042684 0.010692 0.012414
v 0.044645 0.013421 0.012259
v 0.042093 0.011267 0.012989
v 0.044060 0.013956 0.012829
v 0.041394 0.011946 0.013474
v 0.043366 0.014588 0.013311
v 0.040578 0.012736 0.013874
v 0.042555 0.015325 0.013712
v 0.039638 0.013643 0.014195
v 0.044469 0.008958 0.004800
v 0.040245 0.003355 0.004800
v 0.043061 0.007000 0.004800
v 0.040211 0.003393 0.006442
v 0.042379 0.006166 0.006401
v 0.040105 0.003509 0.007894
v 0.042274 0.006273 0.007821
v 0.039927 0.003706 0.009167
v 0.042096 0.006456 0.009068
v 0.039674 0.003986 0.010271
v 0.041845 0.006717 0.010152
v 0.039345 0.004351 0.011217
v 0.041517 0.007057 0.011085
v 0.038936 0.004807 0.012026
v 0.041109 0.007482 0.011884
v 0.038441 0.005360 0.012715
v 0.040614 0.007998 0.012566
v 0.037848 0.006021 0.013298
v 0.040021 0.008616 0.013145
v 0.037146 0.006800 0.013786
v 0.039320 0.009344 0.013632
v 0.036330 0.007704 0.014184
v 0.038502 0.010190 0.014032
v 0.035392 0.008738 0.014499
v 0.037561 0.011160 0.014350
v 0.034329 0.009907 0.014737
v 0.036494 0.012257 0.014592
v 0.031818 0.012664 0.015015
v 0.033965 0.014850 0.014878
v 0.030133 0.016960 0.015013
v 0.024788 0.007746 0.015377
v 0.028550 0.006832 0.015162
v 0.023287 0.011212 0.015379
v 0.034637 -0.002920 0.004800
v 0.034602 -0.002876 0.006532
v 0.030597 -0.006374 0.008142
v 0.030700 -0.006521 0.006579
v 0.030735 -0.006570 0.004800
v 0.029858 -0.005320 0.011663
v 0.030176 -0.005775 0.010669
v 0.030422 -0.006126 0.009501
v 0.029463 -0.004754 0.012504
v 0.028985 -0.004068 0.013214
v 0.028414 -0.003250 0.013808
v 0.024564 0.006284 0.015385
v 0.026965 0.003039 0.015134
v 0.027986 0.001656 0.014909
v 0.028891 0.000428 0.014605
v 0.029682 -0.000648 0.014212
v 0.030365 -0.001578 0.013724
v 0.034497 -0.002740 0.008057
v 0.034319 -0.002509 0.009386
v 0.034068 -0.002184 0.010532
v 0.033743 -0.001760 0.011509
v 0.033339 -0.001233 0.012339
v 0.032850 -0.000594 0.013042
v 0.032265 0.000168 0.013632
v 0.032714 -0.004787 0.004800
v 0.032680 -0.004741 0.006557
v 0.032575 -0.004599 0.008102
v 0.032398 -0.004359 0.009447
v 0.032150 -0.004020 0.010604
v 0.031828 -0.003580 0.011590
v 0.031428 -0.003033 0.012426
v 0.030943 -0.002369 0.013133
v 0.016277 0.017851 0.015056
v 0.019081 0.018755 0.015035
v 0.017380 0.020692 0.014757
v 0.014809 0.023618 0.013924
v 0.015223 0.023147 0.014110
v 0.016003 0.022259 0.014396
v 0.018899 0.014332 0.015348
v 0.021524 0.015975 0.015241
v 0.017953 0.010389 0.015521
v 0.026058 0.025686 0.014475
v 0.020973 0.021441 0.014808
v 0.019778 0.022821 0.014581
v 0.018719 0.024042 0.014296
v 0.017791 0.025111 0.013951
v 0.020332 0.027032 0.013798
v 0.021287 0.026027 0.014138
v 0.022377 0.024878 0.014420
v 0.023608 0.023578 0.014645
v 0.029026 0.022800 0.014762
v 0.026522 0.020498 0.014933
v 0.023802 0.018173 0.015098
v 0.017120 0.020988 0.013484
v 0.016638 0.021537 0.013360
v 0.019924 0.023984 0.013182
v 0.018643 0.025408 0.012739
v 0.026584 0.022908 0.013554
v 0.024659 0.024840 0.013317
v 0.030518 0.017328 0.013787
v 0.027754 0.014787 0.013953
v 0.025541 0.017687 0.013899
v 0.028836 0.020639 0.013691
v 0.032045 0.018835 0.013685
v 0.030804 0.017604 0.013768
v 0.021722 0.027761 0.012545
v 0.023044 0.026453 0.012979
v 0.017411 0.020657 0.013549
v 0.021491 0.022234 0.013524
v 0.018874 0.018993 0.013802
v 0.023358 0.020140 0.013762
v 0.021111 0.016445 0.014015
v 0.023977 0.013182 0.014108
v 0.024771 0.012278 0.014111
v 0.023654 0.011328 0.014165
v 0.021903 0.009897 0.014245
v 0.017185 0.016614 0.013985
v 0.019473 0.013550 0.014179
v 0.020488 0.008790 0.014303
v 0.035653 -0.000109 0.005551
v 0.035660 -0.000117 0.004800
v 0.033850 -0.002009 0.004800
v 0.024560 0.006313 0.014184
v 0.027877 0.001809 0.013723
v 0.026902 0.003138 0.013939
v 0.029433 -0.000334 0.013079
v 0.028720 0.000652 0.013437
v 0.029938 -0.005598 0.006493
v 0.029843 -0.005461 0.007945
v 0.029687 -0.005237 0.009166
v 0.029479 -0.004934 0.010171
v 0.029224 -0.004558 0.010989
v 0.028915 -0.004097 0.011663
v 0.028538 -0.003534 0.012237
v 0.028069 -0.002841 0.012733
v 0.029971 -0.005644 0.004800
v 0.035631 -0.000084 0.006300
v 0.033817 -0.001967 0.006447
v 0.035585 -0.000035 0.007095
v 0.033720 -0.001840 0.007864
v 0.035433 0.000137 0.008521
v 0.033562 -0.001633 0.009057
v 0.033350 -0.001350 0.010043
v 0.035207 0.000399 0.009688
v 0.033090 -0.000998 0.010846
v 0.034923 0.000723 0.010594
v 0.032777 -0.000568 0.011509
v 0.034565 0.001131 0.011338
v 0.032395 -0.000043 0.012074
v 0.034132 0.001622 0.011948
v 0.031921 0.000602 0.012563
v 0.033612 0.002215 0.012455
v 0.032950 0.002969 0.012903
v 0.028971 0.006776 0.013924
v 0.029544 0.006845 0.013879
v 0.030982 0.005209 0.013628
v 0.032086 0.003952 0.013301
v 0.027419 0.008830 0.014054
v 0.031939 -0.003870 0.004800
v 0.031906 -0.003825 0.006471
v 0.031809 -0.003694 0.007907
v 0.031652 -0.003477 0.009115
v 0.031442 -0.003184 0.010111
v 0.031184 -0.002819 0.010921
v 0.030872 -0.002372 0.011590
v 0.030493 -0.001828 0.012160
v 0.030021 -0.001157 0.012652
v 0.041165 0.006470 0.004800
v 0.038108 0.002654 0.004800
v 0.038075 0.002691 0.006382
v 0.043256 0.011137 0.010306
v 0.040664 0.007003 0.009712
v 0.040402 0.007291 0.010479
v 0.043979 0.010429 0.006274
v 0.044010 0.010398 0.004800
v 0.033605 0.014533 0.013699
v 0.030559 0.011501 0.013887
v 0.032987 0.008723 0.013622
v 0.033989 0.007566 0.013397
v 0.034852 0.006562 0.013106
v 0.035575 0.005708 0.012748
v 0.036169 0.004998 0.012327
v 0.036644 0.004420 0.011848
v 0.037026 0.003948 0.011295
v 0.037342 0.003561 0.010647
v 0.037604 0.003243 0.009864
v 0.037818 0.002990 0.008904
v 0.037977 0.002804 0.007749
v 0.040878 0.006773 0.008776
v 0.041036 0.006605 0.007652
v 0.042943 0.011454 0.010928
v 0.042567 0.011838 0.011457
v 0.042102 0.012309 0.011919
v 0.041520 0.012889 0.012328
v 0.040807 0.013588 0.012683
v 0.039950 0.014416 0.012978
v 0.038947 0.015376 0.013211
v 0.036497 0.017699 0.013496
v 0.040086 0.007644 0.011115
v 0.039706 0.008071 0.011656
v 0.039234 0.008595 0.012127
v 0.038644 0.009238 0.012543
v 0.037923 0.010014 0.012900
v 0.037060 0.010929 0.013194
v 0.036053 0.011986 0.013423
v 0.041133 0.006504 0.006328
v 0.011064 -0.010658 0.004800
v 0.011070 -0.009945 0.004800
v 0.010718 -0.009325 0.004800
v 0.010104 -0.008963 0.004800
v 0.009391 -0.008957 0.004800
v 0.008771 -0.009308 0.004800
v 0.008409 -0.009923 0.004800
v 0.008403 -0.010636 0.004800
v 0.008754 -0.011256 0.004800
v 0.009369 -0.011618 0.004800
v 0.010082 -0.011624 0.004800
v 0.010702 -0.011273 0.004800
v 0.012967 0.007015 -0.004980
v 0.016135 0.006246 -0.004871
v 0.012967 0.007015 -0.004955
v 0.012394 0.007155 -0.005004
v 0.012236 0.007193 -0.004972
v 0.012284 0.007181 -0.005008
v 0.018027 0.005786 -0.004817
v 0.018516 0.005667 -0.004803
v 0.018709 0.005620 -0.004797
v 0.019005 0.005549 -0.004789
v 0.019010 0.005547 -0.004789
v 0.019160 0.005511 -0.004784
v 0.019232 0.005494 -0.004782
v 0.019311 0.005474 -0.004780
v 0.019459 0.005438 -0.004775
v 0.019912 0.005328 -0.004761
v 0.021007 0.005062 -0.004725
v 0.020594 0.005163 -0.004739
v 0.020607 0.005160 -0.004739
v 0.020182 0.005263 -0.004752
v 0.017253 0.005974 -0.004839
v 0.017270 0.005970 -0.004839
v 0.016512 0.006154 -0.004860
v 0.044837 0.013037 -0.000565
v 0.044887 0.013095 -0.000551
v 0.044654 0.013224 -0.000676
v 0.044691 0.013274 -0.000669
v 0.044727 0.013304 -0.000644
v 0.044920 0.013154 -0.000512
v 0.044759 0.013318 -0.000612
v 0.044838 0.013344 -0.000517
v 0.044919 0.013263 -0.000467
v 0.044917 0.013371 -0.000420
v 0.044960 0.013372 -0.000351
v 0.044961 0.013127 -0.000451
v 0.044976 0.013346 -0.000296
v 0.044946 0.013085 -0.000487
v 0.044958 0.013105 -0.000464
v 0.044926 0.013076 -0.000513
v 0.044904 0.013082 -0.000537
v 0.044853 0.013039 -0.000559
v 0.044968 0.013083 -0.000430
v 0.044870 0.013041 -0.000551
v 0.044892 0.013046 -0.000538
v 0.044935 0.013060 -0.000497
v 0.044961 0.012432 -0.000114
v 0.044957 0.011931 0.000323
v 0.044942 0.011578 0.000826
v 0.044905 0.012381 -0.000193
v 0.044939 0.012404 -0.000157
v 0.044915 0.011867 0.000267
v 0.044941 0.011897 0.000293
v 0.044860 0.012425 -0.000260
v 0.044921 0.011544 0.000812
v 0.044889 0.011634 0.000550
v 0.044893 0.011523 0.000782
v 0.044942 0.011467 0.001400
v 0.044862 0.012364 -0.000220
v 0.044876 0.011992 0.000085
v 0.044881 0.011844 0.000246
v 0.043383 0.010836 -0.000166
v 0.043864 0.011779 -0.000439
v 0.043101 0.010225 0.000113
v 0.042940 0.009796 0.000438
v 0.042916 0.009613 0.000719
v 0.043118 0.009666 0.001263
v 0.042968 0.009574 0.000966
v 0.010484 0.023241 0.004361
v 0.010717 0.022835 0.004300
v 0.010365 0.023675 0.004530
v 0.052275 0.027502 -0.001608
v 0.051661 0.027492 -0.002012
v 0.051329 0.027352 -0.002161
v 0.051185 0.027384 -0.002241
v 0.050846 0.027115 -0.002348
v 0.050476 0.026857 -0.002463
v 0.049230 0.025730 -0.002763
v 0.049020 0.025368 -0.002784
v 0.047829 0.024099 -0.003001
v 0.047429 0.023652 -0.003066
v 0.046806 0.023098 -0.003177
v 0.051140 0.027368 -0.002260
v 0.050658 0.027118 -0.002432
v 0.050047 0.026619 -0.002596
v 0.045837 0.020099 -0.003085
v 0.045830 0.020098 -0.002800
v 0.046616 0.020085 -0.002800
v 0.042256 0.016197 -0.002800
v 0.042285 0.015736 -0.003397
v 0.042308 0.015575 -0.002800
v 0.042345 0.015384 -0.003050
v 0.042481 0.014907 -0.002800
v 0.042427 0.017354 -0.002800
v 0.043079 0.018608 -0.002800
v 0.043133 0.018677 -0.003624
v 0.042695 0.018009 -0.003658
v 0.042401 0.017268 -0.003653
v 0.042376 0.017172 -0.002800
v 0.042265 0.016484 -0.003604
v 0.042276 0.015816 -0.003523
v 0.044298 0.019641 -0.002800
v 0.045051 0.019952 -0.003298
v 0.044312 0.019648 -0.003452
v 0.043642 0.019194 -0.003560
v 0.047257 0.017636 0.003976
v 0.048581 0.016611 0.003976
v 0.046490 0.017981 0.003976
v 0.046024 0.018007 0.003976
v 0.045650 0.017940 0.003976
v 0.045242 0.017763 0.003976
v 0.044921 0.017521 0.003976
v 0.044649 0.017197 0.003976
v 0.044356 0.016205 0.003976
v 0.044369 0.016427 0.003976
v 0.044461 0.016818 0.003976
v 0.044371 0.015982 0.003976
v 0.044459 0.015612 0.003976
v 0.044670 0.015196 0.003976
v 0.045294 0.014632 0.003976
v 0.046400 0.014028 0.003976
v 0.046366 0.014047 0.003216
v 0.046311 0.014077 0.002518
v 0.046102 0.014191 0.001129
v 0.045294 0.014632 0.000300
v 0.045863 0.014321 0.000230
v 0.047257 0.017636 0.000300
v 0.047101 0.017744 0.000300
v 0.046565 0.017965 0.000300
v 0.045986 0.018004 0.000300
v 0.044385 0.016536 0.000300
v 0.044580 0.017082 0.000300
v 0.044939 0.017538 0.000300
v 0.045242 0.017763 0.000300
v 0.045424 0.017857 0.000300
v 0.044374 0.015956 0.000300
v 0.044890 0.014933 0.000300
v 0.044548 0.015402 0.000300
v 0.044459 0.015612 0.000300
v 0.047587 0.017380 0.000272
v 0.048472 0.016696 0.002208
v 0.048281 0.016843 0.000941
v 0.048075 0.017003 0.000109
v 0.044599 0.014639 -0.000016
v 0.045180 0.014226 -0.000016
v 0.045491 0.014000 -0.000119
v 0.047318 0.018095 -0.000016
v 0.047857 0.017627 -0.000016
v 0.048103 0.017832 -0.000433
v 0.048142 0.017227 -0.000034
v 0.048209 0.017696 -0.000433
v 0.045257 0.018234 -0.000016
v 0.045947 0.018415 -0.000016
v 0.046659 0.018367 -0.000016
v 0.044180 0.015216 -0.000016
v 0.043966 0.015897 -0.000016
v 0.045220 0.013858 -0.000433
v 0.045039 0.013938 -0.000433
v 0.044374 0.014411 -0.000433
v 0.044032 0.014830 -0.000433
v 0.043979 0.016610 -0.000016
v 0.043623 0.016202 -0.000433
v 0.043648 0.015851 -0.000433
v 0.043893 0.015072 -0.000433
v 0.044219 0.017282 -0.000016
v 0.043700 0.016836 -0.000433
v 0.043664 0.016668 -0.000433
v 0.044949 0.018439 -0.000433
v 0.044444 0.018079 -0.000433
v 0.044660 0.017843 -0.000016
v 0.044157 0.017768 -0.000433
v 0.043938 0.017437 -0.000433
v 0.047487 0.018367 -0.000433
v 0.046975 0.018609 -0.000433
v 0.046731 0.018679 -0.000433
v 0.045917 0.018734 -0.000433
v 0.045127 0.018527 -0.000433
v 0.048152 0.018273 -0.001015
v 0.047935 0.018901 -0.001630
v 0.047635 0.019356 -0.002063
v 0.047337 0.019654 -0.002348
v 0.047182 0.019774 -0.002466
v 0.043081 0.014206 -0.002403
v 0.042961 0.014311 -0.002484
v 0.042559 0.014786 -0.002747
v 0.043384 0.013998 -0.002189
v 0.043903 0.013782 -0.001784
v 0.044396 0.013714 -0.001338
v 0.044929 0.013771 -0.000778
v 0.034351 0.021217 -0.004420
v 0.033974 0.020700 -0.004453
v 0.034367 0.021203 -0.004420
v 0.035268 0.020376 -0.004414
v 0.034744 0.020857 -0.004419
v 0.034396 0.021177 -0.004420
v 0.037761 0.018082 -0.004303
v 0.036608 0.019144 -0.004375
v 0.036418 0.018924 -0.004390
v 0.035899 0.019273 -0.004412
v 0.041679 0.015140 -0.003069
v 0.040958 0.015723 -0.003330
v 0.038585 0.016891 -0.003743
v 0.038841 0.016469 -0.003670
v 0.039775 0.016277 -0.003571
v 0.040380 0.015710 -0.003406
v 0.040847 0.015497 -0.003299
v 0.035170 0.018698 -0.003960
v 0.037128 0.017431 -0.003850
v 0.036204 0.018306 -0.003942
v 0.034773 0.019291 -0.003998
v 0.033446 0.020307 -0.004018
v 0.033287 0.020111 -0.003998
v 0.033847 0.020802 -0.004454
v 0.033744 0.020675 -0.004260
v 0.035056 0.019670 -0.004241
v 0.036471 0.018695 -0.004188
v 0.041203 0.016117 -0.003589
v 0.040904 0.016424 -0.003874
v 0.040018 0.016676 -0.003826
v 0.039464 0.017134 -0.004121
v 0.038833 0.017289 -0.003993
v 0.038928 0.017419 -0.004189
v 0.041082 0.015939 -0.003429
v 0.039900 0.016494 -0.003667
v 0.038714 0.017107 -0.003836
v 0.033605 0.020504 -0.004106
v 0.034924 0.019494 -0.004087
v 0.036345 0.018515 -0.004033
v 0.024461 0.030178 -0.002684
v 0.024774 0.030417 -0.002749
v 0.024452 0.030191 -0.002679
v 0.024758 0.030418 -0.002741
v 0.024263 0.030466 -0.002562
v 0.024660 0.029879 -0.002799
v 0.024866 0.030024 -0.002823
v 0.024842 0.030413 -0.002787
v 0.025060 0.030186 -0.002914
v 0.025215 0.030345 -0.003065
v 0.025276 0.030421 -0.003163
v 0.025172 0.030411 -0.003042
v 0.025086 0.030408 -0.002962
v 0.031640 0.021524 -0.003988
v 0.031819 0.021362 -0.003991
v 0.032080 0.021467 -0.004012
v 0.027187 0.027817 -0.003937
v 0.026904 0.028198 -0.003865
v 0.026792 0.028077 -0.003673
v 0.026640 0.028562 -0.003790
v 0.025977 0.029501 -0.003561
v 0.025384 0.030090 -0.003154
v 0.025347 0.030433 -0.003271
v 0.027425 0.027502 -0.003991
v 0.028710 0.025636 -0.004032
v 0.028783 0.025803 -0.004219
v 0.032062 0.022347 -0.004438
v 0.031102 0.022026 -0.003975
v 0.030778 0.022692 -0.003977
v 0.029434 0.023716 -0.003893
v 0.028359 0.025316 -0.003790
v 0.028167 0.025152 -0.003770
v 0.026434 0.027766 -0.003431
v 0.026730 0.026948 -0.003531
v 0.027938 0.025425 -0.003741
v 0.025033 0.029772 -0.002911
v 0.025560 0.028552 -0.003200
v 0.026233 0.027614 -0.003409
v 0.032395 0.021822 -0.004253
v 0.031107 0.023034 -0.004218
v 0.030379 0.024013 -0.004368
v 0.028825 0.025753 -0.004225
v 0.032249 0.021657 -0.004100
v 0.030955 0.022874 -0.004065
v 0.028549 0.025485 -0.003878
v 0.026629 0.027927 -0.003520
v 0.025228 0.029933 -0.003001
v 0.034374 0.021249 -0.004419
v 0.030951 0.024384 -0.004337
v 0.028610 0.026522 -0.004144
v 0.050006 0.019104 0.003411
v 0.046695 0.021795 -0.003055
v 0.047424 0.021207 -0.002690
v 0.045629 0.022228 -0.003381
v 0.049733 0.025050 -0.002452
v 0.050319 0.024608 -0.002036
v 0.052230 0.023167 0.003464
v 0.054188 0.027138 0.002893
v 0.052142 0.023232 0.002283
v 0.053982 0.027203 0.001447
v 0.051992 0.023342 0.001252
v 0.053661 0.027295 0.000323
v 0.051783 0.023497 0.000367
v 0.053278 0.027386 -0.000476
v 0.051516 0.023697 -0.000383
v 0.052838 0.027461 -0.001083
v 0.051190 0.023944 -0.001019
v 0.050797 0.024244 -0.001563
v 0.049914 0.019177 0.002185
v 0.049758 0.019301 0.001119
v 0.049542 0.019474 0.000205
v 0.049267 0.019697 -0.000567
v 0.048930 0.019973 -0.001221
v 0.048524 0.020308 -0.001780
v 0.048029 0.020715 -0.002265
v 0.044885 0.021787 -0.003505
v 0.042298 0.019715 -0.003836
v 0.040842 0.020679 -0.004042
v 0.039797 0.020719 -0.004138
v 0.040975 0.020683 -0.004028
v 0.042187 0.020818 -0.003891
v 0.038770 0.020885 -0.004214
v 0.038591 0.020926 -0.004225
v 0.034813 0.021852 -0.004380
v 0.036284 0.021825 -0.004325
v 0.035249 0.022460 -0.004341
v 0.037423 0.021296 -0.004287
v 0.036793 0.021567 -0.004311
v 0.044478 0.021579 -0.003570
v 0.043332 0.021114 -0.003740
v 0.042993 0.021009 -0.003787
v 0.027637 0.031979 -0.003186
v 0.028394 0.030614 -0.003562
v 0.028582 0.030295 -0.003633
v 0.032835 0.024550 -0.004302
v 0.031596 0.025946 -0.004221
v 0.029390 0.028986 -0.003877
v 0.030483 0.027389 -0.004090
v 0.030931 0.026786 -0.004151
v 0.034927 0.022689 -0.004342
v 0.034039 0.023401 -0.004337
v 0.033151 0.024227 -0.004315
v 0.054165 0.027145 0.003369
v 0.054087 0.027170 0.002426
v 0.054020 0.027191 0.001914
v 0.053859 0.027240 0.001091
v 0.053632 0.027302 0.000340
v 0.053285 0.027384 -0.000416
v 0.053075 0.027425 -0.000753
v 0.052858 0.027458 -0.001038
v 0.028464 0.030494 -0.003491
v 0.027624 0.032004 -0.003085
v 0.029553 0.028736 -0.003813
v 0.029931 0.028172 -0.003892
v 0.030720 0.027067 -0.004019
v 0.034467 0.023044 -0.004234
v 0.034275 0.023201 -0.004232
v 0.033211 0.024168 -0.004209
v 0.033152 0.024227 -0.004207
v 0.031936 0.025541 -0.004142
v 0.031471 0.026100 -0.004103
v 0.030932 0.026786 -0.004046
v 0.038770 0.020885 -0.004115
v 0.038139 0.021050 -0.004151
v 0.037807 0.021156 -0.004167
v 0.036796 0.021565 -0.004206
v 0.036793 0.021567 -0.004206
v 0.035687 0.022172 -0.004230
v 0.035421 0.022343 -0.004233
v 0.034927 0.022689 -0.004235
v 0.042458 0.020873 -0.003788
v 0.041412 0.020711 -0.003901
v 0.040842 0.020679 -0.003956
v 0.040205 0.020688 -0.004012
v 0.039666 0.020733 -0.004054
v 0.038955 0.020845 -0.004104
v 0.042993 0.021009 -0.003724
v 0.042791 0.020953 -0.003749
v 0.045768 0.022320 -0.003338
v 0.044885 0.021787 -0.003470
v 0.044697 0.021688 -0.003497
v 0.044238 0.021467 -0.003562
v 0.043508 0.021174 -0.003659
v 0.022671 0.034006 -0.001322
v 0.022584 0.034156 -0.001107
v 0.022876 0.033653 -0.001837
v 0.023759 0.032181 -0.003107
v 0.024281 0.031343 -0.003560
v 0.023698 0.032280 -0.003031
v 0.023255 0.033011 -0.002497
v 0.023203 0.033100 -0.002389
v 0.023115 0.033246 -0.002251
v 0.022837 0.033719 -0.001733
v 0.021986 0.035210 0.003385
v 0.021739 0.035652 0.003594
v 0.022054 0.035088 0.001876
v 0.021806 0.035531 0.001993
v 0.022176 0.034871 0.000696
v 0.021923 0.035323 0.000761
v 0.022348 0.034568 -0.000263
v 0.022100 0.035006 -0.000329
v 0.022330 0.034599 -0.001237
v 0.022613 0.034106 -0.002004
v 0.022966 0.033501 -0.002686
v 0.023454 0.032680 -0.003353
v 0.023987 0.031810 -0.003871
v 0.024733 0.030638 -0.003858
v 0.024702 0.030686 -0.004364
v 0.024736 0.030633 -0.004384
v 0.025590 0.029355 -0.004784
v 0.025891 0.028921 -0.004383
v 0.025065 0.030132 -0.004038
v 0.026679 0.027826 -0.005124
v 0.027995 0.026127 -0.005380
v 0.027995 0.026127 -0.004877
v 0.025636 0.029289 -0.004802
v 0.026364 0.028257 -0.004533
v 0.041961 0.019332 -0.005083
v 0.041961 0.019332 -0.004578
v 0.039771 0.019430 -0.005340
v 0.039724 0.019434 -0.004842
v 0.038129 0.019596 -0.005474
v 0.030047 0.023785 -0.005087
v 0.029588 0.024275 -0.005556
v 0.030489 0.023335 -0.005112
v 0.030748 0.023081 -0.005625
v 0.031321 0.022552 -0.005144
v 0.031321 0.022552 -0.005645
v 0.031757 0.022180 -0.005155
v 0.031870 0.022088 -0.005658
v 0.032791 0.021411 -0.005164
v 0.032947 0.021310 -0.005664
v 0.033236 0.021132 -0.005162
v 0.033236 0.021132 -0.005662
v 0.033909 0.020766 -0.005154
v 0.033909 0.020766 -0.005654
v 0.034788 0.020383 -0.005134
v 0.034612 0.020452 -0.005640
v 0.035284 0.020207 -0.005119
v 0.035284 0.020207 -0.005620
v 0.036041 0.019987 -0.005090
v 0.035957 0.020009 -0.005594
v 0.037703 0.019656 -0.005001
v 0.037657 0.019663 -0.005505
v 0.038129 0.019596 -0.004973
v 0.038170 0.019590 -0.004970
v 0.029058 0.024867 -0.005008
v 0.049828 0.019940 -0.001519
v 0.049188 0.019840 -0.002668
v 0.049089 0.019825 -0.002177
v 0.048214 0.019704 -0.003289
v 0.048110 0.019690 -0.002809
v 0.046948 0.019556 -0.003877
v 0.047044 0.019566 -0.003317
v 0.045882 0.019459 -0.004249
v 0.045881 0.019459 -0.003734
v 0.045614 0.019439 -0.003815
v 0.043959 0.019350 -0.004229
v 0.043785 0.019344 -0.004773
v 0.045507 0.019431 -0.004360
v 0.034641 0.021560 -0.005599
v 0.037647 0.021212 -0.005479
v 0.036830 0.021550 -0.005511
v 0.036525 0.021698 -0.005521
v 0.035375 0.022374 -0.005542
v 0.038543 0.020938 -0.005431
v 0.038796 0.020879 -0.005415
v 0.039975 0.020703 -0.005327
v 0.043528 0.021181 -0.004928
v 0.042415 0.020864 -0.005074
v 0.041179 0.020694 -0.005214
v 0.044636 0.021657 -0.004767
v 0.045530 0.022165 -0.004628
v 0.045953 0.022085 -0.004531
v 0.045737 0.022300 -0.004595
v 0.046826 0.023115 -0.004416
v 0.046903 0.021337 -0.004195
v 0.048460 0.020111 -0.003268
v 0.047737 0.020681 -0.003776
v 0.052000 0.023403 -0.001730
v 0.052411 0.023105 -0.000934
v 0.052734 0.022871 -0.000029
v 0.052975 0.022695 0.000991
v 0.053236 0.022506 0.003400
v 0.055323 0.026702 0.002972
v 0.053141 0.022575 0.002132
v 0.055161 0.026769 0.001586
v 0.054546 0.027013 -0.000574
v 0.054897 0.026878 0.000396
v 0.054100 0.027166 -0.001395
v 0.051497 0.023769 -0.002422
v 0.053511 0.027333 -0.002133
v 0.050895 0.024206 -0.003016
v 0.052874 0.027456 -0.002691
v 0.050189 0.024718 -0.003518
v 0.049373 0.025310 -0.003934
v 0.050363 0.026765 -0.003791
v 0.050991 0.027198 -0.003621
v 0.051580 0.027428 -0.003411
v 0.052213 0.027502 -0.003112
v 0.047961 0.024181 -0.004227
v 0.049570 0.025991 -0.003957
v 0.049919 0.026357 -0.003889
v 0.023166 0.033162 -0.000642
v 0.022634 0.034071 0.002300
v 0.022733 0.033898 0.001191
v 0.022742 0.033883 0.001124
v 0.022900 0.033613 0.000228
v 0.023105 0.033264 -0.000483
v 0.024809 0.033175 0.002300
v 0.024778 0.033038 0.002300
v 0.024813 0.032902 0.002300
v 0.024906 0.032796 0.002300
v 0.027525 0.035056 0.002300
v 0.027414 0.035095 0.002300
v 0.027297 0.035088 0.002300
v 0.029433 0.032577 0.002300
v 0.029200 0.032178 0.002300
v 0.029321 0.032227 0.002300
v 0.029410 0.032323 0.002300
v 0.029450 0.032447 0.002300
v 0.030992 0.041034 -0.000181
v 0.030992 0.041034 0.000700
v 0.030007 0.040341 -0.000185
v 0.029009 0.039639 0.000700
v 0.029009 0.039639 -0.000190
v 0.029226 0.037223 0.000700
v 0.029226 0.037223 -0.000500
v 0.029096 0.038673 -0.000500
v 0.029049 0.039195 -0.000418
v 0.029025 0.039460 -0.000304
v 0.028578 0.034562 -0.001093
v 0.028262 0.035248 -0.000500
v 0.028750 0.034204 -0.000500
v 0.028845 0.034009 -0.001430
v 0.029243 0.033223 -0.000500
v 0.029258 0.033193 -0.001159
v 0.029274 0.033163 -0.001819
v 0.029088 0.033524 -0.001668
v 0.028891 0.033915 -0.001480
v 0.034582 0.031561 -0.000500
v 0.034582 0.031561 0.002300
v 0.035274 0.031885 -0.000500
v 0.035274 0.031885 0.002300
v 0.032455 0.034225 -0.000500
v 0.032838 0.033549 -0.000500
v 0.031426 0.036204 -0.000500
v 0.032856 0.035670 -0.000500
v 0.032462 0.035001 -0.000500
v 0.033192 0.040015 -0.000500
v 0.031888 0.040619 -0.000500
v 0.032313 0.040916 -0.000500
v 0.027948 0.037874 -0.000500
v 0.027177 0.037002 -0.000500
v 0.026788 0.037066 -0.000500
v 0.036433 0.036335 -0.000500
v 0.033409 0.037600 -0.000500
v 0.033697 0.040325 -0.000500
v 0.032816 0.041172 -0.000500
v 0.032744 0.041217 -0.000500
v 0.035353 0.034200 -0.000500
v 0.035359 0.034977 -0.000500
v 0.036890 0.035280 -0.000500
v 0.027561 0.036920 -0.000500
v 0.034959 0.033531 -0.000500
v 0.034283 0.033149 -0.000500
v 0.033507 0.033155 -0.000500
v 0.034977 0.035652 -0.000500
v 0.034308 0.036046 -0.000500
v 0.033531 0.036053 -0.000500
v 0.036916 0.034130 -0.000500
v 0.036508 0.033056 -0.000500
v 0.035725 0.032213 -0.000500
v 0.035725 0.032213 0.002300
v 0.036433 0.036335 0.002300
v 0.036890 0.035280 0.002300
v 0.036916 0.034130 0.002300
v 0.036508 0.033056 0.002300
v 0.033697 0.040325 0.002300
v 0.031366 0.041632 0.000156
v 0.031185 0.041636 0.000397
v 0.031478 0.041624 0.002300
v 0.030847 0.041614 0.001024
v 0.030286 0.041491 0.002300
v 0.032816 0.041172 0.002300
v 0.032288 0.041437 -0.000423
v 0.031789 0.041580 -0.000189
v 0.031469 0.041625 0.000054
v 0.026653 0.037086 -0.000497
v 0.025753 0.037252 -0.000266
v 0.031401 0.040845 -0.000415
v 0.025349 0.037383 0.000079
v 0.025223 0.037491 0.000416
v 0.033192 0.040015 0.000700
v 0.033409 0.037600 0.000700
v 0.031426 0.036204 0.000700
v 0.029764 0.039020 0.000700
v 0.031585 0.037167 0.000700
v 0.032261 0.037550 0.000700
v 0.032655 0.038219 0.000700
v 0.030833 0.040071 0.000700
v 0.030157 0.039689 0.000700
v 0.029757 0.038243 0.000700
v 0.030140 0.037568 0.000700
v 0.030809 0.037174 0.000700
v 0.032661 0.038995 0.000700
v 0.032279 0.039671 0.000700
v 0.031610 0.040065 0.000700
v 0.026652 0.038952 0.002300
v 0.026780 0.039003 0.002300
v 0.032838 0.033549 0.002300
v 0.034959 0.033531 0.002300
v 0.035353 0.034200 0.002300
v 0.035359 0.034977 0.002300
v 0.034977 0.035652 0.002300
v 0.034308 0.036046 0.002300
v 0.034283 0.033149 0.002300
v 0.033507 0.033155 0.002300
v 0.027434 0.037558 0.002300
v 0.032462 0.035001 0.002300
v 0.027399 0.037417 0.002300
v 0.027305 0.037310 0.002300
v 0.030809 0.037174 0.002300
v 0.030140 0.037568 0.002300
v 0.026925 0.038988 0.002300
v 0.029757 0.038243 0.002300
v 0.029764 0.039020 0.002300
v 0.030157 0.039689 0.002300
v 0.030833 0.040071 0.002300
v 0.031610 0.040065 0.002300
v 0.032279 0.039671 0.002300
v 0.032661 0.038995 0.002300
v 0.032655 0.038219 0.002300
v 0.033531 0.036053 0.002300
v 0.032261 0.037550 0.002300
v 0.032856 0.035670 0.002300
v 0.031585 0.037167 0.002300
v 0.025697 0.036194 0.002300
v 0.032455 0.034225 0.002300
v 0.027042 0.038910 0.002300
v 0.025654 0.036306 0.003756
v 0.022602 0.034124 0.003038
v 0.022631 0.034205 0.003857
v 0.027287 0.037380 0.002919
v 0.027272 0.037436 0.003852
v 0.027340 0.037483 0.003533
v 0.027386 0.037566 0.003529
v 0.027404 0.037659 0.003524
v 0.025141 0.037733 0.001414
v 0.025080 0.037912 0.002771
v 0.027667 0.031922 -0.004448
v 0.027752 0.031141 -0.004629
v 0.026572 0.032158 -0.004239
v 0.028496 0.030439 -0.004823
v 0.024714 0.033758 -0.003208
v 0.025563 0.033027 -0.003767
v 0.029644 0.028599 -0.005146
v 0.030843 0.026902 -0.005345
v 0.031768 0.025739 -0.005439
v 0.032018 0.025446 -0.005458
v 0.033149 0.024230 -0.005517
v 0.034219 0.023248 -0.005541
v 0.025252 0.037406 0.000155
v 0.025395 0.037001 -0.000798
v 0.025587 0.036482 -0.001628
v 0.025825 0.035869 -0.002328
v 0.026130 0.035131 -0.002952
v 0.026521 0.034242 -0.003511
v 0.026887 0.033462 -0.003892
v 0.027022 0.033184 -0.004009
v 0.026468 0.037060 -0.000596
v 0.051490 0.029446 -0.002672
v 0.051697 0.028481 -0.003027
v 0.051153 0.028362 -0.003217
v 0.055254 0.028883 0.004288
v 0.055230 0.028892 0.003381
v 0.055354 0.027796 0.003358
v 0.055226 0.027845 0.001906
v 0.055080 0.028946 0.001671
v 0.054916 0.027962 0.000441
v 0.054831 0.029032 0.000582
v 0.054693 0.029076 0.000195
v 0.054658 0.028053 -0.000260
v 0.054579 0.029112 -0.000076
v 0.054317 0.028164 -0.000924
v 0.053961 0.029282 -0.001083
v 0.053817 0.029315 -0.001250
v 0.053888 0.028286 -0.001525
v 0.053269 0.029420 -0.001755
v 0.053385 0.028401 -0.002037
v 0.052839 0.029474 -0.002052
v 0.051529 0.029452 -0.002659
v 0.052085 0.029500 -0.002442
v 0.052261 0.028518 -0.002778
v 0.052832 0.028485 -0.002453
v 0.050129 0.027860 -0.003485
v 0.050157 0.029019 -0.003038
v 0.050631 0.028155 -0.003365
v 0.050199 0.029040 -0.003029
v 0.050764 0.029272 -0.002892
v 0.048459 0.027725 -0.003333
v 0.048767 0.028024 -0.003288
v 0.049182 0.027056 -0.003667
v 0.048875 0.028122 -0.003272
v 0.049527 0.028642 -0.003163
v 0.047190 0.026310 -0.003497
v 0.048272 0.026057 -0.003808
v 0.047080 0.026184 -0.003511
v 0.047308 0.024972 -0.003952
v 0.046570 0.025621 -0.003580
v 0.046206 0.023926 -0.004122
v 0.045357 0.024497 -0.003749
v 0.043562 0.022292 -0.004501
v 0.043773 0.023462 -0.003948
v 0.044961 0.023014 -0.004308
v 0.044404 0.023820 -0.003871
v 0.045319 0.024467 -0.003754
v 0.042018 0.021833 -0.004687
v 0.042074 0.022837 -0.004133
v 0.042806 0.022024 -0.004596
v 0.043150 0.023176 -0.004020
v 0.043629 0.023390 -0.003965
v 0.039576 0.021785 -0.004908
v 0.038776 0.021945 -0.004959
v 0.038988 0.022889 -0.004365
v 0.040139 0.022696 -0.004296
v 0.040272 0.022687 -0.004286
v 0.040390 0.021712 -0.004845
v 0.040388 0.022682 -0.004278
v 0.041208 0.021728 -0.004771
v 0.041796 0.022780 -0.004160
v 0.041954 0.022811 -0.004145
v 0.035884 0.023278 -0.005051
v 0.037656 0.023371 -0.004416
v 0.037259 0.022490 -0.005026
v 0.038282 0.023109 -0.004396
v 0.038558 0.023013 -0.004385
v 0.034666 0.024227 -0.005045
v 0.035388 0.024880 -0.004430
v 0.036703 0.023896 -0.004434
v 0.033697 0.026564 -0.004364
v 0.034813 0.025400 -0.004417
v 0.035307 0.024949 -0.004429
v 0.033573 0.025274 -0.005012
v 0.032575 0.026387 -0.004950
v 0.033334 0.026985 -0.004337
v 0.030792 0.028744 -0.004722
v 0.031624 0.029239 -0.004121
v 0.032942 0.027461 -0.004302
v 0.030126 0.031615 -0.003715
v 0.030814 0.030475 -0.003938
v 0.029987 0.029973 -0.004539
v 0.030913 0.030316 -0.003964
v 0.031495 0.029428 -0.004096
v 0.029233 0.031226 -0.004291
v 0.028529 0.032498 -0.003954
v 0.029348 0.033021 -0.003339
v 0.028884 0.033930 -0.003010
v 0.027879 0.033777 -0.003487
v 0.028836 0.034028 -0.002969
v 0.028448 0.034841 -0.002572
v 0.027294 0.035034 -0.002822
v 0.028289 0.035187 -0.002363
v 0.027035 0.035632 -0.002385
v 0.027924 0.036024 -0.001704
v 0.026807 0.036185 -0.001864
v 0.027843 0.036219 -0.001503
v 0.026617 0.036667 -0.001261
v 0.054136 0.028164 0.003782
v 0.052732 0.029483 -0.001408
v 0.052584 0.029493 -0.001507
v 0.052027 0.028415 -0.001507
v 0.052459 0.028405 -0.001205
v 0.052663 0.028387 -0.001030
v 0.053265 0.029420 -0.000968
v 0.052942 0.028349 -0.000739
v 0.053476 0.029385 -0.000740
v 0.053097 0.028322 -0.000544
v 0.053616 0.029358 -0.000563
v 0.053151 0.028312 -0.000468
v 0.054055 0.029259 0.000200
v 0.053548 0.028228 0.000251
v 0.054169 0.029229 0.000482
v 0.053673 0.028199 0.000569
v 0.054201 0.029221 0.000569
v 0.053835 0.028160 0.001092
v 0.054485 0.029141 0.001760
v 0.054018 0.028148 0.002099
v 0.054056 0.028152 0.002448
v 0.054537 0.029125 0.002226
v 0.054498 0.029137 0.001860
v 0.036703 0.023896 -0.003888
v 0.036711 0.023891 -0.003888
v 0.038339 0.023088 -0.003866
v 0.037321 0.023537 -0.003880
v 0.038282 0.023109 -0.003867
v 0.039355 0.022805 -0.003845
v 0.040138 0.022696 -0.003822
v 0.040397 0.022681 -0.003812
v 0.040609 0.022677 -0.003803
v 0.041414 0.022723 -0.003764
v 0.041954 0.022811 -0.003730
v 0.042486 0.022944 -0.003692
v 0.043484 0.023321 -0.003606
v 0.043629 0.023390 -0.003592
v 0.044495 0.023877 -0.003502
v 0.044778 0.024065 -0.003470
v 0.045319 0.024467 -0.003408
v 0.045457 0.024578 -0.003391
v 0.046407 0.025451 -0.003280
v 0.047190 0.026310 -0.003193
v 0.047636 0.026824 -0.003142
v 0.048632 0.027895 -0.003006
v 0.048875 0.028122 -0.002964
v 0.049410 0.028558 -0.002853
v 0.049598 0.028690 -0.002808
v 0.050167 0.029024 -0.002649
v 0.050198 0.029040 -0.002639
v 0.050915 0.029319 -0.002380
v 0.051531 0.029452 -0.002103
v 0.051702 0.029474 -0.002016
v 0.049657 0.027122 -0.002438
v 0.050329 0.027721 -0.002262
v 0.047595 0.024754 -0.002797
v 0.048711 0.026067 -0.002618
v 0.048922 0.026316 -0.002583
v 0.050940 0.028112 -0.002049
v 0.051542 0.028344 -0.001777
v 0.047242 0.024370 -0.002855
v 0.046138 0.023310 -0.003047
v 0.045040 0.022464 -0.003236
v 0.043531 0.021648 -0.003470
v 0.044047 0.021882 -0.003395
v 0.043027 0.021462 -0.003537
v 0.042671 0.021358 -0.003580
v 0.039851 0.021219 -0.003804
v 0.040961 0.021134 -0.003740
v 0.041196 0.021139 -0.003722
v 0.041994 0.021215 -0.003653
v 0.039797 0.021228 -0.003806
v 0.036087 0.022683 -0.003888
v 0.036984 0.022178 -0.003876
v 0.037385 0.021983 -0.003870
v 0.038296 0.021613 -0.003854
v 0.038651 0.021496 -0.003846
v 0.035778 0.022881 -0.003891
v 0.035620 0.024684 -0.003889
v 0.035194 0.023298 -0.003891
v 0.034158 0.024178 -0.003872
v 0.034814 0.025400 -0.003873
v 0.033034 0.025332 -0.003816
v 0.034503 0.025704 -0.003861
v 0.032338 0.026152 -0.003757
v 0.033326 0.026995 -0.003789
v 0.032987 0.027405 -0.003757
v 0.032039 0.026531 -0.003724
v 0.032943 0.027460 -0.003752
v 0.031069 0.030072 -0.003436
v 0.030186 0.029256 -0.003368
v 0.032196 0.028434 -0.003659
v 0.030703 0.028422 -0.003501
v 0.031866 0.026757 -0.003703
v 0.030075 0.031703 -0.003109
v 0.029294 0.033124 -0.002695
v 0.028874 0.032847 -0.002598
v 0.030913 0.030317 -0.003395
v 0.030816 0.030471 -0.003368
v 0.029771 0.029973 -0.003231
v 0.029081 0.031284 -0.002918
v 0.028478 0.032587 -0.002498
v 0.028290 0.032451 -0.002649
v 0.027523 0.032196 -0.002720
v 0.027480 0.032277 -0.002634
v 0.023570 0.032576 -0.001363
v 0.023669 0.032391 -0.001558
v 0.023439 0.032824 -0.001118
v 0.024276 0.031335 -0.002256
v 0.024116 0.031605 -0.002106
v 0.024013 0.031782 -0.001985
v 0.023822 0.032117 -0.001747
v 0.010555 0.021691 -0.003158
v 0.010604 0.021720 -0.003088
v 0.010630 0.021727 -0.003109
v 0.010568 0.021694 -0.003169
v 0.010532 0.021636 -0.003232
v 0.010519 0.021632 -0.003221
v 0.010516 0.021556 -0.003276
v 0.010503 0.021553 -0.003266
v 0.010516 0.021515 -0.003289
v 0.010503 0.021511 -0.003279
v 0.010587 0.021704 -0.003169
v 0.010552 0.021656 -0.003227
v 0.010532 0.021590 -0.003273
v 0.010529 0.021518 -0.003300
v 0.010429 0.021657 -0.000600
v 0.010511 0.021696 -0.000600
v 0.010511 0.021696 -0.002901
v 0.010420 0.021651 -0.000600
v 0.010420 0.021651 -0.002901
v 0.010361 0.021583 -0.000600
v 0.010348 0.021559 -0.002901
v 0.010348 0.021559 -0.000600
v 0.010327 0.021460 -0.002901
v 0.010327 0.021460 -0.000600
v 0.010327 0.021461 -0.002922
v 0.010327 0.021457 -0.002902
v 0.010327 0.021460 -0.002912
v 0.010512 0.021696 -0.002904
v 0.010430 0.021658 -0.002911
v 0.010333 0.021511 -0.002910
v 0.010368 0.021593 -0.002913
v 0.010340 0.021537 -0.002926
v 0.010352 0.021565 -0.002926
v 0.010380 0.021610 -0.002925
v 0.010418 0.021648 -0.002923
v 0.010512 0.021697 -0.002912
v 0.010542 0.021704 -0.003009
v 0.010423 0.021619 -0.003083
v 0.010388 0.021544 -0.003109
v 0.010378 0.021480 -0.003121
v 0.010500 0.021116 -0.003354
v 0.010470 0.016588 -0.004119
v 0.010339 0.016864 -0.003909
v 0.010248 0.012122 -0.004301
v 0.010288 0.016867 -0.003685
v 0.010299 0.012145 -0.004520
v 0.010442 0.012163 -0.004694
v 0.006582 -0.014458 -0.001599
v 0.005783 -0.013460 -0.001441
v 0.004995 -0.012460 -0.001388
v 0.006089 -0.013198 -0.001835
v 0.006807 -0.014239 -0.001923
v 0.006018 -0.013245 -0.001812
v 0.006709 -0.014325 -0.001854
v 0.005313 -0.012210 -0.001792
v 0.005951 -0.013302 -0.001770
v 0.005234 -0.012273 -0.001763
v 0.005889 -0.013355 -0.001708
v 0.005168 -0.012325 -0.001719
v 0.005839 -0.013401 -0.001629
v 0.005104 -0.012375 -0.001654
v 0.005803 -0.013437 -0.001538
v 0.005053 -0.012415 -0.001573
v 0.005018 -0.012442 -0.001489
v 0.005382 -0.012156 -0.001800
v 0.006628 -0.014403 -0.001741
v 0.014186 -0.013656 0.000300
v 0.014276 -0.013233 0.000300
v 0.014197 -0.012809 0.000300
v 0.014277 -0.013215 0.000300
v 0.013018 -0.014800 0.000300
v 0.012597 -0.014880 0.000300
v 0.012177 -0.014792 0.000300
v 0.005276 -0.007775 0.000300
v 0.005196 -0.007353 0.000300
v 0.005283 -0.006933 0.000300
v 0.010718 -0.009325 0.000300
v 0.010104 -0.008963 0.000300
v 0.009369 -0.011618 0.000300
v 0.008754 -0.011256 0.000300
v 0.010702 -0.011273 0.000300
v 0.006871 -0.005701 0.000300
v 0.006447 -0.005784 0.000300
v 0.007294 -0.005788 0.000300
v 0.008771 -0.009308 0.000300
v 0.009391 -0.008957 0.000300
v 0.011070 -0.009945 0.000300
v 0.011064 -0.010658 0.000300
v 0.010082 -0.011624 0.000300
v 0.008403 -0.010636 0.000300
v 0.008409 -0.009923 0.000300
v 0.020208 0.005256 -0.005952
v 0.019242 0.008157 -0.005947
v 0.020676 0.005143 -0.005937
v 0.021058 0.005050 -0.005924
v 0.019178 0.005507 -0.005984
v 0.016631 0.006116 -0.006058
v 0.016356 0.006192 -0.006066
v 0.018603 0.009263 -0.005939
v 0.018832 0.009192 -0.005936
v 0.019898 0.008933 -0.005917
v 0.020233 0.008852 -0.005910
v 0.018539 0.009288 -0.004739
v 0.019212 0.008137 -0.004747
v 0.018832 0.009192 -0.004735
v 0.020233 0.008852 -0.004709
v 0.016354 0.006193 -0.004865
v 0.016433 0.006173 -0.004862
v 0.002103 -0.002139 0.000200
v 0.002103 -0.002139 0.001800
v -0.000736 -0.004931 0.000200
v -0.000736 -0.004931 0.001800
v -0.000459 -0.005360 -0.000300
v 0.002454 -0.002496 -0.000300
v 0.002320 -0.002359 -0.000262
v -0.000590 -0.005159 -0.000241
v 0.002206 -0.002244 -0.000154
v -0.000656 -0.005058 -0.000154
v 0.002130 -0.002166 0.000009
v -0.000734 -0.004935 0.000138
v -0.000715 -0.004964 0.000008
v -0.000689 -0.005006 -0.000081
v 0.003373 -0.000935 -0.000300
v 0.003263 -0.000905 -0.000287
v 0.003016 -0.001776 -0.000300
v 0.002851 -0.001679 -0.000262
v 0.002711 -0.001597 -0.000154
v 0.003010 -0.000835 -0.000129
v 0.003107 -0.000862 -0.000217
v 0.003188 -0.000884 -0.000262
v 0.002923 -0.000811 0.000021
v 0.002618 -0.001542 0.000009
v 0.002585 -0.001522 0.000200
v 0.002858 -0.000913 0.000200
v 0.002891 -0.000802 0.000200
v 0.009912 -0.006642 -0.003317
v 0.010000 -0.006575 -0.003394
v 0.008981 -0.005532 -0.002853
v 0.012279 -0.008909 -0.004464
v 0.009867 -0.006739 -0.003212
v 0.012155 -0.009043 -0.004309
v 0.009854 -0.006817 -0.003084
v 0.012109 -0.009098 -0.004170
v 0.008687 -0.005630 -0.002459
v 0.007686 -0.004206 -0.002113
v 0.007620 -0.004310 -0.002046
v 0.008741 -0.005451 -0.002690
v 0.007601 -0.004347 -0.002013
v 0.008698 -0.005550 -0.002586
v 0.007569 -0.004493 -0.001817
v 0.007568 -0.004470 -0.001857
v 0.007578 -0.004411 -0.001943
v 0.006014 -0.003697 -0.001004
v 0.006052 -0.003797 -0.000938
v 0.006257 -0.003796 -0.001087
v 0.005989 -0.003566 -0.001050
v 0.005998 -0.003628 -0.001033
v 0.006220 -0.003623 -0.001181
v 0.005984 -0.003450 -0.001064
v 0.007339 -0.003910 -0.001905
v 0.006958 -0.003687 -0.001671
v 0.006939 -0.003756 -0.001651
v 0.006953 -0.003685 -0.001667
v 0.006580 -0.003660 -0.001419
v 0.006522 -0.003529 -0.001400
v 0.006199 -0.003467 -0.001198
v 0.007620 -0.004141 -0.002074
v 0.007271 -0.004102 -0.001795
v 0.007269 -0.004235 -0.001644
v 0.006079 -0.003845 -0.000891
v 0.006104 -0.003878 -0.000849
v 0.006331 -0.003916 -0.000943
v 0.006129 -0.003903 -0.000809
v 0.006137 -0.003910 -0.000795
v 0.006588 -0.003836 -0.001323
v 0.006917 -0.003931 -0.001554
v 0.006641 -0.003966 -0.001179
v 0.006946 -0.004065 -0.001407
v 0.006233 -0.003948 -0.000640
v 0.006380 -0.003958 -0.000755
v 0.006613 -0.003997 -0.000937
v 0.006954 -0.004108 -0.001202
v 0.007316 -0.004310 -0.001480
v 0.004891 -0.004406 0.000059
v 0.005112 -0.004248 -0.000013
v 0.005860 -0.003971 -0.000378
v 0.005470 -0.004072 -0.000164
v 0.004213 -0.005024 0.000011
v 0.003699 -0.005526 0.000029
v 0.004120 -0.004949 -0.000179
v 0.003634 -0.005459 -0.000129
v 0.003370 -0.005191 -0.000300
v 0.003489 -0.005312 -0.000270
v 0.003981 -0.004820 -0.000298
v 0.003507 -0.005330 -0.000260
v 0.003618 -0.005443 -0.000154
v 0.004457 -0.004307 -0.000384
v 0.004316 -0.004166 -0.000397
v 0.003802 -0.004723 -0.000320
v 0.004717 -0.004512 -0.000099
v 0.004606 -0.004437 -0.000279
v 0.005624 -0.003734 -0.000776
v 0.005667 -0.003823 -0.000719
v 0.004628 -0.004137 -0.000428
v 0.004461 -0.004022 -0.000428
v 0.004791 -0.004009 -0.000475
v 0.004708 -0.003826 -0.000493
v 0.005193 -0.003776 -0.000621
v 0.005100 -0.003612 -0.000624
v 0.005591 -0.003634 -0.000812
v 0.005560 -0.003478 -0.000825
v 0.005103 -0.004046 -0.000442
v 0.005209 -0.004143 -0.000269
v 0.005398 -0.004054 -0.000354
v 0.005715 -0.003894 -0.000644
v 0.005766 -0.003943 -0.000557
v 0.004766 -0.004281 -0.000326
v 0.004875 -0.004365 -0.000149
v 0.004918 -0.004163 -0.000374
v 0.005026 -0.004253 -0.000199
v 0.005242 -0.003869 -0.000584
v 0.005295 -0.003950 -0.000524
v 0.005348 -0.004013 -0.000445
v 0.004058 0.003808 -0.000311
v 0.004381 0.005928 -0.000316
v 0.003945 0.005681 -0.000300
v 0.003328 -0.003043 -0.000300
v 0.003449 -0.003179 -0.000301
v 0.003546 -0.001098 -0.000303
v 0.003624 0.002788 -0.000300
v 0.003451 0.000584 -0.000300
v 0.003758 0.001362 -0.000306
v 0.003487 -0.000193 -0.000301
v 0.005338 0.003671 -0.000569
v 0.005656 0.006649 -0.000552
v 0.005977 0.003603 -0.000840
v 0.006523 0.007140 -0.000891
v 0.006179 0.000193 -0.001122
v 0.006321 0.001653 -0.001148
v 0.006551 0.003542 -0.001183
v 0.006882 0.005784 -0.001226
v 0.007174 0.007509 -0.001261
v 0.005490 -0.001170 -0.000774
v 0.004840 -0.001146 -0.000522
v 0.002995 0.000507 0.000009
v 0.002958 0.000500 0.000200
v 0.002995 -0.000166 0.000199
v 0.003381 -0.000174 -0.000288
v 0.003220 -0.000166 -0.000218
v 0.003262 0.000552 -0.000262
v 0.003102 0.000525 -0.000154
v 0.003119 -0.000161 -0.000130
v 0.003029 -0.000156 0.000021
v 0.003089 0.001645 -0.000300
v 0.002921 0.001555 -0.000262
v -0.000548 0.003137 -0.000188
v -0.000640 0.003085 -0.000158
v 0.000366 0.003125 -0.000154
v -0.000661 0.003073 -0.000150
v -0.001077 0.002838 0.000016
v -0.000618 0.002974 0.000009
v -0.001478 0.002611 0.000200
v -0.000286 0.003286 -0.000257
v 0.000407 0.003476 -0.000300
v 0.000385 0.003286 -0.000262
v 0.001485 0.003169 -0.000300
v 0.001404 0.002996 -0.000262
v 0.002411 0.002537 -0.000300
v 0.002279 0.002398 -0.000262
v 0.002167 0.002281 -0.000154
v 0.001335 0.002849 -0.000154
v 0.000091 0.003499 -0.000300
v 0.002093 0.002202 0.000009
v 0.001289 0.002751 0.000009
v 0.000354 0.003017 0.000009
v 0.002777 0.001479 -0.000154
v 0.002682 0.001428 0.000009
v 0.002648 0.001410 0.000200
v 0.002370 0.001839 0.000200
v -0.000611 0.002937 0.000200
v -0.000174 0.002995 0.000200
v 0.000349 0.002980 0.000200
v 0.001273 0.002716 0.000200
v 0.002067 0.002175 0.000200
v 0.004949 0.005674 -0.001800
v -0.001232 0.002176 -0.001800
v 0.004892 0.005774 -0.001787
v -0.001326 0.002342 -0.001762
v 0.004855 0.005839 -0.001763
v -0.001406 0.002483 -0.001654
v 0.004774 0.005982 -0.001654
v 0.004813 0.005915 -0.001717
v -0.001478 0.002611 -0.001300
v 0.004702 0.006110 -0.001300
v -0.001459 0.002578 -0.001491
v 0.004721 0.006077 -0.001489
v 0.004763 0.006002 -0.001629
v 0.007711 0.007813 -0.001617
v 0.007711 0.007813 -0.002707
v 0.007443 0.007661 -0.001439
v 0.007006 0.007414 -0.002237
v 0.006297 0.007012 -0.001770
v 0.005528 0.006577 -0.001418
v 0.011448 0.012112 -0.003956
v 0.011448 0.012112 -0.002400
v 0.011295 0.010797 -0.003980
v 0.011102 0.010123 -0.002400
v 0.010137 0.008351 -0.002400
v 0.010784 0.009372 -0.003730
v 0.011100 0.010118 -0.003898
v 0.008683 0.007003 -0.002400
v 0.009937 0.008108 -0.003215
v 0.010133 0.008346 -0.003339
v 0.011512 0.019735 -0.002884
v 0.011512 0.019735 -0.002400
v 0.011478 0.015642 -0.003524
v 0.011648 0.015918 -0.003623
v 0.008363 0.008253 -0.002046
v 0.008797 0.007887 -0.002400
v 0.008917 0.008768 -0.002400
v 0.009485 -0.005572 -0.003157
v 0.009199 -0.004096 -0.003056
v 0.012514 0.019637 -0.003756
v 0.012536 0.018955 -0.003889
v 0.012536 0.016964 -0.004201
v 0.012480 0.014775 -0.004456
v 0.012351 0.011153 -0.004757
v 0.012243 0.007523 -0.004958
v 0.010403 0.008147 -0.003555
v 0.009788 0.005407 -0.003312
v 0.012189 0.003602 -0.005079
v 0.012194 0.004245 -0.005067
v 0.012205 0.004853 -0.005056
v 0.012357 -0.005618 -0.004891
v 0.012353 -0.005444 -0.004905
v 0.012341 -0.004837 -0.004948
v 0.012320 -0.004012 -0.004997
v 0.009193 -0.002090 -0.003105
v 0.012247 -0.001259 -0.005090
v 0.009273 0.000018 -0.003160
v 0.012188 0.002729 -0.005093
v 0.009475 0.002654 -0.003233
v 0.012368 -0.007786 -0.004666
v 0.012354 -0.008518 -0.004562
v 0.012326 -0.008832 -0.004502
v 0.012348 -0.008701 -0.004533
v 0.012497 0.019990 -0.003681
v 0.012005 0.019862 -0.003281
v 0.018034 0.009590 -0.004741
v 0.017639 0.010028 -0.004736
v 0.014753 0.009318 -0.004818
v 0.017391 0.010552 -0.004723
v 0.016244 0.006219 -0.004868
v 0.012999 0.012327 -0.004673
v 0.017304 0.011128 -0.004704
v 0.017319 0.011375 -0.004694
v 0.015471 0.014544 -0.004525
v 0.015108 0.015165 -0.004472
v 0.014080 0.016932 -0.004272
v 0.013510 0.017915 -0.004121
v 0.012997 0.018801 -0.003952
v 0.020633 0.005153 -0.005938
v 0.024697 -0.009805 0.004702
v 0.024696 -0.009805 0.004510
v 0.024218 -0.010145 0.004503
v 0.022327 -0.011430 0.004772
v 0.023271 -0.010802 0.004783
v 0.027601 -0.007608 0.004737
v 0.027601 -0.007607 0.004549
v 0.027999 -0.007290 0.004555
v 0.027996 -0.007285 0.004189
v 0.013327 0.000224 -0.005047
v 0.015115 -0.006095 -0.004635
v 0.015816 -0.009102 -0.004051
v 0.012665 -0.009028 -0.004446
v 0.014299 -0.002959 -0.004922
v 0.014591 0.004825 -0.004954
v 0.018485 0.003411 -0.004820
v 0.015921 0.001746 -0.004927
v 0.021451 0.004300 -0.004707
v 0.019868 0.000462 -0.004719
v 0.023111 0.001446 -0.004556
v 0.021155 -0.002436 -0.004459
v 0.024314 -0.000640 -0.004308
v 0.022335 -0.005205 -0.003894
v 0.025221 -0.002228 -0.003976
v 0.022866 -0.006498 -0.003408
v 0.026309 -0.004176 -0.003228
v 0.025826 -0.003303 -0.003628
v 0.027315 -0.006050 -0.001532
v 0.027043 -0.005540 -0.002192
v 0.023334 -0.007690 -0.002699
v 0.026828 -0.005137 -0.002578
v 0.026697 -0.004891 -0.002774
v 0.024157 -0.009995 0.002071
v 0.024200 -0.010113 0.003397
v 0.026123 -0.008712 0.003441
v 0.023715 -0.008720 -0.001642
v 0.023866 -0.009149 -0.000936
v 0.027522 -0.006435 -0.000815
v 0.023991 -0.009508 -0.000089
v 0.027726 -0.006807 0.000233
v 0.024087 -0.009792 0.000911
v 0.027859 -0.007044 0.001318
v 0.027958 -0.007219 0.002780
v 0.027983 -0.007262 0.003484
v 0.026625 -0.008372 0.004725
v 0.026141 -0.008742 0.004720
v 0.025658 -0.009104 0.004714
v 0.021389 -0.012030 0.004760
v 0.020456 -0.012602 0.004747
v 0.019527 -0.013147 0.004732
v 0.017587 -0.014206 0.004697
v 0.017681 -0.014156 0.004699
v 0.018602 -0.013664 0.004717
v 0.018600 -0.013665 0.004615
v 0.017585 -0.014204 0.004394
v 0.017679 -0.014157 0.004598
v 0.017587 -0.014206 0.004596
v 0.020431 -0.012568 0.003315
v 0.017581 -0.014199 0.004056
v 0.020445 -0.012598 0.004058
v 0.020451 -0.012603 0.004447
v 0.020400 -0.012434 0.001968
v 0.017551 -0.014168 0.003345
v 0.017571 -0.014190 0.003683
v 0.020296 -0.011891 -0.000199
v 0.017289 -0.013897 0.000709
v 0.020357 -0.012206 0.000801
v 0.017393 -0.014005 0.001367
v 0.017473 -0.014087 0.002063
v 0.020216 -0.011497 -0.001043
v 0.016814 -0.013398 -0.001051
v 0.017053 -0.013650 -0.000329
v 0.020112 -0.011032 -0.001744
v 0.016599 -0.013169 -0.001548
v 0.016787 -0.013370 -0.001120
v 0.016383 -0.011818 -0.002860
v 0.015666 -0.012167 -0.002873
v 0.016012 -0.012537 -0.002489
v 0.016568 -0.012962 -0.001819
v 0.016451 -0.013010 -0.001833
v 0.016457 -0.013017 -0.001821
v 0.015423 -0.011909 -0.003095
v 0.016122 -0.010512 -0.003563
v 0.015214 -0.011686 -0.003264
v 0.013786 -0.010190 -0.004060
v 0.014013 -0.010427 -0.003962
v 0.014671 -0.011115 -0.003626
v 0.026139 -0.008741 0.004530
v 0.025656 -0.009103 0.004523
v 0.027112 -0.007995 0.004731
v 0.027111 -0.007994 0.004543
v 0.026624 -0.008372 0.004536
v 0.027108 -0.007989 0.004174
v 0.026136 -0.008736 0.004157
v 0.025177 -0.009458 0.004708
v 0.025175 -0.009458 0.004516
v 0.025171 -0.009453 0.004140
v 0.024213 -0.010140 0.004124
v 0.024220 -0.010145 0.004697
v 0.023270 -0.010802 0.004685
v 0.024221 -0.010145 0.004794
v 0.022326 -0.011431 0.004672
v 0.019525 -0.013147 0.004631
v 0.020454 -0.012603 0.004646
v 0.021387 -0.012031 0.004659
v 0.019835 -0.009931 -0.002791
v 0.019476 -0.008668 -0.003496
v 0.019063 -0.007303 -0.003981
v 0.018134 -0.004386 -0.004550
v 0.017093 -0.001342 -0.004819
v 0.016328 -0.012938 -0.001976
v 0.013930 -0.010499 -0.003941
v 0.015148 -0.011738 -0.003247
v 0.016633 -0.013248 -0.001417
v 0.017079 -0.013702 -0.000174
v 0.017382 -0.014010 0.001368
v 0.017550 -0.014181 0.003344
v 0.017121 -0.014188 0.003362
v 0.016956 -0.014020 0.001425
v 0.016663 -0.013723 -0.000067
v 0.016238 -0.013291 -0.001251
v 0.015616 -0.012658 -0.002243
v 0.014830 -0.011859 -0.002983
v 0.013647 -0.010655 -0.003657
v 0.013802 -0.010591 -0.003860
v 0.013742 -0.010623 -0.003801
v 0.014944 -0.011845 -0.003117
v 0.015010 -0.011820 -0.003172
v 0.015749 -0.012664 -0.002358
v 0.015823 -0.012647 -0.002405
v 0.015973 -0.012577 -0.002469
v 0.016173 -0.013003 -0.001920
v 0.016473 -0.013307 -0.001370
v 0.016913 -0.013755 -0.000144
v 0.017213 -0.014060 0.001384
v 0.017380 -0.014231 0.003349
v 0.016094 -0.013015 -0.001878
v 0.016390 -0.013316 -0.001335
v 0.016826 -0.013760 -0.000121
v 0.017124 -0.014062 0.001396
v 0.017291 -0.014232 0.003353
v -0.001052 -0.004424 0.001800
v -0.000408 -0.005438 -0.001300
v -0.001052 -0.004424 -0.001300
v -0.001654 -0.003385 -0.001300
v -0.002732 -0.001238 0.001800
v -0.002732 -0.001238 -0.001300
v -0.001621 -0.003366 -0.001491
v 0.001029 -0.007361 -0.001491
v -0.000376 -0.005417 -0.001491
v 0.001114 -0.007294 -0.001654
v -0.000286 -0.005357 -0.001654
v 0.001242 -0.007194 -0.001762
v -0.000151 -0.005267 -0.001762
v 0.001392 -0.007076 -0.001800
v 0.000009 -0.005161 -0.001800
v -0.001526 -0.003314 -0.001654
v -0.001384 -0.003235 -0.001762
v -0.001217 -0.003142 -0.001800
v -0.002698 -0.001223 -0.001491
v -0.002599 -0.001178 -0.001654
v -0.002451 -0.001111 -0.001762
v -0.002277 -0.001032 -0.001800
v -0.002568 0.001552 -0.001300
v -0.002176 0.002065 -0.001300
v -0.002148 0.002039 -0.001491
v -0.001549 0.002569 -0.001300
v -0.002237 0.001117 -0.001800
v -0.002465 0.000415 -0.001800
v -0.002408 0.001202 -0.001762
v -0.002654 0.000447 -0.001762
v -0.002553 0.001275 -0.001654
v -0.002814 0.000474 -0.001654
v -0.002650 0.001323 -0.001491
v -0.002921 0.000492 -0.001491
v -0.002684 0.001340 -0.001300
v -0.002479 -0.000322 -0.001800
v -0.002669 -0.000347 -0.001762
v -0.002830 -0.000368 -0.001654
v -0.002937 -0.000382 -0.001491
v -0.002070 0.001965 -0.001654
v -0.001952 0.001853 -0.001762
v -0.001813 0.001721 -0.001800
v -0.002975 -0.000387 -0.001300
v -0.002995 0.000177 -0.001300
v -0.002958 0.000499 -0.001300
v -0.001549 0.002569 0.001800
v -0.000174 0.002995 0.001800
v 0.001241 0.002731 0.001800
v 0.002370 0.001839 0.001800
v 0.002954 0.000523 0.001800
v 0.002858 -0.000913 0.001800
v -0.002568 0.001552 0.001800
v -0.002995 0.000177 0.001800
v -0.001262 0.001284 0.001800
v -0.000451 0.001743 0.001800
v 0.000481 0.001735 0.001800
v 0.001284 0.001262 0.001800
v 0.001743 0.000451 0.001800
v 0.001735 -0.000481 0.001800
v 0.001262 -0.001284 0.001800
v 0.000451 -0.001743 0.001800
v -0.000481 -0.001735 0.001800
v -0.001284 -0.001262 0.001800
v -0.001743 -0.000451 0.001800
v -0.001735 0.000481 0.001800
v -0.002252 0.000900 -0.001800
v -0.002252 0.000900 0.000000
v -0.001905 -0.001500 -0.001800
v -0.001905 -0.001500 -0.000000
v 0.000347 -0.002400 -0.001800
v 0.000347 -0.002400 -0.000000
v 0.002252 -0.000900 -0.001800
v 0.002252 -0.000900 -0.000000
v 0.001905 0.001500 -0.001800
v 0.001905 0.001500 -0.000000
v -0.000347 0.002400 -0.001800
v -0.000347 0.002400 0.000000
v -0.001262 0.001284 0.000000
v -0.000481 -0.001735 -0.000000
v 0.001743 0.000451 -0.000000
v -0.001735 0.000481 0.000000
v -0.001743 -0.000451 0.000000
v -0.001284 -0.001262 -0.000000
v 0.000451 -0.001743 -0.000000
v 0.001262 -0.001284 -0.000000
v 0.001735 -0.000481 -0.000000
v 0.001284 0.001262 -0.000000
v 0.000481 0.001735 -0.000000
v -0.000451 0.001743 0.000000
v 0.005303 -0.011859 -0.001800
v 0.004415 -0.006062 -0.001800
v 0.004651 -0.008477 -0.001800
v 0.004741 -0.009106 -0.001800
v 0.004841 0.004810 -0.001800
v 0.004666 0.003223 -0.001800
v 0.004360 -0.001175 -0.001800
v 0.004345 -0.001636 -0.001800
v 0.004327 -0.003694 -0.001800
v 0.004396 -0.005753 -0.001800
v 0.009176 -0.017474 -0.000054
v 0.008792 -0.017204 0.000117
v 0.008509 -0.016839 -0.000877
v 0.010931 -0.018175 0.002885
v 0.011856 -0.017927 0.002978
v 0.011880 -0.017959 0.003719
v 0.009142 -0.017653 0.003006
v 0.009538 -0.017944 0.002968
v 0.009976 -0.018134 0.002934
v 0.010445 -0.018207 0.002907
v 0.011740 -0.017758 0.001297
v 0.011791 -0.017834 0.001883
v 0.011851 -0.017919 0.002855
v 0.011416 -0.017261 -0.000816
v 0.011529 -0.017437 -0.000246
v 0.010998 -0.017538 -0.000447
v 0.011634 -0.017598 0.000410
v 0.010747 -0.017922 0.000754
v 0.009796 -0.017898 0.000899
v 0.010067 -0.017695 -0.000329
v 0.010263 -0.017963 0.000818
v 0.010493 -0.017688 -0.000301
v 0.010697 -0.017647 -0.000332
v 0.009829 -0.017654 -0.000382
v 0.009605 -0.017643 -0.000205
v 0.009274 -0.017407 -0.000675
v 0.009071 -0.017248 -0.000914
v 0.008629 -0.016612 -0.002154
v 0.008931 -0.017104 -0.001171
v 0.008469 -0.016538 -0.002074
v 0.008877 -0.017079 -0.001137
v 0.008145 -0.016320 -0.001921
v 0.007429 -0.015569 -0.001643
v 0.007294 -0.015399 -0.001603
v 0.008079 -0.016282 -0.001809
v 0.008970 -0.017433 0.001107
v 0.009362 -0.017716 0.000996
v 0.007610 -0.015786 -0.001704
v 0.007855 -0.016054 -0.001798
v 0.007437 -0.015525 -0.001812
v 0.007454 -0.015189 -0.002032
v 0.007492 -0.015449 -0.001960
v 0.007357 -0.015287 -0.001921
v 0.007301 -0.015362 -0.001765
v 0.007172 -0.015188 -0.001750
v 0.007236 -0.015110 -0.001906
v 0.007344 -0.015005 -0.002015
v 0.007466 -0.015178 -0.002041
v 0.007587 -0.015349 -0.002068
v 0.006872 -0.014839 -0.001626
v 0.006910 -0.014786 -0.001772
v 0.006983 -0.014710 -0.001890
v 0.007076 -0.014622 -0.001966
v 0.007094 -0.014123 -0.002068
v 0.006097 -0.013059 -0.001846
v 0.005719 -0.011751 -0.001847
v 0.005790 0.003110 -0.002149
v 0.005236 0.003165 -0.001884
v 0.006113 0.005655 -0.002169
v 0.005622 0.006161 -0.001893
v 0.006254 0.006618 -0.002176
v 0.004868 -0.005726 -0.001857
v 0.004819 -0.003688 -0.001862
v 0.004859 -0.001650 -0.001867
v 0.005003 0.000761 -0.001875
v 0.005181 -0.009038 -0.001850
v 0.005655 0.001795 -0.002140
v 0.005496 -0.000242 -0.002126
v 0.005424 -0.001666 -0.002116
v 0.005395 -0.002713 -0.002110
v 0.005410 -0.005024 -0.002097
v 0.005437 -0.005693 -0.002093
v 0.005516 -0.006902 -0.002087
v 0.005622 -0.007990 -0.002082
v 0.005735 -0.008861 -0.002079
v 0.006518 -0.012478 -0.002069
v 0.006276 -0.011606 -0.002071
v 0.006163 -0.011146 -0.002072
v 0.005163 0.006155 -0.001716
v 0.005107 0.006317 -0.001463
v 0.005510 0.006557 -0.001504
v 0.005505 0.006484 -0.001664
v 0.005880 0.006638 -0.001868
v 0.005524 0.006399 -0.001765
v 0.006217 0.006791 -0.002083
v 0.006227 0.006719 -0.002130
v 0.005912 0.006498 -0.001972
v 0.005575 0.006260 -0.001861
v 0.005231 0.006015 -0.001799
v 0.006237 0.006943 -0.001921
v 0.006232 0.006930 -0.001940
v 0.006217 0.006860 -0.002024
v 0.007659 0.007759 -0.002831
v 0.007630 0.007666 -0.002953
v 0.007634 0.007544 -0.003050
v 0.007665 0.007416 -0.003111
v 0.006961 0.007018 -0.002642
v 0.010317 0.011713 -0.004620
v 0.010319 0.011034 -0.004723
v 0.008218 0.007896 -0.003451
v 0.008255 0.007802 -0.003503
v 0.008767 0.008337 -0.003819
v 0.008889 0.008361 -0.003915
v 0.010144 0.010407 -0.004655
v 0.009820 0.009649 -0.004485
v 0.009602 0.009325 -0.004351
v 0.009749 0.009517 -0.004444
v 0.009624 0.009304 -0.004371
v 0.008196 0.008013 -0.003352
v 0.008207 0.008106 -0.003229
v 0.008248 0.008164 -0.003100
v 0.009528 0.009410 -0.004244
v 0.010044 0.010460 -0.004541
v 0.010220 0.011076 -0.004614
v 0.010250 0.011714 -0.004481
v 0.010158 0.011218 -0.004335
v 0.010155 0.011098 -0.004475
v 0.009960 0.010491 -0.004251
v 0.009987 0.010502 -0.004403
v 0.009742 0.009973 -0.004127
v 0.009493 0.009481 -0.004111
v 0.009497 0.009529 -0.003972
v 0.009151 0.008896 -0.004002
v 0.009209 0.008797 -0.004106
v 0.008720 0.008535 -0.003591
v 0.008914 0.008764 -0.003575
v 0.008991 0.008849 -0.003629
v 0.008726 0.008446 -0.003718
v 0.008994 0.008852 -0.002400
v 0.009962 0.010496 -0.002400
v 0.010248 0.012122 -0.002400
v 0.010309 0.019423 -0.002400
v 0.010309 0.019423 -0.002000
v 0.013125 0.020152 -0.002000
v 0.012811 0.020071 -0.003696
v 0.013125 0.020152 -0.003711
v 0.015687 0.025565 -0.002468
v 0.015378 0.026113 -0.002000
v 0.015973 0.024688 -0.002000
v 0.015422 0.021809 -0.002000
v 0.015781 0.022511 -0.003487
v 0.015954 0.023080 -0.002000
v 0.015992 0.023272 -0.003332
v 0.016005 0.023351 -0.002000
v 0.014255 0.020646 -0.002000
v 0.015066 0.021341 -0.003661
v 0.015289 0.021616 -0.002000
v 0.015422 0.021810 -0.003601
v 0.015529 0.021984 -0.003575
v 0.014088 0.020545 -0.002000
v 0.013883 0.020435 -0.003728
v 0.014566 0.020868 -0.003707
v 0.016046 0.024029 -0.003136
v 0.015977 0.024664 -0.002928
v 0.015918 0.024923 -0.002824
v 0.013153 0.026277 0.000354
v 0.012775 0.026141 0.000800
v 0.013337 0.025896 0.000800
v 0.014393 0.023428 0.000800
v 0.014403 0.024376 0.000800
v 0.014000 0.022564 0.000800
v 0.013292 0.021933 0.000800
v 0.012724 0.021701 0.000800
v 0.014465 0.026415 -0.001124
v 0.014235 0.026434 -0.000883
v 0.014031 0.025248 0.000800
v 0.014803 0.026348 -0.001463
v 0.014234 0.026434 -0.000881
v 0.014199 0.026435 -0.000843
v 0.013883 0.026424 -0.000496
v 0.010323 0.021080 0.000800
v 0.011669 0.022192 0.000800
v 0.010928 0.022603 0.000800
v 0.010458 0.023308 0.000800
v 0.010348 0.023943 0.000800
v 0.012516 0.022166 0.000800
v 0.013282 0.022530 0.000800
v 0.013796 0.023204 0.000800
v 0.012666 0.026057 0.000800
v 0.013407 0.025214 0.000800
v 0.013695 0.024848 0.000800
v 0.013944 0.024038 0.000800
v 0.012469 0.026281 0.002684
v 0.012417 0.026340 0.004300
v 0.013407 0.025214 0.004300
v 0.012533 0.026209 0.001849
v 0.021064 0.028417 -0.002636
v 0.024411 0.031109 -0.002370
v 0.024502 0.030957 -0.002440
v 0.012219 0.026189 0.004549
v 0.013223 0.025039 0.004553
v 0.010928 0.022603 0.004300
v 0.011374 0.022302 0.004300
v 0.011669 0.022192 0.004300
v 0.012201 0.022128 0.004300
v 0.012516 0.022166 0.004300
v 0.013016 0.022351 0.004300
v 0.013282 0.022530 0.004300
v 0.013640 0.022921 0.004300
v 0.013796 0.023204 0.004300
v 0.013835 0.024553 0.004300
v 0.013944 0.024038 0.004300
v 0.013935 0.023714 0.004300
v 0.010348 0.023943 0.000012
v 0.010361 0.024150 0.000012
v 0.010461 0.024557 0.000012
v 0.010476 0.024552 -0.000068
v 0.010363 0.023943 -0.000068
v 0.010409 0.023942 -0.000137
v 0.010519 0.024536 -0.000137
v 0.010478 0.023942 -0.000184
v 0.010660 0.024483 -0.000200
v 0.010560 0.023941 -0.000200
v 0.010591 0.024509 -0.000187
v 0.010583 0.024511 -0.000184
v 0.010952 0.025420 -0.000185
v 0.011025 0.025392 -0.000200
v 0.010883 0.025448 -0.000135
v 0.010840 0.025468 -0.000059
v 0.010830 0.025476 0.000012
v 0.012315 0.025670 -0.000600
v 0.011591 0.025739 -0.000600
v 0.011771 0.025722 -0.001011
v 0.011975 0.025702 -0.001426
v 0.012141 0.025686 -0.001618
v 0.012315 0.025670 -0.001801
v 0.011843 0.025983 -0.001438
v 0.011844 0.025989 -0.001430
v 0.012041 0.025969 -0.001667
v 0.012069 0.025702 -0.001616
v 0.011842 0.025976 -0.001445
v 0.011910 0.025726 -0.001459
v 0.011867 0.025767 -0.001481
v 0.012032 0.025736 -0.001652
v 0.011845 0.025806 -0.001489
v 0.012009 0.025783 -0.001676
v 0.011834 0.025842 -0.001491
v 0.012000 0.025830 -0.001688
v 0.011830 0.025923 -0.001477
v 0.012003 0.025888 -0.001690
v 0.012021 0.025940 -0.001679
v 0.012249 0.025948 -0.001892
v 0.012280 0.025681 -0.001836
v 0.012260 0.025696 -0.001858
v 0.012222 0.025760 -0.001902
v 0.012235 0.025729 -0.001886
v 0.012245 0.025713 -0.001875
v 0.012232 0.025918 -0.001906
v 0.012216 0.025865 -0.001917
v 0.012212 0.025825 -0.001917
v 0.012213 0.025807 -0.001915
v 0.011722 0.025736 -0.001039
v 0.011675 0.025773 -0.001062
v 0.011645 0.025824 -0.001078
v 0.011633 0.025886 -0.001086
v 0.011642 0.025947 -0.001085
v 0.011552 0.025833 -0.000871
v 0.011448 0.025903 -0.000660
v 0.011540 0.025894 -0.000878
v 0.011451 0.025938 -0.000661
v 0.011549 0.025955 -0.000877
v 0.011465 0.025982 -0.000659
v 0.011653 0.025996 -0.001048
v 0.011485 0.026014 -0.000654
v 0.011582 0.025782 -0.000855
v 0.011484 0.025798 -0.000641
v 0.011454 0.025858 -0.000655
v 0.011546 0.025751 -0.000617
v 0.011629 0.025745 -0.000833
v 0.011518 0.025766 -0.000627
v 0.011486 0.025796 -0.000640
v 0.011400 0.025802 -0.000503
v 0.011377 0.025849 -0.000503
v 0.011366 0.025901 -0.000496
v 0.011328 0.025974 -0.000364
v 0.011390 0.026002 -0.000457
v 0.011370 0.025950 -0.000482
v 0.011228 0.025623 -0.000280
v 0.011262 0.025596 -0.000270
v 0.011133 0.025505 -0.000220
v 0.011252 0.025929 -0.000272
v 0.011128 0.025840 -0.000158
v 0.011124 0.025801 -0.000205
v 0.010983 0.025717 -0.000069
v 0.010986 0.025706 -0.000096
v 0.011135 0.025756 -0.000243
v 0.011003 0.025673 -0.000151
v 0.010992 0.025693 -0.000121
v 0.011191 0.025661 -0.000281
v 0.011052 0.025601 -0.000210
v 0.011031 0.025630 -0.000193
v 0.011117 0.025523 -0.000223
v 0.011101 0.025541 -0.000225
v 0.011078 0.025568 -0.000222
v 0.011320 0.025726 -0.000376
v 0.011355 0.025693 -0.000367
v 0.011315 0.025630 -0.000300
v 0.011265 0.025819 -0.000364
v 0.011288 0.025769 -0.000376
v 0.011158 0.025707 -0.000269
v 0.011255 0.025870 -0.000342
v 0.011259 0.025914 -0.000312
v 0.011502 0.025724 -0.000464
v 0.011516 0.025747 -0.000544
v 0.011468 0.025737 -0.000480
v 0.011479 0.025770 -0.000559
v 0.011432 0.025763 -0.000494
v 0.011453 0.025704 -0.000410
v 0.011414 0.025719 -0.000421
v 0.011378 0.025749 -0.000433
v 0.011026 0.025637 -0.000187
v 0.011086 0.025474 -0.000210
v 0.011048 0.025436 -0.000203
v 0.010976 0.025465 -0.000190
v 0.010910 0.025498 -0.000144
v 0.010918 0.025612 -0.000090
v 0.010958 0.025573 -0.000161
v 0.010868 0.025527 -0.000072
v 0.010859 0.025543 0.000004
v 0.010913 0.025638 -0.000029
v 0.011037 0.025414 -0.000201
v 0.010845 0.025510 0.000009
v 0.012312 0.025639 -0.000447
v 0.012304 0.025553 -0.000317
v 0.012291 0.025424 -0.000230
v 0.012277 0.025271 -0.000200
v 0.013063 0.025383 -0.000447
v 0.012866 0.025071 -0.000200
v 0.012947 0.025200 -0.000230
v 0.013303 0.024627 -0.000200
v 0.013433 0.024706 -0.000230
v 0.013493 0.024034 -0.000200
v 0.013646 0.024046 -0.000230
v 0.013398 0.023419 -0.000200
v 0.013540 0.023361 -0.000230
v 0.013036 0.022912 -0.000200
v 0.013137 0.022796 -0.000230
v 0.012486 0.022621 -0.000200
v 0.012524 0.022473 -0.000230
v 0.013016 0.025310 -0.000317
v 0.013545 0.024773 -0.000317
v 0.013775 0.024056 -0.000317
v 0.013660 0.023312 -0.000317
v 0.013223 0.022699 -0.000317
v 0.012557 0.022347 -0.000317
v 0.013619 0.024818 -0.000447
v 0.013862 0.024063 -0.000447
v 0.013740 0.023279 -0.000447
v 0.013280 0.022633 -0.000447
v 0.012579 0.022263 -0.000447
v 0.012586 0.022233 -0.000600
v 0.013300 0.022611 -0.000600
v 0.013768 0.023268 -0.000600
v 0.013892 0.024065 -0.000600
v 0.013645 0.024834 -0.000600
v 0.013601 0.024902 -0.000600
v 0.013079 0.025409 -0.000600
v 0.010544 0.022118 -0.000200
v 0.010539 0.022041 -0.000207
v 0.010529 0.021913 -0.000250
v 0.010521 0.021820 -0.000317
v 0.010517 0.021765 -0.000382
v 0.010514 0.021728 -0.000448
v 0.010512 0.021699 -0.000553
v 0.010482 0.021812 -0.000310
v 0.010440 0.021798 -0.000296
v 0.010446 0.021869 -0.000245
v 0.010432 0.021694 -0.000435
v 0.010473 0.021715 -0.000444
v 0.010460 0.022036 -0.000189
v 0.010471 0.022119 -0.000187
v 0.010347 0.022120 -0.000065
v 0.010394 0.022119 -0.000138
v 0.010388 0.022026 -0.000138
v 0.010339 0.021901 -0.000079
v 0.010330 0.021817 -0.000048
v 0.010332 0.022120 0.000012
v 0.010345 0.022120 -0.000061
v 0.010333 0.021692 -0.000183
v 0.010327 0.021467 -0.000511
v 0.010328 0.021583 -0.000237
v 0.010329 0.021541 -0.000369
v 0.010453 0.021950 -0.000209
v 0.010363 0.021627 -0.000407
v 0.010381 0.021929 -0.000156
v 0.010375 0.021836 -0.000193
v 0.010370 0.021752 -0.000248
v 0.011671 0.027196 0.003419
v 0.011648 0.027153 0.003188
v 0.011545 0.026963 0.003218
v 0.011423 0.026730 0.001872
v 0.011284 0.026455 0.001326
v 0.011366 0.026618 0.001635
v 0.011722 0.027288 0.004231
v 0.011763 0.027347 0.004078
v 0.011714 0.027246 0.003163
v 0.011761 0.027339 0.003874
v 0.011761 0.027332 0.003705
v 0.011481 0.026801 0.001748
v 0.011330 0.026494 0.001126
v 0.011334 0.026530 0.001271
v 0.011229 0.026281 0.000759
v 0.011072 0.025928 0.000223
v 0.011454 0.026766 0.001734
v 0.011600 0.027043 0.002433
v 0.011654 0.027134 0.002689
v 0.011767 0.027268 0.002754
v 0.011817 0.026601 -0.000238
v 0.011794 0.026933 0.000778
v 0.011785 0.027060 0.001323
v 0.012912 0.025777 -0.002575
v 0.012509 0.026236 -0.001769
v 0.013385 0.025475 -0.003080
v 0.013219 0.025604 -0.002900
v 0.013116 0.025670 -0.002790
v 0.014434 0.024044 -0.004130
v 0.014000 0.024538 -0.003842
v 0.017044 0.025979 -0.003976
v 0.013948 0.024688 -0.003758
v 0.013837 0.024921 -0.003606
v 0.019568 0.027850 -0.003828
v 0.013510 0.025360 -0.003218
v 0.013612 0.025248 -0.003334
v 0.012177 0.026614 -0.000797
v 0.011913 0.026915 0.000411
v 0.012138 0.026658 -0.000653
v 0.011906 0.026510 -0.000593
v 0.012319 0.025994 -0.001898
v 0.012590 0.025891 -0.002239
v 0.014050 0.024345 -0.003937
v 0.014083 0.023784 -0.004150
v 0.012530 0.025793 -0.002238
v 0.013416 0.025141 -0.003097
v 0.013635 0.024862 -0.003375
v 0.013598 0.024906 -0.003272
v 0.013704 0.024727 -0.003420
v 0.013799 0.024526 -0.003620
v 0.013868 0.024249 -0.003715
v 0.013891 0.024143 -0.003825
v 0.013887 0.024122 -0.003775
v 0.013951 0.024193 -0.003931
v 0.013978 0.023780 -0.004103
v 0.013945 0.023774 -0.004071
v 0.014009 0.024216 -0.003969
v 0.014028 0.023784 -0.004133
v 0.013890 0.024633 -0.003752
v 0.013476 0.025327 -0.003218
v 0.013741 0.025033 -0.003510
v 0.013950 0.024665 -0.003769
v 0.012565 0.025884 -0.002226
v 0.012544 0.025843 -0.002236
v 0.012537 0.025691 -0.002205
v 0.012619 0.025613 -0.002129
v 0.012582 0.025628 -0.002144
v 0.012556 0.025653 -0.002176
v 0.012879 0.025523 -0.002475
v 0.013055 0.025424 -0.002617
v 0.013432 0.025116 -0.003061
v 0.013160 0.025361 -0.002794
v 0.012858 0.025553 -0.002508
v 0.012527 0.025740 -0.002227
v 0.012846 0.025596 -0.002540
v 0.013146 0.025395 -0.002832
v 0.012882 0.025751 -0.002573
v 0.013177 0.025548 -0.002903
v 0.013692 0.024989 -0.003494
v 0.013440 0.025277 -0.003204
v 0.012859 0.025702 -0.002574
v 0.012846 0.025648 -0.002563
v 0.013153 0.025495 -0.002891
v 0.013142 0.025441 -0.002866
v 0.013417 0.025224 -0.003176
v 0.013410 0.025178 -0.003138
v 0.013656 0.024942 -0.003463
v 0.013637 0.024898 -0.003420
v 0.013842 0.024595 -0.003717
v 0.013811 0.024558 -0.003670
v 0.013911 0.024168 -0.003880
v 0.013910 0.023762 -0.004019
v 0.013887 0.023737 -0.003928
v 0.012586 0.022233 -0.004188
v 0.013123 0.022475 -0.004204
v 0.013553 0.022885 -0.004150
v 0.013289 0.022601 -0.004193
v 0.013760 0.023248 -0.004070
v 0.013198 0.022375 -0.004422
v 0.012601 0.022108 -0.004406
v 0.012588 0.022175 -0.004347
v 0.012612 0.022057 -0.004429
v 0.013838 0.023427 -0.004102
v 0.013570 0.022886 -0.004229
v 0.013133 0.022465 -0.004285
v 0.013669 0.022835 -0.004363
v 0.013717 0.022804 -0.004387
v 0.013570 0.022624 -0.004415
v 0.013132 0.022271 -0.004448
v 0.013889 0.023088 -0.004332
v 0.013949 0.023425 -0.004230
v 0.014014 0.023413 -0.004256
v 0.012584 0.022219 -0.004269
v 0.013159 0.022430 -0.004364
v 0.013611 0.022868 -0.004306
v 0.013883 0.023432 -0.004175
v 0.014062 0.023626 -0.004197
v 0.011893 0.022020 -0.004253
v 0.011935 0.022065 -0.004131
v 0.012257 0.022148 -0.004160
v 0.011880 0.021875 -0.004364
v 0.011878 0.021926 -0.004341
v 0.012238 0.022002 -0.004382
v 0.011884 0.021985 -0.004295
v 0.012224 0.022073 -0.004325
v 0.012218 0.022122 -0.004245
v 0.012242 0.021962 -0.004398
v 0.011880 0.021869 -0.004366
v 0.011503 0.021953 -0.003795
v 0.011196 0.021874 -0.003557
v 0.011206 0.021761 -0.003811
v 0.011202 0.021698 -0.003836
v 0.011592 0.021964 -0.003961
v 0.011557 0.021915 -0.004022
v 0.011538 0.021846 -0.004070
v 0.011534 0.021785 -0.004095
v 0.011226 0.021829 -0.003763
v 0.011261 0.021878 -0.003702
v 0.011931 0.021051 -0.004602
v 0.012035 0.019660 -0.004934
v 0.011903 0.009551 -0.006066
v 0.011982 0.012584 -0.005855
v 0.012012 0.013655 -0.005762
v 0.012079 0.017994 -0.005239
v 0.012070 0.016190 -0.005491
v 0.012028 0.014244 -0.005706
v 0.011843 0.005754 -0.006241
v 0.011873 0.008077 -0.006146
v 0.011837 0.003714 -0.006295
v 0.011838 0.003477 -0.006300
v 0.011861 0.001246 -0.006325
v 0.011898 -0.000410 -0.006321
v 0.011972 -0.002801 -0.006271
v 0.012013 -0.004029 -0.006220
v 0.012087 -0.006864 -0.006007
v 0.012094 -0.007813 -0.005899
v 0.012094 -0.007935 -0.005884
v 0.012079 -0.009148 -0.005707
v 0.011991 -0.010752 -0.005393
v 0.011802 -0.012228 -0.004998
v 0.013846 0.009190 -0.006045
v 0.012481 0.020041 -0.004901
v 0.017477 0.010322 -0.005931
v 0.017761 0.009864 -0.005940
v 0.016348 0.006194 -0.006066
v 0.018198 0.009469 -0.005942
v 0.015049 0.005366 -0.006127
v 0.017332 0.011468 -0.005892
v 0.017320 0.010885 -0.005914
v 0.015478 0.014702 -0.005717
v 0.014663 0.016135 -0.005582
v 0.013645 0.017943 -0.005338
v 0.013432 0.018325 -0.005273
v 0.012923 0.004090 -0.006238
v 0.012380 0.003781 -0.006269
v 0.014785 0.007447 -0.006085
v 0.013741 0.004570 -0.006194
v 0.016280 0.013300 -0.005812
v 0.014804 -0.011830 -0.004630
v 0.015080 -0.013220 -0.003858
v 0.013077 -0.014111 -0.003864
v 0.020601 -0.008523 -0.004584
v 0.021068 -0.009862 -0.003829
v 0.019069 -0.011100 -0.003841
v 0.018669 -0.009736 -0.004603
v 0.018222 -0.008232 -0.005143
v 0.020084 -0.007052 -0.005116
v 0.016634 0.006124 -0.006058
v 0.017950 0.003429 -0.006041
v 0.028748 -0.008220 0.004151
v 0.013349 -0.017167 0.001322
v 0.012613 -0.011172 -0.005207
v 0.015035 0.001551 -0.006169
v 0.013024 -0.003541 -0.006179
v 0.012081 -0.000133 -0.006313
v 0.013808 -0.006971 -0.005858
v 0.014160 -0.008656 -0.005583
v 0.012861 -0.012720 -0.004641
v 0.014492 -0.010288 -0.005188
v 0.011509 -0.014738 -0.003865
v 0.011440 -0.014672 -0.003926
v 0.011796 -0.012263 -0.004987
v 0.011518 -0.013394 -0.004595
v 0.011107 -0.014429 -0.004152
v 0.011813 -0.015167 -0.003463
v 0.011976 -0.015659 -0.002960
v 0.013233 -0.015270 -0.002850
v 0.011989 -0.015753 -0.002856
v 0.013315 -0.016153 -0.001621
v 0.011916 -0.016494 -0.001941
v 0.012001 -0.015948 -0.002633
v 0.013343 -0.016772 -0.000220
v 0.011670 -0.016979 -0.001239
v 0.011827 -0.016717 -0.001627
v 0.013361 -0.017373 0.002995
v 0.028700 -0.008138 0.002515
v 0.026456 -0.009941 0.003126
v 0.026381 -0.009773 0.001491
v 0.028602 -0.007969 0.001131
v 0.026234 -0.009439 -0.000078
v 0.028457 -0.007717 -0.000054
v 0.025983 -0.008888 -0.001531
v 0.028264 -0.007383 -0.001080
v 0.025810 -0.008516 -0.002191
v 0.028007 -0.006934 -0.002016
v 0.025603 -0.008077 -0.002793
v 0.027689 -0.006379 -0.002825
v 0.025363 -0.007572 -0.003330
v 0.027331 -0.005753 -0.003479
v 0.025092 -0.007009 -0.003799
v 0.026903 -0.005005 -0.004049
v 0.024481 -0.005749 -0.004536
v 0.026385 -0.004105 -0.004544
v 0.023811 -0.004375 -0.005050
v 0.025752 -0.003010 -0.004969
v 0.021324 -0.004274 -0.005444
v 0.024975 -0.001670 -0.005325
v 0.020683 -0.002744 -0.005684
v 0.024015 -0.000019 -0.005603
v 0.021627 0.004075 -0.005899
v 0.019354 0.000348 -0.005946
v 0.022806 0.002055 -0.005802
v 0.023718 0.000491 -0.005664
v 0.019240 -0.011704 -0.003363
v 0.021270 -0.010456 -0.003354
v 0.019387 -0.012244 -0.002823
v 0.022016 -0.012989 0.003084
v 0.019834 -0.014290 0.003062
v 0.021967 -0.012801 0.001438
v 0.019795 -0.014095 0.001410
v 0.021875 -0.012435 -0.000120
v 0.019727 -0.013718 -0.000143
v 0.021711 -0.011845 -0.001556
v 0.019602 -0.013115 -0.001571
v 0.021593 -0.011451 -0.002212
v 0.021446 -0.010988 -0.002813
v 0.016359 -0.009310 -0.005167
v 0.016738 -0.010837 -0.004618
v 0.017074 -0.012218 -0.003850
v 0.017336 -0.013373 -0.002832
v 0.017503 -0.014253 -0.001586
v 0.017594 -0.014865 -0.000167
v 0.017639 -0.015250 0.001382
v 0.017669 -0.015450 0.003040
v 0.015513 -0.016476 0.003018
v 0.015493 -0.016272 0.001352
v 0.015468 -0.015881 -0.000193
v 0.015410 -0.015263 -0.001603
v 0.015287 -0.014380 -0.002841
v 0.017751 -0.006650 -0.005518
v 0.017259 -0.005023 -0.005774
v 0.016208 -0.001725 -0.006059
v 0.024222 -0.011541 0.003105
v 0.024160 -0.011362 0.001465
v 0.024042 -0.011011 -0.000098
v 0.023837 -0.010438 -0.001543
v 0.023692 -0.010054 -0.002201
v 0.023516 -0.009601 -0.002804
v 0.023309 -0.009080 -0.003343
v 0.023074 -0.008499 -0.003815
v 0.022537 -0.007195 -0.004562
v 0.021946 -0.005767 -0.005085
v 0.011448 -0.017232 -0.000200
v 0.010690 -0.017649 -0.000200
v 0.011913 -0.016502 -0.000200
v 0.012001 -0.015948 -0.000200
v 0.008593 -0.016515 -0.000200
v 0.008525 -0.016243 -0.002377
v 0.008501 -0.015962 -0.000200
v 0.008507 -0.016104 -0.002398
v 0.008501 -0.015962 -0.002425
v 0.009064 -0.017241 -0.000200
v 0.008585 -0.016492 -0.002288
v 0.009825 -0.017653 -0.000200
v 0.007602 -0.015589 -0.001986
v 0.007552 -0.015662 -0.001849
v 0.008104 -0.016238 -0.002021
v 0.008173 -0.015988 -0.002244
v 0.008136 -0.016148 -0.002152
v 0.007937 -0.015756 -0.002168
v 0.007736 -0.015530 -0.002109
v 0.010604 -0.014241 -0.003923
v 0.008578 -0.015442 -0.002579
v 0.009188 -0.014565 -0.003094
v 0.009055 -0.014677 -0.002999
v 0.008804 -0.014971 -0.002801
v 0.010111 -0.014211 -0.003665
v 0.009811 -0.014261 -0.003494
v 0.009659 -0.014308 -0.003402
v 0.011909 -0.015395 -0.000200
v 0.011438 -0.014669 -0.000200
v 0.010677 -0.014258 -0.000200
v 0.009812 -0.014261 -0.000200
v 0.009054 -0.014679 -0.000200
v 0.008589 -0.015408 -0.000200
v 0.026077 0.013349 -0.005645
v 0.027331 0.014417 -0.005578
v 0.029594 0.010552 -0.005542
v 0.030091 0.006223 -0.005408
v 0.029544 0.006845 -0.005484
v 0.028965 0.006776 -0.005529
v 0.024771 0.012278 -0.005711
v 0.026904 0.009443 -0.005679
v 0.027477 0.008675 -0.005652
v 0.028874 0.006781 -0.005536
v 0.032080 0.007632 -0.005274
v 0.033133 0.006392 -0.005041
v 0.031362 0.004776 -0.005152
v 0.034065 0.005293 -0.004729
v 0.032396 0.003599 -0.004822
v 0.034877 0.004332 -0.004332
v 0.033246 0.002632 -0.004420
v 0.035575 0.003503 -0.003844
v 0.033966 0.001812 -0.003932
v 0.036167 0.002798 -0.003259
v 0.034599 0.001092 -0.003322
v 0.036661 0.002208 -0.002563
v 0.035087 0.000536 -0.002657
v 0.037069 0.001721 -0.001745
v 0.035498 0.000067 -0.001870
v 0.037397 0.001331 -0.000785
v 0.035843 -0.000324 -0.000916
v 0.037650 0.001031 0.000337
v 0.036119 -0.000639 0.000254
v 0.037829 0.000820 0.001634
v 0.036305 -0.000855 0.001560
v 0.037935 0.000695 0.003119
v 0.036429 -0.000992 0.003300
v 0.036450 -0.001015 0.004026
v 0.047382 0.015408 -0.001080
v 0.047698 0.015136 -0.000193
v 0.047941 0.014929 0.000830
v 0.048111 0.014784 0.001998
v 0.048210 0.014699 0.003320
v 0.045241 0.017251 -0.003546
v 0.045927 0.016662 -0.003067
v 0.046505 0.016164 -0.002503
v 0.046986 0.015749 -0.001845
v 0.043511 0.018730 -0.004268
v 0.044439 0.017938 -0.003945
v 0.033768 0.020616 -0.005164
v 0.036034 0.017102 -0.005133
v 0.033627 0.020466 -0.005174
v 0.032898 0.019701 -0.005227
v 0.046378 0.011843 0.003280
v 0.044436 0.008990 0.003240
v 0.046276 0.011934 0.001926
v 0.044332 0.009090 0.001852
v 0.046103 0.012091 0.000731
v 0.044157 0.009259 0.000631
v 0.045856 0.012315 -0.000313
v 0.043907 0.009501 -0.000433
v 0.045535 0.012608 -0.001215
v 0.043582 0.009817 -0.001350
v 0.045133 0.012975 -0.001992
v 0.043176 0.010212 -0.002139
v 0.044645 0.013421 -0.002659
v 0.042684 0.010692 -0.002814
v 0.044060 0.013956 -0.003229
v 0.042093 0.011267 -0.003389
v 0.043366 0.014588 -0.003711
v 0.041394 0.011946 -0.003874
v 0.042555 0.015325 -0.004112
v 0.040578 0.012736 -0.004274
v 0.041619 0.016172 -0.004434
v 0.039638 0.013643 -0.004595
v 0.040554 0.017133 -0.004682
v 0.038569 0.014670 -0.004840
v 0.042379 0.006166 0.003199
v 0.040211 0.003393 0.003158
v 0.042274 0.006273 0.001779
v 0.040105 0.003509 0.001706
v 0.042096 0.006456 0.000532
v 0.039927 0.003706 0.000433
v 0.041845 0.006717 -0.000552
v 0.039674 0.003986 -0.000671
v 0.041517 0.007057 -0.001485
v 0.039345 0.004351 -0.001617
v 0.041109 0.007482 -0.002284
v 0.038936 0.004807 -0.002426
v 0.040614 0.007998 -0.002966
v 0.038441 0.005360 -0.003115
v 0.040021 0.008616 -0.003545
v 0.037848 0.006021 -0.003698
v 0.039320 0.009344 -0.004032
v 0.037146 0.006800 -0.004186
v 0.038502 0.010190 -0.004432
v 0.036330 0.007704 -0.004584
v 0.037561 0.011160 -0.004750
v 0.035392 0.008738 -0.004899
v 0.036494 0.012257 -0.004992
v 0.034329 0.009907 -0.005137
v 0.033965 0.014850 -0.005278
v 0.031818 0.012664 -0.005415
v 0.030172 0.016997 -0.005410
v 0.024788 0.007746 -0.005777
v 0.023297 0.011218 -0.005779
v 0.028550 0.006832 -0.005562
v 0.028414 -0.003250 -0.004208
v 0.028985 -0.004068 -0.003614
v 0.026965 0.003039 -0.005534
v 0.024564 0.006284 -0.005785
v 0.029682 -0.000648 -0.004612
v 0.028891 0.000428 -0.005005
v 0.027986 0.001656 -0.005309
v 0.029463 -0.004754 -0.002904
v 0.029858 -0.005320 -0.002063
v 0.030176 -0.005775 -0.001069
v 0.030422 -0.006126 0.000099
v 0.030597 -0.006374 0.001458
v 0.030700 -0.006521 0.003021
v 0.034602 -0.002876 0.003068
v 0.034497 -0.002740 0.001543
v 0.034319 -0.002509 0.000214
v 0.034068 -0.002184 -0.000932
v 0.033743 -0.001760 -0.001909
v 0.033339 -0.001233 -0.002739
v 0.032850 -0.000594 -0.003442
v 0.032265 0.000168 -0.004032
v 0.032680 -0.004741 0.003043
v 0.032575 -0.004599 0.001498
v 0.032398 -0.004359 0.000153
v 0.032150 -0.004020 -0.001004
v 0.031828 -0.003580 -0.001990
v 0.031428 -0.003033 -0.002826
v 0.030943 -0.002369 -0.003533
v 0.030365 -0.001578 -0.004124
v 0.016277 0.017851 -0.005456
v 0.015223 0.023147 -0.004510
v 0.014809 0.023618 -0.004324
v 0.018899 0.014332 -0.005748
v 0.017953 0.010389 -0.005921
v 0.021524 0.015975 -0.005641
v 0.016003 0.022259 -0.004796
v 0.017380 0.020692 -0.005157
v 0.019081 0.018755 -0.005435
v 0.026058 0.025686 -0.004875
v 0.023608 0.023578 -0.005045
v 0.022377 0.024878 -0.004820
v 0.029026 0.022800 -0.005162
v 0.021287 0.026027 -0.004538
v 0.020332 0.027032 -0.004198
v 0.020973 0.021441 -0.005208
v 0.019778 0.022821 -0.004981
v 0.018719 0.024042 -0.004696
v 0.017791 0.025111 -0.004351
v 0.023802 0.018173 -0.005498
v 0.026522 0.020498 -0.005333
v 0.017107 0.021003 -0.003881
v 0.019924 0.023984 -0.003582
v 0.018798 0.019077 -0.004192
v 0.021491 0.022234 -0.003924
v 0.020742 0.016864 -0.004391
v 0.023358 0.020140 -0.004162
v 0.023510 0.013714 -0.004503
v 0.025541 0.017687 -0.004299
v 0.024771 0.012278 -0.004511
v 0.027707 0.014746 -0.004356
v 0.018643 0.025408 -0.003139
v 0.021722 0.027761 -0.002945
v 0.023044 0.026453 -0.003379
v 0.026584 0.022908 -0.003954
v 0.024659 0.024840 -0.003717
v 0.032045 0.018835 -0.004085
v 0.030804 0.017604 -0.004168
v 0.028836 0.020639 -0.004091
v 0.030139 0.016966 -0.004211
v 0.020488 0.008790 -0.004703
v 0.021903 0.009897 -0.004645
v 0.019473 0.013550 -0.004579
v 0.017185 0.016614 -0.004385
v 0.023642 0.011318 -0.004566
v 0.033612 0.002215 -0.002855
v 0.031921 0.000602 -0.002963
v 0.032395 -0.000043 -0.002474
v 0.029433 -0.000334 -0.003479
v 0.032086 0.003952 -0.003701
v 0.028720 0.000652 -0.003837
v 0.030982 0.005209 -0.004028
v 0.027877 0.001809 -0.004123
v 0.029544 0.006845 -0.004279
v 0.026902 0.003138 -0.004339
v 0.028971 0.006776 -0.004324
v 0.024560 0.006313 -0.004584
v 0.027419 0.008830 -0.004454
v 0.034132 0.001622 -0.002348
v 0.032777 -0.000568 -0.001909
v 0.034565 0.001131 -0.001738
v 0.033090 -0.000998 -0.001246
v 0.034923 0.000723 -0.000994
v 0.033350 -0.001350 -0.000443
v 0.035207 0.000399 -0.000088
v 0.033562 -0.001633 0.000543
v 0.035433 0.000137 0.001080
v 0.033720 -0.001840 0.001736
v 0.033817 -0.001967 0.003153
v 0.035585 -0.000035 0.002505
v 0.035653 -0.000109 0.004049
v 0.035631 -0.000084 0.003300
v 0.028915 -0.004097 -0.002063
v 0.029224 -0.004558 -0.001389
v 0.029479 -0.004934 -0.000571
v 0.029687 -0.005237 0.000434
v 0.029843 -0.005461 0.001655
v 0.029938 -0.005598 0.003107
v 0.028069 -0.002841 -0.003133
v 0.028538 -0.003534 -0.002637
v 0.031906 -0.003825 0.003129
v 0.031809 -0.003694 0.001693
v 0.031652 -0.003477 0.000485
v 0.031442 -0.003184 -0.000511
v 0.031184 -0.002819 -0.001321
v 0.030872 -0.002372 -0.001990
v 0.030493 -0.001828 -0.002560
v 0.030021 -0.001157 -0.003052
v 0.032950 0.002969 -0.003303
v 0.030559 0.011501 -0.004287
v 0.043979 0.010429 0.003326
v 0.043256 0.011137 -0.000706
v 0.039950 0.014416 -0.003378
v 0.038947 0.015376 -0.003611
v 0.036497 0.017699 -0.003896
v 0.040807 0.013588 -0.003083
v 0.041520 0.012889 -0.002728
v 0.042943 0.011454 -0.001328
v 0.042567 0.011838 -0.001857
v 0.042102 0.012309 -0.002319
v 0.041036 0.006605 0.001948
v 0.040878 0.006773 0.000824
v 0.040664 0.007003 -0.000112
v 0.038075 0.002691 0.003218
v 0.037977 0.002804 0.001851
v 0.037818 0.002990 0.000696
v 0.037604 0.003243 -0.000264
v 0.037342 0.003561 -0.001047
v 0.037026 0.003948 -0.001695
v 0.036644 0.004420 -0.002248
v 0.036169 0.004998 -0.002727
v 0.035575 0.005708 -0.003148
v 0.034852 0.006562 -0.003506
v 0.033989 0.007566 -0.003797
v 0.032987 0.008723 -0.004022
v 0.033605 0.014533 -0.004099
v 0.041133 0.006504 0.003272
v 0.036053 0.011986 -0.003823
v 0.037060 0.010929 -0.003594
v 0.037923 0.010014 -0.003300
v 0.038644 0.009238 -0.002943
v 0.039234 0.008595 -0.002527
v 0.039706 0.008071 -0.002056
v 0.040086 0.007644 -0.001515
v 0.040402 0.007291 -0.000879
vn -0.2360 -0.9717 -0.0000
vn -0.2360 -0.9717 -0.0001
vn -0.2345 -0.9721 0.0096
vn -0.2335 -0.9724 -0.0000
vn -0.2289 -0.9735 -0.0020
vn -0.2308 -0.9730 -0.0000
vn -0.2411 -0.9691 0.0521
vn -0.2489 -0.9668 0.0574
vn -0.2272 -0.9736 0.0214
vn -0.2443 -0.9690 0.0376
vn 0.2358 0.9718 0.0002
vn 0.2357 0.9718 -0.0033
vn 0.2345 0.9721 -0.0022
vn 0.2340 0.9722 -0.0000
vn -0.6545 -0.1992 -0.7293
vn -0.6335 -0.1451 -0.7600
vn -0.5425 -0.0407 -0.8391
vn -0.4113 0.1433 -0.9002
vn -0.3860 0.1624 -0.9081
vn -0.7018 -0.2878 -0.6517
vn -0.6991 -0.2817 -0.6572
vn -0.6953 -0.2800 -0.6619
vn -0.8255 -0.2305 -0.5153
vn -0.9841 -0.0630 -0.1659
vn -0.8483 -0.2112 -0.4855
vn -0.8414 -0.2075 -0.4991
vn -0.9814 -0.0768 -0.1761
vn -0.9670 -0.0674 -0.2456
vn -0.9989 -0.0105 -0.0461
vn -0.7309 -0.0711 -0.6788
vn -0.3484 0.0815 -0.9338
vn -0.4330 0.1376 -0.8908
vn -0.7869 -0.0753 -0.6125
vn -0.8139 0.1219 -0.5681
vn -0.6430 0.3373 -0.6876
vn -0.7062 0.2185 -0.6734
vn -0.5302 0.1552 -0.8336
vn -0.9067 0.1762 -0.3833
vn -0.9276 0.2927 -0.2322
vn -0.8290 -0.1141 -0.5474
vn -0.9841 -0.0851 -0.1561
vn -0.9613 -0.0225 -0.2746
vn -0.8475 -0.1734 -0.5017
vn -0.5462 0.1734 -0.8195
vn -0.6788 -0.0991 -0.7277
vn -0.9787 0.2054 -0.0007
vn -0.9680 0.2462 -0.0477
vn -0.9382 0.3052 -0.1630
vn -0.9927 0.0514 -0.1087
vn -0.9919 0.0568 -0.1136
vn -0.9870 0.0758 -0.1415
vn -0.3536 0.4063 -0.8426
vn -0.5887 0.4308 -0.6840
vn -0.8649 0.4275 -0.2631
vn -0.7028 0.3240 -0.6334
vn -0.9060 0.1905 -0.3780
vn -0.9218 0.1777 -0.3445
vn -0.9769 0.1024 -0.1875
vn -0.9949 0.0614 -0.0801
vn -0.9818 0.1703 -0.0838
vn -0.9684 0.2450 -0.0472
vn -0.8639 0.4946 -0.0957
vn -0.8212 0.5612 -0.1030
vn -0.6972 0.7026 -0.1420
vn -0.7637 0.5770 -0.2895
vn -0.8889 0.3896 -0.2408
vn -0.6827 0.5925 -0.4276
vn -0.6841 0.5254 -0.5059
vn -0.9544 0.2555 -0.1546
vn -0.8309 0.4768 -0.2868
vn -0.8327 0.3608 -0.4201
vn -0.8245 0.3690 -0.4290
vn -0.5866 0.4999 -0.6372
vn -0.4354 0.3903 -0.8112
vn -0.5312 0.3689 -0.7627
vn -0.6622 0.3344 -0.6705
vn -0.7807 0.2752 -0.5610
vn -0.7790 0.4151 -0.4700
vn -0.9209 0.2573 -0.2928
vn -0.9404 0.2275 -0.2530
vn -0.9741 0.1528 -0.1668
vn -0.9960 0.0691 -0.0568
vn -0.8237 0.5057 -0.2563
vn -0.6925 0.7072 -0.1428
vn -0.7150 0.6971 -0.0531
vn -0.6991 0.7027 -0.1322
vn -0.6590 0.6813 -0.3186
vn -0.6568 0.6757 -0.3347
vn -0.6106 0.6175 -0.4959
vn -0.6193 0.6381 -0.4574
vn -0.5462 0.5516 -0.6304
vn -0.5630 0.5990 -0.5693
vn -0.2590 0.2938 -0.9201
vn -0.4046 0.3955 -0.8245
vn -0.4345 0.4512 -0.7796
vn -0.4647 0.4766 -0.7463
vn -0.5225 0.5284 -0.6691
vn -0.6996 0.7145 -0.0000
vn -0.6995 0.7146 -0.0001
vn -0.6996 0.7145 0.0001
vn -0.8255 0.5643 -0.0000
vn -0.8256 0.5643 -0.0000
vn -0.9787 0.2055 -0.0000
vn -0.9787 0.2054 -0.0000
vn -0.9999 0.0105 -0.0000
vn -0.9999 0.0106 -0.0000
vn -0.9999 0.0106 -0.0001
vn -0.5619 -0.4293 -0.7071
vn -0.2302 0.0648 -0.9710
vn -0.5070 0.3403 -0.7919
vn -0.2809 0.0998 -0.9545
vn -0.3662 0.1604 -0.9166
vn -0.5007 0.4676 -0.7285
vn -0.3780 0.1763 -0.9088
vn -0.3661 0.1392 -0.9201
vn -0.3994 0.1705 -0.9008
vn -0.4020 0.1647 -0.9007
vn -0.4333 0.1885 -0.8813
vn -0.4340 0.2061 -0.8770
vn -0.4781 0.1581 -0.8639
vn 0.0173 0.9998 -0.0071
vn -0.1767 0.9842 0.0074
vn -0.2820 0.9450 -0.1654
vn -0.3755 0.9268 -0.0065
vn -0.5556 0.8314 0.0059
vn -0.6426 0.7585 -0.1086
vn -0.7107 0.7034 -0.0121
vn -0.8357 0.5492 0.0101
vn -0.8848 0.4599 -0.0751
vn -0.9305 0.3662 0.0097
vn -0.9630 0.2696 -0.0014
vn -0.9854 0.1701 0.0101
vn -0.9920 0.1221 -0.0319
vn -0.9997 -0.0183 0.0183
vn -0.9672 -0.2497 -0.0466
vn -0.9937 -0.0836 0.0744
vn -0.9916 -0.1214 -0.0445
vn -0.9963 -0.0842 -0.0166
vn 0.5750 0.7433 -0.3420
vn -0.9147 -0.2180 -0.3403
vn -0.8635 -0.3290 -0.3822
vn -0.8388 -0.4257 -0.3395
vn -0.6324 -0.6992 -0.3336
vn -0.9379 -0.0621 -0.3414
vn -0.9297 0.0539 -0.3644
vn -0.9186 0.0991 -0.3826
vn -0.9153 0.2157 -0.3401
vn -0.8422 0.4184 -0.3399
vn -0.7733 0.5055 -0.3828
vn -0.7212 0.6036 -0.3399
vn -0.5648 0.7519 -0.3401
vn -0.4593 0.8016 -0.3826
vn -0.3737 0.8631 -0.3397
vn -0.1674 0.9253 -0.3403
vn -0.0451 0.9230 -0.3822
vn 0.0534 0.9391 -0.3395
vn 0.3867 0.8597 -0.3336
vn -0.4501 -0.8249 -0.3420
vn -0.4790 -0.8778 -0.0000
vn -0.6708 -0.7416 -0.0000
vn -0.5970 -0.8020 -0.0218
vn -0.8915 -0.4525 0.0208
vn -0.8088 -0.5880 -0.0139
vn -0.9198 -0.3923 -0.0000
vn -0.9728 -0.2318 -0.0000
vn -0.9711 -0.2389 -0.0008
vn -0.9978 -0.0660 0.0005
vn -0.9998 0.0190 0.0063
vn -0.9983 0.0579 0.0028
vn -0.9733 0.2294 -0.0024
vn -0.9418 0.3362 0.0064
vn -0.8956 0.4449 -0.0029
vn -0.7669 0.6418 0.0056
vn -0.7859 0.6184 0.0010
vn -0.6007 0.7995 -0.0007
vn -0.5951 0.8037 -0.0000
vn -0.4578 0.8891 -0.0000
vn -0.3973 0.9177 -0.0037
vn -0.2537 0.9673 0.0062
vn -0.1780 0.9840 -0.0010
vn 0.0673 0.9977 0.0016
vn 0.0568 0.9984 0.0031
vn 0.3813 0.9245 -0.0038
vn 0.4102 0.9120 -0.0094
vn 0.5694 0.8220 -0.0000
vn 0.6119 0.7910 -0.0000
vn 0.6119 0.7909 -0.0000
vn 0.6118 0.7910 -0.0000
vn 0.4325 0.4713 -0.7686
vn 0.4060 0.4676 -0.7852
vn 0.5277 0.3363 -0.7800
vn 0.5276 0.3435 -0.7770
vn -0.3214 -0.7249 -0.6092
vn -0.3269 -0.7238 -0.6077
vn -0.3651 -0.4905 -0.7912
vn -0.4956 -0.3603 -0.7903
vn -0.6126 0.0117 -0.7903
vn -0.5771 0.2060 -0.7903
vn 0.3463 0.5000 -0.7938
vn 0.2336 0.5665 -0.7903
vn 0.0412 0.6114 -0.7903
vn -0.1554 0.5927 -0.7903
vn -0.2785 0.5409 -0.7937
vn -0.3473 0.5297 -0.7738
vn -0.3629 0.4901 -0.7925
vn -0.2250 -0.5884 -0.7767
vn -0.1479 -0.5811 -0.8003
vn -0.3612 -0.5077 -0.7822
vn -0.4618 -0.6491 -0.6045
vn -0.6159 -0.5018 -0.6073
vn -0.6223 -0.4524 -0.6387
vn -0.6876 -0.3954 -0.6090
vn -0.7599 -0.2391 -0.6045
vn -0.7599 -0.2390 -0.6045
vn -0.7913 -0.0582 -0.6086
vn -0.7668 0.0146 -0.6417
vn -0.5845 -0.1839 -0.7903
vn -0.6350 -0.1562 -0.7566
vn -0.5597 -0.2387 -0.7936
vn -0.7394 0.2925 -0.6064
vn -0.7313 0.2611 -0.6301
vn -0.7747 0.1691 -0.6093
vn -0.7909 0.0702 -0.6079
vn -0.6625 0.4370 -0.6084
vn -0.6023 0.4739 -0.6424
vn -0.4816 0.3789 -0.7903
vn -0.5835 0.5382 -0.6082
vn -0.4615 0.6473 -0.6066
vn -0.4246 0.6477 -0.6326
vn -0.3502 0.7115 -0.6092
vn -0.2021 0.7706 -0.6045
vn 0.0536 0.7948 -0.6045
vn 0.6049 0.4693 -0.6433
vn 0.6543 0.4498 -0.6079
vn 0.5223 0.6015 -0.6045
vn 0.3393 0.7185 -0.6071
vn 0.2939 0.7125 -0.6371
vn 0.2186 0.7624 -0.6090
vn -0.7130 -0.4939 -0.4976
vn -0.7503 -0.4314 -0.5010
vn -0.6387 -0.5772 -0.5088
vn -0.6753 -0.5502 -0.4912
vn -0.5476 -0.6691 -0.5025
vn -0.4793 -0.7007 -0.5285
vn -0.5027 -0.7066 -0.4981
vn -0.3512 -0.7921 -0.4992
vn -0.7781 -0.3851 -0.4963
vn -0.8092 -0.3018 -0.5040
vn -0.8215 -0.2584 -0.5083
vn -0.8385 -0.2165 -0.5000
vn -0.8653 -0.0636 -0.4973
vn -0.8637 -0.0727 -0.4988
vn -0.8636 0.0766 -0.4984
vn -0.8637 0.1063 -0.4926
vn -0.8462 0.1847 -0.4998
vn -0.8340 0.2335 -0.4999
vn -0.8040 0.3181 -0.5023
vn -0.7773 0.4041 -0.4822
vn -0.7234 0.4773 -0.4989
vn -0.2228 0.8496 -0.4780
vn -0.3825 0.7772 -0.4997
vn -0.5627 0.6643 -0.4920
vn -0.5157 0.7234 -0.4590
vn -0.6371 0.5877 -0.4987
vn 0.2600 0.8262 -0.4998
vn 0.2386 0.8319 -0.5010
vn 0.1729 0.8506 -0.4967
vn 0.0580 0.8596 -0.5076
vn 0.0150 0.8665 -0.4989
vn -0.2492 0.8351 -0.4904
vn 0.3249 0.8031 -0.4995
vn 0.4060 0.7575 -0.5112
vn 0.3718 0.7873 -0.4919
vn 0.5279 0.6850 -0.5021
vn 0.5559 0.6403 -0.5301
vn 0.6314 0.5947 -0.4977
vn 0.6840 0.5306 -0.5006
vn -0.0685 -0.0070 -0.9976
vn -0.0559 -0.0179 -0.9983
vn -0.0576 -0.0304 -0.9979
vn -0.0372 -0.0189 -0.9991
vn -0.0402 -0.0338 -0.9986
vn -0.0360 -0.0362 -0.9987
vn -0.0354 -0.0370 -0.9987
vn -0.0348 -0.0375 -0.9987
vn 0.3361 0.7006 -0.6294
vn 0.4035 0.7503 -0.5237
vn 0.3727 0.6615 -0.6508
vn 0.4122 0.6552 -0.6331
vn 0.4768 0.5975 -0.6447
vn 0.1916 0.2692 -0.9438
vn 0.0678 0.1084 -0.9918
vn 0.0355 0.0739 -0.9966
vn -0.0577 0.0435 -0.9974
vn -0.0156 0.1547 -0.9878
vn 0.1305 0.7127 -0.6892
vn 0.1504 0.7491 -0.6452
vn 0.2388 0.8307 -0.5029
vn 0.2361 0.7007 -0.6732
vn 0.2535 0.7798 -0.5724
vn 0.1322 0.6107 -0.7808
vn 0.0544 0.6460 -0.7614
vn -0.0685 0.4502 -0.8903
vn 0.0347 0.1400 -0.9895
vn 0.0075 0.0672 -0.9977
vn 0.1655 0.2936 -0.9415
vn 0.1949 0.2722 -0.9423
vn 0.3401 0.4596 -0.8204
vn -0.2337 0.2616 -0.9364
vn -0.2992 0.0608 -0.9522
vn -0.0706 0.4479 -0.8913
vn 0.0097 0.4113 -0.9115
vn 0.1254 0.6041 -0.7870
vn 0.1848 0.5745 -0.7973
vn 0.3002 0.7431 -0.5980
vn 0.3066 0.7170 -0.6261
vn -0.0550 0.2130 -0.9755
vn -0.0763 0.1278 -0.9889
vn 0.0568 0.3688 -0.9278
vn 0.1202 0.3339 -0.9349
vn 0.1171 0.3277 -0.9375
vn 0.1671 0.2953 -0.9407
vn 0.3043 0.4877 -0.8183
vn 0.3414 0.4607 -0.8193
vn 0.4717 0.6271 -0.6198
vn 0.4736 0.6033 -0.6417
vn -0.1176 0.2757 -0.9540
vn -0.1321 0.1443 -0.9807
vn 0.0025 0.4031 -0.9152
vn 0.0613 0.3738 -0.9255
vn 0.1806 0.5705 -0.8012
vn 0.2495 0.5324 -0.8089
vn 0.2468 0.5272 -0.8131
vn 0.3058 0.4891 -0.8169
vn 0.4360 0.6664 -0.6047
vn 0.4151 0.5881 -0.6942
vn 0.7638 -0.0723 -0.6414
vn 0.6015 0.1299 -0.7883
vn 0.3444 -0.1528 -0.9263
vn 0.3329 -0.1503 -0.9309
vn 0.6161 0.1922 -0.7638
vn 0.2757 -0.0507 -0.9599
vn 0.2582 -0.1112 -0.9597
vn 0.0859 -0.1931 -0.9774
vn 0.1737 -0.0918 -0.9805
vn 0.0482 0.0637 -0.9968
vn 0.0482 0.0516 -0.9975
vn 0.0749 0.0737 -0.9945
vn 0.0551 0.0300 -0.9980
vn 0.1007 0.0587 -0.9932
vn 0.0346 -0.0391 -0.9986
vn 0.0955 0.0046 -0.9954
vn 0.1384 -0.0365 -0.9897
vn 0.0331 -0.1069 -0.9937
vn 0.1544 -0.0655 -0.9858
vn 0.6490 0.5613 -0.5135
vn 0.5151 0.4915 -0.7022
vn 0.5481 0.5642 -0.6175
vn 0.4782 0.5456 -0.6882
vn 0.4970 0.5809 -0.6446
vn 0.6738 0.3803 -0.6335
vn 0.6775 0.4069 -0.6127
vn 0.6989 0.4699 -0.5392
vn 0.6426 0.4293 -0.6346
vn 0.5928 0.4754 -0.6500
vn 0.7543 0.3915 -0.5271
vn 0.7189 0.3683 -0.5895
vn 0.6835 0.3672 -0.6309
vn 0.7619 0.3501 -0.5450
vn 0.6960 0.2477 -0.6739
vn 0.5657 0.2084 -0.7978
vn 0.5744 0.1966 -0.7946
vn 0.5721 0.1939 -0.7969
vn 0.5088 0.2801 -0.8140
vn 0.5094 0.2807 -0.8135
vn 0.4478 0.3538 -0.8211
vn 0.4495 0.3558 -0.8194
vn 0.4022 0.4033 -0.8220
vn 0.4029 0.4044 -0.8210
vn 0.3717 0.4324 -0.8215
vn 0.3723 0.4336 -0.8206
vn 0.4465 -0.0401 -0.8939
vn 0.3936 0.0377 -0.9185
vn 0.3907 0.0347 -0.9199
vn 0.3280 0.1201 -0.9370
vn 0.3285 0.1206 -0.9368
vn 0.2741 0.1853 -0.9437
vn 0.2761 0.1875 -0.9427
vn 0.2379 0.2255 -0.9447
vn 0.2389 0.2269 -0.9442
vn 0.2152 0.2481 -0.9445
vn 0.2161 0.2495 -0.9440
vn -0.0326 -0.1931 -0.9806
vn 0.0531 -0.0907 -0.9945
vn -0.0169 -0.1082 -0.9940
vn 0.0006 -0.0815 -0.9967
vn -0.0350 -0.0374 -0.9987
vn -0.0216 -0.0495 -0.9985
vn -0.0206 -0.0480 -0.9986
vn -0.0568 -0.0994 -0.9934
vn -0.0295 -0.0440 -0.9986
vn -0.2102 0.0798 -0.9744
vn -0.1986 0.1157 -0.9732
vn -0.0379 -0.0370 -0.9986
vn -0.0611 -0.0566 -0.9965
vn -0.0358 -0.0375 -0.9987
vn -0.0350 -0.0376 -0.9987
vn -0.0397 -0.0346 -0.9986
vn -0.0379 -0.0340 -0.9987
vn -0.0528 -0.0251 -0.9983
vn -0.0400 -0.0234 -0.9989
vn -0.0475 -0.0229 -0.9986
vn -0.0739 -0.0129 -0.9972
vn -0.0560 -0.0110 -0.9984
vn -0.0659 -0.0082 -0.9978
vn -0.0746 -0.0051 -0.9972
vn -0.0930 0.0089 -0.9956
vn -0.0904 0.0082 -0.9959
vn -0.1117 0.0208 -0.9935
vn -0.1723 0.0630 -0.9830
vn -0.1558 0.0671 -0.9855
vn -0.1485 0.0327 -0.9884
vn -0.1909 0.0817 -0.9782
vn -0.1981 0.0950 -0.9756
vn -0.1799 0.0567 -0.9820
vn -0.1767 0.0653 -0.9821
vn -0.1939 0.0720 -0.9784
vn -0.2794 0.1084 -0.9540
vn -0.2414 0.0976 -0.9655
vn -0.2148 0.0830 -0.9731
vn -0.5110 0.2695 -0.8162
vn -0.5471 0.2763 -0.7901
vn -0.6244 0.3818 -0.6814
vn -0.6147 0.2892 -0.7338
vn -0.6687 0.3782 -0.6401
vn -0.7331 0.4029 -0.5479
vn -0.7404 0.4174 -0.5269
vn -0.7718 0.4388 -0.4602
vn -0.7938 0.4472 -0.4121
vn -0.7962 0.4530 -0.4010
vn -0.8107 0.4677 -0.3522
vn -0.8284 0.4808 -0.2873
vn -0.8276 0.4752 -0.2987
vn -0.8483 0.4976 -0.1813
vn -0.8486 0.4955 -0.1855
vn -0.8605 0.5006 -0.0947
vn -0.8580 0.5079 -0.0765
vn -0.8682 0.4962 0.0006
vn -0.8687 0.4953 -0.0071
vn -0.8922 0.4508 -0.0266
vn -0.8938 0.4465 -0.0416
vn -0.8878 0.4510 -0.0915
vn -0.8829 0.4358 -0.1749
vn -0.8820 0.4494 -0.1419
vn -0.8604 0.4273 -0.2778
vn -0.8623 0.4337 -0.2616
vn -0.8208 0.4076 -0.4002
vn -0.8192 0.4054 -0.4056
vn -0.7582 0.3737 -0.5343
vn -0.7466 0.3617 -0.5583
vn -0.6723 0.3262 -0.6646
vn -0.6502 0.3068 -0.6951
vn -0.5667 0.2667 -0.7795
vn -0.5885 0.2858 -0.7563
vn -0.4693 0.1896 -0.8624
vn -0.5182 0.2563 -0.8160
vn -0.3604 0.1540 -0.9200
vn -0.3990 0.1697 -0.9011
vn -0.4336 0.1894 -0.8810
vn -0.4665 0.2376 -0.8520
vn -0.4196 0.1872 -0.8882
vn -0.4309 0.2246 -0.8740
vn -0.3382 0.1525 -0.9286
vn -0.3394 0.1545 -0.9278
vn -0.2518 0.1104 -0.9615
vn -0.2513 0.1113 -0.9615
vn -0.1227 0.0259 -0.9921
vn -0.1026 0.0564 -0.9931
vn -0.1158 0.0382 -0.9925
vn -0.1360 0.0354 -0.9901
vn -0.1502 0.0431 -0.9877
vn -0.1731 0.0609 -0.9830
vn -0.8824 0.4698 -0.0267
vn -0.8767 0.4794 -0.0402
vn -0.8740 0.4772 -0.0919
vn -0.8735 0.4776 -0.0943
vn -0.8645 0.4708 -0.1760
vn -0.8634 0.4712 -0.1805
vn -0.8443 0.4574 -0.2793
vn -0.8419 0.4575 -0.2861
vn -0.8067 0.4332 -0.4020
vn -0.8025 0.4325 -0.4110
vn -0.7460 0.3949 -0.5363
vn -0.7393 0.3930 -0.5469
vn -0.6620 0.3430 -0.6664
vn -0.6529 0.3398 -0.6770
vn -0.5585 0.2796 -0.7810
vn -0.5476 0.2756 -0.7900
vn -0.4523 0.2151 -0.8656
vn -0.4410 0.2109 -0.8724
vn -0.3584 0.1584 -0.9200
vn -0.3413 0.1520 -0.9276
vn -0.3020 0.1250 -0.9451
vn -0.2699 0.1124 -0.9563
vn -0.0138 -0.0514 -0.9986
vn -0.0130 -0.0401 -0.9991
vn -0.0128 -0.0400 -0.9991
vn -0.0278 -0.0420 -0.9987
vn -0.0314 -0.0406 -0.9987
vn -0.0330 -0.0404 -0.9986
vn 0.0117 -0.0772 -0.9969
vn 0.0046 -0.0772 -0.9970
vn -0.0139 -0.0665 -0.9977
vn 0.0477 -0.1503 -0.9875
vn 0.0516 -0.1522 -0.9870
vn 0.0370 -0.1184 -0.9923
vn 0.0210 -0.1123 -0.9935
vn 0.0130 -0.0887 -0.9960
vn 0.1125 -0.2197 -0.9691
vn 0.0951 -0.2101 -0.9731
vn 0.0800 -0.1775 -0.9809
vn 0.0606 -0.1591 -0.9854
vn 0.2096 -0.9349 0.2865
vn -0.2462 -0.9544 -0.1686
vn -0.1020 -0.9936 0.0492
vn -0.1520 -0.9882 0.0190
vn -0.3157 -0.9488 -0.0106
vn -0.2025 -0.9791 -0.0204
vn -0.2162 -0.9763 0.0059
vn -0.3815 -0.9219 -0.0679
vn -0.2574 -0.9663 -0.0019
vn -0.2663 -0.9639 0.0017
vn -0.3170 -0.9484 -0.0002
vn -0.3109 -0.9504 0.0002
vn -0.3094 -0.9509 -0.0004
vn -0.3147 -0.9492 -0.0017
vn -0.2931 -0.9561 0.0006
vn -0.2913 -0.9566 -0.0010
vn -0.8726 -0.4884 -0.0062
vn -0.8751 -0.4838 0.0117
vn -0.8493 -0.5277 -0.0133
vn -0.8511 -0.5250 0.0022
vn -0.8216 -0.5700 -0.0024
vn -0.8194 -0.5727 -0.0247
vn -0.8005 -0.5994 0.0058
vn -0.7993 -0.6009 -0.0000
vn -0.7814 -0.6240 -0.0000
vn -0.7762 -0.6286 -0.0481
vn -0.7414 -0.6672 0.0721
vn -0.7311 -0.6782 -0.0741
vn -0.7089 -0.7053 -0.0000
vn -0.7042 -0.7100 -0.0000
vn -0.6801 -0.7330 0.0092
vn -0.6705 -0.7371 -0.0848
vn -0.6335 -0.7728 0.0373
vn -0.6215 -0.7777 0.0944
vn -0.6108 -0.7918 -0.0000
vn -0.5805 -0.8142 -0.0000
vn -0.5648 -0.8226 -0.0658
vn -0.5183 -0.8443 0.1359
vn -0.4777 -0.8578 -0.1896
vn -0.4526 -0.8917 -0.0000
vn -0.3952 -0.9186 -0.0000
vn -0.3662 -0.9101 -0.1937
vn -0.2887 -0.9380 0.1919
vn -0.2642 -0.9619 -0.0701
vn -0.2291 -0.9734 -0.0000
vn -0.1966 -0.9805 -0.0000
vn -0.1506 -0.9789 0.1382
vn -0.1432 -0.9892 0.0306
vn -0.0779 -0.9965 -0.0297
vn -0.0225 -0.9797 0.1990
vn -0.0064 -1.0000 -0.0000
vn 0.0306 -0.9995 -0.0000
vn 0.0447 -0.9987 -0.0239
vn 0.0971 -0.9894 0.1077
vn 0.1339 -0.9553 0.2636
vn 0.1379 -0.9536 -0.2676
vn 0.2435 -0.9582 0.1502
vn 0.2588 -0.9659 -0.0000
vn 0.2975 -0.9547 -0.0001
vn 0.2959 -0.9313 -0.2127
vn 0.4022 -0.8110 0.4249
vn 0.4083 -0.8340 0.3712
vn 0.4196 -0.8935 -0.1601
vn 0.4614 -0.8872 -0.0001
vn 0.4827 -0.8758 -0.0001
vn 0.5251 -0.8311 0.1831
vn 0.5252 -0.7717 0.3586
vn 0.5135 -0.8133 -0.2737
vn 0.4591 -0.4316 0.7765
vn -0.8267 -0.5573 -0.0776
vn -0.8223 -0.5624 -0.0864
vn -0.8982 -0.4354 0.0598
vn -0.8978 -0.4366 0.0583
vn -0.8662 -0.4996 0.0089
vn -0.9242 -0.2543 0.2848
vn -0.8653 -0.5010 0.0151
vn -0.8520 -0.5234 -0.0102
vn -0.8739 -0.4861 0.0002
vn -0.8739 -0.4861 -0.0000
vn -0.8737 -0.4865 0.0002
vn -0.8735 -0.4868 -0.0002
vn -0.8732 -0.4874 -0.0000
vn -0.8731 -0.4875 -0.0003
vn -0.8720 -0.4895 0.0003
vn -0.8718 -0.4898 -0.0005
vn -0.8706 -0.4920 0.0006
vn -0.8702 -0.4927 -0.0012
vn -0.8702 -0.4926 -0.0004
vn -0.8682 -0.4963 0.0008
vn -0.8680 -0.4966 -0.0018
vn -0.8679 -0.4968 -0.0000
vn -0.8648 -0.5021 -0.0000
vn -0.8648 -0.5022 0.0005
vn -0.8607 -0.5091 -0.0006
vn -0.8605 -0.5095 0.0015
vn -0.8549 -0.5187 -0.0017
vn -0.8544 -0.5196 0.0036
vn -0.8480 -0.5301 -0.0028
vn -0.8457 -0.5336 0.0059
vn -0.8414 -0.5405 -0.0014
vn -0.8388 -0.5445 -0.0000
vn -0.8356 -0.5493 -0.0001
vn -0.8331 -0.5531 0.0079
vn -0.8249 -0.5652 -0.0086
vn -0.8172 -0.5761 0.0148
vn -0.7812 -0.6242 -0.0000
vn -0.7930 -0.6088 0.0233
vn -0.7973 -0.6034 -0.0128
vn -0.8156 -0.5785 0.0098
vn -0.7589 -0.6512 -0.0000
vn -0.7683 -0.6375 0.0577
vn -0.7563 -0.6539 0.0227
vn -0.7111 -0.6986 -0.0796
vn -0.7349 -0.6745 0.0711
vn -0.6741 -0.7375 -0.0416
vn -0.6875 -0.7261 0.0002
vn -0.6458 -0.7635 0.0002
vn -0.6533 -0.7570 0.0140
vn -0.5907 -0.8062 -0.0331
vn -0.6019 -0.7986 0.0054
vn -0.5309 -0.8474 -0.0018
vn -0.5325 -0.8465 0.0002
vn -0.4780 -0.8784 0.0002
vn -0.0469 -0.9989 -0.0000
vn -0.0463 -0.9989 -0.0063
vn -0.0921 -0.9957 0.0032
vn -0.0994 -0.9948 0.0213
vn -0.1192 -0.9929 -0.0000
vn -0.1392 -0.9903 -0.0000
vn -0.1620 -0.9866 -0.0179
vn -0.1923 -0.9804 0.0436
vn -0.2472 -0.9681 -0.0410
vn -0.2786 -0.9604 0.0061
vn -0.3065 -0.9519 -0.0000
vn -0.3329 -0.9430 -0.0000
vn -0.3626 -0.9314 -0.0320
vn -0.3990 -0.9167 0.0204
vn -0.4287 -0.9034 -0.0001
vn -0.4778 -0.8785 -0.0001
vn 0.0042 -0.9992 0.0386
vn 0.0084 -0.9999 0.0105
vn -0.0132 -0.9999 -0.0000
vn 0.0192 -0.9998 -0.0043
vn 0.0343 -0.9994 0.0008
vn 0.0522 -0.9986 0.0076
vn 0.0534 -0.9986 -0.0061
vn 0.0751 -0.9972 0.0007
vn 0.0769 -0.9970 -0.0000
vn 0.0910 -0.9959 -0.0000
vn 0.0913 -0.9958 -0.0030
vn 0.1162 -0.9932 0.0029
vn 0.1164 -0.9932 -0.0026
vn 0.1389 -0.9903 0.0024
vn 0.1388 -0.9903 -0.0006
vn 0.1560 -0.9878 0.0005
vn 0.1559 -0.9878 -0.0000
vn 0.1631 -0.9866 -0.0000
vn 0.1632 -0.9866 -0.0000
vn 0.1632 -0.9866 0.0001
vn 0.1630 -0.9866 0.0002
vn 0.1629 -0.9866 0.0001
vn 0.1629 -0.9866 -0.0000
vn 0.1634 -0.9866 -0.0001
vn 0.1635 -0.9865 -0.0001
vn 0.1636 -0.9865 -0.0001
vn 0.1634 -0.9866 0.0001
vn 0.0373 0.0352 0.9987
vn 0.8805 -0.4732 0.0267
vn 0.8804 -0.4735 0.0273
vn 0.8095 -0.4293 0.4005
vn 0.8444 -0.4538 0.2846
vn 0.8471 -0.4527 0.2785
vn 0.8657 -0.4653 0.1845
vn 0.8689 -0.4631 0.1749
vn 0.5376 -0.3005 0.7878
vn 0.4441 -0.2128 0.8704
vn 0.4281 -0.2216 0.8761
vn 0.3383 -0.1550 0.9282
vn 0.3404 -0.1587 0.9268
vn 0.2913 -0.1315 0.9475
vn 0.2207 -0.0782 0.9722
vn 0.2096 -0.0789 0.9746
vn 0.2095 -0.0796 0.9746
vn 0.1947 -0.0702 0.9783
vn 0.1759 -0.0617 0.9825
vn 0.1647 -0.0607 0.9845
vn 0.1506 -0.0609 0.9867
vn 0.1677 -0.0478 0.9847
vn 0.1201 -0.0282 0.9924
vn 0.1145 -0.0305 0.9930
vn 0.0973 -0.0075 0.9952
vn 0.0809 -0.0012 0.9967
vn 0.0785 0.0033 0.9969
vn 0.0680 0.0109 0.9976
vn 0.0632 0.0162 0.9979
vn 0.0565 0.0166 0.9983
vn 0.0511 0.0249 0.9984
vn 0.0452 0.0279 0.9986
vn 0.0463 0.0274 0.9986
vn 0.0404 0.0335 0.9986
vn 0.0424 0.0332 0.9986
vn 0.0344 0.0366 0.9987
vn 0.0385 0.0354 0.9986
vn 0.2370 -0.1023 0.9661
vn 0.2567 -0.1052 0.9607
vn 0.2542 -0.1085 0.9610
vn 0.2610 -0.1083 0.9593
vn 0.3259 -0.1295 0.9365
vn 0.3118 -0.1219 0.9423
vn 0.2866 -0.1123 0.9514
vn 0.3552 -0.1512 0.9225
vn 0.3580 -0.1537 0.9210
vn 0.3863 -0.1623 0.9080
vn 0.4383 -0.1902 0.8785
vn 0.4613 -0.2094 0.8622
vn 0.5128 -0.2291 0.8274
vn 0.5702 -0.2698 0.7759
vn 0.6060 -0.2811 0.7442
vn 0.6734 -0.3274 0.6628
vn 0.6958 -0.3338 0.6360
vn 0.7592 -0.3749 0.5321
vn 0.7726 -0.3774 0.5105
vn 0.8199 -0.4102 0.3993
vn 0.8270 -0.4109 0.3838
vn 0.8584 -0.4314 0.2775
vn 0.8644 -0.4305 0.2599
vn 0.8784 -0.4450 0.1744
vn 0.8860 -0.4420 0.1401
vn 0.8751 -0.4737 0.0987
vn 0.8774 -0.4710 0.0916
vn 0.8878 -0.4510 0.0913
vn 0.8949 -0.4454 0.0265
vn 0.8918 -0.4506 0.0407
vn 0.2915 -0.1189 0.9492
vn 0.3443 -0.1533 0.9262
vn 0.3557 -0.1571 0.9213
vn 0.4434 -0.2137 0.8705
vn 0.4557 -0.2179 0.8630
vn 0.5477 -0.2771 0.7895
vn 0.5626 -0.2820 0.7772
vn 0.6469 -0.3373 0.6839
vn 0.6648 -0.3420 0.6641
vn 0.7112 -0.3735 0.5956
vn 0.7498 -0.3914 0.5335
vn 0.7640 -0.4091 0.4989
vn 0.8149 -0.4286 0.3902
vn -0.8598 -0.5106 -0.0000
vn -0.8612 -0.5083 -0.0003
vn -0.8621 -0.5067 -0.0008
vn -0.8623 -0.5063 -0.0012
vn -0.8623 -0.5064 -0.0011
vn -0.7723 0.6352 -0.0000
vn -0.7723 0.6353 -0.0000
vn -0.9753 0.2207 -0.0000
vn -0.9688 -0.2477 -0.0000
vn -0.7498 -0.6617 -0.0000
vn -0.3662 -0.9305 -0.0000
vn 0.6631 0.7486 -0.0000
vn 0.3283 0.9446 -0.0000
vn -0.0605 0.9982 -0.0000
vn -0.4400 0.8980 -0.0000
vn 0.7942 0.6076 -0.0000
vn 0.7942 0.6077 -0.0000
vn 0.8772 0.4801 -0.0000
vn 0.0138 -0.9999 -0.0000
vn 0.8771 0.4804 -0.0000
vn 0.9916 0.1290 -0.0000
vn 0.9527 -0.3041 -0.0000
vn 0.9527 -0.3040 -0.0000
vn 0.7335 -0.6796 -0.0000
vn 0.3758 -0.9267 -0.0000
vn 0.3757 -0.9267 -0.0000
vn -0.6077 0.7942 -0.0000
vn 0.5756 -0.8177 -0.0000
vn 0.9960 0.0896 -0.0000
vn 0.8935 0.4490 -0.0007
vn 0.8889 0.4581 -0.0003
vn 0.9060 0.4232 0.0065
vn 0.9010 0.4338 -0.0013
vn 0.8925 0.4510 0.0031
vn 0.8938 0.4483 0.0132
vn 0.8925 0.4510 0.0056
vn 0.4237 -0.9058 -0.0000
vn 0.0535 -0.9986 -0.0000
vn -0.0000 -0.0000 1.0000
vn 0.5888 -0.8083 -0.0000
vn 0.7327 -0.6805 -0.0000
vn 0.9349 -0.3550 -0.0000
vn 0.9997 0.0227 -0.0000
vn 0.9997 0.0226 -0.0000
vn 0.9178 0.3970 -0.0000
vn 0.8248 0.5655 -0.0000
vn 0.3198 0.9475 0.0010
vn 0.1969 0.9772 -0.0787
vn 0.2922 0.9557 -0.0360
vn -0.1105 0.9928 -0.0469
vn -0.0405 0.9991 -0.0125
vn 0.0243 0.9997 -0.0025
vn 0.0695 0.9976 -0.0001
vn 0.4350 0.9004 -0.0029
vn 0.5207 0.8537 -0.0000
vn 0.6931 0.7208 -0.0000
vn -0.1018 0.1462 0.9840
vn -0.0205 0.0294 0.9994
vn -0.0812 0.1293 0.9883
vn -0.0734 0.1206 0.9900
vn -0.3072 0.4120 0.8578
vn -0.2202 0.3297 0.9180
vn -0.4107 0.5827 0.7012
vn -0.4333 0.6255 0.6489
vn -0.5244 0.7498 0.4036
vn -0.5165 0.7409 0.4294
vn -0.1561 0.2206 0.9628
vn -0.2854 0.4155 0.8637
vn -0.2333 0.3955 0.8883
vn -0.4444 0.5667 0.6938
vn -0.2934 0.5484 0.7830
vn -0.5181 0.6428 0.5643
vn -0.4443 0.6354 0.6316
vn -0.4440 0.6352 0.6320
vn -0.0362 0.1114 0.9931
vn -0.0986 0.1412 0.9851
vn -0.4204 -0.9073 -0.0000
vn -0.4204 -0.9074 -0.0000
vn -0.9960 -0.0896 -0.0000
vn -0.5756 0.8177 -0.0000
vn 0.4204 0.9073 -0.0000
vn 0.0001 -0.0000 -1.0000
vn -0.0000 -0.0000 -1.0000
vn -0.0000 0.0001 -1.0000
vn -0.0001 -0.0002 -1.0000
vn -0.0011 -0.0000 -1.0000
vn 0.5677 -0.8190 -0.0837
vn 0.5702 -0.8211 -0.0237
vn 0.5710 -0.8207 -0.0204
vn 0.5714 -0.8185 -0.0596
vn 0.5708 -0.8187 -0.0632
vn 0.5702 -0.8145 -0.1068
vn 0.5669 -0.8168 -0.1068
vn 0.5583 -0.8272 -0.0634
vn 0.5689 -0.8183 -0.0823
vn 0.5712 -0.8205 -0.0204
vn 0.5705 -0.8211 -0.0188
vn 0.7321 -0.6774 -0.0717
vn 0.7471 -0.6607 -0.0729
vn 0.8722 -0.4843 -0.0681
vn 0.9816 -0.1882 -0.0333
vn 0.9704 -0.2377 -0.0431
vn 0.9933 0.1150 -0.0149
vn 0.9909 0.1339 -0.0119
vn 0.6436 -0.7652 -0.0181
vn 0.6853 -0.7280 -0.0214
vn 0.8732 -0.4871 -0.0169
vn 0.8734 -0.4868 -0.0170
vn 0.9819 -0.1892 -0.0107
vn 0.9930 0.1179 -0.0035
vn 0.9932 0.1167 -0.0035
vn 0.9651 0.2618 -0.0000
vn 0.8838 0.4678 0.0049
vn 0.8737 0.4861 0.0205
vn 0.8318 0.5548 0.0177
vn 0.5685 0.8220 0.0331
vn 0.5524 0.8328 0.0349
vn 0.0911 0.9946 0.0495
vn 0.1032 0.9935 0.0485
vn -0.3772 0.9246 0.0528
vn -0.3678 0.9284 0.0523
vn -0.5502 0.7902 0.2699
vn -0.5700 0.8031 0.1736
vn -0.5614 0.8036 0.1976
vn -0.5195 0.8195 0.2418
vn -0.5741 0.8079 0.1328
vn -0.5613 0.8261 0.0499
vn -0.5720 0.8194 0.0379
vn -0.1193 0.2314 0.9655
vn -0.0806 0.1812 0.9801
vn -0.5520 0.8141 0.1802
vn -0.5714 0.8198 0.0379
vn -0.5734 0.8159 0.0739
vn -0.5648 0.8247 0.0298
vn -0.5704 0.8212 0.0153
vn -0.5173 0.7545 0.4039
vn -0.5407 0.7800 0.3150
vn -0.5470 0.7840 0.2935
vn -0.5505 0.7997 0.2396
vn -0.5754 0.8070 0.1327
vn -0.5191 0.7737 0.3632
vn -0.5118 0.7417 0.4336
vn -0.4735 0.6985 0.5366
vn -0.4793 0.7176 0.5053
vn -0.0393 0.2202 0.9747
vn -0.2800 0.1876 0.9415
vn -0.0916 0.2618 0.9608
vn -0.2589 0.3135 0.9136
vn -0.1587 0.3232 0.9329
vn -0.2995 0.4146 0.8593
vn -0.2316 0.4065 0.8838
vn -0.3611 0.5152 0.7773
vn -0.3175 0.5038 0.8033
vn -0.4235 0.6158 0.6644
vn -0.3835 0.5956 0.7058
vn -0.4595 0.6696 0.5835
vn -0.0773 0.1687 0.9826
vn -0.0286 0.1292 0.9912
vn -0.0599 0.1334 0.9893
vn 0.0310 0.0421 0.9986
vn 0.0332 0.0390 0.9987
vn 0.0321 0.0424 0.9986
vn 0.0311 0.0429 0.9986
vn 0.0266 0.0462 0.9986
vn 0.0242 0.0511 0.9984
vn 0.0222 0.0522 0.9984
vn 0.0183 0.0565 0.9982
vn 0.0149 0.0625 0.9979
vn 0.0086 0.0653 0.9978
vn 0.0064 0.0700 0.9975
vn -0.0063 0.0904 0.9959
vn -0.0079 0.0748 0.9972
vn -0.0168 0.1055 0.9943
vn -0.3182 0.4962 0.8078
vn -0.2446 0.3946 0.8857
vn -0.2436 0.3943 0.8861
vn -0.1757 0.3056 0.9358
vn -0.1754 0.3055 0.9359
vn -0.1437 0.2635 0.9539
vn -0.1147 0.2298 0.9665
vn 0.9997 -0.0022 0.0231
vn 0.8820 0.2221 0.4156
vn -0.0262 0.9495 0.3127
vn 0.2847 0.3258 0.9015
vn 0.2227 0.3628 0.9049
vn 0.2233 0.3604 0.9057
vn 0.2416 0.3542 0.9034
vn 0.2968 0.3119 0.9026
vn 0.2971 0.3114 0.9026
vn 0.2937 0.3138 0.9029
vn 0.2937 0.3166 0.9019
vn 0.2779 0.3244 0.9042
vn 0.3042 0.3205 0.8971
vn 0.2605 0.3357 0.9053
vn 0.2914 0.3371 0.8952
vn 0.2643 0.3700 0.8907
vn 0.2155 0.4295 0.8769
vn 0.2335 0.4261 0.8740
vn 0.2256 0.5037 0.8339
vn 0.0809 0.6110 0.7875
vn 0.1735 0.5814 0.7949
vn 0.0643 0.6986 0.7126
vn 0.1256 0.6737 0.7283
vn 0.0434 0.7867 0.6158
vn 0.0781 0.7716 0.6314
vn 0.0344 0.8639 0.5026
vn 0.0511 0.8560 0.5145
vn -0.0742 0.9004 0.4288
vn -0.0494 0.9144 0.4017
vn 0.0352 0.8941 0.4465
vn 0.0336 0.8962 0.4424
vn 0.1004 0.9005 0.4231
vn 0.2644 0.5831 0.7681
vn 0.2273 0.6623 0.7139
vn 0.2679 0.6417 0.7186
vn 0.1711 0.7410 0.6494
vn 0.2089 0.7153 0.6669
vn 0.1593 0.8294 0.5354
vn 0.2384 0.7936 0.5598
vn 0.1799 0.8446 0.5042
vn 0.1358 0.8660 0.4812
vn 0.1393 0.8420 0.5212
vn 0.1173 0.8850 0.4507
vn 0.1607 0.5188 0.8397
vn 0.2828 0.5479 0.7873
vn 0.2636 0.5219 0.8113
vn 0.2426 0.3717 0.8961
vn 0.3583 0.4192 0.8342
vn 0.3221 0.4647 0.8248
vn 0.3216 0.4634 0.8258
vn 0.3106 0.4935 0.8124
vn 0.3835 0.3770 0.8431
vn 0.2747 0.3154 0.9083
vn 0.3022 0.3131 0.9004
vn 0.3833 0.3764 0.8434
vn 0.3808 0.3813 0.8423
vn 0.3739 0.3911 0.8410
vn 0.3734 0.3898 0.8418
vn 0.3560 0.4198 0.8349
vn 0.3768 0.3850 0.8425
vn 0.3834 0.3772 0.8430
vn 0.3880 0.3750 0.8419
vn 0.3871 0.3731 0.8432
vn 0.3867 0.3737 0.8431
vn 0.3619 0.4045 0.8399
vn 0.3660 0.3894 0.8452
vn 0.3841 0.3847 0.8393
vn 0.3231 0.4351 0.8404
vn 0.3442 0.4140 0.8427
vn 0.3517 0.4074 0.8428
vn 0.2572 0.3407 0.9043
vn 0.2621 0.3421 0.9024
vn 0.3230 0.4199 0.8482
vn 0.2821 0.4650 0.8391
vn 0.2701 0.4625 0.8445
vn 0.1119 0.5060 0.8552
vn 0.1341 0.4946 0.8587
vn 0.1541 0.5016 0.8513
vn 0.1830 0.4942 0.8499
vn 0.2153 0.4961 0.8411
vn 0.2091 0.5061 0.8367
vn 0.2293 0.4818 0.8457
vn -0.0199 0.4840 0.8748
vn -0.0107 0.4845 0.8747
vn 0.0265 0.4910 0.8708
vn 0.0394 0.4853 0.8735
vn 0.0685 0.5039 0.8611
vn 0.0868 0.5032 0.8598
vn 0.0947 0.5036 0.8588
vn -0.1154 0.4410 0.8900
vn -0.1440 0.4436 0.8846
vn -0.0941 0.4229 0.9013
vn -0.1553 0.3852 0.9097
vn -0.1449 0.3836 0.9121
vn -0.1633 0.3582 0.9193
vn -0.1787 0.3384 0.9239
vn -0.1770 0.3298 0.9273
vn -0.2024 0.3031 0.9312
vn -0.2011 0.2965 0.9336
vn -0.2032 0.2842 0.9370
vn -0.1954 0.3098 0.9305
vn -0.1831 0.2740 0.9441
vn -0.0020 0.3795 0.9252
vn -0.0945 0.3160 0.9440
vn -0.0928 0.3223 0.9421
vn -0.1392 0.3085 0.9410
vn -0.1564 0.3011 0.9407
vn 0.2518 0.3811 0.8896
vn 0.1851 0.3739 0.9088
vn 0.2194 0.4103 0.8851
vn 0.0751 0.3641 0.9283
vn 0.1014 0.3967 0.9123
vn 0.0224 0.3651 0.9307
vn -0.0197 0.3449 0.9384
vn 0.7195 0.2253 0.6569
vn 0.6801 0.2664 0.6830
vn 0.5687 0.2789 0.7739
vn 0.6028 0.2967 0.7407
vn 0.4422 0.3349 0.8320
vn 0.4773 0.3604 0.8015
vn 0.9404 0.1109 0.3216
vn 0.9189 0.1336 0.3711
vn 0.8538 0.1508 0.4982
vn 0.9371 0.1176 0.3287
vn 0.9747 0.1034 0.1982
vn 0.9728 0.0829 0.2162
vn 0.9900 0.1134 0.0834
vn 0.9900 0.1139 0.0831
vn 0.9933 0.1131 0.0257
vn 0.9937 0.1100 0.0220
vn 0.9931 0.1173 0.0060
vn 0.9991 -0.0213 0.0380
vn 0.9961 0.0038 0.0877
vn 0.9908 -0.0314 0.1315
vn 0.9784 0.0105 0.2065
vn 0.9695 -0.0198 0.2444
vn 0.9392 0.0116 0.3433
vn 0.9317 0.0036 0.3633
vn 0.8917 0.0442 0.4504
vn 0.8721 0.0324 0.4883
vn 0.7636 0.1544 0.6270
vn 0.8160 0.2013 0.5418
vn 0.8191 0.0915 0.5663
vn 0.7193 0.0725 0.6909
vn 0.7864 0.1509 0.5990
vn 0.6089 0.1341 0.7818
vn 0.6729 0.1945 0.7137
vn 0.4929 0.2127 0.8437
vn 0.5353 0.2410 0.8095
vn 0.3127 0.3576 0.8800
vn 0.3514 0.3847 0.8535
vn 0.3734 0.2725 0.8868
vn 0.2771 0.2249 0.9342
vn 0.3681 0.3470 0.8626
vn 0.1618 0.2709 0.9489
vn 0.2030 0.3231 0.9243
vn 0.0641 0.2800 0.9579
vn 0.0671 0.2836 0.9566
vn -0.0362 0.2607 0.9647
vn -0.0338 0.2701 0.9622
vn -0.0871 0.2171 0.9723
vn -0.0970 0.2756 0.9564
vn -0.0962 0.2141 0.9721
vn -0.1111 0.2450 0.9631
vn -0.0944 0.2558 0.9621
vn -0.0958 0.2717 0.9576
vn -0.0693 0.2941 0.9532
vn -0.0739 0.2948 0.9527
vn -0.0584 0.3180 0.9463
vn -0.0946 0.4409 0.8925
vn -0.0506 0.4586 0.8872
vn -0.0178 0.3794 0.9250
vn 0.0118 0.3618 0.9322
vn -0.0104 0.3581 0.9336
vn -0.0478 0.3431 0.9381
vn -0.0140 0.3256 0.9454
vn -0.0432 0.3273 0.9439
vn 0.2060 0.3731 0.9046
vn 0.1901 0.3805 0.9050
vn 0.1750 0.3758 0.9100
vn 0.1580 0.3934 0.9057
vn 0.1358 0.3906 0.9105
vn 0.1202 0.3991 0.9090
vn 0.1062 0.3927 0.9135
vn 0.0819 0.3974 0.9140
vn 0.0757 0.3921 0.9168
vn 0.0439 0.3878 0.9207
vn 0.0448 0.3891 0.9201
vn 0.0165 0.3741 0.9272
vn -0.0162 0.4838 0.8750
vn -0.0516 0.4588 0.8870
vn -0.8884 0.4588 -0.0136
vn -0.8999 0.4344 -0.0374
vn -0.8906 0.4518 -0.0523
vn -0.8842 0.4579 -0.0925
vn -0.8223 0.4277 -0.3754
vn -0.8341 0.4308 -0.3445
vn -0.8467 0.4373 -0.3029
vn -0.8754 0.4214 -0.2367
vn -0.8678 0.4654 -0.1741
vn -0.8795 0.4575 -0.1314
vn -0.8837 0.4549 -0.1099
vn -0.5452 0.2816 -0.7896
vn -0.5175 0.2833 -0.8074
vn -0.6015 0.2926 -0.7434
vn -0.5881 0.2940 -0.7535
vn -0.6483 0.3413 -0.6806
vn -0.6630 0.3425 -0.6657
vn -0.7034 0.3633 -0.6110
vn -0.7030 0.3632 -0.6115
vn -0.7693 0.3969 -0.5007
vn -0.7733 0.3945 -0.4964
vn -0.8216 0.4261 -0.3787
vn 0.1372 0.9888 -0.0591
vn 0.2800 0.9592 0.0394
vn 0.2700 0.9626 0.0238
vn 0.3268 0.9451 -0.0019
vn 0.3410 0.9401 -0.0000
vn 0.3861 0.9224 -0.0000
vn 0.4105 0.9113 0.0330
vn 0.4817 0.8758 -0.0300
vn 0.5033 0.8641 -0.0006
vn 0.5349 0.8449 -0.0000
vn 0.1647 0.9863 -0.0000
vn 0.0678 0.9977 -0.0000
vn 0.0638 0.9980 0.0012
vn 0.0487 0.9988 -0.0005
vn -0.0261 0.9996 0.0095
vn -0.0763 0.9937 -0.0816
vn -0.1522 0.9882 0.0147
vn -0.1908 0.9816 -0.0000
vn -0.2305 0.9731 -0.0000
vn -0.2103 0.9775 0.0175
vn -0.3405 0.9382 -0.0620
vn -0.2931 0.9533 0.0727
vn -0.4083 0.9128 -0.0117
vn -0.4238 0.9057 -0.0000
vn -0.4467 0.8947 -0.0000
vn -0.4786 0.8779 0.0163
vn -0.4941 0.8693 -0.0097
vn -0.5446 0.8387 0.0067
vn -0.6246 0.7809 0.0003
vn -0.6001 0.7967 -0.0723
vn -0.5774 0.8164 -0.0000
vn -0.6235 0.7819 -0.0000
vn -0.6691 0.7432 -0.0053
vn -0.6830 0.7278 -0.0624
vn -0.7334 0.6789 0.0337
vn -0.7405 0.6719 0.0098
vn -0.7531 0.6580 -0.0000
vn -0.6828 0.7304 0.0163
vn -0.7460 0.6653 -0.0309
vn -0.7345 0.6774 0.0404
vn -0.7559 0.6547 -0.0000
vn -0.6972 0.7167 -0.0145
vn -0.6738 0.7390 -0.0000
vn -0.6352 0.7724 -0.0000
vn -0.6197 0.7842 0.0302
vn -0.5801 0.8145 -0.0042
vn -0.5117 0.8591 0.0147
vn -0.5090 0.8608 0.0056
vn -0.4462 0.8949 -0.0007
vn -0.4492 0.8934 -0.0000
vn -0.3691 0.9294 0.0001
vn -0.3842 0.9231 -0.0185
vn -0.2076 0.9780 0.0215
vn -0.2350 0.9720 -0.0065
vn -0.1467 0.9892 -0.0000
vn -0.1257 0.9921 0.0001
vn -0.0810 0.9967 0.0112
vn -0.0397 0.9988 -0.0285
vn 0.0427 0.9990 0.0154
vn 0.0693 0.9976 0.0029
vn 0.1209 0.9926 -0.0057
vn 0.1172 0.9931 0.0002
vn 0.3229 0.9464 -0.0002
vn 0.3233 0.9463 -0.0007
vn 0.3197 0.9475 0.0010
vn 0.3144 0.9493 -0.0024
vn 0.3098 0.9508 0.0026
vn 0.3095 0.9509 0.0035
vn 0.3105 0.9506 -0.0035
vn 0.2873 0.9578 0.0040
vn 0.2871 0.9579 -0.0084
vn 0.2759 0.9612 0.0075
vn 0.2832 0.9590 -0.0068
vn 0.2656 0.9640 0.0070
vn 0.2680 0.9634 0.0022
vn 0.2177 0.9760 -0.0016
vn 0.2004 0.9797 0.0104
vn 0.1663 0.9861 -0.0001
vn 0.1918 0.9814 0.0053
vn 0.2146 0.9766 -0.0106
vn -0.1634 0.0843 -0.9829
vn -0.4876 0.2519 -0.8359
vn -0.4979 0.2464 -0.8315
vn -0.4605 0.2453 -0.8531
vn -0.4405 0.2477 -0.8629
vn -0.4743 0.2187 -0.8528
vn -0.4118 0.2455 -0.8776
vn -0.4467 0.2004 -0.8720
vn -0.3928 0.2277 -0.8910
vn -0.3857 0.2318 -0.8930
vn -0.4188 0.1852 -0.8890
vn -0.4104 0.1925 -0.8913
vn -0.4021 0.1959 -0.8944
vn -0.3936 0.1968 -0.8980
vn -0.3860 0.1955 -0.9015
vn -0.1849 0.0956 -0.9781
vn -0.2852 0.1652 -0.9441
vn -0.3009 0.1325 -0.9444
vn -0.2668 0.1725 -0.9482
vn -0.2719 0.1078 -0.9563
vn -0.2369 0.1557 -0.9590
vn -0.2639 0.1147 -0.9577
vn -0.2032 0.1229 -0.9714
vn -0.2319 0.1061 -0.9669
vn -0.2062 0.1027 -0.9731
vn -0.2934 0.1627 -0.9420
vn -0.3013 0.1619 -0.9397
vn -0.3169 0.1665 -0.9337
vn -0.3738 0.1926 -0.9073
vn -0.3553 0.1835 -0.9165
vn -0.3459 0.1787 -0.9211
vn -0.3298 0.1712 -0.9284
vn -0.0508 0.0267 -0.9984
vn -0.0689 0.0349 -0.9970
vn -0.0844 0.0360 -0.9958
vn -0.0669 0.0396 -0.9970
vn -0.1091 0.0480 -0.9929
vn -0.0842 0.0593 -0.9947
vn -0.1411 0.0482 -0.9888
vn -0.1106 0.0773 -0.9909
vn -0.1659 0.0734 -0.9834
vn -0.1302 0.0762 -0.9886
vn -0.1438 0.0770 -0.9866
vn -0.0100 0.0051 -0.9999
vn -0.0096 0.0052 -0.9999
vn -0.0113 0.0056 -0.9999
vn -0.0114 0.0056 -0.9999
vn -0.0134 0.0071 -0.9999
vn -0.0157 0.0090 -0.9998
vn -0.0177 0.0087 -0.9998
vn -0.0285 0.0152 -0.9995
vn -0.0278 0.0153 -0.9995
vn -0.0401 0.0198 -0.9990
vn -0.0353 0.0189 -0.9992
vn -0.0465 0.0225 -0.9987
vn -0.0100 0.0052 -0.9999
vn -0.0025 0.0013 -1.0000
vn -0.0018 -0.0004 -1.0000
vn 0.0086 -0.0040 -1.0000
vn 0.0131 -0.0083 -0.9999
vn 0.0173 -0.0086 -0.9998
vn 0.0245 -0.0130 -0.9996
vn 0.0357 -0.0153 -0.9992
vn 0.0381 -0.0243 -0.9990
vn 0.0546 -0.0266 -0.9982
vn 0.0583 -0.0302 -0.9978
vn 0.0662 -0.0343 -0.9972
vn 0.0635 -0.0313 -0.9975
vn 0.0720 -0.0396 -0.9966
vn 0.0729 -0.0411 -0.9965
vn 0.1041 -0.0465 -0.9935
vn 0.1064 -0.0654 -0.9922
vn 0.1407 -0.0696 -0.9876
vn 0.1472 -0.0752 -0.9862
vn 0.3309 -0.1464 -0.9322
vn 0.1520 -0.0786 -0.9852
vn 0.1688 -0.0873 -0.9818
vn 0.1752 -0.0988 -0.9796
vn 0.2301 -0.1068 -0.9673
vn 0.2414 -0.1396 -0.9603
vn 0.3167 -0.1493 -0.9367
vn 0.3176 -0.1536 -0.9357
vn 0.7725 0.6350 -0.0026
vn 0.7568 0.6537 0.0042
vn 0.7414 0.6704 0.0317
vn 0.7220 0.6913 -0.0286
vn 0.7017 0.7125 -0.0000
vn 0.7735 0.6337 -0.0012
vn 0.7791 0.6269 -0.0000
vn 0.8034 0.5954 0.0001
vn 0.7960 0.6024 -0.0600
vn 0.8241 0.5658 0.0266
vn 0.8240 0.5660 0.0262
vn 0.8366 0.5478 -0.0034
vn 0.8433 0.5374 -0.0000
vn 0.8458 0.5335 -0.0000
vn 0.8457 0.5336 -0.0000
vn 0.8564 0.5164 0.0002
vn 0.8565 0.5161 0.0014
vn 0.8753 0.4835 -0.0016
vn 0.8753 0.4835 -0.0014
vn 0.8904 0.4552 0.0009
vn 0.8878 0.4599 -0.0205
vn 0.8911 0.4538 -0.0005
vn 0.5990 0.8007 -0.0000
vn 0.5876 0.8081 -0.0412
vn 0.6634 0.7482 -0.0000
vn 0.6738 0.7383 0.0297
vn 0.6547 0.7558 0.0092
vn 0.8894 0.4571 -0.0032
vn 0.8936 0.4488 -0.0001
vn 0.8969 0.4423 -0.0000
vn 0.8967 0.4427 -0.0000
vn 0.9222 0.3867 0.0112
vn 0.9203 0.3911 0.0061
vn 0.9113 0.4116 -0.0096
vn 0.9141 0.4054 0.0083
vn 0.9023 0.4310 -0.0070
vn 0.9073 0.4204 0.0094
vn 0.9025 0.4308 0.0002
vn 0.5576 -0.8286 -0.0503
vn -0.3528 -0.4306 -0.8307
vn -0.2851 -0.3941 -0.8737
vn -0.2790 -0.3931 -0.8761
vn -0.2895 -0.3943 -0.8722
vn -0.3282 -0.4178 -0.8472
vn -0.3009 -0.3949 -0.8681
vn -0.3236 -0.3761 -0.8682
vn -0.3175 -0.3588 -0.8778
vn -0.3269 -0.3550 -0.8759
vn -0.3354 -0.3431 -0.8774
vn -0.3233 -0.3419 -0.8824
vn -0.3381 -0.3391 -0.8779
vn -0.3339 -0.3391 -0.8795
vn -0.3341 -0.3376 -0.8800
vn -0.3325 -0.3378 -0.8805
vn -0.3308 -0.3382 -0.8810
vn -0.3246 -0.3434 -0.8813
vn -0.3340 -0.3463 -0.8766
vn -0.3121 -0.3460 -0.8848
vn -0.3126 -0.3460 -0.8846
vn -0.3103 -0.3614 -0.8793
vn -0.3007 -0.3610 -0.8828
vn -0.2932 -0.3673 -0.8827
vn -0.2878 -0.3697 -0.8834
vn -0.1770 -0.4113 -0.8942
vn -0.2020 -0.4238 -0.8830
vn -0.2114 -0.4116 -0.8865
vn -0.2377 -0.4022 -0.8842
vn -0.2420 -0.4043 -0.8820
vn -0.2668 -0.3814 -0.8851
vn -0.2678 -0.3817 -0.8846
vn -0.2858 -0.3737 -0.8824
vn -0.0661 -0.4115 -0.9090
vn -0.0829 -0.4185 -0.9044
vn -0.0907 -0.4147 -0.9054
vn -0.1039 -0.4245 -0.8995
vn -0.1101 -0.4223 -0.8998
vn -0.1254 -0.4229 -0.8974
vn -0.1339 -0.4155 -0.8997
vn -0.1415 -0.4204 -0.8962
vn -0.1641 -0.4254 -0.8900
vn 0.0095 -0.3716 -0.9283
vn -0.0075 -0.3885 -0.9214
vn -0.0243 -0.3912 -0.9200
vn -0.0289 -0.4094 -0.9119
vn -0.0479 -0.4053 -0.9129
vn -0.0554 -0.4100 -0.9104
vn -0.0674 -0.4107 -0.9093
vn 0.0094 -0.3835 -0.9235
vn 0.0214 -0.3691 -0.9291
vn 0.0283 -0.3614 -0.9320
vn 0.0284 -0.3610 -0.9321
vn 0.0433 -0.3545 -0.9340
vn 0.0437 -0.3512 -0.9353
vn 0.0829 -0.2965 -0.9514
vn 0.0749 -0.3220 -0.9438
vn 0.0579 -0.3239 -0.9443
vn 0.0582 -0.3314 -0.9417
vn 0.0523 -0.3425 -0.9381
vn 0.0826 -0.2950 -0.9519
vn 0.1151 -0.2792 -0.9533
vn 0.1104 -0.2777 -0.9543
vn 0.1204 -0.2556 -0.9593
vn 0.1269 -0.2515 -0.9595
vn 0.1376 -0.2475 -0.9591
vn 0.1097 -0.2356 -0.9656
vn 0.1056 -0.2399 -0.9650
vn 0.0653 -0.2573 -0.9641
vn 0.0618 -0.2376 -0.9694
vn 0.0342 -0.2744 -0.9610
vn -0.0415 -0.2951 -0.9546
vn -0.0353 -0.2758 -0.9606
vn -0.1326 -0.3452 -0.9291
vn -0.0978 -0.2921 -0.9514
vn -0.2282 -0.3573 -0.9057
vn -0.1938 -0.3129 -0.9298
vn -0.3098 -0.3193 -0.8956
vn -0.4096 -0.2810 -0.8679
vn -0.4295 -0.2879 -0.8559
vn -0.5573 -0.2393 -0.7950
vn -0.5591 -0.2397 -0.7937
vn -0.6928 -0.1709 -0.7006
vn -0.6445 -0.1437 -0.7510
vn -0.8228 -0.1954 -0.5337
vn -0.7162 -0.0889 -0.6923
vn -0.7844 -0.0972 -0.6126
vn -0.8298 -0.0835 -0.5518
vn -0.8627 -0.1054 -0.4946
vn -0.9934 -0.0337 -0.1098
vn -0.9896 -0.0217 -0.1423
vn -0.9813 -0.0446 -0.1872
vn -0.9800 -0.0394 -0.1949
vn -0.9531 -0.0053 -0.3027
vn -0.9647 -0.0385 -0.2604
vn -0.9267 -0.0397 -0.3737
vn -0.9397 -0.0575 -0.3372
vn -0.9072 -0.0528 -0.4174
vn -0.9979 -0.0626 -0.0172
vn -0.9974 -0.0328 -0.0638
vn -0.9986 -0.0158 -0.0495
vn -0.9113 -0.4052 -0.0727
vn -0.9994 0.0018 -0.0344
vn 0.2340 -0.5772 -0.7823
vn 0.4121 -0.5494 -0.7269
vn 0.4257 -0.7468 -0.5110
vn 0.5327 -0.8035 -0.2658
vn 0.5337 -0.8044 -0.2610
vn 0.4693 -0.7212 -0.5096
vn 0.1340 -0.6206 -0.7726
vn 0.2747 -0.4479 -0.8508
vn 0.2933 -0.4673 -0.8340
vn 0.4383 -0.6847 -0.5822
vn 0.5242 -0.7599 -0.3844
vn -0.1378 -0.9905 -0.0001
vn -0.1381 -0.9904 -0.0000
vn -0.1385 -0.9904 0.0001
vn -0.1382 -0.9904 -0.0000
vn -0.1380 -0.9904 -0.0000
vn -0.1380 -0.9904 -0.0001
vn -0.1380 -0.9904 -0.0005
vn -0.1382 -0.9904 0.0014
vn -0.1381 -0.9904 -0.0003
vn -0.1385 -0.9904 -0.0001
vn -0.1380 -0.9904 0.0001
vn -0.1373 -0.9905 -0.0011
vn 0.8517 0.5193 0.0696
vn 0.8450 0.5314 0.0594
vn 0.9057 0.3247 -0.2726
vn 0.8944 0.2468 -0.3731
vn 0.8476 0.5257 0.0722
vn 0.8426 0.5324 0.0815
vn 0.9207 0.3744 -0.1104
vn -0.6494 0.2294 0.7250
vn -0.6495 0.2294 0.7250
vn -0.6263 0.4737 0.6192
vn -0.6265 0.4737 0.6190
vn -0.5231 0.7502 0.4044
vn -0.5234 0.7502 0.4041
vn -0.3528 0.9253 0.1391
vn -0.3527 0.9253 0.1394
vn -0.4408 0.8970 0.0322
vn -0.3911 0.7723 0.5006
vn -0.6870 0.7073 0.1663
vn -0.3651 0.5112 0.7781
vn -0.8633 0.4364 0.2536
vn -0.4028 0.2765 0.8725
vn -0.6476 0.2924 0.7036
vn -0.9768 0.2140 -0.0000
vn -0.4445 0.8958 -0.0000
vn -0.4257 0.9049 0.0009
vn -0.6026 0.7981 -0.0000
vn -0.7538 0.6571 -0.0000
vn -0.7882 0.6155 0.0021
vn -0.8884 0.4592 -0.0000
vn -0.9999 0.0097 0.0100
vn -0.9976 -0.0610 0.0340
vn -0.9933 0.1151 0.0049
vn -0.8481 0.1858 -0.4962
vn -0.8580 0.3530 0.3730
vn -0.7005 0.5470 -0.4584
vn -0.4224 0.9062 0.0203
vn -0.4059 0.8621 0.3033
vn -0.7088 0.6798 -0.1882
vn -0.7126 0.6802 -0.1719
vn -0.7017 0.6823 0.2050
vn -0.4287 0.8782 -0.2123
vn -0.4445 0.8956 0.0195
vn -0.9930 0.1156 0.0248
vn -0.9612 0.1587 0.2257
vn -0.9014 0.3899 -0.1882
vn -0.8930 0.3711 -0.2546
vn -0.8365 0.5256 0.1548
vn -0.9550 0.1947 0.2239
vn -0.9576 0.1573 0.2413
vn -0.9033 0.3688 0.2189
vn -0.8513 0.4760 0.2207
vn -0.8302 0.5223 0.1951
vn -0.4216 0.9031 0.0813
vn -0.5400 0.8010 0.2583
vn -0.4474 0.8919 0.0667
vn -0.6786 0.6828 0.2706
vn -0.5190 0.8497 0.0929
vn -0.5939 0.7278 0.3429
vn -0.7314 0.5032 0.4603
vn -0.7356 0.4378 0.5169
vn -0.7900 0.2290 0.5687
vn -0.7872 0.1856 0.5880
vn -0.7890 0.1189 0.6028
vn -0.9997 0.0119 0.0202
vn -0.9736 0.0455 0.2235
vn -0.7709 0.1103 0.6274
vn -0.8074 0.1058 0.5804
vn -0.9692 0.0493 0.2414
vn -0.7744 0.0863 0.6268
vn -0.7934 0.0849 0.6028
vn -0.9738 0.0373 0.2242
vn -0.9740 0.0372 0.2234
vn -0.2349 -0.1265 0.9637
vn -0.2555 -0.0953 0.9621
vn -0.7852 -0.6129 0.0880
vn -0.7843 -0.6126 0.0979
vn -0.7617 -0.5851 0.2783
vn -0.7576 -0.5828 0.2939
vn -0.7067 -0.5343 0.4637
vn -0.6977 -0.5284 0.4837
vn -0.6249 -0.4619 0.6294
vn -0.0826 -0.0372 0.9959
vn -0.2398 -0.1450 0.9599
vn -0.3605 -0.2454 0.8999
vn -0.3838 -0.2618 0.8855
vn -0.4923 -0.3533 0.7955
vn -0.4139 -0.2300 0.8808
vn -0.3868 -0.2121 0.8975
vn -0.6024 -0.3884 0.6973
vn -0.5084 -0.3330 0.7941
vn -0.7415 -0.5088 0.4373
vn -0.7864 -0.6099 0.0977
vn -0.7878 -0.6082 0.0972
vn -0.7579 -0.5825 0.2938
vn -0.7905 -0.5947 0.1466
vn -0.7100 -0.5130 0.4825
vn -0.6097 -0.4474 0.6543
vn -0.6075 -0.4501 0.6545
vn -0.5120 -0.3669 0.7767
vn -0.7011 0.7131 -0.0000
vn -0.8368 -0.5475 -0.0000
vn -0.8247 0.5655 -0.0000
vn -0.9779 0.2091 -0.0000
vn -0.9831 -0.1833 -0.0000
vn -0.9998 0.0047 0.0180
vn -0.9815 -0.1917 -0.0000
vn 0.5626 0.8267 -0.0000
vn 0.2034 0.9791 -0.0000
vn -0.1868 0.9824 -0.0000
vn -0.5485 0.8361 -0.0000
vn 0.7011 -0.7131 -0.0000
vn 0.7131 0.7011 -0.0000
vn 0.8267 -0.5626 -0.0000
vn 0.9791 -0.2034 -0.0000
vn 0.9824 0.1868 -0.0000
vn 0.8361 0.5485 -0.0000
vn 0.5515 -0.8342 -0.0000
vn 0.1926 -0.9813 -0.0000
vn -0.1999 -0.9798 -0.0000
vn -0.5616 -0.8274 -0.0000
vn -0.7131 -0.7011 -0.0000
vn 0.0322 0.0133 0.9994
vn 0.0314 0.0142 0.9994
vn 0.0342 0.0133 0.9993
vn 0.0351 0.0136 0.9993
vn 0.0390 0.0154 0.9991
vn 0.0251 0.0178 0.9995
vn 0.0229 0.0196 0.9995
vn 0.0199 0.0185 0.9996
vn -0.0236 -0.0200 -0.9995
vn -0.0197 -0.0186 -0.9996
vn -0.0385 -0.0152 -0.9991
vn -0.0350 -0.0136 -0.9993
vn -0.0351 -0.0136 -0.9993
vn -0.0341 -0.0134 -0.9993
vn -0.0334 -0.0133 -0.9994
vn -0.0331 -0.0133 -0.9994
vn -0.0328 -0.0134 -0.9994
vn -0.0323 -0.0135 -0.9994
vn -0.0318 -0.0137 -0.9994
vn -0.0314 -0.0141 -0.9994
vn -0.0321 -0.0131 -0.9994
vn -0.0322 -0.0130 -0.9994
vn 0.6997 -0.7117 -0.0625
vn 0.6861 -0.7008 -0.1951
vn 0.6777 -0.6893 -0.2561
vn 0.6170 -0.6275 -0.4749
vn 0.5812 -0.5946 -0.5556
vn 0.5402 -0.5494 -0.6375
vn 0.3895 -0.3962 -0.8315
vn 0.4153 -0.4257 -0.8039
vn 0.1389 -0.1371 -0.9808
vn 0.1700 -0.1729 -0.9702
vn 0.9423 -0.2811 -0.1816
vn 0.1550 -0.1211 -0.9805
vn 0.6170 -0.2344 -0.7513
vn 0.4352 -0.1847 -0.8812
vn 0.1811 -0.0768 -0.9805
vn 0.2911 -0.0969 -0.9518
vn 0.1066 -0.0452 -0.9933
vn 0.5100 -0.2266 -0.8298
vn 0.7702 -0.3197 -0.5519
vn 0.7895 -0.3381 -0.5123
vn 0.9044 -0.3804 -0.1934
vn 0.9085 -0.4065 -0.0972
vn 0.4405 -0.3440 -0.8293
vn 0.6570 -0.5131 -0.5523
vn 0.7732 -0.6039 -0.1935
vn 0.7422 0.6578 -0.1281
vn 0.7399 0.6537 -0.1589
vn 0.5664 0.1850 -0.8031
vn 0.6200 0.2756 -0.7346
vn 0.6771 0.3695 -0.6364
vn 0.7320 0.5141 -0.4471
vn 0.7402 0.5418 -0.3981
vn 0.7360 0.6638 -0.1330
vn 0.7428 0.6567 -0.1304
vn 0.7594 0.5777 -0.2992
vn 0.7553 0.5266 -0.3902
vn 0.5925 0.1358 -0.7941
vn 0.5855 0.1233 -0.8013
vn 0.6735 0.2748 -0.6862
vn 0.7027 0.3437 -0.6230
vn 0.7186 0.3765 -0.5846
vn 0.7535 0.4993 -0.4278
vn 0.7405 0.6589 -0.1319
vn 0.7410 0.6580 -0.1339
vn 0.7507 0.5312 -0.3928
vn 0.6944 0.3521 -0.6276
vn 0.5841 0.1546 -0.7968
vn 0.5920 0.1689 -0.7881
vn 0.7033 0.6943 -0.1527
vn 0.7278 0.5242 -0.4422
vn 0.5339 0.1200 -0.8370
vn 0.5548 0.0798 -0.8282
vn 0.6655 0.2827 -0.6908
vn 0.5514 0.0814 -0.8303
vn 0.5473 0.0828 -0.8328
vn 0.5622 0.1274 -0.8171
vn 0.5424 0.1166 -0.8320
vn 0.5555 0.1612 -0.8157
vn 0.5181 0.1587 -0.8405
vn 0.3859 0.6028 -0.6983
vn 0.4962 0.4293 -0.7546
vn 0.5271 0.2979 -0.7959
vn 0.2937 0.8293 -0.4755
vn 0.2642 0.9149 -0.3051
vn 0.3871 0.7476 -0.5397
vn 0.5083 0.4943 -0.7052
vn 0.5456 0.4889 -0.6807
vn 0.5291 0.4246 -0.7347
vn 0.5994 0.4042 -0.6909
vn 0.5729 0.3450 -0.7435
vn 0.6344 0.3162 -0.7054
vn 0.5828 0.2366 -0.7774
vn 0.6460 0.1921 -0.7388
vn 0.5887 0.1312 -0.7977
vn 0.5981 0.1301 -0.7908
vn 0.2982 0.8843 -0.3593
vn 0.3403 0.7995 -0.4951
vn 0.4491 0.7850 -0.4266
vn 0.4475 0.7411 -0.5005
vn 0.5551 0.7100 -0.4333
vn 0.5454 0.6684 -0.5057
vn 0.6490 0.6197 -0.4413
vn 0.6321 0.5779 -0.5162
vn 0.7313 0.5078 -0.4555
vn 0.6930 0.4014 -0.5988
vn 0.1721 0.9762 -0.1322
vn 0.1644 0.9712 -0.1723
vn 0.2697 0.9526 -0.1408
vn 0.2688 0.9508 -0.1543
vn 0.4185 0.8933 -0.1641
vn 0.4184 0.8919 -0.1716
vn 0.5660 0.8109 -0.1486
vn 0.5681 0.7973 -0.2040
vn 0.6884 0.7134 -0.1311
vn 0.7167 0.6182 -0.3228
vn -0.4406 0.8977 0.0018
vn 0.3105 0.9506 -0.0013
vn 0.5787 0.8155 0.0023
vn 0.4931 0.8699 -0.0108
vn 0.6466 0.7628 -0.0000
vn -0.2060 0.9785 -0.0050
vn -0.2464 0.9691 -0.0110
vn -0.0608 0.9981 0.0007
vn 0.2226 0.9749 -0.0018
vn 0.0873 0.9959 -0.0221
vn 0.1742 0.9846 -0.0118
vn -0.5648 0.8252 -0.0000
vn -0.6669 0.7449 -0.0194
vn -0.5823 0.8130 -0.0072
vn -0.2352 0.2864 -0.9288
vn -0.3795 0.4134 -0.8277
vn -0.3501 0.4007 -0.8467
vn -0.4956 0.5391 -0.6810
vn -0.5870 0.6116 -0.5305
vn -0.5922 0.6260 -0.5073
vn -0.6721 0.7134 -0.1981
vn -0.0345 0.1670 -0.9854
vn -0.0615 0.1185 -0.9910
vn -0.1076 0.1421 -0.9840
vn -0.6865 0.7064 -0.1722
vn -0.6862 0.7087 -0.1641
vn -0.6856 0.7092 -0.1644
vn -0.5471 0.6508 -0.5265
vn -0.5288 0.6154 -0.5845
vn -0.3006 0.4492 -0.8414
vn -0.2697 0.3970 -0.8773
vn 0.0387 0.1303 -0.9907
vn -0.1991 0.4658 -0.8622
vn 0.4738 0.1693 -0.8642
vn 0.2144 0.1925 -0.9576
vn 0.4942 0.1212 -0.8609
vn 0.4515 0.2996 -0.8405
vn 0.4261 0.4278 -0.7971
vn 0.4249 0.4305 -0.7964
vn 0.3522 0.6179 -0.7030
vn 0.3639 0.6024 -0.7104
vn 0.2694 0.7795 -0.5654
vn 0.3011 0.7482 -0.5912
vn 0.2349 0.8277 -0.5096
vn 0.1744 0.8994 -0.4008
vn 0.1956 0.8852 -0.4221
vn 0.1566 0.9154 -0.3709
vn -0.4566 0.6840 -0.5689
vn -0.4624 0.6562 -0.5963
vn -0.3600 0.7373 -0.5716
vn 0.2555 0.1591 -0.9536
vn 0.0903 0.4136 -0.9060
vn -0.0074 0.6277 -0.7784
vn 0.0345 0.6073 -0.7937
vn -0.0917 0.7450 -0.6608
vn 0.1171 0.1749 -0.9776
vn 0.1511 0.1655 -0.9746
vn -0.1192 0.4727 -0.8731
vn -0.0259 0.5322 -0.8462
vn -0.2663 0.7627 -0.5894
vn -0.1061 0.8387 -0.5342
vn -0.1826 0.8549 -0.4856
vn -0.6288 0.7542 -0.1893
vn -0.6328 0.7488 -0.1972
vn -0.5268 0.8252 -0.2039
vn -0.5333 0.8158 -0.2235
vn -0.3832 0.9113 -0.1507
vn 0.0630 0.1541 -0.9860
vn 0.1021 0.1531 -0.9829
vn -0.1996 0.4309 -0.8800
vn -0.1144 0.4981 -0.8596
vn -0.3679 0.7170 -0.5921
vn -0.2576 0.7870 -0.5605
vn -0.3763 0.8545 -0.3581
vn -0.3349 0.9180 -0.2126
vn -0.1683 0.9735 -0.1548
vn 0.3413 0.2074 -0.9168
vn 0.3810 0.1549 -0.9115
vn 0.2396 0.4691 -0.8500
vn 0.2913 0.4073 -0.8656
vn 0.1478 0.6473 -0.7478
vn 0.2044 0.5952 -0.7771
vn 0.0469 0.7942 -0.6059
vn 0.1062 0.7547 -0.6474
vn -0.0552 0.8987 -0.4351
vn 0.0040 0.8738 -0.4863
vn -0.1618 0.9591 -0.2323
vn 0.0075 0.9889 -0.1484
vn 0.0758 0.9784 -0.1923
vn 0.1909 0.0819 -0.9782
vn 0.4896 -0.0046 -0.8719
vn 0.4034 -0.0082 -0.9150
vn 0.3125 0.0084 -0.9499
vn 0.5076 -0.0582 -0.8596
vn 0.5089 -0.0460 -0.8596
vn 0.5244 -0.0418 -0.8504
vn 0.5032 -0.0338 -0.8635
vn 0.4680 -0.0108 -0.8837
vn 0.3857 -0.0463 -0.9214
vn 0.0389 -0.0035 -0.9992
vn 0.0340 -0.0038 -0.9994
vn 0.0293 -0.0017 -0.9996
vn 0.0260 -0.0020 -0.9997
vn 0.0206 0.0001 -0.9998
vn 0.0273 -0.0011 -0.9996
vn 0.0169 -0.0017 -0.9999
vn 0.1657 0.0506 -0.9849
vn 0.1285 0.0173 -0.9916
vn -0.0020 -0.0126 -0.9999
vn 0.0458 0.0009 -0.9989
vn 0.1971 -0.0276 -0.9800
vn 0.1948 -0.0263 -0.9805
vn 0.1953 -0.0221 -0.9805
vn 0.1762 -0.0087 -0.9843
vn 0.1664 -0.0131 -0.9860
vn 0.5238 -0.0716 -0.8488
vn 0.5289 -0.0695 -0.8458
vn 0.3860 -0.0464 -0.9213
vn 0.3881 -0.0268 -0.9212
vn 0.3599 -0.0282 -0.9326
vn 0.3607 -0.0076 -0.9327
vn 0.1670 0.0025 -0.9860
vn 0.1473 -0.0060 -0.9891
vn 0.0185 -0.0000 -0.9998
vn 0.0118 -0.0003 -0.9999
vn 0.1143 -0.0176 -0.9933
vn 0.1206 -0.0177 -0.9925
vn 0.1211 -0.0151 -0.9925
vn 0.1964 0.0082 -0.9805
vn 0.9706 -0.1594 -0.1806
vn 0.4659 -0.0748 -0.8817
vn 0.6523 -0.1052 -0.7507
vn 0.6522 -0.1051 -0.7507
vn 0.8472 -0.1371 -0.5134
vn 0.8471 -0.1370 -0.5134
vn 0.9721 -0.1577 -0.1738
vn 0.9807 0.0549 -0.1874
vn 0.3044 -0.0485 -0.9513
vn 0.3925 -0.0737 -0.9168
vn 0.3980 0.0330 -0.9168
vn 0.6591 0.0073 -0.7520
vn 0.5555 0.0426 -0.8304
vn 0.8570 0.0391 -0.5139
vn 0.8313 0.0520 -0.5534
vn 0.9796 0.0530 -0.1939
vn 0.1870 0.0637 -0.9803
vn 0.0058 0.4150 -0.9098
vn -0.2777 0.9408 -0.1945
vn -0.3287 0.8730 -0.3603
vn 0.1114 0.1631 -0.9803
vn 0.0541 0.1900 -0.9803
vn 0.0139 0.1948 -0.9807
vn 0.0065 0.1849 -0.9827
vn 0.3161 0.4629 -0.8281
vn 0.1535 0.5391 -0.8281
vn -0.0238 0.5600 -0.8282
vn -0.0248 0.5340 -0.8451
vn 0.4707 0.6894 -0.5506
vn 0.2287 0.8029 -0.5506
vn -0.0354 0.8340 -0.5507
vn -0.0367 0.8299 -0.5567
vn -0.2543 0.7900 -0.5579
vn -0.2295 0.7985 -0.5565
vn 0.7811 0.5939 -0.1927
vn 0.6645 0.5052 -0.5506
vn 0.4462 0.3393 -0.8281
vn 0.1572 0.1196 -0.9803
vn 0.1573 0.1196 -0.9803
vn 0.8254 0.5343 0.1824
vn 0.7274 0.6580 -0.1945
vn 0.5533 0.8104 -0.1927
vn 0.2688 0.9437 -0.1927
vn -0.0433 0.9803 -0.1927
vn 0.0288 0.9846 0.1724
vn -0.1287 0.9724 -0.1946
vn 0.5306 0.1808 -0.8281
vn 0.7902 0.2692 -0.5506
vn 0.9288 0.3165 -0.1927
vn -0.0961 0.1698 0.9808
vn -0.0585 0.0988 0.9934
vn -0.4833 0.8535 0.1951
vn -0.4834 0.8539 0.1928
vn -0.1499 0.2647 0.9526
vn -0.2303 0.4069 0.8840
vn -0.2749 0.4828 0.8315
vn -0.3118 0.5507 0.7743
vn -0.4096 0.7236 0.5556
vn -0.3637 0.6334 0.6830
vn -0.4191 0.7405 0.5254
vn -0.4927 0.8702 -0.0000
vn 0.6791 -0.7322 -0.0520
vn 0.7724 -0.6352 -0.0002
vn 0.8443 -0.5358 0.0006
vn 0.8765 -0.4776 -0.0597
vn 0.9204 -0.3910 -0.0002
vn 0.9612 -0.2757 0.0002
vn 0.9841 -0.1709 -0.0473
vn 0.9933 -0.1151 -0.0000
vn 1.0000 -0.0085 -0.0000
vn 0.6095 -0.0845 -0.7883
vn 0.6143 -0.0775 -0.7853
vn 0.6446 -0.1304 -0.7533
vn 0.6271 -0.1061 -0.7717
vn 0.6123 -0.0900 -0.7855
vn 0.6299 -0.0996 -0.7703
vn 0.6245 -0.1092 -0.7734
vn 0.6399 -0.1241 -0.7583
vn 0.6422 -0.1237 -0.7565
vn 0.6088 -0.0804 -0.7892
vn 0.5995 -0.0619 -0.7980
vn 0.5898 -0.0689 -0.8046
vn 0.5823 -0.0833 -0.8087
vn 0.5831 -0.0813 -0.8083
vn 0.5866 -0.0753 -0.8064
vn 0.5866 -0.0840 -0.8055
vn 0.5884 -0.0808 -0.8045
vn 0.5834 -0.0591 -0.8100
vn 0.5918 -0.0798 -0.8021
vn 0.5917 -0.0711 -0.8030
vn 0.5826 -0.0824 -0.8086
vn 0.5761 -0.0669 -0.8147
vn 0.5758 -0.0692 -0.8147
vn 0.5653 -0.0404 -0.8239
vn 0.5623 -0.0531 -0.8252
vn 0.5557 -0.0197 -0.8311
vn 0.5482 -0.0387 -0.8355
vn 0.5271 0.0227 -0.8495
vn 0.5287 0.0211 -0.8486
vn 0.5306 0.0183 -0.8474
vn 0.5313 0.0168 -0.8470
vn 0.5318 0.0160 -0.8467
vn 0.5321 0.0153 -0.8466
vn 0.5318 0.0163 -0.8467
vn 0.5071 0.0919 -0.8570
vn 0.5168 0.0628 -0.8538
vn 0.5165 0.0765 -0.8529
vn 0.4932 0.1218 -0.8613
vn 0.5136 0.1116 -0.8508
vn 0.5170 0.1169 -0.8479
vn 0.5135 0.1109 -0.8509
vn 0.5168 0.0717 -0.8531
vn 0.5230 0.0432 -0.8512
vn 0.5259 0.0630 -0.8482
vn 0.5190 0.0643 -0.8523
vn 0.5178 0.0289 -0.8550
vn 0.5260 0.0440 -0.8494
vn 0.5275 0.0224 -0.8493
vn 0.5276 0.0224 -0.8492
vn 0.5363 0.0427 -0.8430
vn 0.5413 -0.0154 -0.8407
vn 0.5501 0.0010 -0.8351
vn 0.5447 0.0013 -0.8386
vn 0.5387 -0.0181 -0.8423
vn 0.5652 0.0089 -0.8249
vn 0.5812 -0.0250 -0.8134
vn 0.5755 -0.0418 -0.8168
vn 0.5671 -0.0198 -0.8234
vn 0.5656 -0.0134 -0.8245
vn 0.5931 -0.0367 -0.8043
vn 0.5791 -0.0369 -0.8144
vn 0.5840 -0.0473 -0.8104
vn 0.5918 -0.0616 -0.8037
vn 0.5900 -0.0686 -0.8045
vn 0.5925 -0.0696 -0.8026
vn 0.6469 -0.1237 -0.7525
vn 0.6527 -0.1253 -0.7472
vn 0.6363 -0.1192 -0.7622
vn 0.0074 -0.0866 -0.9962
vn -0.0344 -0.0326 -0.9989
vn -0.0023 -0.0706 -0.9975
vn -0.0208 -0.0604 -0.9980
vn -0.0164 -0.0547 -0.9984
vn -0.0296 -0.0364 -0.9989
vn -0.0332 -0.0416 -0.9986
vn -0.0200 -0.0340 -0.9992
vn -0.0219 -0.0260 -0.9994
vn -0.0390 -0.0348 -0.9986
vn -0.0366 -0.0336 -0.9988
vn -0.0237 -0.0208 -0.9995
vn -0.0259 -0.0222 -0.9994
vn -0.0206 -0.0260 -0.9995
vn -0.0174 -0.0276 -0.9995
vn 0.0949 -0.1877 -0.9776
vn 0.0560 -0.1671 -0.9844
vn 0.0698 -0.1544 -0.9855
vn 0.0485 -0.1330 -0.9899
vn 0.0424 -0.1168 -0.9923
vn 0.0174 -0.1046 -0.9944
vn 0.0173 -0.0845 -0.9963
vn -0.0083 -0.0604 -0.9981
vn -0.0065 -0.0521 -0.9986
vn -0.0174 -0.0385 -0.9991
vn -0.0187 -0.0366 -0.9992
vn -0.2370 -0.9715 -0.0014
vn -0.2363 -0.9717 0.0050
vn -0.5797 0.8146 -0.0176
vn -0.2732 0.5489 -0.7900
vn -0.5881 0.8037 -0.0910
vn -0.5492 0.8357 -0.0005
vn -0.4712 0.8817 -0.0244
vn -0.4875 0.8720 0.0447
vn -0.4875 0.8633 0.1303
vn -0.5226 0.8525 -0.0005
vn -0.5798 0.8148 -0.0002
vn -0.5689 0.8224 -0.0003
vn -0.5689 0.8224 -0.0004
vn -0.5937 0.8047 -0.0045
vn -0.5933 0.8050 -0.0017
vn -0.5997 0.8002 -0.0017
vn -0.5997 0.8002 -0.0015
vn -0.6061 0.7954 -0.0016
vn -0.6061 0.7954 -0.0014
vn -0.6130 0.7901 -0.0015
vn -0.6130 0.7901 -0.0013
vn -0.6201 0.7845 -0.0013
vn -0.6201 0.7845 -0.0012
vn -0.6231 0.7822 -0.0011
vn -0.6230 0.7821 -0.0154
vn -0.6211 0.7828 -0.0368
vn -0.6100 0.7788 -0.1458
vn -0.5965 0.7996 -0.0691
vn -0.6019 0.7798 -0.1723
vn -0.5941 0.7923 -0.1393
vn -0.5838 0.7645 -0.2735
vn -0.5830 0.7689 -0.2625
vn -0.5571 0.7319 -0.3924
vn -0.5565 0.7274 -0.4014
vn -0.5165 0.6780 -0.5230
vn -0.5097 0.6587 -0.5534
vn -0.4297 0.5644 -0.7049
vn -0.4317 0.5734 -0.6963
vn -0.3672 0.4573 -0.8099
vn -0.3058 0.3952 -0.8662
vn -0.2915 0.3607 -0.8860
vn -0.0927 0.0827 -0.9923
vn -0.1123 0.1101 -0.9876
vn -0.1216 0.1485 -0.9814
vn -0.1536 0.1693 -0.9735
vn -0.2220 0.2617 -0.9393
vn -0.2098 0.2534 -0.9443
vn -0.2553 0.3094 -0.9160
vn -0.0824 0.0716 -0.9940
vn -0.0676 0.0594 -0.9959
vn -0.0674 0.0483 -0.9966
vn -0.0502 0.0187 -0.9986
vn -0.0416 0.0146 -0.9990
vn -0.0390 0.0022 -0.9992
vn -0.0332 -0.0059 -0.9994
vn -0.0339 -0.0053 -0.9994
vn -0.0350 -0.0039 -0.9994
vn -0.0311 -0.0111 -0.9995
vn -0.0304 -0.0069 -0.9995
vn -0.0311 -0.0069 -0.9995
vn -0.0317 -0.0067 -0.9995
vn -0.0320 -0.0066 -0.9995
vn -0.0326 -0.0064 -0.9994
vn -0.0353 -0.0194 -0.9992
vn -0.0341 -0.0209 -0.9992
vn -0.0341 -0.0210 -0.9992
vn -0.0432 -0.0174 -0.9989
vn -0.0431 -0.0179 -0.9989
vn -0.0465 -0.0189 -0.9987
vn -0.0453 -0.0190 -0.9988
vn -0.0431 -0.0198 -0.9989
vn -0.0384 -0.0163 -0.9991
vn -0.0336 -0.0214 -0.9992
vn -0.0419 -0.0096 -0.9991
vn -0.0474 -0.0120 -0.9988
vn -0.0441 -0.0158 -0.9989
vn -0.0823 0.0314 -0.9961
vn -0.0504 0.0238 -0.9984
vn -0.0680 0.0570 -0.9961
vn -0.0796 0.0692 -0.9944
vn -0.0806 0.0700 -0.9943
vn -0.0791 0.0766 -0.9939
vn -0.1212 0.1561 -0.9803
vn -0.1215 0.2147 -0.9691
vn -0.1177 0.1587 -0.9803
vn -0.1169 0.1630 -0.9797
vn -0.0984 0.1421 -0.9849
vn -0.0743 0.1028 -0.9919
vn -0.2376 0.4234 -0.8742
vn -0.2726 0.4297 -0.8608
vn -0.2183 0.3957 -0.8921
vn -0.1360 0.2975 -0.9450
vn -0.1889 0.3133 -0.9307
vn -0.1424 0.2590 -0.9553
vn -0.3567 0.5661 -0.7431
vn -0.4345 0.5665 -0.7002
vn -0.2513 0.7258 -0.6403
vn -0.4918 0.8579 -0.1490
vn -0.4741 0.8607 -0.1857
vn -0.4886 0.8670 -0.0976
vn -0.4832 0.8725 -0.0730
vn -0.4882 0.8717 -0.0432
vn -0.4871 0.8731 -0.0191
vn -0.4874 0.8730 -0.0207
vn -0.4682 0.8836 0.0019
vn -0.4328 0.9006 -0.0397
vn -0.4596 0.8881 -0.0026
vn -0.6212 0.7834 -0.0185
vn -0.6200 0.7844 -0.0159
vn -0.6094 0.7927 -0.0159
vn -0.6129 0.7896 -0.0308
vn -0.6060 0.7953 -0.0165
vn -0.5964 0.8025 -0.0165
vn -0.5996 0.7997 -0.0298
vn -0.5933 0.8048 -0.0171
vn -0.6145 0.7874 -0.0500
vn -0.6093 0.7920 -0.0384
vn -0.5893 0.8070 -0.0385
vn -0.5957 0.8004 -0.0666
vn -0.5829 0.8115 -0.0401
vn -0.5830 0.8123 -0.0171
vn -0.5866 0.8093 -0.0308
vn -0.5904 0.8071 -0.0018
vn -0.5867 0.8098 -0.0017
vn -0.5867 0.8098 -0.0019
vn -0.5798 0.8148 -0.0018
vn -0.5797 0.8148 -0.0021
vn -0.5690 0.8224 -0.0019
vn -0.5689 0.8224 -0.0024
vn -0.5226 0.8526 -0.0031
vn -0.5227 0.8525 -0.0026
vn -0.5226 0.8526 -0.0002
vn -0.5690 0.8223 -0.0070
vn -0.5797 0.8148 -0.0071
vn -0.5798 0.8148 -0.0069
vn -0.5866 0.8098 -0.0069
vn -0.5867 0.8098 -0.0067
vn -0.5933 0.8050 -0.0067
vn -0.5934 0.8049 -0.0065
vn -0.5997 0.8002 -0.0065
vn -0.5998 0.8002 -0.0063
vn -0.6060 0.7954 -0.0063
vn -0.6061 0.7954 -0.0060
vn -0.6130 0.7901 -0.0060
vn -0.6130 0.7900 -0.0057
vn -0.6200 0.7846 -0.0057
vn -0.6201 0.7845 -0.0055
vn -0.6230 0.7822 -0.0055
vn -0.6234 0.7819 -0.0042
vn -0.5227 0.8525 -0.0084
vn -0.5364 0.8365 -0.1119
vn -0.5387 0.8425 -0.0029
vn -0.5388 0.8425 -0.0024
vn -0.5388 0.8425 -0.0005
vn -0.5387 0.8425 -0.0002
vn -0.5114 0.8593 -0.0002
vn -0.5058 0.8617 -0.0408
vn -0.5058 0.8626 -0.0028
vn -0.5058 0.8627 -0.0033
vn -0.5058 0.8626 -0.0082
vn -0.4868 0.8661 -0.1138
vn -0.4634 0.8480 -0.2571
vn -0.4711 0.8808 -0.0474
vn -0.4607 0.8876 -0.0035
vn -0.4710 0.8821 -0.0038
vn -0.4710 0.8821 -0.0031
vn -0.4885 0.8725 -0.0035
vn -0.4886 0.8725 -0.0030
vn -0.4797 0.8542 -0.2006
vn -0.4669 0.8406 -0.2745
vn -0.4685 0.8341 -0.2911
vn -0.4478 0.8028 -0.3937
vn -0.4473 0.7931 -0.4133
vn -0.4147 0.7458 -0.5214
vn -0.4119 0.7302 -0.5451
vn -0.3959 0.7041 -0.5895
vn -0.3425 0.6008 -0.7223
vn -0.3429 0.6011 -0.7219
vn -0.2458 0.4180 -0.8745
vn -0.2486 0.4203 -0.8726
vn -0.1741 0.2822 -0.9434
vn -0.1794 0.2867 -0.9411
vn -0.1084 0.1571 -0.9816
vn -0.1196 0.1624 -0.9795
vn -0.0652 0.0655 -0.9957
vn -0.0778 0.0707 -0.9945
vn -0.0471 0.0173 -0.9987
vn -0.0587 0.0213 -0.9981
vn -0.0449 -0.0023 -0.9990
vn -0.0395 0.0001 -0.9992
vn -0.5568 0.8307 -0.0003
vn -0.5523 0.8279 -0.0973
vn -0.5541 0.8324 -0.0022
vn -0.5541 0.8325 -0.0026
vn -0.5515 0.8265 -0.1130
vn -0.5362 0.8170 -0.2120
vn -0.5466 0.8372 -0.0175
vn -0.5464 0.8373 -0.0196
vn -0.5463 0.8366 -0.0403
vn -0.5460 0.8367 -0.0428
vn -0.5449 0.8334 -0.0923
vn -0.5440 0.8337 -0.0956
vn -0.5395 0.8234 -0.1762
vn -0.5381 0.8233 -0.1808
vn -0.5275 0.8025 -0.2788
vn -0.5257 0.8018 -0.2843
vn -0.5054 0.7651 -0.3989
vn -0.5030 0.7636 -0.4048
vn -0.4697 0.7060 -0.5300
vn -0.4669 0.7037 -0.5356
vn -0.3943 0.5831 -0.7103
vn -0.3909 0.5808 -0.7140
vn -0.2830 0.4059 -0.8690
vn -0.2819 0.4051 -0.8697
vn -0.1987 0.2722 -0.9415
vn -0.2003 0.2734 -0.9408
vn -0.1213 0.1486 -0.9814
vn -0.1271 0.1509 -0.9803
vn -0.0683 0.0591 -0.9959
vn -0.0759 0.0618 -0.9952
vn -0.0445 0.0133 -0.9989
vn -0.0519 0.0155 -0.9985
vn -0.0367 -0.0081 -0.9993
vn -0.0308 -0.0111 -0.9995
vn -0.4363 0.8989 -0.0398
vn -0.2524 0.9674 -0.0194
vn -0.0181 0.9960 -0.0879
vn 0.4767 0.7369 -0.4793
vn 0.6540 0.7374 -0.1687
vn 0.6661 0.7252 -0.1740
vn 0.6246 0.7645 -0.1597
vn 0.6420 0.7498 -0.1602
vn 0.6539 0.7375 -0.1690
vn 0.5695 0.8083 -0.1493
vn 0.6055 0.7864 -0.1219
vn 0.5928 0.7998 -0.0946
vn 0.5561 0.8249 -0.1015
vn 0.5857 0.8069 -0.0763
vn 0.5795 0.8133 -0.0530
vn 0.5542 0.8304 -0.0570
vn 0.5771 0.8158 -0.0383
vn 0.5754 0.8174 -0.0263
vn 0.5462 0.8373 -0.0260
vn 0.5791 0.8152 -0.0129
vn 0.5721 0.8202 -0.0080
vn 0.5973 0.8020 -0.0032
vn -0.4199 0.9048 -0.0713
vn -0.2251 0.9742 -0.0184
vn -0.0978 0.9952 -0.0022
vn 0.4081 0.9073 -0.1011
vn -0.4874 0.8497 -0.2011
vn -0.4940 0.8566 -0.1491
vn -0.1595 0.7377 -0.6560
vn -0.6628 0.3642 -0.6542
vn -0.0900 0.8495 -0.5198
vn -0.7643 0.3947 -0.5100
vn 0.3684 0.9080 -0.1993
vn -0.6081 0.6834 -0.4040
vn -0.2077 0.9472 -0.2444
vn 0.1488 0.7471 -0.6479
vn -0.2141 0.5914 -0.7774
vn -0.2585 0.6371 -0.7261
vn 0.1251 0.5756 -0.8081
vn -0.1303 0.4672 -0.8745
vn -0.1723 0.5098 -0.8428
vn 0.1065 0.4125 -0.9047
vn -0.0609 0.3316 -0.9415
vn -0.0470 0.4326 -0.9004
vn 0.3267 0.5705 -0.7535
vn 0.5249 0.6884 -0.5007
vn 0.5512 0.6962 -0.4598
vn 0.6628 0.7212 -0.2014
vn 0.6771 0.7175 -0.1636
vn 0.6163 0.7759 -0.1348
vn 0.6306 0.7610 -0.1522
vn 0.4106 0.8034 -0.4313
vn 0.4762 0.7369 -0.4799
vn 0.3040 0.6752 -0.6721
vn 0.3803 0.5978 -0.7057
vn 0.0761 0.3973 -0.9145
vn -0.0654 0.9915 -0.1129
vn -0.2737 0.9552 -0.1127
vn -0.2564 0.9369 -0.2375
vn -0.2569 0.9368 -0.2375
vn -0.2124 0.8908 -0.4017
vn -0.2129 0.8907 -0.4017
vn -0.1490 0.8282 -0.5402
vn -0.1491 0.8282 -0.5402
vn -0.0920 0.7702 -0.6312
vn -0.0920 0.7702 -0.6311
vn -0.0038 0.6779 -0.7351
vn -0.0032 0.6782 -0.7349
vn 0.1085 0.5649 -0.8180
vn -0.2345 0.9720 -0.0167
vn -0.0136 0.9997 -0.0213
vn -0.0108 0.9961 -0.0873
vn -0.0112 0.9961 -0.0873
vn 0.0036 0.9808 -0.1951
vn 0.0030 0.9808 -0.1952
vn 0.0394 0.9431 -0.3303
vn 0.0387 0.9430 -0.3305
vn 0.0919 0.8914 -0.4439
vn 0.1388 0.8437 -0.5186
vn 0.2108 0.7680 -0.6048
vn -0.0331 0.2386 -0.9706
vn 0.1462 0.4389 -0.8865
vn 0.1962 0.4771 -0.8567
vn 0.1091 0.5652 -0.8177
vn 0.3034 0.6750 -0.6726
vn 0.2115 0.7681 -0.6044
vn 0.4100 0.8034 -0.4318
vn 0.3589 0.8570 -0.3698
vn 0.4298 0.8589 -0.2784
vn 0.3254 0.8910 -0.3165
vn 0.2871 0.9284 -0.2358
vn 0.2877 0.9283 -0.2356
vn 0.2618 0.9550 -0.1392
vn 0.2624 0.9549 -0.1391
vn 0.2519 0.9658 -0.0622
vn 0.2522 0.9657 -0.0622
vn 0.2500 0.9682 -0.0102
vn 0.2430 0.9700 -0.0093
vn -0.0440 0.0447 -0.9980
vn -0.1256 0.1245 -0.9842
vn -0.1670 0.1698 -0.9712
vn -0.2589 0.2633 -0.9293
vn -0.3283 0.3350 -0.8831
vn -0.3953 0.3980 -0.8279
vn -0.4547 0.4624 -0.7612
vn -0.5133 0.5220 -0.6812
vn -0.5652 0.5765 -0.5901
vn -0.6059 0.6128 -0.5074
vn -0.6871 0.7058 -0.1722
vn -0.6809 0.6925 -0.2383
vn -0.8488 -0.5286 0.0006
vn -0.8473 -0.5310 0.0017
vn -0.8460 -0.5331 0.0030
vn -0.8115 -0.5844 -0.0000
vn -0.8105 -0.5857 -0.0039
vn -0.8373 -0.5467 0.0005
vn -0.8442 -0.5360 0.0046
vn -0.8430 -0.5379 0.0064
vn -0.8448 -0.5350 0.0042
vn -0.8936 -0.4489 -0.0000
vn -0.8843 -0.4667 -0.0155
vn -0.8650 -0.5017 -0.0000
vn -0.8496 -0.5274 -0.0000
vn -0.8280 -0.5257 0.1951
vn -0.8764 -0.4403 0.1949
vn -0.7432 -0.3734 0.5553
vn -0.4967 -0.2495 0.8313
vn -0.1745 -0.0876 0.9808
vn -0.8484 -0.4921 0.1951
vn -0.8131 -0.4936 0.3086
vn -0.7109 -0.4316 0.5553
vn -0.4752 -0.2885 0.8313
vn -0.1669 -0.1013 0.9808
vn -0.7950 -0.5744 0.1949
vn -0.6741 -0.4871 0.5553
vn -0.4506 -0.3256 0.8313
vn -0.1583 -0.1143 0.9808
vn -0.1582 -0.1143 0.9808
vn -0.6146 0.7647 0.1934
vn -0.9803 -0.0344 0.1943
vn -0.1615 0.1132 0.9804
vn -0.4584 0.3213 0.8286
vn -0.6832 0.4788 0.5513
vn -0.1896 -0.0540 0.9804
vn -0.5384 -0.1533 0.8286
vn -0.8024 -0.2285 0.5513
vn -0.9437 -0.2687 0.1930
vn -0.9746 0.1106 0.1948
vn -0.9420 0.0177 0.3352
vn -0.8341 0.0157 0.5513
vn -0.5597 0.0105 0.8286
vn -0.1971 0.0037 0.9804
vn -0.1875 0.0611 0.9804
vn -0.5323 0.1735 0.8286
vn -0.5322 0.1735 0.8286
vn -0.7932 0.2585 0.5513
vn -0.9329 0.3041 0.1930
vn -0.8035 0.5631 0.1930
vn -0.7430 0.5666 0.3563
vn -0.8591 0.4731 0.1949
vn -0.4949 0.8468 0.1951
vn -0.5967 0.7636 0.2466
vn -0.5137 0.6574 0.5513
vn -0.3447 0.4411 0.8286
vn -0.1214 0.1554 0.9804
vn 0.7881 -0.6155 -0.0000
vn 0.8504 -0.5233 -0.0543
vn 0.9128 -0.4084 -0.0000
vn 0.9583 -0.2859 -0.0000
vn 0.9867 -0.1622 -0.0092
vn 0.9963 -0.0669 -0.0545
vn 0.9984 0.0561 -0.0017
vn 0.9466 0.3225 0.0022
vn 0.9130 0.4050 -0.0499
vn 0.8395 0.5434 -0.0000
vn 0.7416 0.6708 -0.0000
vn 0.6193 0.7838 -0.0469
vn 0.5639 0.8258 -0.0037
vn 0.2739 0.9618 0.0034
vn 0.1829 0.9818 -0.0504
vn 0.0293 0.9996 -0.0000
vn -0.1312 0.9914 -0.0000
vn -0.2956 0.9542 -0.0462
vn -0.3523 0.9358 -0.0087
vn -0.9618 -0.2739 -0.0000
vn -0.9829 -0.1821 -0.0268
vn -0.9507 0.3098 -0.0146
vn -0.9548 0.2967 -0.0195
vn -0.9936 0.1128 -0.0000
vn -0.9994 -0.0351 -0.0000
vn -0.5046 0.8634 -0.0000
vn -0.6265 0.7794 -0.0000
vn -0.7065 0.7072 -0.0279
vn -0.7952 0.6064 -0.0000
vn -0.8760 0.4824 -0.0000
vn 0.9897 0.1430 -0.0000
vn 0.3710 0.9286 -0.0000
vn -0.6187 0.7856 -0.0000
vn -0.9897 -0.1430 -0.0000
vn -0.3710 -0.9286 -0.0000
vn 0.6187 -0.7856 -0.0000
vn -0.0692 -0.0543 0.9961
vn -0.1543 -0.1193 0.9808
vn -0.7834 -0.6153 0.0880
vn -0.7722 -0.6046 0.1951
vn -0.7554 -0.5932 0.2784
vn -0.6967 -0.5472 0.4638
vn -0.6548 -0.5124 0.5556
vn -0.6110 -0.4799 0.6296
vn -0.4951 -0.3889 0.7769
vn -0.4378 -0.3420 0.8315
vn -0.3647 -0.2865 0.8859
vn -0.2189 -0.1719 0.9605
vn -0.7863 -0.6178 -0.0001
vn -0.7864 -0.6177 -0.0000
vn -0.7859 -0.6183 0.0001
vn -0.7856 -0.6188 0.0002
vn -0.7867 -0.6173 -0.0008
vn -0.7883 -0.6154 -0.0012
vn -0.7870 -0.6169 -0.0004
vn -0.7864 -0.6178 0.0003
vn -0.1685 -0.9664 0.1944
vn -0.7462 -0.6654 0.0195
vn 0.0602 -0.6386 0.7672
vn -0.7858 -0.6185 0.0014
vn -0.7820 -0.6232 0.0066
vn -0.6062 -0.7739 0.1830
vn -0.5089 -0.8221 0.2553
vn -0.5309 -0.8132 0.2385
vn -0.5114 -0.8382 0.1895
vn -0.5453 -0.8247 0.1498
vn -0.4795 -0.8614 0.1675
vn -0.4106 -0.8976 0.1605
vn 0.2459 -0.9369 0.2486
vn 0.2777 -0.9213 0.2722
vn 0.2965 -0.8943 0.3353
vn 0.2004 -0.9742 0.1037
vn 0.2631 -0.9483 0.1775
vn 0.2558 -0.9394 0.2283
vn 0.2652 -0.9639 0.0243
vn 0.2546 -0.9666 0.0307
vn 0.0654 -0.9975 0.0279
vn 0.0923 -0.9951 0.0353
vn -0.1551 -0.9878 0.0118
vn -0.1224 -0.9922 0.0234
vn -0.3998 -0.9165 0.0160
vn -0.3652 -0.9306 0.0268
vn -0.5914 -0.8064 -0.0021
vn -0.5663 -0.8242 0.0099
vn -0.7009 -0.7132 0.0043
vn -0.7421 -0.6701 0.0138
vn -0.7682 -0.6402 0.0015
vn -0.7454 -0.6663 0.0189
vn -0.7488 -0.6622 0.0299
vn -0.7470 -0.6642 0.0291
vn -0.7519 -0.6577 0.0462
vn -0.7516 -0.6578 0.0483
vn -0.7506 -0.6597 0.0384
vn 0.2422 -0.9376 0.2496
vn 0.1509 -0.9568 0.2485
vn 0.0515 -0.9723 0.2280
vn 0.0296 -0.9721 0.2325
vn -0.1620 -0.9666 0.1986
vn -0.1424 -0.9826 0.1190
vn -0.2641 -0.9239 0.2767
vn -0.4094 -0.9019 0.1377
vn -0.4049 -0.9041 0.1369
vn -0.5978 -0.7978 0.0782
vn -0.5957 -0.7995 0.0778
vn -0.6054 -0.7869 0.1195
vn -0.6001 -0.7909 0.1195
vn -0.6183 -0.7682 0.1662
vn -0.6594 -0.7392 0.1375
vn -0.7051 -0.6852 0.1825
vn -0.7121 -0.7020 -0.0099
vn -0.7406 -0.6718 0.0120
vn -0.7710 -0.6367 0.0141
vn -0.7450 -0.6669 0.0114
vn -0.7435 -0.6686 0.0102
vn -0.5921 -0.8049 0.0397
vn -0.5936 -0.8038 0.0399
vn -0.3993 -0.9142 0.0700
vn -0.4023 -0.9128 0.0703
vn -0.1545 -0.9829 0.1003
vn -0.1595 -0.9820 0.1009
vn 0.0669 -0.9903 0.1216
vn 0.0607 -0.9906 0.1225
vn 0.2613 -0.9557 0.1356
vn 0.2653 -0.9620 0.0653
vn -0.3614 -0.2980 0.8835
vn -0.5730 -0.2845 0.7686
vn -0.5750 -0.2959 0.7628
vn -0.7227 -0.4830 0.4944
vn -0.7272 -0.4612 0.5084
vn -0.7896 -0.5853 0.1839
vn -0.4515 -0.1903 0.8718
vn -0.5522 -0.2576 0.7929
vn -0.5585 -0.3166 0.7667
vn -0.7229 -0.4500 0.5243
vn -0.7175 -0.4895 0.4956
vn -0.7985 -0.5785 0.1668
vn -0.7799 -0.6020 0.1714
vn -0.7885 -0.5859 0.1869
vn -0.5392 -0.2744 0.7962
vn -0.7632 -0.5182 0.3861
vn -0.6971 -0.4828 0.5301
vn -0.6517 -0.3860 0.6529
vn -0.4552 -0.2538 0.8534
vn -0.4704 -0.2353 0.8505
vn -0.7880 -0.5979 0.1470
vn -0.4223 -0.2194 0.8795
vn -0.6141 -0.3735 0.6953
vn -0.6313 -0.4120 0.6570
vn -0.7408 -0.5098 0.4374
vn -0.7460 -0.5401 0.3895
vn -0.7942 -0.5959 0.1191
vn -0.7742 -0.6211 0.1222
vn -0.7877 -0.5879 0.1844
vn -0.3882 -0.1716 0.9054
vn -0.4079 -0.1692 0.8972
vn -0.4332 -0.1756 0.8840
vn -0.4525 -0.1822 0.8729
vn -0.4424 0.0579 0.8949
vn -0.1505 0.0187 0.9884
vn -0.2080 -0.0612 0.9762
vn -0.3873 -0.1739 0.9054
vn -0.3063 -0.0891 0.9478
vn -0.1462 -0.0656 0.9871
vn -0.1018 -0.0301 0.9944
vn -0.1044 -0.0279 0.9941
vn -0.1059 -0.0222 0.9941
vn -0.1098 -0.0224 0.9937
vn -0.1146 -0.0128 0.9933
vn -0.1050 -0.0103 0.9944
vn -0.1108 -0.0158 0.9937
vn -0.1241 -0.0004 0.9923
vn -0.1240 -0.0042 0.9923
vn -0.1451 0.0155 0.9893
vn -0.1437 0.0158 0.9895
vn -0.1442 0.0104 0.9895
vn -0.1459 0.0102 0.9892
vn -0.1293 0.0046 0.9916
vn -0.1297 0.0041 0.9915
vn -0.1298 0.0011 0.9915
vn -0.4488 0.0501 0.8922
vn -0.4274 0.0522 0.9025
vn -0.4289 0.0374 0.9026
vn -0.4273 0.0380 0.9033
vn -0.4112 0.0259 0.9112
vn -0.3827 -0.0204 0.9236
vn -0.4282 0.0157 0.9036
vn -0.4029 0.0212 0.9150
vn -0.4036 -0.0037 0.9149
vn -0.3611 0.0045 0.9325
vn -0.3924 -0.0116 0.9197
vn -0.1188 -0.0053 0.9929
vn -0.1187 -0.0073 0.9929
vn -0.3818 -0.0351 0.9236
vn -0.3917 -0.0388 0.9193
vn -0.3675 -0.0511 0.9286
vn -0.3455 -0.1134 0.9315
vn -0.3521 -0.0886 0.9318
vn -0.3689 -0.0743 0.9265
vn -0.3636 -0.0716 0.9288
vn -0.3659 -0.0566 0.9289
vn -0.5539 0.7624 0.3346
vn -0.5200 0.8500 0.0845
vn -0.0935 0.0789 0.9925
vn -0.3164 0.2632 0.9114
vn -0.3857 0.6206 0.6827
vn -0.3571 0.5240 0.7732
vn -0.2688 0.3958 0.8781
vn -0.2673 0.3854 0.8832
vn -0.2028 0.2341 0.9508
vn -0.4935 0.8481 0.1928
vn -0.5051 0.8584 0.0895
vn -0.5175 0.8452 0.1337
vn -0.5060 0.7891 0.3483
vn -0.5599 0.5837 0.5880
vn -0.5633 0.5195 0.6426
vn -0.5826 0.7369 0.3430
vn -0.5628 0.8125 0.1521
vn -0.6142 0.3742 0.6948
vn -0.6152 0.5194 0.5931
vn -0.6264 0.6468 0.4351
vn -0.4774 0.3699 0.7970
vn -0.5383 0.4205 0.7304
vn -0.6139 0.3763 0.6939
vn -0.5163 0.8459 0.1338
vn -0.4229 0.7383 0.5254
vn -0.5150 0.7653 0.3860
vn -0.3623 0.5014 0.7857
vn -0.5014 0.6178 0.6058
vn -0.3548 0.3481 0.8677
vn -0.4272 0.3984 0.8117
vn -0.2901 0.1732 0.9412
vn -0.3862 0.1192 0.9147
vn -0.5650 0.3073 0.7657
vn -0.5551 0.2137 0.8039
vn -0.5613 0.8133 0.1531
vn -0.6210 0.2080 0.7557
vn -0.6114 0.1853 0.7693
vn -0.6111 0.1833 0.7700
vn -0.6300 0.6793 0.3765
vn -0.6428 0.6377 0.4244
vn -0.6560 0.4614 0.5974
vn -0.6536 0.4988 0.5692
vn -0.6484 0.3554 0.6733
vn -0.5508 0.8252 0.1256
vn -0.5580 0.8184 0.1375
vn -0.6177 0.7180 0.3207
vn -0.9717 0.0916 0.2179
vn -0.7472 0.0986 0.6572
vn -0.7191 0.1032 0.6872
vn -0.7159 0.1147 0.6887
vn -0.6083 0.0831 0.7894
vn -0.6148 0.0900 0.7835
vn -0.6356 0.1648 0.7543
vn -0.6304 0.2026 0.7494
vn -0.6260 0.1721 0.7606
vn -0.6702 0.4003 0.6249
vn -0.6831 0.4456 0.5787
vn -0.6697 0.6209 0.4074
vn -0.6689 0.6561 0.3495
vn -0.6071 0.7789 0.1572
vn -0.5933 0.7992 0.0963
vn -0.9348 0.1397 0.3265
vn -0.9923 0.1015 0.0705
vn -0.9497 0.2450 0.1949
vn -0.7737 0.1114 0.6237
vn -0.8969 0.0631 0.4378
vn -0.8907 0.1320 0.4350
vn -0.8912 0.1318 0.4340
vn -0.8768 0.1984 0.4380
vn -0.8826 0.1982 0.4263
vn -0.8487 0.2921 0.4409
vn -0.8661 0.3060 0.3953
vn -0.8126 0.3951 0.4286
vn -0.7085 0.1229 0.6949
vn -0.7171 0.1233 0.6860
vn -0.7046 0.1589 0.6916
vn -0.7388 0.1792 0.6496
vn -0.7127 0.2218 0.6655
vn -0.7341 0.2398 0.6353
vn -0.7077 0.2727 0.6517
vn -0.7281 0.2980 0.6173
vn -0.7365 0.3191 0.5964
vn -0.8093 0.4622 0.3625
vn -0.7494 0.6572 -0.0806
vn -0.7590 0.6481 0.0626
vn -0.9578 0.2430 0.1537
vn -0.9246 0.3546 0.1395
vn -0.8882 0.4524 -0.0802
vn -0.8865 0.4450 0.1269
vn -0.8288 0.5360 0.1604
vn -0.6201 0.0963 0.7786
vn -0.6185 0.0988 0.7795
vn -0.6892 0.2002 0.6963
vn -0.6289 0.1249 0.7674
vn -0.6296 0.1480 0.7627
vn -0.6941 0.3312 0.6391
vn -0.7125 0.3686 0.5971
vn -0.7299 0.5428 0.4155
vn -0.7353 0.5716 0.3642
vn -0.7236 0.6332 0.2746
vn -0.7024 0.7056 0.0936
vn -0.9951 0.0992 -0.0000
vn -0.9842 0.1733 0.0351
vn -0.9649 0.2626 -0.0002
vn -0.8603 0.5065 0.0575
vn -0.8797 0.4744 0.0320
vn -0.9221 0.3870 0.0002
vn -0.5595 0.8288 -0.0000
vn -0.5525 0.8334 0.0099
vn -0.6763 0.7365 -0.0116
vn -0.6695 0.7428 0.0004
vn -0.7416 0.6709 -0.0001
vn -0.7410 0.6715 -0.0000
vn -0.8021 0.5972 -0.0002
vn 0.2506 -0.9681 -0.0000
vn 0.2507 -0.9681 -0.0000
vn 0.9832 -0.1827 -0.0000
vn 0.3494 -0.9370 -0.0000
vn 0.3775 -0.9259 -0.0141
vn 0.5349 -0.8448 0.0100
vn 0.5191 -0.8545 0.0162
vn 0.6840 -0.7289 -0.0297
vn 0.6840 -0.7289 -0.0296
vn 0.7962 -0.6050 0.0067
vn 0.8229 -0.5682 -0.0000
vn 0.9874 -0.1584 -0.0052
vn 0.9643 -0.2647 0.0110
vn 0.9216 -0.3860 -0.0404
vn 0.9013 -0.4330 -0.0133
vn 0.8538 -0.5206 -0.0000
vn 0.9997 0.0240 -0.0045
vn 0.9927 0.0828 -0.0880
vn 0.9984 -0.0570 -0.0001
vn 0.9118 0.3808 -0.1537
vn 0.9473 0.3194 -0.0252
vn 0.9759 0.2181 0.0007
vn 0.3285 -0.8058 -0.4928
vn 0.4508 -0.7421 -0.4960
vn 0.5780 -0.6477 -0.4964
vn 0.7895 -0.3590 -0.4978
vn 0.7145 -0.4934 -0.4960
vn 0.5965 -0.6357 -0.4899
vn 0.8026 0.3431 -0.4880
vn 0.8712 0.0209 -0.4906
vn 0.8665 -0.0099 -0.4991
vn 0.8538 -0.1587 -0.4959
vn 0.8039 -0.3367 -0.4902
vn 0.6713 0.5504 -0.4965
vn 0.7094 0.5008 -0.4960
vn 0.8041 0.3358 -0.4906
vn 0.3452 0.7944 -0.4997
vn 0.4883 0.7210 -0.4917
vn 0.5860 0.6273 -0.5129
vn 0.5865 0.6270 -0.5127
vn 0.6215 0.5999 -0.5038
vn 0.2176 -0.8405 -0.4961
vn 0.7513 0.6600 -0.0000
vn 0.4512 -0.5425 -0.7086
vn 0.6112 -0.7915 0.0026
vn 0.6110 -0.7916 -0.0054
vn 0.5671 -0.7502 -0.3400
vn 0.5804 -0.7593 -0.2942
vn 0.5888 -0.7685 -0.2502
vn 0.6061 -0.7844 -0.1319
vn 0.5993 -0.7785 -0.1863
vn 0.5988 -0.7783 -0.1890
vn 0.6072 -0.7866 -0.1124
vn 0.6070 -0.7864 -0.1148
vn 0.6081 -0.7895 -0.0833
vn 0.6103 -0.7907 -0.0484
vn 0.6106 -0.7900 -0.0553
vn 0.6105 -0.7918 -0.0197
vn 0.4215 -0.6009 -0.6792
vn 0.4722 -0.6510 -0.5944
vn 0.5104 -0.6925 -0.5099
vn 0.5028 -0.6863 -0.5256
vn 0.5439 -0.7227 -0.4264
vn 0.2799 -0.4412 -0.8526
vn 0.3286 -0.4967 -0.8033
vn 0.3363 -0.5072 -0.7935
vn 0.3819 -0.5558 -0.7384
vn 0.4048 -0.5811 -0.7061
vn 0.4531 -0.6277 -0.6330
vn 0.2381 -0.3977 -0.8861
vn 0.1879 -0.3268 -0.9262
vn 0.2432 -0.3950 -0.8859
vn 0.2056 -0.3405 -0.9175
vn 0.2200 -0.3629 -0.9055
vn 0.1821 -0.3183 -0.9303
vn 0.5312 0.4667 -0.7071
vn 0.5981 0.3879 -0.7013
vn 0.5953 0.3917 -0.7016
vn 0.5995 0.3913 -0.6982
vn 0.6956 0.1469 -0.7033
vn 0.6791 0.0804 -0.7296
vn 0.7083 -0.0205 -0.7057
vn 0.6858 -0.1872 -0.7032
vn 0.6410 -0.2385 -0.7295
vn 0.6206 -0.3419 -0.7057
vn 0.5245 -0.4800 -0.7032
vn 0.4615 -0.5048 -0.7295
vn 0.3957 -0.5877 -0.7057
vn 0.2472 -0.6667 -0.7032
vn 0.1802 -0.6599 -0.7294
vn 0.0834 -0.7036 -0.7057
vn -0.0848 -0.7060 -0.7031
vn -0.1409 -0.6695 -0.7293
vn -0.5234 -0.4775 -0.7058
vn -0.4310 -0.5315 -0.7292
vn -0.3981 -0.5892 -0.7031
vn -0.2473 -0.6639 -0.7057
vn -0.9978 0.0661 -0.0000
vn 0.9555 0.2945 0.0136
vn 0.8389 0.5441 -0.0121
vn 0.7862 0.6180 -0.0000
vn 0.9844 -0.1753 0.0136
vn 0.9996 -0.0289 -0.0000
vn 0.9784 0.2066 -0.0000
vn 0.7951 -0.6063 0.0136
vn 0.8759 -0.4825 -0.0000
vn 0.9647 -0.2634 -0.0000
vn 0.4295 -0.9029 0.0135
vn 0.5586 -0.8295 -0.0000
vn 0.7377 -0.6751 -0.0000
vn -0.0312 -0.9994 0.0135
vn 0.1177 -0.9930 -0.0000
vn 0.3476 -0.9376 -0.0000
vn -0.4850 -0.8744 0.0135
vn -0.3491 -0.9371 -0.0000
vn -0.1193 -0.9929 -0.0000
vn -0.8314 -0.5556 0.0134
vn -0.7388 -0.6740 -0.0000
vn -0.5599 -0.8286 -0.0000
vn -0.9853 -0.1707 0.0076
vn -0.9650 -0.2624 -0.0022
vn -0.8666 -0.4990 0.0032
vn -0.9712 0.2382 -0.0000
vn -0.9931 0.1173 0.0027
vn -0.9999 -0.0138 -0.0034
vn -0.9656 0.1786 0.1888
vn -0.8176 0.2005 0.5397
vn -0.9794 0.0648 0.1913
vn -0.8246 0.1525 0.5448
vn -0.5550 0.1026 0.8255
vn -0.3639 0.0673 0.9290
vn -0.1959 0.0335 0.9801
vn -0.1755 0.0324 0.9840
vn -0.9144 0.3673 0.1704
vn -0.9113 0.3644 0.1915
vn -0.7739 0.3130 0.5505
vn -0.7887 0.3161 0.5274
vn -0.5182 0.2088 0.8294
vn -0.5173 0.2085 0.8300
vn -0.3393 0.1362 0.9308
vn -0.1628 0.0666 0.9844
vn -0.1753 0.0704 0.9820
vn -0.0956 -0.9954 -0.0000
vn -0.5640 0.5909 0.5768
vn -0.2140 -0.9701 0.1148
vn -0.2643 -0.9528 0.1495
vn -0.2139 -0.9743 0.0707
vn -0.4458 -0.8329 0.3278
vn -0.5398 -0.7496 0.3831
vn -0.5391 0.6654 0.5164
vn -0.6551 0.4875 0.5772
vn -0.6916 0.3670 0.6221
vn -0.7670 0.0784 0.6369
vn -0.7635 0.0310 0.6451
vn -0.7434 -0.2739 0.6102
vn -0.7382 -0.2915 0.6083
vn -0.6820 -0.5000 0.5338
vn -0.5186 0.7014 0.4889
vn -0.5811 0.6110 0.5376
vn -0.5537 0.6055 0.5716
vn -0.6653 0.3645 0.6515
vn -0.6690 0.3452 0.6582
vn -0.7271 0.0608 0.6838
vn -0.7328 0.0281 0.6798
vn -0.7299 -0.1158 0.6736
vn -0.7115 -0.2939 0.6383
vn -0.7058 -0.3135 0.6353
vn -0.6355 -0.5826 0.5066
vn -0.6223 -0.5838 0.5215
vn -0.6350 -0.5481 0.5444
vn -0.2057 -0.9732 0.1031
vn -0.3729 -0.8872 0.2716
vn -0.4444 -0.8331 0.3294
vn -0.4844 -0.7868 0.3826
vn -0.5599 -0.6862 0.4644
vn -0.7729 0.5222 0.3604
vn -0.8100 0.4217 0.4075
vn -0.7820 0.4739 0.4049
vn -0.8892 0.1404 0.4355
vn -0.8935 0.0376 0.4474
vn -0.8827 -0.2233 0.4135
vn -0.8626 -0.2997 0.4075
vn -0.7559 -0.5572 0.3438
vn -0.7822 -0.5146 0.3511
vn -0.5269 -0.8182 0.2302
vn -0.6079 -0.7530 0.2521
vn -0.2415 -0.9682 0.0650
vn -0.5377 -0.8173 0.2072
vn -0.4383 -0.8868 0.1466
vn -0.2267 -0.9719 0.0626
vn -0.8779 0.2991 0.3739
vn -0.9113 0.0272 0.4108
vn -0.9147 0.1427 0.3780
vn -0.9021 -0.2062 0.3791
vn -0.8980 -0.2218 0.3801
vn -0.8172 -0.4841 0.3126
vn -0.7714 -0.5558 0.3100
vn -0.7052 -0.6548 0.2719
vn -0.6144 -0.7564 0.2246
vn -0.2907 -0.9518 0.0979
vn -0.2402 -0.9672 0.0824
vn -0.2472 -0.9665 0.0696
vn -0.5378 -0.8173 0.2068
vn -0.5379 -0.8173 0.2069
vn -0.7667 -0.5562 0.3206
vn -0.7667 -0.5562 0.3207
vn -0.8930 -0.2223 0.3912
vn -0.8931 -0.2222 0.3912
vn -0.9012 0.1415 0.4096
vn -0.8037 0.4591 0.3785
vn -0.7879 0.5003 0.3590
vn -0.5323 -0.5880 0.6090
vn -0.7499 0.5654 0.3436
vn -0.7351 0.5528 0.3925
vn -0.7865 0.4870 0.3799
vn -0.2214 -0.9620 0.1599
vn -0.1709 -0.9481 0.2683
vn -0.2874 -0.8385 0.4628
vn -0.2353 -0.2693 0.9339
vn -0.2087 -0.8642 0.4578
vn -0.1578 -0.8089 0.5664
vn -0.2560 -0.6205 0.7412
vn -0.1122 -0.6869 0.7181
vn -0.1543 -0.5116 0.8453
vn -0.0733 -0.4301 0.8998
vn -0.1364 -0.3261 0.9354
vn -0.5516 0.0892 0.8294
vn -0.6621 0.2823 0.6942
vn -0.6846 0.4631 0.5629
vn -0.6924 0.3650 0.6224
vn -0.7188 0.5394 0.4386
vn -0.7132 0.5762 0.3992
vn -0.7195 0.6131 0.3261
vn -0.6578 0.0879 0.7481
vn -0.5779 0.1550 0.8012
vn -0.5877 0.1914 0.7861
vn -0.7381 0.5788 0.3467
vn -0.7528 0.5382 0.3789
vn -0.7526 0.4058 0.5185
vn -0.7591 0.3086 0.5732
vn -0.7132 0.1666 0.6809
vn -0.6461 -0.1134 0.7548
vn -0.4194 -0.8865 0.1957
vn -0.5841 -0.7553 0.2972
vn -0.3372 -0.6973 0.6325
vn -0.4116 -0.8057 0.4259
vn -0.3629 -0.7815 0.5074
vn -0.3921 -0.7152 0.5786
vn -0.3478 -0.6862 0.6389
vn -0.3720 -0.6054 0.7036
vn -0.3002 -0.5488 0.7802
vn -0.3675 -0.3824 0.8477
vn -0.2592 -0.2801 0.9243
vn -0.3093 -0.1579 0.9378
vn -0.2014 -0.9706 0.1317
vn -0.4388 -0.8704 0.2234
vn -0.3780 -0.8556 0.3536
vn -0.3282 -0.8885 0.3207
vn -0.6587 -0.6451 0.3872
vn -0.6545 -0.6516 0.3835
vn -0.7891 -0.3919 0.4731
vn -0.7668 -0.4844 0.4212
vn -0.8821 -0.1096 0.4581
vn -0.8787 -0.2083 0.4296
vn -0.8720 0.1888 0.4517
vn -0.9096 0.0270 0.4145
vn -0.7823 0.4885 0.3864
vn -0.8841 0.3003 0.3580
vn -0.7803 0.5239 0.3417
vn -0.7532 0.5376 0.3791
vn -0.8392 0.2022 0.5048
vn -0.7841 0.3862 0.4859
vn -0.8025 -0.0746 0.5920
vn -0.7874 0.1180 0.6050
vn -0.6935 -0.3486 0.6306
vn -0.7173 -0.1642 0.6772
vn -0.6111 -0.4446 0.6549
vn -0.4879 -0.3529 0.7984
vn -0.5318 -0.1629 0.8311
vn -0.4298 -0.0717 0.9000
vn -0.4407 -0.0427 0.8966
vn -0.8798 0.4056 0.2478
vn -0.7802 0.5454 0.3064
vn -0.7793 0.5492 0.3016
vn -0.7423 0.5134 0.4306
vn -0.7096 0.4360 0.5535
vn -0.7029 0.3762 0.6036
vn -0.6049 0.3436 0.7183
vn -0.4988 0.1433 0.8548
vn -0.5065 0.1587 0.8475
vn -0.3400 0.0523 0.9390
vn -0.0396 -0.2438 0.9690
vn -0.2049 -0.0924 0.9744
vn -0.0558 -0.1283 0.9902
vn -0.2936 -0.1437 0.9451
vn -0.1373 -0.1845 0.9732
vn -0.8661 0.4575 0.2014
vn -0.7625 0.3234 0.5603
vn -0.7276 0.3384 0.5967
vn -0.4684 0.1070 0.8770
vn -0.5409 0.2396 0.8062
vn -0.1696 -0.0010 0.9855
vn -0.9098 0.3784 0.1709
vn -0.9108 0.3681 0.1871
vn -0.9023 0.3919 0.1796
vn -0.8064 0.2712 0.5255
vn -0.7722 0.3037 0.5581
vn -0.5450 0.1363 0.8273
vn -0.5013 0.1705 0.8483
vn -0.2040 -0.0066 0.9789
vn -0.1351 0.0406 0.9900
vn -0.0028 -0.0289 0.9996
vn -0.0093 -0.0862 0.9962
vn -0.0698 -0.6005 0.7966
vn -0.0396 -0.4423 0.8960
vn -0.0229 -0.1938 0.9808
vn -0.0347 -0.2506 0.9675
vn -0.0198 -0.1638 0.9863
vn -0.0572 -0.5526 0.8315
vn -0.0738 -0.8282 0.5555
vn -0.0853 -0.7718 0.6301
vn -0.0937 -0.9763 0.1951
vn -0.1156 -0.9883 0.0998
vn -0.0851 -0.9416 0.3258
vn -0.4586 0.8681 0.1900
vn -0.0646 -0.1896 0.9797
vn -0.0936 0.1771 0.9797
vn -0.1631 0.1163 0.9797
vn -0.1979 0.0307 0.9797
vn -0.1906 -0.0614 0.9797
vn -0.1428 -0.1404 0.9797
vn -0.2644 0.5005 0.8244
vn -0.2644 0.5005 0.8243
vn -0.4609 0.3286 0.8244
vn -0.5594 0.0868 0.8243
vn -0.5594 0.0868 0.8244
vn -0.5388 -0.1735 0.8244
vn -0.5388 -0.1735 0.8243
vn -0.3917 0.7413 0.5451
vn -0.3916 0.7413 0.5451
vn -0.6827 0.4867 0.5451
vn -0.8285 0.1285 0.5451
vn -0.7980 -0.2570 0.5451
vn -0.1826 -0.5358 0.8243
vn -0.1826 -0.5358 0.8244
vn -0.2704 -0.7936 0.5451
vn -0.3167 -0.9293 0.1900
vn -0.4037 -0.3969 0.8243
vn -0.5978 -0.5878 0.5451
vn -0.6822 -0.6708 0.2910
vn -0.6837 -0.7043 0.1910
vn -0.7858 0.5882 0.1910
vn -0.7790 0.5554 0.2910
vn -0.8996 0.3908 0.1950
vn -0.9702 0.1505 0.1900
vn -0.9345 -0.3009 0.1900
vn -0.8270 -0.5272 0.1951
vn -0.2502 0.9664 0.0594
vn -0.2488 0.9487 0.1951
vn -0.2427 0.9370 0.2511
vn -0.2219 0.8573 0.4646
vn -0.2119 0.8040 0.5556
vn -0.1945 0.7514 0.6306
vn -0.1393 0.5378 0.8315
vn -0.1551 0.5820 0.7983
vn -0.0824 0.3275 0.9413
vn -0.0525 0.1879 0.9808
vn -0.0230 0.0888 0.9958
vn -0.6213 0.3626 0.6946
vn -0.9402 0.2872 0.1834
vn -0.5947 0.7876 0.1617
vn -0.9931 0.0736 0.0911
vn -0.9871 0.1055 0.1205
vn -0.8353 0.0555 0.5470
vn -0.5810 0.0376 0.8130
vn -0.5365 0.0888 0.8392
vn -0.3295 0.3274 0.8856
vn -0.2795 0.4112 0.8676
vn -0.3656 0.5911 0.7190
vn -0.2578 0.5747 0.7767
vn -0.2639 0.7413 0.6171
vn -0.0971 0.8088 0.5800
vn -0.3143 0.8365 0.4489
vn -0.4250 0.9035 0.0544
vn -0.7486 0.6527 0.1166
vn -0.9992 0.0405 0.0024
vn -0.9749 0.2136 0.0632
vn -0.9374 0.3447 0.0498
vn -0.8844 0.4572 0.0933
vn -0.7204 0.6780 0.1458
vn -0.7174 0.5626 0.4109
vn -0.6788 0.6077 0.4123
vn -0.6831 0.4308 0.5897
vn -0.8080 0.3582 0.4678
vn -0.9171 0.1976 0.3463
vn -0.9186 0.3148 0.2389
vn -0.9975 0.0625 0.0325
vn -0.9864 0.1527 0.0611
vn -0.1741 0.0986 0.9798
vn -0.2251 0.0524 0.9729
vn -0.2311 0.2365 0.9438
vn -0.5829 0.2286 0.7797
vn -0.6193 0.1826 0.7636
vn -0.7466 0.1690 0.6434
vn -0.3227 0.9147 0.2432
vn -0.3157 0.9160 0.2477
vn -0.4811 0.8582 0.1792
vn -0.4781 0.7251 0.4956
vn -0.4332 0.7345 0.5224
vn -0.4331 0.5468 0.7166
vn -0.6554 0.4738 0.5882
vn -0.6538 0.3163 0.6874
vn -0.8829 0.2219 0.4139
vn -0.8802 0.0630 0.4705
vn -0.9858 0.0468 0.1610
vn -0.9343 0.0329 0.3550
vn -0.9835 0.0433 0.1757
vn -1.0000 0.0085 -0.0000
vn -1.0000 0.0084 -0.0000
vn -0.1758 0.0015 0.9844
vn -0.1962 0.0025 0.9806
vn -0.5585 0.0037 0.8295
vn -0.5391 0.0047 0.8422
vn -0.9814 0.0083 0.1916
vn -0.9844 0.0090 0.1758
vn -0.8347 0.0063 0.5507
vn -0.9345 0.0179 0.3555
vn -0.8367 0.0070 0.5476
vn -0.9279 0.3728 -0.0000
vn -0.9077 0.4195 -0.0105
vn -0.9162 0.4004 -0.0186
vn -0.9171 0.3983 -0.0197
vn -0.8982 0.4395 -0.0060
vn -0.9172 0.3978 -0.0206
vn -0.9203 0.3905 -0.0240
vn -0.8788 0.4773 -0.0004
vn -0.8800 0.4749 -0.0013
vn -0.8928 0.4504 -0.0030
vn -0.8803 0.4745 0.0023
vn -0.8800 0.4749 -0.0014
vn -0.7430 0.6536 0.1439
vn -0.7989 0.6009 0.0262
vn -0.8567 0.5158 0.0011
vn -0.8500 0.5243 0.0513
vn -0.8566 0.5101 0.0769
vn -0.8780 0.4767 0.0430
vn -0.8437 0.5346 0.0484
vn -0.8348 0.5490 0.0426
vn -0.8520 0.5230 0.0227
vn -0.8179 0.5744 0.0324
vn -0.8170 0.5761 0.0240
vn -0.8131 0.5817 0.0223
vn -0.8149 0.5792 0.0209
vn -0.8301 0.5575 0.0111
vn -0.8206 0.5716 0.0005
vn -0.8281 0.5605 0.0060
vn -0.8293 0.5588 0.0056
vn -0.8390 0.5440 0.0140
vn -0.8413 0.5378 0.0554
vn -0.7729 0.6237 0.1169
vn -0.7524 0.6511 0.1002
vn -0.0690 0.9428 0.3262
vn -0.8246 0.5649 0.0287
vn -0.7770 0.5982 0.1962
vn -0.8167 0.5623 0.1297
vn -0.8521 0.5173 0.0792
vn -0.8146 0.5692 0.1117
vn -0.7840 0.6067 0.1313
vn -0.7253 0.6536 0.2164
vn -0.7121 0.6536 0.2561
vn -0.7123 0.6535 0.2561
vn -0.7307 0.6336 0.2542
vn -0.7238 0.6230 0.2964
vn -0.7244 0.6234 0.2944
vn -0.7234 0.6232 0.2972
vn -0.7193 0.6236 0.3062
vn -0.7032 0.6304 0.3287
vn -0.7324 0.5664 0.3777
vn -0.7348 0.5627 0.3787
vn -0.6737 0.6509 0.3500
vn -0.7110 0.6735 0.2022
vn -0.7431 0.6312 0.2224
vn -0.7406 0.6506 0.1676
vn -0.7504 0.6583 0.0601
vn -0.7070 0.7054 0.0507
vn -0.7359 0.6604 0.1491
vn -0.7569 0.6334 0.1610
vn -0.7300 0.6750 0.1068
vn -0.8044 0.5839 0.1094
vn -0.7402 0.6673 0.0822
vn -0.3067 0.4754 0.8246
vn -0.6051 0.7837 0.1401
vn -0.5950 0.7758 0.2100
vn -0.6120 0.7908 0.0012
vn -0.6098 0.7925 0.0004
vn -0.6035 0.7829 0.1515
vn -0.6108 0.7915 0.0212
vn -0.6100 0.7923 0.0118
vn -0.6105 0.7916 0.0258
vn -0.6106 0.7913 0.0310
vn -0.6106 0.7912 0.0342
vn -0.6097 0.7872 0.0928
vn -0.6072 0.7926 0.0558
vn -0.6076 0.7886 0.0944
vn -0.5953 0.7763 0.2074
vn -0.5783 0.7565 0.3054
vn -0.5647 0.7469 0.3511
vn -0.5581 0.7393 0.3768
vn -0.5201 0.6973 0.4933
vn -0.5306 0.7132 0.4581
vn -0.4144 0.5959 0.6879
vn -0.3900 0.5643 0.7276
vn -0.4666 0.6472 0.6029
vn -0.4554 0.6318 0.6273
vn -0.3963 0.5741 0.7165
vn -0.3786 0.5533 0.7419
vn -0.3573 0.5296 0.7693
vn -0.3342 0.5132 0.7906
vn -0.3029 0.4682 0.8301
vn -0.3522 0.5240 0.7755
vn -0.0382 0.4782 0.8774
vn -0.2148 0.3619 0.9071
vn -0.2461 0.4448 0.8612
vn -0.2286 0.3794 0.8966
vn -0.2250 0.3720 0.9005
vn -0.2235 0.3708 0.9014
vn -0.3621 0.7200 0.5920
vn -0.5029 0.8398 0.2046
vn -0.5634 0.7352 0.3769
vn -0.5649 0.7667 0.3050
vn -0.4653 0.8221 0.3281
vn -0.6557 0.7134 0.2474
vn -0.5963 0.6584 0.4593
vn -0.5683 0.6877 0.4518
vn -0.4660 0.6725 0.5750
vn -0.7040 0.6250 0.3373
vn -0.4587 0.7690 0.4452
vn -0.4422 0.7774 0.4473
vn -0.4996 0.6880 0.5264
vn -0.4818 0.6549 0.5822
vn -0.1939 0.3347 0.9221
vn -0.1401 0.4042 0.9039
vn -0.5977 0.2249 0.7695
vn -0.5747 -0.7665 0.2867
vn -0.6018 0.2592 0.7554
vn -0.4955 0.4240 0.7581
vn -0.5367 0.3405 0.7720
vn -0.4242 0.4348 0.7944
vn -0.4643 0.3767 0.8016
vn -0.1460 0.5718 0.8073
vn -0.4240 0.3101 0.8509
vn -0.8376 0.1844 0.5142
vn -0.6881 0.2393 0.6851
vn -0.5100 0.3013 0.8057
vn -0.9874 -0.0659 0.1442
vn -0.8170 0.1887 0.5450
vn -0.9472 0.1062 0.3025
vn -0.9386 0.1178 0.3243
vn -0.9999 -0.0140 -0.0059
vn -0.9890 0.0654 0.1330
vn -0.7601 -0.6496 -0.0160
vn -0.2239 -0.9709 0.0846
vn -0.1675 -0.9859 -0.0048
vn -0.4498 -0.8427 0.2959
vn -0.6888 -0.4022 0.6031
vn -0.5684 -0.6852 0.4555
vn -0.5844 -0.6605 0.4714
vn -0.5034 -0.7843 0.3626
vn -0.3955 -0.8843 0.2482
vn -0.5282 0.5876 0.6129
vn -0.6322 0.3419 0.6953
vn -0.5970 0.4738 0.6474
vn -0.6938 0.0578 0.7178
vn -0.6845 0.2052 0.6996
vn -0.7107 -0.1177 0.6936
vn -0.7115 -0.1023 0.6952
vn -0.7016 -0.3138 0.6397
vn -0.6259 -0.5491 0.5538
vn -0.7107 -0.6345 0.3040
vn -0.4540 0.4654 0.7598
vn -0.6688 0.1350 0.7311
vn -0.6213 0.2494 0.7428
vn -0.7764 -0.1378 0.6150
vn -0.7562 -0.0215 0.6540
vn -0.8078 -0.3901 0.4420
vn -0.8170 -0.2827 0.5025
vn -0.7690 -0.5917 0.2418
vn -0.8053 -0.5014 0.3164
vn -0.6546 -0.7195 0.2318
vn -0.7705 -0.4171 0.4821
vn -0.7389 -0.5241 0.4236
vn -0.7654 -0.1456 0.6268
vn -0.7625 -0.2664 0.5895
vn -0.6868 0.1476 0.7117
vn -0.7128 0.0242 0.7009
vn -0.5294 0.4471 0.7210
vn -0.5917 0.3041 0.7466
vn -0.5670 0.3543 0.7436
vn -0.4783 0.5176 0.7094
vn -0.8942 -0.4285 0.1294
vn -0.8798 -0.4718 -0.0571
vn -0.9285 -0.2629 0.2621
vn -0.9125 -0.2075 0.3526
vn -0.8708 -0.0902 0.4833
vn -0.8267 -0.0298 0.5618
vn -0.7300 0.1051 0.6753
vn -0.6595 0.1648 0.7334
vn -0.4283 0.3616 0.8281
vn -0.4141 0.3221 0.8513
vn -0.2099 0.4210 0.8824
vn -0.9367 -0.1240 0.3275
vn -0.9640 -0.2603 -0.0539
vn -0.9566 -0.0789 0.2807
vn -0.9305 -0.0430 0.3636
vn -0.8566 0.0562 0.5129
vn -0.8058 0.0919 0.5849
vn -0.6712 0.1976 0.7145
vn -0.5983 0.2295 0.7678
vn -0.3695 0.3446 0.8630
vn -0.3314 0.3209 0.8872
vn -0.2863 0.3231 0.9020
vn -0.3524 0.3883 0.8515
vn -0.4426 0.3358 0.8315
vn -0.5075 0.2857 0.8129
vn -0.5314 0.3234 0.7829
vn -0.7129 0.0774 0.6970
vn -0.7707 -0.0061 0.6372
vn -0.8292 -0.1584 0.5361
vn -0.8579 -0.2382 0.4553
vn -0.8677 -0.3638 0.3387
vn -0.8672 -0.4331 0.2456
vn -0.8537 -0.4894 0.1782
vn -0.6655 -0.7462 0.0199
vn -0.7714 -0.5475 0.3243
vn -0.4953 -0.8687 -0.0036
vn -0.5251 -0.8244 0.2111
vn -0.5926 -0.7492 0.2958
vn -0.5201 -0.8239 0.2252
vn -0.6956 -0.5445 0.4686
vn -0.6438 -0.6450 0.4116
vn -0.7438 -0.2751 0.6092
vn -0.7184 -0.3944 0.5730
vn -0.7216 0.0282 0.6917
vn -0.7252 -0.0989 0.6814
vn -0.6323 0.3222 0.7045
vn -0.6631 0.1999 0.7214
vn -0.5065 0.5540 0.6607
vn -0.5525 0.4631 0.6930
vn -0.4934 0.5615 0.6643
vn -0.4741 0.6655 0.5764
vn -0.1361 -0.9907 -0.0000
vn -0.3225 -0.9464 0.0201
vn -0.9909 -0.1344 0.0001
vn -0.9459 -0.3241 0.0121
vn -0.9518 -0.3065 0.0074
vn -0.8575 -0.5145 -0.0009
vn -0.8432 -0.5375 -0.0001
vn -0.7686 -0.6397 0.0002
vn -0.6965 -0.7174 0.0160
vn -0.5786 -0.8156 -0.0081
vn -0.3336 -0.9426 0.0143
vn -0.9999 0.0141 -0.0001
vn -0.9881 0.1533 0.0136
vn -0.9680 0.2511 -0.0009
vn -0.9172 0.3985 0.0001
vn -0.8687 0.4954 -0.0018
vn -0.8005 0.5992 0.0108
vn -0.7321 0.6812 -0.0004
vn -0.6059 0.7956 0.0003
vn -0.4671 0.8841 0.0104
vn -0.4100 0.9121 -0.0000
vn -0.5071 0.3267 0.7975
vn -0.2880 0.3076 0.9069
vn -0.2765 0.3108 0.9094
vn -0.2991 0.3095 0.9026
vn -0.2943 0.3259 0.8985
vn -0.2376 0.3211 0.9168
vn -0.2521 0.3252 0.9114
vn -0.2411 0.3403 0.9089
vn -0.2016 0.3255 0.9238
vn -0.2327 0.3710 0.8990
vn -0.1784 0.3424 0.9225
vn -0.1861 0.3711 0.9097
vn -0.4081 0.9008 0.1482
vn -0.4088 0.8992 0.1561
vn -0.9223 0.2673 0.2792
vn -0.5907 0.7900 0.1640
vn -0.6957 0.7049 -0.1380
vn -0.7129 0.6857 0.1466
vn -0.8641 0.4700 0.1802
vn -0.8566 0.4246 -0.2930
vn -0.8640 0.3032 0.4021
vn -0.9603 0.2699 0.0706
vn -0.2884 0.5970 0.7486
vn -0.2850 0.5918 0.7540
vn -0.4011 0.5138 0.7584
vn -0.4200 0.5253 0.7400
vn -0.4999 0.4176 0.7587
vn -0.5505 0.4234 0.7195
vn -0.5798 0.3308 0.7446
vn -0.6826 0.2950 0.6686
vn -0.3727 0.8007 0.4690
vn -0.3702 0.7976 0.4762
vn -0.5737 0.6611 0.4836
vn -0.5873 0.6663 0.4595
vn -0.7290 0.4762 0.4918
vn -0.7644 0.4716 0.4397
vn -0.8219 0.2973 0.4859
vn -0.8258 0.2951 0.4807
vn -0.1567 0.2892 0.9444
vn -0.1681 0.3551 0.9196
vn -0.1798 0.4030 0.8973
vn -0.1780 0.3535 0.9184
vn -0.2116 0.5810 0.7859
vn -0.2245 0.6084 0.7612
vn -0.2573 0.8190 0.5128
vn -0.2289 0.7765 0.5871
vn -0.2604 0.9518 0.1622
vn -0.1701 0.3753 0.9112
vn -0.2299 0.6137 0.7553
vn -0.2108 0.5812 0.7860
vn -0.2632 0.8359 0.4817
vn -0.2521 0.8204 0.5132
vn -0.2640 0.9485 0.1751
vn -0.2930 0.9427 0.1599
vn -0.2636 0.9301 0.2558
vn -0.2506 0.9681 -0.0000
vn -0.2505 0.9681 0.0014
vn -0.2507 0.9681 -0.0005
vn -0.2506 0.9681 0.0001
vn -0.2507 0.9681 -0.0001
vn -0.3358 0.9341 0.1209
vn -0.3713 0.9045 0.2099
vn -0.4921 0.7950 0.3546
vn -0.5371 0.7076 0.4592
vn -0.5962 0.5698 0.5656
vn -0.6020 0.5228 0.6035
vn -0.6420 0.2938 0.7082
vn -0.3364 0.9340 0.1201
vn -0.4886 0.7960 0.3574
vn -0.6398 0.3134 0.7018
vn -0.6343 0.3148 0.7061
vn -0.6338 0.3053 0.7107
vn -0.6346 0.3200 0.7035
vn -0.6333 0.3203 0.7045
vn -0.5916 0.5709 0.5692
vn -0.5916 0.5710 0.5692
vn -0.4860 0.7966 0.3594
vn -0.4860 0.7967 0.3594
vn -0.3354 0.9343 0.1204
vn -0.3375 0.9335 0.1214
vn -0.6408 0.1664 0.7494
vn -0.6341 0.1777 0.7525
vn -0.6326 0.1416 0.7614
vn -0.6346 0.2061 0.7448
vn -0.6470 0.1455 0.7485
vn -0.6464 0.1455 0.7490
vn -0.6469 0.1455 0.7486
vn -0.6309 0.1110 0.7679
vn -0.6410 0.1310 0.7563
vn -0.6526 0.1193 0.7483
vn -0.6469 0.1308 0.7513
vn -0.6333 0.0983 0.7676
vn -0.6283 0.1040 0.7710
vn -0.6174 0.0907 0.7814
vn -0.5963 0.0857 0.7981
vn -0.6125 0.0709 0.7873
vn -0.6143 0.0852 0.7845
vn -0.5992 0.0811 0.7965
vn -0.6000 0.0798 0.7960
vn -0.6086 0.0548 0.7916
vn -0.5925 0.0735 0.8022
vn -0.5930 0.0726 0.8019
vn -0.6077 0.0404 0.7931
vn -0.5821 0.0631 0.8107
vn -0.5829 0.0623 0.8102
vn -0.5824 0.0630 0.8104
vn -0.5815 0.0654 0.8109
vn -0.5801 0.0700 0.8115
vn -0.5786 0.0770 0.8120
vn -0.5784 0.0785 0.8120
vn -0.5794 0.0235 0.8147
vn -0.5687 0.0659 0.8199
vn -0.5664 0.0142 0.8240
vn -0.5660 0.0034 0.8244
vn -0.5553 0.0509 0.8301
vn -0.5599 -0.0144 0.8284
vn -0.5470 0.0370 0.8363
vn -0.5484 -0.0343 0.8355
vn -0.5331 0.0213 0.8458
vn -0.5361 -0.0027 0.8441
vn -0.5232 -0.0531 0.8506
vn -0.5268 -0.0259 0.8496
vn -0.5156 -0.0780 0.8533
vn -0.5119 -0.0453 0.8579
vn -0.5031 -0.1035 0.8580
vn -0.5048 -0.0685 0.8605
vn -0.5037 -0.0764 0.8605
vn -0.4965 -0.1190 0.8599
vn -0.4972 -0.0966 0.8622
vn -0.4893 -0.1221 0.8635
vn -0.4814 -0.1425 0.8648
vn -0.4787 -0.1566 0.8639
vn -0.4700 -0.1713 0.8659
vn -0.1165 0.2223 0.9680
vn -0.0132 0.0867 0.9961
vn 0.0471 0.0190 0.9987
vn 0.0461 0.0197 0.9987
vn 0.0435 0.0215 0.9988
vn 0.0402 0.0233 0.9989
vn 0.0358 0.0249 0.9990
vn 0.0291 0.0387 0.9988
vn 0.0295 0.0407 0.9987
vn 0.0377 0.0264 0.9989
vn -0.0005 0.0659 0.9978
vn -0.0010 0.0696 0.9976
vn 0.0141 0.0510 0.9986
vn -0.0914 0.1938 0.9768
vn -0.0157 0.0950 0.9954
vn -0.0143 0.0846 0.9963
vn -0.0315 0.1103 0.9934
vn -0.0312 0.1153 0.9928
vn -0.0577 0.1388 0.9886
vn -0.0578 0.1355 0.9891
vn -0.0662 0.1776 0.9819
vn -0.0981 0.1455 0.9845
vn -0.0920 0.1802 0.9793
vn 0.0318 0.0244 0.9992
vn 0.0336 0.0267 0.9991
vn 0.0213 0.0345 0.9992
vn 0.0183 0.0391 0.9991
vn 0.0209 0.0531 0.9984
vn 0.0187 0.0272 0.9995
vn 0.0435 -0.0033 0.9990
vn 0.0262 0.0221 0.9994
vn 0.0210 0.0258 0.9994
vn 0.0142 0.0289 0.9995
vn 0.0053 0.0313 0.9995
vn -0.0267 0.0380 0.9989
vn 0.0466 -0.0013 0.9989
vn 0.1099 -0.2127 0.9709
vn 0.1302 -0.3222 0.9377
vn 0.0470 0.0117 0.9988
vn 0.0484 0.0129 0.9987
vn 0.0320 0.0131 0.9994
vn 0.0471 0.0089 0.9988
vn 0.0405 0.0106 0.9991
vn 0.0445 0.0106 0.9990
vn 0.0330 0.0080 0.9994
vn 0.0427 -0.0236 0.9988
vn 0.0343 0.0063 0.9994
vn 0.0386 -0.0004 0.9993
vn 0.0326 -0.0059 0.9995
vn 0.0467 -0.0095 0.9989
vn 0.0686 -0.0550 0.9961
vn 0.0714 -0.0563 0.9959
vn 0.1115 -0.1084 0.9878
vn 0.1112 -0.1082 0.9879
vn 0.2115 -0.2505 0.9447
vn 0.2203 -0.2546 0.9416
vn 0.2934 -0.3729 0.8803
vn 0.2935 -0.3739 0.8798
vn 0.2694 -0.3193 0.9086
vn 0.4470 -0.5815 0.6797
vn 0.4228 -0.5232 0.7400
vn 0.3810 -0.4764 0.7924
vn 0.3792 -0.4714 0.7963
vn 0.3454 -0.4203 0.8391
vn 0.5595 -0.7384 0.3765
vn 0.5581 -0.7015 0.4433
vn 0.5252 -0.6750 0.5182
vn 0.5091 -0.6324 0.5839
vn 0.4863 -0.6180 0.6177
vn 0.4407 -0.5468 0.7119
vn 0.5923 -0.7825 0.1922
vn 0.5915 -0.7596 0.2703
vn 0.5797 -0.7437 0.3329
vn 0.3343 -0.9011 0.2763
vn 0.3511 -0.9065 0.2344
vn 0.3516 -0.9065 0.2336
vn 0.3365 -0.9241 0.1815
vn 0.3524 -0.9285 0.1167
vn 0.3469 -0.9315 0.1091
vn 0.3447 -0.9363 0.0670
vn 0.3869 -0.8565 0.3416
vn 0.3257 -0.8745 0.3593
vn 0.3600 -0.8327 0.4207
vn 0.3282 -0.8614 0.3876
vn 0.3105 -0.8135 0.4918
vn 0.3160 -0.7628 0.5641
vn 0.3185 -0.7599 0.5667
vn 0.2809 -0.7151 0.6401
vn 0.2758 -0.6116 0.7416
vn 0.2624 -0.6467 0.7162
vn 0.2726 -0.6935 0.6669
vn 0.1958 -0.4502 0.8712
vn 0.2278 -0.4767 0.8490
vn 0.1890 -0.4560 0.8697
vn 0.2132 -0.5323 0.8193
vn 0.2301 -0.5741 0.7858
vn 0.0942 -0.1412 0.9855
vn 0.0930 -0.1445 0.9851
vn 0.1037 -0.1959 0.9751
vn 0.1347 -0.2270 0.9645
vn 0.1039 -0.2691 0.9575
vn 0.2522 -0.3704 0.8940
vn 0.0742 -0.0188 0.9971
vn 0.0749 -0.0185 0.9970
vn 0.0599 -0.0399 0.9974
vn 0.0755 -0.0756 0.9943
vn 0.0792 -0.0734 0.9942
vn 0.0797 -0.1154 0.9901
vn 0.5879 -0.8082 0.0354
vn 0.5823 -0.8127 0.0207
vn 0.5794 -0.8076 0.1099
vn 0.5793 -0.8077 0.1096
vn 0.5692 -0.7919 0.2212
vn 0.2066 -0.2530 0.9452
vn 0.2062 -0.2601 0.9433
vn 0.2904 -0.3745 0.8806
vn 0.2900 -0.3829 0.8771
vn 0.3652 -0.4856 0.7943
vn 0.3670 -0.4930 0.7889
vn 0.4168 -0.5614 0.7149
vn 0.4182 -0.5679 0.7089
vn 0.4645 -0.6319 0.6204
vn 0.4654 -0.6371 0.6145
vn 0.5031 -0.6897 0.5207
vn 0.5034 -0.6933 0.5156
vn 0.5433 -0.7497 0.3780
vn 0.1650 -0.1720 0.9712
vn 0.1477 -0.1640 0.9753
vn 0.1471 -0.1726 0.9739
vn 0.1380 -0.1765 0.9746
vn 0.1978 -0.2639 0.9441
vn 0.1969 -0.2714 0.9421
vn 0.2769 -0.3892 0.8786
vn 0.2759 -0.3975 0.8751
vn 0.3471 -0.5031 0.7914
vn 0.3484 -0.5101 0.7864
vn 0.3954 -0.5803 0.7120
vn 0.3963 -0.5864 0.7064
vn 0.4397 -0.6517 0.6180
vn 0.4402 -0.6565 0.6126
vn 0.4755 -0.7101 0.5193
vn 0.5500 -0.8346 0.0301
vn 0.5488 -0.8355 0.0275
vn 0.5461 -0.8303 0.1112
vn 0.5461 -0.8303 0.1111
vn 0.5367 -0.8138 0.2229
vn 0.5370 -0.8134 0.2236
vn 0.5117 -0.7727 0.3758
vn 0.5078 -0.8611 0.0257
vn 0.5120 -0.8583 0.0328
vn 0.5097 -0.8530 0.1125
vn 0.5097 -0.8529 0.1127
vn 0.5009 -0.8357 0.2249
vn 0.5014 -0.8352 0.2258
vn 0.4779 -0.7933 0.3772
vn 0.4790 -0.7914 0.3798
vn 0.4287 -0.7057 0.5641
vn 0.2427 -0.4257 0.8717
vn 0.2448 -0.4172 0.8752
vn 0.1753 -0.2945 0.9395
vn 0.1774 -0.2859 0.9417
vn 0.1245 -0.1936 0.9731
vn 0.4615 -0.8869 0.0224
vn 0.4722 -0.8807 0.0364
vn 0.4701 -0.8753 0.1137
vn 0.4704 -0.8751 0.1142
vn 0.4623 -0.8572 0.2271
vn 0.4629 -0.8565 0.2283
vn 0.4414 -0.8133 0.3791
vn 0.4427 -0.8114 0.3817
vn 0.3966 -0.7240 0.5643
vn 0.3986 -0.7196 0.5686
vn 0.3242 -0.5831 0.7449
vn 0.3094 -0.6293 0.7129
vn 0.3040 -0.5359 0.7877
vn 0.1545 -0.3083 0.9386
vn 0.1508 -0.3183 0.9359
vn 0.2078 -0.4436 0.8718
vn 0.2044 -0.4527 0.8679
vn 0.2723 -0.6062 0.7473
vn 0.2692 -0.6133 0.7426
vn 0.3290 -0.7530 0.5698
vn 0.3265 -0.7574 0.5654
vn 0.3633 -0.8478 0.3864
vn 0.3615 -0.8500 0.3832
vn 0.3787 -0.8957 0.2331
vn 0.3775 -0.8967 0.2311
vn 0.3839 -0.9160 0.1166
vn 0.3832 -0.9164 0.1155
vn 0.3848 -0.9222 0.0386
vn 0.3518 -0.9360 0.0151
vn 0.3571 -0.9337 0.0251
vn 0.4113 -0.9113 0.0202
vn 0.4297 -0.9022 0.0384
vn 0.4278 -0.8966 0.1147
vn 0.4283 -0.8962 0.1155
vn 0.4210 -0.8776 0.2292
vn 0.4219 -0.8768 0.2308
vn 0.4024 -0.8323 0.3812
vn 0.4039 -0.8303 0.3840
vn 0.3624 -0.7414 0.5648
vn 0.3646 -0.7370 0.5691
vn 0.2974 -0.5986 0.7438
vn 0.2999 -0.5916 0.7484
vn 0.2239 -0.4393 0.8700
vn 0.2267 -0.4306 0.8736
vn 0.1632 -0.3063 0.9378
vn 0.1661 -0.2970 0.9403
vn 0.1210 -0.2102 0.9701
vn 0.1262 -0.1945 0.9728
vn 0.0964 -0.1407 0.9853
vn 0.0954 -0.1260 0.9874
vn 0.0681 -0.0774 0.9947
vn 0.0732 -0.0628 0.9953
vn 0.0518 -0.0251 0.9983
vn 0.0563 -0.0132 0.9983
vn 0.0493 -0.0009 0.9988
vn 0.0480 0.0124 0.9988
vn 0.0505 0.0119 0.9987
vn 0.0310 0.0091 0.9995
vn 0.0362 0.0116 0.9993
vn 0.0491 -0.0084 0.9988
vn 0.0468 -0.0167 0.9988
vn 0.0712 -0.0539 0.9960
vn 0.0688 -0.0643 0.9956
vn 0.1010 -0.1129 0.9885
vn 0.1029 -0.1237 0.9870
vn 0.1377 -0.1764 0.9746
vn 0.1349 -0.1904 0.9724
vn 0.1880 -0.2748 0.9429
vn 0.1865 -0.2828 0.9409
vn 0.2616 -0.4034 0.8768
vn 0.2601 -0.4117 0.8734
vn 0.3266 -0.5199 0.7893
vn 0.3275 -0.5267 0.7844
vn 0.3712 -0.5983 0.7100
vn 0.3718 -0.6042 0.7048
vn 0.4121 -0.6708 0.6167
vn 0.4130 -0.7458 0.5227
vn 0.4756 -0.7134 0.5146
vn 0.5126 -0.7707 0.3784
vn 0.5424 -0.7517 0.3751
vn 0.5695 -0.7915 0.2218
vn 0.6041 -0.7661 0.2197
vn 0.6062 -0.7878 0.1088
vn 0.6137 -0.7842 0.0917
vn 0.6103 -0.7914 0.0356
vn 0.6163 -0.7872 0.0236
vn 0.8609 0.5087 0.0097
vn 0.8403 0.5409 0.0366
vn 0.9990 0.0443 -0.0000
vn 0.9923 0.1239 0.0051
vn 0.9866 0.1630 0.0102
vn 0.9718 0.2359 0.0008
vn 0.9399 0.3414 -0.0003
vn -0.9887 0.1502 -0.0000
vn -0.9863 0.1647 0.0045
vn -0.9286 0.3711 -0.0017
vn -0.4715 0.8818 0.0125
vn -0.4157 0.8638 0.2846
vn -0.5547 0.8320 0.0045
vn -0.8347 0.5506 -0.0078
vn -0.7989 0.5967 0.0753
vn -0.8731 0.4872 0.0164
vn 0.7142 0.7000 -0.0013
vn 0.6192 0.7852 0.0021
vn 0.4791 0.8723 0.0977
vn 0.3986 0.9170 -0.0161
vn 0.0056 0.9997 0.0241
vn 0.1040 0.8713 0.4795
vn -0.1912 0.9815 -0.0027
vn -0.5638 -0.5829 0.5851
vn -0.6281 -0.7075 0.3240
vn -0.7097 -0.6586 0.2504
vn -0.7303 -0.6048 0.3177
vn -0.7574 -0.6133 0.2242
vn -0.7751 -0.5979 0.2040
vn -0.7808 -0.5955 0.1890
vn -0.5668 -0.3016 0.7666
vn -0.5663 -0.2929 0.7704
vn -0.5316 -0.3974 0.7480
vn -0.5331 -0.3269 0.7804
vn -0.5630 -0.3114 0.7656
vn -0.5724 -0.3363 0.7479
vn -0.5661 -0.3033 0.7666
vn -0.7208 -0.4692 0.5102
vn -0.7208 -0.4693 0.5101
vn -0.6896 -0.5058 0.5183
vn -0.6897 -0.5066 0.5173
vn -0.6076 -0.5768 0.5460
vn -0.5948 -0.6855 0.4199
vn -0.4638 -0.1867 0.8660
vn 0.9877 -0.1564 -0.0000
vn 0.8429 -0.5376 0.0208
vn 0.9056 -0.4241 -0.0026
vn 0.9895 -0.1443 0.0031
vn 0.3065 -0.9519 0.0002
vn 0.4945 -0.8691 0.0131
vn 0.4824 -0.8759 0.0096
vn 0.6562 -0.7546 -0.0000
vn 0.7634 -0.6459 -0.0001
vn 0.1644 -0.9864 0.0001
vn 0.0039 -0.9999 0.0142
vn -0.0827 -0.9966 -0.0000
vn -0.3698 -0.9291 -0.0000
vn -0.4756 -0.8795 0.0137
vn -0.5887 -0.8084 -0.0001
vn -0.9865 -0.1640 -0.0000
vn -0.9965 -0.0809 0.0193
vn -0.9884 -0.1517 0.0095
vn -0.9518 -0.3067 -0.0062
vn -0.8389 -0.5442 0.0134
vn -0.8141 -0.5806 0.0050
vn -0.7005 -0.7137 -0.0000
vn 0.7488 -0.6626 0.0134
vn 0.0630 0.0115 0.9979
vn 0.0389 0.0305 0.9988
vn 0.0430 0.0151 0.9990
vn 0.0390 0.0141 0.9991
vn 0.0480 0.0160 0.9987
vn 0.0353 0.0363 0.9987
vn 0.0353 0.0359 0.9987
vn 0.0357 0.0347 0.9988
vn 0.0931 -0.0228 0.9954
vn 0.0844 -0.0094 0.9964
vn 0.0741 0.0020 0.9972
vn 0.1688 -0.0673 0.9834
vn 0.1580 -0.0560 0.9858
vn 0.1454 -0.0462 0.9883
vn 0.2086 -0.0877 0.9741
vn 0.2400 -0.1122 0.9643
vn 0.2487 -0.1090 0.9624
vn 0.3004 -0.1544 0.9412
vn 0.3172 -0.1714 0.9327
vn 0.3490 -0.1795 0.9198
vn 0.4131 -0.2350 0.8799
vn 0.4494 -0.2478 0.8583
vn 0.5167 -0.3059 0.7996
vn 0.5622 -0.3259 0.7601
vn 0.6189 -0.3761 0.6896
vn 0.6650 -0.3982 0.6318
vn 0.7052 -0.4359 0.5591
vn 0.7422 -0.4536 0.4934
vn 0.7688 -0.4804 0.4221
vn 0.7922 -0.4901 0.3636
vn 0.8090 -0.5086 0.2947
vn 0.8233 -0.5124 0.2443
vn 0.8310 -0.5243 0.1858
vn 0.8401 -0.5250 0.1366
vn 0.8414 -0.5316 0.0974
vn 0.8461 -0.5304 0.0529
vn 0.8450 -0.5342 0.0263
vn 0.8458 -0.5334 0.0099
vn 0.7521 -0.6577 0.0426
vn 0.1307 -0.0752 0.9886
vn 0.1730 -0.1223 0.9773
vn 0.1800 -0.1240 0.9758
vn 0.2405 -0.1849 0.9529
vn 0.2447 -0.1860 0.9516
vn 0.3201 -0.2604 0.9109
vn 0.3244 -0.2617 0.9090
vn 0.4127 -0.3494 0.8412
vn 0.4151 -0.3500 0.8398
vn 0.5085 -0.4395 0.7404
vn 0.5117 -0.4403 0.7378
vn 0.5897 -0.5204 0.6176
vn 0.5978 -0.5219 0.6085
vn 0.6549 -0.5860 0.4771
vn 0.6635 -0.5862 0.4649
vn 0.6999 -0.6306 0.3353
vn 0.7048 -0.6295 0.3270
vn 0.7259 -0.6545 0.2112
vn 0.7282 -0.6534 0.2069
vn 0.7379 -0.6667 0.1050
vn 0.7358 -0.6684 0.1086
vn 0.7452 -0.6667 0.0137
vn 0.0641 -0.0140 0.9978
vn 0.0775 -0.0165 0.9969
vn 0.0784 -0.0167 0.9968
vn 0.0878 -0.0168 0.9960
vn 0.0944 -0.0384 0.9948
vn 0.1180 -0.0721 0.9904
vn 0.0410 0.0148 0.9990
vn 0.0397 0.0131 0.9991
vn 0.0422 0.0202 0.9989
vn 0.0495 0.0025 0.9988
vn 0.8230 -0.5589 0.1013
vn 0.8227 -0.5596 0.0996
vn 0.8124 -0.5502 0.1933
vn 0.8122 -0.5516 0.1900
vn 0.7896 -0.5319 0.3060
vn 0.7898 -0.5344 0.3011
vn 0.7479 -0.4996 0.4371
vn 0.7491 -0.5034 0.4306
vn 0.6823 -0.4495 0.5765
vn 0.6850 -0.4550 0.5690
vn 0.5945 -0.3837 0.7066
vn 0.5986 -0.3907 0.6993
vn 0.4926 -0.3080 0.8139
vn 0.4976 -0.3160 0.8078
vn 0.3912 -0.2332 0.8903
vn 0.3962 -0.2413 0.8859
vn 0.3001 -0.1662 0.9393
vn 0.3045 -0.1737 0.9365
vn 0.2239 -0.1101 0.9684
vn 0.2273 -0.1166 0.9668
vn 0.1635 -0.0655 0.9844
vn 0.1659 -0.0706 0.9836
vn 0.1129 -0.0272 0.9932
vn 0.1148 -0.0264 0.9930
vn 0.1870 -0.0716 0.9797
vn 0.1853 -0.0736 0.9799
vn 0.2385 -0.1140 0.9644
vn 0.2349 -0.1078 0.9660
vn 0.3183 -0.1701 0.9326
vn 0.3138 -0.1629 0.9354
vn 0.4124 -0.2358 0.8799
vn 0.4072 -0.2280 0.8844
vn 0.5154 -0.3077 0.7998
vn 0.5103 -0.3001 0.8059
vn 0.6169 -0.3789 0.6898
vn 0.6127 -0.3722 0.6972
vn 0.7027 -0.4396 0.5595
vn 0.7000 -0.4343 0.5669
vn 0.7659 -0.4847 0.4224
vn 0.7646 -0.4810 0.4289
vn 0.8058 -0.5136 0.2949
vn 0.8055 -0.5112 0.2998
vn 0.8277 -0.5295 0.1860
vn 0.8278 -0.5281 0.1892
vn 0.8379 -0.5370 0.0975
vn 0.8382 -0.5363 0.0992
vn 0.8414 -0.5393 0.0337
vn 0.8266 -0.5628 0.0036
vn 0.8307 -0.5560 0.0295
vn 0.7911 -0.6109 0.0308
vn 0.7879 -0.6157 0.0146
vn 0.7842 -0.6115 0.1058
vn 0.7839 -0.6121 0.1041
vn 0.7732 -0.6012 0.2017
vn 0.7729 -0.6026 0.1985
vn 0.7496 -0.5799 0.3190
vn 0.7498 -0.5824 0.3141
vn 0.7068 -0.5422 0.4544
vn 0.7078 -0.5462 0.4479
vn 0.6400 -0.4845 0.5964
vn 0.6424 -0.4904 0.5890
vn 0.5521 -0.4098 0.7261
vn 0.5559 -0.4173 0.7189
vn 0.4525 -0.3259 0.8301
vn 0.4570 -0.3344 0.8242
vn 0.3555 -0.2447 0.9021
vn 0.3600 -0.2533 0.8979
vn 0.2701 -0.1736 0.9471
vn 0.2740 -0.1815 0.9444
vn 0.1999 -0.1150 0.9730
vn 0.2028 -0.1219 0.9716
vn 0.1451 -0.0692 0.9870
vn 0.1471 -0.0746 0.9863
vn 0.0882 -0.0198 0.9959
vn 0.0878 -0.0241 0.9958
vn 0.0450 0.0181 0.9988
vn 0.7694 -0.6368 0.0502
vn 0.7641 -0.6444 0.0310
vn 0.7605 -0.6402 0.1080
vn 0.7602 -0.6409 0.1064
vn 0.7495 -0.6292 0.2059
vn 0.7492 -0.6305 0.2029
vn 0.7257 -0.6062 0.3255
vn 0.7257 -0.6086 0.3208
vn 0.6826 -0.5654 0.4630
vn 0.6835 -0.5694 0.4568
vn 0.6156 -0.5034 0.6063
vn 0.6178 -0.5093 0.5992
vn 0.5284 -0.4238 0.7356
vn 0.5318 -0.4313 0.7288
vn 0.4306 -0.3354 0.8379
vn 0.4347 -0.3439 0.8323
vn 0.3364 -0.2508 0.9077
vn 0.3404 -0.2593 0.9038
vn 0.2543 -0.1774 0.9507
vn 0.2578 -0.1853 0.9483
vn 0.1874 -0.1175 0.9752
vn 0.1900 -0.1243 0.9739
vn 0.1355 -0.0710 0.9882
vn 0.1373 -0.0764 0.9876
vn 0.0823 -0.0215 0.9964
vn 0.0817 -0.0257 0.9963
vn 0.0425 0.0157 0.9990
vn 0.0432 0.0174 0.9989
vn 0.8110 -0.5836 0.0412
vn 0.8082 -0.5881 0.0297
vn 0.8047 -0.5845 0.1035
vn 0.8045 -0.5852 0.1018
vn 0.7939 -0.5750 0.1975
vn 0.7937 -0.5765 0.1942
vn 0.7707 -0.5553 0.3125
vn 0.7709 -0.5578 0.3075
vn 0.7284 -0.5204 0.4457
vn 0.7295 -0.5244 0.4391
vn 0.6621 -0.4667 0.5864
vn 0.6646 -0.4724 0.5789
vn 0.5741 -0.3966 0.7164
vn 0.5781 -0.4039 0.7090
vn 0.4731 -0.3169 0.8220
vn 0.4779 -0.3252 0.8160
vn 0.3737 -0.2390 0.8962
vn 0.3785 -0.2474 0.8919
vn 0.2853 -0.1700 0.9432
vn 0.2895 -0.1777 0.9405
vn 0.2120 -0.1127 0.9707
vn 0.2153 -0.1194 0.9692
vn 0.1544 -0.0674 0.9857
vn 0.1567 -0.0727 0.9850
vn 0.0939 -0.0181 0.9954
vn 0.0937 -0.0222 0.9954
vn 0.0467 0.0212 0.9987
vn 0.0467 0.0202 0.9987
vn 0.0462 -0.0000 0.9989
vn 0.0526 -0.0185 0.9984
vn 0.0783 -0.0035 0.9969
vn 0.0346 0.0145 0.9993
vn 0.0352 0.0145 0.9993
vn 0.0324 0.0133 0.9994
vn 0.0260 0.0216 0.9994
vn 0.7217 -0.6921 0.0135
vn 0.7175 -0.6958 0.0323
vn 0.6295 -0.7686 0.1140
vn 0.6460 -0.7630 0.0235
vn 0.6407 -0.7671 0.0331
vn 0.5540 -0.6754 0.4867
vn 0.6141 -0.7166 0.3306
vn 0.6071 -0.7168 0.3430
vn 0.6185 -0.7383 0.2689
vn 0.6314 -0.7445 0.2172
vn 0.6259 -0.7562 0.1910
vn 0.6448 -0.7589 0.0911
vn 0.5111 -0.5825 0.6320
vn 0.5207 -0.6239 0.5828
vn 0.5917 -0.6753 0.4404
vn 0.4339 -0.4841 0.7599
vn 0.4422 -0.5099 0.7379
vn 0.4799 -0.5587 0.6765
vn 0.2835 -0.3105 0.9073
vn 0.3200 -0.3573 0.8775
vn 0.3497 -0.3780 0.8572
vn 0.3623 -0.4093 0.8374
vn 0.4000 -0.4576 0.7941
vn 0.0401 -0.0015 0.9992
vn 0.0524 -0.0179 0.9985
vn 0.0702 -0.0252 0.9972
vn 0.0769 -0.0531 0.9956
vn 0.1078 -0.0814 0.9908
vn 0.1179 -0.1042 0.9875
vn 0.1506 -0.1319 0.9798
vn 0.1711 -0.1684 0.9708
vn 0.2061 -0.1982 0.9583
vn 0.2627 -0.2904 0.9201
vn 0.0313 0.0089 0.9995
vn 0.0763 -0.0394 0.9963
vn 0.0729 -0.0376 0.9966
vn 0.0604 -0.0324 0.9976
vn 0.0564 -0.0027 0.9984
vn 0.0396 -0.0002 0.9992
vn 0.0315 0.0110 0.9994
vn 0.2199 -0.1877 0.9573
vn 0.1668 -0.1278 0.9777
vn 0.1606 -0.1243 0.9792
vn 0.1152 -0.0745 0.9905
vn 0.1163 -0.0751 0.9904
vn 0.0864 -0.0455 0.9952
vn 0.0814 -0.0421 0.9958
vn 0.7199 -0.6927 0.0428
vn 0.7204 -0.6855 0.1052
vn 0.7177 -0.6875 0.1109
vn 0.7062 -0.6756 0.2118
vn 0.7063 -0.6755 0.2116
vn 0.6821 -0.6495 0.3361
vn 0.6832 -0.6493 0.3342
vn 0.6373 -0.6042 0.4782
vn 0.6400 -0.6044 0.4746
vn 0.5732 -0.5371 0.6189
vn 0.5725 -0.5369 0.6196
vn 0.4940 -0.4537 0.7417
vn 0.4860 -0.4511 0.7485
vn 0.4032 -0.3585 0.8420
vn 0.3928 -0.3550 0.8483
vn 0.3122 -0.2677 0.9115
vn 0.6963 -0.7170 0.0327
vn 0.6961 -0.7172 0.0324
vn 0.6926 -0.7125 0.1123
vn 0.6923 -0.7129 0.1114
vn 0.6818 -0.6995 0.2142
vn 0.6814 -0.7004 0.2125
vn 0.6583 -0.6724 0.3383
vn 0.6580 -0.6740 0.3357
vn 0.6161 -0.6246 0.4800
vn 0.6161 -0.6272 0.4765
vn 0.5511 -0.5522 0.6256
vn 0.5517 -0.5560 0.6217
vn 0.4682 -0.4609 0.7539
vn 0.4692 -0.4658 0.7502
vn 0.3772 -0.3616 0.8526
vn 0.3785 -0.3670 0.8497
vn 0.2913 -0.2685 0.9182
vn 0.2893 -0.2602 0.9212
vn 0.2303 -0.1941 0.9536
vn 0.6688 -0.7427 0.0330
vn 0.6687 -0.7428 0.0328
vn 0.6652 -0.7380 0.1135
vn 0.6650 -0.7383 0.1128
vn 0.6546 -0.7244 0.2165
vn 0.6542 -0.7251 0.2151
vn 0.6315 -0.6959 0.3419
vn 0.6312 -0.6972 0.3398
vn 0.5901 -0.6457 0.4846
vn 0.5901 -0.6478 0.4818
vn 0.5266 -0.5699 0.6308
vn 0.5270 -0.5730 0.6276
vn 0.4460 -0.4746 0.7588
vn 0.4467 -0.4786 0.7559
vn 0.3581 -0.3716 0.8566
vn 0.3590 -0.3761 0.8542
vn 0.2602 -0.2571 0.9307
vn 0.2479 -0.2377 0.9392
vn 0.0241 0.0245 0.9994
vn -0.0302 0.1162 0.9928
vn -0.1594 0.2899 0.9437
vn -0.1564 0.3004 0.9409
vn -0.1590 0.2386 0.9580
vn -0.1360 0.2888 0.9477
vn -0.1389 0.2781 0.9505
vn -0.1389 0.2686 0.9532
vn -0.1377 0.2628 0.9550
vn -0.1359 0.2566 0.9569
vn -0.1426 0.2613 0.9547
vn -0.1477 0.2645 0.9530
vn -0.1515 0.2655 0.9521
vn -0.1348 0.2539 0.9578
vn -0.1149 0.2231 0.9680
vn -0.1084 0.2177 0.9700
vn -0.0394 0.1457 0.9885
vn -0.0433 0.1211 0.9917
vn -0.0686 0.1618 0.9844
vn -0.0694 0.1652 0.9838
vn -0.0853 0.1839 0.9792
vn -0.0927 0.1930 0.9768
vn 0.0182 0.0357 0.9992
vn 0.0196 0.0362 0.9992
vn 0.0201 0.0287 0.9994
vn 0.0178 0.0370 0.9992
vn 0.0156 0.0342 0.9993
vn 0.0161 0.0301 0.9994
vn -0.0408 0.1099 0.9931
vn -0.0047 0.0792 0.9968
vn -0.0156 0.0711 0.9973
vn -0.0037 0.0706 0.9975
vn 0.0229 0.0295 0.9993
vn 0.0234 0.0298 0.9993
vn 0.0886 0.0776 0.9930
vn 0.0203 0.0327 0.9993
vn 0.0213 0.0551 0.9983
vn 0.0143 0.0302 0.9994
vn -0.0019 0.0650 0.9979
vn 0.0011 0.0934 0.9956
vn -0.0212 0.0885 0.9958
vn -0.1640 0.2936 0.9418
vn 0.0066 0.0796 0.9968
vn -0.0505 0.1194 0.9916
vn -0.0303 0.1161 0.9928
vn -0.0745 0.1651 0.9835
vn -0.0710 0.1638 0.9839
vn -0.1078 0.2191 0.9697
vn -0.1072 0.2187 0.9699
vn -0.1374 0.2571 0.9566
vn -0.1494 0.2812 0.9480
vn -0.1593 0.2900 0.9437
vn -0.1401 0.2491 0.9583
vn -0.1541 0.2841 0.9463
vn -0.1123 0.2214 0.9687
vn -0.0991 0.2097 0.9727
vn -0.0743 0.1707 0.9825
vn -0.0727 0.1694 0.9829
vn -0.0410 0.1326 0.9903
vn -0.0496 0.1376 0.9892
vn -0.0440 0.1369 0.9896
vn -0.0260 0.1097 0.9936
vn 0.0139 0.0569 0.9983
vn 0.0052 0.0755 0.9971
vn 0.0329 0.0385 0.9987
vn 0.0328 0.0384 0.9987
vn 0.0322 0.0380 0.9988
vn 0.0286 0.0392 0.9988
vn 0.0198 0.0395 0.9990
vn 0.0200 0.0430 0.9989
vn 0.0221 0.0451 0.9987
vn 0.0228 0.0493 0.9985
vn 0.0110 0.0360 0.9993
vn 0.0124 0.0430 0.9990
vn 0.0197 0.0399 0.9990
vn 0.0235 0.0434 0.9988
vn -0.0106 0.0831 0.9965
vn -0.0094 0.0842 0.9964
vn -0.0085 0.0903 0.9959
vn -0.0243 0.0742 0.9969
vn -0.0256 0.0687 0.9973
vn 0.0203 0.0368 0.9991
vn 0.0229 0.0413 0.9989
vn -0.0124 0.0777 0.9969
vn -0.0060 0.0832 0.9965
vn -0.0418 0.1270 0.9910
vn -0.0426 0.1311 0.9905
vn -0.0717 0.1674 0.9833
vn -0.0728 0.1721 0.9824
vn -0.1090 0.2180 0.9698
vn -0.1103 0.2232 0.9685
vn -0.1531 0.2781 0.9483
vn -0.1547 0.2836 0.9464
vn 0.0672 -0.1621 -0.9845
vn 0.1560 -0.2927 -0.9434
vn 0.0238 -0.0982 -0.9949
vn -0.0253 -0.0380 -0.9990
vn -0.0122 -0.0725 -0.9973
vn -0.0332 -0.0363 -0.9988
vn -0.0262 -0.0410 -0.9988
vn -0.0259 -0.0413 -0.9988
vn -0.0247 -0.0414 -0.9988
vn -0.0164 -0.0593 -0.9981
vn 0.0135 -0.0688 -0.9975
vn 0.1534 -0.2784 -0.9481
vn 0.1079 -0.2167 -0.9703
vn 0.1074 -0.2140 -0.9709
vn 0.0700 -0.1670 -0.9835
vn 0.0619 -0.1446 -0.9876
vn 0.0545 -0.1405 -0.9886
vn 0.0251 -0.1133 -0.9932
vn 0.1602 -0.2844 -0.9452
vn 0.1836 -0.3202 -0.9294
vn 0.1860 -0.3212 -0.9286
vn 0.1838 -0.3173 -0.9303
vn 0.1984 -0.3485 -0.9161
vn 0.3587 -0.5562 -0.7496
vn 0.4541 -0.5064 -0.7330
vn 0.1953 -0.3466 -0.9174
vn 0.2265 -0.3723 -0.9001
vn 0.2788 -0.4437 -0.8517
vn 0.2735 -0.4435 -0.8535
vn 0.3227 -0.4999 -0.8037
vn 0.0912 -0.1938 -0.9768
vn 0.1025 -0.2259 -0.9687
vn 0.1003 -0.2125 -0.9720
vn 0.1256 -0.2431 -0.9618
vn 0.1390 -0.2597 -0.9556
vn 0.0531 -0.1492 -0.9874
vn 0.0507 -0.1475 -0.9878
vn 0.0387 -0.1164 -0.9924
vn 0.0163 -0.0986 -0.9950
vn 0.0102 -0.0746 -0.9972
vn -0.0083 -0.0634 -0.9980
vn -0.0146 -0.0413 -0.9990
vn -0.0250 -0.0377 -0.9990
vn -0.0291 -0.0279 -0.9992
vn -0.0246 -0.0413 -0.9988
vn -0.0256 -0.0419 -0.9988
vn -0.0047 -0.0651 -0.9979
vn -0.0092 -0.0642 -0.9979
vn 0.0219 -0.1002 -0.9947
vn 0.0162 -0.0986 -0.9950
vn 0.0578 -0.1486 -0.9872
vn 0.0519 -0.1465 -0.9879
vn 0.1069 -0.2146 -0.9708
vn 0.1009 -0.2119 -0.9721
vn 0.1589 -0.2856 -0.9451
vn 0.1532 -0.2814 -0.9473
vn 0.0823 -0.2015 -0.9760
vn -0.0269 -0.0259 -0.9993
vn -0.0237 -0.0265 -0.9994
vn -0.0085 -0.0361 -0.9993
vn 0.0465 -0.1097 -0.9929
vn 0.0041 -0.0799 -0.9968
vn 0.0050 -0.0593 -0.9982
vn 0.0634 -0.2056 -0.9766
vn 0.0992 -0.1943 -0.9759
vn 0.0220 -0.1863 -0.9822
vn 0.0898 -0.1644 -0.9823
vn 0.0837 -0.1655 -0.9827
vn 0.0720 -0.1639 -0.9838
vn 0.0495 -0.1324 -0.9900
vn 0.0282 -0.1087 -0.9937
vn 0.0312 -0.0967 -0.9948
vn -0.0012 -0.0639 -0.9980
vn 0.0718 -0.1609 -0.9844
vn 0.0709 -0.1713 -0.9827
vn 0.0686 -0.1790 -0.9815
vn 0.0848 -0.1958 -0.9770
vn 0.0999 -0.1337 -0.9860
vn 0.1220 -0.0890 -0.9885
vn -0.0312 -0.0388 -0.9988
vn -0.0181 -0.0300 -0.9994
vn -0.0294 -0.0324 -0.9990
vn -0.0265 -0.0320 -0.9991
vn -0.0242 -0.0323 -0.9992
vn -0.0279 -0.0315 -0.9991
vn -0.0171 -0.0364 -0.9992
vn -0.0146 -0.0386 -0.9991
vn 0.0016 -0.0547 -0.9985
vn -0.0244 -0.0323 -0.9992
vn -0.0231 -0.0327 -0.9992
vn -0.0203 -0.0342 -0.9992
vn -0.7227 0.6911 -0.0137
vn -0.0522 0.0176 -0.9985
vn -0.0303 -0.0104 -0.9995
vn -0.0238 -0.0091 -0.9997
vn -0.0691 -0.0154 -0.9975
vn -0.1076 0.0819 -0.9908
vn -0.0918 0.0662 -0.9936
vn -0.0745 0.0441 -0.9962
vn -0.2063 0.1988 -0.9581
vn -0.1662 0.1619 -0.9727
vn -0.1504 0.1322 -0.9797
vn -0.1211 0.1049 -0.9871
vn -0.1049 0.0756 -0.9916
vn -0.6283 0.7696 -0.1137
vn -0.6314 0.7306 -0.2598
vn -0.6147 0.7582 -0.2175
vn -0.6053 0.6898 -0.3972
vn -0.5907 0.7307 -0.3423
vn -0.5575 0.6237 -0.5478
vn -0.5491 0.6805 -0.4852
vn -0.4879 0.5355 -0.6893
vn -0.4871 0.6004 -0.6342
vn -0.4060 0.4326 -0.8050
vn -0.4079 0.5042 -0.7612
vn -0.3281 0.3384 -0.8819
vn -0.3329 0.3894 -0.8588
vn -0.6412 0.7674 -0.0042
vn -0.6419 0.7666 -0.0153
vn -0.6455 0.7629 -0.0366
vn -0.6441 0.7642 -0.0330
vn -0.6390 0.7662 -0.0686
vn -0.6408 0.7552 -0.1380
vn -0.7158 0.6968 -0.0447
vn -0.7212 0.6920 -0.0322
vn -0.7210 0.6879 -0.0833
vn -0.7144 0.6910 -0.1106
vn -0.7196 0.6761 -0.1583
vn -0.7028 0.6792 -0.2116
vn -0.6965 0.6362 -0.3317
vn -0.6856 0.6706 -0.2832
vn -0.6507 0.5953 -0.4714
vn -0.6492 0.6283 -0.4287
vn -0.5815 0.5284 -0.6186
vn -0.5860 0.5577 -0.5879
vn -0.4943 0.4452 -0.7466
vn -0.5000 0.4661 -0.7299
vn -0.3976 0.3504 -0.8480
vn -0.4020 0.3650 -0.8397
vn -0.3131 0.2670 -0.9114
vn -0.0829 0.0431 -0.9956
vn -0.1058 0.0595 -0.9926
vn -0.1144 0.0769 -0.9905
vn -0.1577 0.1166 -0.9806
vn -0.1613 0.1241 -0.9791
vn -0.2245 0.1895 -0.9559
vn -0.2229 0.1864 -0.9569
vn -0.2883 0.2578 -0.9222
vn -0.0701 0.0255 -0.9972
vn -0.0687 0.0264 -0.9973
vn -0.0507 0.0248 -0.9984
vn -0.0336 -0.0071 -0.9994
vn -0.0346 -0.0088 -0.9994
vn -0.0365 -0.0102 -0.9993
vn -0.0366 -0.0107 -0.9993
vn -0.0380 -0.0128 -0.9992
vn -0.6970 0.7163 -0.0323
vn -0.6969 0.7164 -0.0326
vn -0.6935 0.7119 -0.1111
vn -0.6931 0.7121 -0.1119
vn -0.6827 0.6991 -0.2124
vn -0.6820 0.6994 -0.2141
vn -0.6599 0.6728 -0.3343
vn -0.6586 0.6729 -0.3369
vn -0.6186 0.6262 -0.4745
vn -0.6165 0.6257 -0.4779
vn -0.5535 0.5539 -0.6220
vn -0.5503 0.5526 -0.6259
vn -0.4719 0.4644 -0.7494
vn -0.4677 0.4625 -0.7532
vn -0.3802 0.3646 -0.8500
vn -0.3755 0.3623 -0.8531
vn -0.2913 0.2682 -0.9183
vn -0.2747 0.2807 -0.9196
vn -0.2316 0.2406 -0.9426
vn -0.6693 0.7423 -0.0327
vn -0.6692 0.7424 -0.0329
vn -0.6658 0.7376 -0.1124
vn -0.6655 0.7378 -0.1131
vn -0.6552 0.7242 -0.2151
vn -0.6545 0.7244 -0.2164
vn -0.6327 0.6965 -0.3384
vn -0.6316 0.6965 -0.3405
vn -0.5921 0.6474 -0.4799
vn -0.5904 0.6470 -0.4826
vn -0.5283 0.5713 -0.6281
vn -0.5257 0.5702 -0.6313
vn -0.4488 0.4777 -0.7552
vn -0.4454 0.4760 -0.7583
vn -0.3603 0.3741 -0.8545
vn -0.3565 0.3721 -0.8570
vn -0.2564 0.2525 -0.9330
vn -0.2767 0.2966 -0.9140
vn -0.7801 0.6249 -0.0310
vn -0.7336 0.5065 -0.4530
vn -0.7298 0.5193 -0.4447
vn -0.8047 0.5873 -0.0870
vn -0.8241 0.5662 -0.0174
vn -0.0441 -0.0175 -0.9989
vn -0.0458 -0.0194 -0.9988
vn -0.0468 -0.0202 -0.9987
vn -0.0783 0.0039 -0.9969
vn -0.0669 0.0162 -0.9976
vn -0.0856 0.0202 -0.9961
vn -0.1214 0.0868 -0.9888
vn -0.1158 0.0505 -0.9920
vn -0.1773 0.1305 -0.9755
vn -0.1693 0.1062 -0.9798
vn -0.2463 0.1900 -0.9504
vn -0.2398 0.1756 -0.9548
vn -0.3281 0.2630 -0.9073
vn -0.3246 0.2564 -0.9104
vn -0.4210 0.3484 -0.8375
vn -0.4205 0.3475 -0.8381
vn -0.5186 0.4393 -0.7335
vn -0.5217 0.4447 -0.7280
vn -0.6041 0.5185 -0.6051
vn -0.6112 0.5321 -0.5859
vn -0.6714 0.5811 -0.4599
vn -0.6783 0.5979 -0.4270
vn -0.7137 0.6214 -0.3232
vn -0.7172 0.6373 -0.2819
vn -0.7467 0.6600 -0.0831
vn -0.7494 0.6431 -0.1575
vn -0.7348 0.6697 -0.1076
vn -0.7372 0.6438 -0.2051
vn -0.7491 0.6610 -0.0445
vn -0.7514 0.6591 -0.0312
vn -0.7494 0.6620 -0.0137
vn -0.7597 0.5510 -0.3452
vn -0.7676 0.5665 -0.2997
vn -0.7664 0.5614 -0.3123
vn -0.7808 0.5698 -0.2565
vn -0.7902 0.5799 -0.1981
vn -0.7846 0.5817 -0.2145
vn -0.7922 0.5808 -0.1872
vn -0.6680 0.4599 -0.5851
vn -0.7428 0.3568 -0.5665
vn -0.7150 0.3959 -0.5762
vn -0.6878 0.4287 -0.5858
vn -0.7788 0.5181 -0.3536
vn -0.7595 0.4808 -0.4382
vn -0.7580 0.4808 -0.4409
vn -0.7507 0.4792 -0.4548
vn -0.7308 0.4679 -0.4970
vn -0.7487 0.4562 -0.4810
vn -0.7369 0.4606 -0.4948
vn -0.8383 0.5450 -0.0115
vn -0.8383 0.5451 -0.0118
vn -0.8359 0.5466 -0.0502
vn -0.8353 0.5473 -0.0529
vn -0.8355 0.5421 -0.0899
vn -0.8234 0.5463 -0.1538
vn -0.8272 0.5359 -0.1690
vn -0.8036 0.5181 -0.2930
vn -0.8032 0.5206 -0.2896
vn -0.7759 0.4932 -0.3934
vn -0.7719 0.4740 -0.4237
vn -0.7246 0.4780 -0.4964
vn -0.6841 0.4497 -0.5743
vn -0.6784 0.4386 -0.5894
vn -0.5964 0.3864 -0.7036
vn -0.5918 0.3798 -0.7110
vn -0.4940 0.3085 -0.8129
vn -0.4983 0.3159 -0.8074
vn -0.4199 0.2526 -0.8717
vn -0.3876 0.2401 -0.8900
vn -0.3553 0.2032 -0.9124
vn -0.2981 0.1722 -0.9389
vn -0.2834 0.1482 -0.9475
vn -0.2207 0.1163 -0.9684
vn -0.2074 0.0845 -0.9746
vn -0.1570 0.0748 -0.9848
vn -0.1453 0.0362 -0.9887
vn -0.0764 0.0484 -0.9959
vn -0.0370 0.0833 -0.9958
vn -0.1018 -0.0709 -0.9923
vn -0.6972 0.5427 -0.4684
vn -0.7311 0.5229 -0.4383
vn -0.6682 0.4700 -0.5767
vn -0.6611 0.4668 -0.5874
vn -0.5830 0.4025 -0.7058
vn -0.5733 0.3976 -0.7164
vn -0.4815 0.3227 -0.8149
vn -0.4703 0.3169 -0.8236
vn -0.3827 0.2455 -0.8907
vn -0.3710 0.2395 -0.8972
vn -0.2942 0.1765 -0.9393
vn -0.2833 0.1713 -0.9436
vn -0.2191 0.1180 -0.9685
vn -0.2098 0.1137 -0.9711
vn -0.1600 0.0716 -0.9845
vn -0.1526 0.0685 -0.9859
vn -0.0967 0.0202 -0.9951
vn -0.0917 0.0198 -0.9956
vn -0.0574 -0.0116 -0.9983
vn -0.0407 -0.0180 -0.9990
vn -0.0412 -0.0284 -0.9987
vn -0.7961 0.5806 -0.1706
vn -0.8021 0.5814 -0.1363
vn -0.8038 0.5858 -0.1035
vn -0.8070 0.5840 -0.0878
vn -0.8094 0.5865 -0.0294
vn -0.8588 0.5115 -0.0290
vn -0.7926 0.6083 -0.0412
vn -0.8095 0.5863 -0.0301
vn -0.7799 0.6251 -0.0304
vn -0.7766 0.6214 -0.1042
vn -0.7760 0.6217 -0.1065
vn -0.7659 0.6112 -0.1993
vn -0.7646 0.6114 -0.2037
vn -0.7434 0.5905 -0.3142
vn -0.7408 0.5900 -0.3209
vn -0.7021 0.5534 -0.4481
vn -0.6978 0.5517 -0.4569
vn -0.6365 0.4954 -0.5911
vn -0.6294 0.4919 -0.6015
vn -0.5515 0.4215 -0.7198
vn -0.5420 0.4163 -0.7301
vn -0.4521 0.3358 -0.8264
vn -0.4411 0.3296 -0.8347
vn -0.3566 0.2539 -0.8991
vn -0.3451 0.2476 -0.9053
vn -0.2723 0.1820 -0.9448
vn -0.2617 0.1763 -0.9489
vn -0.2017 0.1216 -0.9719
vn -0.1926 0.1170 -0.9743
vn -0.1466 0.0743 -0.9864
vn -0.1393 0.0710 -0.9877
vn -0.0886 0.0228 -0.9958
vn -0.0834 0.0222 -0.9963
vn -0.0441 -0.0174 -0.9989
vn -0.0408 -0.0146 -0.9991
vn -0.0404 -0.0146 -0.9991
vn 0.4927 -0.8702 -0.0000
vn -0.0085 -1.0000 -0.0000
vn -0.5073 -0.8618 -0.0000
vn -0.8702 -0.4927 -0.0000
vn -0.8618 0.5073 -0.0000
vn 0.0085 1.0000 -0.0000
vn 0.5073 0.8618 -0.0000
vn 0.8702 0.4927 -0.0000
vn 0.8618 -0.5073 -0.0000
vn -0.0084 -1.0000 -0.0000
vn 0.0084 1.0000 -0.0000
vn -0.2360 -0.9717 0.0001
vn -0.2360 -0.9717 -0.0096
vn -0.2337 -0.9723 -0.0000
vn -0.2354 -0.9712 -0.0367
vn -0.2337 -0.9721 -0.0193
vn -0.2353 -0.9702 -0.0576
vn -0.2334 -0.9710 -0.0522
vn -0.2365 -0.9716 -0.0000
vn 0.2357 0.9718 0.0016
vn 0.2366 0.9716 0.0029
vn 0.2358 0.9718 0.0016
vn 0.2358 0.9718 0.0038
vn -0.4068 0.1388 0.9029
vn -0.3920 0.1674 0.9046
vn -0.5425 -0.0407 0.8391
vn -0.6335 -0.1451 0.7600
vn -0.6545 -0.1992 0.7293
vn -0.6953 -0.2800 0.6619
vn -0.6991 -0.2817 0.6572
vn -0.7018 -0.2878 0.6517
vn -0.8303 -0.2147 0.5142
vn -0.8532 -0.2138 0.4758
vn -0.8483 -0.2112 0.4855
vn -0.9842 -0.0701 0.1627
vn -0.9792 -0.0734 0.1894
vn -0.9686 -0.0670 0.2396
vn -0.9990 -0.0089 0.0427
vn -0.8290 -0.1141 0.5475
vn -0.7869 -0.0753 0.6125
vn -0.7309 -0.0711 0.6788
vn -0.3482 0.0815 0.9339
vn -0.5281 0.2025 0.8247
vn -0.6787 -0.0990 0.7277
vn -0.9841 -0.0850 0.1561
vn -0.4247 0.0414 0.9044
vn -0.5302 0.1552 0.8335
vn -0.6842 0.2105 0.6982
vn -0.7056 0.2696 0.6552
vn -0.8139 0.1219 0.5681
vn -0.9025 0.2356 0.3605
vn -0.9201 0.1411 0.3654
vn -0.9613 -0.0225 0.2746
vn -0.8475 -0.1734 0.5017
vn -0.9925 0.0624 0.1048
vn -0.9901 0.0694 0.1219
vn -0.9918 0.0879 0.0923
vn -0.9893 0.0992 0.1074
vn -0.9947 0.0883 0.0524
vn -0.9702 0.2112 0.1187
vn -0.9821 0.1810 0.0519
vn -0.7812 0.2835 0.5561
vn -0.7794 0.4100 0.4737
vn -0.8331 0.3658 0.4149
vn -0.7033 0.3161 0.6367
vn -0.5304 0.3818 0.7569
vn -0.6674 0.3269 0.6691
vn -0.4354 0.3903 0.8112
vn -0.3536 0.4063 0.8425
vn -0.8313 0.4740 0.2901
vn -0.8890 0.3896 0.2408
vn -0.7637 0.5770 0.2895
vn -0.9786 0.2054 0.0092
vn -0.9504 0.3054 0.0589
vn -0.8207 0.5609 0.1086
vn -0.5887 0.4308 0.6840
vn -0.5866 0.4999 0.6372
vn -0.8245 0.3690 0.4290
vn -0.6842 0.5254 0.5059
vn -0.6827 0.5926 0.4276
vn -0.6973 0.7026 0.1420
vn -0.8629 0.4979 0.0860
vn -0.8652 0.4295 0.2587
vn -0.9394 0.2934 0.1772
vn -0.9401 0.2247 0.2562
vn -0.9207 0.2604 0.2907
vn -0.9216 0.1742 0.3468
vn -0.9059 0.1932 0.3769
vn -0.0920 0.4411 0.8927
vn -0.5608 0.6002 0.5703
vn -0.5776 0.6643 0.4745
vn -0.3797 0.3483 0.8570
vn -0.4304 0.4465 0.7845
vn -0.4652 0.4765 0.7461
vn -0.5219 0.5287 0.6694
vn -0.5776 0.5446 0.6081
vn -0.6061 0.6118 0.5083
vn -0.6566 0.6758 0.3348
vn -0.6506 0.6613 0.3734
vn -0.6993 0.7142 0.0310
vn -0.6969 0.7030 0.1420
vn -0.6987 0.7027 0.1344
vn -0.6761 0.6917 0.2539
vn -0.5608 -0.4291 0.7081
vn -0.5619 -0.4293 0.7071
vn -0.5100 0.3945 0.7644
vn -0.4551 0.1423 0.8790
vn -0.4388 0.2050 0.8749
vn -0.3575 0.1508 0.9217
vn -0.2907 0.1105 0.9504
vn -0.4942 0.3260 0.8059
vn -0.2338 0.0692 0.9698
vn -0.4345 0.1979 0.8787
vn -0.3998 0.1486 0.9045
vn -0.3983 0.1686 0.9016
vn -0.3642 0.1425 0.9203
vn -0.3815 0.1814 0.9064
vn 0.0173 0.9998 0.0025
vn -0.9964 -0.0838 0.0160
vn -0.9843 -0.1763 -0.0094
vn -0.9671 -0.2496 0.0491
vn -0.8871 0.4612 -0.0206
vn -0.8295 0.5376 0.1516
vn -0.9299 0.3677 -0.0096
vn -0.9630 0.2696 0.0013
vn -0.9853 0.1705 -0.0104
vn -0.9920 0.1221 0.0319
vn -0.9997 -0.0182 -0.0183
vn -0.9962 -0.0857 0.0174
vn -0.2859 0.9582 -0.0052
vn -0.2382 0.9438 0.2293
vn -0.3805 0.9248 0.0024
vn -0.6464 0.7630 -0.0048
vn -0.5724 0.7976 0.1904
vn -0.7134 0.7006 0.0111
vn 0.5750 0.7433 0.3420
vn 0.3867 0.8597 0.3336
vn 0.0534 0.9391 0.3395
vn -0.0451 0.9230 0.3822
vn -0.1674 0.9253 0.3403
vn -0.3737 0.8631 0.3397
vn -0.4593 0.8016 0.3826
vn -0.5648 0.7519 0.3401
vn -0.7212 0.6036 0.3399
vn -0.7733 0.5055 0.3828
vn -0.9297 0.0539 0.3644
vn -0.9186 0.0991 0.3826
vn -0.9153 0.2157 0.3401
vn -0.8422 0.4184 0.3399
vn -0.9379 -0.0621 0.3414
vn -0.9147 -0.2180 0.3403
vn -0.8635 -0.3290 0.3822
vn -0.8388 -0.4257 0.3395
vn -0.6324 -0.6992 0.3336
vn -0.4501 -0.8249 0.3420
vn 0.4102 0.9120 0.0094
vn 0.3813 0.9245 0.0038
vn 0.0673 0.9977 -0.0029
vn -0.9418 0.3362 -0.0064
vn -0.8956 0.4449 0.0029
vn -0.7859 0.6184 -0.0045
vn -0.7669 0.6418 -0.0008
vn -0.5951 0.8037 0.0008
vn -0.6007 0.7995 -0.0000
vn -0.3973 0.9177 0.0037
vn -0.2537 0.9673 -0.0062
vn -0.1780 0.9840 0.0010
vn 0.0568 0.9984 -0.0015
vn -0.9728 -0.2318 0.0007
vn -0.9978 -0.0660 -0.0005
vn -0.9998 0.0190 -0.0063
vn -0.9983 0.0579 -0.0028
vn -0.9733 0.2294 0.0024
vn -0.5971 -0.8022 -0.0000
vn -0.6707 -0.7416 0.0130
vn -0.8088 -0.5880 -0.0062
vn -0.8917 -0.4526 0.0041
vn -0.9711 -0.2389 -0.0000
vn -0.3612 -0.5077 0.7822
vn -0.1554 -0.5791 0.8003
vn -0.2236 -0.5862 0.7787
vn 0.5223 0.6015 0.6045
vn 0.6594 0.4428 0.6075
vn 0.6011 0.4665 0.6489
vn -0.1554 0.5927 0.7903
vn 0.0412 0.6114 0.7903
vn 0.2336 0.5665 0.7903
vn 0.3463 0.5000 0.7938
vn 0.4147 0.4777 0.7745
vn 0.4199 0.4556 0.7849
vn 0.5237 0.3384 0.7818
vn 0.5237 0.3393 0.7814
vn -0.3865 0.5220 0.7604
vn -0.2785 0.5408 0.7937
vn -0.3651 -0.4905 0.7912
vn -0.4956 -0.3603 0.7903
vn -0.5597 -0.2387 0.7936
vn -0.6051 -0.1904 0.7730
vn -0.3220 -0.7262 0.6075
vn -0.3235 -0.7240 0.6093
vn -0.4618 -0.6491 0.6045
vn -0.6159 -0.5018 0.6073
vn -0.6223 -0.4524 0.6387
vn -0.7668 0.0146 0.6417
vn -0.7913 -0.0582 0.6086
vn -0.7599 -0.2390 0.6045
vn -0.6877 -0.3954 0.6090
vn -0.7313 0.2611 0.6301
vn -0.7747 0.1691 0.6093
vn -0.7909 0.0702 0.6079
vn -0.4615 0.6473 0.6066
vn -0.5835 0.5382 0.6082
vn -0.6023 0.4739 0.6424
vn -0.6625 0.4370 0.6084
vn -0.7394 0.2925 0.6064
vn -0.5919 -0.1456 0.7927
vn -0.6126 0.0117 0.7903
vn -0.5771 0.2060 0.7903
vn -0.4816 0.3789 0.7903
vn -0.3360 0.5125 0.7903
vn -0.4246 0.6477 0.6326
vn 0.3393 0.7185 0.6071
vn 0.2939 0.7125 0.6371
vn 0.2186 0.7624 0.6090
vn 0.0536 0.7948 0.6045
vn -0.2021 0.7706 0.6045
vn -0.3502 0.7115 0.6092
vn 0.6979 0.5414 0.4688
vn 0.4075 0.7565 0.5115
vn 0.3257 0.8027 0.4995
vn 0.2388 0.8327 0.4995
vn 0.4680 0.6956 0.5451
vn 0.4040 0.8556 0.3235
vn 0.5554 0.6397 0.5314
vn 0.2585 0.8254 0.5019
vn 0.1733 0.8505 0.4966
vn 0.0580 0.8596 0.5076
vn 0.0150 0.8665 0.4989
vn -0.2207 0.8415 0.4931
vn -0.2504 0.8392 0.4827
vn -0.5680 0.6705 0.4773
vn -0.5036 0.7065 0.4972
vn -0.3825 0.7772 0.4997
vn -0.8642 -0.0635 0.4991
vn -0.8613 0.1060 0.4970
vn -0.8688 0.0771 0.4892
vn -0.8462 0.1847 0.4998
vn -0.8340 0.2335 0.4999
vn -0.8040 0.3181 0.5023
vn -0.7773 0.4041 0.4822
vn -0.7234 0.4773 0.4988
vn -0.6371 0.5877 0.4987
vn -0.7350 -0.4582 0.4999
vn -0.7502 -0.4313 0.5011
vn -0.8643 -0.0727 0.4978
vn -0.8385 -0.2165 0.5000
vn -0.8215 -0.2584 0.5083
vn -0.8092 -0.3018 0.5040
vn -0.7784 -0.3844 0.4964
vn -0.7020 -0.5075 0.4996
vn -0.6380 -0.5777 0.5092
vn -0.6752 -0.5501 0.4914
vn -0.5477 -0.6691 0.5024
vn -0.4940 -0.6944 0.5232
vn -0.4497 -0.7384 0.5026
vn -0.3515 -0.7930 0.4976
vn -0.0353 -0.0372 0.9987
vn -0.0378 -0.0298 0.9988
vn -0.0365 -0.0360 0.9987
vn -0.0346 -0.0377 0.9987
vn -0.0683 -0.0068 0.9976
vn -0.0498 -0.0228 0.9985
vn -0.0686 -0.0377 0.9969
vn -0.0349 -0.0184 0.9992
vn -0.2387 0.2582 0.9361
vn -0.3041 0.0511 0.9513
vn -0.0788 0.1231 0.9893
vn -0.0563 0.2240 0.9730
vn -0.1309 0.1467 0.9805
vn -0.1308 0.1988 0.9713
vn -0.1726 0.2179 0.9606
vn 0.0357 0.1412 0.9893
vn 0.0075 0.0673 0.9977
vn 0.0661 0.1062 0.9921
vn 0.0357 0.0738 0.9966
vn 0.4768 0.5975 0.6447
vn 0.4650 0.6186 0.6334
vn 0.4149 0.5799 0.7011
vn 0.4362 0.6666 0.6045
vn 0.4134 0.6549 0.6326
vn 0.2024 0.8338 0.5136
vn 0.1732 0.7561 0.6311
vn 0.2536 0.7798 0.5723
vn 0.2394 0.7135 0.6585
vn 0.3034 0.7474 0.5910
vn 0.3033 0.7194 0.6249
vn 0.3366 0.7010 0.6288
vn 0.1002 0.7069 0.7001
vn 0.0858 0.6324 0.7699
vn 0.1302 0.6116 0.7804
vn 0.1274 0.6032 0.7874
vn 0.1836 0.5752 0.7972
vn 0.1818 0.5699 0.8014
vn 0.2501 0.5320 0.8090
vn 0.4035 0.7503 0.5237
vn 0.3727 0.6615 0.6507
vn 0.1922 0.2687 0.9438
vn 0.1943 0.2726 0.9423
vn 0.1658 0.2934 0.9415
vn 0.1668 0.2955 0.9407
vn 0.1165 0.3281 0.9374
vn -0.0577 0.0435 0.9974
vn -0.0126 0.1629 0.9866
vn 0.3404 0.4594 0.8204
vn 0.3411 0.4609 0.8193
vn 0.3046 0.4875 0.8183
vn 0.3055 0.4893 0.8168
vn 0.2462 0.5275 0.8131
vn 0.1208 0.3336 0.9350
vn 0.0580 0.3681 0.9280
vn 0.0600 0.3744 0.9253
vn 0.0046 0.4021 0.9156
vn 0.0077 0.4122 0.9110
vn -0.0710 0.4481 0.8912
vn -0.0714 0.4467 0.8918
vn 0.3174 -0.1630 0.9342
vn 0.4199 -0.3374 0.8425
vn 0.3190 -0.1773 0.9310
vn 0.3101 -0.1523 0.9384
vn 0.2114 -0.1341 0.9682
vn 0.4832 -0.0529 0.8739
vn 0.4581 -0.0556 0.8871
vn 0.6087 0.1492 0.7792
vn 0.7243 0.2497 0.6426
vn 0.6709 0.1887 0.7172
vn 0.5726 -0.1538 0.8053
vn 0.0613 0.0484 0.9969
vn 0.6739 0.3807 0.6332
vn 0.6837 0.3674 0.6305
vn 0.7240 0.3685 0.5831
vn 0.7521 0.3886 0.5322
vn 0.7219 0.2925 0.6271
vn 0.7457 0.2864 0.6016
vn 0.8296 0.0537 0.5558
vn 0.6773 0.4052 0.6141
vn 0.6984 0.4693 0.5404
vn 0.6440 0.4298 0.6328
vn 0.5035 0.5754 0.6445
vn 0.0601 0.0387 0.9974
vn 0.0553 0.0302 0.9980
vn 0.1027 0.0532 0.9933
vn 0.0282 -0.0450 0.9986
vn 0.1000 0.0035 0.9950
vn 0.0578 -0.1003 0.9933
vn 0.1021 -0.0561 0.9932
vn 0.1135 -0.0125 0.9935
vn 0.2387 -0.1748 0.9552
vn 0.2569 -0.1157 0.9595
vn 0.0828 -0.1952 0.9773
vn 0.1753 -0.0932 0.9801
vn 0.1543 -0.0645 0.9859
vn 0.3725 0.4335 0.8206
vn 0.4637 0.5414 0.7014
vn 0.5491 0.5653 0.6155
vn 0.5157 0.4913 0.7019
vn 0.6496 0.5619 0.5122
vn 0.5954 0.4787 0.6452
vn 0.6183 0.4523 0.6428
vn 0.2163 0.2493 0.9440
vn 0.3715 0.4326 0.8215
vn 0.4029 0.4044 0.8211
vn 0.4022 0.4033 0.8220
vn 0.4495 0.3558 0.8194
vn 0.4478 0.3538 0.8211
vn 0.5094 0.2807 0.8135
vn 0.5088 0.2801 0.8140
vn 0.5721 0.1939 0.7969
vn 0.5744 0.1966 0.7946
vn 0.6151 0.1380 0.7763
vn 0.6153 0.1396 0.7759
vn 0.4366 -0.0230 0.8994
vn 0.4363 -0.0246 0.8995
vn 0.3936 0.0377 0.9185
vn 0.3907 0.0347 0.9199
vn 0.3280 0.1201 0.9370
vn 0.3285 0.1206 0.9368
vn 0.2741 0.1853 0.9437
vn 0.2761 0.1875 0.9427
vn 0.2379 0.2255 0.9447
vn 0.2389 0.2269 0.9442
vn 0.2150 0.2482 0.9445
vn 0.0562 0.0610 0.9966
vn 0.0546 0.0585 0.9968
vn -0.0204 -0.0482 0.9986
vn -0.0350 -0.0374 0.9987
vn -0.0173 -0.1087 0.9939
vn 0.0002 -0.0817 0.9967
vn -0.0212 -0.0490 0.9986
vn -0.0569 -0.0996 0.9934
vn -0.0295 -0.0440 0.9986
vn -0.0357 -0.1964 0.9799
vn 0.0533 -0.0910 0.9944
vn 0.0023 -0.1033 0.9947
vn -0.8687 0.4953 0.0018
vn -0.3413 0.1520 0.9276
vn -0.3020 0.1250 0.9451
vn -0.2699 0.1124 0.9563
vn -0.2495 0.1112 0.9620
vn -0.3990 0.1697 0.9011
vn -0.4336 0.1894 0.8810
vn -0.4572 0.2078 0.8647
vn -0.5185 0.2285 0.8240
vn -0.8922 0.4508 0.0266
vn -0.8938 0.4467 0.0410
vn -0.8878 0.4510 0.0915
vn -0.8854 0.4412 0.1462
vn -0.8787 0.4441 0.1752
vn -0.8589 0.4286 0.2804
vn -0.8598 0.4284 0.2779
vn -0.8063 0.4037 0.4324
vn -0.8231 0.4031 0.3999
vn -0.7316 0.3639 0.5765
vn -0.7621 0.3666 0.5336
vn -0.6364 0.3109 0.7059
vn -0.6780 0.3165 0.6634
vn -0.5663 0.2674 0.7796
vn -0.8673 0.4977 0.0082
vn -0.8548 0.5102 0.0949
vn -0.8618 0.5014 0.0771
vn -0.8496 0.4953 0.1813
vn -0.8480 0.4963 0.1857
vn -0.8300 0.4782 0.2872
vn -0.8261 0.4790 0.2969
vn -0.7754 0.4085 0.4816
vn -0.7965 0.4538 0.3996
vn -0.8111 0.4680 0.3509
vn -0.7753 0.4770 0.4141
vn -0.7336 0.4022 0.5478
vn -0.6740 0.3850 0.6304
vn -0.6498 0.3445 0.6776
vn -0.5839 0.3240 0.7444
vn -0.5265 0.2503 0.8125
vn -0.5381 0.2892 0.7917
vn -0.4666 0.2379 0.8518
vn -0.4412 0.2106 0.8724
vn -0.4094 0.2077 0.8884
vn -0.3400 0.1538 0.9278
vn -0.3374 0.1539 0.9287
vn -0.2503 0.1093 0.9620
vn -0.2781 0.1055 0.9547
vn -0.2086 0.0791 0.9748
vn -0.2139 0.0827 0.9733
vn -0.2404 0.0964 0.9659
vn -0.1798 0.0567 0.9821
vn -0.1723 0.0629 0.9830
vn -0.1591 0.0662 0.9850
vn -0.1512 0.0359 0.9878
vn -0.1982 0.1157 0.9733
vn -0.1978 0.0949 0.9756
vn -0.1908 0.0819 0.9782
vn -0.0911 0.0077 0.9958
vn -0.0925 0.0094 0.9957
vn -0.1143 0.0223 0.9932
vn -0.1016 0.0173 0.9947
vn -0.1240 0.0269 0.9919
vn -0.1162 0.0377 0.9925
vn -0.0749 -0.0049 0.9972
vn -0.0659 -0.0081 0.9978
vn -0.0688 -0.0073 0.9976
vn -0.0354 -0.0373 0.9987
vn -0.0343 -0.0374 0.9987
vn -0.0354 -0.0378 0.9987
vn -0.0379 -0.0362 0.9986
vn -0.0379 -0.0369 0.9986
vn -0.0587 -0.0186 0.9981
vn -0.0476 -0.0228 0.9986
vn -0.0497 -0.0226 0.9985
vn -0.0437 -0.0304 0.9986
vn -0.0404 -0.0327 0.9986
vn -0.0376 -0.0372 0.9986
vn -0.1924 0.0713 0.9787
vn -0.1726 0.0643 0.9829
vn -0.1771 0.0635 0.9821
vn -0.1497 0.0429 0.9878
vn -0.1363 0.0356 0.9900
vn -0.8809 0.4690 0.0644
vn -0.8770 0.4797 0.0267
vn -0.8738 0.4771 0.0943
vn -0.8737 0.4778 0.0919
vn -0.8639 0.4703 0.1804
vn -0.8640 0.4717 0.1760
vn -0.8426 0.4562 0.2860
vn -0.8436 0.4586 0.2793
vn -0.8034 0.4310 0.4109
vn -0.8058 0.4347 0.4021
vn -0.7403 0.3913 0.5467
vn -0.7449 0.3967 0.5364
vn -0.6541 0.3379 0.6767
vn -0.6608 0.3450 0.6666
vn -0.5490 0.2736 0.7898
vn -0.5571 0.2817 0.7812
vn -0.4424 0.2089 0.8721
vn -0.4508 0.2172 0.8658
vn -0.3584 0.1584 0.9200
vn -0.3604 0.1540 0.9200
vn 0.1052 -0.2091 0.9722
vn 0.1060 -0.2297 0.9675
vn 0.0799 -0.1731 0.9817
vn -0.0125 -0.0690 0.9975
vn 0.0105 -0.0785 0.9969
vn 0.0822 -0.1806 0.9801
vn 0.0619 -0.1584 0.9854
vn 0.0528 -0.1513 0.9871
vn 0.0516 -0.1477 0.9877
vn 0.0318 -0.1106 0.9934
vn 0.0297 -0.1263 0.9915
vn 0.0133 -0.0911 0.9958
vn 0.0113 -0.0742 0.9972
vn -0.0330 -0.0404 0.9986
vn -0.0315 -0.0406 0.9987
vn -0.0275 -0.0421 0.9987
vn -0.0128 -0.0399 0.9991
vn -0.0131 -0.0407 0.9991
vn -0.0140 -0.0531 0.9985
vn -0.3089 -0.9511 -0.0005
vn -0.3170 -0.9484 0.0001
vn -0.3038 -0.9527 -0.0002
vn -0.3119 -0.9501 0.0018
vn -0.3065 -0.9519 0.0007
vn -0.2794 -0.9602 -0.0017
vn -0.3316 -0.9433 0.0180
vn -0.2551 -0.9669 -0.0034
vn -0.2481 -0.9687 0.0094
vn -0.2223 -0.9750 -0.0046
vn -0.1727 -0.9849 -0.0111
vn -0.7546 -0.4310 0.4947
vn -0.1660 -0.9861 0.0089
vn -0.0171 -0.9981 -0.0595
vn -0.8731 -0.4876 0.0059
vn -0.8711 -0.4904 0.0250
vn -0.8634 -0.5045 -0.0067
vn -0.8453 -0.5322 0.0468
vn -0.8437 -0.5331 0.0637
vn -0.8325 -0.5525 -0.0407
vn -0.8258 -0.5461 -0.1410
vn -0.8100 -0.5841 0.0532
vn -0.8032 -0.5954 -0.0205
vn -0.6224 -0.7756 -0.1049
vn -0.6327 -0.7727 -0.0521
vn -0.6741 -0.7277 0.1269
vn -0.6728 -0.7391 -0.0333
vn -0.7034 -0.7108 0.0001
vn -0.7130 -0.7011 0.0001
vn -0.7255 -0.6772 0.1228
vn -0.7448 -0.6524 -0.1398
vn -0.7676 -0.6406 0.0192
vn -0.7850 -0.6189 -0.0276
vn -0.7862 -0.6179 0.0009
vn -0.7985 -0.6020 0.0009
vn -0.2275 -0.9738 -0.0006
vn -0.2551 -0.9658 0.0473
vn -0.2870 -0.9388 -0.1906
vn -0.2942 -0.9424 -0.1593
vn -0.3764 -0.9169 0.1326
vn -0.3950 -0.9187 -0.0044
vn -0.4256 -0.9049 -0.0032
vn -0.4512 -0.8924 -0.0032
vn -0.4761 -0.8640 0.1641
vn -0.5150 -0.8429 -0.1561
vn -0.5411 -0.8398 -0.0452
vn -0.5801 -0.8133 0.0455
vn -0.5739 -0.8189 -0.0001
vn -0.6104 -0.7921 -0.0001
vn 0.2435 -0.9616 -0.1265
vn 0.1326 -0.9762 0.1718
vn 0.1355 -0.9579 -0.2530
vn 0.0536 -0.9978 0.0383
vn 0.0314 -0.9995 -0.0029
vn -0.0140 -0.9999 -0.0028
vn -0.0218 -0.9843 -0.1750
vn -0.0859 -0.9958 0.0312
vn -0.1533 -0.9853 -0.0761
vn -0.1486 -0.9837 -0.1010
vn -0.2072 -0.9783 -0.0006
vn 0.2954 -0.9554 -0.0012
vn 0.2644 -0.9644 -0.0012
vn 0.2440 -0.9637 -0.1079
vn 0.5873 -0.6984 -0.4091
vn 0.4629 -0.8381 0.2887
vn 0.5102 -0.8601 0.0009
vn 0.4660 -0.8848 0.0009
vn 0.4628 -0.8840 -0.0669
vn 0.4239 -0.9023 0.0782
vn 0.3968 -0.8709 -0.2900
vn 0.3869 -0.9065 -0.1691
vn 0.2975 -0.9528 0.0600
vn -0.8828 -0.4688 -0.0294
vn -0.8397 -0.5419 0.0347
vn -0.8950 -0.4045 -0.1880
vn -0.8508 -0.5253 0.0146
vn -0.8624 -0.5061 -0.0072
vn -0.9173 -0.3513 -0.1874
vn -0.8586 -0.5127 0.0072
vn -0.8823 -0.4697 -0.0288
vn -0.8733 -0.4871 0.0004
vn -0.8735 -0.4869 -0.0002
vn -0.8725 -0.4887 0.0005
vn -0.8726 -0.4885 -0.0005
vn -0.8719 -0.4897 0.0003
vn -0.8720 -0.4895 -0.0016
vn -0.8700 -0.4930 0.0018
vn -0.8698 -0.4935 -0.0023
vn -0.8677 -0.4971 0.0029
vn -0.8670 -0.4984 -0.0030
vn -0.8653 -0.5012 0.0029
vn -0.8638 -0.5038 -0.0066
vn -0.8614 -0.5079 0.0056
vn -0.8586 -0.5125 -0.0105
vn -0.8559 -0.5171 0.0090
vn -0.8514 -0.5243 -0.0112
vn -0.8499 -0.5268 0.0111
vn -0.8435 -0.5370 -0.0101
vn -0.8436 -0.5369 0.0011
vn -0.8384 -0.5450 -0.0000
vn -0.8288 -0.5593 0.0173
vn -0.8287 -0.5593 -0.0210
vn -0.8356 -0.5493 -0.0000
vn -0.7908 -0.6121 -0.0000
vn -0.8232 -0.5677 0.0040
vn -0.8151 -0.5792 -0.0111
vn -0.8160 -0.5779 -0.0140
vn -0.7922 -0.6099 0.0220
vn -0.0448 -0.9990 -0.0000
vn -0.0458 -0.9989 0.0028
vn -0.1001 -0.9950 -0.0024
vn -0.7141 -0.6993 -0.0315
vn -0.7174 -0.6964 -0.0186
vn -0.6848 -0.7286 0.0138
vn -0.6787 -0.7345 -0.0000
vn -0.6495 -0.7604 -0.0000
vn -0.6459 -0.7634 -0.0055
vn -0.5964 -0.8026 0.0128
vn -0.5855 -0.8104 -0.0182
vn -0.5319 -0.8468 0.0059
vn -0.5245 -0.8514 -0.0000
vn -0.4776 -0.8786 -0.0000
vn -0.4777 -0.8785 0.0001
vn -0.3999 -0.9166 0.0002
vn -0.4083 -0.9127 0.0173
vn -0.3329 -0.9429 -0.0131
vn -0.3419 -0.9398 -0.0000
vn -0.2792 -0.9602 -0.0000
vn -0.2826 -0.9592 0.0053
vn -0.1951 -0.9807 -0.0101
vn -0.1998 -0.9798 0.0044
vn -0.1396 -0.9902 -0.0012
vn -0.1408 -0.9900 -0.0000
vn -0.1295 -0.9916 -0.0000
vn -0.1001 -0.9950 -0.0025
vn -0.7371 -0.6756 0.0158
vn -0.7661 -0.6408 -0.0498
vn -0.7581 -0.6522 -0.0000
vn 0.1616 -0.9869 -0.0000
vn 0.1573 -0.9876 -0.0018
vn 0.1528 -0.9883 0.0008
vn 0.1395 -0.9902 -0.0020
vn 0.1353 -0.9908 0.0014
vn 0.1168 -0.9931 -0.0027
vn 0.1166 -0.9932 -0.0023
vn 0.0901 -0.9959 0.0022
vn 0.0920 -0.9958 -0.0001
vn 0.0758 -0.9971 -0.0001
vn 0.0089 -1.0000 -0.0000
vn 0.0052 -0.9999 0.0087
vn 0.0556 -0.9984 -0.0074
vn 0.0495 -0.9988 0.0043
vn 0.0749 -0.9972 -0.0007
vn 0.0491 0.0387 -0.9980
vn 0.0425 0.0355 -0.9985
vn 0.0368 0.0356 -0.9987
vn 0.0468 0.0173 -0.9988
vn 0.0566 0.0216 -0.9982
vn 0.0443 0.0286 -0.9986
vn 0.0393 0.0303 -0.9988
vn 0.0389 0.0350 -0.9986
vn 0.0589 0.0174 -0.9981
vn 0.0659 0.0125 -0.9977
vn 0.0675 0.0110 -0.9977
vn 0.0756 0.0068 -0.9971
vn 0.0812 -0.0026 -0.9967
vn 0.1161 -0.0083 -0.9932
vn 0.1468 -0.0630 -0.9872
vn 0.1678 -0.0436 -0.9849
vn 0.1163 -0.0283 -0.9928
vn 0.0932 -0.0417 -0.9948
vn 0.2062 -0.0957 -0.9738
vn 0.2091 -0.0811 -0.9745
vn 0.2157 -0.0743 -0.9736
vn 0.3380 -0.1573 -0.9279
vn 0.2909 -0.1311 -0.9477
vn 0.2367 -0.0898 -0.9674
vn 0.5430 -0.2880 -0.7888
vn 0.4319 -0.2166 -0.8755
vn 0.4341 -0.2268 -0.8718
vn 0.3417 -0.1570 -0.9266
vn 0.7670 -0.3993 -0.5022
vn 0.7112 -0.3735 -0.5956
vn 0.6479 -0.3307 -0.6862
vn 0.7442 -0.4010 -0.5342
vn 0.8107 -0.4271 -0.4004
vn 0.8136 -0.4320 -0.3892
vn 0.8458 -0.4549 -0.2786
vn 0.8454 -0.4516 -0.2851
vn 0.8805 -0.4732 -0.0273
vn 0.8804 -0.4735 -0.0267
vn 0.8922 -0.4508 -0.0266
vn 0.8933 -0.4479 -0.0368
vn 0.8768 -0.4706 -0.0990
vn 0.8754 -0.4746 -0.0917
vn 0.8879 -0.4508 -0.0913
vn 0.8874 -0.4437 -0.1251
vn 0.7630 -0.3679 -0.5315
vn 0.8324 -0.4217 -0.3597
vn 0.8241 -0.4024 -0.3987
vn 0.8659 -0.4427 -0.2328
vn 0.8630 -0.4225 -0.2771
vn 0.8781 -0.4456 -0.1744
vn 0.8671 -0.4663 -0.1750
vn 0.8676 -0.4614 -0.1851
vn 0.6957 -0.3419 -0.6318
vn 0.5750 -0.2621 -0.7751
vn 0.5984 -0.2896 -0.7470
vn 0.3583 -0.1532 -0.9209
vn 0.3560 -0.1531 -0.9218
vn 0.3864 -0.1624 -0.9079
vn 0.4646 -0.2043 -0.8616
vn 0.4381 -0.2005 -0.8763
vn 0.5111 -0.2283 -0.8286
vn 0.1684 -0.0597 -0.9839
vn 0.1988 -0.0708 -0.9775
vn 0.2506 -0.1132 -0.9614
vn 0.2543 -0.1084 -0.9610
vn 0.2893 -0.1152 -0.9503
vn 0.3099 -0.1209 -0.9431
vn 0.3252 -0.1292 -0.9368
vn 0.2607 -0.1079 -0.9594
vn 0.2926 -0.1196 -0.9487
vn 0.3443 -0.1533 -0.9262
vn 0.3557 -0.1571 -0.9213
vn 0.4434 -0.2137 -0.8705
vn 0.4557 -0.2179 -0.8630
vn 0.5476 -0.2771 -0.7895
vn 0.5626 -0.2820 -0.7772
vn 0.6616 -0.3472 -0.6646
vn 0.6781 -0.3194 -0.6619
vn 0.7767 -0.3893 -0.4951
vn -0.8592 -0.5116 -0.0000
vn -0.8623 -0.5064 0.0011
vn -0.8623 -0.5064 0.0012
vn -0.8622 -0.5065 0.0011
vn -0.8613 -0.5081 0.0004
vn -0.8600 -0.5102 0.0001
vn -0.9689 -0.2476 -0.0000
vn 0.6631 0.7485 -0.0000
vn 0.9060 0.4232 -0.0065
vn 0.9010 0.4338 0.0013
vn 0.8935 0.4490 -0.0026
vn 0.8921 0.4519 0.0005
vn 0.8889 0.4581 0.0003
vn 0.8925 0.4510 -0.0056
vn 0.8938 0.4483 -0.0132
vn 0.0252 0.9997 0.0024
vn -0.0410 0.9991 0.0126
vn -0.1105 0.9928 0.0470
vn 0.4350 0.9004 0.0029
vn 0.2914 0.9559 0.0362
vn 0.3197 0.9472 0.0231
vn 0.1392 0.9903 -0.0002
vn 0.0692 0.9976 0.0001
vn -0.0205 0.0294 -0.9994
vn -0.1018 0.1462 -0.9840
vn -0.0812 0.1293 -0.9883
vn -0.1948 0.2568 -0.9466
vn -0.2545 0.3618 -0.8969
vn -0.5169 0.6424 -0.5659
vn -0.4436 0.6344 -0.6331
vn -0.4433 0.6342 -0.6335
vn -0.0987 0.1414 -0.9850
vn -0.4228 0.6084 -0.6716
vn -0.2887 0.4097 -0.8653
vn -0.2920 0.4253 -0.8567
vn -0.1032 0.1411 -0.9846
vn -0.1036 0.1485 -0.9835
vn -0.3359 0.4840 -0.8081
vn -0.4107 0.5827 -0.7012
vn -0.4328 0.6247 -0.6499
vn -0.5172 0.7403 -0.4295
vn -0.5230 0.7503 -0.4044
vn -0.0001 -0.0002 1.0000
vn 0.0018 0.0035 1.0000
vn -0.0018 -0.0036 1.0000
vn 0.0006 0.0014 1.0000
vn -0.0000 0.0001 1.0000
vn 0.5703 -0.8212 0.0194
vn 0.5677 -0.8190 0.0838
vn 0.5672 -0.8197 0.0799
vn 0.5712 -0.8186 0.0598
vn 0.5713 -0.8204 0.0238
vn 0.5668 -0.8167 0.1088
vn 0.5822 -0.8110 0.0583
vn 0.5676 -0.8194 0.0799
vn 0.5719 -0.8202 0.0163
vn 0.5705 -0.8211 0.0194
vn 0.7459 -0.6591 0.0964
vn 0.7225 -0.6893 0.0532
vn 0.6450 -0.7608 0.0720
vn 0.8723 -0.4843 0.0680
vn 0.9699 -0.2403 0.0394
vn 0.9814 -0.1878 0.0395
vn 0.9913 0.1313 0.0133
vn 0.9932 0.1153 0.0136
vn 0.9930 0.1179 0.0035
vn 0.9932 0.1167 0.0036
vn 0.9819 -0.1893 0.0107
vn 0.9819 -0.1891 0.0107
vn 0.8732 -0.4870 0.0170
vn 0.8734 -0.4868 0.0169
vn 0.6344 -0.7727 0.0221
vn 0.6853 -0.7281 0.0153
vn 0.8737 0.4861 -0.0205
vn 0.5685 0.8220 -0.0341
vn 0.1032 0.9934 -0.0493
vn 0.0911 0.9946 -0.0488
vn -0.3678 0.9284 -0.0529
vn -0.3772 0.9246 -0.0523
vn 0.8838 0.4678 -0.0049
vn 0.8318 0.5548 -0.0177
vn 0.5524 0.8329 -0.0337
vn -0.5663 0.8105 -0.1496
vn -0.5622 0.8095 -0.1693
vn -0.5572 0.7952 -0.2390
vn -0.5503 0.7903 -0.2695
vn -0.5741 0.8079 -0.1328
vn -0.5591 0.8282 -0.0380
vn -0.5717 0.8189 -0.0497
vn -0.1401 0.2083 -0.9680
vn -0.0471 0.2199 -0.9744
vn -0.5637 0.8258 -0.0202
vn -0.5701 0.8208 -0.0363
vn -0.5714 0.8198 -0.0379
vn -0.5728 0.8152 -0.0860
vn -0.5622 0.8162 -0.1333
vn -0.5638 0.8039 -0.1891
vn -0.5505 0.7997 -0.2396
vn -0.5440 0.7780 -0.3143
vn -0.3152 0.4790 -0.8193
vn -0.2390 0.3990 -0.8853
vn -0.2380 0.3853 -0.8916
vn -0.1711 0.3025 -0.9377
vn -0.1766 0.3041 -0.9361
vn -0.1418 0.2614 -0.9548
vn -0.1126 0.2275 -0.9672
vn -0.1206 0.2300 -0.9657
vn -0.0907 0.1947 -0.9767
vn -0.0817 0.1847 -0.9794
vn -0.0735 0.1642 -0.9837
vn -0.0453 0.1451 -0.9884
vn -0.0320 0.0941 -0.9950
vn -0.0236 0.1313 -0.9911
vn -0.0110 0.0854 -0.9963
vn -0.0004 0.0803 -0.9968
vn 0.0066 0.0700 -0.9975
vn 0.0085 0.0660 -0.9978
vn 0.0152 0.0624 -0.9979
vn 0.0177 0.0572 -0.9982
vn 0.0222 0.0523 -0.9984
vn 0.0243 0.0510 -0.9984
vn 0.0270 0.0457 -0.9986
vn 0.0311 0.0421 -0.9986
vn 0.0301 0.0418 -0.9987
vn 0.0345 0.0413 -0.9986
vn 0.0317 0.0426 -0.9986
vn -0.5448 0.7784 -0.3120
vn -0.5157 0.7578 -0.3997
vn -0.5076 0.7311 -0.4559
vn -0.4679 0.6966 -0.5439
vn -0.4548 0.6635 -0.5941
vn -0.4058 0.6151 -0.6760
vn -0.3899 0.5787 -0.7163
vn -0.3354 0.5230 -0.7835
vn -0.3152 0.4779 -0.8199
vn -0.2605 0.4298 -0.8645
vn -0.2525 0.3852 -0.8876
vn -0.2023 0.3512 -0.9142
vn -0.1858 0.2943 -0.9375
vn -0.1990 0.2966 -0.9341
vn -0.1246 0.2687 -0.9551
vn 0.1173 0.8850 -0.4506
vn 0.2302 0.3790 -0.8963
vn 0.9931 0.1173 -0.0060
vn 0.9938 0.1082 -0.0257
vn 0.9934 0.1130 -0.0220
vn 0.9900 0.1139 -0.0834
vn 0.9901 0.1135 -0.0831
vn 0.9760 0.0867 -0.1999
vn 0.9711 0.1052 -0.2140
vn 0.9399 0.1168 -0.3207
vn 0.9373 0.1144 -0.3292
vn 0.9189 0.1336 -0.3711
vn 0.8900 0.1422 -0.4331
vn 0.8497 0.2017 -0.4871
vn 0.6826 0.2323 -0.6929
vn 0.7170 0.2605 -0.6466
vn 0.5687 0.2789 -0.7739
vn 0.3127 0.3576 -0.8800
vn 0.4385 0.3608 -0.8231
vn 0.4819 0.3269 -0.8130
vn 0.6028 0.2967 -0.7407
vn 0.0114 0.3599 -0.9329
vn 0.0224 0.3651 -0.9307
vn 0.1014 0.3967 -0.9123
vn 0.0751 0.3641 -0.9283
vn 0.1768 0.3976 -0.9004
vn -0.1564 0.3011 -0.9407
vn -0.1392 0.3085 -0.9410
vn -0.0928 0.3223 -0.9421
vn -0.0945 0.3160 -0.9440
vn -0.0303 0.3606 -0.9322
vn -0.1831 0.2740 -0.9441
vn -0.1954 0.3098 -0.9305
vn -0.2032 0.2842 -0.9370
vn -0.2002 0.3013 -0.9323
vn -0.2053 0.3001 -0.9316
vn -0.1736 0.3334 -0.9267
vn -0.1817 0.3345 -0.9247
vn -0.1041 0.4399 -0.8920
vn -0.1207 0.4069 -0.9055
vn -0.1493 0.3890 -0.9090
vn -0.1493 0.3775 -0.9139
vn -0.1633 0.3582 -0.9193
vn -0.0162 0.4838 -0.8750
vn -0.0516 0.4588 -0.8870
vn -0.0506 0.4586 -0.8872
vn -0.0946 0.4410 -0.8925
vn -0.1155 0.4410 -0.8900
vn 0.1541 0.5016 -0.8513
vn 0.0947 0.5036 -0.8588
vn 0.0868 0.5032 -0.8598
vn 0.0685 0.5039 -0.8611
vn 0.0394 0.4853 -0.8735
vn 0.0265 0.4910 -0.8708
vn -0.0107 0.4845 -0.8747
vn -0.0199 0.4840 -0.8748
vn 0.2784 0.4584 -0.8440
vn 0.2293 0.4818 -0.8457
vn 0.2159 0.4980 -0.8399
vn 0.2057 0.4956 -0.8438
vn 0.1830 0.4942 -0.8499
vn 0.3297 0.4285 -0.8412
vn 0.3169 0.4268 -0.8470
vn 0.2753 0.4722 -0.8374
vn 0.3775 0.4000 -0.8352
vn 0.3517 0.4074 -0.8428
vn 0.3442 0.4140 -0.8427
vn 0.3508 0.3932 -0.8499
vn 0.3783 0.3862 -0.8412
vn 0.3799 0.3813 -0.8428
vn 0.3865 0.3740 -0.8431
vn 0.3891 0.3744 -0.8417
vn 0.3834 0.3772 -0.8430
vn 0.3745 0.3903 -0.8411
vn 0.3808 0.3813 -0.8423
vn 0.3831 0.3768 -0.8433
vn 0.3838 0.3766 -0.8431
vn 0.3867 0.3737 -0.8431
vn 0.3730 0.3907 -0.8416
vn 0.3567 0.4186 -0.8352
vn 0.3574 0.4203 -0.8340
vn 0.3229 0.4638 -0.8250
vn 0.3212 0.4644 -0.8253
vn 0.3106 0.4935 -0.8124
vn 0.2929 0.5288 -0.7966
vn 0.2640 0.5440 -0.7964
vn 0.2644 0.5831 -0.7681
vn 0.2390 0.6386 -0.7315
vn 0.2477 0.6643 -0.7052
vn 0.1990 0.7147 -0.6706
vn 0.1986 0.7425 -0.6397
vn 0.1762 0.7949 -0.5805
vn 0.1997 0.8284 -0.5234
vn 0.1274 0.8662 -0.4832
vn 0.1427 0.8629 -0.4849
vn 0.1799 0.8446 -0.5042
vn -0.0456 0.9149 -0.4010
vn -0.0967 0.9106 -0.4018
vn -0.0150 0.9510 -0.3089
vn 0.1958 0.5281 -0.8263
vn 0.1375 0.5705 -0.8097
vn 0.1375 0.6229 -0.7702
vn 0.0958 0.6649 -0.7408
vn 0.1055 0.7050 -0.7013
vn 0.0608 0.7616 -0.6452
vn 0.0747 0.7900 -0.6086
vn 0.0338 0.8508 -0.5244
vn 0.0467 0.8646 -0.5003
vn 0.0348 0.8946 -0.4456
vn 0.0733 0.9227 -0.3784
vn 0.2988 0.3133 -0.9014
vn 0.2939 0.3137 -0.9029
vn 0.2913 0.3250 -0.8997
vn 0.2757 0.3302 -0.9027
vn 0.2791 0.3450 -0.8961
vn 0.2536 0.3679 -0.8946
vn 0.2576 0.3781 -0.8892
vn 0.2236 0.4205 -0.8793
vn 0.2297 0.4345 -0.8709
vn 0.2051 0.4627 -0.8625
vn 0.1865 0.4998 -0.8458
vn 0.2597 0.3390 -0.9042
vn 0.2809 0.3282 -0.9019
vn 0.2815 0.3226 -0.9037
vn 0.2936 0.3168 -0.9019
vn 0.2936 0.3137 -0.9030
vn 0.2972 0.3114 -0.9026
vn 0.2982 0.3102 -0.9027
vn 0.1927 0.3794 -0.9049
vn 0.2086 0.3719 -0.9045
vn 0.2229 0.3596 -0.9061
vn 0.2291 0.3614 -0.9038
vn 0.2592 0.3438 -0.9026
vn 0.1631 0.3734 -0.9132
vn 0.1776 0.3836 -0.9063
vn 0.1492 0.3911 -0.9082
vn 0.1360 0.3916 -0.9100
vn 0.1273 0.3982 -0.9084
vn 0.1341 0.4946 -0.8587
vn 0.1119 0.5060 -0.8552
vn 0.1061 0.3924 -0.9136
vn 0.0750 0.4043 -0.9116
vn 0.0893 0.3898 -0.9166
vn 0.0443 0.3920 -0.9189
vn 0.0507 0.3880 -0.9203
vn 0.0159 0.3762 -0.9264
vn 0.0137 0.3769 -0.9262
vn -0.0097 0.3595 -0.9331
vn -0.0192 0.3597 -0.9329
vn -0.0398 0.3292 -0.9434
vn -0.0401 0.3293 -0.9434
vn -0.0555 0.3199 -0.9458
vn -0.0769 0.2987 -0.9512
vn -0.0649 0.2958 -0.9530
vn -0.1054 0.2667 -0.9580
vn -0.0871 0.2626 -0.9610
vn -0.1214 0.2355 -0.9643
vn -0.0988 0.2325 -0.9676
vn -0.0991 0.2276 -0.9687
vn -0.0640 0.2403 -0.9686
vn -0.0396 0.2645 -0.9636
vn -0.0299 0.2633 -0.9642
vn 0.0633 0.2813 -0.9575
vn 0.0665 0.2807 -0.9575
vn 0.1456 0.3060 -0.9408
vn 0.2176 0.2926 -0.9311
vn 0.2535 0.3062 -0.9176
vn 0.3838 0.2783 -0.8805
vn 0.2518 0.3811 -0.8896
vn 0.3514 0.3847 -0.8535
vn 0.3733 0.2732 -0.8866
vn 0.4900 0.2507 -0.8349
vn 0.5350 0.2112 -0.8181
vn 0.6085 0.2024 -0.7673
vn 0.6678 0.1446 -0.7302
vn 0.7216 0.1462 -0.6767
vn 0.7879 0.0778 -0.6108
vn 0.7607 0.2162 -0.6121
vn 0.8173 0.1829 -0.5465
vn 0.8190 0.0887 -0.5669
vn 0.8908 0.0198 -0.4540
vn 0.8812 0.0468 -0.4704
vn 0.9388 0.0026 -0.3444
vn 0.9403 -0.0023 -0.3403
vn 0.9781 -0.0084 -0.2079
vn 0.9763 0.0053 -0.2163
vn 0.9955 -0.0338 -0.0889
vn 0.9933 0.0123 -0.1153
vn 0.9995 -0.0204 -0.0233
vn 0.9994 -0.0022 -0.0341
vn -0.8884 0.4589 0.0112
vn -0.5204 0.2688 0.8105
vn -0.5443 0.2866 0.7884
vn -0.6088 0.2933 0.7371
vn -0.5872 0.2973 0.7529
vn -0.6554 0.3418 0.6735
vn -0.6630 0.3425 0.6657
vn -0.7049 0.3640 0.6088
vn -0.7028 0.3637 0.6114
vn -0.7285 0.3759 0.5727
vn -0.7753 0.3898 0.4969
vn -0.7788 0.4069 0.4774
vn -0.8228 0.4236 0.3790
vn -0.8261 0.4287 0.3658
vn -0.8341 0.4308 0.3445
vn -0.8489 0.4384 0.2953
vn -0.8765 0.4191 0.2368
vn -0.8702 0.4648 0.1636
vn -0.9039 0.4248 0.0499
vn -0.8926 0.4494 0.0373
vn -0.8843 0.4578 0.0919
vn -0.8837 0.4551 0.1099
vn -0.8791 0.4581 0.1314
vn 0.3268 0.9451 0.0021
vn 0.4824 0.8760 0.0010
vn 0.5001 0.8648 0.0437
vn 0.3870 0.9210 -0.0443
vn 0.4075 0.9132 0.0004
vn 0.3411 0.9400 0.0004
vn 0.2793 0.9600 -0.0201
vn 0.2687 0.9626 -0.0349
vn 0.1620 0.9858 0.0441
vn 0.1373 0.9905 -0.0000
vn 0.0585 0.9983 -0.0027
vn 0.0488 0.9988 -0.0001
vn 0.0222 0.9998 0.0004
vn -0.0734 0.9963 0.0449
vn -0.0610 0.9944 0.0858
vn -0.1872 0.9816 -0.0377
vn -0.1611 0.9869 0.0005
vn -0.2121 0.9773 0.0005
vn -0.2423 0.9702 -0.0089
vn -0.3057 0.9505 0.0551
vn -0.3499 0.9357 -0.0450
vn -0.4082 0.9129 0.0101
vn -0.4288 0.9034 -0.0000
vn -0.4884 0.8724 -0.0214
vn -0.4919 0.8705 -0.0139
vn -0.5545 0.8322 0.0073
vn -0.5806 0.8130 0.0433
vn -0.5958 0.8031 0.0001
vn -0.6234 0.7819 0.0001
vn -0.6280 0.7782 -0.0008
vn -0.6813 0.7316 0.0247
vn -0.6789 0.7328 0.0451
vn -0.7397 0.6726 -0.0219
vn -0.7382 0.6744 -0.0119
vn -0.7530 0.6580 -0.0003
vn -0.7556 0.6550 -0.0003
vn -0.7417 0.6696 -0.0389
vn -0.7341 0.6781 0.0344
vn -0.6956 0.7183 -0.0069
vn -0.6747 0.7380 0.0122
vn -0.6814 0.7319 0.0009
vn -0.6232 0.7821 0.0008
vn -0.6282 0.7775 -0.0277
vn -0.5753 0.8179 0.0033
vn -0.5116 0.8591 -0.0151
vn -0.5065 0.8623 0.0019
vn -0.4461 0.8950 -0.0002
vn -0.4448 0.8956 -0.0000
vn -0.3804 0.9248 -0.0000
vn -0.3711 0.9283 0.0239
vn -0.2266 0.9737 -0.0228
vn -0.2129 0.9771 0.0054
vn -0.1469 0.9892 0.0005
vn -0.0855 0.9963 0.0003
vn -0.1066 0.9937 -0.0346
vn 0.0019 0.9980 0.0632
vn -0.0012 0.9994 -0.0359
vn 0.1128 0.9935 0.0176
vn 0.3098 0.9508 -0.0026
vn 0.0927 0.9950 -0.0383
vn 0.1172 0.9931 -0.0002
vn 0.1870 0.9824 0.0002
vn 0.1803 0.9835 -0.0133
vn 0.2146 0.9766 0.0107
vn 0.2004 0.9797 -0.0104
vn 0.2392 0.9708 0.0167
vn 0.2579 0.9659 -0.0228
vn 0.2744 0.9616 0.0109
vn 0.2742 0.9616 -0.0108
vn 0.2844 0.9586 0.0095
vn 0.2874 0.9577 -0.0121
vn 0.2870 0.9579 0.0094
vn 0.3087 0.9511 -0.0096
vn 0.3095 0.9509 -0.0035
vn 0.3229 0.9464 0.0002
vn 0.3220 0.9467 -0.0011
vn 0.3168 0.9485 0.0009
vn 0.3144 0.9493 0.0024
vn -0.4079 0.1951 0.8919
vn -0.3700 0.1909 0.9092
vn -0.3826 0.1948 0.9031
vn -0.3926 0.1972 0.8983
vn -0.4382 0.2066 0.8748
vn -0.3895 0.2171 0.8951
vn -0.3806 0.2193 0.8984
vn -0.4983 0.2573 0.8279
vn -0.4887 0.2466 0.8369
vn -0.4610 0.2460 0.8526
vn -0.4750 0.2437 0.8456
vn -0.4402 0.2293 0.8681
vn -0.4098 0.2337 0.8817
vn -0.3470 0.1793 0.9206
vn -0.3313 0.1719 0.9278
vn -0.3177 0.1670 0.9334
vn -0.3035 0.1627 0.9388
vn -0.2945 0.1630 0.9417
vn -0.3221 0.1538 0.9341
vn -0.2782 0.1574 0.9475
vn -0.2983 0.1405 0.9441
vn -0.2367 0.1347 0.9622
vn -0.2267 0.1405 0.9638
vn -0.2565 0.1180 0.9593
vn -0.1946 0.1106 0.9746
vn -0.1671 0.0863 0.9822
vn -0.1852 0.0956 0.9780
vn -0.2176 0.1062 0.9702
vn -0.1462 0.0773 0.9862
vn -0.1316 0.0767 0.9883
vn -0.1582 0.0756 0.9845
vn -0.1097 0.0639 0.9919
vn -0.1359 0.0541 0.9892
vn -0.0866 0.0602 0.9944
vn -0.0509 0.0263 0.9984
vn -0.0553 0.0309 0.9980
vn -0.0742 0.0363 0.9966
vn -0.0673 0.0353 0.9971
vn -0.0913 0.0462 0.9948
vn -0.1160 0.0454 0.9922
vn -0.0404 0.0208 0.9990
vn -0.0361 0.0192 0.9992
vn -0.0419 0.0204 0.9989
vn -0.0276 0.0170 0.9995
vn -0.0099 0.0051 0.9999
vn -0.0100 0.0052 0.9999
vn -0.0113 0.0055 0.9999
vn -0.0134 0.0071 0.9999
vn -0.0145 0.0081 0.9999
vn -0.0179 0.0082 0.9998
vn -0.0204 0.0105 0.9997
vn -0.0309 0.0161 0.9994
vn -0.0074 0.0038 1.0000
vn -0.0021 -0.0010 1.0000
vn -0.0011 -0.0009 1.0000
vn 0.0136 -0.0054 0.9999
vn 0.0142 -0.0072 0.9999
vn 0.0324 -0.0170 0.9993
vn 0.0319 -0.0043 0.9995
vn 0.0404 -0.0378 0.9985
vn 0.0451 -0.0152 0.9989
vn 0.0574 -0.0296 0.9979
vn 0.0664 -0.0343 0.9972
vn 0.0638 -0.0315 0.9975
vn 0.1232 -0.0498 0.9911
vn 0.1052 -0.0934 0.9901
vn 0.1050 -0.0151 0.9944
vn 0.0855 -0.0606 0.9945
vn 0.0717 -0.0392 0.9967
vn 0.2948 -0.1146 0.9487
vn 0.1449 -0.0736 0.9867
vn 0.1519 -0.0784 0.9853
vn 0.1707 -0.0882 0.9814
vn 0.1759 -0.0997 0.9793
vn 0.2318 -0.1086 0.9667
vn 0.2519 -0.1621 0.9541
vn 0.3313 -0.1470 0.9320
vn 0.5886 0.8084 -0.0000
vn 0.8908 0.4543 0.0022
vn 0.8760 0.4823 -0.0036
vn 0.8755 0.4832 0.0031
vn 0.9222 0.3867 -0.0112
vn 0.8936 0.4488 0.0001
vn 0.9025 0.4308 -0.0002
vn 0.9012 0.4334 0.0022
vn 0.9091 0.4165 -0.0017
vn 0.9081 0.4188 -0.0003
vn 0.9167 0.3997 0.0004
vn 0.9203 0.3911 -0.0061
vn 0.8367 0.5476 0.0056
vn 0.8561 0.5168 -0.0034
vn 0.8571 0.5152 -0.0000
vn 0.8458 0.5335 0.0001
vn 0.8457 0.5337 -0.0000
vn 0.8422 0.5391 -0.0000
vn 0.8247 0.5653 -0.0195
vn 0.8221 0.5688 -0.0259
vn 0.8047 0.5926 0.0372
vn 0.7935 0.6086 -0.0001
vn 0.7790 0.6270 -0.0001
vn 0.7725 0.6350 0.0013
vn 0.7716 0.6361 -0.0000
vn 0.7569 0.6536 -0.0006
vn 0.7194 0.6925 -0.0540
vn 0.7393 0.6719 0.0456
vn 0.6994 0.7147 -0.0001
vn 0.6745 0.7383 -0.0001
vn 0.6637 0.7478 -0.0173
vn 0.6547 0.7558 -0.0081
vn 0.5988 0.8003 0.0320
vn 0.5576 -0.8286 0.0503
vn 0.5576 -0.8286 0.0504
vn -0.9305 -0.0493 0.3629
vn -0.3421 -0.3463 0.8735
vn -0.2379 -0.4024 0.8840
vn -0.2198 -0.4081 0.8861
vn -0.2125 -0.4115 0.8863
vn -0.2045 -0.4208 0.8838
vn -0.1840 -0.4133 0.8918
vn -0.1777 -0.4191 0.8904
vn -0.1607 -0.4242 0.8912
vn -0.1608 -0.4241 0.8912
vn -0.1452 -0.4226 0.8946
vn -0.1288 -0.4169 0.8998
vn -0.1282 -0.4178 0.8994
vn -0.1066 -0.4236 0.8996
vn -0.1063 -0.4237 0.8995
vn -0.0838 -0.4118 0.9074
vn -0.0854 -0.4098 0.9082
vn -0.0593 -0.4162 0.9074
vn -0.0640 -0.4131 0.9084
vn -0.0412 -0.4039 0.9139
vn -0.0352 -0.4097 0.9115
vn -0.0170 -0.3888 0.9212
vn -0.0148 -0.3896 0.9208
vn 0.0018 -0.3855 0.9227
vn -0.0075 -0.3818 0.9242
vn 0.0185 -0.3834 0.9234
vn 0.0018 -0.3714 0.9285
vn 0.0349 -0.3725 0.9274
vn 0.0213 -0.3637 0.9313
vn 0.0401 -0.3559 0.9336
vn 0.0469 -0.3367 0.9404
vn 0.0403 -0.3343 0.9416
vn 0.1199 -0.2561 0.9592
vn 0.1062 -0.2826 0.9533
vn 0.1006 -0.2707 0.9574
vn 0.0827 -0.3190 0.9441
vn 0.0746 -0.2973 0.9519
vn 0.0645 -0.3388 0.9387
vn 0.1395 -0.2489 0.9584
vn 0.1134 -0.2384 0.9645
vn 0.1153 -0.2356 0.9650
vn 0.0799 -0.2539 0.9639
vn 0.0770 -0.2433 0.9669
vn -0.0078 -0.3046 0.9525
vn -0.0077 -0.2747 0.9615
vn -0.1175 -0.3278 0.9374
vn -0.1716 -0.3114 0.9346
vn -0.2579 -0.3274 0.9090
vn -0.5317 -0.2344 0.8139
vn -0.4308 -0.2957 0.8526
vn -0.2977 -0.2927 0.9087
vn -0.7970 -0.1233 0.5913
vn -0.7226 -0.1577 0.6730
vn -0.6969 -0.1525 0.7008
vn -0.6505 -0.1946 0.7341
vn -0.5592 -0.2397 0.7936
vn -0.9101 -0.0427 0.4122
vn -0.8760 -0.1003 0.4717
vn -0.8490 -0.0938 0.5200
vn -0.8147 -0.1124 0.5689
vn -0.7856 -0.1219 0.6066
vn -0.9997 0.0017 0.0259
vn -0.9419 -0.3288 0.0688
vn -0.9555 -0.0305 0.2934
vn -0.9572 -0.0254 0.2881
vn -0.9836 -0.0259 0.1785
vn -0.9812 -0.0384 0.1893
vn -0.9938 -0.0229 0.1088
vn -0.9911 -0.0342 0.1289
vn -0.9977 -0.0328 0.0597
vn -0.9986 -0.0191 0.0497
vn -0.9979 -0.0626 0.0144
vn -0.2901 -0.3637 0.8852
vn -0.2854 -0.3735 0.8826
vn -0.2722 -0.3801 0.8840
vn -0.2716 -0.3816 0.8835
vn -0.2587 -0.3902 0.8836
vn -0.2599 -0.3883 0.8841
vn -0.2398 -0.4033 0.8831
vn -0.2906 -0.3614 0.8860
vn -0.3272 -0.3611 0.8732
vn -0.2955 -0.3460 0.8905
vn -0.3124 -0.3465 0.8845
vn -0.3272 -0.3462 0.8792
vn -0.3268 -0.3409 0.8814
vn -0.3315 -0.3376 0.8810
vn -0.3313 -0.3386 0.8807
vn -0.3322 -0.3375 0.8807
vn -0.3339 -0.3364 0.8805
vn -0.3339 -0.3361 0.8806
vn -0.3344 -0.3393 0.8792
vn -0.3348 -0.3400 0.8788
vn -0.3325 -0.3454 0.8776
vn -0.3327 -0.3470 0.8769
vn -0.3215 -0.3598 0.8759
vn -0.3525 -0.4309 0.8307
vn -0.2938 -0.3998 0.8682
vn -0.3230 -0.3770 0.8681
vn -0.3152 -0.3504 0.8820
vn -0.2791 -0.3991 0.8734
vn -0.2843 -0.3936 0.8742
vn -0.2896 -0.3941 0.8722
vn -0.3457 -0.3967 0.8504
vn 0.4258 -0.7468 0.5109
vn 0.4151 -0.5539 0.7217
vn 0.4207 -0.5157 0.7464
vn 0.2573 -0.5061 0.8232
vn 0.5335 -0.8045 0.2609
vn 0.5328 -0.8034 0.2658
vn 0.4693 -0.7212 0.5095
vn 0.3705 -0.5839 0.7224
vn 0.4292 -0.6585 0.6182
vn 0.3589 -0.5873 0.7255
vn 0.4850 -0.7268 0.4864
vn 0.5215 -0.7580 0.3918
vn 0.2674 -0.4375 0.8585
vn 0.3555 -0.5636 0.7456
vn 0.2983 -0.4843 0.8225
vn 0.2067 -0.3715 0.9051
vn 0.9163 0.3882 0.0986
vn 0.9191 0.3789 0.1085
vn 0.8517 0.5194 -0.0697
vn 0.8411 0.5363 -0.0701
vn -0.5484 -0.6652 0.5068
vn 0.8594 0.1399 0.4918
vn 0.8551 0.5156 -0.0543
vn -0.3528 0.9253 -0.1392
vn -0.3527 0.9253 -0.1394
vn -0.5234 0.7501 -0.4042
vn -0.5231 0.7503 -0.4043
vn -0.6265 0.4737 -0.6190
vn -0.6263 0.4737 -0.6192
vn -0.6494 0.2294 -0.7250
vn -0.6495 0.2293 -0.7250
vn -0.4408 0.8970 -0.0322
vn -0.4083 0.8114 -0.4181
vn -0.6564 0.7000 -0.2812
vn -0.4725 0.5921 -0.6528
vn -0.7808 0.4175 -0.4648
vn -0.5101 0.3205 -0.7982
vn -0.6490 0.2295 -0.7253
vn -0.4257 0.9049 -0.0000
vn -0.6025 0.7981 -0.0082
vn -0.7882 0.6155 -0.0021
vn -0.9768 0.2141 -0.0000
vn -0.9976 -0.0610 -0.0340
vn -0.9999 0.0096 -0.0100
vn -0.4228 0.9061 -0.0162
vn -0.4351 0.8768 0.2047
vn -0.9933 0.1151 -0.0049
vn -0.8481 0.1858 0.4961
vn -0.8580 0.3530 -0.3731
vn -0.9847 0.1728 -0.0215
vn -0.9503 0.1177 -0.2883
vn -0.9116 0.3775 0.1626
vn -0.8951 0.3883 0.2191
vn -0.8366 0.5255 -0.1548
vn -0.7089 0.6798 0.1882
vn -0.7005 0.5470 0.4584
vn -0.7017 0.6823 -0.2050
vn -0.7125 0.6803 0.1719
vn -0.3764 0.8636 -0.3354
vn -0.4520 0.8917 -0.0239
vn -0.3837 0.9164 -0.1137
vn -0.7015 0.6966 -0.1507
vn -0.7088 0.5041 -0.4935
vn -0.7967 0.1819 -0.5763
vn -0.7841 0.2294 -0.5767
vn -0.4474 0.8919 -0.0667
vn -0.4740 0.8727 -0.1173
vn -0.5459 0.8207 -0.1684
vn -0.5939 0.7278 -0.3429
vn -0.7611 0.4268 -0.4884
vn -0.8302 0.5223 -0.1951
vn -0.8513 0.4760 -0.2207
vn -0.9033 0.3689 -0.2189
vn -0.9511 0.1966 -0.2381
vn -0.9605 0.1584 -0.2287
vn -0.7719 0.1110 -0.6260
vn -0.9738 0.0373 -0.2241
vn -0.9740 0.0372 -0.2234
vn -0.7743 0.0878 -0.6266
vn -0.7931 0.0835 -0.6034
vn -0.7890 0.1197 -0.6026
vn -0.8006 0.1073 -0.5895
vn -0.9692 0.0493 -0.2414
vn -0.9736 0.0455 -0.2235
vn -0.9997 0.0119 -0.0202
vn -0.7832 -0.6039 -0.1478
vn -0.7852 -0.6129 -0.0880
vn -0.2555 -0.0953 -0.9621
vn -0.4138 -0.2300 -0.8808
vn -0.2319 -0.1554 -0.9603
vn -0.5002 -0.3435 -0.7949
vn -0.3756 -0.2726 -0.8858
vn -0.6166 -0.4388 -0.6537
vn -0.5032 -0.3784 -0.7769
vn -0.7068 -0.5171 -0.4828
vn -0.6161 -0.4734 -0.6295
vn -0.7879 -0.6081 -0.0972
vn -0.7864 -0.6099 -0.0977
vn -0.7937 -0.6006 -0.0969
vn -0.7530 -0.5962 -0.2784
vn -0.0903 -0.0274 -0.9955
vn -0.2280 -0.1369 -0.9640
vn -0.3693 -0.2343 -0.8993
vn -0.3868 -0.2121 -0.8975
vn -0.5194 -0.3190 -0.7928
vn -0.5953 -0.3974 -0.6984
vn -0.6291 -0.4227 -0.6523
vn -0.7288 -0.5251 -0.4394
vn -0.7100 -0.5130 -0.4825
vn -0.7684 -0.5690 -0.2928
vn -0.7660 -0.5721 -0.2930
vn -0.6977 -0.5459 -0.4638
vn -0.8248 0.5655 -0.0000
vn -0.9815 -0.1917 -0.0008
vn -1.0000 0.0047 -0.0000
vn 0.0351 0.0136 -0.9993
vn 0.0390 0.0154 -0.9991
vn 0.0342 0.0133 -0.9993
vn 0.0321 0.0133 -0.9994
vn 0.0315 0.0142 -0.9994
vn 0.0199 0.0185 -0.9996
vn 0.0229 0.0196 -0.9995
vn 0.0251 0.0178 -0.9995
vn -0.0197 -0.0186 0.9996
vn -0.0236 -0.0200 0.9995
vn -0.0333 -0.0114 0.9994
vn -0.0310 -0.0146 0.9994
vn -0.0314 -0.0141 0.9994
vn -0.0318 -0.0137 0.9994
vn -0.0323 -0.0135 0.9994
vn -0.0328 -0.0134 0.9994
vn -0.0331 -0.0133 0.9994
vn -0.0333 -0.0133 0.9994
vn -0.0341 -0.0134 0.9993
vn -0.0351 -0.0136 0.9993
vn -0.0350 -0.0136 0.9993
vn -0.0385 -0.0152 0.9991
vn 0.1368 -0.1391 0.9808
vn 0.1720 -0.1716 0.9700
vn 0.3882 -0.3974 0.8315
vn 0.4172 -0.4243 0.8037
vn 0.6876 -0.6994 0.1951
vn 0.6951 -0.7162 0.0625
vn 0.6777 -0.6893 0.2561
vn 0.5829 -0.5929 0.5556
vn 0.6136 -0.6306 0.4753
vn 0.5402 -0.5494 0.6374
vn 0.1066 -0.0452 0.9933
vn 0.1864 -0.0677 0.9801
vn 0.1550 -0.1211 0.9805
vn 0.4405 -0.3440 0.8293
vn 0.6077 -0.2623 0.7496
vn 0.5198 -0.2083 0.8285
vn 0.4352 -0.1847 0.8812
vn 0.2843 -0.1206 0.9511
vn 0.7935 -0.3276 0.5129
vn 0.7659 -0.3290 0.5525
vn 0.6570 -0.5131 0.5523
vn 0.7732 -0.6039 0.1935
vn 0.8955 -0.4007 0.1939
vn 0.9164 -0.3840 0.1130
vn 0.9423 -0.2811 0.1816
vn 0.5834 0.1558 0.7971
vn 0.5664 0.1850 0.8031
vn 0.6703 0.3762 0.6396
vn 0.6238 0.2704 0.7333
vn 0.7385 0.5435 0.3990
vn 0.7336 0.5120 0.4468
vn 0.7409 0.6580 0.1343
vn 0.5931 0.1351 0.7937
vn 0.6735 0.2747 0.6862
vn 0.7027 0.3437 0.6230
vn 0.7426 0.6569 0.1305
vn 0.7423 0.6578 0.1277
vn 0.7594 0.5777 0.2992
vn 0.7553 0.5266 0.3902
vn 0.7535 0.4993 0.4278
vn 0.7186 0.3765 0.5846
vn 0.7399 0.6537 0.1589
vn 0.7360 0.6638 0.1330
vn 0.7407 0.6588 0.1319
vn 0.7507 0.5312 0.3928
vn 0.6943 0.3521 0.6276
vn 0.6944 0.3521 0.6276
vn 0.5916 0.1662 0.7889
vn 0.5859 0.1257 0.8006
vn 0.4669 0.6009 0.6488
vn 0.5271 0.2979 0.7959
vn 0.5138 0.1206 0.8494
vn 0.5548 0.0798 0.8282
vn 0.5514 0.0814 0.8302
vn 0.5560 0.0798 0.8273
vn 0.5556 0.1238 0.8222
vn 0.5558 0.1239 0.8220
vn 0.5451 0.1605 0.8229
vn 0.5332 0.1597 0.8307
vn 0.5981 0.1301 0.7908
vn 0.5887 0.1312 0.7977
vn 0.6965 0.2510 0.6722
vn 0.7340 0.5184 0.4388
vn 0.6941 0.7024 0.1576
vn 0.3281 0.8284 0.4541
vn 0.2982 0.8843 0.3593
vn 0.2642 0.9149 0.3051
vn 0.4962 0.4293 0.7546
vn 0.4554 0.5001 0.7365
vn 0.5142 0.4935 0.7014
vn 0.5615 0.4157 0.7155
vn 0.5698 0.4133 0.7103
vn 0.6030 0.3314 0.7257
vn 0.5924 0.3363 0.7321
vn 0.6188 0.2119 0.7565
vn 0.6379 0.1981 0.7442
vn 0.6930 0.4014 0.5988
vn 0.3871 0.7476 0.5397
vn 0.3299 0.8001 0.5010
vn 0.4163 0.7909 0.4485
vn 0.4817 0.7328 0.4805
vn 0.5242 0.7205 0.4540
vn 0.5776 0.6550 0.4872
vn 0.6211 0.6344 0.4601
vn 0.6607 0.5596 0.5004
vn 0.7280 0.5104 0.4577
vn 0.7167 0.6182 0.3228
vn 0.1464 0.9780 0.1485
vn 0.1958 0.9670 0.1632
vn 0.2612 0.9546 0.1434
vn 0.2800 0.9474 0.1551
vn 0.4138 0.8955 0.1638
vn 0.4228 0.8900 0.1710
vn 0.5446 0.8247 0.1524
vn 0.5868 0.7862 0.1936
vn 0.6950 0.7077 0.1266
vn -0.6700 0.7424 -0.0000
vn -0.5648 0.8252 0.0048
vn -0.5823 0.8130 0.0072
vn -0.2060 0.9785 0.0084
vn -0.2501 0.9682 0.0037
vn -0.4406 0.8977 -0.0018
vn 0.3105 0.9506 0.0013
vn 0.1742 0.9846 0.0118
vn 0.2226 0.9749 0.0059
vn 0.0704 0.9975 0.0005
vn -0.0608 0.9981 -0.0007
vn 0.4862 0.8738 -0.0010
vn 0.5787 0.8155 0.0050
vn -0.6786 0.7153 0.1669
vn -0.6864 0.7063 0.1732
vn -0.6860 0.7089 0.1642
vn -0.5823 0.6163 0.5301
vn -0.5979 0.6198 0.5082
vn -0.0947 0.1496 0.9842
vn -0.2325 0.2842 0.9301
vn -0.3569 0.3938 0.8471
vn -0.3704 0.4194 0.8288
vn -0.4943 0.5381 0.6827
vn 0.0231 0.1149 0.9931
vn -0.6771 0.7084 0.1992
vn -0.5141 0.6303 0.5818
vn -0.5624 0.6362 0.5282
vn -0.2547 0.4122 0.8748
vn -0.3161 0.4344 0.8434
vn -0.0235 0.1865 0.9822
vn -0.0684 0.1062 0.9920
vn 0.3522 0.6179 0.7030
vn 0.0821 0.1729 0.9815
vn 0.0866 0.1307 0.9876
vn 0.1293 0.1926 0.9727
vn 0.1315 0.1570 0.9788
vn 0.2314 0.1997 0.9521
vn 0.2386 0.1496 0.9595
vn 0.3576 0.2165 0.9085
vn 0.3594 0.1514 0.9208
vn -0.1406 0.8249 0.5475
vn 0.4797 0.1215 0.8690
vn 0.4841 0.1709 0.8582
vn 0.4515 0.2996 0.8405
vn 0.4255 0.4305 0.7960
vn 0.2765 0.7800 0.5613
vn 0.2898 0.7477 0.5974
vn 0.3639 0.6024 0.7104
vn 0.0345 0.9903 0.1345
vn 0.0476 0.9767 0.2093
vn 0.1566 0.9154 0.3709
vn 0.1778 0.8996 0.3989
vn 0.1885 0.8848 0.4262
vn 0.2349 0.8277 0.5096
vn -0.4777 0.6651 0.5739
vn -0.4409 0.6748 0.5918
vn -0.3783 0.7242 0.5766
vn -0.3494 0.7300 0.5874
vn -0.6348 0.7488 0.1905
vn -0.6264 0.7540 0.1977
vn -0.5405 0.8164 0.2033
vn -0.5219 0.8247 0.2179
vn -0.3349 0.9180 0.2126
vn -0.2189 0.4471 0.8673
vn -0.1782 0.4484 0.8759
vn -0.1315 0.4852 0.8645
vn -0.1012 0.4847 0.8688
vn -0.0259 0.5322 0.8462
vn -0.2811 0.7736 0.5680
vn -0.2425 0.7760 0.5823
vn -0.4536 0.8719 0.1847
vn -0.3435 0.9077 0.2409
vn 0.1860 0.5913 0.7847
vn 0.1652 0.6526 0.7395
vn 0.0877 0.7503 0.6552
vn 0.0649 0.7991 0.5976
vn -0.0138 0.8693 0.4942
vn 0.4257 0.4277 0.7974
vn 0.2738 0.4040 0.8728
vn 0.2559 0.4745 0.8422
vn 0.0904 0.4136 0.9060
vn 0.0082 0.5966 0.8025
vn -0.0025 0.6513 0.7588
vn -0.0917 0.7450 0.6608
vn -0.1129 0.8812 0.4590
vn -0.0374 0.9033 0.4273
vn -0.2002 0.9656 0.1661
vn -0.1319 0.9670 0.2179
vn 0.0389 -0.0035 0.9992
vn 0.0124 0.0003 0.9999
vn 0.0260 -0.0020 0.9997
vn 0.0205 0.0001 0.9998
vn 0.0273 -0.0011 0.9996
vn 0.0169 -0.0017 0.9999
vn 0.0182 -0.0004 0.9998
vn 0.1965 -0.0265 0.9801
vn 0.3860 -0.0463 0.9213
vn 0.3858 -0.0464 0.9214
vn 0.5393 -0.0377 0.8413
vn 0.5089 -0.0460 0.8596
vn 0.5067 -0.0659 0.8596
vn 0.5427 -0.0638 0.8375
vn 0.5238 -0.0716 0.8488
vn 0.4034 -0.0082 0.9150
vn 0.3609 -0.0003 0.9326
vn 0.3193 -0.0054 0.9477
vn 0.0124 0.0002 0.9999
vn 0.0480 -0.0012 0.9988
vn 0.1285 0.0173 0.9916
vn 0.1657 0.0506 0.9849
vn 0.1909 0.0819 0.9782
vn 0.1473 -0.0060 0.9891
vn 0.1670 0.0025 0.9860
vn 0.1664 -0.0131 0.9860
vn 0.1567 -0.0174 0.9875
vn 0.0293 -0.0017 0.9996
vn 0.0340 -0.0038 0.9994
vn 0.1947 -0.0273 0.9805
vn 0.1965 -0.0108 0.9805
vn 0.3876 -0.0312 0.9213
vn 0.3600 -0.0238 0.9326
vn 0.5134 -0.0405 0.8572
vn 0.4603 -0.0059 0.8878
vn 0.4900 -0.0122 0.8716
vn 0.9795 0.0548 0.1939
vn 0.1247 0.0049 0.9922
vn 0.1145 -0.0167 0.9933
vn 0.1204 -0.0186 0.9925
vn 0.3043 -0.0485 0.9513
vn 0.4611 -0.0936 0.8824
vn 0.5588 0.0180 0.8291
vn 0.6595 0.0424 0.7505
vn 0.8324 0.0399 0.5528
vn 0.8566 0.0526 0.5133
vn 0.9809 0.0529 0.1873
vn 0.9718 -0.1596 0.1736
vn 0.1981 -0.0020 0.9802
vn 0.3981 0.0330 0.9168
vn 0.3933 -0.0629 0.9172
vn 0.6522 -0.1052 0.7507
vn 0.6523 -0.1052 0.7507
vn 0.8471 -0.1370 0.5134
vn 0.8472 -0.1370 0.5134
vn 0.9709 -0.1575 0.1805
vn 0.1870 0.0637 0.9803
vn -0.0248 0.5340 0.8451
vn -0.2295 0.7985 0.5565
vn -0.2401 0.8312 0.5015
vn -0.0273 0.4624 0.8862
vn 0.0541 0.1900 0.9803
vn 0.1114 0.1631 0.9803
vn 0.1573 0.1196 0.9803
vn 0.3161 0.4629 0.8281
vn 0.1535 0.5391 0.8281
vn 0.0051 0.5578 0.8300
vn 0.0065 0.1956 0.9807
vn 0.0125 0.1748 0.9845
vn 0.4707 0.6894 0.5506
vn 0.2287 0.8029 0.5506
vn -0.0369 0.8340 0.5506
vn -0.0353 0.8300 0.5566
vn -0.2543 0.7900 0.5579
vn 0.5306 0.1808 0.8281
vn 0.7902 0.2692 0.5506
vn 0.9288 0.3165 0.1927
vn 0.4462 0.3393 0.8281
vn 0.6645 0.5052 0.5506
vn 0.7960 0.6052 -0.0052
vn 0.8234 0.5331 0.1944
vn -0.3457 0.9183 0.1928
vn -0.1287 0.9724 0.1946
vn -0.0442 0.9990 -0.0045
vn 0.0287 0.9805 0.1944
vn 0.2688 0.9437 0.1927
vn 0.5533 0.8104 0.1927
vn 0.7274 0.6580 0.1945
vn -0.0566 0.0999 -0.9934
vn -0.0973 0.1691 -0.9808
vn -0.1499 0.2647 -0.9526
vn -0.2737 0.4835 -0.8315
vn -0.3141 0.5494 -0.7743
vn -0.2303 0.4069 -0.8840
vn -0.4832 0.8535 -0.1951
vn -0.4835 0.8539 -0.1928
vn -0.4096 0.7236 -0.5556
vn -0.4200 0.7400 -0.5254
vn -0.3598 0.6356 -0.6830
vn 0.9841 -0.1709 0.0473
vn 0.8765 -0.4776 0.0597
vn 0.9204 -0.3910 0.0002
vn 0.9612 -0.2757 -0.0002
vn 0.6791 -0.7322 0.0520
vn 0.7724 -0.6352 0.0002
vn 0.8443 -0.5358 -0.0006
vn 0.6399 -0.1241 0.7583
vn 0.5884 -0.0808 0.8045
vn 0.5183 0.0421 0.8541
vn 0.5190 0.0643 0.8523
vn 0.6527 -0.1253 0.7472
vn 0.6363 -0.1192 0.7622
vn 0.6271 -0.1061 0.7717
vn 0.6245 -0.1092 0.7734
vn 0.6372 -0.0865 0.7659
vn 0.5970 -0.1024 0.7956
vn 0.6095 -0.0845 0.7883
vn 0.6056 -0.0618 0.7934
vn 0.5859 -0.0717 0.8072
vn 0.5898 -0.0689 0.8046
vn 0.5900 -0.0686 0.8045
vn 0.5954 -0.0472 0.8020
vn 0.5903 -0.0612 0.8048
vn 0.5890 -0.0583 0.8060
vn 0.5829 -0.0197 0.8123
vn 0.5812 -0.0250 0.8134
vn 0.5792 -0.0364 0.8144
vn 0.5165 0.0765 0.8529
vn 0.5168 0.0717 0.8531
vn 0.5230 0.0432 0.8512
vn 0.5259 0.0630 0.8482
vn 0.5276 0.0224 0.8492
vn 0.5363 0.0427 0.8430
vn 0.5447 0.0013 0.8386
vn 0.5469 0.0087 0.8372
vn 0.5657 -0.0207 0.8244
vn 0.5160 0.0914 0.8517
vn 0.4904 0.0453 0.8703
vn 0.5135 0.1109 0.8509
vn 0.5105 0.1075 0.8531
vn 0.5158 0.1149 0.8490
vn 0.5170 0.1169 0.8479
vn 0.5318 0.0160 0.8467
vn 0.5314 0.0168 0.8470
vn 0.5306 0.0183 0.8474
vn 0.5287 0.0211 0.8486
vn 0.5275 0.0224 0.8493
vn 0.5274 0.0232 0.8493
vn 0.5262 0.0403 0.8494
vn 0.5623 -0.0531 0.8252
vn 0.5598 -0.0399 0.8277
vn 0.5492 -0.0191 0.8354
vn 0.5494 -0.0159 0.8354
vn 0.5362 0.0018 0.8441
vn 0.5317 0.0163 0.8467
vn 0.5321 0.0153 0.8466
vn 0.5758 -0.0692 0.8147
vn 0.5653 -0.0404 0.8239
vn 0.5718 -0.0413 0.8193
vn 0.5656 -0.0134 0.8245
vn 0.5912 -0.0759 0.8029
vn 0.5845 -0.0789 0.8075
vn 0.5831 -0.0813 0.8083
vn 0.5925 -0.0696 0.8026
vn 0.5917 -0.0711 0.8030
vn 0.5916 -0.0615 0.8039
vn 0.5815 -0.0612 0.8113
vn 0.5761 -0.0669 0.8147
vn 0.5827 -0.0825 0.8085
vn 0.5820 -0.0823 0.8090
vn 0.6594 -0.1271 0.7410
vn 0.6442 -0.1237 0.7548
vn 0.6422 -0.1237 0.7565
vn -0.0259 -0.0222 0.9994
vn -0.0208 -0.0312 0.9993
vn -0.0201 -0.0342 0.9992
vn -0.0344 -0.0326 0.9989
vn -0.0202 -0.0263 0.9995
vn -0.0213 -0.0257 0.9994
vn -0.0376 -0.0341 0.9987
vn -0.0379 -0.0342 0.9987
vn 0.0215 -0.0836 0.9963
vn -0.0319 -0.0543 0.9980
vn -0.0148 -0.0569 0.9983
vn -0.0257 -0.0418 0.9988
vn -0.0316 -0.0348 0.9989
vn -0.0194 -0.0356 0.9992
vn -0.0174 -0.0385 0.9991
vn -0.0065 -0.0521 0.9986
vn -0.0077 -0.0579 0.9983
vn 0.0165 -0.0847 0.9963
vn 0.0173 -0.0748 0.9970
vn 0.0210 -0.1004 0.9947
vn 0.0512 -0.1225 0.9911
vn 0.0327 -0.1166 0.9926
vn 0.0703 -0.1544 0.9855
vn 0.0899 -0.1363 0.9866
vn 0.0715 -0.1888 0.9794
vn -0.2361 -0.9717 -0.0040
vn -0.2356 -0.9719 0.0022
vn -0.5797 0.8148 0.0069
vn -0.5388 0.8425 0.0002
vn -0.5568 0.8307 0.0003
vn -0.6231 0.7822 0.0011
vn -0.6239 0.7813 0.0153
vn -0.0395 0.0001 0.9992
vn -0.0743 0.1028 0.9919
vn -0.1120 0.1643 0.9800
vn -0.1208 0.1422 0.9824
vn -0.1182 0.1561 0.9806
vn -0.1197 0.1452 0.9821
vn -0.0656 0.0192 0.9977
vn -0.0548 0.0322 0.9980
vn -0.0680 0.0570 0.9961
vn -0.0804 0.0700 0.9943
vn -0.0808 0.0692 0.9943
vn -0.0791 0.0766 0.9939
vn -0.0431 -0.0179 0.9989
vn -0.0431 -0.0192 0.9989
vn -0.0465 -0.0189 0.9987
vn -0.0344 -0.0206 0.9992
vn -0.0353 -0.0194 0.9992
vn -0.0346 -0.0204 0.9992
vn -0.0384 -0.0163 0.9991
vn -0.0460 -0.0219 0.9987
vn -0.0350 -0.0039 0.9994
vn -0.0339 -0.0053 0.9994
vn -0.0332 -0.0059 0.9994
vn -0.0326 -0.0064 0.9994
vn -0.0320 -0.0066 0.9995
vn -0.0317 -0.0067 0.9995
vn -0.0314 -0.0109 0.9994
vn -0.0308 -0.0111 0.9995
vn -0.0393 -0.0084 0.9992
vn -0.0336 -0.0216 0.9992
vn -0.0329 -0.0226 0.9992
vn -0.0385 0.0014 0.9993
vn -0.0423 0.0143 0.9990
vn -0.0562 0.0200 0.9982
vn -0.0680 0.0593 0.9959
vn -0.0863 0.0684 0.9939
vn -0.1292 0.1451 0.9809
vn -0.1161 0.1397 0.9834
vn -0.2247 0.2605 0.9390
vn -0.2319 0.2962 0.9265
vn -0.1854 0.2062 0.9608
vn -0.4439 0.6115 0.6550
vn -0.4009 0.5128 0.7591
vn -0.3153 0.3907 0.8648
vn -0.3331 0.4720 0.8163
vn -0.3062 0.3866 0.8699
vn -0.5881 0.8037 0.0910
vn -0.4371 0.5603 0.7036
vn -0.5180 0.6770 0.5228
vn -0.5215 0.6796 0.5159
vn -0.5565 0.7323 0.3925
vn -0.5650 0.7369 0.3711
vn -0.5790 0.7679 0.2740
vn -0.5884 0.7718 0.2411
vn -0.5921 0.7870 0.1730
vn -0.6006 0.7880 0.1351
vn -0.6000 0.7910 0.1200
vn -0.6142 0.7861 0.0695
vn -0.6130 0.7901 0.0015
vn -0.6061 0.7954 0.0016
vn -0.5937 0.8047 0.0017
vn -0.5998 0.8002 0.0017
vn -0.5227 0.8525 0.0002
vn -0.5226 0.8525 0.0004
vn -0.5114 0.8594 0.0002
vn -0.5058 0.8616 0.0422
vn -0.4873 0.8629 -0.1339
vn -0.4666 0.8845 -0.0000
vn -0.4682 0.8836 -0.0019
vn -0.4712 0.8817 0.0248
vn -0.4874 0.8720 -0.0456
vn -0.4711 0.8820 0.0116
vn -0.4668 0.8843 0.0091
vn -0.4667 0.8844 0.0036
vn -0.4876 0.8720 0.0432
vn -0.4880 0.8726 0.0196
vn -0.4880 0.8726 0.0191
vn -0.4860 0.8657 0.1201
vn -0.4825 0.8704 0.0978
vn -0.4832 0.8714 0.0845
vn -0.4895 0.8713 0.0343
vn -0.4685 0.8341 0.2911
vn -0.4764 0.8527 0.2141
vn -0.4836 0.8555 0.1851
vn -0.4816 0.8620 0.1580
vn -0.4879 0.8688 0.0846
vn -0.4450 0.7943 0.4137
vn -0.4451 0.7897 0.4223
vn -0.4635 0.8324 0.3037
vn -0.4134 0.7295 0.5448
vn -0.4159 0.7395 0.5293
vn -0.4277 0.7631 0.4844
vn -0.2822 0.5506 0.7856
vn -0.4111 0.5761 0.7065
vn -0.3424 0.6386 0.6892
vn -0.3590 0.6991 0.6183
vn -0.2513 0.4853 0.8375
vn -0.2535 0.4190 0.8719
vn -0.2562 0.4199 0.8707
vn -0.1168 0.2098 0.9708
vn -0.1425 0.2579 0.9556
vn -0.1667 0.2900 0.9424
vn -0.1656 0.3012 0.9391
vn -0.1981 0.3831 0.9022
vn -0.6061 0.7954 0.0014
vn -0.6061 0.7954 0.0063
vn -0.5997 0.8002 0.0062
vn -0.6201 0.7845 0.0012
vn -0.6201 0.7845 0.0058
vn -0.6130 0.7901 0.0057
vn -0.6130 0.7899 0.0159
vn -0.6094 0.7925 0.0234
vn -0.5903 0.8072 0.0018
vn -0.5933 0.8049 0.0043
vn -0.5934 0.8049 0.0067
vn -0.5964 0.8024 0.0232
vn -0.5997 0.8000 0.0165
vn -0.6060 0.7953 0.0165
vn -0.6060 0.7954 0.0060
vn -0.6130 0.7900 0.0060
vn -0.6130 0.7901 0.0013
vn -0.6201 0.7845 0.0013
vn -0.5866 0.8098 0.0067
vn -0.5867 0.8098 0.0069
vn -0.5867 0.8098 0.0017
vn -0.5867 0.8098 0.0019
vn -0.5997 0.8002 0.0015
vn -0.5998 0.8002 0.0065
vn -0.5933 0.8050 0.0065
vn -0.5933 0.8048 0.0171
vn -0.5866 0.8097 0.0171
vn -0.5830 0.8121 0.0240
vn -0.5797 0.8146 0.0176
vn -0.6236 0.7817 0.0067
vn -0.6239 0.7815 0.0055
vn -0.6200 0.7846 0.0055
vn -0.6200 0.7843 0.0222
vn -0.6216 0.7831 0.0159
vn -0.6215 0.7825 0.0367
vn -0.6088 0.7909 0.0617
vn -0.6148 0.7878 0.0384
vn -0.5963 0.8019 0.0385
vn -0.5891 0.8063 0.0529
vn -0.5829 0.8115 0.0401
vn -0.5689 0.8224 0.0019
vn -0.5690 0.8224 0.0024
vn -0.5690 0.8223 0.0003
vn -0.5690 0.8224 0.0004
vn -0.5798 0.8148 0.0003
vn -0.5798 0.8148 0.0018
vn -0.5797 0.8148 0.0021
vn -0.5798 0.8148 0.0071
vn -0.5690 0.8223 0.0070
vn -0.5515 0.8265 0.1130
vn -0.5541 0.8325 0.0022
vn -0.5541 0.8324 0.0027
vn -0.5523 0.8280 0.0966
vn -0.5492 0.8357 0.0005
vn -0.4868 0.8661 0.1138
vn -0.5058 0.8626 0.0082
vn -0.5227 0.8525 0.0084
vn -0.4667 0.8844 0.0037
vn -0.4710 0.8821 0.0038
vn -0.4710 0.8821 0.0031
vn -0.4886 0.8725 0.0035
vn -0.4885 0.8725 0.0030
vn -0.5058 0.8626 0.0033
vn -0.5058 0.8627 0.0027
vn -0.5227 0.8525 0.0031
vn -0.5226 0.8526 0.0026
vn -0.3679 0.7180 0.5909
vn -0.3972 0.7066 0.5855
vn -0.3427 0.6012 0.7219
vn -0.3427 0.6008 0.7222
vn -0.2473 0.4207 0.8728
vn -0.2471 0.4176 0.8744
vn -0.1769 0.2874 0.9413
vn -0.1765 0.2814 0.9432
vn -0.1123 0.1642 0.9800
vn -0.1154 0.1548 0.9812
vn -0.0694 0.0730 0.9949
vn -0.0733 0.0627 0.9953
vn -0.0508 0.0237 0.9984
vn -0.0547 0.0144 0.9984
vn -0.0449 -0.0023 0.9990
vn -0.0474 -0.0120 0.9988
vn -0.0441 -0.0158 0.9989
vn -0.0432 -0.0174 0.9989
vn -0.5387 0.8425 0.0005
vn -0.5388 0.8424 0.0029
vn -0.5387 0.8425 0.0024
vn -0.5364 0.8365 0.1119
vn -0.5362 0.8170 0.2120
vn -0.5466 0.8372 0.0196
vn -0.5464 0.8373 0.0175
vn -0.5463 0.8365 0.0428
vn -0.5460 0.8368 0.0403
vn -0.5448 0.8331 0.0955
vn -0.5441 0.8340 0.0923
vn -0.5391 0.8226 0.1807
vn -0.5385 0.8240 0.1763
vn -0.5268 0.8011 0.2842
vn -0.5264 0.8032 0.2789
vn -0.5042 0.7629 0.4047
vn -0.5043 0.7658 0.3990
vn -0.4680 0.7031 0.5354
vn -0.4686 0.7066 0.5301
vn -0.3925 0.5801 0.7137
vn -0.3928 0.5839 0.7105
vn -0.2824 0.4049 0.8697
vn -0.2826 0.4061 0.8691
vn -0.1996 0.2736 0.9409
vn -0.1993 0.2719 0.9415
vn -0.1236 0.1521 0.9806
vn -0.1246 0.1471 0.9812
vn -0.0711 0.0635 0.9954
vn -0.0728 0.0571 0.9957
vn -0.0471 0.0173 0.9987
vn -0.0491 0.0111 0.9987
vn -0.0375 -0.0068 0.9993
vn -0.0311 -0.0069 0.9995
vn -0.5434 0.4654 0.6987
vn -0.0220 0.2369 0.9713
vn -0.0497 0.3402 0.9390
vn 0.1002 0.3993 0.9113
vn -0.1639 0.4941 0.8538
vn -0.1189 0.4480 0.8861
vn -0.1386 0.8323 0.5368
vn -0.1270 0.8371 0.5320
vn -0.2470 0.7649 0.5949
vn 0.3070 0.9242 0.2273
vn -0.0428 0.9165 0.3976
vn -0.4977 0.6806 0.5377
vn 0.4516 0.8878 0.0886
vn -0.8259 0.4763 0.3015
vn 0.0783 0.9491 0.3050
vn 0.4818 0.8756 0.0348
vn -0.4457 0.8814 0.1562
vn -0.4379 0.8738 0.2115
vn 0.7198 0.6942 -0.0001
vn 0.4334 0.9012 0.0044
vn -0.9990 0.0128 0.0425
vn -0.9980 0.0113 0.0616
vn 0.7134 0.7008 0.0002
vn 0.7138 0.7003 0.0002
vn 0.7140 0.7002 0.0002
vn 0.5973 0.8020 0.0032
vn 0.5721 0.8202 0.0080
vn 0.5791 0.8152 0.0129
vn 0.5462 0.8373 0.0260
vn 0.5543 0.8304 0.0570
vn 0.5771 0.8158 0.0383
vn 0.5754 0.8174 0.0263
vn 0.5561 0.8249 0.1015
vn 0.5857 0.8069 0.0763
vn 0.5795 0.8133 0.0530
vn 0.6299 0.7618 0.1513
vn 0.6163 0.7759 0.1348
vn 0.5818 0.8002 0.1456
vn 0.6035 0.7887 0.1174
vn 0.5928 0.7998 0.0946
vn 0.6420 0.7498 0.1602
vn 0.6540 0.7374 0.1687
vn 0.6771 0.7175 0.1636
vn 0.0644 0.3734 0.9254
vn 0.0867 0.3917 0.9160
vn 0.1923 0.4813 0.8552
vn 0.3291 0.5687 0.7538
vn 0.3752 0.6033 0.7037
vn 0.5482 0.6987 0.4597
vn 0.5270 0.6861 0.5016
vn 0.6628 0.7212 0.2014
vn 0.6661 0.7252 0.1740
vn 0.6539 0.7375 0.1690
vn 0.4762 0.7368 0.4799
vn 0.4766 0.7370 0.4793
vn 0.3034 0.6749 0.6726
vn 0.3040 0.6752 0.6720
vn 0.1086 0.5648 0.8180
vn 0.1091 0.5652 0.8177
vn 0.1716 0.6045 0.7779
vn -0.0824 0.3733 0.9240
vn 0.6258 0.7634 0.1598
vn 0.4101 0.8033 0.4318
vn 0.4106 0.8034 0.4313
vn 0.2108 0.7679 0.6048
vn 0.2114 0.7682 0.6043
vn -0.0037 0.6779 0.7352
vn -0.0032 0.6782 0.7348
vn 0.1574 0.7502 0.6422
vn -0.0312 0.6353 0.7716
vn -0.1491 0.8282 0.5402
vn -0.2129 0.8906 0.4018
vn -0.2124 0.8909 0.4016
vn -0.2569 0.9368 0.2375
vn -0.2564 0.9370 0.2374
vn -0.2745 0.9557 0.1063
vn -0.2742 0.9558 0.1062
vn -0.2780 0.9603 0.0231
vn -0.2345 0.9720 0.0167
vn 0.0919 0.8914 0.4439
vn 0.0387 0.9430 0.3305
vn 0.0394 0.9431 0.3302
vn 0.0030 0.9808 0.1952
vn 0.0036 0.9808 0.1951
vn -0.0112 0.9961 0.0873
vn -0.0108 0.9961 0.0872
vn -0.0136 0.9997 0.0213
vn 0.2430 0.9700 0.0102
vn 0.2500 0.9682 0.0090
vn 0.2522 0.9657 0.0622
vn 0.2519 0.9658 0.0622
vn 0.2623 0.9549 0.1391
vn 0.2619 0.9550 0.1392
vn 0.2877 0.9283 0.2356
vn 0.2872 0.9284 0.2359
vn 0.3389 0.8750 0.3457
vn 0.4747 0.8536 0.2144
vn 0.3589 0.8570 0.3698
vn 0.1388 0.8437 0.5186
vn -0.0920 0.7702 0.6312
vn -0.0920 0.7702 0.6311
vn -0.3023 0.6516 0.6958
vn -0.2134 0.5999 0.7711
vn -0.6854 0.6970 0.2108
vn -0.6888 0.7040 0.1732
vn -0.5785 0.5847 0.5688
vn -0.6022 0.6157 0.5083
vn -0.5122 0.5209 0.6829
vn -0.4646 0.4725 0.7489
vn -0.3937 0.3968 0.8292
vn -0.3381 0.3454 0.8754
vn -0.2565 0.2609 0.9307
vn -0.1943 0.1976 0.9608
vn -0.1231 0.1220 0.9849
vn -0.0734 0.0746 0.9945
vn -0.8105 -0.5857 -0.0000
vn -0.8114 -0.5844 0.0037
vn -0.8442 -0.5360 -0.0017
vn -0.8389 -0.5442 -0.0126
vn -0.8430 -0.5379 -0.0064
vn -0.8448 -0.5350 -0.0042
vn -0.8460 -0.5331 -0.0030
vn -0.8473 -0.5311 -0.0017
vn -0.8489 -0.5286 -0.0006
vn -0.8843 -0.4667 0.0155
vn -0.8484 -0.4921 -0.1951
vn -0.7950 -0.5744 -0.1949
vn -0.6741 -0.4871 -0.5553
vn -0.4506 -0.3256 -0.8313
vn -0.1583 -0.1143 -0.9808
vn -0.8280 -0.5257 -0.1951
vn -0.8131 -0.4936 -0.3086
vn -0.7109 -0.4316 -0.5553
vn -0.4752 -0.2885 -0.8313
vn -0.1669 -0.1013 -0.9808
vn -0.8764 -0.4403 -0.1949
vn -0.7432 -0.3734 -0.5553
vn -0.4967 -0.2495 -0.8313
vn -0.1745 -0.0876 -0.9808
vn -0.7801 0.5949 -0.1940
vn -0.4949 0.8468 -0.1951
vn -0.1875 0.0611 -0.9804
vn -0.5322 0.1735 -0.8286
vn -0.7932 0.2585 -0.5513
vn -0.9329 0.3041 -0.1930
vn -0.1896 -0.0540 -0.9804
vn -0.5384 -0.1533 -0.8286
vn -0.8024 -0.2285 -0.5513
vn -0.6146 0.7647 -0.1934
vn -0.5967 0.7636 -0.2466
vn -0.5137 0.6574 -0.5513
vn -0.3447 0.4411 -0.8286
vn -0.1214 0.1554 -0.9804
vn -0.8591 0.4731 -0.1949
vn -0.7771 0.5446 -0.3155
vn -0.6832 0.4788 -0.5513
vn -0.4584 0.3213 -0.8286
vn -0.1615 0.1132 -0.9804
vn -0.9133 -0.0321 -0.4061
vn -0.9746 0.1106 -0.1948
vn -0.1971 0.0037 -0.9804
vn -0.5597 0.0105 -0.8286
vn -0.8341 0.0157 -0.5513
vn -0.9810 0.0185 -0.1930
vn -0.9437 -0.2687 -0.1930
vn -0.3523 0.9358 0.0087
vn -0.2956 0.9542 0.0462
vn 0.1829 0.9818 0.0504
vn 0.6193 0.7838 0.0469
vn 0.5639 0.8258 0.0037
vn 0.2739 0.9618 -0.0034
vn 0.9130 0.4050 0.0499
vn 0.9867 -0.1622 0.0092
vn 0.9963 -0.0669 0.0545
vn 0.9984 0.0561 0.0017
vn 0.9466 0.3225 -0.0022
vn 0.8504 -0.5233 0.0543
vn -0.7065 0.7072 0.0279
vn -0.9507 0.3098 0.0146
vn -0.9548 0.2967 0.0195
vn -0.9829 -0.1821 0.0268
vn -0.7834 -0.6153 -0.0880
vn -0.7722 -0.6046 -0.1951
vn -0.0692 -0.0543 -0.9961
vn -0.1543 -0.1193 -0.9808
vn -0.2189 -0.1719 -0.9605
vn -0.3647 -0.2865 -0.8859
vn -0.4378 -0.3420 -0.8315
vn -0.4951 -0.3889 -0.7769
vn -0.6110 -0.4799 -0.6296
vn -0.6548 -0.5124 -0.5556
vn -0.6967 -0.5472 -0.4638
vn -0.7554 -0.5932 -0.2784
vn -0.6049 -0.7877 -0.1170
vn 0.2635 -0.9633 -0.0507
vn -0.7682 -0.6402 -0.0015
vn -0.7421 -0.6701 -0.0138
vn -0.7009 -0.7132 -0.0043
vn -0.5921 -0.8058 -0.0089
vn -0.5663 -0.8242 -0.0014
vn -0.4002 -0.9162 -0.0226
vn -0.3653 -0.9308 -0.0171
vn -0.1557 -0.9875 -0.0226
vn -0.1225 -0.9924 -0.0150
vn 0.0652 -0.9973 -0.0328
vn 0.0923 -0.9953 -0.0284
vn 0.2470 -0.9685 -0.0306
vn 0.2653 -0.9641 -0.0141
vn 0.2142 -0.9661 -0.1445
vn 0.2635 -0.9595 -0.0998
vn 0.2650 -0.9616 -0.0707
vn 0.2964 -0.8943 -0.3353
vn 0.2770 -0.9221 -0.2701
vn 0.2464 -0.9368 -0.2485
vn -0.1689 -0.9657 -0.1972
vn 0.0296 -0.9721 -0.2325
vn 0.0515 -0.9723 -0.2280
vn 0.1542 -0.9561 -0.2492
vn 0.2459 -0.9369 -0.2486
vn -0.2641 -0.9239 -0.2767
vn -0.4106 -0.8976 -0.1605
vn -0.4795 -0.8614 -0.1675
vn -0.5089 -0.8221 -0.2553
vn -0.5309 -0.8132 -0.2385
vn -0.6062 -0.7739 -0.1830
vn -0.7820 -0.6232 -0.0066
vn -0.7858 -0.6185 -0.0014
vn -0.7525 -0.6569 -0.0472
vn -0.7515 -0.6581 -0.0467
vn -0.7506 -0.6597 -0.0384
vn -0.7476 -0.6634 -0.0307
vn -0.7483 -0.6628 -0.0283
vn -0.7461 -0.6656 -0.0186
vn -0.7457 -0.6660 -0.0198
vn -0.5977 -0.7980 -0.0771
vn -0.5959 -0.7991 -0.0789
vn -0.4091 -0.9023 -0.1357
vn -0.4053 -0.9036 -0.1388
vn -0.1614 -0.9673 -0.1958
vn -0.1424 -0.9826 -0.1190
vn 0.0602 -0.6386 -0.7672
vn -0.7710 -0.6367 -0.0141
vn -0.7406 -0.6718 -0.0120
vn -0.7121 -0.7020 0.0099
vn -0.7051 -0.6852 -0.1825
vn -0.6594 -0.7392 -0.1375
vn -0.6183 -0.7682 -0.1662
vn -0.6010 -0.7899 -0.1218
vn -0.5031 -0.8474 -0.1697
vn -0.5676 -0.8107 -0.1434
vn -0.7428 -0.6694 -0.0120
vn -0.7448 -0.6672 -0.0099
vn -0.5935 -0.8038 -0.0394
vn -0.5922 -0.8048 -0.0401
vn -0.4023 -0.9129 -0.0696
vn -0.3994 -0.9140 -0.0708
vn -0.1594 -0.9821 -0.0998
vn -0.1547 -0.9827 -0.1014
vn 0.0608 -0.9908 -0.1211
vn 0.0667 -0.9902 -0.1230
vn 0.2330 -0.9632 -0.1341
vn 0.2666 -0.9424 -0.2018
vn -0.7885 -0.5859 -0.1869
vn -0.5750 -0.2959 -0.7628
vn -0.7169 -0.4740 -0.5112
vn -0.7326 -0.4705 -0.4919
vn -0.7799 -0.6020 -0.1714
vn -0.7904 -0.5889 -0.1688
vn -0.7969 -0.5759 -0.1822
vn -0.7028 -0.4757 -0.5289
vn -0.7381 -0.4633 -0.4905
vn -0.5257 -0.2914 -0.7992
vn -0.5864 -0.2811 -0.7597
vn -0.4515 -0.1903 -0.8717
vn -0.3613 -0.2979 -0.8836
vn -0.5730 -0.2845 -0.7686
vn -0.7890 -0.6026 -0.1199
vn -0.7742 -0.6211 -0.1222
vn -0.7877 -0.5879 -0.1844
vn -0.7632 -0.5182 -0.3861
vn -0.6127 -0.4347 -0.6600
vn -0.7300 -0.4406 -0.5225
vn -0.4328 -0.2059 -0.8777
vn -0.7922 -0.5925 -0.1463
vn -0.7296 -0.5241 -0.4393
vn -0.7573 -0.5258 -0.3873
vn -0.6029 -0.3879 -0.6972
vn -0.6427 -0.3977 -0.6548
vn -0.4596 -0.2485 -0.8526
vn -0.4552 -0.2538 -0.8534
vn -0.5392 -0.2744 -0.7962
vn -0.4525 -0.1822 -0.8729
vn -0.4332 -0.1756 -0.8840
vn -0.4079 -0.1692 -0.8972
vn -0.3882 -0.1716 -0.9054
vn -0.2080 -0.0612 -0.9762
vn -0.2093 -0.0611 -0.9759
vn -0.0984 -0.0329 -0.9946
vn -0.1044 -0.0279 -0.9941
vn -0.4279 0.0474 -0.9026
vn -0.4452 0.0545 -0.8938
vn -0.4424 0.0579 -0.8949
vn -0.1187 -0.0073 -0.9929
vn -0.1189 -0.0040 -0.9929
vn -0.1240 -0.0054 -0.9923
vn -0.1241 0.0011 -0.9923
vn -0.1298 -0.0003 -0.9915
vn -0.1297 0.0041 -0.9915
vn -0.1293 0.0046 -0.9916
vn -0.1459 0.0102 -0.9892
vn -0.1157 -0.0113 -0.9932
vn -0.1068 -0.0120 -0.9942
vn -0.1108 -0.0158 -0.9937
vn -0.4289 0.0382 -0.9026
vn -0.1442 0.0104 -0.9895
vn -0.1437 0.0153 -0.9895
vn -0.1461 0.0161 -0.9891
vn -0.1505 0.0187 -0.9884
vn -0.4260 0.0371 -0.9039
vn -0.4112 0.0259 -0.9112
vn -0.4176 0.0221 -0.9084
vn -0.4031 0.0143 -0.9150
vn -0.4034 0.0053 -0.9150
vn -0.4042 0.0056 -0.9147
vn -0.3799 -0.0113 -0.9250
vn -0.3965 -0.0078 -0.9180
vn -0.3827 -0.0204 -0.9236
vn -0.3822 -0.0294 -0.9236
vn -0.3978 -0.0394 -0.9166
vn -0.3858 -0.0418 -0.9216
vn -0.3675 -0.0511 -0.9286
vn -0.3610 -0.0728 -0.9297
vn -0.1097 -0.0230 -0.9937
vn -0.1060 -0.0216 -0.9941
vn -0.4006 -0.1408 -0.9054
vn -0.3183 -0.1301 -0.9390
vn -0.3544 -0.1003 -0.9297
vn -0.3487 -0.1013 -0.9317
vn -0.3521 -0.0886 -0.9318
vn -0.3711 -0.0724 -0.9258
vn -0.2633 0.3878 -0.8833
vn -0.5060 0.7891 -0.3483
vn -0.5166 0.8520 -0.0856
vn -0.5599 0.5837 -0.5881
vn -0.5014 0.6178 -0.6058
vn -0.3571 0.5240 -0.7732
vn -0.3857 0.6206 -0.6827
vn -0.3623 0.5014 -0.7857
vn -0.4809 0.7029 -0.5240
vn -0.4905 0.8216 -0.2906
vn -0.5082 0.8394 -0.1927
vn -0.5038 0.8464 -0.1727
vn -0.6134 0.3746 -0.6953
vn -0.5551 0.2137 -0.8039
vn -0.5668 0.4939 -0.6594
vn -0.4539 0.0784 -0.8876
vn -0.2901 0.1732 -0.9412
vn -0.3164 0.2632 -0.9114
vn -0.0935 0.0789 -0.9925
vn -0.5200 0.8500 -0.0845
vn -0.5356 0.8272 -0.1697
vn -0.5818 0.7452 -0.3259
vn -0.5825 0.7369 -0.3430
vn -0.5633 0.5195 -0.6426
vn -0.6264 0.6468 -0.4351
vn -0.6152 0.5194 -0.5931
vn -0.6143 0.3761 -0.6937
vn -0.5067 0.4371 -0.7431
vn -0.5080 0.3514 -0.7864
vn -0.3941 0.4160 -0.8195
vn -0.3867 0.3290 -0.8615
vn -0.2711 0.3946 -0.8779
vn -0.2028 0.2341 -0.9508
vn -0.5508 0.8252 -0.1256
vn -0.5613 0.8133 -0.1531
vn -0.5580 0.8184 -0.1375
vn -0.6177 0.7180 -0.3207
vn -0.6300 0.6793 -0.3765
vn -0.6428 0.6377 -0.4244
vn -0.6566 0.4971 -0.5673
vn -0.6210 0.2080 -0.7557
vn -0.6542 0.4623 -0.5985
vn -0.6281 0.2257 -0.7446
vn -0.6276 0.3669 -0.6866
vn -0.6111 0.1833 -0.7700
vn -0.7737 0.1114 -0.6237
vn -0.7472 0.0986 -0.6572
vn -0.6218 0.1752 -0.7634
vn -0.6298 0.1529 -0.7616
vn -0.6082 0.0831 -0.7894
vn -0.6149 0.0900 -0.7835
vn -0.6201 0.0963 -0.7786
vn -0.6338 0.2007 -0.7470
vn -0.6737 0.4512 -0.5853
vn -0.6797 0.3935 -0.6191
vn -0.6591 0.6622 -0.3565
vn -0.6797 0.6140 -0.4013
vn -0.5841 0.8051 -0.1028
vn -0.6163 0.7728 -0.1515
vn -0.7352 0.1854 -0.6520
vn -0.7070 0.1521 -0.6906
vn -0.7167 0.1244 -0.6862
vn -0.7139 0.1220 -0.6896
vn -0.7191 0.1032 -0.6872
vn -0.9629 0.1052 -0.2484
vn -0.9825 0.1492 -0.1117
vn -0.9529 0.2377 -0.1885
vn -0.9557 0.2518 -0.1526
vn -0.9246 0.3546 -0.1395
vn -0.8882 0.4524 0.0802
vn -0.8865 0.4450 -0.1269
vn -0.9717 0.0916 -0.2179
vn -0.8969 0.0631 -0.4378
vn -0.8907 0.1318 -0.4351
vn -0.8912 0.1321 -0.4340
vn -0.8776 0.1954 -0.4378
vn -0.8817 0.2011 -0.4268
vn -0.8512 0.2860 -0.4401
vn -0.8632 0.3114 -0.3974
vn -0.8126 0.3951 -0.4286
vn -0.7173 0.2145 -0.6629
vn -0.7290 0.2464 -0.6387
vn -0.6185 0.0988 -0.7795
vn -0.6893 0.2002 -0.6963
vn -0.7589 0.6481 -0.0626
vn -0.6289 0.1249 -0.7674
vn -0.7215 0.3046 -0.6218
vn -0.7140 0.2652 -0.6480
vn -0.7798 0.4945 -0.3839
vn -0.7841 0.3646 -0.5023
vn -0.7494 0.6572 0.0806
vn -0.8288 0.5360 -0.1604
vn -0.6365 0.1641 -0.7536
vn -0.7046 0.3747 -0.6026
vn -0.7018 0.3239 -0.6345
vn -0.7273 0.5781 -0.3698
vn -0.7379 0.5355 -0.4108
vn -0.6818 0.7234 -0.1083
vn -0.7355 0.6397 -0.2231
vn -0.5475 0.8368 -0.0000
vn -0.5632 0.8263 -0.0082
vn -0.6655 0.7463 0.0096
vn -0.6805 0.7328 -0.0003
vn -0.7416 0.6709 -0.0000
vn -0.8021 0.5972 0.0002
vn -0.8603 0.5065 -0.0575
vn -0.8797 0.4744 -0.0320
vn -0.9221 0.3870 -0.0002
vn -0.9649 0.2626 0.0002
vn -0.9842 0.1733 -0.0351
vn 0.9114 0.3806 0.1568
vn 0.9216 -0.3860 0.0404
vn 0.9642 -0.2649 -0.0109
vn 0.9832 -0.1827 0.0015
vn 0.6840 -0.7289 0.0292
vn 0.7967 -0.6044 -0.0066
vn 0.8537 -0.5208 -0.0000
vn 0.9010 -0.4336 0.0129
vn 0.3775 -0.9260 -0.0000
vn 0.3499 -0.9366 0.0180
vn 0.5192 -0.8546 -0.0074
vn 0.5356 -0.8444 -0.0122
vn 0.6851 -0.7279 0.0301
vn 0.9975 -0.0701 -0.0053
vn 0.9932 0.0801 0.0841
vn 0.9997 0.0240 0.0045
vn 0.9749 0.2227 -0.0009
vn 0.9456 0.3240 0.0299
vn 0.3391 0.7804 0.5253
vn 0.8538 -0.1587 0.4959
vn 0.8665 -0.0099 0.4991
vn 0.8039 -0.3367 0.4902
vn 0.7895 -0.3590 0.4978
vn 0.7145 -0.4934 0.4960
vn 0.5965 -0.6357 0.4899
vn 0.5780 -0.6477 0.4964
vn 0.4508 -0.7421 0.4960
vn 0.3285 -0.8058 0.4928
vn 0.5888 0.6254 0.5121
vn 0.8712 0.0209 0.4906
vn 0.8051 0.3362 0.4887
vn 0.8010 0.3424 0.4911
vn 0.6824 0.5383 0.4946
vn 0.6229 0.5987 0.5036
vn 0.5757 0.6342 0.5162
vn 0.5742 0.6349 0.5170
vn 0.5861 0.6274 0.5128
vn 0.5300 0.6836 0.5018
vn 0.4110 0.7705 0.4872
vn 0.2176 -0.8405 0.4961
vn 0.1891 -0.3283 0.9255
vn 0.3270 -0.4939 0.8057
vn 0.5729 -0.7513 0.3276
vn 0.5890 -0.7687 0.2495
vn 0.6068 -0.7851 0.1239
vn 0.6007 -0.7800 0.1756
vn 0.5979 -0.7790 0.1890
vn 0.5830 -0.7702 0.2586
vn 0.5648 -0.7444 0.3562
vn 0.5303 -0.7117 0.4608
vn 0.5125 -0.6980 0.5002
vn 0.5142 -0.7002 0.4954
vn 0.4730 -0.6483 0.5967
vn 0.5171 -0.7003 0.4922
vn 0.4456 -0.5542 0.7031
vn 0.3726 -0.5463 0.7501
vn 0.4104 -0.5850 0.6995
vn 0.4119 -0.5864 0.6974
vn 0.4437 -0.6223 0.6449
vn 0.4708 -0.6497 0.5968
vn 0.5009 -0.6838 0.5306
vn 0.2875 -0.4403 0.8506
vn 0.3271 -0.5004 0.8017
vn 0.2431 -0.3945 0.8862
vn 0.2412 -0.4027 0.8830
vn 0.2059 -0.3403 0.9175
vn 0.2222 -0.3656 0.9039
vn 0.1821 -0.3184 0.9303
vn 0.6070 -0.7864 0.1148
vn 0.6081 -0.7895 0.0834
vn 0.6103 -0.7907 0.0484
vn 0.6106 -0.7900 0.0556
vn 0.6102 -0.7923 0.0043
vn 0.6107 -0.7916 0.0199
vn 0.6112 -0.7915 -0.0026
vn 0.5312 0.4667 0.7071
vn 0.5953 0.3917 0.7016
vn -0.5234 -0.4775 0.7058
vn -0.4310 -0.5315 0.7292
vn -0.3981 -0.5892 0.7031
vn -0.2473 -0.6639 0.7057
vn -0.1409 -0.6695 0.7293
vn -0.0848 -0.7060 0.7031
vn 0.0834 -0.7036 0.7057
vn 0.1802 -0.6599 0.7294
vn 0.2472 -0.6667 0.7032
vn 0.3957 -0.5877 0.7057
vn 0.4615 -0.5048 0.7295
vn 0.5245 -0.4800 0.7032
vn 0.6206 -0.3419 0.7057
vn 0.6410 -0.2385 0.7295
vn 0.5981 0.3879 0.7013
vn 0.5995 0.3913 0.6982
vn 0.6956 0.1469 0.7033
vn 0.6791 0.0804 0.7296
vn 0.7083 -0.0205 0.7057
vn 0.6858 -0.1872 0.7032
vn 0.8390 0.5441 -0.0000
vn 0.7860 0.6179 0.0204
vn 0.9782 0.2066 -0.0220
vn 0.9556 0.2945 -0.0000
vn 0.9844 -0.1753 -0.0136
vn 0.7951 -0.6063 -0.0136
vn 0.4295 -0.9029 -0.0135
vn -0.0312 -0.9994 -0.0135
vn -0.4850 -0.8744 -0.0135
vn -0.8314 -0.5556 -0.0000
vn -0.9695 0.1146 -0.2166
vn -0.9999 -0.0109 0.0040
vn -0.9660 -0.2581 -0.0139
vn -0.9853 -0.1707 0.0040
vn -0.8670 -0.4982 -0.0030
vn -0.7383 -0.6735 -0.0363
vn -0.9535 0.2338 -0.1904
vn -0.9794 0.0648 -0.1913
vn -0.8812 0.1629 -0.4437
vn -0.8246 0.1525 -0.5448
vn -0.5550 0.1026 -0.8255
vn -0.1754 0.0324 -0.9840
vn -0.1959 0.0335 -0.9801
vn -0.3642 0.0673 -0.9289
vn -0.1753 0.0704 -0.9820
vn -0.1628 0.0666 -0.9844
vn -0.3393 0.1362 -0.9308
vn -0.5173 0.2085 -0.8300
vn -0.5182 0.2088 -0.8294
vn -0.7749 0.3106 -0.5505
vn -0.7877 0.3182 -0.5274
vn -0.9113 0.3644 -0.1915
vn -0.9144 0.3673 -0.1704
vn -0.5186 0.7014 -0.4889
vn -0.2140 -0.9712 -0.1045
vn -0.5473 0.6621 -0.5120
vn -0.2725 -0.9528 -0.1336
vn -0.5199 -0.7460 -0.4162
vn -0.4697 -0.8301 -0.3005
vn -0.6681 -0.4968 -0.5540
vn -0.6470 -0.5813 -0.4934
vn -0.7412 -0.2734 -0.6131
vn -0.7400 -0.2913 -0.6062
vn -0.7600 0.0802 -0.6450
vn -0.7727 0.0319 -0.6340
vn -0.6339 0.4936 -0.5954
vn -0.7098 0.3684 -0.6004
vn -0.5800 0.6109 -0.5389
vn -0.5551 0.6059 -0.5698
vn -0.2039 -0.9734 -0.1048
vn -0.2140 -0.9705 -0.1114
vn -0.3729 -0.8872 -0.2717
vn -0.4444 -0.8331 -0.3294
vn -0.7093 -0.2941 -0.6406
vn -0.6350 -0.5481 -0.5444
vn -0.6223 -0.5838 -0.5215
vn -0.5599 -0.6862 -0.4644
vn -0.4844 -0.7868 -0.3826
vn -0.5625 0.5908 -0.5784
vn -0.6716 0.3454 -0.6555
vn -0.6628 0.3643 -0.6542
vn -0.7271 0.0608 -0.6838
vn -0.7328 0.0282 -0.6798
vn -0.7299 -0.1159 -0.6736
vn -0.7080 -0.3132 -0.6330
vn -0.2907 -0.9518 -0.0979
vn -0.2402 -0.9672 -0.0824
vn -0.5331 -0.8178 -0.2171
vn -0.6017 -0.7533 -0.2653
vn -0.7580 -0.5570 -0.3394
vn -0.7795 -0.5146 -0.3573
vn -0.8799 -0.2235 -0.4194
vn -0.8671 -0.3006 -0.3973
vn -0.8809 0.1396 -0.4523
vn -0.9001 0.0348 -0.4342
vn -0.9019 -0.2214 -0.3709
vn -0.9189 0.0650 -0.3890
vn -0.9058 0.1420 -0.3991
vn -0.8779 0.2991 -0.3739
vn -0.7920 0.4902 -0.3639
vn -0.7753 0.5227 -0.3546
vn -0.7714 -0.5558 -0.3100
vn -0.8172 -0.4842 -0.3126
vn -0.9052 -0.1708 -0.3893
vn -0.2267 -0.9719 -0.0626
vn -0.4383 -0.8868 -0.1466
vn -0.5377 -0.8173 -0.2073
vn -0.6144 -0.7563 -0.2246
vn -0.7053 -0.6546 -0.2720
vn -0.8100 0.4217 -0.4075
vn -0.7820 0.4739 -0.4049
vn -0.8037 0.4591 -0.3785
vn -0.9012 0.1415 -0.4096
vn -0.9012 0.1415 -0.4097
vn -0.8931 -0.2223 -0.3912
vn -0.8931 -0.2222 -0.3912
vn -0.7667 -0.5562 -0.3207
vn -0.7667 -0.5562 -0.3206
vn -0.5378 -0.8173 -0.2068
vn -0.5379 -0.8173 -0.2068
vn -0.2472 -0.9665 -0.0696
vn -0.2415 -0.9682 -0.0650
vn -0.8062 -0.3995 -0.4363
vn -0.8821 -0.1096 -0.4581
vn -0.8810 -0.1731 -0.4403
vn -0.7864 0.4870 -0.3800
vn -0.0612 -0.4174 -0.9067
vn -0.7660 0.5189 -0.3795
vn -0.7236 0.5620 -0.4008
vn -0.6994 0.6331 -0.3317
vn -0.6778 0.3761 -0.6318
vn -0.7083 0.4374 -0.5540
vn -0.7188 0.5394 -0.4386
vn -0.4996 0.1426 -0.8544
vn -0.1610 -0.3464 -0.9242
vn -0.2353 -0.2693 -0.9339
vn -0.2403 -0.2621 -0.9346
vn -0.3380 -0.1839 -0.9230
vn -0.4407 -0.0427 -0.8966
vn -0.3984 -0.4114 -0.8197
vn -0.2665 -0.5209 -0.8110
vn -0.2214 -0.5746 -0.7879
vn 0.1128 -0.7539 -0.6473
vn -0.6076 -0.0877 -0.7894
vn -0.6936 0.0546 -0.7183
vn -0.7232 0.3401 -0.6011
vn -0.7494 0.1439 -0.6463
vn -0.7178 0.5664 -0.4049
vn -0.7870 0.3843 -0.4827
vn -0.8939 0.0610 -0.4440
vn -0.8914 0.1796 -0.4161
vn -0.8625 0.2960 -0.4104
vn -0.8063 0.4790 -0.3470
vn -0.7803 0.5239 -0.3417
vn -0.3294 -0.8897 -0.3162
vn -0.2300 -0.9230 -0.3085
vn -0.3578 -0.8475 -0.3921
vn -0.4318 -0.8139 -0.3886
vn -0.6045 -0.6236 -0.4957
vn -0.1127 -0.7512 -0.6504
vn -0.4543 -0.4949 -0.7407
vn -0.3190 -0.6658 -0.6745
vn -0.3999 -0.6261 -0.6693
vn -0.5495 -0.3987 -0.7343
vn -0.4504 -0.3252 -0.8315
vn -0.5658 -0.1951 -0.8011
vn -0.4650 -0.1023 -0.8794
vn -0.5762 0.1564 -0.8022
vn -0.5968 0.1816 -0.7815
vn -0.6621 0.2823 -0.6942
vn -0.7520 -0.4833 -0.4482
vn -0.6545 -0.6516 -0.3835
vn -0.5346 -0.7885 -0.3041
vn -0.5841 -0.7553 -0.2972
vn -0.4441 -0.8708 -0.2107
vn -0.4122 -0.8857 -0.2134
vn -0.2014 -0.9706 -0.1317
vn -0.7381 0.5788 -0.3467
vn -0.7257 0.5925 -0.3497
vn -0.8125 0.3664 -0.4533
vn -0.8133 0.2114 -0.5421
vn -0.8172 0.0957 -0.5683
vn -0.7724 -0.0629 -0.6321
vn -0.7468 -0.1868 -0.6383
vn -0.6616 -0.3339 -0.6714
vn -0.5184 -0.5974 -0.6119
vn -0.5323 -0.5880 -0.6090
vn -0.4166 -0.7299 -0.5420
vn -0.3380 -0.7671 -0.5453
vn -0.2087 -0.8642 -0.4577
vn -0.1462 -0.8802 -0.4516
vn -0.1731 -0.0098 -0.9849
vn -0.0395 -0.2438 -0.9690
vn -0.5065 0.1587 -0.8475
vn -0.3399 0.0523 -0.9390
vn -0.1617 -0.1361 -0.9774
vn -0.2936 -0.1437 -0.9451
vn -0.1373 -0.1845 -0.9732
vn -0.7423 0.5134 -0.4306
vn -0.7096 0.4360 -0.5535
vn -0.7029 0.3762 -0.6036
vn -0.6049 0.3436 -0.7183
vn -0.5408 0.2397 -0.8063
vn -0.8833 0.4257 -0.1965
vn -0.7802 0.5454 -0.3064
vn -0.7793 0.5493 -0.3016
vn -0.8587 0.4409 -0.2613
vn -0.7462 0.3078 -0.5903
vn -0.7449 0.3572 -0.5635
vn -0.4684 0.1070 -0.8770
vn -0.4988 0.1433 -0.8548
vn -0.1779 0.0634 -0.9820
vn -0.1696 -0.0010 -0.9855
vn -0.9098 0.3783 -0.1709
vn -0.1837 -0.0181 -0.9828
vn -0.5262 0.1863 -0.8297
vn -0.5225 0.1216 -0.8439
vn -0.7881 0.3175 -0.5274
vn -0.7925 0.2588 -0.5522
vn -0.9023 0.3919 -0.1796
vn -0.9108 0.3681 -0.1871
vn -0.0941 -0.9805 -0.1723
vn -0.0976 -0.9759 -0.1951
vn -0.0861 -0.9091 -0.4075
vn -0.0863 -0.8270 -0.5556
vn -0.0604 -0.5523 -0.8315
vn -0.0609 -0.6093 -0.7906
vn -0.0713 -0.7819 -0.6194
vn -0.0028 -0.0289 -0.9996
vn -0.0094 -0.0862 -0.9962
vn -0.0198 -0.1638 -0.9863
vn -0.0249 -0.1936 -0.9808
vn -0.0274 -0.2607 -0.9650
vn -0.0396 -0.4423 -0.8960
vn -0.3167 -0.9293 -0.1900
vn -0.0646 -0.1896 -0.9797
vn -0.1428 -0.1404 -0.9797
vn -0.1906 -0.0614 -0.9797
vn -0.1979 0.0307 -0.9797
vn -0.1631 0.1163 -0.9797
vn -0.0936 0.1771 -0.9797
vn -0.1826 -0.5358 -0.8243
vn -0.1826 -0.5358 -0.8244
vn -0.4037 -0.3969 -0.8243
vn -0.5388 -0.1735 -0.8243
vn -0.5388 -0.1735 -0.8244
vn -0.5594 0.0868 -0.8244
vn -0.4609 0.3286 -0.8244
vn -0.2644 0.5005 -0.8243
vn -0.2644 0.5005 -0.8244
vn -0.2704 -0.7936 -0.5451
vn -0.5978 -0.5878 -0.5451
vn -0.7980 -0.2570 -0.5451
vn -0.8285 0.1285 -0.5451
vn -0.6827 0.4867 -0.5451
vn -0.3916 0.7413 -0.5451
vn -0.4586 0.8681 -0.1900
vn -0.7994 0.5699 -0.1900
vn -0.9702 0.1505 -0.1900
vn -0.9345 -0.3009 -0.1900
vn -0.8270 -0.5272 -0.1950
vn -0.6822 -0.6708 -0.2910
vn -0.6837 -0.7043 -0.1910
vn -0.0230 0.0888 -0.9958
vn -0.0525 0.1879 -0.9808
vn -0.0824 0.3275 -0.9413
vn -0.1422 0.5371 -0.8315
vn -0.1508 0.5821 -0.7990
vn -0.1945 0.7514 -0.6306
vn -0.2119 0.8040 -0.5556
vn -0.2219 0.8573 -0.4646
vn -0.2427 0.9370 -0.2511
vn -0.2488 0.9487 -0.1951
vn -0.2502 0.9664 -0.0594
vn -0.4331 0.5467 -0.7166
vn -0.4811 0.8582 -0.1793
vn -0.3213 0.9146 -0.2456
vn -0.4250 0.9035 -0.0544
vn 0.0659 0.7553 -0.6520
vn -0.3143 0.8365 -0.4488
vn -0.3156 0.9170 -0.2440
vn -0.2310 0.3300 -0.9153
vn -0.2251 0.0524 -0.9729
vn -0.1741 0.0986 -0.9798
vn -0.8353 0.0555 -0.5470
vn -0.8277 0.0667 -0.5572
vn -0.9835 0.0433 -0.1757
vn -0.9931 0.0736 -0.0911
vn -0.9846 0.0436 -0.1693
vn -0.9332 0.0575 -0.3548
vn -0.9864 0.1527 -0.0611
vn -0.8877 0.4589 -0.0367
vn -0.9749 0.2136 -0.0632
vn -0.9992 0.0405 -0.0024
vn -0.4768 0.7179 -0.5072
vn -0.4323 0.7428 -0.5112
vn -0.2627 0.7891 -0.5553
vn -0.2621 0.6493 -0.7139
vn -0.3520 0.5620 -0.7485
vn -0.2795 0.4112 -0.8676
vn -0.3776 0.2377 -0.8949
vn -0.7464 0.6507 -0.1393
vn -0.9387 0.3383 -0.0654
vn -0.9385 0.2762 -0.2071
vn -0.9975 0.0624 -0.0325
vn -0.9871 0.1055 -0.1205
vn -0.8846 0.1416 -0.4443
vn -0.8829 0.2219 -0.4139
vn -0.8782 0.2321 -0.4182
vn -0.9207 0.2527 -0.2974
vn -0.9167 0.3332 -0.2207
vn -0.5946 0.7876 -0.1617
vn -0.7184 0.6840 -0.1267
vn -0.7203 0.5762 -0.3861
vn -0.6814 0.5895 -0.4337
vn -0.6852 0.4597 -0.5649
vn -0.6569 0.4427 -0.6103
vn -0.6561 0.3532 -0.6669
vn -0.6228 0.3241 -0.7121
vn -0.6218 0.2251 -0.7501
vn -0.5844 0.1851 -0.7901
vn -0.5838 0.0940 -0.8064
vn -0.5386 0.0346 -0.8418
vn -1.0000 0.0083 -0.0000
vn -0.1962 0.0017 -0.9806
vn -0.9844 0.0083 -0.1758
vn -0.9814 0.0090 -0.1916
vn -0.9347 0.0079 -0.3553
vn -0.8347 0.0068 -0.5507
vn -0.8367 0.0070 -0.5476
vn -0.5585 0.0048 -0.8295
vn -0.5391 0.0036 -0.8422
vn -0.1758 0.0024 -0.9844
vn -0.8800 0.4749 0.0014
vn -0.8803 0.4745 -0.0023
vn -0.9162 0.4003 0.0180
vn -0.9170 0.3984 0.0196
vn -0.8982 0.4396 0.0060
vn -0.8928 0.4505 0.0030
vn -0.9179 0.3969 0.0054
vn -0.9077 0.4195 0.0107
vn -0.9203 0.3905 0.0240
vn -0.8788 0.4773 0.0004
vn -0.8800 0.4749 0.0013
vn -0.8205 0.5716 -0.0053
vn -0.8076 0.5892 -0.0235
vn -0.7395 0.6574 -0.1450
vn -0.7952 0.5928 -0.1274
vn -0.8525 0.5168 -0.0787
vn -0.8160 0.5630 -0.1310
vn -0.7770 0.5982 -0.1962
vn -0.8383 0.5414 -0.0635
vn -0.8437 0.5346 -0.0484
vn -0.8348 0.5490 -0.0426
vn -0.8520 0.5230 -0.0227
vn -0.8178 0.5746 -0.0324
vn -0.8169 0.5762 -0.0241
vn -0.8128 0.5821 -0.0223
vn -0.8301 0.5575 -0.0111
vn -0.8390 0.5440 -0.0140
vn -0.8262 0.5634 -0.0030
vn -0.8567 0.5157 -0.0072
vn -0.8262 0.5626 -0.0278
vn -0.1267 0.9422 -0.3103
vn -0.7709 0.6308 -0.0884
vn -0.7598 0.6376 -0.1274
vn -0.8490 0.5263 -0.0475
vn -0.8559 0.5117 -0.0741
vn -0.8783 0.4758 -0.0463
vn -0.7032 0.7092 -0.0517
vn -0.7121 0.6536 -0.2561
vn -0.7032 0.6304 -0.3287
vn -0.6737 0.6509 -0.3500
vn -0.7348 0.5626 -0.3787
vn -0.7324 0.5664 -0.3778
vn -0.7104 0.6555 -0.2563
vn -0.7193 0.6236 -0.3062
vn -0.7234 0.6232 -0.2972
vn -0.7244 0.6234 -0.2943
vn -0.7319 0.6282 -0.2642
vn -0.7254 0.6533 -0.2170
vn -0.7334 0.6413 -0.2255
vn -0.7421 0.6474 -0.1737
vn -0.7400 0.6520 -0.1651
vn -0.7478 0.6492 -0.1389
vn -0.7280 0.6771 -0.1076
vn -0.7362 0.6691 -0.1016
vn -0.7490 0.6599 -0.0604
vn -0.6097 0.7924 -0.0198
vn -0.3907 0.5652 -0.7265
vn -0.4667 0.6471 -0.6029
vn -0.4560 0.6324 -0.6262
vn -0.3786 0.5533 -0.7419
vn -0.3963 0.5741 -0.7165
vn -0.4144 0.5959 -0.6879
vn -0.2065 0.3512 -0.9132
vn -0.2336 0.4115 -0.8810
vn -0.2461 0.4448 -0.8612
vn -0.2230 0.3702 -0.9018
vn -0.3573 0.5296 -0.7693
vn -0.3519 0.5237 -0.7758
vn -0.3390 0.5092 -0.7910
vn -0.3014 0.4680 -0.8307
vn -0.3067 0.4754 -0.8246
vn -0.2248 0.3717 -0.9007
vn -0.2286 0.3794 -0.8966
vn -0.5306 0.7132 -0.4581
vn -0.5219 0.7000 -0.4874
vn -0.6105 0.7900 -0.0565
vn -0.6075 0.7890 -0.0918
vn -0.6072 0.7852 -0.1218
vn -0.5960 0.7765 -0.2044
vn -0.5957 0.7759 -0.2074
vn -0.5707 0.7483 -0.3382
vn -0.5759 0.7583 -0.3054
vn -0.5583 0.7391 -0.3768
vn -0.6107 0.7912 -0.0326
vn -0.6106 0.7915 -0.0257
vn -0.6106 0.7916 -0.0250
vn -0.6120 0.7908 -0.0106
vn -0.7040 0.6250 -0.3373
vn -0.4818 0.6549 -0.5822
vn -0.5191 0.7259 -0.4513
vn -0.4074 0.7940 -0.4513
vn -0.4587 0.7690 -0.4452
vn -0.3621 0.7200 -0.5920
vn -0.4660 0.6725 -0.5750
vn -0.5629 0.6873 -0.4591
vn -0.5933 0.6665 -0.4513
vn -0.5634 0.7352 -0.3769
vn -0.5647 0.7540 -0.3355
vn -0.5303 0.7915 -0.3037
vn -0.6557 0.7134 -0.2474
vn -0.5029 0.8398 -0.2046
vn -0.1297 0.4121 -0.9019
vn -0.1966 0.3382 -0.9203
vn -0.7107 -0.1177 -0.6936
vn -0.7056 0.0589 -0.7062
vn -0.7965 -0.6044 -0.0175
vn -0.8972 -0.4210 -0.1334
vn -0.8764 -0.4769 0.0664
vn -0.9397 -0.1249 -0.3184
vn -0.9653 -0.2568 0.0468
vn -0.9889 -0.0914 -0.1169
vn -0.6881 0.2393 -0.6850
vn -0.5117 0.2841 -0.8108
vn -0.2860 0.3256 -0.9012
vn -0.3140 0.3237 -0.8925
vn -0.3682 0.3345 -0.8675
vn -0.4100 0.3270 -0.8515
vn -0.4643 0.3767 -0.8016
vn -0.1461 0.5719 -0.8072
vn -0.4426 0.3358 -0.8315
vn -0.3522 0.3884 -0.8515
vn -0.5852 0.4712 -0.6599
vn -0.6426 0.3429 -0.6852
vn -0.5684 -0.6851 -0.4555
vn -0.6398 -0.5475 -0.5393
vn -0.3207 -0.9374 -0.1355
vn -0.2395 -0.9685 -0.0686
vn -0.4016 -0.8833 -0.2417
vn -0.4452 -0.8436 -0.3003
vn -0.5290 -0.8208 -0.2156
vn -0.3618 -0.9318 -0.0298
vn -0.6393 -0.7095 -0.2964
vn -0.7727 -0.5826 -0.2520
vn -0.4711 -0.8815 0.0312
vn -0.6634 -0.7146 -0.2220
vn -0.5838 -0.7527 -0.3044
vn -0.6535 -0.6419 -0.4011
vn -0.5930 -0.6586 -0.4632
vn -0.4887 -0.7863 -0.3781
vn -0.6789 -0.4045 -0.6127
vn -0.7286 -0.3916 -0.5620
vn -0.6860 -0.5485 -0.4781
vn -0.7485 -0.5190 -0.4129
vn -0.7019 -0.6400 -0.3126
vn -0.7773 -0.5847 -0.2320
vn -0.7345 -0.6645 -0.1378
vn -0.8081 -0.5867 -0.0532
vn -0.4783 0.5176 -0.7095
vn -0.5670 0.3543 -0.7436
vn -0.5189 0.4399 -0.7329
vn -0.4955 0.4240 -0.7581
vn -0.5105 0.3950 -0.7638
vn -0.4396 0.4505 -0.7771
vn -0.4242 0.4348 -0.7944
vn -0.2097 0.4210 -0.8825
vn -0.4141 0.3221 -0.8513
vn -0.4240 0.3493 -0.8356
vn -0.5145 0.2967 -0.8045
vn -0.5247 0.3126 -0.7918
vn -0.6066 0.2341 -0.7598
vn -0.6130 0.2407 -0.7525
vn -0.6754 0.2029 -0.7090
vn -0.6728 0.2023 -0.7116
vn -0.7121 0.0238 -0.7017
vn -0.7230 0.0288 -0.6902
vn -0.7560 -0.1522 -0.6367
vn -0.7861 -0.1306 -0.6041
vn -0.8084 -0.2914 -0.5115
vn -0.8498 -0.2476 -0.4654
vn -0.8364 -0.1475 -0.5279
vn -0.8646 -0.1013 -0.4921
vn -0.8316 -0.0173 -0.5551
vn -0.8530 0.0445 -0.5199
vn -0.8078 0.1048 -0.5800
vn -0.8173 0.1936 -0.5427
vn -0.8379 0.1787 -0.5157
vn -0.9721 0.0852 -0.2184
vn -0.9965 -0.0079 -0.0829
vn -0.9472 0.1062 -0.3025
vn -0.9328 -0.0311 -0.3591
vn -0.9536 -0.0900 -0.2871
vn -0.9174 -0.1960 -0.3464
vn -0.9231 -0.2735 -0.2702
vn -0.8747 -0.3539 -0.3313
vn -0.8600 -0.4422 -0.2548
vn -0.7971 -0.5091 -0.3246
vn -0.8169 -0.3829 -0.4313
vn -0.7611 -0.4234 -0.4914
vn -0.7726 -0.2615 -0.5785
vn -0.7339 -0.2795 -0.6191
vn -0.7354 -0.0962 -0.6708
vn -0.7283 -0.0980 -0.6782
vn -0.6834 -0.3156 -0.6583
vn -0.6031 0.2719 -0.7499
vn -0.5999 0.2426 -0.7624
vn -0.6670 0.1857 -0.7215
vn -0.6642 0.1777 -0.7261
vn -0.7232 0.0939 -0.6842
vn -0.7200 0.0887 -0.6883
vn -0.7619 -0.0155 -0.6475
vn -0.7476 -0.0305 -0.6635
vn -0.6787 0.1419 -0.7206
vn -0.6777 0.1412 -0.7216
vn -0.6065 0.3107 -0.7318
vn -0.6235 0.3184 -0.7140
vn -0.5066 0.5540 -0.6607
vn -0.5525 0.4631 -0.6930
vn -0.4934 0.5615 -0.6643
vn -0.4704 0.6799 -0.5625
vn -0.5262 0.5875 -0.6148
vn -0.8432 -0.5376 -0.0000
vn -0.4671 0.8841 -0.0104
vn -0.8142 0.5804 -0.0132
vn -0.7321 0.6812 0.0004
vn -0.6059 0.7956 -0.0003
vn -0.9891 -0.1470 -0.0009
vn -1.0000 -0.0019 0.0017
vn -0.9881 0.1533 -0.0136
vn -0.9680 0.2511 0.0009
vn -0.8684 0.4958 -0.0008
vn -0.9518 -0.3065 0.0082
vn -0.8781 -0.4756 -0.0531
vn -0.9483 -0.3173 -0.0113
vn -0.3226 -0.9466 -0.0000
vn -0.2414 -0.9688 -0.0564
vn -0.3997 -0.9167 -0.0019
vn -0.6965 -0.7175 0.0029
vn -0.6476 -0.7617 -0.0217
vn -0.7838 -0.6210 -0.0001
vn -0.2873 0.5973 -0.7488
vn -0.1903 0.3700 -0.9093
vn -0.9003 0.4147 0.1319
vn -0.8382 0.5167 -0.1744
vn -0.7129 0.6857 -0.1466
vn -0.6957 0.7049 0.1380
vn -0.5907 0.7900 -0.1640
vn -0.2408 0.3403 -0.9090
vn -0.2016 0.3254 -0.9238
vn -0.2326 0.3710 -0.8990
vn -0.1739 0.3400 -0.9242
vn -0.2502 0.3275 -0.9111
vn -0.2427 0.3215 -0.9153
vn -0.2939 0.3257 -0.8986
vn -0.8862 0.3259 -0.3293
vn -0.9541 0.2468 -0.1697
vn -0.8255 0.2966 -0.4802
vn -0.4091 0.9004 -0.1480
vn -0.4078 0.8996 -0.1561
vn -0.3713 0.7971 -0.4763
vn -0.5737 0.6611 -0.4836
vn -0.5873 0.6663 -0.4595
vn -0.7290 0.4762 -0.4918
vn -0.7644 0.4716 -0.4397
vn -0.8222 0.2961 -0.4862
vn -0.6790 0.3229 -0.6594
vn -0.2880 0.3074 -0.9069
vn -0.2771 0.3107 -0.9092
vn -0.5115 0.2869 -0.8100
vn -0.2885 0.3432 -0.8939
vn -0.5840 0.3153 -0.7480
vn -0.5505 0.4234 -0.7195
vn -0.4999 0.4176 -0.7587
vn -0.4200 0.5253 -0.7400
vn -0.4011 0.5138 -0.7584
vn -0.2860 0.5912 -0.7541
vn -0.3716 0.8011 -0.4692
vn -0.2636 0.9304 -0.2545
vn -0.1867 0.4047 -0.8952
vn -0.2148 0.6110 -0.7619
vn -0.2191 0.5791 -0.7853
vn -0.2519 0.7753 -0.5792
vn -0.2453 0.8221 -0.5138
vn -0.2923 0.9428 -0.1602
vn -0.2609 0.9491 -0.1767
vn -0.1725 0.3747 -0.9110
vn -0.2637 0.9509 -0.1619
vn -0.2548 0.8381 -0.4824
vn -0.2602 0.8183 -0.5125
vn -0.2188 0.6166 -0.7562
vn -0.2215 0.5784 -0.7851
vn -0.1648 0.3556 -0.9200
vn -0.1703 0.3548 -0.9193
vn -0.1568 0.2892 -0.9443
vn -0.2507 0.9681 0.0004
vn -0.2505 0.9681 -0.0014
vn -0.2508 0.9680 -0.0001
vn -0.2507 0.9681 -0.0000
vn -0.2506 0.9681 -0.0001
vn -0.6411 0.3130 -0.7007
vn -0.3358 0.9341 -0.1209
vn -0.3708 0.9049 -0.2088
vn -0.4922 0.7950 -0.3546
vn -0.5366 0.7085 -0.4584
vn -0.5963 0.5698 -0.5655
vn -0.6018 0.5251 -0.6017
vn -0.6345 0.3199 -0.7036
vn -0.6338 0.3065 -0.7102
vn -0.3365 0.9340 -0.1200
vn -0.6408 0.2941 -0.7092
vn -0.5962 0.5698 -0.5656
vn -0.4886 0.7960 -0.3574
vn -0.3372 0.9336 -0.1212
vn -0.3356 0.9343 -0.1205
vn -0.3357 0.9342 -0.1208
vn -0.4860 0.7967 -0.3594
vn -0.4860 0.7966 -0.3594
vn -0.5916 0.5710 -0.5692
vn -0.5916 0.5709 -0.5692
vn -0.6337 0.3150 -0.7066
vn -0.6340 0.3200 -0.7040
vn -0.6408 0.1664 -0.7494
vn -0.6341 0.1777 -0.7525
vn -0.6319 0.1402 -0.7622
vn -0.6346 0.2063 -0.7448
vn -0.6481 0.1311 -0.7502
vn -0.6470 0.1463 -0.7483
vn -0.6486 0.1303 -0.7499
vn -0.6467 0.1464 -0.7486
vn -0.6464 0.1467 -0.7487
vn -0.6054 0.0711 -0.7927
vn -0.6145 0.0873 -0.7841
vn -0.6143 0.0852 -0.7845
vn -0.6365 0.1222 -0.7616
vn -0.6310 0.1109 -0.7678
vn -0.6326 0.1038 -0.7675
vn -0.6241 0.0989 -0.7750
vn -0.6174 0.0907 -0.7814
vn -0.5786 0.0770 -0.8120
vn -0.5801 0.0700 -0.8115
vn -0.5815 0.0654 -0.8109
vn -0.5824 0.0630 -0.8104
vn -0.5829 0.0623 -0.8102
vn -0.6051 0.0405 -0.7951
vn -0.5930 0.0725 -0.8019
vn -0.5930 0.0726 -0.8019
vn -0.6021 0.0549 -0.7965
vn -0.6005 0.0784 -0.7958
vn -0.5999 0.0800 -0.7961
vn -0.5784 0.0785 -0.8120
vn -0.5794 0.0235 -0.8147
vn -0.5687 0.0659 -0.8199
vn -0.5664 0.0142 -0.8240
vn -0.5672 0.0522 -0.8219
vn -0.5589 0.0035 -0.8292
vn -0.5564 0.0378 -0.8300
vn -0.5483 -0.0142 -0.8362
vn -0.5476 0.0221 -0.8365
vn -0.5397 -0.0341 -0.8412
vn -0.5346 0.0097 -0.8451
vn -0.5344 -0.0534 -0.8435
vn -0.5287 -0.0083 -0.8487
vn -0.5267 -0.0259 -0.8497
vn -0.5158 -0.0774 -0.8532
vn -0.5118 -0.0375 -0.8583
vn -0.5093 -0.1014 -0.8546
vn -0.5062 -0.0534 -0.8608
vn -0.5027 -0.1091 -0.8575
vn -0.5048 -0.0685 -0.8605
vn -0.4969 -0.1191 -0.8596
vn -0.4974 -0.0958 -0.8622
vn -0.4893 -0.1221 -0.8635
vn -0.4813 -0.1428 -0.8648
vn -0.4826 -0.1359 -0.8652
vn -0.4715 -0.1710 -0.8651
vn -0.4721 -0.1658 -0.8658
vn 0.0209 0.0531 -0.9984
vn -0.1165 0.2223 -0.9680
vn 0.0142 0.0288 -0.9995
vn 0.0261 0.0221 -0.9994
vn 0.0463 0.0073 -0.9989
vn 0.0213 0.0257 -0.9994
vn 0.0190 0.0270 -0.9995
vn 0.0298 0.0274 -0.9992
vn -0.0300 0.0386 -0.9988
vn 0.0048 0.0314 -0.9995
vn -0.0132 0.0867 -0.9961
vn -0.0158 0.0950 -0.9954
vn -0.0145 0.0857 -0.9962
vn -0.0352 0.1142 -0.9928
vn -0.0256 0.1102 -0.9936
vn -0.0580 0.1388 -0.9886
vn -0.0768 0.1771 -0.9812
vn -0.0677 0.1755 -0.9822
vn -0.0581 0.1357 -0.9890
vn 0.0434 0.0215 -0.9988
vn 0.0402 0.0233 -0.9989
vn -0.0029 0.0697 -0.9976
vn 0.0003 0.0675 -0.9977
vn 0.0195 0.0452 -0.9988
vn 0.0111 0.0501 -0.9987
vn 0.0213 0.0345 -0.9992
vn 0.0364 0.0250 -0.9990
vn 0.0358 0.0249 -0.9990
vn 0.0280 0.0407 -0.9988
vn 0.0303 0.0393 -0.9988
vn 0.0377 0.0264 -0.9989
vn 0.0465 0.0195 -0.9987
vn 0.0466 0.0190 -0.9987
vn 0.2011 -0.4453 -0.8725
vn 0.2563 -0.4056 -0.8774
vn 0.1919 -0.2810 -0.9403
vn 0.0310 0.0091 -0.9995
vn 0.6164 -0.7873 -0.0110
vn 0.3427 -0.9273 -0.1507
vn 0.1040 -0.2692 -0.9574
vn 0.0494 0.0140 -0.9987
vn 0.0749 -0.0186 -0.9970
vn 0.0730 -0.0185 -0.9972
vn 0.0468 -0.0013 -0.9989
vn 0.0815 -0.0742 -0.9939
vn 0.0753 -0.0725 -0.9945
vn 0.0598 -0.0401 -0.9974
vn 0.0942 -0.1412 -0.9855
vn 0.0854 -0.1256 -0.9884
vn 0.0789 -0.1122 -0.9906
vn 0.1585 -0.3168 -0.9352
vn 0.1237 -0.2422 -0.9623
vn 0.1185 -0.2108 -0.9703
vn 0.1044 -0.1965 -0.9749
vn 0.0928 -0.1450 -0.9851
vn 0.2603 -0.4934 -0.8300
vn 0.1767 -0.3198 -0.9308
vn 0.1691 -0.3147 -0.9340
vn 0.1474 -0.3565 -0.9226
vn 0.2034 -0.4638 -0.8623
vn 0.2421 -0.4615 -0.8534
vn 0.3012 -0.6318 -0.7143
vn 0.2554 -0.6168 -0.7445
vn 0.2723 -0.6931 -0.6675
vn 0.3153 -0.7608 -0.5672
vn 0.3209 -0.7627 -0.5616
vn 0.2806 -0.7148 -0.6406
vn 0.3282 -0.8821 -0.3379
vn 0.3351 -0.8646 -0.3745
vn 0.3411 -0.8571 -0.3860
vn 0.3202 -0.8397 -0.4385
vn 0.3108 -0.8143 -0.4903
vn 0.3382 -0.9113 -0.2347
vn 0.3626 -0.9086 -0.2072
vn 0.3345 -0.9016 -0.2743
vn 0.3600 -0.9273 -0.1029
vn 0.3472 -0.9305 -0.1169
vn 0.3450 -0.9358 -0.0725
vn 0.3453 -0.9371 -0.0522
vn 0.3592 -0.9330 -0.0204
vn 0.3572 -0.9339 -0.0146
vn 0.6044 -0.7946 -0.0573
vn 0.6191 -0.7843 -0.0403
vn 0.6044 -0.7892 -0.1089
vn 0.6108 -0.7796 -0.1385
vn 0.5932 -0.7743 -0.2204
vn 0.5967 -0.7670 -0.2360
vn 0.5701 -0.7308 -0.3754
vn 0.5633 -0.7483 -0.3502
vn 0.5406 -0.6642 -0.5162
vn 0.5376 -0.6934 -0.4797
vn 0.4917 -0.6145 -0.6170
vn 0.4919 -0.6161 -0.6152
vn 0.4362 -0.5496 -0.7125
vn 0.4283 -0.5241 -0.7362
vn 0.3804 -0.4768 -0.7925
vn 0.3579 -0.4271 -0.8304
vn 0.2919 -0.3737 -0.8804
vn 0.2830 -0.3318 -0.8999
vn 0.2122 -0.2501 -0.9447
vn 0.2119 -0.2453 -0.9460
vn 0.1484 -0.1531 -0.9770
vn 0.1528 -0.1698 -0.9736
vn 0.1099 -0.1091 -0.9879
vn 0.1085 -0.1031 -0.9887
vn 0.0352 0.0049 -0.9994
vn 0.0390 -0.0024 -0.9992
vn 0.0407 -0.0122 -0.9991
vn 0.0507 -0.0183 -0.9985
vn 0.0687 -0.0550 -0.9961
vn 0.0619 -0.0520 -0.9967
vn 0.0831 -0.0719 -0.9939
vn 0.0329 0.0080 -0.9994
vn 0.0343 0.0063 -0.9994
vn 0.0484 0.0128 -0.9987
vn 0.0470 0.0117 -0.9988
vn 0.0445 0.0106 -0.9990
vn 0.3301 -0.5256 -0.7840
vn 0.3241 -0.5210 -0.7896
vn 0.3742 -0.6032 -0.7044
vn 0.5096 -0.8530 -0.1127
vn 0.5098 -0.8529 -0.1125
vn 0.5008 -0.8356 -0.2259
vn 0.5015 -0.8354 -0.2248
vn 0.4774 -0.7923 -0.3799
vn 0.4796 -0.7924 -0.3769
vn 0.4434 -0.7307 -0.5192
vn 0.4133 -0.7129 -0.5665
vn 0.4121 -0.6708 -0.6167
vn 0.3689 -0.5994 -0.7103
vn 0.1814 -0.2927 -0.9388
vn 0.1715 -0.2878 -0.9422
vn 0.2485 -0.4238 -0.8710
vn 0.1828 -0.2768 -0.9434
vn 0.2656 -0.4097 -0.8727
vn 0.2391 -0.4192 -0.8758
vn 0.3040 -0.5359 -0.7877
vn 0.3076 -0.5889 -0.7474
vn 0.3424 -0.6165 -0.7090
vn 0.4002 -0.7226 -0.5637
vn 0.3951 -0.7211 -0.5691
vn 0.4432 -0.8124 -0.3788
vn 0.4409 -0.8123 -0.3819
vn 0.4630 -0.8568 -0.2270
vn 0.4622 -0.8569 -0.2283
vn 0.4704 -0.8751 -0.1137
vn 0.4701 -0.8752 -0.1142
vn 0.4278 -0.8965 -0.1155
vn 0.4283 -0.8963 -0.1147
vn 0.4208 -0.8773 -0.2309
vn 0.4220 -0.8772 -0.2291
vn 0.4019 -0.8312 -0.3842
vn 0.4044 -0.8315 -0.3809
vn 0.3610 -0.7384 -0.5696
vn 0.3660 -0.7400 -0.5643
vn 0.2948 -0.5933 -0.7490
vn 0.3026 -0.5970 -0.7430
vn 0.2205 -0.4325 -0.8743
vn 0.2303 -0.4377 -0.8692
vn 0.1595 -0.2989 -0.9409
vn 0.2748 -0.6118 -0.7417
vn 0.2669 -0.6077 -0.7480
vn 0.3304 -0.7562 -0.5648
vn 0.3252 -0.7543 -0.5704
vn 0.3638 -0.8491 -0.3829
vn 0.3610 -0.8486 -0.3866
vn 0.3789 -0.8961 -0.2310
vn 0.3774 -0.8962 -0.2332
vn 0.3840 -0.9161 -0.1154
vn 0.3832 -0.9163 -0.1166
vn 0.3848 -0.9222 -0.0386
vn 0.4297 -0.9029 -0.0072
vn 0.4110 -0.9104 -0.0477
vn 0.4723 -0.8813 -0.0168
vn 0.4612 -0.8864 -0.0397
vn 0.5121 -0.8586 -0.0244
vn 0.5077 -0.8609 -0.0331
vn 0.0892 -0.1279 -0.9878
vn 0.1028 -0.1393 -0.9849
vn 0.0619 -0.0665 -0.9959
vn 0.0799 -0.0746 -0.9940
vn 0.0470 -0.0166 -0.9988
vn 0.0615 -0.0223 -0.9979
vn 0.0450 0.0067 -0.9990
vn 0.1344 0.0127 -0.9908
vn 0.5881 -0.8084 -0.0237
vn 0.5821 -0.8124 -0.0343
vn 0.5794 -0.8076 -0.1096
vn 0.5793 -0.8077 -0.1099
vn 0.5692 -0.7917 -0.2218
vn 0.5696 -0.7916 -0.2212
vn 0.5417 -0.7507 -0.3781
vn 0.5440 -0.7507 -0.3749
vn 0.5016 -0.6907 -0.5209
vn 0.5050 -0.6924 -0.5154
vn 0.4625 -0.6332 -0.6206
vn 0.4674 -0.6359 -0.6142
vn 0.4145 -0.5628 -0.7152
vn 0.4206 -0.5666 -0.7085
vn 0.3627 -0.4870 -0.7945
vn 0.3696 -0.4916 -0.7885
vn 0.2857 -0.3770 -0.8810
vn 0.2949 -0.3806 -0.8765
vn 0.2025 -0.2551 -0.9455
vn 0.2104 -0.2582 -0.9429
vn 0.1471 -0.1726 -0.9739
vn 0.1378 -0.1766 -0.9746
vn 0.0969 -0.1147 -0.9887
vn 0.1072 -0.1223 -0.9867
vn 0.0640 -0.0570 -0.9963
vn 0.0764 -0.0618 -0.9952
vn 0.0432 -0.0111 -0.9990
vn 0.0529 -0.0144 -0.9985
vn 0.0360 0.0119 -0.9993
vn 0.0406 0.0106 -0.9991
vn 0.0452 0.0033 -0.9990
vn 0.2297 -0.5736 -0.7862
vn 0.1832 -0.4573 -0.8703
vn 0.2112 -0.4511 -0.8671
vn 0.1470 -0.3101 -0.9393
vn 0.1701 -0.3046 -0.9372
vn 0.1210 -0.2102 -0.9701
vn 0.1257 -0.1958 -0.9725
vn 0.1255 -0.1933 -0.9731
vn 0.1349 -0.1904 -0.9724
vn 0.1377 -0.1762 -0.9747
vn 0.2016 -0.2696 -0.9416
vn 0.1932 -0.2659 -0.9444
vn 0.2811 -0.3953 -0.8745
vn 0.2719 -0.3915 -0.8791
vn 0.3510 -0.5089 -0.7860
vn 0.3446 -0.5044 -0.7917
vn 0.3987 -0.5852 -0.7061
vn 0.3931 -0.5815 -0.7123
vn 0.4422 -0.6555 -0.6122
vn 0.4378 -0.6528 -0.6182
vn 0.4771 -0.7126 -0.5144
vn 0.4740 -0.7110 -0.5195
vn 0.5133 -0.7717 -0.3755
vn 0.5111 -0.7717 -0.3786
vn 0.5371 -0.8136 -0.2228
vn 0.5366 -0.8137 -0.2236
vn 0.5461 -0.8303 -0.1112
vn 0.5461 -0.8303 -0.1111
vn 0.5488 -0.8354 -0.0302
vn 0.5500 -0.8347 -0.0278
vn -0.5583 0.8296 -0.0105
vn -0.4726 0.8580 -0.2015
vn -0.7379 0.6749 0.0063
vn -0.8421 0.5371 -0.0494
vn -0.8718 0.4894 -0.0206
vn -0.9279 0.3728 0.0003
vn -0.9877 0.1564 -0.0008
vn -0.9881 0.1539 -0.0000
vn 0.9864 0.1640 -0.0104
vn 0.9923 0.1239 -0.0051
vn 0.8389 0.5442 0.0037
vn 0.7900 0.6060 -0.0926
vn 0.8606 0.5092 -0.0094
vn 0.9399 0.3415 0.0003
vn 0.9718 0.2358 -0.0009
vn -0.3439 0.9390 -0.0049
vn -0.1966 0.9805 0.0030
vn -0.0036 0.9351 -0.3545
vn 0.0527 0.9986 -0.0045
vn 0.4757 0.8796 0.0059
vn 0.4513 0.8856 -0.1103
vn 0.6185 0.7858 -0.0011
vn -0.5626 -0.2974 -0.7714
vn -0.7751 -0.5980 -0.2040
vn -0.7808 -0.5955 -0.1890
vn -0.5638 -0.5830 -0.5851
vn -0.6280 -0.7075 -0.3240
vn -0.7364 -0.6387 -0.2231
vn -0.7074 -0.5955 -0.3807
vn -0.7574 -0.6133 -0.2242
vn -0.5629 -0.3968 -0.7250
vn -0.5028 -0.3417 -0.7940
vn -0.5574 -0.3143 -0.7684
vn -0.5693 -0.3199 -0.7573
vn -0.5661 -0.3033 -0.7666
vn -0.5694 -0.2963 -0.7668
vn -0.7208 -0.4692 -0.5102
vn -0.7209 -0.4692 -0.5101
vn -0.6894 -0.5060 -0.5184
vn -0.6899 -0.5065 -0.5172
vn -0.5712 -0.6039 -0.5559
vn -0.6314 -0.6686 -0.3929
vn -0.4638 -0.1867 -0.8660
vn -0.4642 -0.1869 -0.8658
vn -0.4642 -0.1871 -0.8657
vn -0.4640 -0.1876 -0.8657
vn -0.4636 -0.1858 -0.8663
vn -0.4637 -0.1864 -0.8662
vn -0.4636 -0.1859 -0.8663
vn -0.4639 -0.1866 -0.8660
vn -0.4639 -0.1857 -0.8662
vn -0.4638 -0.1878 -0.8658
vn -0.9982 -0.0597 -0.0000
vn -0.9864 -0.1640 -0.0077
vn -0.9883 -0.1525 -0.0093
vn -0.8389 -0.5442 -0.0059
vn -0.8070 -0.5902 -0.0177
vn -0.9516 -0.3074 0.0064
vn -0.4756 -0.8795 -0.0137
vn -0.5886 -0.8084 0.0001
vn -0.6994 -0.7147 -0.0000
vn 0.2950 -0.9555 -0.0000
vn 0.1662 -0.9861 -0.0000
vn 0.0039 -0.9999 -0.0142
vn -0.0632 -0.9980 -0.0032
vn -0.3486 -0.9373 0.0026
vn 0.8942 -0.4462 -0.0358
vn 0.7597 -0.6503 0.0001
vn 0.4825 -0.8759 -0.0002
vn 0.6231 -0.7804 -0.0524
vn 0.4735 -0.8807 -0.0096
vn 0.8431 -0.5377 0.0038
vn 0.9877 -0.1564 -0.0022
vn 0.9892 -0.1464 -0.0000
vn 0.8458 -0.5334 -0.0089
vn 0.0410 0.0148 -0.9990
vn 0.1183 -0.0171 -0.9928
vn 0.0784 -0.0167 -0.9968
vn 0.0371 0.0163 -0.9992
vn 0.0433 0.0176 -0.9989
vn 0.0495 0.0025 -0.9988
vn 0.0644 -0.0143 -0.9978
vn 0.0782 -0.0035 -0.9969
vn 0.0824 -0.0214 -0.9964
vn 0.1241 -0.0808 -0.9890
vn 0.1235 -0.0672 -0.9901
vn 0.1769 -0.1267 -0.9760
vn 0.1757 -0.1198 -0.9771
vn 0.2430 -0.1874 -0.9517
vn 0.2421 -0.1835 -0.9528
vn 0.3228 -0.2631 -0.9092
vn 0.3216 -0.2590 -0.9108
vn 0.4142 -0.3508 -0.8398
vn 0.4136 -0.3486 -0.8411
vn 0.5105 -0.4415 -0.7379
vn 0.5097 -0.4383 -0.7403
vn 0.5944 -0.5254 -0.6088
vn 0.5932 -0.5168 -0.6173
vn 0.6591 -0.5908 -0.4653
vn 0.6593 -0.5813 -0.4768
vn 0.7017 -0.6329 -0.3272
vn 0.7030 -0.6273 -0.3351
vn 0.7265 -0.6553 -0.2070
vn 0.7276 -0.6527 -0.2111
vn 0.7377 -0.6664 -0.1085
vn 0.7363 -0.6685 -0.1050
vn 0.7431 -0.6678 -0.0426
vn 0.7496 -0.6616 -0.0201
vn 0.7488 -0.6626 -0.0134
vn 0.7742 -0.4721 -0.4215
vn 0.8185 -0.5205 -0.2432
vn 0.8140 -0.5007 -0.2943
vn 0.8351 -0.5326 -0.1374
vn 0.8363 -0.5159 -0.1856
vn 0.8414 -0.5316 -0.0974
vn 0.6954 -0.4311 -0.5750
vn 0.7424 -0.4537 -0.4929
vn 0.7873 -0.5005 -0.3601
vn 0.4190 -0.2274 -0.8790
vn 0.5446 -0.3270 -0.7724
vn 0.5228 -0.2978 -0.7987
vn 0.6439 -0.3961 -0.6546
vn 0.6237 -0.3694 -0.6888
vn 0.7058 -0.4351 -0.5591
vn 0.2985 -0.1666 -0.9398
vn 0.3471 -0.1790 -0.9206
vn 0.4393 -0.2567 -0.8609
vn 0.1725 -0.0619 -0.9831
vn 0.2465 -0.1167 -0.9621
vn 0.2438 -0.1076 -0.9638
vn 0.3190 -0.1692 -0.9325
vn 0.0370 0.0346 -0.9987
vn 0.0318 0.0118 -0.9994
vn 0.0491 0.0230 -0.9985
vn 0.0485 0.0226 -0.9986
vn 0.0354 0.0132 -0.9993
vn 0.0428 0.0150 -0.9990
vn 0.0563 0.0149 -0.9983
vn 0.8310 -0.5562 -0.0122
vn 0.8264 -0.5623 -0.0295
vn 0.8231 -0.5591 -0.0996
vn 0.8226 -0.5595 -0.1013
vn 0.8129 -0.5506 -0.1900
vn 0.8117 -0.5511 -0.1933
vn 0.7908 -0.5330 -0.3010
vn 0.7886 -0.5333 -0.3061
vn 0.7504 -0.5016 -0.4304
vn 0.7467 -0.5013 -0.4373
vn 0.6866 -0.4529 -0.5688
vn 0.6807 -0.4516 -0.5767
vn 0.6005 -0.3883 -0.6990
vn 0.5927 -0.3860 -0.7069
vn 0.4997 -0.3134 -0.8075
vn 0.4906 -0.3104 -0.8142
vn 0.3984 -0.2387 -0.8856
vn 0.3890 -0.2356 -0.8906
vn 0.3066 -0.1713 -0.9363
vn 0.2980 -0.1685 -0.9396
vn 0.2292 -0.1144 -0.9666
vn 0.2219 -0.1122 -0.9686
vn 0.1676 -0.0687 -0.9835
vn 0.1619 -0.0672 -0.9845
vn 0.0679 0.0074 -0.9977
vn 0.0707 0.0050 -0.9975
vn 0.0975 -0.0182 -0.9951
vn 0.0800 -0.0197 -0.9966
vn 0.1137 -0.0278 -0.9931
vn 0.1158 -0.0271 -0.9929
vn 0.1721 -0.0635 -0.9830
vn 0.1719 -0.0635 -0.9831
vn 0.2331 -0.1099 -0.9662
vn 0.2403 -0.1118 -0.9642
vn 0.3118 -0.1652 -0.9357
vn 0.3203 -0.1676 -0.9324
vn 0.4052 -0.2304 -0.8847
vn 0.4144 -0.2333 -0.8797
vn 0.5084 -0.3025 -0.8062
vn 0.5173 -0.3052 -0.7995
vn 0.6110 -0.3745 -0.6975
vn 0.6186 -0.3765 -0.6896
vn 0.6985 -0.4364 -0.5671
vn 0.7042 -0.4374 -0.5593
vn 0.7635 -0.4828 -0.4290
vn 0.7671 -0.4829 -0.4223
vn 0.8046 -0.5126 -0.2999
vn 0.8067 -0.5122 -0.2948
vn 0.8272 -0.5291 -0.1893
vn 0.8283 -0.5285 -0.1860
vn 0.8378 -0.5369 -0.0992
vn 0.8383 -0.5364 -0.0974
vn 0.8414 -0.5393 -0.0337
vn 0.8488 -0.5283 -0.0180
vn 0.8433 -0.5349 -0.0527
vn 0.7914 -0.6111 -0.0185
vn 0.7877 -0.6153 -0.0308
vn 0.7843 -0.6116 -0.1041
vn 0.7838 -0.6120 -0.1058
vn 0.7737 -0.6017 -0.1985
vn 0.7725 -0.6021 -0.2017
vn 0.7509 -0.5810 -0.3140
vn 0.7486 -0.5812 -0.3191
vn 0.7093 -0.5445 -0.4477
vn 0.7054 -0.5439 -0.4545
vn 0.6442 -0.4882 -0.5888
vn 0.6382 -0.4865 -0.5967
vn 0.5580 -0.4150 -0.7186
vn 0.5500 -0.4121 -0.7264
vn 0.4594 -0.3319 -0.8239
vn 0.4502 -0.3283 -0.8304
vn 0.3624 -0.2508 -0.8976
vn 0.3530 -0.2471 -0.9024
vn 0.2764 -0.1791 -0.9442
vn 0.2677 -0.1759 -0.9473
vn 0.2051 -0.1197 -0.9714
vn 0.1977 -0.1171 -0.9733
vn 0.1490 -0.0728 -0.9862
vn 0.1432 -0.0710 -0.9872
vn 0.0902 -0.0217 -0.9957
vn 0.0858 -0.0220 -0.9961
vn 0.0450 0.0181 -0.9988
vn 0.7700 -0.6373 -0.0309
vn 0.7639 -0.6440 -0.0416
vn 0.7607 -0.6404 -0.1064
vn 0.7601 -0.6408 -0.1080
vn 0.7499 -0.6296 -0.2028
vn 0.7487 -0.6301 -0.2059
vn 0.7268 -0.6073 -0.3207
vn 0.7246 -0.6074 -0.3256
vn 0.6849 -0.5677 -0.4567
vn 0.6811 -0.5671 -0.4632
vn 0.6196 -0.5072 -0.5990
vn 0.6138 -0.5054 -0.6066
vn 0.5340 -0.4291 -0.7285
vn 0.5262 -0.4260 -0.7359
vn 0.4371 -0.3415 -0.8321
vn 0.4282 -0.3377 -0.8382
vn 0.3429 -0.2569 -0.9036
vn 0.3339 -0.2531 -0.9080
vn 0.2602 -0.1830 -0.9481
vn 0.2519 -0.1796 -0.9509
vn 0.1922 -0.1222 -0.9737
vn 0.1851 -0.1195 -0.9754
vn 0.1392 -0.0746 -0.9874
vn 0.1336 -0.0727 -0.9884
vn 0.0842 -0.0234 -0.9962
vn 0.0798 -0.0237 -0.9965
vn 0.0415 0.0168 -0.9990
vn 0.0440 0.0166 -0.9989
vn 0.8113 -0.5838 -0.0296
vn 0.8081 -0.5879 -0.0377
vn 0.8049 -0.5846 -0.1018
vn 0.8043 -0.5851 -0.1036
vn 0.7944 -0.5755 -0.1942
vn 0.7932 -0.5760 -0.1975
vn 0.7719 -0.5564 -0.3074
vn 0.7697 -0.5567 -0.3125
vn 0.7309 -0.5226 -0.4390
vn 0.7270 -0.5221 -0.4458
vn 0.6663 -0.4703 -0.5787
vn 0.6604 -0.4688 -0.5867
vn 0.5801 -0.4015 -0.7088
vn 0.5721 -0.3989 -0.7167
vn 0.4801 -0.3226 -0.8157
vn 0.4709 -0.3193 -0.8224
vn 0.3808 -0.2448 -0.8916
vn 0.3714 -0.2414 -0.8965
vn 0.2918 -0.1753 -0.9403
vn 0.2831 -0.1723 -0.9435
vn 0.2174 -0.1171 -0.9690
vn 0.2100 -0.1148 -0.9710
vn 0.1585 -0.0708 -0.9848
vn 0.1526 -0.0692 -0.9859
vn 0.0960 -0.0199 -0.9952
vn 0.0916 -0.0203 -0.9956
vn 0.0471 0.0208 -0.9987
vn 0.0465 0.0207 -0.9987
vn 0.0352 0.0145 -0.9993
vn 0.0324 0.0133 -0.9994
vn 0.0260 0.0216 -0.9994
vn 0.0346 0.0145 -0.9993
vn 0.0462 -0.0000 -0.9989
vn 0.0526 -0.0185 -0.9984
vn 0.0783 -0.0035 -0.9969
vn 0.7217 -0.6921 -0.0135
vn 0.3493 -0.3783 -0.8573
vn 0.0763 -0.0394 -0.9963
vn 0.0729 -0.0376 -0.9966
vn 0.0604 -0.0324 -0.9976
vn 0.0564 -0.0027 -0.9984
vn 0.0303 0.0103 -0.9995
vn 0.0318 0.0107 -0.9994
vn 0.0406 -0.0015 -0.9992
vn 0.0388 -0.0000 -0.9992
vn 0.0520 -0.0175 -0.9985
vn 0.0703 -0.0251 -0.9972
vn 0.2061 -0.1982 -0.9583
vn 0.1662 -0.1618 -0.9727
vn 0.1506 -0.1318 -0.9798
vn 0.1148 -0.0994 -0.9884
vn 0.1075 -0.0816 -0.9908
vn 0.0921 -0.0666 -0.9935
vn 0.0748 -0.0444 -0.9962
vn 0.3638 -0.4232 -0.8298
vn 0.4325 -0.4851 -0.7600
vn 0.4402 -0.5159 -0.7349
vn 0.5080 -0.5850 -0.6322
vn 0.5102 -0.6030 -0.6133
vn 0.5673 -0.6648 -0.4861
vn 0.5670 -0.6714 -0.4773
vn 0.6055 -0.7181 -0.3430
vn 0.6063 -0.7153 -0.3475
vn 0.6244 -0.7503 -0.2173
vn 0.6301 -0.7402 -0.2345
vn 0.6316 -0.7668 -0.1140
vn 0.6434 -0.7530 -0.1376
vn 0.6362 -0.7694 -0.0570
vn 0.6449 -0.7635 -0.0331
vn 0.6410 -0.7675 -0.0110
vn 0.7151 -0.6977 -0.0428
vn 0.7196 -0.6937 -0.0323
vn 0.7203 -0.6848 -0.1109
vn 0.7181 -0.6880 -0.1052
vn 0.7062 -0.6756 -0.2116
vn 0.7063 -0.6755 -0.2118
vn 0.6825 -0.6499 -0.3343
vn 0.6827 -0.6488 -0.3361
vn 0.6387 -0.6056 -0.4747
vn 0.6386 -0.6030 -0.4782
vn 0.5728 -0.5367 -0.6196
vn 0.5729 -0.5373 -0.6189
vn 0.4890 -0.4484 -0.7482
vn 0.4910 -0.4567 -0.7419
vn 0.3969 -0.3515 -0.8479
vn 0.3994 -0.3621 -0.8423
vn 0.2839 -0.2375 -0.9290
vn 0.3033 -0.2759 -0.9121
vn 0.2226 -0.1856 -0.9571
vn 0.2277 -0.1965 -0.9537
vn 0.1625 -0.1229 -0.9790
vn 0.1651 -0.1293 -0.9778
vn 0.1159 -0.0754 -0.9904
vn 0.1155 -0.0743 -0.9905
vn 0.0848 -0.0439 -0.9954
vn 0.0822 -0.0492 -0.9954
vn 0.6963 -0.7171 -0.0324
vn 0.6961 -0.7172 -0.0327
vn 0.6927 -0.7126 -0.1114
vn 0.6923 -0.7128 -0.1123
vn 0.6820 -0.6998 -0.2125
vn 0.6811 -0.7001 -0.2142
vn 0.6590 -0.6731 -0.3357
vn 0.6574 -0.6733 -0.3384
vn 0.6173 -0.6260 -0.4764
vn 0.6149 -0.6257 -0.4801
vn 0.5533 -0.5546 -0.6215
vn 0.5496 -0.5536 -0.6257
vn 0.4711 -0.4642 -0.7501
vn 0.4663 -0.4624 -0.7541
vn 0.3805 -0.3654 -0.8495
vn 0.3752 -0.3632 -0.8528
vn 0.2913 -0.2685 -0.9182
vn 0.2753 -0.2809 -0.9194
vn 0.2275 -0.2358 -0.9448
vn 0.6688 -0.7427 -0.0328
vn 0.6687 -0.7428 -0.0330
vn 0.6653 -0.7380 -0.1128
vn 0.6649 -0.7382 -0.1135
vn 0.6547 -0.7246 -0.2151
vn 0.6540 -0.7248 -0.2165
vn 0.6320 -0.6965 -0.3397
vn 0.6308 -0.6966 -0.3419
vn 0.5911 -0.6469 -0.4818
vn 0.5891 -0.6466 -0.4847
vn 0.5283 -0.5719 -0.6275
vn 0.5253 -0.5710 -0.6309
vn 0.4483 -0.4774 -0.7558
vn 0.4444 -0.4758 -0.7590
vn 0.3607 -0.3748 -0.8541
vn 0.3564 -0.3729 -0.8567
vn 0.2639 -0.2614 -0.9285
vn 0.2875 -0.3290 -0.8995
vn -0.0392 0.1462 -0.9885
vn -0.1515 0.2655 -0.9521
vn -0.1477 0.2645 -0.9530
vn -0.1426 0.2613 -0.9547
vn -0.1359 0.2566 -0.9569
vn -0.1377 0.2628 -0.9550
vn -0.1683 0.3014 -0.9385
vn -0.1568 0.2920 -0.9435
vn -0.1568 0.2926 -0.9433
vn -0.1467 0.2491 -0.9573
vn -0.1389 0.2781 -0.9505
vn -0.1389 0.2686 -0.9532
vn 0.0059 0.0471 -0.9989
vn -0.0017 0.0664 -0.9978
vn -0.0000 0.0827 -0.9966
vn -0.0137 0.0862 -0.9962
vn -0.0406 0.1112 -0.9930
vn 0.0187 0.0376 -0.9991
vn 0.0886 0.0776 -0.9930
vn 0.0234 0.0298 -0.9993
vn 0.0233 0.0297 -0.9993
vn 0.0209 0.0291 -0.9994
vn 0.0170 0.0305 -0.9994
vn 0.0164 0.0346 -0.9993
vn 0.0196 0.0362 -0.9992
vn -0.1348 0.2539 -0.9578
vn -0.1103 0.2161 -0.9701
vn -0.1127 0.2243 -0.9680
vn -0.0730 0.1621 -0.9841
vn -0.0742 0.1719 -0.9823
vn -0.0369 0.1103 -0.9932
vn -0.0394 0.1448 -0.9887
vn -0.0129 0.0626 -0.9980
vn -0.0077 0.0770 -0.9970
vn 0.0182 0.0357 -0.9992
vn 0.0206 0.0391 -0.9990
vn 0.0202 0.0302 -0.9993
vn 0.0272 0.0372 -0.9989
vn -0.0434 0.1304 -0.9905
vn 0.0023 0.0303 -0.9995
vn 0.0013 0.0745 -0.9972
vn 0.0102 0.0653 -0.9978
vn 0.0137 0.0558 -0.9983
vn 0.0330 0.0384 -0.9987
vn 0.0199 0.0384 -0.9991
vn 0.0287 0.0389 -0.9988
vn 0.0323 0.0380 -0.9988
vn 0.0328 0.0383 -0.9987
vn -0.0319 0.1356 -0.9903
vn -0.0448 0.1370 -0.9896
vn -0.0740 0.1709 -0.9825
vn -0.0732 0.1690 -0.9829
vn -0.0991 0.2097 -0.9727
vn -0.1123 0.2214 -0.9687
vn -0.1336 0.2533 -0.9581
vn -0.1574 0.2812 -0.9466
vn -0.1640 0.2936 -0.9418
vn -0.0408 0.1278 -0.9910
vn -0.0723 0.1627 -0.9840
vn -0.0728 0.1665 -0.9833
vn -0.1074 0.2185 -0.9699
vn -0.1076 0.2192 -0.9697
vn -0.1374 0.2571 -0.9566
vn -0.1494 0.2812 -0.9480
vn -0.1593 0.2900 -0.9437
vn -0.0047 0.0698 -0.9976
vn 0.0203 0.0368 -0.9991
vn 0.0229 0.0413 -0.9989
vn 0.0197 0.0399 -0.9990
vn 0.0115 0.0353 -0.9993
vn 0.0206 0.0467 -0.9987
vn 0.0244 0.0475 -0.9986
vn 0.0201 0.0430 -0.9989
vn 0.0235 0.0434 -0.9988
vn -0.0087 0.0809 -0.9967
vn -0.0026 0.0861 -0.9963
vn -0.0371 0.1101 -0.9932
vn -0.1515 0.2794 -0.9481
vn -0.1563 0.2822 -0.9465
vn -0.1074 0.2194 -0.9697
vn -0.1119 0.2217 -0.9687
vn -0.0702 0.1688 -0.9832
vn -0.0743 0.1707 -0.9825
vn -0.0403 0.1282 -0.9909
vn -0.0441 0.1297 -0.9906
vn -0.0079 0.0856 -0.9963
vn -0.0060 0.0874 -0.9962
vn -0.0119 0.0869 -0.9961
vn -0.0191 0.0795 -0.9967
vn -0.0336 0.0750 -0.9966
vn 0.0482 -0.2125 0.9760
vn 0.0624 -0.1372 0.9886
vn 0.0029 -0.0871 0.9962
vn 0.0258 -0.0902 0.9956
vn -0.0204 -0.0535 0.9984
vn 0.0035 -0.0530 0.9986
vn -0.0331 -0.0343 0.9989
vn -0.0225 -0.0358 0.9991
vn 0.1558 -0.2918 0.9437
vn 0.1375 -0.2573 0.9565
vn 0.1003 -0.2125 0.9720
vn 0.0964 -0.1891 0.9772
vn 0.0331 -0.1307 0.9909
vn 0.1503 -0.2640 0.9527
vn 0.1587 -0.2854 0.9452
vn 0.1066 -0.2149 0.9708
vn 0.2081 -0.3772 0.9025
vn 0.1971 -0.3456 0.9175
vn 0.1838 -0.3173 0.9303
vn 0.1860 -0.3212 0.9286
vn 0.1834 -0.3201 0.9295
vn 0.1633 -0.2893 0.9432
vn 0.1568 -0.2766 0.9481
vn 0.1999 -0.3403 0.9188
vn 0.2775 -0.4372 0.8555
vn 0.2802 -0.4373 0.8546
vn 0.3546 -0.5489 0.7570
vn 0.4513 -0.5032 0.7370
vn 0.0588 -0.1363 0.9889
vn 0.0706 -0.1689 0.9831
vn 0.1119 -0.2172 0.9697
vn 0.0170 -0.0934 0.9955
vn 0.0399 -0.1055 0.9936
vn 0.0172 -0.1048 0.9943
vn 0.0601 -0.1463 0.9874
vn -0.0293 -0.0400 0.9988
vn -0.0274 -0.0398 0.9988
vn -0.0237 -0.0408 0.9989
vn -0.0244 -0.0412 0.9989
vn -0.0229 -0.0445 0.9987
vn -0.0215 -0.0488 0.9986
vn -0.0089 -0.0693 0.9976
vn -0.0060 -0.0543 0.9985
vn 0.0022 -0.0830 0.9965
vn -0.0251 -0.0378 0.9990
vn -0.0257 -0.0417 0.9988
vn -0.0071 -0.0624 0.9980
vn -0.0067 -0.0671 0.9977
vn 0.0187 -0.0965 0.9952
vn 0.0195 -0.1025 0.9945
vn 0.0543 -0.1443 0.9880
vn 0.0554 -0.1509 0.9870
vn 0.1031 -0.2100 0.9723
vn 0.1046 -0.2168 0.9706
vn 0.1521 -0.2770 0.9487
vn 0.1573 -0.2867 0.9450
vn -0.0263 -0.0194 0.9995
vn -0.0146 -0.0386 0.9991
vn -0.0182 -0.0355 0.9992
vn -0.0201 -0.0341 0.9992
vn -0.0226 -0.0328 0.9992
vn -0.0238 -0.0324 0.9992
vn -0.0242 -0.0323 0.9992
vn 0.0002 -0.0533 0.9986
vn -0.0028 -0.0651 0.9979
vn 0.0124 -0.0776 0.9969
vn 0.0405 -0.1244 0.9914
vn 0.0413 -0.1282 0.9909
vn 0.0726 -0.1887 0.9794
vn 0.0681 -0.1956 0.9783
vn 0.0738 -0.1643 0.9836
vn 0.0759 -0.1650 0.9834
vn 0.0764 -0.1769 0.9813
vn 0.0752 -0.1836 0.9801
vn 0.1014 -0.2032 0.9739
vn 0.0839 -0.1656 0.9826
vn 0.0899 -0.1646 0.9823
vn -0.0242 -0.2010 0.9793
vn 0.0756 -0.1864 0.9796
vn -0.0167 -0.0503 0.9986
vn 0.0262 -0.0667 0.9974
vn -0.0110 -0.0712 0.9974
vn 0.0265 -0.0956 0.9951
vn 0.0263 -0.0974 0.9949
vn -0.0265 -0.0320 0.9991
vn -0.0192 -0.0308 0.9993
vn -0.0176 -0.0297 0.9994
vn -0.0229 -0.0275 0.9994
vn -0.0255 -0.0276 0.9993
vn -0.6412 0.7674 0.0067
vn -0.3926 0.3545 0.8486
vn -0.2221 0.1870 0.9569
vn -0.1557 0.1183 0.9807
vn -0.1638 0.1223 0.9789
vn -0.1005 0.0641 0.9929
vn -0.1221 0.0712 0.9900
vn -0.0829 0.0431 0.9956
vn -0.0621 0.0313 0.9976
vn -0.0607 0.0173 0.9980
vn -0.4067 0.3606 0.8394
vn -0.4871 0.4514 0.7476
vn -0.5065 0.4598 0.7294
vn -0.5707 0.5384 0.6200
vn -0.5956 0.5481 0.5872
vn -0.6370 0.6088 0.4729
vn -0.6616 0.6157 0.4281
vn -0.6794 0.6538 0.3331
vn -0.7005 0.6553 0.2827
vn -0.7028 0.6792 0.2116
vn -0.7327 0.6715 0.1102
vn -0.7012 0.6951 0.1586
vn -0.7227 0.6911 0.0137
vn -0.7187 0.6946 0.0322
vn -0.7213 0.6912 0.0447
vn -0.7210 0.6879 0.0833
vn -0.5056 0.5862 0.6330
vn -0.5523 0.6573 0.5128
vn -0.5696 0.6643 0.4841
vn -0.5941 0.7149 0.3689
vn -0.6083 0.7165 0.3417
vn -0.6214 0.7460 0.2395
vn -0.6310 0.7448 0.2172
vn -0.6318 0.7634 0.1343
vn -0.6405 0.7595 0.1135
vn -0.6387 0.7663 0.0691
vn -0.6440 0.7643 0.0330
vn -0.6453 0.7631 0.0365
vn -0.6417 0.7668 0.0152
vn -0.2613 0.2788 0.9241
vn -0.3294 0.3725 0.8676
vn -0.3445 0.3810 0.8580
vn -0.3847 0.4403 0.8112
vn -0.4306 0.4874 0.7596
vn -0.4322 0.4926 0.7553
vn -0.4918 0.5794 0.6499
vn -0.2601 0.2696 0.9272
vn -0.2044 0.2002 0.9582
vn -0.2004 0.1974 0.9596
vn -0.1486 0.1336 0.9798
vn -0.1382 0.1268 0.9822
vn -0.1078 0.0818 0.9908
vn -0.0873 0.0678 0.9939
vn -0.0689 0.0263 0.9973
vn -0.0534 0.0216 0.9983
vn -0.0257 -0.0169 0.9995
vn -0.0293 -0.0098 0.9995
vn -0.0666 -0.0150 0.9977
vn -0.0350 -0.0083 0.9994
vn -0.0340 -0.0083 0.9994
vn -0.0368 -0.0104 0.9993
vn -0.0364 -0.0104 0.9993
vn -0.0380 -0.0128 0.9992
vn -0.6970 0.7163 0.0326
vn -0.6969 0.7164 0.0323
vn -0.6934 0.7118 0.1119
vn -0.6932 0.7122 0.1111
vn -0.6825 0.6988 0.2141
vn -0.6822 0.6996 0.2124
vn -0.6594 0.6722 0.3369
vn -0.6592 0.6736 0.3344
vn -0.6174 0.6249 0.4778
vn -0.6176 0.6271 0.4746
vn -0.5515 0.5516 0.6258
vn -0.5523 0.5549 0.6221
vn -0.4691 0.4613 0.7531
vn -0.4705 0.4656 0.7495
vn -0.3771 0.3611 0.8529
vn -0.3786 0.3659 0.8501
vn -0.2788 0.2542 0.9261
vn -0.3131 0.2670 0.9114
vn -0.6693 0.7423 0.0329
vn -0.6692 0.7424 0.0327
vn -0.6657 0.7376 0.1131
vn -0.6655 0.7379 0.1124
vn -0.6550 0.7240 0.2164
vn -0.6547 0.7246 0.2151
vn -0.6323 0.6959 0.3404
vn -0.6321 0.6971 0.3384
vn -0.5912 0.6463 0.4825
vn -0.5913 0.6481 0.4800
vn -0.5267 0.5694 0.6312
vn -0.5273 0.5721 0.6282
vn -0.4466 0.4751 0.7581
vn -0.4476 0.4787 0.7553
vn -0.3578 0.3711 0.8569
vn -0.3589 0.3751 0.8547
vn -0.2780 0.2782 0.9194
vn -0.2951 0.2653 0.9179
vn -0.2252 0.1889 0.9558
vn -0.0439 -0.0172 0.9989
vn -0.8048 0.5871 0.0870
vn -0.7037 0.5375 0.4646
vn -0.1951 0.0339 0.9802
vn -0.0793 0.0458 0.9958
vn -0.0369 0.0834 0.9958
vn -0.1027 -0.0724 0.9921
vn -0.2203 0.1123 0.9689
vn -0.1854 0.0826 0.9792
vn -0.1367 0.0666 0.9884
vn -0.2215 0.1154 0.9683
vn -0.3063 0.1633 0.9378
vn -0.2807 0.1628 0.9459
vn -0.6879 0.4447 0.5737
vn -0.5902 0.3825 0.7108
vn -0.5981 0.3843 0.7033
vn -0.5004 0.3133 0.8071
vn -0.4918 0.3110 0.8133
vn -0.4304 0.2605 0.8643
vn -0.3880 0.2397 0.8900
vn -0.3902 0.2428 0.8882
vn -0.3552 0.2032 0.9124
vn -0.7375 0.4584 0.4960
vn -0.7314 0.4611 0.5025
vn -0.7432 0.4750 0.4712
vn -0.7508 0.4793 0.4544
vn -0.7600 0.4812 0.4368
vn -0.7593 0.4794 0.4402
vn -0.7789 0.5184 0.3530
vn -0.7718 0.4736 0.4243
vn -0.7759 0.4932 0.3934
vn -0.8023 0.5196 0.2939
vn -0.8047 0.5185 0.2890
vn -0.8291 0.5382 0.1514
vn -0.8201 0.5469 0.1682
vn -0.8409 0.5386 0.0520
vn -0.8258 0.5568 0.0898
vn -0.8383 0.5450 0.0118
vn -0.8383 0.5451 0.0115
vn -0.8359 0.5466 0.0502
vn -0.7340 0.5053 0.4538
vn -0.7240 0.4775 0.4979
vn -0.6744 0.4429 0.5908
vn -0.6878 0.4289 0.5856
vn -0.6694 0.4498 0.5913
vn -0.7240 0.4593 0.5146
vn -0.7291 0.4594 0.5073
vn -0.7961 0.5806 0.1706
vn -0.7923 0.5808 0.1870
vn -0.7893 0.5812 0.1981
vn -0.7873 0.5766 0.2182
vn -0.7688 0.5581 0.3121
vn -0.7708 0.5830 0.2569
vn -0.7674 0.5660 0.3011
vn -0.8308 0.5533 0.0604
vn -0.8085 0.5877 0.0294
vn -0.8241 0.5662 0.0174
vn -0.7494 0.6620 0.0137
vn -0.7514 0.6591 0.0312
vn -0.7491 0.6610 0.0445
vn -0.7467 0.6600 0.0831
vn -0.7480 0.6549 0.1073
vn -0.7370 0.6572 0.1578
vn -0.0783 0.0039 0.9969
vn -0.7372 0.6438 0.2051
vn -0.7040 0.6320 0.3238
vn -0.7252 0.6284 0.2814
vn -0.6645 0.5884 0.4606
vn -0.6843 0.5914 0.4266
vn -0.5999 0.5228 0.6056
vn -0.6149 0.5282 0.5856
vn -0.5172 0.4407 0.7337
vn -0.5230 0.4434 0.7279
vn -0.4213 0.3482 0.8374
vn -0.4203 0.3477 0.8382
vn -0.3298 0.2614 0.9071
vn -0.3230 0.2579 0.9106
vn -0.2506 0.1862 0.9500
vn -0.2362 0.1789 0.9551
vn -0.1853 0.1235 0.9749
vn -0.1630 0.1119 0.9803
vn -0.1347 0.0750 0.9880
vn -0.1064 0.0589 0.9926
vn -0.0856 0.0202 0.9961
vn -0.0669 0.0162 0.9976
vn -0.0409 -0.0145 0.9991
vn -0.0403 -0.0146 0.9991
vn -0.0468 -0.0202 0.9987
vn -0.0456 -0.0192 0.9988
vn -0.8021 0.5814 0.1363
vn -0.8038 0.5858 0.1035
vn -0.8070 0.5840 0.0878
vn -0.8094 0.5865 0.0301
vn -0.8095 0.5864 0.0294
vn -0.0411 -0.0285 0.9987
vn -0.0407 -0.0180 0.9990
vn -0.0573 -0.0117 0.9983
vn -0.0917 0.0198 0.9956
vn -0.0967 0.0202 0.9951
vn -0.1526 0.0685 0.9859
vn -0.1600 0.0716 0.9845
vn -0.2098 0.1137 0.9711
vn -0.2191 0.1180 0.9685
vn -0.2833 0.1713 0.9436
vn -0.2942 0.1765 0.9393
vn -0.3710 0.2395 0.8972
vn -0.3827 0.2455 0.8907
vn -0.4703 0.3169 0.8236
vn -0.4815 0.3227 0.8149
vn -0.5733 0.3976 0.7164
vn -0.5830 0.4025 0.7058
vn -0.6611 0.4668 0.5874
vn -0.6682 0.4700 0.5767
vn -0.7286 0.5208 0.4449
vn -0.7302 0.5213 0.4416
vn -0.7587 0.5493 0.3502
vn -0.0443 -0.0172 0.9989
vn -0.0834 0.0222 0.9963
vn -0.0886 0.0228 0.9958
vn -0.1393 0.0710 0.9877
vn -0.1466 0.0743 0.9864
vn -0.1926 0.1170 0.9743
vn -0.2017 0.1216 0.9719
vn -0.2617 0.1763 0.9489
vn -0.2723 0.1820 0.9448
vn -0.3451 0.2476 0.9053
vn -0.3566 0.2539 0.8991
vn -0.4411 0.3296 0.8347
vn -0.4521 0.3358 0.8264
vn -0.5420 0.4163 0.7301
vn -0.5515 0.4215 0.7198
vn -0.6294 0.4919 0.6015
vn -0.6365 0.4954 0.5911
vn -0.6978 0.5517 0.4569
vn -0.7021 0.5534 0.4481
vn -0.7408 0.5900 0.3209
vn -0.7434 0.5905 0.3142
vn -0.7646 0.6114 0.2037
vn -0.7659 0.6112 0.1993
vn -0.7760 0.6217 0.1065
vn -0.7766 0.6214 0.1042
vn -0.7799 0.6251 0.0310
vn -0.7801 0.6249 0.0304
s 0
f 1//1 2//1 3//1
f 3//1 2//1 4//1
f 3//1 4//1 5//1
f 5//2 4//2 6//2
f 7//3 8//3 9//3
f 7//4 9//4 10//4
f 11//5 12//5 13//5
f 13//6 12//6 14//6
f 13//7 14//7 15//7
f 15//8 14//8 10//8
f 15//9 10//9 16//9
f 16//10 10//10 9//10
f 17//11 18//11 19//11
f 19//12 18//12 20//12
f 21//13 22//13 23//13
f 23//14 22//14 8//14
f 24//15 25//15 26//15
f 26//16 25//16 27//16
f 26//17 27//17 28//17
f 28//18 27//18 29//18
f 28//19 29//19 30//19
f 31//20 32//20 33//20
f 33//21 32//21 25//21
f 33//22 25//22 24//22
f 32//23 31//23 34//23
f 35//24 36//24 37//24
f 25//25 32//25 37//25
f 37//26 32//26 34//26
f 37//27 34//27 35//27
f 35//28 34//28 38//28
f 35//29 38//29 39//29
f 40//30 41//30 25//30
f 42//31 29//31 27//31
f 42//32 27//32 43//32
f 25//33 44//33 40//33
f 40//34 44//34 45//34
f 40//35 45//35 41//35
f 41//36 45//36 46//36
f 41//37 46//37 43//37
f 47//38 45//38 48//38
f 48//39 45//39 44//39
f 48//40 44//40 25//40
f 36//41 47//41 37//41
f 37//42 47//42 48//42
f 37//43 48//43 25//43
f 43//44 27//44 41//44
f 41//45 27//45 25//45
f 49//46 50//46 51//46
f 49//47 51//47 52//47
f 53//48 54//48 55//48
f 36//49 56//49 47//49
f 47//50 56//50 57//50
f 47//51 57//51 58//51
f 59//52 29//52 42//52
f 60//53 61//53 59//53
f 62//54 63//54 64//54
f 46//55 45//55 65//55
f 65//56 45//56 47//56
f 65//57 47//57 66//57
f 66//58 47//58 58//58
f 66//59 58//59 67//59
f 55//60 52//60 62//60
f 62//61 52//61 51//61
f 62//62 51//62 63//62
f 63//63 51//63 68//63
f 68//64 69//64 63//64
f 63//65 69//65 70//65
f 63//66 70//66 64//66
f 64//67 70//67 71//67
f 64//68 71//68 72//68
f 55//69 62//69 53//69
f 53//70 62//70 64//70
f 53//71 64//71 60//71
f 60//72 64//72 72//72
f 60//73 72//73 61//73
f 42//74 43//74 59//74
f 59//75 43//75 46//75
f 59//76 46//76 60//76
f 60//77 46//77 65//77
f 60//78 65//78 53//78
f 53//79 65//79 66//79
f 53//80 66//80 54//80
f 54//81 66//81 67//81
f 54//82 67//82 55//82
f 73//83 74//83 75//83
f 68//84 76//84 69//84
f 69//85 76//85 77//85
f 77//86 73//86 69//86
f 69//87 73//87 75//87
f 69//88 75//88 70//88
f 70//89 75//89 78//89
f 70//90 78//90 71//90
f 71//91 78//91 79//91
f 71//92 79//92 72//92
f 30//93 29//93 80//93
f 80//94 29//94 59//94
f 80//95 59//95 79//95
f 79//96 59//96 61//96
f 79//97 61//97 72//97
f 76//98 68//98 81//98
f 81//98 68//98 82//98
f 83//98 84//98 85//98
f 85//98 86//98 83//98
f 83//98 86//98 87//98
f 83//98 87//98 88//98
f 88//99 87//99 89//99
f 89//100 90//100 88//100
f 88//98 90//98 91//98
f 88//98 91//98 68//98
f 68//98 91//98 92//98
f 68//98 92//98 82//98
f 88//101 68//101 93//101
f 93//102 68//102 51//102
f 93//103 51//103 94//103
f 94//104 51//104 50//104
f 35//105 39//105 95//105
f 96//105 97//105 98//105
f 98//105 99//105 100//105
f 49//105 52//105 101//105
f 96//105 98//105 102//105
f 102//105 98//105 100//105
f 102//106 100//106 103//106
f 58//105 95//105 67//105
f 67//105 95//105 101//105
f 67//105 101//105 55//105
f 55//105 101//105 52//105
f 104//105 94//105 50//105
f 96//105 105//105 97//105
f 97//105 105//105 106//105
f 97//105 106//105 107//105
f 36//107 35//107 56//107
f 56//105 35//105 95//105
f 56//105 95//105 57//105
f 57//105 95//105 58//105
f 49//106 101//106 50//106
f 50//105 101//105 108//105
f 50//105 108//105 104//105
f 104//106 109//106 94//106
f 94//105 109//105 110//105
f 94//105 110//105 107//105
f 107//105 110//105 111//105
f 107//105 111//105 97//105
f 112//108 113//108 114//108
f 114//108 113//108 115//108
f 114//108 115//108 116//108
f 117//109 118//109 119//109
f 117//110 119//110 120//110
f 120//111 119//111 121//111
f 120//112 121//112 122//112
f 123//113 124//113 125//113
f 121//114 126//114 122//114
f 122//115 126//115 127//115
f 122//116 127//116 128//116
f 128//117 127//117 129//117
f 128//118 129//118 125//118
f 125//119 129//119 130//119
f 125//120 130//120 123//120
f 131//121 132//121 133//121
f 131//122 133//122 134//122
f 134//123 133//123 135//123
f 134//124 135//124 136//124
f 136//125 135//125 137//125
f 137//126 135//126 138//126
f 137//127 138//127 139//127
f 139//128 138//128 140//128
f 140//129 138//129 141//129
f 140//130 141//130 142//130
f 142//131 141//131 143//131
f 142//132 143//132 144//132
f 144//133 143//133 145//133
f 144//134 145//134 146//134
f 147//135 148//135 149//135
f 147//136 149//136 145//136
f 145//137 149//137 150//137
f 145//138 150//138 146//138
f 151//139 152//139 153//139
f 153//139 152//139 154//139
f 155//140 156//140 157//140
f 157//141 156//141 158//141
f 157//142 158//142 159//142
f 159//143 158//143 160//143
f 159//143 160//143 161//143
f 155//144 162//144 156//144
f 156//145 162//145 163//145
f 156//146 163//146 164//146
f 163//147 165//147 164//147
f 164//148 165//148 166//148
f 164//149 166//149 167//149
f 166//150 168//150 167//150
f 167//151 168//151 169//151
f 167//152 169//152 170//152
f 169//153 171//153 170//153
f 170//154 171//154 172//154
f 170//155 172//155 173//155
f 172//156 174//156 173//156
f 173//157 174//157 154//157
f 173//157 154//157 152//157
f 160//158 175//158 161//158
f 161//158 175//158 176//158
f 176//159 177//159 161//159
f 161//159 177//159 178//159
f 161//159 178//159 179//159
f 179//159 178//159 180//159
f 179//159 180//159 181//159
f 161//160 179//160 159//160
f 159//161 179//161 182//161
f 159//162 182//162 157//162
f 182//163 183//163 157//163
f 157//164 183//164 184//164
f 157//165 184//165 155//165
f 155//166 184//166 185//166
f 155//167 185//167 162//167
f 162//168 185//168 186//168
f 162//169 186//169 163//169
f 163//170 186//170 165//170
f 165//171 186//171 187//171
f 165//172 187//172 166//172
f 166//173 187//173 168//173
f 168//174 187//174 188//174
f 168//175 188//175 169//175
f 188//176 189//176 169//176
f 169//177 189//177 190//177
f 169//178 190//178 171//178
f 171//179 190//179 191//179
f 171//180 191//180 172//180
f 172//181 191//181 192//181
f 172//182 192//182 174//182
f 174//183 192//183 193//183
f 174//184 193//184 154//184
f 154//185 193//185 194//185
f 154//186 194//186 153//186
f 153//187 194//187 195//187
f 196//188 197//188 195//188
f 195//188 197//188 198//188
f 195//188 198//188 153//188
f 195//189 194//189 199//189
f 199//190 200//190 195//190
f 195//191 200//191 201//191
f 195//192 201//192 196//192
f 202//193 203//193 204//193
f 204//194 203//194 205//194
f 179//195 206//195 182//195
f 182//196 206//196 207//196
f 182//196 207//196 183//196
f 185//197 208//197 186//197
f 186//198 208//198 209//198
f 186//198 209//198 187//198
f 194//199 193//199 199//199
f 199//200 193//200 192//200
f 199//200 192//200 210//200
f 210//201 192//201 191//201
f 210//201 191//201 211//201
f 211//202 191//202 190//202
f 211//202 190//202 212//202
f 212//203 190//203 189//203
f 212//204 189//204 213//204
f 213//205 189//205 188//205
f 181//206 205//206 179//206
f 179//207 205//207 203//207
f 179//208 203//208 206//208
f 206//209 203//209 202//209
f 202//209 214//209 206//209
f 206//210 214//210 215//210
f 206//211 215//211 207//211
f 207//212 215//212 216//212
f 207//213 216//213 217//213
f 217//214 216//214 218//214
f 217//215 218//215 219//215
f 219//216 208//216 217//216
f 217//197 208//197 185//197
f 217//217 185//217 207//217
f 207//218 185//218 184//218
f 207//219 184//219 183//219
f 220//220 209//220 221//220
f 221//221 209//221 208//221
f 221//222 208//222 222//222
f 222//223 208//223 219//223
f 220//224 223//224 209//224
f 209//225 223//225 213//225
f 209//226 213//226 187//226
f 187//226 213//226 188//226
f 223//227 224//227 213//227
f 213//228 224//228 225//228
f 213//229 225//229 212//229
f 212//230 225//230 226//230
f 212//231 226//231 211//231
f 211//231 226//231 227//231
f 211//232 227//232 210//232
f 228//233 201//233 229//233
f 229//234 201//234 200//234
f 229//235 200//235 230//235
f 230//235 200//235 199//235
f 230//236 199//236 231//236
f 231//237 199//237 210//237
f 231//238 210//238 232//238
f 232//232 210//232 227//232
f 233//239 234//239 215//239
f 215//240 234//240 216//240
f 233//241 215//241 235//241
f 235//242 215//242 214//242
f 235//243 214//243 236//243
f 236//244 214//244 237//244
f 237//245 214//245 202//245
f 237//246 202//246 204//246
f 234//247 238//247 216//247
f 216//248 238//248 148//248
f 216//249 148//249 218//249
f 218//250 148//250 147//250
f 218//251 147//251 219//251
f 219//252 147//252 145//252
f 219//253 145//253 222//253
f 222//254 145//254 143//254
f 222//255 143//255 221//255
f 221//256 143//256 141//256
f 221//257 141//257 220//257
f 220//258 141//258 138//258
f 220//259 138//259 223//259
f 227//260 226//260 135//260
f 135//261 226//261 225//261
f 135//262 225//262 138//262
f 138//263 225//263 224//263
f 138//264 224//264 223//264
f 239//265 231//265 240//265
f 240//266 231//266 232//266
f 240//267 232//267 132//267
f 132//268 232//268 227//268
f 132//269 227//269 133//269
f 133//270 227//270 135//270
f 239//271 241//271 231//271
f 231//272 241//272 242//272
f 231//273 242//273 230//273
f 230//274 242//274 243//274
f 230//275 243//275 229//275
f 229//276 243//276 244//276
f 229//277 244//277 228//277
f 245//278 246//278 247//278
f 247//279 246//279 248//279
f 247//280 248//280 249//280
f 249//281 248//281 250//281
f 249//282 250//282 251//282
f 251//283 250//283 252//283
f 251//284 252//284 253//284
f 253//285 252//285 254//285
f 255//286 256//286 245//286
f 245//287 256//287 257//287
f 245//288 257//288 246//288
f 246//289 257//289 248//289
f 258//290 259//290 252//290
f 260//291 261//291 262//291
f 262//292 261//292 263//292
f 262//293 263//293 264//293
f 265//294 266//294 267//294
f 267//295 266//295 268//295
f 149//296 269//296 150//296
f 150//297 269//297 270//297
f 150//298 270//298 146//298
f 271//299 270//299 272//299
f 272//300 270//300 269//300
f 272//301 269//301 273//301
f 273//302 269//302 149//302
f 273//303 149//303 148//303
f 267//304 263//304 265//304
f 265//305 263//305 261//305
f 265//306 261//306 274//306
f 274//307 261//307 260//307
f 274//308 260//308 258//308
f 238//309 275//309 148//309
f 148//310 275//310 276//310
f 148//311 276//311 273//311
f 273//312 276//312 277//312
f 273//313 277//313 272//313
f 272//314 277//314 256//314
f 272//315 256//315 271//315
f 271//316 256//316 255//316
f 278//317 268//317 279//317
f 279//318 268//318 266//318
f 279//319 266//319 280//319
f 280//320 266//320 265//320
f 280//321 265//321 281//321
f 281//322 265//322 274//322
f 281//323 274//323 282//323
f 282//324 274//324 258//324
f 282//325 258//325 250//325
f 250//326 258//326 252//326
f 275//327 278//327 276//327
f 276//328 278//328 279//328
f 276//329 279//329 277//329
f 277//330 279//330 280//330
f 277//331 280//331 256//331
f 256//332 280//332 281//332
f 256//333 281//333 257//333
f 257//334 281//334 282//334
f 257//335 282//335 248//335
f 248//336 282//336 250//336
f 283//337 284//337 285//337
f 283//338 285//338 286//338
f 286//339 285//339 287//339
f 286//340 287//340 288//340
f 289//341 285//341 284//341
f 287//342 285//342 290//342
f 287//343 290//343 291//343
f 291//344 290//344 292//344
f 291//345 292//345 293//345
f 262//346 264//346 294//346
f 262//347 294//347 295//347
f 295//348 294//348 296//348
f 295//349 296//349 297//349
f 297//350 296//350 298//350
f 297//351 298//351 299//351
f 299//352 298//352 300//352
f 299//353 300//353 292//353
f 292//354 300//354 301//354
f 292//355 301//355 293//355
f 302//356 303//356 304//356
f 304//357 303//357 305//357
f 304//358 305//358 306//358
f 306//359 305//359 259//359
f 306//360 259//360 258//360
f 307//361 308//361 309//361
f 309//362 308//362 310//362
f 309//363 310//363 302//363
f 302//364 310//364 311//364
f 302//365 311//365 303//365
f 312//366 313//366 309//366
f 309//367 313//367 314//367
f 309//368 314//368 307//368
f 315//369 313//369 284//369
f 284//370 313//370 312//370
f 284//371 312//371 289//371
f 289//372 312//372 309//372
f 289//373 309//373 316//373
f 316//374 309//374 302//374
f 316//375 302//375 317//375
f 317//376 302//376 304//376
f 317//377 304//377 318//377
f 318//378 304//378 306//378
f 318//379 306//379 319//379
f 319//380 306//380 258//380
f 319//381 258//381 260//381
f 285//382 289//382 290//382
f 290//383 289//383 316//383
f 290//384 316//384 292//384
f 292//385 316//385 317//385
f 292//386 317//386 299//386
f 299//387 317//387 318//387
f 299//388 318//388 297//388
f 297//389 318//389 319//389
f 297//390 319//390 295//390
f 295//391 319//391 260//391
f 295//392 260//392 262//392
f 310//393 308//393 320//393
f 310//394 320//394 311//394
f 311//395 320//395 321//395
f 311//396 321//396 303//396
f 254//397 252//397 259//397
f 321//398 322//398 303//398
f 303//399 322//399 254//399
f 303//400 254//400 305//400
f 305//401 254//401 259//401
f 323//402 324//402 137//402
f 144//403 146//403 270//403
f 325//404 326//404 327//404
f 249//405 251//405 322//405
f 322//406 251//406 253//406
f 322//407 253//407 254//407
f 322//408 325//408 249//408
f 249//409 325//409 327//409
f 249//410 327//410 247//410
f 327//411 328//411 247//411
f 247//412 328//412 329//412
f 247//413 329//413 245//413
f 245//414 329//414 330//414
f 330//415 331//415 245//415
f 245//416 331//416 332//416
f 245//417 332//417 255//417
f 255//418 332//418 333//418
f 255//419 333//419 271//419
f 334//420 139//420 140//420
f 334//421 140//421 271//421
f 271//422 140//422 270//422
f 270//423 140//423 142//423
f 270//424 142//424 144//424
f 139//425 334//425 137//425
f 137//426 334//426 335//426
f 137//427 335//427 323//427
f 131//428 134//428 324//428
f 324//429 134//429 136//429
f 324//430 136//430 137//430
f 241//431 239//431 336//431
f 336//432 337//432 241//432
f 241//433 337//433 338//433
f 241//434 338//434 242//434
f 242//435 338//435 243//435
f 243//436 338//436 339//436
f 243//437 339//437 244//437
f 244//438 339//438 228//438
f 228//439 339//439 340//439
f 228//440 340//440 201//440
f 201//441 340//441 196//441
f 196//442 340//442 341//442
f 196//443 341//443 197//443
f 197//444 341//444 342//444
f 197//445 342//445 198//445
f 198//446 342//446 343//446
f 198//447 343//447 153//447
f 153//448 343//448 344//448
f 153//449 344//449 151//449
f 345//450 346//450 347//450
f 347//451 346//451 348//451
f 346//452 349//452 348//452
f 348//453 349//453 350//453
f 348//454 350//454 351//454
f 351//455 350//455 352//455
f 351//456 352//456 353//456
f 353//457 352//457 354//457
f 353//458 354//458 355//458
f 355//459 354//459 356//459
f 355//460 356//460 357//460
f 357//461 356//461 358//461
f 357//462 358//462 359//462
f 359//463 358//463 360//463
f 359//464 360//464 124//464
f 124//465 360//465 361//465
f 124//466 361//466 125//466
f 120//467 122//467 361//467
f 361//468 122//468 128//468
f 361//469 128//469 125//469
f 239//470 240//470 336//470
f 336//471 240//471 132//471
f 336//472 132//472 362//472
f 362//473 132//473 131//473
f 362//474 131//474 363//474
f 363//475 131//475 324//475
f 363//476 324//476 118//476
f 271//477 333//477 334//477
f 334//478 333//478 364//478
f 334//479 364//479 365//479
f 365//480 366//480 334//480
f 334//481 366//481 367//481
f 334//482 367//482 335//482
f 345//483 344//483 346//483
f 346//484 344//484 343//484
f 346//485 343//485 349//485
f 349//486 343//486 342//486
f 349//487 342//487 350//487
f 350//488 342//488 341//488
f 350//489 341//489 352//489
f 352//490 341//490 340//490
f 352//491 340//491 354//491
f 354//492 340//492 339//492
f 354//493 339//493 356//493
f 356//494 339//494 338//494
f 356//495 338//495 358//495
f 358//496 338//496 337//496
f 358//497 337//497 360//497
f 360//498 337//498 336//498
f 360//499 336//499 361//499
f 361//500 336//500 362//500
f 361//501 362//501 120//501
f 120//502 362//502 363//502
f 120//503 363//503 117//503
f 117//504 363//504 118//504
f 321//505 368//505 369//505
f 321//506 369//506 322//506
f 369//507 370//507 322//507
f 322//508 370//508 371//508
f 322//509 371//509 325//509
f 325//510 371//510 326//510
f 320//511 372//511 321//511
f 321//512 372//512 373//512
f 321//513 373//513 368//513
f 307//514 374//514 308//514
f 308//515 374//515 375//515
f 308//516 375//516 320//516
f 320//517 375//517 376//517
f 320//518 376//518 372//518
f 315//519 377//519 313//519
f 313//520 377//520 374//520
f 313//521 374//521 314//521
f 314//522 374//522 307//522
f 359//523 124//523 378//523
f 359//524 378//524 357//524
f 357//525 378//525 379//525
f 357//526 379//526 355//526
f 380//527 351//527 353//527
f 379//528 381//528 355//528
f 355//529 381//529 382//529
f 355//530 382//530 353//530
f 353//531 382//531 383//531
f 353//532 383//532 380//532
f 384//533 347//533 385//533
f 385//534 347//534 348//534
f 385//535 348//535 386//535
f 386//536 348//536 351//536
f 386//537 351//537 387//537
f 387//538 351//538 380//538
f 377//539 388//539 374//539
f 374//540 388//540 389//540
f 374//541 389//541 375//541
f 375//542 389//542 390//542
f 375//543 390//543 376//543
f 376//544 390//544 391//544
f 376//545 391//545 372//545
f 372//546 391//546 392//546
f 372//547 392//547 373//547
f 373//548 392//548 393//548
f 373//549 393//549 368//549
f 368//550 393//550 394//550
f 368//551 394//551 369//551
f 369//552 394//552 395//552
f 369//553 395//553 370//553
f 395//554 396//554 370//554
f 370//555 396//555 397//555
f 370//556 397//556 371//556
f 371//557 397//557 398//557
f 371//558 398//558 326//558
f 326//559 398//559 399//559
f 326//560 399//560 327//560
f 327//561 399//561 400//561
f 327//562 400//562 328//562
f 328//563 400//563 329//563
f 329//564 400//564 401//564
f 329//565 401//565 330//565
f 330//566 401//566 402//566
f 330//567 402//567 331//567
f 331//568 402//568 403//568
f 331//569 403//569 332//569
f 403//570 404//570 332//570
f 332//571 404//571 405//571
f 332//572 405//572 333//572
f 333//573 405//573 406//573
f 333//574 406//574 364//574
f 406//575 407//575 364//575
f 364//576 407//576 408//576
f 364//577 408//577 365//577
f 365//578 408//578 409//578
f 365//579 409//579 366//579
f 366//580 409//580 410//580
f 366//581 410//581 367//581
f 367//582 410//582 411//582
f 367//583 411//583 335//583
f 411//584 412//584 335//584
f 335//585 412//585 413//585
f 335//586 413//586 323//586
f 413//587 414//587 323//587
f 323//588 414//588 415//588
f 323//589 415//589 324//589
f 324//590 415//590 416//590
f 324//591 416//591 118//591
f 417//592 418//592 419//592
f 419//593 418//593 420//593
f 421//594 422//594 423//594
f 423//595 424//595 421//595
f 421//596 424//596 425//596
f 421//597 425//597 420//597
f 420//598 425//598 426//598
f 420//599 426//599 419//599
f 427//600 428//600 429//600
f 427//601 429//601 430//601
f 430//602 429//602 431//602
f 430//603 431//603 432//603
f 432//604 431//604 433//604
f 432//605 433//605 434//605
f 434//606 433//606 435//606
f 434//607 435//607 436//607
f 436//608 435//608 437//608
f 436//609 437//609 438//609
f 438//610 437//610 439//610
f 439//611 437//611 422//611
f 439//612 422//612 440//612
f 440//613 422//613 441//613
f 441//614 422//614 421//614
f 441//615 421//615 442//615
f 442//616 421//616 420//616
f 442//617 420//617 443//617
f 443//618 420//618 418//618
f 443//619 418//619 444//619
f 444//620 418//620 417//620
f 444//621 417//621 445//621
f 445//622 417//622 446//622
f 445//623 446//623 447//623
f 447//624 446//624 448//624
f 447//625 448//625 449//625
f 449//626 448//626 450//626
f 449//627 450//627 451//627
f 452//628 453//628 454//628
f 454//629 453//629 451//629
f 454//630 451//630 455//630
f 455//631 451//631 450//631
f 456//632 453//632 452//632
f 452//633 457//633 456//633
f 456//634 457//634 458//634
f 456//635 458//635 459//635
f 459//636 458//636 460//636
f 459//637 460//637 461//637
f 461//638 460//638 462//638
f 461//639 462//639 463//639
f 463//640 462//640 464//640
f 463//641 464//641 465//641
f 465//642 464//642 466//642
f 465//643 466//643 467//643
f 467//644 466//644 468//644
f 467//645 468//645 469//645
f 470//646 471//646 472//646
f 472//647 471//647 473//647
f 472//648 473//648 474//648
f 474//649 473//649 475//649
f 474//650 475//650 476//650
f 476//651 475//651 477//651
f 476//652 477//652 478//652
f 478//653 477//653 479//653
f 478//654 479//654 480//654
f 480//655 479//655 481//655
f 480//656 481//656 482//656
f 482//657 481//657 483//657
f 482//658 483//658 484//658
f 484//659 483//659 469//659
f 484//660 469//660 485//660
f 485//661 469//661 468//661
f 486//662 487//662 488//662
f 488//663 487//663 471//663
f 488//664 471//664 470//664
f 486//665 489//665 487//665
f 487//666 489//666 490//666
f 487//667 490//667 491//667
f 491//668 490//668 492//668
f 491//669 492//669 493//669
f 493//670 492//670 494//670
f 493//671 494//671 495//671
f 495//672 494//672 496//672
f 495//673 496//673 497//673
f 497//674 496//674 498//674
f 497//675 498//675 499//675
f 499//676 498//676 500//676
f 499//677 500//677 501//677
f 501//678 500//678 502//678
f 501//679 502//679 503//679
f 503//680 502//680 504//680
f 505//679 506//679 507//679
f 505//681 507//681 508//681
f 508//682 507//682 509//682
f 508//683 509//683 510//683
f 510//679 509//679 511//679
f 510//684 511//684 512//684
f 513//680 514//680 515//680
f 515//680 514//680 516//680
f 515//680 516//680 504//680
f 504//680 516//680 517//680
f 504//680 517//680 503//680
f 518//680 519//680 520//680
f 520//679 519//679 521//679
f 520//679 521//679 513//679
f 513//679 521//679 522//679
f 513//679 522//679 514//679
f 511//685 523//685 512//685
f 512//686 523//686 524//686
f 512//686 524//686 525//686
f 525//687 524//687 526//687
f 525//688 526//688 527//688
f 527//680 526//680 519//680
f 527//680 519//680 528//680
f 528//680 519//680 518//680
f 529//689 469//689 483//689
f 530//690 531//690 519//690
f 519//691 531//691 521//691
f 532//692 516//692 533//692
f 533//693 516//693 514//693
f 533//694 514//694 534//694
f 534//695 514//695 522//695
f 534//696 522//696 535//696
f 499//697 536//697 497//697
f 497//698 536//698 537//698
f 497//699 537//699 495//699
f 495//700 537//700 493//700
f 493//701 537//701 538//701
f 493//702 538//702 491//702
f 539//703 540//703 541//703
f 541//704 540//704 542//704
f 541//705 542//705 487//705
f 487//706 542//706 543//706
f 487//707 543//707 544//707
f 544//708 545//708 487//708
f 487//709 545//709 546//709
f 487//710 546//710 471//710
f 471//711 546//711 547//711
f 471//712 547//712 473//712
f 473//713 547//713 548//713
f 473//714 548//714 475//714
f 475//715 548//715 549//715
f 475//716 549//716 477//716
f 477//717 549//717 550//717
f 477//718 550//718 479//718
f 550//719 551//719 479//719
f 479//720 551//720 552//720
f 479//721 552//721 481//721
f 481//722 552//722 553//722
f 481//723 553//723 483//723
f 483//724 553//724 554//724
f 483//725 554//725 529//725
f 487//726 491//726 541//726
f 541//727 491//727 538//727
f 541//728 538//728 539//728
f 539//729 538//729 555//729
f 556//730 557//730 558//730
f 558//731 557//731 559//731
f 558//732 559//732 555//732
f 556//733 558//733 560//733
f 560//734 558//734 561//734
f 560//735 561//735 562//735
f 562//736 561//736 563//736
f 563//737 561//737 564//737
f 563//738 564//738 565//738
f 565//739 564//739 566//739
f 565//740 566//740 567//740
f 567//741 566//741 568//741
f 567//742 568//742 569//742
f 569//743 568//743 532//743
f 569//744 532//744 570//744
f 570//745 532//745 533//745
f 570//746 533//746 571//746
f 571//747 533//747 534//747
f 571//748 534//748 572//748
f 572//749 534//749 535//749
f 572//750 535//750 573//750
f 522//751 521//751 535//751
f 535//752 521//752 531//752
f 535//753 531//753 573//753
f 573//754 531//754 530//754
f 573//755 530//755 574//755
f 555//756 538//756 558//756
f 558//757 538//757 537//757
f 558//758 537//758 561//758
f 561//759 537//759 536//759
f 561//760 536//760 564//760
f 564//761 536//761 499//761
f 564//762 499//762 566//762
f 566//763 499//763 501//763
f 566//764 501//764 568//764
f 568//765 501//765 503//765
f 568//766 503//766 532//766
f 532//767 503//767 517//767
f 532//768 517//768 516//768
f 575//769 576//769 577//769
f 577//770 576//770 578//770
f 577//771 578//771 579//771
f 579//772 580//772 577//772
f 577//773 580//773 581//773
f 577//773 581//773 582//773
f 583//774 584//774 585//774
f 585//775 586//775 583//775
f 583//776 586//776 587//776
f 583//776 587//776 588//776
f 588//777 587//777 589//777
f 588//777 589//777 590//777
f 590//778 589//778 591//778
f 590//778 591//778 592//778
f 592//779 591//779 593//779
f 592//779 593//779 594//779
f 595//780 596//780 597//780
f 597//780 598//780 595//780
f 595//781 598//781 599//781
f 595//781 599//781 600//781
f 600//782 599//782 601//782
f 600//782 601//782 602//782
f 602//783 601//783 603//783
f 602//783 603//783 604//783
f 596//784 605//784 597//784
f 597//785 605//785 606//785
f 597//785 606//785 607//785
f 607//784 606//784 608//784
f 609//786 606//786 605//786
f 610//787 611//787 612//787
f 605//788 613//788 609//788
f 609//789 613//789 614//789
f 609//789 614//789 615//789
f 615//790 614//790 616//790
f 615//791 616//791 617//791
f 617//792 616//792 618//792
f 617//792 618//792 619//792
f 619//793 618//793 610//793
f 619//794 610//794 620//794
f 620//787 610//787 612//787
f 584//795 604//795 585//795
f 585//795 604//795 603//795
f 585//795 603//795 621//795
f 621//795 603//795 622//795
f 623//796 624//796 625//796
f 625//796 624//796 626//796
f 625//796 626//796 627//796
f 628//797 629//797 630//797
f 630//797 629//797 625//797
f 630//797 625//797 631//797
f 631//797 625//797 627//797
f 632//798 633//798 634//798
f 635//799 636//799 632//799
f 637//800 638//800 634//800
f 634//801 638//801 639//801
f 634//802 639//802 632//802
f 632//803 639//803 640//803
f 632//804 640//804 635//804
f 641//805 642//805 643//805
f 641//805 643//805 644//805
f 644//806 643//806 645//806
f 644//806 645//806 646//806
f 645//807 643//807 642//807
f 628//807 630//807 647//807
f 648//807 649//807 650//807
f 650//807 649//807 651//807
f 650//807 651//807 652//807
f 653//807 654//807 642//807
f 655//807 656//807 649//807
f 649//807 656//807 657//807
f 649//807 657//807 651//807
f 658//807 659//807 660//807
f 660//807 659//807 661//807
f 660//807 661//807 655//807
f 654//807 662//807 642//807
f 642//807 662//807 633//807
f 642//807 633//807 645//807
f 645//807 633//807 663//807
f 642//807 664//807 653//807
f 653//807 664//807 665//807
f 653//807 665//807 666//807
f 666//807 665//807 667//807
f 666//807 667//807 668//807
f 668//807 667//807 669//807
f 668//807 669//807 670//807
f 670//807 669//807 656//807
f 670//807 656//807 671//807
f 671//807 656//807 655//807
f 671//807 655//807 672//807
f 672//807 655//807 661//807
f 673//807 674//807 647//807
f 647//807 674//807 675//807
f 647//807 675//807 628//807
f 628//807 675//807 660//807
f 662//807 676//807 633//807
f 633//807 676//807 658//807
f 633//807 658//807 634//807
f 634//807 658//807 660//807
f 634//807 660//807 637//807
f 637//807 660//807 675//807
f 677//808 664//808 641//808
f 641//808 664//808 642//808
f 664//809 677//809 678//809
f 664//809 678//809 665//809
f 665//810 678//810 679//810
f 665//810 679//810 667//810
f 667//811 679//811 680//811
f 667//812 680//812 669//812
f 669//813 680//813 681//813
f 669//813 681//813 656//813
f 656//814 681//814 657//814
f 657//814 681//814 682//814
f 683//815 684//815 685//815
f 685//816 684//816 686//816
f 685//817 686//817 687//817
f 683//818 688//818 689//818
f 689//819 690//819 683//819
f 683//820 690//820 691//820
f 683//821 691//821 684//821
f 687//822 652//822 685//822
f 685//823 652//823 651//823
f 685//824 651//824 682//824
f 682//824 651//824 657//824
f 647//825 630//825 631//825
f 673//826 647//826 692//826
f 692//827 647//827 631//827
f 692//828 631//828 693//828
f 693//829 631//829 627//829
f 693//830 627//830 694//830
f 694//831 627//831 695//831
f 627//832 691//832 695//832
f 695//833 691//833 690//833
f 695//834 690//834 696//834
f 697//835 687//835 698//835
f 698//836 687//836 686//836
f 698//837 686//837 699//837
f 699//838 686//838 684//838
f 699//839 684//839 624//839
f 624//840 684//840 691//840
f 624//841 691//841 626//841
f 626//842 691//842 627//842
f 697//843 648//843 687//843
f 687//844 648//844 650//844
f 687//844 650//844 652//844
f 700//845 649//845 623//845
f 623//845 649//845 648//845
f 623//845 648//845 697//845
f 697//845 698//845 623//845
f 623//846 698//846 699//846
f 623//845 699//845 624//845
f 655//847 649//847 701//847
f 701//847 649//847 700//847
f 660//848 655//848 702//848
f 702//848 655//848 701//848
f 628//849 660//849 629//849
f 629//849 660//849 702//849
f 702//807 701//807 703//807
f 623//807 625//807 704//807
f 704//807 705//807 623//807
f 623//807 705//807 706//807
f 623//807 706//807 700//807
f 706//807 707//807 700//807
f 700//807 707//807 708//807
f 700//807 708//807 701//807
f 701//807 708//807 709//807
f 701//807 709//807 703//807
f 629//807 710//807 625//807
f 625//807 710//807 711//807
f 625//807 711//807 704//807
f 703//807 712//807 702//807
f 702//807 712//807 713//807
f 702//807 713//807 629//807
f 629//807 713//807 714//807
f 629//807 714//807 710//807
f 715//850 716//850 688//850
f 646//851 611//851 610//851
f 717//851 718//851 719//851
f 718//852 715//852 719//852
f 719//851 715//851 688//851
f 719//851 688//851 720//851
f 720//851 688//851 721//851
f 722//851 723//851 724//851
f 725//851 641//851 726//851
f 726//851 641//851 644//851
f 726//851 644//851 727//851
f 728//851 678//851 725//851
f 725//851 678//851 677//851
f 725//851 677//851 641//851
f 644//851 646//851 727//851
f 727//851 646//851 610//851
f 727//851 610//851 729//851
f 729//851 610//851 618//851
f 729//851 618//851 730//851
f 730//851 618//851 616//851
f 730//851 616//851 614//851
f 722//851 724//851 731//851
f 731//851 724//851 732//851
f 731//851 732//851 719//851
f 719//851 732//851 733//851
f 719//851 733//851 717//851
f 588//851 577//851 583//851
f 583//851 577//851 582//851
f 588//851 590//851 577//851
f 577//851 590//851 592//851
f 577//853 592//853 594//853
f 734//851 682//851 735//851
f 735//851 682//851 681//851
f 735//851 681//851 736//851
f 736//851 681//851 680//851
f 736//851 680//851 728//851
f 728//851 680//851 679//851
f 728//851 679//851 678//851
f 722//851 737//851 605//851
f 614//851 613//851 730//851
f 730//851 613//851 605//851
f 730//851 605//851 738//851
f 738//851 605//851 737//851
f 738//851 737//851 739//851
f 739//851 737//851 740//851
f 739//851 740//851 741//851
f 741//851 740//851 742//851
f 741//851 742//851 734//851
f 734//851 742//851 743//851
f 734//851 743//851 682//851
f 682//851 743//851 744//851
f 682//851 744//851 745//851
f 721//851 688//851 746//851
f 746//851 688//851 683//851
f 746//851 683//851 745//851
f 745//851 683//851 685//851
f 745//851 685//851 682//851
f 605//851 596//851 722//851
f 722//851 596//851 595//851
f 722//851 595//851 723//851
f 723//851 595//851 600//851
f 723//854 600//854 747//854
f 747//851 600//851 602//851
f 747//851 602//851 748//851
f 748//851 602//851 604//851
f 748//851 604//851 582//851
f 582//851 604//851 584//851
f 582//851 584//851 583//851
f 748//855 582//855 749//855
f 750//856 751//856 752//856
f 752//857 751//857 753//857
f 752//858 753//858 749//858
f 749//859 753//859 754//859
f 749//860 754//860 748//860
f 748//861 754//861 747//861
f 747//862 754//862 753//862
f 747//863 753//863 755//863
f 755//864 753//864 751//864
f 755//865 751//865 756//865
f 757//866 723//866 755//866
f 755//867 723//867 747//867
f 757//868 758//868 723//868
f 723//869 758//869 759//869
f 723//870 759//870 724//870
f 724//871 759//871 760//871
f 724//872 760//872 732//872
f 755//873 756//873 757//873
f 757//874 756//874 761//874
f 757//875 761//875 758//875
f 758//876 761//876 762//876
f 758//877 762//877 759//877
f 759//877 762//877 763//877
f 759//878 763//878 760//878
f 760//879 763//879 764//879
f 765//880 766//880 767//880
f 767//880 766//880 768//880
f 767//880 768//880 764//880
f 764//880 768//880 769//880
f 764//880 769//880 760//880
f 760//880 769//880 770//880
f 760//880 770//880 732//880
f 732//880 770//880 733//880
f 770//881 769//881 771//881
f 717//882 733//882 770//882
f 770//883 771//883 717//883
f 717//884 771//884 772//884
f 717//885 772//885 718//885
f 718//886 772//886 773//886
f 718//887 773//887 715//887
f 715//888 773//888 774//888
f 715//889 774//889 716//889
f 689//890 696//890 690//890
f 689//891 688//891 696//891
f 696//892 688//892 716//892
f 696//893 716//893 775//893
f 775//894 716//894 776//894
f 776//895 716//895 774//895
f 776//896 774//896 777//896
f 449//897 778//897 779//897
f 778//898 449//898 780//898
f 776//899 432//899 434//899
f 776//900 777//900 781//900
f 432//901 776//901 430//901
f 430//902 776//902 781//902
f 430//903 781//903 427//903
f 782//904 783//904 436//904
f 436//905 783//905 696//905
f 436//906 696//906 434//906
f 434//907 696//907 775//907
f 434//908 775//908 776//908
f 436//909 438//909 782//909
f 782//910 438//910 439//910
f 782//911 439//911 784//911
f 784//912 439//912 440//912
f 780//913 785//913 778//913
f 778//914 785//914 786//914
f 778//915 786//915 779//915
f 779//916 786//916 787//916
f 779//917 787//917 788//917
f 788//918 787//918 789//918
f 788//919 789//919 790//919
f 790//920 789//920 791//920
f 790//921 791//921 442//921
f 442//922 791//922 784//922
f 442//923 784//923 441//923
f 441//924 784//924 440//924
f 449//925 451//925 780//925
f 780//926 451//926 453//926
f 780//927 453//927 792//927
f 529//928 554//928 793//928
f 469//929 529//929 467//929
f 467//930 529//930 793//930
f 467//931 793//931 465//931
f 465//932 793//932 463//932
f 463//933 793//933 794//933
f 463//934 794//934 461//934
f 461//935 794//935 459//935
f 459//936 794//936 795//936
f 459//937 795//937 456//937
f 456//938 795//938 796//938
f 456//939 796//939 453//939
f 453//940 796//940 797//940
f 453//941 797//941 792//941
f 442//942 443//942 790//942
f 790//943 443//943 444//943
f 790//944 444//944 788//944
f 788//945 444//945 445//945
f 788//946 445//946 779//946
f 779//947 445//947 447//947
f 779//948 447//948 449//948
f 574//949 798//949 799//949
f 800//950 801//950 802//950
f 783//951 695//951 696//951
f 793//952 803//952 804//952
f 552//953 805//953 553//953
f 553//954 805//954 806//954
f 553//955 806//955 554//955
f 807//956 796//956 808//956
f 808//957 796//957 795//957
f 808//958 795//958 804//958
f 804//959 795//959 794//959
f 804//960 794//960 793//960
f 797//961 809//961 792//961
f 792//962 809//962 810//962
f 792//963 810//963 780//963
f 780//964 811//964 785//964
f 785//965 811//965 812//965
f 785//966 812//966 786//966
f 786//967 813//967 787//967
f 787//968 813//968 814//968
f 787//969 814//969 789//969
f 789//970 814//970 815//970
f 789//971 815//971 791//971
f 791//972 815//972 816//972
f 791//973 816//973 784//973
f 784//974 816//974 817//974
f 784//975 817//975 782//975
f 695//976 783//976 694//976
f 694//977 783//977 782//977
f 694//978 782//978 693//978
f 693//979 782//979 817//979
f 693//980 817//980 692//980
f 818//981 819//981 813//981
f 813//982 819//982 820//982
f 813//983 820//983 814//983
f 814//984 820//984 821//984
f 814//985 821//985 815//985
f 815//986 821//986 675//986
f 815//987 675//987 816//987
f 816//988 675//988 674//988
f 816//989 674//989 817//989
f 817//990 674//990 673//990
f 817//991 673//991 692//991
f 786//992 812//992 813//992
f 813//993 812//993 822//993
f 813//994 822//994 818//994
f 780//995 810//995 811//995
f 811//996 810//996 823//996
f 811//997 823//997 812//997
f 812//998 823//998 824//998
f 812//999 824//999 822//999
f 825//1000 809//1000 807//1000
f 807//1001 809//1001 797//1001
f 807//1002 797//1002 796//1002
f 825//1003 826//1003 809//1003
f 809//1004 826//1004 827//1004
f 809//1005 827//1005 810//1005
f 810//1006 827//1006 828//1006
f 810//1007 828//1007 823//1007
f 804//1008 829//1008 808//1008
f 808//1009 829//1009 830//1009
f 808//1010 830//1010 807//1010
f 807//1011 830//1011 831//1011
f 807//1012 831//1012 825//1012
f 803//1013 832//1013 804//1013
f 804//1014 832//1014 833//1014
f 804//1015 833//1015 829//1015
f 834//1016 835//1016 803//1016
f 803//1017 835//1017 836//1017
f 803//1018 836//1018 832//1018
f 793//1019 554//1019 803//1019
f 803//1020 554//1020 806//1020
f 803//1021 806//1021 834//1021
f 834//1022 806//1022 805//1022
f 834//1023 805//1023 837//1023
f 838//1024 839//1024 840//1024
f 840//1025 839//1025 841//1025
f 840//1026 841//1026 842//1026
f 842//1027 841//1027 843//1027
f 842//1028 843//1028 805//1028
f 805//1029 843//1029 844//1029
f 805//1030 844//1030 837//1030
f 845//1031 846//1031 847//1031
f 847//1032 846//1032 848//1032
f 847//1033 848//1033 849//1033
f 849//1034 848//1034 850//1034
f 849//1035 850//1035 838//1035
f 838//1036 850//1036 851//1036
f 838//1037 851//1037 839//1037
f 852//1038 853//1038 854//1038
f 853//1039 852//1039 855//1039
f 855//1040 852//1040 856//1040
f 855//1041 856//1041 857//1041
f 857//1042 856//1042 858//1042
f 857//1043 858//1043 859//1043
f 859//1044 858//1044 860//1044
f 859//1045 860//1045 861//1045
f 861//1046 860//1046 862//1046
f 861//1047 862//1047 863//1047
f 863//1048 862//1048 864//1048
f 864//1049 862//1049 865//1049
f 864//1050 865//1050 866//1050
f 867//1051 868//1051 869//1051
f 869//1052 868//1052 870//1052
f 869//1053 870//1053 865//1053
f 865//1054 870//1054 871//1054
f 865//1055 871//1055 866//1055
f 872//1056 873//1056 874//1056
f 874//1057 873//1057 875//1057
f 874//1058 875//1058 876//1058
f 876//1059 875//1059 877//1059
f 876//1060 877//1060 867//1060
f 867//1061 877//1061 878//1061
f 867//1062 878//1062 868//1062
f 879//1063 880//1063 881//1063
f 881//1064 882//1064 879//1064
f 879//1065 882//1065 883//1065
f 879//1066 883//1066 884//1066
f 884//1067 883//1067 885//1067
f 884//1068 885//1068 886//1068
f 887//1069 888//1069 802//1069
f 802//1070 888//1070 889//1070
f 802//1071 889//1071 800//1071
f 802//1072 890//1072 887//1072
f 887//1073 890//1073 891//1073
f 887//1074 891//1074 892//1074
f 892//1075 891//1075 799//1075
f 892//1076 799//1076 893//1076
f 893//1077 799//1077 894//1077
f 894//1078 799//1078 798//1078
f 894//1079 798//1079 895//1079
f 574//1080 799//1080 573//1080
f 573//1081 799//1081 891//1081
f 573//1082 891//1082 572//1082
f 572//1083 891//1083 890//1083
f 572//1084 890//1084 571//1084
f 571//1085 890//1085 802//1085
f 571//1086 802//1086 570//1086
f 570//1087 802//1087 801//1087
f 570//1088 801//1088 569//1088
f 800//1089 881//1089 801//1089
f 801//1090 881//1090 880//1090
f 801//1091 880//1091 569//1091
f 569//1092 880//1092 879//1092
f 569//1093 879//1093 567//1093
f 567//1094 879//1094 884//1094
f 567//1095 884//1095 565//1095
f 565//1096 884//1096 886//1096
f 565//1097 886//1097 563//1097
f 885//1098 872//1098 886//1098
f 886//1099 872//1099 874//1099
f 886//1100 874//1100 563//1100
f 563//1101 874//1101 876//1101
f 563//1102 876//1102 562//1102
f 562//1103 876//1103 867//1103
f 562//1104 867//1104 560//1104
f 560//1105 867//1105 869//1105
f 560//1106 869//1106 556//1106
f 556//1107 869//1107 865//1107
f 556//1108 865//1108 557//1108
f 557//1109 865//1109 862//1109
f 557//1110 862//1110 559//1110
f 559//1111 862//1111 860//1111
f 559//1112 860//1112 555//1112
f 555//1113 860//1113 858//1113
f 555//1114 858//1114 539//1114
f 539//1115 858//1115 540//1115
f 540//1116 858//1116 856//1116
f 540//1117 856//1117 542//1117
f 854//1118 896//1118 852//1118
f 852//1119 896//1119 897//1119
f 852//1120 897//1120 546//1120
f 546//1121 545//1121 852//1121
f 852//1122 545//1122 544//1122
f 852//1123 544//1123 856//1123
f 856//1124 544//1124 543//1124
f 856//1125 543//1125 542//1125
f 552//1126 551//1126 805//1126
f 805//1127 551//1127 550//1127
f 805//1128 550//1128 842//1128
f 842//1129 550//1129 549//1129
f 842//1130 549//1130 840//1130
f 840//1131 549//1131 548//1131
f 840//1132 548//1132 838//1132
f 838//1133 548//1133 547//1133
f 838//1134 547//1134 849//1134
f 849//1135 547//1135 546//1135
f 849//1136 546//1136 847//1136
f 847//1137 546//1137 897//1137
f 847//1138 897//1138 845//1138
f 845//1139 897//1139 896//1139
f 898//1140 899//1140 900//1140
f 898//1141 900//1141 901//1141
f 901//1142 900//1142 902//1142
f 901//1143 902//1143 903//1143
f 904//1144 905//1144 906//1144
f 906//1145 905//1145 907//1145
f 906//1146 907//1146 908//1146
f 908//1147 907//1147 909//1147
f 908//1148 909//1148 903//1148
f 903//1149 909//1149 910//1149
f 903//1150 910//1150 901//1150
f 911//1151 912//1151 913//1151
f 913//1152 912//1152 914//1152
f 913//1153 914//1153 915//1153
f 915//1154 914//1154 916//1154
f 915//1155 916//1155 917//1155
f 917//1156 916//1156 918//1156
f 917//1157 918//1157 919//1157
f 919//1158 918//1158 920//1158
f 919//1159 920//1159 904//1159
f 904//1160 920//1160 921//1160
f 904//1161 921//1161 905//1161
f 922//1162 923//1162 841//1162
f 841//1163 923//1163 843//1163
f 843//1164 923//1164 924//1164
f 843//1165 924//1165 844//1165
f 844//1166 924//1166 925//1166
f 844//1167 925//1167 837//1167
f 837//1168 925//1168 926//1168
f 837//1169 926//1169 834//1169
f 834//1170 926//1170 927//1170
f 834//1171 927//1171 928//1171
f 841//1172 839//1172 922//1172
f 922//1173 839//1173 851//1173
f 922//1174 851//1174 929//1174
f 929//1175 851//1175 850//1175
f 929//1176 850//1176 930//1176
f 930//1177 850//1177 848//1177
f 930//1178 848//1178 931//1178
f 931//1179 848//1179 846//1179
f 931//1180 846//1180 932//1180
f 932//1181 846//1181 845//1181
f 932//1182 845//1182 933//1182
f 845//1183 896//1183 933//1183
f 933//1184 896//1184 854//1184
f 933//1185 854//1185 934//1185
f 934//1186 854//1186 853//1186
f 934//1187 853//1187 935//1187
f 935//1188 853//1188 855//1188
f 935//1189 855//1189 936//1189
f 937//1190 938//1190 859//1190
f 936//1191 855//1191 938//1191
f 938//1192 855//1192 857//1192
f 938//1193 857//1193 859//1193
f 937//1194 859//1194 939//1194
f 939//1195 859//1195 861//1195
f 939//1196 861//1196 940//1196
f 940//1197 861//1197 863//1197
f 940//1198 863//1198 864//1198
f 941//1199 942//1199 866//1199
f 866//1200 942//1200 864//1200
f 864//1201 942//1201 943//1201
f 864//1202 943//1202 940//1202
f 866//1203 871//1203 941//1203
f 941//1204 871//1204 870//1204
f 941//1205 870//1205 944//1205
f 944//1206 870//1206 868//1206
f 944//1207 868//1207 945//1207
f 945//1208 868//1208 878//1208
f 945//1209 878//1209 946//1209
f 946//1210 878//1210 877//1210
f 946//1211 877//1211 947//1211
f 947//1212 877//1212 948//1212
f 948//1213 877//1213 875//1213
f 948//1214 875//1214 949//1214
f 875//1215 873//1215 949//1215
f 949//1216 873//1216 872//1216
f 949//1217 872//1217 950//1217
f 950//1218 872//1218 885//1218
f 950//1219 885//1219 912//1219
f 912//1220 885//1220 883//1220
f 912//1221 883//1221 914//1221
f 914//1222 883//1222 882//1222
f 914//1223 882//1223 916//1223
f 894//1224 895//1224 898//1224
f 894//1225 898//1225 893//1225
f 893//1226 898//1226 901//1226
f 893//1227 901//1227 892//1227
f 901//1228 910//1228 892//1228
f 892//1229 910//1229 909//1229
f 892//1230 909//1230 887//1230
f 887//1231 909//1231 907//1231
f 887//1232 907//1232 888//1232
f 888//1233 907//1233 905//1233
f 888//1234 905//1234 889//1234
f 889//1235 905//1235 921//1235
f 889//1236 921//1236 800//1236
f 800//1237 921//1237 920//1237
f 800//1238 920//1238 918//1238
f 916//1239 882//1239 918//1239
f 918//1240 882//1240 881//1240
f 918//1241 881//1241 800//1241
f 935//1242 936//1242 951//1242
f 912//1243 911//1243 950//1243
f 950//1244 911//1244 952//1244
f 950//1245 952//1245 949//1245
f 949//1246 952//1246 948//1246
f 948//1247 952//1247 953//1247
f 948//1248 953//1248 947//1248
f 947//1249 953//1249 954//1249
f 947//1250 954//1250 946//1250
f 946//1251 954//1251 945//1251
f 945//1252 954//1252 955//1252
f 945//1253 955//1253 956//1253
f 956//1254 957//1254 945//1254
f 945//1255 957//1255 958//1255
f 945//1256 958//1256 959//1256
f 951//1257 936//1257 960//1257
f 940//1258 961//1258 939//1258
f 939//1259 961//1259 962//1259
f 939//1260 962//1260 937//1260
f 937//1261 962//1261 963//1261
f 937//1262 963//1262 938//1262
f 938//1263 963//1263 964//1263
f 938//1264 964//1264 936//1264
f 936//1265 964//1265 965//1265
f 936//1266 965//1266 960//1266
f 940//1267 943//1267 961//1267
f 961//1268 943//1268 942//1268
f 961//1269 942//1269 941//1269
f 959//1270 966//1270 945//1270
f 945//1271 966//1271 961//1271
f 945//1272 961//1272 944//1272
f 944//1273 961//1273 941//1273
f 967//1274 930//1274 968//1274
f 968//1275 930//1275 969//1275
f 969//1276 930//1276 970//1276
f 970//1277 930//1277 931//1277
f 970//1278 931//1278 971//1278
f 971//1279 931//1279 932//1279
f 971//1280 932//1280 972//1280
f 972//1281 932//1281 933//1281
f 972//1282 933//1282 951//1282
f 951//1283 933//1283 934//1283
f 951//1284 934//1284 935//1284
f 973//1285 927//1285 974//1285
f 974//1286 927//1286 926//1286
f 974//1287 926//1287 975//1287
f 926//1288 925//1288 975//1288
f 975//1289 925//1289 924//1289
f 975//1290 924//1290 976//1290
f 976//1291 924//1291 923//1291
f 976//1292 923//1292 977//1292
f 977//1293 923//1293 922//1293
f 977//1294 922//1294 967//1294
f 967//1295 922//1295 929//1295
f 967//1296 929//1296 930//1296
f 927//1297 973//1297 928//1297
f 928//1298 973//1298 978//1298
f 928//1299 978//1299 979//1299
f 979//1300 978//1300 980//1300
f 979//1301 980//1301 981//1301
f 981//1302 980//1302 982//1302
f 981//1303 982//1303 983//1303
f 983//1304 982//1304 984//1304
f 983//1305 984//1305 985//1305
f 985//1306 984//1306 986//1306
f 985//1307 986//1307 987//1307
f 987//1308 986//1308 988//1308
f 987//1309 988//1309 989//1309
f 989//1310 988//1310 990//1310
f 989//1311 990//1311 991//1311
f 991//1312 990//1312 992//1312
f 991//1313 992//1313 993//1313
f 993//1314 992//1314 994//1314
f 993//1315 994//1315 995//1315
f 996//1316 997//1316 998//1316
f 995//1317 994//1317 999//1317
f 999//1318 994//1318 1000//1318
f 999//1319 1000//1319 1001//1319
f 1001//1320 1000//1320 996//1320
f 1001//1321 996//1321 1002//1321
f 1002//1322 996//1322 998//1322
f 1002//1323 998//1323 1003//1323
f 830//1324 829//1324 985//1324
f 985//1325 829//1325 833//1325
f 985//1326 833//1326 983//1326
f 983//1327 833//1327 832//1327
f 983//1328 832//1328 981//1328
f 985//1329 987//1329 830//1329
f 830//1330 987//1330 989//1330
f 830//1331 989//1331 831//1331
f 831//1332 989//1332 991//1332
f 831//1333 991//1333 825//1333
f 825//1334 991//1334 993//1334
f 825//1335 993//1335 826//1335
f 826//1336 993//1336 995//1336
f 826//1337 995//1337 827//1337
f 827//1338 995//1338 999//1338
f 827//1339 999//1339 828//1339
f 828//1340 999//1340 1001//1340
f 828//1341 1001//1341 823//1341
f 823//1342 1001//1342 1002//1342
f 823//1343 1002//1343 824//1343
f 824//1344 1002//1344 1003//1344
f 824//1345 1003//1345 636//1345
f 834//1346 928//1346 835//1346
f 835//1347 928//1347 979//1347
f 981//1348 832//1348 979//1348
f 979//1349 832//1349 836//1349
f 979//1350 836//1350 835//1350
f 636//1351 635//1351 824//1351
f 824//1352 635//1352 640//1352
f 824//1353 640//1353 822//1353
f 822//1354 640//1354 639//1354
f 675//1355 821//1355 637//1355
f 637//1356 821//1356 820//1356
f 637//1357 820//1357 638//1357
f 638//1358 820//1358 819//1358
f 638//1359 819//1359 639//1359
f 639//1360 819//1360 818//1360
f 639//1361 818//1361 822//1361
f 1004//1362 663//1362 1005//1362
f 1005//1362 663//1362 997//1362
f 1003//1362 998//1362 636//1362
f 636//1362 998//1362 997//1362
f 636//1362 997//1362 632//1362
f 632//1362 997//1362 663//1362
f 632//1362 663//1362 633//1362
f 1005//1363 997//1363 996//1363
f 388//1364 1006//1364 389//1364
f 389//1365 1006//1365 1007//1365
f 389//1366 1007//1366 1004//1366
f 1005//1367 996//1367 1004//1367
f 1004//1368 996//1368 389//1368
f 389//1369 996//1369 1000//1369
f 389//1370 1000//1370 390//1370
f 390//1371 1000//1371 994//1371
f 390//1372 994//1372 391//1372
f 391//1373 994//1373 992//1373
f 391//1374 992//1374 392//1374
f 392//1375 992//1375 990//1375
f 392//1376 990//1376 393//1376
f 990//1377 988//1377 393//1377
f 393//1378 988//1378 986//1378
f 393//1379 986//1379 394//1379
f 394//1380 986//1380 984//1380
f 394//1381 984//1381 395//1381
f 395//1382 984//1382 982//1382
f 395//1383 982//1383 396//1383
f 396//1384 982//1384 980//1384
f 396//1385 980//1385 397//1385
f 397//1386 980//1386 978//1386
f 976//1387 401//1387 975//1387
f 975//1388 401//1388 400//1388
f 975//1389 400//1389 974//1389
f 974//1390 400//1390 973//1390
f 973//1391 400//1391 399//1391
f 973//1392 399//1392 978//1392
f 978//1393 399//1393 398//1393
f 978//1394 398//1394 397//1394
f 969//1395 406//1395 968//1395
f 968//1396 406//1396 405//1396
f 968//1397 405//1397 967//1397
f 967//1398 405//1398 404//1398
f 967//1399 404//1399 977//1399
f 977//1400 404//1400 403//1400
f 977//1401 403//1401 976//1401
f 976//1402 403//1402 402//1402
f 976//1403 402//1403 401//1403
f 411//1404 410//1404 971//1404
f 971//1405 410//1405 409//1405
f 971//1406 409//1406 970//1406
f 970//1407 409//1407 408//1407
f 970//1408 408//1408 969//1408
f 969//1409 408//1409 407//1409
f 969//1410 407//1410 406//1410
f 971//1411 972//1411 411//1411
f 411//1412 972//1412 951//1412
f 411//1413 951//1413 412//1413
f 412//1414 951//1414 960//1414
f 412//1415 960//1415 413//1415
f 413//1416 960//1416 965//1416
f 118//1417 416//1417 964//1417
f 964//1418 416//1418 415//1418
f 964//1419 415//1419 965//1419
f 965//1420 415//1420 414//1420
f 965//1421 414//1421 413//1421
f 964//1422 963//1422 118//1422
f 118//1423 963//1423 962//1423
f 118//1424 962//1424 119//1424
f 119//1425 962//1425 961//1425
f 961//1426 966//1426 119//1426
f 119//1427 966//1427 959//1427
f 119//1428 959//1428 121//1428
f 121//1429 959//1429 958//1429
f 121//1430 958//1430 126//1430
f 958//1431 957//1431 126//1431
f 126//1432 957//1432 956//1432
f 126//1433 956//1433 127//1433
f 127//1434 956//1434 955//1434
f 127//1435 955//1435 129//1435
f 129//1436 955//1436 954//1436
f 129//1437 954//1437 130//1437
f 954//1438 953//1438 130//1438
f 130//1439 953//1439 952//1439
f 130//1440 952//1440 123//1440
f 123//1441 952//1441 911//1441
f 123//1442 911//1442 124//1442
f 124//1443 911//1443 913//1443
f 124//1444 913//1444 378//1444
f 378//1445 913//1445 915//1445
f 378//1446 915//1446 379//1446
f 915//1447 917//1447 379//1447
f 379//1448 917//1448 919//1448
f 379//1449 919//1449 381//1449
f 381//1450 919//1450 904//1450
f 902//1451 386//1451 903//1451
f 903//1452 386//1452 387//1452
f 903//1453 387//1453 908//1453
f 908//1454 387//1454 380//1454
f 908//1455 380//1455 906//1455
f 906//1456 380//1456 383//1456
f 906//1457 383//1457 904//1457
f 904//1458 383//1458 382//1458
f 904//1459 382//1459 381//1459
f 900//1460 899//1460 1008//1460
f 902//1461 900//1461 386//1461
f 386//1462 900//1462 1008//1462
f 386//1463 1008//1463 385//1463
f 385//1464 1008//1464 384//1464
f 1009//1465 1010//1465 1011//1465
f 1011//1466 1010//1466 1006//1466
f 1011//1467 1006//1467 388//1467
f 377//1468 315//1468 388//1468
f 388//1469 315//1469 284//1469
f 388//1470 284//1470 1011//1470
f 1012//1471 1009//1471 1011//1471
f 288//1472 1012//1472 286//1472
f 286//1473 1012//1473 1011//1473
f 286//1474 1011//1474 283//1474
f 283//1475 1011//1475 284//1475
f 1013//1476 1014//1476 1015//1476
f 1016//1477 1017//1477 1018//1477
f 1018//1477 1017//1477 1019//1477
f 1013//1478 1015//1478 1020//1478
f 1021//1477 1022//1477 1015//1477
f 1015//1477 1022//1477 1023//1477
f 1014//1479 1024//1479 1015//1479
f 1015//1480 1024//1480 1025//1480
f 1015//1477 1025//1477 1026//1477
f 646//1477 645//1477 611//1477
f 611//1477 645//1477 663//1477
f 575//1477 577//1477 1027//1477
f 1027//1477 577//1477 594//1477
f 1027//1477 594//1477 663//1477
f 663//1477 594//1477 611//1477
f 611//1477 594//1477 593//1477
f 611//1477 593//1477 612//1477
f 1006//1481 1010//1481 1007//1481
f 1007//1477 1010//1477 663//1477
f 1007//1477 663//1477 1004//1477
f 1028//1482 1029//1482 1015//1482
f 612//1477 593//1477 1023//1477
f 1023//1477 593//1477 1018//1477
f 1023//1477 1018//1477 1015//1477
f 1015//1477 1018//1477 1019//1477
f 1015//1483 1019//1483 1028//1483
f 1029//1484 1030//1484 1015//1484
f 1015//1477 1030//1477 1031//1477
f 1015//1477 1031//1477 1020//1477
f 1010//1477 1009//1477 663//1477
f 663//1485 1009//1485 1012//1485
f 663//1486 1012//1486 1032//1486
f 1033//1487 1027//1487 1034//1487
f 1034//1484 1027//1484 663//1484
f 1034//1477 663//1477 1035//1477
f 1035//1477 663//1477 1032//1477
f 1036//1488 1027//1488 1033//1488
f 1037//1489 1038//1489 1039//1489
f 1039//1490 1038//1490 1040//1490
f 1039//1491 1040//1491 1041//1491
f 1041//1492 1040//1492 1036//1492
f 1041//1493 1036//1493 1042//1493
f 1042//1494 1036//1494 1033//1494
f 1043//1495 1044//1495 1045//1495
f 1043//1496 1045//1496 1046//1496
f 1046//1497 1045//1497 1047//1497
f 1046//1498 1047//1498 1048//1498
f 1048//1499 1047//1499 1049//1499
f 1048//1500 1049//1500 1050//1500
f 1051//1501 1050//1501 1052//1501
f 1052//1502 1050//1502 1049//1502
f 1052//1503 1049//1503 1053//1503
f 1053//1504 1049//1504 1047//1504
f 1053//1505 1047//1505 1054//1505
f 1054//1506 1047//1506 1045//1506
f 1054//1507 1045//1507 1055//1507
f 1055//1508 1045//1508 1044//1508
f 1055//1509 1044//1509 1056//1509
f 1057//1510 1058//1510 1059//1510
f 1060//1511 1061//1511 1062//1511
f 1062//1512 1061//1512 1063//1512
f 1063//1513 1064//1513 1062//1513
f 1062//1514 1064//1514 1065//1514
f 1062//1515 1065//1515 1059//1515
f 1059//1516 1065//1516 1066//1516
f 1059//1510 1066//1510 1057//1510
f 1058//1517 1067//1517 1068//1517
f 1068//1518 1067//1518 1069//1518
f 1058//1519 1068//1519 1070//1519
f 1058//1520 1070//1520 1059//1520
f 1059//1521 1070//1521 1071//1521
f 1059//1522 1071//1522 1062//1522
f 1072//1523 1073//1523 1074//1523
f 1074//1524 1073//1524 1075//1524
f 1076//1525 1075//1525 1071//1525
f 1071//1526 1075//1526 1073//1526
f 1071//1527 1073//1527 1062//1527
f 1062//1528 1073//1528 1072//1528
f 1062//1529 1072//1529 1060//1529
f 1068//1530 1069//1530 1070//1530
f 1070//1531 1069//1531 1077//1531
f 1070//1532 1077//1532 1071//1532
f 1071//1533 1077//1533 1078//1533
f 1071//1534 1078//1534 1076//1534
f 1079//1535 1080//1535 1069//1535
f 1069//1536 1080//1536 1077//1536
f 1077//1537 1080//1537 1078//1537
f 1078//1538 1080//1538 1081//1538
f 1078//1539 1081//1539 1076//1539
f 1050//1540 1051//1540 1075//1540
f 1075//1541 1051//1541 1082//1541
f 1075//1542 1082//1542 1074//1542
f 1075//1543 1076//1543 1050//1543
f 1050//1544 1076//1544 1081//1544
f 1050//1545 1081//1545 1048//1545
f 1048//1546 1081//1546 1080//1546
f 1048//1547 1080//1547 1046//1547
f 1046//1548 1080//1548 1079//1548
f 1046//1549 1079//1549 1043//1549
f 1083//1550 1043//1550 1079//1550
f 1067//1551 1084//1551 1069//1551
f 1069//1552 1084//1552 1085//1552
f 1086//1553 1083//1553 1085//1553
f 1085//1554 1083//1554 1079//1554
f 1085//1555 1079//1555 1069//1555
f 1087//1556 1086//1556 1088//1556
f 1088//1557 1086//1557 1085//1557
f 1088//1558 1085//1558 1089//1558
f 1089//1559 1085//1559 1084//1559
f 1090//1560 1091//1560 1092//1560
f 1091//1561 1090//1561 1093//1561
f 1094//1562 1095//1562 1096//1562
f 1096//1563 1095//1563 1097//1563
f 1096//1564 1097//1564 1098//1564
f 1098//1565 1097//1565 1099//1565
f 1098//1566 1099//1566 1100//1566
f 1100//1567 1099//1567 1101//1567
f 1100//1568 1101//1568 1102//1568
f 1092//1569 1103//1569 1090//1569
f 1090//1570 1103//1570 1104//1570
f 1090//1571 1104//1571 1105//1571
f 1105//1572 1104//1572 1106//1572
f 1105//1573 1106//1573 1107//1573
f 1093//1574 1090//1574 1108//1574
f 1108//1575 1090//1575 1105//1575
f 1108//1576 1105//1576 1109//1576
f 1109//1577 1105//1577 1107//1577
f 1109//1578 1107//1578 1110//1578
f 1095//1579 1111//1579 1097//1579
f 1097//1580 1111//1580 1112//1580
f 1097//1581 1112//1581 1099//1581
f 1099//1582 1112//1582 1110//1582
f 1099//1583 1110//1583 1101//1583
f 1101//1584 1110//1584 1107//1584
f 1101//1585 1107//1585 1102//1585
f 1102//1586 1107//1586 1106//1586
f 1113//851 1114//851 1115//851
f 1115//851 1114//851 1116//851
f 1117//1587 1118//1587 1116//1587
f 1116//1587 1118//1587 1115//1587
f 1119//1588 1120//1588 1121//1588
f 1121//1588 1120//1588 1122//1588
f 1123//1589 1124//1589 1125//1589
f 1125//1589 1124//1589 1126//1589
f 1125//1590 1126//1590 1127//1590
f 1127//1590 1126//1590 1128//1590
f 1127//1591 1128//1591 1122//1591
f 1122//1592 1128//1592 1129//1592
f 1122//1593 1129//1593 1121//1593
f 1130//1587 1124//1587 1131//1587
f 1131//1587 1124//1587 1123//1587
f 1131//1587 1123//1587 1132//1587
f 1132//1587 1123//1587 1133//1587
f 1134//1594 1135//1594 1136//1594
f 1136//1594 1135//1594 1137//1594
f 1136//1595 1137//1595 1138//1595
f 1138//1595 1137//1595 1139//1595
f 1138//1596 1139//1596 1140//1596
f 1140//1596 1139//1596 1141//1596
f 1140//1597 1141//1597 1131//1597
f 1131//1597 1141//1597 1130//1597
f 1142//1587 1143//1587 1144//1587
f 1144//1587 1143//1587 1145//1587
f 1145//851 1146//851 1144//851
f 1144//851 1146//851 1147//851
f 1148//1598 1149//1598 1146//1598
f 1146//1598 1149//1598 1147//1598
f 1147//1599 1150//1599 1144//1599
f 1144//1599 1150//1599 1135//1599
f 1144//1599 1135//1599 1142//1599
f 1135//1599 1134//1599 1142//1599
f 1142//1599 1134//1599 1151//1599
f 1142//1599 1151//1599 1149//1599
f 1149//1599 1151//1599 1152//1599
f 1149//1599 1152//1599 1147//1599
f 1147//1599 1152//1599 1153//1599
f 1147//1599 1153//1599 1150//1599
f 1154//1600 1155//1600 1156//1600
f 1156//1600 1155//1600 1157//1600
f 1156//1601 1157//1601 1158//1601
f 1158//1601 1157//1601 1159//1601
f 1158//1602 1159//1602 1160//1602
f 1160//1602 1159//1602 1161//1602
f 1160//1603 1161//1603 1153//1603
f 1153//1603 1161//1603 1150//1603
f 1162//1598 1155//1598 1163//1598
f 1163//1598 1155//1598 1154//1598
f 1163//1598 1154//1598 1164//1598
f 1164//1598 1154//1598 1165//1598
f 1166//851 1167//851 1119//851
f 1119//851 1167//851 1168//851
f 1135//851 1150//851 1169//851
f 1169//851 1150//851 1170//851
f 1124//851 1130//851 1171//851
f 1171//851 1130//851 1141//851
f 1121//851 1171//851 1119//851
f 1119//851 1171//851 1172//851
f 1119//851 1172//851 1166//851
f 1126//851 1124//851 1128//851
f 1128//851 1124//851 1171//851
f 1128//851 1171//851 1129//851
f 1129//851 1171//851 1121//851
f 1157//851 1155//851 1173//851
f 1173//851 1155//851 1162//851
f 1173//851 1162//851 1174//851
f 1169//851 1175//851 1135//851
f 1135//851 1175//851 1176//851
f 1135//851 1176//851 1137//851
f 1137//851 1176//851 1171//851
f 1137//851 1171//851 1139//851
f 1139//851 1171//851 1141//851
f 1167//851 1177//851 1168//851
f 1168//851 1177//851 1178//851
f 1168//851 1178//851 1179//851
f 1179//851 1178//851 1173//851
f 1179//851 1173//851 1180//851
f 1180//851 1173//851 1174//851
f 1159//851 1157//851 1161//851
f 1161//851 1157//851 1173//851
f 1161//851 1173//851 1150//851
f 1150//851 1173//851 1181//851
f 1150//851 1181//851 1170//851
f 1162//1604 1163//1604 1174//1604
f 1174//1604 1163//1604 1182//1604
f 1174//1605 1182//1605 1180//1605
f 1180//1605 1182//1605 1183//1605
f 1180//1606 1183//1606 1179//1606
f 1179//1606 1183//1606 1184//1606
f 1179//1607 1184//1607 1168//1607
f 1168//1607 1184//1607 1185//1607
f 1118//1608 1120//1608 1115//1608
f 1115//1608 1120//1608 1119//1608
f 1115//1608 1119//1608 1113//1608
f 1119//1608 1168//1608 1113//1608
f 1113//1608 1168//1608 1185//1608
f 1113//1608 1185//1608 1186//1608
f 1186//1608 1185//1608 1187//1608
f 1186//1608 1187//1608 1118//1608
f 1118//1608 1187//1608 1188//1608
f 1118//1608 1188//1608 1120//1608
f 1186//1598 1189//1598 1113//1598
f 1113//1598 1189//1598 1114//1598
f 1190//1609 1191//1609 1192//1609
f 1192//1610 1191//1610 1193//1610
f 1190//1611 1194//1611 1191//1611
f 1191//1612 1194//1612 1195//1612
f 1191//1613 1195//1613 1196//1613
f 1197//1614 1198//1614 1191//1614
f 1191//1615 1198//1615 1199//1615
f 1191//1616 1199//1616 1200//1616
f 1201//1617 1202//1617 1203//1617
f 1203//1618 1202//1618 1204//1618
f 20//1619 18//1619 1202//1619
f 1202//1620 18//1620 17//1620
f 1202//1621 17//1621 11//1621
f 11//1622 13//1622 1202//1622
f 1202//1623 13//1623 15//1623
f 1202//1624 15//1624 16//1624
f 16//1625 9//1625 1202//1625
f 1202//1626 9//1626 8//1626
f 1202//1627 8//1627 22//1627
f 22//1628 21//1628 1202//1628
f 1202//1629 21//1629 1205//1629
f 1202//1630 1205//1630 1206//1630
f 1207//1598 1208//1598 1209//1598
f 1209//1598 1208//1598 1210//1598
f 1210//1631 1208//1631 1211//1631
f 1211//1632 1208//1632 1212//1632
f 1211//1633 1212//1633 1213//1633
f 1213//1634 1212//1634 1214//1634
f 1214//1635 1212//1635 1215//1635
f 1214//1636 1215//1636 1216//1636
f 1216//1637 1215//1637 1217//1637
f 1216//1638 1217//1638 1218//1638
f 1218//1639 1217//1639 1219//1639
f 1218//1640 1219//1640 1220//1640
f 1221//1641 1222//1641 1223//1641
f 1224//1642 1219//1642 1217//1642
f 1225//1643 1226//1643 1227//1643
f 1227//1644 1226//1644 1228//1644
f 1227//1645 1228//1645 1224//1645
f 1224//1646 1228//1646 1229//1646
f 1224//1647 1229//1647 1230//1647
f 1227//1648 1231//1648 1225//1648
f 1225//1649 1231//1649 1232//1649
f 1225//1650 1232//1650 1223//1650
f 1223//1651 1232//1651 1233//1651
f 1223//1652 1233//1652 1221//1652
f 1224//1642 1217//1642 1227//1642
f 1227//1653 1217//1653 1215//1653
f 1227//1653 1215//1653 1231//1653
f 1231//1654 1215//1654 1212//1654
f 1231//1654 1212//1654 1232//1654
f 1232//1655 1212//1655 1208//1655
f 1232//1655 1208//1655 1233//1655
f 1234//1656 1235//1656 1236//1656
f 1237//1657 1238//1657 1239//1657
f 1240//1658 1241//1658 1242//1658
f 1242//1659 1241//1659 1243//1659
f 1242//1660 1243//1660 1244//1660
f 1244//1661 1243//1661 1237//1661
f 1244//1662 1237//1662 1245//1662
f 1245//1663 1237//1663 1239//1663
f 1236//1664 1246//1664 1234//1664
f 1234//1665 1246//1665 1247//1665
f 1234//1666 1247//1666 1248//1666
f 1249//1667 1250//1667 1251//1667
f 1251//1668 1250//1668 1252//1668
f 1251//1669 1252//1669 1253//1669
f 1253//1670 1252//1670 1248//1670
f 1253//1671 1248//1671 1254//1671
f 1254//1672 1248//1672 1247//1672
f 1239//1673 1235//1673 1245//1673
f 1245//1674 1235//1674 1234//1674
f 1245//1675 1234//1675 1244//1675
f 1244//1675 1234//1675 1248//1675
f 1244//1676 1248//1676 1242//1676
f 1242//1676 1248//1676 1252//1676
f 1242//1677 1252//1677 1240//1677
f 1240//1678 1252//1678 1250//1678
f 1246//1679 1236//1679 1255//1679
f 1254//1680 1247//1680 1256//1680
f 1257//1681 1258//1681 1259//1681
f 1260//1682 1261//1682 1262//1682
f 1251//1683 1253//1683 1263//1683
f 1262//1684 1261//1684 1264//1684
f 1264//1685 1261//1685 1265//1685
f 1265//1686 1261//1686 1266//1686
f 1265//1687 1266//1687 1259//1687
f 1259//1688 1266//1688 1267//1688
f 1259//1689 1267//1689 1257//1689
f 1268//1690 1269//1690 1267//1690
f 1267//1691 1269//1691 1270//1691
f 1267//1692 1270//1692 1257//1692
f 1271//1693 1272//1693 1273//1693
f 1274//1694 1275//1694 1276//1694
f 1272//1695 1268//1695 1273//1695
f 1273//1696 1268//1696 1267//1696
f 1273//1697 1267//1697 1277//1697
f 1277//1698 1267//1698 1266//1698
f 1277//1699 1266//1699 1278//1699
f 1278//1700 1266//1700 1261//1700
f 1278//1701 1261//1701 1263//1701
f 1263//1702 1261//1702 1260//1702
f 1263//1703 1260//1703 1251//1703
f 1251//1704 1260//1704 1279//1704
f 1251//1705 1279//1705 1249//1705
f 1276//1706 1271//1706 1274//1706
f 1274//1707 1271//1707 1273//1707
f 1274//1708 1273//1708 1280//1708
f 1280//1709 1273//1709 1277//1709
f 1280//1710 1277//1710 1281//1710
f 1281//1711 1277//1711 1278//1711
f 1281//1712 1278//1712 1256//1712
f 1256//1713 1278//1713 1263//1713
f 1256//1714 1263//1714 1254//1714
f 1254//1715 1263//1715 1253//1715
f 1282//1716 1275//1716 1283//1716
f 1283//1717 1275//1717 1274//1717
f 1283//1718 1274//1718 1284//1718
f 1284//1719 1274//1719 1280//1719
f 1284//1720 1280//1720 1285//1720
f 1285//1721 1280//1721 1281//1721
f 1285//1722 1281//1722 1255//1722
f 1255//1723 1281//1723 1256//1723
f 1255//1724 1256//1724 1246//1724
f 1246//1725 1256//1725 1247//1725
f 1286//1726 1287//1726 1288//1726
f 1284//1727 1285//1727 1289//1727
f 1289//1728 1285//1728 1290//1728
f 1290//1729 1285//1729 1255//1729
f 1290//1730 1255//1730 1236//1730
f 1288//1731 1287//1731 1291//1731
f 1287//1732 1292//1732 1291//1732
f 1291//1733 1292//1733 1282//1733
f 1291//1734 1282//1734 1289//1734
f 1289//1735 1282//1735 1283//1735
f 1289//1736 1283//1736 1284//1736
f 1293//1737 1294//1737 1288//1737
f 1288//1738 1294//1738 1295//1738
f 1288//1739 1295//1739 1286//1739
f 1296//1740 1297//1740 1298//1740
f 1297//1741 1296//1741 1299//1741
f 1299//1742 1296//1742 1300//1742
f 1299//1743 1300//1743 1301//1743
f 1301//1744 1300//1744 1302//1744
f 1301//1745 1302//1745 1303//1745
f 1304//1746 1294//1746 1305//1746
f 1306//1747 1296//1747 1307//1747
f 1307//1748 1296//1748 1298//1748
f 1307//1749 1298//1749 1308//1749
f 1309//1750 1303//1750 1305//1750
f 1305//1751 1303//1751 1302//1751
f 1305//1752 1302//1752 1304//1752
f 1304//1753 1302//1753 1300//1753
f 1304//1754 1300//1754 1310//1754
f 1310//1755 1300//1755 1296//1755
f 1310//1756 1296//1756 1311//1756
f 1311//1757 1296//1757 1306//1757
f 1312//1758 1310//1758 1311//1758
f 1313//1759 1314//1759 1258//1759
f 1315//1760 1316//1760 1317//1760
f 1258//1761 1257//1761 1313//1761
f 1313//1762 1257//1762 1270//1762
f 1313//1763 1270//1763 1318//1763
f 1318//1764 1270//1764 1269//1764
f 1318//1765 1269//1765 1319//1765
f 1319//1766 1269//1766 1268//1766
f 1319//1767 1268//1767 1320//1767
f 1268//1768 1272//1768 1320//1768
f 1320//1769 1272//1769 1271//1769
f 1320//1770 1271//1770 1321//1770
f 1321//1771 1271//1771 1276//1771
f 1321//1772 1276//1772 1275//1772
f 1304//1773 1310//1773 1322//1773
f 1322//1774 1310//1774 1312//1774
f 1322//1775 1312//1775 1323//1775
f 1317//1776 1324//1776 1315//1776
f 1315//1777 1324//1777 1325//1777
f 1315//1778 1325//1778 1326//1778
f 1326//1779 1325//1779 1327//1779
f 1326//1780 1327//1780 1328//1780
f 1329//1781 1316//1781 1330//1781
f 1330//1782 1316//1782 1315//1782
f 1330//1783 1315//1783 1331//1783
f 1331//1784 1315//1784 1326//1784
f 1331//1785 1326//1785 1332//1785
f 1332//1786 1326//1786 1328//1786
f 1332//1787 1328//1787 1333//1787
f 1294//1788 1304//1788 1295//1788
f 1295//1789 1304//1789 1322//1789
f 1295//1790 1322//1790 1286//1790
f 1286//1791 1322//1791 1323//1791
f 1286//1792 1323//1792 1287//1792
f 1306//1793 1329//1793 1311//1793
f 1311//1794 1329//1794 1330//1794
f 1311//1795 1330//1795 1312//1795
f 1312//1796 1330//1796 1331//1796
f 1312//1797 1331//1797 1323//1797
f 1323//1798 1331//1798 1332//1798
f 1323//1799 1332//1799 1287//1799
f 1287//1800 1332//1800 1333//1800
f 1287//1801 1333//1801 1292//1801
f 1317//1802 1314//1802 1324//1802
f 1324//1803 1314//1803 1313//1803
f 1324//1804 1313//1804 1325//1804
f 1325//1805 1313//1805 1318//1805
f 1325//1806 1318//1806 1327//1806
f 1327//1807 1318//1807 1319//1807
f 1327//1808 1319//1808 1328//1808
f 1328//1809 1319//1809 1320//1809
f 1328//1810 1320//1810 1333//1810
f 1333//1811 1320//1811 1321//1811
f 1333//1812 1321//1812 1292//1812
f 1292//1813 1321//1813 1275//1813
f 1292//1814 1275//1814 1282//1814
f 1316//1815 1329//1815 1334//1815
f 1258//1816 1314//1816 1335//1816
f 1335//1817 1314//1817 1317//1817
f 1335//1818 1317//1818 1316//1818
f 1336//1819 1337//1819 1338//1819
f 1338//1820 1337//1820 1339//1820
f 1338//1821 1339//1821 1335//1821
f 1335//1822 1339//1822 1340//1822
f 1335//1823 1340//1823 1258//1823
f 1341//1824 1342//1824 1343//1824
f 1344//1825 1345//1825 1346//1825
f 1344//1826 1346//1826 1347//1826
f 1347//1827 1346//1827 1348//1827
f 1347//1828 1348//1828 1349//1828
f 1349//1829 1348//1829 1350//1829
f 1350//1830 1348//1830 1351//1830
f 1350//1831 1351//1831 1230//1831
f 1329//1832 1306//1832 1334//1832
f 1334//1833 1306//1833 1307//1833
f 1334//1834 1307//1834 1352//1834
f 1352//1835 1307//1835 1308//1835
f 1345//1836 1342//1836 1346//1836
f 1346//1837 1342//1837 1341//1837
f 1346//1838 1341//1838 1348//1838
f 1348//1839 1341//1839 1353//1839
f 1348//1840 1353//1840 1351//1840
f 1354//1841 1336//1841 1343//1841
f 1343//1842 1336//1842 1338//1842
f 1343//1843 1338//1843 1341//1843
f 1341//1844 1338//1844 1335//1844
f 1341//1845 1335//1845 1353//1845
f 1353//1846 1335//1846 1316//1846
f 1353//1847 1316//1847 1351//1847
f 1351//1848 1316//1848 1334//1848
f 1351//1849 1334//1849 1230//1849
f 1230//1850 1334//1850 1352//1850
f 1230//1851 1229//1851 1355//1851
f 1230//1852 1355//1852 1350//1852
f 1350//1853 1355//1853 1356//1853
f 1350//1854 1356//1854 1349//1854
f 1223//1855 1222//1855 1357//1855
f 1228//1856 1226//1856 1358//1856
f 1358//1857 1226//1857 1225//1857
f 1358//1858 1225//1858 1359//1858
f 1359//1859 1225//1859 1223//1859
f 1359//1860 1223//1860 1360//1860
f 1360//1861 1223//1861 1357//1861
f 1360//1862 1357//1862 1361//1862
f 1229//1863 1228//1863 1355//1863
f 1355//1864 1228//1864 1358//1864
f 1355//1865 1358//1865 1356//1865
f 1356//1866 1358//1866 1359//1866
f 1356//1867 1359//1867 1362//1867
f 1362//1868 1359//1868 1360//1868
f 1362//1869 1360//1869 1363//1869
f 1363//1870 1360//1870 1361//1870
f 1364//1871 1349//1871 1356//1871
f 1365//1872 1366//1872 1367//1872
f 1368//1873 1369//1873 1370//1873
f 1370//1874 1369//1874 1371//1874
f 1372//1875 1373//1875 1374//1875
f 1374//1875 1373//1875 1375//1875
f 1374//1876 1375//1876 1376//1876
f 1376//1876 1375//1876 1367//1876
f 1376//1877 1367//1877 1377//1877
f 1377//1878 1367//1878 1366//1878
f 1373//1879 1378//1879 1375//1879
f 1375//1879 1378//1879 1379//1879
f 1375//1880 1379//1880 1367//1880
f 1367//1880 1379//1880 1380//1880
f 1367//1881 1380//1881 1365//1881
f 1365//1882 1380//1882 1381//1882
f 1378//1883 1382//1883 1379//1883
f 1379//1883 1382//1883 1383//1883
f 1379//1884 1383//1884 1380//1884
f 1380//1884 1383//1884 1384//1884
f 1380//1885 1384//1885 1381//1885
f 1381//1886 1384//1886 1368//1886
f 1381//1887 1368//1887 1385//1887
f 1385//1888 1368//1888 1370//1888
f 1386//1889 1382//1889 1387//1889
f 1387//1890 1382//1890 1378//1890
f 1387//1890 1378//1890 1388//1890
f 1388//1891 1378//1891 1373//1891
f 1388//1891 1373//1891 1389//1891
f 1389//1892 1373//1892 1372//1892
f 1389//1893 1372//1893 1364//1893
f 1386//1894 1390//1894 1382//1894
f 1382//1895 1390//1895 1391//1895
f 1382//1896 1391//1896 1383//1896
f 1383//1896 1391//1896 1392//1896
f 1383//1897 1392//1897 1384//1897
f 1384//1897 1392//1897 1393//1897
f 1384//1898 1393//1898 1368//1898
f 1368//1899 1393//1899 1394//1899
f 1368//1900 1394//1900 1369//1900
f 1364//1871 1356//1871 1389//1871
f 1389//1901 1356//1901 1362//1901
f 1389//1901 1362//1901 1388//1901
f 1388//1902 1362//1902 1363//1902
f 1388//1902 1363//1902 1387//1902
f 1387//1903 1363//1903 1361//1903
f 1387//1903 1361//1903 1386//1903
f 1395//1904 1396//1904 1397//1904
f 1397//1905 1396//1905 1398//1905
f 1399//1906 1400//1906 1401//1906
f 1401//1907 1400//1907 1402//1907
f 1398//1908 1403//1908 1397//1908
f 1397//1909 1403//1909 1404//1909
f 1397//1910 1404//1910 1405//1910
f 1405//1911 1404//1911 1406//1911
f 1405//1912 1406//1912 1399//1912
f 1399//1913 1406//1913 1407//1913
f 1399//1914 1407//1914 1400//1914
f 1408//1915 1409//1915 1410//1915
f 1370//1915 1371//1915 1401//1915
f 1401//1915 1366//1915 1365//1915
f 1402//1915 1411//1915 1342//1915
f 1342//1915 1411//1915 1412//1915
f 1342//1915 1412//1915 1343//1915
f 1343//1915 1412//1915 1413//1915
f 1343//1915 1413//1915 1354//1915
f 1354//1915 1413//1915 1408//1915
f 1354//1915 1408//1915 1414//1915
f 1414//1915 1408//1915 1410//1915
f 1365//1915 1381//1915 1401//1915
f 1401//1915 1381//1915 1385//1915
f 1401//1915 1385//1915 1370//1915
f 1342//1915 1345//1915 1402//1915
f 1402//1915 1345//1915 1344//1915
f 1402//1915 1344//1915 1401//1915
f 1401//1915 1344//1915 1377//1915
f 1401//1915 1377//1915 1366//1915
f 1415//1916 1416//1916 1417//1916
f 1417//1917 1416//1917 1418//1917
f 1418//1918 1416//1918 1419//1918
f 1419//1919 1416//1919 1420//1919
f 1419//1920 1420//1920 1421//1920
f 1421//1921 1420//1921 1422//1921
f 1422//1922 1420//1922 1423//1922
f 1422//1923 1423//1923 1424//1923
f 1425//1924 1426//1924 1423//1924
f 1423//1924 1426//1924 1427//1924
f 1423//1924 1427//1924 1424//1924
f 1422//1925 1424//1925 1428//1925
f 1428//1926 1424//1926 1429//1926
f 1430//1927 1431//1927 1432//1927
f 1433//1928 1434//1928 1435//1928
f 1429//1929 1424//1929 1435//1929
f 1435//1930 1424//1930 1427//1930
f 1435//1931 1427//1931 1433//1931
f 1433//1932 1427//1932 1426//1932
f 1433//1933 1426//1933 1430//1933
f 1422//1934 1428//1934 1421//1934
f 1421//1935 1428//1935 1436//1935
f 1421//1936 1436//1936 1419//1936
f 1354//1937 1414//1937 1415//1937
f 1415//1938 1414//1938 1410//1938
f 1415//1939 1410//1939 1437//1939
f 1437//1940 1410//1940 1438//1940
f 1437//1941 1438//1941 1439//1941
f 1440//1942 1415//1942 1441//1942
f 1441//1943 1415//1943 1417//1943
f 1441//1944 1417//1944 1418//1944
f 1354//1945 1415//1945 1336//1945
f 1336//1946 1415//1946 1440//1946
f 1336//1947 1440//1947 1337//1947
f 1337//1948 1440//1948 1442//1948
f 1337//1949 1442//1949 1339//1949
f 1339//1950 1442//1950 1443//1950
f 1339//1951 1443//1951 1340//1951
f 1249//1952 1279//1952 1444//1952
f 1279//1953 1260//1953 1444//1953
f 1444//1954 1260//1954 1262//1954
f 1444//1955 1262//1955 1264//1955
f 1264//1956 1265//1956 1444//1956
f 1444//1957 1265//1957 1259//1957
f 1444//1958 1259//1958 1258//1958
f 1445//1959 1240//1959 1446//1959
f 1446//1960 1240//1960 1447//1960
f 1446//1961 1447//1961 1448//1961
f 1449//1962 1241//1962 1450//1962
f 1450//1963 1241//1963 1240//1963
f 1450//1964 1240//1964 1451//1964
f 1451//1965 1240//1965 1445//1965
f 1448//1966 1447//1966 1452//1966
f 1452//1967 1447//1967 1453//1967
f 1452//1968 1453//1968 1454//1968
f 1240//1969 1250//1969 1447//1969
f 1447//1970 1250//1970 1249//1970
f 1447//1971 1249//1971 1453//1971
f 1453//1972 1249//1972 1444//1972
f 1453//1973 1444//1973 1454//1973
f 1454//1974 1444//1974 1455//1974
f 1258//1975 1340//1975 1444//1975
f 1444//1976 1340//1976 1443//1976
f 1444//1977 1443//1977 1455//1977
f 1455//1978 1443//1978 1442//1978
f 1455//1979 1442//1979 1456//1979
f 1440//1980 1457//1980 1458//1980
f 1440//1981 1458//1981 1442//1981
f 1442//1982 1458//1982 1459//1982
f 1442//1983 1459//1983 1456//1983
f 6//1984 1457//1984 5//1984
f 5//1985 1457//1985 1440//1985
f 5//1986 1440//1986 1436//1986
f 1436//1987 1440//1987 1441//1987
f 1436//1988 1441//1988 1419//1988
f 1419//1989 1441//1989 1418//1989
f 1430//1990 1432//1990 1433//1990
f 1433//1991 1432//1991 1460//1991
f 1433//1992 1460//1992 1434//1992
f 1461//1993 1429//1993 1435//1993
f 1462//1994 1//1994 3//1994
f 1429//1995 1461//1995 1428//1995
f 1428//1996 1461//1996 1462//1996
f 1428//1997 1462//1997 1436//1997
f 1436//1998 1462//1998 3//1998
f 1436//1999 3//1999 5//1999
f 1463//2000 1464//2000 1462//2000
f 1464//2001 1206//2001 1462//2001
f 1462//2002 1206//2002 1465//2002
f 1462//2003 1465//2003 1//2003
f 1204//2004 1202//2004 1466//2004
f 1466//2005 1202//2005 1206//2005
f 1466//2006 1206//2006 1467//2006
f 1467//2007 1206//2007 1464//2007
f 1432//2008 1468//2008 1460//2008
f 1460//2009 1468//2009 1469//2009
f 1460//2010 1469//2010 1434//2010
f 1434//2011 1469//2011 1470//2011
f 1434//2012 1470//2012 1435//2012
f 1435//2013 1470//2013 1471//2013
f 1435//2014 1471//2014 1461//2014
f 1461//2015 1471//2015 1472//2015
f 1461//2016 1472//2016 1462//2016
f 1462//2017 1472//2017 1473//2017
f 1462//2018 1473//2018 1463//2018
f 1196//2019 1195//2019 1474//2019
f 1474//2020 1195//2020 1194//2020
f 1475//2021 1476//2021 1477//2021
f 1478//2022 1479//2022 1480//2022
f 1481//2023 1482//2023 1483//2023
f 1484//2024 1485//2024 1486//2024
f 1487//2025 1488//2025 1489//2025
f 1489//2026 1488//2026 1490//2026
f 1489//2027 1490//2027 1491//2027
f 1492//2028 1493//2028 1494//2028
f 1495//2029 1496//2029 1497//2029
f 1497//2030 1496//2030 1498//2030
f 1497//2031 1498//2031 1499//2031
f 1500//2032 1501//2032 1502//2032
f 1502//2033 1503//2033 1500//2033
f 1500//2034 1503//2034 1504//2034
f 1500//2035 1504//2035 1505//2035
f 1505//2036 1504//2036 1506//2036
f 1505//2037 1506//2037 1507//2037
f 1507//2038 1506//2038 1508//2038
f 1507//2039 1508//2039 1509//2039
f 1509//2040 1508//2040 1510//2040
f 1509//2041 1510//2041 1511//2041
f 1511//2042 1510//2042 1512//2042
f 1513//2043 1514//2043 1515//2043
f 1516//2044 1513//2044 1517//2044
f 1481//2045 1483//2045 1516//2045
f 1516//2046 1483//2046 1518//2046
f 1518//2047 1483//2047 1519//2047
f 1518//2048 1519//2048 1520//2048
f 1520//2049 1519//2049 1521//2049
f 1520//2050 1521//2050 1522//2050
f 1522//2051 1521//2051 1523//2051
f 1522//2052 1523//2052 1524//2052
f 1524//2053 1523//2053 1525//2053
f 1524//2054 1525//2054 1526//2054
f 1526//2055 1525//2055 1527//2055
f 1526//2056 1527//2056 1528//2056
f 1528//2057 1527//2057 1529//2057
f 1529//2058 1527//2058 1530//2058
f 1529//2059 1530//2059 1531//2059
f 1532//2060 1533//2060 1534//2060
f 1534//2061 1533//2061 1535//2061
f 1534//2062 1535//2062 1536//2062
f 1536//2063 1535//2063 1537//2063
f 1536//2064 1537//2064 1530//2064
f 1530//2065 1537//2065 1538//2065
f 1530//2066 1538//2066 1531//2066
f 1532//2067 1534//2067 1539//2067
f 1539//2068 1534//2068 1540//2068
f 1539//2069 1540//2069 1541//2069
f 1541//2070 1540//2070 1542//2070
f 1542//2071 1540//2071 1543//2071
f 1542//2072 1543//2072 20//2072
f 11//2073 17//2073 1543//2073
f 1543//2074 17//2074 19//2074
f 1543//2075 19//2075 20//2075
f 21//2076 23//2076 1544//2076
f 8//2077 7//2077 1543//2077
f 1543//2078 7//2078 10//2078
f 10//2079 14//2079 1543//2079
f 1543//2080 14//2080 12//2080
f 1543//2081 12//2081 11//2081
f 1465//2082 1206//2082 1545//2082
f 1545//2083 1206//2083 1205//2083
f 1545//2084 1205//2084 21//2084
f 1459//2085 1458//2085 1545//2085
f 1545//2086 1458//2086 1457//2086
f 6//2087 4//2087 1457//2087
f 1457//2088 4//2088 2//2088
f 1457//2089 2//2089 1545//2089
f 1545//2090 2//2090 1//2090
f 1545//2091 1//2091 1465//2091
f 21//2092 1544//2092 1545//2092
f 1545//2093 1544//2093 1456//2093
f 1545//2094 1456//2094 1459//2094
f 1455//2095 1546//2095 1454//2095
f 1454//2096 1546//2096 1547//2096
f 1454//2097 1547//2097 1452//2097
f 1452//2098 1547//2098 1448//2098
f 1448//2099 1547//2099 1548//2099
f 1448//2100 1548//2100 1446//2100
f 1549//2101 1450//2101 1451//2101
f 1550//2102 1549//2102 1551//2102
f 1551//2103 1549//2103 1451//2103
f 1551//2104 1451//2104 1548//2104
f 1548//2105 1451//2105 1445//2105
f 1548//2106 1445//2106 1446//2106
f 1480//2107 1479//2107 1552//2107
f 1479//2108 1553//2108 1552//2108
f 1552//2109 1553//2109 1554//2109
f 1552//2110 1554//2110 1551//2110
f 1551//2111 1554//2111 1555//2111
f 1551//2112 1555//2112 1550//2112
f 1478//2113 1480//2113 1556//2113
f 1556//2114 1480//2114 1557//2114
f 1556//2115 1557//2115 1558//2115
f 1559//2116 1560//2116 1561//2116
f 1561//2117 1562//2117 1559//2117
f 1559//2118 1562//2118 1563//2118
f 1559//2119 1563//2119 1564//2119
f 1563//2120 1565//2120 1564//2120
f 1564//2121 1565//2121 1566//2121
f 1564//2122 1566//2122 1567//2122
f 1489//2123 1568//2123 1487//2123
f 1487//2124 1568//2124 1569//2124
f 1487//2125 1569//2125 1567//2125
f 1513//2126 1515//2126 1517//2126
f 1517//2127 1515//2127 1570//2127
f 1517//2128 1570//2128 1571//2128
f 1570//2129 1572//2129 1571//2129
f 1571//2130 1572//2130 1573//2130
f 1571//2131 1573//2131 1574//2131
f 1574//2132 1573//2132 1575//2132
f 1574//2133 1575//2133 1576//2133
f 1516//2134 1517//2134 1481//2134
f 1481//2135 1517//2135 1571//2135
f 1481//2136 1571//2136 1482//2136
f 1482//2137 1571//2137 1574//2137
f 1482//2138 1574//2138 1477//2138
f 1477//2139 1574//2139 1576//2139
f 1477//2140 1576//2140 1475//2140
f 1501//2141 1577//2141 1502//2141
f 1502//2142 1577//2142 1495//2142
f 1502//2143 1495//2143 1578//2143
f 1578//2144 1495//2144 1497//2144
f 1578//2145 1497//2145 1579//2145
f 1579//2146 1497//2146 1499//2146
f 1579//2147 1499//2147 1580//2147
f 1581//2148 1582//2148 1493//2148
f 1493//2149 1582//2149 1583//2149
f 1493//2150 1583//2150 1494//2150
f 1580//2151 1476//2151 1579//2151
f 1579//2152 1476//2152 1475//2152
f 1579//2153 1475//2153 1578//2153
f 1578//2154 1475//2154 1576//2154
f 1578//2155 1576//2155 1502//2155
f 1502//2156 1576//2156 1575//2156
f 1502//2157 1575//2157 1503//2157
f 1503//2158 1575//2158 1573//2158
f 1503//2159 1573//2159 1504//2159
f 1504//2160 1573//2160 1572//2160
f 1504//2161 1572//2161 1506//2161
f 1506//2162 1572//2162 1570//2162
f 1506//2163 1570//2163 1508//2163
f 1508//2164 1570//2164 1515//2164
f 1508//2165 1515//2165 1510//2165
f 1510//2166 1515//2166 1514//2166
f 1510//2167 1514//2167 1512//2167
f 1581//2168 1566//2168 1582//2168
f 1582//2169 1566//2169 1584//2169
f 1582//2170 1584//2170 1583//2170
f 1583//2171 1584//2171 1486//2171
f 1583//2172 1486//2172 1494//2172
f 1494//2173 1486//2173 1485//2173
f 1492//2174 1491//2174 1493//2174
f 1493//2175 1491//2175 1490//2175
f 1493//2176 1490//2176 1581//2176
f 1581//2177 1490//2177 1585//2177
f 1581//2178 1585//2178 1566//2178
f 1566//2179 1585//2179 1586//2179
f 1566//2180 1586//2180 1567//2180
f 1567//2181 1586//2181 1587//2181
f 1567//2182 1587//2182 1487//2182
f 1487//2183 1587//2183 1586//2183
f 1487//2184 1586//2184 1488//2184
f 1488//2185 1586//2185 1585//2185
f 1488//2186 1585//2186 1490//2186
f 1560//2187 1588//2187 1561//2187
f 1561//2188 1588//2188 1589//2188
f 1561//2189 1589//2189 1590//2189
f 1590//2190 1589//2190 1591//2190
f 1590//2191 1591//2191 1592//2191
f 1592//2192 1591//2192 1558//2192
f 1592//2193 1558//2193 1593//2193
f 1593//2194 1558//2194 1557//2194
f 1593//2195 1557//2195 1594//2195
f 1594//2196 1557//2196 1480//2196
f 1594//2197 1480//2197 1595//2197
f 1595//2198 1480//2198 1552//2198
f 1595//2199 1552//2199 1596//2199
f 1596//2200 1552//2200 1551//2200
f 1596//2201 1551//2201 1597//2201
f 1597//2202 1551//2202 1548//2202
f 1597//2203 1548//2203 1598//2203
f 1598//2204 1548//2204 1547//2204
f 1598//2205 1547//2205 1544//2205
f 1544//2206 1547//2206 1546//2206
f 1544//2207 1546//2207 1456//2207
f 1456//2208 1546//2208 1455//2208
f 1498//2209 1484//2209 1499//2209
f 1499//2210 1484//2210 1486//2210
f 1499//2211 1486//2211 1580//2211
f 1580//2212 1486//2212 1584//2212
f 1580//2213 1584//2213 1476//2213
f 1476//2214 1584//2214 1566//2214
f 1476//2215 1566//2215 1477//2215
f 1477//2216 1566//2216 1565//2216
f 1477//2217 1565//2217 1482//2217
f 1482//2218 1565//2218 1563//2218
f 1482//2219 1563//2219 1483//2219
f 1483//2220 1563//2220 1562//2220
f 1483//2221 1562//2221 1519//2221
f 1519//2222 1562//2222 1561//2222
f 1519//2223 1561//2223 1521//2223
f 1521//2224 1561//2224 1590//2224
f 1521//2225 1590//2225 1523//2225
f 1523//2226 1590//2226 1592//2226
f 1523//2227 1592//2227 1525//2227
f 1525//2228 1592//2228 1593//2228
f 1525//2229 1593//2229 1527//2229
f 1527//2230 1593//2230 1594//2230
f 1527//2231 1594//2231 1530//2231
f 1530//2232 1594//2232 1595//2232
f 1530//2233 1595//2233 1536//2233
f 1536//2234 1595//2234 1596//2234
f 1536//2235 1596//2235 1534//2235
f 1534//2236 1596//2236 1597//2236
f 1534//2237 1597//2237 1540//2237
f 1540//2238 1597//2238 1598//2238
f 1540//2239 1598//2239 1543//2239
f 1543//2240 1598//2240 1544//2240
f 1543//2241 1544//2241 8//2241
f 8//2242 1544//2242 23//2242
f 1569//2243 1568//2243 1599//2243
f 1599//2244 1568//2244 1600//2244
f 1599//2245 1600//2245 1601//2245
f 1602//2246 1603//2246 1604//2246
f 1604//2247 1603//2247 1605//2247
f 1604//2248 1605//2248 1606//2248
f 1607//2249 1608//2249 1603//2249
f 1603//2250 1608//2250 1609//2250
f 1603//2251 1609//2251 1605//2251
f 1610//2252 1611//2252 1612//2252
f 1612//2253 1611//2253 1613//2253
f 1612//2254 1613//2254 1614//2254
f 1614//2255 1613//2255 1615//2255
f 1614//2256 1615//2256 1616//2256
f 1616//2257 1615//2257 1617//2257
f 1617//2258 1615//2258 1618//2258
f 1617//2259 1618//2259 1619//2259
f 1619//2260 1618//2260 1620//2260
f 1620//2261 1618//2261 1621//2261
f 1620//2262 1621//2262 1622//2262
f 1622//2263 1621//2263 1623//2263
f 1622//2264 1623//2264 1624//2264
f 1559//2265 1564//2265 1599//2265
f 1599//2266 1564//2266 1567//2266
f 1599//2267 1567//2267 1569//2267
f 1625//2268 1588//2268 1626//2268
f 1626//2269 1588//2269 1560//2269
f 1626//2270 1560//2270 1559//2270
f 1627//2271 1556//2271 1628//2271
f 1628//2272 1556//2272 1558//2272
f 1628//2273 1558//2273 1629//2273
f 1629//2274 1558//2274 1591//2274
f 1629//2275 1591//2275 1625//2275
f 1625//2276 1591//2276 1589//2276
f 1625//2277 1589//2277 1588//2277
f 1630//2278 1479//2278 1627//2278
f 1627//2279 1479//2279 1478//2279
f 1627//2280 1478//2280 1556//2280
f 1631//2281 1554//2281 1630//2281
f 1630//2282 1554//2282 1553//2282
f 1630//2283 1553//2283 1479//2283
f 1549//2284 1550//2284 1631//2284
f 1631//2285 1550//2285 1555//2285
f 1631//2286 1555//2286 1554//2286
f 1241//2287 1602//2287 1243//2287
f 1243//2288 1602//2288 1604//2288
f 1243//2289 1604//2289 1237//2289
f 1237//2290 1604//2290 1606//2290
f 1237//2291 1606//2291 1238//2291
f 1610//2292 1607//2292 1611//2292
f 1611//2293 1607//2293 1603//2293
f 1611//2294 1603//2294 1632//2294
f 1632//2295 1603//2295 1602//2295
f 1632//2296 1602//2296 1633//2296
f 1633//2297 1602//2297 1241//2297
f 1633//2298 1241//2298 1449//2298
f 1559//2299 1599//2299 1626//2299
f 1626//2300 1599//2300 1601//2300
f 1626//2301 1601//2301 1625//2301
f 1625//2302 1601//2302 1634//2302
f 1625//2303 1634//2303 1629//2303
f 1629//2304 1634//2304 1635//2304
f 1629//2305 1635//2305 1628//2305
f 1628//2306 1635//2306 1636//2306
f 1628//2307 1636//2307 1627//2307
f 1627//2308 1636//2308 1637//2308
f 1627//2309 1637//2309 1630//2309
f 1630//2310 1637//2310 1638//2310
f 1630//2311 1638//2311 1631//2311
f 1568//2312 1639//2312 1600//2312
f 1600//2313 1639//2313 1640//2313
f 1600//2314 1640//2314 1601//2314
f 1601//2315 1640//2315 1641//2315
f 1601//2316 1641//2316 1634//2316
f 1634//2317 1641//2317 1642//2317
f 1634//2318 1642//2318 1635//2318
f 1635//2319 1642//2319 1643//2319
f 1635//2320 1643//2320 1636//2320
f 1636//2320 1643//2320 1644//2320
f 1636//2321 1644//2321 1637//2321
f 1637//2321 1644//2321 1645//2321
f 1637//2322 1645//2322 1638//2322
f 1450//2323 1549//2323 1449//2323
f 1449//2324 1549//2324 1631//2324
f 1449//2325 1631//2325 1633//2325
f 1633//2326 1631//2326 1638//2326
f 1633//2327 1638//2327 1632//2327
f 1632//2328 1638//2328 1645//2328
f 1632//2329 1645//2329 1611//2329
f 1611//2330 1645//2330 1644//2330
f 1611//2331 1644//2331 1613//2331
f 1613//2332 1644//2332 1643//2332
f 1613//2333 1643//2333 1615//2333
f 1615//2334 1643//2334 1642//2334
f 1615//2335 1642//2335 1618//2335
f 1618//2336 1642//2336 1641//2336
f 1618//2337 1641//2337 1621//2337
f 1621//2338 1641//2338 1640//2338
f 1621//2339 1640//2339 1623//2339
f 1623//2340 1640//2340 1639//2340
f 1646//1599 1647//1599 1189//1599
f 1114//1599 1236//1599 1235//1599
f 1189//1599 1647//1599 1114//1599
f 1114//1599 1647//1599 1290//1599
f 1114//1599 1290//1599 1236//1599
f 1648//1599 1649//1599 1117//1599
f 1619//1599 1620//1599 1116//1599
f 1116//1599 1620//1599 1622//1599
f 1116//1599 1622//1599 1117//1599
f 1117//1599 1622//1599 1624//1599
f 1117//1599 1624//1599 1650//1599
f 1650//1599 1651//1599 1117//1599
f 1117//1599 1651//1599 1652//1599
f 1117//1599 1652//1599 1653//1599
f 1606//1599 1116//1599 1238//1599
f 1238//1599 1116//1599 1114//1599
f 1238//1599 1114//1599 1239//1599
f 1239//1599 1114//1599 1235//1599
f 1649//1599 1654//1599 1117//1599
f 1117//1599 1654//1599 1655//1599
f 1117//1599 1655//1599 1189//1599
f 1189//1599 1655//1599 1656//1599
f 1189//1599 1656//1599 1646//1599
f 1116//1599 1612//1599 1614//1599
f 1117//1599 1657//1599 1658//1599
f 1614//1599 1616//1599 1116//1599
f 1116//1599 1616//1599 1617//1599
f 1116//1599 1617//1599 1619//1599
f 1653//1599 1659//1599 1117//1599
f 1117//1599 1659//1599 1660//1599
f 1117//1599 1660//1599 1657//1599
f 1606//1599 1605//1599 1116//1599
f 1116//1599 1605//1599 1609//1599
f 1116//1599 1609//1599 1608//1599
f 1658//1599 1661//1599 1117//1599
f 1117//1599 1661//1599 1662//1599
f 1117//1599 1662//1599 1648//1599
f 1608//1599 1607//1599 1116//1599
f 1116//1599 1607//1599 1610//1599
f 1116//1599 1610//1599 1612//1599
f 1305//1587 1294//1587 1293//1587
f 1293//1587 1663//1587 1305//1587
f 1305//1587 1663//1587 1664//1587
f 1305//1587 1664//1587 1309//1587
f 1309//1587 1664//1587 1665//1587
f 1665//1587 1666//1587 1309//1587
f 1309//1587 1666//1587 1667//1587
f 1309//1587 1667//1587 1668//1587
f 1669//2341 1308//2341 1670//2341
f 1670//2342 1308//2342 1298//2342
f 1670//2343 1298//2343 1671//2343
f 1671//2344 1298//2344 1297//2344
f 1671//2345 1297//2345 1672//2345
f 1672//2346 1297//2346 1299//2346
f 1672//2347 1299//2347 1673//2347
f 1673//2348 1299//2348 1301//2348
f 1673//2349 1301//2349 1674//2349
f 1301//2350 1303//2350 1674//2350
f 1674//2351 1303//2351 1309//2351
f 1674//2352 1309//2352 1668//2352
f 1372//851 1374//851 1344//851
f 1344//851 1374//851 1376//851
f 1344//851 1376//851 1377//851
f 1372//851 1344//851 1364//851
f 1364//851 1344//851 1347//851
f 1364//851 1347//851 1349//851
f 1224//851 1230//851 1352//851
f 1669//851 1675//851 1308//851
f 1308//851 1675//851 1220//851
f 1308//851 1220//851 1352//851
f 1352//851 1220//851 1219//851
f 1352//851 1219//851 1224//851
f 1210//2353 1211//2353 1676//2353
f 1676//2354 1211//2354 1213//2354
f 1676//2355 1213//2355 1214//2355
f 1675//2356 1677//2356 1220//2356
f 1220//2357 1677//2357 1678//2357
f 1220//2358 1678//2358 1218//2358
f 1218//2359 1678//2359 1676//2359
f 1218//2360 1676//2360 1216//2360
f 1216//2361 1676//2361 1214//2361
f 1679//2362 1680//2362 1681//2362
f 1681//2363 1680//2363 1682//2363
f 1681//2364 1682//2364 1676//2364
f 1676//2365 1682//2365 1209//2365
f 1676//2365 1209//2365 1210//2365
f 1676//2366 1678//2366 1683//2366
f 1679//2367 1681//2367 1684//2367
f 1684//2367 1681//2367 1685//2367
f 1684//2368 1685//2368 1686//2368
f 1686//2368 1685//2368 1687//2368
f 1686//2369 1687//2369 1688//2369
f 1688//2369 1687//2369 1689//2369
f 1688//2370 1689//2370 1690//2370
f 1690//2370 1689//2370 1691//2370
f 1681//2371 1676//2371 1685//2371
f 1685//2372 1676//2372 1683//2372
f 1685//2373 1683//2373 1687//2373
f 1687//2373 1683//2373 1692//2373
f 1687//2374 1692//2374 1689//2374
f 1689//2374 1692//2374 1693//2374
f 1689//2375 1693//2375 1691//2375
f 1691//2375 1693//2375 1694//2375
f 1678//2376 1677//2376 1683//2376
f 1683//2376 1677//2376 1695//2376
f 1683//2377 1695//2377 1692//2377
f 1692//2377 1695//2377 1696//2377
f 1692//2378 1696//2378 1693//2378
f 1693//2378 1696//2378 1697//2378
f 1693//2379 1697//2379 1694//2379
f 1694//2380 1697//2380 1698//2380
f 1699//2381 1700//2381 1701//2381
f 1702//2382 1703//2382 1704//2382
f 1705//2383 1706//2383 1707//2383
f 1707//2383 1706//2383 1708//2383
f 1707//2384 1708//2384 1709//2384
f 1709//2384 1708//2384 1710//2384
f 1709//2385 1710//2385 1711//2385
f 1711//2385 1710//2385 1701//2385
f 1690//2386 1712//2386 1688//2386
f 1688//2386 1712//2386 1713//2386
f 1688//2387 1713//2387 1686//2387
f 1686//2387 1713//2387 1714//2387
f 1686//2388 1714//2388 1684//2388
f 1684//2388 1714//2388 1704//2388
f 1684//2389 1704//2389 1679//2389
f 1679//2389 1704//2389 1703//2389
f 1715//2390 1702//2390 1716//2390
f 1716//2391 1702//2391 1704//2391
f 1716//2392 1704//2392 1717//2392
f 1717//2392 1704//2392 1714//2392
f 1717//2393 1714//2393 1718//2393
f 1718//2393 1714//2393 1713//2393
f 1718//2394 1713//2394 1719//2394
f 1719//2394 1713//2394 1712//2394
f 1719//2395 1705//2395 1718//2395
f 1718//2395 1705//2395 1707//2395
f 1718//2396 1707//2396 1717//2396
f 1717//2397 1707//2397 1709//2397
f 1717//2398 1709//2398 1716//2398
f 1716//2398 1709//2398 1711//2398
f 1716//2399 1711//2399 1715//2399
f 1715//2399 1711//2399 1720//2399
f 1701//2400 1700//2400 1711//2400
f 1711//2401 1700//2401 1721//2401
f 1711//2402 1721//2402 1720//2402
f 1401//2403 1699//2403 1399//2403
f 1399//2404 1699//2404 1701//2404
f 1399//2405 1701//2405 1405//2405
f 1405//2405 1701//2405 1710//2405
f 1405//2406 1710//2406 1397//2406
f 1397//2406 1710//2406 1708//2406
f 1397//2407 1708//2407 1395//2407
f 1395//2407 1708//2407 1706//2407
f 1208//2408 1207//2408 1233//2408
f 1233//2409 1207//2409 1722//2409
f 1233//2410 1722//2410 1221//2410
f 1221//2411 1722//2411 1222//2411
f 1222//2412 1722//2412 1357//2412
f 1357//2413 1722//2413 1723//2413
f 1357//2414 1723//2414 1361//2414
f 1361//2415 1723//2415 1386//2415
f 1386//2416 1723//2416 1724//2416
f 1386//2417 1724//2417 1390//2417
f 1390//2418 1724//2418 1391//2418
f 1391//2419 1724//2419 1725//2419
f 1391//2420 1725//2420 1392//2420
f 1392//2421 1725//2421 1393//2421
f 1393//2422 1725//2422 1726//2422
f 1393//2423 1726//2423 1394//2423
f 1394//2424 1726//2424 1369//2424
f 1369//2425 1726//2425 1727//2425
f 1369//2426 1727//2426 1371//2426
f 1679//2427 1703//2427 1680//2427
f 1680//2428 1703//2428 1728//2428
f 1720//2429 1729//2429 1715//2429
f 1715//2430 1729//2430 1728//2430
f 1715//2431 1728//2431 1702//2431
f 1702//2432 1728//2432 1703//2432
f 1401//2433 1371//2433 1699//2433
f 1699//2433 1371//2433 1727//2433
f 1699//2434 1727//2434 1700//2434
f 1700//2435 1727//2435 1729//2435
f 1700//2436 1729//2436 1721//2436
f 1721//2437 1729//2437 1720//2437
f 1730//851 1731//851 1728//851
f 1728//851 1731//851 1680//851
f 1731//851 1732//851 1680//851
f 1680//851 1732//851 1733//851
f 1680//851 1733//851 1682//851
f 1682//851 1733//851 1734//851
f 1682//851 1734//851 1209//851
f 1209//851 1734//851 1735//851
f 1209//851 1735//851 1207//851
f 1207//851 1735//851 1736//851
f 1207//851 1736//851 1722//851
f 1722//851 1736//851 1737//851
f 1722//851 1737//851 1723//851
f 1723//851 1737//851 1738//851
f 1723//851 1738//851 1724//851
f 1724//851 1738//851 1739//851
f 1724//851 1739//851 1725//851
f 1725//851 1739//851 1740//851
f 1725//851 1740//851 1726//851
f 1726//851 1740//851 1741//851
f 1726//851 1741//851 1727//851
f 1727//851 1741//851 1730//851
f 1727//851 1730//851 1729//851
f 1729//851 1730//851 1728//851
f 1742//2438 1743//2438 1744//2438
f 1744//2438 1743//2438 1745//2438
f 1744//2439 1745//2439 1746//2439
f 1746//2439 1745//2439 1747//2439
f 1746//2440 1747//2440 1748//2440
f 1748//2440 1747//2440 1749//2440
f 1749//2441 1750//2441 1748//2441
f 1748//2441 1750//2441 1751//2441
f 1751//2442 1750//2442 1752//2442
f 1752//2442 1750//2442 1753//2442
f 1752//807 1742//807 1754//807
f 1754//807 1755//807 1752//807
f 1752//807 1755//807 1756//807
f 1752//807 1756//807 1751//807
f 1756//807 1757//807 1751//807
f 1751//807 1757//807 1758//807
f 1751//807 1758//807 1748//807
f 1758//807 1759//807 1748//807
f 1748//807 1759//807 1760//807
f 1748//807 1760//807 1746//807
f 1760//807 1761//807 1746//807
f 1746//807 1761//807 1762//807
f 1746//807 1762//807 1744//807
f 1762//807 1763//807 1744//807
f 1744//807 1763//807 1764//807
f 1744//807 1764//807 1742//807
f 1742//807 1764//807 1765//807
f 1742//807 1765//807 1754//807
f 1743//2443 1742//2443 1753//2443
f 1753//2443 1742//2443 1752//2443
f 1694//807 1698//807 1747//807
f 1694//807 1747//807 1691//807
f 1691//807 1747//807 1745//807
f 1691//807 1745//807 1690//807
f 1396//807 1395//807 1753//807
f 1753//807 1395//807 1706//807
f 1753//807 1706//807 1743//807
f 1749//807 1766//807 1750//807
f 1750//807 1766//807 1767//807
f 1750//807 1767//807 1753//807
f 1753//807 1767//807 1768//807
f 1753//807 1768//807 1396//807
f 1706//807 1705//807 1743//807
f 1743//807 1705//807 1719//807
f 1743//807 1719//807 1745//807
f 1745//807 1719//807 1712//807
f 1745//807 1712//807 1690//807
f 1092//807 1769//807 1698//807
f 1698//807 1769//807 1770//807
f 1698//807 1770//807 1771//807
f 1771//807 1772//807 1698//807
f 1698//807 1772//807 1773//807
f 1698//807 1773//807 1747//807
f 1747//807 1773//807 1774//807
f 1747//807 1774//807 1749//807
f 1749//807 1774//807 1775//807
f 1749//807 1775//807 1766//807
f 1092//2444 1698//2444 1103//2444
f 1103//2445 1698//2445 1697//2445
f 1677//2446 1094//2446 1096//2446
f 1677//2447 1096//2447 1695//2447
f 1096//2448 1098//2448 1695//2448
f 1695//2449 1098//2449 1100//2449
f 1695//2450 1100//2450 1696//2450
f 1100//2451 1102//2451 1696//2451
f 1696//2452 1102//2452 1106//2452
f 1696//2453 1106//2453 1697//2453
f 1697//2454 1106//2454 1104//2454
f 1697//2455 1104//2455 1103//2455
f 1111//2456 1095//2456 1146//2456
f 1146//2457 1095//2457 1094//2457
f 1146//2457 1094//2457 1677//2457
f 1776//2457 1777//2457 1143//2457
f 1143//2457 1777//2457 1778//2457
f 1143//2457 1778//2457 1145//2457
f 1779//2457 1780//2457 1781//2457
f 1778//2457 1782//2457 1145//2457
f 1145//2457 1782//2457 1783//2457
f 1145//2457 1783//2457 1784//2457
f 1143//2457 1785//2457 1786//2457
f 1784//2457 1787//2457 1145//2457
f 1145//2457 1787//2457 1788//2457
f 1145//2457 1788//2457 1789//2457
f 1111//2457 1146//2457 1112//2457
f 1112//2457 1146//2457 1145//2457
f 1112//2457 1145//2457 1790//2457
f 1790//2457 1145//2457 1789//2457
f 1790//2457 1789//2457 1791//2457
f 1781//2457 1792//2457 1148//2457
f 1148//2457 1792//2457 1793//2457
f 1148//2457 1793//2457 1143//2457
f 1143//2456 1793//2456 1794//2456
f 1143//2457 1794//2457 1785//2457
f 1675//2457 1669//2457 1677//2457
f 1677//2458 1669//2458 1670//2458
f 1677//2459 1670//2459 1671//2459
f 1674//2460 1146//2460 1673//2460
f 1673//2457 1146//2457 1677//2457
f 1673//2461 1677//2461 1672//2461
f 1672//2462 1677//2462 1671//2462
f 1779//2457 1781//2457 1795//2457
f 1795//2457 1781//2457 1148//2457
f 1795//2457 1148//2457 1796//2457
f 1780//2457 1797//2457 1781//2457
f 1781//2457 1797//2457 1798//2457
f 1781//2457 1798//2457 1799//2457
f 1674//2463 1668//2463 1146//2463
f 1146//2457 1668//2457 1667//2457
f 1146//2457 1667//2457 1148//2457
f 1148//2457 1667//2457 1666//2457
f 1148//2457 1666//2457 1796//2457
f 1786//2457 1800//2457 1143//2457
f 1143//2457 1800//2457 1801//2457
f 1143//2457 1801//2457 1802//2457
f 1802//2457 1803//2457 1143//2457
f 1143//2457 1803//2457 1804//2457
f 1143//2457 1804//2457 1776//2457
f 1805//2464 1806//2464 1807//2464
f 1783//2465 1808//2465 1809//2465
f 1810//2466 1811//2466 1812//2466
f 1791//2467 1789//2467 1813//2467
f 1813//2468 1789//2468 1814//2468
f 1815//2469 1816//2469 1817//2469
f 1818//2470 1816//2470 1819//2470
f 1819//2471 1816//2471 1815//2471
f 1819//2472 1815//2472 1820//2472
f 1820//2473 1815//2473 1821//2473
f 1820//2474 1821//2474 1822//2474
f 1822//2475 1821//2475 1805//2475
f 1823//2476 1824//2476 1825//2476
f 1825//2477 1824//2477 1826//2477
f 1825//2478 1826//2478 1827//2478
f 1828//2479 1829//2479 1823//2479
f 1823//2480 1829//2480 1830//2480
f 1823//2481 1830//2481 1824//2481
f 1831//2482 1832//2482 1833//2482
f 1833//2483 1834//2483 1831//2483
f 1831//2484 1834//2484 1835//2484
f 1831//2485 1835//2485 1836//2485
f 1836//2486 1835//2486 1837//2486
f 1836//2487 1837//2487 1838//2487
f 1838//2488 1837//2488 1839//2488
f 1838//2489 1839//2489 1840//2489
f 1840//2490 1839//2490 1841//2490
f 1840//2491 1841//2491 1842//2491
f 1842//2492 1841//2492 1843//2492
f 1843//2493 1841//2493 1782//2493
f 1843//2494 1782//2494 1778//2494
f 1783//2495 1809//2495 1784//2495
f 1784//2496 1809//2496 1844//2496
f 1784//2497 1844//2497 1787//2497
f 1845//2498 1789//2498 1844//2498
f 1844//2499 1789//2499 1788//2499
f 1844//2500 1788//2500 1787//2500
f 1825//2501 1846//2501 1823//2501
f 1823//2502 1846//2502 1812//2502
f 1823//2503 1812//2503 1807//2503
f 1807//2504 1812//2504 1811//2504
f 1807//2505 1811//2505 1805//2505
f 1805//2506 1811//2506 1810//2506
f 1805//2507 1810//2507 1822//2507
f 1806//2508 1805//2508 1847//2508
f 1847//2509 1805//2509 1821//2509
f 1847//2510 1821//2510 1808//2510
f 1808//2511 1821//2511 1809//2511
f 1809//2512 1821//2512 1815//2512
f 1809//2513 1815//2513 1844//2513
f 1844//2514 1815//2514 1817//2514
f 1844//2515 1817//2515 1845//2515
f 1845//2516 1817//2516 1848//2516
f 1845//2517 1848//2517 1789//2517
f 1789//2518 1848//2518 1849//2518
f 1789//2519 1849//2519 1814//2519
f 1783//2520 1782//2520 1808//2520
f 1808//2521 1782//2521 1841//2521
f 1808//2522 1841//2522 1847//2522
f 1847//2523 1841//2523 1839//2523
f 1847//2524 1839//2524 1806//2524
f 1806//2525 1839//2525 1837//2525
f 1806//2526 1837//2526 1807//2526
f 1807//2527 1837//2527 1835//2527
f 1807//2528 1835//2528 1823//2528
f 1823//2529 1835//2529 1834//2529
f 1823//2530 1834//2530 1828//2530
f 1828//2531 1834//2531 1833//2531
f 1850//2532 1851//2532 1852//2532
f 1852//2533 1851//2533 1853//2533
f 1850//2534 1854//2534 1851//2534
f 1851//2535 1854//2535 1855//2535
f 1851//2536 1855//2536 1856//2536
f 1857//2537 1791//2537 1813//2537
f 1852//2538 1858//2538 1850//2538
f 1850//2539 1858//2539 1859//2539
f 1850//2540 1859//2540 1854//2540
f 1854//2541 1859//2541 1857//2541
f 1854//2542 1857//2542 1855//2542
f 1855//2543 1857//2543 1813//2543
f 1855//2544 1813//2544 1856//2544
f 1856//2545 1813//2545 1814//2545
f 1859//2546 1858//2546 1860//2546
f 1861//2547 1857//2547 1862//2547
f 1862//2548 1857//2548 1859//2548
f 1862//2549 1859//2549 1863//2549
f 1863//2550 1859//2550 1860//2550
f 1863//2551 1860//2551 1093//2551
f 1110//2552 1112//2552 1790//2552
f 1093//2553 1108//2553 1863//2553
f 1863//2554 1108//2554 1109//2554
f 1863//2555 1109//2555 1862//2555
f 1862//2556 1109//2556 1110//2556
f 1862//2557 1110//2557 1861//2557
f 1861//2558 1110//2558 1790//2558
f 1861//2559 1790//2559 1857//2559
f 1857//2560 1790//2560 1791//2560
f 1864//2561 1093//2561 1860//2561
f 1860//2562 1858//2562 1864//2562
f 1864//2563 1858//2563 1852//2563
f 1864//2564 1852//2564 1853//2564
f 1865//2565 1866//2565 1867//2565
f 1867//2566 1396//2566 1768//2566
f 1091//2567 1093//2567 1868//2567
f 1868//2568 1093//2568 1864//2568
f 1868//2569 1864//2569 1869//2569
f 1091//2570 1868//2570 1092//2570
f 1092//2571 1868//2571 1869//2571
f 1092//2572 1869//2572 1769//2572
f 1769//2573 1869//2573 1870//2573
f 1769//2574 1870//2574 1770//2574
f 1871//2575 1772//2575 1870//2575
f 1870//2576 1772//2576 1771//2576
f 1870//2577 1771//2577 1770//2577
f 1872//2578 1774//2578 1873//2578
f 1873//2579 1774//2579 1773//2579
f 1867//2580 1768//2580 1874//2580
f 1874//2581 1768//2581 1767//2581
f 1874//2582 1767//2582 1875//2582
f 1875//2583 1767//2583 1766//2583
f 1875//2584 1766//2584 1872//2584
f 1872//2585 1766//2585 1775//2585
f 1872//2586 1775//2586 1774//2586
f 1865//2587 1867//2587 1876//2587
f 1876//2588 1867//2588 1874//2588
f 1876//2589 1874//2589 1877//2589
f 1877//2590 1874//2590 1875//2590
f 1877//2591 1875//2591 1878//2591
f 1871//2592 1879//2592 1880//2592
f 1878//2593 1875//2593 1881//2593
f 1881//2594 1875//2594 1872//2594
f 1881//2595 1872//2595 1880//2595
f 1880//2596 1872//2596 1873//2596
f 1880//2597 1873//2597 1871//2597
f 1871//2598 1873//2598 1773//2598
f 1871//2599 1773//2599 1772//2599
f 1879//2600 1871//2600 1882//2600
f 1882//2601 1871//2601 1870//2601
f 1882//2602 1870//2602 1883//2602
f 1864//2603 1884//2603 1869//2603
f 1869//2604 1884//2604 1885//2604
f 1869//2605 1885//2605 1870//2605
f 1870//2606 1885//2606 1886//2606
f 1870//2607 1886//2607 1883//2607
f 1413//2608 1887//2608 1888//2608
f 1887//2609 1413//2609 1412//2609
f 1398//2610 1396//2610 1889//2610
f 1889//2611 1396//2611 1867//2611
f 1407//2612 1406//2612 1890//2612
f 1890//2613 1406//2613 1404//2613
f 1890//2614 1404//2614 1889//2614
f 1889//2615 1404//2615 1403//2615
f 1889//2616 1403//2616 1398//2616
f 1411//2617 1402//2617 1400//2617
f 1412//2618 1411//2618 1887//2618
f 1887//2619 1411//2619 1891//2619
f 1887//2620 1891//2620 1888//2620
f 1888//2621 1892//2621 1893//2621
f 1893//2622 1894//2622 1888//2622
f 1888//2623 1894//2623 1895//2623
f 1888//2624 1895//2624 1413//2624
f 1896//2625 1897//2625 1893//2625
f 1893//2626 1897//2626 1898//2626
f 1893//2627 1898//2627 1894//2627
f 1892//2628 1899//2628 1893//2628
f 1893//2629 1899//2629 1900//2629
f 1893//2630 1900//2630 1896//2630
f 1411//2631 1400//2631 1891//2631
f 1891//2632 1400//2632 1407//2632
f 1891//2633 1407//2633 1888//2633
f 1888//2634 1407//2634 1890//2634
f 1888//2635 1890//2635 1892//2635
f 1892//2636 1890//2636 1889//2636
f 1892//2637 1889//2637 1899//2637
f 1899//2638 1889//2638 1867//2638
f 1899//2639 1867//2639 1900//2639
f 1900//2640 1867//2640 1866//2640
f 1900//2641 1866//2641 1896//2641
f 1408//2642 1413//2642 1895//2642
f 1901//2643 1902//2643 1903//2643
f 1903//2644 1902//2644 1896//2644
f 1903//2645 1896//2645 1866//2645
f 1904//2646 1894//2646 1905//2646
f 1905//2647 1894//2647 1898//2647
f 1905//2648 1898//2648 1902//2648
f 1902//2649 1898//2649 1897//2649
f 1902//2650 1897//2650 1896//2650
f 1409//2651 1408//2651 1904//2651
f 1904//2652 1408//2652 1895//2652
f 1904//2653 1895//2653 1894//2653
f 1906//2654 1088//2654 1089//2654
f 1087//2655 1907//2655 1908//2655
f 1908//2656 1907//2656 1909//2656
f 1908//2657 1909//2657 1910//2657
f 1911//2658 1912//2658 1913//2658
f 1913//2659 1912//2659 1914//2659
f 1915//2660 1916//2660 1917//2660
f 1902//2661 1901//2661 1916//2661
f 1916//2662 1915//2662 1902//2662
f 1902//2663 1915//2663 1918//2663
f 1902//2664 1918//2664 1905//2664
f 1905//2665 1918//2665 1919//2665
f 1905//2666 1919//2666 1904//2666
f 1904//2667 1919//2667 1920//2667
f 1904//2668 1920//2668 1409//2668
f 1906//2669 1089//2669 1921//2669
f 1921//2670 1089//2670 1922//2670
f 1921//2671 1922//2671 1923//2671
f 1087//2672 1088//2672 1907//2672
f 1907//2673 1088//2673 1906//2673
f 1907//2674 1906//2674 1909//2674
f 1909//2675 1906//2675 1921//2675
f 1909//2676 1921//2676 1924//2676
f 1924//2677 1921//2677 1923//2677
f 1924//2678 1923//2678 1925//2678
f 1925//2679 1923//2679 1926//2679
f 1925//2680 1926//2680 1927//2680
f 1910//2681 1909//2681 1911//2681
f 1911//2682 1909//2682 1924//2682
f 1911//2683 1924//2683 1912//2683
f 1912//2684 1924//2684 1925//2684
f 1912//2685 1925//2685 1928//2685
f 1928//2686 1925//2686 1927//2686
f 1928//2687 1927//2687 1929//2687
f 1929//2688 1927//2688 1930//2688
f 1930//2689 1927//2689 1926//2689
f 1930//2690 1926//2690 1931//2690
f 1931//2691 1926//2691 1932//2691
f 1931//2692 1932//2692 1933//2692
f 1922//2693 1934//2693 1923//2693
f 1923//2694 1934//2694 1935//2694
f 1923//2695 1935//2695 1926//2695
f 1926//2696 1935//2696 1936//2696
f 1926//2697 1936//2697 1932//2697
f 1914//2698 1912//2698 1937//2698
f 1937//2699 1912//2699 1928//2699
f 1937//2700 1928//2700 1917//2700
f 1917//2701 1928//2701 1929//2701
f 1917//2702 1929//2702 1915//2702
f 1915//2703 1929//2703 1930//2703
f 1915//2704 1930//2704 1918//2704
f 1918//2705 1930//2705 1931//2705
f 1918//2706 1931//2706 1919//2706
f 1919//2707 1931//2707 1933//2707
f 1919//2708 1933//2708 1920//2708
f 1089//2709 1938//2709 1922//2709
f 1922//2710 1938//2710 1939//2710
f 1922//2711 1939//2711 1934//2711
f 1940//2712 1936//2712 1939//2712
f 1939//2713 1936//2713 1935//2713
f 1939//2714 1935//2714 1934//2714
f 1410//2715 1409//2715 1438//2715
f 1438//2716 1409//2716 1920//2716
f 1438//2717 1920//2717 1439//2717
f 1439//2718 1920//2718 1933//2718
f 1439//2719 1933//2719 1940//2719
f 1940//2720 1933//2720 1932//2720
f 1940//2721 1932//2721 1936//2721
f 1437//851 1439//851 1940//851
f 1415//851 1437//851 1416//851
f 1416//851 1437//851 1940//851
f 1416//851 1940//851 1420//851
f 1420//851 1940//851 1939//851
f 1420//851 1939//851 1423//851
f 1423//851 1939//851 1938//851
f 1423//851 1938//851 1425//851
f 1425//851 1938//851 1941//851
f 1430//2722 1426//2722 1425//2722
f 1942//2722 1943//2722 1944//2722
f 1941//2722 1945//2722 1425//2722
f 1425//2722 1945//2722 1942//2722
f 1425//2722 1942//2722 1430//2722
f 1430//2722 1942//2722 1944//2722
f 1430//2723 1944//2723 1431//2723
f 1946//2724 1947//2724 1948//2724
f 1943//2725 1942//2725 1949//2725
f 1949//2726 1942//2726 1950//2726
f 1949//2727 1950//2727 1951//2727
f 1951//2728 1950//2728 1952//2728
f 1951//2729 1952//2729 1953//2729
f 1953//2730 1952//2730 1954//2730
f 1953//2731 1954//2731 1955//2731
f 1955//2732 1954//2732 1956//2732
f 1948//2733 1957//2733 1946//2733
f 1946//2734 1957//2734 1958//2734
f 1946//2735 1958//2735 1956//2735
f 1956//2736 1958//2736 1959//2736
f 1956//2737 1959//2737 1955//2737
f 1960//2738 1961//2738 1947//2738
f 1947//2739 1961//2739 1962//2739
f 1947//2740 1962//2740 1948//2740
f 1963//2741 1964//2741 1960//2741
f 1960//2742 1964//2742 1965//2742
f 1960//2743 1965//2743 1961//2743
f 1942//2744 1966//2744 1950//2744
f 1950//2744 1966//2744 1967//2744
f 1950//2745 1967//2745 1952//2745
f 1952//2746 1967//2746 1968//2746
f 1969//2747 1956//2747 1968//2747
f 1968//2748 1956//2748 1954//2748
f 1968//2749 1954//2749 1952//2749
f 1970//2750 1960//2750 1971//2750
f 1971//2751 1960//2751 1947//2751
f 1971//2752 1947//2752 1969//2752
f 1969//2753 1947//2753 1946//2753
f 1969//2754 1946//2754 1956//2754
f 1972//2755 1973//2755 1970//2755
f 1970//2756 1973//2756 1963//2756
f 1970//2757 1963//2757 1960//2757
f 1974//2758 1975//2758 1976//2758
f 1976//2759 1975//2759 1977//2759
f 1976//2760 1977//2760 1970//2760
f 1970//2761 1977//2761 1978//2761
f 1970//2762 1978//2762 1972//2762
f 1979//2763 1966//2763 1945//2763
f 1945//2763 1966//2763 1942//2763
f 1979//851 1980//851 1981//851
f 1982//851 1983//851 1971//851
f 1971//851 1983//851 1970//851
f 1983//851 1984//851 1970//851
f 1970//851 1984//851 1985//851
f 1970//851 1985//851 1976//851
f 1976//851 1985//851 1986//851
f 1976//851 1986//851 1974//851
f 1981//851 1987//851 1979//851
f 1979//851 1987//851 1988//851
f 1979//851 1988//851 1966//851
f 1966//851 1988//851 1989//851
f 1966//851 1989//851 1967//851
f 1967//851 1989//851 1990//851
f 1967//851 1990//851 1968//851
f 1968//851 1990//851 1982//851
f 1968//851 1982//851 1969//851
f 1969//851 1982//851 1971//851
f 1991//2764 1992//2764 1993//2764
f 1991//2764 1993//2764 1985//2764
f 1985//2764 1993//2764 1994//2764
f 1985//2764 1994//2764 1986//2764
f 575//2765 1027//2765 1036//2765
f 1995//2766 1996//2766 750//2766
f 1995//2767 750//2767 1992//2767
f 578//2768 1975//2768 579//2768
f 579//2769 1975//2769 1974//2769
f 579//2770 1974//2770 580//2770
f 580//2771 1974//2771 1986//2771
f 580//2772 1986//2772 581//2772
f 581//2773 1986//2773 1994//2773
f 581//2774 1994//2774 582//2774
f 582//2775 1994//2775 1993//2775
f 582//2776 1993//2776 749//2776
f 749//2777 1993//2777 1992//2777
f 749//2778 1992//2778 752//2778
f 752//2779 1992//2779 750//2779
f 1973//2780 1972//2780 576//2780
f 576//2781 1972//2781 1978//2781
f 576//2782 1978//2782 578//2782
f 578//2783 1978//2783 1977//2783
f 578//2784 1977//2784 1975//2784
f 1038//2785 1964//2785 1040//2785
f 1040//2786 1964//2786 1963//2786
f 1040//2787 1963//2787 1036//2787
f 1036//2788 1963//2788 1973//2788
f 1036//2789 1973//2789 575//2789
f 575//2790 1973//2790 576//2790
f 1964//2791 1997//2791 1965//2791
f 1965//2792 1997//2792 1961//2792
f 1038//2793 1037//2793 1964//2793
f 1964//2794 1037//2794 1998//2794
f 1964//2795 1998//2795 1997//2795
f 1997//2796 1998//2796 1999//2796
f 2000//2797 1996//2797 2001//2797
f 2001//2797 1996//2797 1995//2797
f 2001//2797 1995//2797 1991//2797
f 1991//2797 1995//2797 1992//2797
f 2001//2798 1991//2798 2002//2798
f 2003//2799 2000//2799 2001//2799
f 2001//2800 2002//2800 2003//2800
f 2003//2801 2002//2801 2004//2801
f 2003//2802 2004//2802 2005//2802
f 2004//2803 2006//2803 2005//2803
f 2005//2804 2006//2804 2007//2804
f 2005//2805 2007//2805 2008//2805
f 2007//2806 2009//2806 2008//2806
f 2008//2807 2009//2807 2010//2807
f 2008//2808 2010//2808 2011//2808
f 2010//2809 2012//2809 2011//2809
f 2011//2810 2012//2810 2013//2810
f 2011//2811 2013//2811 2014//2811
f 2013//2812 2015//2812 2014//2812
f 2014//2813 2015//2813 2016//2813
f 2014//2814 2016//2814 2017//2814
f 112//2815 114//2815 2018//2815
f 2018//2816 114//2816 2017//2816
f 2018//2817 2017//2817 2019//2817
f 2019//2818 2017//2818 2016//2818
f 1980//2819 2020//2819 2021//2819
f 1983//2820 2002//2820 1984//2820
f 1984//2821 2002//2821 1991//2821
f 1984//2822 1991//2822 1985//2822
f 1982//2823 2006//2823 1983//2823
f 1983//2824 2006//2824 2004//2824
f 1983//2825 2004//2825 2002//2825
f 1990//2826 2009//2826 1982//2826
f 1982//2827 2009//2827 2007//2827
f 1982//2828 2007//2828 2006//2828
f 1989//2829 2012//2829 1990//2829
f 1990//2830 2012//2830 2010//2830
f 1990//2831 2010//2831 2009//2831
f 1988//2832 2015//2832 1989//2832
f 1989//2833 2015//2833 2013//2833
f 1989//2834 2013//2834 2012//2834
f 1987//2835 2019//2835 1988//2835
f 1988//2836 2019//2836 2016//2836
f 1988//2837 2016//2837 2015//2837
f 1981//2838 112//2838 1987//2838
f 1987//2839 112//2839 2018//2839
f 1987//2840 2018//2840 2019//2840
f 1980//2841 115//2841 1981//2841
f 1981//2842 115//2842 113//2842
f 1981//2843 113//2843 112//2843
f 2022//2844 2023//2844 2021//2844
f 2021//2844 2023//2844 2024//2844
f 2021//2819 2024//2819 1980//2819
f 1980//2845 2024//2845 116//2845
f 1980//2846 116//2846 115//2846
f 2025//2847 2022//2847 2026//2847
f 2026//2848 2022//2848 2021//2848
f 2026//2849 2021//2849 2020//2849
f 2025//2850 2026//2850 2027//2850
f 2027//2850 2026//2850 2028//2850
f 2027//2851 2028//2851 2029//2851
f 2029//2851 2028//2851 2030//2851
f 2029//2852 2030//2852 2031//2852
f 2031//2853 2030//2853 2032//2853
f 2031//2854 2032//2854 2033//2854
f 2034//2855 2035//2855 2022//2855
f 2022//2856 2025//2856 2034//2856
f 2034//2857 2025//2857 2027//2857
f 2034//2858 2027//2858 2036//2858
f 2036//2859 2027//2859 2029//2859
f 2036//2860 2029//2860 2037//2860
f 2029//2861 2031//2861 2037//2861
f 2037//2862 2031//2862 2033//2862
f 2037//2863 2033//2863 2038//2863
f 2039//2864 2040//2864 2041//2864
f 2041//2864 2042//2864 2039//2864
f 2039//2864 2042//2864 2043//2864
f 2039//2864 2043//2864 2044//2864
f 2045//2865 2046//2865 2047//2865
f 2048//2866 2041//2866 2040//2866
f 2049//2867 2042//2867 2041//2867
f 2041//2868 2048//2868 2049//2868
f 2049//2869 2048//2869 2050//2869
f 2049//2870 2050//2870 2051//2870
f 2052//2871 2053//2871 2054//2871
f 2054//2872 2053//2872 2055//2872
f 2054//2873 2055//2873 2056//2873
f 2056//2874 2055//2874 2057//2874
f 2056//2875 2057//2875 2058//2875
f 2058//2876 2057//2876 2059//2876
f 2058//2877 2059//2877 2060//2877
f 2060//2878 2059//2878 2051//2878
f 2061//2879 2052//2879 2047//2879
f 2047//2880 2052//2880 2054//2880
f 2047//2881 2054//2881 2045//2881
f 2045//2882 2054//2882 2056//2882
f 2045//2883 2056//2883 2062//2883
f 2062//2884 2056//2884 2063//2884
f 2063//2885 2056//2885 2058//2885
f 2063//2886 2058//2886 2064//2886
f 2064//2887 2058//2887 2060//2887
f 2064//2888 2060//2888 2065//2888
f 2051//2889 2050//2889 2060//2889
f 2060//2890 2050//2890 2066//2890
f 2060//2891 2066//2891 2065//2891
f 2040//2892 2067//2892 2048//2892
f 2048//2893 2067//2893 2068//2893
f 2048//2894 2068//2894 2050//2894
f 2050//2895 2068//2895 2069//2895
f 2050//2896 2069//2896 2066//2896
f 2070//2897 2071//2897 2072//2897
f 2055//2898 2053//2898 2073//2898
f 2073//2899 2074//2899 2055//2899
f 2055//2900 2074//2900 2075//2900
f 2055//2901 2075//2901 2057//2901
f 2057//2902 2075//2902 2076//2902
f 2057//2903 2076//2903 2059//2903
f 2059//2904 2076//2904 2077//2904
f 2059//2905 2077//2905 2051//2905
f 2051//2906 2077//2906 2078//2906
f 2051//2907 2078//2907 2049//2907
f 2044//2908 2043//2908 2079//2908
f 2080//2909 2081//2909 2079//2909
f 2079//2910 2081//2910 2082//2910
f 2079//2911 2082//2911 2044//2911
f 2071//2912 2083//2912 2072//2912
f 2072//2913 2083//2913 2084//2913
f 2072//2914 2084//2914 2085//2914
f 2085//2915 2084//2915 2086//2915
f 2085//2916 2086//2916 2087//2916
f 2087//2917 2086//2917 2088//2917
f 2087//2918 2088//2918 2080//2918
f 2080//2919 2088//2919 2089//2919
f 2080//2920 2089//2920 2081//2920
f 2042//2921 2049//2921 2043//2921
f 2043//2922 2049//2922 2078//2922
f 2043//2923 2078//2923 2079//2923
f 2079//2924 2078//2924 2077//2924
f 2079//2925 2077//2925 2080//2925
f 2080//2926 2077//2926 2076//2926
f 2080//2927 2076//2927 2087//2927
f 2087//2928 2076//2928 2075//2928
f 2087//2929 2075//2929 2085//2929
f 2085//2930 2075//2930 2074//2930
f 2085//2930 2074//2930 2072//2930
f 2072//2931 2074//2931 2073//2931
f 2072//2932 2073//2932 2070//2932
f 2090//2933 2091//2933 2092//2933
f 2093//2934 2094//2934 2095//2934
f 2096//2935 2097//2935 2098//2935
f 2099//2936 2100//2936 2093//2936
f 2044//2937 2101//2937 2102//2937
f 2102//2938 2101//2938 2103//2938
f 2102//2939 2103//2939 2104//2939
f 2105//2940 2106//2940 2107//2940
f 2103//2941 2108//2941 2104//2941
f 2104//2942 2108//2942 2109//2942
f 2104//2943 2109//2943 2110//2943
f 2110//2944 2109//2944 2105//2944
f 2110//2945 2105//2945 2111//2945
f 2111//2946 2105//2946 2107//2946
f 2111//2947 2107//2947 2112//2947
f 2113//2948 2114//2948 2115//2948
f 2116//2949 2117//2949 2118//2949
f 2117//2950 2116//2950 2119//2950
f 2119//2951 2116//2951 2096//2951
f 2119//2952 2096//2952 2120//2952
f 2120//2953 2096//2953 2098//2953
f 2120//2954 2098//2954 2121//2954
f 2122//2955 2116//2955 2113//2955
f 2113//2956 2116//2956 2118//2956
f 2113//2957 2118//2957 2114//2957
f 2094//2958 2097//2958 2095//2958
f 2095//2959 2097//2959 2096//2959
f 2095//2960 2096//2960 2123//2960
f 2123//2961 2096//2961 2116//2961
f 2123//2962 2116//2962 2124//2962
f 2124//2963 2116//2963 2122//2963
f 2082//2964 2081//2964 2125//2964
f 2125//2965 2081//2965 2089//2965
f 2090//2966 2092//2966 2126//2966
f 2101//2967 2091//2967 2103//2967
f 2103//2968 2091//2968 2090//2968
f 2103//2969 2090//2969 2108//2969
f 2108//2970 2090//2970 2126//2970
f 2108//2971 2126//2971 2109//2971
f 2109//2972 2126//2972 2127//2972
f 2109//2973 2127//2973 2105//2973
f 2105//2974 2127//2974 2128//2974
f 2105//2975 2128//2975 2106//2975
f 2044//2976 2082//2976 2101//2976
f 2101//2977 2082//2977 2125//2977
f 2101//2978 2125//2978 2091//2978
f 2091//2979 2125//2979 2089//2979
f 2091//2980 2089//2980 2092//2980
f 2092//2981 2089//2981 2088//2981
f 2092//2982 2088//2982 2129//2982
f 2129//2983 2088//2983 2086//2983
f 2129//2984 2086//2984 2130//2984
f 2130//2985 2086//2985 2084//2985
f 2130//2986 2084//2986 2099//2986
f 2099//2987 2084//2987 2083//2987
f 2099//2988 2083//2988 2100//2988
f 2100//2989 2083//2989 2071//2989
f 2100//2990 2071//2990 2070//2990
f 2099//2991 2093//2991 2095//2991
f 2099//2992 2095//2992 2130//2992
f 2130//2993 2095//2993 2123//2993
f 2130//2994 2123//2994 2129//2994
f 2129//2995 2123//2995 2124//2995
f 2129//2996 2124//2996 2092//2996
f 2092//2997 2124//2997 2122//2997
f 2092//2998 2122//2998 2126//2998
f 2126//2999 2122//2999 2113//2999
f 2126//3000 2113//3000 2127//3000
f 2127//3001 2113//3001 2115//3001
f 2127//3002 2115//3002 2128//3002
f 2131//3003 2132//3003 2133//3003
f 2121//3004 2132//3004 2120//3004
f 2120//3005 2132//3005 2131//3005
f 2120//3006 2131//3006 2119//3006
f 2119//3007 2131//3007 2117//3007
f 2117//3008 2131//3008 2134//3008
f 2117//3009 2134//3009 2118//3009
f 2114//3010 2135//3010 2115//3010
f 2115//3011 2135//3011 2136//3011
f 2115//3012 2136//3012 2128//3012
f 2137//3013 2112//3013 2107//3013
f 2136//3014 2138//3014 2128//3014
f 2128//3015 2138//3015 2137//3015
f 2128//3016 2137//3016 2106//3016
f 2106//3017 2137//3017 2107//3017
f 2133//3018 2139//3018 2131//3018
f 2131//3019 2139//3019 2135//3019
f 2131//3020 2135//3020 2134//3020
f 2134//3021 2135//3021 2114//3021
f 2134//3022 2114//3022 2118//3022
f 2140//3023 2138//3023 2136//3023
f 2141//3024 2035//3024 2034//3024
f 2139//3025 2133//3025 2141//3025
f 2141//3026 2034//3026 2139//3026
f 2139//3027 2034//3027 2036//3027
f 2139//3028 2036//3028 2135//3028
f 2135//3029 2036//3029 2037//3029
f 2135//3030 2037//3030 2136//3030
f 2136//3031 2037//3031 2038//3031
f 2136//3032 2038//3032 2140//3032
f 2140//3033 2038//3033 2142//3033
f 2140//3034 2142//3034 2138//3034
f 2110//3035 2111//3035 2143//3035
f 2143//3036 2111//3036 2112//3036
f 2143//3037 2112//3037 2142//3037
f 2142//3038 2112//3038 2137//3038
f 2142//3039 2137//3039 2138//3039
f 2143//3040 2144//3040 2110//3040
f 2110//3041 2144//3041 2145//3041
f 2110//3042 2145//3042 2104//3042
f 2039//3043 2044//3043 2145//3043
f 2145//3044 2044//3044 2102//3044
f 2145//3045 2102//3045 2104//3045
f 2146//3046 2147//3046 2148//3046
f 2142//3047 2149//3047 2150//3047
f 2151//3048 2152//3048 2153//3048
f 2153//3048 2152//3048 2154//3048
f 2153//3049 2154//3049 2155//3049
f 2155//3049 2154//3049 2156//3049
f 2155//3050 2156//3050 2157//3050
f 2157//3050 2156//3050 2158//3050
f 2157//3051 2158//3051 2159//3051
f 2159//3051 2158//3051 2160//3051
f 2159//3052 2160//3052 2149//3052
f 2152//3053 2161//3053 2154//3053
f 2154//3054 2161//3054 2162//3054
f 2154//3055 2162//3055 2156//3055
f 2156//3055 2162//3055 2163//3055
f 2156//3056 2163//3056 2158//3056
f 2158//3057 2163//3057 2164//3057
f 2158//3058 2164//3058 2160//3058
f 2160//3059 2164//3059 2165//3059
f 2161//3060 2147//3060 2162//3060
f 2162//3061 2147//3061 2146//3061
f 2162//3062 2146//3062 2163//3062
f 2163//3062 2146//3062 2166//3062
f 2163//3063 2166//3063 2164//3063
f 2164//3063 2166//3063 2167//3063
f 2164//3064 2167//3064 2165//3064
f 2165//3064 2167//3064 2168//3064
f 2142//3047 2150//3047 2143//3047
f 2143//3065 2150//3065 2169//3065
f 2143//3066 2169//3066 2144//3066
f 2144//3067 2169//3067 2170//3067
f 2144//3067 2170//3067 2145//3067
f 2145//3068 2170//3068 2171//3068
f 2145//3068 2171//3068 2039//3068
f 2149//3052 2160//3052 2150//3052
f 2150//3069 2160//3069 2165//3069
f 2150//3069 2165//3069 2169//3069
f 2169//3070 2165//3070 2168//3070
f 2169//3070 2168//3070 2170//3070
f 2170//3071 2168//3071 2172//3071
f 2170//3072 2172//3072 2171//3072
f 2148//3046 2173//3046 2146//3046
f 2146//3073 2173//3073 2174//3073
f 2146//3074 2174//3074 2166//3074
f 2166//3075 2174//3075 2175//3075
f 2166//3076 2175//3076 2167//3076
f 2167//3076 2175//3076 2176//3076
f 2167//3077 2176//3077 2168//3077
f 2168//3077 2176//3077 2177//3077
f 2168//3078 2177//3078 2172//3078
f 1061//3079 2148//3079 2178//3079
f 2178//3080 2148//3080 2147//3080
f 2178//3081 2147//3081 2179//3081
f 2179//3082 2147//3082 2180//3082
f 2180//3083 2147//3083 2161//3083
f 2180//3084 2161//3084 2181//3084
f 2181//3085 2161//3085 2152//3085
f 2181//3086 2152//3086 2182//3086
f 2182//3087 2152//3087 2183//3087
f 2183//3088 2152//3088 2151//3088
f 2183//3089 2151//3089 2184//3089
f 2185//3090 2186//3090 2187//3090
f 2188//3091 2189//3091 2190//3091
f 1064//3092 1063//3092 2191//3092
f 2192//3093 2193//3093 2194//3093
f 2194//3094 2193//3094 2195//3094
f 2196//3095 2197//3095 2198//3095
f 2198//3096 2197//3096 2199//3096
f 2198//3097 2199//3097 2200//3097
f 2186//3098 2182//3098 2183//3098
f 2186//3099 2185//3099 2182//3099
f 2182//3100 2185//3100 2201//3100
f 2182//3101 2201//3101 2181//3101
f 2181//3102 2201//3102 2180//3102
f 2180//3103 2201//3103 2202//3103
f 2180//3104 2202//3104 2179//3104
f 1063//3105 1061//3105 2178//3105
f 1064//3106 2191//3106 1065//3106
f 2203//3107 1057//3107 2188//3107
f 2188//3108 1057//3108 1066//3108
f 2188//3109 1066//3109 2189//3109
f 1066//3110 1065//3110 2189//3110
f 2189//3111 1065//3111 2191//3111
f 2189//3112 2191//3112 2190//3112
f 2190//3113 2191//3113 2204//3113
f 2190//3114 2204//3114 2205//3114
f 2205//3115 2192//3115 2190//3115
f 2190//3116 2192//3116 2194//3116
f 2190//3117 2194//3117 2188//3117
f 2188//3118 2194//3118 2195//3118
f 2188//3119 2195//3119 2203//3119
f 2184//3120 2200//3120 2183//3120
f 2183//3121 2200//3121 2199//3121
f 2183//3122 2199//3122 2186//3122
f 2186//3123 2199//3123 2197//3123
f 2186//3124 2197//3124 2187//3124
f 2187//3125 2197//3125 2196//3125
f 2178//3126 2179//3126 1063//3126
f 1063//3127 2179//3127 2202//3127
f 1063//3128 2202//3128 2191//3128
f 2191//3129 2202//3129 2201//3129
f 2191//3130 2201//3130 2204//3130
f 2204//3131 2201//3131 2185//3131
f 2204//3132 2185//3132 2205//3132
f 2205//3133 2185//3133 2187//3133
f 2205//3134 2187//3134 2192//3134
f 2192//3135 2187//3135 2196//3135
f 2192//3136 2196//3136 2193//3136
f 2193//3137 2196//3137 2206//3137
f 2193//3138 2206//3138 2207//3138
f 1941//3139 1938//3139 1084//3139
f 1084//3139 1938//3139 1089//3139
f 1067//3139 1058//3139 1057//3139
f 2020//3139 1980//3139 2207//3139
f 2207//3139 1980//3139 1979//3139
f 2207//3140 1979//3140 2193//3140
f 1084//3139 1067//3139 1941//3139
f 1941//3139 1067//3139 1057//3139
f 1941//3139 1057//3139 1945//3139
f 1945//3139 1057//3139 2203//3139
f 1945//3139 2203//3139 1979//3139
f 1979//3140 2203//3140 2195//3140
f 1979//3139 2195//3139 2193//3139
f 2200//3141 2184//3141 2032//3141
f 2032//3142 2030//3142 2200//3142
f 2200//3143 2030//3143 2028//3143
f 2200//3144 2028//3144 2198//3144
f 2020//3145 2207//3145 2026//3145
f 2026//3146 2207//3146 2206//3146
f 2026//3147 2206//3147 2028//3147
f 2028//3148 2206//3148 2196//3148
f 2028//3149 2196//3149 2198//3149
f 2033//807 2032//807 2155//807
f 2153//807 2155//807 2151//807
f 2151//807 2155//807 2032//807
f 2151//807 2032//807 2184//807
f 2155//807 2157//807 2159//807
f 2038//807 2033//807 2142//807
f 2142//807 2033//807 2155//807
f 2142//807 2155//807 2149//807
f 2149//807 2155//807 2159//807
f 2023//3150 2022//3150 2035//3150
f 2023//3151 2035//3151 2208//3151
f 2141//3152 2133//3152 2209//3152
f 2209//3153 2133//3153 2210//3153
f 2209//3154 2210//3154 2211//3154
f 2035//3155 2141//3155 2208//3155
f 2208//3156 2141//3156 2209//3156
f 2208//3157 2209//3157 2212//3157
f 2212//3158 2209//3158 2213//3158
f 2211//3159 2214//3159 2209//3159
f 2209//3160 2214//3160 2215//3160
f 2209//3161 2215//3161 2213//3161
f 2216//3162 2217//3162 2218//3162
f 2219//3163 2220//3163 2221//3163
f 2222//3164 2208//3164 2212//3164
f 2211//3165 2210//3165 2216//3165
f 2216//3166 2210//3166 2133//3166
f 2216//3167 2133//3167 2132//3167
f 2211//3168 2223//3168 2214//3168
f 2214//3169 2223//3169 2224//3169
f 2214//3170 2224//3170 2215//3170
f 2215//3171 2224//3171 2220//3171
f 2215//3172 2220//3172 2213//3172
f 2220//3173 2219//3173 2213//3173
f 2213//3174 2219//3174 2225//3174
f 2213//3175 2225//3175 2212//3175
f 2226//3176 2222//3176 2227//3176
f 2227//3177 2222//3177 2212//3177
f 2227//3178 2212//3178 2228//3178
f 2228//3179 2212//3179 2225//3179
f 2211//3180 2216//3180 2223//3180
f 2223//3181 2216//3181 2218//3181
f 2223//3182 2218//3182 2224//3182
f 2224//3183 2218//3183 2229//3183
f 2224//3184 2229//3184 2220//3184
f 2121//3185 2230//3185 2132//3185
f 2132//3186 2230//3186 2231//3186
f 2132//3187 2231//3187 2216//3187
f 2216//3188 2231//3188 2232//3188
f 2216//3189 2232//3189 2217//3189
f 2231//3190 2230//3190 2233//3190
f 2121//3191 2098//3191 2230//3191
f 2230//3192 2098//3192 2097//3192
f 2230//3193 2097//3193 2233//3193
f 2097//3194 2094//3194 2233//3194
f 2233//3195 2094//3195 2093//3195
f 2093//3196 2100//3196 2233//3196
f 2233//3197 2100//3197 2070//3197
f 2233//3198 2070//3198 2073//3198
f 2053//3199 2052//3199 2073//3199
f 2073//3200 2052//3200 2061//3200
f 2073//3201 2061//3201 2233//3201
f 2231//3202 2233//3202 2232//3202
f 2232//3203 2233//3203 2234//3203
f 2232//3204 2234//3204 2217//3204
f 2229//3205 2235//3205 2220//3205
f 2220//3206 2235//3206 2221//3206
f 2217//3207 2234//3207 2218//3207
f 2218//3208 2234//3208 2236//3208
f 2218//3209 2236//3209 2229//3209
f 2229//3210 2236//3210 2237//3210
f 2229//3211 2237//3211 2235//3211
f 2238//3212 2239//3212 419//3212
f 2237//3213 2236//3213 433//3213
f 433//3214 2236//3214 435//3214
f 2240//3215 2226//3215 2227//3215
f 428//3216 2240//3216 429//3216
f 429//3217 2240//3217 2227//3217
f 429//3218 2227//3218 431//3218
f 431//3219 2227//3219 2228//3219
f 431//3220 2228//3220 2225//3220
f 2225//3221 2219//3221 431//3221
f 431//3222 2219//3222 2221//3222
f 431//3223 2221//3223 433//3223
f 433//3224 2221//3224 2235//3224
f 433//3225 2235//3225 2237//3225
f 2236//3226 2241//3226 435//3226
f 435//3227 2241//3227 2242//3227
f 435//3228 2242//3228 437//3228
f 437//3229 2242//3229 2243//3229
f 437//3230 2243//3230 422//3230
f 422//3231 2243//3231 2244//3231
f 2245//3232 425//3232 2246//3232
f 2246//3233 425//3233 424//3233
f 2246//3234 424//3234 2244//3234
f 2244//3235 424//3235 423//3235
f 2244//3235 423//3235 422//3235
f 2245//3236 2247//3236 425//3236
f 425//3237 2247//3237 2248//3237
f 425//3238 2248//3238 2249//3238
f 2238//3239 419//3239 2249//3239
f 2249//3240 419//3240 426//3240
f 2249//3241 426//3241 425//3241
f 2250//3242 2251//3242 2252//3242
f 2252//3243 2251//3243 2253//3243
f 2252//3244 2253//3244 2239//3244
f 2239//3245 2253//3245 2254//3245
f 2239//3246 2254//3246 419//3246
f 419//3247 2254//3247 417//3247
f 2255//3248 2246//3248 2244//3248
f 2241//3249 2236//3249 2234//3249
f 2243//3250 2242//3250 2256//3250
f 2256//3251 2242//3251 2241//3251
f 2256//3252 2241//3252 2233//3252
f 2233//3253 2241//3253 2234//3253
f 2243//3254 2256//3254 2244//3254
f 2244//3255 2256//3255 2257//3255
f 2244//3256 2257//3256 2255//3256
f 2233//3257 2061//3257 2256//3257
f 2256//3258 2061//3258 2047//3258
f 2256//3259 2047//3259 2257//3259
f 2257//3260 2047//3260 2046//3260
f 2257//3261 2046//3261 2255//3261
f 2258//3262 2251//3262 2259//3262
f 2259//3263 2251//3263 2250//3263
f 2260//3264 2261//3264 2262//3264
f 2263//3265 2264//3265 2265//3265
f 2266//3266 2267//3266 2268//3266
f 2248//3267 2247//3267 2269//3267
f 2248//3268 2269//3268 2249//3268
f 2249//3269 2261//3269 2238//3269
f 2238//3270 2261//3270 2260//3270
f 2238//3271 2260//3271 2239//3271
f 2259//3272 2250//3272 2270//3272
f 2271//3273 2272//3273 2268//3273
f 2268//3274 2272//3274 2273//3274
f 2268//3275 2273//3275 2266//3275
f 2274//3276 2275//3276 2276//3276
f 2268//3277 2277//3277 2271//3277
f 2271//3278 2277//3278 2274//3278
f 2271//3279 2274//3279 2278//3279
f 2278//3280 2274//3280 2276//3280
f 2278//3281 2276//3281 2279//3281
f 2280//3282 2281//3282 2282//3282
f 2040//3283 2264//3283 2067//3283
f 2067//3284 2264//3284 2263//3284
f 2067//3285 2263//3285 2283//3285
f 2284//3286 2066//3286 2285//3286
f 2285//3287 2066//3287 2069//3287
f 2285//3288 2069//3288 2283//3288
f 2283//3289 2069//3289 2068//3289
f 2283//3290 2068//3290 2067//3290
f 2046//3291 2045//3291 2286//3291
f 2286//3292 2045//3292 2062//3292
f 2286//3293 2062//3293 2287//3293
f 2287//3294 2062//3294 2063//3294
f 2287//3295 2063//3295 2288//3295
f 2288//3296 2063//3296 2064//3296
f 2288//3297 2064//3297 2284//3297
f 2284//3298 2064//3298 2065//3298
f 2284//3299 2065//3299 2066//3299
f 2289//3300 2290//3300 2291//3300
f 2249//3301 2269//3301 2261//3301
f 2261//3302 2269//3302 2292//3302
f 2261//3303 2292//3303 2262//3303
f 2262//3304 2292//3304 2293//3304
f 2262//3305 2293//3305 2294//3305
f 2294//3306 2293//3306 2291//3306
f 2294//3307 2291//3307 2295//3307
f 2295//3308 2291//3308 2290//3308
f 2295//3309 2290//3309 2296//3309
f 2289//3310 2291//3310 2297//3310
f 2297//3311 2291//3311 2293//3311
f 2297//3312 2293//3312 2298//3312
f 2298//3313 2293//3313 2292//3313
f 2298//3314 2292//3314 2299//3314
f 2299//3315 2292//3315 2269//3315
f 2299//3316 2269//3316 2300//3316
f 2300//3317 2269//3317 2247//3317
f 2300//3318 2247//3318 2301//3318
f 2301//3319 2247//3319 2245//3319
f 2301//3320 2245//3320 2246//3320
f 2281//3321 2302//3321 2282//3321
f 2282//3322 2302//3322 2303//3322
f 2282//3323 2303//3323 2304//3323
f 2304//3324 2303//3324 2305//3324
f 2304//3325 2305//3325 2306//3325
f 2306//3326 2305//3326 2307//3326
f 2306//3327 2307//3327 2308//3327
f 2308//3328 2307//3328 2270//3328
f 2308//3329 2270//3329 2309//3329
f 2309//3330 2270//3330 2250//3330
f 2309//3331 2250//3331 2252//3331
f 2302//3332 2275//3332 2303//3332
f 2303//3333 2275//3333 2274//3333
f 2303//3334 2274//3334 2305//3334
f 2305//3335 2274//3335 2277//3335
f 2305//3336 2277//3336 2307//3336
f 2307//3337 2277//3337 2268//3337
f 2307//3338 2268//3338 2270//3338
f 2270//3339 2268//3339 2267//3339
f 2270//3340 2267//3340 2259//3340
f 2259//3341 2267//3341 2266//3341
f 2259//3342 2266//3342 2258//3342
f 2252//3343 2239//3343 2309//3343
f 2309//3344 2239//3344 2260//3344
f 2309//3345 2260//3345 2308//3345
f 2308//3346 2260//3346 2262//3346
f 2308//3347 2262//3347 2306//3347
f 2306//3348 2262//3348 2294//3348
f 2306//3349 2294//3349 2304//3349
f 2304//3350 2294//3350 2295//3350
f 2304//3351 2295//3351 2282//3351
f 2282//3352 2295//3352 2296//3352
f 2282//3353 2296//3353 2280//3353
f 2280//3354 2296//3354 2290//3354
f 2280//3355 2290//3355 2265//3355
f 2265//3356 2290//3356 2289//3356
f 2265//3357 2289//3357 2263//3357
f 2263//3358 2289//3358 2297//3358
f 2263//3359 2297//3359 2283//3359
f 2283//3360 2297//3360 2298//3360
f 2283//3361 2298//3361 2285//3361
f 2285//3362 2298//3362 2299//3362
f 2285//3363 2299//3363 2284//3363
f 2284//3364 2299//3364 2300//3364
f 2284//3365 2300//3365 2288//3365
f 2288//3366 2300//3366 2301//3366
f 2288//3367 2301//3367 2287//3367
f 2287//3368 2301//3368 2246//3368
f 2287//3369 2246//3369 2286//3369
f 2286//3370 2246//3370 2255//3370
f 2286//3371 2255//3371 2046//3371
f 2040//3372 2039//3372 2264//3372
f 2264//3373 2039//3373 2171//3373
f 2276//3374 2275//3374 2176//3374
f 2176//3375 2275//3375 2302//3375
f 2176//3376 2302//3376 2177//3376
f 2177//3377 2302//3377 2281//3377
f 2177//3378 2281//3378 2172//3378
f 2172//3379 2281//3379 2280//3379
f 2172//3380 2280//3380 2171//3380
f 2171//3381 2280//3381 2265//3381
f 2171//3382 2265//3382 2264//3382
f 2276//3383 2176//3383 2279//3383
f 2279//3384 2176//3384 2175//3384
f 2279//3385 2175//3385 2310//3385
f 2310//3386 2175//3386 2174//3386
f 2310//3387 2174//3387 2311//3387
f 2311//3388 2174//3388 2173//3388
f 2311//3389 2173//3389 2312//3389
f 2312//3390 2173//3390 2313//3390
f 2313//3391 2173//3391 2148//3391
f 2313//3392 2148//3392 2314//3392
f 2266//3393 2273//3393 2315//3393
f 2316//3394 2258//3394 2266//3394
f 2316//3395 2266//3395 2317//3395
f 2317//3396 2266//3396 2315//3396
f 2317//3397 2315//3397 2318//3397
f 2318//3398 2315//3398 2319//3398
f 2319//3399 2315//3399 2320//3399
f 2319//3400 2320//3400 2321//3400
f 2321//3401 2320//3401 2322//3401
f 2321//3402 2322//3402 2323//3402
f 2323//3403 2322//3403 2324//3403
f 2323//3404 2324//3404 2325//3404
f 2326//3405 2327//3405 2314//3405
f 2314//3406 2327//3406 2313//3406
f 2328//3407 2271//3407 2278//3407
f 2313//3408 2327//3408 2312//3408
f 2312//3409 2327//3409 2329//3409
f 2312//3410 2329//3410 2311//3410
f 2311//3411 2329//3411 2328//3411
f 2311//3412 2328//3412 2310//3412
f 2310//3413 2328//3413 2278//3413
f 2310//3414 2278//3414 2279//3414
f 2330//3415 2324//3415 2331//3415
f 2331//3416 2324//3416 2322//3416
f 2331//3417 2322//3417 2332//3417
f 2332//3418 2322//3418 2320//3418
f 2332//3419 2320//3419 2333//3419
f 2333//3420 2320//3420 2315//3420
f 2333//3421 2315//3421 2272//3421
f 2272//3422 2315//3422 2273//3422
f 2326//3423 2330//3423 2327//3423
f 2327//3424 2330//3424 2331//3424
f 2327//3425 2331//3425 2329//3425
f 2329//3426 2331//3426 2332//3426
f 2329//3427 2332//3427 2328//3427
f 2328//3428 2332//3428 2333//3428
f 2328//3429 2333//3429 2271//3429
f 2271//3430 2333//3430 2272//3430
f 2334//3431 2335//3431 2336//3431
f 2337//3432 2336//3432 2325//3432
f 2334//3433 2336//3433 2338//3433
f 2336//3434 2337//3434 2338//3434
f 2338//3435 2337//3435 2339//3435
f 2338//3436 2339//3436 2340//3436
f 2340//3437 2339//3437 2341//3437
f 2340//3438 2341//3438 2342//3438
f 2326//3439 2314//3439 2343//3439
f 2325//3440 2324//3440 2337//3440
f 2337//3441 2324//3441 2330//3441
f 2337//3442 2330//3442 2339//3442
f 2339//3443 2330//3443 2326//3443
f 2339//3444 2326//3444 2341//3444
f 2341//3445 2326//3445 2343//3445
f 2341//3446 2343//3446 2342//3446
f 2342//3447 2343//3447 2344//3447
f 2345//3448 2346//3448 2148//3448
f 2345//3448 2148//3448 1052//3448
f 2346//3448 2344//3448 2148//3448
f 2148//3448 2344//3448 2343//3448
f 2148//3448 2343//3448 2314//3448
f 1061//3448 1060//3448 2148//3448
f 2148//3449 1060//3449 1072//3449
f 2148//3450 1072//3450 1074//3450
f 1074//3451 1082//3451 2148//3451
f 2148//3452 1082//3452 1051//3452
f 2148//3451 1051//3451 1052//3451
f 2347//3453 2346//3453 2345//3453
f 2346//3453 2347//3453 2344//3453
f 2344//3454 2347//3454 2342//3454
f 2342//3455 2347//3455 2348//3455
f 2342//3456 2348//3456 2340//3456
f 2340//3457 2348//3457 2349//3457
f 2340//3458 2349//3458 2338//3458
f 1055//3459 1056//3459 2350//3459
f 1052//3460 1053//3460 2351//3460
f 2351//3461 1053//3461 1054//3461
f 2351//3461 1054//3461 2352//3461
f 2352//3457 1054//3457 1055//3457
f 2352//3457 1055//3457 2353//3457
f 2353//3462 1055//3462 2350//3462
f 2353//3463 2350//3463 2354//3463
f 2334//3464 2338//3464 2354//3464
f 2354//3465 2338//3465 2349//3465
f 2354//3466 2349//3466 2353//3466
f 2353//3467 2349//3467 2348//3467
f 2353//3468 2348//3468 2352//3468
f 2352//3469 2348//3469 2347//3469
f 2352//3470 2347//3470 2351//3470
f 2351//3471 2347//3471 2345//3471
f 2351//3472 2345//3472 1052//3472
f 1056//3473 2355//3473 2350//3473
f 2350//3474 2355//3474 2335//3474
f 2350//3475 2335//3475 2354//3475
f 2354//3476 2335//3476 2334//3476
f 2355//3477 1056//3477 1083//3477
f 1083//3478 1056//3478 1044//3478
f 1083//3479 1044//3479 1043//3479
f 1086//3480 2356//3480 2357//3480
f 1086//3481 2357//3481 1083//3481
f 1083//3482 2357//3482 2358//3482
f 1083//3483 2358//3483 2355//3483
f 2356//3484 1086//3484 2359//3484
f 2359//3485 1086//3485 1087//3485
f 2359//3486 1087//3486 2360//3486
f 1908//3487 2361//3487 1087//3487
f 1087//3488 2361//3488 2362//3488
f 1087//3489 2362//3489 2360//3489
f 1908//3490 1910//3490 2361//3490
f 2361//3491 1910//3491 1911//3491
f 2361//3492 1911//3492 2363//3492
f 1911//3493 1913//3493 2363//3493
f 2363//3494 1913//3494 1914//3494
f 2363//3495 1914//3495 2364//3495
f 2364//3496 1914//3496 1937//3496
f 2364//3497 1937//3497 1917//3497
f 1917//3498 1916//3498 2364//3498
f 2364//3499 1916//3499 1901//3499
f 2364//3500 1901//3500 1903//3500
f 1903//3501 1866//3501 2364//3501
f 2364//3502 1866//3502 1865//3502
f 2364//3503 1865//3503 2365//3503
f 2365//3504 1865//3504 1876//3504
f 2365//3505 1876//3505 2366//3505
f 2366//3506 1876//3506 2367//3506
f 2367//3507 1876//3507 1877//3507
f 2367//3508 1877//3508 2368//3508
f 2368//3509 1877//3509 1878//3509
f 2368//3510 1878//3510 2369//3510
f 1878//3511 1881//3511 2369//3511
f 2369//3512 1881//3512 1880//3512
f 2369//3513 1880//3513 2370//3513
f 2370//3514 1880//3514 1879//3514
f 2370//3515 1879//3515 2371//3515
f 2371//3516 1879//3516 1882//3516
f 2371//3517 1882//3517 2372//3517
f 1882//3518 1883//3518 2372//3518
f 2372//3519 1883//3519 1886//3519
f 2372//3520 1886//3520 2373//3520
f 1886//3521 1885//3521 2373//3521
f 2373//3522 1885//3522 1884//3522
f 2373//3523 1884//3523 2374//3523
f 2374//3524 1884//3524 1864//3524
f 2374//3525 1864//3525 2375//3525
f 2376//3526 2355//3526 2358//3526
f 2360//3527 2362//3527 2377//3527
f 2365//3528 2366//3528 2378//3528
f 2378//3529 2366//3529 2379//3529
f 2379//3530 2380//3530 2378//3530
f 2378//3531 2380//3531 2381//3531
f 2378//3532 2381//3532 2382//3532
f 2383//3533 2363//3533 2378//3533
f 2378//3534 2363//3534 2364//3534
f 2378//3535 2364//3535 2365//3535
f 2377//3536 2362//3536 2384//3536
f 2384//3537 2362//3537 2361//3537
f 2384//3538 2361//3538 2385//3538
f 2376//3539 2358//3539 2386//3539
f 2360//3540 2377//3540 2359//3540
f 2359//3541 2377//3541 2387//3541
f 2359//3542 2387//3542 2356//3542
f 2356//3543 2387//3543 2388//3543
f 2356//3544 2388//3544 2357//3544
f 2357//3545 2388//3545 2389//3545
f 2357//3546 2389//3546 2358//3546
f 2358//3547 2389//3547 2390//3547
f 2358//3548 2390//3548 2386//3548
f 2382//3549 2391//3549 2378//3549
f 2378//3550 2391//3550 2385//3550
f 2378//3551 2385//3551 2383//3551
f 2383//3552 2385//3552 2361//3552
f 2383//3553 2361//3553 2363//3553
f 2392//3554 2393//3554 2391//3554
f 1193//3555 1191//3555 2391//3555
f 2391//3556 1191//3556 1200//3556
f 2391//3557 1200//3557 2392//3557
f 2393//3558 2394//3558 2391//3558
f 2391//3559 2394//3559 2395//3559
f 2391//3560 2395//3560 2385//3560
f 2368//3561 2396//3561 2367//3561
f 2397//3562 2398//3562 2399//3562
f 2400//3563 2401//3563 2397//3563
f 2381//3564 2380//3564 2402//3564
f 2402//3565 2380//3565 2379//3565
f 2403//3566 1193//3566 2402//3566
f 1193//3567 2391//3567 2402//3567
f 2402//3568 2391//3568 2382//3568
f 2402//3569 2382//3569 2381//3569
f 2404//3570 1194//3570 1190//3570
f 2405//3571 2406//3571 2404//3571
f 1194//3572 2404//3572 1474//3572
f 1474//3573 2404//3573 2406//3573
f 1474//3574 2406//3574 1196//3574
f 2404//3575 2407//3575 2405//3575
f 2405//3576 2407//3576 2408//3576
f 2405//3577 2408//3577 2409//3577
f 2409//3578 2408//3578 2410//3578
f 2409//3579 2410//3579 2411//3579
f 2412//3580 2413//3580 2414//3580
f 2414//3581 2413//3581 2415//3581
f 2416//3582 2417//3582 2413//3582
f 2413//3583 2417//3583 2418//3583
f 2413//3584 2418//3584 2415//3584
f 2419//3585 2420//3585 2421//3585
f 2421//3586 2420//3586 2422//3586
f 2421//3587 2422//3587 2416//3587
f 2416//3588 2422//3588 2423//3588
f 2416//3589 2423//3589 2417//3589
f 2424//3590 2425//3590 2426//3590
f 2426//3591 2425//3591 2427//3591
f 2426//3592 2427//3592 2428//3592
f 2428//3593 2427//3593 2419//3593
f 2428//3594 2419//3594 2429//3594
f 2429//3595 2419//3595 2421//3595
f 2430//3596 2431//3596 2424//3596
f 2424//3597 2431//3597 2432//3597
f 2424//3598 2432//3598 2425//3598
f 1826//3599 1824//3599 2433//3599
f 2433//3600 1824//3600 1830//3600
f 2433//3601 1830//3601 2434//3601
f 2434//3602 1830//3602 1829//3602
f 2434//3603 1829//3603 2435//3603
f 2435//3604 1829//3604 1828//3604
f 2435//3605 1828//3605 1833//3605
f 1827//3606 1826//3606 2436//3606
f 2436//3607 1826//3607 2433//3607
f 2436//3608 2433//3608 2437//3608
f 2437//3609 2433//3609 2438//3609
f 2437//3610 2438//3610 2439//3610
f 2439//3611 2438//3611 2440//3611
f 2440//3612 2438//3612 2441//3612
f 2440//3613 2441//3613 2442//3613
f 2443//3614 2444//3614 2441//3614
f 2441//3615 2444//3615 2445//3615
f 2441//3616 2445//3616 2442//3616
f 2400//3617 2446//3617 2401//3617
f 2401//3618 2446//3618 2447//3618
f 2401//3619 2447//3619 2443//3619
f 2443//3620 2447//3620 2448//3620
f 2443//3621 2448//3621 2444//3621
f 2399//3622 2449//3622 2372//3622
f 2372//3623 2373//3623 2399//3623
f 2399//3624 2373//3624 2374//3624
f 2399//3625 2374//3625 2397//3625
f 2397//3626 2374//3626 2375//3626
f 2397//3627 2375//3627 2400//3627
f 2396//3628 2368//3628 2450//3628
f 2368//3629 2369//3629 2450//3629
f 2450//3630 2369//3630 2370//3630
f 2450//3631 2370//3631 2449//3631
f 2449//3632 2370//3632 2371//3632
f 2449//3633 2371//3633 2372//3633
f 2451//3634 2452//3634 2453//3634
f 2453//3635 2452//3635 2454//3635
f 2453//3636 2454//3636 2455//3636
f 2455//3637 2454//3637 2456//3637
f 2455//3638 2456//3638 2457//3638
f 2412//3639 2458//3639 2413//3639
f 2413//3640 2458//3640 2459//3640
f 2413//3641 2459//3641 2416//3641
f 2416//3642 2459//3642 2460//3642
f 2416//3643 2460//3643 2421//3643
f 2421//3644 2460//3644 2461//3644
f 2421//3645 2461//3645 2429//3645
f 2429//3646 2461//3646 2462//3646
f 2429//3647 2462//3647 2428//3647
f 2428//3648 2462//3648 2463//3648
f 2428//3649 2463//3649 2426//3649
f 2426//3650 2463//3650 2464//3650
f 2426//3651 2464//3651 2424//3651
f 2414//3652 2411//3652 2412//3652
f 2412//3653 2411//3653 2410//3653
f 2412//3654 2410//3654 2458//3654
f 2458//3655 2410//3655 2465//3655
f 2458//3656 2465//3656 2459//3656
f 2459//3657 2465//3657 2466//3657
f 2459//3658 2466//3658 2460//3658
f 2460//3659 2466//3659 2467//3659
f 2460//3660 2467//3660 2461//3660
f 2461//3661 2467//3661 2468//3661
f 2461//3662 2468//3662 2462//3662
f 2462//3663 2468//3663 2469//3663
f 2462//3664 2469//3664 2463//3664
f 2463//3665 2469//3665 2470//3665
f 2463//3666 2470//3666 2464//3666
f 2471//3667 2451//3667 2472//3667
f 2472//3668 2451//3668 2453//3668
f 2472//3669 2453//3669 2473//3669
f 2473//3670 2453//3670 2455//3670
f 2473//3671 2455//3671 2474//3671
f 2474//3672 2455//3672 2457//3672
f 2474//3673 2457//3673 2475//3673
f 2476//3674 2471//3674 2477//3674
f 2477//3675 2471//3675 2472//3675
f 2477//3676 2472//3676 2478//3676
f 2478//3677 2472//3677 2473//3677
f 2478//3678 2473//3678 2479//3678
f 2479//3679 2473//3679 2474//3679
f 2479//3680 2474//3680 2480//3680
f 2480//3681 2474//3681 2475//3681
f 2480//3682 2475//3682 2481//3682
f 2482//3683 2483//3683 2484//3683
f 2484//3684 2483//3684 2485//3684
f 2484//3685 2485//3685 2486//3685
f 2486//3686 2485//3686 2487//3686
f 2486//3687 2487//3687 2488//3687
f 2489//3688 2476//3688 2490//3688
f 2490//3689 2476//3689 2477//3689
f 2490//3690 2477//3690 2491//3690
f 2491//3691 2477//3691 2478//3691
f 2491//3692 2478//3692 2492//3692
f 2492//3693 2478//3693 2479//3693
f 2492//3694 2479//3694 2493//3694
f 2493//3695 2479//3695 2480//3695
f 2493//3696 2480//3696 2494//3696
f 2494//3697 2480//3697 2481//3697
f 2494//3698 2481//3698 2482//3698
f 2482//3699 2481//3699 2495//3699
f 2482//3700 2495//3700 2483//3700
f 2398//3701 2397//3701 2496//3701
f 2496//3702 2397//3702 2401//3702
f 2496//3703 2401//3703 2497//3703
f 2497//3704 2401//3704 2443//3704
f 2497//3705 2443//3705 2498//3705
f 2498//3706 2443//3706 2441//3706
f 2498//3707 2441//3707 2499//3707
f 2499//3708 2441//3708 2438//3708
f 2499//3709 2438//3709 2500//3709
f 2500//3710 2438//3710 2433//3710
f 2500//3711 2433//3711 2501//3711
f 2501//3712 2433//3712 2434//3712
f 2501//3713 2434//3713 2502//3713
f 2502//3714 2434//3714 2435//3714
f 2502//3715 2435//3715 2503//3715
f 2503//3716 2435//3716 1833//3716
f 2503//3717 1833//3717 1832//3717
f 2503//3718 2489//3718 2502//3718
f 2502//3719 2489//3719 2490//3719
f 2502//3720 2490//3720 2501//3720
f 2501//3721 2490//3721 2491//3721
f 2501//3722 2491//3722 2500//3722
f 2500//3723 2491//3723 2492//3723
f 2500//3724 2492//3724 2499//3724
f 2499//3725 2492//3725 2493//3725
f 2499//3726 2493//3726 2498//3726
f 2498//3727 2493//3727 2494//3727
f 2498//3728 2494//3728 2497//3728
f 2497//3729 2494//3729 2482//3729
f 2497//3730 2482//3730 2496//3730
f 2496//3731 2482//3731 2484//3731
f 2496//3732 2484//3732 2398//3732
f 2398//3733 2484//3733 2486//3733
f 2398//3734 2486//3734 2399//3734
f 2399//3735 2486//3735 2488//3735
f 2399//3736 2488//3736 2449//3736
f 2449//3737 2488//3737 2504//3737
f 2449//3738 2504//3738 2450//3738
f 2450//3739 2504//3739 2505//3739
f 2450//3740 2505//3740 2396//3740
f 2396//3741 2505//3741 2402//3741
f 2396//3742 2402//3742 2367//3742
f 2367//3743 2402//3743 2379//3743
f 2367//3744 2379//3744 2366//3744
f 1190//3745 2403//3745 2404//3745
f 2404//3746 2403//3746 2402//3746
f 2404//3747 2402//3747 2407//3747
f 2407//3748 2402//3748 2505//3748
f 2407//3749 2505//3749 2408//3749
f 2408//3750 2505//3750 2504//3750
f 2408//3751 2504//3751 2410//3751
f 2410//3752 2504//3752 2488//3752
f 2410//3753 2488//3753 2465//3753
f 2465//3754 2488//3754 2487//3754
f 2465//3755 2487//3755 2466//3755
f 2466//3756 2487//3756 2485//3756
f 2466//3757 2485//3757 2467//3757
f 2467//3758 2485//3758 2483//3758
f 2467//3759 2483//3759 2468//3759
f 2468//3760 2483//3760 2495//3760
f 2468//3761 2495//3761 2469//3761
f 2469//3762 2495//3762 2481//3762
f 2469//3763 2481//3763 2470//3763
f 2470//3764 2481//3764 2475//3764
f 2470//3765 2475//3765 2464//3765
f 2464//3766 2475//3766 2457//3766
f 2464//3767 2457//3767 2424//3767
f 2424//3768 2457//3768 2456//3768
f 2424//3769 2456//3769 2430//3769
f 2430//3770 2456//3770 2454//3770
f 2430//3771 2454//3771 2506//3771
f 2506//3772 2454//3772 2452//3772
f 2506//3773 2452//3773 2507//3773
f 1818//3774 1819//3774 2508//3774
f 2508//3775 1819//3775 2509//3775
f 2510//3776 2511//3776 2512//3776
f 2512//3777 2511//3777 2513//3777
f 2512//3778 2513//3778 2508//3778
f 2508//3779 2513//3779 2514//3779
f 2508//3780 2514//3780 1818//3780
f 2440//3781 2515//3781 2439//3781
f 2439//3782 2515//3782 2516//3782
f 2439//3783 2516//3783 2437//3783
f 2517//3784 2518//3784 1846//3784
f 1846//3785 1825//3785 2517//3785
f 2517//3786 1825//3786 1827//3786
f 2517//3787 1827//3787 2516//3787
f 2516//3788 1827//3788 2436//3788
f 2516//3789 2436//3789 2437//3789
f 1819//3790 1820//3790 2509//3790
f 2509//3791 1820//3791 1822//3791
f 2509//3792 1822//3792 2519//3792
f 2519//3793 1822//3793 1810//3793
f 2519//3794 1810//3794 2518//3794
f 2518//3795 1810//3795 1812//3795
f 2518//3796 1812//3796 1846//3796
f 1818//3797 2520//3797 1816//3797
f 1816//3798 2520//3798 1817//3798
f 1817//3799 2520//3799 1848//3799
f 1848//3800 2520//3800 2521//3800
f 1848//3801 2521//3801 1849//3801
f 1849//3802 2521//3802 1856//3802
f 1849//3803 1856//3803 1814//3803
f 2522//3804 2523//3804 1851//3804
f 1851//3805 2523//3805 1853//3805
f 2514//3806 2513//3806 2524//3806
f 2524//3807 2513//3807 2525//3807
f 2524//3808 2525//3808 2522//3808
f 2522//3809 2525//3809 2526//3809
f 2522//3810 2526//3810 2523//3810
f 1851//3811 1856//3811 2522//3811
f 2522//3812 1856//3812 2521//3812
f 2522//3813 2521//3813 2524//3813
f 2524//3814 2521//3814 2520//3814
f 2524//3815 2520//3815 2514//3815
f 2514//3816 2520//3816 1818//3816
f 2525//3817 2513//3817 2511//3817
f 2446//3817 2400//3817 2527//3817
f 2527//3817 2400//3817 2375//3817
f 2527//3817 2375//3817 2528//3817
f 2525//3817 2511//3817 2526//3817
f 2526//3817 2511//3817 2510//3817
f 2526//3817 2510//3817 2523//3817
f 2523//3817 2510//3817 2529//3817
f 2523//3817 2529//3817 1853//3817
f 1853//3817 2529//3817 1864//3817
f 1864//3817 2529//3817 2530//3817
f 1864//3817 2530//3817 2531//3817
f 2531//3817 2532//3817 1864//3817
f 1864//3817 2532//3817 2533//3817
f 1864//3817 2533//3817 2375//3817
f 2375//3817 2533//3817 2534//3817
f 2375//3817 2534//3817 2528//3817
f 2510//3818 2512//3818 2535//3818
f 2536//3819 2530//3819 2535//3819
f 2535//3820 2530//3820 2529//3820
f 2535//3821 2529//3821 2510//3821
f 2534//3822 2533//3822 2537//3822
f 2537//3823 2533//3823 2532//3823
f 2537//3824 2532//3824 2536//3824
f 2536//3825 2532//3825 2531//3825
f 2536//3826 2531//3826 2530//3826
f 2534//3827 2537//3827 2528//3827
f 2528//3828 2537//3828 2538//3828
f 2528//3829 2538//3829 2527//3829
f 2527//3830 2538//3830 2446//3830
f 2446//3831 2538//3831 2539//3831
f 2446//3832 2539//3832 2447//3832
f 2515//3833 2440//3833 2540//3833
f 2540//3834 2440//3834 2442//3834
f 2442//3835 2445//3835 2540//3835
f 2540//3836 2445//3836 2444//3836
f 2540//3837 2444//3837 2539//3837
f 2539//3838 2444//3838 2448//3838
f 2539//3839 2448//3839 2447//3839
f 2537//807 2536//807 2535//807
f 2535//807 2512//807 2515//807
f 2515//807 2512//807 2508//807
f 2515//807 2508//807 2516//807
f 2516//807 2508//807 2517//807
f 2538//807 2537//807 2539//807
f 2539//807 2537//807 2535//807
f 2539//807 2535//807 2540//807
f 2540//807 2535//807 2515//807
f 2509//807 2519//807 2508//807
f 2508//807 2519//807 2518//807
f 2508//807 2518//807 2517//807
f 2541//3840 2542//3840 2543//3840
f 476//3841 478//3841 2544//3841
f 484//3842 2545//3842 482//3842
f 482//3843 2545//3843 2544//3843
f 482//3844 2544//3844 480//3844
f 480//3845 2544//3845 478//3845
f 485//3846 2546//3846 484//3846
f 484//3847 2546//3847 2547//3847
f 484//3848 2547//3848 2545//3848
f 2548//3849 472//3849 2544//3849
f 2544//3850 472//3850 474//3850
f 2544//3851 474//3851 476//3851
f 2549//3852 486//3852 2550//3852
f 2550//3853 486//3853 488//3853
f 2550//3854 488//3854 470//3854
f 489//3855 2551//3855 490//3855
f 490//3856 2551//3856 2552//3856
f 490//3857 2552//3857 492//3857
f 492//3858 2552//3858 494//3858
f 494//3859 2552//3859 2553//3859
f 494//3860 2553//3860 496//3860
f 496//3861 2553//3861 2554//3861
f 496//3862 2554//3862 498//3862
f 498//3863 2554//3863 2555//3863
f 498//3864 2555//3864 500//3864
f 500//3865 2555//3865 2556//3865
f 500//3866 2556//3866 502//3866
f 502//3867 2556//3867 2557//3867
f 502//3868 2557//3868 504//3868
f 504//3869 2557//3869 2558//3869
f 504//3870 2558//3870 515//3870
f 515//3871 2558//3871 2559//3871
f 515//3872 2559//3872 513//3872
f 513//3873 2559//3873 2560//3873
f 513//3874 2560//3874 520//3874
f 520//3875 2560//3875 2561//3875
f 520//3876 2561//3876 518//3876
f 518//3877 2561//3877 2562//3877
f 518//3878 2562//3878 528//3878
f 2541//3879 2543//3879 2563//3879
f 2564//3880 2565//3880 2566//3880
f 2566//3881 2565//3881 2567//3881
f 2566//3882 2567//3882 2568//3882
f 2568//3883 2567//3883 2569//3883
f 2568//3884 2569//3884 2570//3884
f 2570//3885 2569//3885 2571//3885
f 2570//3886 2571//3886 2572//3886
f 2572//3887 2571//3887 2573//3887
f 2572//3888 2573//3888 2574//3888
f 2574//3889 2573//3889 2575//3889
f 2574//3890 2575//3890 2576//3890
f 2576//3891 2575//3891 2577//3891
f 2576//3892 2577//3892 2578//3892
f 2578//3893 2577//3893 2579//3893
f 2578//3894 2579//3894 2580//3894
f 2580//3895 2579//3895 2581//3895
f 2580//3896 2581//3896 2582//3896
f 2582//3897 2581//3897 2583//3897
f 2582//3898 2583//3898 2584//3898
f 2584//3899 2583//3899 2563//3899
f 2584//3900 2563//3900 2585//3900
f 2585//3901 2563//3901 2543//3901
f 2586//3902 2587//3902 2588//3902
f 2588//3903 2589//3903 2586//3903
f 2586//3904 2589//3904 2590//3904
f 2586//3905 2590//3905 2564//3905
f 2564//3906 2590//3906 2591//3906
f 2564//3907 2591//3907 2565//3907
f 2586//3908 2592//3908 2593//3908
f 2593//3909 2594//3909 2586//3909
f 2586//3910 2594//3910 2595//3910
f 2586//3911 2595//3911 2587//3911
f 2596//3912 2597//3912 2598//3912
f 2598//3913 2597//3913 2599//3913
f 2598//3914 2599//3914 2600//3914
f 2600//3915 2599//3915 2601//3915
f 2600//3916 2601//3916 2602//3916
f 2602//3917 2601//3917 2603//3917
f 2602//3918 2603//3918 2604//3918
f 2604//3919 2603//3919 2605//3919
f 2604//3920 2605//3920 2606//3920
f 2606//3921 2605//3921 2607//3921
f 2606//3922 2607//3922 2608//3922
f 2608//3923 2607//3923 2609//3923
f 2608//3924 2609//3924 2610//3924
f 2610//3925 2609//3925 2611//3925
f 2610//3926 2611//3926 2612//3926
f 2612//3927 2611//3927 2613//3927
f 2612//3928 2613//3928 2614//3928
f 2614//3929 2613//3929 2615//3929
f 2614//3930 2615//3930 2616//3930
f 2616//3931 2615//3931 2549//3931
f 2616//3932 2549//3932 2548//3932
f 2548//3933 2549//3933 2550//3933
f 2548//3934 2550//3934 472//3934
f 472//3935 2550//3935 470//3935
f 489//3936 486//3936 2551//3936
f 2551//3937 486//3937 2549//3937
f 2551//3938 2549//3938 2552//3938
f 2552//3939 2549//3939 2615//3939
f 2552//3940 2615//3940 2553//3940
f 2553//3941 2615//3941 2613//3941
f 2553//3942 2613//3942 2554//3942
f 2554//3943 2613//3943 2611//3943
f 2554//3944 2611//3944 2555//3944
f 2555//3945 2611//3945 2609//3945
f 2555//3946 2609//3946 2556//3946
f 2556//3947 2609//3947 2607//3947
f 2556//3948 2607//3948 2557//3948
f 2557//3949 2607//3949 2605//3949
f 2557//3950 2605//3950 2558//3950
f 2558//3951 2605//3951 2603//3951
f 2558//3952 2603//3952 2559//3952
f 2559//3953 2603//3953 2601//3953
f 2559//3954 2601//3954 2560//3954
f 2560//3955 2601//3955 2599//3955
f 2560//3956 2599//3956 2561//3956
f 2561//3957 2599//3957 2597//3957
f 2561//3958 2597//3958 2562//3958
f 2562//3959 2597//3959 2596//3959
f 2562//3960 2596//3960 2617//3960
f 2618//3961 2619//3961 2620//3961
f 2620//3962 2619//3962 2621//3962
f 2620//3963 2621//3963 2622//3963
f 2622//3964 2621//3964 2623//3964
f 2622//3965 2623//3965 2624//3965
f 2624//3966 2623//3966 2625//3966
f 2624//3967 2625//3967 2626//3967
f 2626//3968 2625//3968 2627//3968
f 2626//3969 2627//3969 2628//3969
f 2628//3970 2627//3970 2629//3970
f 2628//3971 2629//3971 2630//3971
f 2630//3972 2629//3972 2631//3972
f 2630//3973 2631//3973 2632//3973
f 2632//3974 2631//3974 2633//3974
f 2632//3975 2633//3975 2634//3975
f 2634//3976 2633//3976 2635//3976
f 2634//3977 2635//3977 2636//3977
f 2636//3978 2635//3978 2637//3978
f 2636//3979 2637//3979 2638//3979
f 2638//3980 2637//3980 2639//3980
f 2638//3981 2639//3981 2640//3981
f 2640//3982 2639//3982 2641//3982
f 2640//3983 2641//3983 2642//3983
f 2642//3984 2641//3984 2643//3984
f 2642//3985 2643//3985 2644//3985
f 2644//3986 2643//3986 2645//3986
f 2644//3987 2645//3987 2646//3987
f 2543//3988 2618//3988 2585//3988
f 2585//3989 2618//3989 2620//3989
f 2585//3990 2620//3990 2584//3990
f 2584//3991 2620//3991 2622//3991
f 2584//3992 2622//3992 2582//3992
f 2582//3993 2622//3993 2624//3993
f 2582//3994 2624//3994 2580//3994
f 2580//3995 2624//3995 2626//3995
f 2580//3996 2626//3996 2578//3996
f 2578//3997 2626//3997 2628//3997
f 2578//3998 2628//3998 2576//3998
f 2576//3999 2628//3999 2630//3999
f 2576//4000 2630//4000 2574//4000
f 2574//4001 2630//4001 2632//4001
f 2574//4002 2632//4002 2572//4002
f 2572//4003 2632//4003 2634//4003
f 2572//4004 2634//4004 2570//4004
f 2570//4005 2634//4005 2636//4005
f 2570//4006 2636//4006 2568//4006
f 2568//4007 2636//4007 2638//4007
f 2568//4008 2638//4008 2566//4008
f 2566//4009 2638//4009 2640//4009
f 2566//4010 2640//4010 2564//4010
f 2564//4011 2640//4011 2642//4011
f 2564//4012 2642//4012 2586//4012
f 2586//4013 2642//4013 2644//4013
f 2586//4014 2644//4014 2592//4014
f 2592//4015 2644//4015 2646//4015
f 2619//4016 2617//4016 2621//4016
f 2621//4017 2617//4017 2596//4017
f 2621//4018 2596//4018 2623//4018
f 2623//4019 2596//4019 2598//4019
f 2623//4020 2598//4020 2625//4020
f 2625//4021 2598//4021 2600//4021
f 2625//4022 2600//4022 2627//4022
f 2627//4023 2600//4023 2602//4023
f 2627//4024 2602//4024 2629//4024
f 2629//4025 2602//4025 2604//4025
f 2629//4026 2604//4026 2631//4026
f 2631//4027 2604//4027 2606//4027
f 2631//4028 2606//4028 2633//4028
f 2633//4029 2606//4029 2608//4029
f 2633//4030 2608//4030 2635//4030
f 2635//4031 2608//4031 2610//4031
f 2635//4032 2610//4032 2637//4032
f 2637//4033 2610//4033 2612//4033
f 2637//4034 2612//4034 2639//4034
f 2639//4035 2612//4035 2614//4035
f 2639//4036 2614//4036 2641//4036
f 2641//4037 2614//4037 2616//4037
f 2641//4038 2616//4038 2643//4038
f 2643//4039 2616//4039 2548//4039
f 2643//4040 2548//4040 2645//4040
f 2645//4041 2548//4041 2544//4041
f 2645//4042 2544//4042 2646//4042
f 2646//4043 2544//4043 2545//4043
f 2595//4044 2647//4044 2587//4044
f 2587//4045 2647//4045 2648//4045
f 2587//4046 2648//4046 2588//4046
f 2595//4047 2594//4047 2647//4047
f 2647//4048 2594//4048 2649//4048
f 2647//4049 2649//4049 1197//4049
f 1197//4050 2649//4050 1198//4050
f 2650//4051 2542//4051 2541//4051
f 2650//4052 2541//4052 2651//4052
f 2652//4053 2506//4053 2653//4053
f 2653//4054 2506//4054 2507//4054
f 2653//4055 2507//4055 2654//4055
f 2655//4056 2425//4056 2656//4056
f 2656//4057 2425//4057 2432//4057
f 2656//4058 2432//4058 2657//4058
f 2657//4059 2432//4059 2431//4059
f 2657//4060 2431//4060 2652//4060
f 2652//4061 2431//4061 2430//4061
f 2652//4062 2430//4062 2506//4062
f 2658//4063 2419//4063 2655//4063
f 2655//4064 2419//4064 2427//4064
f 2655//4065 2427//4065 2425//4065
f 2659//4066 2422//4066 2658//4066
f 2658//4067 2422//4067 2420//4067
f 2658//4068 2420//4068 2419//4068
f 2415//4069 2418//4069 2660//4069
f 2660//4070 2418//4070 2417//4070
f 2660//4071 2417//4071 2659//4071
f 2659//4072 2417//4072 2423//4072
f 2659//4073 2423//4073 2422//4073
f 1196//4074 2406//4074 2661//4074
f 2661//4075 2406//4075 2405//4075
f 2661//4076 2405//4076 2662//4076
f 2662//4077 2405//4077 2409//4077
f 2662//4078 2409//4078 2663//4078
f 2663//4079 2409//4079 2411//4079
f 2663//4080 2411//4080 2664//4080
f 2664//4081 2411//4081 2414//4081
f 2664//4082 2414//4082 2665//4082
f 2665//4083 2414//4083 2666//4083
f 2647//4084 1197//4084 1191//4084
f 2589//4085 2588//4085 2662//4085
f 2662//4086 2588//4086 2648//4086
f 2662//4087 2648//4087 2661//4087
f 2661//4088 2648//4088 2647//4088
f 2661//4089 2647//4089 1196//4089
f 1196//4090 2647//4090 1191//4090
f 2665//4091 2567//4091 2664//4091
f 2664//4092 2567//4092 2565//4092
f 2664//4093 2565//4093 2663//4093
f 2663//4094 2565//4094 2591//4094
f 2663//4095 2591//4095 2662//4095
f 2662//4096 2591//4096 2590//4096
f 2662//4097 2590//4097 2589//4097
f 2541//4098 2563//4098 2651//4098
f 2651//4099 2563//4099 2583//4099
f 2651//4100 2583//4100 2667//4100
f 2667//4101 2583//4101 2581//4101
f 2667//4102 2581//4102 2668//4102
f 2668//4103 2581//4103 2579//4103
f 2668//4104 2579//4104 2669//4104
f 2669//4105 2579//4105 2577//4105
f 2669//4106 2577//4106 2670//4106
f 2670//4107 2577//4107 2575//4107
f 2670//4108 2575//4108 2671//4108
f 2671//4109 2575//4109 2573//4109
f 2671//4110 2573//4110 2672//4110
f 2672//4111 2573//4111 2571//4111
f 2672//4112 2571//4112 2673//4112
f 2673//4113 2571//4113 2569//4113
f 2674//4114 2650//4114 2675//4114
f 2675//4115 2650//4115 2651//4115
f 2675//4116 2651//4116 2676//4116
f 2676//4117 2651//4117 2667//4117
f 2676//4118 2667//4118 2677//4118
f 2677//4119 2667//4119 2668//4119
f 2677//4120 2668//4120 2678//4120
f 2678//4121 2668//4121 2669//4121
f 2678//4122 2669//4122 2679//4122
f 2679//4123 2669//4123 2670//4123
f 2679//4124 2670//4124 2680//4124
f 2680//4125 2670//4125 2671//4125
f 2680//4126 2671//4126 2681//4126
f 2681//4127 2671//4127 2672//4127
f 2681//4128 2672//4128 2666//4128
f 2666//4129 2672//4129 2673//4129
f 2666//4130 2673//4130 2665//4130
f 2665//4131 2673//4131 2569//4131
f 2665//4132 2569//4132 2567//4132
f 2654//4133 2674//4133 2653//4133
f 2653//4134 2674//4134 2675//4134
f 2653//4135 2675//4135 2652//4135
f 2652//4136 2675//4136 2676//4136
f 2652//4137 2676//4137 2657//4137
f 2657//4138 2676//4138 2677//4138
f 2657//4139 2677//4139 2656//4139
f 2656//4140 2677//4140 2678//4140
f 2656//4141 2678//4141 2655//4141
f 2655//4142 2678//4142 2679//4142
f 2655//4143 2679//4143 2658//4143
f 2658//4144 2679//4144 2680//4144
f 2658//4145 2680//4145 2659//4145
f 2659//4146 2680//4146 2681//4146
f 2659//4147 2681//4147 2660//4147
f 2660//4148 2681//4148 2666//4148
f 2660//4149 2666//4149 2415//4149
f 2415//4150 2666//4150 2414//4150
f 1199//4151 1198//4151 2649//4151
f 2682//4152 2683//4152 2684//4152
f 2251//4153 2258//4153 2685//4153
f 2685//4154 2258//4154 2316//4154
f 2685//4155 2316//4155 2686//4155
f 2686//4156 2316//4156 2317//4156
f 2686//4157 2317//4157 2318//4157
f 2318//4158 2319//4158 2686//4158
f 2686//4159 2319//4159 2321//4159
f 2686//4160 2321//4160 2323//4160
f 2323//4161 2325//4161 2355//4161
f 2355//4162 2325//4162 2336//4162
f 2355//4163 2336//4163 2335//4163
f 2323//4164 2355//4164 2686//4164
f 2686//4165 2355//4165 2376//4165
f 2686//4166 2376//4166 2687//4166
f 2388//4167 2682//4167 2389//4167
f 2389//4168 2682//4168 2684//4168
f 2389//4169 2684//4169 2390//4169
f 2390//4170 2684//4170 2687//4170
f 2390//4171 2687//4171 2386//4171
f 2386//4172 2687//4172 2376//4172
f 2688//4173 2649//4173 2689//4173
f 2689//4174 2649//4174 2594//4174
f 2393//4175 2392//4175 2690//4175
f 2385//4176 2395//4176 2690//4176
f 2690//4177 2395//4177 2394//4177
f 2690//4178 2394//4178 2393//4178
f 2388//4179 2387//4179 2682//4179
f 2682//4180 2387//4180 2688//4180
f 2682//4181 2688//4181 2683//4181
f 2683//4182 2688//4182 2689//4182
f 2392//4183 1200//4183 2690//4183
f 2690//4184 1200//4184 1199//4184
f 2690//4185 1199//4185 2385//4185
f 2385//4186 1199//4186 2649//4186
f 2385//4187 2649//4187 2384//4187
f 2384//4188 2649//4188 2688//4188
f 2384//4189 2688//4189 2377//4189
f 2377//4190 2688//4190 2387//4190
f 457//4191 452//4191 2691//4191
f 446//4192 417//4192 2254//4192
f 2689//4193 2692//4193 2683//4193
f 2683//4194 2692//4194 2693//4194
f 2683//4195 2693//4195 2684//4195
f 2684//4196 2693//4196 2694//4196
f 2684//4197 2694//4197 2687//4197
f 2687//4198 2694//4198 2695//4198
f 2687//4199 2695//4199 2686//4199
f 2686//4200 2695//4200 2685//4200
f 2685//4201 2695//4201 2253//4201
f 2685//4202 2253//4202 2251//4202
f 446//4203 2254//4203 448//4203
f 2254//4204 2696//4204 448//4204
f 448//4205 2696//4205 2697//4205
f 448//4206 2697//4206 450//4206
f 450//4207 2697//4207 2698//4207
f 450//4208 2698//4208 455//4208
f 2698//4209 2699//4209 455//4209
f 455//4210 2699//4210 2691//4210
f 455//4211 2691//4211 454//4211
f 454//4212 2691//4212 452//4212
f 462//4213 460//4213 2700//4213
f 2700//4214 460//4214 458//4214
f 2546//4215 485//4215 468//4215
f 2546//4216 468//4216 2547//4216
f 2547//4217 468//4217 2545//4217
f 2545//4218 468//4218 466//4218
f 2545//4219 466//4219 464//4219
f 2592//4220 2646//4220 2701//4220
f 2701//4221 2646//4221 2545//4221
f 2701//4222 2545//4222 2700//4222
f 2700//4223 2545//4223 464//4223
f 2700//4224 464//4224 462//4224
f 2593//4225 2592//4225 2702//4225
f 2702//4226 2592//4226 2701//4226
f 2702//4227 2701//4227 2699//4227
f 2699//4228 2701//4228 2700//4228
f 2699//4229 2700//4229 2691//4229
f 2691//4230 2700//4230 458//4230
f 2691//4231 458//4231 457//4231
f 2594//4232 2593//4232 2689//4232
f 2689//4233 2593//4233 2702//4233
f 2689//4234 2702//4234 2692//4234
f 2692//4235 2702//4235 2699//4235
f 2692//4236 2699//4236 2693//4236
f 2693//4237 2699//4237 2698//4237
f 2693//4238 2698//4238 2694//4238
f 2694//4239 2698//4239 2697//4239
f 2694//4240 2697//4240 2695//4240
f 2695//4241 2697//4241 2696//4241
f 2695//4242 2696//4242 2253//4242
f 2253//4243 2696//4243 2254//4243
f 2703//4244 2704//4244 2705//4244
f 1962//4245 1961//4245 2706//4245
f 300//4246 2707//4246 2708//4246
f 2709//4247 2710//4247 2711//4247
f 2707//4248 300//4248 2712//4248
f 264//4249 2713//4249 294//4249
f 294//4250 2713//4250 2714//4250
f 294//4251 2714//4251 296//4251
f 296//4252 2714//4252 2712//4252
f 296//4253 2712//4253 298//4253
f 298//4254 2712//4254 300//4254
f 288//4255 287//4255 2715//4255
f 2715//4256 287//4256 291//4256
f 2715//4257 291//4257 2716//4257
f 2716//4258 291//4258 293//4258
f 2716//4259 293//4259 2708//4259
f 2708//4260 293//4260 301//4260
f 2708//4261 301//4261 300//4261
f 2715//4262 1997//4262 288//4262
f 288//4263 1997//4263 1999//4263
f 288//4264 1999//4264 1012//4264
f 1012//4265 1999//4265 1998//4265
f 1012//4266 1998//4266 1032//4266
f 1035//4267 1042//4267 1034//4267
f 1034//4268 1042//4268 1033//4268
f 1998//4269 1037//4269 1032//4269
f 1032//4270 1037//4270 1039//4270
f 1032//4271 1039//4271 1035//4271
f 1035//4272 1039//4272 1041//4272
f 1035//4273 1041//4273 1042//4273
f 2704//4274 1958//4274 2705//4274
f 2705//4275 1958//4275 1957//4275
f 2705//4276 1957//4276 2706//4276
f 2706//4277 1957//4277 1948//4277
f 2706//4278 1948//4278 1962//4278
f 2703//4279 2705//4279 2717//4279
f 2717//4280 2705//4280 2718//4280
f 2717//4281 2718//4281 2719//4281
f 2719//4282 2718//4282 2720//4282
f 2719//4283 2720//4283 2721//4283
f 2721//4284 2720//4284 2711//4284
f 2721//4285 2711//4285 2722//4285
f 2722//4286 2711//4286 2710//4286
f 2722//4287 2710//4287 2723//4287
f 2714//4288 2709//4288 2712//4288
f 2712//4289 2709//4289 2711//4289
f 2712//4290 2711//4290 2707//4290
f 2707//4291 2711//4291 2720//4291
f 2707//4292 2720//4292 2708//4292
f 2708//4293 2720//4293 2718//4293
f 2708//4294 2718//4294 2716//4294
f 2716//4295 2718//4295 2705//4295
f 2716//4296 2705//4296 2715//4296
f 2715//4297 2705//4297 2706//4297
f 2715//4298 2706//4298 1997//4298
f 1997//4299 2706//4299 1961//4299
f 1959//4300 1958//4300 2704//4300
f 2723//4301 2724//4301 2722//4301
f 2722//4302 2724//4302 2725//4302
f 2722//4303 2725//4303 2721//4303
f 2717//4304 2719//4304 2726//4304
f 2726//4305 2719//4305 2721//4305
f 2726//4306 2721//4306 2727//4306
f 1432//4307 1431//4307 1468//4307
f 1468//4308 1431//4308 1944//4308
f 1468//4309 1944//4309 1469//4309
f 1469//4310 1944//4310 1943//4310
f 1943//4311 1949//4311 1469//4311
f 1469//4312 1949//4312 2717//4312
f 1469//4313 2717//4313 1470//4313
f 1470//4314 2717//4314 2726//4314
f 1470//4315 2726//4315 1471//4315
f 1471//4316 2726//4316 2727//4316
f 1949//4317 1951//4317 2717//4317
f 2717//4318 1951//4318 1953//4318
f 2717//4319 1953//4319 1955//4319
f 1959//4320 2704//4320 1955//4320
f 1955//4321 2704//4321 2703//4321
f 1955//4322 2703//4322 2717//4322
f 2721//4323 2725//4323 2727//4323
f 2727//4324 2725//4324 2728//4324
f 2727//4325 2728//4325 1201//4325
f 1201//4326 1203//4326 2727//4326
f 2727//4327 1203//4327 1204//4327
f 2727//4328 1204//4328 1466//4328
f 1463//4329 1473//4329 2727//4329
f 2727//4330 1473//4330 1472//4330
f 2727//4331 1472//4331 1471//4331
f 1466//4332 1467//4332 2727//4332
f 2727//4333 1467//4333 1464//4333
f 2727//4334 1464//4334 1463//4334
f 2729//4335 2730//4335 2731//4335
f 1541//4336 1542//4336 2732//4336
f 1202//4337 1201//4337 20//4337
f 20//4338 1201//4338 2728//4338
f 20//4339 2728//4339 1542//4339
f 2733//4340 1532//4340 2734//4340
f 2734//4341 1532//4341 1539//4341
f 2734//4342 1539//4342 1541//4342
f 2735//4343 1537//4343 2736//4343
f 2736//4344 1537//4344 1535//4344
f 2736//4345 1535//4345 2733//4345
f 2733//4346 1535//4346 1533//4346
f 2733//4347 1533//4347 1532//4347
f 2737//4348 1520//4348 2738//4348
f 2738//4349 1520//4349 1522//4349
f 2738//4350 1522//4350 2739//4350
f 2739//4351 1522//4351 1524//4351
f 2739//4352 1524//4352 2740//4352
f 2740//4353 1524//4353 1526//4353
f 2740//4354 1526//4354 2741//4354
f 2741//4355 1526//4355 1528//4355
f 2741//4356 1528//4356 2742//4356
f 2742//4357 1528//4357 1529//4357
f 2742//4358 1529//4358 2743//4358
f 2743//4359 1529//4359 1531//4359
f 2743//4360 1531//4360 2744//4360
f 2745//4361 1512//4361 1514//4361
f 1514//4362 1513//4362 2745//4362
f 2745//4363 1513//4363 1516//4363
f 2745//4364 1516//4364 2737//4364
f 2737//4365 1516//4365 1518//4365
f 2737//4366 1518//4366 1520//4366
f 2729//4367 2731//4367 2746//4367
f 2746//4368 2731//4368 2747//4368
f 2746//4369 2747//4369 2748//4369
f 2748//4370 2747//4370 2749//4370
f 2748//4371 2749//4371 2750//4371
f 2749//4372 2751//4372 2750//4372
f 2750//4373 2751//4373 2752//4373
f 2750//4374 2752//4374 2753//4374
f 2753//4375 2752//4375 2754//4375
f 2753//4376 2754//4376 2755//4376
f 2755//4377 2754//4377 2756//4377
f 2755//4378 2756//4378 2757//4378
f 2757//4379 2756//4379 2758//4379
f 2757//4380 2758//4380 2759//4380
f 2759//4381 2758//4381 2760//4381
f 2759//4382 2760//4382 2761//4382
f 2761//4383 2760//4383 2762//4383
f 2763//4384 2764//4384 2734//4384
f 2734//4385 2764//4385 2765//4385
f 2734//4386 2765//4386 2733//4386
f 2733//4387 2765//4387 2766//4387
f 2733//4388 2766//4388 2736//4388
f 2736//4389 2766//4389 2762//4389
f 2736//4390 2762//4390 2735//4390
f 2735//4391 2762//4391 2760//4391
f 1541//4392 2732//4392 2734//4392
f 2734//4393 2732//4393 2767//4393
f 2734//4394 2767//4394 2763//4394
f 1542//4395 2728//4395 2732//4395
f 2732//4396 2728//4396 2725//4396
f 2732//4397 2725//4397 2767//4397
f 2767//4398 2725//4398 2724//4398
f 2767//4399 2724//4399 2723//4399
f 2731//4400 2768//4400 2747//4400
f 2747//4401 2768//4401 2769//4401
f 2747//4402 2769//4402 2749//4402
f 2749//4403 2769//4403 2770//4403
f 2749//4404 2770//4404 2751//4404
f 2751//4405 2770//4405 2771//4405
f 2751//4406 2771//4406 2752//4406
f 2752//4407 2771//4407 2772//4407
f 2752//4408 2772//4408 2754//4408
f 2754//4409 2772//4409 2773//4409
f 2754//4410 2773//4410 2756//4410
f 2756//4411 2773//4411 2774//4411
f 2756//4412 2774//4412 2758//4412
f 2758//4413 2774//4413 2775//4413
f 2758//4414 2775//4414 2760//4414
f 2760//4415 2775//4415 2776//4415
f 2760//4416 2776//4416 2735//4416
f 2735//4417 2776//4417 1538//4417
f 2735//4418 1538//4418 1537//4418
f 2768//4419 2745//4419 2769//4419
f 2769//4420 2745//4420 2737//4420
f 2769//4421 2737//4421 2770//4421
f 2770//4422 2737//4422 2738//4422
f 2770//4423 2738//4423 2771//4423
f 2771//4424 2738//4424 2739//4424
f 2771//4425 2739//4425 2772//4425
f 2772//4426 2739//4426 2740//4426
f 2772//4427 2740//4427 2773//4427
f 2773//4428 2740//4428 2741//4428
f 2773//4429 2741//4429 2774//4429
f 2774//4430 2741//4430 2742//4430
f 2774//4431 2742//4431 2775//4431
f 2775//4432 2742//4432 2743//4432
f 2775//4433 2743//4433 2776//4433
f 2776//4434 2743//4434 2744//4434
f 2776//4435 2744//4435 1538//4435
f 1538//4436 2744//4436 1531//4436
f 2777//4437 2778//4437 2779//4437
f 80//4438 79//4438 2780//4438
f 78//4439 2781//4439 2782//4439
f 92//4440 2783//4440 82//4440
f 91//4441 90//4441 2784//4441
f 2710//4442 2709//4442 2785//4442
f 2785//4443 2709//4443 2714//4443
f 2785//4444 2714//4444 2713//4444
f 2763//4445 2767//4445 2764//4445
f 2764//4446 2767//4446 2786//4446
f 2786//4447 2787//4447 2764//4447
f 2764//4448 2787//4448 2788//4448
f 2764//4449 2788//4449 2765//4449
f 2765//4450 2788//4450 2789//4450
f 2765//4451 2789//4451 2766//4451
f 2766//4452 2789//4452 2790//4452
f 2766//4453 2790//4453 2762//4453
f 2762//4454 2790//4454 2791//4454
f 2762//4455 2791//4455 2761//4455
f 2761//4456 2791//4456 2792//4456
f 2761//4457 2792//4457 2759//4457
f 2759//4458 2792//4458 2793//4458
f 2759//4459 2793//4459 2757//4459
f 2757//4460 2793//4460 2794//4460
f 2757//4461 2794//4461 2755//4461
f 2755//4462 2794//4462 2795//4462
f 2755//4463 2795//4463 2753//4463
f 2753//4464 2795//4464 2796//4464
f 2753//4465 2796//4465 2750//4465
f 2746//4466 2748//4466 2779//4466
f 2779//4467 2748//4467 2750//4467
f 2779//4468 2750//4468 2797//4468
f 2797//4469 2750//4469 2796//4469
f 2746//4470 2779//4470 2729//4470
f 2729//4471 2779//4471 2778//4471
f 2729//4472 2778//4472 2730//4472
f 78//4473 75//4473 2781//4473
f 2781//4474 75//4474 74//4474
f 2781//4475 74//4475 2798//4475
f 2798//4476 74//4476 73//4476
f 2798//4477 73//4477 2799//4477
f 2799//4478 73//4478 77//4478
f 2799//4479 77//4479 76//4479
f 236//4480 237//4480 24//4480
f 24//4481 26//4481 236//4481
f 236//4482 26//4482 28//4482
f 236//4483 28//4483 30//4483
f 205//4484 181//4484 38//4484
f 205//4485 38//4485 204//4485
f 38//4486 34//4486 204//4486
f 204//4487 34//4487 31//4487
f 204//4488 31//4488 237//4488
f 237//4489 31//4489 33//4489
f 237//4490 33//4490 24//4490
f 175//4491 109//4491 176//4491
f 176//4492 109//4492 104//4492
f 176//4493 104//4493 177//4493
f 177//4494 104//4494 108//4494
f 177//4495 108//4495 178//4495
f 178//4496 108//4496 101//4496
f 178//4497 101//4497 180//4497
f 180//4498 101//4498 95//4498
f 180//4499 95//4499 181//4499
f 181//4500 95//4500 39//4500
f 181//4501 39//4501 38//4501
f 80//4502 2780//4502 30//4502
f 30//4503 2780//4503 2800//4503
f 30//4504 2800//4504 236//4504
f 236//4505 2800//4505 2801//4505
f 236//4506 2801//4506 235//4506
f 235//4507 2801//4507 2802//4507
f 235//4508 2802//4508 233//4508
f 233//4509 2802//4509 234//4509
f 234//4510 2802//4510 2803//4510
f 234//4511 2803//4511 238//4511
f 238//4512 2803//4512 2804//4512
f 238//4513 2804//4513 275//4513
f 275//4514 2804//4514 2805//4514
f 275//4515 2805//4515 278//4515
f 278//4516 2805//4516 2806//4516
f 278//4517 2806//4517 268//4517
f 268//4518 2806//4518 267//4518
f 267//4519 2806//4519 2807//4519
f 267//4520 2807//4520 263//4520
f 79//4521 78//4521 2780//4521
f 2780//4522 78//4522 2782//4522
f 2780//4523 2782//4523 2800//4523
f 2800//4524 2782//4524 2808//4524
f 2800//4525 2808//4525 2801//4525
f 2801//4526 2808//4526 2809//4526
f 2801//4527 2809//4527 2802//4527
f 2802//4528 2809//4528 2810//4528
f 2802//4529 2810//4529 2803//4529
f 2803//4530 2810//4530 2811//4530
f 2803//4531 2811//4531 2804//4531
f 2804//4532 2811//4532 2812//4532
f 2804//4533 2812//4533 2805//4533
f 2805//4534 2812//4534 2813//4534
f 2805//4535 2813//4535 2806//4535
f 2806//4536 2813//4536 2814//4536
f 2806//4537 2814//4537 2807//4537
f 2807//4538 2814//4538 2785//4538
f 2807//4539 2785//4539 263//4539
f 263//4540 2785//4540 2713//4540
f 263//4541 2713//4541 264//4541
f 76//4542 81//4542 2799//4542
f 2799//4543 81//4543 82//4543
f 2799//4544 82//4544 2815//4544
f 2815//4545 82//4545 2783//4545
f 2815//4546 2783//4546 2784//4546
f 2784//4547 2783//4547 92//4547
f 2784//4548 92//4548 91//4548
f 2784//4549 2777//4549 2815//4549
f 2815//4550 2777//4550 2779//4550
f 2815//4551 2779//4551 2799//4551
f 2799//4552 2779//4552 2797//4552
f 2799//4553 2797//4553 2798//4553
f 2798//4554 2797//4554 2796//4554
f 2798//4555 2796//4555 2781//4555
f 2781//4556 2796//4556 2795//4556
f 2781//4557 2795//4557 2782//4557
f 2782//4558 2795//4558 2794//4558
f 2782//4559 2794//4559 2808//4559
f 2808//4560 2794//4560 2793//4560
f 2808//4561 2793//4561 2809//4561
f 2809//4562 2793//4562 2792//4562
f 2809//4563 2792//4563 2810//4563
f 2810//4564 2792//4564 2791//4564
f 2810//4565 2791//4565 2811//4565
f 2811//4566 2791//4566 2790//4566
f 2811//4567 2790//4567 2812//4567
f 2812//4568 2790//4568 2789//4568
f 2812//4569 2789//4569 2813//4569
f 2813//4570 2789//4570 2788//4570
f 2813//4571 2788//4571 2814//4571
f 2814//4572 2788//4572 2787//4572
f 2814//4573 2787//4573 2785//4573
f 2785//4574 2787//4574 2786//4574
f 2785//4575 2786//4575 2710//4575
f 2710//4576 2786//4576 2767//4576
f 2710//4577 2767//4577 2723//4577
f 1754//4578 1730//4578 1755//4578
f 1755//4578 1730//4578 1741//4578
f 1755//4579 1741//4579 1756//4579
f 1756//4579 1741//4579 1740//4579
f 1756//4580 1740//4580 1757//4580
f 1757//4580 1740//4580 1739//4580
f 1757//4581 1739//4581 1758//4581
f 1758//4581 1739//4581 1738//4581
f 1758//3139 1738//3139 1759//3139
f 1759//3139 1738//3139 1737//3139
f 1759//4582 1737//4582 1760//4582
f 1760//4582 1737//4582 1736//4582
f 1760//1915 1736//1915 1761//1915
f 1761//1915 1736//1915 1735//1915
f 1761//4583 1735//4583 1762//4583
f 1762//4583 1735//4583 1734//4583
f 1762//4584 1734//4584 1763//4584
f 1763//4584 1734//4584 1733//4584
f 1763//4585 1733//4585 1764//4585
f 1764//4585 1733//4585 1732//4585
f 1764//1924 1732//1924 1765//1924
f 1765//1924 1732//1924 1731//1924
f 1765//4586 1731//4586 1754//4586
f 1754//4586 1731//4586 1730//4586
f 661//4578 739//4578 672//4578
f 672//4578 739//4578 741//4578
f 672//4587 741//4587 671//4587
f 671//4587 741//4587 734//4587
f 671//4580 734//4580 670//4580
f 670//4580 734//4580 735//4580
f 670//4581 735//4581 668//4581
f 668//4581 735//4581 736//4581
f 668//3139 736//3139 666//3139
f 666//3139 736//3139 728//3139
f 666//4582 728//4582 653//4582
f 653//4582 728//4582 725//4582
f 653//1915 725//1915 654//1915
f 654//1915 725//1915 726//1915
f 654//4588 726//4588 662//4588
f 662//4588 726//4588 727//4588
f 662//4584 727//4584 676//4584
f 676//4584 727//4584 729//4584
f 676//4585 729//4585 658//4585
f 658//4585 729//4585 730//4585
f 658//1924 730//1924 659//1924
f 659//1924 730//1924 738//1924
f 659//4586 738//4586 661//4586
f 661//4586 738//4586 739//4586
f 704//4578 720//4578 705//4578
f 705//4578 720//4578 721//4578
f 705//4587 721//4587 706//4587
f 706//4587 721//4587 746//4587
f 706//4580 746//4580 707//4580
f 707//4580 746//4580 745//4580
f 707//4581 745//4581 708//4581
f 708//4581 745//4581 744//4581
f 708//3139 744//3139 709//3139
f 709//3139 744//3139 743//3139
f 709//4582 743//4582 703//4582
f 703//4582 743//4582 742//4582
f 703//1915 742//1915 712//1915
f 712//1915 742//1915 740//1915
f 712//4583 740//4583 713//4583
f 713//4583 740//4583 737//4583
f 713//4584 737//4584 714//4584
f 714//4584 737//4584 722//4584
f 714//4585 722//4585 710//4585
f 710//4585 722//4585 731//4585
f 710//1924 731//1924 711//1924
f 711//1924 731//1924 719//1924
f 711//4586 719//4586 704//4586
f 704//4586 719//4586 720//4586
f 1171//4586 2816//4586 1172//4586
f 1172//1924 2816//1924 2817//1924
f 1172//1924 2817//1924 1166//1924
f 1166//4585 2817//4585 2818//4585
f 1166//4585 2818//4585 1167//4585
f 1167//4584 2818//4584 2819//4584
f 1167//4584 2819//4584 1177//4584
f 1177//4583 2819//4583 2820//4583
f 1177//4583 2820//4583 1178//4583
f 1178//1915 2820//1915 2821//1915
f 1178//1915 2821//1915 1173//1915
f 1173//4582 2821//4582 2822//4582
f 1173//4582 2822//4582 1181//4582
f 1181//3139 2822//3139 2823//3139
f 1181//3139 2823//3139 1170//3139
f 1170//4581 2823//4581 2824//4581
f 1170//4581 2824//4581 1169//4581
f 1169//4580 2824//4580 2825//4580
f 1169//4580 2825//4580 1175//4580
f 1175//4579 2825//4579 2826//4579
f 1175//4579 2826//4579 1176//4579
f 1176//4578 2826//4578 2827//4578
f 1176//4578 2827//4578 1171//4578
f 1171//4586 2827//4586 2816//4586
f 2828//1 2829//1 2830//1
f 2828//1 2830//1 2831//1
f 2831//1 2830//1 2832//1
f 2831//4589 2832//4589 2833//4589
f 2834//4590 2835//4590 2836//4590
f 2836//4591 2835//4591 2837//4591
f 2836//4592 2837//4592 2838//4592
f 2838//4593 2837//4593 2839//4593
f 2839//4594 2837//4594 2840//4594
f 2839//4595 2840//4595 2841//4595
f 2841//6 2840//6 2842//6
f 2841//4596 2842//4596 2843//4596
f 2844//4597 2845//4597 2846//4597
f 2846//4598 2845//4598 2847//4598
f 2834//4599 2848//4599 2849//4599
f 2849//4600 2848//4600 2850//4600
f 2851//4601 2852//4601 2853//4601
f 2853//4602 2852//4602 2854//4602
f 2854//4603 2852//4603 2855//4603
f 2855//4604 2852//4604 2856//4604
f 2855//4605 2856//4605 2857//4605
f 2857//4606 2856//4606 2858//4606
f 2858//4607 2856//4607 2859//4607
f 2858//4608 2859//4608 2860//4608
f 2861//4609 2860//4609 2862//4609
f 2862//4610 2860//4610 2859//4610
f 2862//4611 2859//4611 2856//4611
f 2862//4612 103//4612 2861//4612
f 2861//4613 103//4613 100//4613
f 2861//4614 100//4614 2863//4614
f 2863//4615 100//4615 99//4615
f 2864//4616 2865//4616 2856//4616
f 2864//4617 2856//4617 2866//4617
f 2867//4618 2866//4618 2856//4618
f 2851//4619 2868//4619 2852//4619
f 2852//4620 2868//4620 2867//4620
f 2852//4621 2867//4621 2856//4621
f 2869//4622 103//4622 2862//4622
f 2868//4623 2870//4623 2867//4623
f 2867//4624 2870//4624 2871//4624
f 2867//4625 2871//4625 2866//4625
f 2866//4626 2871//4626 2872//4626
f 2866//4627 2872//4627 2864//4627
f 2864//4628 2872//4628 2869//4628
f 2864//4629 2869//4629 2865//4629
f 2865//4630 2869//4630 2862//4630
f 2865//4631 2862//4631 2856//4631
f 103//4632 2869//4632 2873//4632
f 103//4633 2873//4633 102//4633
f 102//4634 2873//4634 2874//4634
f 102//4635 2874//4635 96//4635
f 96//4636 2874//4636 105//4636
f 105//4637 2874//4637 2875//4637
f 105//4638 2875//4638 106//4638
f 2872//4639 2876//4639 2877//4639
f 2877//4640 2876//4640 2878//4640
f 2877//4641 2878//4641 2879//4641
f 2872//4642 2871//4642 2876//4642
f 2876//4643 2871//4643 2870//4643
f 2876//4644 2870//4644 2880//4644
f 2880//4645 2870//4645 2868//4645
f 2880//4646 2868//4646 2851//4646
f 2879//4647 2878//4647 2881//4647
f 2881//4648 2878//4648 2882//4648
f 2881//4649 2882//4649 2883//4649
f 107//4650 106//4650 2884//4650
f 2884//4651 106//4651 2875//4651
f 2884//4652 2875//4652 83//4652
f 2880//4653 2885//4653 2876//4653
f 2876//4654 2885//4654 2886//4654
f 2876//4655 2886//4655 2878//4655
f 2878//4656 2886//4656 2887//4656
f 2878//4657 2887//4657 2882//4657
f 2883//4658 83//4658 2881//4658
f 2881//4659 83//4659 2875//4659
f 2881//4660 2875//4660 2879//4660
f 2879//4661 2875//4661 2874//4661
f 2879//4662 2874//4662 2877//4662
f 2877//4663 2874//4663 2873//4663
f 2877//4664 2873//4664 2872//4664
f 2872//4665 2873//4665 2869//4665
f 2880//4666 2851//4666 2853//4666
f 2887//4667 2886//4667 2888//4667
f 2887//4668 2888//4668 2882//4668
f 2853//4669 2889//4669 2880//4669
f 2880//4670 2889//4670 2888//4670
f 2880//4671 2888//4671 2885//4671
f 2885//4672 2888//4672 2886//4672
f 2888//4673 2890//4673 2882//4673
f 2882//4674 2890//4674 2891//4674
f 2882//4675 2891//4675 2883//4675
f 2883//4676 2891//4676 2892//4676
f 84//4677 83//4677 2893//4677
f 2893//4678 83//4678 2883//4678
f 2893//4679 2883//4679 2894//4679
f 2894//4680 2883//4680 2892//4680
f 94//104 107//104 93//104
f 93//104 107//104 2884//104
f 93//102 2884//102 88//102
f 88//101 2884//101 83//101
f 2895//4681 2896//4681 2897//4681
f 2897//4682 2896//4682 114//4682
f 2897//4682 114//4682 116//4682
f 2898//4683 2899//4683 2900//4683
f 2900//4684 2899//4684 2901//4684
f 2900//4685 2901//4685 2902//4685
f 2903//4686 2904//4686 2905//4686
f 2905//4687 2904//4687 2906//4687
f 2905//4688 2906//4688 2907//4688
f 2907//4689 2906//4689 2908//4689
f 2901//4690 2909//4690 2902//4690
f 2902//4691 2909//4691 2910//4691
f 2902//4692 2910//4692 2903//4692
f 2903//4693 2910//4693 2911//4693
f 2903//4694 2911//4694 2904//4694
f 2912//4695 2913//4695 2914//4695
f 2915//4696 2916//4696 2917//4696
f 2917//4697 2916//4697 2918//4697
f 2917//4698 2918//4698 2919//4698
f 2920//4699 2921//4699 2922//4699
f 2922//4700 2923//4700 2920//4700
f 2920//4701 2923//4701 2924//4701
f 2920//4702 2924//4702 2925//4702
f 2925//4703 2924//4703 2926//4703
f 2925//4704 2926//4704 2915//4704
f 2915//4705 2926//4705 2927//4705
f 2915//4706 2927//4706 2916//4706
f 2913//4707 2912//4707 2928//4707
f 2912//4708 2929//4708 2928//4708
f 2928//4709 2929//4709 2930//4709
f 2928//4710 2930//4710 2921//4710
f 2921//4711 2930//4711 2931//4711
f 2921//4712 2931//4712 2922//4712
f 152//4713 151//4713 2932//4713
f 2932//4713 151//4713 2933//4713
f 152//4714 2932//4714 2934//4714
f 152//4714 2934//4714 173//4714
f 173//4715 2934//4715 2935//4715
f 173//4716 2935//4716 170//4716
f 2935//4717 2936//4717 170//4717
f 170//4718 2936//4718 2937//4718
f 170//4719 2937//4719 167//4719
f 2937//4720 2938//4720 167//4720
f 167//4721 2938//4721 2939//4721
f 167//4722 2939//4722 164//4722
f 2940//4723 156//4723 2941//4723
f 2941//4724 156//4724 164//4724
f 2941//4725 164//4725 2942//4725
f 2942//4726 164//4726 2939//4726
f 2940//4727 2943//4727 156//4727
f 156//4728 2943//4728 2944//4728
f 156//4729 2944//4729 158//4729
f 2944//4730 2945//4730 158//4730
f 158//4731 2945//4731 2946//4731
f 158//4731 2946//4731 160//4731
f 175//4732 160//4732 2947//4732
f 2947//4732 160//4732 2946//4732
f 2948//159 2947//159 2946//159
f 2948//159 2946//159 2949//159
f 2949//159 2946//159 2950//159
f 2950//159 2946//159 2951//159
f 2950//159 2951//159 2952//159
f 2932//185 2953//185 2954//185
f 2932//4733 2954//4733 2934//4733
f 2934//4734 2954//4734 2955//4734
f 2934//4735 2955//4735 2956//4735
f 2957//4736 2942//4736 2958//4736
f 2958//4737 2942//4737 2939//4737
f 2958//4738 2939//4738 2959//4738
f 2959//4739 2939//4739 2938//4739
f 2959//4740 2938//4740 2960//4740
f 2960//4741 2938//4741 2937//4741
f 2960//177 2937//177 2961//177
f 2961//4742 2937//4742 2936//4742
f 2961//4743 2936//4743 2956//4743
f 2956//4744 2936//4744 2935//4744
f 2956//4745 2935//4745 2934//4745
f 2944//4746 2943//4746 2962//4746
f 2962//4747 2943//4747 2940//4747
f 2962//4748 2940//4748 2957//4748
f 2957//4749 2940//4749 2941//4749
f 2957//4750 2941//4750 2942//4750
f 2951//4751 2946//4751 2963//4751
f 2963//4752 2946//4752 2945//4752
f 2963//4753 2945//4753 2964//4753
f 2964//4754 2945//4754 2944//4754
f 2964//164 2944//164 2965//164
f 2965//4755 2944//4755 2962//4755
f 2953//186 2932//186 2966//186
f 2966//186 2932//186 2933//186
f 2933//186 2967//186 2966//186
f 2966//186 2967//186 2968//186
f 2966//186 2968//186 2969//186
f 2970//4756 2971//4756 2951//4756
f 2951//4757 2971//4757 2972//4757
f 2951//4758 2972//4758 2952//4758
f 2973//4759 2974//4759 2975//4759
f 2975//4760 2974//4760 2976//4760
f 2975//4761 2976//4761 2977//4761
f 2978//4762 2956//4762 2979//4762
f 2979//4763 2956//4763 2955//4763
f 2979//4763 2955//4763 2980//4763
f 2980//4764 2955//4764 2954//4764
f 2980//4764 2954//4764 2973//4764
f 2973//4765 2954//4765 2953//4765
f 2973//4766 2953//4766 2974//4766
f 2974//4767 2953//4767 2966//4767
f 2974//4768 2966//4768 2976//4768
f 2976//4769 2966//4769 2969//4769
f 2959//4770 2960//4770 2978//4770
f 2978//4771 2960//4771 2961//4771
f 2978//4762 2961//4762 2956//4762
f 2951//4772 2963//4772 2970//4772
f 2970//4773 2963//4773 2964//4773
f 2970//4773 2964//4773 2981//4773
f 2981//4774 2964//4774 2965//4774
f 2981//4775 2965//4775 2982//4775
f 2983//4776 2972//4776 2984//4776
f 2984//4777 2972//4777 2971//4777
f 2984//4778 2971//4778 2985//4778
f 2985//4778 2971//4778 2970//4778
f 2985//4779 2970//4779 2986//4779
f 2986//4780 2970//4780 2981//4780
f 2987//4781 2988//4781 2982//4781
f 2982//4782 2988//4782 2989//4782
f 2982//4783 2989//4783 2981//4783
f 2981//4783 2989//4783 2990//4783
f 2981//4784 2990//4784 2986//4784
f 2991//4785 2992//4785 2987//4785
f 2987//4786 2992//4786 2993//4786
f 2987//4787 2993//4787 2988//4787
f 2994//4788 2995//4788 2996//4788
f 2996//4789 2995//4789 2997//4789
f 2996//4790 2997//4790 2991//4790
f 2991//4791 2997//4791 2998//4791
f 2991//4792 2998//4792 2992//4792
f 2965//4793 2962//4793 2982//4793
f 2982//4794 2962//4794 2957//4794
f 2982//4794 2957//4794 2987//4794
f 2987//4795 2957//4795 2958//4795
f 2987//4795 2958//4795 2991//4795
f 2991//4796 2958//4796 2959//4796
f 2991//4796 2959//4796 2996//4796
f 2996//4797 2959//4797 2978//4797
f 2996//4798 2978//4798 2994//4798
f 2975//4759 2999//4759 2973//4759
f 2973//4799 2999//4799 3000//4799
f 2973//4800 3000//4800 2980//4800
f 2980//4801 3000//4801 3001//4801
f 2980//4802 3001//4802 2979//4802
f 2979//4802 3001//4802 3002//4802
f 2979//4803 3002//4803 2978//4803
f 2978//4803 3002//4803 3003//4803
f 2978//4804 3003//4804 2994//4804
f 2975//4805 2977//4805 3004//4805
f 3005//4806 3006//4806 3000//4806
f 3000//4807 3006//4807 3007//4807
f 3000//4808 3007//4808 3001//4808
f 3005//4809 3000//4809 3004//4809
f 3004//4810 3000//4810 2999//4810
f 3004//4811 2999//4811 2975//4811
f 3007//4812 3008//4812 3001//4812
f 3001//4813 3008//4813 2914//4813
f 3001//4814 2914//4814 3002//4814
f 3002//4815 2914//4815 2913//4815
f 3002//4816 2913//4816 3003//4816
f 3003//4817 2913//4817 2928//4817
f 2921//4818 2995//4818 2928//4818
f 2928//4819 2995//4819 2994//4819
f 2928//4820 2994//4820 3003//4820
f 2989//4821 2988//4821 2915//4821
f 2915//4822 2988//4822 2925//4822
f 2988//4823 2993//4823 2925//4823
f 2925//4824 2993//4824 2992//4824
f 2925//4825 2992//4825 2920//4825
f 2920//4826 2992//4826 2998//4826
f 2920//4827 2998//4827 2921//4827
f 2921//4828 2998//4828 2997//4828
f 2921//4829 2997//4829 2995//4829
f 3009//4830 2986//4830 3010//4830
f 3010//4831 2986//4831 2990//4831
f 2915//4832 2917//4832 2989//4832
f 2989//4833 2917//4833 2919//4833
f 2989//4834 2919//4834 2990//4834
f 2990//4835 2919//4835 3011//4835
f 2990//4836 3011//4836 3010//4836
f 3009//4837 3012//4837 2986//4837
f 2986//4838 3012//4838 3013//4838
f 2986//4839 3013//4839 2985//4839
f 2985//4840 3013//4840 3014//4840
f 2985//4841 3014//4841 2984//4841
f 2984//4842 3014//4842 3015//4842
f 2984//4843 3015//4843 2983//4843
f 3016//4844 3017//4844 3018//4844
f 3019//4845 3020//4845 3017//4845
f 3017//4846 3020//4846 3021//4846
f 3017//4847 3021//4847 3018//4847
f 3022//4848 3023//4848 3024//4848
f 3024//4849 3023//4849 3019//4849
f 3024//4850 3019//4850 3025//4850
f 3025//4851 3019//4851 3017//4851
f 3011//4852 2919//4852 3026//4852
f 3026//4853 2919//4853 3027//4853
f 3028//4854 3029//4854 3030//4854
f 3030//4855 3029//4855 3031//4855
f 3030//4856 3031//4856 3027//4856
f 3027//4857 3031//4857 3032//4857
f 3027//4858 3032//4858 3026//4858
f 3033//4859 3034//4859 3035//4859
f 3035//4860 3036//4860 3033//4860
f 3033//4861 3036//4861 3037//4861
f 3033//4862 3037//4862 3038//4862
f 3039//4863 3040//4863 3017//4863
f 3017//4864 3040//4864 3041//4864
f 3017//4865 3041//4865 3025//4865
f 3025//4866 3041//4866 3042//4866
f 3025//4867 3042//4867 3024//4867
f 2916//4868 2927//4868 3043//4868
f 3043//4869 2927//4869 3044//4869
f 3043//4870 3044//4870 3045//4870
f 3045//4871 3044//4871 3046//4871
f 3045//4872 3046//4872 3047//4872
f 3047//4873 3046//4873 3048//4873
f 3047//4874 3048//4874 3022//4874
f 2918//4875 2916//4875 3049//4875
f 3049//4876 2916//4876 3043//4876
f 3049//4877 3043//4877 3050//4877
f 3050//4878 3043//4878 3045//4878
f 3050//4879 3045//4879 3051//4879
f 3051//4880 3045//4880 3047//4880
f 3051//4881 3047//4881 3042//4881
f 3042//4882 3047//4882 3022//4882
f 3042//4883 3022//4883 3024//4883
f 3052//4884 3037//4884 3053//4884
f 3053//4885 3037//4885 3036//4885
f 3053//4886 3036//4886 3054//4886
f 3054//4887 3036//4887 3035//4887
f 3054//4888 3035//4888 3028//4888
f 3028//4889 3035//4889 3034//4889
f 3028//4890 3034//4890 3029//4890
f 3040//4891 3052//4891 3041//4891
f 3041//4892 3052//4892 3053//4892
f 3041//4893 3053//4893 3042//4893
f 3042//4894 3053//4894 3054//4894
f 3042//4895 3054//4895 3051//4895
f 3051//4896 3054//4896 3028//4896
f 3051//4897 3028//4897 3050//4897
f 3050//4898 3028//4898 3030//4898
f 3050//4899 3030//4899 3049//4899
f 3049//4900 3030//4900 3027//4900
f 3049//4901 3027//4901 2918//4901
f 2918//4902 3027//4902 2919//4902
f 3055//4903 3056//4903 3057//4903
f 3057//4904 3056//4904 3058//4904
f 3057//4905 3058//4905 3059//4905
f 3055//4906 3060//4906 3056//4906
f 3056//4907 3060//4907 3061//4907
f 3056//4908 3061//4908 3062//4908
f 3062//4909 3061//4909 3063//4909
f 3062//4910 3063//4910 3064//4910
f 3065//4911 3066//4911 3064//4911
f 3064//4912 3066//4912 3067//4912
f 3064//4913 3067//4913 3062//4913
f 3068//4914 3069//4914 3070//4914
f 3071//4915 3072//4915 3073//4915
f 3072//4916 3074//4916 3073//4916
f 3073//4917 3074//4917 3075//4917
f 3073//4918 3075//4918 3076//4918
f 3076//4919 3075//4919 3077//4919
f 3076//4920 3077//4920 3064//4920
f 3064//4921 3077//4921 3065//4921
f 3071//4922 3073//4922 3078//4922
f 3078//4923 3073//4923 3079//4923
f 3078//4924 3079//4924 3080//4924
f 3040//4925 3039//4925 3081//4925
f 3068//4926 3070//4926 3082//4926
f 3082//4927 3070//4927 3083//4927
f 3082//4928 3083//4928 3084//4928
f 3084//4929 3083//4929 3085//4929
f 3084//4930 3085//4930 3086//4930
f 3087//4931 3088//4931 3085//4931
f 3085//4932 3088//4932 3089//4932
f 3085//4933 3089//4933 3086//4933
f 3061//4934 3060//4934 3090//4934
f 3090//4935 3060//4935 3091//4935
f 3090//4936 3091//4936 3087//4936
f 3087//4937 3091//4937 3092//4937
f 3087//4938 3092//4938 3088//4938
f 3052//4939 3040//4939 3093//4939
f 3093//4940 3040//4940 3081//4940
f 3093//4941 3081//4941 3094//4941
f 3094//4942 3081//4942 3095//4942
f 3094//4943 3095//4943 3079//4943
f 3079//4944 3095//4944 3096//4944
f 3079//4945 3096//4945 3080//4945
f 3037//4946 3052//4946 3097//4946
f 3097//4947 3052//4947 3093//4947
f 3097//4948 3093//4948 3098//4948
f 3098//4949 3093//4949 3094//4949
f 3098//4950 3094//4950 3099//4950
f 3099//4951 3094//4951 3079//4951
f 3099//4952 3079//4952 3100//4952
f 3100//4953 3079//4953 3073//4953
f 3100//4954 3073//4954 3101//4954
f 3101//4955 3073//4955 3076//4955
f 3101//4956 3076//4956 3063//4956
f 3063//4957 3076//4957 3064//4957
f 3063//4958 3061//4958 3101//4958
f 3101//4959 3061//4959 3090//4959
f 3101//4960 3090//4960 3100//4960
f 3100//4961 3090//4961 3087//4961
f 3100//4962 3087//4962 3099//4962
f 3099//4963 3087//4963 3085//4963
f 3099//4964 3085//4964 3098//4964
f 3098//4965 3085//4965 3083//4965
f 3098//4966 3083//4966 3097//4966
f 3097//4967 3083//4967 3070//4967
f 3097//4968 3070//4968 3037//4968
f 3037//4969 3070//4969 3069//4969
f 3037//4970 3069//4970 3038//4970
f 3016//4971 3102//4971 3103//4971
f 3039//4972 3017//4972 3016//4972
f 3104//4973 3096//4973 3103//4973
f 3103//4974 3096//4974 3095//4974
f 3103//4975 3095//4975 3016//4975
f 3016//4976 3095//4976 3081//4976
f 3016//4977 3081//4977 3039//4977
f 3071//4978 3078//4978 3104//4978
f 3104//4979 3078//4979 3080//4979
f 3104//4980 3080//4980 3096//4980
f 151//4981 344//4981 3105//4981
f 2905//4982 3106//4982 3107//4982
f 2905//4983 2907//4983 3106//4983
f 3106//4984 2907//4984 2908//4984
f 3106//4985 2908//4985 3108//4985
f 3109//4986 2902//4986 2903//4986
f 2902//4987 3109//4987 2900//4987
f 2900//4988 3109//4988 3110//4988
f 2900//4989 3110//4989 2898//4989
f 345//4990 347//4990 3111//4990
f 3111//4991 347//4991 3112//4991
f 3111//4992 3112//4992 3113//4992
f 3113//4993 3112//4993 3114//4993
f 3113//4994 3114//4994 3115//4994
f 3115//4995 3114//4995 3116//4995
f 3115//4996 3116//4996 3117//4996
f 3117//4997 3116//4997 3118//4997
f 3117//4998 3118//4998 3119//4998
f 3119//4999 3118//4999 3120//4999
f 3119//5000 3120//5000 3121//5000
f 3121//5001 3120//5001 2898//5001
f 3121//5002 2898//5002 3122//5002
f 3122//5003 2898//5003 3110//5003
f 151//5004 3105//5004 2933//5004
f 2933//5005 3105//5005 3123//5005
f 2933//5006 3123//5006 2967//5006
f 2967//5007 3123//5007 3124//5007
f 2967//5008 3124//5008 2968//5008
f 2968//5009 3124//5009 3125//5009
f 2968//5010 3125//5010 2969//5010
f 3004//5011 2977//5011 3125//5011
f 3125//5012 2977//5012 2976//5012
f 3125//5013 2976//5013 2969//5013
f 3125//5014 3126//5014 3004//5014
f 3004//5015 3126//5015 3127//5015
f 3004//5016 3127//5016 3005//5016
f 3005//5017 3127//5017 3128//5017
f 3005//5018 3128//5018 3006//5018
f 3006//5019 3128//5019 3007//5019
f 3007//5020 3128//5020 3129//5020
f 3007//5021 3129//5021 3008//5021
f 3008//5022 3129//5022 3107//5022
f 3008//5023 3107//5023 2914//5023
f 2914//5024 3107//5024 3106//5024
f 2914//5025 3106//5025 2912//5025
f 2912//5026 3106//5026 3108//5026
f 2912//5027 3108//5027 2929//5027
f 3130//5028 2931//5028 3108//5028
f 3108//5029 2931//5029 2930//5029
f 3108//5030 2930//5030 2929//5030
f 3131//5031 2922//5031 2931//5031
f 2922//5032 3131//5032 2923//5032
f 2923//5033 3131//5033 3046//5033
f 2923//5034 3046//5034 3044//5034
f 2927//5035 2926//5035 3044//5035
f 3044//5036 2926//5036 2924//5036
f 3044//5037 2924//5037 2923//5037
f 3132//5038 3133//5038 3022//5038
f 3022//5039 3048//5039 3132//5039
f 3132//5040 3048//5040 3046//5040
f 3132//5041 3046//5041 3134//5041
f 3134//5042 3046//5042 3131//5042
f 3134//5043 3131//5043 3135//5043
f 3133//5044 3136//5044 3022//5044
f 3022//5045 3136//5045 3137//5045
f 3022//5046 3137//5046 3023//5046
f 3016//5047 3018//5047 3102//5047
f 3102//5048 3018//5048 3021//5048
f 3102//5049 3021//5049 3138//5049
f 3138//5050 3021//5050 3139//5050
f 3138//5051 3139//5051 3140//5051
f 3137//5052 3141//5052 3023//5052
f 3023//5053 3141//5053 3142//5053
f 3023//5054 3142//5054 3019//5054
f 3019//5055 3142//5055 3139//5055
f 3019//5056 3139//5056 3020//5056
f 3020//5057 3139//5057 3021//5057
f 3130//5058 3143//5058 2931//5058
f 2931//5059 3143//5059 3144//5059
f 2931//5060 3144//5060 3131//5060
f 3131//5061 3144//5061 3145//5061
f 3131//5062 3145//5062 3135//5062
f 344//5063 345//5063 3105//5063
f 3105//5064 345//5064 3111//5064
f 3105//5065 3111//5065 3123//5065
f 3123//5066 3111//5066 3113//5066
f 3123//5067 3113//5067 3124//5067
f 3124//5068 3113//5068 3115//5068
f 3124//5069 3115//5069 3125//5069
f 3125//5070 3115//5070 3117//5070
f 3125//5071 3117//5071 3126//5071
f 3126//5072 3117//5072 3119//5072
f 3126//5073 3119//5073 3127//5073
f 3127//5074 3119//5074 3121//5074
f 3127//5075 3121//5075 3128//5075
f 3128//5076 3121//5076 3122//5076
f 3128//5077 3122//5077 3129//5077
f 3129//5078 3122//5078 3110//5078
f 3129//5079 3110//5079 3107//5079
f 3107//5080 3110//5080 3109//5080
f 3107//5081 3109//5081 2905//5081
f 2905//5082 3109//5082 2903//5082
f 3146//5083 3077//5083 3147//5083
f 3147//5084 3077//5084 3075//5084
f 3147//5085 3075//5085 3148//5085
f 3103//5086 3149//5086 3150//5086
f 3103//5087 3150//5087 3104//5087
f 3075//5088 3074//5088 3148//5088
f 3148//5089 3074//5089 3072//5089
f 3148//5090 3072//5090 3151//5090
f 3151//5091 3072//5091 3071//5091
f 3151//5092 3071//5092 3152//5092
f 3152//5093 3071//5093 3104//5093
f 3152//5094 3104//5094 3153//5094
f 3153//5095 3104//5095 3150//5095
f 3138//5096 3140//5096 3154//5096
f 3138//5097 3154//5097 3102//5097
f 3102//5098 3154//5098 3155//5098
f 3102//5099 3155//5099 3103//5099
f 3103//5100 3155//5100 3156//5100
f 3103//5101 3156//5101 3149//5101
f 3112//5102 347//5102 3157//5102
f 3157//5103 347//5103 384//5103
f 3157//5104 3158//5104 3112//5104
f 3112//5105 3158//5105 3159//5105
f 3112//5106 3159//5106 3114//5106
f 3114//5107 3159//5107 3160//5107
f 3114//5108 3160//5108 3116//5108
f 3160//5109 3161//5109 3116//5109
f 3116//5110 3161//5110 3162//5110
f 3116//5111 3162//5111 3118//5111
f 3118//5112 3162//5112 3163//5112
f 3118//5113 3163//5113 3120//5113
f 3120//5114 3163//5114 3164//5114
f 3120//5115 3164//5115 2898//5115
f 3165//5116 3166//5116 3146//5116
f 3146//5117 3147//5117 3165//5117
f 3165//5118 3147//5118 3148//5118
f 3165//5119 3148//5119 3167//5119
f 3167//5120 3148//5120 3151//5120
f 3167//5121 3151//5121 3168//5121
f 3168//5122 3151//5122 3152//5122
f 3168//5123 3152//5123 3169//5123
f 3169//5124 3152//5124 3153//5124
f 3154//5125 3170//5125 3155//5125
f 3155//5126 3170//5126 3171//5126
f 3155//5127 3171//5127 3156//5127
f 3171//5128 3172//5128 3156//5128
f 3156//5129 3172//5129 3173//5129
f 3156//5130 3173//5130 3149//5130
f 3149//5131 3173//5131 3174//5131
f 3149//5132 3174//5132 3150//5132
f 3150//5133 3174//5133 3175//5133
f 3150//5134 3175//5134 3153//5134
f 3153//5135 3175//5135 3176//5135
f 3153//5136 3176//5136 3169//5136
f 3136//5137 3177//5137 3137//5137
f 3137//5138 3177//5138 3178//5138
f 3137//5139 3178//5139 3141//5139
f 3178//5140 3179//5140 3141//5140
f 3141//5141 3179//5141 3180//5141
f 3141//5142 3180//5142 3142//5142
f 3142//5143 3180//5143 3181//5143
f 3142//5144 3181//5144 3139//5144
f 3139//5145 3181//5145 3182//5145
f 3139//5146 3182//5146 3140//5146
f 3140//5147 3182//5147 3183//5147
f 3140//5148 3183//5148 3154//5148
f 3154//5149 3183//5149 3184//5149
f 3154//5150 3184//5150 3170//5150
f 3145//5151 3185//5151 3135//5151
f 3135//5152 3185//5152 3186//5152
f 3135//5153 3186//5153 3134//5153
f 3134//5154 3186//5154 3187//5154
f 3134//5155 3187//5155 3132//5155
f 3132//5156 3187//5156 3188//5156
f 3132//5157 3188//5157 3133//5157
f 3133//5158 3188//5158 3189//5158
f 3133//5159 3189//5159 3136//5159
f 3136//5160 3189//5160 3190//5160
f 3136//5161 3190//5161 3177//5161
f 3144//5162 3191//5162 3145//5162
f 3145//5163 3191//5163 3192//5163
f 3145//5164 3192//5164 3185//5164
f 2908//5165 3193//5165 3108//5165
f 3108//5166 3193//5166 3194//5166
f 3108//5167 3194//5167 3130//5167
f 3130//5168 3194//5168 3195//5168
f 3130//5169 3195//5169 3143//5169
f 3143//5170 3195//5170 3196//5170
f 3143//5171 3196//5171 3144//5171
f 3144//5172 3196//5172 3197//5172
f 3144//5173 3197//5173 3191//5173
f 3198//5174 3199//5174 3200//5174
f 3201//5175 3202//5175 3203//5175
f 3201//5176 3203//5176 3204//5176
f 3203//5177 3205//5177 3204//5177
f 3204//5178 3205//5178 3206//5178
f 3204//5179 3206//5179 3200//5179
f 3200//5180 3206//5180 3207//5180
f 3200//5181 3207//5181 3198//5181
f 428//601 427//601 3208//601
f 3208//5182 427//5182 3209//5182
f 3208//5183 3209//5183 3210//5183
f 3210//5184 3209//5184 3211//5184
f 3210//5185 3211//5185 3212//5185
f 3212//5186 3211//5186 3213//5186
f 3212//5187 3213//5187 3214//5187
f 3214//5188 3213//5188 3215//5188
f 3214//5189 3215//5189 3199//5189
f 3199//5190 3215//5190 3216//5190
f 3199//5191 3216//5191 3200//5191
f 3200//5192 3216//5192 3217//5192
f 3200//5193 3217//5193 3204//5193
f 3204//5194 3217//5194 3218//5194
f 3204//5195 3218//5195 3201//5195
f 3201//5196 3218//5196 3219//5196
f 3201//5197 3219//5197 3202//5197
f 3202//5198 3219//5198 3220//5198
f 3202//5199 3220//5199 3221//5199
f 3221//5200 3220//5200 3222//5200
f 3221//5201 3222//5201 3223//5201
f 3224//5202 3225//5202 3223//5202
f 3223//5203 3225//5203 3226//5203
f 3223//5204 3226//5204 3221//5204
f 3227//5205 3228//5205 3229//5205
f 3224//5206 3230//5206 3225//5206
f 3225//5207 3230//5207 3227//5207
f 3225//5208 3227//5208 3231//5208
f 3231//5209 3227//5209 3229//5209
f 3232//5210 3233//5210 3234//5210
f 3234//5211 3233//5211 3235//5211
f 3234//5212 3235//5212 3236//5212
f 3237//5213 3238//5213 3239//5213
f 3239//5214 3238//5214 3240//5214
f 3239//5215 3240//5215 3241//5215
f 3241//5216 3240//5216 3242//5216
f 3241//5217 3242//5217 3243//5217
f 3243//5218 3242//5218 3244//5218
f 3243//5219 3244//5219 3245//5219
f 3245//5220 3244//5220 3246//5220
f 3245//5221 3246//5221 3247//5221
f 3247//5222 3246//5222 3248//5222
f 3247//5223 3248//5223 3249//5223
f 3249//5224 3248//5224 3250//5224
f 3249//5225 3250//5225 3251//5225
f 3251//5226 3250//5226 3252//5226
f 3251//5227 3252//5227 3253//5227
f 3253//5228 3252//5228 3254//5228
f 3253//5229 3254//5229 3255//5229
f 3255//5230 3254//5230 3256//5230
f 3255//5231 3256//5231 3257//5231
f 3257//5232 3256//5232 3258//5232
f 3257//5233 3258//5233 3259//5233
f 3259//5234 3258//5234 3236//5234
f 3259//5235 3236//5235 3260//5235
f 3260//5236 3236//5236 3235//5236
f 3237//5237 3261//5237 3238//5237
f 3238//5238 3261//5238 3229//5238
f 3238//5239 3229//5239 3228//5239
f 506//5240 505//5240 3262//5240
f 506//5241 3262//5241 3263//5241
f 3263//5242 3262//5242 3264//5242
f 3263//5243 3264//5243 3265//5243
f 3265//5244 3264//5244 3266//5244
f 3265//5245 3266//5245 3267//5245
f 3267//5246 3266//5246 3268//5246
f 3267//5247 3268//5247 3269//5247
f 3269//5248 3268//5248 3270//5248
f 3269//5249 3270//5249 3271//5249
f 3233//5250 3232//5250 3272//5250
f 3272//5251 3232//5251 3273//5251
f 3272//5252 3273//5252 3271//5252
f 3271//5253 3273//5253 3274//5253
f 3271//5254 3274//5254 3269//5254
f 3256//5255 3254//5255 3275//5255
f 3275//5256 3254//5256 3252//5256
f 3275//5257 3252//5257 3250//5257
f 3276//5258 3258//5258 3277//5258
f 3277//5259 3258//5259 3256//5259
f 3277//5260 3256//5260 3278//5260
f 3278//5261 3256//5261 3275//5261
f 3278//5262 3275//5262 3279//5262
f 3276//5263 3280//5263 3258//5263
f 3258//5264 3280//5264 3281//5264
f 3258//5265 3281//5265 3236//5265
f 3236//5266 3281//5266 3282//5266
f 3236//5267 3282//5267 3234//5267
f 3234//5268 3282//5268 3232//5268
f 3283//5269 3273//5269 3284//5269
f 3284//5270 3273//5270 3232//5270
f 3284//5271 3232//5271 3285//5271
f 3285//5272 3232//5272 3282//5272
f 3286//5273 3287//5273 3288//5273
f 3288//5274 3287//5274 3289//5274
f 3288//5275 3289//5275 3290//5275
f 3267//5276 3269//5276 3291//5276
f 3291//5277 3269//5277 3274//5277
f 3291//5278 3274//5278 3273//5278
f 3263//5279 3265//5279 3292//5279
f 3292//5280 3265//5280 3267//5280
f 3292//5281 3267//5281 3293//5281
f 3293//5282 3267//5282 3291//5282
f 509//5283 507//5283 3294//5283
f 3294//5284 507//5284 506//5284
f 3294//5285 506//5285 3263//5285
f 3294//5286 3295//5286 509//5286
f 509//5287 3295//5287 3296//5287
f 509//5288 3296//5288 511//5288
f 511//5289 3296//5289 3297//5289
f 511//5290 3297//5290 523//5290
f 519//5291 526//5291 530//5291
f 530//5292 526//5292 3298//5292
f 530//5293 3298//5293 574//5293
f 574//5294 3298//5294 3299//5294
f 526//5295 524//5295 3298//5295
f 3298//5296 524//5296 3300//5296
f 3298//5297 3300//5297 3299//5297
f 3299//5298 3300//5298 3301//5298
f 3294//5299 3302//5299 3295//5299
f 3295//5300 3302//5300 3303//5300
f 3295//5301 3303//5301 3296//5301
f 3296//5302 3303//5302 3301//5302
f 3296//5303 3301//5303 3297//5303
f 3297//5304 3301//5304 3300//5304
f 3297//5305 3300//5305 523//5305
f 523//5306 3300//5306 524//5306
f 3304//5307 3305//5307 3306//5307
f 3306//5308 3305//5308 3307//5308
f 3306//5309 3307//5309 3308//5309
f 3309//5310 3310//5310 3311//5310
f 3311//5311 3312//5311 3309//5311
f 3309//5312 3312//5312 3313//5312
f 3309//5313 3313//5313 3307//5313
f 3307//5314 3313//5314 3314//5314
f 3307//5315 3314//5315 3308//5315
f 3283//5316 3286//5316 3273//5316
f 3273//5317 3286//5317 3288//5317
f 3273//5318 3288//5318 3291//5318
f 3291//5319 3288//5319 3290//5319
f 3315//5320 3316//5320 3310//5320
f 3310//5321 3316//5321 3317//5321
f 3310//5322 3317//5322 3311//5322
f 3290//5323 3315//5323 3291//5323
f 3291//5324 3315//5324 3310//5324
f 3291//5325 3310//5325 3293//5325
f 3293//5326 3310//5326 3309//5326
f 3293//5327 3309//5327 3292//5327
f 3292//5328 3309//5328 3307//5328
f 3292//5329 3307//5329 3263//5329
f 3263//5330 3307//5330 3305//5330
f 3263//5331 3305//5331 3294//5331
f 3294//5332 3305//5332 3304//5332
f 3294//5333 3304//5333 3302//5333
f 3318//5334 1017//5334 1016//5334
f 3319//5335 3320//5335 1016//5335
f 1016//5336 3320//5336 3321//5336
f 3321//5337 3322//5337 1016//5337
f 1016//5338 3322//5338 3323//5338
f 1016//5339 3323//5339 3318//5339
f 586//775 585//775 621//775
f 621//774 3324//774 586//774
f 586//776 3324//776 3325//776
f 586//776 3325//776 587//776
f 587//5340 3325//5340 3326//5340
f 587//777 3326//777 589//777
f 589//778 3326//778 3327//778
f 589//778 3327//778 591//778
f 591//779 3327//779 1018//779
f 591//779 1018//779 593//779
f 598//5341 597//5341 607//5341
f 607//780 3328//780 598//780
f 598//781 3328//781 3329//781
f 598//781 3329//781 599//781
f 599//782 3329//782 3330//782
f 599//782 3330//782 601//782
f 601//783 3330//783 622//783
f 601//783 622//783 603//783
f 3331//788 608//788 606//788
f 620//787 612//787 1023//787
f 1023//787 3332//787 620//787
f 620//794 3332//794 3333//794
f 620//793 3333//793 619//793
f 619//792 3333//792 3334//792
f 619//792 3334//792 617//792
f 617//791 3334//791 3335//791
f 617//790 3335//790 615//790
f 615//789 3335//789 3331//789
f 615//789 3331//789 609//789
f 609//786 3331//786 606//786
f 3336//796 3337//796 3338//796
f 3338//796 3337//796 3339//796
f 3338//796 3339//796 3340//796
f 3341//797 3342//797 3339//797
f 3339//797 3342//797 3343//797
f 3343//797 3344//797 3339//797
f 3339//797 3344//797 3345//797
f 3339//797 3345//797 3340//797
f 3346//5342 3347//5342 3348//5342
f 3346//5343 3348//5343 3349//5343
f 3349//5344 3348//5344 3350//5344
f 3349//5345 3350//5345 3351//5345
f 3352//5346 3353//5346 3351//5346
f 3351//5347 3353//5347 3354//5347
f 3351//5348 3354//5348 3349//5348
f 1022//806 1021//806 3355//806
f 1022//806 3355//806 3356//806
f 3356//805 3355//805 3357//805
f 3356//805 3357//805 3358//805
f 3350//851 3359//851 3360//851
f 3361//851 3362//851 3350//851
f 3350//851 3362//851 3363//851
f 3350//851 3363//851 3359//851
f 3364//851 3365//851 3366//851
f 3343//851 3342//851 3367//851
f 3367//851 3342//851 3368//851
f 3367//851 3368//851 3369//851
f 3370//851 3371//851 3372//851
f 3372//851 3371//851 3364//851
f 3372//851 3364//851 3373//851
f 3373//851 3364//851 3366//851
f 3373//851 3366//851 3374//851
f 3375//851 3376//851 3377//851
f 3350//851 3348//851 3361//851
f 3361//851 3348//851 3347//851
f 3361//851 3347//851 3342//851
f 3342//851 3347//851 3378//851
f 3342//851 3378//851 3368//851
f 3379//851 3357//851 3380//851
f 3380//851 3357//851 3355//851
f 3380//851 3355//851 3381//851
f 3381//851 3355//851 1021//851
f 3381//851 1021//851 3360//851
f 3360//851 1021//851 1015//851
f 3360//851 1015//851 3350//851
f 3377//851 3376//851 3370//851
f 3370//851 3376//851 3382//851
f 3370//851 3382//851 3371//851
f 3371//851 3382//851 3383//851
f 3371//851 3383//851 3361//851
f 3361//851 3383//851 3384//851
f 3361//851 3384//851 3362//851
f 3377//851 3385//851 3375//851
f 3375//851 3385//851 3386//851
f 3375//851 3386//851 3379//851
f 3379//851 3386//851 3387//851
f 3379//851 3387//851 3357//851
f 3387//808 3388//808 3357//808
f 3357//808 3388//808 3358//808
f 3370//813 3389//813 3390//813
f 3370//813 3390//813 3377//813
f 3377//812 3390//812 3391//812
f 3377//811 3391//811 3385//811
f 3385//810 3391//810 3392//810
f 3385//810 3392//810 3386//810
f 3386//809 3392//809 3388//809
f 3386//809 3388//809 3387//809
f 3389//814 3370//814 3393//814
f 3393//814 3370//814 3372//814
f 3394//5349 3395//5349 3396//5349
f 3396//5350 3395//5350 3397//5350
f 3396//5351 3397//5351 3398//5351
f 3393//824 3372//824 3399//824
f 3399//824 3372//824 3373//824
f 3399//823 3373//823 3374//823
f 3374//5352 3400//5352 3399//5352
f 3399//5353 3400//5353 3401//5353
f 3399//5354 3401//5354 3396//5354
f 3396//5355 3401//5355 3402//5355
f 3396//5356 3402//5356 3394//5356
f 3367//5357 3369//5357 3403//5357
f 3344//5358 3343//5358 3367//5358
f 3367//5359 3403//5359 3344//5359
f 3344//5360 3403//5360 3404//5360
f 3344//5361 3404//5361 3345//5361
f 3402//5362 3336//5362 3394//5362
f 3394//5363 3336//5363 3338//5363
f 3394//5364 3338//5364 3340//5364
f 3400//5365 3374//5365 3366//5365
f 3402//5366 3401//5366 3336//5366
f 3336//5367 3401//5367 3400//5367
f 3336//5368 3400//5368 3405//5368
f 3405//5369 3400//5369 3366//5369
f 3405//5370 3366//5370 3365//5370
f 3345//5371 3404//5371 3340//5371
f 3340//5372 3404//5372 3406//5372
f 3340//5373 3406//5373 3394//5373
f 3394//5374 3406//5374 3407//5374
f 3394//5375 3407//5375 3395//5375
f 3364//845 3408//845 3365//845
f 3365//845 3408//845 3337//845
f 3365//845 3337//845 3405//845
f 3405//845 3337//845 3336//845
f 3364//847 3371//847 3408//847
f 3408//847 3371//847 3409//847
f 3371//848 3361//848 3409//848
f 3409//848 3361//848 3410//848
f 3361//849 3342//849 3410//849
f 3410//849 3342//849 3341//849
f 3341//851 3339//851 3411//851
f 3409//851 3410//851 3412//851
f 3412//851 3413//851 3409//851
f 3409//851 3413//851 3414//851
f 3409//851 3414//851 3408//851
f 3337//851 3415//851 3339//851
f 3339//851 3415//851 3416//851
f 3339//851 3416//851 3411//851
f 3411//851 3417//851 3341//851
f 3341//851 3417//851 3418//851
f 3341//851 3418//851 3410//851
f 3410//851 3418//851 3419//851
f 3410//851 3419//851 3412//851
f 3414//851 3420//851 3408//851
f 3408//851 3420//851 3421//851
f 3408//851 3421//851 3337//851
f 3337//851 3421//851 3422//851
f 3337//851 3422//851 3415//851
f 3332//807 1023//807 1022//807
f 3398//807 3423//807 3424//807
f 3334//807 3333//807 3425//807
f 3426//807 3392//807 3427//807
f 3427//807 3392//807 3391//807
f 3427//807 3391//807 3428//807
f 3428//807 3391//807 3390//807
f 3428//807 3390//807 3429//807
f 3429//807 3390//807 3389//807
f 3429//807 3389//807 3430//807
f 3430//807 3389//807 3393//807
f 1022//807 3356//807 3431//807
f 3431//807 3356//807 3358//807
f 3431//807 3358//807 3426//807
f 3426//807 3358//807 3388//807
f 3426//807 3388//807 3392//807
f 3333//807 3332//807 3425//807
f 3425//807 3332//807 1022//807
f 3425//807 1022//807 3432//807
f 3432//807 1022//807 3431//807
f 608//807 3331//807 3425//807
f 3425//807 3331//807 3335//807
f 3425//807 3335//807 3334//807
f 3319//807 1016//807 3325//807
f 1018//5376 3327//5376 1016//5376
f 1016//807 3327//807 3326//807
f 1016//807 3326//807 3325//807
f 765//5377 3433//5377 3434//5377
f 3434//5378 3433//5378 3435//5378
f 3434//5379 3435//5379 3436//5379
f 3437//807 3438//807 3439//807
f 3438//807 3440//807 3439//807
f 3439//807 3440//807 3441//807
f 3439//5380 3441//5380 3424//5380
f 3424//807 3441//807 3442//807
f 3424//807 3442//807 3398//807
f 3398//807 3442//807 3443//807
f 3398//807 3443//807 3396//807
f 3396//807 3443//807 3444//807
f 3396//807 3444//807 3399//807
f 3399//807 3444//807 3445//807
f 3399//807 3445//807 3393//807
f 3393//807 3445//807 3446//807
f 3393//807 3446//807 3430//807
f 3430//807 3446//807 3447//807
f 3430//807 3447//807 3448//807
f 3448//807 3447//807 3449//807
f 3448//807 3449//807 3450//807
f 3450//807 3449//807 3451//807
f 3450//807 3451//807 3437//807
f 3452//807 3330//807 3329//807
f 3436//5380 3452//5380 3434//5380
f 3434//807 3452//807 3329//807
f 3434//807 3329//807 3453//807
f 3453//807 3329//807 3328//807
f 3453//807 3328//807 3425//807
f 3425//807 3328//807 607//807
f 3425//807 607//807 608//807
f 3437//807 3439//807 3450//807
f 3450//807 3439//807 3454//807
f 3450//807 3454//807 3434//807
f 3434//807 3454//807 766//807
f 3434//807 766//807 765//807
f 3325//807 3324//807 3319//807
f 3319//807 3324//807 621//807
f 3319//807 621//807 3452//807
f 3452//807 621//807 622//807
f 3452//807 622//807 3330//807
f 3455//5381 751//5381 750//5381
f 3319//5382 3452//5382 3456//5382
f 3456//5383 3452//5383 3455//5383
f 3456//5384 3455//5384 3457//5384
f 3457//5385 3455//5385 750//5385
f 3436//5386 3458//5386 3452//5386
f 3452//5387 3458//5387 3459//5387
f 3452//5388 3459//5388 3455//5388
f 3455//5389 3459//5389 756//5389
f 3455//5390 756//5390 751//5390
f 3458//5391 3436//5391 3435//5391
f 3459//5392 3458//5392 3460//5392
f 3460//5393 3458//5393 3435//5393
f 3460//5394 3435//5394 3461//5394
f 3461//5395 3435//5395 3433//5395
f 3461//5396 3433//5396 3462//5396
f 3462//5397 3433//5397 765//5397
f 3462//5398 765//5398 767//5398
f 767//5399 764//5399 3462//5399
f 3462//5400 764//5400 763//5400
f 3462//5401 763//5401 3461//5401
f 3461//5402 763//5402 762//5402
f 3461//5403 762//5403 3460//5403
f 3460//5404 762//5404 761//5404
f 3460//5405 761//5405 3459//5405
f 3459//5406 761//5406 756//5406
f 768//5407 766//5407 3454//5407
f 771//5408 3439//5408 772//5408
f 772//5409 3439//5409 3424//5409
f 772//5410 3424//5410 773//5410
f 773//5411 3424//5411 3423//5411
f 773//5412 3423//5412 774//5412
f 769//5413 768//5413 771//5413
f 771//5414 768//5414 3454//5414
f 771//5415 3454//5415 3439//5415
f 3423//5416 3398//5416 3463//5416
f 3463//5417 3398//5417 3397//5417
f 3463//5418 3397//5418 3407//5418
f 3407//5419 3397//5419 3395//5419
f 3463//5420 3464//5420 3423//5420
f 3423//5421 3464//5421 777//5421
f 3423//5422 777//5422 774//5422
f 3465//5423 3466//5423 3467//5423
f 3466//5424 3465//5424 3468//5424
f 3209//5425 427//5425 3464//5425
f 3464//5426 427//5426 781//5426
f 3464//5427 781//5427 777//5427
f 3209//5428 3464//5428 3211//5428
f 3211//5429 3464//5429 3463//5429
f 3211//5430 3463//5430 3213//5430
f 3213//5431 3463//5431 3407//5431
f 3213//5432 3407//5432 3215//5432
f 3218//5433 3469//5433 3219//5433
f 3219//5434 3469//5434 3470//5434
f 3219//5435 3470//5435 3220//5435
f 3220//5436 3470//5436 3222//5436
f 3222//5437 3470//5437 3467//5437
f 3222//5438 3467//5438 3223//5438
f 3223//5439 3467//5439 3224//5439
f 3224//5440 3467//5440 3466//5440
f 3224//5441 3466//5441 3230//5441
f 3230//5442 3466//5442 3468//5442
f 3230//5443 3468//5443 3227//5443
f 3468//5444 3471//5444 3227//5444
f 3227//5445 3471//5445 3472//5445
f 3227//5446 3472//5446 3228//5446
f 3228//5447 3472//5447 3238//5447
f 3472//5448 3473//5448 3238//5448
f 3238//5449 3473//5449 3474//5449
f 3238//5450 3474//5450 3240//5450
f 3240//5451 3474//5451 3475//5451
f 3240//5452 3475//5452 3242//5452
f 3242//5453 3475//5453 3244//5453
f 3244//5454 3475//5454 3476//5454
f 3244//5455 3476//5455 3246//5455
f 3476//5456 3279//5456 3275//5456
f 3275//5457 3250//5457 3476//5457
f 3476//5458 3250//5458 3248//5458
f 3476//5459 3248//5459 3246//5459
f 3407//5460 3477//5460 3215//5460
f 3215//5461 3477//5461 3478//5461
f 3215//5462 3478//5462 3216//5462
f 3216//5463 3478//5463 3479//5463
f 3216//5464 3479//5464 3217//5464
f 3217//5465 3479//5465 3480//5465
f 3217//5466 3480//5466 3218//5466
f 3218//5467 3480//5467 3481//5467
f 3218//5468 3481//5468 3469//5468
f 3469//5469 3481//5469 3482//5469
f 3469//5470 3482//5470 3470//5470
f 3470//5471 3482//5471 3483//5471
f 3470//5472 3483//5472 3467//5472
f 3467//5473 3483//5473 3484//5473
f 3467//5474 3484//5474 3465//5474
f 3369//5475 3485//5475 3403//5475
f 3486//5476 3487//5476 3488//5476
f 3489//5477 895//5477 798//5477
f 3489//5478 798//5478 3490//5478
f 798//5479 3491//5479 3490//5479
f 3490//5480 3491//5480 3492//5480
f 3490//5481 3492//5481 3493//5481
f 3493//5482 3492//5482 3494//5482
f 3493//5483 3494//5483 3495//5483
f 3495//5484 3494//5484 3496//5484
f 3496//5485 3494//5485 3497//5485
f 3496//5486 3497//5486 3498//5486
f 3498//5487 3497//5487 3499//5487
f 3498//5488 3499//5488 3500//5488
f 3501//5489 3502//5489 3503//5489
f 3503//5490 3502//5490 3504//5490
f 3503//5491 3504//5491 3505//5491
f 3506//5492 3507//5492 3508//5492
f 3508//5493 3507//5493 3505//5493
f 3508//5494 3505//5494 3509//5494
f 3509//5495 3505//5495 3504//5495
f 3510//5496 3511//5496 3512//5496
f 3512//5497 3511//5497 3513//5497
f 3512//5498 3513//5498 3488//5498
f 3488//5499 3513//5499 3514//5499
f 3488//5500 3514//5500 3486//5500
f 3515//5501 3516//5501 3517//5501
f 3517//5502 3516//5502 3518//5502
f 3517//5503 3518//5503 3510//5503
f 3510//5504 3518//5504 3519//5504
f 3510//5505 3519//5505 3511//5505
f 3515//5506 3517//5506 3520//5506
f 3520//5507 3517//5507 3521//5507
f 3520//5508 3521//5508 3522//5508
f 3522//5509 3521//5509 3523//5509
f 3522//5510 3523//5510 3524//5510
f 3524//5511 3523//5511 3525//5511
f 3524//5512 3525//5512 3526//5512
f 3527//5513 3528//5513 3529//5513
f 3529//5514 3528//5514 3530//5514
f 3529//5515 3530//5515 3525//5515
f 3525//5516 3530//5516 3531//5516
f 3525//5517 3531//5517 3526//5517
f 3532//5518 3533//5518 3534//5518
f 3534//5519 3533//5519 3535//5519
f 3534//5520 3535//5520 3527//5520
f 3527//5521 3535//5521 3536//5521
f 3527//5522 3536//5522 3528//5522
f 3537//5523 3538//5523 3539//5523
f 3540//5524 3541//5524 3542//5524
f 3542//5525 3541//5525 3543//5525
f 3542//5526 3543//5526 3544//5526
f 3544//5527 3543//5527 3545//5527
f 3544//5528 3545//5528 3532//5528
f 3532//5529 3545//5529 3546//5529
f 3532//5530 3546//5530 3533//5530
f 3547//5531 3548//5531 3549//5531
f 3549//5532 3548//5532 3550//5532
f 3549//5533 3550//5533 3538//5533
f 3538//5534 3550//5534 3551//5534
f 3538//5535 3551//5535 3539//5535
f 3552//5536 3553//5536 3547//5536
f 3547//5537 3553//5537 3554//5537
f 3547//5538 3554//5538 3548//5538
f 3555//5539 3556//5539 3552//5539
f 3552//5540 3556//5540 3557//5540
f 3552//5541 3557//5541 3553//5541
f 3552//5542 3558//5542 3555//5542
f 3555//5543 3558//5543 3559//5543
f 3555//5544 3559//5544 3560//5544
f 3561//5545 3562//5545 3559//5545
f 3559//5546 3562//5546 3563//5546
f 3559//5547 3563//5547 3560//5547
f 3564//5548 3565//5548 3566//5548
f 3566//5549 3565//5549 3567//5549
f 3566//5550 3567//5550 3561//5550
f 3561//5551 3567//5551 3568//5551
f 3561//5552 3568//5552 3562//5552
f 3566//5553 3569//5553 3564//5553
f 3564//5554 3569//5554 3570//5554
f 3564//5555 3570//5555 3571//5555
f 3571//5556 3570//5556 3572//5556
f 3572//5557 3570//5557 3573//5557
f 3572//5558 3573//5558 3574//5558
f 3574//5559 3573//5559 3575//5559
f 3575//5560 3573//5560 3576//5560
f 3575//5561 3576//5561 3577//5561
f 3577//5562 3576//5562 3578//5562
f 3577//5563 3578//5563 3579//5563
f 3579//5564 3578//5564 3580//5564
f 3579//5565 3580//5565 3581//5565
f 3581//5566 3580//5566 3582//5566
f 3581//5567 3582//5567 3378//5567
f 3485//5568 3369//5568 3582//5568
f 3582//5569 3369//5569 3368//5569
f 3582//5570 3368//5570 3378//5570
f 3404//5571 3478//5571 3406//5571
f 3406//5572 3478//5572 3477//5572
f 3406//5573 3477//5573 3407//5573
f 3573//5574 3482//5574 3576//5574
f 3576//5575 3482//5575 3481//5575
f 3576//5576 3481//5576 3578//5576
f 3578//5577 3481//5577 3480//5577
f 3578//5578 3480//5578 3580//5578
f 3580//5579 3480//5579 3479//5579
f 3580//5580 3479//5580 3582//5580
f 3582//5581 3479//5581 3478//5581
f 3582//5582 3478//5582 3485//5582
f 3485//5583 3478//5583 3404//5583
f 3485//5584 3404//5584 3403//5584
f 3559//5585 3472//5585 3561//5585
f 3561//5586 3472//5586 3471//5586
f 3561//5587 3471//5587 3566//5587
f 3566//5588 3471//5588 3468//5588
f 3566//5589 3468//5589 3569//5589
f 3569//5590 3468//5590 3465//5590
f 3569//5591 3465//5591 3570//5591
f 3570//5592 3465//5592 3484//5592
f 3570//5593 3484//5593 3573//5593
f 3573//5594 3484//5594 3483//5594
f 3573//5595 3483//5595 3482//5595
f 3547//5596 3476//5596 3552//5596
f 3552//5597 3476//5597 3475//5597
f 3552//5598 3475//5598 3558//5598
f 3558//5599 3475//5599 3474//5599
f 3558//5600 3474//5600 3559//5600
f 3559//5601 3474//5601 3473//5601
f 3559//5602 3473//5602 3472//5602
f 3276//5603 3277//5603 3549//5603
f 3549//5604 3277//5604 3278//5604
f 3549//5605 3278//5605 3547//5605
f 3547//5606 3278//5606 3279//5606
f 3547//5607 3279//5607 3476//5607
f 3276//5608 3549//5608 3280//5608
f 3280//5609 3549//5609 3538//5609
f 3280//5610 3538//5610 3281//5610
f 3281//5611 3538//5611 3537//5611
f 3281//5612 3537//5612 3282//5612
f 3539//5613 3540//5613 3537//5613
f 3537//5614 3540//5614 3542//5614
f 3537//5615 3542//5615 3282//5615
f 3282//5616 3542//5616 3544//5616
f 3282//5617 3544//5617 3285//5617
f 3285//5618 3544//5618 3532//5618
f 3285//5619 3532//5619 3284//5619
f 3284//5620 3532//5620 3534//5620
f 3284//5621 3534//5621 3283//5621
f 3283//5622 3534//5622 3527//5622
f 3283//5623 3527//5623 3286//5623
f 3286//5624 3527//5624 3529//5624
f 3286//5625 3529//5625 3287//5625
f 3287//5626 3529//5626 3289//5626
f 3289//5627 3529//5627 3525//5627
f 3289//5628 3525//5628 3290//5628
f 3290//5629 3525//5629 3523//5629
f 3290//5630 3523//5630 3315//5630
f 3315//5631 3523//5631 3521//5631
f 3315//5632 3521//5632 3316//5632
f 3316//5633 3521//5633 3517//5633
f 3316//5634 3517//5634 3317//5634
f 3317//5635 3517//5635 3510//5635
f 3317//5636 3510//5636 3311//5636
f 3311//5637 3510//5637 3512//5637
f 3311//5638 3512//5638 3312//5638
f 3312//5639 3512//5639 3488//5639
f 3312//5640 3488//5640 3313//5640
f 3313//5641 3488//5641 3487//5641
f 3313//5642 3487//5642 3314//5642
f 3486//5643 3506//5643 3487//5643
f 3487//5644 3506//5644 3508//5644
f 3487//5645 3508//5645 3314//5645
f 3314//5646 3508//5646 3509//5646
f 3314//5647 3509//5647 3308//5647
f 3308//5648 3509//5648 3504//5648
f 3308//5649 3504//5649 3306//5649
f 3306//5650 3504//5650 3502//5650
f 3306//5651 3502//5651 3304//5651
f 3501//5652 3500//5652 3502//5652
f 3502//5653 3500//5653 3499//5653
f 3502//5654 3499//5654 3304//5654
f 3304//5655 3499//5655 3497//5655
f 3304//5656 3497//5656 3302//5656
f 3302//5657 3497//5657 3494//5657
f 3302//5658 3494//5658 3303//5658
f 3303//5659 3494//5659 3492//5659
f 3303//5660 3492//5660 3301//5660
f 3301//5661 3492//5661 3491//5661
f 3301//5662 3491//5662 3299//5662
f 3299//5663 3491//5663 798//5663
f 3299//5664 798//5664 574//5664
f 3583//5665 899//5665 898//5665
f 3584//5666 3585//5666 3586//5666
f 3586//5667 3587//5667 3584//5667
f 3584//5668 3587//5668 3588//5668
f 3584//5669 3588//5669 3589//5669
f 3589//5670 3588//5670 3590//5670
f 3589//5671 3590//5671 3591//5671
f 3591//5672 3590//5672 3592//5672
f 3591//5673 3592//5673 3593//5673
f 3593//5674 3592//5674 3594//5674
f 3593//5675 3594//5675 3595//5675
f 3595//5676 3594//5676 3596//5676
f 3595//5677 3596//5677 3597//5677
f 3597//5678 3596//5678 3598//5678
f 3597//5679 3598//5679 3599//5679
f 3599//5680 3598//5680 3600//5680
f 3599//5681 3600//5681 3601//5681
f 3601//5682 3600//5682 3602//5682
f 3583//5683 898//5683 3603//5683
f 3603//5684 898//5684 3604//5684
f 3603//5685 3604//5685 3602//5685
f 3602//5686 3604//5686 3605//5686
f 3602//5687 3605//5687 3601//5687
f 3554//1171 3606//1171 3607//1171
f 3551//5688 3550//5688 3608//5688
f 3554//5689 3607//5689 3548//5689
f 3548//5690 3607//5690 3609//5690
f 3548//5691 3609//5691 3550//5691
f 3550//5692 3609//5692 3610//5692
f 3550//5693 3610//5693 3608//5693
f 3551//5694 3608//5694 3539//5694
f 3539//5695 3608//5695 3611//5695
f 3539//5696 3611//5696 3540//5696
f 3540//5697 3611//5697 3612//5697
f 3540//1173 3612//1173 3541//1173
f 3541//5698 3612//5698 3613//5698
f 3541//5699 3613//5699 3543//5699
f 3543//5700 3613//5700 3614//5700
f 3543//5701 3614//5701 3545//5701
f 3545//5702 3614//5702 3615//5702
f 3545//5703 3615//5703 3546//5703
f 3546//5704 3615//5704 3616//5704
f 3546//5705 3616//5705 3533//5705
f 3533//5706 3616//5706 3617//5706
f 3533//5707 3617//5707 3535//5707
f 3535//5708 3617//5708 3618//5708
f 3535//5709 3618//5709 3536//5709
f 3536//5710 3618//5710 3619//5710
f 3536//1186 3619//1186 3528//1186
f 3528//5711 3619//5711 3620//5711
f 3528//5712 3620//5712 3530//5712
f 3530//5713 3620//5713 3621//5713
f 3530//5714 3621//5714 3531//5714
f 3531//5715 3621//5715 3622//5715
f 3531//5716 3622//5716 3526//5716
f 3526//5717 3622//5717 3623//5717
f 3526//5718 3623//5718 3524//5718
f 3524//5719 3623//5719 3624//5719
f 3524//5720 3624//5720 3522//5720
f 3522//5721 3624//5721 3625//5721
f 3522//5722 3625//5722 3520//5722
f 3520//5723 3625//5723 3626//5723
f 3520//5724 3626//5724 3515//5724
f 3515//5725 3626//5725 3627//5725
f 3515//5726 3627//5726 3516//5726
f 3516//5727 3627//5727 3518//5727
f 3518//5728 3627//5728 3628//5728
f 3518//5729 3628//5729 3519//5729
f 3628//5730 3629//5730 3519//5730
f 3519//5731 3629//5731 3630//5731
f 3519//5732 3630//5732 3511//5732
f 3511//5733 3630//5733 3631//5733
f 3511//5734 3631//5734 3513//5734
f 3513//5735 3631//5735 3632//5735
f 3513//5736 3632//5736 3514//5736
f 3514//5737 3632//5737 3633//5737
f 3514//5738 3633//5738 3486//5738
f 3486//5739 3633//5739 3634//5739
f 3486//5740 3634//5740 3506//5740
f 3506//5741 3634//5741 3507//5741
f 3507//5742 3634//5742 3635//5742
f 3507//5743 3635//5743 3505//5743
f 3505//5744 3635//5744 3585//5744
f 3505//5745 3585//5745 3503//5745
f 3605//5746 3604//5746 3493//5746
f 3585//5747 3584//5747 3503//5747
f 3503//5748 3584//5748 3589//5748
f 3503//5749 3589//5749 3501//5749
f 3501//5750 3589//5750 3591//5750
f 3501//5751 3591//5751 3500//5751
f 3500//5752 3591//5752 3593//5752
f 3500//5753 3593//5753 3498//5753
f 3498//5754 3593//5754 3595//5754
f 3498//5755 3595//5755 3496//5755
f 3496//5756 3595//5756 3597//5756
f 3496//5757 3597//5757 3495//5757
f 3495//5758 3597//5758 3599//5758
f 3495//5759 3599//5759 3493//5759
f 3493//5760 3599//5760 3601//5760
f 3493//5761 3601//5761 3605//5761
f 898//5762 895//5762 3489//5762
f 898//5763 3489//5763 3604//5763
f 3604//5764 3489//5764 3490//5764
f 3604//5765 3490//5765 3493//5765
f 3636//5766 3637//5766 3630//5766
f 3638//5767 3639//5767 3630//5767
f 3630//5768 3639//5768 3640//5768
f 3630//5769 3640//5769 3636//5769
f 3641//5770 3632//5770 3637//5770
f 3637//5771 3632//5771 3631//5771
f 3637//5772 3631//5772 3630//5772
f 3642//5773 3586//5773 3585//5773
f 3585//5774 3635//5774 3642//5774
f 3642//5775 3635//5775 3634//5775
f 3642//5776 3634//5776 3641//5776
f 3641//5777 3634//5777 3633//5777
f 3641//5778 3633//5778 3632//5778
f 3630//5779 3629//5779 3638//5779
f 3638//5780 3629//5780 3628//5780
f 3638//5781 3628//5781 3627//5781
f 3627//5782 3626//5782 3638//5782
f 3638//5783 3626//5783 3625//5783
f 3638//5784 3625//5784 3643//5784
f 3643//5785 3625//5785 3624//5785
f 3643//5786 3624//5786 3644//5786
f 3624//5787 3623//5787 3644//5787
f 3644//5788 3623//5788 3622//5788
f 3644//5789 3622//5789 3645//5789
f 3645//5790 3622//5790 3621//5790
f 3620//5791 3646//5791 3621//5791
f 3621//5792 3646//5792 3647//5792
f 3621//5793 3647//5793 3645//5793
f 3620//5794 3619//5794 3646//5794
f 3646//5795 3619//5795 3618//5795
f 3646//5796 3618//5796 3648//5796
f 3648//5797 3618//5797 3617//5797
f 3648//5798 3617//5798 3649//5798
f 3649//5799 3617//5799 3616//5799
f 3615//5800 3614//5800 3650//5800
f 3650//5801 3651//5801 3615//5801
f 3615//5802 3651//5802 3652//5802
f 3615//5803 3652//5803 3616//5803
f 3616//5804 3652//5804 3653//5804
f 3616//5805 3653//5805 3649//5805
f 3614//5806 3613//5806 3650//5806
f 3650//5807 3613//5807 3612//5807
f 3650//5808 3612//5808 3654//5808
f 3654//5809 3612//5809 3611//5809
f 3607//5810 3655//5810 3609//5810
f 3609//5811 3655//5811 3656//5811
f 3609//5812 3656//5812 3610//5812
f 3610//5812 3656//5812 3657//5812
f 3610//5813 3657//5813 3608//5813
f 3608//5814 3657//5814 3658//5814
f 3608//5815 3658//5815 3611//5815
f 3611//5816 3658//5816 3659//5816
f 3611//5817 3659//5817 3654//5817
f 3655//5811 3607//5811 3606//5811
f 3655//5818 3606//5818 3660//5818
f 3660//5819 3606//5819 3661//5819
f 3660//5820 3661//5820 3662//5820
f 3662//5821 3661//5821 3663//5821
f 3663//5822 3661//5822 3664//5822
f 3663//5823 3664//5823 3665//5823
f 3665//5824 3664//5824 3666//5824
f 3665//5825 3666//5825 3667//5825
f 3666//5826 3668//5826 3667//5826
f 3667//5827 3668//5827 3669//5827
f 3667//5828 3669//5828 3670//5828
f 3670//5829 3669//5829 3671//5829
f 3672//5830 3673//5830 3674//5830
f 3674//5831 3673//5831 3675//5831
f 3674//5832 3675//5832 3671//5832
f 3671//5833 3675//5833 3676//5833
f 3671//5834 3676//5834 3670//5834
f 3677//5835 3678//5835 3679//5835
f 3672//5836 3680//5836 3673//5836
f 3673//5837 3680//5837 3681//5837
f 3673//5838 3681//5838 3682//5838
f 3682//5839 3681//5839 3677//5839
f 3682//5840 3677//5840 3683//5840
f 3683//5841 3677//5841 3679//5841
f 3683//5842 3679//5842 3684//5842
f 3661//5843 3606//5843 3554//5843
f 3572//5844 3678//5844 3571//5844
f 3571//5845 3678//5845 3677//5845
f 3571//5846 3677//5846 3564//5846
f 3581//5847 3378//5847 3347//5847
f 3352//5346 3678//5346 3353//5346
f 3353//5844 3678//5844 3572//5844
f 3353//5848 3572//5848 3354//5848
f 3354//1353 3572//1353 3574//1353
f 3354//1354 3574//1354 3349//1354
f 3349//5849 3574//5849 3575//5849
f 3349//5850 3575//5850 3346//5850
f 3346//5851 3575//5851 3577//5851
f 3346//5852 3577//5852 3347//5852
f 3347//5853 3577//5853 3579//5853
f 3347//5854 3579//5854 3581//5854
f 3568//5855 3567//5855 3672//5855
f 3564//5856 3677//5856 3565//5856
f 3565//5857 3677//5857 3681//5857
f 3565//5858 3681//5858 3567//5858
f 3567//5859 3681//5859 3680//5859
f 3567//5860 3680//5860 3672//5860
f 3568//5861 3672//5861 3562//5861
f 3562//5862 3672//5862 3674//5862
f 3562//5863 3674//5863 3563//5863
f 3674//5864 3671//5864 3563//5864
f 3563//5865 3671//5865 3669//5865
f 3563//5866 3669//5866 3560//5866
f 3560//5867 3669//5867 3668//5867
f 3560//5868 3668//5868 3555//5868
f 3555//5869 3668//5869 3556//5869
f 3668//5870 3666//5870 3556//5870
f 3556//5871 3666//5871 3664//5871
f 3556//5872 3664//5872 3557//5872
f 3557//5873 3664//5873 3661//5873
f 3557//5874 3661//5874 3553//5874
f 3553//5875 3661//5875 3554//5875
f 3684//5876 1015//5876 3685//5876
f 3685//5876 1015//5876 1026//5876
f 3678//5876 3352//5876 3679//5876
f 3679//5877 3352//5877 3684//5877
f 3684//5876 3352//5876 1015//5876
f 1015//5876 3352//5876 3351//5876
f 1015//5876 3351//5876 3350//5876
f 3598//5878 3596//5878 3161//5878
f 3641//5879 2901//5879 2899//5879
f 3655//5880 3181//5880 3656//5880
f 3656//5881 3181//5881 3180//5881
f 3656//5882 3180//5882 3657//5882
f 3657//5883 3180//5883 3179//5883
f 3657//5884 3179//5884 3658//5884
f 3658//5885 3179//5885 3178//5885
f 3658//5886 3178//5886 3659//5886
f 3178//5887 3177//5887 3659//5887
f 3659//5888 3177//5888 3190//5888
f 3659//5889 3190//5889 3654//5889
f 3654//5890 3190//5890 3189//5890
f 3654//5891 3189//5891 3650//5891
f 3650//5892 3189//5892 3188//5892
f 3650//5893 3188//5893 3651//5893
f 3651//5894 3188//5894 3187//5894
f 3651//5895 3187//5895 3652//5895
f 3652//5896 3187//5896 3186//5896
f 3652//5897 3186//5897 3653//5897
f 3653//5898 3186//5898 3185//5898
f 3653//5899 3185//5899 3649//5899
f 3649//5900 3185//5900 3192//5900
f 3649//5901 3192//5901 3648//5901
f 3648//5902 3192//5902 3191//5902
f 3648//5903 3191//5903 3646//5903
f 3646//5904 3191//5904 3197//5904
f 3646//5905 3197//5905 3647//5905
f 3197//5906 3196//5906 3647//5906
f 3647//5907 3196//5907 3195//5907
f 3647//5908 3195//5908 3645//5908
f 3645//5909 3195//5909 3194//5909
f 3638//5910 3643//5910 2906//5910
f 2906//5911 3643//5911 3644//5911
f 2906//5912 3644//5912 2908//5912
f 2908//5913 3644//5913 3645//5913
f 2908//5914 3645//5914 3193//5914
f 3193//5915 3645//5915 3194//5915
f 3638//5916 2906//5916 3639//5916
f 3639//5917 2906//5917 2904//5917
f 3639//5918 2904//5918 3640//5918
f 3640//5919 2904//5919 2911//5919
f 3640//5920 2911//5920 3636//5920
f 3636//5921 2911//5921 2910//5921
f 3636//5922 2910//5922 3637//5922
f 3637//5923 2910//5923 3641//5923
f 3641//5924 2910//5924 2909//5924
f 3641//5925 2909//5925 2901//5925
f 2898//5926 3586//5926 2899//5926
f 2899//5927 3586//5927 3642//5927
f 2899//5928 3642//5928 3641//5928
f 3163//5929 3590//5929 3164//5929
f 3164//5930 3590//5930 3588//5930
f 3164//5931 3588//5931 2898//5931
f 2898//5932 3588//5932 3587//5932
f 2898//5933 3587//5933 3586//5933
f 3161//5934 3596//5934 3162//5934
f 3162//5935 3596//5935 3594//5935
f 3162//5936 3594//5936 3163//5936
f 3163//5937 3594//5937 3592//5937
f 3163//5938 3592//5938 3590//5938
f 384//5939 1008//5939 3157//5939
f 3157//5940 1008//5940 3158//5940
f 3598//5941 3161//5941 3600//5941
f 3600//5942 3161//5942 3160//5942
f 3600//5943 3160//5943 3602//5943
f 3602//5944 3160//5944 3159//5944
f 3602//5945 3159//5945 3603//5945
f 3603//5946 3159//5946 3158//5946
f 3603//5947 3158//5947 3583//5947
f 3583//5948 3158//5948 1008//5948
f 3583//5949 1008//5949 899//5949
f 3171//5950 3170//5950 3662//5950
f 3662//5951 3170//5951 3184//5951
f 3662//5952 3184//5952 3660//5952
f 3660//5953 3184//5953 3183//5953
f 3660//5954 3183//5954 3655//5954
f 3655//5955 3183//5955 3182//5955
f 3655//5956 3182//5956 3181//5956
f 3662//5957 3663//5957 3171//5957
f 3171//5958 3663//5958 3665//5958
f 3171//5959 3665//5959 3172//5959
f 3172//5960 3665//5960 3173//5960
f 3173//5961 3665//5961 3174//5961
f 3174//5962 3665//5962 3667//5962
f 3174//5963 3667//5963 3175//5963
f 3667//5964 3670//5964 3175//5964
f 3175//5965 3670//5965 3676//5965
f 3175//5966 3676//5966 3176//5966
f 3176//5967 3676//5967 3169//5967
f 3169//5968 3676//5968 3168//5968
f 3168//5969 3676//5969 3675//5969
f 3168//5970 3675//5970 3167//5970
f 3167//5971 3675//5971 3673//5971
f 3167//5972 3673//5972 3165//5972
f 3684//5973 3685//5973 3683//5973
f 3683//5974 3685//5974 3165//5974
f 3683//5975 3165//5975 3682//5975
f 3682//5976 3165//5976 3673//5976
f 1024//5977 3166//5977 1025//5977
f 1025//5978 3166//5978 3165//5978
f 1025//5979 3165//5979 1026//5979
f 1026//5980 3165//5980 3685//5980
f 1024//5981 3686//5981 3166//5981
f 3686//5982 1024//5982 3687//5982
f 3687//5983 1024//5983 1014//5983
f 3687//5984 1014//5984 1013//5984
f 3077//5985 3146//5985 3065//5985
f 3065//5986 3146//5986 3166//5986
f 3065//5987 3166//5987 3686//5987
f 3056//5988 3062//5988 3687//5988
f 3687//5989 3062//5989 3067//5989
f 3687//5990 3067//5990 3686//5990
f 3686//5991 3067//5991 3066//5991
f 3686//5992 3066//5992 3065//5992
f 1020//5993 3059//5993 3058//5993
f 3056//5994 3687//5994 3058//5994
f 3058//5995 3687//5995 1013//5995
f 3058//5996 1013//5996 1020//5996
f 3688//5997 3689//5997 3690//5997
f 3690//5998 3689//5998 1028//5998
f 3690//5999 1028//5999 1019//5999
f 3691//6000 3692//6000 3693//6000
f 3693//6001 3692//6001 3689//6001
f 3693//6002 3689//6002 3694//6002
f 3694//6003 3689//6003 3688//6003
f 3695//6004 3696//6004 3697//6004
f 3697//6005 3698//6005 3695//6005
f 3695//6006 3698//6006 3699//6006
f 3695//6007 3699//6007 3700//6007
f 3700//6008 3699//6008 3701//6008
f 3700//6009 3701//6009 3702//6009
f 3702//6010 3701//6010 3703//6010
f 3702//6011 3703//6011 3704//6011
f 3697//6012 3705//6012 3698//6012
f 3698//6013 3705//6013 3706//6013
f 3698//6014 3706//6014 3699//6014
f 3699//6015 3706//6015 3707//6015
f 3699//6016 3707//6016 3701//6016
f 3701//6017 3707//6017 3708//6017
f 3701//6018 3708//6018 3703//6018
f 3709//6019 3710//6019 3711//6019
f 3709//6020 3711//6020 3712//6020
f 3712//1511 3711//1511 3713//1511
f 3712//1514 3713//1514 3714//1514
f 3714//6021 3713//6021 3715//6021
f 3714//1516 3715//1516 3716//1516
f 3716//6022 3715//6022 3717//6022
f 3716//1510 3717//1510 3718//1510
f 3719//6023 3720//6023 3721//6023
f 3721//6024 3720//6024 3717//6024
f 3722//6025 3723//6025 3711//6025
f 3711//6026 3723//6026 3713//6026
f 3721//6027 3717//6027 3724//6027
f 3724//6028 3717//6028 3715//6028
f 3724//6029 3715//6029 3725//6029
f 3719//6030 3721//6030 3726//6030
f 3726//6031 3721//6031 3724//6031
f 3726//6032 3724//6032 3727//6032
f 3727//6033 3724//6033 3725//6033
f 3727//6034 3725//6034 3728//6034
f 3728//6035 3725//6035 3729//6035
f 3715//6036 3713//6036 3725//6036
f 3725//6037 3713//6037 3723//6037
f 3725//6038 3723//6038 3729//6038
f 3729//6039 3723//6039 3722//6039
f 3729//6040 3722//6040 3730//6040
f 3731//6041 3696//6041 3695//6041
f 3732//6042 3728//6042 3729//6042
f 3732//6043 3702//6043 3733//6043
f 3733//6044 3702//6044 3704//6044
f 3733//6045 3704//6045 3734//6045
f 3730//6046 3731//6046 3729//6046
f 3729//6047 3731//6047 3695//6047
f 3729//6048 3695//6048 3732//6048
f 3732//6049 3695//6049 3700//6049
f 3732//6050 3700//6050 3702//6050
f 3728//6051 3732//6051 3727//6051
f 3727//6052 3732//6052 3733//6052
f 3727//6053 3733//6053 3726//6053
f 3726//6054 3733//6054 3734//6054
f 3726//6055 3734//6055 3719//6055
f 3735//6056 3736//6056 3737//6056
f 3738//6057 3739//6057 3740//6057
f 3740//6058 3739//6058 3737//6058
f 3740//6059 3737//6059 3741//6059
f 3741//6060 3737//6060 3736//6060
f 3704//6061 3735//6061 3734//6061
f 3734//6062 3735//6062 3737//6062
f 3734//6063 3737//6063 3719//6063
f 3719//6064 3737//6064 3739//6064
f 3719//6065 3739//6065 3720//6065
f 3742//6066 1785//6066 3743//6066
f 1792//6067 3744//6067 1793//6067
f 3745//6068 3746//6068 3747//6068
f 3747//6069 3746//6069 3748//6069
f 3749//6070 3750//6070 3751//6070
f 3751//6071 3750//6071 3752//6071
f 3751//6072 3752//6072 3753//6072
f 3753//6073 3752//6073 3754//6073
f 3753//6074 3754//6074 3755//6074
f 3755//6075 3754//6075 3756//6075
f 3755//6076 3756//6076 3757//6076
f 1785//6077 1794//6077 3743//6077
f 3743//6078 1794//6078 1793//6078
f 3743//6079 1793//6079 3758//6079
f 3758//6080 1793//6080 3744//6080
f 3759//6081 3745//6081 3749//6081
f 3749//6082 3745//6082 3747//6082
f 3749//6083 3747//6083 3750//6083
f 3750//6084 3747//6084 3748//6084
f 3750//6085 3748//6085 3752//6085
f 3752//6086 3748//6086 3760//6086
f 3752//6087 3760//6087 3754//6087
f 3754//6088 3760//6088 3742//6088
f 3754//6089 3742//6089 3756//6089
f 3756//6090 3742//6090 3743//6090
f 3756//6091 3743//6091 3757//6091
f 3757//6092 3743//6092 3758//6092
f 1189//807 1186//807 1117//807
f 1117//807 1186//807 1118//807
f 1133//6093 1123//6093 3761//6093
f 3761//1589 1123//1589 1125//1589
f 3761//1590 1125//1590 3762//1590
f 3762//1590 1125//1590 1127//1590
f 1120//1588 1188//1588 1122//1588
f 1122//1588 1188//1588 3763//1588
f 1122//1591 3763//1591 1127//1591
f 1127//6094 3763//6094 3764//6094
f 1127//6095 3764//6095 3762//6095
f 1131//1597 1132//1597 1140//1597
f 1140//1597 1132//1597 3765//1597
f 1140//1596 3765//1596 1138//1596
f 1138//1596 3765//1596 3766//1596
f 1138//1595 3766//1595 1136//1595
f 1136//1595 3766//1595 3767//1595
f 1136//1594 3767//1594 1134//1594
f 1134//1594 3767//1594 1151//1594
f 1148//807 1143//807 1149//807
f 1149//807 1143//807 1142//807
f 1153//1603 1152//1603 1160//1603
f 1160//1603 1152//1603 3768//1603
f 1160//1602 3768//1602 1158//1602
f 1158//1602 3768//1602 3769//1602
f 1158//1601 3769//1601 1156//1601
f 1156//1601 3769//1601 3770//1601
f 1156//1600 3770//1600 1154//1600
f 1154//1600 3770//1600 1165//1600
f 1188//807 1187//807 3771//807
f 3771//807 1187//807 3772//807
f 1151//807 3773//807 3774//807
f 3765//807 1132//807 3775//807
f 1151//807 3774//807 1152//807
f 3776//807 3777//807 3778//807
f 3778//807 3777//807 3779//807
f 3778//807 3779//807 1187//807
f 1187//807 3779//807 3780//807
f 1187//807 3780//807 3772//807
f 1132//807 1133//807 3775//807
f 3775//807 1133//807 3761//807
f 3775//807 3761//807 3762//807
f 3771//807 3781//807 1188//807
f 1188//807 3781//807 3782//807
f 1188//807 3782//807 3763//807
f 3763//807 3782//807 3775//807
f 3763//807 3775//807 3764//807
f 3764//807 3775//807 3762//807
f 3777//807 1164//807 3779//807
f 3779//807 1164//807 1165//807
f 3779//807 1165//807 3770//807
f 3766//807 3765//807 3767//807
f 3767//807 3765//807 3775//807
f 3767//807 3775//807 1151//807
f 1151//807 3775//807 3783//807
f 1151//807 3783//807 3773//807
f 3774//807 3784//807 1152//807
f 1152//807 3784//807 3785//807
f 1152//807 3785//807 3768//807
f 3768//807 3785//807 3779//807
f 3768//807 3779//807 3769//807
f 3769//807 3779//807 3770//807
f 1187//1607 1185//1607 3778//1607
f 3778//1607 1185//1607 1184//1607
f 3778//1606 1184//1606 3776//1606
f 3776//1606 1184//1606 1183//1606
f 3776//1605 1183//1605 3777//1605
f 3777//1605 1183//1605 1182//1605
f 3777//1604 1182//1604 1164//1604
f 1164//1604 1182//1604 1163//1604
f 3786//6096 3787//6096 3788//6096
f 3788//6097 3787//6097 3789//6097
f 3786//6098 3790//6098 3787//6098
f 3787//6099 3790//6099 3791//6099
f 3787//6100 3791//6100 3792//6100
f 3793//6101 3794//6101 3787//6101
f 3787//6102 3794//6102 3795//6102
f 3787//6103 3795//6103 3796//6103
f 3797//6104 3798//6104 3799//6104
f 3799//6105 3798//6105 3800//6105
f 3801//6106 3802//6106 3798//6106
f 3798//6107 3802//6107 2850//6107
f 3798//6108 2850//6108 2848//6108
f 2848//6109 2834//6109 3798//6109
f 3798//6110 2834//6110 2836//6110
f 3798//6111 2836//6111 2838//6111
f 2838//6112 2839//6112 3798//6112
f 3798//6113 2839//6113 2841//6113
f 3798//6114 2841//6114 2843//6114
f 2843//6115 2847//6115 3798//6115
f 3798//6116 2847//6116 2845//6116
f 3798//6117 2845//6117 2844//6117
f 3803//1598 3804//1598 3805//1598
f 3805//1598 3804//1598 3806//1598
f 3807//6118 3808//6118 3809//6118
f 3807//6119 3809//6119 3810//6119
f 3810//6120 3809//6120 3811//6120
f 3810//6121 3811//6121 3812//6121
f 3813//6122 3803//6122 3805//6122
f 3805//6123 3814//6123 3813//6123
f 3813//6124 3814//6124 3815//6124
f 3813//6125 3815//6125 3811//6125
f 3811//6126 3815//6126 3816//6126
f 3811//6127 3816//6127 3812//6127
f 3817//6128 3818//6128 3819//6128
f 3819//6129 3818//6129 3820//6129
f 3819//6130 3820//6130 3808//6130
f 3808//6130 3820//6130 3809//6130
f 3809//6131 3820//6131 3821//6131
f 3809//6131 3821//6131 3811//6131
f 3822//6132 3821//6132 3823//6132
f 3823//6133 3821//6133 3820//6133
f 3823//6134 3820//6134 3824//6134
f 3824//6135 3820//6135 3818//6135
f 3822//6136 3825//6136 3821//6136
f 3821//6137 3825//6137 3826//6137
f 3821//6138 3826//6138 3811//6138
f 3811//6138 3826//6138 3813//6138
f 3803//6139 3813//6139 3827//6139
f 3827//6139 3813//6139 3826//6139
f 3827//6140 3826//6140 3828//6140
f 3828//6141 3826//6141 3825//6141
f 3828//6142 3825//6142 3829//6142
f 3830//6143 3831//6143 3832//6143
f 3831//6144 3830//6144 3833//6144
f 3833//6145 3830//6145 3834//6145
f 3833//6146 3834//6146 3835//6146
f 3835//6147 3834//6147 3836//6147
f 3835//6148 3836//6148 3837//6148
f 3838//6149 1646//6149 1656//6149
f 3839//6150 3840//6150 3841//6150
f 3841//6151 3840//6151 3842//6151
f 3841//6152 3842//6152 3843//6152
f 1647//6153 1646//6153 3844//6153
f 3844//6154 1646//6154 3838//6154
f 3844//6155 3838//6155 3845//6155
f 3845//6156 3838//6156 3843//6156
f 3845//6157 3843//6157 3846//6157
f 3846//6158 3843//6158 3842//6158
f 1655//6159 3837//6159 1656//6159
f 1656//6160 3837//6160 3836//6160
f 1656//6161 3836//6161 3838//6161
f 3838//6162 3836//6162 3834//6162
f 3838//6162 3834//6162 3843//6162
f 3843//6163 3834//6163 3830//6163
f 3843//6164 3830//6164 3841//6164
f 3841//6165 3830//6165 3832//6165
f 3841//6166 3832//6166 3839//6166
f 3847//6167 3848//6167 3849//6167
f 3850//6168 3851//6168 3852//6168
f 3850//6169 3852//6169 3853//6169
f 3854//6170 3855//6170 3856//6170
f 3856//6171 3855//6171 3857//6171
f 3856//6172 3857//6172 3858//6172
f 3858//6173 3857//6173 3859//6173
f 3858//6174 3859//6174 3852//6174
f 3852//6175 3859//6175 3860//6175
f 3852//6176 3860//6176 3853//6176
f 3839//6177 3861//6177 3840//6177
f 3840//6178 3861//6178 3854//6178
f 3840//6179 3854//6179 3842//6179
f 3845//6180 3846//6180 3862//6180
f 1647//6181 3844//6181 3863//6181
f 3864//6182 3865//6182 3866//6182
f 3866//6183 3865//6183 3867//6183
f 3866//6184 3867//6184 3868//6184
f 3851//6185 3847//6185 3852//6185
f 3852//6186 3847//6186 3849//6186
f 3852//6187 3849//6187 3858//6187
f 3858//6188 3849//6188 3869//6188
f 3858//6189 3869//6189 3856//6189
f 3856//6190 3869//6190 3870//6190
f 3856//6191 3870//6191 3854//6191
f 3854//6192 3870//6192 3862//6192
f 3854//6193 3862//6193 3842//6193
f 3842//6194 3862//6194 3846//6194
f 3848//6195 3864//6195 3849//6195
f 3849//6196 3864//6196 3866//6196
f 3849//6197 3866//6197 3869//6197
f 3869//6198 3866//6198 3871//6198
f 3869//6199 3871//6199 3870//6199
f 3870//6200 3871//6200 3872//6200
f 3870//6201 3872//6201 3862//6201
f 3862//6202 3872//6202 3863//6202
f 3862//6203 3863//6203 3845//6203
f 3845//6204 3863//6204 3844//6204
f 3868//6205 3873//6205 3866//6205
f 3866//6206 3873//6206 3874//6206
f 3866//6207 3874//6207 3871//6207
f 3871//6208 3874//6208 3875//6208
f 3871//6209 3875//6209 3872//6209
f 3872//6210 3875//6210 3876//6210
f 3872//6211 3876//6211 3863//6211
f 3863//6212 3876//6212 3877//6212
f 3863//6213 3877//6213 1647//6213
f 1663//6214 1293//6214 3878//6214
f 3878//6215 1293//6215 1288//6215
f 3878//6216 1288//6216 3879//6216
f 1291//6217 3880//6217 1288//6217
f 1288//6218 3880//6218 3881//6218
f 1288//6219 3881//6219 3879//6219
f 3876//6220 3875//6220 1289//6220
f 1289//6221 3875//6221 3874//6221
f 1289//6222 3874//6222 1291//6222
f 1291//6223 3874//6223 3873//6223
f 1291//6224 3873//6224 3880//6224
f 3876//6225 1289//6225 3877//6225
f 3877//6226 1289//6226 1290//6226
f 3877//1730 1290//1730 1647//1730
f 3882//6227 1664//6227 1663//6227
f 3883//6228 1665//6228 1664//6228
f 1664//6229 3882//6229 3883//6229
f 3883//6230 3882//6230 3884//6230
f 3883//6231 3884//6231 3885//6231
f 3886//6232 3887//6232 3888//6232
f 3888//6233 3887//6233 3889//6233
f 3888//6234 3889//6234 3884//6234
f 3884//6235 3889//6235 3890//6235
f 3884//6236 3890//6236 3885//6236
f 3891//6237 3892//6237 3893//6237
f 1663//6238 3894//6238 3882//6238
f 3882//6239 3894//6239 3895//6239
f 3882//6240 3895//6240 3884//6240
f 3884//6241 3895//6241 3891//6241
f 3884//6242 3891//6242 3888//6242
f 3888//6243 3891//6243 3893//6243
f 3888//6244 3893//6244 3886//6244
f 3896//6245 3897//6245 3847//6245
f 3892//6246 3891//6246 3898//6246
f 3892//6247 3898//6247 3899//6247
f 3899//6248 3898//6248 3900//6248
f 3899//6249 3900//6249 3901//6249
f 3901//6250 3900//6250 3902//6250
f 3901//6251 3902//6251 3903//6251
f 3903//6252 3902//6252 3904//6252
f 3903//6253 3904//6253 3905//6253
f 3906//6254 3907//6254 3908//6254
f 3853//6255 3905//6255 3850//6255
f 3850//6256 3905//6256 3904//6256
f 3850//6257 3904//6257 3851//6257
f 3851//6258 3904//6258 3847//6258
f 3909//6259 3864//6259 3897//6259
f 3897//6260 3864//6260 3848//6260
f 3897//6261 3848//6261 3847//6261
f 3910//6262 3880//6262 3873//6262
f 3873//6263 3868//6263 3910//6263
f 3910//6264 3868//6264 3867//6264
f 3910//6265 3867//6265 3909//6265
f 3909//6266 3867//6266 3865//6266
f 3909//6267 3865//6267 3864//6267
f 3895//6268 3894//6268 3911//6268
f 3911//6269 3894//6269 3912//6269
f 3911//6270 3912//6270 3913//6270
f 3913//6271 3912//6271 3914//6271
f 3894//6272 1663//6272 3912//6272
f 3912//6273 1663//6273 3878//6273
f 3912//6274 3878//6274 3914//6274
f 3914//6275 3878//6275 3879//6275
f 3908//6276 3907//6276 3881//6276
f 3891//6277 3895//6277 3898//6277
f 3898//6278 3895//6278 3911//6278
f 3898//6279 3911//6279 3900//6279
f 3900//6280 3911//6280 3913//6280
f 3900//6281 3913//6281 3906//6281
f 3906//6282 3913//6282 3914//6282
f 3906//6283 3914//6283 3907//6283
f 3907//6284 3914//6284 3879//6284
f 3907//6285 3879//6285 3881//6285
f 3896//6286 3915//6286 3897//6286
f 3897//6287 3915//6287 3916//6287
f 3897//6288 3916//6288 3909//6288
f 3909//6289 3916//6289 3917//6289
f 3909//6290 3917//6290 3910//6290
f 3847//6291 3904//6291 3896//6291
f 3896//6292 3904//6292 3902//6292
f 3896//6293 3902//6293 3915//6293
f 3915//6294 3902//6294 3900//6294
f 3915//6295 3900//6295 3916//6295
f 3916//6296 3900//6296 3906//6296
f 3916//6297 3906//6297 3917//6297
f 3917//6298 3906//6298 3908//6298
f 3917//6299 3908//6299 3910//6299
f 3910//6300 3908//6300 3881//6300
f 3910//6301 3881//6301 3880//6301
f 3918//6302 3919//6302 3920//6302
f 3921//6303 3922//6303 3923//6303
f 3924//6304 3925//6304 3926//6304
f 3926//6305 3925//6305 3927//6305
f 3926//6306 3927//6306 3923//6306
f 3923//6307 3927//6307 3817//6307
f 3923//6308 3817//6308 3921//6308
f 3919//6309 3928//6309 3929//6309
f 3929//6310 3928//6310 3930//6310
f 3929//6311 3930//6311 3931//6311
f 3932//6312 3933//6312 3930//6312
f 3930//6313 3933//6313 3934//6313
f 3930//6314 3934//6314 3931//6314
f 3931//6315 3934//6315 3935//6315
f 3931//6316 3935//6316 3936//6316
f 3905//6317 3937//6317 3903//6317
f 3903//6318 3937//6318 3938//6318
f 3903//6319 3938//6319 3901//6319
f 3921//6320 3886//6320 3922//6320
f 3922//6321 3886//6321 3893//6321
f 3922//6322 3893//6322 3892//6322
f 3892//6323 3899//6323 3922//6323
f 3922//6324 3899//6324 3901//6324
f 3922//6325 3901//6325 3923//6325
f 3923//6326 3901//6326 3938//6326
f 3923//6327 3938//6327 3926//6327
f 3926//6328 3938//6328 3918//6328
f 3926//6329 3918//6329 3924//6329
f 3924//6330 3918//6330 3920//6330
f 3919//6331 3918//6331 3928//6331
f 3928//6332 3918//6332 3938//6332
f 3928//6333 3938//6333 3930//6333
f 3930//6334 3938//6334 3937//6334
f 3930//6335 3937//6335 3932//6335
f 3932//6336 3937//6336 3905//6336
f 3932//6337 3905//6337 3853//6337
f 3939//6338 3940//6338 3941//6338
f 3942//6339 3927//6339 3925//6339
f 3817//6340 3927//6340 3818//6340
f 3818//6341 3927//6341 3942//6341
f 3818//6342 3942//6342 3824//6342
f 3824//6343 3942//6343 3823//6343
f 3943//6344 3944//6344 3945//6344
f 3943//6345 3945//6345 3946//6345
f 3946//6346 3945//6346 3939//6346
f 3946//6347 3939//6347 3947//6347
f 3947//6348 3939//6348 3941//6348
f 3947//6349 3941//6349 3829//6349
f 3925//6350 3944//6350 3942//6350
f 3942//6351 3944//6351 3943//6351
f 3942//6352 3943//6352 3823//6352
f 3823//6353 3943//6353 3946//6353
f 3823//6354 3946//6354 3822//6354
f 3822//6355 3946//6355 3947//6355
f 3822//6356 3947//6356 3825//6356
f 3825//6357 3947//6357 3829//6357
f 3925//6358 3948//6358 3949//6358
f 3950//6359 3951//6359 3952//6359
f 3953//6360 3954//6360 3955//6360
f 3955//6361 3954//6361 3956//6361
f 3950//6362 3952//6362 3957//6362
f 3958//6363 3959//6363 3960//6363
f 3960//6363 3959//6363 3961//6363
f 3960//6364 3961//6364 3962//6364
f 3962//6364 3961//6364 3963//6364
f 3962//6365 3963//6365 3948//6365
f 3964//6366 3963//6366 3965//6366
f 3965//6366 3963//6366 3961//6366
f 3965//6367 3961//6367 3952//6367
f 3952//6367 3961//6367 3959//6367
f 3952//6368 3959//6368 3957//6368
f 3957//6369 3959//6369 3958//6369
f 3957//6370 3958//6370 3966//6370
f 3967//6371 3964//6371 3968//6371
f 3968//6371 3964//6371 3965//6371
f 3968//6372 3965//6372 3969//6372
f 3969//6372 3965//6372 3952//6372
f 3969//6373 3952//6373 3955//6373
f 3955//6374 3952//6374 3951//6374
f 3955//6375 3951//6375 3953//6375
f 3925//6358 3949//6358 3944//6358
f 3944//6376 3949//6376 3970//6376
f 3944//6376 3970//6376 3945//6376
f 3945//6377 3970//6377 3971//6377
f 3945//6377 3971//6377 3939//6377
f 3939//6378 3971//6378 3972//6378
f 3939//6378 3972//6378 3940//6378
f 3948//6365 3963//6365 3949//6365
f 3949//6379 3963//6379 3964//6379
f 3949//6379 3964//6379 3970//6379
f 3970//6380 3964//6380 3967//6380
f 3970//6380 3967//6380 3971//6380
f 3971//6381 3967//6381 3973//6381
f 3971//6382 3973//6382 3972//6382
f 3956//6383 3974//6383 3955//6383
f 3955//6384 3974//6384 3975//6384
f 3955//6385 3975//6385 3969//6385
f 3969//6386 3975//6386 3976//6386
f 3969//6387 3976//6387 3968//6387
f 3968//6387 3976//6387 3977//6387
f 3968//6388 3977//6388 3967//6388
f 3967//6388 3977//6388 3978//6388
f 3967//6389 3978//6389 3973//6389
f 3979//6390 3980//6390 3981//6390
f 3981//6391 3980//6391 3982//6391
f 3981//6392 3982//6392 3983//6392
f 3984//6393 3985//6393 3982//6393
f 3982//6394 3985//6394 3986//6394
f 3982//6395 3986//6395 3983//6395
f 3987//6396 3988//6396 3989//6396
f 3989//6397 3988//6397 3990//6397
f 3989//6398 3990//6398 3984//6398
f 3984//6399 3990//6399 3991//6399
f 3984//6400 3991//6400 3985//6400
f 3992//1915 3993//1915 3994//1915
f 3994//1915 3993//1915 3995//1915
f 3994//1915 3995//1915 3936//1915
f 3936//1915 3995//1915 3996//1915
f 3987//1915 3957//1915 3966//1915
f 3956//1915 3954//1915 3987//1915
f 3987//1915 3954//1915 3953//1915
f 3987//1915 3966//1915 3988//1915
f 3953//1915 3951//1915 3987//1915
f 3987//1915 3951//1915 3950//1915
f 3987//1915 3950//1915 3957//1915
f 3966//1915 3920//1915 3988//1915
f 3988//1915 3920//1915 3919//1915
f 3988//1915 3919//1915 3997//1915
f 3997//1915 3919//1915 3929//1915
f 3997//1915 3929//1915 3996//1915
f 3996//1915 3929//1915 3931//1915
f 3996//1915 3931//1915 3936//1915
f 3998//1923 3999//1923 4000//1923
f 4000//6401 3999//6401 4001//6401
f 4002//6402 4003//6402 4001//6402
f 4001//6403 4003//6403 4004//6403
f 4001//6404 4004//6404 4000//6404
f 4005//6405 4006//6405 4002//6405
f 4002//6406 4006//6406 4007//6406
f 4002//6407 4007//6407 4003//6407
f 4008//1924 4009//1924 4010//1924
f 4010//1924 4009//1924 3999//1924
f 4010//1924 3999//1924 3998//1924
f 4010//6408 4011//6408 4008//6408
f 4012//6409 4013//6409 4014//6409
f 3832//6410 4015//6410 4016//6410
f 4015//6411 3832//6411 3831//6411
f 4017//6412 4011//6412 4018//6412
f 4018//6413 4011//6413 4019//6413
f 4019//6414 4011//6414 4020//6414
f 4020//6415 4011//6415 4010//6415
f 4020//6416 4010//6416 4021//6416
f 4010//6417 3998//6417 4021//6417
f 4021//6418 3998//6418 4000//6418
f 4021//6419 4000//6419 4022//6419
f 4022//6420 4000//6420 4004//6420
f 4004//6421 4003//6421 4022//6421
f 4022//6422 4003//6422 4023//6422
f 4022//6423 4023//6423 2832//6423
f 2832//6424 4023//6424 4024//6424
f 2832//6425 4024//6425 2833//6425
f 4025//6426 4026//6426 4024//6426
f 4024//6427 4026//6427 4027//6427
f 4024//6428 4027//6428 2833//6428
f 4028//6429 4029//6429 4015//6429
f 4015//6430 4029//6430 4030//6430
f 4015//6431 4030//6431 4016//6431
f 4016//6432 4030//6432 4031//6432
f 4016//6433 4031//6433 4032//6433
f 4032//6434 4031//6434 4033//6434
f 4032//6435 4033//6435 4034//6435
f 4034//6436 4033//6436 4035//6436
f 4034//6437 4035//6437 4036//6437
f 4028//6438 4015//6438 4037//6438
f 4037//6439 4015//6439 3831//6439
f 4037//6440 3831//6440 4038//6440
f 3833//6441 4039//6441 3831//6441
f 3831//6442 4039//6442 4040//6442
f 3831//6443 4040//6443 4038//6443
f 3859//6444 3857//6444 4032//6444
f 4032//6445 3857//6445 3855//6445
f 3855//6446 3854//6446 4032//6446
f 4032//6447 3854//6447 3861//6447
f 4032//6448 3861//6448 4016//6448
f 4016//6449 3861//6449 3839//6449
f 4016//6450 3839//6450 3832//6450
f 3934//6451 3933//6451 4036//6451
f 4036//6452 3933//6452 3932//6452
f 4036//6453 3932//6453 4034//6453
f 4034//6454 3932//6454 3853//6454
f 4034//6455 3853//6455 4032//6455
f 4032//6456 3853//6456 3860//6456
f 4032//6457 3860//6457 3859//6457
f 3935//6458 3934//6458 4024//6458
f 4024//6459 3934//6459 4036//6459
f 4024//6460 4036//6460 4025//6460
f 4025//6461 4036//6461 4035//6461
f 4013//6462 4012//6462 4005//6462
f 4005//6463 4012//6463 3992//6463
f 4005//6464 3992//6464 3994//6464
f 4003//6465 4007//6465 4023//6465
f 4023//6466 4007//6466 4006//6466
f 4023//6467 4006//6467 4024//6467
f 4024//6468 4006//6468 4005//6468
f 4024//6469 4005//6469 3935//6469
f 3935//6470 4005//6470 3994//6470
f 3935//6471 3994//6471 3936//6471
f 4017//6472 4041//6472 4011//6472
f 4011//6473 4041//6473 4042//6473
f 4011//6474 4042//6474 4008//6474
f 3801//6475 3798//6475 3797//6475
f 4043//6476 4044//6476 4045//6476
f 4045//6477 4044//6477 4046//6477
f 2830//6478 2829//6478 4045//6478
f 3797//6479 4043//6479 3801//6479
f 3801//6480 4043//6480 4045//6480
f 3801//6481 4045//6481 4047//6481
f 4047//6482 4045//6482 2829//6482
f 4020//6483 4021//6483 4048//6483
f 4048//6484 4021//6484 4022//6484
f 4048//6485 4022//6485 4045//6485
f 4045//6486 4022//6486 2832//6486
f 4045//6487 2832//6487 2830//6487
f 4046//6488 4049//6488 4045//6488
f 4045//6489 4049//6489 4050//6489
f 4045//6490 4050//6490 4048//6490
f 4048//6491 4050//6491 4051//6491
f 4048//6492 4051//6492 4020//6492
f 4020//6493 4051//6493 4052//6493
f 4052//6494 4053//6494 4020//6494
f 4020//6495 4053//6495 4054//6495
f 4020//6496 4054//6496 4019//6496
f 4019//6497 4054//6497 4018//6497
f 4018//6498 4054//6498 4055//6498
f 4018//6499 4055//6499 4017//6499
f 3786//6500 3788//6500 4056//6500
f 4056//6501 3788//6501 3789//6501
f 4057//6502 4058//6502 4059//6502
f 1494//6503 1485//6503 4060//6503
f 1484//6504 1498//6504 4061//6504
f 4062//6505 1511//6505 1512//6505
f 4063//6506 4064//6506 4065//6506
f 4033//6507 4066//6507 4035//6507
f 4028//6508 4037//6508 4067//6508
f 4067//6509 4037//6509 4068//6509
f 4037//6510 4038//6510 4068//6510
f 4068//6511 4038//6511 4040//6511
f 4068//6512 4040//6512 4069//6512
f 4066//6513 4033//6513 4070//6513
f 4033//6514 4031//6514 4070//6514
f 4070//6515 4031//6515 4030//6515
f 4070//6516 4030//6516 4067//6516
f 4067//6517 4030//6517 4029//6517
f 4067//6518 4029//6518 4028//6518
f 4026//6519 4071//6519 4027//6519
f 4027//6520 4071//6520 2831//6520
f 4027//6521 2831//6521 2833//6521
f 4047//6522 4071//6522 3801//6522
f 3801//6523 4071//6523 3802//6523
f 4047//6524 2829//6524 4071//6524
f 4071//6525 2829//6525 2828//6525
f 4071//6526 2828//6526 2831//6526
f 2844//6527 2846//6527 4072//6527
f 4072//6528 2846//6528 2847//6528
f 4072//6529 2847//6529 2843//6529
f 2843//6530 2842//6530 4072//6530
f 4072//6531 2842//6531 2840//6531
f 4072//6532 2840//6532 2837//6532
f 2835//6533 2834//6533 4073//6533
f 4073//6534 2834//6534 2849//6534
f 4073//6535 2849//6535 4071//6535
f 4071//6536 2849//6536 2850//6536
f 4071//6537 2850//6537 3802//6537
f 2844//6538 4072//6538 4074//6538
f 4074//6539 4072//6539 4075//6539
f 4074//6540 4075//6540 4076//6540
f 4076//6541 4075//6541 4077//6541
f 4076//6542 4077//6542 4078//6542
f 4078//6543 4077//6543 4079//6543
f 4078//6544 4079//6544 4080//6544
f 4081//6545 4082//6545 4079//6545
f 4079//6546 4082//6546 4083//6546
f 4079//6547 4083//6547 4080//6547
f 4084//6548 4085//6548 4086//6548
f 4086//6549 4085//6549 4087//6549
f 4086//6550 4087//6550 4081//6550
f 4081//6551 4087//6551 4088//6551
f 4081//6552 4088//6552 4082//6552
f 4089//6553 4090//6553 4091//6553
f 4086//6554 4092//6554 4084//6554
f 4084//6555 4092//6555 4093//6555
f 4084//6556 4093//6556 4094//6556
f 4094//6557 4093//6557 4095//6557
f 4094//6558 4095//6558 4096//6558
f 4096//6559 4095//6559 4097//6559
f 4096//6560 4097//6560 4098//6560
f 4098//6561 4097//6561 4089//6561
f 4098//6562 4089//6562 4099//6562
f 4099//6563 4089//6563 4091//6563
f 4099//6564 4091//6564 4100//6564
f 4101//6565 1507//6565 1509//6565
f 4102//6566 1505//6566 1507//6566
f 1501//6567 1500//6567 4103//6567
f 4103//6568 1500//6568 1505//6568
f 1494//6569 4104//6569 1492//6569
f 1492//6570 4104//6570 4105//6570
f 1492//6571 4105//6571 1491//6571
f 1491//6572 4105//6572 4106//6572
f 1491//6573 4106//6573 1489//6573
f 4107//6574 1568//6574 4108//6574
f 4108//6575 1568//6575 1489//6575
f 4108//6576 1489//6576 4109//6576
f 4109//6577 1489//6577 4106//6577
f 4110//6578 4111//6578 4112//6578
f 4112//6579 4111//6579 4113//6579
f 4112//6580 4113//6580 4107//6580
f 4114//6581 4115//6581 4116//6581
f 4116//6582 4115//6582 4111//6582
f 4116//6583 4111//6583 4117//6583
f 4117//6584 4111//6584 4110//6584
f 4118//6585 4119//6585 4114//6585
f 4114//6586 4119//6586 4120//6586
f 4114//6587 4120//6587 4115//6587
f 4121//6588 4122//6588 4123//6588
f 4123//6589 4122//6589 4124//6589
f 4123//6590 4124//6590 4118//6590
f 4118//6591 4124//6591 4125//6591
f 4118//6592 4125//6592 4119//6592
f 4126//6593 4127//6593 4121//6593
f 4121//6594 4127//6594 4128//6594
f 4121//6595 4128//6595 4122//6595
f 4129//6596 4130//6596 4126//6596
f 4126//6597 4130//6597 4131//6597
f 4126//6598 4131//6598 4127//6598
f 4132//6599 4133//6599 4134//6599
f 4132//6600 4134//6600 4135//6600
f 4135//6601 4134//6601 4136//6601
f 4135//6602 4136//6602 4137//6602
f 4133//6603 4132//6603 4138//6603
f 4138//6604 4132//6604 4139//6604
f 4138//6605 4139//6605 4140//6605
f 4069//6606 4141//6606 4068//6606
f 4068//6607 4141//6607 4142//6607
f 4068//6608 4142//6608 4139//6608
f 4139//6609 4142//6609 4143//6609
f 4139//6610 4143//6610 4140//6610
f 1507//6611 4101//6611 4102//6611
f 4102//6612 4101//6612 4144//6612
f 4102//6613 4144//6613 4145//6613
f 1511//6614 4062//6614 4146//6614
f 4146//6615 4062//6615 4147//6615
f 4146//6616 4147//6616 4148//6616
f 4148//6617 4147//6617 4149//6617
f 4148//6618 4149//6618 4150//6618
f 1577//6619 1501//6619 4151//6619
f 4151//6620 1501//6620 4103//6620
f 4151//6621 4103//6621 4152//6621
f 4153//6622 4145//6622 4150//6622
f 4150//6623 4145//6623 4144//6623
f 4150//6624 4144//6624 4148//6624
f 4148//6625 4144//6625 4101//6625
f 4148//6626 4101//6626 4146//6626
f 4146//6627 4101//6627 1509//6627
f 4146//6628 1509//6628 1511//6628
f 4152//6629 4058//6629 4151//6629
f 4151//6630 4058//6630 4057//6630
f 4151//6631 4057//6631 1577//6631
f 1577//6632 4057//6632 1495//6632
f 1505//6633 4102//6633 4103//6633
f 4103//6634 4102//6634 4145//6634
f 4103//6635 4145//6635 4152//6635
f 4152//6636 4145//6636 4153//6636
f 4152//6637 4153//6637 4058//6637
f 4058//6638 4153//6638 4154//6638
f 4058//6639 4154//6639 4059//6639
f 1512//6640 4064//6640 4062//6640
f 4062//6641 4064//6641 4063//6641
f 4062//6642 4063//6642 4147//6642
f 4147//6643 4063//6643 4065//6643
f 4147//6644 4065//6644 4149//6644
f 4149//6645 4065//6645 4100//6645
f 4149//6646 4100//6646 4150//6646
f 4150//6647 4100//6647 4091//6647
f 4150//6648 4091//6648 4153//6648
f 4153//6649 4091//6649 4090//6649
f 4153//6650 4090//6650 4154//6650
f 4155//6651 4156//6651 4157//6651
f 4157//6652 4156//6652 4061//6652
f 4157//6653 4061//6653 1496//6653
f 1496//6654 4061//6654 1498//6654
f 1496//6655 1495//6655 4157//6655
f 4157//6656 1495//6656 4057//6656
f 4157//6657 4057//6657 4155//6657
f 4155//6658 4057//6658 4059//6658
f 4155//6659 4059//6659 4156//6659
f 4156//6660 4059//6660 4158//6660
f 4156//6661 4158//6661 4061//6661
f 4061//6662 4158//6662 4060//6662
f 4061//6663 4060//6663 1484//6663
f 1484//6664 4060//6664 1485//6664
f 4110//6665 4159//6665 4117//6665
f 4117//6666 4159//6666 4160//6666
f 4117//6667 4160//6667 4161//6667
f 4107//6668 4108//6668 4112//6668
f 4112//6669 4108//6669 4109//6669
f 4112//6670 4109//6670 4110//6670
f 4110//6671 4109//6671 4106//6671
f 4110//6672 4106//6672 4159//6672
f 4159//6673 4106//6673 4105//6673
f 4159//6674 4105//6674 4160//6674
f 4160//6675 4105//6675 4104//6675
f 4160//6676 4104//6676 4161//6676
f 4137//6677 4130//6677 4135//6677
f 4135//6678 4130//6678 4129//6678
f 4135//6679 4129//6679 4132//6679
f 4132//6680 4129//6680 4162//6680
f 4132//6681 4162//6681 4139//6681
f 4139//6682 4162//6682 4163//6682
f 4139//6683 4163//6683 4068//6683
f 4068//6684 4163//6684 4164//6684
f 4068//6685 4164//6685 4067//6685
f 4067//6686 4164//6686 4165//6686
f 4067//6687 4165//6687 4070//6687
f 4070//6688 4165//6688 4166//6688
f 4070//6689 4166//6689 4066//6689
f 4066//6690 4166//6690 4073//6690
f 4066//6691 4073//6691 4035//6691
f 4035//6692 4073//6692 4071//6692
f 4035//6693 4071//6693 4025//6693
f 4025//6694 4071//6694 4026//6694
f 4104//6695 1494//6695 4060//6695
f 4104//6696 4060//6696 4161//6696
f 4161//6697 4060//6697 4158//6697
f 4161//6698 4158//6698 4117//6698
f 4117//6699 4158//6699 4059//6699
f 4117//6700 4059//6700 4116//6700
f 4116//6701 4059//6701 4154//6701
f 4116//6702 4154//6702 4114//6702
f 4114//6703 4154//6703 4090//6703
f 4114//6704 4090//6704 4118//6704
f 4118//6705 4090//6705 4089//6705
f 4118//6706 4089//6706 4123//6706
f 4123//6707 4089//6707 4097//6707
f 4123//6708 4097//6708 4121//6708
f 4121//6709 4097//6709 4095//6709
f 4121//6710 4095//6710 4126//6710
f 4126//6711 4095//6711 4093//6711
f 4126//6712 4093//6712 4129//6712
f 4129//6713 4093//6713 4092//6713
f 4129//6714 4092//6714 4162//6714
f 4162//6715 4092//6715 4086//6715
f 4162//6716 4086//6716 4163//6716
f 4163//6717 4086//6717 4081//6717
f 4163//6718 4081//6718 4164//6718
f 4164//6719 4081//6719 4079//6719
f 4164//6720 4079//6720 4165//6720
f 4165//6721 4079//6721 4077//6721
f 4165//6722 4077//6722 4166//6722
f 4166//6723 4077//6723 4075//6723
f 4166//6724 4075//6724 4073//6724
f 4073//6725 4075//6725 4072//6725
f 4073//6726 4072//6726 2835//6726
f 2835//6727 4072//6727 2837//6727
f 4167//6728 4136//6728 4134//6728
f 4069//6729 4040//6729 4039//6729
f 4142//6730 4141//6730 4168//6730
f 4168//6731 4141//6731 4069//6731
f 4138//6732 4140//6732 4169//6732
f 4169//6733 4140//6733 4143//6733
f 4170//6734 4130//6734 4167//6734
f 4167//6735 4130//6735 4137//6735
f 4167//6736 4137//6736 4136//6736
f 4171//6737 4127//6737 4170//6737
f 4170//6738 4127//6738 4131//6738
f 4170//6739 4131//6739 4130//6739
f 4172//6740 4122//6740 4171//6740
f 4171//6741 4122//6741 4128//6741
f 4171//6742 4128//6742 4127//6742
f 4173//6743 4125//6743 4172//6743
f 4172//6744 4125//6744 4124//6744
f 4172//6745 4124//6745 4122//6745
f 4115//6746 4120//6746 4119//6746
f 1568//6747 4115//6747 4173//6747
f 4173//6748 4115//6748 4119//6748
f 4173//6749 4119//6749 4125//6749
f 1568//6750 4107//6750 4115//6750
f 4115//6751 4107//6751 4113//6751
f 4115//6752 4113//6752 4111//6752
f 1624//6753 1623//6753 1650//6753
f 1650//6754 1623//6754 4174//6754
f 1650//6755 4174//6755 1651//6755
f 1651//6756 4174//6756 4175//6756
f 4176//6757 1653//6757 4175//6757
f 4175//6758 1653//6758 1652//6758
f 4175//6759 1652//6759 1651//6759
f 4177//6760 1660//6760 4176//6760
f 4176//6761 1660//6761 1659//6761
f 4176//6762 1659//6762 1653//6762
f 1662//6763 1661//6763 4178//6763
f 4178//6764 1661//6764 1658//6764
f 4178//6765 1658//6765 4177//6765
f 4177//6766 1658//6766 1657//6766
f 4177//6767 1657//6767 1660//6767
f 4179//6768 1648//6768 1662//6768
f 4180//6769 1649//6769 1648//6769
f 3837//6770 1655//6770 1654//6770
f 4069//6771 4039//6771 4168//6771
f 4168//6772 4039//6772 3833//6772
f 4168//6773 3833//6773 4181//6773
f 4181//6774 3833//6774 3835//6774
f 4181//6775 3835//6775 4182//6775
f 4182//6776 3835//6776 3837//6776
f 4182//6777 3837//6777 4180//6777
f 4180//6778 3837//6778 1654//6778
f 4180//6779 1654//6779 1649//6779
f 1648//6780 4179//6780 4180//6780
f 4180//6781 4179//6781 4183//6781
f 4180//6782 4183//6782 4182//6782
f 4182//6783 4183//6783 4184//6783
f 4182//6784 4184//6784 4181//6784
f 4181//6785 4184//6785 4169//6785
f 4181//6786 4169//6786 4168//6786
f 4168//6787 4169//6787 4143//6787
f 4168//6788 4143//6788 4142//6788
f 1662//6789 4178//6789 4179//6789
f 4179//6790 4178//6790 4185//6790
f 4179//6791 4185//6791 4183//6791
f 4183//6792 4185//6792 4186//6792
f 4183//6793 4186//6793 4184//6793
f 4184//6794 4186//6794 4187//6794
f 4184//6795 4187//6795 4169//6795
f 4169//6796 4187//6796 4133//6796
f 4169//6797 4133//6797 4138//6797
f 4167//6798 4188//6798 4170//6798
f 4170//6798 4188//6798 4189//6798
f 4170//6799 4189//6799 4171//6799
f 4171//6800 4189//6800 4190//6800
f 4171//6801 4190//6801 4172//6801
f 4172//6802 4190//6802 4191//6802
f 4172//6803 4191//6803 4173//6803
f 4173//6804 4191//6804 4192//6804
f 4173//6805 4192//6805 1568//6805
f 1568//6806 4192//6806 1639//6806
f 4188//6807 4193//6807 4189//6807
f 4189//6807 4193//6807 4194//6807
f 4189//6808 4194//6808 4190//6808
f 4190//6809 4194//6809 4195//6809
f 4190//6810 4195//6810 4191//6810
f 4191//6811 4195//6811 4196//6811
f 4191//6812 4196//6812 4192//6812
f 4192//6813 4196//6813 4197//6813
f 4192//6814 4197//6814 1639//6814
f 1623//6815 1639//6815 4174//6815
f 4174//6816 1639//6816 4197//6816
f 4174//6817 4197//6817 4175//6817
f 4175//6818 4197//6818 4196//6818
f 4175//6819 4196//6819 4176//6819
f 4176//6820 4196//6820 4195//6820
f 4176//6821 4195//6821 4177//6821
f 4177//6822 4195//6822 4194//6822
f 4177//6823 4194//6823 4178//6823
f 4178//6824 4194//6824 4193//6824
f 4178//6825 4193//6825 4185//6825
f 4185//6826 4193//6826 4188//6826
f 4185//6826 4188//6826 4186//6826
f 4186//6827 4188//6827 4167//6827
f 4186//6828 4167//6828 4187//6828
f 4187//6829 4167//6829 4134//6829
f 4187//6830 4134//6830 4133//6830
f 1666//6831 1665//6831 1796//6831
f 1796//6832 1665//6832 3883//6832
f 1796//6833 3883//6833 1795//6833
f 3883//6834 3885//6834 1795//6834
f 1795//6835 3885//6835 3890//6835
f 1795//6836 3890//6836 1779//6836
f 1779//6837 3890//6837 3889//6837
f 1779//6838 3889//6838 1780//6838
f 1780//6839 3889//6839 3887//6839
f 1780//6840 3887//6840 1797//6840
f 1797//6841 3887//6841 3886//6841
f 1797//6842 3886//6842 1798//6842
f 3920//807 3966//807 3958//807
f 3958//807 3960//807 3920//807
f 3920//807 3960//807 3962//807
f 3920//807 3962//807 3924//807
f 3924//807 3962//807 3948//807
f 3924//807 3948//807 3925//807
f 1799//807 1798//807 3886//807
f 3817//807 3819//807 3921//807
f 3921//807 3819//807 3808//807
f 3921//807 3808//807 3886//807
f 3886//807 3808//807 3807//807
f 3886//807 3807//807 1799//807
f 3805//2365 3806//2365 4198//2365
f 1781//6843 1799//6843 4199//6843
f 4199//6844 1799//6844 3807//6844
f 4199//6845 3807//6845 4200//6845
f 4200//6846 3807//6846 3810//6846
f 4200//6847 3810//6847 3812//6847
f 3812//6848 3816//6848 4200//6848
f 4200//6849 3816//6849 3815//6849
f 4200//6850 3815//6850 3814//6850
f 3814//6851 3805//6851 4200//6851
f 4200//2365 3805//2365 4198//2365
f 4200//2364 4198//2364 4201//2364
f 4201//6852 4198//6852 4202//6852
f 4201//2362 4202//2362 4203//2362
f 4200//6853 4201//6853 4204//6853
f 1781//6854 4199//6854 4205//6854
f 4205//6854 4199//6854 4206//6854
f 4205//6855 4206//6855 4207//6855
f 4207//6855 4206//6855 4208//6855
f 4207//6856 4208//6856 4209//6856
f 4209//6856 4208//6856 4210//6856
f 4209//6857 4210//6857 4211//6857
f 4211//6857 4210//6857 4212//6857
f 4199//6858 4200//6858 4206//6858
f 4206//6859 4200//6859 4204//6859
f 4206//6860 4204//6860 4208//6860
f 4208//6860 4204//6860 4213//6860
f 4208//6861 4213//6861 4210//6861
f 4210//6861 4213//6861 4214//6861
f 4210//6862 4214//6862 4212//6862
f 4212//6862 4214//6862 4215//6862
f 4201//6863 4203//6863 4204//6863
f 4204//6863 4203//6863 4216//6863
f 4204//6864 4216//6864 4213//6864
f 4213//6864 4216//6864 4217//6864
f 4213//6865 4217//6865 4214//6865
f 4214//6865 4217//6865 4218//6865
f 4214//6866 4218//6866 4215//6866
f 4215//6866 4218//6866 4219//6866
f 4220//6867 4221//6867 4222//6867
f 4223//6868 3987//6868 3989//6868
f 4224//6869 4225//6869 4226//6869
f 4226//6869 4225//6869 4227//6869
f 4226//6870 4227//6870 4228//6870
f 4228//6870 4227//6870 4229//6870
f 4228//6871 4229//6871 4230//6871
f 4230//6871 4229//6871 4231//6871
f 4230//6872 4231//6872 4232//6872
f 4233//6873 4219//6873 4234//6873
f 4234//6873 4219//6873 4218//6873
f 4234//6874 4218//6874 4235//6874
f 4235//6874 4218//6874 4217//6874
f 4235//6875 4217//6875 4236//6875
f 4236//6875 4217//6875 4216//6875
f 4221//6876 4223//6876 4222//6876
f 4222//6877 4223//6877 3989//6877
f 4222//6878 3989//6878 4237//6878
f 4237//6878 3989//6878 3984//6878
f 4237//6879 3984//6879 4238//6879
f 4238//6879 3984//6879 3982//6879
f 4238//6880 3982//6880 4239//6880
f 4239//6880 3982//6880 3980//6880
f 4232//6881 4220//6881 4230//6881
f 4230//6882 4220//6882 4222//6882
f 4230//6883 4222//6883 4228//6883
f 4228//6883 4222//6883 4237//6883
f 4228//6884 4237//6884 4226//6884
f 4226//6884 4237//6884 4238//6884
f 4226//6885 4238//6885 4224//6885
f 4224//6885 4238//6885 4239//6885
f 4240//6886 4241//6886 4231//6886
f 4231//6887 4241//6887 4242//6887
f 4231//6872 4242//6872 4232//6872
f 4225//6888 4233//6888 4227//6888
f 4227//6888 4233//6888 4234//6888
f 4227//6889 4234//6889 4229//6889
f 4229//6889 4234//6889 4235//6889
f 4229//6890 4235//6890 4231//6890
f 4231//6890 4235//6890 4236//6890
f 4231//6891 4236//6891 4240//6891
f 4240//6892 4236//6892 4216//6892
f 4240//6892 4216//6892 4203//6892
f 3956//6893 4243//6893 3974//6893
f 3974//6894 4243//6894 4244//6894
f 4245//6895 3976//6895 4244//6895
f 4244//2423 3976//2423 3975//2423
f 4244//2424 3975//2424 3974//2424
f 4246//6896 3978//6896 4245//6896
f 4245//6897 3978//6897 3977//6897
f 4245//6898 3977//6898 3976//6898
f 4247//6899 3972//6899 4246//6899
f 4246//2417 3972//2417 3973//2417
f 4246//2418 3973//2418 3978//2418
f 3828//2411 3829//2411 4248//2411
f 4248//6900 3829//6900 3941//6900
f 4248//6901 3941//6901 4247//6901
f 4247//6902 3941//6902 3940//6902
f 4247//6903 3940//6903 3972//6903
f 3828//2410 4248//2410 3827//2410
f 3827//6904 4248//6904 3804//6904
f 3827//2408 3804//2408 3803//2408
f 4220//2436 4249//2436 4221//2436
f 4221//6905 4249//6905 4243//6905
f 4221//2434 4243//2434 4223//2434
f 4223//2433 4243//2433 3956//2433
f 4223//2433 3956//2433 3987//2433
f 4220//2437 4232//2437 4249//2437
f 4249//6906 4232//6906 4242//6906
f 4249//6907 4242//6907 4250//6907
f 4203//2427 4202//2427 4240//2427
f 4240//6908 4202//6908 4250//6908
f 4240//2432 4250//2432 4241//2432
f 4241//2431 4250//2431 4242//2431
f 4251//807 4252//807 4244//807
f 4244//807 4252//807 4245//807
f 4245//807 4252//807 4253//807
f 4245//807 4253//807 4246//807
f 4246//807 4253//807 4254//807
f 4246//807 4254//807 4247//807
f 4247//807 4254//807 4255//807
f 4247//807 4255//807 4248//807
f 4248//807 4255//807 4256//807
f 4248//807 4256//807 3804//807
f 3804//807 4256//807 4257//807
f 3804//807 4257//807 3806//807
f 3806//807 4257//807 4258//807
f 3806//807 4258//807 4198//807
f 4198//807 4258//807 4259//807
f 4198//807 4259//807 4202//807
f 4259//807 4260//807 4202//807
f 4202//807 4260//807 4261//807
f 4202//807 4261//807 4250//807
f 4250//807 4261//807 4262//807
f 4250//807 4262//807 4249//807
f 4249//807 4262//807 4251//807
f 4249//807 4251//807 4243//807
f 4243//807 4251//807 4244//807
f 4263//2438 4264//2438 4265//2438
f 4265//2438 4264//2438 4266//2438
f 4265//2439 4266//2439 4267//2439
f 4267//2439 4266//2439 4268//2439
f 4267//2440 4268//2440 4269//2440
f 4269//2440 4268//2440 4270//2440
f 4271//2441 4269//2441 4272//2441
f 4272//2441 4269//2441 4270//2441
f 4271//2442 4272//2442 4273//2442
f 4273//2442 4272//2442 4274//2442
f 4275//851 4264//851 4274//851
f 4276//851 4268//851 4266//851
f 4277//851 4272//851 4270//851
f 4275//851 4278//851 4264//851
f 4264//851 4278//851 4279//851
f 4264//851 4279//851 4266//851
f 4266//851 4279//851 4280//851
f 4266//851 4280//851 4276//851
f 4276//851 4281//851 4268//851
f 4268//851 4281//851 4282//851
f 4268//851 4282//851 4270//851
f 4270//851 4282//851 4283//851
f 4270//851 4283//851 4277//851
f 4277//851 4284//851 4272//851
f 4272//851 4284//851 4285//851
f 4272//851 4285//851 4274//851
f 4274//851 4285//851 4286//851
f 4274//851 4286//851 4275//851
f 4264//2443 4263//2443 4274//2443
f 4274//2443 4263//2443 4273//2443
f 4287//851 3759//851 4211//851
f 4211//851 4212//851 4267//851
f 4267//851 4212//851 4215//851
f 4267//851 4215//851 4265//851
f 4288//851 4289//851 4211//851
f 4211//851 4289//851 4290//851
f 4211//851 4290//851 4287//851
f 3980//851 3979//851 4273//851
f 4273//851 3979//851 4291//851
f 4273//851 4291//851 4271//851
f 4271//851 4291//851 4292//851
f 4271//851 4292//851 4269//851
f 4263//851 4224//851 4273//851
f 4273//851 4224//851 4239//851
f 4273//851 4239//851 3980//851
f 4215//851 4219//851 4265//851
f 4265//851 4219//851 4233//851
f 4265//851 4233//851 4263//851
f 4263//851 4233//851 4225//851
f 4263//851 4225//851 4224//851
f 4292//851 4293//851 4269//851
f 4269//851 4293//851 4294//851
f 4269//851 4294//851 4267//851
f 4267//851 4294//851 4295//851
f 4267//851 4295//851 4211//851
f 4211//851 4295//851 4296//851
f 4211//851 4296//851 4288//851
f 1792//6909 1781//6909 3744//6909
f 3744//6910 1781//6910 4205//6910
f 4211//6911 3759//6911 3749//6911
f 4211//6912 3749//6912 4209//6912
f 3749//6913 3751//6913 4209//6913
f 4209//6914 3751//6914 3753//6914
f 4209//6915 3753//6915 4207//6915
f 3753//6916 3755//6916 4207//6916
f 4207//6917 3755//6917 3757//6917
f 4207//6918 3757//6918 4205//6918
f 4205//6919 3757//6919 3758//6919
f 4205//6920 3758//6920 3744//6920
f 4297//6921 4298//6921 4299//6921
f 4300//6922 4301//6922 4302//6922
f 1778//6923 1777//6923 1843//6923
f 1843//6924 1777//6924 4303//6924
f 1843//6925 4303//6925 1842//6925
f 1842//6926 4303//6926 4304//6926
f 1842//6927 4304//6927 1840//6927
f 1840//6928 4304//6928 4305//6928
f 1840//6929 4305//6929 1838//6929
f 1838//6930 4305//6930 4306//6930
f 1838//6931 4306//6931 1836//6931
f 1836//6932 4306//6932 4300//6932
f 1836//6933 4300//6933 1831//6933
f 1831//6934 4300//6934 4302//6934
f 1831//6935 4302//6935 1832//6935
f 4307//6936 4308//6936 4300//6936
f 4300//6937 4308//6937 4309//6937
f 4300//6938 4309//6938 4301//6938
f 4310//6939 4311//6939 4312//6939
f 4312//6940 4311//6940 4313//6940
f 4312//6941 4313//6941 4314//6941
f 4315//6942 4316//6942 4317//6942
f 4317//6943 4316//6943 4318//6943
f 4317//6944 4318//6944 4314//6944
f 4314//6945 4318//6945 4319//6945
f 4314//6946 4319//6946 4312//6946
f 4320//6947 4321//6947 4322//6947
f 4322//6948 4321//6948 4297//6948
f 4322//6949 4297//6949 4323//6949
f 4324//6950 4325//6950 4326//6950
f 4326//6951 4325//6951 4327//6951
f 4326//6952 4327//6952 4328//6952
f 4329//6953 1801//6953 4330//6953
f 4330//6954 1801//6954 1800//6954
f 1801//6955 4331//6955 1802//6955
f 1802//6956 4331//6956 4299//6956
f 1802//6957 4299//6957 1803//6957
f 1803//6958 4299//6958 4298//6958
f 1803//6959 4298//6959 1804//6959
f 1776//6960 1804//6960 4332//6960
f 4332//6961 1804//6961 4298//6961
f 4332//6962 4298//6962 4333//6962
f 4333//6963 4298//6963 4297//6963
f 4333//6964 4297//6964 4315//6964
f 4315//6965 4297//6965 4321//6965
f 4315//6966 4321//6966 4316//6966
f 4316//6967 4321//6967 4320//6967
f 4316//6968 4320//6968 4318//6968
f 4329//6969 4334//6969 1801//6969
f 1801//6970 4334//6970 4335//6970
f 1801//6971 4335//6971 4331//6971
f 4331//6972 4335//6972 4328//6972
f 4331//6973 4328//6973 4299//6973
f 4299//6974 4328//6974 4327//6974
f 4299//6975 4327//6975 4297//6975
f 4297//6976 4327//6976 4325//6976
f 4297//6977 4325//6977 4323//6977
f 1777//6978 1776//6978 4303//6978
f 4303//6979 1776//6979 4332//6979
f 4303//6980 4332//6980 4304//6980
f 4304//6981 4332//6981 4333//6981
f 4304//6982 4333//6982 4305//6982
f 4305//6983 4333//6983 4315//6983
f 4305//6984 4315//6984 4306//6984
f 4306//6985 4315//6985 4317//6985
f 4306//6986 4317//6986 4300//6986
f 4300//6987 4317//6987 4314//6987
f 4300//6988 4314//6988 4307//6988
f 4307//6989 4314//6989 4313//6989
f 4336//6990 4329//6990 4330//6990
f 4337//6991 4338//6991 4339//6991
f 4339//6992 4338//6992 4336//6992
f 4339//6993 4336//6993 4340//6993
f 4340//6994 4336//6994 4330//6994
f 4340//6995 4330//6995 1800//6995
f 1800//6996 4341//6996 4340//6996
f 4340//6997 4341//6997 4342//6997
f 4340//6998 4342//6998 4339//6998
f 4339//6999 4342//6999 4343//6999
f 4339//7000 4343//7000 4337//7000
f 4337//7001 4343//7001 4344//7001
f 4337//7002 4344//7002 4338//7002
f 4338//7003 4344//7003 4345//7003
f 1785//7004 4346//7004 1786//7004
f 1786//7005 4346//7005 4341//7005
f 1786//7006 4341//7006 1800//7006
f 4346//7007 4347//7007 4341//7007
f 4341//7008 4347//7008 4348//7008
f 4341//7009 4348//7009 4342//7009
f 3748//7010 3746//7010 4349//7010
f 1785//7011 3742//7011 4346//7011
f 4346//7012 3742//7012 3760//7012
f 4346//7013 3760//7013 4347//7013
f 4347//7014 3760//7014 3748//7014
f 4347//7015 3748//7015 4348//7015
f 4348//7016 3748//7016 4349//7016
f 4348//7017 4349//7017 4342//7017
f 4342//7018 4349//7018 4343//7018
f 4350//7019 4345//7019 4344//7019
f 4344//7020 4343//7020 4350//7020
f 4350//7021 4343//7021 4349//7021
f 4350//7022 4349//7022 3746//7022
f 3745//7023 4351//7023 3746//7023
f 4351//7024 3745//7024 4352//7024
f 4352//7025 3745//7025 3759//7025
f 4352//7026 3759//7026 4287//7026
f 4353//7027 4354//7027 4355//7027
f 4355//7028 4354//7028 4356//7028
f 4355//7029 4356//7029 4357//7029
f 4288//7030 4296//7030 4358//7030
f 4358//7031 4296//7031 4295//7031
f 4358//7032 4295//7032 4359//7032
f 4359//7033 4295//7033 4294//7033
f 4359//7034 4294//7034 4360//7034
f 4360//7035 4294//7035 4293//7035
f 4360//7036 4293//7036 4361//7036
f 4361//7037 4293//7037 4292//7037
f 4288//7038 4358//7038 4289//7038
f 4289//7039 4358//7039 4362//7039
f 4289//7040 4362//7040 4290//7040
f 4353//7041 4361//7041 4354//7041
f 4354//7042 4361//7042 4292//7042
f 4354//7043 4292//7043 4356//7043
f 4356//7044 4292//7044 4291//7044
f 4356//7045 4291//7045 3979//7045
f 4353//7046 4363//7046 4361//7046
f 4361//7047 4363//7047 4364//7047
f 4361//7048 4364//7048 4360//7048
f 4360//7049 4364//7049 4365//7049
f 4360//7050 4365//7050 4359//7050
f 4359//7051 4365//7051 4366//7051
f 4359//7052 4366//7052 4358//7052
f 4358//7053 4366//7053 4367//7053
f 4367//7054 4368//7054 4358//7054
f 4358//7055 4368//7055 4369//7055
f 4358//7056 4369//7056 4362//7056
f 4362//7057 4369//7057 4370//7057
f 4370//7058 4371//7058 4362//7058
f 4362//7059 4371//7059 4352//7059
f 4362//7060 4352//7060 4290//7060
f 4290//7061 4352//7061 4287//7061
f 4350//7062 3746//7062 4372//7062
f 4372//7063 3746//7063 4351//7063
f 4372//7064 4351//7064 4373//7064
f 4373//7065 4351//7065 4352//7065
f 4373//7066 4352//7066 4374//7066
f 4374//7067 4352//7067 4371//7067
f 3983//7068 3986//7068 4375//7068
f 4376//7069 4377//7069 4378//7069
f 4377//7070 4376//7070 3997//7070
f 4379//7071 4380//7071 4378//7071
f 4378//7072 4380//7072 4375//7072
f 3986//7073 3985//7073 4375//7073
f 4375//7074 3985//7074 3991//7074
f 4375//7075 3991//7075 4378//7075
f 4378//7076 3991//7076 3990//7076
f 4378//7077 3990//7077 4376//7077
f 4376//7078 3990//7078 3988//7078
f 4376//7079 3988//7079 3997//7079
f 4381//7080 4382//7080 4383//7080
f 4383//7081 4382//7081 4357//7081
f 4383//7082 4357//7082 4384//7082
f 4384//7083 4357//7083 4356//7083
f 4384//7084 4356//7084 4385//7084
f 4385//7085 4356//7085 3979//7085
f 4385//7086 3979//7086 3981//7086
f 3997//7087 3996//7087 4377//7087
f 4377//7088 3996//7088 4386//7088
f 4377//7089 4386//7089 4378//7089
f 4378//7090 4386//7090 4387//7090
f 4378//7091 4387//7091 4379//7091
f 4379//7092 4387//7092 4388//7092
f 4388//7093 4381//7093 4379//7093
f 4379//7094 4381//7094 4383//7094
f 4379//7095 4383//7095 4380//7095
f 4380//7096 4383//7096 4384//7096
f 4380//7097 4384//7097 4375//7097
f 4375//7098 4384//7098 4385//7098
f 4375//7099 4385//7099 3983//7099
f 3983//7100 4385//7100 3981//7100
f 3995//7101 3993//7101 4389//7101
f 3996//7102 3995//7102 4386//7102
f 4386//7103 3995//7103 4389//7103
f 4386//7104 4389//7104 4387//7104
f 4387//7105 4389//7105 4390//7105
f 4387//7106 4390//7106 4388//7106
f 4388//7107 4390//7107 4381//7107
f 4391//7108 4392//7108 4393//7108
f 4390//7109 4391//7109 4381//7109
f 4381//7110 4391//7110 4393//7110
f 4381//7111 4393//7111 4382//7111
f 4382//7112 4393//7112 4357//7112
f 3740//7113 3741//7113 4394//7113
f 4394//7114 3741//7114 4395//7114
f 4396//7115 4397//7115 4392//7115
f 4398//7116 4399//7116 4397//7116
f 4400//7117 4401//7117 4402//7117
f 4402//7118 4401//7118 4403//7118
f 4402//7119 4403//7119 4404//7119
f 4392//7120 4391//7120 4396//7120
f 4396//7121 4391//7121 4390//7121
f 4396//7122 4390//7122 4405//7122
f 4405//7123 4390//7123 4389//7123
f 4405//7124 4389//7124 4406//7124
f 4406//7125 4389//7125 3993//7125
f 4406//7126 3993//7126 4407//7126
f 4402//7127 4408//7127 4400//7127
f 4400//7128 4408//7128 4409//7128
f 4400//7129 4409//7129 4395//7129
f 4395//7130 4409//7130 4410//7130
f 4395//7131 4410//7131 4394//7131
f 3738//7132 4411//7132 4412//7132
f 4412//7133 4411//7133 4413//7133
f 4412//7134 4413//7134 4414//7134
f 4414//7135 4413//7135 4415//7135
f 4414//7136 4415//7136 4416//7136
f 4416//7137 4415//7137 4417//7137
f 4416//7138 4417//7138 4418//7138
f 3738//7139 3740//7139 4411//7139
f 4411//7140 3740//7140 4394//7140
f 4411//7141 4394//7141 4413//7141
f 4413//7142 4394//7142 4410//7142
f 4413//7143 4410//7143 4415//7143
f 4415//7144 4410//7144 4409//7144
f 4415//7145 4409//7145 4417//7145
f 4417//7146 4409//7146 4408//7146
f 4417//7147 4408//7147 4419//7147
f 4419//7148 4408//7148 4402//7148
f 4419//7149 4402//7149 4420//7149
f 4420//7150 4402//7150 4404//7150
f 4420//7151 4404//7151 4399//7151
f 4421//7152 4422//7152 4423//7152
f 4399//7153 4398//7153 4420//7153
f 4420//7154 4398//7154 4424//7154
f 4420//7155 4424//7155 4419//7155
f 4419//7156 4424//7156 4421//7156
f 4419//7157 4421//7157 4417//7157
f 4417//7158 4421//7158 4423//7158
f 4417//7159 4423//7159 4418//7159
f 4397//7160 4396//7160 4398//7160
f 4398//7161 4396//7161 4405//7161
f 4398//7162 4405//7162 4424//7162
f 4424//7163 4405//7163 4406//7163
f 4424//7164 4406//7164 4421//7164
f 4421//7165 4406//7165 4407//7165
f 4421//7166 4407//7166 4422//7166
f 3993//7167 3992//7167 4407//7167
f 4407//7168 3992//7168 4012//7168
f 4407//7169 4012//7169 4422//7169
f 4422//7170 4012//7170 4014//7170
f 4422//2720 4014//2720 4423//2720
f 4423//7171 4014//7171 4425//7171
f 4423//7172 4425//7172 4418//7172
f 4418//7173 4425//7173 4426//7173
f 4418//7174 4426//7174 4416//7174
f 4416//7175 4426//7175 4414//7175
f 4414//7176 4426//7176 4412//7176
f 4412//7177 4426//7177 4427//7177
f 4412//2709 4427//2709 3738//2709
f 4009//807 4428//807 3999//807
f 3999//807 4428//807 4427//807
f 3999//807 4427//807 4001//807
f 4001//807 4427//807 4426//807
f 4001//807 4426//807 4002//807
f 4002//807 4426//807 4425//807
f 4425//807 4014//807 4002//807
f 4002//807 4014//807 4013//807
f 4002//807 4013//807 4005//807
f 4429//2722 4428//2722 4009//2722
f 4429//2722 4009//2722 4430//2722
f 4430//2722 4009//2722 4008//2722
f 4430//2722 4008//2722 4042//2722
f 4042//2722 4041//2722 4430//2722
f 4430//2722 4041//2722 4431//2722
f 4430//2722 4431//2722 4432//2722
f 4433//7178 4434//7178 4435//7178
f 4436//7179 4437//7179 4438//7179
f 4438//7180 4437//7180 4439//7180
f 4438//7181 4439//7181 4440//7181
f 4441//7182 4442//7182 4443//7182
f 4443//7183 4442//7183 4444//7183
f 4443//2732 4444//2732 4436//2732
f 4436//7184 4444//7184 4445//7184
f 4436//7185 4445//7185 4437//7185
f 4430//7186 4432//7186 4446//7186
f 4446//7187 4432//7187 4447//7187
f 4446//7188 4447//7188 4441//7188
f 4441//7189 4447//7189 4448//7189
f 4441//7190 4448//7190 4442//7190
f 4439//7191 4449//7191 4440//7191
f 4440//7192 4449//7192 4450//7192
f 4440//7193 4450//7193 4435//7193
f 4435//7194 4450//7194 4451//7194
f 4435//7195 4451//7195 4433//7195
f 4452//7196 4453//7196 4454//7196
f 4455//7197 4438//7197 4440//7197
f 4455//7198 4440//7198 4456//7198
f 4438//7199 4455//7199 4436//7199
f 4436//7200 4455//7200 4457//7200
f 4436//7201 4457//7201 4443//7201
f 4443//7202 4457//7202 4441//7202
f 4441//7203 4457//7203 4458//7203
f 4441//7204 4458//7204 4446//7204
f 4446//7205 4458//7205 4459//7205
f 4446//7205 4459//7205 4430//7205
f 4460//7206 4461//7206 4462//7206
f 4440//7207 4435//7207 4456//7207
f 4456//7208 4435//7208 4434//7208
f 4456//7209 4434//7209 4462//7209
f 4462//7210 4434//7210 4463//7210
f 4462//7211 4463//7211 4460//7211
f 4461//7212 4464//7212 4462//7212
f 4462//7213 4464//7213 4465//7213
f 4462//7214 4465//7214 4454//7214
f 4454//7215 4465//7215 4466//7215
f 4454//7216 4466//7216 4452//7216
f 4459//7217 4467//7217 4430//7217
f 4430//7217 4467//7217 4429//7217
f 4468//807 4469//807 4467//807
f 4467//807 4469//807 4470//807
f 4467//807 4470//807 4471//807
f 4468//807 4467//807 4472//807
f 4472//807 4467//807 4459//807
f 4472//807 4459//807 4473//807
f 4473//807 4459//807 4458//807
f 4473//807 4458//807 4474//807
f 4453//807 4475//807 4454//807
f 4454//807 4475//807 4476//807
f 4454//807 4476//807 4462//807
f 4462//807 4476//807 4477//807
f 4462//807 4477//807 4456//807
f 4456//807 4477//807 4478//807
f 4456//807 4478//807 4455//807
f 4455//807 4478//807 4474//807
f 4455//807 4474//807 4457//807
f 4457//807 4474//807 4458//807
f 4479//2764 4480//2764 4481//2764
f 4479//2764 4481//2764 4482//2764
f 4482//2764 4481//2764 4476//2764
f 4482//2764 4476//2764 4475//2764
f 4451//7218 4450//7218 4483//7218
f 3694//7219 3688//7219 4434//7219
f 3322//7220 3321//7220 4453//7220
f 4453//7221 3321//7221 3320//7221
f 4453//7222 3320//7222 4475//7222
f 4475//7223 3320//7223 3319//7223
f 4475//7224 3319//7224 4482//7224
f 4453//7225 4452//7225 3322//7225
f 3322//7226 4452//7226 4466//7226
f 3322//7227 4466//7227 4465//7227
f 4464//7228 4461//7228 3318//7228
f 4464//7229 3318//7229 4465//7229
f 4465//7230 3318//7230 3323//7230
f 4465//7231 3323//7231 3322//7231
f 3690//7232 1019//7232 1017//7232
f 3688//7233 3690//7233 4434//7233
f 4434//7234 3690//7234 1017//7234
f 4434//7235 1017//7235 4463//7235
f 4463//7236 1017//7236 3318//7236
f 4463//7237 3318//7237 4460//7237
f 4460//7238 3318//7238 4461//7238
f 3694//7239 4434//7239 3693//7239
f 3693//7240 4434//7240 4433//7240
f 3693//7241 4433//7241 3691//7241
f 4451//7242 4483//7242 4433//7242
f 3691//7243 4433//7243 4484//7243
f 4484//7244 4433//7244 4483//7244
f 4484//7245 4483//7245 4485//7245
f 4482//7246 3319//7246 4479//7246
f 4479//7247 3319//7247 3456//7247
f 4479//7248 3456//7248 4480//7248
f 4480//7249 3456//7249 3457//7249
f 4480//7250 3457//7250 4486//7250
f 4486//7251 3457//7251 750//7251
f 4486//7252 750//7252 1996//7252
f 4481//7253 4480//7253 4487//7253
f 4487//7253 4480//7253 4486//7253
f 4487//7253 4486//7253 2000//7253
f 2000//7253 4486//7253 1996//7253
f 4487//7254 2000//7254 2003//7254
f 114//7255 2896//7255 4488//7255
f 114//7256 4488//7256 2017//7256
f 4488//7257 4489//7257 2017//7257
f 2017//7258 4489//7258 4490//7258
f 2017//7259 4490//7259 2014//7259
f 4490//7260 4491//7260 2014//7260
f 2014//7261 4491//7261 4492//7261
f 2014//7262 4492//7262 2011//7262
f 4492//7263 4493//7263 2011//7263
f 2011//7264 4493//7264 4494//7264
f 2011//7265 4494//7265 2008//7265
f 4494//7266 4495//7266 2008//7266
f 2008//7267 4495//7267 4496//7267
f 2008//7268 4496//7268 2005//7268
f 4481//7269 4487//7269 4497//7269
f 4497//7270 4487//7270 2003//7270
f 4497//7271 2003//7271 4498//7271
f 4498//7272 2003//7272 2005//7272
f 4498//7273 2005//7273 4499//7273
f 4499//7274 2005//7274 4496//7274
f 4476//7275 4481//7275 4497//7275
f 4476//7276 4497//7276 4477//7276
f 4477//7277 4497//7277 4498//7277
f 4477//7278 4498//7278 4478//7278
f 4478//2824 4498//2824 4499//2824
f 4478//7279 4499//7279 4474//7279
f 4499//2828 4496//2828 4474//2828
f 4474//2827 4496//2827 4495//2827
f 4474//7280 4495//7280 4473//7280
f 4495//2831 4494//2831 4473//2831
f 4473//2830 4494//2830 4493//2830
f 4473//7281 4493//7281 4472//7281
f 4493//2834 4492//2834 4472//2834
f 4472//2833 4492//2833 4491//2833
f 4472//7282 4491//7282 4468//7282
f 4491//2837 4490//2837 4468//2837
f 4468//2836 4490//2836 4489//2836
f 4468//7283 4489//7283 4469//7283
f 4469//2840 4489//2840 4488//2840
f 4469//7284 4488//7284 4470//7284
f 116//7285 2024//7285 2897//7285
f 2897//7286 2024//7286 4471//7286
f 2897//7287 4471//7287 2895//7287
f 2895//7288 4471//7288 4470//7288
f 2895//7289 4470//7289 2896//7289
f 2896//7290 4470//7290 4488//7290
f 4500//2819 4471//2819 4501//2819
f 4501//2819 4471//2819 2024//2819
f 4501//2844 2024//2844 4502//2844
f 4502//2844 2024//2844 2023//2844
f 4501//7291 4502//7291 4503//7291
f 4500//7292 4501//7292 4504//7292
f 4504//7293 4501//7293 4503//7293
f 4504//7294 4503//7294 4505//7294
f 4505//7294 4503//7294 4506//7294
f 4505//7295 4506//7295 4507//7295
f 4508//7296 4509//7296 4510//7296
f 4510//7297 4509//7297 4507//7297
f 4510//7298 4507//7298 4511//7298
f 4511//7295 4507//7295 4506//7295
f 4512//7299 4513//7299 4508//7299
f 4508//7300 4510//7300 4512//7300
f 4512//7301 4510//7301 4511//7301
f 4512//7302 4511//7302 4514//7302
f 4511//7303 4506//7303 4514//7303
f 4514//7304 4506//7304 4503//7304
f 4514//7305 4503//7305 4515//7305
f 4515//7306 4503//7306 4502//7306
f 4515//7307 4502//7307 4516//7307
f 4517//2864 4518//2864 4519//2864
f 4519//2864 4520//2864 4517//2864
f 4517//2864 4520//2864 4521//2864
f 4517//2864 4521//2864 4522//2864
f 4523//7308 4524//7308 4525//7308
f 4526//7309 4521//7309 4520//7309
f 4523//7310 4525//7310 4527//7310
f 4520//7311 4528//7311 4526//7311
f 4526//7312 4528//7312 4529//7312
f 4526//7313 4529//7313 4530//7313
f 4530//7314 4529//7314 4531//7314
f 4530//7315 4531//7315 4532//7315
f 4532//7316 4531//7316 4533//7316
f 4532//7317 4533//7317 4534//7317
f 4534//7318 4533//7318 4535//7318
f 4534//7319 4535//7319 4536//7319
f 4536//7320 4535//7320 4527//7320
f 4536//7321 4527//7321 4537//7321
f 4537//7322 4527//7322 4525//7322
f 4537//7323 4525//7323 4538//7323
f 4522//7324 4521//7324 4539//7324
f 4539//7325 4521//7325 4526//7325
f 4539//7326 4526//7326 4540//7326
f 4540//7327 4526//7327 4530//7327
f 4534//7328 4541//7328 4532//7328
f 4532//7329 4541//7329 4542//7329
f 4532//7330 4542//7330 4530//7330
f 4530//7331 4542//7331 4543//7331
f 4530//7332 4543//7332 4540//7332
f 4538//7333 4544//7333 4537//7333
f 4537//7334 4544//7334 4545//7334
f 4537//7335 4545//7335 4536//7335
f 4536//7336 4545//7336 4546//7336
f 4536//7337 4546//7337 4534//7337
f 4534//7338 4546//7338 4547//7338
f 4534//7339 4547//7339 4541//7339
f 4528//7340 4520//7340 4519//7340
f 4519//7341 4548//7341 4528//7341
f 4528//7342 4548//7342 4549//7342
f 4528//7343 4549//7343 4529//7343
f 4529//7344 4549//7344 4550//7344
f 4529//7345 4550//7345 4531//7345
f 4531//7346 4550//7346 4551//7346
f 4531//7347 4551//7347 4533//7347
f 4533//7348 4551//7348 4552//7348
f 4533//7349 4552//7349 4535//7349
f 4553//7350 4554//7350 4555//7350
f 4555//7351 4554//7351 4556//7351
f 4555//7352 4556//7352 4557//7352
f 4557//7353 4556//7353 4558//7353
f 4557//7354 4558//7354 4559//7354
f 4559//7355 4558//7355 4560//7355
f 4561//7356 4562//7356 4553//7356
f 4553//7357 4562//7357 4563//7357
f 4553//7358 4563//7358 4554//7358
f 4518//7359 4564//7359 4565//7359
f 4565//7360 4564//7360 4566//7360
f 4565//7361 4566//7361 4561//7361
f 4561//7362 4566//7362 4567//7362
f 4561//7363 4567//7363 4562//7363
f 4527//7364 4535//7364 4559//7364
f 4559//7365 4535//7365 4552//7365
f 4559//7366 4552//7366 4557//7366
f 4557//7367 4552//7367 4551//7367
f 4557//7368 4551//7368 4555//7368
f 4555//7369 4551//7369 4550//7369
f 4555//7370 4550//7370 4553//7370
f 4553//7371 4550//7371 4549//7371
f 4553//7372 4549//7372 4561//7372
f 4561//7373 4549//7373 4548//7373
f 4561//7374 4548//7374 4565//7374
f 4565//7375 4548//7375 4519//7375
f 4565//7376 4519//7376 4518//7376
f 4568//7377 4569//7377 4563//7377
f 4563//7378 4569//7378 4570//7378
f 4563//7379 4570//7379 4554//7379
f 4571//7380 4572//7380 4573//7380
f 4574//7381 4575//7381 4576//7381
f 4571//7382 4573//7382 4577//7382
f 4578//7383 4579//7383 4580//7383
f 4580//7384 4579//7384 4581//7384
f 4582//7385 4583//7385 4579//7385
f 4579//7386 4583//7386 4584//7386
f 4579//7387 4584//7387 4581//7387
f 4585//7388 4586//7388 4587//7388
f 4576//7389 4588//7389 4574//7389
f 4574//7390 4588//7390 4589//7390
f 4574//7391 4589//7391 4585//7391
f 4585//7392 4589//7392 4590//7392
f 4585//7393 4590//7393 4586//7393
f 4585//7394 4591//7394 4574//7394
f 4574//7395 4591//7395 4592//7395
f 4574//7396 4592//7396 4575//7396
f 4575//7397 4592//7397 4593//7397
f 4594//7398 4595//7398 4596//7398
f 4596//7399 4582//7399 4594//7399
f 4594//7400 4582//7400 4579//7400
f 4594//7401 4579//7401 4597//7401
f 4597//7402 4579//7402 4578//7402
f 4597//7403 4578//7403 4598//7403
f 4554//7404 4570//7404 4556//7404
f 4556//7405 4570//7405 4573//7405
f 4556//7406 4573//7406 4558//7406
f 4558//7407 4573//7407 4572//7407
f 4558//7408 4572//7408 4560//7408
f 4518//7409 4599//7409 4600//7409
f 4600//7410 4599//7410 4601//7410
f 4600//7411 4601//7411 4602//7411
f 4602//7412 4601//7412 4603//7412
f 4602//7413 4603//7413 4568//7413
f 4604//7414 4593//7414 4605//7414
f 4605//7415 4593//7415 4592//7415
f 4605//7416 4592//7416 4606//7416
f 4606//7417 4592//7417 4591//7417
f 4606//7418 4591//7418 4595//7418
f 4595//7419 4591//7419 4585//7419
f 4595//7420 4585//7420 4596//7420
f 4596//7421 4585//7421 4587//7421
f 4596//7422 4587//7422 4582//7422
f 4582//7423 4587//7423 4607//7423
f 4582//7424 4607//7424 4583//7424
f 4563//7425 4562//7425 4568//7425
f 4568//7426 4562//7426 4567//7426
f 4568//7427 4567//7427 4602//7427
f 4602//7428 4567//7428 4566//7428
f 4602//7429 4566//7429 4600//7429
f 4600//7430 4566//7430 4564//7430
f 4600//7431 4564//7431 4518//7431
f 4578//7432 4577//7432 4598//7432
f 4598//7433 4577//7433 4573//7433
f 4598//7434 4573//7434 4597//7434
f 4597//7435 4573//7435 4570//7435
f 4597//7436 4570//7436 4594//7436
f 4594//7437 4570//7437 4569//7437
f 4594//7438 4569//7438 4595//7438
f 4595//7439 4569//7439 4568//7439
f 4595//7440 4568//7440 4606//7440
f 4606//7441 4568//7441 4603//7441
f 4606//7442 4603//7442 4605//7442
f 4605//7443 4603//7443 4601//7443
f 4605//7444 4601//7444 4604//7444
f 4604//7445 4601//7445 4599//7445
f 4608//7446 4609//7446 4610//7446
f 4588//7447 4576//7447 4608//7447
f 4611//7448 4586//7448 4610//7448
f 4610//7449 4586//7449 4590//7449
f 4610//7450 4590//7450 4608//7450
f 4608//7451 4590//7451 4589//7451
f 4608//7452 4589//7452 4588//7452
f 4581//7453 4584//7453 4612//7453
f 4612//7454 4584//7454 4583//7454
f 4612//7455 4583//7455 4613//7455
f 4613//7456 4583//7456 4607//7456
f 4613//7457 4607//7457 4587//7457
f 4614//7458 4615//7458 4616//7458
f 4580//7459 4581//7459 4616//7459
f 4616//7460 4581//7460 4612//7460
f 4616//7461 4612//7461 4614//7461
f 4614//7462 4612//7462 4613//7462
f 4614//7463 4613//7463 4611//7463
f 4611//7464 4613//7464 4587//7464
f 4611//7465 4587//7465 4586//7465
f 4617//7466 4513//7466 4512//7466
f 4610//7467 4609//7467 4617//7467
f 4515//7468 4516//7468 4618//7468
f 4617//7469 4512//7469 4610//7469
f 4610//7470 4512//7470 4514//7470
f 4610//7471 4514//7471 4611//7471
f 4611//7472 4514//7472 4515//7472
f 4611//7473 4515//7473 4614//7473
f 4614//7474 4515//7474 4618//7474
f 4614//7475 4618//7475 4615//7475
f 4518//7476 4517//7476 4599//7476
f 4599//7477 4517//7477 4619//7477
f 4599//7478 4619//7478 4604//7478
f 4604//7479 4619//7479 4620//7479
f 4621//7480 4575//7480 4620//7480
f 4620//7481 4575//7481 4593//7481
f 4620//7482 4593//7482 4604//7482
f 4622//7483 4513//7483 4617//7483
f 4617//7484 4609//7484 4622//7484
f 4622//7485 4609//7485 4608//7485
f 4622//7486 4608//7486 4621//7486
f 4621//7487 4608//7487 4576//7487
f 4621//7488 4576//7488 4575//7488
f 4623//7489 4619//7489 4517//7489
f 4622//7490 4621//7490 4624//7490
f 4624//7490 4621//7490 4625//7490
f 4624//7491 4625//7491 4626//7491
f 4626//7491 4625//7491 4627//7491
f 4626//7492 4627//7492 4628//7492
f 4628//7492 4627//7492 4629//7492
f 4628//7493 4629//7493 4630//7493
f 4630//7493 4629//7493 4631//7493
f 4630//7494 4631//7494 4632//7494
f 4632//7494 4631//7494 4633//7494
f 4632//7495 4633//7495 4634//7495
f 4634//7495 4633//7495 4635//7495
f 4621//7496 4620//7496 4625//7496
f 4625//7497 4620//7497 4636//7497
f 4625//7498 4636//7498 4627//7498
f 4627//7498 4636//7498 4637//7498
f 4627//7499 4637//7499 4629//7499
f 4629//7500 4637//7500 4638//7500
f 4629//7501 4638//7501 4631//7501
f 4631//7501 4638//7501 4639//7501
f 4631//7502 4639//7502 4633//7502
f 4633//7502 4639//7502 4640//7502
f 4633//7503 4640//7503 4635//7503
f 4635//7504 4640//7504 4641//7504
f 4620//7505 4619//7505 4636//7505
f 4636//7505 4619//7505 4623//7505
f 4636//7506 4623//7506 4637//7506
f 4637//7506 4623//7506 4642//7506
f 4637//7507 4642//7507 4638//7507
f 4638//7507 4642//7507 4643//7507
f 4638//7508 4643//7508 4639//7508
f 4639//7508 4643//7508 4644//7508
f 4639//7509 4644//7509 4640//7509
f 4640//7509 4644//7509 4645//7509
f 4640//7510 4645//7510 4641//7510
f 4641//7510 4645//7510 4646//7510
f 4647//7511 4646//7511 4648//7511
f 4648//7511 4646//7511 4645//7511
f 4648//7512 4645//7512 4649//7512
f 4649//7512 4645//7512 4644//7512
f 4649//7513 4644//7513 4650//7513
f 4650//7513 4644//7513 4643//7513
f 4650//7514 4643//7514 4651//7514
f 4651//7514 4643//7514 4642//7514
f 4651//7515 4642//7515 4652//7515
f 4652//7516 4642//7516 4623//7516
f 4652//7517 4623//7517 4653//7517
f 4653//7489 4623//7489 4517//7489
f 4654//7518 4634//7518 4655//7518
f 4655//7519 4634//7519 4635//7519
f 4655//7520 4635//7520 4656//7520
f 4656//7521 4635//7521 4641//7521
f 4656//7522 4641//7522 4657//7522
f 4657//7523 4641//7523 4658//7523
f 4658//7524 4641//7524 4646//7524
f 4658//7525 4646//7525 4659//7525
f 4659//7526 4646//7526 4660//7526
f 4660//7527 4646//7527 4647//7527
f 4660//7528 4647//7528 3710//7528
f 4661//7529 4662//7529 4663//7529
f 4664//7530 4665//7530 3709//7530
f 3709//7531 4665//7531 4660//7531
f 3709//7532 4660//7532 3710//7532
f 4657//7533 4658//7533 4665//7533
f 4665//7534 4658//7534 4659//7534
f 4665//7535 4659//7535 4660//7535
f 4656//7536 4666//7536 4655//7536
f 4655//7537 4666//7537 4667//7537
f 4655//7538 4667//7538 4654//7538
f 4668//7539 4669//7539 4670//7539
f 4668//7540 4670//7540 4671//7540
f 4672//7541 4673//7541 4674//7541
f 4675//7542 4672//7542 4671//7542
f 4671//7543 4672//7543 4674//7543
f 4671//7544 4674//7544 4668//7544
f 4676//7545 4677//7545 4678//7545
f 3714//7546 3716//7546 4678//7546
f 4678//7547 3716//7547 3718//7547
f 4678//7548 3718//7548 4676//7548
f 4664//7549 4662//7549 4665//7549
f 4665//7550 4662//7550 4661//7550
f 4665//7551 4661//7551 4657//7551
f 4657//7552 4661//7552 4663//7552
f 4657//7553 4663//7553 4656//7553
f 4656//7554 4663//7554 4679//7554
f 4656//7555 4679//7555 4666//7555
f 3712//7556 3714//7556 4680//7556
f 4680//7557 3714//7557 4678//7557
f 4680//7558 4678//7558 4675//7558
f 4675//7559 4678//7559 4677//7559
f 4675//7560 4677//7560 4672//7560
f 4670//7561 4681//7561 4671//7561
f 4671//7562 4681//7562 4682//7562
f 4671//7563 4682//7563 4675//7563
f 4675//7564 4682//7564 4683//7564
f 4675//7565 4683//7565 4680//7565
f 3709//7566 3712//7566 4664//7566
f 4664//7567 3712//7567 4680//7567
f 4664//7568 4680//7568 4662//7568
f 4662//7569 4680//7569 4683//7569
f 4662//7570 4683//7570 4663//7570
f 4663//7571 4683//7571 4682//7571
f 4663//7572 4682//7572 4679//7572
f 4679//7573 4682//7573 4681//7573
f 4679//7574 4681//7574 4666//7574
f 4666//7575 4681//7575 4670//7575
f 4666//7576 4670//7576 4667//7576
f 4667//7577 4670//7577 4669//7577
f 4676//3139 4429//3139 4677//3139
f 4677//3140 4429//3140 4467//3140
f 4677//3139 4467//3139 4672//3139
f 4471//3139 4500//3139 4467//3139
f 4467//3139 4500//3139 4673//3139
f 4467//3140 4673//3140 4672//3140
f 3718//7578 3717//7578 3720//7578
f 4676//3139 3718//3139 4429//3139
f 4429//3139 3718//3139 3720//3139
f 4429//3139 3720//3139 4428//3139
f 4428//3139 3720//3139 3739//3139
f 4428//3139 3739//3139 4427//3139
f 4427//3139 3739//3139 3738//3139
f 4507//7579 4509//7579 4654//7579
f 4673//7580 4500//7580 4674//7580
f 4674//7581 4500//7581 4504//7581
f 4674//7582 4504//7582 4668//7582
f 4668//7583 4504//7583 4505//7583
f 4668//7584 4505//7584 4669//7584
f 4669//7585 4505//7585 4507//7585
f 4669//7586 4507//7586 4667//7586
f 4667//7587 4507//7587 4654//7587
f 4634//851 4654//851 4509//851
f 4634//851 4509//851 4632//851
f 4632//851 4509//851 4630//851
f 4630//851 4509//851 4508//851
f 4630//851 4508//851 4513//851
f 4626//851 4628//851 4624//851
f 4624//851 4628//851 4630//851
f 4624//851 4630//851 4622//851
f 4622//851 4630//851 4513//851
f 4516//3150 4502//3150 2023//3150
f 4684//7588 4685//7588 4686//7588
f 4686//7589 4685//7589 4687//7589
f 4615//7590 4618//7590 4688//7590
f 4688//7591 4618//7591 4686//7591
f 4688//7592 4686//7592 4689//7592
f 4689//7593 4686//7593 4687//7593
f 4516//7594 2023//7594 4618//7594
f 4618//7595 2023//7595 2208//7595
f 4618//7596 2208//7596 4686//7596
f 4686//7597 2208//7597 4690//7597
f 4686//7598 4690//7598 4684//7598
f 2222//7599 2226//7599 4691//7599
f 4692//7600 4693//7600 4694//7600
f 4695//7601 4696//7601 4697//7601
f 4697//7602 4696//7602 4698//7602
f 4697//7603 4698//7603 4616//7603
f 4616//7604 4698//7604 4699//7604
f 4616//7605 4699//7605 4580//7605
f 4688//7606 4689//7606 4700//7606
f 4700//7607 4689//7607 4687//7607
f 4700//7608 4687//7608 4701//7608
f 4701//7609 4687//7609 4685//7609
f 4701//7610 4685//7610 4692//7610
f 4692//7611 4685//7611 4684//7611
f 4692//7612 4684//7612 4693//7612
f 4693//7613 4684//7613 4690//7613
f 4693//7614 4690//7614 4691//7614
f 4691//7615 4690//7615 2208//7615
f 4691//7616 2208//7616 2222//7616
f 4692//7617 4702//7617 4701//7617
f 4701//7618 4702//7618 4695//7618
f 4701//7619 4695//7619 4700//7619
f 4700//7620 4695//7620 4697//7620
f 4700//7621 4697//7621 4688//7621
f 4688//7622 4697//7622 4616//7622
f 4688//7623 4616//7623 4615//7623
f 4692//7624 4694//7624 4703//7624
f 4578//7625 4580//7625 4699//7625
f 4559//7626 4560//7626 4704//7626
f 4704//7627 4524//7627 4559//7627
f 4559//7628 4524//7628 4523//7628
f 4559//7629 4523//7629 4527//7629
f 4578//7630 4699//7630 4577//7630
f 4560//7631 4572//7631 4704//7631
f 4704//7632 4572//7632 4571//7632
f 4704//7633 4571//7633 4577//7633
f 4577//7634 4699//7634 4704//7634
f 4704//7635 4699//7635 4698//7635
f 4704//7636 4698//7636 4705//7636
f 4705//7637 4698//7637 4696//7637
f 4705//7638 4696//7638 4706//7638
f 4706//7639 4696//7639 4695//7639
f 4706//7640 4695//7640 4703//7640
f 4703//7641 4695//7641 4702//7641
f 4703//7642 4702//7642 4692//7642
f 2240//7643 428//7643 3208//7643
f 3206//7644 4707//7644 3207//7644
f 3207//7645 4707//7645 4708//7645
f 3207//7646 4708//7646 3198//7646
f 4709//7647 4710//7647 3206//7647
f 3206//7648 4710//7648 4711//7648
f 3206//7649 4711//7649 4707//7649
f 4712//7650 4713//7650 4714//7650
f 4714//7651 4713//7651 4715//7651
f 4714//7652 4715//7652 4716//7652
f 3203//7653 3202//7653 4717//7653
f 4709//7654 3206//7654 4718//7654
f 4718//7655 3206//7655 3205//7655
f 4718//7656 3205//7656 4719//7656
f 4719//7657 3205//7657 3203//7657
f 4719//7658 3203//7658 4716//7658
f 4716//7659 3203//7659 4717//7659
f 4716//7660 4717//7660 4714//7660
f 3198//7646 4708//7646 3199//7646
f 3199//7661 4708//7661 4720//7661
f 3199//7662 4720//7662 3214//7662
f 4694//7663 3208//7663 4703//7663
f 4703//7664 3208//7664 3210//7664
f 4703//7665 3210//7665 4706//7665
f 4706//7666 3210//7666 3212//7666
f 4706//7667 3212//7667 4721//7667
f 4721//7668 3212//7668 3214//7668
f 4721//7669 3214//7669 4722//7669
f 4722//7670 3214//7670 4720//7670
f 4694//7671 4693//7671 3208//7671
f 3208//7672 4693//7672 4691//7672
f 3208//7673 4691//7673 2240//7673
f 2240//7674 4691//7674 2226//7674
f 4704//7675 4723//7675 4524//7675
f 4538//7676 4724//7676 4725//7676
f 4724//7677 4538//7677 4723//7677
f 4723//7678 4538//7678 4525//7678
f 4723//7679 4525//7679 4524//7679
f 4707//7680 4725//7680 4708//7680
f 4708//7681 4725//7681 4724//7681
f 4708//7682 4724//7682 4720//7682
f 4720//7683 4724//7683 4723//7683
f 4720//7684 4723//7684 4722//7684
f 4722//7685 4723//7685 4704//7685
f 4722//7686 4704//7686 4721//7686
f 4721//7687 4704//7687 4705//7687
f 4721//7688 4705//7688 4706//7688
f 4713//7689 4712//7689 4726//7689
f 4726//7690 4712//7690 4727//7690
f 4547//7691 4546//7691 4728//7691
f 4728//7692 4546//7692 4545//7692
f 4729//7693 4730//7693 4731//7693
f 4731//7694 4730//7694 4732//7694
f 4732//7695 4730//7695 4733//7695
f 4732//7696 4733//7696 4734//7696
f 4734//7697 4733//7697 4735//7697
f 4734//7698 4735//7698 4736//7698
f 4737//7699 4738//7699 4739//7699
f 4740//7700 4741//7700 4738//7700
f 4727//7701 4741//7701 4726//7701
f 4726//7702 4741//7702 4740//7702
f 4726//7703 4740//7703 4713//7703
f 4713//7704 4740//7704 4742//7704
f 4743//7705 4719//7705 4744//7705
f 4744//7706 4719//7706 4716//7706
f 4744//7707 4716//7707 4745//7707
f 4745//7708 4716//7708 4715//7708
f 4746//7709 4747//7709 4544//7709
f 4544//7710 4747//7710 4545//7710
f 4543//7711 4542//7711 4748//7711
f 4748//7712 4542//7712 4541//7712
f 4749//7713 4522//7713 4750//7713
f 4750//7714 4522//7714 4539//7714
f 4750//7715 4539//7715 4540//7715
f 4540//7716 4751//7716 4750//7716
f 4750//7717 4751//7717 4752//7717
f 4750//7718 4752//7718 4749//7718
f 4749//7719 4752//7719 4753//7719
f 4754//7720 4753//7720 4755//7720
f 4755//7721 4753//7721 4752//7721
f 4755//7722 4752//7722 4756//7722
f 4756//7723 4752//7723 4751//7723
f 4756//7724 4751//7724 4748//7724
f 4748//7725 4751//7725 4540//7725
f 4748//7726 4540//7726 4543//7726
f 4541//7727 4757//7727 4748//7727
f 4748//7728 4757//7728 4758//7728
f 4748//7729 4758//7729 4756//7729
f 4756//7730 4758//7730 4759//7730
f 4756//7731 4759//7731 4755//7731
f 4755//7732 4759//7732 4729//7732
f 4755//7733 4729//7733 4754//7733
f 4754//7734 4729//7734 4731//7734
f 4707//7735 4711//7735 4760//7735
f 4760//7736 4711//7736 4710//7736
f 4760//7737 4710//7737 4761//7737
f 4761//7738 4710//7738 4709//7738
f 4761//7739 4709//7739 4743//7739
f 4743//7740 4709//7740 4718//7740
f 4743//7741 4718//7741 4719//7741
f 4715//7742 4713//7742 4745//7742
f 4745//7743 4713//7743 4742//7743
f 4745//7744 4742//7744 4744//7744
f 4744//7745 4742//7745 4762//7745
f 4744//7746 4762//7746 4743//7746
f 4743//7747 4762//7747 4763//7747
f 4743//7748 4763//7748 4761//7748
f 4545//7749 4747//7749 4728//7749
f 4728//7750 4747//7750 4764//7750
f 4728//7751 4764//7751 4765//7751
f 4765//7752 4764//7752 4766//7752
f 4765//7753 4766//7753 4767//7753
f 4767//7754 4766//7754 4768//7754
f 4767//7755 4768//7755 4769//7755
f 4769//7756 4768//7756 4770//7756
f 4769//7757 4770//7757 4771//7757
f 4771//7758 4770//7758 4772//7758
f 4771//7759 4772//7759 4773//7759
f 4773//7760 4772//7760 4737//7760
f 4773//7761 4737//7761 4774//7761
f 4774//7762 4737//7762 4739//7762
f 4774//7763 4739//7763 4775//7763
f 4776//7764 4736//7764 4775//7764
f 4775//7765 4736//7765 4735//7765
f 4775//7766 4735//7766 4774//7766
f 4774//7767 4735//7767 4733//7767
f 4774//7768 4733//7768 4773//7768
f 4773//7769 4733//7769 4730//7769
f 4773//7770 4730//7770 4771//7770
f 4771//7771 4730//7771 4729//7771
f 4771//7772 4729//7772 4769//7772
f 4769//7773 4729//7773 4759//7773
f 4769//7774 4759//7774 4767//7774
f 4767//7775 4759//7775 4758//7775
f 4767//7776 4758//7776 4765//7776
f 4765//7777 4758//7777 4757//7777
f 4765//7778 4757//7778 4728//7778
f 4728//7779 4757//7779 4541//7779
f 4728//7780 4541//7780 4547//7780
f 4738//7781 4737//7781 4740//7781
f 4740//7782 4737//7782 4772//7782
f 4740//7783 4772//7783 4742//7783
f 4742//7784 4772//7784 4770//7784
f 4742//7785 4770//7785 4762//7785
f 4762//7786 4770//7786 4768//7786
f 4762//7787 4768//7787 4763//7787
f 4763//7788 4768//7788 4766//7788
f 4763//7789 4766//7789 4761//7789
f 4761//7790 4766//7790 4764//7790
f 4761//7791 4764//7791 4760//7791
f 4760//7792 4764//7792 4747//7792
f 4760//7793 4747//7793 4707//7793
f 4707//7794 4747//7794 4746//7794
f 4707//7795 4746//7795 4725//7795
f 4725//7796 4746//7796 4544//7796
f 4725//7797 4544//7797 4538//7797
f 4651//7798 4652//7798 4731//7798
f 4777//3392 4647//3392 4778//3392
f 4778//7799 4647//7799 4648//7799
f 4649//7800 4779//7800 4648//7800
f 4648//7801 4779//7801 4780//7801
f 4648//7802 4780//7802 4778//7802
f 4734//7803 4736//7803 4650//7803
f 4650//7804 4736//7804 4776//7804
f 4650//7805 4776//7805 4649//7805
f 4649//7806 4776//7806 4781//7806
f 4649//7807 4781//7807 4779//7807
f 4651//7808 4731//7808 4650//7808
f 4650//7809 4731//7809 4732//7809
f 4650//7810 4732//7810 4734//7810
f 4653//7811 4517//7811 4522//7811
f 4522//7812 4749//7812 4653//7812
f 4653//7813 4749//7813 4753//7813
f 4653//7814 4753//7814 4652//7814
f 4652//7815 4753//7815 4754//7815
f 4652//7816 4754//7816 4731//7816
f 4782//7817 4783//7817 4784//7817
f 4783//7818 4782//7818 4785//7818
f 4786//7819 4787//7819 4781//7819
f 4781//7820 4787//7820 4779//7820
f 4779//7821 4787//7821 4780//7821
f 4780//7822 4787//7822 4788//7822
f 4780//7823 4788//7823 4778//7823
f 4789//7824 4790//7824 4791//7824
f 4789//7825 4791//7825 4782//7825
f 4782//7826 4791//7826 4792//7826
f 4782//7827 4792//7827 4785//7827
f 4790//7828 4789//7828 4793//7828
f 4793//7829 4789//7829 4794//7829
f 4793//7830 4794//7830 4795//7830
f 4781//7831 4776//7831 4786//7831
f 4786//7832 4776//7832 4775//7832
f 4786//7833 4775//7833 4739//7833
f 4777//7834 4778//7834 4796//7834
f 4796//7835 4778//7835 4788//7835
f 4796//7836 4788//7836 4797//7836
f 4797//7837 4788//7837 4787//7837
f 4797//7838 4787//7838 4798//7838
f 4798//7839 4787//7839 4786//7839
f 4798//7840 4786//7840 4799//7840
f 4799//7841 4786//7841 4739//7841
f 4799//7842 4739//7842 4738//7842
f 4727//7843 4800//7843 4741//7843
f 4741//7844 4800//7844 4795//7844
f 4741//7845 4795//7845 4738//7845
f 4738//7846 4795//7846 4794//7846
f 4738//7847 4794//7847 4799//7847
f 4799//7848 4794//7848 4789//7848
f 4799//7849 4789//7849 4798//7849
f 4798//7850 4789//7850 4782//7850
f 4798//7851 4782//7851 4797//7851
f 4797//7852 4782//7852 4784//7852
f 4797//7853 4784//7853 4796//7853
f 4801//7854 4802//7854 4803//7854
f 4804//7855 4805//7855 4806//7855
f 4806//7856 4805//7856 4807//7856
f 4806//7857 4807//7857 4808//7857
f 4808//7858 4807//7858 4801//7858
f 4808//7859 4801//7859 4809//7859
f 4809//7860 4801//7860 4803//7860
f 4809//7861 4803//7861 4777//7861
f 4783//7862 4785//7862 4810//7862
f 4777//7863 4796//7863 4809//7863
f 4809//7864 4796//7864 4784//7864
f 4809//7865 4784//7865 4808//7865
f 4808//7866 4784//7866 4783//7866
f 4808//7867 4783//7867 4806//7867
f 4806//7868 4783//7868 4810//7868
f 4806//7869 4810//7869 4804//7869
f 4804//7870 4810//7870 4811//7870
f 4647//3448 4812//3448 4813//3448
f 4802//3448 4812//3448 4803//3448
f 4803//3448 4812//3448 4647//3448
f 4803//3448 4647//3448 4777//3448
f 3730//7871 3722//7871 4647//7871
f 4647//7872 3722//7872 3711//7872
f 4647//3448 3711//3448 3710//3448
f 3731//7873 3730//7873 3696//7873
f 3696//7874 3730//7874 4647//7874
f 3696//7875 4647//7875 3697//7875
f 3697//3448 4647//3448 4813//3448
f 4814//7876 4815//7876 3708//7876
f 4812//7877 4802//7877 4816//7877
f 4816//7878 4802//7878 4801//7878
f 4816//7879 4801//7879 4817//7879
f 4817//7880 4801//7880 4807//7880
f 4817//7881 4807//7881 4818//7881
f 4818//7882 4807//7882 4805//7882
f 4818//7883 4805//7883 4819//7883
f 4819//7884 4805//7884 4804//7884
f 3705//7885 3697//7885 4813//7885
f 3708//7886 3707//7886 4814//7886
f 4814//7887 3707//7887 3706//7887
f 4814//7887 3706//7887 4820//7887
f 4820//7888 3706//7888 3705//7888
f 4820//7888 3705//7888 4821//7888
f 4821//7889 3705//7889 4813//7889
f 4813//7890 4812//7890 4821//7890
f 4821//7891 4812//7891 4816//7891
f 4821//7892 4816//7892 4820//7892
f 4820//7893 4816//7893 4817//7893
f 4820//7894 4817//7894 4814//7894
f 4814//7895 4817//7895 4818//7895
f 4814//7896 4818//7896 4815//7896
f 4815//7897 4818//7897 4819//7897
f 4822//7898 3708//7898 4815//7898
f 4822//7899 4815//7899 4811//7899
f 4811//7900 4815//7900 4819//7900
f 4811//7901 4819//7901 4804//7901
f 3736//7902 3735//7902 4823//7902
f 3735//7903 3704//7903 3703//7903
f 4823//7904 3735//7904 4822//7904
f 4822//7905 3735//7905 3703//7905
f 4822//7906 3703//7906 3708//7906
f 4824//7907 4395//7907 4825//7907
f 4825//7908 4395//7908 3741//7908
f 4825//7909 3741//7909 4826//7909
f 4823//7910 4827//7910 3736//7910
f 3736//7911 4827//7911 4828//7911
f 3736//7912 4828//7912 3741//7912
f 3741//7913 4828//7913 4829//7913
f 3741//7914 4829//7914 4826//7914
f 4357//7915 4393//7915 4830//7915
f 4830//7916 4393//7916 4392//7916
f 4830//7917 4392//7917 4397//7917
f 4397//7918 4399//7918 4830//7918
f 4830//7919 4399//7919 4404//7919
f 4830//7920 4404//7920 4831//7920
f 4404//7921 4403//7921 4831//7921
f 4831//7922 4403//7922 4401//7922
f 4831//7923 4401//7923 4824//7923
f 4824//7924 4401//7924 4400//7924
f 4824//7925 4400//7925 4395//7925
f 4357//7926 4830//7926 4355//7926
f 4355//7927 4830//7927 4832//7927
f 4355//7928 4832//7928 4353//7928
f 4353//7929 4832//7929 4833//7929
f 4353//7930 4833//7930 4363//7930
f 4363//7931 4833//7931 4834//7931
f 4363//7932 4834//7932 4364//7932
f 4364//7933 4834//7933 4835//7933
f 4364//7934 4835//7934 4365//7934
f 4365//7935 4835//7935 4836//7935
f 4365//7936 4836//7936 4366//7936
f 4366//7937 4836//7937 4837//7937
f 4366//7938 4837//7938 4367//7938
f 4367//7939 4837//7939 4368//7939
f 4368//7940 4837//7940 4838//7940
f 4368//7941 4838//7941 4369//7941
f 4369//7942 4838//7942 4839//7942
f 4369//7943 4839//7943 4370//7943
f 4370//7944 4839//7944 4840//7944
f 4370//7945 4840//7945 4371//7945
f 4371//7946 4840//7946 4841//7946
f 4371//7947 4841//7947 4374//7947
f 4374//7948 4841//7948 4373//7948
f 4373//7949 4841//7949 4842//7949
f 4373//7950 4842//7950 4372//7950
f 4372//7951 4842//7951 4843//7951
f 4372//7952 4843//7952 4350//7952
f 4824//7953 4844//7953 4831//7953
f 4845//7954 4823//7954 4822//7954
f 4846//7955 4847//7955 4848//7955
f 3787//7956 3792//7956 3793//7956
f 3793//7957 3792//7957 4848//7957
f 3793//7958 4848//7958 4849//7958
f 4849//7959 4848//7959 4847//7959
f 4850//7960 4851//7960 4848//7960
f 4848//7961 4851//7961 4852//7961
f 4848//7962 4852//7962 4846//7962
f 4825//7963 4826//7963 4853//7963
f 4853//7964 4826//7964 4829//7964
f 4853//7965 4829//7965 4854//7965
f 4854//7966 4829//7966 4855//7966
f 4855//7967 4829//7967 4828//7967
f 4855//7968 4828//7968 4827//7968
f 4823//7969 4845//7969 4827//7969
f 4827//7970 4845//7970 4856//7970
f 4827//7971 4856//7971 4855//7971
f 4857//7972 4858//7972 4859//7972
f 4857//7973 4859//7973 4860//7973
f 4825//7974 4853//7974 4824//7974
f 4824//7975 4853//7975 4861//7975
f 4824//7976 4861//7976 4844//7976
f 4844//7977 4861//7977 4851//7977
f 4844//7978 4851//7978 4859//7978
f 4859//7979 4851//7979 4850//7979
f 4859//7980 4850//7980 4860//7980
f 4831//7981 4844//7981 4830//7981
f 4830//7982 4844//7982 4859//7982
f 4830//7983 4859//7983 4832//7983
f 4832//7984 4859//7984 4858//7984
f 4832//7985 4858//7985 4833//7985
f 4862//7986 4863//7986 4864//7986
f 4865//7987 4866//7987 4867//7987
f 4868//7988 4869//7988 4870//7988
f 3792//7989 4871//7989 4872//7989
f 4873//7990 2507//7990 2452//7990
f 4308//7991 4307//7991 4874//7991
f 4875//7992 4843//7992 4842//7992
f 4833//7993 4858//7993 4876//7993
f 4877//7994 4836//7994 4878//7994
f 4878//7995 4836//7995 4835//7995
f 4878//7996 4835//7996 4834//7996
f 4879//7997 4838//7997 4877//7997
f 4877//7998 4838//7998 4837//7998
f 4877//7999 4837//7999 4836//7999
f 4880//8000 4840//8000 4879//8000
f 4879//8001 4840//8001 4839//8001
f 4879//8002 4839//8002 4838//8002
f 4881//8003 4875//8003 4882//8003
f 4882//8004 4875//8004 4842//8004
f 4882//8005 4842//8005 4880//8005
f 4880//8006 4842//8006 4841//8006
f 4880//8007 4841//8007 4840//8007
f 4883//8008 4884//8008 4881//8008
f 4843//8009 4875//8009 4885//8009
f 4885//8010 4875//8010 4881//8010
f 4885//8011 4881//8011 4886//8011
f 4886//8012 4881//8012 4884//8012
f 4886//8013 4884//8013 4887//8013
f 4888//8014 4864//8014 4889//8014
f 4889//8015 4864//8015 4890//8015
f 4889//8016 4890//8016 4891//8016
f 4892//8017 4893//8017 4890//8017
f 4890//8018 4893//8018 4894//8018
f 4890//8019 4894//8019 4891//8019
f 4311//8020 4310//8020 4895//8020
f 4895//8021 4310//8021 4896//8021
f 4895//8022 4896//8022 4892//8022
f 4892//8023 4896//8023 4897//8023
f 4892//8024 4897//8024 4893//8024
f 4874//8025 4307//8025 4895//8025
f 4895//8026 4307//8026 4313//8026
f 4895//8027 4313//8027 4311//8027
f 4308//8028 4874//8028 4309//8028
f 4309//8029 4874//8029 4898//8029
f 4309//8030 4898//8030 4301//8030
f 4301//8031 4898//8031 4302//8031
f 4302//8032 4898//8032 2503//8032
f 4302//8033 2503//8033 1832//8033
f 4873//8034 2452//8034 4899//8034
f 2452//8035 4900//8035 4899//8035
f 4899//8036 4900//8036 4901//8036
f 4899//8037 4901//8037 4902//8037
f 4902//8038 4901//8038 4903//8038
f 4902//8039 4903//8039 4904//8039
f 4904//8040 4903//8040 4905//8040
f 4904//8041 4905//8041 4906//8041
f 4906//8042 4905//8042 4907//8042
f 4906//8043 4907//8043 4908//8043
f 4908//8044 4907//8044 4909//8044
f 4908//8045 4909//8045 4910//8045
f 4910//8046 4909//8046 4911//8046
f 4910//8047 4911//8047 4912//8047
f 4912//8048 4911//8048 4913//8048
f 4912//8049 4913//8049 4914//8049
f 4914//8050 4913//8050 4915//8050
f 4914//8051 4915//8051 4916//8051
f 4916//8052 4915//8052 4917//8052
f 4916//8053 4917//8053 4918//8053
f 4918//8054 4917//8054 4919//8054
f 4918//8055 4919//8055 4920//8055
f 4920//8056 4919//8056 4921//8056
f 4920//8057 4921//8057 4922//8057
f 4056//8058 3789//8058 4872//8058
f 4872//8059 3789//8059 4923//8059
f 4872//8060 4923//8060 4924//8060
f 4924//8061 4923//8061 4925//8061
f 4924//8062 4925//8062 4921//8062
f 4921//8063 4925//8063 4926//8063
f 4921//8064 4926//8064 4922//8064
f 4871//7989 3790//7989 4872//7989
f 4872//8065 3790//8065 3786//8065
f 4872//8066 3786//8066 4056//8066
f 4858//8067 4857//8067 4876//8067
f 4876//8068 4857//8068 4860//8068
f 4876//8069 4860//8069 4850//8069
f 4867//8070 4866//8070 4927//8070
f 4927//8071 4866//8071 4928//8071
f 4927//8072 4928//8072 4929//8072
f 4930//8073 4931//8073 4932//8073
f 4932//8074 4931//8074 4933//8074
f 4932//8075 4933//8075 4934//8075
f 4934//8076 4933//8076 4935//8076
f 4934//8077 4935//8077 4936//8077
f 4936//8078 4935//8078 4937//8078
f 4936//8079 4937//8079 4938//8079
f 4938//8080 4937//8080 4929//8080
f 4938//8081 4929//8081 4939//8081
f 4939//8082 4929//8082 4928//8082
f 4940//8083 4869//8083 4941//8083
f 4941//8084 4869//8084 4868//8084
f 4941//8085 4868//8085 4942//8085
f 4870//8086 4865//8086 4868//8086
f 4868//8087 4865//8087 4867//8087
f 4868//8088 4867//8088 4942//8088
f 4942//8089 4867//8089 4927//8089
f 4942//8090 4927//8090 4943//8090
f 4943//8091 4927//8091 4929//8091
f 4943//8092 4929//8092 4944//8092
f 4944//8093 4929//8093 4937//8093
f 4944//8094 4937//8094 4945//8094
f 4945//8095 4937//8095 4935//8095
f 4945//8096 4935//8096 4946//8096
f 4946//8097 4935//8097 4933//8097
f 4946//8098 4933//8098 4947//8098
f 4947//8099 4933//8099 4931//8099
f 4947//8100 4948//8100 4946//8100
f 4946//8101 4948//8101 4949//8101
f 4946//8102 4949//8102 4945//8102
f 4945//8103 4949//8103 4950//8103
f 4945//8104 4950//8104 4944//8104
f 4944//8105 4950//8105 4951//8105
f 4944//8106 4951//8106 4943//8106
f 4943//8107 4951//8107 4952//8107
f 4943//8108 4952//8108 4942//8108
f 4942//8109 4952//8109 4863//8109
f 4942//8110 4863//8110 4941//8110
f 4941//8111 4863//8111 4862//8111
f 4941//8112 4862//8112 4940//8112
f 4864//8113 4863//8113 4890//8113
f 4890//8114 4863//8114 4952//8114
f 4890//8115 4952//8115 4892//8115
f 4892//8116 4952//8116 4951//8116
f 4892//8117 4951//8117 4895//8117
f 4895//8118 4951//8118 4950//8118
f 4895//8119 4950//8119 4874//8119
f 4874//8120 4950//8120 4949//8120
f 4874//8121 4949//8121 4898//8121
f 4898//8122 4949//8122 4948//8122
f 4898//8123 4948//8123 2503//8123
f 2503//8124 4948//8124 4947//8124
f 2503//8125 4947//8125 2489//8125
f 2489//8126 4947//8126 4931//8126
f 2489//8127 4931//8127 2476//8127
f 2476//8128 4931//8128 4930//8128
f 2476//8129 4930//8129 2471//8129
f 4953//8130 4880//8130 4954//8130
f 4954//8131 4880//8131 4879//8131
f 4954//8132 4879//8132 4955//8132
f 4955//8133 4879//8133 4877//8133
f 4955//8134 4877//8134 4876//8134
f 4876//8135 4877//8135 4878//8135
f 4876//8136 4878//8136 4833//8136
f 4833//8137 4878//8137 4834//8137
f 2452//8138 2451//8138 4900//8138
f 4900//8139 2451//8139 4956//8139
f 4900//8140 4956//8140 4901//8140
f 4901//8141 4956//8141 4957//8141
f 4901//8142 4957//8142 4903//8142
f 4903//8143 4957//8143 4958//8143
f 4903//8144 4958//8144 4905//8144
f 4905//8145 4958//8145 4959//8145
f 4905//8146 4959//8146 4907//8146
f 4907//8147 4959//8147 4960//8147
f 4907//8148 4960//8148 4909//8148
f 4909//8149 4960//8149 4961//8149
f 4909//8150 4961//8150 4911//8150
f 4911//8151 4961//8151 4962//8151
f 4911//8152 4962//8152 4913//8152
f 4913//8153 4962//8153 4963//8153
f 4913//8154 4963//8154 4915//8154
f 4915//8155 4963//8155 4964//8155
f 4915//8156 4964//8156 4917//8156
f 4917//8157 4964//8157 4965//8157
f 4917//8158 4965//8158 4919//8158
f 4919//8159 4965//8159 4953//8159
f 4919//8160 4953//8160 4921//8160
f 4921//8161 4953//8161 4954//8161
f 4921//8162 4954//8162 4924//8162
f 4924//8163 4954//8163 4955//8163
f 4924//8164 4955//8164 4872//8164
f 4872//8165 4955//8165 4876//8165
f 4872//8166 4876//8166 3792//8166
f 3792//8167 4876//8167 4850//8167
f 3792//8168 4850//8168 4848//8168
f 4888//8169 4883//8169 4864//8169
f 4864//8170 4883//8170 4881//8170
f 4864//8171 4881//8171 4862//8171
f 4862//8172 4881//8172 4882//8172
f 4862//8173 4882//8173 4940//8173
f 4940//8174 4882//8174 4880//8174
f 4940//8175 4880//8175 4869//8175
f 4869//8176 4880//8176 4953//8176
f 4869//8177 4953//8177 4870//8177
f 4870//8178 4953//8178 4965//8178
f 4870//8179 4965//8179 4865//8179
f 4865//8180 4965//8180 4964//8180
f 4865//8181 4964//8181 4866//8181
f 4866//8182 4964//8182 4963//8182
f 4866//8183 4963//8183 4928//8183
f 4928//8184 4963//8184 4962//8184
f 4928//8185 4962//8185 4939//8185
f 4939//8186 4962//8186 4961//8186
f 4939//8187 4961//8187 4938//8187
f 4938//8188 4961//8188 4960//8188
f 4938//8189 4960//8189 4936//8189
f 4936//8190 4960//8190 4959//8190
f 4936//8191 4959//8191 4934//8191
f 4934//8192 4959//8192 4958//8192
f 4934//8193 4958//8193 4932//8193
f 4932//8194 4958//8194 4957//8194
f 4932//8195 4957//8195 4930//8195
f 4930//8196 4957//8196 4956//8196
f 4930//8197 4956//8197 2471//8197
f 2471//8198 4956//8198 2451//8198
f 4966//8199 4310//8199 4312//8199
f 4966//8200 4312//8200 4967//8200
f 4310//8201 4966//8201 4896//8201
f 4896//8202 4966//8202 4968//8202
f 4896//8203 4968//8203 4897//8203
f 4897//8204 4968//8204 4893//8204
f 4893//8205 4968//8205 4969//8205
f 4893//8206 4969//8206 4894//8206
f 4970//8207 4971//8207 4972//8207
f 4972//8208 4971//8208 4973//8208
f 4972//3776 4973//3776 4974//3776
f 4975//8209 4323//8209 4970//8209
f 4970//8210 4323//8210 4325//8210
f 4325//8211 4324//8211 4970//8211
f 4970//8212 4324//8212 4976//8212
f 4970//8213 4976//8213 4971//8213
f 4312//8214 4319//8214 4967//8214
f 4967//8215 4319//8215 4318//8215
f 4967//8216 4318//8216 4977//8216
f 4977//8217 4318//8217 4320//8217
f 4977//8218 4320//8218 4975//8218
f 4975//8219 4320//8219 4322//8219
f 4975//8220 4322//8220 4323//8220
f 4978//8221 4338//8221 4345//8221
f 4979//8222 4334//8222 4336//8222
f 4336//8223 4334//8223 4329//8223
f 4324//8224 4326//8224 4980//8224
f 4980//8225 4326//8225 4328//8225
f 4980//8226 4328//8226 4979//8226
f 4979//8227 4328//8227 4335//8227
f 4979//8228 4335//8228 4334//8228
f 4971//8229 4976//8229 4981//8229
f 4981//8230 4976//8230 4982//8230
f 4981//8231 4982//8231 4983//8231
f 4983//8232 4982//8232 4978//8232
f 4983//8233 4978//8233 4984//8233
f 4984//8234 4978//8234 4345//8234
f 4336//8235 4338//8235 4979//8235
f 4979//8236 4338//8236 4978//8236
f 4979//8237 4978//8237 4980//8237
f 4980//8238 4978//8238 4982//8238
f 4980//8239 4982//8239 4324//8239
f 4324//8240 4982//8240 4976//8240
f 4843//8241 4885//8241 4985//8241
f 4985//8241 4885//8241 4886//8241
f 4985//8241 4886//8241 4887//8241
f 4345//8241 4350//8241 4984//8241
f 4984//8242 4350//8242 4986//8242
f 4984//8243 4986//8243 4983//8243
f 4983//8244 4986//8244 4974//8244
f 4983//8241 4974//8241 4981//8241
f 4981//8241 4974//8241 4973//8241
f 4981//8241 4973//8241 4971//8241
f 4987//8245 4988//8245 4350//8245
f 4350//8246 4988//8246 4989//8246
f 4350//8247 4989//8247 4986//8247
f 4985//8241 4990//8241 4843//8241
f 4843//8248 4990//8248 4991//8248
f 4843//8241 4991//8241 4350//8241
f 4350//8249 4991//8249 4992//8249
f 4350//8250 4992//8250 4987//8250
f 4894//8251 4969//8251 4891//8251
f 4891//8252 4969//8252 4993//8252
f 4891//8253 4993//8253 4889//8253
f 4994//8254 4883//8254 4993//8254
f 4993//8255 4883//8255 4888//8255
f 4993//8256 4888//8256 4889//8256
f 4995//8257 4887//8257 4994//8257
f 4994//8258 4887//8258 4884//8258
f 4994//8259 4884//8259 4883//8259
f 4992//8260 4991//8260 4996//8260
f 4996//8261 4991//8261 4990//8261
f 4996//8262 4990//8262 4995//8262
f 4995//8263 4990//8263 4985//8263
f 4995//8264 4985//8264 4887//8264
f 4986//8265 4989//8265 4997//8265
f 4997//8266 4989//8266 4988//8266
f 4997//8267 4988//8267 4996//8267
f 4996//8268 4988//8268 4987//8268
f 4996//8269 4987//8269 4992//8269
f 4997//8270 4998//8270 4986//8270
f 4986//8271 4998//8271 4972//8271
f 4986//8272 4972//8272 4974//8272
f 4977//851 4975//851 4970//851
f 4968//851 4966//851 4967//851
f 4967//851 4977//851 4968//851
f 4968//851 4977//851 4970//851
f 4968//851 4970//851 4969//851
f 4969//851 4970//851 4972//851
f 4969//851 4972//851 4998//851
f 4996//851 4995//851 4997//851
f 4997//851 4995//851 4994//851
f 4997//851 4994//851 4998//851
f 4998//851 4994//851 4993//851
f 4998//851 4993//851 4969//851
f 527//8273 528//8273 2562//8273
f 4999//8274 5000//8274 5001//8274
f 5002//8275 5003//8275 5001//8275
f 5001//8276 5003//8276 5004//8276
f 5005//8277 4999//8277 5006//8277
f 5006//8278 4999//8278 5001//8278
f 5006//8279 5001//8279 5007//8279
f 5007//8280 5001//8280 5004//8280
f 5007//8281 5004//8281 5008//8281
f 5001//8282 5009//8282 5002//8282
f 5002//8283 5009//8283 5010//8283
f 5002//8284 5010//8284 5011//8284
f 5011//8285 5010//8285 5012//8285
f 5011//8286 5012//8286 5013//8286
f 5013//8287 5012//8287 5014//8287
f 5013//8288 5014//8288 5015//8288
f 5015//8289 5014//8289 5016//8289
f 5015//8290 5016//8290 5017//8290
f 5017//8291 5016//8291 5018//8291
f 5017//8292 5018//8292 5019//8292
f 5019//8293 5018//8293 5020//8293
f 5019//8294 5020//8294 5021//8294
f 5021//8295 5020//8295 5022//8295
f 5021//8296 5022//8296 5023//8296
f 5023//8297 5022//8297 5024//8297
f 5023//8298 5024//8298 5025//8298
f 5025//8299 5024//8299 5026//8299
f 5025//8300 5026//8300 5027//8300
f 5027//8301 5026//8301 5028//8301
f 5027//8302 5028//8302 5029//8302
f 5029//8303 5028//8303 5030//8303
f 5029//8304 5030//8304 5031//8304
f 5031//8305 5030//8305 5032//8305
f 5032//8306 5030//8306 2543//8306
f 5032//8307 2543//8307 2542//8307
f 5033//8308 510//8308 5034//8308
f 5034//8309 510//8309 512//8309
f 5034//8310 512//8310 5035//8310
f 5035//8311 512//8311 525//8311
f 5035//8312 525//8312 5036//8312
f 5036//8313 525//8313 5037//8313
f 3262//8314 505//8314 5033//8314
f 5033//8315 505//8315 508//8315
f 5033//8316 508//8316 510//8316
f 5038//8317 3266//8317 5039//8317
f 5039//8318 3266//8318 3264//8318
f 5039//8319 3264//8319 5040//8319
f 5040//8320 3264//8320 3262//8320
f 5040//8321 3262//8321 5041//8321
f 5041//8322 3262//8322 5033//8322
f 3271//8323 3270//8323 5038//8323
f 5038//8324 3270//8324 3268//8324
f 5038//8325 3268//8325 3266//8325
f 3233//8326 3272//8326 5042//8326
f 5042//8327 3272//8327 3271//8327
f 5042//8328 3271//8328 5043//8328
f 5043//8329 3271//8329 5038//8329
f 3249//8330 3251//8330 5044//8330
f 5044//8331 3251//8331 5045//8331
f 5044//8332 5045//8332 5046//8332
f 5046//8333 5045//8333 5047//8333
f 3251//8334 3253//8334 5045//8334
f 5045//8335 3253//8335 3255//8335
f 5045//8336 3255//8336 3257//8336
f 2562//8337 2617//8337 5048//8337
f 5048//8338 2617//8338 5049//8338
f 5048//8339 5049//8339 5050//8339
f 5050//8340 5049//8340 5051//8340
f 5050//8341 5051//8341 5052//8341
f 5052//8342 5051//8342 5053//8342
f 5052//8343 5053//8343 5054//8343
f 5054//8344 5053//8344 5055//8344
f 5054//8345 5055//8345 5056//8345
f 5056//8346 5055//8346 5057//8346
f 5056//8347 5057//8347 5058//8347
f 5058//8348 5057//8348 5059//8348
f 5058//8349 5059//8349 5060//8349
f 5060//8350 5059//8350 5061//8350
f 5060//8351 5061//8351 5062//8351
f 5062//8352 5061//8352 5063//8352
f 5062//8353 5063//8353 5064//8353
f 5064//8354 5063//8354 5065//8354
f 5064//8355 5065//8355 5066//8355
f 5066//8356 5065//8356 5067//8356
f 5066//8357 5067//8357 5068//8357
f 5068//8358 5067//8358 5069//8358
f 5068//8359 5069//8359 5070//8359
f 5070//8360 5069//8360 5071//8360
f 3257//8361 3259//8361 5045//8361
f 5045//8362 3259//8362 3260//8362
f 5045//8363 3260//8363 5071//8363
f 5071//8364 3260//8364 3235//8364
f 5071//8365 3235//8365 5070//8365
f 5070//8366 3235//8366 3233//8366
f 5070//8367 3233//8367 5068//8367
f 5068//8368 3233//8368 5042//8368
f 5068//8369 5042//8369 5066//8369
f 5066//8370 5042//8370 5043//8370
f 5066//8371 5043//8371 5064//8371
f 5064//8372 5043//8372 5038//8372
f 5064//8373 5038//8373 5062//8373
f 5062//8374 5038//8374 5039//8374
f 5062//8375 5039//8375 5060//8375
f 5060//8376 5039//8376 5040//8376
f 5060//8377 5040//8377 5058//8377
f 5058//8378 5040//8378 5041//8378
f 5058//8379 5041//8379 5056//8379
f 5056//8380 5041//8380 5033//8380
f 5056//8381 5033//8381 5054//8381
f 5054//8382 5033//8382 5034//8382
f 5054//8383 5034//8383 5052//8383
f 5052//8384 5034//8384 5035//8384
f 5052//8385 5035//8385 5050//8385
f 5050//8386 5035//8386 5036//8386
f 5050//8387 5036//8387 5048//8387
f 5048//8388 5036//8388 5037//8388
f 5048//8389 5037//8389 2562//8389
f 2562//8390 5037//8390 525//8390
f 2562//8391 525//8391 527//8391
f 2619//8392 2618//8392 5072//8392
f 5072//8393 2618//8393 5073//8393
f 5072//8394 5073//8394 5074//8394
f 5074//8395 5073//8395 5075//8395
f 5074//8396 5075//8396 5076//8396
f 5076//8397 5075//8397 5077//8397
f 5076//8398 5077//8398 5078//8398
f 5078//8399 5077//8399 5079//8399
f 5078//8400 5079//8400 5080//8400
f 5080//8401 5079//8401 5081//8401
f 5080//8402 5081//8402 5082//8402
f 5082//8403 5081//8403 5083//8403
f 5082//8404 5083//8404 5084//8404
f 5084//8405 5083//8405 5085//8405
f 5084//8406 5085//8406 5086//8406
f 5086//8407 5085//8407 5087//8407
f 5086//8408 5087//8408 5088//8408
f 5088//8409 5087//8409 5089//8409
f 5088//8410 5089//8410 5090//8410
f 5090//8411 5089//8411 5091//8411
f 5090//8412 5091//8412 5092//8412
f 5092//8413 5091//8413 5093//8413
f 5092//8414 5093//8414 5094//8414
f 5094//8415 5093//8415 5095//8415
f 5094//8416 5095//8416 5096//8416
f 5096//8417 5095//8417 5097//8417
f 5096//8418 5097//8418 5098//8418
f 2618//8419 2543//8419 5073//8419
f 5073//8420 2543//8420 5030//8420
f 5073//8421 5030//8421 5075//8421
f 5075//8422 5030//8422 5028//8422
f 5075//8423 5028//8423 5077//8423
f 5077//8424 5028//8424 5026//8424
f 5077//8425 5026//8425 5079//8425
f 5079//8426 5026//8426 5024//8426
f 5079//8427 5024//8427 5081//8427
f 5081//8428 5024//8428 5022//8428
f 5081//8429 5022//8429 5083//8429
f 5083//8430 5022//8430 5020//8430
f 5083//8431 5020//8431 5085//8431
f 5085//8432 5020//8432 5018//8432
f 5085//8433 5018//8433 5087//8433
f 5087//8434 5018//8434 5016//8434
f 5087//8435 5016//8435 5089//8435
f 5089//8436 5016//8436 5014//8436
f 5089//8437 5014//8437 5091//8437
f 5091//8438 5014//8438 5012//8438
f 5091//8439 5012//8439 5093//8439
f 5093//8440 5012//8440 5010//8440
f 5093//8441 5010//8441 5095//8441
f 5095//8442 5010//8442 5009//8442
f 5095//8443 5009//8443 5097//8443
f 5097//8444 5009//8444 5001//8444
f 5097//8445 5001//8445 5098//8445
f 5098//8446 5001//8446 5000//8446
f 2617//8447 2619//8447 5049//8447
f 5049//8448 2619//8448 5072//8448
f 5049//8449 5072//8449 5051//8449
f 5051//8450 5072//8450 5074//8450
f 5051//8451 5074//8451 5053//8451
f 5053//8452 5074//8452 5076//8452
f 5053//8453 5076//8453 5055//8453
f 5055//8454 5076//8454 5078//8454
f 5055//8455 5078//8455 5057//8455
f 5057//8456 5078//8456 5080//8456
f 5057//8457 5080//8457 5059//8457
f 5059//8458 5080//8458 5082//8458
f 5059//8459 5082//8459 5061//8459
f 5061//8460 5082//8460 5084//8460
f 5061//8461 5084//8461 5063//8461
f 5063//8462 5084//8462 5086//8462
f 5063//8463 5086//8463 5065//8463
f 5065//8464 5086//8464 5088//8464
f 5065//8465 5088//8465 5067//8465
f 5067//8466 5088//8466 5090//8466
f 5067//8467 5090//8467 5069//8467
f 5069//8468 5090//8468 5092//8468
f 5069//8469 5092//8469 5071//8469
f 5071//8470 5092//8470 5094//8470
f 5071//8471 5094//8471 5045//8471
f 5045//8472 5094//8472 5096//8472
f 5045//8473 5096//8473 5047//8473
f 5047//8474 5096//8474 5098//8474
f 5005//8475 5099//8475 5100//8475
f 5100//8476 5099//8476 3796//8476
f 5100//8477 3796//8477 3795//8477
f 5005//8478 5006//8478 5099//8478
f 5099//8479 5006//8479 5007//8479
f 5099//8480 5007//8480 5101//8480
f 5101//8481 5007//8481 5008//8481
f 5032//8482 2542//8482 2650//8482
f 4914//8483 5102//8483 5103//8483
f 5008//8484 5004//8484 5104//8484
f 5008//8485 5104//8485 5101//8485
f 5101//8486 5104//8486 5105//8486
f 5101//8487 5105//8487 5099//8487
f 3787//8488 3796//8488 3789//8488
f 3789//8489 3796//8489 5099//8489
f 3789//8490 5099//8490 4923//8490
f 4923//8491 5099//8491 5105//8491
f 4923//8492 5105//8492 4925//8492
f 4925//8493 5105//8493 5104//8493
f 5106//8494 4918//8494 5107//8494
f 5107//8495 4918//8495 4920//8495
f 5107//8496 4920//8496 5108//8496
f 5108//8497 4920//8497 4922//8497
f 5108//8498 4922//8498 5104//8498
f 5104//8499 4922//8499 4926//8499
f 5104//8500 4926//8500 4925//8500
f 4914//8501 5103//8501 4912//8501
f 4912//8502 5103//8502 5109//8502
f 4912//8503 5109//8503 4910//8503
f 4910//8504 5109//8504 5110//8504
f 4910//8505 5110//8505 4908//8505
f 4908//8506 5110//8506 5111//8506
f 4908//8507 5111//8507 4906//8507
f 4906//8508 5111//8508 5112//8508
f 4906//8509 5112//8509 4904//8509
f 4904//8510 5112//8510 5113//8510
f 4904//8511 5113//8511 4902//8511
f 4902//8512 5113//8512 5114//8512
f 4902//8513 5114//8513 4899//8513
f 4899//8514 5114//8514 4873//8514
f 4873//8515 5114//8515 2654//8515
f 4873//8516 2654//8516 2507//8516
f 5032//8517 2650//8517 5031//8517
f 2650//8518 5115//8518 5031//8518
f 5031//8519 5115//8519 5116//8519
f 5031//8520 5116//8520 5029//8520
f 5029//8521 5116//8521 5117//8521
f 5029//8522 5117//8522 5027//8522
f 5027//8523 5117//8523 5118//8523
f 5027//8524 5118//8524 5025//8524
f 5025//8525 5118//8525 5119//8525
f 5025//8526 5119//8526 5023//8526
f 5023//8527 5119//8527 5120//8527
f 5023//8528 5120//8528 5021//8528
f 5021//8529 5120//8529 5121//8529
f 5021//8530 5121//8530 5019//8530
f 5019//8531 5121//8531 5122//8531
f 5019//8532 5122//8532 5017//8532
f 5017//8533 5122//8533 5106//8533
f 5017//8534 5106//8534 5015//8534
f 5015//8535 5106//8535 5107//8535
f 5015//8536 5107//8536 5013//8536
f 5013//8537 5107//8537 5108//8537
f 5013//8538 5108//8538 5011//8538
f 5011//8539 5108//8539 5104//8539
f 5011//8540 5104//8540 5002//8540
f 5002//8541 5104//8541 5004//8541
f 5002//8542 5004//8542 5003//8542
f 2650//8543 2674//8543 5115//8543
f 5115//8544 2674//8544 5123//8544
f 5115//8545 5123//8545 5116//8545
f 5116//8546 5123//8546 5124//8546
f 5116//8547 5124//8547 5117//8547
f 5117//8548 5124//8548 5125//8548
f 5117//8549 5125//8549 5118//8549
f 5118//8550 5125//8550 5126//8550
f 5118//8551 5126//8551 5119//8551
f 5119//8552 5126//8552 5127//8552
f 5119//8553 5127//8553 5120//8553
f 5120//8554 5127//8554 5128//8554
f 5120//8555 5128//8555 5121//8555
f 5121//8556 5128//8556 5129//8556
f 5121//8557 5129//8557 5122//8557
f 5122//8558 5129//8558 5130//8558
f 5122//8559 5130//8559 5106//8559
f 5106//8560 5130//8560 4916//8560
f 5106//8561 4916//8561 4918//8561
f 2674//8562 2654//8562 5123//8562
f 5123//8563 2654//8563 5114//8563
f 5123//8564 5114//8564 5124//8564
f 5124//8565 5114//8565 5113//8565
f 5124//8566 5113//8566 5125//8566
f 5125//8567 5113//8567 5112//8567
f 5125//8568 5112//8568 5126//8568
f 5126//8569 5112//8569 5111//8569
f 5126//8570 5111//8570 5127//8570
f 5127//8571 5111//8571 5110//8571
f 5127//8572 5110//8572 5128//8572
f 5128//8573 5110//8573 5109//8573
f 5128//8574 5109//8574 5129//8574
f 5129//8575 5109//8575 5103//8575
f 5129//8576 5103//8576 5130//8576
f 5130//8577 5103//8577 5102//8577
f 5130//8578 5102//8578 4916//8578
f 4916//8579 5102//8579 4914//8579
f 4855//8580 4856//8580 5131//8580
f 4811//8581 4810//8581 4822//8581
f 4822//8582 4810//8582 4785//8582
f 4822//8583 4785//8583 4792//8583
f 4792//8584 4791//8584 5132//8584
f 5132//8585 4791//8585 4790//8585
f 4727//8586 4712//8586 4800//8586
f 4800//8587 4712//8587 5133//8587
f 4800//8588 5133//8588 4795//8588
f 4795//8589 5133//8589 5132//8589
f 4795//8590 5132//8590 4793//8590
f 4793//8591 5132//8591 4790//8591
f 4851//8592 4861//8592 5134//8592
f 5134//8593 4861//8593 4853//8593
f 5134//8594 4853//8594 5131//8594
f 5131//8595 4853//8595 4854//8595
f 5131//8596 4854//8596 4855//8596
f 4852//8597 4851//8597 5135//8597
f 4851//8598 3794//8598 5135//8598
f 5135//8599 3794//8599 3793//8599
f 5135//8600 3793//8600 4849//8600
f 4849//8601 4847//8601 5135//8601
f 5135//8602 4847//8602 4846//8602
f 5135//8603 4846//8603 4852//8603
f 5136//8604 5005//8604 5100//8604
f 4792//8605 5132//8605 4822//8605
f 4822//8606 5132//8606 5137//8606
f 4822//8607 5137//8607 4845//8607
f 4845//8608 5137//8608 5138//8608
f 4845//8609 5138//8609 4856//8609
f 4856//8610 5138//8610 5139//8610
f 4856//8611 5139//8611 5131//8611
f 5131//8612 5139//8612 5136//8612
f 5131//8613 5136//8613 5134//8613
f 5134//8614 5136//8614 5100//8614
f 5134//8615 5100//8615 4851//8615
f 4851//8616 5100//8616 3795//8616
f 4851//8617 3795//8617 3794//8617
f 5140//8618 5141//8618 5142//8618
f 3241//8619 3243//8619 5047//8619
f 3261//8620 3237//8620 5143//8620
f 5143//8621 3237//8621 3239//8621
f 5143//8622 3239//8622 3241//8622
f 3247//8623 3249//8623 5044//8623
f 3243//8624 3245//8624 5047//8624
f 5047//8625 3245//8625 3247//8625
f 5047//8626 3247//8626 5046//8626
f 5046//8627 3247//8627 5044//8627
f 3231//8628 3229//8628 5140//8628
f 5140//8629 5142//8629 3231//8629
f 3231//8630 5142//8630 5144//8630
f 3231//8631 5144//8631 3225//8631
f 3225//8632 5144//8632 3226//8632
f 3226//8633 5144//8633 5145//8633
f 3226//8634 5145//8634 3221//8634
f 3221//8635 5145//8635 4717//8635
f 3221//8636 4717//8636 3202//8636
f 5146//8637 5138//8637 5147//8637
f 5147//8638 5138//8638 5137//8638
f 5147//8639 5137//8639 5148//8639
f 5148//8640 5137//8640 5132//8640
f 5148//8641 5132//8641 5149//8641
f 5149//8642 5132//8642 5133//8642
f 5149//8643 5133//8643 4714//8643
f 4714//8644 5133//8644 4712//8644
f 5150//8645 5136//8645 5139//8645
f 5005//8646 5136//8646 4999//8646
f 4999//8647 5136//8647 5150//8647
f 4999//8648 5150//8648 5000//8648
f 3241//8649 5047//8649 5143//8649
f 5143//8650 5047//8650 5098//8650
f 5143//8651 5098//8651 5151//8651
f 5098//8652 5000//8652 5151//8652
f 5151//8653 5000//8653 5150//8653
f 5151//8654 5150//8654 5146//8654
f 5146//8655 5150//8655 5139//8655
f 5146//8656 5139//8656 5138//8656
f 4714//8657 4717//8657 5149//8657
f 5149//8658 4717//8658 5145//8658
f 5149//8659 5145//8659 5148//8659
f 5148//8660 5145//8660 5144//8660
f 5148//8661 5144//8661 5147//8661
f 5147//8662 5144//8662 5142//8662
f 5147//8663 5142//8663 5146//8663
f 5146//8664 5142//8664 5141//8664
f 5146//8665 5141//8665 5151//8665
f 5151//8666 5141//8666 5140//8666
f 5151//8667 5140//8667 5143//8667
f 5143//8668 5140//8668 3229//8668
f 5143//8669 3229//8669 3261//8669
f 4439//8670 4437//8670 5152//8670
f 5153//8671 5154//8671 5155//8671
f 5155//8672 5154//8672 5156//8672
f 5155//8673 5156//8673 5157//8673
f 5157//8674 5156//8674 5158//8674
f 5157//8675 5158//8675 5159//8675
f 5159//8676 5158//8676 5160//8676
f 5159//8677 5160//8677 5161//8677
f 4450//8678 4449//8678 5162//8678
f 5162//8679 4449//8679 4439//8679
f 5162//8680 4439//8680 5153//8680
f 5153//8681 4439//8681 5152//8681
f 5153//8682 5152//8682 5154//8682
f 3055//8683 4483//8683 3060//8683
f 3060//8684 4483//8684 5163//8684
f 3060//8685 5163//8685 5164//8685
f 3692//8686 3691//8686 1020//8686
f 3691//8687 4484//8687 1020//8687
f 1020//8688 4484//8688 4485//8688
f 1020//8689 4485//8689 3059//8689
f 3059//8690 4485//8690 4483//8690
f 3059//8691 4483//8691 3057//8691
f 3057//8692 4483//8692 3055//8692
f 1020//8693 1031//8693 3692//8693
f 3692//8694 1031//8694 1030//8694
f 3692//8695 1030//8695 3689//8695
f 3689//8696 1030//8696 1029//8696
f 3689//8697 1029//8697 1028//8697
f 3088//8698 3092//8698 5164//8698
f 5164//8699 3092//8699 3091//8699
f 5164//8700 3091//8700 3060//8700
f 3086//8701 3089//8701 5165//8701
f 5165//8702 3089//8702 3088//8702
f 5165//8703 3088//8703 5166//8703
f 5166//8704 3088//8704 5164//8704
f 5167//8705 3038//8705 3069//8705
f 5167//8706 3069//8706 5168//8706
f 5168//8707 3069//8707 5169//8707
f 5168//8708 5169//8708 5170//8708
f 3069//8709 3068//8709 5169//8709
f 5169//8710 3068//8710 3082//8710
f 5169//8711 3082//8711 5165//8711
f 5165//8712 3082//8712 3084//8712
f 5165//8713 3084//8713 3086//8713
f 5161//8714 5170//8714 5159//8714
f 5159//8715 5170//8715 5169//8715
f 5159//8716 5169//8716 5157//8716
f 5157//8717 5169//8717 5165//8717
f 5157//8718 5165//8718 5155//8718
f 5155//8719 5165//8719 5166//8719
f 5155//8720 5166//8720 5153//8720
f 5153//8721 5166//8721 5164//8721
f 5153//8722 5164//8722 5162//8722
f 5162//8723 5164//8723 5163//8723
f 5162//8724 5163//8724 4450//8724
f 4450//8725 5163//8725 4483//8725
f 3800//8726 5171//8726 5172//8726
f 4050//8727 4049//8727 5173//8727
f 5173//8728 4049//8728 4046//8728
f 5173//8729 4046//8729 4044//8729
f 4044//8730 4043//8730 5173//8730
f 5173//8731 4043//8731 3797//8731
f 5173//8732 3797//8732 3799//8732
f 4050//8733 5173//8733 4051//8733
f 4051//8734 5173//8734 5174//8734
f 4051//8735 5174//8735 4052//8735
f 5152//8736 4054//8736 5154//8736
f 5154//8737 4054//8737 4053//8737
f 4444//8738 5152//8738 4445//8738
f 4445//8739 5152//8739 4437//8739
f 4447//8740 4054//8740 4448//8740
f 4448//8741 4054//8741 5152//8741
f 4448//8742 5152//8742 4442//8742
f 4442//8743 5152//8743 4444//8743
f 4431//8744 4041//8744 4017//8744
f 4447//8745 4432//8745 4054//8745
f 4054//8746 4432//8746 4431//8746
f 4054//8747 4431//8747 4055//8747
f 4055//8748 4431//8748 4017//8748
f 5158//8749 5156//8749 5173//8749
f 5173//8750 5156//8750 5154//8750
f 5173//8751 5154//8751 5174//8751
f 5174//8752 5154//8752 4053//8752
f 5174//8753 4053//8753 4052//8753
f 3799//8754 3800//8754 5173//8754
f 5173//8755 3800//8755 5172//8755
f 5173//8756 5172//8756 5158//8756
f 5158//8757 5172//8757 5175//8757
f 5158//8758 5175//8758 5160//8758
f 4064//8759 1512//8759 2745//8759
f 5176//8760 5177//8760 5178//8760
f 5179//8761 5180//8761 5181//8761
f 5181//8762 5180//8762 5182//8762
f 5181//8763 5182//8763 5183//8763
f 5183//8764 5182//8764 5184//8764
f 5183//8765 5184//8765 5185//8765
f 5185//8766 5184//8766 5186//8766
f 5185//8767 5186//8767 5187//8767
f 5187//8768 5186//8768 5188//8768
f 5176//8769 5178//8769 5189//8769
f 5189//8770 5178//8770 5190//8770
f 5189//8771 5190//8771 5191//8771
f 5191//8772 5190//8772 5192//8772
f 5191//8773 5192//8773 5193//8773
f 5193//8774 5192//8774 5194//8774
f 5193//8775 5194//8775 5195//8775
f 5195//8776 5194//8776 5196//8776
f 5195//8777 5196//8777 5197//8777
f 5196//8778 5198//8778 5197//8778
f 5197//8779 5198//8779 5199//8779
f 5197//8780 5199//8780 5200//8780
f 2731//8781 2730//8781 5201//8781
f 2731//8782 5201//8782 5199//8782
f 5199//8783 5201//8783 5202//8783
f 5199//8784 5202//8784 5200//8784
f 5203//8785 4084//8785 5204//8785
f 5204//8786 4084//8786 4094//8786
f 5204//8787 4094//8787 5205//8787
f 5205//8788 4094//8788 4096//8788
f 5205//8789 4096//8789 5206//8789
f 5206//8790 4096//8790 4098//8790
f 5206//8791 4098//8791 5207//8791
f 5207//8792 4098//8792 4099//8792
f 5207//8793 4099//8793 5208//8793
f 5208//8794 4099//8794 4100//8794
f 5208//8795 4100//8795 2745//8795
f 2745//8796 4100//8796 4065//8796
f 2745//8797 4065//8797 4064//8797
f 4083//8798 4082//8798 5209//8798
f 5209//8799 4082//8799 4088//8799
f 5209//8800 4088//8800 5210//8800
f 5210//8801 4088//8801 4087//8801
f 5210//8802 4087//8802 5203//8802
f 5203//8803 4087//8803 4085//8803
f 5203//8804 4085//8804 4084//8804
f 5209//8805 5179//8805 4083//8805
f 4083//8806 5179//8806 5181//8806
f 4083//8807 5181//8807 4080//8807
f 4080//8808 5181//8808 5183//8808
f 4080//8809 5183//8809 4078//8809
f 4078//8810 5183//8810 5185//8810
f 4078//8811 5185//8811 4076//8811
f 4076//8812 5185//8812 5187//8812
f 4076//8813 5187//8813 4074//8813
f 5171//8814 3800//8814 3798//8814
f 3798//8815 2844//8815 5171//8815
f 5171//8816 2844//8816 4074//8816
f 5171//8817 4074//8817 5172//8817
f 5172//8818 4074//8818 5187//8818
f 5172//8819 5187//8819 5175//8819
f 5175//8820 5187//8820 5188//8820
f 5175//8821 5188//8821 5160//8821
f 2768//8822 2731//8822 5211//8822
f 5211//8823 2731//8823 5199//8823
f 5211//8824 5199//8824 5212//8824
f 5212//8825 5199//8825 5198//8825
f 5212//8826 5198//8826 5213//8826
f 5213//8827 5198//8827 5196//8827
f 5213//8828 5196//8828 5214//8828
f 5214//8829 5196//8829 5194//8829
f 5214//8830 5194//8830 5215//8830
f 5215//8831 5194//8831 5192//8831
f 5215//8832 5192//8832 5216//8832
f 5216//8833 5192//8833 5190//8833
f 5216//8834 5190//8834 5217//8834
f 5217//8835 5190//8835 5178//8835
f 5217//8836 5178//8836 5218//8836
f 5218//8837 5178//8837 5177//8837
f 5218//8838 5177//8838 5219//8838
f 5219//8839 5177//8839 5176//8839
f 2745//8840 2768//8840 5208//8840
f 5208//8841 2768//8841 5211//8841
f 5208//8842 5211//8842 5207//8842
f 5207//8843 5211//8843 5212//8843
f 5207//8844 5212//8844 5206//8844
f 5206//8845 5212//8845 5213//8845
f 5206//8846 5213//8846 5205//8846
f 5205//8847 5213//8847 5214//8847
f 5205//8848 5214//8848 5204//8848
f 5204//8849 5214//8849 5215//8849
f 5204//8850 5215//8850 5203//8850
f 5203//8851 5215//8851 5216//8851
f 5203//8852 5216//8852 5210//8852
f 5210//8853 5216//8853 5217//8853
f 5210//8854 5217//8854 5209//8854
f 5209//8855 5217//8855 5218//8855
f 5209//8856 5218//8856 5179//8856
f 5179//8857 5218//8857 5219//8857
f 5179//8858 5219//8858 5180//8858
f 5170//8859 5161//8859 5220//8859
f 86//8860 5221//8860 87//8860
f 2890//8861 2888//8861 5222//8861
f 5223//8862 3029//8862 5224//8862
f 5224//8863 3029//8863 3034//8863
f 5224//8864 3034//8864 5225//8864
f 5225//8865 3034//8865 3033//8865
f 3026//8866 3032//8866 5223//8866
f 5223//8867 3032//8867 3031//8867
f 5223//8868 3031//8868 3029//8868
f 5223//8869 5226//8869 3026//8869
f 3026//8870 5226//8870 5227//8870
f 3026//8871 5227//8871 3011//8871
f 5222//8872 3014//8872 5228//8872
f 5228//8873 3014//8873 3013//8873
f 5228//8874 3013//8874 5229//8874
f 5229//8875 3013//8875 3012//8875
f 5229//8876 3012//8876 5230//8876
f 5230//8877 3012//8877 3009//8877
f 5230//8878 3009//8878 5227//8878
f 5227//8879 3009//8879 3010//8879
f 5227//8880 3010//8880 3011//8880
f 3015//8881 2857//8881 2858//8881
f 3015//8882 2858//8882 2983//8882
f 2858//8883 2860//8883 2983//8883
f 2983//8884 2860//8884 2861//8884
f 2983//8885 2861//8885 2972//8885
f 2972//8886 2861//8886 2863//8886
f 2972//8887 2863//8887 2952//8887
f 2952//8888 2863//8888 99//8888
f 99//8889 98//8889 2952//8889
f 2952//8890 98//8890 97//8890
f 2952//8891 97//8891 2950//8891
f 2950//8892 97//8892 111//8892
f 2950//8893 111//8893 2949//8893
f 2949//8894 111//8894 110//8894
f 2949//8895 110//8895 2948//8895
f 109//8896 175//8896 110//8896
f 110//8897 175//8897 2947//8897
f 110//8898 2947//8898 2948//8898
f 2888//8899 2889//8899 5222//8899
f 5222//8900 2889//8900 2853//8900
f 5222//8901 2853//8901 3014//8901
f 3014//8902 2853//8902 2854//8902
f 3014//8903 2854//8903 3015//8903
f 3015//8904 2854//8904 2855//8904
f 3015//8905 2855//8905 2857//8905
f 85//8906 84//8906 5231//8906
f 5231//8907 84//8907 2893//8907
f 5231//8908 2893//8908 5232//8908
f 5232//8909 2893//8909 2894//8909
f 5232//8910 2894//8910 5233//8910
f 5233//8911 2894//8911 2892//8911
f 5233//8912 2892//8912 2891//8912
f 87//8913 5221//8913 89//8913
f 89//8914 5221//8914 2784//8914
f 89//8915 2784//8915 90//8915
f 2730//8916 2778//8916 5201//8916
f 5201//8917 2778//8917 5234//8917
f 5201//8918 5234//8918 5202//8918
f 5202//8919 5234//8919 5200//8919
f 5200//8920 5234//8920 5235//8920
f 5200//8921 5235//8921 5197//8921
f 5188//8922 5186//8922 5184//8922
f 5235//8923 5236//8923 5197//8923
f 5197//8924 5236//8924 5237//8924
f 5197//8925 5237//8925 5195//8925
f 5195//8926 5237//8926 5238//8926
f 5195//8927 5238//8927 5193//8927
f 5193//8928 5238//8928 5239//8928
f 5193//8929 5239//8929 5191//8929
f 5191//8930 5239//8930 5240//8930
f 5191//8931 5240//8931 5189//8931
f 5189//8932 5240//8932 5241//8932
f 5189//8933 5241//8933 5176//8933
f 5176//8934 5241//8934 5242//8934
f 5176//8935 5242//8935 5219//8935
f 5219//8936 5242//8936 5243//8936
f 5219//8937 5243//8937 5180//8937
f 5180//8938 5243//8938 5244//8938
f 5180//8939 5244//8939 5182//8939
f 5182//8940 5244//8940 5245//8940
f 5182//8941 5245//8941 5184//8941
f 5184//8942 5245//8942 5220//8942
f 5184//8943 5220//8943 5188//8943
f 5188//8944 5220//8944 5161//8944
f 5188//8945 5161//8945 5160//8945
f 5167//8946 5168//8946 5246//8946
f 5246//8947 5168//8947 5170//8947
f 85//8948 5231//8948 86//8948
f 86//8949 5231//8949 5247//8949
f 86//8950 5247//8950 5221//8950
f 5221//8951 5247//8951 2777//8951
f 5221//8952 2777//8952 2784//8952
f 3038//8953 5167//8953 3033//8953
f 3033//8954 5167//8954 5246//8954
f 3033//8955 5246//8955 5225//8955
f 5225//8956 5246//8956 5248//8956
f 5225//8957 5248//8957 5224//8957
f 5224//8958 5248//8958 5249//8958
f 5224//8959 5249//8959 5223//8959
f 5223//8960 5249//8960 5250//8960
f 5223//8961 5250//8961 5226//8961
f 5226//8962 5250//8962 5251//8962
f 5226//8963 5251//8963 5227//8963
f 5227//8964 5251//8964 5252//8964
f 5227//8965 5252//8965 5230//8965
f 5230//8966 5252//8966 5253//8966
f 5230//8967 5253//8967 5229//8967
f 5229//8968 5253//8968 5254//8968
f 5229//8969 5254//8969 5228//8969
f 5228//8970 5254//8970 5255//8970
f 5228//8971 5255//8971 5222//8971
f 5222//8972 5255//8972 5233//8972
f 5222//8973 5233//8973 2890//8973
f 2890//8974 5233//8974 2891//8974
f 5170//8975 5220//8975 5246//8975
f 5246//8976 5220//8976 5245//8976
f 5246//8977 5245//8977 5248//8977
f 5248//8978 5245//8978 5244//8978
f 5248//8979 5244//8979 5249//8979
f 5249//8980 5244//8980 5243//8980
f 5249//8981 5243//8981 5250//8981
f 5250//8982 5243//8982 5242//8982
f 5250//8983 5242//8983 5251//8983
f 5251//8984 5242//8984 5241//8984
f 5251//8985 5241//8985 5252//8985
f 5252//8986 5241//8986 5240//8986
f 5252//8987 5240//8987 5253//8987
f 5253//8988 5240//8988 5239//8988
f 5253//8989 5239//8989 5254//8989
f 5254//8990 5239//8990 5238//8990
f 5254//8991 5238//8991 5255//8991
f 5255//8992 5238//8992 5237//8992
f 5255//8993 5237//8993 5233//8993
f 5233//8994 5237//8994 5236//8994
f 5233//8995 5236//8995 5232//8995
f 5232//8996 5236//8996 5235//8996
f 5232//8997 5235//8997 5231//8997
f 5231//8998 5235//8998 5234//8998
f 5231//8999 5234//8999 5247//8999
f 5247//9000 5234//9000 2778//9000
f 5247//9001 2778//9001 2777//9001
f 4275//4586 4251//4586 4278//4586
f 4278//4586 4251//4586 4262//4586
f 4278//1924 4262//1924 4279//1924
f 4279//1924 4262//1924 4261//1924
f 4279//4585 4261//4585 4280//4585
f 4280//4585 4261//4585 4260//4585
f 4280//4584 4260//4584 4276//4584
f 4276//4584 4260//4584 4259//4584
f 4276//4583 4259//4583 4281//4583
f 4281//4583 4259//4583 4258//4583
f 4281//1915 4258//1915 4282//1915
f 4282//1915 4258//1915 4257//1915
f 4282//4582 4257//4582 4283//4582
f 4283//4582 4257//4582 4256//4582
f 4283//3139 4256//3139 4277//3139
f 4277//3139 4256//3139 4255//3139
f 4277//4581 4255//4581 4284//4581
f 4284//4581 4255//4581 4254//4581
f 4284//4580 4254//4580 4285//4580
f 4285//4580 4254//4580 4253//4580
f 4285//4579 4253//4579 4286//4579
f 4286//4579 4253//4579 4252//4579
f 4286//4578 4252//4578 4275//4578
f 4275//4578 4252//4578 4251//4578
f 3362//4586 3450//4586 3363//4586
f 3363//4586 3450//4586 3434//4586
f 3363//1924 3434//1924 3359//1924
f 3359//1924 3434//1924 3453//1924
f 3359//4585 3453//4585 3360//4585
f 3360//4585 3453//4585 3425//4585
f 3360//4584 3425//4584 3381//4584
f 3381//4584 3425//4584 3432//4584
f 3381//4588 3432//4588 3380//4588
f 3380//4588 3432//4588 3431//4588
f 3380//1915 3431//1915 3379//1915
f 3379//1915 3431//1915 3426//1915
f 3379//4582 3426//4582 3375//4582
f 3375//4582 3426//4582 3427//4582
f 3375//3139 3427//3139 3376//3139
f 3376//3139 3427//3139 3428//3139
f 3376//4581 3428//4581 3382//4581
f 3382//4581 3428//4581 3429//4581
f 3382//4580 3429//4580 3383//4580
f 3383//4580 3429//4580 3430//4580
f 3383//4587 3430//4587 3384//4587
f 3384//4587 3430//4587 3448//4587
f 3384//4578 3448//4578 3362//4578
f 3362//4578 3448//4578 3450//4578
f 3416//4586 3442//4586 3411//4586
f 3411//4586 3442//4586 3441//4586
f 3411//1924 3441//1924 3417//1924
f 3417//1924 3441//1924 3440//1924
f 3417//4585 3440//4585 3418//4585
f 3418//4585 3440//4585 3438//4585
f 3418//4584 3438//4584 3419//4584
f 3419//4584 3438//4584 3437//4584
f 3419//4583 3437//4583 3412//4583
f 3412//4583 3437//4583 3451//4583
f 3412//1915 3451//1915 3413//1915
f 3413//1915 3451//1915 3449//1915
f 3413//4582 3449//4582 3414//4582
f 3414//4582 3449//4582 3447//4582
f 3414//3139 3447//3139 3420//3139
f 3420//3139 3447//3139 3446//3139
f 3420//4581 3446//4581 3421//4581
f 3421//4581 3446//4581 3445//4581
f 3421//4580 3445//4580 3422//4580
f 3422//4580 3445//4580 3444//4580
f 3422//4587 3444//4587 3415//4587
f 3415//4587 3444//4587 3443//4587
f 3415//4578 3443//4578 3416//4578
f 3416//4578 3443//4578 3442//4578
f 3775//4578 2826//4578 3783//4578
f 3783//4579 2826//4579 2825//4579
f 3783//4579 2825//4579 3773//4579
f 3773//4580 2825//4580 2824//4580
f 3773//4580 2824//4580 3774//4580
f 3774//4581 2824//4581 2823//4581
f 3774//4581 2823//4581 3784//4581
f 3784//3139 2823//3139 2822//3139
f 3784//3139 2822//3139 3785//3139
f 3785//4582 2822//4582 2821//4582
f 3785//4582 2821//4582 3779//4582
f 3779//1915 2821//1915 2820//1915
f 3779//1915 2820//1915 3780//1915
f 3780//4583 2820//4583 2819//4583
f 3780//4583 2819//4583 3772//4583
f 3772//4584 2819//4584 2818//4584
f 3772//4584 2818//4584 3771//4584
f 3771//4585 2818//4585 2817//4585
f 3771//4585 2817//4585 3781//4585
f 3781//1924 2817//1924 2816//1924
f 3781//1924 2816//1924 3782//1924
f 3782//4586 2816//4586 2827//4586
f 3782//4586 2827//4586 3775//4586
f 3775//4578 2827//4578 2826//4578
