# Blender 4.5.0
# www.blender.org
o base_link
v 0.024819 0.003000 0.005001
v 0.022500 0.003000 0.005000
v 0.024823 0.002967 0.004556
v 0.022500 0.002848 0.004057
v 0.024920 0.001998 0.002762
v 0.024915 0.002055 0.002814
v 0.022500 0.002055 0.002814
v 0.024879 0.002460 0.003283
v 0.024844 0.002789 0.003894
v 0.024957 0.001460 0.002379
v 0.022500 0.000765 0.002099
v 0.024985 0.000863 0.002127
v 0.024993 -0.000570 0.002055
v 0.025000 -0.000001 0.002000
v 0.022500 -0.000710 0.002085
v 0.025000 0.000138 0.002003
v 0.024988 0.000765 0.002099
v 0.024919 -0.002013 0.002776
v 0.024934 -0.001810 0.002607
v 0.022500 -0.002013 0.002776
v 0.024970 -0.001217 0.002258
v 0.024990 -0.000710 0.002085
v 0.022500 -0.002830 0.004003
v 0.022500 -0.003000 0.005000
v 0.024819 -0.003000 0.005000
v 0.024830 -0.002911 0.004277
v 0.024857 -0.002675 0.003643
v 0.024893 -0.002315 0.003091
v 0.025000 -0.000150 0.007996
v 0.024990 -0.000710 0.007915
v 0.022500 -0.000710 0.007915
v 0.022500 0.002848 0.005943
v 0.022500 -0.002013 0.007224
v 0.024878 -0.002469 0.006704
v 0.022500 -0.002830 0.005997
v 0.024843 -0.002797 0.006085
v 0.024823 -0.002970 0.005421
v 0.024985 -0.000875 0.007870
v 0.024956 -0.001472 0.007614
v 0.024919 -0.002010 0.007227
v 0.022500 0.000765 0.007901
v 0.024994 0.000562 0.007947
v 0.025000 0.000001 0.008000
v 0.024915 0.002055 0.007186
v 0.024934 0.001809 0.007393
v 0.022500 0.002055 0.007186
v 0.024970 0.001215 0.007743
v 0.024988 0.000765 0.007901
v 0.024830 0.002911 0.005724
v 0.024857 0.002675 0.006358
v 0.024893 0.002314 0.006909
v 0.022500 0.000376 0.003291
v 0.022500 0.001084 0.003626
v 0.022500 0.001575 0.004236
v 0.022500 0.001750 0.005000
v 0.022500 0.001651 0.005581
v 0.022500 0.001174 0.006298
v 0.022500 0.000414 0.006700
v 0.022500 -0.000446 0.006692
v 0.022500 -0.001198 0.006275
v 0.022500 -0.001661 0.005550
v 0.022500 -0.001750 0.005000
v 0.022500 -0.001589 0.004266
v 0.022500 -0.001109 0.003647
v 0.022500 -0.000408 0.003298
v 0.018919 -0.001750 0.005000
v 0.018926 -0.001674 0.004491
v 0.018933 -0.001589 0.004266
v 0.018960 -0.001236 0.003761
v 0.018991 -0.000584 0.003350
v 0.018996 -0.000408 0.003298
v 0.019000 -0.000004 0.003250
v 0.018999 0.000198 0.003261
v 0.018996 0.000376 0.003291
v 0.018974 0.000996 0.003561
v 0.018937 0.001550 0.004188
v 0.018919 0.001750 0.005000
v 0.018926 0.001678 0.005495
v 0.018946 0.001427 0.006012
v 0.018964 0.001174 0.006298
v 0.019000 0.000004 0.006750
v 0.018995 0.000414 0.006700
v 0.018992 0.000546 0.006663
v 0.018971 0.001054 0.006397
v 0.018994 -0.000485 0.006682
v 0.018973 -0.001006 0.006432
v 0.018962 -0.001198 0.006275
v 0.018949 -0.001391 0.006061
v 0.018927 -0.001661 0.005552
v -0.024819 -0.003000 0.005001
v -0.022500 -0.003000 0.005000
v -0.024823 -0.002967 0.004556
v -0.022500 -0.002848 0.004057
v -0.024920 -0.001998 0.002762
v -0.024915 -0.002055 0.002814
v -0.022500 -0.002055 0.002814
v -0.024879 -0.002460 0.003283
v -0.024844 -0.002789 0.003894
v -0.024957 -0.001460 0.002379
v -0.022500 -0.000765 0.002099
v -0.024985 -0.000863 0.002127
v -0.024993 0.000570 0.002055
v -0.025000 0.000001 0.002000
v -0.022500 0.000710 0.002085
v -0.025000 -0.000138 0.002003
v -0.024988 -0.000765 0.002099
v -0.024919 0.002013 0.002776
v -0.024934 0.001810 0.002607
v -0.022500 0.002013 0.002776
v -0.024970 0.001217 0.002258
v -0.024990 0.000710 0.002085
v -0.022500 0.002830 0.004003
v -0.022500 0.003000 0.005000
v -0.024819 0.003000 0.005000
v -0.024830 0.002911 0.004277
v -0.024857 0.002675 0.003643
v -0.024893 0.002315 0.003091
v -0.025000 0.000150 0.007996
v -0.024990 0.000710 0.007915
v -0.022500 0.000710 0.007915
v -0.022500 -0.002848 0.005943
v -0.022500 0.002013 0.007224
v -0.024878 0.002469 0.006704
v -0.022500 0.002830 0.005997
v -0.024843 0.002797 0.006085
v -0.024823 0.002970 0.005421
v -0.024985 0.000875 0.007870
v -0.024956 0.001472 0.007614
v -0.024919 0.002010 0.007227
v -0.022500 -0.000765 0.007901
v -0.024994 -0.000562 0.007947
v -0.025000 -0.000001 0.008000
v -0.024915 -0.002055 0.007186
v -0.024934 -0.001809 0.007393
v -0.022500 -0.002055 0.007186
v -0.024970 -0.001215 0.007743
v -0.024988 -0.000765 0.007901
v -0.024830 -0.002911 0.005724
v -0.024857 -0.002675 0.006358
v -0.024893 -0.002314 0.006909
v -0.022500 -0.000376 0.003291
v -0.022500 -0.001084 0.003626
v -0.022500 -0.001575 0.004236
v -0.022500 -0.001750 0.005000
v -0.022500 -0.001651 0.005581
v -0.022500 -0.001174 0.006298
v -0.022500 -0.000414 0.006700
v -0.022500 0.000446 0.006692
v -0.022500 0.001198 0.006275
v -0.022500 0.001661 0.005550
v -0.022500 0.001750 0.005000
v -0.022500 0.001589 0.004266
v -0.022500 0.001109 0.003647
v -0.022500 0.000408 0.003298
v -0.018919 0.001750 0.005000
v -0.018926 0.001674 0.004491
v -0.018933 0.001589 0.004266
v -0.018960 0.001236 0.003761
v -0.018991 0.000584 0.003350
v -0.018996 0.000408 0.003298
v -0.019000 0.000004 0.003250
v -0.018999 -0.000198 0.003261
v -0.018996 -0.000376 0.003291
v -0.018974 -0.000996 0.003561
v -0.018937 -0.001550 0.004188
v -0.018919 -0.001750 0.005000
v -0.018926 -0.001678 0.005495
v -0.018946 -0.001427 0.006012
v -0.018964 -0.001174 0.006298
v -0.019000 -0.000004 0.006750
v -0.018995 -0.000414 0.006700
v -0.018992 -0.000546 0.006663
v -0.018971 -0.001054 0.006397
v -0.018994 0.000485 0.006682
v -0.018973 0.001006 0.006432
v -0.018962 0.001198 0.006275
v -0.018949 0.001391 0.006061
v -0.018927 0.001661 0.005552
v -0.024687 -0.003941 0.024026
v -0.024775 -0.003347 0.024375
v -0.022000 -0.003347 0.024375
v -0.024999 0.000246 0.025196
v -0.024977 0.001066 0.025121
v -0.022000 0.001066 0.025121
v -0.023966 0.007117 0.019089
v -0.023941 0.007200 0.018000
v -0.022000 0.007200 0.018000
v -0.023966 0.007116 0.019098
v -0.022000 0.007110 0.019133
v -0.024038 0.006867 0.020165
v -0.022000 0.006406 0.021287
v -0.024152 0.006456 0.021188
v -0.024481 0.005067 0.023115
v -0.024459 0.005172 0.023009
v -0.022000 0.005067 0.023115
v -0.024297 0.005885 0.022148
v -0.024165 0.006406 0.021287
v -0.024621 0.004339 0.023746
v -0.022000 0.003226 0.024437
v -0.024767 0.003404 0.024345
v -0.024964 0.001335 0.025075
v -0.024885 0.002396 0.024790
v -0.024791 0.003227 0.024437
v -0.022000 -0.001200 0.025099
v -0.024986 -0.000847 0.025150
v -0.025000 -0.000001 0.025200
v -0.024823 -0.002966 0.024561
v -0.024926 -0.001921 0.024939
v -0.024971 -0.001200 0.025099
v -0.022000 -0.005163 0.023019
v -0.024461 -0.005163 0.023019
v -0.024530 -0.004826 0.023344
v -0.024626 -0.004310 0.023767
v -0.022000 -0.006467 0.021166
v -0.024149 -0.006467 0.021166
v -0.024212 -0.006228 0.021613
v -0.024366 -0.005596 0.022531
v -0.022000 -0.007130 0.018999
v -0.022000 -0.007200 0.018000
v -0.023941 -0.007200 0.018000
v -0.023946 -0.007183 0.018497
v -0.023993 -0.007025 0.019579
v -0.024084 -0.006706 0.020621
v -0.024688 0.003938 0.011972
v -0.024791 0.003227 0.011563
v -0.022000 0.003226 0.011563
v -0.022000 -0.007130 0.017001
v -0.023966 -0.007117 0.016911
v -0.022000 -0.006467 0.014834
v -0.024153 -0.006453 0.014807
v -0.024038 -0.006868 0.015837
v -0.023966 -0.007116 0.016904
v -0.024298 -0.005884 0.013851
v -0.022000 -0.005163 0.012981
v -0.024459 -0.005171 0.012990
v -0.024622 -0.004331 0.012248
v -0.022000 -0.003347 0.011625
v -0.024768 -0.003396 0.011651
v -0.024885 -0.002391 0.011209
v -0.022000 -0.001200 0.010901
v -0.024964 -0.001335 0.010925
v -0.024986 0.000842 0.010849
v -0.025000 0.000001 0.010800
v -0.022000 0.001066 0.010879
v -0.024999 -0.000250 0.010804
v -0.024971 -0.001200 0.010901
v -0.024824 0.002962 0.011437
v -0.024926 0.001923 0.011061
v -0.024977 0.001066 0.010879
v -0.022000 0.005067 0.012885
v -0.024481 0.005067 0.012885
v -0.024531 0.004822 0.012653
v -0.024626 0.004310 0.012233
v -0.024084 0.006704 0.015373
v -0.024165 0.006406 0.014713
v -0.022000 0.006406 0.014713
v -0.024213 0.006222 0.014377
v -0.024367 0.005590 0.013462
v -0.023993 0.007025 0.016423
v -0.022000 0.007110 0.016867
v -0.023946 0.007183 0.017500
v -0.022000 -0.000059 0.024250
v -0.022000 0.002074 0.023896
v -0.022000 0.003958 0.022837
v -0.022000 0.005369 0.021199
v -0.022000 0.006138 0.019178
v -0.022000 0.006250 0.018000
v -0.022000 0.006138 0.016822
v -0.022000 0.005369 0.014801
v -0.022000 0.003958 0.013163
v -0.022000 0.002074 0.012104
v -0.022000 -0.000059 0.011750
v -0.022000 -0.002185 0.012144
v -0.022000 -0.004049 0.013239
v -0.022000 -0.005429 0.014903
v -0.022000 -0.006159 0.016938
v -0.022000 -0.006250 0.018000
v -0.022000 -0.006159 0.019062
v -0.022000 -0.005429 0.021097
v -0.022000 -0.004049 0.022761
v -0.022000 -0.002185 0.023856
v -0.017943 -0.006250 0.018000
v -0.017953 -0.006222 0.018595
v -0.018257 -0.005263 0.021371
v -0.018208 -0.005429 0.021097
v -0.018116 -0.005728 0.020500
v -0.018008 -0.006058 0.019536
v -0.018874 -0.002182 0.023857
v -0.018744 -0.003109 0.023422
v -0.018649 -0.003635 0.023084
v -0.018589 -0.003928 0.022861
v -0.018563 -0.004049 0.022761
v -0.018422 -0.004652 0.022174
v -0.019000 0.000001 0.024250
v -0.019000 -0.000059 0.024250
v -0.018999 -0.000173 0.024248
v -0.018963 -0.001189 0.024136
v -0.018886 0.002074 0.023896
v -0.018911 0.001836 0.023974
v -0.018981 0.000838 0.024194
v -0.018792 0.002806 0.023585
v -0.018651 0.003625 0.023091
v -0.018226 0.005369 0.021199
v -0.018333 0.004989 0.021764
v -0.018498 0.004337 0.022501
v -0.018583 0.003959 0.022837
v -0.018182 0.005515 0.020941
v -0.018054 0.005920 0.020005
v -0.017971 0.006167 0.019012
v -0.017943 0.006250 0.018000
v -0.017943 -0.006250 0.017997
v -0.017971 -0.006167 0.016985
v -0.017952 0.006222 0.017407
v -0.018258 0.005257 0.014619
v -0.018226 0.005369 0.014801
v -0.018117 0.005723 0.015489
v -0.018009 0.006056 0.016454
v -0.018886 0.002074 0.012104
v -0.018874 0.002184 0.012144
v -0.018745 0.003105 0.012576
v -0.018649 0.003635 0.012916
v -0.018590 0.003923 0.013135
v -0.018583 0.003958 0.013163
v -0.018423 0.004647 0.013821
v -0.019000 -0.000059 0.011750
v -0.019000 -0.000001 0.011750
v -0.018999 0.000179 0.011753
v -0.018963 0.001191 0.011865
v -0.018911 -0.001834 0.012025
v -0.018982 -0.000832 0.011806
v -0.018563 -0.004049 0.013239
v -0.018652 -0.003621 0.012906
v -0.018793 -0.002799 0.012412
v -0.018874 -0.002185 0.012144
v -0.018334 -0.004986 0.014231
v -0.018499 -0.004332 0.013495
v -0.018055 -0.005919 0.015993
v -0.018183 -0.005512 0.015054
v -0.018208 -0.005429 0.014903
v 0.003804 -0.019125 0.000000
v 0.000000 -0.019500 0.000000
v 0.000000 -0.019000 0.000500
v 0.003707 -0.018635 0.000500
v 0.004274 -0.018513 0.000500
v 0.007462 -0.018016 0.000000
v 0.007271 -0.017554 0.000500
v 0.007728 -0.017357 0.000500
v 0.010834 -0.016214 0.000000
v 0.010556 -0.015798 0.000500
v 0.010898 -0.015564 0.000500
v 0.013789 -0.013789 0.000000
v 0.013435 -0.013435 0.000500
v 0.013667 -0.013199 0.000500
v 0.016214 -0.010834 0.000000
v 0.015798 -0.010556 0.000500
v 0.015935 -0.010348 0.000500
v 0.018016 -0.007462 0.000000
v 0.017554 -0.007271 0.000500
v 0.019125 -0.003804 0.000000
v 0.018635 -0.003707 0.000500
v 0.019500 -0.000000 0.000000
v 0.019000 0.000000 0.000500
v 0.019125 0.003804 0.000000
v 0.018635 0.003707 0.000500
v 0.018016 0.007462 0.000000
v 0.017554 0.007271 0.000500
v 0.016214 0.010834 0.000000
v 0.015935 0.010348 0.000500
v 0.015798 0.010556 0.000500
v 0.013789 0.013789 0.000000
v 0.013667 0.013199 0.000500
v 0.013435 0.013435 0.000500
v 0.010834 0.016214 0.000000
v 0.010898 0.015564 0.000500
v 0.010556 0.015798 0.000500
v 0.007462 0.018016 0.000000
v 0.007728 0.017357 0.000500
v 0.007271 0.017554 0.000500
v 0.003804 0.019125 0.000000
v 0.000000 0.019000 0.000500
v 0.000000 0.019500 0.000000
v 0.003707 0.018635 0.000500
v 0.004274 0.018513 0.000500
v 0.000000 -0.024500 0.000000
v 0.000000 -0.025000 0.000500
v -0.004341 -0.024620 0.000500
v -0.004254 -0.024128 0.000000
v -0.004685 -0.024557 0.000500
v -0.008379 -0.023022 0.000000
v -0.008551 -0.023492 0.000500
v -0.008837 -0.023386 0.000500
v -0.012250 -0.021218 0.000000
v -0.012500 -0.021651 0.000500
v -0.012726 -0.021519 0.000500
v -0.015748 -0.018768 0.000000
v -0.016070 -0.019151 0.000500
v -0.016236 -0.019010 0.000500
v -0.018768 -0.015748 0.000000
v -0.019151 -0.016070 0.000500
v -0.019263 -0.015936 0.000500
v -0.021218 -0.012250 0.000000
v -0.021651 -0.012500 0.000500
v -0.021716 -0.012386 0.000500
v -0.023022 -0.008379 0.000000
v -0.023492 -0.008551 0.000500
v -0.023522 -0.008468 0.000500
v -0.024128 -0.004254 0.000000
v -0.024620 -0.004341 0.000500
v -0.025000 0.000000 0.000500
v -0.024500 0.000000 0.000000
v -0.024620 0.004341 0.000500
v -0.024128 0.004254 0.000000
v -0.023522 0.008468 0.000500
v -0.023022 0.008379 0.000000
v -0.023492 0.008551 0.000500
v -0.021716 0.012386 0.000500
v -0.021218 0.012250 0.000000
v -0.021651 0.012500 0.000500
v -0.019263 0.015936 0.000500
v -0.018768 0.015748 0.000000
v -0.019151 0.016070 0.000500
v -0.016236 0.019010 0.000500
v -0.015748 0.018768 0.000000
v -0.016070 0.019151 0.000500
v -0.012726 0.021519 0.000500
v -0.012250 0.021218 0.000000
v -0.012500 0.021651 0.000500
v -0.008837 0.023386 0.000500
v -0.008379 0.023022 0.000000
v -0.008551 0.023492 0.000500
v -0.004685 0.024557 0.000500
v -0.004254 0.024128 0.000000
v -0.004341 0.024620 0.000500
v 0.000000 0.025000 0.000500
v 0.000000 0.024500 0.000000
v 0.004341 0.024620 0.000500
v 0.004254 0.024128 0.000000
v 0.004685 0.024557 0.000500
v 0.008379 0.023022 0.000000
v 0.008551 0.023492 0.000500
v 0.008837 0.023386 0.000500
v 0.012250 0.021218 0.000000
v 0.012500 0.021651 0.000500
v 0.012726 0.021519 0.000500
v 0.015748 0.018768 0.000000
v 0.016070 0.019151 0.000500
v 0.016236 0.019010 0.000500
v 0.018768 0.015748 0.000000
v 0.019151 0.016070 0.000500
v 0.019263 0.015936 0.000500
v 0.021218 0.012250 0.000000
v 0.021651 0.012500 0.000500
v 0.021716 0.012386 0.000500
v 0.023022 0.008379 0.000000
v 0.023492 0.008551 0.000500
v 0.023522 0.008468 0.000500
v 0.024128 0.004254 0.000000
v 0.024620 0.004341 0.000500
v 0.024628 0.004298 0.000500
v 0.024500 -0.000000 0.000000
v 0.025000 0.000000 0.000500
v 0.024628 -0.004298 0.000500
v 0.024128 -0.004254 0.000000
v 0.024620 -0.004341 0.000500
v 0.023522 -0.008468 0.000500
v 0.023022 -0.008379 0.000000
v 0.023492 -0.008551 0.000500
v 0.021716 -0.012386 0.000500
v 0.021218 -0.012250 0.000000
v 0.021651 -0.012500 0.000500
v 0.019263 -0.015936 0.000500
v 0.018768 -0.015748 0.000000
v 0.019151 -0.016070 0.000500
v 0.016236 -0.019010 0.000500
v 0.015748 -0.018768 0.000000
v 0.016070 -0.019151 0.000500
v 0.012726 -0.021519 0.000500
v 0.012250 -0.021218 0.000000
v 0.012500 -0.021651 0.000500
v 0.008837 -0.023386 0.000500
v 0.008379 -0.023022 0.000000
v 0.008551 -0.023492 0.000500
v 0.004685 -0.024557 0.000500
v 0.004254 -0.024128 0.000000
v 0.004341 -0.024620 0.000500
v -0.003804 -0.019125 0.000000
v -0.007462 -0.018016 0.000000
v -0.010834 -0.016214 0.000000
v -0.013789 -0.013789 0.000000
v -0.013789 0.013789 0.000000
v -0.010834 0.016214 0.000000
v -0.007462 0.018016 0.000000
v -0.003804 0.019125 0.000000
v -0.016214 -0.010834 0.000000
v -0.018016 -0.007462 0.000000
v -0.019125 -0.003804 0.000000
v -0.019500 -0.000000 0.000000
v -0.019125 0.003804 0.000000
v -0.018016 0.007462 0.000000
v -0.016214 0.010834 0.000000
v -0.003707 0.018635 0.000500
v -0.004274 0.018513 0.000500
v -0.007271 0.017554 0.000500
v -0.007728 0.017357 0.000500
v -0.010556 0.015798 0.000500
v -0.010898 0.015564 0.000500
v -0.013435 0.013435 0.000500
v -0.013667 0.013199 0.000500
v -0.015798 0.010556 0.000500
v -0.015935 0.010348 0.000500
v -0.017554 0.007271 0.000500
v -0.018635 0.003707 0.000500
v -0.019000 -0.000000 0.000500
v -0.018635 -0.003707 0.000500
v -0.017554 -0.007271 0.000500
v -0.015935 -0.010348 0.000500
v -0.015798 -0.010556 0.000500
v -0.013667 -0.013199 0.000500
v -0.013435 -0.013435 0.000500
v -0.010898 -0.015564 0.000500
v -0.010556 -0.015798 0.000500
v -0.007728 -0.017357 0.000500
v -0.007271 -0.017554 0.000500
v -0.003707 -0.018635 0.000500
v -0.004274 -0.018513 0.000500
v -0.000668 0.022500 0.002075
v 0.000668 0.022500 0.002075
v 0.000000 0.025000 0.002000
v 0.001870 0.022500 0.002655
v 0.001081 0.024977 0.002202
v 0.000668 0.024991 0.002075
v 0.002745 0.024849 0.003791
v 0.002119 0.024910 0.002876
v 0.001871 0.024930 0.002655
v 0.002703 0.022500 0.003698
v 0.003000 0.022500 0.005000
v 0.003000 0.024819 0.005000
v -0.003000 0.024819 0.005000
v -0.003000 0.022500 0.005000
v -0.002799 0.024843 0.003919
v -0.002703 0.022500 0.003698
v -0.001870 0.022500 0.002655
v -0.002120 0.024910 0.002877
v -0.002703 0.024853 0.003698
v -0.000668 0.024991 0.002075
v -0.001211 0.024971 0.002255
v -0.001871 0.024930 0.002655
v 0.000668 0.022500 0.007925
v -0.000668 0.022500 0.007925
v 0.000000 0.025000 0.008000
v -0.001870 0.022500 0.007345
v -0.001082 0.024977 0.007798
v -0.000668 0.024991 0.007925
v -0.002745 0.024849 0.006211
v -0.002120 0.024910 0.007122
v -0.001871 0.024930 0.007345
v -0.002703 0.022500 0.006302
v 0.002799 0.024843 0.006079
v 0.002703 0.022500 0.006302
v 0.001870 0.022500 0.007345
v 0.002124 0.024910 0.007119
v 0.002703 0.024853 0.006302
v 0.000668 0.024991 0.007925
v 0.001207 0.024971 0.007746
v 0.001871 0.024930 0.007345
v -0.000000 0.022500 0.003250
v -0.000875 0.022500 0.003484
v -0.001516 0.022500 0.004125
v -0.001750 0.022500 0.005000
v -0.001516 0.022500 0.005875
v -0.000875 0.022500 0.006516
v -0.000000 0.022500 0.006750
v 0.000875 0.022500 0.006516
v 0.001516 0.022500 0.005875
v 0.001750 0.022500 0.005000
v 0.001516 0.022500 0.004125
v 0.000875 0.022500 0.003484
v -0.000997 0.018974 0.003562
v -0.000875 0.018980 0.003484
v -0.001516 0.018939 0.004125
v -0.001551 0.018937 0.004189
v -0.001750 0.018919 0.005000
v 0.001750 0.018919 0.005000
v 0.001736 0.018921 0.004777
v 0.001516 0.018939 0.004125
v 0.001438 0.018945 0.004003
v 0.000875 0.018980 0.003484
v -0.000224 0.018999 0.003264
v 0.000000 0.019000 0.003250
v 0.000812 0.018983 0.003450
v 0.000996 0.018974 0.006439
v 0.000875 0.018980 0.006516
v 0.001516 0.018939 0.005875
v 0.001551 0.018937 0.005811
v -0.001736 0.018921 0.005224
v -0.001516 0.018939 0.005875
v -0.001438 0.018946 0.005997
v -0.000875 0.018980 0.006516
v 0.000223 0.018999 0.006736
v 0.000000 0.019000 0.006750
v -0.000810 0.018983 0.006551
v -0.018982 -0.000822 0.036442
v -0.013976 -0.000824 0.036440
v -0.013957 -0.001104 0.036087
v -0.018959 0.001250 0.035500
v -0.013944 0.001250 0.035500
v -0.018959 0.001242 0.035644
v -0.013945 0.001243 0.035637
v -0.018968 0.001101 0.036091
v -0.013957 0.001101 0.036091
v -0.013976 0.000817 0.036446
v -0.013992 -0.000474 0.036657
v -0.018995 -0.000453 0.036665
v -0.013997 -0.000296 0.036714
v -0.018998 -0.000296 0.036714
v -0.014000 -0.000011 0.036750
v -0.019000 0.000004 0.036750
v -0.013996 0.000319 0.036709
v -0.018997 0.000319 0.036709
v -0.013993 0.000447 0.036667
v -0.018994 0.000469 0.036659
v -0.018982 0.000820 0.036443
v -0.013945 -0.001242 0.035641
v -0.013944 -0.001250 0.035500
v -0.018959 -0.001250 0.035500
v -0.018959 -0.001248 0.035567
v -0.018959 -0.001243 0.035634
v -0.018968 -0.001103 0.036088
v -0.013945 0.001242 0.035356
v -0.018959 0.001243 0.035366
v -0.013957 0.001102 0.034909
v -0.018968 0.001102 0.034910
v -0.018981 0.000856 0.034589
v -0.013976 0.000821 0.034557
v -0.018982 0.000819 0.034555
v -0.013992 0.000469 0.034341
v -0.018995 0.000450 0.034334
v -0.013996 0.000319 0.034291
v -0.018997 0.000319 0.034291
v -0.014000 0.000005 0.034250
v -0.019000 -0.000008 0.034250
v -0.013997 -0.000296 0.034286
v -0.018998 -0.000296 0.034286
v -0.013993 -0.000452 0.034335
v -0.018994 -0.000473 0.034343
v -0.013976 -0.000821 0.034557
v -0.018982 -0.000823 0.034559
v -0.018968 -0.001103 0.034911
v -0.013957 -0.001102 0.034910
v -0.013945 -0.001243 0.035364
v -0.018959 -0.001242 0.035358
v -0.013944 -0.001248 0.035432
v 0.018982 -0.000822 0.034558
v 0.013976 -0.000824 0.034560
v 0.013957 -0.001104 0.034913
v 0.018959 0.001250 0.035500
v 0.013944 0.001250 0.035500
v 0.018959 0.001242 0.035356
v 0.013945 0.001243 0.035363
v 0.018968 0.001101 0.034909
v 0.013957 0.001101 0.034909
v 0.013976 0.000817 0.034554
v 0.013992 -0.000474 0.034343
v 0.018995 -0.000453 0.034335
v 0.013997 -0.000296 0.034286
v 0.018998 -0.000296 0.034286
v 0.014000 -0.000011 0.034250
v 0.019000 0.000004 0.034250
v 0.013996 0.000319 0.034291
v 0.018997 0.000319 0.034291
v 0.013993 0.000447 0.034333
v 0.018994 0.000469 0.034341
v 0.018982 0.000820 0.034557
v 0.013945 -0.001242 0.035359
v 0.013944 -0.001250 0.035500
v 0.018959 -0.001250 0.035500
v 0.018959 -0.001248 0.035433
v 0.018959 -0.001243 0.035366
v 0.018968 -0.001103 0.034912
v 0.013945 0.001242 0.035644
v 0.018959 0.001243 0.035634
v 0.013957 0.001102 0.036091
v 0.018968 0.001102 0.036090
v 0.018981 0.000856 0.036411
v 0.013976 0.000821 0.036443
v 0.018982 0.000819 0.036445
v 0.013992 0.000469 0.036659
v 0.018995 0.000450 0.036666
v 0.013996 0.000319 0.036709
v 0.018997 0.000319 0.036709
v 0.014000 0.000005 0.036750
v 0.019000 -0.000008 0.036750
v 0.013997 -0.000296 0.036714
v 0.018998 -0.000296 0.036714
v 0.013993 -0.000452 0.036665
v 0.018994 -0.000473 0.036657
v 0.013976 -0.000821 0.036443
v 0.018982 -0.000823 0.036441
v 0.018968 -0.001103 0.036089
v 0.013957 -0.001102 0.036090
v 0.013945 -0.001243 0.035636
v 0.018959 -0.001242 0.035642
v 0.013944 -0.001248 0.035568
v 0.000000 0.019000 0.036750
v 0.000000 0.014000 0.036750
v -0.000219 0.018999 0.036731
v -0.000136 0.013999 0.036743
v -0.000413 0.018996 0.036680
v -0.000590 0.013988 0.036602
v -0.000661 0.018988 0.036561
v -0.000943 0.013968 0.036321
v -0.000923 0.018978 0.036343
v -0.000999 0.018974 0.036251
v -0.001165 0.013951 0.035952
v -0.001208 0.018962 0.035821
v -0.001212 0.013947 0.035805
v -0.001250 0.013944 0.035495
v -0.001242 0.018959 0.035355
v -0.001212 0.013947 0.035195
v -0.001212 0.018961 0.035195
v -0.001158 0.013952 0.035030
v -0.001101 0.018968 0.034907
v -0.000943 0.013968 0.034680
v -0.000923 0.018978 0.034657
v -0.000824 0.018982 0.034560
v -0.000591 0.013987 0.034399
v -0.000465 0.018994 0.034340
v -0.000413 0.013994 0.034320
v 0.000000 0.019000 0.034250
v -0.000145 0.013999 0.034258
v 0.000000 0.014000 0.034250
v 0.000145 0.018999 0.034258
v 0.000465 0.013992 0.034340
v 0.000591 0.018991 0.034399
v 0.000943 0.018977 0.034680
v 0.000823 0.013976 0.034559
v 0.000923 0.013970 0.034657
v 0.001159 0.018965 0.035031
v 0.001100 0.013957 0.034907
v 0.001212 0.018961 0.035195
v 0.001212 0.013947 0.035195
v 0.001250 0.018959 0.035496
v 0.001241 0.013945 0.035354
v 0.001212 0.018961 0.035805
v 0.001208 0.013948 0.035819
v 0.001165 0.018964 0.035953
v 0.001000 0.013964 0.036250
v 0.000942 0.018977 0.036322
v 0.000923 0.013970 0.036343
v 0.000661 0.013984 0.036561
v 0.000588 0.018991 0.036603
v 0.000413 0.013994 0.036680
v 0.000134 0.019000 0.036743
v 0.000219 0.013998 0.036731
v 0.000067 0.019000 0.036748
v 0.003227 0.014136 0.038500
v 0.000000 0.014500 0.038500
v 0.000000 0.014000 0.038000
v 0.003115 0.013649 0.038000
v 0.004187 0.013359 0.038000
v 0.006291 0.013064 0.038500
v 0.006074 0.012614 0.038000
v 0.007127 0.012050 0.038000
v 0.009041 0.011337 0.038500
v 0.008729 0.010946 0.038000
v 0.009690 0.010105 0.038000
v 0.011337 0.009041 0.038500
v 0.010946 0.008729 0.038000
v 0.011741 0.007625 0.038000
v 0.013064 0.006291 0.038500
v 0.012614 0.006074 0.038000
v 0.013172 0.004742 0.038000
v 0.014136 0.003227 0.038500
v 0.013649 0.003115 0.038000
v 0.013907 0.001609 0.038000
v 0.014500 -0.000000 0.038500
v 0.014000 -0.000000 0.038000
v 0.014136 -0.003227 0.038500
v 0.013907 -0.001609 0.038000
v 0.013649 -0.003115 0.038000
v 0.013064 -0.006291 0.038500
v 0.013172 -0.004742 0.038000
v 0.012614 -0.006074 0.038000
v 0.011337 -0.009041 0.038500
v 0.011741 -0.007625 0.038000
v 0.010946 -0.008729 0.038000
v 0.009041 -0.011337 0.038500
v 0.009690 -0.010105 0.038000
v 0.008729 -0.010946 0.038000
v 0.006291 -0.013064 0.038500
v 0.007127 -0.012050 0.038000
v 0.006074 -0.012614 0.038000
v 0.003227 -0.014136 0.038500
v 0.000000 -0.014000 0.038000
v 0.000000 -0.014500 0.038500
v 0.003115 -0.013649 0.038000
v 0.004187 -0.013359 0.038000
v -0.003227 -0.014136 0.038500
v -0.003115 -0.013649 0.038000
v -0.004187 -0.013359 0.038000
v -0.006291 -0.013064 0.038500
v -0.006074 -0.012614 0.038000
v -0.007127 -0.012050 0.038000
v -0.009041 -0.011337 0.038500
v -0.008729 -0.010946 0.038000
v -0.009690 -0.010105 0.038000
v -0.011337 -0.009041 0.038500
v -0.010946 -0.008729 0.038000
v -0.011741 -0.007625 0.038000
v -0.013064 -0.006291 0.038500
v -0.012614 -0.006074 0.038000
v -0.013172 -0.004742 0.038000
v -0.014136 -0.003227 0.038500
v -0.013649 -0.003115 0.038000
v -0.013907 -0.001609 0.038000
v -0.014500 0.000000 0.038500
v -0.014000 0.000000 0.038000
v -0.014136 0.003227 0.038500
v -0.013907 0.001609 0.038000
v -0.013649 0.003115 0.038000
v -0.013064 0.006291 0.038500
v -0.013172 0.004742 0.038000
v -0.012614 0.006074 0.038000
v -0.011337 0.009041 0.038500
v -0.011741 0.007625 0.038000
v -0.010946 0.008729 0.038000
v -0.009041 0.011337 0.038500
v -0.009690 0.010105 0.038000
v -0.008729 0.010946 0.038000
v -0.006291 0.013064 0.038500
v -0.007127 0.012050 0.038000
v -0.006074 0.012614 0.038000
v -0.003227 0.014136 0.038500
v -0.003115 0.013649 0.038000
v -0.004187 0.013359 0.038000
v 0.013081 -0.013081 0.038500
v 0.015382 -0.010278 0.038500
v 0.017092 -0.007080 0.038500
v 0.018145 -0.003609 0.038500
v 0.018500 -0.000000 0.038500
v 0.018145 0.003609 0.038500
v 0.017092 0.007080 0.038500
v -0.013081 0.013081 0.038500
v -0.015382 0.010278 0.038500
v -0.017092 0.007080 0.038500
v -0.018145 0.003609 0.038500
v -0.018500 -0.000000 0.038500
v -0.018145 -0.003609 0.038500
v -0.017092 -0.007080 0.038500
v 0.015382 0.010278 0.038500
v 0.013081 0.013081 0.038500
v 0.010278 0.015382 0.038500
v 0.007080 0.017092 0.038500
v 0.003609 0.018145 0.038500
v 0.000000 0.018500 0.038500
v -0.003609 0.018145 0.038500
v -0.007080 0.017092 0.038500
v -0.010278 0.015382 0.038500
v -0.015382 -0.010278 0.038500
v -0.013081 -0.013081 0.038500
v -0.010278 -0.015382 0.038500
v -0.007080 -0.017092 0.038500
v -0.003609 -0.018145 0.038500
v 0.000000 -0.018500 0.038500
v 0.003609 -0.018145 0.038500
v 0.007080 -0.017092 0.038500
v 0.010278 -0.015382 0.038500
v 0.000000 0.019000 0.038000
v -0.003707 0.018635 0.038000
v -0.004274 0.018513 0.038000
v -0.007271 0.017554 0.038000
v -0.007728 0.017357 0.038000
v -0.010556 0.015798 0.038000
v -0.010898 0.015564 0.038000
v -0.013435 0.013435 0.038000
v -0.013667 0.013199 0.038000
v -0.015798 0.010556 0.038000
v -0.015935 0.010348 0.038000
v -0.017554 0.007271 0.038000
v -0.018635 0.003707 0.038000
v -0.019000 -0.000000 0.038000
v -0.018635 -0.003707 0.038000
v -0.017554 -0.007271 0.038000
v -0.015935 -0.010348 0.038000
v -0.015798 -0.010556 0.038000
v -0.013667 -0.013199 0.038000
v -0.013435 -0.013435 0.038000
v -0.010898 -0.015564 0.038000
v -0.010556 -0.015798 0.038000
v -0.007728 -0.017357 0.038000
v -0.007271 -0.017554 0.038000
v -0.004274 -0.018513 0.038000
v -0.003707 -0.018635 0.038000
v 0.000000 -0.019000 0.038000
v 0.003707 -0.018635 0.038000
v 0.004274 -0.018513 0.038000
v 0.007271 -0.017554 0.038000
v 0.007728 -0.017357 0.038000
v 0.010556 -0.015798 0.038000
v 0.010898 -0.015564 0.038000
v 0.013435 -0.013435 0.038000
v 0.013667 -0.013199 0.038000
v 0.015798 -0.010556 0.038000
v 0.015935 -0.010348 0.038000
v 0.017554 -0.007271 0.038000
v 0.018635 -0.003707 0.038000
v 0.019000 0.000000 0.038000
v 0.018635 0.003707 0.038000
v 0.017554 0.007271 0.038000
v 0.015935 0.010348 0.038000
v 0.015798 0.010556 0.038000
v 0.013667 0.013199 0.038000
v 0.013435 0.013435 0.038000
v 0.010898 0.015564 0.038000
v 0.010556 0.015798 0.038000
v 0.007728 0.017357 0.038000
v 0.007271 0.017554 0.038000
v 0.004274 0.018513 0.038000
v 0.003707 0.018635 0.038000
v 0.000000 -0.019000 0.036750
v 0.000000 -0.014000 0.036750
v 0.000068 -0.014000 0.036748
v 0.000219 -0.018999 0.036731
v 0.000136 -0.013999 0.036743
v 0.000413 -0.018996 0.036680
v 0.000590 -0.013988 0.036602
v 0.000661 -0.018988 0.036561
v 0.000943 -0.013968 0.036321
v 0.000923 -0.018978 0.036343
v 0.000999 -0.018974 0.036251
v 0.001165 -0.013951 0.035952
v 0.001208 -0.018962 0.035821
v 0.001212 -0.013947 0.035805
v 0.001250 -0.013944 0.035495
v 0.001242 -0.018959 0.035355
v 0.001212 -0.013947 0.035195
v 0.001212 -0.018961 0.035195
v 0.001158 -0.013952 0.035030
v 0.001101 -0.018968 0.034907
v 0.000943 -0.013968 0.034680
v 0.000923 -0.018978 0.034657
v 0.000824 -0.018982 0.034560
v 0.000591 -0.013987 0.034399
v 0.000465 -0.018994 0.034340
v 0.000413 -0.013994 0.034320
v 0.000000 -0.019000 0.034250
v 0.000145 -0.013999 0.034258
v 0.000000 -0.014000 0.034250
v 0.000000 -0.019000 0.030000
v 0.000663 -0.018988 0.030000
v 0.004274 -0.018513 0.030000
v 0.004274 0.018513 0.030000
v 0.000663 0.018988 0.030000
v 0.000000 0.019000 0.030000
v 0.018651 0.003625 0.030000
v 0.019000 0.000000 0.030000
v 0.018651 -0.003625 0.030000
v 0.007728 0.017357 0.030000
v 0.010898 0.015564 0.030000
v 0.013667 0.013199 0.030000
v 0.015935 0.010348 0.030000
v 0.017616 0.007118 0.030000
v 0.017616 -0.007118 0.030000
v 0.015935 -0.010348 0.030000
v 0.013667 -0.013199 0.030000
v 0.010898 -0.015564 0.030000
v 0.007728 -0.017357 0.030000
v 0.000000 -0.024500 0.030000
v 0.000000 -0.025000 0.029500
v 0.004341 -0.024620 0.029500
v 0.004254 -0.024128 0.030000
v 0.004685 -0.024557 0.029500
v 0.008379 -0.023022 0.030000
v 0.008551 -0.023492 0.029500
v 0.008837 -0.023386 0.029500
v 0.012250 -0.021218 0.030000
v 0.012500 -0.021651 0.029500
v 0.012726 -0.021519 0.029500
v 0.015748 -0.018768 0.030000
v 0.016070 -0.019151 0.029500
v 0.016236 -0.019010 0.029500
v 0.018768 -0.015748 0.030000
v 0.019151 -0.016070 0.029500
v 0.019263 -0.015936 0.029500
v 0.021218 -0.012250 0.030000
v 0.021651 -0.012500 0.029500
v 0.021716 -0.012386 0.029500
v 0.023022 -0.008379 0.030000
v 0.023492 -0.008551 0.029500
v 0.023522 -0.008468 0.029500
v 0.024128 -0.004254 0.030000
v 0.024620 -0.004341 0.029500
v 0.024628 -0.004298 0.029500
v 0.024500 0.000000 0.030000
v 0.025000 0.000000 0.029500
v 0.024628 0.004298 0.029500
v 0.024128 0.004254 0.030000
v 0.024620 0.004341 0.029500
v 0.023522 0.008468 0.029500
v 0.023022 0.008379 0.030000
v 0.023492 0.008551 0.029500
v 0.021716 0.012386 0.029500
v 0.021218 0.012250 0.030000
v 0.021651 0.012500 0.029500
v 0.019263 0.015936 0.029500
v 0.018768 0.015748 0.030000
v 0.019151 0.016070 0.029500
v 0.016236 0.019010 0.029500
v 0.015748 0.018768 0.030000
v 0.016070 0.019151 0.029500
v 0.012726 0.021519 0.029500
v 0.012250 0.021218 0.030000
v 0.012500 0.021651 0.029500
v 0.008837 0.023386 0.029500
v 0.008379 0.023022 0.030000
v 0.008551 0.023492 0.029500
v 0.004685 0.024557 0.029500
v 0.004254 0.024128 0.030000
v 0.004341 0.024620 0.029500
v 0.000000 0.025000 0.029500
v 0.000000 0.024500 0.030000
v -0.013667 -0.013199 0.030000
v -0.015748 -0.018768 0.030000
v -0.010898 -0.015564 0.030000
v -0.012250 -0.021218 0.030000
v -0.007728 -0.017357 0.030000
v -0.008379 -0.023022 0.030000
v -0.004274 -0.018513 0.030000
v -0.004254 -0.024128 0.030000
v -0.000663 -0.018988 0.030000
v -0.010898 0.015564 0.030000
v -0.007728 0.017357 0.030000
v -0.008379 0.023022 0.030000
v -0.004254 0.024128 0.030000
v -0.004274 0.018513 0.030000
v -0.000663 0.018988 0.030000
v -0.012250 0.021218 0.030000
v -0.015748 0.018768 0.030000
v -0.013667 0.013199 0.030000
v -0.018768 0.015748 0.030000
v -0.015935 0.010348 0.030000
v -0.021218 0.012250 0.030000
v -0.017616 0.007118 0.030000
v -0.023022 0.008379 0.030000
v -0.018651 0.003625 0.030000
v -0.024128 0.004254 0.030000
v -0.019000 -0.000000 0.030000
v -0.024500 -0.000000 0.030000
v -0.018651 -0.003625 0.030000
v -0.024128 -0.004254 0.030000
v -0.017616 -0.007118 0.030000
v -0.023022 -0.008379 0.030000
v -0.015935 -0.010348 0.030000
v -0.021218 -0.012250 0.030000
v -0.018768 -0.015748 0.030000
v -0.000588 -0.018991 0.036603
v -0.000134 -0.019000 0.036743
v -0.000067 -0.019000 0.036748
v -0.001212 -0.018961 0.035195
v -0.001250 -0.018959 0.035496
v -0.001159 -0.018965 0.035031
v -0.001212 -0.018961 0.035805
v -0.001165 -0.018964 0.035953
v -0.000942 -0.018977 0.036322
v -0.000145 -0.018999 0.034258
v -0.000591 -0.018991 0.034399
v -0.000943 -0.018977 0.034680
v -0.000465 -0.013992 0.034340
v -0.000823 -0.013976 0.034559
v -0.000923 -0.013970 0.034657
v -0.001100 -0.013957 0.034907
v -0.001212 -0.013947 0.035195
v -0.001241 -0.013945 0.035354
v -0.001208 -0.013948 0.035819
v -0.001000 -0.013964 0.036250
v -0.000923 -0.013970 0.036343
v -0.000661 -0.013984 0.036561
v -0.000413 -0.013994 0.036680
v -0.000219 -0.013998 0.036731
v -0.001025 -0.013962 0.027000
v 0.000000 -0.014000 0.027000
v -0.004187 -0.013359 0.027000
v -0.001025 0.013962 0.027000
v 0.000000 0.014000 0.027000
v -0.004187 0.013359 0.027000
v -0.007127 0.012050 0.027000
v -0.009690 0.010105 0.027000
v -0.011741 0.007625 0.027000
v -0.013172 0.004742 0.027000
v -0.013907 0.001609 0.027000
v -0.013907 -0.001609 0.027000
v -0.013172 -0.004742 0.027000
v -0.011741 -0.007625 0.027000
v -0.009690 -0.010105 0.027000
v -0.007127 -0.012050 0.027000
v 0.001025 0.013962 0.027000
v 0.004187 0.013359 0.027000
v 0.001025 -0.013962 0.027000
v 0.004187 -0.013359 0.027000
v 0.007127 -0.012050 0.027000
v 0.009690 -0.010105 0.027000
v 0.011741 -0.007625 0.027000
v 0.013172 -0.004742 0.027000
v 0.013907 -0.001609 0.027000
v 0.013907 0.001609 0.027000
v 0.013172 0.004742 0.027000
v 0.011741 0.007625 0.027000
v 0.009690 0.010105 0.027000
v 0.007127 0.012050 0.027000
v 0.019000 0.000000 0.027000
v 0.018651 -0.003625 0.027000
v 0.017616 -0.007118 0.027000
v 0.015935 -0.010348 0.027000
v 0.013667 -0.013199 0.027000
v 0.007728 0.017357 0.027000
v 0.010898 0.015564 0.027000
v 0.013667 0.013199 0.027000
v 0.015935 0.010348 0.027000
v 0.017616 0.007118 0.027000
v 0.018651 0.003625 0.027000
v -0.019000 -0.000000 0.027000
v -0.018651 0.003625 0.027000
v -0.017616 0.007118 0.027000
v -0.015935 0.010348 0.027000
v -0.013667 0.013199 0.027000
v -0.007728 -0.017357 0.027000
v -0.010898 -0.015564 0.027000
v -0.013667 -0.013199 0.027000
v -0.015935 -0.010348 0.027000
v -0.017616 -0.007118 0.027000
v -0.018651 -0.003625 0.027000
v 0.010898 -0.015564 0.027000
v 0.007728 -0.017357 0.027000
v 0.004274 -0.018513 0.027000
v 0.000663 -0.018988 0.027000
v 0.000000 -0.019000 0.027000
v -0.000663 -0.018988 0.027000
v -0.004274 -0.018513 0.027000
v -0.010898 0.015564 0.027000
v -0.007728 0.017357 0.027000
v -0.004274 0.018513 0.027000
v -0.000663 0.018988 0.027000
v 0.000000 0.019000 0.027000
v 0.000663 0.018988 0.027000
v 0.004274 0.018513 0.027000
v -0.000811 -0.018983 0.003449
v -0.000389 -0.018996 0.003294
v 0.000000 -0.019000 0.003250
v -0.001750 -0.018919 0.005000
v -0.001736 -0.018921 0.004777
v -0.001577 -0.018934 0.004241
v -0.001439 -0.018945 0.004004
v -0.001091 -0.018969 0.003632
v 0.000000 -0.019000 0.006750
v -0.000224 -0.018999 0.006736
v -0.000997 -0.018974 0.006438
v -0.001551 -0.018937 0.005811
v 0.001750 -0.018919 0.005000
v 0.001750 -0.022500 0.005000
v 0.001727 -0.018921 0.005283
v 0.001577 -0.022500 0.005759
v 0.001577 -0.018934 0.005759
v 0.001440 -0.018945 0.005994
v 0.001091 -0.022500 0.006368
v 0.001091 -0.018969 0.006368
v 0.000389 -0.022500 0.006706
v 0.000389 -0.018996 0.006706
v 0.000811 -0.018983 0.006551
v -0.000389 -0.022500 0.006706
v -0.001091 -0.022500 0.006368
v -0.001577 -0.022500 0.005759
v -0.001750 -0.022500 0.005000
v 0.001679 -0.018926 0.004508
v 0.000515 -0.018993 0.003327
v 0.001091 -0.018969 0.003632
v 0.001255 -0.018959 0.003780
v 0.001577 -0.018934 0.004241
v 0.001577 -0.022500 0.004241
v 0.001091 -0.022500 0.003632
v -0.001577 -0.022500 0.004241
v -0.001091 -0.022500 0.003632
v 0.000389 -0.022500 0.003294
v -0.000389 -0.022500 0.003294
v -0.002024 -0.022500 0.002786
v -0.000733 -0.022500 0.002091
v 0.000733 -0.022500 0.002091
v 0.002024 -0.022500 0.002786
v 0.002832 -0.022500 0.004009
v 0.003000 -0.022500 0.005000
v 0.002703 -0.022500 0.006302
v 0.001870 -0.022500 0.007345
v 0.000668 -0.022500 0.007925
v -0.000668 -0.022500 0.007925
v -0.001870 -0.022500 0.007345
v -0.002703 -0.022500 0.006302
v -0.003000 -0.022500 0.005000
v -0.002832 -0.022500 0.004009
v 0.000668 -0.024991 0.007925
v 0.000370 -0.024997 0.007977
v 0.000000 -0.025000 0.008000
v 0.001487 -0.024956 0.007605
v 0.001871 -0.024930 0.007345
v 0.003000 -0.024819 0.005000
v 0.002919 -0.024829 0.005691
v 0.002703 -0.024853 0.006302
v 0.002421 -0.024882 0.006771
v -0.003000 -0.024819 0.005000
v -0.002798 -0.024843 0.006081
v -0.002124 -0.024910 0.007119
v -0.002703 -0.024853 0.006302
v -0.000668 -0.024991 0.007925
v -0.001209 -0.024971 0.007745
v -0.001871 -0.024930 0.007345
v 0.000001 -0.025000 0.002000
v -0.001081 -0.024977 0.002201
v -0.000733 -0.024989 0.002091
v -0.002745 -0.024849 0.003789
v -0.002123 -0.024910 0.002880
v -0.002024 -0.024918 0.002786
v 0.002952 -0.024825 0.004465
v 0.002740 -0.024850 0.003778
v 0.002400 -0.024885 0.003200
v 0.002024 -0.024918 0.002786
v 0.000725 -0.024989 0.002089
v 0.001375 -0.024962 0.002334
v 0.001906 -0.024927 0.002684
v -0.004341 -0.024620 0.029500
v -0.004685 -0.024557 0.029500
v -0.004685 0.024557 0.029500
v -0.004341 0.024620 0.029500
v -0.024620 -0.004341 0.029500
v -0.023522 -0.008468 0.029500
v -0.025000 -0.000000 0.029500
v -0.024620 0.004341 0.029500
v -0.023522 0.008468 0.029500
v -0.008551 0.023492 0.029500
v -0.008837 0.023386 0.029500
v -0.012500 0.021651 0.029500
v -0.012726 0.021519 0.029500
v -0.016070 0.019151 0.029500
v -0.016236 0.019010 0.029500
v -0.019151 0.016070 0.029500
v -0.019263 0.015936 0.029500
v -0.021651 0.012500 0.029500
v -0.021716 0.012386 0.029500
v -0.023492 0.008551 0.029500
v -0.023492 -0.008551 0.029500
v -0.021716 -0.012386 0.029500
v -0.021651 -0.012500 0.029500
v -0.019263 -0.015936 0.029500
v -0.019151 -0.016070 0.029500
v -0.016236 -0.019010 0.029500
v -0.016070 -0.019151 0.029500
v -0.012726 -0.021519 0.029500
v -0.012500 -0.021651 0.029500
v -0.008837 -0.023386 0.029500
v -0.008551 -0.023492 0.029500
vn -0.0000 -0.9973 0.0739
vn 0.0164 -0.9871 0.1592
vn -0.0000 -0.6755 0.7374
vn -0.0000 -0.7565 0.6540
vn 0.0376 -0.8423 0.5376
vn 0.0107 -0.8805 0.4740
vn -0.0063 -0.9657 0.2597
vn 0.0039 -0.5796 0.8149
vn 0.0374 -0.4844 0.8740
vn 0.0051 -0.3891 0.9212
vn 0.0068 0.0956 0.9954
vn 0.0405 -0.0226 0.9989
vn 0.0360 -0.0094 0.9993
vn -0.0000 -0.1512 0.9885
vn -0.0000 -0.2713 0.9625
vn -0.0000 0.6378 0.7702
vn 0.0172 0.5069 0.8618
vn 0.0343 0.4679 0.8831
vn -0.0000 0.3224 0.9466
vn -0.0000 0.2135 0.9770
vn -0.0000 0.9857 0.1685
vn 0.0206 0.9924 0.1217
vn -0.0080 0.9372 0.3487
vn 0.0303 0.8323 0.5536
vn 0.0328 0.8353 0.5489
vn -0.0000 0.7232 0.6907
vn -0.0000 0.1439 -0.9896
vn 0.0001 -0.9872 -0.1592
vn 0.0385 0.8320 -0.5534
vn 0.0053 0.8836 -0.4682
vn -0.0074 0.9857 -0.1685
vn 0.0336 0.9668 -0.2534
vn -0.0000 0.9975 -0.0704
vn -0.0000 0.2643 -0.9644
vn 0.0094 0.3931 -0.9195
vn 0.0370 0.4678 -0.8830
vn 0.0002 0.5839 -0.8118
vn -0.0002 0.7516 -0.6596
vn 0.0177 -0.0094 -0.9998
vn 0.0604 -0.0933 -0.9938
vn 0.0270 0.0247 -0.9993
vn -0.0000 -0.6449 -0.7642
vn 0.0223 -0.5062 -0.8621
vn 0.0324 -0.4845 -0.8742
vn -0.0000 -0.3309 -0.9437
vn -0.0000 -0.2212 -0.9752
vn 0.0155 -0.9924 -0.1220
vn -0.0073 -0.9371 -0.3490
vn 0.0329 -0.8425 -0.5377
vn 0.0271 -0.8355 -0.5488
vn -0.0000 -0.7296 -0.6839
vn 1.0000 -0.0000 -0.0000
vn -0.0000 0.9891 0.1470
vn -0.0099 0.9767 0.2146
vn -0.0000 0.9345 0.3559
vn -0.0000 0.7910 0.6118
vn -0.0108 0.8201 0.5721
vn 0.0083 0.5329 0.8461
vn -0.0090 0.4448 0.8956
vn -0.0000 0.2839 0.9589
vn -0.0000 0.1184 0.9930
vn -0.0127 0.0095 0.9999
vn -0.0056 -0.0555 0.9984
vn -0.0000 -0.1640 0.9865
vn -0.0000 -0.4278 0.9039
vn -0.0069 -0.3997 0.9166
vn 0.0078 -0.7793 0.6266
vn -0.0038 -0.7495 0.6620
vn 0.0036 -0.9746 0.2238
vn -0.0000 -0.9711 0.2388
vn -0.0000 -0.9857 -0.1685
vn -0.0043 -0.9897 -0.1430
vn 0.0035 -0.8995 -0.4369
vn -0.0149 -0.8325 -0.5538
vn -0.0000 -0.7478 -0.6640
vn -0.0000 -0.1203 -0.9927
vn -0.0000 -0.2746 -0.9615
vn -0.0081 -0.4682 -0.8836
vn -0.0092 -0.4638 -0.8859
vn -0.0000 -0.6373 -0.7706
vn -0.0303 0.1391 -0.9898
vn 0.0029 0.0094 -1.0000
vn -0.0020 0.4318 -0.9020
vn -0.0124 0.4847 -0.8746
vn -0.0000 0.6313 -0.7755
vn -0.0000 0.7425 -0.6699
vn -0.0134 0.8429 -0.5380
vn -0.0001 0.8840 -0.4674
vn 0.0001 0.9872 -0.1592
vn -0.0000 0.9871 -0.1599
vn -0.0000 0.9973 0.0739
vn -0.0164 0.9871 0.1592
vn -0.0000 0.6755 0.7374
vn -0.0000 0.7565 0.6540
vn -0.0376 0.8423 0.5376
vn -0.0107 0.8805 0.4740
vn 0.0063 0.9657 0.2597
vn -0.0039 0.5796 0.8149
vn -0.0374 0.4844 0.8740
vn -0.0051 0.3891 0.9212
vn -0.0068 -0.0956 0.9954
vn -0.0405 0.0226 0.9989
vn -0.0360 0.0094 0.9993
vn -0.0000 0.1512 0.9885
vn -0.0000 0.2713 0.9625
vn -0.0000 -0.6378 0.7702
vn -0.0172 -0.5069 0.8618
vn -0.0343 -0.4679 0.8831
vn -0.0000 -0.3224 0.9466
vn -0.0000 -0.2135 0.9770
vn -0.0000 -0.9857 0.1685
vn -0.0206 -0.9924 0.1217
vn 0.0080 -0.9372 0.3487
vn -0.0303 -0.8323 0.5536
vn -0.0328 -0.8353 0.5489
vn -0.0000 -0.7232 0.6907
vn -0.0000 -0.1439 -0.9896
vn -0.0001 0.9872 -0.1592
vn -0.0385 -0.8320 -0.5534
vn -0.0053 -0.8836 -0.4682
vn 0.0074 -0.9857 -0.1685
vn -0.0336 -0.9668 -0.2534
vn -0.0000 -0.9975 -0.0704
vn -0.0000 -0.2643 -0.9644
vn -0.0094 -0.3931 -0.9195
vn -0.0370 -0.4678 -0.8830
vn -0.0002 -0.5839 -0.8118
vn 0.0002 -0.7516 -0.6596
vn -0.0177 0.0094 -0.9998
vn -0.0604 0.0933 -0.9938
vn -0.0270 -0.0247 -0.9993
vn -0.0000 0.6449 -0.7642
vn -0.0223 0.5062 -0.8621
vn -0.0324 0.4845 -0.8742
vn -0.0000 0.3309 -0.9437
vn -0.0000 0.2212 -0.9752
vn -0.0155 0.9924 -0.1220
vn 0.0073 0.9371 -0.3490
vn -0.0329 0.8425 -0.5377
vn -0.0271 0.8355 -0.5488
vn -0.0000 0.7296 -0.6839
vn -1.0000 -0.0000 -0.0000
vn -0.0000 -0.9891 0.1470
vn 0.0099 -0.9767 0.2146
vn -0.0000 -0.9345 0.3559
vn -0.0000 -0.7910 0.6118
vn 0.0108 -0.8201 0.5721
vn -0.0083 -0.5329 0.8461
vn 0.0090 -0.4448 0.8956
vn -0.0000 -0.2839 0.9589
vn -0.0000 -0.1184 0.9930
vn 0.0127 -0.0095 0.9999
vn 0.0056 0.0555 0.9984
vn -0.0000 0.1640 0.9865
vn -0.0000 0.4278 0.9039
vn 0.0069 0.3997 0.9166
vn -0.0078 0.7793 0.6266
vn 0.0038 0.7495 0.6620
vn -0.0036 0.9746 0.2238
vn -0.0000 0.9711 0.2388
vn -0.0000 0.9857 -0.1685
vn 0.0043 0.9897 -0.1430
vn -0.0035 0.8995 -0.4369
vn 0.0149 0.8325 -0.5538
vn -0.0000 0.7478 -0.6640
vn -0.0000 0.1203 -0.9927
vn -0.0000 0.2746 -0.9615
vn 0.0081 0.4682 -0.8836
vn 0.0092 0.4638 -0.8859
vn -0.0000 0.6373 -0.7706
vn 0.0303 -0.1391 -0.9898
vn -0.0029 -0.0094 -1.0000
vn 0.0020 -0.4318 -0.9020
vn 0.0124 -0.4847 -0.8746
vn -0.0000 -0.6313 -0.7755
vn -0.0000 -0.7425 -0.6699
vn 0.0134 -0.8429 -0.5380
vn 0.0001 -0.8840 -0.4674
vn -0.0001 -0.9872 -0.1592
vn -0.0000 -0.9871 -0.1599
vn -0.0000 0.5067 -0.8621
vn -0.0000 -0.0913 -0.9958
vn -0.0000 -0.9971 -0.0758
vn -0.0435 -0.9872 -0.1536
vn -0.0014 -0.9969 -0.0789
vn 0.0013 -0.9739 -0.2272
vn -0.0438 -0.9496 -0.3105
vn -0.0044 -0.9278 -0.3731
vn -0.0000 -0.7112 -0.7030
vn -0.0053 -0.7697 -0.6384
vn -0.0385 -0.8062 -0.5904
vn -0.0000 -0.8556 -0.5176
vn -0.0000 -0.8931 -0.4498
vn -0.0000 -0.6546 -0.7560
vn -0.0334 -0.5829 -0.8119
vn -0.0065 -0.5385 -0.8426
vn -0.0000 -0.1667 -0.9860
vn -0.0087 -0.2592 -0.9658
vn -0.0298 -0.3017 -0.9529
vn -0.0000 -0.3912 -0.9203
vn -0.0000 -0.4605 -0.8877
vn -0.0159 0.0094 -0.9998
vn -0.0470 0.0581 -0.9972
vn -0.0204 -0.0170 -0.9996
vn -0.0000 0.4386 -0.8987
vn -0.0162 0.3390 -0.9407
vn -0.0269 0.3196 -0.9472
vn -0.0000 0.2171 -0.9762
vn -0.0000 0.1421 -0.9898
vn -0.0000 0.6941 -0.7199
vn -0.0232 0.5982 -0.8010
vn -0.0510 0.6285 -0.7761
vn -0.0196 0.5711 -0.8207
vn -0.0000 0.8821 -0.4711
vn -0.0281 0.8175 -0.5753
vn -0.0325 0.8206 -0.5706
vn -0.0000 0.7478 -0.6639
vn -0.0000 0.9976 -0.0695
vn -0.0180 0.9992 -0.0346
vn 0.0105 0.9895 -0.1442
vn -0.0346 0.9556 -0.2927
vn -0.0326 0.9550 -0.2950
vn -0.0000 0.9156 -0.4021
vn -0.0000 -0.4983 0.8670
vn 0.0035 0.9976 0.0695
vn -0.0000 0.9971 0.0758
vn 0.0010 0.9279 0.3729
vn -0.0439 0.9552 0.2926
vn -0.0041 0.9738 0.2272
vn -0.0003 0.9884 0.1517
vn -0.0012 0.8593 0.5115
vn -0.0390 0.8172 0.5751
vn -0.0004 0.7700 0.6381
vn 0.0003 0.6618 0.7496
vn -0.0342 0.5981 0.8007
vn -0.0016 0.5380 0.8429
vn 0.0015 0.4032 0.9151
vn -0.0309 0.3196 0.9470
vn -0.0039 0.2592 0.9658
vn -0.0056 -0.0586 0.9983
vn -0.0325 0.0172 0.9993
vn -0.0292 0.0094 0.9995
vn -0.0000 0.1010 0.9949
vn -0.0000 0.1759 0.9844
vn -0.0000 -0.4298 0.9029
vn -0.0102 -0.3393 0.9406
vn -0.0290 -0.3017 0.9530
vn -0.0000 -0.2080 0.9781
vn -0.0000 -0.1324 0.9912
vn -0.0000 -0.6870 0.7266
vn -0.0179 -0.5831 0.8122
vn -0.0608 -0.6269 0.7767
vn -0.0260 -0.5701 0.8212
vn -0.0000 -0.9116 0.4112
vn -0.0000 -0.8772 0.4802
vn -0.0227 -0.8066 0.5907
vn -0.0413 -0.8188 0.5726
vn -0.0000 -0.7411 0.6714
vn -0.0426 -0.9542 0.2960
vn -0.0287 -0.9501 0.3107
vn 0.0101 -0.9895 0.1443
vn -0.0114 -0.9968 0.0789
vn -0.0000 -0.9994 0.0347
vn -0.0000 0.9989 -0.0477
vn 0.0055 0.9963 -0.0853
vn -0.0000 0.8556 -0.5176
vn -0.0000 0.8938 -0.4484
vn 0.0206 0.9410 -0.3378
vn 0.0144 0.9465 -0.3225
vn -0.0045 0.9852 -0.1712
vn -0.0002 0.5063 -0.8624
vn 0.0584 0.4307 -0.9006
vn 0.0141 0.5420 -0.8403
vn 0.0019 0.6056 -0.7958
vn -0.0000 0.6382 -0.7698
vn -0.0000 0.7698 -0.6383
vn 0.0603 0.7036 -0.7080
vn 0.0090 0.7967 -0.6044
vn -0.0000 0.0047 -1.0000
vn -0.0000 0.0186 -0.9998
vn 0.0063 0.1822 -0.9832
vn 0.0551 0.1111 -0.9923
vn 0.0001 0.2706 -0.9627
vn -0.0000 -0.3129 -0.9498
vn 0.0124 -0.1636 -0.9864
vn 0.0465 -0.2176 -0.9749
vn 0.0014 -0.0673 -0.9977
vn 0.0272 -0.4898 -0.8714
vn 0.0135 -0.5177 -0.8555
vn -0.0000 -0.8299 -0.5579
vn 0.0240 -0.7509 -0.6600
vn 0.0192 -0.7575 -0.6525
vn -0.0000 -0.6642 -0.7476
vn -0.0000 -0.6070 -0.7947
vn -0.0000 -0.8709 -0.4914
vn 0.0116 -0.9346 -0.3555
vn 0.0316 -0.9189 -0.3932
vn -0.0029 -0.9702 -0.2424
vn 0.0034 -0.9955 -0.0947
vn -0.0000 -0.9967 -0.0812
vn -0.0000 1.0000 0.0003
vn 0.0001 0.9967 0.0817
vn 0.0010 0.9964 0.0853
vn -0.0000 -0.9989 0.0475
vn 0.0069 -0.9955 0.0947
vn -0.0000 -0.8502 0.5264
vn -0.0000 -0.8891 0.4577
vn 0.0222 -0.9344 0.3554
vn 0.0104 -0.9458 0.3246
vn -0.0044 -0.9851 0.1719
vn -0.0000 -0.3407 0.9402
vn 0.0062 -0.4900 0.8717
vn 0.0500 -0.4298 0.9016
vn 0.0099 -0.5411 0.8409
vn 0.0004 -0.6050 0.7962
vn -0.0000 -0.6306 0.7761
vn -0.0000 -0.7576 0.6527
vn 0.0557 -0.6961 0.7158
vn 0.0055 -0.7954 0.6060
vn -0.0000 0.0048 1.0000
vn 0.0004 -0.0142 0.9999
vn 0.0122 -0.1636 0.9864
vn 0.0459 -0.1115 0.9927
vn -0.0000 -0.2619 0.9651
vn 0.0172 0.1822 0.9831
vn 0.0375 0.2164 0.9756
vn -0.0000 0.0714 0.9974
vn -0.0000 0.6142 0.7891
vn 0.0189 0.5174 0.8555
vn 0.0250 0.5061 0.8621
vn -0.0000 0.3993 0.9168
vn -0.0000 0.3217 0.9468
vn 0.0240 0.7696 0.6381
vn 0.0121 0.7491 0.6624
vn -0.0000 0.6708 0.7416
vn -0.0009 0.9701 0.2426
vn 0.0382 0.9188 0.3929
vn 0.0072 0.9412 0.3378
vn -0.0000 0.8753 0.4835
vn -0.0000 0.8349 0.5504
vn -0.0695 0.7054 -0.7054
vn -0.1485 0.6914 -0.7071
vn -0.2159 0.7116 -0.6686
vn -0.2159 0.6746 -0.7059
vn -0.2791 0.6497 -0.7071
vn -0.3485 0.6521 -0.6733
vn -0.3421 0.6203 -0.7058
vn -0.3993 0.5836 -0.7071
vn -0.4662 0.5681 -0.6782
vn -0.4554 0.5427 -0.7058
vn -0.5044 0.4956 -0.7071
vn -0.5644 0.4632 -0.6833
vn -0.5516 0.4447 -0.7057
vn -0.5905 0.3890 -0.7071
vn -0.6395 0.3418 -0.6886
vn -0.6271 0.3299 -0.7056
vn -0.6783 0.2058 -0.7054
vn -0.7054 0.0695 -0.7054
vn -0.7054 -0.0695 -0.7054
vn -0.6783 -0.2058 -0.7054
vn -0.6251 -0.3341 -0.7054
vn -0.6430 -0.3383 -0.6871
vn -0.5905 -0.3890 -0.7071
vn -0.5479 -0.4497 -0.7054
vn -0.5703 -0.4598 -0.6807
vn -0.5044 -0.4956 -0.7071
vn -0.4497 -0.5479 -0.7054
vn -0.4747 -0.5658 -0.6742
vn -0.3993 -0.5836 -0.7071
vn -0.3341 -0.6251 -0.7054
vn -0.3596 -0.6521 -0.6674
vn -0.2791 -0.6497 -0.7071
vn -0.2058 -0.6783 -0.7054
vn -0.0695 -0.7054 -0.7054
vn -0.1485 -0.6914 -0.7071
vn -0.2289 -0.7150 -0.6606
vn -0.0617 -0.7058 -0.7058
vn -0.1276 -0.6955 -0.7071
vn -0.1783 -0.6654 -0.7249
vn -0.1881 -0.6828 -0.7060
vn -0.2459 -0.6630 -0.7071
vn -0.2921 -0.6264 -0.7227
vn -0.3032 -0.6401 -0.7059
vn -0.3568 -0.6105 -0.7071
vn -0.3977 -0.5680 -0.7205
vn -0.4093 -0.5781 -0.7059
vn -0.4569 -0.5397 -0.7071
vn -0.4920 -0.4920 -0.7183
vn -0.5030 -0.4987 -0.7059
vn -0.5433 -0.4526 -0.7071
vn -0.5719 -0.4005 -0.7159
vn -0.5817 -0.4043 -0.7059
vn -0.6133 -0.3519 -0.7071
vn -0.6350 -0.2961 -0.7135
vn -0.6428 -0.2977 -0.7058
vn -0.6649 -0.2407 -0.7071
vn -0.6792 -0.1820 -0.7110
vn -0.6846 -0.1822 -0.7058
vn -0.7058 -0.0617 -0.7058
vn -0.7058 0.0617 -0.7058
vn -0.6846 0.1822 -0.7058
vn -0.6792 0.1820 -0.7110
vn -0.6649 0.2407 -0.7071
vn -0.6428 0.2977 -0.7058
vn -0.6350 0.2961 -0.7135
vn -0.6133 0.3519 -0.7071
vn -0.5817 0.4043 -0.7059
vn -0.5719 0.4005 -0.7159
vn -0.5433 0.4526 -0.7071
vn -0.5030 0.4987 -0.7059
vn -0.4920 0.4920 -0.7183
vn -0.4569 0.5397 -0.7071
vn -0.4093 0.5781 -0.7059
vn -0.3977 0.5680 -0.7205
vn -0.3568 0.6105 -0.7071
vn -0.3032 0.6401 -0.7059
vn -0.2921 0.6264 -0.7227
vn -0.2459 0.6630 -0.7071
vn -0.1881 0.6828 -0.7060
vn -0.1783 0.6654 -0.7249
vn -0.1276 0.6955 -0.7071
vn -0.0617 0.7058 -0.7058
vn 0.0617 0.7058 -0.7058
vn 0.1276 0.6955 -0.7071
vn 0.1783 0.6654 -0.7249
vn 0.1881 0.6828 -0.7060
vn 0.2459 0.6630 -0.7071
vn 0.2921 0.6264 -0.7227
vn 0.3032 0.6401 -0.7059
vn 0.3568 0.6105 -0.7071
vn 0.3977 0.5680 -0.7205
vn 0.4093 0.5781 -0.7059
vn 0.4569 0.5397 -0.7071
vn 0.4920 0.4920 -0.7183
vn 0.5030 0.4987 -0.7059
vn 0.5433 0.4526 -0.7071
vn 0.5719 0.4005 -0.7159
vn 0.5817 0.4043 -0.7059
vn 0.6133 0.3519 -0.7071
vn 0.6350 0.2961 -0.7135
vn 0.6428 0.2977 -0.7058
vn 0.6649 0.2407 -0.7071
vn 0.6792 0.1820 -0.7110
vn 0.6846 0.1822 -0.7058
vn 0.6965 0.1222 -0.7071
vn 0.7031 0.0615 -0.7084
vn 0.7058 0.0611 -0.7058
vn 0.7058 -0.0611 -0.7058
vn 0.7031 -0.0615 -0.7084
vn 0.6965 -0.1222 -0.7071
vn 0.6846 -0.1822 -0.7058
vn 0.6792 -0.1820 -0.7110
vn 0.6649 -0.2407 -0.7071
vn 0.6428 -0.2977 -0.7058
vn 0.6350 -0.2961 -0.7135
vn 0.6133 -0.3519 -0.7071
vn 0.5817 -0.4043 -0.7059
vn 0.5719 -0.4005 -0.7159
vn 0.5433 -0.4526 -0.7071
vn 0.5030 -0.4987 -0.7059
vn 0.4920 -0.4920 -0.7183
vn 0.4569 -0.5397 -0.7071
vn 0.4093 -0.5781 -0.7059
vn 0.3977 -0.5680 -0.7205
vn 0.3568 -0.6105 -0.7071
vn 0.3032 -0.6401 -0.7059
vn 0.2921 -0.6264 -0.7227
vn 0.2459 -0.6630 -0.7071
vn 0.1881 -0.6828 -0.7060
vn 0.1783 -0.6654 -0.7249
vn 0.1276 -0.6955 -0.7071
vn 0.0617 -0.7058 -0.7058
vn -0.0000 -0.0000 -1.0000
vn 0.0695 -0.7054 -0.7054
vn 0.1485 -0.6914 -0.7071
vn 0.2159 -0.7116 -0.6686
vn 0.2159 -0.6746 -0.7059
vn 0.2791 -0.6497 -0.7071
vn 0.3485 -0.6521 -0.6733
vn 0.3421 -0.6203 -0.7058
vn 0.3993 -0.5836 -0.7071
vn 0.4662 -0.5681 -0.6782
vn 0.4554 -0.5427 -0.7058
vn 0.5044 -0.4956 -0.7071
vn 0.5644 -0.4632 -0.6833
vn 0.5516 -0.4447 -0.7057
vn 0.5905 -0.3890 -0.7071
vn 0.6395 -0.3418 -0.6886
vn 0.6271 -0.3299 -0.7056
vn 0.6783 -0.2058 -0.7054
vn 0.7054 -0.0695 -0.7054
vn 0.7054 0.0695 -0.7054
vn 0.6783 0.2058 -0.7054
vn 0.6251 0.3341 -0.7054
vn 0.6430 0.3383 -0.6871
vn 0.5905 0.3890 -0.7071
vn 0.5479 0.4497 -0.7054
vn 0.5703 0.4598 -0.6807
vn 0.5044 0.4956 -0.7071
vn 0.4497 0.5479 -0.7054
vn 0.4747 0.5658 -0.6742
vn 0.3993 0.5836 -0.7071
vn 0.3341 0.6251 -0.7054
vn 0.3596 0.6521 -0.6674
vn 0.2791 0.6497 -0.7071
vn 0.2058 0.6783 -0.7054
vn 0.0695 0.7054 -0.7054
vn 0.1485 0.6914 -0.7071
vn 0.2289 0.7150 -0.6606
vn -0.0000 0.0301 0.9995
vn -0.4337 0.0265 0.9007
vn -0.2922 -0.0000 0.9563
vn -0.1120 -0.0000 0.9937
vn -0.8234 0.0327 0.5665
vn -0.6659 -0.0000 0.7460
vn -0.4977 -0.0000 0.8674
vn -0.7818 -0.0104 0.6235
vn -0.9749 0.0089 0.2225
vn -0.9786 -0.0000 0.2060
vn 0.9831 -0.0000 0.1832
vn 0.9748 0.0188 0.2225
vn 0.7816 0.0233 0.6233
vn 0.8154 -0.0000 0.5789
vn 0.9177 -0.0000 0.3974
vn 0.1120 -0.0000 0.9937
vn 0.3146 -0.0000 0.9492
vn 0.4337 0.0298 0.9006
vn 0.5179 -0.0000 0.8554
vn 0.6661 -0.0000 0.7458
vn -0.0000 0.0301 -0.9995
vn 0.4337 0.0265 -0.9007
vn 0.2923 -0.0000 -0.9563
vn 0.1120 -0.0000 -0.9937
vn 0.8234 0.0329 -0.5665
vn 0.6662 -0.0000 -0.7458
vn 0.4978 -0.0000 -0.8673
vn 0.7818 -0.0101 -0.6235
vn 0.9749 0.0087 -0.2225
vn 0.9785 -0.0000 -0.2063
vn -0.9831 -0.0000 -0.1830
vn -0.9748 0.0189 -0.2225
vn -0.7816 0.0235 -0.6233
vn -0.8159 -0.0000 -0.5782
vn -0.9178 -0.0000 -0.3971
vn -0.1120 -0.0000 -0.9937
vn -0.3139 -0.0000 -0.9495
vn -0.4337 0.0297 -0.9006
vn -0.5173 -0.0000 -0.8558
vn -0.6668 -0.0000 -0.7452
vn -0.0000 1.0000 -0.0000
vn 0.5355 -0.0000 0.8445
vn 0.2588 -0.0000 0.9659
vn 0.7360 -0.0106 0.6769
vn 0.7071 -0.0000 0.7071
vn 0.8763 -0.0000 0.4818
vn 0.9659 -0.0049 0.2588
vn 0.9711 -0.0000 0.2386
vn -0.9980 -0.0000 0.0640
vn -0.9659 -0.0123 0.2588
vn -0.9474 -0.0000 0.3201
vn -0.8447 -0.0000 0.5353
vn -0.7071 -0.0089 0.7071
vn -0.6774 -0.0000 0.7356
vn 0.3207 -0.0166 0.9470
vn 0.0642 -0.0000 0.9979
vn -0.2588 -0.0000 0.9659
vn -0.2390 -0.0053 0.9710
vn -0.4820 -0.0000 0.8762
vn -0.5351 -0.0000 -0.8448
vn -0.2588 -0.0000 -0.9659
vn -0.7358 -0.0106 -0.6771
vn -0.7071 -0.0000 -0.7071
vn -0.8762 -0.0000 -0.4819
vn -0.9659 -0.0049 -0.2588
vn -0.9711 -0.0000 -0.2387
vn 0.9979 -0.0000 -0.0642
vn 0.9659 -0.0123 -0.2588
vn 0.9473 -0.0000 -0.3203
vn 0.8445 -0.0000 -0.5355
vn 0.7071 -0.0089 -0.7071
vn 0.6772 -0.0000 -0.7358
vn -0.3204 -0.0166 -0.9471
vn -0.0639 -0.0000 -0.9980
vn 0.2588 -0.0000 -0.9659
vn 0.2385 -0.0054 -0.9711
vn 0.4816 -0.0000 -0.8764
vn 0.0001 0.7838 -0.6211
vn -0.0000 -0.9983 -0.0576
vn 0.0001 -0.9985 -0.0545
vn -0.0003 -0.9541 -0.2996
vn -0.0000 -0.9550 -0.2967
vn -0.0000 -0.7802 -0.6256
vn -0.0001 0.5264 -0.8502
vn 0.0007 0.5178 -0.8555
vn -0.0003 0.3089 -0.9511
vn -0.0000 0.3003 -0.9538
vn -0.0000 0.1233 -0.9924
vn 0.0003 0.1174 -0.9931
vn -0.0004 -0.1243 -0.9922
vn -0.0000 -0.1303 -0.9915
vn -0.0000 -0.3067 -0.9518
vn 0.0003 -0.3156 -0.9489
vn -0.0008 -0.5131 -0.8583
vn 0.0002 -0.5229 -0.8524
vn -0.0002 -0.7815 -0.6240
vn -0.0000 0.9984 -0.0563
vn -0.0008 0.9996 -0.0268
vn -0.0000 0.9968 -0.0804
vn 0.0003 0.9551 -0.2963
vn 0.0001 0.9557 -0.2943
vn -0.0000 0.7827 -0.6224
vn -0.0000 -0.9983 0.0576
vn -0.0001 -0.9986 0.0536
vn 0.0004 -0.9541 0.2994
vn -0.0001 -0.9555 0.2951
vn -0.0000 -0.7937 0.6083
vn -0.0015 -0.7816 0.6237
vn -0.0000 -0.6700 0.7424
vn -0.0001 -0.5232 0.8522
vn 0.0007 -0.5149 0.8572
vn -0.0002 -0.3158 0.9488
vn -0.0000 -0.3077 0.9515
vn -0.0000 -0.1306 0.9914
vn 0.0003 -0.1252 0.9921
vn -0.0003 0.1171 0.9931
vn -0.0000 0.1225 0.9925
vn -0.0000 0.2998 0.9540
vn 0.0003 0.3082 0.9513
vn -0.0007 0.5169 0.8560
vn 0.0001 0.5253 0.8509
vn -0.0001 0.7830 0.6220
vn 0.0001 0.7820 0.6233
vn -0.0001 0.9552 0.2958
vn -0.0002 0.9548 0.2974
vn -0.0000 0.9967 0.0818
vn 0.0004 0.9984 0.0568
vn -0.0000 0.9996 0.0273
vn -0.0001 0.7838 0.6211
vn -0.0001 -0.9985 0.0545
vn 0.0003 -0.9541 0.2996
vn -0.0000 -0.9550 0.2967
vn -0.0000 -0.7802 0.6256
vn 0.0001 0.5264 0.8502
vn -0.0007 0.5178 0.8555
vn 0.0003 0.3089 0.9511
vn -0.0000 0.3003 0.9538
vn -0.0000 0.1234 0.9924
vn -0.0003 0.1174 0.9931
vn 0.0004 -0.1243 0.9922
vn -0.0000 -0.1303 0.9915
vn -0.0000 -0.3067 0.9518
vn -0.0003 -0.3156 0.9489
vn 0.0008 -0.5131 0.8583
vn -0.0002 -0.5229 0.8524
vn 0.0002 -0.7815 0.6240
vn -0.0000 0.9984 0.0563
vn 0.0008 0.9996 0.0268
vn -0.0000 0.9968 0.0804
vn -0.0003 0.9551 0.2963
vn -0.0001 0.9557 0.2943
vn -0.0000 0.7827 0.6224
vn 0.0001 -0.9986 -0.0536
vn -0.0004 -0.9541 -0.2994
vn 0.0001 -0.9555 -0.2951
vn -0.0000 -0.7937 -0.6083
vn 0.0015 -0.7816 -0.6237
vn -0.0000 -0.6700 -0.7424
vn 0.0001 -0.5232 -0.8522
vn -0.0007 -0.5149 -0.8572
vn 0.0002 -0.3158 -0.9488
vn -0.0000 -0.3077 -0.9515
vn -0.0000 -0.1306 -0.9914
vn -0.0003 -0.1252 -0.9921
vn 0.0003 0.1171 -0.9931
vn -0.0000 0.1225 -0.9925
vn -0.0000 0.2998 -0.9540
vn -0.0003 0.3082 -0.9513
vn 0.0007 0.5169 -0.8560
vn -0.0001 0.5253 -0.8509
vn 0.0001 0.7830 -0.6220
vn -0.0001 0.7820 -0.6233
vn 0.0001 0.9552 -0.2958
vn 0.0002 0.9548 -0.2974
vn -0.0000 0.9967 -0.0818
vn -0.0004 0.9984 -0.0568
vn -0.0000 0.9996 -0.0273
vn 0.0879 -0.0000 -0.9961
vn 0.0547 -0.0015 -0.9985
vn 0.2535 0.0019 -0.9673
vn 0.2957 0.0044 -0.9553
vn 0.4324 -0.0013 -0.9017
vn 0.6233 0.0024 -0.7820
vn 0.6396 0.0009 -0.7687
vn 0.7695 -0.0002 -0.6386
vn 0.8561 0.0024 -0.5168
vn 0.8995 -0.0038 -0.4368
vn 0.9528 0.0002 -0.3035
vn 0.9927 -0.0004 -0.1209
vn 0.9974 -0.0037 -0.0714
vn 0.9921 0.0018 0.1253
vn 0.9835 -0.0000 0.1806
vn 0.9505 -0.0000 0.3108
vn 0.9322 -0.0019 0.3620
vn 0.8522 0.0030 0.5233
vn 0.8155 -0.0007 0.5788
vn 0.6996 0.0004 0.7145
vn 0.6238 0.0038 0.7816
vn 0.5232 -0.0031 0.8522
vn 0.4029 0.0006 0.9153
vn 0.1895 -0.0019 0.9819
vn 0.2245 -0.0049 0.9745
vn 0.0577 -0.0000 0.9983
vn -0.0577 -0.0000 0.9983
vn -0.1892 0.0038 0.9819
vn -0.2998 -0.0037 0.9540
vn -0.6239 0.0065 0.7815
vn -0.5229 -0.0080 0.8523
vn -0.6994 -0.0004 0.7147
vn -0.8524 0.0011 0.5229
vn -0.8155 -0.0048 0.5788
vn -0.9505 0.0034 0.3106
vn -0.9321 -0.0000 0.3622
vn -0.9922 -0.0000 0.1249
vn -0.9835 -0.0034 0.1809
vn -0.9926 0.0051 -0.1214
vn -0.9975 0.0005 -0.0706
vn -0.9527 -0.0002 -0.3041
vn -0.8999 0.0038 -0.4360
vn -0.8556 -0.0025 -0.5176
vn -0.7699 0.0002 -0.6382
vn -0.6396 -0.0009 -0.7687
vn -0.6225 -0.0025 -0.7826
vn -0.4324 0.0013 -0.9017
vn -0.2944 -0.0044 -0.9557
vn -0.2537 -0.0020 -0.9673
vn -0.0803 0.0011 -0.9968
vn -0.0881 0.0008 -0.9961
vn -0.0269 -0.0000 -0.9996
vn -0.0794 -0.7049 0.7049
vn -0.1846 -0.6829 0.7068
vn -0.2538 -0.7253 0.6400
vn -0.2602 -0.6585 0.7062
vn -0.3338 -0.6237 0.7068
vn -0.4098 -0.6522 0.6377
vn -0.4019 -0.5829 0.7063
vn -0.4659 -0.5324 0.7067
vn -0.5458 -0.5458 0.6358
vn -0.5229 -0.4772 0.7063
vn -0.5740 -0.4137 0.7067
vn -0.6545 -0.4112 0.6344
vn -0.6169 -0.3470 0.7064
vn -0.6525 -0.2737 0.7066
vn -0.7303 -0.2555 0.6335
vn -0.6792 -0.1990 0.7065
vn -0.6975 -0.1196 0.7066
vn -0.7692 -0.0867 0.6330
vn -0.7065 -0.0407 0.7065
vn -0.7049 0.0794 0.7049
vn -0.8394 0.0484 0.5414
vn -0.6975 0.1196 0.7066
vn -0.6695 0.2343 0.7049
vn -0.7998 0.2343 0.5527
vn -0.6525 0.2737 0.7066
vn -0.6006 0.3774 0.7049
vn -0.7199 0.4050 0.5637
vn -0.5740 0.4137 0.7067
vn -0.5016 0.5016 0.7049
vn -0.6046 0.5518 0.5743
vn -0.4659 0.5324 0.7067
vn -0.3774 0.6006 0.7049
vn -0.4605 0.6679 0.5847
vn -0.3338 0.6237 0.7068
vn -0.2343 0.6695 0.7049
vn -0.0794 0.7049 0.7049
vn -0.1846 0.6829 0.7068
vn -0.2954 0.7476 0.5948
vn 0.0794 0.7049 0.7049
vn 0.1846 0.6829 0.7068
vn 0.2538 0.7253 0.6400
vn 0.2602 0.6585 0.7062
vn 0.3338 0.6237 0.7068
vn 0.4098 0.6522 0.6377
vn 0.4019 0.5829 0.7063
vn 0.4659 0.5324 0.7067
vn 0.5458 0.5458 0.6358
vn 0.5229 0.4772 0.7063
vn 0.5740 0.4137 0.7067
vn 0.6545 0.4112 0.6344
vn 0.6169 0.3470 0.7064
vn 0.6525 0.2737 0.7066
vn 0.7303 0.2555 0.6335
vn 0.6792 0.1990 0.7065
vn 0.6975 0.1196 0.7066
vn 0.7692 0.0867 0.6330
vn 0.7065 0.0407 0.7065
vn 0.7049 -0.0794 0.7049
vn 0.8394 -0.0484 0.5414
vn 0.6975 -0.1196 0.7066
vn 0.6695 -0.2343 0.7049
vn 0.7998 -0.2343 0.5527
vn 0.6525 -0.2737 0.7066
vn 0.6006 -0.3774 0.7049
vn 0.7199 -0.4050 0.5637
vn 0.5740 -0.4137 0.7067
vn 0.5016 -0.5016 0.7049
vn 0.6046 -0.5518 0.5743
vn 0.4659 -0.5324 0.7067
vn 0.3774 -0.6006 0.7049
vn 0.4605 -0.6679 0.5847
vn 0.3338 -0.6237 0.7068
vn 0.2343 -0.6695 0.7049
vn 0.0794 -0.7049 0.7049
vn 0.1846 -0.6829 0.7068
vn 0.2954 -0.7476 0.5948
vn -0.0000 -0.0000 1.0000
vn -0.0695 0.7054 0.7054
vn -0.1485 0.6914 0.7071
vn -0.1961 0.6465 0.7373
vn -0.2159 0.6746 0.7059
vn -0.2791 0.6497 0.7071
vn -0.3203 0.5993 0.7337
vn -0.3421 0.6203 0.7058
vn -0.3993 0.5836 0.7071
vn -0.4337 0.5285 0.7298
vn -0.4554 0.5427 0.7058
vn -0.5043 0.4956 0.7071
vn -0.5319 0.4365 0.7256
vn -0.5516 0.4447 0.7057
vn -0.5905 0.3890 0.7071
vn -0.6111 0.3266 0.7211
vn -0.6271 0.3299 0.7056
vn -0.6783 0.2058 0.7054
vn -0.7054 0.0695 0.7054
vn -0.7054 -0.0695 0.7054
vn -0.6783 -0.2058 0.7054
vn -0.6271 -0.3299 0.7056
vn -0.6111 -0.3266 0.7211
vn -0.5905 -0.3890 0.7071
vn -0.5516 -0.4447 0.7057
vn -0.5319 -0.4365 0.7256
vn -0.5044 -0.4956 0.7071
vn -0.4554 -0.5427 0.7058
vn -0.4337 -0.5285 0.7298
vn -0.3993 -0.5836 0.7071
vn -0.3341 -0.6251 0.7054
vn -0.3262 -0.5916 0.7373
vn -0.2791 -0.6497 0.7071
vn -0.2058 -0.6783 0.7054
vn -0.2043 -0.6383 0.7422
vn -0.1485 -0.6914 0.7071
vn -0.0695 -0.7054 0.7054
vn 0.0695 -0.7054 0.7054
vn 0.1485 -0.6914 0.7071
vn 0.1961 -0.6465 0.7373
vn 0.2159 -0.6746 0.7059
vn 0.2791 -0.6497 0.7071
vn 0.3203 -0.5993 0.7337
vn 0.3421 -0.6203 0.7058
vn 0.3993 -0.5836 0.7071
vn 0.4337 -0.5285 0.7298
vn 0.4554 -0.5427 0.7058
vn 0.5043 -0.4956 0.7071
vn 0.5319 -0.4365 0.7256
vn 0.5516 -0.4447 0.7057
vn 0.5905 -0.3890 0.7071
vn 0.6111 -0.3266 0.7211
vn 0.6271 -0.3299 0.7056
vn 0.6783 -0.2058 0.7054
vn 0.7054 -0.0695 0.7054
vn 0.7054 0.0695 0.7054
vn 0.6783 0.2058 0.7054
vn 0.6271 0.3299 0.7056
vn 0.6111 0.3266 0.7211
vn 0.5905 0.3890 0.7071
vn 0.5516 0.4447 0.7057
vn 0.5319 0.4365 0.7256
vn 0.5044 0.4956 0.7071
vn 0.4554 0.5427 0.7058
vn 0.4337 0.5285 0.7298
vn 0.3993 0.5836 0.7071
vn 0.3341 0.6251 0.7054
vn 0.3262 0.5916 0.7373
vn 0.2791 0.6497 0.7071
vn 0.2058 0.6783 0.7054
vn 0.2043 0.6383 0.7422
vn 0.1485 0.6914 0.7071
vn 0.0695 0.7054 0.7054
vn -0.0274 -0.0000 -0.9996
vn -0.0879 0.0008 -0.9961
vn -0.0819 0.0010 -0.9966
vn -0.2535 -0.0019 -0.9673
vn -0.2957 -0.0044 -0.9553
vn -0.6233 -0.0024 -0.7820
vn -0.7695 0.0002 -0.6386
vn -0.8561 -0.0024 -0.5168
vn -0.8995 0.0038 -0.4368
vn -0.9528 -0.0002 -0.3035
vn -0.9927 0.0004 -0.1209
vn -0.9974 0.0037 -0.0714
vn -0.9921 -0.0018 0.1253
vn -0.9835 -0.0000 0.1806
vn -0.9505 -0.0000 0.3108
vn -0.9322 0.0019 0.3620
vn -0.8522 -0.0030 0.5233
vn -0.8155 0.0007 0.5788
vn -0.6996 -0.0004 0.7145
vn -0.6238 -0.0038 0.7816
vn -0.5232 0.0031 0.8522
vn -0.4029 -0.0006 0.9153
vn -0.1896 0.0019 0.9819
vn -0.2245 0.0049 0.9745
vn -0.0578 -0.0000 0.9983
vn 0.0122 -0.9999 -0.0000
vn 0.0175 -0.9998 -0.0006
vn 0.1227 -0.9919 0.0315
vn 0.2081 -0.9688 -0.1346
vn 0.0983 -0.9943 0.0404
vn 0.1260 -0.9920 -0.0113
vn 0.1119 -0.9935 -0.0198
vn 0.0956 -0.9950 -0.0304
vn 0.1305 -0.9914 -0.0050
vn 0.0459 -0.9989 -0.0002
vn 0.0339 -0.9994 0.0002
vn 0.0059 -1.0000 -0.0000
vn 0.0170 -0.9999 0.0019
vn 0.0980 -0.9948 0.0273
vn 0.0722 -0.9932 0.0913
vn 0.0885 -0.9944 0.0569
vn 0.0980 0.9946 0.0348
vn 0.0195 0.9998 0.0017
vn 0.0053 1.0000 0.0002
vn 0.0017 1.0000 -0.0000
vn 0.1551 0.9878 -0.0114
vn 0.1156 0.9931 -0.0176
vn 0.1385 0.9903 0.0091
vn 0.1297 0.9913 0.0215
vn 0.2089 0.9725 -0.1030
vn 0.1047 0.9941 0.0300
vn 0.0871 0.9945 0.0591
vn 0.0175 0.9998 -0.0000
vn 0.0040 1.0000 -0.0021
vn 0.0195 0.9998 -0.0002
vn 0.1305 0.9914 0.0016
vn 0.0758 0.9961 -0.0448
vn 0.0999 0.9946 -0.0274
vn 0.9948 0.1010 -0.0124
vn 1.0000 0.0082 -0.0001
vn 0.9998 0.0213 0.0032
vn 0.9948 0.0980 0.0290
vn 0.9940 0.0787 0.0759
vn 0.9944 0.0912 0.0529
vn 0.9943 0.0999 0.0372
vn 0.9932 0.1149 0.0165
vn 0.9919 0.1273 0.0034
vn 0.9966 0.0796 -0.0235
vn 0.9977 0.0570 -0.0375
vn 0.9954 0.0958 -0.0090
vn 0.9998 0.0209 -0.0009
vn 0.9980 -0.0362 -0.0526
vn 0.9954 -0.0958 -0.0061
vn 1.0000 -0.0077 -0.0000
vn 1.0000 0.0086 -0.0000
vn 0.9932 -0.1149 0.0166
vn 0.9977 -0.0564 -0.0378
vn 0.9965 -0.0799 -0.0233
vn 0.9948 -0.1012 -0.0122
vn 0.9906 -0.1367 -0.0058
vn 0.9912 -0.1325 -0.0018
vn 0.9919 -0.1273 0.0034
vn 0.9944 -0.0988 0.0387
vn 0.9941 -0.0797 0.0740
vn 0.9947 -0.0980 0.0301
vn 0.9998 -0.0211 0.0030
vn 1.0000 -0.0081 -0.0000
vn 0.1449 0.9895 -0.0000
vn 0.3049 0.9524 -0.0000
vn 0.3173 0.9483 -0.0051
vn 0.3947 0.9188 -0.0000
vn 0.4829 0.8757 -0.0000
vn 0.4924 0.8703 -0.0044
vn 0.5646 0.8254 -0.0000
vn 0.6428 0.7660 -0.0000
vn 0.6494 0.7604 -0.0036
vn 0.7133 0.7009 -0.0000
vn 0.7785 0.6276 -0.0000
vn 0.7826 0.6225 -0.0028
vn 0.8351 0.5501 -0.0000
vn 0.8850 0.4656 -0.0000
vn 0.8870 0.4617 -0.0019
vn 0.9569 0.2903 0.0019
vn 0.9588 0.2840 -0.0010
vn 0.9915 0.1301 0.0007
vn 0.9926 0.1214 -0.0031
vn 0.9915 -0.1298 0.0007
vn 0.9569 -0.2903 -0.0010
vn 0.9588 -0.2840 0.0021
vn 0.8850 -0.4656 -0.0020
vn 0.8870 -0.4617 -0.0000
vn 0.8351 -0.5501 -0.0000
vn 0.7826 -0.6225 -0.0028
vn 0.7785 -0.6276 -0.0000
vn 0.7133 -0.7009 -0.0000
vn 0.6494 -0.7604 -0.0036
vn 0.6428 -0.7660 -0.0000
vn 0.5646 -0.8254 -0.0000
vn 0.4924 -0.8703 -0.0044
vn 0.1409 -0.9900 0.0055
vn 0.1456 -0.9893 -0.0000
vn 0.3049 -0.9524 -0.0000
vn 0.3173 -0.9483 -0.0051
vn 0.3947 -0.9188 -0.0000
vn 0.4829 -0.8757 -0.0000
vn 0.0617 -0.7058 0.7058
vn 0.1277 -0.6955 0.7071
vn 0.1783 -0.6654 0.7248
vn 0.1881 -0.6828 0.7060
vn 0.2459 -0.6630 0.7071
vn 0.2921 -0.6264 0.7227
vn 0.3032 -0.6401 0.7059
vn 0.3568 -0.6105 0.7071
vn 0.3977 -0.5680 0.7205
vn 0.4093 -0.5781 0.7059
vn 0.4569 -0.5397 0.7071
vn 0.4920 -0.4920 0.7183
vn 0.5030 -0.4987 0.7059
vn 0.5433 -0.4526 0.7071
vn 0.5719 -0.4005 0.7159
vn 0.5817 -0.4043 0.7059
vn 0.6133 -0.3519 0.7071
vn 0.6350 -0.2961 0.7135
vn 0.6428 -0.2977 0.7058
vn 0.6649 -0.2407 0.7071
vn 0.6792 -0.1820 0.7110
vn 0.6846 -0.1822 0.7058
vn 0.6965 -0.1222 0.7071
vn 0.7031 -0.0615 0.7084
vn 0.7058 -0.0611 0.7058
vn 0.7058 0.0611 0.7058
vn 0.7031 0.0615 0.7084
vn 0.6965 0.1222 0.7071
vn 0.6846 0.1822 0.7058
vn 0.6792 0.1820 0.7110
vn 0.6649 0.2407 0.7071
vn 0.6428 0.2977 0.7058
vn 0.6350 0.2961 0.7135
vn 0.6133 0.3519 0.7071
vn 0.5817 0.4043 0.7059
vn 0.5719 0.4005 0.7159
vn 0.5432 0.4526 0.7071
vn 0.5030 0.4987 0.7059
vn 0.4920 0.4920 0.7183
vn 0.4569 0.5397 0.7071
vn 0.4093 0.5781 0.7059
vn 0.3977 0.5680 0.7205
vn 0.3567 0.6105 0.7071
vn 0.3032 0.6401 0.7059
vn 0.2921 0.6264 0.7227
vn 0.2459 0.6630 0.7071
vn 0.1881 0.6828 0.7060
vn 0.1783 0.6654 0.7249
vn 0.1277 0.6955 0.7071
vn 0.0617 0.7058 0.7058
vn -0.0122 0.9999 -0.0000
vn -0.0175 0.9998 -0.0006
vn -0.1227 0.9919 0.0315
vn -0.2081 0.9688 -0.1346
vn -0.0983 0.9943 0.0404
vn -0.1260 0.9920 -0.0113
vn -0.1119 0.9935 -0.0198
vn -0.0956 0.9950 -0.0304
vn -0.1305 0.9914 -0.0050
vn -0.0459 0.9989 -0.0002
vn -0.0339 0.9994 0.0002
vn -0.0059 1.0000 -0.0000
vn -0.0170 0.9999 0.0019
vn -0.0980 0.9948 0.0273
vn -0.0722 0.9932 0.0913
vn -0.0885 0.9944 0.0569
vn -0.0980 -0.9946 0.0348
vn -0.0195 -0.9998 0.0017
vn -0.0053 -1.0000 0.0002
vn -0.0017 -1.0000 -0.0000
vn -0.1551 -0.9878 -0.0114
vn -0.1156 -0.9931 -0.0176
vn -0.1385 -0.9903 0.0091
vn -0.1297 -0.9913 0.0215
vn -0.2089 -0.9725 -0.1030
vn -0.1047 -0.9941 0.0300
vn -0.0871 -0.9945 0.0591
vn -0.0175 -0.9998 -0.0000
vn -0.0040 -1.0000 -0.0021
vn -0.0195 -0.9998 -0.0002
vn -0.1305 -0.9914 0.0016
vn -0.0758 -0.9961 -0.0448
vn -0.0999 -0.9946 -0.0274
vn -1.0000 0.0082 -0.0000
vn -0.9954 0.0958 -0.0065
vn -0.9980 0.0370 -0.0520
vn -0.9977 0.0561 -0.0380
vn -0.9971 0.0701 -0.0294
vn -0.9964 0.0811 -0.0227
vn -0.9948 0.1012 -0.0123
vn -0.9909 0.1345 -0.0038
vn -0.9919 0.1272 0.0035
vn -0.9933 0.1148 0.0167
vn -0.9944 0.0987 0.0389
vn -0.9941 0.0795 0.0744
vn -0.9947 0.0980 0.0300
vn -0.9998 0.0217 0.0033
vn -1.0000 0.0086 -0.0000
vn -1.0000 -0.0077 -0.0000
vn -0.9998 -0.0207 0.0030
vn -0.9948 -0.0980 0.0292
vn -0.9940 -0.0790 0.0754
vn -0.9944 -0.0989 0.0385
vn -0.9948 -0.1012 -0.0123
vn -0.9932 -0.1150 0.0165
vn -0.9920 -0.1259 0.0049
vn -0.9916 -0.1290 0.0017
vn -0.9965 -0.0797 -0.0234
vn -0.9977 -0.0572 -0.0373
vn -0.9954 -0.0958 -0.0091
vn -0.9998 -0.0204 -0.0009
vn -1.0000 -0.0081 -0.0000
vn -0.1449 -0.9895 -0.0000
vn -0.3049 -0.9524 -0.0000
vn -0.3173 -0.9483 -0.0051
vn -0.3947 -0.9188 -0.0000
vn -0.4829 -0.8757 -0.0000
vn -0.4924 -0.8703 -0.0044
vn -0.5646 -0.8254 -0.0000
vn -0.6428 -0.7660 -0.0000
vn -0.6494 -0.7604 -0.0036
vn -0.7133 -0.7009 -0.0000
vn -0.7785 -0.6276 -0.0000
vn -0.7826 -0.6225 -0.0028
vn -0.8351 -0.5501 -0.0000
vn -0.8850 -0.4656 -0.0000
vn -0.8870 -0.4617 -0.0019
vn -0.9569 -0.2903 0.0019
vn -0.9588 -0.2840 -0.0010
vn -0.9915 -0.1301 0.0007
vn -0.9926 -0.1215 -0.0031
vn -0.9915 0.1298 0.0007
vn -0.9569 0.2903 -0.0010
vn -0.9588 0.2840 0.0021
vn -0.8850 0.4656 -0.0020
vn -0.8870 0.4617 -0.0000
vn -0.8351 0.5501 -0.0000
vn -0.7826 0.6225 -0.0028
vn -0.7785 0.6276 -0.0000
vn -0.7133 0.7009 -0.0000
vn -0.6494 0.7604 -0.0036
vn -0.6428 0.7660 -0.0000
vn -0.5646 0.8254 -0.0000
vn -0.4924 0.8703 -0.0044
vn -0.1409 0.9900 0.0055
vn -0.1456 0.9893 -0.0000
vn -0.3049 0.9524 -0.0000
vn -0.3173 0.9483 -0.0051
vn -0.3947 0.9188 -0.0000
vn -0.4829 0.8757 -0.0000
vn 0.0579 -0.0000 0.9983
vn 0.1893 -0.0038 0.9819
vn 0.2998 0.0037 0.9540
vn 0.6239 -0.0065 0.7815
vn 0.5229 0.0080 0.8523
vn 0.6994 0.0004 0.7147
vn 0.8524 -0.0011 0.5229
vn 0.8155 0.0048 0.5788
vn 0.9505 -0.0034 0.3106
vn 0.9321 -0.0000 0.3622
vn 0.9922 -0.0000 0.1249
vn 0.9835 0.0034 0.1809
vn 0.9926 -0.0051 -0.1214
vn 0.9975 -0.0005 -0.0706
vn 0.9527 0.0002 -0.3041
vn 0.8999 -0.0038 -0.4360
vn 0.8556 0.0025 -0.5176
vn 0.7699 -0.0002 -0.6382
vn 0.6225 0.0025 -0.7826
vn 0.4323 -0.0013 -0.9017
vn 0.2944 0.0044 -0.9557
vn 0.2537 0.0020 -0.9673
vn 0.0803 -0.0011 -0.9968
vn 0.0880 -0.0008 -0.9961
vn 0.0270 -0.0000 -0.9996
vn 0.0718 0.9974 -0.0000
vn 0.0166 0.9999 -0.0000
vn 0.0366 0.9993 0.0013
vn 0.0464 0.9989 0.0005
vn 0.0620 0.9981 0.0001
vn 0.0833 0.9965 0.0001
vn 0.1874 0.9823 0.0025
vn 0.1588 0.9872 0.0132
vn 0.1152 0.9926 -0.0396
vn 0.1280 0.9915 -0.0239
vn 0.2598 0.9609 0.0955
vn 0.0080 1.0000 -0.0000
vn 0.0231 0.9997 -0.0026
vn 0.1119 0.9933 -0.0304
vn 0.0822 0.9925 -0.0910
vn 0.1027 0.9931 -0.0563
vn 0.1009 -0.9932 -0.0583
vn 0.1119 -0.9930 -0.0384
vn 0.0267 -0.9996 -0.0024
vn 0.0048 -1.0000 -0.0000
vn 0.2406 -0.9693 0.0519
vn 0.2078 -0.9781 0.0152
vn 0.1854 -0.9826 -0.0120
vn 0.2598 -0.9610 0.0946
vn 0.1363 -0.9905 -0.0165
vn 0.1232 -0.9920 -0.0292
vn 0.0546 -0.9985 0.0002
vn 0.0368 -0.9993 0.0012
vn 0.0366 -0.9993 -0.0000
vn 0.0055 -1.0000 0.0044
vn 0.0204 -0.9998 0.0026
vn 0.0752 -0.9972 -0.0000
vn 0.1939 -0.9810 0.0019
vn 0.1874 -0.9823 -0.0000
vn 0.3674 -0.9301 -0.0000
vn 0.4067 -0.9135 0.0079
vn 0.4719 -0.8817 -0.0000
vn 0.5676 -0.8233 -0.0000
vn 0.6046 -0.7965 0.0081
vn 0.6585 -0.7526 -0.0000
vn 0.7386 -0.6741 -0.0000
vn 0.7705 -0.6374 0.0082
vn 0.8112 -0.5848 -0.0000
vn 0.8716 -0.4903 -0.0000
vn 0.8957 -0.4446 0.0083
vn 0.9971 0.0756 -0.0057
vn 0.9983 0.0561 -0.0156
vn 0.9982 0.0576 -0.0143
vn 0.9996 0.0287 -0.0042
vn 0.9988 -0.0375 -0.0315
vn 0.9983 -0.0576 -0.0114
vn 0.9999 -0.0110 0.0001
vn 0.9999 0.0110 -0.0001
vn 0.9984 -0.0548 -0.0163
vn 0.9971 -0.0756 -0.0057
vn 0.9960 -0.0898 -0.0019
vn 0.9954 -0.0960 0.0003
vn 0.9952 -0.0981 -0.0006
vn 0.9948 -0.1022 -0.0000
vn 0.9856 -0.1690 -0.0000
vn 0.9735 -0.2283 0.0084
vn 0.9597 -0.2811 -0.0000
vn 0.9222 -0.3868 -0.0000
vn 0.9988 0.0479 0.0041
vn 0.9963 -0.0862 0.0007
vn 0.9975 -0.0704 0.0017
vn 0.9988 -0.0487 0.0040
vn 0.9995 -0.0303 0.0069
vn 0.9999 -0.0130 0.0099
vn 0.9999 -0.0000 0.0128
vn 0.9999 0.0116 0.0102
vn 0.9996 0.0290 0.0071
vn 0.9945 0.1051 0.0004
vn 0.9951 0.0992 -0.0004
vn 0.9959 0.0901 -0.0019
vn 0.9975 0.0708 0.0017
vn 0.9963 0.0860 0.0007
vn 0.9956 0.0936 0.0004
vn 0.9948 0.1021 -0.0000
vn 0.9856 0.1690 -0.0000
vn 0.9735 0.2283 0.0084
vn 0.9597 0.2811 -0.0000
vn 0.9222 0.3868 -0.0000
vn 0.8957 0.4446 0.0083
vn 0.8716 0.4903 -0.0000
vn 0.8112 0.5848 -0.0000
vn 0.7705 0.6374 0.0082
vn 0.7386 0.6741 -0.0000
vn 0.6585 0.7526 -0.0000
vn 0.6046 0.7965 0.0081
vn 0.1887 0.9820 -0.0073
vn 0.1950 0.9808 -0.0000
vn 0.3674 0.9301 -0.0000
vn 0.4067 0.9135 0.0079
vn 0.4719 0.8817 -0.0000
vn 0.5676 0.8233 -0.0000
vn -0.0024 1.0000 -0.0000
vn -0.0718 -0.9974 -0.0000
vn -0.0166 -0.9999 -0.0000
vn -0.0366 -0.9993 0.0013
vn -0.0464 -0.9989 0.0005
vn -0.0620 -0.9981 0.0001
vn -0.0833 -0.9965 0.0001
vn -0.1874 -0.9823 0.0025
vn -0.1588 -0.9872 0.0132
vn -0.1152 -0.9926 -0.0396
vn -0.1280 -0.9915 -0.0239
vn -0.2598 -0.9609 0.0955
vn -0.0080 -1.0000 -0.0000
vn -0.0231 -0.9997 -0.0026
vn -0.1119 -0.9933 -0.0304
vn -0.0822 -0.9924 -0.0910
vn -0.1027 -0.9931 -0.0563
vn -0.1009 0.9932 -0.0583
vn -0.1119 0.9930 -0.0384
vn -0.0267 0.9996 -0.0024
vn -0.0073 1.0000 -0.0003
vn -0.2406 0.9692 0.0519
vn -0.2078 0.9781 0.0152
vn -0.1854 0.9826 -0.0120
vn -0.2598 0.9610 0.0946
vn -0.1363 0.9905 -0.0165
vn -0.1232 0.9920 -0.0292
vn -0.0546 0.9985 0.0002
vn -0.0368 0.9993 0.0012
vn -0.0366 0.9993 -0.0000
vn -0.0055 1.0000 0.0044
vn -0.0204 0.9998 0.0026
vn -0.0752 0.9972 -0.0000
vn -0.1939 0.9810 0.0019
vn -0.1874 0.9823 -0.0000
vn -0.3674 0.9301 -0.0000
vn -0.4067 0.9135 0.0079
vn -0.4719 0.8817 -0.0000
vn -0.5676 0.8233 -0.0000
vn -0.6046 0.7965 0.0081
vn -0.6585 0.7526 -0.0000
vn -0.7386 0.6741 -0.0000
vn -0.7705 0.6374 0.0082
vn -0.8112 0.5848 -0.0000
vn -0.8716 0.4903 -0.0000
vn -0.8957 0.4446 0.0083
vn -0.9959 -0.0899 -0.0019
vn -0.9951 -0.0991 -0.0005
vn -0.9971 -0.0754 -0.0058
vn -0.9983 -0.0558 -0.0157
vn -0.9982 -0.0576 -0.0143
vn -0.9996 -0.0295 -0.0044
vn -0.9999 -0.0117 -0.0000
vn -0.9999 0.0104 -0.0000
vn -0.9983 0.0576 -0.0108
vn -0.9988 0.0368 -0.0321
vn -0.9983 0.0551 -0.0161
vn -0.9954 0.0961 0.0003
vn -0.9971 0.0757 -0.0057
vn -0.9960 0.0898 -0.0019
vn -0.9952 0.0976 -0.0007
vn -0.9950 0.0999 -0.0003
vn -0.9948 0.1021 -0.0000
vn -0.9856 0.1690 -0.0000
vn -0.9735 0.2283 0.0084
vn -0.9597 0.2811 -0.0000
vn -0.9222 0.3868 -0.0000
vn -0.9989 -0.0476 0.0041
vn -0.9963 0.0863 0.0007
vn -0.9975 0.0705 0.0017
vn -0.9988 0.0490 0.0040
vn -0.9995 0.0296 0.0070
vn -0.9999 0.0123 0.0101
vn -0.9999 -0.0000 0.0128
vn -0.9999 -0.0123 0.0101
vn -0.9995 -0.0296 0.0070
vn -0.9975 -0.0706 0.0017
vn -0.9963 -0.0860 0.0007
vn -0.9956 -0.0936 0.0004
vn -0.9948 -0.1022 -0.0000
vn -0.9856 -0.1690 -0.0000
vn -0.9735 -0.2283 0.0084
vn -0.9597 -0.2811 -0.0000
vn -0.9222 -0.3868 -0.0000
vn -0.8957 -0.4446 0.0083
vn -0.8716 -0.4903 -0.0000
vn -0.8112 -0.5848 -0.0000
vn -0.7705 -0.6374 0.0082
vn -0.7386 -0.6741 -0.0000
vn -0.6585 -0.7526 -0.0000
vn -0.6046 -0.7965 0.0081
vn -0.1887 -0.9820 -0.0072
vn -0.1950 -0.9808 -0.0000
vn -0.3674 -0.9301 -0.0000
vn -0.4067 -0.9135 0.0079
vn -0.4719 -0.8817 -0.0000
vn -0.5676 -0.8233 -0.0000
vn 0.9975 0.0709 0.0031
vn 0.1372 -0.9905 0.0125
vn 0.1044 -0.9945 -0.0064
vn 0.0213 -0.9998 -0.0000
vn 0.0175 -0.9998 0.0002
vn 0.0444 -0.9990 -0.0000
vn 0.1305 -0.9914 -0.0009
vn 0.0709 -0.9974 -0.0110
vn 0.0907 -0.9958 -0.0083
vn 0.0980 -0.9952 0.0075
vn 0.0513 -0.9965 0.0665
vn 0.0763 -0.9962 0.0428
vn 0.2094 -0.9748 -0.0774
vn 0.1056 -0.9937 0.0366
vn 0.1227 -0.9922 0.0233
vn 0.0980 0.9950 0.0211
vn 0.0328 0.9995 0.0031
vn 0.0102 0.9999 -0.0000
vn 0.1521 0.9884 0.0039
vn 0.1350 0.9907 0.0143
vn 0.1211 0.9923 0.0245
vn 0.2098 0.9765 -0.0492
vn 0.0950 0.9951 0.0267
vn 0.0771 0.9961 0.0417
vn 0.0059 1.0000 -0.0004
vn 0.0321 0.9995 0.0002
vn 0.1305 0.9914 -0.0014
vn 0.0782 0.9969 -0.0099
vn 0.1100 0.9939 -0.0057
vn 0.9569 0.2903 -0.0007
vn 0.9756 0.2185 0.0221
vn 0.9718 0.2350 0.0176
vn 0.9662 0.2575 0.0121
vn 0.9586 0.2845 0.0072
vn 0.9550 0.2967 0.0054
vn 0.9511 0.3089 0.0038
vn 0.9454 0.3258 0.0021
vn 0.9407 0.3391 0.0011
vn 0.9388 0.3445 -0.0008
vn 0.9426 0.3339 -0.0021
vn 0.9470 0.3211 -0.0041
vn 0.9516 0.3073 -0.0074
vn 0.9548 0.2972 -0.0107
vn 0.9595 0.2812 -0.0164
vn 0.9966 0.0607 0.0566
vn 0.9951 0.0980 0.0119
vn 0.9999 0.0152 0.0007
vn 1.0000 0.0051 -0.0000
vn 0.9951 0.0957 0.0255
vn 0.9923 0.1234 0.0091
vn 0.9897 0.1430 0.0003
vn 0.9925 0.1224 -0.0046
vn 0.9947 0.1025 -0.0099
vn 0.9996 0.0275 -0.0085
vn 0.9962 0.0852 -0.0155
vn 0.9971 0.0740 -0.0197
vn 0.9828 0.1830 0.0240
vn 0.9986 0.0501 -0.0150
vn 0.9899 0.1400 0.0205
vn 0.9939 0.1095 0.0113
vn 0.9961 -0.0876 0.0059
vn 0.9994 -0.0359 -0.0011
vn 0.9999 -0.0127 0.0003
vn 1.0000 -0.0047 -0.0000
vn 0.9999 0.0111 -0.0000
vn 1.0000 0.0015 0.0008
vn 0.9997 0.0234 -0.0008
vn 0.9930 -0.1172 0.0147
vn 0.9990 -0.0435 -0.0084
vn 0.9893 -0.1451 0.0128
vn 0.9801 -0.1964 0.0306
vn 0.9971 -0.0736 -0.0200
vn 0.9963 -0.0849 -0.0158
vn 0.9949 -0.1006 -0.0106
vn 0.9926 -0.1210 -0.0051
vn 0.9897 -0.1431 0.0003
vn 0.9915 -0.1302 0.0060
vn 0.9929 -0.1180 0.0123
vn 0.9944 -0.1036 0.0206
vn 0.9963 -0.0747 0.0427
vn 0.9950 -0.0980 0.0170
vn 0.9996 -0.0268 0.0023
vn 0.9999 -0.0108 -0.0000
vn 0.9629 -0.2688 -0.0226
vn 0.9567 -0.2908 -0.0128
vn 0.9535 -0.3013 -0.0093
vn 0.9434 -0.3317 0.0017
vn 0.9497 -0.3132 -0.0058
vn 0.9445 -0.3285 -0.0029
vn 0.9402 -0.3405 -0.0012
vn 0.9389 -0.3441 0.0008
vn 0.9483 -0.3175 0.0029
vn 0.9537 -0.3006 0.0048
vn 0.9573 -0.2890 0.0065
vn 0.9622 -0.2721 0.0092
vn 0.9705 -0.2404 0.0160
vn 0.9569 -0.2903 0.0018
vn 0.9783 -0.2074 0.0001
vn 0.9799 -0.1993 -0.0000
vn 0.9912 -0.1323 -0.0091
vn 0.9856 -0.1693 -0.0000
vn 0.9588 -0.2840 -0.0000
vn 0.9710 -0.2344 -0.0475
vn 0.9680 -0.2483 -0.0363
vn 1.0000 0.0016 -0.0000
vn 0.9998 -0.0221 -0.0000
vn 0.9952 -0.0958 -0.0221
vn 0.9961 -0.0789 -0.0390
vn 0.9938 -0.1095 -0.0207
vn 0.9661 0.2562 -0.0303
vn 0.9694 0.2421 -0.0413
vn 0.9588 0.2840 -0.0065
vn 0.9799 0.1995 -0.0000
vn 0.9841 0.1775 0.0001
vn 0.9899 0.1417 -0.0053
vn 0.9950 0.0961 -0.0266
vn 0.9950 0.0958 -0.0268
vn 0.9993 0.0361 -0.0020
vn 1.0000 0.0062 -0.0001
vn 0.1589 0.9873 -0.0000
vn 0.3173 0.9483 -0.0016
vn 0.4924 0.8704 -0.0013
vn 0.6494 0.7604 -0.0011
vn 0.7826 0.6225 -0.0008
vn 0.8870 0.4617 -0.0006
vn 0.9355 0.3534 0.0002
vn 0.9338 0.3578 0.0002
vn 0.9355 -0.3534 0.0002
vn 0.8850 -0.4656 -0.0006
vn 0.7826 -0.6225 -0.0008
vn 0.6494 -0.7604 -0.0011
vn 0.4924 -0.8704 -0.0013
vn 0.1674 -0.9859 -0.0050
vn 0.1585 -0.9874 -0.0000
vn 0.3173 -0.9483 -0.0016
vn -0.9967 -0.0000 -0.0810
vn -0.9749 0.0113 -0.2225
vn -0.9537 -0.0000 -0.3008
vn -0.8646 -0.0000 -0.5024
vn -0.7818 0.0112 -0.6235
vn -0.7312 -0.0000 -0.6822
vn 0.0643 0.0197 -0.9977
vn -0.4339 -0.0000 -0.9010
vn -0.3465 0.0211 -0.9378
vn -0.5461 -0.0000 -0.8377
vn -0.0000 0.0084 -1.0000
vn 0.4338 -0.0129 -0.9009
vn 0.3594 0.0089 -0.9331
vn 0.7818 -0.0084 -0.6235
vn 0.7500 0.0041 -0.6615
vn 0.9749 -0.0038 -0.2225
vn 0.9712 -0.0000 -0.2384
vn -0.0102 0.9999 -0.0000
vn -0.0175 0.9998 -0.0001
vn -0.1451 0.9894 0.0080
vn -0.1065 0.9943 -0.0062
vn -0.0930 0.9956 -0.0079
vn -0.0774 0.9970 -0.0101
vn -0.1305 0.9914 -0.0018
vn -0.0501 0.9987 -0.0001
vn -0.0316 0.9995 0.0001
vn -0.0135 0.9999 -0.0000
vn -0.0980 0.9951 0.0154
vn -0.0682 0.9965 0.0493
vn -0.0898 0.9955 0.0311
vn -0.2097 0.9759 -0.0604
vn -0.1153 0.9929 0.0287
vn -0.1307 0.9913 0.0175
vn -0.0980 -0.9950 0.0211
vn -0.0214 -0.9998 -0.0000
vn -0.1100 -0.9939 -0.0057
vn -0.1521 -0.9884 0.0039
vn -0.1323 -0.9911 0.0159
vn -0.1189 -0.9926 0.0263
vn -0.2098 -0.9765 -0.0493
vn -0.0890 -0.9956 0.0307
vn -0.0707 -0.9963 0.0481
vn -0.0059 -1.0000 -0.0004
vn -0.0289 -0.9996 0.0001
vn -0.0493 -0.9988 -0.0001
vn -0.1305 -0.9914 -0.0014
vn -0.0770 -0.9970 -0.0101
vn -0.0946 -0.9955 -0.0077
vn -0.9980 0.0634 -0.0076
vn -0.9972 0.0744 -0.0063
vn -0.9960 0.0894 -0.0046
vn -0.9942 0.1079 -0.0029
vn -0.9929 0.1180 0.0123
vn -0.9915 0.1302 0.0060
vn -0.9944 0.1036 0.0206
vn -0.9963 0.0747 0.0427
vn -0.9950 0.0980 0.0170
vn -0.9996 0.0268 0.0023
vn -0.9999 0.0108 -0.0000
vn -0.9966 -0.0607 0.0566
vn -0.9951 -0.0980 0.0119
vn -0.9999 -0.0152 0.0007
vn -1.0000 -0.0051 -0.0000
vn -0.9951 -0.0957 0.0255
vn -0.9923 -0.1234 0.0091
vn -0.9854 -0.1698 -0.0116
vn -0.9979 -0.0640 -0.0075
vn -0.9972 -0.0748 -0.0062
vn -0.9988 -0.0473 -0.0096
vn -0.9995 -0.0286 -0.0124
vn -0.9954 -0.0958 -0.0017
vn -0.9999 -0.0111 -0.0000
vn -0.9954 0.0958 -0.0000
vn -0.9998 0.0148 -0.0146
vn -0.9990 0.0442 -0.0100
vn -0.1589 -0.9873 -0.0000
vn -0.3173 -0.9483 -0.0016
vn -0.4924 -0.8704 -0.0013
vn -0.6494 -0.7604 -0.0011
vn -0.7826 -0.6225 -0.0008
vn -0.8870 -0.4617 -0.0006
vn -0.9569 -0.2903 0.0006
vn -0.9588 -0.2840 -0.0003
vn -0.9899 -0.1415 0.0002
vn -0.9958 -0.0913 -0.0045
vn -0.9897 0.1434 0.0002
vn -0.9569 0.2903 -0.0003
vn -0.9588 0.2840 0.0006
vn -0.8850 0.4656 -0.0006
vn -0.7826 0.6225 -0.0008
vn -0.6494 0.7604 -0.0011
vn -0.4924 0.8704 -0.0013
vn -0.1701 0.9854 -0.0065
vn -0.1583 0.9874 -0.0000
vn -0.3173 0.9483 -0.0016
vn -0.8197 -0.0000 0.5728
vn -0.7818 0.0100 0.6235
vn -0.9334 -0.0000 0.3588
vn -0.9749 0.0114 0.2225
vn -0.9899 -0.0000 0.1420
vn 0.9980 -0.0000 0.0637
vn 0.9749 0.0100 0.2225
vn 0.9588 -0.0000 0.2842
vn 0.8642 -0.0000 0.5031
vn 0.7818 0.0112 0.6235
vn 0.7306 -0.0000 0.6828
vn -0.6717 -0.0000 0.7408
vn -0.4670 -0.0000 0.8843
vn -0.4339 0.0069 0.9009
vn -0.1486 -0.0041 0.9889
vn -0.0000 0.0125 0.9999
vn 0.4339 -0.0000 0.9010
vn 0.3465 0.0211 0.9378
vn 0.5461 -0.0000 0.8377
vn -0.0000 -1.0000 -0.0000
vn -0.1731 -0.0000 -0.9849
vn -0.0617 -0.0136 -0.9980
vn -0.0000 -0.0301 -0.9995
vn -0.3631 -0.0000 -0.9318
vn -0.4337 -0.0276 -0.9006
vn -0.5613 -0.0000 -0.8276
vn -0.9749 -0.0000 -0.2225
vn -0.9913 -0.0615 -0.1166
vn -0.9425 -0.0000 -0.3341
vn -0.7818 -0.0000 -0.6235
vn -0.8533 -0.0729 -0.5162
vn -0.7217 -0.0000 -0.6922
vn 0.9831 -0.0000 -0.1833
vn 0.9748 -0.0188 -0.2225
vn 0.7816 -0.0236 -0.6233
vn 0.8159 -0.0000 -0.5782
vn 0.9176 -0.0000 -0.3974
vn 0.3142 -0.0000 -0.9493
vn 0.4337 -0.0297 -0.9006
vn 0.5176 -0.0000 -0.8556
vn 0.6668 -0.0000 -0.7452
vn -0.0000 -0.0363 0.9993
vn 0.4737 -0.0272 0.8803
vn 0.3029 -0.0000 0.9530
vn 0.1229 -0.0000 0.9924
vn 0.8248 -0.0116 0.5652
vn 0.6913 -0.0000 0.7226
vn 0.5265 -0.0000 0.8502
vn 0.8344 -0.0207 0.5508
vn 0.9857 0.0207 0.1675
vn 0.9785 -0.0000 0.2062
vn -0.9960 -0.0000 0.0895
vn -0.9857 -0.0182 0.1675
vn -0.9556 0.0084 0.2947
vn -0.8614 -0.0163 0.5076
vn -0.8340 -0.0358 0.5505
vn -0.7405 -0.0000 0.6720
vn -0.1219 -0.0004 0.9925
vn -0.3524 0.0004 0.9358
vn -0.4735 -0.0367 0.8800
vn -0.5497 -0.0085 0.8353
vn -0.6553 -0.0000 0.7554
vn 1.0000 0.0028 -0.0000
vn 0.0467 -0.9989 0.0092
vn 0.1805 -0.9835 -0.0085
vn 0.0723 -0.9974 0.0076
vn 0.0912 -0.9958 0.0052
vn 0.1082 -0.9941 0.0035
vn 0.1473 -0.9891 -0.0025
vn 0.1697 -0.9855 0.0061
vn 0.0909 -0.9951 -0.0385
vn 0.0693 -0.9949 -0.0734
vn 0.0871 -0.9956 -0.0331
vn 0.0147 -0.9999 -0.0000
vn 0.1370 -0.9906 -0.0071
vn 0.1260 -0.9919 -0.0138
vn 0.1804 -0.9830 0.0334
vn 0.1088 -0.9939 -0.0192
vn 0.1014 -0.9945 -0.0267
vn 0.0872 -0.9962 -0.0000
vn 0.0084 -0.9998 0.0160
vn 0.0231 -0.9996 0.0133
vn 0.0134 0.9999 -0.0000
vn 0.0872 0.9962 0.0023
vn 0.1212 0.9925 -0.0166
vn 0.1076 0.9937 -0.0314
vn 0.1801 0.9815 0.0655
vn 0.0850 0.9953 -0.0456
vn 0.1262 0.9920 0.0019
vn 0.1163 0.9932 0.0027
vn 0.1021 0.9948 0.0040
vn 0.0852 0.9963 0.0059
vn 0.1805 0.9836 -0.0064
vn 0.0656 0.9978 0.0066
vn 0.0409 0.9991 0.0102
vn 0.0621 0.9941 -0.0893
vn 0.0871 0.9957 -0.0313
vn 0.9932 0.1165 0.0017
vn 0.9963 0.0863 -0.0000
vn 0.9998 0.0128 0.0147
vn 0.9995 0.0291 0.0119
vn 0.9990 0.0429 0.0097
vn 0.9979 0.0647 0.0066
vn 0.9968 0.0803 0.0048
vn 0.9959 0.0906 0.0037
vn 0.9946 0.1036 0.0026
vn 0.9900 0.1411 -0.0014
vn 0.9913 0.1316 -0.0046
vn 0.9925 0.1222 -0.0089
vn 0.9938 0.1094 -0.0175
vn 0.9944 0.1024 -0.0244
vn 0.9951 0.0929 -0.0341
vn 0.9953 0.0735 -0.0634
vn 0.9956 0.0862 -0.0366
vn 0.9993 0.0349 -0.0093
vn 0.9998 0.0184 -0.0014
vn 0.9947 -0.0653 -0.0794
vn 0.9958 -0.0862 -0.0322
vn 0.9996 -0.0267 -0.0056
vn 0.9999 -0.0116 -0.0000
vn 0.9954 -0.0861 -0.0430
vn 0.9947 -0.0986 -0.0282
vn 0.9941 -0.1066 -0.0200
vn 0.9927 -0.1203 0.0014
vn 0.9930 -0.1174 -0.0117
vn 0.9917 -0.1282 -0.0060
vn 0.9904 -0.1381 -0.0023
vn 0.9939 -0.1102 0.0021
vn 0.9957 -0.0927 0.0035
vn 0.9973 -0.0731 0.0055
vn 0.9987 -0.0509 0.0084
vn 0.9993 -0.0345 0.0110
vn 0.9963 -0.0863 0.0024
vn 0.9998 -0.0173 0.0001
vn 1.0000 -0.0031 -0.0000
vn 0.1194 -0.9928 0.0025
vn 0.1522 -0.9884 -0.0000
vn 0.2656 -0.9641 -0.0000
vn 0.3478 -0.9376 -0.0000
vn 0.4281 -0.9037 -0.0000
vn 0.5045 -0.8634 -0.0000
vn 0.5779 -0.8161 -0.0000
vn 0.6461 -0.7632 -0.0000
vn 0.7102 -0.7040 -0.0000
vn 0.7683 -0.6401 -0.0000
vn 0.8211 -0.5707 -0.0000
vn 0.8673 -0.4978 -0.0000
vn 0.8673 -0.4977 -0.0000
vn 0.9074 -0.4202 -0.0000
vn 0.9403 -0.3404 -0.0000
vn 0.9664 -0.2571 -0.0000
vn 0.9850 -0.1728 -0.0000
vn 0.9849 -0.1729 -0.0000
vn 0.9894 -0.1455 -0.0000
vn 0.9881 -0.1536 0.0022
vn 0.9919 0.1274 0.0010
vn 0.9893 0.1460 -0.0000
vn 0.9849 0.1729 -0.0000
vn 0.9850 0.1728 -0.0000
vn 0.9664 0.2571 -0.0000
vn 0.9403 0.3404 -0.0000
vn 0.9074 0.4202 -0.0000
vn 0.8673 0.4977 -0.0000
vn 0.8673 0.4978 -0.0000
vn 0.8211 0.5707 -0.0000
vn 0.7683 0.6401 -0.0000
vn 0.7102 0.7040 -0.0000
vn 0.6461 0.7632 -0.0000
vn 0.5779 0.8161 -0.0000
vn 0.5045 0.8634 -0.0000
vn 0.4281 0.9037 -0.0000
vn 0.3478 0.9376 -0.0000
vn 0.2656 0.9641 -0.0000
vn 0.1538 0.9881 -0.0000
vn 0.1399 0.9902 -0.0053
vn -1.0000 -0.0028 -0.0000
vn -0.0134 -0.9999 -0.0000
vn -0.0872 -0.9962 0.0023
vn -0.0874 -0.9953 -0.0411
vn -0.1803 -0.9821 0.0548
vn -0.1101 -0.9935 -0.0287
vn -0.1212 -0.9925 -0.0165
vn -0.1262 -0.9920 0.0019
vn -0.1163 -0.9932 0.0028
vn -0.1021 -0.9948 0.0040
vn -0.0852 -0.9963 0.0059
vn -0.1805 -0.9836 -0.0064
vn -0.0656 -0.9978 0.0066
vn -0.0409 -0.9991 0.0102
vn -0.0636 -0.9942 -0.0864
vn -0.0871 -0.9956 -0.0334
vn -0.0146 -0.9999 -0.0000
vn -0.0134 0.9999 -0.0000
vn -0.0871 0.9957 -0.0313
vn -0.0649 0.9944 -0.0829
vn -0.0389 0.9992 0.0128
vn -0.0640 0.9979 0.0087
vn -0.0851 0.9964 0.0060
vn -0.1029 0.9947 0.0039
vn -0.1413 0.9900 -0.0048
vn -0.1324 0.9912 -0.0098
vn -0.1205 0.9926 -0.0173
vn -0.1803 0.9824 0.0487
vn -0.1024 0.9944 -0.0255
vn -0.0874 0.9953 -0.0428
vn -0.1805 0.9835 -0.0138
vn -0.0872 0.9962 0.0023
vn -0.9664 -0.2571 -0.0005
vn -0.9769 -0.2106 0.0353
vn -0.9741 -0.2244 0.0267
vn -0.9714 -0.2366 0.0201
vn -0.9672 -0.2536 0.0125
vn -0.9634 -0.2681 0.0081
vn -0.9611 -0.2761 0.0060
vn -0.9582 -0.2862 0.0038
vn -0.9548 -0.2971 0.0021
vn -0.9540 -0.2997 -0.0011
vn -0.9556 -0.2946 -0.0016
vn -0.9576 -0.2882 -0.0022
vn -0.9615 -0.2749 -0.0037
vn -1.0000 0.0049 -0.0000
vn -0.9999 -0.0169 -0.0000
vn -0.9961 -0.0871 0.0137
vn -0.9978 -0.0475 0.0457
vn -0.9972 -0.0691 0.0302
vn -0.9947 -0.1022 0.0125
vn -0.9917 -0.1287 0.0050
vn -0.9892 -0.1466 0.0014
vn -0.9863 -0.1651 -0.0000
vn -0.9909 0.1345 0.0038
vn -0.9932 0.1158 0.0080
vn -0.9965 0.0807 0.0227
vn -0.9960 0.0871 0.0183
vn -0.9988 0.0492 0.0068
vn -0.9997 0.0264 0.0012
vn -0.9664 0.2571 0.0002
vn -0.9796 0.1996 -0.0214
vn -0.9768 0.2132 -0.0171
vn -0.9738 0.2269 -0.0131
vn -0.9689 0.2475 -0.0082
vn -0.9650 0.2622 -0.0056
vn -0.9626 0.2710 -0.0043
vn -0.9592 0.2828 -0.0027
vn -0.9558 0.2941 -0.0016
vn -0.9532 0.3025 0.0013
vn -0.9549 0.2968 0.0021
vn -0.9566 0.2913 0.0029
vn -0.9604 0.2787 0.0053
vn -0.9626 0.2709 0.0074
vn -0.9652 0.2613 0.0100
vn -0.9703 0.2413 0.0176
vn -0.9733 0.2284 0.0245
vn -0.9663 0.2571 0.0082
vn -0.9821 0.1881 -0.0000
vn -0.9879 0.1549 -0.0000
vn -0.9999 0.0116 -0.0000
vn -0.9996 0.0268 -0.0056
vn -0.9957 0.0871 -0.0326
vn -0.9945 0.0658 -0.0811
vn -0.9953 0.0867 -0.0441
vn -0.9946 0.0992 -0.0290
vn -0.9940 0.1073 -0.0207
vn -0.9929 0.1180 -0.0121
vn -0.9916 0.1288 -0.0063
vn -0.9903 0.1389 -0.0024
vn -0.9892 0.1466 -0.0001
vn -0.9902 0.1396 0.0012
vn -0.9917 0.1282 0.0035
vn -0.9930 0.1178 0.0061
vn -0.9947 0.1018 0.0115
vn -0.9828 0.1829 -0.0264
vn -0.9966 0.0805 0.0158
vn -0.9867 0.1600 -0.0298
vn -0.9999 0.0168 0.0006
vn -0.9993 0.0382 -0.0004
vn -0.9995 0.0316 0.0004
vn -0.9982 0.0601 -0.0014
vn -0.9988 0.0484 0.0025
vn -0.9951 0.0992 -0.0042
vn -0.9911 0.1317 -0.0170
vn -0.9922 -0.1234 -0.0175
vn -0.9998 0.0174 0.0008
vn -1.0000 0.0031 -0.0000
vn -1.0000 -0.0050 -0.0000
vn -0.9999 -0.0114 -0.0006
vn -0.9990 -0.0430 0.0099
vn -0.9971 -0.0763 -0.0065
vn -0.9996 -0.0271 0.0028
vn -0.9987 -0.0513 -0.0035
vn -0.9996 -0.0289 0.0013
vn -0.9949 -0.1001 0.0127
vn -0.9937 -0.1120 0.0081
vn -0.9922 -0.1243 0.0046
vn -0.9807 -0.1881 -0.0543
vn -0.9968 -0.0754 0.0249
vn -0.9957 -0.0906 0.0170
vn -0.9899 -0.1420 -0.0015
vn -0.9912 -0.1323 -0.0048
vn -0.9907 -0.1357 0.0021
vn -0.9892 -0.1468 -0.0000
vn -0.9818 -0.1900 -0.0000
vn -0.9664 -0.2571 -0.0046
vn -0.9722 -0.2339 -0.0112
vn -0.9664 -0.2569 -0.0064
vn -0.9924 -0.1229 -0.0092
vn -0.9938 -0.1101 -0.0180
vn -0.9944 -0.1030 -0.0251
vn -0.9950 -0.0935 -0.0350
vn -0.9951 -0.0741 -0.0648
vn -0.9955 -0.0871 -0.0370
vn -0.9993 -0.0349 -0.0093
vn -0.9998 -0.0184 -0.0014
vn -0.1245 0.9922 0.0021
vn -0.1538 0.9881 -0.0000
vn -0.2656 0.9641 -0.0000
vn -0.3478 0.9376 -0.0000
vn -0.4281 0.9037 -0.0000
vn -0.5045 0.8634 -0.0000
vn -0.5779 0.8161 -0.0000
vn -0.6461 0.7632 -0.0000
vn -0.7102 0.7040 -0.0000
vn -0.7683 0.6401 -0.0000
vn -0.8211 0.5707 -0.0000
vn -0.8673 0.4978 -0.0000
vn -0.8673 0.4977 -0.0000
vn -0.9074 0.4202 -0.0000
vn -0.9403 0.3404 -0.0000
vn -0.9496 0.3135 -0.0000
vn -0.9523 0.3051 -0.0007
vn -0.9516 -0.3074 0.0007
vn -0.9496 -0.3135 -0.0000
vn -0.9403 -0.3404 -0.0000
vn -0.9074 -0.4202 -0.0000
vn -0.8673 -0.4977 -0.0000
vn -0.8673 -0.4978 -0.0000
vn -0.8211 -0.5707 -0.0000
vn -0.7683 -0.6401 -0.0000
vn -0.7102 -0.7040 -0.0000
vn -0.6461 -0.7632 -0.0000
vn -0.5779 -0.8161 -0.0000
vn -0.5045 -0.8634 -0.0000
vn -0.4281 -0.9037 -0.0000
vn -0.3478 -0.9376 -0.0000
vn -0.2656 -0.9641 -0.0000
vn -0.1538 -0.9881 -0.0000
vn -0.1398 -0.9902 -0.0053
vn -0.0617 0.7058 0.7058
vn -0.1277 0.6955 0.7071
vn -0.1783 0.6654 0.7248
vn -0.1881 0.6828 0.7060
vn -0.2459 0.6630 0.7071
vn -0.2921 0.6264 0.7227
vn -0.3032 0.6401 0.7059
vn -0.3568 0.6105 0.7071
vn -0.3977 0.5680 0.7205
vn -0.4093 0.5781 0.7059
vn -0.4569 0.5397 0.7071
vn -0.4920 0.4920 0.7183
vn -0.5030 0.4987 0.7059
vn -0.5433 0.4526 0.7071
vn -0.5719 0.4005 0.7159
vn -0.5817 0.4043 0.7059
vn -0.6133 0.3519 0.7071
vn -0.6350 0.2961 0.7135
vn -0.6428 0.2977 0.7058
vn -0.6649 0.2407 0.7071
vn -0.6792 0.1820 0.7110
vn -0.6846 0.1822 0.7058
vn -0.7058 0.0617 0.7058
vn -0.7058 -0.0617 0.7058
vn -0.6846 -0.1822 0.7058
vn -0.6792 -0.1820 0.7110
vn -0.6649 -0.2407 0.7071
vn -0.6428 -0.2977 0.7058
vn -0.6350 -0.2961 0.7135
vn -0.6133 -0.3519 0.7071
vn -0.5817 -0.4043 0.7059
vn -0.5719 -0.4005 0.7159
vn -0.5432 -0.4526 0.7071
vn -0.5030 -0.4987 0.7059
vn -0.4920 -0.4920 0.7183
vn -0.4569 -0.5397 0.7071
vn -0.4093 -0.5781 0.7059
vn -0.3977 -0.5680 0.7205
vn -0.3567 -0.6105 0.7071
vn -0.3032 -0.6401 0.7059
vn -0.2921 -0.6264 0.7227
vn -0.2459 -0.6630 0.7071
vn -0.1881 -0.6828 0.7060
vn -0.1783 -0.6654 0.7249
vn -0.1277 -0.6955 0.7071
vn -0.0617 -0.7058 0.7058
s 0
f 1//1 2//1 3//1
f 3//2 2//2 4//2
f 5//3 6//3 7//3
f 7//4 6//4 8//4
f 7//5 8//5 4//5
f 4//6 8//6 9//6
f 4//7 9//7 3//7
f 5//8 7//8 10//8
f 10//9 7//9 11//9
f 10//10 11//10 12//10
f 13//11 14//11 15//11
f 15//12 14//12 16//12
f 15//13 16//13 11//13
f 11//14 16//14 17//14
f 11//15 17//15 12//15
f 18//16 19//16 20//16
f 20//17 19//17 21//17
f 20//18 21//18 15//18
f 15//19 21//19 22//19
f 15//20 22//20 13//20
f 23//21 24//21 25//21
f 25//22 26//22 23//22
f 23//23 26//23 27//23
f 23//24 27//24 20//24
f 20//25 27//25 28//25
f 20//26 28//26 18//26
f 29//27 30//27 31//27
f 2//28 1//28 32//28
f 33//29 34//29 35//29
f 35//30 34//30 36//30
f 35//31 36//31 24//31
f 24//32 36//32 37//32
f 24//33 37//33 25//33
f 30//34 38//34 31//34
f 31//35 38//35 39//35
f 31//36 39//36 33//36
f 33//37 39//37 40//37
f 33//38 40//38 34//38
f 41//39 42//39 31//39
f 31//40 42//40 43//40
f 31//41 43//41 29//41
f 44//42 45//42 46//42
f 46//43 45//43 47//43
f 46//44 47//44 41//44
f 41//45 47//45 48//45
f 41//46 48//46 42//46
f 1//47 49//47 32//47
f 32//48 49//48 50//48
f 32//49 50//49 46//49
f 46//50 50//50 51//50
f 46//51 51//51 44//51
f 52//52 11//52 53//52
f 53//52 11//52 7//52
f 53//52 7//52 54//52
f 54//52 7//52 4//52
f 54//52 4//52 55//52
f 55//52 4//52 2//52
f 55//52 2//52 56//52
f 56//52 2//52 32//52
f 56//52 32//52 57//52
f 57//52 32//52 46//52
f 57//52 46//52 58//52
f 58//52 46//52 41//52
f 58//52 41//52 59//52
f 59//52 41//52 31//52
f 59//52 31//52 60//52
f 60//52 31//52 33//52
f 60//52 33//52 61//52
f 61//52 33//52 35//52
f 61//52 35//52 62//52
f 62//52 35//52 24//52
f 62//52 24//52 63//52
f 63//52 24//52 23//52
f 63//52 23//52 64//52
f 64//52 23//52 20//52
f 64//52 20//52 65//52
f 65//52 20//52 15//52
f 65//52 15//52 52//52
f 52//52 15//52 11//52
f 66//53 62//53 67//53
f 67//54 62//54 63//54
f 67//55 63//55 68//55
f 68//56 63//56 64//56
f 68//57 64//57 69//57
f 69//58 64//58 70//58
f 70//59 64//59 65//59
f 70//60 65//60 71//60
f 71//61 65//61 72//61
f 72//62 65//62 52//62
f 72//63 52//63 73//63
f 73//64 52//64 74//64
f 74//65 52//65 53//65
f 74//66 53//66 75//66
f 75//67 53//67 54//67
f 75//68 54//68 76//68
f 76//69 54//69 55//69
f 76//70 55//70 77//70
f 55//71 56//71 77//71
f 77//72 56//72 78//72
f 78//73 56//73 79//73
f 79//74 56//74 57//74
f 79//75 57//75 80//75
f 81//76 82//76 58//76
f 58//77 82//77 83//77
f 58//78 83//78 57//78
f 57//79 83//79 84//79
f 57//80 84//80 80//80
f 81//81 58//81 85//81
f 85//82 58//82 59//82
f 85//83 59//83 86//83
f 86//84 59//84 60//84
f 86//85 60//85 87//85
f 87//86 60//86 88//86
f 88//87 60//87 61//87
f 88//88 61//88 89//88
f 89//89 61//89 62//89
f 89//90 62//90 66//90
f 90//91 91//91 92//91
f 92//92 91//92 93//92
f 94//93 95//93 96//93
f 96//94 95//94 97//94
f 96//95 97//95 93//95
f 93//96 97//96 98//96
f 93//97 98//97 92//97
f 94//98 96//98 99//98
f 99//99 96//99 100//99
f 99//100 100//100 101//100
f 102//101 103//101 104//101
f 104//102 103//102 105//102
f 104//103 105//103 100//103
f 100//104 105//104 106//104
f 100//105 106//105 101//105
f 107//106 108//106 109//106
f 109//107 108//107 110//107
f 109//108 110//108 104//108
f 104//109 110//109 111//109
f 104//110 111//110 102//110
f 112//111 113//111 114//111
f 114//112 115//112 112//112
f 112//113 115//113 116//113
f 112//114 116//114 109//114
f 109//115 116//115 117//115
f 109//116 117//116 107//116
f 118//117 119//117 120//117
f 91//118 90//118 121//118
f 122//119 123//119 124//119
f 124//120 123//120 125//120
f 124//121 125//121 113//121
f 113//122 125//122 126//122
f 113//123 126//123 114//123
f 119//124 127//124 120//124
f 120//125 127//125 128//125
f 120//126 128//126 122//126
f 122//127 128//127 129//127
f 122//128 129//128 123//128
f 130//129 131//129 120//129
f 120//130 131//130 132//130
f 120//131 132//131 118//131
f 133//132 134//132 135//132
f 135//133 134//133 136//133
f 135//134 136//134 130//134
f 130//135 136//135 137//135
f 130//136 137//136 131//136
f 90//137 138//137 121//137
f 121//138 138//138 139//138
f 121//139 139//139 135//139
f 135//140 139//140 140//140
f 135//141 140//141 133//141
f 141//142 100//142 142//142
f 142//142 100//142 96//142
f 142//142 96//142 143//142
f 143//142 96//142 93//142
f 143//142 93//142 144//142
f 144//142 93//142 91//142
f 144//142 91//142 145//142
f 145//142 91//142 121//142
f 145//142 121//142 146//142
f 146//142 121//142 135//142
f 146//142 135//142 147//142
f 147//142 135//142 130//142
f 147//142 130//142 148//142
f 148//142 130//142 120//142
f 148//142 120//142 149//142
f 149//142 120//142 122//142
f 149//142 122//142 150//142
f 150//142 122//142 124//142
f 150//142 124//142 151//142
f 151//142 124//142 113//142
f 151//142 113//142 152//142
f 152//142 113//142 112//142
f 152//142 112//142 153//142
f 153//142 112//142 109//142
f 153//142 109//142 154//142
f 154//142 109//142 104//142
f 154//142 104//142 141//142
f 141//142 104//142 100//142
f 155//143 151//143 156//143
f 156//144 151//144 152//144
f 156//145 152//145 157//145
f 157//146 152//146 153//146
f 157//147 153//147 158//147
f 158//148 153//148 159//148
f 159//149 153//149 154//149
f 159//150 154//150 160//150
f 160//151 154//151 161//151
f 161//152 154//152 141//152
f 161//153 141//153 162//153
f 162//154 141//154 163//154
f 163//155 141//155 142//155
f 163//156 142//156 164//156
f 164//157 142//157 143//157
f 164//158 143//158 165//158
f 165//159 143//159 144//159
f 165//160 144//160 166//160
f 144//161 145//161 166//161
f 166//162 145//162 167//162
f 167//163 145//163 168//163
f 168//164 145//164 146//164
f 168//165 146//165 169//165
f 170//166 171//166 147//166
f 147//167 171//167 172//167
f 147//168 172//168 146//168
f 146//169 172//169 173//169
f 146//170 173//170 169//170
f 170//171 147//171 174//171
f 174//172 147//172 148//172
f 174//173 148//173 175//173
f 175//174 148//174 149//174
f 175//175 149//175 176//175
f 176//176 149//176 177//176
f 177//177 149//177 150//177
f 177//178 150//178 178//178
f 178//179 150//179 151//179
f 178//180 151//180 155//180
f 179//181 180//181 181//181
f 182//182 183//182 184//182
f 185//183 186//183 187//183
f 185//184 187//184 188//184
f 188//185 187//185 189//185
f 188//186 189//186 190//186
f 190//187 189//187 191//187
f 190//188 191//188 192//188
f 193//189 194//189 195//189
f 195//190 194//190 196//190
f 195//191 196//191 191//191
f 191//192 196//192 197//192
f 191//193 197//193 192//193
f 193//194 195//194 198//194
f 198//195 195//195 199//195
f 198//196 199//196 200//196
f 183//197 201//197 184//197
f 184//198 201//198 202//198
f 184//199 202//199 199//199
f 199//200 202//200 203//200
f 199//201 203//201 200//201
f 204//202 205//202 184//202
f 184//203 205//203 206//203
f 184//204 206//204 182//204
f 180//205 207//205 181//205
f 181//206 207//206 208//206
f 181//207 208//207 204//207
f 204//208 208//208 209//208
f 204//209 209//209 205//209
f 210//210 211//210 212//210
f 210//211 212//211 181//211
f 181//212 212//212 213//212
f 181//213 213//213 179//213
f 214//214 215//214 216//214
f 214//215 216//215 210//215
f 210//216 216//216 217//216
f 210//217 217//217 211//217
f 218//218 219//218 220//218
f 220//219 221//219 218//219
f 218//220 221//220 222//220
f 218//221 222//221 214//221
f 214//222 222//222 223//222
f 214//223 223//223 215//223
f 224//224 225//224 226//224
f 227//225 228//225 219//225
f 219//226 228//226 220//226
f 229//227 230//227 231//227
f 229//228 231//228 227//228
f 227//229 231//229 232//229
f 227//230 232//230 228//230
f 230//231 229//231 233//231
f 233//232 229//232 234//232
f 233//233 234//233 235//233
f 235//234 234//234 236//234
f 236//235 234//235 237//235
f 236//236 237//236 238//236
f 238//237 237//237 239//237
f 239//238 237//238 240//238
f 239//239 240//239 241//239
f 242//240 243//240 244//240
f 244//241 243//241 245//241
f 244//242 245//242 240//242
f 240//243 245//243 246//243
f 240//244 246//244 241//244
f 225//245 247//245 226//245
f 226//246 247//246 248//246
f 226//247 248//247 244//247
f 244//248 248//248 249//248
f 244//249 249//249 242//249
f 250//250 251//250 252//250
f 250//251 252//251 226//251
f 226//252 252//252 253//252
f 226//253 253//253 224//253
f 254//254 255//254 256//254
f 256//255 255//255 257//255
f 256//256 257//256 250//256
f 250//257 257//257 258//257
f 250//258 258//258 251//258
f 254//259 256//259 259//259
f 259//260 256//260 260//260
f 259//261 260//261 261//261
f 261//262 260//262 187//262
f 261//263 187//263 186//263
f 262//142 184//142 263//142
f 263//142 184//142 199//142
f 263//142 199//142 264//142
f 264//142 199//142 195//142
f 264//142 195//142 265//142
f 265//142 195//142 191//142
f 265//142 191//142 266//142
f 266//142 191//142 189//142
f 266//142 189//142 267//142
f 267//142 189//142 187//142
f 267//142 187//142 268//142
f 268//142 187//142 260//142
f 268//142 260//142 269//142
f 269//142 260//142 256//142
f 269//142 256//142 270//142
f 270//142 256//142 250//142
f 270//142 250//142 271//142
f 271//142 250//142 226//142
f 271//142 226//142 272//142
f 226//142 244//142 272//142
f 272//142 244//142 240//142
f 272//142 240//142 273//142
f 273//142 240//142 237//142
f 273//142 237//142 274//142
f 274//142 237//142 234//142
f 274//142 234//142 275//142
f 275//142 234//142 229//142
f 275//142 229//142 276//142
f 276//142 229//142 227//142
f 276//142 227//142 277//142
f 277//142 227//142 219//142
f 277//142 219//142 278//142
f 278//142 219//142 218//142
f 278//142 218//142 279//142
f 279//142 218//142 214//142
f 279//142 214//142 280//142
f 280//142 214//142 210//142
f 280//142 210//142 281//142
f 281//142 210//142 181//142
f 281//142 181//142 262//142
f 262//142 181//142 204//142
f 262//142 204//142 184//142
f 282//264 277//264 283//264
f 283//265 277//265 278//265
f 284//266 285//266 279//266
f 279//267 285//267 286//267
f 279//268 286//268 278//268
f 278//269 286//269 287//269
f 278//270 287//270 283//270
f 281//271 288//271 280//271
f 280//272 288//272 289//272
f 280//273 289//273 290//273
f 290//274 291//274 280//274
f 280//275 291//275 292//275
f 280//276 292//276 279//276
f 279//277 292//277 293//277
f 279//278 293//278 284//278
f 294//279 295//279 262//279
f 262//280 295//280 296//280
f 262//281 296//281 281//281
f 281//282 296//282 297//282
f 281//283 297//283 288//283
f 263//284 298//284 299//284
f 263//285 299//285 262//285
f 262//286 299//286 300//286
f 262//287 300//287 294//287
f 298//200 263//200 301//200
f 301//288 263//288 264//288
f 301//289 264//289 302//289
f 303//290 304//290 265//290
f 265//291 304//291 305//291
f 265//292 305//292 264//292
f 264//293 305//293 306//293
f 264//294 306//294 302//294
f 303//295 265//295 307//295
f 307//296 265//296 266//296
f 307//297 266//297 308//297
f 308//298 266//298 309//298
f 309//299 266//299 267//299
f 309//300 267//300 310//300
f 282//301 311//301 277//301
f 277//302 311//302 312//302
f 277//303 312//303 276//303
f 310//304 267//304 313//304
f 313//305 267//305 268//305
f 314//306 315//306 269//306
f 269//307 315//307 316//307
f 269//308 316//308 268//308
f 268//309 316//309 317//309
f 268//310 317//310 313//310
f 271//311 318//311 319//311
f 271//312 319//312 270//312
f 270//313 319//313 320//313
f 270//314 320//314 321//314
f 321//315 322//315 270//315
f 270//316 322//316 323//316
f 270//317 323//317 269//317
f 269//318 323//318 324//318
f 269//319 324//319 314//319
f 325//320 326//320 272//320
f 272//321 326//321 327//321
f 272//322 327//322 271//322
f 271//323 327//323 328//323
f 271//324 328//324 318//324
f 273//325 329//325 272//325
f 272//326 329//326 330//326
f 272//327 330//327 325//327
f 331//328 332//328 274//328
f 274//329 332//329 333//329
f 274//330 333//330 273//330
f 273//331 333//331 334//331
f 273//332 334//332 329//332
f 275//333 335//333 274//333
f 274//334 335//334 336//334
f 274//335 336//335 331//335
f 312//336 337//336 276//336
f 276//337 337//337 338//337
f 276//338 338//338 275//338
f 275//339 338//339 339//339
f 275//340 339//340 335//340
f 340//341 341//341 342//341
f 342//341 343//341 340//341
f 340//342 343//342 344//342
f 340//343 344//343 345//343
f 344//344 346//344 345//344
f 345//345 346//345 347//345
f 345//346 347//346 348//346
f 347//347 349//347 348//347
f 348//348 349//348 350//348
f 348//349 350//349 351//349
f 350//350 352//350 351//350
f 351//351 352//351 353//351
f 351//352 353//352 354//352
f 353//353 355//353 354//353
f 354//354 355//354 356//354
f 354//355 356//355 357//355
f 357//356 356//356 358//356
f 357//357 358//357 359//357
f 359//357 358//357 360//357
f 359//358 360//358 361//358
f 361//358 360//358 362//358
f 361//359 362//359 363//359
f 363//359 362//359 364//359
f 363//360 364//360 365//360
f 365//360 364//360 366//360
f 365//361 366//361 367//361
f 366//362 368//362 367//362
f 367//363 368//363 369//363
f 367//364 369//364 370//364
f 369//365 371//365 370//365
f 370//366 371//366 372//366
f 370//367 372//367 373//367
f 372//368 374//368 373//368
f 373//369 374//369 375//369
f 373//370 375//370 376//370
f 375//371 377//371 376//371
f 376//372 377//372 378//372
f 376//373 378//373 379//373
f 380//374 381//374 382//374
f 382//374 381//374 379//374
f 382//375 379//375 383//375
f 383//376 379//376 378//376
f 384//377 385//377 386//377
f 384//377 386//377 387//377
f 387//378 386//378 388//378
f 387//379 388//379 389//379
f 388//380 390//380 389//380
f 389//381 390//381 391//381
f 389//382 391//382 392//382
f 391//383 393//383 392//383
f 392//384 393//384 394//384
f 392//385 394//385 395//385
f 394//386 396//386 395//386
f 395//387 396//387 397//387
f 395//388 397//388 398//388
f 397//389 399//389 398//389
f 398//390 399//390 400//390
f 398//391 400//391 401//391
f 400//392 402//392 401//392
f 401//393 402//393 403//393
f 401//394 403//394 404//394
f 403//395 405//395 404//395
f 404//396 405//396 406//396
f 404//397 406//397 407//397
f 406//398 408//398 407//398
f 407//399 408//399 409//399
f 407//399 409//399 410//399
f 410//400 409//400 411//400
f 410//400 411//400 412//400
f 412//401 411//401 413//401
f 412//402 413//402 414//402
f 413//403 415//403 414//403
f 414//404 415//404 416//404
f 414//405 416//405 417//405
f 416//406 418//406 417//406
f 417//407 418//407 419//407
f 417//408 419//408 420//408
f 419//409 421//409 420//409
f 420//410 421//410 422//410
f 420//411 422//411 423//411
f 422//412 424//412 423//412
f 423//413 424//413 425//413
f 423//414 425//414 426//414
f 425//415 427//415 426//415
f 426//416 427//416 428//416
f 426//417 428//417 429//417
f 428//418 430//418 429//418
f 429//419 430//419 431//419
f 429//420 431//420 432//420
f 431//421 433//421 432//421
f 432//422 433//422 434//422
f 432//422 434//422 435//422
f 435//423 434//423 436//423
f 435//423 436//423 437//423
f 437//424 436//424 438//424
f 437//425 438//425 439//425
f 438//426 440//426 439//426
f 439//427 440//427 441//427
f 439//428 441//428 442//428
f 441//429 443//429 442//429
f 442//430 443//430 444//430
f 442//431 444//431 445//431
f 444//432 446//432 445//432
f 445//433 446//433 447//433
f 445//434 447//434 448//434
f 447//435 449//435 448//435
f 448//436 449//436 450//436
f 448//437 450//437 451//437
f 450//438 452//438 451//438
f 451//439 452//439 453//439
f 451//440 453//440 454//440
f 453//441 455//441 454//441
f 454//442 455//442 456//442
f 454//443 456//443 457//443
f 456//444 458//444 457//444
f 457//445 458//445 459//445
f 457//446 459//446 460//446
f 459//447 461//447 460//447
f 460//448 461//448 462//448
f 460//449 462//449 463//449
f 462//450 464//450 463//450
f 463//451 464//451 465//451
f 463//452 465//452 466//452
f 465//453 467//453 466//453
f 466//454 467//454 468//454
f 466//455 468//455 469//455
f 468//456 470//456 469//456
f 469//457 470//457 471//457
f 469//458 471//458 472//458
f 471//459 473//459 472//459
f 472//460 473//460 474//460
f 472//461 474//461 475//461
f 474//462 476//462 475//462
f 475//463 476//463 477//463
f 475//464 477//464 478//464
f 477//465 479//465 478//465
f 478//466 479//466 480//466
f 478//467 480//467 481//467
f 480//468 482//468 481//468
f 481//469 482//469 483//469
f 481//470 483//470 484//470
f 483//471 485//471 484//471
f 484//472 485//472 385//472
f 484//472 385//472 384//472
f 354//473 472//473 351//473
f 351//473 472//473 475//473
f 351//473 475//473 348//473
f 348//473 475//473 478//473
f 348//473 478//473 345//473
f 345//473 478//473 481//473
f 345//473 481//473 340//473
f 340//473 481//473 484//473
f 340//473 484//473 341//473
f 341//473 484//473 384//473
f 341//473 384//473 486//473
f 486//473 384//473 387//473
f 486//473 387//473 487//473
f 487//473 387//473 389//473
f 487//473 389//473 488//473
f 488//473 389//473 392//473
f 488//473 392//473 489//473
f 490//473 423//473 491//473
f 491//473 423//473 426//473
f 491//473 426//473 492//473
f 492//473 426//473 429//473
f 492//473 429//473 493//473
f 493//473 429//473 432//473
f 493//473 432//473 381//473
f 381//473 432//473 435//473
f 381//473 435//473 379//473
f 379//473 435//473 437//473
f 379//473 437//473 376//473
f 376//473 437//473 439//473
f 376//473 439//473 373//473
f 373//473 439//473 442//473
f 373//473 442//473 370//473
f 392//473 395//473 489//473
f 489//473 395//473 398//473
f 489//473 398//473 494//473
f 494//473 398//473 401//473
f 494//473 401//473 495//473
f 495//473 401//473 404//473
f 495//473 404//473 496//473
f 496//473 404//473 407//473
f 496//473 407//473 497//473
f 497//473 407//473 410//473
f 497//473 410//473 498//473
f 498//473 410//473 412//473
f 498//473 412//473 499//473
f 499//473 412//473 414//473
f 499//473 414//473 500//473
f 500//473 414//473 417//473
f 500//473 417//473 490//473
f 490//473 417//473 420//473
f 490//473 420//473 423//473
f 442//473 445//473 370//473
f 370//473 445//473 448//473
f 370//473 448//473 367//473
f 367//473 448//473 451//473
f 367//473 451//473 365//473
f 365//473 451//473 454//473
f 365//473 454//473 363//473
f 363//473 454//473 457//473
f 363//473 457//473 361//473
f 361//473 457//473 460//473
f 361//473 460//473 359//473
f 359//473 460//473 463//473
f 359//473 463//473 357//473
f 357//473 463//473 466//473
f 357//473 466//473 354//473
f 354//473 466//473 469//473
f 354//473 469//473 472//473
f 493//474 381//474 380//474
f 380//474 501//474 493//474
f 493//475 501//475 502//475
f 493//476 502//476 492//476
f 502//477 503//477 492//477
f 492//478 503//478 504//478
f 492//479 504//479 491//479
f 504//480 505//480 491//480
f 491//481 505//481 506//481
f 491//482 506//482 490//482
f 506//483 507//483 490//483
f 490//484 507//484 508//484
f 490//485 508//485 500//485
f 508//486 509//486 500//486
f 500//487 509//487 510//487
f 500//488 510//488 499//488
f 499//489 510//489 511//489
f 499//490 511//490 498//490
f 498//490 511//490 512//490
f 498//491 512//491 497//491
f 497//491 512//491 513//491
f 497//492 513//492 496//492
f 496//492 513//492 514//492
f 496//493 514//493 495//493
f 495//493 514//493 515//493
f 495//494 515//494 494//494
f 515//495 516//495 494//495
f 494//496 516//496 517//496
f 494//497 517//497 489//497
f 517//498 518//498 489//498
f 489//499 518//499 519//499
f 489//500 519//500 488//500
f 519//501 520//501 488//501
f 488//502 520//502 521//502
f 488//503 521//503 487//503
f 521//504 522//504 487//504
f 487//505 522//505 523//505
f 487//506 523//506 486//506
f 342//507 341//507 524//507
f 524//507 341//507 486//507
f 524//508 486//508 525//508
f 525//509 486//509 523//509
f 526//510 527//510 528//510
f 529//511 530//511 527//511
f 527//512 530//512 531//512
f 527//513 531//513 528//513
f 532//514 533//514 529//514
f 529//515 533//515 534//515
f 529//516 534//516 530//516
f 529//517 535//517 532//517
f 532//518 535//518 536//518
f 532//519 536//519 537//519
f 538//520 539//520 540//520
f 540//521 539//521 541//521
f 542//522 543//522 541//522
f 541//523 543//523 544//523
f 541//524 544//524 540//524
f 528//525 545//525 526//525
f 526//526 545//526 546//526
f 526//527 546//527 542//527
f 542//528 546//528 547//528
f 542//529 547//529 543//529
f 548//530 549//530 550//530
f 551//531 552//531 549//531
f 549//532 552//532 553//532
f 549//533 553//533 550//533
f 554//534 555//534 551//534
f 551//535 555//535 556//535
f 551//536 556//536 552//536
f 551//537 557//537 554//537
f 554//538 557//538 539//538
f 554//539 539//539 538//539
f 537//540 536//540 558//540
f 558//541 536//541 559//541
f 560//542 561//542 559//542
f 559//543 561//543 562//543
f 559//544 562//544 558//544
f 550//545 563//545 548//545
f 548//546 563//546 564//546
f 548//547 564//547 560//547
f 560//548 564//548 565//548
f 560//549 565//549 561//549
f 566//550 526//550 567//550
f 567//550 526//550 542//550
f 567//550 542//550 568//550
f 568//550 542//550 541//550
f 568//550 541//550 569//550
f 569//550 541//550 539//550
f 569//550 539//550 570//550
f 570//550 539//550 557//550
f 570//550 557//550 571//550
f 571//550 557//550 551//550
f 571//550 551//550 572//550
f 551//550 549//550 572//550
f 572//550 549//550 548//550
f 572//550 548//550 573//550
f 573//550 548//550 560//550
f 573//550 560//550 574//550
f 574//550 560//550 559//550
f 574//550 559//550 575//550
f 575//550 559//550 536//550
f 575//550 536//550 576//550
f 576//550 536//550 535//550
f 576//550 535//550 577//550
f 577//550 535//550 529//550
f 577//550 529//550 566//550
f 566//550 529//550 527//550
f 566//550 527//550 526//550
f 578//551 579//551 567//551
f 567//552 579//552 566//552
f 578//553 567//553 580//553
f 580//554 567//554 568//554
f 580//555 568//555 581//555
f 581//556 568//556 569//556
f 581//557 569//557 582//557
f 583//558 575//558 584//558
f 584//559 575//559 576//559
f 584//560 576//560 585//560
f 585//561 576//561 586//561
f 586//562 576//562 577//562
f 586//563 577//563 587//563
f 579//564 588//564 566//564
f 566//565 588//565 589//565
f 566//566 589//566 577//566
f 577//567 589//567 590//567
f 577//568 590//568 587//568
f 591//569 592//569 573//569
f 573//570 592//570 572//570
f 591//571 573//571 593//571
f 593//572 573//572 574//572
f 593//573 574//573 594//573
f 594//574 574//574 575//574
f 594//575 575//575 583//575
f 582//576 569//576 595//576
f 595//577 569//577 570//577
f 595//578 570//578 596//578
f 596//579 570//579 597//579
f 597//580 570//580 571//580
f 597//581 571//581 598//581
f 592//582 599//582 572//582
f 572//583 599//583 600//583
f 572//584 600//584 571//584
f 571//585 600//585 601//585
f 571//586 601//586 598//586
f 602//587 603//587 604//587
f 605//588 606//588 607//588
f 607//589 606//589 608//589
f 607//590 608//590 609//590
f 609//591 608//591 610//591
f 609//592 610//592 611//592
f 603//593 602//593 612//593
f 612//594 602//594 613//594
f 612//595 613//595 614//595
f 614//596 613//596 615//596
f 614//597 615//597 616//597
f 616//598 615//598 617//598
f 616//599 617//599 618//599
f 618//600 617//600 619//600
f 618//601 619//601 620//601
f 620//602 619//602 621//602
f 620//603 621//603 611//603
f 611//604 621//604 622//604
f 611//605 622//605 609//605
f 623//606 624//606 625//606
f 625//607 626//607 623//607
f 623//608 626//608 627//608
f 623//609 627//609 604//609
f 604//610 627//610 628//610
f 604//611 628//611 602//611
f 606//612 605//612 629//612
f 629//613 605//613 630//613
f 629//614 630//614 631//614
f 630//615 632//615 631//615
f 631//616 632//616 633//616
f 631//617 633//617 634//617
f 634//618 633//618 635//618
f 634//619 635//619 636//619
f 636//620 635//620 637//620
f 636//621 637//621 638//621
f 638//622 637//622 639//622
f 638//623 639//623 640//623
f 640//624 639//624 641//624
f 640//625 641//625 642//625
f 642//626 641//626 643//626
f 642//627 643//627 644//627
f 644//628 643//628 645//628
f 644//629 645//629 646//629
f 645//630 647//630 646//630
f 646//631 647//631 648//631
f 646//632 648//632 649//632
f 649//633 648//633 650//633
f 650//634 648//634 651//634
f 650//635 651//635 652//635
f 652//636 651//636 625//636
f 652//637 625//637 624//637
f 653//638 654//638 655//638
f 656//612 657//612 658//612
f 658//639 657//639 659//639
f 658//640 659//640 660//640
f 660//641 659//641 661//641
f 660//642 661//642 662//642
f 654//643 653//643 663//643
f 663//644 653//644 664//644
f 663//645 664//645 665//645
f 665//646 664//646 666//646
f 665//647 666//647 667//647
f 667//648 666//648 668//648
f 667//649 668//649 669//649
f 669//650 668//650 670//650
f 669//651 670//651 671//651
f 671//652 670//652 672//652
f 671//653 672//653 662//653
f 662//654 672//654 673//654
f 662//655 673//655 660//655
f 674//656 675//656 676//656
f 676//657 677//657 674//657
f 674//658 677//658 678//658
f 674//659 678//659 655//659
f 655//660 678//660 679//660
f 655//661 679//661 653//661
f 657//588 656//588 680//588
f 680//662 656//662 681//662
f 680//663 681//663 682//663
f 681//664 683//664 682//664
f 682//665 683//665 684//665
f 682//666 684//666 685//666
f 685//667 684//667 686//667
f 685//668 686//668 687//668
f 687//669 686//669 688//669
f 687//670 688//670 689//670
f 689//671 688//671 690//671
f 689//672 690//672 691//672
f 691//673 690//673 692//673
f 691//674 692//674 693//674
f 693//675 692//675 694//675
f 693//676 694//676 695//676
f 695//677 694//677 696//677
f 695//678 696//678 697//678
f 696//679 698//679 697//679
f 697//680 698//680 699//680
f 697//681 699//681 700//681
f 700//682 699//682 701//682
f 701//683 699//683 702//683
f 701//684 702//684 703//684
f 703//685 702//685 676//685
f 703//686 676//686 675//686
f 704//687 705//687 706//687
f 706//688 705//688 707//688
f 706//689 707//689 708//689
f 708//690 707//690 709//690
f 708//691 709//691 710//691
f 710//692 709//692 711//692
f 710//693 711//693 712//693
f 712//694 711//694 713//694
f 713//695 711//695 714//695
f 713//696 714//696 715//696
f 714//697 716//697 715//697
f 715//698 716//698 717//698
f 715//699 717//699 718//699
f 718//700 717//700 719//700
f 718//701 719//701 720//701
f 720//702 719//702 721//702
f 720//703 721//703 722//703
f 722//704 721//704 723//704
f 722//705 723//705 724//705
f 724//706 723//706 725//706
f 725//707 723//707 726//707
f 725//708 726//708 727//708
f 727//709 726//709 728//709
f 727//710 728//710 729//710
f 729//711 728//711 730//711
f 729//712 730//712 731//712
f 729//713 731//713 732//713
f 732//714 731//714 733//714
f 732//715 733//715 734//715
f 734//716 733//716 735//716
f 733//717 736//717 735//717
f 735//718 736//718 737//718
f 735//719 737//719 738//719
f 738//720 737//720 739//720
f 738//721 739//721 740//721
f 740//722 739//722 741//722
f 740//723 741//723 742//723
f 742//724 741//724 743//724
f 742//725 743//725 744//725
f 744//726 743//726 745//726
f 744//727 745//727 746//727
f 746//728 745//728 747//728
f 746//729 747//729 748//729
f 747//730 749//730 748//730
f 748//731 749//731 750//731
f 748//732 750//732 751//732
f 751//733 750//733 752//733
f 751//734 752//734 753//734
f 753//735 752//735 754//735
f 753//736 754//736 755//736
f 755//737 754//737 705//737
f 755//738 705//738 704//738
f 756//739 757//739 758//739
f 758//739 759//739 756//739
f 756//740 759//740 760//740
f 756//741 760//741 761//741
f 760//742 762//742 761//742
f 761//743 762//743 763//743
f 761//744 763//744 764//744
f 763//745 765//745 764//745
f 764//746 765//746 766//746
f 764//747 766//747 767//747
f 766//748 768//748 767//748
f 767//749 768//749 769//749
f 767//750 769//750 770//750
f 769//751 771//751 770//751
f 770//752 771//752 772//752
f 770//753 772//753 773//753
f 772//754 774//754 773//754
f 773//755 774//755 775//755
f 773//756 775//756 776//756
f 776//757 775//757 777//757
f 776//758 777//758 778//758
f 777//759 779//759 778//759
f 778//760 779//760 780//760
f 778//761 780//761 781//761
f 780//762 782//762 781//762
f 781//763 782//763 783//763
f 781//764 783//764 784//764
f 783//765 785//765 784//765
f 784//766 785//766 786//766
f 784//767 786//767 787//767
f 786//768 788//768 787//768
f 787//769 788//769 789//769
f 787//770 789//770 790//770
f 789//771 791//771 790//771
f 790//772 791//772 792//772
f 790//773 792//773 793//773
f 794//774 795//774 796//774
f 796//774 795//774 793//774
f 796//775 793//775 797//775
f 797//776 793//776 792//776
f 798//777 795//777 794//777
f 794//777 799//777 798//777
f 798//778 799//778 800//778
f 798//779 800//779 801//779
f 800//780 802//780 801//780
f 801//781 802//781 803//781
f 801//782 803//782 804//782
f 803//783 805//783 804//783
f 804//784 805//784 806//784
f 804//785 806//785 807//785
f 806//786 808//786 807//786
f 807//787 808//787 809//787
f 807//788 809//788 810//788
f 809//789 811//789 810//789
f 810//790 811//790 812//790
f 810//791 812//791 813//791
f 812//792 814//792 813//792
f 813//793 814//793 815//793
f 813//794 815//794 816//794
f 816//795 815//795 817//795
f 816//796 817//796 818//796
f 817//797 819//797 818//797
f 818//798 819//798 820//798
f 818//799 820//799 821//799
f 820//800 822//800 821//800
f 821//801 822//801 823//801
f 821//802 823//802 824//802
f 823//803 825//803 824//803
f 824//804 825//804 826//804
f 824//805 826//805 827//805
f 826//806 828//806 827//806
f 827//807 828//807 829//807
f 827//808 829//808 830//808
f 829//809 831//809 830//809
f 830//810 831//810 832//810
f 830//811 832//811 833//811
f 758//812 757//812 834//812
f 834//812 757//812 833//812
f 834//813 833//813 835//813
f 835//814 833//814 832//814
f 787//815 836//815 784//815
f 784//815 836//815 837//815
f 784//815 837//815 781//815
f 781//815 837//815 838//815
f 781//815 838//815 778//815
f 778//815 838//815 839//815
f 778//815 839//815 776//815
f 776//815 839//815 840//815
f 776//815 840//815 773//815
f 773//815 840//815 841//815
f 773//815 841//815 770//815
f 770//815 841//815 842//815
f 770//815 842//815 767//815
f 827//815 843//815 824//815
f 824//815 843//815 844//815
f 824//815 844//815 821//815
f 821//815 844//815 845//815
f 821//815 845//815 818//815
f 818//815 845//815 846//815
f 818//815 846//815 816//815
f 816//815 846//815 847//815
f 816//815 847//815 813//815
f 813//815 847//815 848//815
f 813//815 848//815 810//815
f 810//815 848//815 849//815
f 810//815 849//815 807//815
f 842//815 850//815 767//815
f 767//815 850//815 851//815
f 767//815 851//815 764//815
f 764//815 851//815 852//815
f 764//815 852//815 761//815
f 761//815 852//815 853//815
f 761//815 853//815 756//815
f 756//815 853//815 854//815
f 756//815 854//815 757//815
f 757//815 854//815 855//815
f 757//815 855//815 833//815
f 833//815 855//815 856//815
f 833//815 856//815 830//815
f 830//815 856//815 857//815
f 830//815 857//815 827//815
f 827//815 857//815 858//815
f 827//815 858//815 843//815
f 849//815 859//815 807//815
f 807//815 859//815 860//815
f 807//815 860//815 804//815
f 804//815 860//815 861//815
f 804//815 861//815 801//815
f 801//815 861//815 862//815
f 801//815 862//815 798//815
f 798//815 862//815 863//815
f 798//815 863//815 795//815
f 795//815 863//815 864//815
f 795//815 864//815 793//815
f 793//815 864//815 865//815
f 793//815 865//815 790//815
f 790//815 865//815 866//815
f 790//815 866//815 787//815
f 787//815 866//815 867//815
f 787//815 867//815 836//815
f 855//816 868//816 869//816
f 855//816 869//816 856//816
f 856//817 869//817 870//817
f 856//818 870//818 857//818
f 870//819 871//819 857//819
f 857//820 871//820 872//820
f 857//821 872//821 858//821
f 872//822 873//822 858//822
f 858//823 873//823 874//823
f 858//824 874//824 843//824
f 874//825 875//825 843//825
f 843//826 875//826 876//826
f 843//827 876//827 844//827
f 876//828 877//828 844//828
f 844//829 877//829 878//829
f 844//830 878//830 845//830
f 878//831 879//831 845//831
f 845//832 879//832 880//832
f 845//832 880//832 846//832
f 846//833 880//833 881//833
f 846//833 881//833 847//833
f 847//834 881//834 882//834
f 847//834 882//834 848//834
f 848//835 882//835 883//835
f 848//835 883//835 849//835
f 849//836 883//836 884//836
f 849//837 884//837 859//837
f 884//838 885//838 859//838
f 859//839 885//839 886//839
f 859//840 886//840 860//840
f 886//841 887//841 860//841
f 860//842 887//842 888//842
f 860//843 888//843 861//843
f 861//844 888//844 889//844
f 861//845 889//845 862//845
f 889//846 890//846 862//846
f 862//847 890//847 891//847
f 862//848 891//848 863//848
f 863//849 891//849 892//849
f 892//850 893//850 863//850
f 863//851 893//851 894//851
f 863//851 894//851 864//851
f 864//852 894//852 895//852
f 864//852 895//852 865//852
f 865//853 895//853 896//853
f 865//854 896//854 866//854
f 896//855 897//855 866//855
f 866//856 897//856 898//856
f 866//857 898//857 867//857
f 898//858 899//858 867//858
f 867//859 899//859 900//859
f 867//860 900//860 836//860
f 900//861 901//861 836//861
f 836//862 901//862 902//862
f 836//863 902//863 837//863
f 902//864 903//864 837//864
f 837//865 903//865 904//865
f 837//866 904//866 838//866
f 904//867 905//867 838//867
f 838//868 905//868 906//868
f 838//868 906//868 839//868
f 839//869 906//869 907//869
f 839//869 907//869 840//869
f 840//870 907//870 908//870
f 840//870 908//870 841//870
f 841//871 908//871 909//871
f 841//871 909//871 842//871
f 842//872 909//872 910//872
f 842//873 910//873 850//873
f 910//874 911//874 850//874
f 850//875 911//875 912//875
f 850//876 912//876 851//876
f 912//877 913//877 851//877
f 851//878 913//878 914//878
f 851//879 914//879 852//879
f 852//880 914//880 915//880
f 852//881 915//881 853//881
f 915//882 916//882 853//882
f 853//883 916//883 917//883
f 853//884 917//884 854//884
f 854//885 917//885 918//885
f 918//886 919//886 854//886
f 854//887 919//887 868//887
f 854//887 868//887 855//887
f 920//888 921//888 922//888
f 920//889 922//889 923//889
f 923//890 922//890 924//890
f 923//891 924//891 925//891
f 925//892 924//892 926//892
f 925//733 926//733 927//733
f 927//893 926//893 928//893
f 927//731 928//731 929//731
f 929//894 928//894 930//894
f 930//895 928//895 931//895
f 930//896 931//896 932//896
f 931//897 933//897 932//897
f 932//898 933//898 934//898
f 932//899 934//899 935//899
f 935//900 934//900 936//900
f 935//901 936//901 937//901
f 937//902 936//902 938//902
f 937//903 938//903 939//903
f 939//904 938//904 940//904
f 939//905 940//905 941//905
f 941//906 940//906 942//906
f 942//907 940//907 943//907
f 942//908 943//908 944//908
f 944//909 943//909 945//909
f 944//910 945//910 946//910
f 946//911 945//911 947//911
f 946//912 947//912 948//912
f 946//913 949//913 944//913
f 944//914 949//914 950//914
f 932//915 896//915 930//915
f 930//916 896//916 895//916
f 930//917 895//917 929//917
f 935//918 937//918 951//918
f 937//919 939//919 951//919
f 951//920 939//920 941//920
f 951//921 941//921 950//921
f 950//922 941//922 942//922
f 950//923 942//923 944//923
f 920//924 923//924 894//924
f 894//925 923//925 925//925
f 894//926 925//926 895//926
f 895//927 925//927 927//927
f 895//928 927//928 929//928
f 868//929 919//929 751//929
f 751//930 753//930 868//930
f 868//931 753//931 755//931
f 868//932 755//932 704//932
f 740//933 742//933 918//933
f 952//934 738//934 740//934
f 742//935 744//935 918//935
f 918//936 744//936 746//936
f 918//937 746//937 919//937
f 919//938 746//938 748//938
f 919//939 748//939 751//939
f 953//940 954//940 729//940
f 729//941 732//941 953//941
f 953//942 732//942 734//942
f 953//943 734//943 952//943
f 952//944 734//944 735//944
f 952//945 735//945 738//945
f 658//946 660//946 955//946
f 692//947 690//947 907//947
f 907//948 690//948 688//948
f 907//949 688//949 908//949
f 908//950 688//950 686//950
f 908//951 686//951 684//951
f 684//952 683//952 908//952
f 908//953 683//953 681//953
f 908//954 681//954 656//954
f 660//955 673//955 955//955
f 955//956 673//956 672//956
f 955//957 672//957 956//957
f 956//958 672//958 670//958
f 664//959 957//959 666//959
f 666//960 957//960 956//960
f 666//961 956//961 668//961
f 668//962 956//962 670//962
f 702//963 699//963 906//963
f 664//964 653//964 957//964
f 957//965 653//965 679//965
f 957//966 679//966 678//966
f 678//967 677//967 906//967
f 906//968 677//968 676//968
f 906//969 676//969 702//969
f 699//970 698//970 906//970
f 906//971 698//971 696//971
f 906//972 696//972 907//972
f 907//973 696//973 694//973
f 907//974 694//974 692//974
f 740//975 918//975 952//975
f 952//976 918//976 917//976
f 952//977 917//977 958//977
f 917//978 916//978 958//978
f 958//979 916//979 915//979
f 958//980 915//980 959//980
f 915//981 914//981 959//981
f 959//982 914//982 913//982
f 959//983 913//983 960//983
f 913//984 912//984 960//984
f 960//985 912//985 911//985
f 960//986 911//986 961//986
f 911//987 910//987 961//987
f 961//988 910//988 909//988
f 961//989 909//989 962//989
f 962//990 909//990 908//990
f 962//991 908//991 955//991
f 955//992 908//992 656//992
f 955//993 656//993 658//993
f 678//994 906//994 957//994
f 957//995 906//995 905//995
f 957//996 905//996 963//996
f 963//997 905//997 904//997
f 963//998 904//998 964//998
f 964//999 904//999 903//999
f 964//1000 903//1000 965//1000
f 903//1001 902//1001 965//1001
f 965//1002 902//1002 901//1002
f 965//1003 901//1003 966//1003
f 901//1004 900//1004 966//1004
f 966//1005 900//1005 899//1005
f 966//1006 899//1006 967//1006
f 932//1007 935//1007 896//1007
f 896//1008 935//1008 951//1008
f 896//1009 951//1009 897//1009
f 897//1010 951//1010 967//1010
f 897//1011 967//1011 898//1011
f 898//1012 967//1012 899//1012
f 968//1013 969//1013 970//1013
f 968//1013 970//1013 971//1013
f 971//1014 970//1014 972//1014
f 971//1015 972//1015 973//1015
f 972//1016 974//1016 973//1016
f 973//1017 974//1017 975//1017
f 973//1018 975//1018 976//1018
f 975//1019 977//1019 976//1019
f 976//1020 977//1020 978//1020
f 976//1021 978//1021 979//1021
f 978//1022 980//1022 979//1022
f 979//1023 980//1023 981//1023
f 979//1024 981//1024 982//1024
f 981//1025 983//1025 982//1025
f 982//1026 983//1026 984//1026
f 982//1027 984//1027 985//1027
f 984//1028 986//1028 985//1028
f 985//1029 986//1029 987//1029
f 985//1030 987//1030 988//1030
f 987//1031 989//1031 988//1031
f 988//1032 989//1032 990//1032
f 988//1033 990//1033 991//1033
f 990//1034 992//1034 991//1034
f 991//1035 992//1035 993//1035
f 991//1036 993//1036 994//1036
f 993//1037 995//1037 994//1037
f 994//1038 995//1038 996//1038
f 994//1039 996//1039 997//1039
f 996//1040 998//1040 997//1040
f 997//1041 998//1041 999//1041
f 997//1042 999//1042 1000//1042
f 999//1043 1001//1043 1000//1043
f 1000//1044 1001//1044 1002//1044
f 1000//1045 1002//1045 1003//1045
f 1002//1046 1004//1046 1003//1046
f 1003//1047 1004//1047 1005//1047
f 1003//1048 1005//1048 1006//1048
f 1005//1049 1007//1049 1006//1049
f 1006//1050 1007//1050 1008//1050
f 1006//1051 1008//1051 1009//1051
f 1008//1052 1010//1052 1009//1052
f 1009//1053 1010//1053 1011//1053
f 1009//1054 1011//1054 1012//1054
f 1011//1055 1013//1055 1012//1055
f 1012//1056 1013//1056 1014//1056
f 1012//1057 1014//1057 1015//1057
f 1014//1058 1016//1058 1015//1058
f 1015//1059 1016//1059 1017//1059
f 1015//1060 1017//1060 1018//1060
f 1017//1061 1019//1061 1018//1061
f 1018//1062 1019//1062 1020//1062
f 1018//1062 1020//1062 1021//1062
f 960//815 1009//815 959//815
f 959//815 1009//815 1012//815
f 959//815 1012//815 958//815
f 958//815 1012//815 1015//815
f 958//815 1015//815 952//815
f 952//815 1015//815 1018//815
f 952//815 1018//815 953//815
f 953//815 1018//815 1021//815
f 953//815 1021//815 954//815
f 966//815 979//815 965//815
f 965//815 979//815 982//815
f 965//815 982//815 964//815
f 964//815 982//815 985//815
f 964//815 985//815 963//815
f 963//815 985//815 988//815
f 963//815 988//815 957//815
f 957//815 988//815 991//815
f 957//815 991//815 956//815
f 956//815 991//815 994//815
f 956//815 994//815 955//815
f 955//815 994//815 997//815
f 955//815 997//815 962//815
f 962//815 997//815 1000//815
f 962//815 1000//815 961//815
f 961//815 1000//815 1003//815
f 961//815 1003//815 960//815
f 960//815 1003//815 1006//815
f 960//815 1006//815 1009//815
f 950//815 968//815 951//815
f 951//815 968//815 971//815
f 951//815 971//815 967//815
f 967//815 971//815 973//815
f 967//815 973//815 966//815
f 966//815 973//815 976//815
f 966//815 976//815 979//815
f 1022//815 1023//815 1024//815
f 1024//815 1023//815 1025//815
f 1024//815 1025//815 1026//815
f 1026//815 1025//815 1027//815
f 1026//815 1027//815 1028//815
f 1028//815 1027//815 1029//815
f 1028//815 1029//815 1030//815
f 1030//815 1029//815 968//815
f 1030//815 968//815 949//815
f 949//815 968//815 950//815
f 1031//815 1032//815 1033//815
f 1033//815 1032//815 1034//815
f 1034//815 1032//815 1035//815
f 1034//815 1035//815 1021//815
f 1021//815 1035//815 1036//815
f 1021//815 1036//815 954//815
f 1033//815 1037//815 1031//815
f 1031//815 1037//815 1038//815
f 1031//815 1038//815 1039//815
f 1039//815 1038//815 1040//815
f 1039//815 1040//815 1041//815
f 1041//815 1040//815 1042//815
f 1041//815 1042//815 1043//815
f 1043//815 1042//815 1044//815
f 1043//815 1044//815 1045//815
f 1045//815 1044//815 1046//815
f 1045//815 1046//815 1047//815
f 1047//815 1046//815 1048//815
f 1047//815 1048//815 1049//815
f 1049//815 1048//815 1050//815
f 1049//815 1050//815 1051//815
f 1051//815 1050//815 1052//815
f 1051//815 1052//815 1053//815
f 1053//815 1052//815 1054//815
f 1053//815 1054//815 1022//815
f 1022//815 1054//815 1055//815
f 1022//815 1055//815 1023//815
f 729//1063 954//1063 727//1063
f 727//1064 954//1064 1036//1064
f 715//1065 870//1065 713//1065
f 713//1066 870//1066 869//1066
f 713//1067 869//1067 712//1067
f 718//1068 720//1068 1035//1068
f 720//1069 722//1069 1035//1069
f 1035//1070 722//1070 724//1070
f 1035//1071 724//1071 1036//1071
f 1036//1072 724//1072 725//1072
f 1036//1073 725//1073 727//1073
f 704//1074 706//1074 868//1074
f 868//1075 706//1075 708//1075
f 868//1076 708//1076 869//1076
f 869//1077 708//1077 710//1077
f 869//1078 710//1078 712//1078
f 894//1079 893//1079 1056//1079
f 1056//1080 1057//1080 894//1080
f 894//1081 1057//1081 1058//1081
f 894//1082 1058//1082 920//1082
f 1059//1083 1060//1083 892//1083
f 1028//1084 1061//1084 1059//1084
f 1060//1085 1062//1085 892//1085
f 892//1086 1062//1086 1063//1086
f 892//1087 1063//1087 893//1087
f 893//1088 1063//1088 1064//1088
f 893//1089 1064//1089 1056//1089
f 1030//1090 949//1090 946//1090
f 946//1091 1065//1091 1030//1091
f 1030//1092 1065//1092 1066//1092
f 1030//1093 1066//1093 1028//1093
f 1028//1094 1066//1094 1067//1094
f 1028//1095 1067//1095 1061//1095
f 1047//1096 641//1096 639//1096
f 1047//1097 639//1097 1045//1097
f 1045//1098 639//1098 637//1098
f 1045//1099 637//1099 635//1099
f 635//1100 633//1100 1045//1100
f 1045//1101 633//1101 632//1101
f 1045//1102 632//1102 630//1102
f 630//1103 605//1103 880//1103
f 880//1104 605//1104 607//1104
f 880//1105 607//1105 609//1105
f 609//1106 622//1106 880//1106
f 880//1107 622//1107 621//1107
f 880//1108 621//1108 881//1108
f 881//1109 621//1109 619//1109
f 881//1110 619//1110 617//1110
f 617//1111 615//1111 881//1111
f 881//1112 615//1112 613//1112
f 881//1113 613//1113 882//1113
f 882//1114 613//1114 602//1114
f 882//1115 602//1115 628//1115
f 651//1116 648//1116 1049//1116
f 628//1117 627//1117 882//1117
f 882//1118 627//1118 626//1118
f 882//1119 626//1119 625//1119
f 648//1120 647//1120 1049//1120
f 1049//1121 647//1121 645//1121
f 1049//1122 645//1122 1047//1122
f 1047//1123 645//1123 643//1123
f 1047//1124 643//1124 641//1124
f 1059//1125 892//1125 1028//1125
f 1028//1126 892//1126 891//1126
f 1028//1127 891//1127 1026//1127
f 891//1128 890//1128 1026//1128
f 1026//1129 890//1129 889//1129
f 1026//1130 889//1130 1024//1130
f 889//1131 888//1131 1024//1131
f 1024//1132 888//1132 887//1132
f 1024//1133 887//1133 1022//1133
f 887//1134 886//1134 1022//1134
f 1022//1135 886//1135 885//1135
f 1022//1136 885//1136 1053//1136
f 885//1137 884//1137 1053//1137
f 1053//1138 884//1138 883//1138
f 1053//1139 883//1139 1051//1139
f 1051//1140 883//1140 882//1140
f 1051//1141 882//1141 1049//1141
f 1049//1142 882//1142 625//1142
f 1049//1143 625//1143 651//1143
f 630//1144 880//1144 1045//1144
f 1045//1145 880//1145 879//1145
f 1045//1146 879//1146 1043//1146
f 1043//1147 879//1147 878//1147
f 1043//1148 878//1148 1041//1148
f 1041//1149 878//1149 877//1149
f 1041//1150 877//1150 1039//1150
f 877//1151 876//1151 1039//1151
f 1039//1152 876//1152 875//1152
f 1039//1153 875//1153 1031//1153
f 875//1154 874//1154 1031//1154
f 1031//1155 874//1155 873//1155
f 1031//1156 873//1156 1032//1156
f 715//1157 718//1157 870//1157
f 870//1158 718//1158 1035//1158
f 870//1159 1035//1159 871//1159
f 871//1160 1035//1160 1032//1160
f 871//1161 1032//1161 872//1161
f 872//1162 1032//1162 873//1162
f 946//1163 948//1163 1065//1163
f 1065//1164 948//1164 1068//1164
f 1065//1165 1068//1165 1066//1165
f 1066//1166 1068//1166 1067//1166
f 1068//1167 1069//1167 1067//1167
f 1067//1168 1069//1168 1070//1168
f 1067//1169 1070//1169 1061//1169
f 1061//1170 1070//1170 1071//1170
f 1061//1171 1071//1171 1059//1171
f 1059//1172 1071//1172 1072//1172
f 1059//1173 1072//1173 1060//1173
f 1060//1174 1072//1174 1073//1174
f 1060//1175 1073//1175 1062//1175
f 1062//1176 1073//1176 1074//1176
f 1062//1177 1074//1177 1063//1177
f 1063//1178 1074//1178 1075//1178
f 1063//1179 1075//1179 1064//1179
f 1075//1180 1076//1180 1064//1180
f 1064//693 1076//693 1077//693
f 1064//1181 1077//1181 1056//1181
f 1056//1182 1077//1182 1078//1182
f 1056//1183 1078//1183 1057//1183
f 1057//1184 1078//1184 1079//1184
f 1057//1185 1079//1185 1058//1185
f 1058//1186 1079//1186 921//1186
f 1058//1187 921//1187 920//1187
f 1080//1188 1071//1188 1070//1188
f 948//1189 1081//1189 1068//1189
f 1068//1190 1081//1190 1080//1190
f 1068//1191 1080//1191 1069//1191
f 1069//1192 1080//1192 1070//1192
f 1071//1193 1080//1193 1072//1193
f 1072//1194 1080//1194 1082//1194
f 1072//1195 1082//1195 1073//1195
f 1076//1196 1075//1196 799//1196
f 799//1197 1075//1197 1074//1197
f 799//1198 1074//1198 800//1198
f 921//1199 1079//1199 794//1199
f 794//1200 1079//1200 1078//1200
f 794//1201 1078//1201 799//1201
f 799//1202 1078//1202 1077//1202
f 799//1203 1077//1203 1076//1203
f 711//1204 709//1204 834//1204
f 834//1205 709//1205 758//1205
f 758//1206 709//1206 707//1206
f 758//1207 707//1207 705//1207
f 721//1208 719//1208 835//1208
f 719//1209 717//1209 835//1209
f 835//1210 717//1210 716//1210
f 835//1211 716//1211 834//1211
f 834//1212 716//1212 714//1212
f 834//1213 714//1213 711//1213
f 726//1214 723//1214 1083//1214
f 726//1215 1083//1215 728//1215
f 1084//1216 731//1216 1083//1216
f 1083//1217 731//1217 730//1217
f 1083//1218 730//1218 728//1218
f 723//1219 721//1219 1083//1219
f 1083//1220 721//1220 835//1220
f 1083//1221 835//1221 1085//1221
f 1085//1222 835//1222 832//1222
f 1085//1223 832//1223 1086//1223
f 832//1224 831//1224 1086//1224
f 1086//1225 831//1225 829//1225
f 1086//1226 829//1226 1087//1226
f 829//1227 828//1227 1087//1227
f 1087//1228 828//1228 826//1228
f 1087//1229 826//1229 1088//1229
f 826//1230 825//1230 1088//1230
f 1088//1231 825//1231 823//1231
f 1088//1232 823//1232 1089//1232
f 604//1233 603//1233 815//1233
f 815//1234 603//1234 612//1234
f 815//1235 612//1235 817//1235
f 817//1236 612//1236 614//1236
f 620//1237 819//1237 618//1237
f 618//1238 819//1238 817//1238
f 618//1239 817//1239 616//1239
f 616//1240 817//1240 614//1240
f 620//1241 611//1241 819//1241
f 819//1242 611//1242 610//1242
f 819//1243 610//1243 608//1243
f 606//1244 629//1244 1090//1244
f 608//1245 606//1245 819//1245
f 819//1246 606//1246 1090//1246
f 819//1247 1090//1247 820//1247
f 820//1248 1090//1248 1089//1248
f 820//1249 1089//1249 822//1249
f 822//1250 1089//1250 823//1250
f 644//1251 646//1251 1091//1251
f 629//1252 631//1252 1090//1252
f 1090//1253 631//1253 634//1253
f 1090//1254 634//1254 636//1254
f 636//1255 638//1255 1090//1255
f 1090//1256 638//1256 640//1256
f 1090//1257 640//1257 1091//1257
f 1091//1258 640//1258 642//1258
f 1091//1259 642//1259 644//1259
f 652//1260 624//1260 815//1260
f 815//1261 624//1261 623//1261
f 815//1262 623//1262 604//1262
f 646//1263 649//1263 1091//1263
f 1091//1264 649//1264 650//1264
f 1091//1265 650//1265 652//1265
f 652//1266 815//1266 1091//1266
f 1091//1267 815//1267 814//1267
f 1091//1268 814//1268 1092//1268
f 814//1269 812//1269 1092//1269
f 1092//1270 812//1270 811//1270
f 1092//1271 811//1271 1093//1271
f 811//1272 809//1272 1093//1272
f 1093//1273 809//1273 808//1273
f 1093//1274 808//1274 1094//1274
f 808//1275 806//1275 1094//1275
f 1094//1276 806//1276 805//1276
f 1094//1277 805//1277 1095//1277
f 1074//1278 1073//1278 800//1278
f 800//1279 1073//1279 1082//1279
f 800//1280 1082//1280 802//1280
f 802//1281 1082//1281 1095//1281
f 802//1282 1095//1282 803//1282
f 803//1283 1095//1283 805//1283
f 922//1284 921//1284 794//1284
f 1096//1285 739//1285 737//1285
f 731//1286 1084//1286 733//1286
f 733//1287 1084//1287 1096//1287
f 733//1288 1096//1288 736//1288
f 736//1289 1096//1289 737//1289
f 739//1290 1096//1290 741//1290
f 741//1291 1096//1291 1097//1291
f 741//1292 1097//1292 743//1292
f 749//1293 747//1293 759//1293
f 759//1294 747//1294 745//1294
f 759//1295 745//1295 760//1295
f 705//1296 754//1296 758//1296
f 758//1297 754//1297 752//1297
f 758//1298 752//1298 759//1298
f 759//1299 752//1299 750//1299
f 759//1300 750//1300 749//1300
f 928//1301 926//1301 796//1301
f 796//1302 926//1302 794//1302
f 794//1303 926//1303 924//1303
f 794//1304 924//1304 922//1304
f 938//1305 936//1305 797//1305
f 936//1306 934//1306 797//1306
f 797//1307 934//1307 933//1307
f 797//1308 933//1308 796//1308
f 796//1309 933//1309 931//1309
f 796//1310 931//1310 928//1310
f 943//1311 940//1311 1098//1311
f 943//1312 1098//1312 945//1312
f 1081//1313 948//1313 1098//1313
f 1098//1314 948//1314 947//1314
f 1098//1315 947//1315 945//1315
f 940//1316 938//1316 1098//1316
f 1098//1317 938//1317 797//1317
f 1098//1318 797//1318 1099//1318
f 1099//1319 797//1319 792//1319
f 1099//1320 792//1320 1100//1320
f 792//1321 791//1321 1100//1321
f 1100//1322 791//1322 789//1322
f 1100//1323 789//1323 1101//1323
f 789//1324 788//1324 1101//1324
f 1101//1325 788//1325 786//1325
f 1101//1326 786//1326 1102//1326
f 786//1327 785//1327 1102//1327
f 1102//1328 785//1328 783//1328
f 1102//1329 783//1329 1103//1329
f 682//1330 775//1330 680//1330
f 680//1331 775//1331 657//1331
f 682//1332 685//1332 775//1332
f 775//1333 685//1333 687//1333
f 775//1334 687//1334 777//1334
f 777//1335 687//1335 689//1335
f 689//1336 691//1336 777//1336
f 777//1337 691//1337 693//1337
f 777//1338 693//1338 779//1338
f 779//1339 693//1339 695//1339
f 779//1340 695//1340 697//1340
f 675//1341 674//1341 1104//1341
f 697//1342 700//1342 779//1342
f 779//1343 700//1343 701//1343
f 779//1344 701//1344 703//1344
f 703//1345 675//1345 779//1345
f 779//1346 675//1346 1104//1346
f 779//1347 1104//1347 780//1347
f 780//1348 1104//1348 1103//1348
f 780//1349 1103//1349 782//1349
f 782//1350 1103//1350 783//1350
f 671//1351 662//1351 1105//1351
f 674//1352 655//1352 1104//1352
f 1104//1353 655//1353 654//1353
f 1104//1354 654//1354 663//1354
f 663//1355 665//1355 1104//1355
f 1104//1356 665//1356 667//1356
f 1104//1357 667//1357 1105//1357
f 1105//1358 667//1358 669//1358
f 1105//1359 669//1359 671//1359
f 662//1360 661//1360 1105//1360
f 1105//1361 661//1361 659//1361
f 1105//1362 659//1362 657//1362
f 657//1363 775//1363 1105//1363
f 1105//1364 775//1364 774//1364
f 1105//1365 774//1365 1106//1365
f 774//1366 772//1366 1106//1366
f 1106//1367 772//1367 771//1367
f 1106//1368 771//1368 1107//1368
f 771//1369 769//1369 1107//1369
f 1107//1370 769//1370 768//1370
f 1107//1371 768//1371 1108//1371
f 768//1372 766//1372 1108//1372
f 1108//1373 766//1373 765//1373
f 1108//1374 765//1374 1109//1374
f 745//1375 743//1375 760//1375
f 760//1376 743//1376 1097//1376
f 760//1377 1097//1377 762//1377
f 762//1378 1097//1378 1109//1378
f 762//1379 1109//1379 763//1379
f 763//1380 1109//1380 765//1380
f 1105//473 1110//473 1104//473
f 1104//473 1110//473 1111//473
f 1104//473 1111//473 1103//473
f 1103//473 1111//473 1112//473
f 1103//473 1112//473 1102//473
f 1102//473 1112//473 1113//473
f 1102//473 1113//473 1101//473
f 1101//473 1113//473 1114//473
f 1101//473 1114//473 1100//473
f 1097//473 1115//473 1109//473
f 1109//473 1115//473 1116//473
f 1109//473 1116//473 1108//473
f 1108//473 1116//473 1117//473
f 1108//473 1117//473 1107//473
f 1107//473 1117//473 1118//473
f 1107//473 1118//473 1106//473
f 1106//473 1118//473 1119//473
f 1106//473 1119//473 1105//473
f 1105//473 1119//473 1120//473
f 1105//473 1120//473 1110//473
f 1091//473 1121//473 1090//473
f 1090//473 1121//473 1122//473
f 1090//473 1122//473 1089//473
f 1089//473 1122//473 1123//473
f 1089//473 1123//473 1088//473
f 1088//473 1123//473 1124//473
f 1088//473 1124//473 1087//473
f 1087//473 1124//473 1125//473
f 1087//473 1125//473 1086//473
f 1082//473 1126//473 1095//473
f 1095//473 1126//473 1127//473
f 1095//473 1127//473 1094//473
f 1094//473 1127//473 1128//473
f 1094//473 1128//473 1093//473
f 1093//473 1128//473 1129//473
f 1093//473 1129//473 1092//473
f 1092//473 1129//473 1130//473
f 1092//473 1130//473 1091//473
f 1091//473 1130//473 1131//473
f 1091//473 1131//473 1121//473
f 1114//473 1132//473 1100//473
f 1100//473 1132//473 1133//473
f 1100//473 1133//473 1099//473
f 1099//473 1133//473 1134//473
f 1099//473 1134//473 1098//473
f 1098//473 1134//473 1135//473
f 1098//473 1135//473 1081//473
f 1081//473 1135//473 1136//473
f 1081//473 1136//473 1080//473
f 1080//473 1136//473 1137//473
f 1080//473 1137//473 1082//473
f 1082//473 1137//473 1138//473
f 1082//473 1138//473 1126//473
f 1125//473 1139//473 1086//473
f 1086//473 1139//473 1140//473
f 1086//473 1140//473 1085//473
f 1085//473 1140//473 1141//473
f 1085//473 1141//473 1083//473
f 1083//473 1141//473 1142//473
f 1083//473 1142//473 1084//473
f 1084//473 1142//473 1143//473
f 1084//473 1143//473 1096//473
f 1096//473 1143//473 1144//473
f 1096//473 1144//473 1097//473
f 1097//473 1144//473 1145//473
f 1097//473 1145//473 1115//473
f 330//1381 329//1381 171//1381
f 581//1382 582//1382 502//1382
f 1141//1383 595//1383 596//1383
f 600//1384 1143//1384 601//1384
f 601//1385 1143//1385 1142//1385
f 601//1386 1142//1386 598//1386
f 598//1387 1142//1387 1141//1387
f 598//1388 1141//1388 597//1388
f 597//1389 1141//1389 596//1389
f 380//924 589//924 588//924
f 380//1390 588//1390 501//1390
f 588//1391 579//1391 501//1391
f 501//1392 579//1392 578//1392
f 501//1393 578//1393 502//1393
f 502//1394 578//1394 580//1394
f 502//1395 580//1395 581//1395
f 524//1396 1146//1396 342//1396
f 342//1397 1146//1397 1147//1397
f 342//1398 1147//1398 1148//1398
f 525//1399 1149//1399 1150//1399
f 1150//1400 1151//1400 525//1400
f 525//1401 1151//1401 1152//1401
f 525//1402 1152//1402 524//1402
f 524//1403 1152//1403 1153//1403
f 524//1404 1153//1404 1146//1404
f 1137//940 1136//940 1154//940
f 1154//1405 1155//1405 1137//1405
f 1137//1406 1155//1406 1156//1406
f 1137//1407 1156//1407 1138//1407
f 1138//1408 1156//1408 1157//1408
f 1138//1409 1157//1409 1149//1409
f 514//1410 332//1410 515//1410
f 515//1411 332//1411 331//1411
f 515//1412 331//1412 336//1412
f 336//1413 335//1413 515//1413
f 515//1414 335//1414 339//1414
f 515//1415 339//1415 338//1415
f 338//1416 337//1416 515//1416
f 515//1417 337//1417 312//1417
f 515//1418 312//1418 311//1418
f 282//1419 283//1419 1130//1419
f 1130//1420 283//1420 287//1420
f 1130//1421 287//1421 286//1421
f 286//1422 285//1422 1130//1422
f 1130//1423 285//1423 284//1423
f 1130//1424 284//1424 293//1424
f 164//1425 514//1425 163//1425
f 163//1426 514//1426 513//1426
f 163//1427 513//1427 162//1427
f 162//1428 513//1428 161//1428
f 164//1429 165//1429 514//1429
f 514//1430 165//1430 166//1430
f 514//1431 166//1431 332//1431
f 332//1432 166//1432 167//1432
f 332//1433 167//1433 168//1433
f 171//1434 329//1434 172//1434
f 168//1435 169//1435 332//1435
f 332//1436 169//1436 173//1436
f 332//1437 173//1437 333//1437
f 333//1438 173//1438 172//1438
f 333//1439 172//1439 334//1439
f 334//1440 172//1440 329//1440
f 318//1441 328//1441 174//1441
f 174//1442 328//1442 327//1442
f 174//1443 327//1443 170//1443
f 170//1444 327//1444 326//1444
f 170//1445 326//1445 171//1445
f 171//1446 326//1446 325//1446
f 171//1447 325//1447 330//1447
f 318//1448 174//1448 319//1448
f 319//1449 174//1449 175//1449
f 319//1450 175//1450 320//1450
f 320//1451 175//1451 321//1451
f 321//1452 175//1452 176//1452
f 321//1453 176//1453 177//1453
f 177//1454 178//1454 321//1454
f 321//1455 178//1455 155//1455
f 321//1456 155//1456 512//1456
f 512//1457 155//1457 156//1457
f 512//1458 156//1458 157//1458
f 157//1459 158//1459 512//1459
f 512//1460 158//1460 159//1460
f 512//1461 159//1461 513//1461
f 513//1462 159//1462 160//1462
f 513//1463 160//1463 161//1463
f 305//1464 304//1464 1123//1464
f 1123//1465 304//1465 303//1465
f 1123//1466 303//1466 307//1466
f 313//1467 317//1467 511//1467
f 307//1468 308//1468 1123//1468
f 1123//1469 308//1469 309//1469
f 1123//1470 309//1470 310//1470
f 313//1471 511//1471 310//1471
f 317//1472 316//1472 511//1472
f 511//1473 316//1473 315//1473
f 511//1474 315//1474 314//1474
f 314//1475 324//1475 511//1475
f 511//1476 324//1476 323//1476
f 511//1477 323//1477 512//1477
f 512//1478 323//1478 322//1478
f 512//1479 322//1479 321//1479
f 298//1480 301//1480 1122//1480
f 1122//1481 301//1481 302//1481
f 1122//1482 302//1482 1123//1482
f 1123//1483 302//1483 306//1483
f 1123//1484 306//1484 305//1484
f 295//1485 294//1485 1121//1485
f 1121//1486 294//1486 300//1486
f 1121//1487 300//1487 1122//1487
f 1122//1488 300//1488 299//1488
f 1122//1489 299//1489 298//1489
f 293//1490 292//1490 1130//1490
f 1130//1491 292//1491 291//1491
f 1130//1492 291//1492 1131//1492
f 1131//1493 291//1493 290//1493
f 1131//1494 290//1494 289//1494
f 289//1495 288//1495 1131//1495
f 1131//1496 288//1496 297//1496
f 1131//1497 297//1497 1121//1497
f 1121//1498 297//1498 296//1498
f 1121//1499 296//1499 295//1499
f 1149//1500 525//1500 1138//1500
f 1138//976 525//976 523//976
f 1138//1501 523//1501 1126//1501
f 523//978 522//978 1126//978
f 1126//979 522//979 521//979
f 1126//1502 521//1502 1127//1502
f 521//981 520//981 1127//981
f 1127//982 520//982 519//982
f 1127//1503 519//1503 1128//1503
f 519//984 518//984 1128//984
f 1128//985 518//985 517//985
f 1128//1504 517//1504 1129//1504
f 517//987 516//987 1129//987
f 1129//988 516//988 515//988
f 1129//1505 515//1505 1130//1505
f 1130//1506 515//1506 311//1506
f 1130//1507 311//1507 282//1507
f 310//1508 511//1508 1123//1508
f 1123//1509 511//1509 510//1509
f 1123//998 510//998 1124//998
f 1124//999 510//999 509//999
f 1124//1510 509//1510 1125//1510
f 509//1001 508//1001 1125//1001
f 1125//1002 508//1002 507//1002
f 1125//1511 507//1511 1139//1511
f 507//1004 506//1004 1139//1004
f 1139//1005 506//1005 505//1005
f 1139//1512 505//1512 1140//1512
f 582//1513 595//1513 502//1513
f 502//1514 595//1514 1141//1514
f 502//1009 1141//1009 503//1009
f 503//1515 1141//1515 1140//1515
f 503//1011 1140//1011 504//1011
f 504//1012 1140//1012 505//1012
f 1158//1516 1159//1516 1160//1516
f 1160//1517 1159//1517 1161//1517
f 1160//1518 1161//1518 1162//1518
f 1162//1519 1161//1519 1163//1519
f 1163//1520 1161//1520 1164//1520
f 1163//1521 1164//1521 1165//1521
f 1155//1522 1154//1522 1166//1522
f 1166//545 1154//545 1167//545
f 1166//1523 1167//1523 1164//1523
f 1164//1524 1167//1524 1168//1524
f 1164//1525 1168//1525 1165//1525
f 1166//1526 1169//1526 1155//1526
f 1155//1527 1169//1527 1170//1527
f 1155//1528 1170//1528 1156//1528
f 1156//1529 1170//1529 1171//1529
f 1156//1530 1171//1530 1157//1530
f 1157//1531 1171//1531 1172//1531
f 1157//1532 1172//1532 1149//1532
f 1154//1533 1136//1533 1167//1533
f 1167//1534 1136//1534 1135//1534
f 344//1535 1173//1535 1158//1535
f 1134//1536 1160//1536 1162//1536
f 1162//1537 1163//1537 1134//1537
f 1134//1538 1163//1538 1165//1538
f 1134//1539 1165//1539 1135//1539
f 1135//1540 1165//1540 1168//1540
f 1135//1541 1168//1541 1167//1541
f 342//1542 1148//1542 1174//1542
f 342//1543 1174//1543 343//1543
f 1174//1544 1175//1544 343//1544
f 343//1545 1175//1545 1176//1545
f 343//1546 1176//1546 344//1546
f 344//1547 1176//1547 1177//1547
f 344//1548 1177//1548 1173//1548
f 382//1549 590//1549 380//1549
f 380//1550 590//1550 589//1550
f 1145//1551 594//1551 583//1551
f 383//1552 583//1552 584//1552
f 584//1553 585//1553 383//1553
f 383//1554 585//1554 586//1554
f 383//1555 586//1555 382//1555
f 382//1556 586//1556 587//1556
f 382//1557 587//1557 590//1557
f 1143//1090 600//1090 1144//1090
f 1144//1558 600//1558 599//1558
f 599//1559 592//1559 1144//1559
f 1144//1560 592//1560 591//1560
f 1144//1561 591//1561 1145//1561
f 1145//1562 591//1562 593//1562
f 1145//1563 593//1563 594//1563
f 1111//1564 86//1564 87//1564
f 87//1565 88//1565 1111//1565
f 1111//1566 88//1566 89//1566
f 1111//1567 89//1567 66//1567
f 68//1568 360//1568 67//1568
f 67//1569 360//1569 66//1569
f 68//1570 69//1570 360//1570
f 360//1571 69//1571 70//1571
f 360//1572 70//1572 362//1572
f 362//1573 70//1573 71//1573
f 362//1574 71//1574 72//1574
f 75//1575 364//1575 74//1575
f 74//1576 364//1576 362//1576
f 74//1577 362//1577 73//1577
f 73//1578 362//1578 72//1578
f 75//1579 76//1579 364//1579
f 364//1580 76//1580 77//1580
f 364//1581 77//1581 78//1581
f 84//1582 1120//1582 80//1582
f 80//1583 1120//1583 79//1583
f 84//1584 83//1584 1120//1584
f 1120//1585 83//1585 82//1585
f 1120//1586 82//1586 1110//1586
f 1110//1587 82//1587 81//1587
f 1110//1588 81//1588 1111//1588
f 1111//1589 81//1589 85//1589
f 1111//1590 85//1590 86//1590
f 583//1591 383//1591 1145//1591
f 1145//1126 383//1126 378//1126
f 1145//1592 378//1592 1115//1592
f 378//1128 377//1128 1115//1128
f 1115//1129 377//1129 375//1129
f 1115//1593 375//1593 1116//1593
f 375//1131 374//1131 1116//1131
f 1116//1132 374//1132 372//1132
f 1116//1594 372//1594 1117//1594
f 372//1134 371//1134 1117//1134
f 1117//1135 371//1135 369//1135
f 1117//1595 369//1595 1118//1595
f 369//1137 368//1137 1118//1137
f 1118//1138 368//1138 366//1138
f 1118//1596 366//1596 1119//1596
f 1119//1597 366//1597 364//1597
f 1119//1598 364//1598 1120//1598
f 1120//1599 364//1599 78//1599
f 1120//1600 78//1600 79//1600
f 66//1601 360//1601 1111//1601
f 1111//1602 360//1602 358//1602
f 1111//1603 358//1603 1112//1603
f 1112//1604 358//1604 356//1604
f 1112//1148 356//1148 1113//1148
f 1113//1149 356//1149 355//1149
f 1113//1605 355//1605 1114//1605
f 355//1151 353//1151 1114//1151
f 1114//1152 353//1152 352//1152
f 1114//1606 352//1606 1132//1606
f 352//1154 350//1154 1132//1154
f 1132//1155 350//1155 349//1155
f 1132//1607 349//1607 1133//1607
f 1158//1608 1160//1608 344//1608
f 344//1609 1160//1609 1134//1609
f 344//1159 1134//1159 346//1159
f 346//1610 1134//1610 1133//1610
f 346//1161 1133//1161 347//1161
f 347//1162 1133//1162 349//1162
f 1177//1611 1176//1611 1178//1611
f 1178//1612 1176//1612 1179//1612
f 1177//1613 1178//1613 1173//1613
f 1173//1614 1178//1614 1159//1614
f 1173//1615 1159//1615 1158//1615
f 1149//1616 1172//1616 1150//1616
f 1150//1617 1172//1617 1180//1617
f 1150//1618 1180//1618 1151//1618
f 1151//1619 1180//1619 1152//1619
f 1152//1620 1180//1620 1181//1620
f 1152//1621 1181//1621 1153//1621
f 1176//1622 1175//1622 1179//1622
f 1179//1623 1175//1623 1174//1623
f 1179//1624 1174//1624 1182//1624
f 1182//1625 1174//1625 1148//1625
f 1182//1626 1148//1626 1183//1626
f 1183//525 1148//525 1147//525
f 1183//1627 1147//1627 1181//1627
f 1181//1628 1147//1628 1146//1628
f 1181//1629 1146//1629 1153//1629
f 1181//1630 1184//1630 1183//1630
f 1183//1630 1184//1630 1185//1630
f 1183//1630 1185//1630 1182//1630
f 1182//1630 1185//1630 1186//1630
f 1182//1630 1186//1630 1179//1630
f 1179//1630 1186//1630 1187//1630
f 1179//1630 1187//1630 1178//1630
f 1178//1630 1187//1630 1188//1630
f 1178//1630 1188//1630 1159//1630
f 1159//1630 1188//1630 1189//1630
f 1159//1630 1189//1630 1161//1630
f 1161//1630 1189//1630 1190//1630
f 1161//1630 1190//1630 1164//1630
f 1164//1630 1190//1630 1191//1630
f 1164//1630 1191//1630 1166//1630
f 1166//1630 1191//1630 1192//1630
f 1166//1630 1192//1630 1169//1630
f 1169//1630 1192//1630 1193//1630
f 1169//1630 1193//1630 1170//1630
f 1170//1630 1193//1630 1194//1630
f 1170//1630 1194//1630 1171//1630
f 1171//1630 1194//1630 1195//1630
f 1171//1630 1195//1630 1172//1630
f 1172//1630 1195//1630 1196//1630
f 1172//1630 1196//1630 1180//1630
f 1180//1630 1196//1630 1197//1630
f 1180//1630 1197//1630 1181//1630
f 1181//1630 1197//1630 1184//1630
f 1198//1631 1199//1631 1192//1631
f 1192//1632 1199//1632 1200//1632
f 1192//1633 1200//1633 1193//1633
f 1198//1634 1192//1634 1201//1634
f 1201//1635 1192//1635 1191//1635
f 1201//1636 1191//1636 1202//1636
f 1190//1637 1189//1637 1203//1637
f 1203//1638 1204//1638 1190//1638
f 1190//1639 1204//1639 1205//1639
f 1190//1640 1205//1640 1191//1640
f 1191//1641 1205//1641 1206//1641
f 1191//1642 1206//1642 1202//1642
f 1207//1643 1196//1643 1208//1643
f 1208//1644 1196//1644 1195//1644
f 1194//1645 1209//1645 1195//1645
f 1195//1646 1209//1646 1210//1646
f 1195//1647 1210//1647 1208//1647
f 1200//533 1211//533 1193//533
f 1193//1648 1211//1648 1212//1648
f 1193//1649 1212//1649 1194//1649
f 1194//1650 1212//1650 1213//1650
f 1194//1651 1213//1651 1209//1651
f 1185//1652 1214//1652 1186//1652
f 1184//1653 1215//1653 1185//1653
f 1185//1654 1215//1654 1216//1654
f 1185//1655 1216//1655 1214//1655
f 1217//1656 1218//1656 1184//1656
f 1184//1657 1218//1657 1219//1657
f 1184//1658 1219//1658 1215//1658
f 1184//1659 1197//1659 1217//1659
f 1217//1660 1197//1660 1196//1660
f 1217//1661 1196//1661 1207//1661
f 1203//1662 1189//1662 1220//1662
f 1220//1663 1189//1663 1188//1663
f 1220//1664 1188//1664 1221//1664
f 1221//1665 1188//1665 1222//1665
f 1222//1666 1188//1666 1187//1666
f 1222//1667 1187//1667 1223//1667
f 1214//1668 1224//1668 1186//1668
f 1186//1669 1224//1669 1225//1669
f 1186//1670 1225//1670 1187//1670
f 1187//1671 1225//1671 1226//1671
f 1187//1672 1226//1672 1223//1672
f 16//1673 14//1673 461//1673
f 1198//1674 1201//1674 970//1674
f 970//1675 1201//1675 972//1675
f 1201//1676 1202//1676 972//1676
f 972//1677 1202//1677 1206//1677
f 972//1678 1206//1678 1205//1678
f 1203//1679 1220//1679 483//1679
f 1203//1680 483//1680 1204//1680
f 1226//1681 1225//1681 485//1681
f 485//1682 1225//1682 1224//1682
f 485//1683 1224//1683 385//1683
f 385//1684 1224//1684 1214//1684
f 1220//1685 1221//1685 483//1685
f 483//1686 1221//1686 1222//1686
f 483//1687 1222//1687 485//1687
f 485//1688 1222//1688 1223//1688
f 485//1689 1223//1689 1226//1689
f 969//1690 1200//1690 970//1690
f 970//1691 1200//1691 1199//1691
f 970//1692 1199//1692 1198//1692
f 550//1693 1020//1693 563//1693
f 563//1694 1020//1694 1019//1694
f 533//1695 532//1695 438//1695
f 533//1696 438//1696 534//1696
f 534//1697 438//1697 436//1697
f 534//1698 436//1698 530//1698
f 537//1699 558//1699 1017//1699
f 1017//1700 558//1700 562//1700
f 562//1701 561//1701 1017//1701
f 1017//1702 561//1702 565//1702
f 1017//1703 565//1703 1019//1703
f 1019//1704 565//1704 564//1704
f 1019//1705 564//1705 563//1705
f 530//1706 436//1706 531//1706
f 531//1707 436//1707 434//1707
f 531//1693 434//1693 528//1693
f 50//1708 49//1708 996//1708
f 995//1709 43//1709 996//1709
f 996//1710 43//1710 42//1710
f 42//1711 48//1711 996//1711
f 996//1712 48//1712 47//1712
f 996//1713 47//1713 45//1713
f 45//1714 44//1714 996//1714
f 996//1715 44//1715 51//1715
f 996//1716 51//1716 50//1716
f 459//1717 1//1717 3//1717
f 459//1718 3//1718 9//1718
f 9//1719 8//1719 459//1719
f 459//1720 8//1720 6//1720
f 459//1721 6//1721 5//1721
f 5//1722 10//1722 459//1722
f 459//1723 10//1723 12//1723
f 459//1724 12//1724 461//1724
f 461//1725 12//1725 17//1725
f 461//1726 17//1726 16//1726
f 21//1727 462//1727 22//1727
f 22//1728 462//1728 461//1728
f 22//1729 461//1729 13//1729
f 13//1730 461//1730 14//1730
f 21//1731 19//1731 462//1731
f 462//1732 19//1732 18//1732
f 462//1733 18//1733 28//1733
f 37//1734 36//1734 993//1734
f 28//1735 27//1735 462//1735
f 462//1736 27//1736 26//1736
f 462//1737 26//1737 25//1737
f 36//1738 34//1738 993//1738
f 993//1739 34//1739 40//1739
f 993//1740 40//1740 39//1740
f 39//1741 38//1741 993//1741
f 993//1742 38//1742 30//1742
f 993//1743 30//1743 995//1743
f 995//1744 30//1744 29//1744
f 995//1745 29//1745 43//1745
f 1205//1746 1204//1746 972//1746
f 972//1747 1204//1747 483//1747
f 972//1748 483//1748 974//1748
f 974//1748 483//1748 482//1748
f 974//1749 482//1749 975//1749
f 975//1749 482//1749 480//1749
f 975//1750 480//1750 977//1750
f 977//1750 480//1750 479//1750
f 977//1751 479//1751 978//1751
f 978//1751 479//1751 477//1751
f 978//1752 477//1752 980//1752
f 980//1752 477//1752 476//1752
f 980//1753 476//1753 981//1753
f 981//1753 476//1753 474//1753
f 981//1754 474//1754 983//1754
f 983//1754 474//1754 473//1754
f 983//1755 473//1755 984//1755
f 984//1755 473//1755 471//1755
f 984//1756 471//1756 986//1756
f 986//1756 471//1756 470//1756
f 986//1757 470//1757 987//1757
f 987//1758 470//1758 468//1758
f 987//1759 468//1759 989//1759
f 989//1759 468//1759 467//1759
f 989//1760 467//1760 990//1760
f 990//1760 467//1760 465//1760
f 990//1761 465//1761 992//1761
f 992//1761 465//1761 464//1761
f 992//1762 464//1762 993//1762
f 993//1763 464//1763 462//1763
f 993//1764 462//1764 37//1764
f 37//1765 462//1765 25//1765
f 49//1766 1//1766 996//1766
f 996//1767 1//1767 459//1767
f 996//1768 459//1768 998//1768
f 998//1769 459//1769 458//1769
f 998//1770 458//1770 999//1770
f 999//1770 458//1770 456//1770
f 999//1771 456//1771 1001//1771
f 1001//1771 456//1771 455//1771
f 1001//1772 455//1772 1002//1772
f 1002//1772 455//1772 453//1772
f 1002//1773 453//1773 1004//1773
f 1004//1774 453//1774 452//1774
f 1004//1775 452//1775 1005//1775
f 1005//1775 452//1775 450//1775
f 1005//1776 450//1776 1007//1776
f 1007//1776 450//1776 449//1776
f 1007//1777 449//1777 1008//1777
f 1008//1777 449//1777 447//1777
f 1008//1778 447//1778 1010//1778
f 1010//1778 447//1778 446//1778
f 1010//1779 446//1779 1011//1779
f 1011//1779 446//1779 444//1779
f 1011//1780 444//1780 1013//1780
f 1013//1780 444//1780 443//1780
f 1013//1781 443//1781 1014//1781
f 1014//1781 443//1781 441//1781
f 1014//1782 441//1782 1016//1782
f 1016//1782 441//1782 440//1782
f 1016//1783 440//1783 1017//1783
f 1017//1783 440//1783 438//1783
f 1017//1784 438//1784 537//1784
f 537//1785 438//1785 532//1785
f 105//1786 103//1786 409//1786
f 1200//1787 969//1787 1211//1787
f 1211//1788 969//1788 1227//1788
f 386//1789 1215//1789 1219//1789
f 386//1790 1219//1790 388//1790
f 388//1791 1219//1791 1218//1791
f 388//1792 1218//1792 1217//1792
f 1207//1793 1208//1793 1228//1793
f 1228//1794 1208//1794 1210//1794
f 1210//1795 1209//1795 1228//1795
f 1228//1796 1209//1796 1213//1796
f 1228//1797 1213//1797 1227//1797
f 1227//1798 1213//1798 1212//1798
f 1227//1799 1212//1799 1211//1799
f 1215//1800 386//1800 1216//1800
f 1216//1801 386//1801 385//1801
f 1216//1802 385//1802 1214//1802
f 528//1803 434//1803 545//1803
f 545//1804 434//1804 433//1804
f 545//1805 433//1805 546//1805
f 553//1806 552//1806 1229//1806
f 552//1807 556//1807 1229//1807
f 1229//1808 556//1808 555//1808
f 1229//1809 555//1809 554//1809
f 431//1810 538//1810 540//1810
f 540//1811 544//1811 431//1811
f 431//1812 544//1812 543//1812
f 431//1813 543//1813 433//1813
f 433//1814 543//1814 547//1814
f 433//1815 547//1815 546//1815
f 1229//1816 1230//1816 553//1816
f 553//1817 1230//1817 1020//1817
f 553//1803 1020//1803 550//1803
f 1231//1818 213//1818 1232//1818
f 1232//1819 213//1819 212//1819
f 1232//1820 212//1820 211//1820
f 211//1821 217//1821 1232//1821
f 1232//1822 217//1822 216//1822
f 1232//1823 216//1823 215//1823
f 215//1824 223//1824 1232//1824
f 1232//1825 223//1825 222//1825
f 1232//1826 222//1826 221//1826
f 406//1827 220//1827 228//1827
f 228//1828 232//1828 406//1828
f 406//1829 232//1829 231//1829
f 406//1830 231//1830 230//1830
f 182//1831 206//1831 1233//1831
f 1233//1832 206//1832 205//1832
f 1233//1833 205//1833 1231//1833
f 205//1834 209//1834 1231//1834
f 1231//1835 209//1835 208//1835
f 1231//1836 208//1836 207//1836
f 207//1837 180//1837 1231//1837
f 1231//1838 180//1838 179//1838
f 1231//1839 179//1839 213//1839
f 1234//1840 200//1840 203//1840
f 203//1841 202//1841 1234//1841
f 1234//1842 202//1842 201//1842
f 1234//1843 201//1843 1233//1843
f 1233//1844 201//1844 183//1844
f 1233//1845 183//1845 182//1845
f 411//1846 253//1846 413//1846
f 413//1847 253//1847 252//1847
f 413//1848 252//1848 251//1848
f 251//1849 258//1849 413//1849
f 413//1850 258//1850 257//1850
f 413//1851 257//1851 255//1851
f 255//1852 254//1852 413//1852
f 413//1853 254//1853 259//1853
f 413//1854 259//1854 261//1854
f 186//1855 185//1855 1235//1855
f 1235//1856 185//1856 188//1856
f 1235//1857 188//1857 190//1857
f 190//1858 192//1858 1235//1858
f 1235//1859 192//1859 197//1859
f 1235//1860 197//1860 196//1860
f 196//1861 194//1861 1235//1861
f 1235//1862 194//1862 193//1862
f 1235//1863 193//1863 1234//1863
f 1234//1864 193//1864 198//1864
f 1234//1865 198//1865 200//1865
f 103//1866 102//1866 409//1866
f 409//1867 102//1867 111//1867
f 409//1868 111//1868 411//1868
f 411//1869 111//1869 110//1869
f 411//1870 110//1870 108//1870
f 108//1871 107//1871 411//1871
f 411//1872 107//1872 117//1872
f 411//1873 117//1873 116//1873
f 116//1874 115//1874 411//1874
f 411//1875 115//1875 114//1875
f 411//1876 114//1876 253//1876
f 253//1877 114//1877 126//1877
f 253//1878 126//1878 125//1878
f 125//1879 123//1879 253//1879
f 253//1880 123//1880 129//1880
f 253//1881 129//1881 224//1881
f 224//1882 129//1882 128//1882
f 224//1883 128//1883 225//1883
f 243//1884 242//1884 119//1884
f 119//1885 242//1885 249//1885
f 119//1886 249//1886 127//1886
f 127//1887 249//1887 248//1887
f 127//1888 248//1888 128//1888
f 128//1889 248//1889 247//1889
f 128//1890 247//1890 225//1890
f 136//1891 238//1891 239//1891
f 119//1892 118//1892 243//1892
f 243//1893 118//1893 132//1893
f 243//1894 132//1894 245//1894
f 245//1895 132//1895 131//1895
f 136//1896 239//1896 137//1896
f 137//1897 239//1897 241//1897
f 137//1898 241//1898 131//1898
f 131//1899 241//1899 246//1899
f 131//1900 246//1900 245//1900
f 133//1901 140//1901 236//1901
f 236//1902 140//1902 139//1902
f 236//1903 139//1903 138//1903
f 238//1904 136//1904 236//1904
f 236//1905 136//1905 134//1905
f 236//1906 134//1906 133//1906
f 408//1907 90//1907 92//1907
f 408//1908 92//1908 98//1908
f 138//1909 90//1909 236//1909
f 236//1910 90//1910 408//1910
f 236//1911 408//1911 235//1911
f 235//1912 408//1912 406//1912
f 235//1913 406//1913 233//1913
f 233//1914 406//1914 230//1914
f 98//1915 97//1915 408//1915
f 408//1916 97//1916 95//1916
f 408//1917 95//1917 94//1917
f 94//1918 99//1918 408//1918
f 408//1919 99//1919 101//1919
f 408//1920 101//1920 409//1920
f 409//1921 101//1921 106//1921
f 409//1922 106//1922 105//1922
f 554//1923 538//1923 1229//1923
f 1229//1924 538//1924 431//1924
f 1229//1925 431//1925 1236//1925
f 1236//1925 431//1925 430//1925
f 1236//1926 430//1926 1237//1926
f 1237//1926 430//1926 428//1926
f 1237//1927 428//1927 1238//1927
f 1238//1927 428//1927 427//1927
f 1238//1928 427//1928 1239//1928
f 1239//1928 427//1928 425//1928
f 1239//1929 425//1929 1240//1929
f 1240//1929 425//1929 424//1929
f 1240//1930 424//1930 1241//1930
f 1241//1930 424//1930 422//1930
f 1241//1931 422//1931 1242//1931
f 1242//1931 422//1931 421//1931
f 1242//1932 421//1932 1243//1932
f 1243//1932 421//1932 419//1932
f 1243//1933 419//1933 1244//1933
f 1244//1933 419//1933 418//1933
f 1244//1934 418//1934 1245//1934
f 1245//1935 418//1935 416//1935
f 1245//1936 416//1936 1246//1936
f 1246//1936 416//1936 415//1936
f 1246//1937 415//1937 1235//1937
f 1235//1937 415//1937 413//1937
f 1235//1938 413//1938 186//1938
f 186//1939 413//1939 261//1939
f 221//1940 220//1940 1232//1940
f 1232//1941 220//1941 406//1941
f 1232//1942 406//1942 1247//1942
f 1247//1942 406//1942 405//1942
f 1247//1943 405//1943 1248//1943
f 1248//1943 405//1943 403//1943
f 1248//1944 403//1944 1249//1944
f 1249//1945 403//1945 402//1945
f 1249//1946 402//1946 1250//1946
f 1250//1946 402//1946 400//1946
f 1250//1947 400//1947 1251//1947
f 1251//1947 400//1947 399//1947
f 1251//1948 399//1948 1252//1948
f 1252//1948 399//1948 397//1948
f 1252//1949 397//1949 1253//1949
f 1253//1949 397//1949 396//1949
f 1253//1950 396//1950 1254//1950
f 1254//1950 396//1950 394//1950
f 1254//1951 394//1951 1255//1951
f 1255//1951 394//1951 393//1951
f 1255//1952 393//1952 1256//1952
f 1256//1952 393//1952 391//1952
f 1256//1953 391//1953 1257//1953
f 1257//1953 391//1953 390//1953
f 1257//1954 390//1954 1228//1954
f 1228//1954 390//1954 388//1954
f 1228//1955 388//1955 1207//1955
f 1207//1956 388//1956 1217//1956
f 1021//1957 1020//1957 1230//1957
f 1021//1957 1230//1957 1034//1957
f 1034//1958 1230//1958 1229//1958
f 1034//1959 1229//1959 1033//1959
f 1229//1960 1236//1960 1033//1960
f 1033//1961 1236//1961 1237//1961
f 1033//1962 1237//1962 1037//1962
f 1237//1963 1238//1963 1037//1963
f 1037//1964 1238//1964 1239//1964
f 1037//1965 1239//1965 1038//1965
f 1239//1966 1240//1966 1038//1966
f 1038//1967 1240//1967 1241//1967
f 1038//1968 1241//1968 1040//1968
f 1241//1969 1242//1969 1040//1969
f 1040//1970 1242//1970 1243//1970
f 1040//1971 1243//1971 1042//1971
f 1243//1972 1244//1972 1042//1972
f 1042//1973 1244//1973 1245//1973
f 1042//1974 1245//1974 1044//1974
f 1245//1975 1246//1975 1044//1975
f 1044//1976 1246//1976 1235//1976
f 1044//1977 1235//1977 1046//1977
f 1235//1978 1234//1978 1046//1978
f 1046//1979 1234//1979 1233//1979
f 1046//1979 1233//1979 1048//1979
f 1048//1980 1233//1980 1231//1980
f 1048//1980 1231//1980 1050//1980
f 1050//1981 1231//1981 1232//1981
f 1050//1982 1232//1982 1052//1982
f 1232//1983 1247//1983 1052//1983
f 1052//1984 1247//1984 1248//1984
f 1052//1985 1248//1985 1054//1985
f 1248//1986 1249//1986 1054//1986
f 1054//1987 1249//1987 1250//1987
f 1054//1988 1250//1988 1055//1988
f 1250//1989 1251//1989 1055//1989
f 1055//1990 1251//1990 1252//1990
f 1055//1991 1252//1991 1023//1991
f 1252//1992 1253//1992 1023//1992
f 1023//1993 1253//1993 1254//1993
f 1023//1994 1254//1994 1025//1994
f 1254//1995 1255//1995 1025//1995
f 1025//1996 1255//1996 1256//1996
f 1025//1997 1256//1997 1027//1997
f 1256//1998 1257//1998 1027//1998
f 1027//1999 1257//1999 1228//1999
f 1027//2000 1228//2000 1029//2000
f 1228//2001 1227//2001 1029//2001
f 1029//2002 1227//2002 969//2002
f 1029//2002 969//2002 968//2002
