# Blender 4.5.0
# www.blender.org
o thumb_2
v -0.011952 0.008631 0.014580
v -0.015193 0.008277 0.014471
v -0.011952 0.008631 0.014555
v -0.011366 0.008695 0.014604
v -0.011204 0.008713 0.014572
v -0.011254 0.008707 0.014608
v -0.017129 0.008066 0.014417
v -0.017629 0.008011 0.014403
v -0.017827 0.007990 0.014397
v -0.018130 0.007957 0.014389
v -0.018135 0.007956 0.014389
v -0.018288 0.007939 0.014384
v -0.018362 0.007931 0.014382
v -0.018442 0.007922 0.014380
v -0.018594 0.007906 0.014375
v -0.019057 0.007855 0.014361
v -0.020177 0.007733 0.014325
v -0.019755 0.007779 0.014339
v -0.019768 0.007778 0.014339
v -0.019333 0.007825 0.014352
v -0.016337 0.008152 0.014439
v -0.016354 0.008150 0.014439
v -0.015579 0.008235 0.014460
v -0.042778 0.018718 0.010165
v -0.042820 0.018782 0.010151
v -0.042572 0.018880 0.010276
v -0.042602 0.018934 0.010269
v -0.042635 0.018968 0.010244
v -0.042845 0.018845 0.010112
v -0.042664 0.018987 0.010212
v -0.042740 0.019023 0.010117
v -0.042830 0.018953 0.010067
v -0.042815 0.019060 0.010020
v -0.042857 0.019067 0.009951
v -0.042889 0.018824 0.010051
v -0.042906 0.018797 0.009986
v -0.042892 0.018914 0.009934
v -0.042876 0.019043 0.009896
v -0.042878 0.019031 0.009881
v -0.042880 0.018779 0.010087
v -0.042889 0.018802 0.010064
v -0.042862 0.018769 0.010113
v -0.042838 0.018771 0.010137
v -0.042794 0.018722 0.010159
v -0.042902 0.018781 0.010030
v -0.042810 0.018726 0.010151
v -0.042831 0.018734 0.010138
v -0.042873 0.018754 0.010097
v -0.042979 0.018134 0.009714
v -0.042979 0.018181 0.009686
v -0.043040 0.017637 0.009277
v -0.043036 0.017707 0.009292
v -0.043073 0.017396 0.008827
v -0.043070 0.017285 0.008774
v -0.043089 0.017261 0.008380
v -0.042930 0.018077 0.009793
v -0.042961 0.018104 0.009757
v -0.043006 0.017568 0.009333
v -0.043028 0.017601 0.009307
v -0.042879 0.018114 0.009860
v -0.043054 0.017249 0.008788
v -0.043011 0.017334 0.009050
v -0.043029 0.017224 0.008818
v -0.043090 0.017253 0.008200
v -0.043084 0.017175 0.008200
v -0.043049 0.017105 0.008200
v -0.042889 0.018054 0.009820
v -0.042951 0.017687 0.009515
v -0.042976 0.017541 0.009354
v -0.041621 0.016348 0.009766
v -0.041975 0.017345 0.010039
v -0.041419 0.015705 0.009487
v -0.041316 0.015259 0.009162
v -0.041315 0.015075 0.008881
v -0.041595 0.015256 0.008200
v -0.041509 0.015154 0.008337
v -0.041372 0.015043 0.008634
v -0.041595 0.015256 0.001400
v -0.043049 0.017105 0.001400
v -0.041735 0.015434 0.001615
v -0.042082 0.015876 0.002302
v -0.041736 0.015435 0.007983
v -0.042082 0.015876 0.007299
v -0.042326 0.016186 0.006553
v -0.043049 0.017105 0.004800
v -0.042476 0.016376 0.005728
v -0.042527 0.016442 0.004800
v -0.042476 0.016376 0.003872
v -0.042326 0.016186 0.003045
v -0.043090 0.017253 0.004800
v -0.043084 0.017175 0.004800
v -0.042892 0.018914 -0.000334
v -0.042878 0.019031 -0.000281
v -0.042916 0.018709 0.000118
v -0.043090 0.017253 0.001330
v -0.043081 0.017334 0.000927
v -0.042982 0.018159 0.001082
v -0.042948 0.018446 -0.000235
v -0.043008 0.017946 0.000085
v -0.043053 0.017566 0.000480
v -0.042982 0.018159 0.008518
v -0.042916 0.018709 0.009482
v -0.042906 0.018797 -0.000386
v -0.042916 0.018712 -0.000354
v -0.042928 0.018609 -0.000312
v -0.043059 0.017519 0.004151
v -0.043090 0.017253 0.001400
v -0.043044 0.017639 0.002912
v -0.043060 0.017504 0.004800
v -0.043059 0.017519 0.005449
v -0.043044 0.017639 0.006688
v -0.007395 0.024400 0.005239
v -0.007679 0.024028 0.005300
v -0.007221 0.024815 0.005070
v -0.008033 0.024380 0.004800
v -0.007156 0.025263 0.004800
v -0.047367 0.033751 0.011761
v -0.048286 0.034023 0.011208
v -0.047882 0.033976 0.011491
v -0.047678 0.033933 0.011612
v -0.047293 0.033800 0.011808
v -0.046919 0.033455 0.011948
v -0.046258 0.032942 0.012178
v -0.046190 0.032859 0.012196
v -0.046585 0.033150 0.012063
v -0.045494 0.031873 0.012363
v -0.045334 0.031486 0.012384
v -0.044316 0.030074 0.012601
v -0.043977 0.029579 0.012666
v -0.043431 0.028949 0.012777
v -0.047178 0.033743 0.011860
v -0.046788 0.033480 0.012012
v -0.046732 0.033433 0.012032
v -0.042858 0.025850 0.012685
v -0.042851 0.025849 0.012400
v -0.043632 0.025937 0.012400
v -0.039810 0.021518 0.012400
v -0.039899 0.021065 0.012997
v -0.039943 0.020908 0.012400
v -0.040003 0.020724 0.012650
v -0.040200 0.020268 0.012400
v -0.039830 0.022688 0.012400
v -0.040315 0.024015 0.012400
v -0.040360 0.024091 0.013224
v -0.040011 0.023372 0.013258
v -0.039816 0.022599 0.013253
v -0.039803 0.022501 0.012400
v -0.039783 0.021804 0.013204
v -0.039879 0.021143 0.013123
v -0.041391 0.025197 0.012400
v -0.042097 0.025603 0.012898
v -0.041403 0.025206 0.013052
v -0.040798 0.024669 0.013160
v -0.044433 0.023332 0.004800
v -0.045919 0.022463 0.004800
v -0.044584 0.023591 0.005624
v -0.046029 0.022746 0.005624
v -0.043779 0.023834 0.005624
v -0.043762 0.023534 0.004800
v -0.043313 0.023800 0.005624
v -0.043072 0.023410 0.004800
v -0.042951 0.023685 0.005624
v -0.042569 0.023456 0.005624
v -0.042514 0.022986 0.004800
v -0.042282 0.023176 0.005624
v -0.042054 0.022819 0.005624
v -0.042210 0.022355 0.004800
v -0.041892 0.021797 0.005624
v -0.042225 0.021654 0.004800
v -0.041876 0.022019 0.005624
v -0.041917 0.022419 0.005624
v -0.041935 0.021578 0.005624
v -0.042070 0.021223 0.005624
v -0.042557 0.021037 0.004800
v -0.042333 0.020837 0.005624
v -0.043025 0.020359 0.005624
v -0.043133 0.020638 0.004800
v -0.044338 0.020171 0.004800
v -0.044200 0.019903 0.005624
v -0.044164 0.019917 0.006384
v -0.044105 0.019940 0.007082
v -0.043883 0.020026 0.008471
v -0.043025 0.020359 0.009300
v -0.043629 0.020124 0.009370
v -0.044584 0.023591 0.009300
v -0.044415 0.023678 0.009300
v -0.043855 0.023828 0.009300
v -0.043276 0.023792 0.009300
v -0.041878 0.022129 0.009300
v -0.042001 0.022697 0.009300
v -0.042298 0.023195 0.009300
v -0.042569 0.023456 0.009300
v -0.042738 0.023573 0.009300
v -0.041942 0.021553 0.009300
v -0.042585 0.020605 0.009300
v -0.042186 0.021026 0.009300
v -0.042070 0.021223 0.009300
v -0.044944 0.023380 0.009328
v -0.045910 0.022816 0.007392
v -0.045702 0.022938 0.008659
v -0.045476 0.023069 0.009491
v -0.042335 0.020276 0.009616
v -0.042965 0.019941 0.009616
v -0.043302 0.019758 0.009719
v -0.044585 0.024054 0.009616
v -0.045180 0.023660 0.009616
v -0.045398 0.023895 0.010033
v -0.045514 0.023300 0.009634
v -0.045520 0.023773 0.010033
v -0.042523 0.023926 0.009616
v -0.043184 0.024194 0.009616
v -0.043896 0.024238 0.009616
v -0.041845 0.020794 0.009616
v -0.041545 0.021442 0.009616
v -0.043052 0.019581 0.010033
v -0.042862 0.019638 0.010033
v -0.042141 0.020021 0.010033
v -0.041749 0.020392 0.010033
v -0.041466 0.022151 0.009616
v -0.041165 0.021700 0.010033
v -0.041236 0.021355 0.010033
v -0.041579 0.020614 0.010033
v -0.041617 0.022848 0.009616
v -0.041160 0.022338 0.010033
v -0.041146 0.022167 0.010033
v -0.042192 0.024090 0.010033
v -0.041737 0.023667 0.010033
v -0.041982 0.023461 0.009616
v -0.041493 0.023322 0.010033
v -0.041319 0.022965 0.010033
v -0.044717 0.024346 0.010033
v -0.044178 0.024520 0.010033
v -0.043928 0.024557 0.010033
v -0.043113 0.024507 0.010033
v -0.042356 0.024199 0.010033
v -0.045389 0.024339 0.010615
v -0.045093 0.024934 0.011230
v -0.044737 0.025345 0.011663
v -0.044402 0.025603 0.011948
v -0.044234 0.025702 0.012066
v -0.040886 0.019651 0.012003
v -0.040753 0.019739 0.012084
v -0.040293 0.020158 0.012347
v -0.041213 0.019483 0.011789
v -0.041755 0.019337 0.011384
v -0.042253 0.019332 0.010938
v -0.042774 0.019457 0.010378
v -0.031324 0.025476 0.014020
v -0.031016 0.024914 0.014053
v -0.031341 0.025464 0.014020
v -0.032341 0.024760 0.014014
v -0.031759 0.025170 0.014019
v -0.031373 0.025441 0.014020
v -0.035109 0.022808 0.013903
v -0.033829 0.023712 0.013975
v -0.033669 0.023468 0.013990
v -0.033109 0.023748 0.014012
v -0.039374 0.020396 0.012669
v -0.038585 0.020880 0.012930
v -0.036081 0.021732 0.013343
v -0.036389 0.021347 0.013270
v -0.037340 0.021277 0.013171
v -0.038013 0.020793 0.013006
v -0.038504 0.020643 0.012899
v -0.032461 0.023083 0.013560
v -0.034566 0.022080 0.013450
v -0.033537 0.022828 0.013542
v -0.031991 0.023620 0.013598
v -0.030543 0.024456 0.013618
v -0.030411 0.024241 0.013598
v -0.030878 0.024999 0.014054
v -0.030792 0.024860 0.013860
v -0.032222 0.024032 0.013841
v -0.033752 0.023249 0.013788
v -0.038776 0.021303 0.013189
v -0.038440 0.021568 0.013474
v -0.037529 0.021704 0.013426
v -0.036921 0.022087 0.013721
v -0.036275 0.022160 0.013593
v -0.036352 0.022301 0.013789
v -0.038680 0.021111 0.013029
v -0.037436 0.021509 0.013267
v -0.036181 0.021963 0.013436
v -0.030676 0.024672 0.013706
v -0.032114 0.023841 0.013687
v -0.033650 0.023054 0.013633
v -0.020358 0.033085 0.012284
v -0.020639 0.033361 0.012349
v -0.020349 0.033096 0.012279
v -0.020623 0.033360 0.012341
v -0.020126 0.033344 0.012162
v -0.020595 0.032813 0.012399
v -0.020780 0.032984 0.012423
v -0.020706 0.033367 0.012387
v -0.020952 0.033170 0.012514
v -0.021085 0.033347 0.012665
v -0.021136 0.033430 0.012763
v -0.021033 0.033407 0.012642
v -0.020949 0.033393 0.012562
v -0.028595 0.025430 0.013588
v -0.028793 0.025292 0.013591
v -0.029039 0.025430 0.013612
v -0.023367 0.031095 0.013537
v -0.023037 0.031436 0.013465
v -0.022942 0.031302 0.013273
v -0.022728 0.031763 0.013390
v -0.021950 0.032609 0.013161
v -0.021286 0.033116 0.012754
v -0.021205 0.033452 0.012871
v -0.023643 0.030813 0.013591
v -0.025158 0.029129 0.013632
v -0.025209 0.029304 0.013819
v -0.028907 0.026300 0.014038
v -0.027997 0.025858 0.013575
v -0.027590 0.026477 0.013577
v -0.026125 0.027319 0.013493
v -0.024852 0.028766 0.013390
v -0.024683 0.028578 0.013370
v -0.022627 0.030948 0.013031
v -0.023026 0.030174 0.013131
v -0.024420 0.028820 0.013341
v -0.020978 0.032755 0.012511
v -0.021659 0.031614 0.012800
v -0.022447 0.030771 0.013009
v -0.029305 0.025823 0.013853
v -0.027872 0.026859 0.013818
v -0.027023 0.027735 0.013968
v -0.025258 0.029260 0.013825
v -0.029182 0.025640 0.013700
v -0.027741 0.026680 0.013665
v -0.025018 0.028958 0.013478
v -0.022800 0.031133 0.013120
v -0.021151 0.032940 0.012601
v -0.031342 0.025510 0.014019
v -0.027543 0.028177 0.013937
v -0.024946 0.029995 0.013744
v -0.048264 0.028189 0.004800
v -0.047120 0.025402 0.006189
v -0.043489 0.027643 0.012655
v -0.044288 0.027154 0.012290
v -0.042376 0.027935 0.012981
v -0.046082 0.031263 0.012052
v -0.046719 0.030900 0.011636
v -0.048833 0.029701 0.004800
v -0.050308 0.033893 0.004800
v -0.048801 0.029718 0.006136
v -0.050230 0.033909 0.006707
v -0.048705 0.029771 0.007317
v -0.050017 0.033947 0.008153
v -0.048542 0.029861 0.008348
v -0.049687 0.033996 0.009277
v -0.048315 0.029988 0.009233
v -0.049295 0.034037 0.010076
v -0.048025 0.030151 0.009983
v -0.048849 0.034055 0.010683
v -0.047669 0.030354 0.010619
v -0.047241 0.030601 0.011163
v -0.047019 0.025463 0.007415
v -0.046849 0.025565 0.008481
v -0.046612 0.025709 0.009395
v -0.046311 0.025895 0.010167
v -0.045941 0.026125 0.010821
v -0.045495 0.026404 0.011380
v -0.044952 0.026744 0.011865
v -0.041695 0.027401 0.013105
v -0.039398 0.025012 0.013436
v -0.037829 0.025780 0.013642
v -0.036788 0.025685 0.013738
v -0.037961 0.025801 0.013628
v -0.039145 0.026092 0.013491
v -0.035749 0.025717 0.013814
v -0.035566 0.025735 0.013825
v -0.031699 0.026164 0.013980
v -0.033162 0.026328 0.013925
v -0.032053 0.026824 0.013941
v -0.034360 0.025951 0.013887
v -0.033700 0.026138 0.013911
v -0.041319 0.027142 0.013170
v -0.040243 0.026533 0.013340
v -0.039920 0.026385 0.013387
v -0.023276 0.035280 0.012786
v -0.024203 0.034025 0.013162
v -0.024430 0.033732 0.013233
v -0.029389 0.028584 0.013902
v -0.027981 0.029809 0.013821
v -0.025401 0.032539 0.013477
v -0.026691 0.031096 0.013690
v -0.027213 0.030556 0.013751
v -0.031705 0.027010 0.013942
v -0.030732 0.027601 0.013937
v -0.029745 0.028306 0.013915
v -0.048541 0.034037 0.010959
v -0.050206 0.033913 0.006231
v -0.050244 0.033906 0.004800
v -0.050148 0.033924 0.006964
v -0.050056 0.033940 0.007686
v -0.049890 0.033967 0.008509
v -0.049657 0.034000 0.009260
v -0.049303 0.034036 0.010016
v -0.049181 0.034044 0.010216
v -0.048869 0.034055 0.010638
v -0.024288 0.033915 0.013091
v -0.023259 0.035303 0.012685
v -0.025595 0.032312 0.013413
v -0.026062 0.031779 0.013495
v -0.026967 0.030807 0.013619
v -0.029812 0.028255 0.013809
v -0.029745 0.028306 0.013807
v -0.028370 0.029452 0.013742
v -0.027870 0.029913 0.013706
v -0.027213 0.030556 0.013646
v -0.035748 0.025716 0.013715
v -0.035211 0.025781 0.013745
v -0.034758 0.025861 0.013767
v -0.033703 0.026137 0.013806
v -0.033699 0.026138 0.013806
v -0.032525 0.026595 0.013830
v -0.031705 0.027010 0.013835
v -0.031203 0.027302 0.013834
v -0.031055 0.027393 0.013833
v -0.039406 0.026182 0.013388
v -0.038390 0.025886 0.013501
v -0.037829 0.025780 0.013556
v -0.037197 0.025707 0.013612
v -0.036779 0.025684 0.013645
v -0.035937 0.025702 0.013704
v -0.040410 0.026615 0.013259
v -0.039920 0.026385 0.013324
v -0.039855 0.026357 0.013333
v -0.042502 0.028043 0.012938
v -0.041695 0.027401 0.013070
v -0.041522 0.027279 0.013097
v -0.041218 0.027077 0.013143
v -0.018090 0.036649 0.010922
v -0.017984 0.036787 0.010707
v -0.018338 0.036326 0.011437
v -0.019404 0.034979 0.012707
v -0.020030 0.034216 0.013160
v -0.019331 0.035070 0.012631
v -0.018798 0.035738 0.012097
v -0.018734 0.035819 0.011989
v -0.018628 0.035953 0.011851
v -0.018292 0.036386 0.011333
v -0.017237 0.037778 0.004800
v -0.016939 0.038181 0.004800
v -0.017254 0.037755 0.006215
v -0.016953 0.038161 0.006006
v -0.017338 0.037642 0.007724
v -0.017035 0.038049 0.007607
v -0.017487 0.037443 0.008904
v -0.017178 0.037858 0.008839
v -0.017697 0.037165 0.009863
v -0.017394 0.037567 0.009929
v -0.017675 0.037193 0.010837
v -0.018019 0.036741 0.011604
v -0.018447 0.036186 0.012286
v -0.019038 0.035435 0.012953
v -0.019678 0.034642 0.013471
v -0.020569 0.033576 0.013458
v -0.022495 0.031425 0.014133
v -0.021940 0.032023 0.013983
v -0.021639 0.032354 0.014402
v -0.020964 0.033117 0.013638
v -0.020573 0.033571 0.013984
v -0.021585 0.032414 0.014384
v -0.020532 0.033619 0.013964
v -0.020612 0.033525 0.013479
v -0.022862 0.031039 0.014724
v -0.024386 0.029524 0.014980
v -0.024386 0.029524 0.014477
v -0.039113 0.024589 0.014683
v -0.039113 0.024589 0.014178
v -0.036929 0.024403 0.014940
v -0.036882 0.024401 0.014442
v -0.035279 0.024356 0.015074
v -0.026724 0.027466 0.014687
v -0.026206 0.027893 0.015156
v -0.027220 0.027077 0.014712
v -0.027510 0.026859 0.015225
v -0.028146 0.026408 0.014744
v -0.028146 0.026408 0.015245
v -0.028627 0.026095 0.014755
v -0.028750 0.026019 0.015258
v -0.029752 0.025467 0.014764
v -0.029919 0.025386 0.015264
v -0.030229 0.025247 0.014762
v -0.030229 0.025247 0.015262
v -0.030943 0.024971 0.014754
v -0.030943 0.024971 0.015254
v -0.031865 0.024705 0.014734
v -0.031681 0.024750 0.015240
v -0.032379 0.024595 0.014719
v -0.032379 0.024595 0.015220
v -0.033158 0.024474 0.014690
v -0.033072 0.024485 0.015194
v -0.034849 0.024360 0.014601
v -0.034803 0.024361 0.015105
v -0.035279 0.024356 0.014573
v -0.035320 0.024356 0.014570
v -0.025603 0.028411 0.014608
v -0.047007 0.026259 0.011559
v -0.047007 0.026259 0.010927
v -0.046836 0.026208 0.011119
v -0.046214 0.026026 0.012268
v -0.046117 0.025998 0.011777
v -0.045266 0.025765 0.012889
v -0.045164 0.025738 0.012409
v -0.044029 0.025456 0.013477
v -0.044123 0.025478 0.012917
v -0.042984 0.025221 0.013849
v -0.042984 0.025221 0.013334
v -0.042721 0.025167 0.013415
v -0.041092 0.024865 0.013829
v -0.040921 0.024837 0.014373
v -0.042617 0.025145 0.013960
v -0.047007 0.026259 -0.001959
v -0.047007 0.026259 -0.001327
v -0.047288 0.026344 -0.001644
v -0.047579 0.026432 -0.000530
v -0.047288 0.026344 0.011244
v -0.047583 0.026433 0.010123
v -0.047892 0.026527 0.010374
v -0.048008 0.026562 0.009265
v -0.048208 0.026622 0.009753
v -0.048364 0.026669 0.008163
v -0.048368 0.026670 0.001455
v -0.048596 0.026739 0.000927
v -0.048009 0.026562 0.000338
v -0.048208 0.026622 -0.000153
v -0.047892 0.026527 -0.000774
v -0.048703 0.026772 0.004253
v -0.049042 0.026874 0.004800
v -0.048606 0.026742 0.002806
v -0.048995 0.026860 0.003367
v -0.048820 0.026807 0.001914
v -0.048596 0.026739 0.008673
v -0.048820 0.026807 0.007686
v -0.048601 0.026740 0.006834
v -0.048995 0.026860 0.006233
v -0.048705 0.026772 0.005298
v -0.048710 0.026774 0.004800
v -0.031567 0.025854 0.015199
v -0.032189 0.026755 0.015142
v -0.033417 0.026233 0.015121
v -0.033739 0.026125 0.015111
v -0.034592 0.025896 0.015079
v -0.035516 0.025741 0.015031
v -0.035775 0.025714 0.015015
v -0.036967 0.025692 0.014927
v -0.040428 0.026625 0.014528
v -0.039365 0.026167 0.014674
v -0.038162 0.025838 0.014814
v -0.041466 0.027240 0.014367
v -0.042286 0.027859 0.014228
v -0.042716 0.027834 0.014131
v -0.042474 0.028019 0.014195
v -0.043448 0.028969 0.014016
v -0.043754 0.027215 0.013795
v -0.045457 0.026201 0.012868
v -0.044666 0.026672 0.013376
v -0.048542 0.029923 0.011330
v -0.048988 0.029680 0.010534
v -0.049339 0.029489 0.009629
v -0.049601 0.029346 0.008609
v -0.049917 0.029174 0.004800
v -0.049884 0.029192 0.006200
v -0.051476 0.033605 0.004800
v -0.051411 0.033623 0.006628
v -0.049781 0.029249 0.007468
v -0.051242 0.033668 0.008014
v -0.050601 0.033831 0.010174
v -0.050966 0.033742 0.009204
v -0.050138 0.033925 0.010995
v -0.047996 0.030220 0.012022
v -0.049533 0.034014 0.011733
v -0.047343 0.030575 0.012616
v -0.048885 0.034054 0.012291
v -0.046577 0.030992 0.013118
v -0.045691 0.031474 0.013534
v -0.046485 0.033045 0.013391
v -0.047051 0.033556 0.013221
v -0.047606 0.033859 0.013011
v -0.048224 0.034015 0.012712
v -0.044436 0.030172 0.013827
v -0.045798 0.032174 0.013557
v -0.046098 0.032583 0.013489
v -0.018682 0.035885 0.010228
v -0.018812 0.035720 0.010477
v -0.018812 0.035720 0.007300
v -0.018044 0.036708 0.007300
v -0.018160 0.036557 0.008376
v -0.018176 0.036536 0.008476
v -0.018368 0.036288 0.009372
v -0.018616 0.035970 0.010083
v -0.020317 0.036101 0.004800
v -0.020390 0.036217 0.004800
v -0.020390 0.036217 0.007300
v -0.020317 0.036101 0.007300
v -0.020304 0.035961 0.007300
v -0.020304 0.035961 0.004800
v -0.020356 0.035831 0.007300
v -0.020356 0.035831 0.004800
v -0.020462 0.035738 0.007300
v -0.020462 0.035738 0.004800
v -0.020599 0.035704 0.007300
v -0.020599 0.035704 0.004800
v -0.022768 0.038317 0.004800
v -0.022863 0.038253 0.004800
v -0.022863 0.038253 0.007300
v -0.022768 0.038317 0.007300
v -0.022652 0.038341 0.007300
v -0.022652 0.038341 0.004800
v -0.022537 0.038319 0.007300
v -0.022537 0.038319 0.004800
v -0.022439 0.038254 0.007300
v -0.022439 0.038254 0.004800
v -0.022863 0.038253 0.002300
v -0.024926 0.036178 0.002300
v -0.024926 0.036178 0.004800
v -0.024926 0.036178 0.007300
v -0.024979 0.036105 0.007300
v -0.024800 0.035680 0.004800
v -0.024710 0.035667 0.004800
v -0.024710 0.035667 0.007300
v -0.024800 0.035680 0.007300
v -0.024914 0.035744 0.007300
v -0.024914 0.035744 0.004800
v -0.024989 0.035850 0.007300
v -0.024989 0.035850 0.004800
v -0.025013 0.035979 0.007300
v -0.025013 0.035979 0.004800
v -0.024979 0.036105 0.004800
v -0.020390 0.036217 0.002300
v -0.022439 0.038254 0.002300
v -0.025433 0.044693 0.009781
v -0.025433 0.044693 0.008900
v -0.024546 0.043878 0.009785
v -0.023647 0.043053 0.008900
v -0.023647 0.043053 0.009790
v -0.024174 0.040686 0.008900
v -0.024174 0.040686 0.010100
v -0.023858 0.042107 0.010100
v -0.023744 0.042619 0.010018
v -0.023686 0.042878 0.009904
v -0.023876 0.037963 0.010693
v -0.023474 0.038602 0.010100
v -0.024092 0.037630 0.010100
v -0.024211 0.037450 0.011030
v -0.024708 0.036721 0.010100
v -0.024727 0.036694 0.010759
v -0.024746 0.036666 0.011419
v -0.024515 0.037000 0.011268
v -0.024270 0.037363 0.011080
v -0.029466 0.035624 0.007300
v -0.029466 0.035624 0.010100
v -0.030217 0.035763 0.010100
v -0.030217 0.035763 0.007300
v -0.030861 0.036173 0.010100
v -0.030861 0.036173 0.007300
v -0.027763 0.038129 0.010100
v -0.028230 0.037509 0.010100
v -0.026488 0.039959 0.010100
v -0.027974 0.039615 0.010100
v -0.027670 0.038900 0.010100
v -0.027747 0.043966 0.010100
v -0.026375 0.044397 0.010100
v -0.026758 0.044746 0.010100
v -0.022823 0.041166 0.010100
v -0.022171 0.040202 0.010100
v -0.021777 0.040215 0.010100
v -0.031436 0.040736 0.010100
v -0.028274 0.041599 0.010100
v -0.028208 0.044339 0.010100
v -0.027224 0.045066 0.010100
v -0.027147 0.045100 0.010100
v -0.030640 0.038479 0.010100
v -0.030546 0.039250 0.010100
v -0.032025 0.039748 0.010100
v -0.022562 0.040170 0.010100
v -0.030336 0.037765 0.010100
v -0.029715 0.037298 0.010100
v -0.028944 0.037205 0.010100
v -0.023522 0.035678 0.010100
v -0.030080 0.039871 0.010100
v -0.029365 0.040175 0.010100
v -0.028595 0.040081 0.010100
v -0.032199 0.038612 0.010100
v -0.031933 0.037494 0.010100
v -0.031266 0.036557 0.010100
v -0.031266 0.036557 0.007300
v -0.031436 0.040736 0.007300
v -0.032025 0.039748 0.007300
v -0.032199 0.038612 0.007300
v -0.031933 0.037494 0.007300
v -0.028208 0.044339 0.007300
v -0.025727 0.045334 0.009444
v -0.025547 0.045315 0.009203
v -0.025839 0.045341 0.007300
v -0.025214 0.045249 0.008576
v -0.024674 0.045055 0.007300
v -0.027224 0.045066 0.007300
v -0.026666 0.045259 0.010023
v -0.026153 0.045337 0.009789
v -0.025830 0.045340 0.009546
v -0.021640 0.040217 0.010097
v -0.020726 0.040266 0.009866
v -0.025864 0.044558 0.010015
v -0.020309 0.040344 0.009521
v -0.020170 0.040434 0.009184
v -0.027747 0.043966 0.008900
v -0.028274 0.041599 0.008900
v -0.026488 0.039959 0.008900
v -0.024475 0.042537 0.008900
v -0.026521 0.040935 0.008900
v -0.027141 0.041401 0.008900
v -0.027446 0.042116 0.008900
v -0.025400 0.043718 0.008900
v -0.024779 0.043251 0.008900
v -0.024569 0.041766 0.008900
v -0.025036 0.041145 0.008900
v -0.025750 0.040841 0.008900
v -0.027352 0.042887 0.008900
v -0.026885 0.043507 0.008900
v -0.026171 0.043811 0.008900
v -0.021398 0.042068 0.007300
v -0.021519 0.042135 0.007300
v -0.028230 0.037509 0.007300
v -0.030336 0.037765 0.007300
v -0.030640 0.038479 0.007300
v -0.030546 0.039250 0.007300
v -0.030080 0.039871 0.007300
v -0.029365 0.040175 0.007300
v -0.029715 0.037298 0.007300
v -0.028944 0.037205 0.007300
v -0.022333 0.040865 0.007300
v -0.022354 0.040786 0.007300
v -0.027670 0.038900 0.007300
v -0.022338 0.040642 0.007300
v -0.022258 0.040524 0.007300
v -0.025750 0.040841 0.007300
v -0.025036 0.041145 0.007300
v -0.021665 0.042139 0.007300
v -0.024569 0.041766 0.007300
v -0.024475 0.042537 0.007300
v -0.024779 0.043251 0.007300
v -0.025400 0.043718 0.007300
v -0.026171 0.043811 0.007300
v -0.026885 0.043507 0.007300
v -0.027352 0.042887 0.007300
v -0.027446 0.042116 0.007300
v -0.028595 0.040081 0.007300
v -0.027141 0.041401 0.007300
v -0.027974 0.039615 0.007300
v -0.026521 0.040935 0.007300
v -0.020808 0.039210 0.007300
v -0.027763 0.038129 0.007300
v -0.021791 0.042077 0.007300
v -0.021878 0.041959 0.007300
v -0.020750 0.039315 0.005844
v -0.020740 0.039334 0.004800
v -0.018065 0.036908 0.004800
v -0.018006 0.036758 0.006562
v -0.018024 0.036841 0.005743
v -0.022231 0.040591 0.006681
v -0.022209 0.040645 0.005748
v -0.022203 0.040660 0.004800
v -0.022270 0.040700 0.006067
v -0.022306 0.040788 0.006071
v -0.022312 0.040883 0.006076
v -0.022289 0.040970 0.006052
v -0.022278 0.040998 0.004800
v -0.022300 0.040912 0.004800
v -0.022294 0.040817 0.004800
v -0.022259 0.040729 0.004800
v -0.021837 0.042057 0.006054
v -0.021826 0.042083 0.004800
v -0.022289 0.040970 0.003548
v -0.021837 0.042057 0.003546
v -0.022333 0.040865 0.002300
v -0.021878 0.041959 0.002300
v -0.021750 0.042191 0.004800
v -0.021614 0.042261 0.004800
v -0.021462 0.042255 0.004800
v -0.021347 0.042190 0.004800
v -0.020057 0.040664 0.008186
v -0.019973 0.040834 0.006829
v -0.019938 0.040906 0.004800
v -0.023313 0.035228 0.014048
v -0.023498 0.034465 0.014229
v -0.022197 0.035320 0.013839
v -0.024327 0.033864 0.014423
v -0.018446 0.039548 0.004800
v -0.020147 0.036667 0.012808
v -0.021084 0.036051 0.013367
v -0.025702 0.032188 0.014746
v -0.027111 0.030660 0.014945
v -0.028178 0.029626 0.015039
v -0.028464 0.029368 0.015058
v -0.029742 0.028308 0.015117
v -0.030930 0.027472 0.015141
v -0.020210 0.040354 0.009445
v -0.020404 0.039971 0.010398
v -0.020661 0.039480 0.011228
v -0.020977 0.038904 0.011928
v -0.021374 0.038211 0.012552
v -0.021877 0.037381 0.013111
v -0.022340 0.036654 0.013492
v -0.022510 0.036396 0.013609
v -0.021460 0.040168 0.010196
v -0.047256 0.035849 0.012272
v -0.047586 0.034919 0.012627
v -0.047062 0.034731 0.012817
v -0.051062 0.035777 0.005312
v -0.051065 0.035776 0.004800
v -0.051336 0.034703 0.004800
v -0.051036 0.035783 0.006219
v -0.051301 0.034711 0.006242
v -0.051168 0.034743 0.007694
v -0.050881 0.035817 0.007929
v -0.050845 0.034819 0.009159
v -0.050623 0.035870 0.009018
v -0.050480 0.035896 0.009405
v -0.050578 0.034877 0.009860
v -0.050362 0.035917 0.009676
v -0.050225 0.034943 0.010524
v -0.049728 0.036005 0.010683
v -0.049581 0.036020 0.010850
v -0.049784 0.035009 0.011125
v -0.049023 0.036052 0.011355
v -0.049270 0.035057 0.011637
v -0.048590 0.036050 0.011652
v -0.047294 0.035860 0.012259
v -0.047839 0.035979 0.012042
v -0.048141 0.035028 0.012378
v -0.048711 0.035070 0.012053
v -0.046111 0.034101 0.013085
v -0.045989 0.035253 0.012638
v -0.046571 0.034457 0.012965
v -0.046028 0.035279 0.012629
v -0.046559 0.035583 0.012492
v -0.044473 0.033751 0.012933
v -0.044740 0.034087 0.012888
v -0.045276 0.033181 0.013267
v -0.044834 0.034198 0.012872
v -0.045414 0.034798 0.012763
v -0.043397 0.032184 0.013097
v -0.044502 0.032073 0.013408
v -0.043304 0.032044 0.013111
v -0.043687 0.030873 0.013552
v -0.042871 0.031420 0.013180
v -0.042729 0.029693 0.013722
v -0.041814 0.030150 0.013349
v -0.040318 0.027731 0.014101
v -0.040377 0.028918 0.013548
v -0.041612 0.028628 0.013908
v -0.040956 0.029355 0.013471
v -0.041780 0.030115 0.013354
v -0.038846 0.027076 0.014287
v -0.038772 0.028079 0.013733
v -0.039603 0.027368 0.014196
v -0.039795 0.028555 0.013620
v -0.040243 0.028828 0.013565
v -0.036431 0.026714 0.014508
v -0.035618 0.026768 0.014559
v -0.035706 0.027732 0.013965
v -0.036871 0.027690 0.013896
v -0.037004 0.027698 0.013886
v -0.037248 0.026746 0.014445
v -0.037120 0.027707 0.013878
v -0.038057 0.026867 0.014371
v -0.038504 0.027987 0.013760
v -0.038657 0.028038 0.013745
v -0.032578 0.027718 0.014651
v -0.034323 0.028038 0.014016
v -0.034042 0.027113 0.014626
v -0.034977 0.027859 0.013996
v -0.035263 0.027800 0.013985
v -0.031247 0.028501 0.014645
v -0.031878 0.029241 0.014030
v -0.033310 0.028435 0.014034
v -0.029985 0.030693 0.013964
v -0.031242 0.029683 0.014017
v -0.031790 0.029300 0.014029
v -0.030028 0.029398 0.014612
v -0.028895 0.030372 0.014550
v -0.029570 0.031064 0.013937
v -0.026822 0.032480 0.014322
v -0.027583 0.033079 0.013721
v -0.029120 0.031485 0.013902
v -0.025791 0.035241 0.013315
v -0.026620 0.034199 0.013538
v -0.025865 0.033594 0.014139
v -0.026739 0.034055 0.013564
v -0.027431 0.033249 0.013696
v -0.024956 0.034740 0.013891
v -0.024093 0.035910 0.013554
v -0.024838 0.036535 0.012939
v -0.024260 0.037376 0.012610
v -0.023283 0.037095 0.013087
v -0.024200 0.037467 0.012569
v -0.023710 0.038223 0.012172
v -0.022541 0.038266 0.012422
v -0.023508 0.038546 0.011963
v -0.022207 0.038825 0.011985
v -0.023038 0.039328 0.011304
v -0.021909 0.039344 0.011464
v -0.022932 0.039511 0.011103
v -0.021658 0.039797 0.010861
v -0.050045 0.034919 0.005818
v -0.050059 0.034924 0.004800
v -0.050415 0.035908 0.004800
v -0.048335 0.036037 0.011107
v -0.047922 0.034896 0.011107
v -0.048483 0.036046 0.011008
v -0.048556 0.034950 0.010630
v -0.049019 0.036052 0.010568
v -0.048837 0.034949 0.010339
v -0.049931 0.034888 0.007501
v -0.050265 0.035933 0.007840
v -0.049748 0.034876 0.008508
v -0.049974 0.035976 0.009031
v -0.049582 0.034894 0.009031
v -0.049941 0.035980 0.009118
v -0.049454 0.034907 0.009349
v -0.049824 0.035994 0.009400
v -0.049050 0.034939 0.010068
v -0.049375 0.036036 0.010163
v -0.049233 0.036044 0.010340
v -0.049986 0.034902 0.006946
v -0.050319 0.035924 0.007374
v -0.050279 0.035931 0.007740
v -0.033310 0.028435 0.013488
v -0.033318 0.028432 0.013488
v -0.035036 0.027846 0.013466
v -0.033969 0.028160 0.013480
v -0.034977 0.027859 0.013467
v -0.036080 0.027696 0.013445
v -0.036871 0.027690 0.013422
v -0.037129 0.027708 0.013412
v -0.037340 0.027731 0.013403
v -0.038133 0.027881 0.013364
v -0.038657 0.028038 0.013330
v -0.039167 0.028238 0.013292
v -0.040108 0.028742 0.013206
v -0.040243 0.028828 0.013192
v -0.041039 0.029423 0.013102
v -0.041295 0.029647 0.013070
v -0.041780 0.030115 0.013008
v -0.041902 0.030243 0.012991
v -0.042732 0.031231 0.012880
v -0.043397 0.032184 0.012793
v -0.043773 0.032752 0.012742
v -0.044622 0.033942 0.012606
v -0.044834 0.034198 0.012564
v -0.045308 0.034700 0.012453
v -0.045478 0.034855 0.012408
v -0.045999 0.035260 0.012249
v -0.046028 0.035279 0.012239
v -0.046702 0.035649 0.011980
v -0.047296 0.035860 0.011703
v -0.047463 0.035904 0.011616
v -0.045738 0.033308 0.012038
v -0.046327 0.033988 0.011862
v -0.044000 0.030694 0.012397
v -0.044937 0.032139 0.012218
v -0.045190 0.032529 0.012167
v -0.046882 0.034455 0.011649
v -0.047727 0.034854 0.011223
v -0.047450 0.034762 0.011377
v -0.043699 0.030267 0.012455
v -0.042741 0.029073 0.012647
v -0.041762 0.028093 0.012836
v -0.040371 0.027088 0.013070
v -0.040852 0.027387 0.012995
v -0.039895 0.026839 0.013137
v -0.039678 0.026741 0.013165
v -0.038902 0.026460 0.013253
v -0.038244 0.026304 0.013312
v -0.037888 0.026247 0.013340
v -0.036777 0.026188 0.013404
v -0.036723 0.026189 0.013406
v -0.035551 0.026307 0.013446
v -0.034233 0.026627 0.013470
v -0.032855 0.027154 0.013488
v -0.031891 0.027648 0.013491
v -0.032134 0.029078 0.013489
v -0.031404 0.027943 0.013486
v -0.030749 0.028387 0.013472
v -0.031242 0.029683 0.013473
v -0.029486 0.029386 0.013416
v -0.030894 0.029945 0.013461
v -0.028690 0.030109 0.013357
v -0.029560 0.031072 0.013389
v -0.029172 0.031436 0.013357
v -0.028377 0.030414 0.013327
v -0.029121 0.031484 0.013352
v -0.026926 0.033833 0.013036
v -0.026155 0.032909 0.012968
v -0.028255 0.032353 0.013259
v -0.026775 0.032150 0.013101
v -0.028143 0.030648 0.013303
v -0.025729 0.035322 0.012709
v -0.024771 0.036630 0.012295
v -0.024391 0.036301 0.012198
v -0.026739 0.034055 0.012995
v -0.026623 0.034195 0.012968
v -0.025651 0.033566 0.012831
v -0.024798 0.034778 0.012518
v -0.024032 0.035992 0.012098
v -0.023862 0.035833 0.012249
v -0.023695 0.035676 0.012387
v -0.050179 0.034354 0.004800
v -0.050089 0.034799 0.004800
v -0.023509 0.035678 0.012435
v -0.023602 0.035677 0.012412
v -0.023135 0.035480 0.012320
v -0.023082 0.035555 0.012234
v -0.023103 0.035681 0.012170
v -0.022994 0.035682 0.012127
v -0.022762 0.035684 0.012061
v -0.018904 0.035719 0.010545
v -0.029466 0.035624 0.002300
v -0.029466 0.035624 -0.000500
v -0.024710 0.035667 0.002300
v -0.023522 0.035678 -0.000500
v -0.018812 0.035720 -0.000877
v -0.018812 0.035720 0.002300
v -0.018904 0.035719 -0.000945
v -0.020599 0.035704 0.002300
v -0.023509 0.035678 -0.002835
v -0.023123 0.035681 -0.002578
v -0.023602 0.035677 -0.002812
v -0.023695 0.035676 -0.002787
v -0.018902 0.035719 0.010565
v -0.019049 0.035718 0.010668
v -0.019907 0.035710 0.011152
v -0.021094 0.035700 0.011617
v -0.022994 0.035682 -0.002527
v -0.022762 0.035684 -0.002461
v -0.021082 0.035700 -0.002013
v -0.018902 0.035719 -0.000965
v -0.019000 0.035718 -0.001034
v -0.019853 0.035711 -0.001526
v -0.019160 0.035355 0.010955
v -0.019288 0.035176 0.011158
v -0.019004 0.035576 0.010718
v -0.020026 0.034208 0.011856
v -0.019833 0.034455 0.011706
v -0.019704 0.034622 0.011582
v -0.019475 0.034925 0.011347
v -0.007665 0.022872 0.012758
v -0.007710 0.022908 0.012688
v -0.007735 0.022918 0.012709
v -0.007678 0.022877 0.012769
v -0.007650 0.022814 0.012832
v -0.007637 0.022809 0.012821
v -0.007644 0.022734 0.012876
v -0.007632 0.022729 0.012866
v -0.007650 0.022693 0.012889
v -0.007637 0.022688 0.012879
v -0.007696 0.022889 0.012769
v -0.007667 0.022838 0.012827
v -0.007656 0.022770 0.012873
v -0.007662 0.022698 0.012900
v -0.007544 0.022823 0.010200
v -0.007621 0.022872 0.010200
v -0.007621 0.022872 0.012501
v -0.007537 0.022816 0.010200
v -0.007537 0.022816 0.012501
v -0.007487 0.022740 0.010200
v -0.007478 0.022715 0.012501
v -0.007478 0.022715 0.010200
v -0.007469 0.022614 0.012501
v -0.007469 0.022614 0.010200
v -0.007469 0.022615 0.012522
v -0.007469 0.022611 0.012502
v -0.007469 0.022614 0.012512
v -0.007468 0.022665 0.012510
v -0.007492 0.022751 0.012513
v -0.007546 0.022824 0.012511
v -0.007622 0.022872 0.012504
v -0.007473 0.022692 0.012526
v -0.007480 0.022721 0.012526
v -0.007503 0.022770 0.012525
v -0.007535 0.022812 0.012523
v -0.007622 0.022872 0.012512
v -0.007651 0.022884 0.012609
v -0.007544 0.022784 0.012683
v -0.007519 0.022705 0.012709
v -0.007517 0.022640 0.012721
v -0.007685 0.022295 0.012954
v -0.008240 0.017802 0.013719
v -0.008075 0.018058 0.013509
v -0.008596 0.013344 0.013901
v -0.008023 0.018055 0.013285
v -0.008644 0.013373 0.014120
v -0.008784 0.013409 0.014294
v -0.008394 -0.013487 0.011199
v -0.008389 -0.013513 0.011054
v -0.007473 -0.012601 0.011041
v -0.006557 -0.011716 0.010900
v -0.006563 -0.011711 0.010988
v -0.007471 -0.012612 0.010944
v -0.007742 -0.012301 0.011435
v -0.008589 -0.013240 0.011523
v -0.007678 -0.012357 0.011412
v -0.008502 -0.013339 0.011454
v -0.006846 -0.011422 0.011392
v -0.007619 -0.012422 0.011370
v -0.006775 -0.011494 0.011363
v -0.007565 -0.012483 0.011308
v -0.006716 -0.011554 0.011319
v -0.007521 -0.012535 0.011229
v -0.006660 -0.011612 0.011254
v -0.007489 -0.012575 0.011138
v -0.006614 -0.011659 0.011173
v -0.007481 -0.012622 0.010945
v -0.006583 -0.011690 0.011089
v -0.006907 -0.011359 0.011400
v -0.008433 -0.013426 0.011341
v -0.010557 -0.005437 0.007100
v -0.009940 -0.006225 0.007100
v -0.014493 -0.008520 0.007100
v -0.013877 -0.009307 0.007100
v -0.013877 -0.009307 0.002500
v -0.014493 -0.008520 0.002500
v -0.015639 -0.012085 0.009300
v -0.015639 -0.012085 0.004800
v -0.015831 -0.011709 0.009300
v -0.015831 -0.011709 0.004800
v -0.015866 -0.011279 0.009300
v -0.015866 -0.011279 0.004800
v -0.015452 -0.010540 0.004800
v -0.015452 -0.010540 0.009300
v -0.015733 -0.010868 0.004800
v -0.015733 -0.010868 0.009300
v -0.015864 -0.011260 0.009300
v -0.015146 -0.012715 0.000300
v -0.015639 -0.012085 0.000300
v -0.015146 -0.012715 0.004800
v -0.015146 -0.012715 0.009300
v -0.014821 -0.012994 0.004800
v -0.014821 -0.012994 0.009300
v -0.014413 -0.013128 0.004800
v -0.014413 -0.013128 0.009300
v -0.013985 -0.013096 0.004800
v -0.013985 -0.013096 0.009300
v -0.013602 -0.012902 0.004800
v -0.013602 -0.012902 0.009300
v -0.009846 -0.014941 0.002500
v -0.012263 -0.011854 0.002500
v -0.009846 -0.014941 0.007100
v -0.012263 -0.011854 0.007100
v -0.005823 -0.010996 0.007100
v -0.007854 -0.008402 0.007100
v -0.007854 -0.008402 0.002500
v -0.005823 -0.010996 0.002500
v -0.006516 -0.007353 0.009300
v -0.006516 -0.007353 0.004800
v -0.006516 -0.007353 0.000300
v -0.013602 -0.012902 0.000300
v -0.006236 -0.007028 0.004800
v -0.006236 -0.007028 0.009300
v -0.006102 -0.006620 0.004800
v -0.006102 -0.006620 0.009300
v -0.006135 -0.006192 0.004800
v -0.006135 -0.006192 0.009300
v -0.006328 -0.005809 0.004800
v -0.006328 -0.005809 0.009300
v -0.006821 -0.005179 0.000300
v -0.006328 -0.005809 0.000300
v -0.006821 -0.005179 0.004800
v -0.006821 -0.005179 0.009300
v -0.008366 -0.004992 0.009300
v -0.011833 -0.007863 0.009300
v -0.011177 -0.007583 0.009300
v -0.010791 -0.010311 0.009300
v -0.010135 -0.010031 0.009300
v -0.012068 -0.009796 0.009300
v -0.007549 -0.004766 0.009300
v -0.007140 -0.004903 0.009300
v -0.007980 -0.004797 0.009300
v -0.009899 -0.008098 0.009300
v -0.010469 -0.007669 0.009300
v -0.012261 -0.008432 0.009300
v -0.012347 -0.009140 0.009300
v -0.011498 -0.010225 0.009300
v -0.009706 -0.009461 0.009300
v -0.009620 -0.008754 0.009300
v -0.008366 -0.004992 0.004800
v -0.007980 -0.004797 0.004800
v -0.007549 -0.004766 0.004800
v -0.007140 -0.004903 0.004800
v -0.015452 -0.010540 0.000300
v -0.009940 -0.006225 0.002500
v -0.008366 -0.004992 0.000300
v -0.010557 -0.005437 0.002500
v -0.019360 0.007822 0.015552
v -0.018027 0.010574 0.015547
v -0.019838 0.007770 0.015537
v -0.020229 0.007727 0.015524
v -0.018307 0.007937 0.015584
v -0.015702 0.008212 0.015658
v -0.015419 0.008252 0.015666
v -0.017251 0.011588 0.015539
v -0.017487 0.011547 0.015536
v -0.018578 0.011428 0.015517
v -0.018921 0.011391 0.015510
v -0.017184 0.011605 0.014339
v -0.018000 0.010549 0.014347
v -0.017487 0.011547 0.014335
v -0.018921 0.011391 0.014309
v -0.015417 0.008253 0.014465
v -0.015498 0.008244 0.014462
v -0.002362 -0.001850 0.009400
v -0.002362 -0.001850 0.007800
v 0.000093 -0.004985 0.009400
v 0.000093 -0.004985 0.007800
v -0.000237 -0.005374 0.009900
v -0.002756 -0.002158 0.009900
v -0.002605 -0.002040 0.009862
v -0.000081 -0.005192 0.009841
v -0.002477 -0.001940 0.009754
v -0.000003 -0.005100 0.009754
v -0.002392 -0.001873 0.009591
v 0.000091 -0.004988 0.009462
v 0.000068 -0.005015 0.009592
v 0.000037 -0.005053 0.009681
v -0.003465 -0.000492 0.009900
v -0.003352 -0.000476 0.009887
v -0.003220 -0.001372 0.009900
v -0.003044 -0.001297 0.009862
v -0.002895 -0.001233 0.009754
v -0.003093 -0.000439 0.009729
v -0.003192 -0.000453 0.009817
v -0.003276 -0.000465 0.009862
v -0.003003 -0.000426 0.009579
v -0.002795 -0.001191 0.009591
v -0.002760 -0.001176 0.009400
v -0.002952 -0.000536 0.009400
v -0.002970 -0.000422 0.009400
v -0.010687 -0.005306 0.012917
v -0.010765 -0.005228 0.012994
v -0.009621 -0.004326 0.012453
v -0.013327 -0.007249 0.014064
v -0.010654 -0.005409 0.012812
v -0.013221 -0.007398 0.013909
v -0.010652 -0.005487 0.012684
v -0.013182 -0.007458 0.013770
v -0.009342 -0.004461 0.012059
v -0.009541 -0.004642 0.012014
v -0.010657 -0.005516 0.012544
v -0.008165 -0.003178 0.011713
v -0.008112 -0.003290 0.011646
v -0.009372 -0.004276 0.012290
v -0.008099 -0.003329 0.011613
v -0.009342 -0.004381 0.012186
v -0.008116 -0.003526 0.011288
v -0.008086 -0.003478 0.011417
v -0.008082 -0.003455 0.011457
v -0.008084 -0.003396 0.011543
v -0.013172 -0.007485 0.013602
v -0.006441 -0.002889 0.010604
v -0.006491 -0.002984 0.010538
v -0.006695 -0.002956 0.010687
v -0.006399 -0.002763 0.010650
v -0.006416 -0.002823 0.010633
v -0.006636 -0.002789 0.010781
v -0.006380 -0.002648 0.010664
v -0.007783 -0.002929 0.011505
v -0.007376 -0.002758 0.011271
v -0.007366 -0.002829 0.011251
v -0.007370 -0.002756 0.011267
v -0.006997 -0.002780 0.011019
v -0.006923 -0.002657 0.011000
v -0.006595 -0.002637 0.010798
v -0.008091 -0.003122 0.011674
v -0.007740 -0.003129 0.011395
v -0.007756 -0.003261 0.011244
v -0.006525 -0.003028 0.010491
v -0.006554 -0.003058 0.010449
v -0.006784 -0.003066 0.010543
v -0.006581 -0.003079 0.010409
v -0.006591 -0.003085 0.010395
v -0.007029 -0.002954 0.010923
v -0.007367 -0.003004 0.011154
v -0.007098 -0.003075 0.010779
v -0.007412 -0.003134 0.011007
v -0.006691 -0.003110 0.010240
v -0.006838 -0.003101 0.010355
v -0.007074 -0.003110 0.010537
v -0.007426 -0.003176 0.010802
v -0.007812 -0.003329 0.011080
v -0.005308 -0.003868 0.009506
v -0.005308 -0.003868 0.004800
v -0.005419 -0.003738 0.009541
v -0.005833 -0.003399 0.004800
v -0.005618 -0.003552 0.009613
v -0.006642 -0.003115 0.004800
v -0.006324 -0.003181 0.009978
v -0.005950 -0.003331 0.009764
v -0.007495 -0.003197 0.004800
v -0.008116 -0.003526 0.004800
v -0.004827 -0.004438 0.009589
v -0.004818 -0.004493 0.009422
v -0.004382 -0.005002 0.009571
v -0.004406 -0.005020 0.009400
v -0.004725 -0.004376 0.009779
v -0.004308 -0.004944 0.009729
v -0.004012 -0.004712 0.009900
v -0.004146 -0.004817 0.009870
v -0.004570 -0.004266 0.009898
v -0.004166 -0.004832 0.009860
v -0.004290 -0.004930 0.009754
v -0.004976 -0.003695 0.009984
v -0.004818 -0.003574 0.009997
v -0.004380 -0.004192 0.009920
v -0.005260 -0.003865 0.009699
v -0.005140 -0.003805 0.009879
v -0.006060 -0.002976 0.010376
v -0.006113 -0.003059 0.010319
v -0.005123 -0.003505 0.010028
v -0.004943 -0.003413 0.010028
v -0.005269 -0.003357 0.010075
v -0.005163 -0.003186 0.010093
v -0.005637 -0.003074 0.010221
v -0.005524 -0.002923 0.010224
v -0.006014 -0.002882 0.010412
v -0.005962 -0.002731 0.010425
v -0.005583 -0.003353 0.010042
v -0.005700 -0.003436 0.009869
v -0.005877 -0.003323 0.009954
v -0.006170 -0.003124 0.010244
v -0.006227 -0.003165 0.010157
v -0.005279 -0.003630 0.009926
v -0.005398 -0.003699 0.009749
v -0.005415 -0.003493 0.009974
v -0.005533 -0.003569 0.009799
v -0.005697 -0.003159 0.010184
v -0.005760 -0.003233 0.010124
v -0.005822 -0.003289 0.010045
v -0.003533 0.004300 0.009911
v -0.003579 0.006444 0.009916
v -0.003178 0.006143 0.009900
v -0.003693 -0.002588 0.009900
v -0.003831 -0.002707 0.009901
v -0.003658 -0.000631 0.009903
v -0.003234 0.003232 0.009900
v -0.003347 0.001025 0.009900
v -0.003551 0.001836 0.009906
v -0.003482 0.000258 0.009901
v -0.004820 0.004330 0.010169
v -0.004750 0.007324 0.010152
v -0.005462 0.004345 0.010440
v -0.005546 0.007923 0.010491
v -0.006103 0.000989 0.010722
v -0.006055 0.002456 0.010748
v -0.006039 0.004359 0.010783
v -0.006077 0.006624 0.010826
v -0.006144 0.008372 0.010861
v -0.005595 -0.000451 0.010374
v -0.004947 -0.000512 0.010122
v -0.002905 0.000889 0.009591
v -0.002869 0.000878 0.009400
v -0.002992 0.000222 0.009401
v -0.003376 0.000264 0.009888
v -0.003214 0.000251 0.009818
v -0.003164 0.000969 0.009862
v -0.003009 0.000921 0.009754
v -0.003114 0.000243 0.009730
v -0.003024 0.000236 0.009579
v -0.002851 0.002030 0.009900
v -0.002695 0.001919 0.009862
v 0.000949 0.003040 0.009788
v 0.001033 0.002977 0.009758
v 0.000040 0.003146 0.009754
v 0.001052 0.002962 0.009750
v 0.001435 0.002675 0.009584
v 0.000997 0.002870 0.009591
v 0.001803 0.002398 0.009400
v 0.000708 0.003221 0.009857
v 0.000045 0.003500 0.009900
v 0.000043 0.003308 0.009862
v -0.001064 0.003334 0.009900
v -0.001005 0.003152 0.009862
v -0.002063 0.002827 0.009900
v -0.001950 0.002673 0.009862
v -0.001855 0.002542 0.009754
v -0.000956 0.002998 0.009754
v 0.000362 0.003481 0.009900
v -0.001791 0.002454 0.009591
v -0.000923 0.002894 0.009591
v 0.000039 0.003038 0.009591
v -0.002563 0.001825 0.009754
v -0.002475 0.001762 0.009591
v -0.002444 0.001740 0.009400
v -0.002113 0.002130 0.009400
v 0.000985 0.002834 0.009400
v 0.000560 0.002947 0.009400
v 0.000039 0.003000 0.009400
v -0.000912 0.002858 0.009400
v -0.001768 0.002423 0.009400
v -0.004174 0.006266 0.011400
v 0.001502 0.001998 0.011400
v -0.004106 0.006357 0.011387
v 0.001617 0.002151 0.011362
v -0.004061 0.006417 0.011363
v 0.001715 0.002281 0.011254
v -0.003962 0.006549 0.011254
v -0.004008 0.006487 0.011317
v 0.001803 0.002398 0.010900
v -0.003874 0.006666 0.010900
v 0.001780 0.002368 0.011091
v -0.003896 0.006636 0.011089
v -0.003948 0.006567 0.011229
v -0.006638 0.008743 0.011217
v -0.006638 0.008743 0.012307
v -0.006392 0.008558 0.011039
v -0.005990 0.008256 0.011837
v -0.005339 0.007767 0.011370
v -0.004633 0.007236 0.011018
v -0.009788 0.013489 0.013556
v -0.009788 0.013489 0.012000
v -0.009806 0.012165 0.013580
v -0.009702 0.011472 0.012000
v -0.008973 0.009590 0.012000
v -0.009483 0.010686 0.013330
v -0.009701 0.011467 0.013498
v -0.007706 0.008065 0.012000
v -0.008807 0.009323 0.012815
v -0.008970 0.009585 0.012939
v -0.008867 0.021056 0.012484
v -0.008867 0.021056 0.012000
v -0.009361 0.016993 0.013124
v -0.009495 0.017288 0.013223
v -0.007227 0.009264 0.011646
v -0.007704 0.008957 0.012000
v -0.007710 0.009846 0.012000
v -0.010125 -0.004300 0.012757
v -0.009651 -0.002874 0.012656
v -0.009873 0.021088 0.013356
v -0.009983 0.020415 0.013489
v -0.010241 0.018440 0.013801
v -0.010467 0.016263 0.014056
v -0.010807 0.012655 0.014357
v -0.011169 0.009041 0.014558
v -0.009264 0.009422 0.013155
v -0.009008 0.006626 0.012912
v -0.011621 0.005146 0.014679
v -0.011544 0.005784 0.014667
v -0.011476 0.006388 0.014656
v -0.012979 -0.003975 0.014491
v -0.012953 -0.003803 0.014505
v -0.012862 -0.003203 0.014548
v -0.012735 -0.002387 0.014597
v -0.009386 -0.000885 0.012705
v -0.012307 0.000333 0.014690
v -0.009193 0.001215 0.012760
v -0.011734 0.004280 0.014693
v -0.009053 0.003855 0.012833
v -0.013270 -0.006123 0.014266
v -0.013350 -0.006851 0.014162
v -0.013363 -0.007166 0.014102
v -0.013368 -0.007033 0.014133
v -0.009811 0.021436 0.013281
v -0.009339 0.021246 0.012881
v -0.016644 0.011839 0.014341
v -0.016196 0.012222 0.014336
v -0.013426 0.011146 0.014418
v -0.015883 0.012709 0.014323
v -0.015305 0.008265 0.014468
v -0.011299 0.013902 0.014273
v -0.015722 0.013270 0.014304
v -0.015705 0.013517 0.014294
v -0.013463 0.016420 0.014125
v -0.013023 0.016990 0.014072
v -0.011776 0.018609 0.013872
v -0.011083 0.019510 0.013721
v -0.010460 0.020322 0.013552
v -0.019795 0.007775 0.015538
v -0.025757 -0.006534 0.004898
v -0.025755 -0.006534 0.005090
v -0.025325 -0.006932 0.005097
v -0.022764 -0.009167 0.004800
v -0.023616 -0.008451 0.004800
v -0.023616 -0.008451 0.004828
v -0.023922 -0.008188 0.004800
v -0.024471 -0.007706 0.004800
v -0.024471 -0.007706 0.004817
v -0.028353 -0.003980 0.004863
v -0.028353 -0.003980 0.004800
v -0.028707 -0.003614 0.004800
v -0.028352 -0.003979 0.005051
v -0.028705 -0.003613 0.005045
v -0.028702 -0.003608 0.005411
v -0.013187 0.001943 0.014647
v -0.015775 -0.004092 0.014235
v -0.016859 -0.006983 0.013651
v -0.013725 -0.007317 0.014046
v -0.014561 -0.001087 0.014522
v -0.013845 0.006669 0.014554
v -0.017890 0.005769 0.014420
v -0.015563 0.003787 0.014527
v -0.020716 0.007034 0.014307
v -0.019642 0.003024 0.014319
v -0.022730 0.004418 0.014156
v -0.021292 0.000316 0.014059
v -0.024193 0.002505 0.013908
v -0.022820 -0.002277 0.013494
v -0.025297 0.001048 0.013576
v -0.023514 -0.003491 0.013008
v -0.026628 -0.000743 0.012828
v -0.026036 0.000060 0.013228
v -0.027867 -0.002472 0.011132
v -0.027532 -0.002001 0.011792
v -0.024132 -0.004612 0.012299
v -0.027267 -0.001629 0.012178
v -0.027105 -0.001403 0.012374
v -0.025245 -0.006792 0.007529
v -0.025303 -0.006904 0.006203
v -0.027029 -0.005265 0.006159
v -0.024642 -0.005584 0.011242
v -0.024848 -0.005990 0.010536
v -0.028122 -0.002827 0.010415
v -0.025018 -0.006330 0.009689
v -0.028372 -0.003169 0.009367
v -0.025150 -0.006599 0.008689
v -0.028535 -0.003387 0.008282
v -0.028656 -0.003548 0.006820
v -0.028686 -0.003587 0.006116
v -0.027484 -0.004864 0.004875
v -0.027484 -0.004864 0.004800
v -0.027918 -0.004426 0.004800
v -0.027051 -0.005293 0.004880
v -0.027051 -0.005292 0.004800
v -0.026232 -0.006085 0.004800
v -0.026619 -0.005714 0.004800
v -0.026619 -0.005714 0.004886
v -0.022763 -0.009167 0.004840
v -0.021913 -0.009854 0.004801
v -0.021912 -0.009855 0.004853
v -0.021620 -0.010084 0.004801
v -0.021061 -0.010515 0.004868
v -0.019962 -0.011328 0.004801
v -0.019274 -0.011816 0.004903
v -0.019274 -0.011816 0.004800
v -0.019361 -0.011754 0.004901
v -0.020211 -0.011148 0.004883
v -0.020209 -0.011148 0.004985
v -0.019272 -0.011814 0.005206
v -0.019359 -0.011755 0.005002
v -0.019274 -0.011815 0.005004
v -0.021883 -0.009824 0.006285
v -0.019267 -0.011810 0.005544
v -0.021900 -0.009852 0.005542
v -0.021907 -0.009856 0.005153
v -0.021835 -0.009696 0.007632
v -0.019233 -0.011783 0.006255
v -0.019257 -0.011802 0.005917
v -0.021662 -0.009171 0.009799
v -0.018939 -0.011548 0.008891
v -0.021763 -0.009475 0.008799
v -0.019056 -0.011641 0.008233
v -0.019145 -0.011713 0.007537
v -0.021531 -0.008790 0.010643
v -0.018404 -0.011115 0.010651
v -0.018673 -0.011333 0.009929
v -0.021369 -0.008342 0.011344
v -0.018161 -0.010915 0.011148
v -0.018373 -0.011090 0.010720
v -0.017772 -0.009603 0.012460
v -0.017106 -0.010042 0.012473
v -0.017497 -0.010364 0.012089
v -0.018103 -0.010714 0.011419
v -0.017993 -0.010777 0.011433
v -0.018001 -0.010783 0.011421
v -0.016832 -0.009817 0.012695
v -0.017344 -0.008342 0.013163
v -0.016596 -0.009624 0.012864
v -0.014987 -0.008324 0.013660
v -0.015243 -0.008530 0.013562
v -0.015984 -0.009127 0.013226
v -0.027049 -0.005292 0.005070
v -0.026617 -0.005714 0.005077
v -0.027918 -0.004426 0.004869
v -0.027917 -0.004426 0.005057
v -0.027482 -0.004863 0.005064
v -0.027913 -0.004421 0.005426
v -0.027045 -0.005288 0.005443
v -0.026188 -0.006127 0.004800
v -0.026187 -0.006128 0.004892
v -0.026186 -0.006127 0.005084
v -0.026181 -0.006123 0.005460
v -0.025758 -0.006533 0.004800
v -0.025320 -0.006928 0.005476
v -0.025327 -0.006932 0.004903
v -0.024470 -0.007707 0.004915
v -0.025328 -0.006932 0.004806
v -0.025328 -0.006932 0.004800
v -0.023615 -0.008452 0.004928
v -0.021060 -0.010516 0.004969
v -0.021910 -0.009856 0.004954
v -0.022762 -0.009168 0.004941
v -0.020952 -0.007286 0.012391
v -0.020433 -0.006080 0.013096
v -0.019846 -0.004780 0.013581
v -0.018549 -0.002008 0.014150
v -0.017123 0.000877 0.014419
v -0.017862 -0.010721 0.011576
v -0.015169 -0.008612 0.013541
v -0.016537 -0.009684 0.012847
v -0.018204 -0.010989 0.011017
v -0.018706 -0.011382 0.009774
v -0.019046 -0.011648 0.008232
v -0.019235 -0.011796 0.006256
v -0.018680 -0.011799 0.004800
v -0.018814 -0.011874 0.004800
v -0.018661 -0.011784 0.005943
v -0.018810 -0.011858 0.006238
v -0.018602 -0.011738 0.006962
v -0.018624 -0.011713 0.008175
v -0.018296 -0.011456 0.009667
v -0.018395 -0.011575 0.008563
v -0.018467 -0.011631 0.008141
v -0.017819 -0.011082 0.010851
v -0.017862 -0.011158 0.010378
v -0.018145 -0.011379 0.009603
v -0.016217 -0.009869 0.012382
v -0.017009 -0.010490 0.011707
v -0.017120 -0.010535 0.011843
v -0.017170 -0.010616 0.011523
v -0.017682 -0.011017 0.010752
v -0.016238 -0.009844 0.012583
v -0.016153 -0.009819 0.012425
v -0.014908 -0.008803 0.013257
v -0.014847 -0.008797 0.013087
v -0.014396 -0.008443 0.013252
v -0.015054 -0.008720 0.013460
v -0.014999 -0.008760 0.013401
v -0.016348 -0.009816 0.012717
v -0.016411 -0.009782 0.012772
v -0.017252 -0.010524 0.011958
v -0.017324 -0.010498 0.012005
v -0.017463 -0.010409 0.012069
v -0.017717 -0.010805 0.011520
v -0.018053 -0.011069 0.010970
v -0.018548 -0.011456 0.009744
v -0.018885 -0.011720 0.008216
v -0.019073 -0.011867 0.006251
v -0.019051 -0.011901 0.004800
v -0.017640 -0.010828 0.011478
v -0.017973 -0.011088 0.010935
v -0.018462 -0.011471 0.009721
v -0.018797 -0.011733 0.008204
v -0.018984 -0.011880 0.006247
v -0.008116 -0.003526 -0.001688
v -0.009541 -0.004642 -0.002414
v -0.018467 -0.011631 0.001459
v -0.018602 -0.011738 0.002638
v -0.018661 -0.011784 0.003657
v -0.014396 -0.008443 -0.003652
v -0.013172 -0.007485 -0.004002
v -0.010657 -0.005516 -0.002944
v -0.017682 -0.011017 -0.001152
v -0.017862 -0.011158 -0.000778
v -0.018145 -0.011379 -0.000003
v -0.018395 -0.011575 0.001037
v -0.014847 -0.008797 -0.003487
v -0.016153 -0.009819 -0.002825
v -0.016217 -0.009869 -0.002782
v -0.017009 -0.010490 -0.002107
v -0.017170 -0.010616 -0.001923
v -0.005308 -0.003868 0.000094
v -0.002374 -0.007615 0.004800
v -0.002374 -0.007615 0.000200
v -0.004406 -0.005020 0.000200
v -0.002374 -0.007615 0.009400
v -0.004818 -0.004493 0.000178
v -0.002342 -0.007584 0.009606
v -0.002269 -0.007512 0.009754
v -0.002235 -0.007479 0.009794
v -0.002137 -0.007383 0.009870
v -0.002090 -0.007337 0.009889
v -0.002015 -0.007263 0.009900
v -0.001944 -0.007194 0.009900
v 0.000471 -0.004522 0.007800
v -0.001944 -0.007194 0.010900
v -0.000298 -0.005445 0.010900
v 0.000471 -0.004522 0.010900
v 0.001203 -0.003570 0.010900
v 0.002550 -0.001581 0.007800
v 0.002550 -0.001581 0.010900
v 0.001173 -0.003547 0.011091
v -0.001971 -0.007167 0.011091
v -0.000327 -0.005420 0.011091
v -0.002047 -0.007089 0.011254
v -0.000408 -0.005349 0.011254
v -0.002160 -0.006973 0.011362
v -0.000531 -0.005242 0.011362
v -0.002294 -0.006837 0.011400
v -0.000675 -0.005117 0.011400
v 0.001085 -0.003483 0.011254
v 0.000955 -0.003387 0.011362
v 0.000801 -0.003273 0.011400
v 0.002517 -0.001561 0.011091
v 0.002425 -0.001504 0.011254
v 0.002287 -0.001418 0.011362
v 0.002125 -0.001317 0.011400
v 0.002746 0.001207 0.010900
v 0.002424 0.001767 0.010900
v 0.002393 0.001745 0.011091
v 0.001868 0.002347 0.010900
v 0.002362 0.000819 0.011400
v 0.002498 0.000094 0.011400
v 0.002543 0.000881 0.011362
v 0.002689 0.000101 0.011362
v 0.002696 0.000935 0.011254
v 0.002852 0.000107 0.011254
v 0.002799 0.000970 0.011091
v 0.002960 0.000111 0.011091
v 0.002835 0.000983 0.010900
v 0.002417 -0.000640 0.011400
v 0.002602 -0.000689 0.011362
v 0.002759 -0.000730 0.011254
v 0.002863 -0.000758 0.011091
v 0.002306 0.001681 0.011254
v 0.002175 0.001585 0.011362
v 0.002020 0.001473 0.011400
v 0.002900 -0.000768 0.010900
v 0.002993 -0.000211 0.010900
v 0.002998 0.000112 0.010900
v 0.001868 0.002347 0.007800
v 0.000560 0.002947 0.007800
v -0.000878 0.002869 0.007800
v -0.002113 0.002130 0.007800
v -0.002862 0.000900 0.007800
v -0.002952 -0.000536 0.007800
v 0.002746 0.001207 0.007800
v 0.002993 -0.000211 0.007800
v 0.001417 0.001110 0.007800
v 0.000672 0.001670 0.007800
v -0.000253 0.001782 0.007800
v -0.001110 0.001417 0.007800
v -0.001670 0.000672 0.007800
v -0.001782 -0.000253 0.007800
v -0.001417 -0.001110 0.007800
v -0.000672 -0.001670 0.007800
v 0.000253 -0.001782 0.007800
v 0.001110 -0.001417 0.007800
v 0.001670 -0.000672 0.007800
v 0.001782 0.000253 0.007800
v 0.002349 0.000601 0.011400
v 0.002349 0.000601 0.009600
v 0.001695 -0.001734 0.011400
v 0.001695 -0.001734 0.009600
v -0.000654 -0.002335 0.011400
v -0.000654 -0.002335 0.009600
v -0.002349 -0.000601 0.011400
v -0.002349 -0.000601 0.009600
v -0.001695 0.001734 0.011400
v -0.001695 0.001734 0.009600
v 0.000654 0.002335 0.011400
v 0.000654 0.002335 0.009600
v 0.001417 0.001110 0.009600
v 0.000253 -0.001782 0.009600
v -0.001670 0.000672 0.009600
v 0.001782 0.000253 0.009600
v 0.001670 -0.000672 0.009600
v 0.001110 -0.001417 0.009600
v -0.000672 -0.001670 0.009600
v -0.001417 -0.001110 0.009600
v -0.001782 -0.000253 0.009600
v -0.001110 0.001417 0.009600
v -0.000253 0.001782 0.009600
v 0.000672 0.001670 0.009600
v -0.006790 -0.011075 0.011400
v -0.005161 -0.005441 0.011400
v -0.005707 -0.007806 0.011400
v -0.005878 -0.008417 0.011400
v -0.004179 0.005395 0.011400
v -0.004211 0.003798 0.011400
v -0.004475 -0.000602 0.011400
v -0.004520 -0.001061 0.011400
v -0.004768 -0.003104 0.011400
v -0.005102 -0.005137 0.011400
v -0.007481 -0.012622 -0.001345
v -0.007471 -0.012612 -0.001344
v -0.010667 -0.015746 0.004800
v -0.010578 -0.015659 0.007172
v -0.010439 -0.015522 0.008272
v -0.010578 -0.015659 0.002428
v -0.010439 -0.015522 0.001328
v -0.010272 -0.015359 0.000541
v -0.008729 -0.013845 0.011107
v -0.009967 -0.015059 -0.000354
v -0.009816 -0.014912 -0.000657
v -0.009558 -0.014658 -0.001054
v -0.008389 -0.013513 -0.001454
v -0.008729 -0.013845 -0.001507
v -0.009067 -0.014177 -0.001569
v -0.001944 -0.007194 -0.001300
v -0.001944 -0.007194 -0.000300
v -0.002015 -0.007263 -0.000300
v -0.002060 -0.007307 -0.000296
v -0.002140 -0.007385 -0.000269
v -0.002224 -0.007468 -0.000207
v -0.002270 -0.007513 -0.000152
v -0.006557 -0.011716 -0.001300
v -0.002333 -0.007575 -0.000031
v -0.009067 -0.014177 0.011169
v -0.009558 -0.014658 0.010654
v -0.009816 -0.014912 0.010257
v -0.009967 -0.015059 0.009954
v -0.010272 -0.015359 0.009059
v -0.011356 -0.016142 0.009654
v -0.010940 -0.015924 0.009483
v -0.010612 -0.015599 0.010477
v -0.013186 -0.016611 0.006715
v -0.014072 -0.016245 0.006622
v -0.014099 -0.016275 0.005881
v -0.011114 -0.016159 0.004800
v -0.011345 -0.016325 0.006594
v -0.011388 -0.016366 0.004800
v -0.011776 -0.016562 0.006632
v -0.011958 -0.016658 0.004800
v -0.012234 -0.016694 0.006666
v -0.012277 -0.016737 0.004800
v -0.012708 -0.016706 0.006693
v -0.012892 -0.016733 0.004800
v -0.013229 -0.016657 0.004800
v -0.014111 -0.016286 0.004800
v -0.013935 -0.016093 0.008303
v -0.013996 -0.016162 0.007717
v -0.014065 -0.016239 0.006745
v -0.013549 -0.015642 0.010416
v -0.013685 -0.015802 0.009846
v -0.013171 -0.015971 0.010047
v -0.013809 -0.015948 0.009190
v -0.012972 -0.016384 0.008846
v -0.012026 -0.016483 0.008701
v -0.012268 -0.016246 0.009929
v -0.012497 -0.016487 0.008782
v -0.012690 -0.016185 0.009901
v -0.012886 -0.016118 0.009932
v -0.012027 -0.016236 0.009982
v -0.011803 -0.016254 0.009805
v -0.011445 -0.016064 0.010275
v -0.011223 -0.015932 0.010514
v -0.010702 -0.015358 0.011754
v -0.011065 -0.015807 0.010771
v -0.010534 -0.015306 0.011674
v -0.011008 -0.015789 0.010737
v -0.010184 -0.015132 0.011521
v -0.009378 -0.014479 0.011243
v -0.009222 -0.014328 0.011203
v -0.010115 -0.015103 0.011409
v -0.011147 -0.016129 0.008493
v -0.011572 -0.016358 0.008604
v -0.009585 -0.014671 0.011304
v -0.009862 -0.014906 0.011398
v -0.009380 -0.014435 0.011412
v -0.009353 -0.014099 0.011632
v -0.009425 -0.014352 0.011560
v -0.009270 -0.014209 0.011521
v -0.009224 -0.014290 0.011365
v -0.009073 -0.014135 0.011350
v -0.009127 -0.014049 0.011506
v -0.009220 -0.013931 0.011615
v -0.009363 -0.014087 0.011641
v -0.009506 -0.014241 0.011668
v -0.008730 -0.013827 0.011226
v -0.008761 -0.013770 0.011372
v -0.008825 -0.013685 0.011490
v -0.008905 -0.013586 0.011566
v -0.008858 -0.013089 0.011668
v -0.007732 -0.012162 0.011446
v -0.007722 -0.010698 0.011671
v -0.007189 -0.010914 0.011447
v -0.005340 0.003831 0.011749
v -0.004783 0.003815 0.011484
v -0.005331 0.006397 0.011769
v -0.004779 0.006835 0.011493
v -0.005347 0.007370 0.011776
v -0.004863 0.001401 0.011475
v -0.005032 -0.001009 0.011467
v -0.005255 -0.003035 0.011462
v -0.005566 -0.005049 0.011457
v -0.006305 -0.008294 0.011450
v -0.005376 0.002510 0.011740
v -0.005481 0.000470 0.011726
v -0.005594 -0.000951 0.011716
v -0.006013 -0.004284 0.011697
v -0.006127 -0.004943 0.011693
v -0.006607 -0.007197 0.011682
v -0.006831 -0.008046 0.011679
v -0.006856 -0.008134 0.011679
v -0.007550 -0.010256 0.011672
v -0.004325 0.006770 0.011316
v -0.004248 0.006924 0.011063
v -0.004617 0.007214 0.011104
v -0.004622 0.007141 0.011264
v -0.004974 0.007341 0.011468
v -0.004651 0.007059 0.011365
v -0.005288 0.007537 0.011683
v -0.005307 0.007467 0.011730
v -0.005023 0.007207 0.011572
v -0.004720 0.006928 0.011461
v -0.004410 0.006640 0.011399
v -0.005289 0.007690 0.011521
v -0.005285 0.007677 0.011540
v -0.005280 0.007605 0.011624
v -0.006593 0.008683 0.012431
v -0.006596 0.008467 0.012650
v -0.006643 0.008344 0.012711
v -0.005997 0.007858 0.012242
v -0.006577 0.008587 0.012553
v -0.008718 0.012948 0.014220
v -0.008807 0.012274 0.014323
v -0.007130 0.008891 0.013051
v -0.007178 0.008803 0.013103
v -0.007617 0.009400 0.013419
v -0.007735 0.009439 0.013515
v -0.008715 0.011630 0.014255
v -0.008491 0.010836 0.014085
v -0.008317 0.010487 0.013951
v -0.008438 0.010696 0.014044
v -0.008342 0.010469 0.013971
v -0.007092 0.009004 0.012952
v -0.007091 0.009098 0.012829
v -0.007125 0.009161 0.012700
v -0.008233 0.010561 0.013844
v -0.008609 0.011670 0.014141
v -0.008704 0.012303 0.014214
v -0.008651 0.012939 0.014081
v -0.008624 0.012436 0.013935
v -0.008637 0.012316 0.014075
v -0.008521 0.011690 0.013851
v -0.008547 0.011704 0.014003
v -0.008373 0.011148 0.013727
v -0.008189 0.010627 0.013711
v -0.008187 0.010676 0.013572
v -0.007925 0.010003 0.013602
v -0.007995 0.009913 0.013706
v -0.007545 0.009590 0.013191
v -0.007707 0.009842 0.013175
v -0.007773 0.009936 0.013229
v -0.007562 0.009503 0.013318
v -0.007775 0.009939 0.012000
v -0.008523 0.011695 0.012000
v -0.008596 0.013344 0.012000
v -0.007715 0.020592 0.012000
v -0.007715 0.020592 0.011600
v -0.010413 0.021678 0.011600
v -0.010111 0.021557 0.013296
v -0.010413 0.021678 0.013311
v -0.012254 0.027377 0.012068
v -0.011876 0.027881 0.011600
v -0.012651 0.026544 0.011600
v -0.012477 0.023618 0.011600
v -0.012742 0.024361 0.013087
v -0.012840 0.024947 0.011600
v -0.012853 0.025143 0.012932
v -0.012855 0.025222 0.011600
v -0.011469 0.022314 0.011600
v -0.012184 0.023108 0.013261
v -0.012369 0.023409 0.011600
v -0.012477 0.023619 0.013201
v -0.012560 0.023806 0.013175
v -0.011317 0.022192 0.011600
v -0.011127 0.022057 0.013328
v -0.011749 0.022574 0.013307
v -0.012809 0.025900 0.012736
v -0.012659 0.026520 0.012528
v -0.012566 0.026770 0.012424
v -0.009649 0.027755 0.009246
v -0.009292 0.027571 0.008800
v -0.009881 0.027402 0.008800
v -0.011247 0.025090 0.008800
v -0.011135 0.026032 0.008800
v -0.010969 0.024183 0.008800
v -0.010348 0.023466 0.008800
v -0.009815 0.023163 0.008800
v -0.010919 0.028061 0.010710
v -0.010703 0.028051 0.010483
v -0.010652 0.026849 0.008800
v -0.011277 0.028039 0.011063
v -0.010701 0.028050 0.010481
v -0.010666 0.028047 0.010443
v -0.010354 0.027996 0.010096
v -0.007515 0.022236 0.008800
v -0.008706 0.023513 0.008800
v -0.007918 0.023825 0.008800
v -0.007360 0.024463 0.008800
v -0.007169 0.025079 0.008800
v -0.009549 0.023597 0.008800
v -0.010261 0.024056 0.008800
v -0.010683 0.024791 0.008800
v -0.009195 0.027474 0.008800
v -0.010039 0.026734 0.008800
v -0.010371 0.026408 0.008800
v -0.010723 0.025637 0.008800
v -0.008970 0.027672 0.006916
v -0.008912 0.027723 0.005300
v -0.010039 0.026734 0.005300
v -0.009043 0.027608 0.007751
v -0.017218 0.030900 0.012236
v -0.020189 0.034001 0.011970
v -0.020299 0.033862 0.012040
v -0.008735 0.027548 0.005051
v -0.008557 0.027369 0.004800
v -0.009879 0.026537 0.005047
v -0.009724 0.026345 0.004800
v -0.010106 0.025901 0.004800
v -0.007918 0.023825 0.005300
v -0.008553 0.024060 0.004800
v -0.008398 0.023585 0.005300
v -0.008706 0.023513 0.005300
v -0.009162 0.024012 0.004800
v -0.009241 0.023519 0.005300
v -0.009549 0.023597 0.005300
v -0.009725 0.024248 0.004800
v -0.010021 0.023845 0.005300
v -0.010261 0.024056 0.005300
v -0.010119 0.024715 0.004800
v -0.010566 0.024491 0.005300
v -0.010683 0.024791 0.005300
v -0.010256 0.025309 0.004800
v -0.010549 0.026134 0.005300
v -0.010723 0.025637 0.005300
v -0.010756 0.025315 0.005300
v -0.007156 0.025286 0.004800
v -0.007169 0.025079 0.009588
v -0.007156 0.025286 0.009588
v -0.007202 0.025702 0.009588
v -0.007202 0.025702 0.004800
v -0.007217 0.025699 0.009668
v -0.007184 0.025081 0.009668
v -0.007230 0.025086 0.009737
v -0.007262 0.025689 0.009737
v -0.007299 0.025094 0.009784
v -0.007409 0.025655 0.009800
v -0.007380 0.025104 0.009800
v -0.007337 0.025671 0.009787
v -0.007329 0.025673 0.009784
v -0.007577 0.026621 0.009785
v -0.007654 0.026603 0.009800
v -0.007506 0.026640 0.009735
v -0.007461 0.026655 0.009659
v -0.007450 0.026661 0.009588
v -0.008897 0.027045 0.010200
v -0.008170 0.027020 0.010200
v -0.008351 0.027027 0.010611
v -0.008555 0.027033 0.011026
v -0.008722 0.027039 0.011218
v -0.008897 0.027045 0.011401
v -0.008389 0.027295 0.011038
v -0.008388 0.027301 0.011030
v -0.008586 0.027306 0.011267
v -0.008649 0.027045 0.011216
v -0.008861 0.027052 0.011436
v -0.008570 0.027275 0.011279
v -0.008795 0.027312 0.011492
v -0.008388 0.027288 0.011045
v -0.008560 0.027222 0.011290
v -0.008383 0.027233 0.011077
v -0.008564 0.027163 0.011288
v -0.008398 0.027153 0.011091
v -0.008488 0.027048 0.011059
v -0.008440 0.027084 0.011081
v -0.008414 0.027119 0.011089
v -0.008578 0.027118 0.011276
v -0.008608 0.027074 0.011252
v -0.008839 0.027064 0.011458
v -0.008793 0.027123 0.011502
v -0.008810 0.027093 0.011486
v -0.008821 0.027079 0.011475
v -0.008782 0.027280 0.011506
v -0.008773 0.027226 0.011517
v -0.008775 0.027185 0.011517
v -0.008778 0.027168 0.011515
v -0.008300 0.027035 0.010639
v -0.008249 0.027065 0.010662
v -0.008212 0.027112 0.010678
v -0.008193 0.027172 0.010686
v -0.008194 0.027233 0.010685
v -0.008119 0.027108 0.010471
v -0.008007 0.027164 0.010260
v -0.008099 0.027168 0.010478
v -0.008005 0.027200 0.010261
v -0.008100 0.027229 0.010477
v -0.008013 0.027245 0.010259
v -0.008198 0.027284 0.010648
v -0.008029 0.027280 0.010254
v -0.008156 0.027062 0.010455
v -0.008057 0.027065 0.010241
v -0.008019 0.027121 0.010255
v -0.008124 0.027026 0.010217
v -0.008207 0.027031 0.010433
v -0.008094 0.027038 0.010227
v -0.008058 0.027064 0.010240
v -0.007972 0.027058 0.010103
v -0.007943 0.027102 0.010103
v -0.007926 0.027152 0.010096
v -0.007879 0.027219 0.009964
v -0.007937 0.027255 0.010057
v -0.007923 0.027200 0.010082
v -0.007825 0.026858 0.009880
v -0.007862 0.026836 0.009870
v -0.007746 0.026730 0.009820
v -0.007809 0.027165 0.009872
v -0.007698 0.027060 0.009758
v -0.007699 0.027022 0.009805
v -0.007570 0.026920 0.009669
v -0.007575 0.026909 0.009696
v -0.007715 0.026978 0.009843
v -0.007595 0.026879 0.009751
v -0.007582 0.026897 0.009721
v -0.007783 0.026892 0.009881
v -0.007653 0.026814 0.009810
v -0.007629 0.026840 0.009793
v -0.007728 0.026745 0.009823
v -0.007710 0.026761 0.009825
v -0.007684 0.026785 0.009822
v -0.007903 0.026972 0.009976
v -0.007942 0.026944 0.009967
v -0.007911 0.026876 0.009900
v -0.007836 0.027058 0.009964
v -0.007865 0.027011 0.009976
v -0.007745 0.026933 0.009869
v -0.007820 0.027107 0.009942
v -0.007818 0.027151 0.009912
v -0.008084 0.026994 0.010064
v -0.008095 0.027019 0.010144
v -0.008049 0.027003 0.010080
v -0.008055 0.027036 0.010159
v -0.008009 0.027024 0.010094
v -0.008038 0.026968 0.010010
v -0.007997 0.026978 0.010021
v -0.007958 0.027002 0.010033
v -0.007623 0.026846 0.009787
v -0.007704 0.026693 0.009810
v -0.007671 0.026650 0.009803
v -0.007596 0.026670 0.009790
v -0.007525 0.026694 0.009744
v -0.007519 0.026807 0.009690
v -0.007564 0.026774 0.009761
v -0.007481 0.026716 0.009672
v -0.007470 0.026732 0.009596
v -0.007510 0.026833 0.009629
v -0.007662 0.026626 0.009801
v -0.007460 0.026696 0.009591
v -0.008898 0.027015 0.010047
v -0.008901 0.026928 0.009917
v -0.008905 0.026798 0.009830
v -0.008910 0.026645 0.009800
v -0.009675 0.026858 0.010047
v -0.009521 0.026522 0.009800
v -0.009585 0.026661 0.009830
v -0.010011 0.026138 0.009800
v -0.010130 0.026234 0.009830
v -0.010277 0.025575 0.009800
v -0.010426 0.025607 0.009830
v -0.010261 0.024953 0.009800
v -0.010409 0.024914 0.009830
v -0.009968 0.024403 0.009800
v -0.010083 0.024302 0.009830
v -0.009460 0.024044 0.009800
v -0.009517 0.023902 0.009830
v -0.009639 0.026779 0.009917
v -0.010232 0.026315 0.009917
v -0.010553 0.025634 0.009917
v -0.010535 0.024881 0.009917
v -0.010181 0.024216 0.009917
v -0.009566 0.023781 0.009917
v -0.010300 0.026369 0.010047
v -0.010638 0.025652 0.010047
v -0.010619 0.024859 0.010047
v -0.010246 0.024159 0.010047
v -0.009598 0.023701 0.010047
v -0.009610 0.023673 0.010200
v -0.010269 0.024139 0.010200
v -0.010648 0.024851 0.010200
v -0.010668 0.025658 0.010200
v -0.010323 0.026388 0.010200
v -0.010271 0.026450 0.010200
v -0.009688 0.026886 0.010200
v -0.007600 0.023295 0.009800
v -0.007604 0.023217 0.009807
v -0.007611 0.023090 0.009850
v -0.007615 0.022997 0.009917
v -0.007618 0.022941 0.009982
v -0.007620 0.022904 0.010048
v -0.007621 0.022875 0.010153
v -0.007577 0.022983 0.009910
v -0.007538 0.022964 0.009896
v -0.007535 0.023035 0.009845
v -0.007543 0.022859 0.010035
v -0.007581 0.022886 0.010044
v -0.007527 0.023202 0.009789
v -0.007527 0.023286 0.009787
v -0.007404 0.023271 0.009665
v -0.007451 0.023276 0.009738
v -0.007457 0.023183 0.009738
v -0.007424 0.023053 0.009679
v -0.007426 0.022968 0.009648
v -0.007389 0.023269 0.009588
v -0.007402 0.023271 0.009661
v -0.007445 0.022844 0.009783
v -0.007468 0.022620 0.010111
v -0.007454 0.022736 0.009837
v -0.007461 0.022694 0.009969
v -0.007531 0.023116 0.009809
v -0.007483 0.022784 0.010007
v -0.007463 0.023086 0.009756
v -0.007469 0.022993 0.009793
v -0.007474 0.022909 0.009848
v -0.008061 0.028476 0.006181
v -0.008043 0.028430 0.006412
v -0.007966 0.028228 0.006382
v -0.007875 0.027981 0.007728
v -0.007773 0.027691 0.008274
v -0.007833 0.027863 0.007965
v -0.008107 0.028591 0.004800
v -0.008100 0.028573 0.005369
v -0.008120 0.028621 0.004800
v -0.008135 0.028651 0.004800
v -0.008133 0.028637 0.005522
v -0.008097 0.028530 0.006437
v -0.008132 0.028629 0.005726
v -0.008132 0.028622 0.005895
v -0.007924 0.028059 0.007852
v -0.007813 0.027736 0.008474
v -0.007812 0.027772 0.008329
v -0.007741 0.027511 0.008841
v -0.007631 0.027141 0.009377
v -0.007901 0.028021 0.007866
v -0.008010 0.028314 0.007167
v -0.008052 0.028412 0.006911
v -0.008147 0.028560 0.006846
v -0.008282 0.027905 0.009838
v -0.008217 0.028231 0.008822
v -0.008191 0.028356 0.008277
v -0.012691 0.033232 0.004800
v -0.009475 0.027228 0.012175
v -0.009016 0.027632 0.011369
v -0.009983 0.026991 0.012680
v -0.009802 0.027096 0.012500
v -0.009691 0.027149 0.012390
v -0.011208 0.025707 0.013730
v -0.010714 0.026141 0.013442
v -0.013546 0.027962 0.013576
v -0.010642 0.026283 0.013358
v -0.010503 0.026500 0.013206
v -0.015808 0.030144 0.013428
v -0.010122 0.026892 0.012818
v -0.010238 0.026794 0.012934
v -0.008638 0.027963 0.010397
v -0.008337 0.028228 0.009189
v -0.008594 0.028002 0.010253
v -0.008382 0.027826 0.010193
v -0.008859 0.027368 0.011498
v -0.009141 0.027300 0.011839
v -0.010788 0.025955 0.013537
v -0.010893 0.025403 0.013750
v -0.009094 0.027195 0.011838
v -0.010310 0.026414 0.012975
v -0.010516 0.026102 0.013220
v -0.010396 0.026290 0.013020
v -0.010620 0.025837 0.013315
v -0.010657 0.025735 0.013425
v -0.010667 0.025661 0.013399
v -0.010710 0.025792 0.013531
v -0.010790 0.025386 0.013703
v -0.010758 0.025376 0.013671
v -0.010764 0.025823 0.013569
v -0.010839 0.025397 0.013733
v -0.010592 0.026220 0.013352
v -0.010093 0.026855 0.012818
v -0.010393 0.026597 0.013110
v -0.010648 0.026260 0.013369
v -0.009117 0.027290 0.011826
v -0.009101 0.027247 0.011836
v -0.009114 0.027095 0.011805
v -0.009206 0.027028 0.011729
v -0.009167 0.027038 0.011744
v -0.009138 0.027059 0.011776
v -0.009475 0.026972 0.012075
v -0.009663 0.026897 0.012217
v -0.010076 0.026641 0.012661
v -0.009775 0.026849 0.012394
v -0.009451 0.026999 0.012108
v -0.009098 0.027142 0.011827
v -0.009433 0.027040 0.012140
v -0.009756 0.026880 0.012432
v -0.010057 0.026663 0.012697
v -0.010268 0.026454 0.012872
v -0.009449 0.027199 0.012173
v -0.009768 0.027036 0.012503
v -0.010350 0.026548 0.013094
v -0.010063 0.026801 0.012804
v -0.009432 0.027147 0.012174
v -0.009426 0.027092 0.012163
v -0.009750 0.026980 0.012491
v -0.009747 0.026926 0.012466
v -0.010047 0.026746 0.012776
v -0.010046 0.026699 0.012738
v -0.010321 0.026497 0.013063
v -0.010308 0.026451 0.013020
v -0.010549 0.026177 0.013317
v -0.010524 0.026136 0.013270
v -0.010673 0.025762 0.013480
v -0.010725 0.025359 0.013619
v -0.010705 0.025332 0.013528
v -0.009610 0.023673 0.013788
v -0.010111 0.023982 0.013804
v -0.010484 0.024444 0.013750
v -0.010259 0.024128 0.013793
v -0.010643 0.024830 0.013670
v -0.010198 0.023892 0.014022
v -0.009640 0.023551 0.014006
v -0.009619 0.023615 0.013947
v -0.009658 0.023501 0.014029
v -0.010697 0.025018 0.013702
v -0.010501 0.024446 0.013829
v -0.010122 0.023973 0.013885
v -0.010606 0.024409 0.013963
v -0.010657 0.024384 0.013987
v -0.010534 0.024187 0.014015
v -0.010146 0.023780 0.014048
v -0.010791 0.024688 0.013932
v -0.010807 0.025031 0.013830
v -0.010873 0.025026 0.013856
v -0.009609 0.023658 0.013869
v -0.010152 0.023942 0.013964
v -0.010543 0.024435 0.013906
v -0.010741 0.025028 0.013775
v -0.010894 0.025244 0.013797
v -0.008950 0.023371 0.013853
v -0.008986 0.023421 0.013731
v -0.009294 0.023546 0.013760
v -0.008955 0.023226 0.013964
v -0.008947 0.023277 0.013941
v -0.009294 0.023398 0.013982
v -0.008945 0.023336 0.013895
v -0.009271 0.023467 0.013925
v -0.009259 0.023514 0.013845
v -0.009303 0.023359 0.013998
v -0.008956 0.023220 0.013966
v -0.008572 0.023255 0.013395
v -0.008278 0.023136 0.013157
v -0.008302 0.023026 0.013411
v -0.008306 0.022963 0.013436
v -0.008659 0.023277 0.013561
v -0.008630 0.023224 0.013622
v -0.008620 0.023153 0.013670
v -0.008624 0.023092 0.013695
v -0.008313 0.023096 0.013363
v -0.008341 0.023149 0.013302
v -0.009112 0.022416 0.014202
v -0.009396 0.021050 0.014534
v -0.010570 0.011008 0.015666
v -0.010257 0.014026 0.015455
v -0.010148 0.015092 0.015362
v -0.009655 0.019403 0.014839
v -0.009878 0.017613 0.015091
v -0.010088 0.015678 0.015306
v -0.011001 0.007235 0.015841
v -0.010731 0.009543 0.015746
v -0.011258 0.005212 0.015895
v -0.011289 0.004977 0.015900
v -0.011601 0.002767 0.015925
v -0.011852 0.001130 0.015921
v -0.012233 -0.001232 0.015871
v -0.012432 -0.002444 0.015820
v -0.012872 -0.005246 0.015607
v -0.013018 -0.006307 0.015484
v -0.013159 -0.007512 0.015307
v -0.013279 -0.009114 0.014993
v -0.013282 -0.010601 0.014598
v -0.012543 0.010902 0.015645
v -0.009788 0.021485 0.014501
v -0.015998 0.012493 0.015531
v -0.016338 0.012075 0.015540
v -0.015411 0.008253 0.015666
v -0.016823 0.011740 0.015542
v -0.014230 0.007265 0.015727
v -0.015706 0.013610 0.015492
v -0.015769 0.013031 0.015514
v -0.013450 0.016578 0.015317
v -0.012457 0.017894 0.015182
v -0.011213 0.019555 0.014938
v -0.010953 0.019906 0.014873
v -0.012286 0.005725 0.015838
v -0.011788 0.005348 0.015869
v -0.013700 0.009294 0.015685
v -0.013036 0.006306 0.015794
v -0.014426 0.015291 0.015412
v -0.016208 -0.009819 0.014230
v -0.016660 -0.011162 0.013458
v -0.014790 -0.012304 0.013464
v -0.021530 -0.005791 0.014184
v -0.022165 -0.007058 0.013429
v -0.020343 -0.008544 0.013441
v -0.019770 -0.007244 0.014203
v -0.019133 -0.005810 0.014743
v -0.020827 -0.004399 0.014716
v -0.015703 0.008221 0.015658
v -0.017357 0.005718 0.015641
v -0.029569 -0.004438 0.005449
v -0.029573 -0.004444 0.004800
v -0.028060 -0.005983 0.004800
v -0.015454 -0.015299 0.008278
v -0.013950 -0.009449 0.014807
v -0.014709 0.003479 0.015769
v -0.011997 0.001428 0.015913
v -0.013373 -0.001830 0.015779
v -0.014593 -0.005129 0.015458
v -0.014396 -0.010953 0.014241
v -0.015700 -0.008330 0.014788
v -0.015159 -0.006755 0.015183
v -0.013316 -0.013129 0.013465
v -0.013239 -0.013071 0.013526
v -0.013281 -0.010637 0.014587
v -0.013151 -0.011794 0.014195
v -0.012878 -0.012874 0.013752
v -0.013673 -0.013515 0.013063
v -0.013898 -0.013981 0.012560
v -0.015095 -0.013433 0.012450
v -0.013923 -0.014073 0.012456
v -0.015290 -0.014298 0.011221
v -0.013946 -0.014817 0.011541
v -0.013960 -0.014265 0.012233
v -0.015397 -0.014909 0.009820
v -0.013765 -0.015330 0.010839
v -0.013886 -0.015049 0.011227
v -0.015493 -0.015502 0.006605
v -0.016555 -0.014967 0.004800
v -0.029511 -0.004363 0.007085
v -0.027518 -0.006441 0.006474
v -0.027422 -0.006284 0.008109
v -0.029392 -0.004208 0.008469
v -0.027233 -0.005972 0.009678
v -0.029215 -0.003978 0.009654
v -0.026914 -0.005458 0.011131
v -0.028981 -0.003671 0.010680
v -0.026694 -0.005112 0.011791
v -0.028668 -0.003259 0.011616
v -0.026432 -0.004703 0.012393
v -0.028281 -0.002750 0.012425
v -0.026128 -0.004233 0.012930
v -0.027845 -0.002175 0.013079
v -0.025787 -0.003710 0.013399
v -0.027324 -0.001489 0.013649
v -0.025019 -0.002539 0.014136
v -0.026694 -0.000663 0.014144
v -0.024176 -0.001264 0.014650
v -0.025925 0.000341 0.014569
v -0.021698 -0.001484 0.015044
v -0.024982 0.001569 0.014925
v -0.020864 -0.000050 0.015284
v -0.023816 0.003083 0.015203
v -0.020920 0.006834 0.015499
v -0.019147 0.002845 0.015546
v -0.022350 0.004983 0.015402
v -0.023456 0.003550 0.015264
v -0.020590 -0.009121 0.012963
v -0.022442 -0.007622 0.012954
v -0.020806 -0.009638 0.012423
v -0.023509 -0.010037 0.006516
v -0.021514 -0.011609 0.006538
v -0.023436 -0.009857 0.008162
v -0.021450 -0.011421 0.008190
v -0.023297 -0.009506 0.009720
v -0.021334 -0.011056 0.009743
v -0.023059 -0.008942 0.011156
v -0.021131 -0.010474 0.011171
v -0.022891 -0.008567 0.011812
v -0.022685 -0.008127 0.012413
v -0.017425 -0.007120 0.014767
v -0.017997 -0.008585 0.014218
v -0.018509 -0.009911 0.013450
v -0.018918 -0.011023 0.012432
v -0.019197 -0.011873 0.011186
v -0.019366 -0.012468 0.009767
v -0.019461 -0.012845 0.008218
v -0.019516 -0.013039 0.006560
v -0.017511 -0.014334 0.006582
v -0.017465 -0.014135 0.008248
v -0.017389 -0.013750 0.009793
v -0.017252 -0.013145 0.011203
v -0.017016 -0.012285 0.012441
v -0.018882 -0.013530 0.004800
v -0.021179 -0.011926 0.004800
v -0.023464 -0.010144 0.004800
v -0.018461 -0.004302 0.015118
v -0.017763 -0.002752 0.015374
v -0.016295 0.000383 0.015659
v -0.025754 -0.008168 0.004800
v -0.025509 -0.008317 0.006495
v -0.025425 -0.008147 0.008135
v -0.025262 -0.007814 0.009698
v -0.024985 -0.007272 0.011143
v -0.024792 -0.006910 0.011801
v -0.024559 -0.006483 0.012404
v -0.024287 -0.005994 0.012943
v -0.023978 -0.005448 0.013415
v -0.023278 -0.004224 0.014162
v -0.022507 -0.002885 0.014685
v -0.013577 -0.015609 0.009800
v -0.012880 -0.016121 0.009800
v -0.013945 -0.014826 0.009800
v -0.013960 -0.014265 0.009800
v -0.010654 -0.015267 0.009800
v -0.010551 -0.015006 0.011977
v -0.010491 -0.014730 0.009800
v -0.010516 -0.014870 0.011998
v -0.010491 -0.014730 0.012025
v -0.011214 -0.015926 0.009800
v -0.010643 -0.015245 0.011888
v -0.012022 -0.016236 0.009800
v -0.009551 -0.014477 0.011586
v -0.009512 -0.014556 0.011449
v -0.010133 -0.015056 0.011621
v -0.010169 -0.014798 0.011844
v -0.010153 -0.014962 0.011752
v -0.009906 -0.014599 0.011768
v -0.009677 -0.014400 0.011709
v -0.012354 -0.012753 0.013523
v -0.010500 -0.014205 0.012179
v -0.010992 -0.013256 0.012694
v -0.010875 -0.013385 0.012599
v -0.010664 -0.013708 0.012401
v -0.011862 -0.012786 0.013265
v -0.011571 -0.012875 0.013094
v -0.011426 -0.012941 0.013002
v -0.013797 -0.013728 0.009800
v -0.013237 -0.013069 0.009800
v -0.012429 -0.012760 0.009800
v -0.011571 -0.012875 0.009800
v -0.010874 -0.013386 0.009800
v -0.010507 -0.014170 0.009800
v -0.045207 0.019198 0.004800
v -0.024134 0.016605 0.015245
v -0.025240 0.017826 0.015178
v -0.027983 0.014286 0.015142
v -0.029035 0.010057 0.015008
v -0.028413 0.010603 0.015084
v -0.027847 0.010460 0.015129
v -0.022978 0.015375 0.015311
v -0.025460 0.012838 0.015279
v -0.026126 0.012150 0.015252
v -0.027757 0.010453 0.015136
v -0.030825 0.011711 0.014874
v -0.032030 0.010618 0.014641
v -0.030483 0.008786 0.014752
v -0.033096 0.009648 0.014329
v -0.031660 0.007753 0.014422
v -0.034025 0.008800 0.013932
v -0.032627 0.006903 0.014020
v -0.034825 0.008068 0.013444
v -0.033447 0.006184 0.013532
v -0.035502 0.007445 0.012859
v -0.034168 0.005551 0.012922
v -0.036069 0.006924 0.012163
v -0.034724 0.005062 0.012257
v -0.036536 0.006494 0.011345
v -0.035192 0.004651 0.011470
v -0.036912 0.006149 0.010385
v -0.035584 0.004307 0.010516
v -0.037201 0.005885 0.009263
v -0.035899 0.004031 0.009346
v -0.037406 0.005699 0.007966
v -0.036112 0.003841 0.008040
v -0.037527 0.005589 0.006481
v -0.036252 0.003721 0.006300
v -0.036275 0.003701 0.005574
v -0.038451 0.006897 0.004800
v -0.036283 0.003694 0.004800
v -0.044995 0.021398 0.010680
v -0.045344 0.021169 0.009793
v -0.045611 0.020995 0.008770
v -0.045799 0.020873 0.007602
v -0.045908 0.020802 0.006280
v -0.042635 0.022949 0.013146
v -0.043391 0.022453 0.012667
v -0.044028 0.022034 0.012103
v -0.044559 0.021685 0.011445
v -0.040728 0.024192 0.013868
v -0.041750 0.023527 0.013545
v -0.030823 0.024805 0.014764
v -0.033524 0.021613 0.014733
v -0.030702 0.024638 0.014774
v -0.030078 0.023785 0.014827
v -0.042940 0.014626 0.004800
v -0.044460 0.017733 0.006320
v -0.042902 0.014654 0.006360
v -0.044347 0.017811 0.007674
v -0.042787 0.014739 0.007748
v -0.044155 0.017944 0.008869
v -0.042591 0.014884 0.008969
v -0.043882 0.018134 0.009913
v -0.042312 0.015091 0.010033
v -0.043525 0.018383 0.010815
v -0.041949 0.015363 0.010950
v -0.043080 0.018695 0.011592
v -0.041496 0.015702 0.011739
v -0.042538 0.019074 0.012259
v -0.040945 0.016115 0.012414
v -0.041889 0.019529 0.012829
v -0.040286 0.016609 0.012989
v -0.041119 0.020067 0.013311
v -0.039505 0.017192 0.013474
v -0.040220 0.020692 0.013712
v -0.038593 0.017870 0.013874
v -0.039182 0.021411 0.014034
v -0.037544 0.018647 0.014195
v -0.038002 0.022227 0.014282
v -0.036352 0.019528 0.014440
v -0.041796 0.012503 0.004800
v -0.039475 0.008524 0.004800
v -0.041227 0.011587 0.006401
v -0.039436 0.008557 0.006442
v -0.041110 0.011680 0.007821
v -0.039316 0.008658 0.007894
v -0.040910 0.011839 0.009068
v -0.039114 0.008831 0.009167
v -0.040627 0.012064 0.010152
v -0.038827 0.009076 0.010271
v -0.040258 0.012359 0.011085
v -0.038454 0.009396 0.011217
v -0.039799 0.012728 0.011884
v -0.037990 0.009795 0.012026
v -0.039241 0.013176 0.012566
v -0.037427 0.010280 0.012715
v -0.038574 0.013712 0.013145
v -0.036753 0.010859 0.013298
v -0.037784 0.014344 0.013632
v -0.035957 0.011540 0.013786
v -0.036863 0.015077 0.014032
v -0.035030 0.012331 0.014184
v -0.035805 0.015917 0.014350
v -0.033967 0.013236 0.014499
v -0.034605 0.016867 0.014592
v -0.032762 0.014257 0.014737
v -0.031763 0.019112 0.014878
v -0.029916 0.016667 0.015015
v -0.027725 0.020751 0.015010
v -0.023580 0.010882 0.015377
v -0.021653 0.014133 0.015379
v -0.027428 0.010462 0.015162
v -0.034724 0.001577 0.004800
v -0.028596 0.000446 0.013808
v -0.029268 -0.000291 0.013214
v -0.026347 0.006495 0.015134
v -0.023547 0.009404 0.015385
v -0.029517 0.003191 0.014212
v -0.028594 0.004156 0.014605
v -0.027538 0.005256 0.014909
v -0.029831 -0.000909 0.012504
v -0.030295 -0.001420 0.011663
v -0.030670 -0.001830 0.010669
v -0.030959 -0.002146 0.009501
v -0.031164 -0.002370 0.008142
v -0.031286 -0.002502 0.006579
v -0.031326 -0.002546 0.004800
v -0.034684 0.001617 0.006532
v -0.034562 0.001738 0.008057
v -0.034355 0.001944 0.009386
v -0.034064 0.002234 0.010532
v -0.033687 0.002612 0.011509
v -0.033219 0.003083 0.012339
v -0.032651 0.003653 0.013042
v -0.031973 0.004333 0.013632
v -0.033058 -0.000522 0.004800
v -0.033018 -0.000481 0.006557
v -0.032896 -0.000354 0.008102
v -0.032690 -0.000139 0.009447
v -0.032400 0.000165 0.010604
v -0.032023 0.000560 0.011590
v -0.031556 0.001051 0.012426
v -0.030990 0.001647 0.013133
v -0.030314 0.002357 0.013724
v -0.013835 0.019804 0.015056
v -0.012107 0.024919 0.014110
v -0.011635 0.025333 0.013924
v -0.016890 0.016653 0.015348
v -0.016461 0.012621 0.015521
v -0.019280 0.018621 0.015241
v -0.012994 0.024140 0.014396
v -0.014562 0.022763 0.014757
v -0.016499 0.021062 0.015035
v -0.022523 0.028836 0.014475
v -0.020365 0.026429 0.014645
v -0.018977 0.027559 0.014420
v -0.025839 0.026358 0.014762
v -0.017748 0.028558 0.014138
v -0.016670 0.029432 0.013798
v -0.018028 0.023970 0.014808
v -0.016665 0.025184 0.014581
v -0.015458 0.026258 0.014296
v -0.014399 0.027199 0.013951
v -0.021256 0.021094 0.015098
v -0.023652 0.023752 0.014933
v -0.014251 0.023036 0.013481
v -0.016660 0.026357 0.013182
v -0.016177 0.021345 0.013792
v -0.018440 0.024823 0.013524
v -0.018391 0.019402 0.013991
v -0.020562 0.022988 0.013762
v -0.021542 0.016635 0.014103
v -0.023043 0.020838 0.013899
v -0.022978 0.015375 0.014111
v -0.025571 0.018201 0.013956
v -0.015205 0.027602 0.012739
v -0.017955 0.030334 0.012545
v -0.019435 0.029208 0.012979
v -0.023403 0.026149 0.013554
v -0.021245 0.027816 0.013317
v -0.029345 0.022815 0.013685
v -0.028273 0.021435 0.013768
v -0.025929 0.024190 0.013691
v -0.027696 0.020716 0.013811
v -0.019181 0.011362 0.014303
v -0.020441 0.012643 0.014245
v -0.017560 0.015951 0.014179
v -0.014895 0.018694 0.013985
v -0.021982 0.014276 0.014166
v -0.030449 -0.001726 0.004800
v -0.033044 0.006537 0.012455
v -0.031576 0.004719 0.012563
v -0.032129 0.004141 0.012074
v -0.029230 0.003469 0.013079
v -0.031307 0.008063 0.013301
v -0.028396 0.004356 0.013437
v -0.030050 0.009166 0.013628
v -0.027410 0.005394 0.013723
v -0.028413 0.010603 0.013879
v -0.026272 0.006586 0.013939
v -0.027854 0.010461 0.013924
v -0.023539 0.009432 0.014184
v -0.026049 0.012297 0.014054
v -0.033637 0.006017 0.011948
v -0.032575 0.003670 0.011509
v -0.034129 0.005585 0.011338
v -0.032942 0.003283 0.010846
v -0.034537 0.005227 0.010594
v -0.033245 0.002968 0.010043
v -0.034861 0.004942 0.009688
v -0.033492 0.002715 0.009057
v -0.035119 0.004711 0.008520
v -0.033676 0.002530 0.007864
v -0.033788 0.002417 0.006447
v -0.035292 0.004561 0.007095
v -0.033826 0.002379 0.004800
v -0.035377 0.004490 0.004800
v -0.035369 0.004496 0.005551
v -0.035344 0.004519 0.006300
v -0.029202 -0.000328 0.011663
v -0.029568 -0.000745 0.010989
v -0.029870 -0.001086 0.010171
v -0.030115 -0.001360 0.009166
v -0.030298 -0.001562 0.007945
v -0.030411 -0.001685 0.006493
v -0.028201 0.000808 0.012733
v -0.028755 0.000181 0.012237
v -0.032171 0.000287 0.004800
v -0.032133 0.000327 0.006471
v -0.032020 0.000445 0.007907
v -0.031836 0.000639 0.009115
v -0.031590 0.000903 0.010111
v -0.031287 0.001232 0.010921
v -0.030920 0.001634 0.011590
v -0.030473 0.002125 0.012160
v -0.029919 0.002729 0.012652
v -0.032290 0.007199 0.012903
v -0.028818 0.015351 0.013887
v -0.042264 0.016021 0.006274
v -0.041456 0.016630 0.010306
v -0.037753 0.019455 0.012978
v -0.036635 0.020277 0.013211
v -0.033905 0.022264 0.013496
v -0.038710 0.018744 0.012683
v -0.039508 0.018143 0.012328
v -0.041104 0.016904 0.010928
v -0.040682 0.017236 0.011457
v -0.040160 0.017643 0.011919
v -0.039839 0.011849 0.007652
v -0.039661 0.011995 0.008776
v -0.039419 0.012196 0.009712
v -0.042299 0.015995 0.004800
v -0.037446 0.007553 0.004800
v -0.037409 0.007586 0.006382
v -0.037297 0.007685 0.007749
v -0.037115 0.007849 0.008904
v -0.036871 0.008072 0.009864
v -0.036570 0.008353 0.010647
v -0.036206 0.008697 0.011295
v -0.035766 0.009115 0.011848
v -0.035220 0.009627 0.012327
v -0.034540 0.010255 0.012748
v -0.033712 0.011007 0.013106
v -0.032727 0.011892 0.013397
v -0.031584 0.012910 0.013622
v -0.031447 0.018751 0.013699
v -0.039948 0.011761 0.006328
v -0.039985 0.011732 0.004800
v -0.034203 0.016541 0.013423
v -0.035338 0.015623 0.013194
v -0.036312 0.014827 0.012900
v -0.037128 0.014152 0.012543
v -0.037795 0.013590 0.012127
v -0.038331 0.013131 0.011656
v -0.038764 0.012756 0.011115
v -0.039122 0.012448 0.010479
v -0.011498 -0.010225 0.004800
v -0.010791 -0.010311 0.004800
v -0.010135 -0.010031 0.004800
v -0.009706 -0.009461 0.004800
v -0.009620 -0.008754 0.004800
v -0.009899 -0.008098 0.004800
v -0.010469 -0.007669 0.004800
v -0.011177 -0.007583 0.004800
v -0.011833 -0.007863 0.004800
v -0.012261 -0.008432 0.004800
v -0.012347 -0.009140 0.004800
v -0.012068 -0.009796 0.004800
v -0.015193 0.008277 -0.004871
v -0.011952 0.008631 -0.004980
v -0.011952 0.008631 -0.004955
v -0.011366 0.008695 -0.005004
v -0.011204 0.008713 -0.004972
v -0.011254 0.008707 -0.005008
v -0.017629 0.008011 -0.004803
v -0.017129 0.008066 -0.004817
v -0.017827 0.007990 -0.004797
v -0.018130 0.007957 -0.004789
v -0.019057 0.007855 -0.004761
v -0.018594 0.007906 -0.004775
v -0.018442 0.007922 -0.004780
v -0.018362 0.007931 -0.004782
v -0.018288 0.007939 -0.004784
v -0.018135 0.007956 -0.004789
v -0.019333 0.007825 -0.004752
v -0.019755 0.007779 -0.004739
v -0.019768 0.007778 -0.004739
v -0.020177 0.007733 -0.004725
v -0.015579 0.008235 -0.004860
v -0.016337 0.008152 -0.004839
v -0.016354 0.008150 -0.004839
v -0.042664 0.018987 -0.000612
v -0.042845 0.018845 -0.000512
v -0.042635 0.018968 -0.000644
v -0.042820 0.018782 -0.000551
v -0.042602 0.018934 -0.000669
v -0.042778 0.018718 -0.000565
v -0.042572 0.018880 -0.000676
v -0.042815 0.019060 -0.000420
v -0.042830 0.018953 -0.000467
v -0.042740 0.019023 -0.000517
v -0.042856 0.019067 -0.000352
v -0.042889 0.018824 -0.000451
v -0.042875 0.019043 -0.000297
v -0.042862 0.018769 -0.000513
v -0.042838 0.018771 -0.000537
v -0.042794 0.018722 -0.000559
v -0.042810 0.018726 -0.000551
v -0.042880 0.018779 -0.000487
v -0.042873 0.018754 -0.000497
v -0.042831 0.018734 -0.000538
v -0.042902 0.018781 -0.000430
v -0.042889 0.018802 -0.000464
v -0.043084 0.017175 0.001400
v -0.043028 0.017601 0.000293
v -0.043040 0.017637 0.000323
v -0.042879 0.018114 -0.000260
v -0.042930 0.018077 -0.000193
v -0.042889 0.018054 -0.000220
v -0.043070 0.017285 0.000826
v -0.043054 0.017249 0.000812
v -0.043006 0.017568 0.000267
v -0.042961 0.018104 -0.000157
v -0.042979 0.018134 -0.000114
v -0.043029 0.017224 0.000782
v -0.043011 0.017334 0.000550
v -0.042976 0.017541 0.000246
v -0.042951 0.017687 0.000085
v -0.041374 0.015043 0.000971
v -0.041315 0.015073 0.000724
v -0.041315 0.015254 0.000443
v -0.041512 0.015157 0.001269
v -0.041395 0.015618 0.000163
v -0.041606 0.016303 -0.000150
v -0.041961 0.017306 -0.000431
v -0.007679 0.024028 0.004300
v -0.007395 0.024398 0.004360
v -0.007219 0.024823 0.004534
v -0.043977 0.029579 -0.003066
v -0.043431 0.028949 -0.003177
v -0.044390 0.030178 -0.002987
v -0.045334 0.031486 -0.002784
v -0.045622 0.032067 -0.002735
v -0.046585 0.033150 -0.002463
v -0.047880 0.033976 -0.001893
v -0.048286 0.034023 -0.001608
v -0.047367 0.033751 -0.002161
v -0.046287 0.032976 -0.002570
v -0.046802 0.033492 -0.002407
v -0.046919 0.033455 -0.002348
v -0.047017 0.033649 -0.002326
v -0.047305 0.033805 -0.002203
v -0.042871 0.025853 -0.003081
v -0.043632 0.025937 -0.002800
v -0.042851 0.025849 -0.002800
v -0.042119 0.025613 -0.003293
v -0.041391 0.025197 -0.002800
v -0.041423 0.025220 -0.003448
v -0.040816 0.024688 -0.003557
v -0.040315 0.024015 -0.002800
v -0.040362 0.024094 -0.003623
v -0.040008 0.023364 -0.003658
v -0.039830 0.022688 -0.002800
v -0.039816 0.022596 -0.003653
v -0.039803 0.022501 -0.002800
v -0.039783 0.021804 -0.003604
v -0.039810 0.021518 -0.002800
v -0.039879 0.021143 -0.003523
v -0.039943 0.020908 -0.002800
v -0.040200 0.020268 -0.002800
v -0.040000 0.020733 -0.003057
v -0.039897 0.021073 -0.003408
v -0.046029 0.022746 0.003976
v -0.044584 0.023591 0.003976
v -0.041935 0.021578 0.003976
v -0.042070 0.021223 0.003976
v -0.042333 0.020837 0.003976
v -0.043025 0.020359 0.003976
v -0.041892 0.021797 0.003976
v -0.041876 0.022019 0.003976
v -0.041917 0.022419 0.003976
v -0.042054 0.022819 0.003976
v -0.042282 0.023176 0.003976
v -0.042569 0.023456 0.003976
v -0.042951 0.023685 0.003976
v -0.043313 0.023800 0.003976
v -0.043779 0.023834 0.003976
v -0.044200 0.019903 0.003976
v -0.044164 0.019917 0.003216
v -0.044105 0.019940 0.002518
v -0.043025 0.020359 0.000300
v -0.043880 0.020027 0.001117
v -0.043629 0.020124 0.000230
v -0.042585 0.020605 0.000300
v -0.042186 0.021026 0.000300
v -0.042070 0.021223 0.000300
v -0.041942 0.021553 0.000300
v -0.041878 0.022129 0.000300
v -0.042001 0.022697 0.000300
v -0.042298 0.023195 0.000300
v -0.042569 0.023456 0.000300
v -0.042738 0.023573 0.000300
v -0.043276 0.023792 0.000300
v -0.043855 0.023828 0.000300
v -0.044415 0.023678 0.000300
v -0.044584 0.023591 0.000300
v -0.044954 0.023375 0.000270
v -0.045476 0.023069 0.000109
v -0.045695 0.022941 0.000912
v -0.045913 0.022814 0.002235
v -0.044585 0.024054 -0.000016
v -0.045180 0.023660 -0.000016
v -0.045517 0.023324 -0.000050
v -0.042862 0.019638 -0.000433
v -0.042965 0.019941 -0.000016
v -0.043052 0.019581 -0.000433
v -0.043296 0.019752 -0.000127
v -0.042335 0.020276 -0.000016
v -0.041845 0.020794 -0.000016
v -0.041466 0.022151 -0.000016
v -0.041617 0.022848 -0.000016
v -0.043896 0.024238 -0.000016
v -0.043184 0.024194 -0.000016
v -0.042523 0.023926 -0.000016
v -0.041982 0.023461 -0.000016
v -0.042141 0.020021 -0.000433
v -0.041749 0.020392 -0.000433
v -0.041579 0.020614 -0.000433
v -0.041545 0.021442 -0.000016
v -0.041236 0.021355 -0.000433
v -0.041165 0.021700 -0.000433
v -0.041319 0.022965 -0.000433
v -0.041160 0.022338 -0.000433
v -0.041146 0.022167 -0.000433
v -0.041493 0.023322 -0.000433
v -0.041737 0.023667 -0.000433
v -0.042192 0.024090 -0.000433
v -0.042356 0.024199 -0.000433
v -0.043113 0.024507 -0.000433
v -0.045520 0.023773 -0.000433
v -0.045398 0.023895 -0.000433
v -0.044717 0.024346 -0.000433
v -0.044178 0.024520 -0.000433
v -0.043928 0.024557 -0.000433
v -0.041200 0.019489 -0.002198
v -0.040758 0.019735 -0.002482
v -0.041759 0.019336 -0.001781
v -0.042253 0.019332 -0.001338
v -0.042794 0.019465 -0.000753
v -0.040293 0.020158 -0.002747
v -0.044403 0.025603 -0.002348
v -0.044229 0.025705 -0.002470
v -0.044733 0.025349 -0.002067
v -0.045082 0.024949 -0.001646
v -0.045360 0.024418 -0.001097
v -0.045486 0.023978 -0.000643
v -0.035109 0.022808 -0.004303
v -0.033669 0.023468 -0.004390
v -0.033829 0.023712 -0.004375
v -0.033162 0.023721 -0.004410
v -0.032428 0.024699 -0.004413
v -0.031245 0.024777 -0.004452
v -0.031492 0.025358 -0.004420
v -0.031016 0.024914 -0.004453
v -0.031341 0.025464 -0.004420
v -0.031324 0.025476 -0.004420
v -0.036352 0.022301 -0.004188
v -0.036275 0.022160 -0.003993
v -0.033752 0.023249 -0.004188
v -0.030792 0.024860 -0.004260
v -0.030878 0.024999 -0.004454
v -0.030676 0.024672 -0.004106
v -0.031991 0.023620 -0.003998
v -0.030543 0.024456 -0.004018
v -0.032485 0.023071 -0.003960
v -0.030411 0.024241 -0.003998
v -0.033537 0.022828 -0.003942
v -0.036081 0.021732 -0.003743
v -0.034560 0.022083 -0.003851
v -0.036295 0.021382 -0.003681
v -0.038776 0.021303 -0.003589
v -0.038450 0.021565 -0.003872
v -0.036718 0.022162 -0.004146
v -0.037529 0.021704 -0.003826
v -0.038680 0.021111 -0.003429
v -0.032114 0.023841 -0.004087
v -0.039305 0.020414 -0.003090
v -0.038585 0.020880 -0.003330
v -0.037436 0.021509 -0.003667
v -0.037851 0.020844 -0.003438
v -0.037340 0.021277 -0.003571
v -0.036181 0.021963 -0.003836
v -0.033650 0.023054 -0.004033
v -0.032222 0.024032 -0.004241
v -0.021051 0.033411 -0.003061
v -0.021136 0.033430 -0.003163
v -0.020916 0.033128 -0.002887
v -0.020659 0.033363 -0.002760
v -0.020595 0.032813 -0.002799
v -0.020126 0.033344 -0.002562
v -0.021151 0.032940 -0.003001
v -0.020978 0.032755 -0.002911
v -0.021732 0.031534 -0.003222
v -0.022627 0.030948 -0.003431
v -0.022447 0.030771 -0.003409
v -0.030146 0.024405 -0.003999
v -0.029039 0.025430 -0.004012
v -0.028256 0.025670 -0.003981
v -0.027590 0.026477 -0.003977
v -0.026449 0.027053 -0.003912
v -0.024852 0.028766 -0.003790
v -0.024703 0.028560 -0.003773
v -0.022979 0.030222 -0.003522
v -0.025158 0.029129 -0.004032
v -0.027039 0.027722 -0.004369
v -0.027872 0.026859 -0.004218
v -0.028916 0.026295 -0.004439
v -0.029305 0.025823 -0.004253
v -0.023038 0.031436 -0.003865
v -0.023367 0.031095 -0.003937
v -0.022942 0.031302 -0.003673
v -0.023664 0.030793 -0.003995
v -0.025222 0.029293 -0.004221
v -0.021286 0.033116 -0.003154
v -0.022075 0.032470 -0.003603
v -0.022728 0.031763 -0.003790
v -0.021205 0.033452 -0.003271
v -0.022800 0.031133 -0.003520
v -0.025018 0.028958 -0.003878
v -0.027741 0.026680 -0.004065
v -0.029182 0.025640 -0.004100
v -0.024946 0.029995 -0.004144
v -0.027543 0.028177 -0.004337
v -0.031342 0.025510 -0.004419
v -0.041695 0.027401 -0.003505
v -0.042499 0.028041 -0.003358
v -0.031699 0.026164 -0.004380
v -0.032053 0.026824 -0.004341
v -0.033129 0.026340 -0.004326
v -0.033700 0.026138 -0.004311
v -0.034354 0.025952 -0.004287
v -0.035536 0.025738 -0.004227
v -0.035749 0.025717 -0.004214
v -0.036737 0.025684 -0.004142
v -0.037829 0.025780 -0.004042
v -0.039398 0.025012 -0.003836
v -0.041434 0.027219 -0.003550
v -0.044952 0.026744 -0.002265
v -0.045495 0.026404 -0.001780
v -0.045941 0.026125 -0.001221
v -0.046311 0.025895 -0.000567
v -0.046612 0.025709 0.000205
v -0.046849 0.025565 0.001119
v -0.047019 0.025463 0.002185
v -0.047120 0.025402 0.003411
v -0.048801 0.029718 0.003464
v -0.050228 0.033909 0.002873
v -0.048705 0.029771 0.002283
v -0.048542 0.029861 0.001252
v -0.050040 0.033943 0.001557
v -0.048315 0.029988 0.000367
v -0.049751 0.033987 0.000496
v -0.048025 0.030151 -0.000383
v -0.049370 0.034031 -0.000348
v -0.047669 0.030354 -0.001019
v -0.048894 0.034054 -0.001030
v -0.047241 0.030601 -0.001563
v -0.048357 0.034031 -0.001551
v -0.046719 0.030900 -0.002036
v -0.046082 0.031263 -0.002452
v -0.044288 0.027154 -0.002690
v -0.043489 0.027643 -0.003055
v -0.037952 0.025800 -0.004029
v -0.039112 0.026082 -0.003896
v -0.039920 0.026385 -0.003787
v -0.040282 0.026552 -0.003734
v -0.029574 0.028438 -0.004309
v -0.029745 0.028306 -0.004315
v -0.030781 0.027569 -0.004338
v -0.031705 0.027010 -0.004342
v -0.027213 0.030556 -0.004151
v -0.028160 0.029643 -0.004235
v -0.024312 0.033883 -0.003597
v -0.025535 0.032381 -0.003904
v -0.026851 0.030928 -0.004110
v -0.023276 0.035280 -0.003186
v -0.048542 0.034037 -0.001359
v -0.049181 0.034044 -0.000616
v -0.048850 0.034055 -0.001060
v -0.049347 0.034032 -0.000336
v -0.049661 0.033999 0.000352
v -0.049731 0.033990 0.000548
v -0.050180 0.033918 0.002988
v -0.050003 0.033949 0.001605
v -0.049975 0.033954 0.001465
v -0.023259 0.035303 -0.003085
v -0.024279 0.033926 -0.003488
v -0.025529 0.032388 -0.003801
v -0.026914 0.030862 -0.004013
v -0.027213 0.030556 -0.004046
v -0.028323 0.029494 -0.004139
v -0.029745 0.028306 -0.004207
v -0.029768 0.028288 -0.004208
v -0.031186 0.027312 -0.004234
v -0.031705 0.027010 -0.004235
v -0.032447 0.026631 -0.004231
v -0.033700 0.026138 -0.004206
v -0.034945 0.025826 -0.004158
v -0.035211 0.025781 -0.004145
v -0.035749 0.025717 -0.004115
v -0.036124 0.025691 -0.004092
v -0.036779 0.025685 -0.004045
v -0.037331 0.025718 -0.004001
v -0.037829 0.025780 -0.003956
v -0.038493 0.025910 -0.003890
v -0.039631 0.026266 -0.003761
v -0.039920 0.026385 -0.003724
v -0.040800 0.026825 -0.003604
v -0.041218 0.027077 -0.003543
v -0.041695 0.027401 -0.003470
v -0.041840 0.027507 -0.003447
v -0.042417 0.027970 -0.003352
v -0.042868 0.028378 -0.003275
v -0.020030 0.034216 -0.003560
v -0.019403 0.034980 -0.003107
v -0.019325 0.035078 -0.003025
v -0.018797 0.035739 -0.002496
v -0.018338 0.036327 -0.001837
v -0.017984 0.036787 -0.001107
v -0.018090 0.036649 -0.001322
v -0.018299 0.036377 -0.001746
v -0.018628 0.035953 -0.002250
v -0.018729 0.035824 -0.002384
v -0.017716 0.037139 -0.000332
v -0.017333 0.037649 -0.000071
v -0.017506 0.037419 0.000593
v -0.017168 0.037871 0.000825
v -0.017337 0.037643 0.001886
v -0.017023 0.038066 0.002151
v -0.017256 0.037753 0.003338
v -0.016947 0.038170 0.003875
v -0.017237 0.037778 0.004765
v -0.017599 0.037295 -0.001024
v -0.017379 0.037587 -0.000267
v -0.024386 0.029524 -0.004877
v -0.024386 0.029524 -0.005380
v -0.023889 0.030003 -0.004806
v -0.022784 0.031121 -0.005107
v -0.021940 0.032023 -0.004383
v -0.021502 0.032507 -0.004756
v -0.020964 0.033117 -0.004038
v -0.020572 0.033572 -0.004384
v -0.020569 0.033576 -0.003858
v -0.020479 0.033681 -0.004338
v -0.019649 0.034677 -0.003850
v -0.018935 0.035564 -0.003254
v -0.018401 0.036245 -0.002623
v -0.017984 0.036787 -0.001937
v -0.017653 0.037222 -0.001179
v -0.026134 0.027953 -0.005552
v -0.025405 0.028586 -0.004990
v -0.025454 0.028542 -0.004995
v -0.027649 0.026757 -0.005630
v -0.027110 0.027161 -0.005107
v -0.028146 0.026408 -0.005645
v -0.028146 0.026408 -0.005144
v -0.028750 0.026019 -0.005657
v -0.028496 0.026178 -0.005152
v -0.029770 0.025458 -0.005664
v -0.029732 0.025476 -0.005164
v -0.030229 0.025247 -0.005662
v -0.030229 0.025247 -0.005162
v -0.030943 0.024971 -0.005654
v -0.039113 0.024589 -0.004578
v -0.039113 0.024589 -0.005083
v -0.036774 0.024395 -0.004852
v -0.036876 0.024401 -0.005345
v -0.035864 0.024362 -0.004930
v -0.035279 0.024356 -0.005474
v -0.035279 0.024356 -0.004973
v -0.034869 0.024360 -0.005501
v -0.033975 0.024398 -0.005051
v -0.033167 0.024473 -0.005590
v -0.032483 0.024576 -0.005116
v -0.032379 0.024595 -0.005620
v -0.032379 0.024595 -0.005119
v -0.031873 0.024703 -0.005635
v -0.031246 0.024873 -0.005148
v -0.030943 0.024971 -0.005154
v -0.039970 0.024696 -0.004443
v -0.040910 0.024835 -0.004775
v -0.039374 0.024619 -0.004539
v -0.041095 0.024865 -0.004227
v -0.041115 0.024868 -0.004223
v -0.042627 0.025147 -0.004357
v -0.042801 0.025183 -0.003791
v -0.042984 0.025221 -0.004248
v -0.042983 0.025221 -0.003735
v -0.044041 0.025458 -0.003872
v -0.044172 0.025490 -0.003296
v -0.045181 0.025743 -0.003336
v -0.045309 0.025777 -0.002726
v -0.046214 0.026026 -0.002668
v -0.046251 0.026037 -0.002068
v -0.031567 0.025854 -0.005599
v -0.049884 0.029192 0.003400
v -0.048988 0.029680 -0.000934
v -0.049339 0.029489 -0.000029
v -0.049601 0.029346 0.000991
v -0.049781 0.029249 0.002132
v -0.045457 0.026201 -0.003268
v -0.044666 0.026672 -0.003776
v -0.043754 0.027215 -0.004195
v -0.043508 0.029034 -0.004405
v -0.042655 0.028180 -0.004562
v -0.042716 0.027834 -0.004531
v -0.042286 0.027859 -0.004628
v -0.041678 0.027389 -0.004732
v -0.040855 0.026857 -0.004864
v -0.040643 0.026738 -0.004897
v -0.039545 0.026233 -0.005051
v -0.038378 0.025883 -0.005190
v -0.037192 0.025706 -0.005307
v -0.035995 0.025698 -0.005400
v -0.034775 0.025858 -0.005471
v -0.033739 0.026125 -0.005511
v -0.033610 0.026167 -0.005515
v -0.032421 0.026643 -0.005540
v -0.032189 0.026755 -0.005542
v -0.044372 0.030085 -0.004240
v -0.046509 0.033071 -0.003785
v -0.046098 0.032583 -0.003889
v -0.045691 0.031474 -0.003934
v -0.045890 0.032304 -0.003937
v -0.047050 0.033555 -0.003621
v -0.046577 0.030992 -0.003518
v -0.047605 0.033859 -0.003411
v -0.048231 0.034016 -0.003108
v -0.047343 0.030575 -0.003016
v -0.048903 0.034054 -0.002679
v -0.047996 0.030220 -0.002422
v -0.049570 0.034010 -0.002096
v -0.048542 0.029923 -0.001730
v -0.050079 0.033936 -0.001480
v -0.050557 0.033841 -0.000666
v -0.050883 0.033763 0.000137
v -0.051196 0.033681 0.001333
v -0.051398 0.033626 0.002810
v -0.018641 0.035938 -0.000540
v -0.018394 0.036254 0.000134
v -0.018183 0.036528 0.001083
v -0.018165 0.036550 0.001191
v -0.018057 0.036691 0.002111
v -0.018044 0.036708 0.002300
v -0.020317 0.036101 0.002300
v -0.020304 0.035961 0.002300
v -0.020356 0.035831 0.002300
v -0.020462 0.035738 0.002300
v -0.022768 0.038317 0.002300
v -0.022652 0.038341 0.002300
v -0.022537 0.038319 0.002300
v -0.024800 0.035680 0.002300
v -0.024979 0.036105 0.002300
v -0.025013 0.035979 0.002300
v -0.024989 0.035850 0.002300
v -0.024914 0.035744 0.002300
v -0.025433 0.044693 0.000700
v -0.025433 0.044693 -0.000181
v -0.023647 0.043053 0.000700
v -0.024546 0.043878 -0.000185
v -0.023647 0.043053 -0.000190
v -0.024174 0.040686 -0.000500
v -0.024174 0.040686 0.000700
v -0.023858 0.042107 -0.000500
v -0.023744 0.042619 -0.000418
v -0.024727 0.036694 -0.001159
v -0.024708 0.036721 -0.000500
v -0.024092 0.037630 -0.000500
v -0.024515 0.037000 -0.001668
v -0.024746 0.036666 -0.001819
v -0.023474 0.038602 -0.000500
v -0.023876 0.037963 -0.001093
v -0.024211 0.037450 -0.001430
v -0.024270 0.037363 -0.001480
v -0.030861 0.036173 0.002300
v -0.030861 0.036173 -0.000500
v -0.030217 0.035763 -0.000500
v -0.030217 0.035763 0.002300
v -0.022823 0.041166 -0.000500
v -0.026375 0.044397 -0.000500
v -0.027747 0.043966 -0.000500
v -0.026758 0.044746 -0.000500
v -0.027224 0.045066 -0.000500
v -0.027147 0.045100 -0.000500
v -0.030336 0.037765 -0.000500
v -0.029715 0.037298 -0.000500
v -0.028274 0.041599 -0.000500
v -0.031436 0.040736 -0.000500
v -0.028208 0.044339 -0.000500
v -0.027763 0.038129 -0.000500
v -0.027670 0.038900 -0.000500
v -0.026488 0.039959 -0.000500
v -0.027974 0.039615 -0.000500
v -0.028944 0.037205 -0.000500
v -0.031266 0.036557 -0.000500
v -0.031933 0.037494 -0.000500
v -0.030640 0.038479 -0.000500
v -0.032199 0.038612 -0.000500
v -0.030546 0.039250 -0.000500
v -0.032025 0.039748 -0.000500
v -0.030080 0.039871 -0.000500
v -0.029365 0.040175 -0.000500
v -0.028595 0.040081 -0.000500
v -0.021777 0.040215 -0.000500
v -0.022171 0.040202 -0.000500
v -0.022562 0.040170 -0.000500
v -0.028230 0.037509 -0.000500
v -0.031266 0.036557 0.002300
v -0.031933 0.037494 0.002300
v -0.032199 0.038612 0.002300
v -0.032025 0.039748 0.002300
v -0.031436 0.040736 0.002300
v -0.028208 0.044339 0.002300
v -0.025839 0.045341 0.002300
v -0.025830 0.045340 0.000054
v -0.027224 0.045066 0.002300
v -0.026156 0.045337 -0.000190
v -0.026667 0.045259 -0.000423
v -0.024674 0.045055 0.002300
v -0.025217 0.045250 0.001018
v -0.025547 0.045315 0.000397
v -0.025723 0.045334 0.000160
v -0.021640 0.040217 -0.000497
v -0.021414 0.040223 -0.000476
v -0.020726 0.040266 -0.000266
v -0.020309 0.040344 0.000079
v -0.020170 0.040434 0.000416
v -0.026111 0.044480 -0.000478
v -0.025864 0.044558 -0.000415
v -0.025624 0.044633 -0.000308
v -0.027747 0.043966 0.000700
v -0.028274 0.041599 0.000700
v -0.026488 0.039959 0.000700
v -0.027141 0.041401 0.000700
v -0.024779 0.043251 0.000700
v -0.025400 0.043718 0.000700
v -0.026171 0.043811 0.000700
v -0.026885 0.043507 0.000700
v -0.027352 0.042887 0.000700
v -0.027446 0.042116 0.000700
v -0.024569 0.041766 0.000700
v -0.024475 0.042537 0.000700
v -0.026521 0.040935 0.000700
v -0.025750 0.040841 0.000700
v -0.025036 0.041145 0.000700
v -0.021519 0.042135 0.002300
v -0.021398 0.042068 0.002300
v -0.021791 0.042077 0.002300
v -0.021665 0.042139 0.002300
v -0.024475 0.042537 0.002300
v -0.024779 0.043251 0.002300
v -0.025400 0.043718 0.002300
v -0.025036 0.041145 0.002300
v -0.022338 0.040642 0.002300
v -0.022354 0.040788 0.002300
v -0.030336 0.037765 0.002300
v -0.029715 0.037298 0.002300
v -0.028944 0.037205 0.002300
v -0.030640 0.038479 0.002300
v -0.028230 0.037509 0.002300
v -0.027763 0.038129 0.002300
v -0.024569 0.041766 0.002300
v -0.029365 0.040175 0.002300
v -0.030080 0.039871 0.002300
v -0.030546 0.039250 0.002300
v -0.025750 0.040841 0.002300
v -0.027670 0.038900 0.002300
v -0.027974 0.039615 0.002300
v -0.026521 0.040935 0.002300
v -0.028595 0.040081 0.002300
v -0.027141 0.041401 0.002300
v -0.027446 0.042116 0.002300
v -0.027352 0.042887 0.002300
v -0.026885 0.043507 0.002300
v -0.026171 0.043811 0.002300
v -0.022258 0.040524 0.002300
v -0.020808 0.039210 0.002300
v -0.018006 0.036758 0.003042
v -0.018025 0.036842 0.003865
v -0.020751 0.039313 0.003708
v -0.020777 0.039266 0.002876
v -0.022211 0.040640 0.003727
v -0.022270 0.040700 0.003533
v -0.022306 0.040788 0.003529
v -0.022312 0.040883 0.003524
v -0.020057 0.040664 0.001414
v -0.019973 0.040834 0.002771
v -0.023498 0.034465 -0.004629
v -0.022197 0.035320 -0.004239
v -0.024431 0.033730 -0.004854
v -0.020409 0.039961 -0.000818
v -0.020217 0.040341 0.000114
v -0.020627 0.039545 -0.001535
v -0.023320 0.035219 -0.004451
v -0.022464 0.036465 -0.003979
v -0.021862 0.037405 -0.003497
v -0.021084 0.036051 -0.003767
v -0.021358 0.038239 -0.002930
v -0.020147 0.036667 -0.003208
v -0.020962 0.038931 -0.002301
v -0.025688 0.032204 -0.005143
v -0.030906 0.027487 -0.005541
v -0.029725 0.028321 -0.005516
v -0.028444 0.029385 -0.005457
v -0.028178 0.029626 -0.005439
v -0.027081 0.030691 -0.005342
v -0.051301 0.034711 0.003358
v -0.049728 0.036005 -0.001083
v -0.050225 0.034943 -0.000924
v -0.050578 0.034877 -0.000260
v -0.031247 0.028501 -0.005045
v -0.030028 0.029398 -0.005012
v -0.034042 0.027113 -0.005026
v -0.032578 0.027718 -0.005051
v -0.026822 0.032480 -0.004722
v -0.028895 0.030372 -0.004950
v -0.025865 0.033594 -0.004539
v -0.024956 0.034740 -0.004291
v -0.024093 0.035910 -0.003954
v -0.023283 0.037095 -0.003487
v -0.022541 0.038266 -0.002822
v -0.022207 0.038825 -0.002385
v -0.021909 0.039344 -0.001864
v -0.021658 0.039797 -0.001261
v -0.021460 0.040168 -0.000596
v -0.023710 0.038223 -0.002572
v -0.023508 0.038546 -0.002363
v -0.023038 0.039328 -0.001704
v -0.022932 0.039511 -0.001503
v -0.024200 0.037467 -0.002969
v -0.024838 0.036535 -0.003339
v -0.024260 0.037376 -0.003010
v -0.027431 0.033249 -0.004096
v -0.026739 0.034055 -0.003964
v -0.026620 0.034199 -0.003938
v -0.025791 0.035241 -0.003715
v -0.029570 0.031064 -0.004337
v -0.029120 0.031485 -0.004302
v -0.027583 0.033079 -0.004121
v -0.031242 0.029683 -0.004417
v -0.029985 0.030693 -0.004364
v -0.033310 0.028435 -0.004434
v -0.031878 0.029241 -0.004430
v -0.031790 0.029300 -0.004429
v -0.034323 0.028038 -0.004416
v -0.037248 0.026746 -0.004845
v -0.036871 0.027690 -0.004296
v -0.036431 0.026714 -0.004908
v -0.035706 0.027732 -0.004365
v -0.035618 0.026768 -0.004959
v -0.035263 0.027800 -0.004385
v -0.034977 0.027859 -0.004396
v -0.038772 0.028079 -0.004133
v -0.038657 0.028038 -0.004145
v -0.038846 0.027076 -0.004687
v -0.038504 0.027987 -0.004160
v -0.038057 0.026867 -0.004771
v -0.037120 0.027707 -0.004278
v -0.037004 0.027698 -0.004286
v -0.040318 0.027731 -0.004501
v -0.040377 0.028918 -0.003948
v -0.040243 0.028828 -0.003965
v -0.040956 0.029355 -0.003871
v -0.041612 0.028628 -0.004308
v -0.041780 0.030115 -0.003754
v -0.042729 0.029693 -0.004122
v -0.041814 0.030150 -0.003749
v -0.043687 0.030873 -0.003952
v -0.042871 0.031420 -0.003580
v -0.044502 0.032073 -0.003808
v -0.043304 0.032044 -0.003511
v -0.043397 0.032184 -0.003497
v -0.045276 0.033181 -0.003667
v -0.044473 0.033751 -0.003333
v -0.046571 0.034457 -0.003365
v -0.045414 0.034798 -0.003163
v -0.046111 0.034101 -0.003485
v -0.044834 0.034198 -0.003272
v -0.044740 0.034087 -0.003288
v -0.047294 0.035860 -0.002659
v -0.047256 0.035849 -0.002672
v -0.047586 0.034919 -0.003027
v -0.046559 0.035583 -0.002892
v -0.047062 0.034731 -0.003217
v -0.046028 0.035279 -0.003029
v -0.045989 0.035253 -0.003038
v -0.049270 0.035057 -0.002037
v -0.049784 0.035009 -0.001525
v -0.049581 0.036020 -0.001250
v -0.049023 0.036052 -0.001755
v -0.048590 0.036050 -0.002052
v -0.048711 0.035070 -0.002453
v -0.047839 0.035979 -0.002442
v -0.048141 0.035028 -0.002778
v -0.050623 0.035870 0.000582
v -0.050480 0.035896 0.000195
v -0.050362 0.035917 -0.000076
v -0.050845 0.034819 0.000441
v -0.051168 0.034743 0.001906
v -0.050881 0.035817 0.001671
v -0.051036 0.035783 0.003381
v -0.051062 0.035777 0.004288
v -0.039795 0.028555 -0.004020
v -0.039603 0.027368 -0.004596
v -0.048494 0.034949 -0.001086
v -0.047922 0.034896 -0.001507
v -0.048335 0.036037 -0.001507
v -0.050040 0.034918 0.003602
v -0.050319 0.035924 0.002226
v -0.049986 0.034902 0.002654
v -0.049928 0.034888 0.002074
v -0.050279 0.035931 0.001860
v -0.049844 0.034876 0.001521
v -0.050265 0.035933 0.001760
v -0.049974 0.035976 0.000569
v -0.049720 0.034879 0.000993
v -0.049582 0.034894 0.000569
v -0.049941 0.035980 0.000482
v -0.049409 0.034911 0.000152
v -0.048483 0.036046 -0.001408
v -0.049019 0.036052 -0.000968
v -0.048837 0.034949 -0.000739
v -0.049233 0.036044 -0.000740
v -0.048983 0.034943 -0.000560
v -0.049375 0.036036 -0.000563
v -0.049824 0.035994 0.000200
v -0.036871 0.027690 -0.003821
v -0.036055 0.027698 -0.003846
v -0.035042 0.027845 -0.003865
v -0.034977 0.027859 -0.003866
v -0.033922 0.028178 -0.003880
v -0.033318 0.028432 -0.003888
v -0.033310 0.028435 -0.003888
v -0.037058 0.027702 -0.003815
v -0.038027 0.027855 -0.003770
v -0.038657 0.028038 -0.003730
v -0.039006 0.028170 -0.003704
v -0.040038 0.028698 -0.003613
v -0.040243 0.028828 -0.003592
v -0.040880 0.029293 -0.003521
v -0.041303 0.029654 -0.003469
v -0.041837 0.030174 -0.003400
v -0.041780 0.030115 -0.003408
v -0.042636 0.031106 -0.003293
v -0.043397 0.032183 -0.003193
v -0.044834 0.034198 -0.002964
v -0.044574 0.033882 -0.003015
v -0.043638 0.032548 -0.003161
v -0.045264 0.034657 -0.002865
v -0.045475 0.034853 -0.002809
v -0.045961 0.035234 -0.002661
v -0.046028 0.035280 -0.002639
v -0.046655 0.035628 -0.002400
v -0.047295 0.035860 -0.002103
v -0.047446 0.035900 -0.002025
v -0.040354 0.027078 -0.003472
v -0.047424 0.034752 -0.001791
v -0.046575 0.034218 -0.002173
v -0.047086 0.034584 -0.001957
v -0.045995 0.033627 -0.002367
v -0.045790 0.033376 -0.002425
v -0.045270 0.032650 -0.002550
v -0.040958 0.027460 -0.003378
v -0.043980 0.030665 -0.002801
v -0.043841 0.030465 -0.002828
v -0.043080 0.029468 -0.002979
v -0.042166 0.028468 -0.003160
v -0.041266 0.027685 -0.003325
v -0.044071 0.030798 -0.002783
v -0.036780 0.026188 -0.003803
v -0.037525 0.026209 -0.003764
v -0.038244 0.026304 -0.003712
v -0.038541 0.026366 -0.003687
v -0.039495 0.026665 -0.003587
v -0.040344 0.027073 -0.003474
v -0.032855 0.027154 -0.003888
v -0.034278 0.026613 -0.003870
v -0.035454 0.026324 -0.003848
v -0.036529 0.026197 -0.003814
v -0.031860 0.027666 -0.003891
v -0.032148 0.029069 -0.003889
v -0.031404 0.027943 -0.003886
v -0.030689 0.028430 -0.003870
v -0.031242 0.029683 -0.003873
v -0.030317 0.028708 -0.003858
v -0.030808 0.030012 -0.003858
v -0.029432 0.029432 -0.003813
v -0.029457 0.031167 -0.003781
v -0.028690 0.030109 -0.003757
v -0.029173 0.031435 -0.003757
v -0.028377 0.030414 -0.003727
v -0.029121 0.031484 -0.003752
v -0.028110 0.030682 -0.003699
v -0.028184 0.032428 -0.003650
v -0.026838 0.032075 -0.003513
v -0.026836 0.033939 -0.003417
v -0.026155 0.032909 -0.003368
v -0.026739 0.034055 -0.003395
v -0.024809 0.034761 -0.002923
v -0.024032 0.035992 -0.002498
v -0.024391 0.036301 -0.002598
v -0.026624 0.034194 -0.003368
v -0.025706 0.033493 -0.003247
v -0.025762 0.035278 -0.003121
v -0.024863 0.036499 -0.002744
v -0.024771 0.036630 -0.002695
v -0.023862 0.035833 -0.002649
v -0.023136 0.035479 -0.002724
v -0.019039 0.035526 -0.001174
v -0.020026 0.034208 -0.002256
v -0.019708 0.034617 -0.001985
v -0.019789 0.034511 -0.002070
v -0.019505 0.034886 -0.001779
v -0.019307 0.035150 -0.001581
v -0.019262 0.035212 -0.001525
v -0.007637 0.022688 -0.003279
v -0.007650 0.022693 -0.003289
v -0.007644 0.022734 -0.003276
v -0.007632 0.022729 -0.003266
v -0.007650 0.022814 -0.003232
v -0.007637 0.022809 -0.003221
v -0.007678 0.022877 -0.003169
v -0.007665 0.022872 -0.003158
v -0.007710 0.022908 -0.003088
v -0.007735 0.022918 -0.003109
v -0.007696 0.022889 -0.003169
v -0.007667 0.022838 -0.003227
v -0.007656 0.022770 -0.003273
v -0.007662 0.022698 -0.003300
v -0.007469 0.022614 -0.000600
v -0.007469 0.022614 -0.002901
v -0.007478 0.022715 -0.002901
v -0.007621 0.022872 -0.002901
v -0.007621 0.022872 -0.000600
v -0.007537 0.022816 -0.002901
v -0.007544 0.022823 -0.000600
v -0.007537 0.022816 -0.000600
v -0.007487 0.022740 -0.000600
v -0.007478 0.022715 -0.000600
v -0.007469 0.022611 -0.002902
v -0.007469 0.022614 -0.002912
v -0.007469 0.022615 -0.002922
v -0.007468 0.022665 -0.002910
v -0.007546 0.022824 -0.002911
v -0.007492 0.022751 -0.002913
v -0.007622 0.022872 -0.002904
v -0.007622 0.022872 -0.002912
v -0.007473 0.022692 -0.002926
v -0.007480 0.022721 -0.002926
v -0.007503 0.022770 -0.002925
v -0.007535 0.022812 -0.002923
v -0.007517 0.022640 -0.003121
v -0.007519 0.022705 -0.003109
v -0.007544 0.022784 -0.003083
v -0.007651 0.022884 -0.003009
v -0.007722 0.022000 -0.003409
v -0.008023 0.018055 -0.003685
v -0.008075 0.018058 -0.003909
v -0.008247 0.017749 -0.004127
v -0.008784 0.013409 -0.004694
v -0.008644 0.013373 -0.004520
v -0.008596 0.013344 -0.004301
v -0.007678 -0.012357 -0.001812
v -0.007742 -0.012301 -0.001835
v -0.006907 -0.011359 -0.001800
v -0.008589 -0.013240 -0.001923
v -0.006563 -0.011711 -0.001388
v -0.007473 -0.012601 -0.001441
v -0.006583 -0.011690 -0.001489
v -0.007489 -0.012575 -0.001538
v -0.006614 -0.011659 -0.001573
v -0.007521 -0.012535 -0.001629
v -0.006660 -0.011612 -0.001654
v -0.006846 -0.011422 -0.001792
v -0.006775 -0.011494 -0.001763
v -0.007619 -0.012422 -0.001770
v -0.006716 -0.011554 -0.001719
v -0.007565 -0.012483 -0.001708
v -0.008502 -0.013339 -0.001854
v -0.008433 -0.013426 -0.001741
v -0.008394 -0.013487 -0.001599
v -0.015733 -0.010868 0.000300
v -0.015831 -0.011709 0.000300
v -0.015866 -0.011279 0.000300
v -0.015864 -0.011260 0.000300
v -0.013985 -0.013096 0.000300
v -0.014413 -0.013128 0.000300
v -0.014821 -0.012994 0.000300
v -0.006135 -0.006192 0.000300
v -0.006102 -0.006620 0.000300
v -0.006236 -0.007028 0.000300
v -0.012261 -0.008432 0.000300
v -0.011833 -0.007863 0.000300
v -0.010135 -0.010031 0.000300
v -0.009706 -0.009461 0.000300
v -0.012068 -0.009796 0.000300
v -0.012347 -0.009140 0.000300
v -0.009899 -0.008098 0.000300
v -0.007140 -0.004903 0.000300
v -0.010791 -0.010311 0.000300
v -0.011498 -0.010225 0.000300
v -0.011177 -0.007583 0.000300
v -0.010469 -0.007669 0.000300
v -0.007980 -0.004797 0.000300
v -0.007549 -0.004766 0.000300
v -0.009620 -0.008754 0.000300
v -0.018307 0.007937 -0.005984
v -0.018027 0.010574 -0.005947
v -0.015702 0.008212 -0.006058
v -0.015419 0.008252 -0.006066
v -0.019360 0.007822 -0.005952
v -0.019838 0.007770 -0.005937
v -0.020229 0.007727 -0.005924
v -0.018921 0.011391 -0.005910
v -0.018578 0.011428 -0.005917
v -0.017487 0.011547 -0.005936
v -0.017251 0.011588 -0.005939
v -0.018921 0.011391 -0.004709
v -0.018000 0.010549 -0.004747
v -0.017487 0.011547 -0.004735
v -0.017184 0.011605 -0.004739
v -0.015498 0.008244 -0.004862
v -0.015417 0.008253 -0.004865
v -0.002362 -0.001850 0.001800
v -0.002362 -0.001850 0.000200
v 0.000093 -0.004985 0.001800
v 0.000093 -0.004985 0.000200
v 0.000091 -0.004988 0.000138
v -0.002392 -0.001873 0.000009
v 0.000068 -0.005015 0.000008
v 0.000037 -0.005053 -0.000081
v -0.002477 -0.001940 -0.000154
v -0.000003 -0.005100 -0.000154
v -0.002605 -0.002040 -0.000262
v -0.000081 -0.005192 -0.000241
v -0.002756 -0.002158 -0.000300
v -0.000237 -0.005374 -0.000300
v -0.002952 -0.000536 0.000200
v -0.002970 -0.000422 0.000200
v -0.003003 -0.000426 0.000021
v -0.003220 -0.001372 -0.000300
v -0.003093 -0.000439 -0.000129
v -0.003192 -0.000453 -0.000217
v -0.003044 -0.001297 -0.000262
v -0.003276 -0.000465 -0.000262
v -0.003352 -0.000476 -0.000287
v -0.003465 -0.000492 -0.000300
v -0.002895 -0.001233 -0.000154
v -0.002795 -0.001191 0.000009
v -0.002760 -0.001176 0.000200
v -0.009342 -0.004461 -0.002459
v -0.013182 -0.007458 -0.004170
v -0.010765 -0.005228 -0.003394
v -0.013327 -0.007249 -0.004464
v -0.010687 -0.005306 -0.003317
v -0.013221 -0.007398 -0.004309
v -0.010654 -0.005409 -0.003212
v -0.010652 -0.005487 -0.003084
v -0.008086 -0.003478 -0.001817
v -0.008082 -0.003455 -0.001857
v -0.009342 -0.004381 -0.002586
v -0.008165 -0.003178 -0.002113
v -0.009621 -0.004326 -0.002853
v -0.008112 -0.003290 -0.002046
v -0.009372 -0.004276 -0.002690
v -0.008099 -0.003329 -0.002013
v -0.008084 -0.003396 -0.001943
v -0.007812 -0.003329 -0.001480
v -0.007756 -0.003261 -0.001644
v -0.006399 -0.002763 -0.001050
v -0.006380 -0.002648 -0.001064
v -0.006595 -0.002637 -0.001198
v -0.007783 -0.002929 -0.001905
v -0.007366 -0.002829 -0.001651
v -0.007376 -0.002758 -0.001671
v -0.007740 -0.003129 -0.001795
v -0.007370 -0.002756 -0.001667
v -0.006923 -0.002657 -0.001400
v -0.006997 -0.002780 -0.001419
v -0.006636 -0.002789 -0.001181
v -0.006491 -0.002984 -0.000938
v -0.006441 -0.002889 -0.001004
v -0.006416 -0.002823 -0.001033
v -0.006554 -0.003058 -0.000849
v -0.006525 -0.003028 -0.000891
v -0.006695 -0.002956 -0.001087
v -0.006784 -0.003066 -0.000943
v -0.006591 -0.003085 -0.000795
v -0.006581 -0.003079 -0.000809
v -0.007029 -0.002954 -0.001323
v -0.007367 -0.003004 -0.001554
v -0.008091 -0.003122 -0.002074
v -0.007098 -0.003075 -0.001179
v -0.007412 -0.003134 -0.001407
v -0.006691 -0.003110 -0.000640
v -0.006838 -0.003101 -0.000755
v -0.007074 -0.003110 -0.000937
v -0.007426 -0.003176 -0.001202
v -0.005618 -0.003552 -0.000013
v -0.005950 -0.003331 -0.000164
v -0.006324 -0.003181 -0.000378
v -0.005419 -0.003738 0.000059
v -0.004570 -0.004266 -0.000298
v -0.004166 -0.004832 -0.000260
v -0.004149 -0.004819 -0.000269
v -0.004292 -0.004931 -0.000152
v -0.004725 -0.004376 -0.000179
v -0.004308 -0.004944 -0.000129
v -0.004827 -0.004438 0.000011
v -0.004382 -0.005002 0.000030
v -0.005260 -0.003865 -0.000099
v -0.004818 -0.003574 -0.000397
v -0.004380 -0.004192 -0.000320
v -0.004012 -0.004712 -0.000300
v -0.005140 -0.003805 -0.000279
v -0.004976 -0.003695 -0.000384
v -0.005279 -0.003630 -0.000326
v -0.006014 -0.002882 -0.000812
v -0.005962 -0.002731 -0.000825
v -0.005269 -0.003357 -0.000475
v -0.005163 -0.003186 -0.000493
v -0.005524 -0.002923 -0.000624
v -0.006060 -0.002976 -0.000776
v -0.006113 -0.003059 -0.000719
v -0.006170 -0.003124 -0.000644
v -0.006227 -0.003165 -0.000557
v -0.005398 -0.003699 -0.000149
v -0.005533 -0.003569 -0.000199
v -0.005637 -0.003074 -0.000621
v -0.005697 -0.003159 -0.000584
v -0.005583 -0.003353 -0.000442
v -0.005760 -0.003233 -0.000524
v -0.005822 -0.003289 -0.000445
v -0.004943 -0.003413 -0.000428
v -0.005123 -0.003505 -0.000428
v -0.005415 -0.003493 -0.000374
v -0.005700 -0.003436 -0.000269
v -0.005877 -0.003323 -0.000354
v -0.003482 0.000258 -0.000301
v -0.003347 0.001025 -0.000300
v -0.003551 0.001836 -0.000306
v -0.005546 0.007923 -0.000891
v -0.005462 0.004345 -0.000840
v -0.004820 0.004330 -0.000569
v -0.003831 -0.002707 -0.000301
v -0.004947 -0.000512 -0.000522
v -0.005595 -0.000451 -0.000774
v -0.006103 0.000989 -0.001122
v -0.006055 0.002456 -0.001148
v -0.006039 0.004359 -0.001183
v -0.006077 0.006624 -0.001226
v -0.006144 0.008372 -0.001261
v -0.003234 0.003232 -0.000300
v -0.003178 0.006143 -0.000300
v -0.003533 0.004300 -0.000311
v -0.003579 0.006444 -0.000316
v -0.004750 0.007324 -0.000552
v -0.003658 -0.000631 -0.000303
v -0.003693 -0.002588 -0.000300
v -0.003376 0.000264 -0.000288
v -0.003164 0.000969 -0.000262
v -0.002992 0.000222 0.000199
v -0.003214 0.000251 -0.000218
v -0.003114 0.000243 -0.000130
v -0.003024 0.000236 0.000021
v -0.002869 0.000878 0.000200
v -0.003009 0.000921 -0.000154
v -0.002905 0.000889 0.000009
v -0.002851 0.002030 -0.000300
v 0.000949 0.003040 -0.000188
v 0.000708 0.003221 -0.000257
v 0.000043 0.003308 -0.000262
v 0.000997 0.002870 0.000009
v 0.000985 0.002834 0.000200
v 0.001435 0.002675 0.000016
v 0.001803 0.002398 0.000200
v -0.002063 0.002827 -0.000300
v -0.001950 0.002673 -0.000262
v -0.001064 0.003334 -0.000300
v -0.001005 0.003152 -0.000262
v 0.000045 0.003500 -0.000300
v 0.000362 0.003481 -0.000300
v -0.001855 0.002542 -0.000154
v -0.000956 0.002998 -0.000154
v 0.000040 0.003146 -0.000154
v 0.001033 0.002977 -0.000158
v -0.001791 0.002454 0.000009
v -0.000923 0.002894 0.000009
v 0.000039 0.003038 0.000009
v 0.001052 0.002962 -0.000150
v -0.002444 0.001740 0.000200
v -0.002475 0.001762 0.000009
v -0.002563 0.001825 -0.000154
v -0.002695 0.001919 -0.000262
v -0.002113 0.002130 0.000200
v -0.001768 0.002423 0.000200
v -0.000912 0.002858 0.000200
v 0.000039 0.003000 0.000200
v 0.000560 0.002947 0.000200
v 0.001502 0.001998 -0.001800
v -0.004174 0.006266 -0.001800
v 0.001617 0.002151 -0.001762
v -0.004106 0.006357 -0.001787
v 0.001780 0.002368 -0.001491
v -0.003896 0.006636 -0.001489
v 0.001803 0.002398 -0.001300
v -0.003874 0.006666 -0.001300
v -0.004061 0.006417 -0.001763
v -0.004008 0.006487 -0.001717
v 0.001715 0.002281 -0.001654
v -0.003962 0.006549 -0.001654
v -0.003948 0.006567 -0.001629
v -0.005990 0.008256 -0.002237
v -0.006638 0.008743 -0.002707
v -0.006638 0.008743 -0.001617
v -0.004250 0.006948 -0.001328
v -0.004633 0.007236 -0.001418
v -0.005339 0.007767 -0.001770
v -0.006392 0.008558 -0.001439
v -0.007706 0.008065 -0.002400
v -0.008973 0.009590 -0.002400
v -0.008807 0.009323 -0.003215
v -0.008970 0.009585 -0.003339
v -0.009483 0.010686 -0.003730
v -0.009702 0.011472 -0.002400
v -0.009701 0.011467 -0.003898
v -0.009806 0.012165 -0.003980
v -0.009788 0.013489 -0.002400
v -0.009788 0.013489 -0.003956
v -0.008867 0.021056 -0.002400
v -0.008867 0.021056 -0.002884
v -0.009361 0.016993 -0.003524
v -0.010807 0.012655 -0.004757
v -0.010732 0.013452 -0.004701
v -0.009339 0.021246 -0.003281
v -0.009811 0.021436 -0.003681
v -0.009873 0.021088 -0.003756
v -0.009495 0.017288 -0.003623
v -0.010241 0.018440 -0.004201
v -0.010467 0.016263 -0.004456
v -0.011169 0.009041 -0.004958
v -0.007704 0.008957 -0.002400
v -0.007227 0.009264 -0.002046
v -0.007710 0.009846 -0.002400
v -0.009008 0.006626 -0.003312
v -0.009264 0.009422 -0.003555
v -0.009053 0.003855 -0.003233
v -0.009193 0.001215 -0.003160
v -0.009386 -0.000885 -0.003105
v -0.013270 -0.006123 -0.004666
v -0.012979 -0.003975 -0.004891
v -0.010125 -0.004300 -0.003157
v -0.012953 -0.003803 -0.004905
v -0.013363 -0.007166 -0.004502
v -0.013368 -0.007033 -0.004533
v -0.013350 -0.006851 -0.004562
v -0.012862 -0.003203 -0.004948
v -0.009651 -0.002874 -0.003056
v -0.012735 -0.002387 -0.004997
v -0.012307 0.000333 -0.005090
v -0.011734 0.004280 -0.005093
v -0.011476 0.006388 -0.005056
v -0.011544 0.005784 -0.005067
v -0.011621 0.005146 -0.005079
v -0.009983 0.020415 -0.003889
v -0.011299 0.013902 -0.004673
v -0.013426 0.011146 -0.004818
v -0.015883 0.012710 -0.004724
v -0.016195 0.012223 -0.004737
v -0.015305 0.008265 -0.004868
v -0.017175 0.011607 -0.004739
v -0.016644 0.011839 -0.004742
v -0.010121 0.020765 -0.003843
v -0.011083 0.019510 -0.004121
v -0.011423 0.019066 -0.004200
v -0.013289 0.016644 -0.004505
v -0.015705 0.013517 -0.004694
v -0.015722 0.013270 -0.004704
v -0.019795 0.007775 -0.005938
v -0.025755 -0.006534 0.004510
v -0.025325 -0.006932 0.004503
v -0.025320 -0.006928 0.004124
v -0.017505 -0.010370 -0.002481
v -0.017029 -0.009978 -0.002939
v -0.017772 -0.009603 -0.002860
v -0.027029 -0.005265 0.003441
v -0.025303 -0.006904 0.003397
v -0.025245 -0.006792 0.002071
v -0.023616 -0.008451 0.004772
v -0.019361 -0.011754 0.004699
v -0.020211 -0.011148 0.004717
v -0.021061 -0.010515 0.004732
v -0.021912 -0.009855 0.004747
v -0.025328 -0.006932 0.004794
v -0.024471 -0.007706 0.004783
v -0.026187 -0.006128 0.004708
v -0.026619 -0.005714 0.004714
v -0.027051 -0.005293 0.004720
v -0.027484 -0.004864 0.004725
v -0.027918 -0.004426 0.004731
v -0.028353 -0.003980 0.004737
v -0.028702 -0.003609 0.004189
v -0.028706 -0.003613 0.004555
v -0.028352 -0.003979 0.004549
v -0.028687 -0.003588 0.003484
v -0.027913 -0.004421 0.004174
v -0.028658 -0.003550 0.002801
v -0.025150 -0.006599 0.000911
v -0.028520 -0.003368 0.001195
v -0.025018 -0.006330 -0.000089
v -0.028319 -0.003099 -0.000030
v -0.024848 -0.005990 -0.000936
v -0.028069 -0.002756 -0.000988
v -0.024642 -0.005584 -0.001642
v -0.027770 -0.002339 -0.001749
v -0.024132 -0.004612 -0.002699
v -0.027415 -0.001839 -0.002374
v -0.026965 -0.001211 -0.002924
v -0.023514 -0.003491 -0.003408
v -0.026540 -0.000626 -0.003296
v -0.023674 0.003185 -0.004415
v -0.023956 0.002815 -0.004360
v -0.021292 0.000316 -0.004459
v -0.024790 0.001718 -0.004148
v -0.022820 -0.002277 -0.003894
v -0.025690 0.000523 -0.003806
v -0.026404 -0.000440 -0.003395
v -0.023353 0.003604 -0.004470
v -0.019642 0.003024 -0.004719
v -0.022254 0.005037 -0.004607
v -0.020878 0.006825 -0.004700
v -0.017890 0.005769 -0.004820
v -0.015563 0.003787 -0.004927
v -0.013845 0.006669 -0.004954
v -0.013187 0.001943 -0.005047
v -0.014561 -0.001087 -0.004922
v -0.015775 -0.004092 -0.004635
v -0.014080 -0.007600 -0.004351
v -0.014898 -0.008253 -0.004093
v -0.016859 -0.006983 -0.004051
v -0.017344 -0.008342 -0.003563
v -0.016596 -0.009624 -0.003264
v -0.016311 -0.009392 -0.003444
v -0.015339 -0.008607 -0.003924
v -0.017604 -0.010452 -0.002368
v -0.018103 -0.010714 -0.001819
v -0.018091 -0.010856 -0.001673
v -0.019171 -0.011734 0.002328
v -0.019054 -0.011642 0.001367
v -0.021763 -0.009475 0.000801
v -0.021835 -0.009696 0.001968
v -0.021883 -0.009824 0.003315
v -0.019261 -0.011805 0.003836
v -0.021900 -0.009852 0.004058
v -0.021907 -0.009856 0.004447
v -0.019273 -0.011815 0.004568
v -0.019274 -0.011815 0.004784
v -0.027917 -0.004426 0.004543
v -0.027045 -0.005288 0.004157
v -0.027482 -0.004863 0.004536
v -0.027049 -0.005292 0.004530
v -0.026181 -0.006123 0.004140
v -0.026617 -0.005714 0.004523
v -0.026186 -0.006127 0.004516
v -0.025757 -0.006534 0.004702
v -0.025327 -0.006932 0.004697
v -0.024470 -0.007707 0.004685
v -0.021910 -0.009856 0.004646
v -0.022762 -0.009168 0.004659
v -0.022763 -0.009167 0.004760
v -0.023615 -0.008452 0.004672
v -0.021060 -0.010516 0.004631
v -0.020209 -0.011148 0.004615
v -0.019359 -0.011755 0.004598
v -0.018994 -0.011594 0.001005
v -0.018738 -0.011387 -0.000112
v -0.021662 -0.009171 -0.000199
v -0.018470 -0.011169 -0.000892
v -0.021531 -0.008790 -0.001043
v -0.021369 -0.008342 -0.001744
v -0.020952 -0.007286 -0.002791
v -0.020433 -0.006080 -0.003496
v -0.019846 -0.004780 -0.003981
v -0.018549 -0.002008 -0.004550
v -0.017123 0.000877 -0.004819
v -0.019107 -0.011850 0.003220
v -0.019073 -0.011867 0.003349
v -0.018885 -0.011720 0.001384
v -0.014999 -0.008760 -0.003801
v -0.016238 -0.009844 -0.002983
v -0.014908 -0.008803 -0.003657
v -0.017120 -0.010535 -0.002243
v -0.017819 -0.011082 -0.001251
v -0.018296 -0.011456 -0.000067
v -0.018624 -0.011713 0.001425
v -0.018810 -0.011858 0.003362
v -0.018706 -0.011382 -0.000174
v -0.019046 -0.011648 0.001368
v -0.017463 -0.010409 -0.002469
v -0.017862 -0.010721 -0.001976
v -0.018204 -0.010989 -0.001417
v -0.016537 -0.009684 -0.003247
v -0.015169 -0.008612 -0.003941
v -0.016348 -0.009816 -0.003117
v -0.015054 -0.008720 -0.003860
v -0.018548 -0.011456 -0.000144
v -0.018053 -0.011069 -0.001370
v -0.017717 -0.010805 -0.001920
v -0.017324 -0.010498 -0.002405
v -0.016411 -0.009782 -0.003172
v -0.018984 -0.011880 0.003353
v -0.018797 -0.011733 0.001396
v -0.018462 -0.011471 -0.000121
v -0.017973 -0.011088 -0.001335
v -0.017640 -0.010828 -0.001878
v -0.017252 -0.010524 -0.002358
v 0.000471 -0.004522 -0.001300
v -0.000298 -0.005445 -0.001300
v 0.002550 -0.001581 -0.001300
v 0.002550 -0.001581 0.001800
v 0.001203 -0.003570 -0.001300
v 0.000471 -0.004522 0.001800
v -0.000327 -0.005420 -0.001491
v 0.002517 -0.001561 -0.001491
v 0.001173 -0.003547 -0.001491
v 0.002425 -0.001504 -0.001654
v 0.001085 -0.003483 -0.001654
v 0.002287 -0.001418 -0.001762
v 0.000955 -0.003387 -0.001762
v 0.002125 -0.001317 -0.001800
v 0.000801 -0.003273 -0.001800
v -0.000408 -0.005349 -0.001654
v -0.000531 -0.005242 -0.001762
v -0.000675 -0.005117 -0.001800
v -0.001971 -0.007167 -0.001491
v -0.002047 -0.007089 -0.001654
v -0.002160 -0.006973 -0.001762
v -0.002294 -0.006837 -0.001800
v 0.001868 0.002347 -0.001300
v 0.002424 0.001767 -0.001300
v 0.002393 0.001745 -0.001491
v 0.002993 -0.000211 -0.001300
v 0.002900 -0.000768 -0.001300
v 0.002863 -0.000758 -0.001491
v 0.002362 0.000819 -0.001800
v 0.002020 0.001473 -0.001800
v 0.002543 0.000881 -0.001762
v 0.002175 0.001585 -0.001762
v 0.002696 0.000935 -0.001654
v 0.002306 0.001681 -0.001654
v 0.002799 0.000970 -0.001491
v 0.002417 -0.000640 -0.001800
v 0.002602 -0.000689 -0.001762
v 0.002759 -0.000730 -0.001654
v 0.002998 0.000112 -0.001300
v 0.002960 0.000111 -0.001491
v 0.002852 0.000107 -0.001654
v 0.002689 0.000101 -0.001762
v 0.002498 0.000094 -0.001800
v 0.002835 0.000983 -0.001300
v 0.002746 0.001207 -0.001300
v -0.002952 -0.000536 0.001800
v -0.002862 0.000900 0.001800
v -0.002113 0.002130 0.001800
v -0.000878 0.002869 0.001800
v 0.000560 0.002947 0.001800
v 0.001868 0.002347 0.001800
v 0.002993 -0.000211 0.001800
v 0.002746 0.001207 0.001800
v 0.001417 0.001110 0.001800
v 0.001782 0.000253 0.001800
v 0.001670 -0.000672 0.001800
v 0.001110 -0.001417 0.001800
v 0.000253 -0.001782 0.001800
v -0.000672 -0.001670 0.001800
v -0.001417 -0.001110 0.001800
v -0.001782 -0.000253 0.001800
v -0.001670 0.000672 0.001800
v -0.001110 0.001417 0.001800
v -0.000253 0.001782 0.001800
v 0.000672 0.001670 0.001800
v 0.002349 0.000601 0.000000
v 0.002349 0.000601 -0.001800
v 0.001695 -0.001734 -0.000000
v 0.001695 -0.001734 -0.001800
v -0.000654 -0.002335 -0.000000
v -0.000654 -0.002335 -0.001800
v -0.002349 -0.000601 -0.000000
v -0.002349 -0.000601 -0.001800
v -0.001695 0.001734 -0.001800
v -0.001695 0.001734 -0.000000
v 0.000654 0.002335 0.000000
v 0.000654 0.002335 -0.001800
v 0.001417 0.001110 0.000000
v 0.000672 0.001670 0.000000
v -0.000253 0.001782 -0.000000
v -0.001110 0.001417 -0.000000
v -0.001670 0.000672 -0.000000
v -0.001782 -0.000253 -0.000000
v -0.001417 -0.001110 -0.000000
v -0.000672 -0.001670 -0.000000
v 0.000253 -0.001782 -0.000000
v 0.001110 -0.001417 0.000000
v 0.001670 -0.000672 -0.000000
v 0.001782 0.000253 0.000000
v -0.004475 -0.000602 -0.001800
v -0.004211 0.003798 -0.001800
v -0.004179 0.005395 -0.001800
v -0.006790 -0.011075 -0.001800
v -0.005878 -0.008417 -0.001800
v -0.005707 -0.007806 -0.001800
v -0.005161 -0.005441 -0.001800
v -0.005102 -0.005137 -0.001800
v -0.004768 -0.003104 -0.001800
v -0.004520 -0.001061 -0.001800
v -0.011803 -0.016254 -0.000205
v -0.012026 -0.016483 0.000899
v -0.012497 -0.016487 0.000818
v -0.011147 -0.016129 0.001107
v -0.010940 -0.015924 0.000117
v -0.012027 -0.016236 -0.000382
v -0.012268 -0.016246 -0.000329
v -0.012690 -0.016185 -0.000301
v -0.009222 -0.014328 -0.001603
v -0.009378 -0.014479 -0.001643
v -0.011008 -0.015789 -0.001137
v -0.010534 -0.015306 -0.002074
v -0.010184 -0.015132 -0.001921
v -0.010702 -0.015358 -0.002154
v -0.011065 -0.015807 -0.001171
v -0.011223 -0.015932 -0.000914
v -0.011356 -0.016142 -0.000054
v -0.011445 -0.016064 -0.000675
v -0.012972 -0.016384 0.000754
v -0.013801 -0.015939 0.000365
v -0.013171 -0.015971 -0.000447
v -0.013684 -0.015802 -0.000246
v -0.013549 -0.015642 -0.000816
v -0.014065 -0.016239 0.002855
v -0.013975 -0.016139 0.001665
v -0.013850 -0.015996 0.000670
v -0.014082 -0.016256 0.003204
v -0.013186 -0.016611 0.002885
v -0.012708 -0.016706 0.002907
v -0.012234 -0.016694 0.002934
v -0.011776 -0.016562 0.002968
v -0.011345 -0.016325 0.003006
v -0.010612 -0.015599 -0.000877
v -0.010115 -0.015103 -0.001809
v -0.012868 -0.016126 -0.000328
v -0.011572 -0.016358 0.000996
v -0.009862 -0.014906 -0.001798
v -0.009585 -0.014671 -0.001704
v -0.009353 -0.014099 -0.002032
v -0.009425 -0.014352 -0.001960
v -0.009363 -0.014087 -0.002041
v -0.009506 -0.014241 -0.002068
v -0.009270 -0.014209 -0.001921
v -0.009224 -0.014290 -0.001765
v -0.009380 -0.014435 -0.001812
v -0.009073 -0.014135 -0.001750
v -0.009220 -0.013931 -0.002015
v -0.009127 -0.014049 -0.001906
v -0.008905 -0.013586 -0.001966
v -0.008730 -0.013827 -0.001626
v -0.008761 -0.013770 -0.001772
v -0.008825 -0.013685 -0.001890
v -0.008858 -0.013089 -0.002068
v -0.004779 0.006835 -0.001893
v -0.007732 -0.012162 -0.001846
v -0.008075 -0.011532 -0.002069
v -0.007189 -0.010914 -0.001847
v -0.006305 -0.008294 -0.001850
v -0.005032 -0.001009 -0.001867
v -0.005255 -0.003035 -0.001862
v -0.005566 -0.005049 -0.001857
v -0.004783 0.003815 -0.001884
v -0.004863 0.001401 -0.001875
v -0.005376 0.002510 -0.002140
v -0.005340 0.003831 -0.002149
v -0.005331 0.006397 -0.002169
v -0.005347 0.007370 -0.002176
v -0.006361 -0.006132 -0.002087
v -0.006127 -0.004943 -0.002093
v -0.006013 -0.004284 -0.002097
v -0.005700 -0.001994 -0.002110
v -0.005594 -0.000951 -0.002116
v -0.005481 0.000470 -0.002126
v -0.006607 -0.007197 -0.002082
v -0.007722 -0.010698 -0.002071
v -0.007550 -0.010256 -0.002072
v -0.006831 -0.008046 -0.002079
v -0.004617 0.007214 -0.001504
v -0.004622 0.007141 -0.001664
v -0.004410 0.006640 -0.001799
v -0.004325 0.006770 -0.001716
v -0.004248 0.006924 -0.001463
v -0.004651 0.007059 -0.001765
v -0.004974 0.007341 -0.001868
v -0.005285 0.007677 -0.001940
v -0.005289 0.007690 -0.001921
v -0.005307 0.007467 -0.002130
v -0.005288 0.007537 -0.002083
v -0.005280 0.007605 -0.002024
v -0.004720 0.006928 -0.001861
v -0.005023 0.007207 -0.001972
v -0.005997 0.007858 -0.002642
v -0.006643 0.008344 -0.003111
v -0.006596 0.008467 -0.003050
v -0.006593 0.008683 -0.002831
v -0.006577 0.008587 -0.002953
v -0.008651 0.012939 -0.004481
v -0.008718 0.012948 -0.004620
v -0.008807 0.012274 -0.004723
v -0.008704 0.012303 -0.004614
v -0.008797 0.012167 -0.004716
v -0.008715 0.011630 -0.004655
v -0.008317 0.010487 -0.004351
v -0.008491 0.010836 -0.004485
v -0.008438 0.010696 -0.004444
v -0.007130 0.008891 -0.003451
v -0.007178 0.008803 -0.003503
v -0.007735 0.009439 -0.003915
v -0.007092 0.009004 -0.003352
v -0.007091 0.009098 -0.003229
v -0.007125 0.009161 -0.003100
v -0.008637 0.012316 -0.004475
v -0.008624 0.012436 -0.004335
v -0.008547 0.011704 -0.004403
v -0.008609 0.011670 -0.004541
v -0.008233 0.010561 -0.004244
v -0.008189 0.010627 -0.004111
v -0.007925 0.010003 -0.004002
v -0.007995 0.009913 -0.004106
v -0.007617 0.009400 -0.003819
v -0.007562 0.009503 -0.003718
v -0.007545 0.009590 -0.003591
v -0.007773 0.009936 -0.003629
v -0.007707 0.009842 -0.003575
v -0.008521 0.011690 -0.004251
v -0.008373 0.011148 -0.004127
v -0.008187 0.010676 -0.003972
v -0.008342 0.010469 -0.004371
v -0.008596 0.013344 -0.002400
v -0.008523 0.011695 -0.002400
v -0.007775 0.009939 -0.002400
v -0.007715 0.020592 -0.002400
v -0.010413 0.021678 -0.002000
v -0.010413 0.021678 -0.003711
v -0.010111 0.021557 -0.003696
v -0.007715 0.020592 -0.002000
v -0.012840 0.024947 -0.002000
v -0.012855 0.025222 -0.002000
v -0.012855 0.025223 -0.003314
v -0.011126 0.022056 -0.003728
v -0.011317 0.022192 -0.002000
v -0.011746 0.022571 -0.003708
v -0.011469 0.022314 -0.002000
v -0.012180 0.023101 -0.003662
v -0.012369 0.023409 -0.002000
v -0.012477 0.023619 -0.003600
v -0.012477 0.023618 -0.002000
v -0.012853 0.025145 -0.003331
v -0.012742 0.024361 -0.003487
v -0.012562 0.023810 -0.003574
v -0.012651 0.026544 -0.002000
v -0.012659 0.026520 -0.002928
v -0.012804 0.025932 -0.003127
v -0.011876 0.027881 -0.002000
v -0.012268 0.027355 -0.002484
v -0.012579 0.026739 -0.002838
v -0.009815 0.023163 0.000800
v -0.010348 0.023466 0.000800
v -0.010969 0.024183 0.000800
v -0.011247 0.025090 0.000800
v -0.010652 0.026849 0.000800
v -0.011135 0.026032 0.000800
v -0.011266 0.028041 -0.001453
v -0.011724 0.027936 -0.001869
v -0.009292 0.027571 0.000800
v -0.010013 0.027900 -0.000094
v -0.009881 0.027402 0.000800
v -0.010680 0.028048 -0.000859
v -0.010933 0.028062 -0.001124
v -0.007515 0.022236 0.000800
v -0.007169 0.025079 0.000800
v -0.007360 0.024463 0.000800
v -0.010683 0.024791 0.000800
v -0.010723 0.025637 0.000800
v -0.010371 0.026408 0.000800
v -0.010039 0.026734 0.000800
v -0.009195 0.027474 0.000800
v -0.007918 0.023825 0.000800
v -0.008706 0.023513 0.000800
v -0.009549 0.023597 0.000800
v -0.010261 0.024056 0.000800
v -0.010039 0.026734 0.004300
v -0.008912 0.027723 0.004300
v -0.008970 0.027672 0.002684
v -0.009043 0.027608 0.001849
v -0.008735 0.027548 0.004549
v -0.017219 0.030898 -0.002637
v -0.020189 0.034001 -0.002370
v -0.020299 0.033862 -0.002440
v -0.009879 0.026537 0.004553
v -0.010549 0.026134 0.004300
v -0.010723 0.025637 0.004300
v -0.010756 0.025315 0.004300
v -0.010683 0.024791 0.004300
v -0.010566 0.024491 0.004300
v -0.010261 0.024056 0.004300
v -0.010021 0.023845 0.004300
v -0.009549 0.023597 0.004300
v -0.009241 0.023519 0.004300
v -0.008706 0.023513 0.004300
v -0.007918 0.023825 0.004300
v -0.008398 0.023585 0.004300
v -0.007169 0.025079 0.000012
v -0.007156 0.025286 0.000012
v -0.007202 0.025702 0.000012
v -0.007217 0.025699 -0.000068
v -0.007184 0.025081 -0.000068
v -0.007262 0.025689 -0.000137
v -0.007230 0.025086 -0.000137
v -0.007329 0.025673 -0.000184
v -0.007299 0.025094 -0.000184
v -0.007337 0.025671 -0.000187
v -0.007380 0.025104 -0.000200
v -0.007409 0.025655 -0.000200
v -0.007461 0.026655 -0.000059
v -0.007450 0.026661 0.000012
v -0.007506 0.026640 -0.000135
v -0.007577 0.026621 -0.000185
v -0.007654 0.026603 -0.000200
v -0.008897 0.027045 -0.000600
v -0.008897 0.027045 -0.001801
v -0.008722 0.027039 -0.001618
v -0.008555 0.027033 -0.001426
v -0.008351 0.027027 -0.001011
v -0.008170 0.027020 -0.000600
v -0.008782 0.027280 -0.001906
v -0.008795 0.027312 -0.001892
v -0.008586 0.027306 -0.001667
v -0.008649 0.027045 -0.001616
v -0.008488 0.027048 -0.001459
v -0.008608 0.027074 -0.001652
v -0.008440 0.027084 -0.001481
v -0.008389 0.027295 -0.001438
v -0.008388 0.027288 -0.001445
v -0.008570 0.027275 -0.001679
v -0.008383 0.027233 -0.001477
v -0.008560 0.027222 -0.001690
v -0.008398 0.027153 -0.001491
v -0.008564 0.027163 -0.001688
v -0.008414 0.027119 -0.001489
v -0.008578 0.027118 -0.001676
v -0.008388 0.027301 -0.001430
v -0.008773 0.027226 -0.001917
v -0.008775 0.027185 -0.001917
v -0.008778 0.027168 -0.001915
v -0.008793 0.027123 -0.001902
v -0.008810 0.027093 -0.001886
v -0.008861 0.027052 -0.001836
v -0.008839 0.027064 -0.001858
v -0.008821 0.027079 -0.001875
v -0.008029 0.027280 -0.000654
v -0.008013 0.027245 -0.000659
v -0.008100 0.027229 -0.000877
v -0.008198 0.027284 -0.001048
v -0.008194 0.027233 -0.001085
v -0.008193 0.027172 -0.001086
v -0.008212 0.027112 -0.001078
v -0.008249 0.027065 -0.001062
v -0.008300 0.027035 -0.001039
v -0.008207 0.027031 -0.000833
v -0.008156 0.027062 -0.000855
v -0.008094 0.027038 -0.000627
v -0.008124 0.027026 -0.000617
v -0.008005 0.027200 -0.000661
v -0.008009 0.027152 -0.000659
v -0.008099 0.027168 -0.000878
v -0.008019 0.027121 -0.000655
v -0.008119 0.027108 -0.000871
v -0.008057 0.027065 -0.000641
v -0.008058 0.027064 -0.000640
v -0.007958 0.027002 -0.000433
v -0.008009 0.027024 -0.000494
v -0.007972 0.027058 -0.000503
v -0.007879 0.027220 -0.000365
v -0.007809 0.027165 -0.000272
v -0.007818 0.027151 -0.000312
v -0.007699 0.027022 -0.000205
v -0.007698 0.027060 -0.000158
v -0.007685 0.027047 -0.000147
v -0.007923 0.027200 -0.000482
v -0.007937 0.027255 -0.000457
v -0.008095 0.027019 -0.000544
v -0.008130 0.027013 -0.000530
v -0.008049 0.027003 -0.000480
v -0.008038 0.026968 -0.000410
v -0.007825 0.026858 -0.000280
v -0.007710 0.026761 -0.000225
v -0.007728 0.026745 -0.000223
v -0.007997 0.026978 -0.000421
v -0.007942 0.026944 -0.000367
v -0.007911 0.026876 -0.000300
v -0.007862 0.026836 -0.000270
v -0.007746 0.026730 -0.000220
v -0.007745 0.026933 -0.000269
v -0.007629 0.026840 -0.000193
v -0.007653 0.026814 -0.000210
v -0.007715 0.026978 -0.000243
v -0.007595 0.026879 -0.000151
v -0.007623 0.026846 -0.000187
v -0.007582 0.026897 -0.000121
v -0.007575 0.026909 -0.000096
v -0.007570 0.026920 -0.000069
v -0.007865 0.027011 -0.000376
v -0.007820 0.027107 -0.000342
v -0.007836 0.027058 -0.000364
v -0.008055 0.027036 -0.000559
v -0.007903 0.026972 -0.000376
v -0.007783 0.026892 -0.000281
v -0.007684 0.026785 -0.000222
v -0.007943 0.027102 -0.000503
v -0.007926 0.027152 -0.000496
v -0.007519 0.026807 -0.000090
v -0.007510 0.026833 -0.000029
v -0.007470 0.026732 0.000004
v -0.007564 0.026774 -0.000161
v -0.007525 0.026694 -0.000144
v -0.007596 0.026670 -0.000190
v -0.007704 0.026693 -0.000210
v -0.007671 0.026650 -0.000203
v -0.007481 0.026716 -0.000072
v -0.007662 0.026626 -0.000201
v -0.007460 0.026696 0.000009
v -0.008910 0.026645 -0.000200
v -0.008905 0.026798 -0.000230
v -0.008901 0.026928 -0.000317
v -0.008898 0.027015 -0.000447
v -0.010246 0.024159 -0.000447
v -0.009598 0.023701 -0.000447
v -0.009610 0.023673 -0.000600
v -0.009521 0.026522 -0.000200
v -0.009585 0.026661 -0.000230
v -0.009460 0.024044 -0.000200
v -0.009517 0.023902 -0.000230
v -0.009968 0.024403 -0.000200
v -0.010083 0.024302 -0.000230
v -0.010261 0.024953 -0.000200
v -0.010409 0.024914 -0.000230
v -0.010277 0.025575 -0.000200
v -0.010426 0.025607 -0.000230
v -0.010011 0.026138 -0.000200
v -0.010130 0.026234 -0.000230
v -0.009566 0.023781 -0.000317
v -0.010181 0.024216 -0.000317
v -0.010535 0.024881 -0.000317
v -0.010553 0.025634 -0.000317
v -0.010232 0.026315 -0.000317
v -0.010619 0.024859 -0.000447
v -0.010638 0.025652 -0.000447
v -0.010300 0.026369 -0.000447
v -0.009639 0.026779 -0.000317
v -0.009675 0.026858 -0.000447
v -0.009688 0.026886 -0.000600
v -0.010271 0.026450 -0.000600
v -0.010269 0.024139 -0.000600
v -0.010626 0.024773 -0.000600
v -0.010648 0.024851 -0.000600
v -0.010668 0.025658 -0.000600
v -0.010323 0.026388 -0.000600
v -0.007621 0.022875 -0.000553
v -0.007620 0.022904 -0.000448
v -0.007618 0.022941 -0.000382
v -0.007615 0.022997 -0.000317
v -0.007611 0.023090 -0.000250
v -0.007604 0.023217 -0.000207
v -0.007600 0.023295 -0.000200
v -0.007535 0.023035 -0.000245
v -0.007531 0.023116 -0.000209
v -0.007463 0.023086 -0.000156
v -0.007461 0.022694 -0.000369
v -0.007483 0.022784 -0.000407
v -0.007474 0.022909 -0.000248
v -0.007543 0.022859 -0.000435
v -0.007424 0.023053 -0.000079
v -0.007426 0.022968 -0.000048
v -0.007445 0.022844 -0.000183
v -0.007454 0.022736 -0.000237
v -0.007404 0.023271 -0.000065
v -0.007457 0.023183 -0.000138
v -0.007451 0.023276 -0.000138
v -0.007527 0.023202 -0.000189
v -0.007527 0.023286 -0.000187
v -0.007577 0.022983 -0.000310
v -0.007581 0.022886 -0.000444
v -0.007468 0.022620 -0.000511
v -0.007538 0.022964 -0.000296
v -0.007469 0.022993 -0.000193
v -0.007402 0.023271 -0.000061
v -0.007389 0.023269 0.000012
v -0.007966 0.028228 0.003218
v -0.007773 0.027691 0.001326
v -0.007833 0.027863 0.001635
v -0.008100 0.028573 0.004231
v -0.008061 0.028476 0.003419
v -0.007875 0.027981 0.001872
v -0.008043 0.028430 0.003188
v -0.007812 0.027772 0.001271
v -0.007814 0.027736 0.001126
v -0.007915 0.028035 0.001696
v -0.008132 0.028625 0.003790
v -0.008097 0.028530 0.003163
v -0.008132 0.028622 0.003705
v -0.007901 0.028021 0.001734
v -0.008010 0.028314 0.002433
v -0.008132 0.028629 0.003874
v -0.008135 0.028650 0.004718
v -0.008133 0.028637 0.004078
v -0.008051 0.028408 0.002676
v -0.007631 0.027141 0.000223
v -0.007746 0.027524 0.000780
v -0.007786 0.027652 0.000984
v -0.008282 0.027905 -0.000238
v -0.008217 0.028231 0.000778
v -0.008146 0.028563 0.002787
v -0.008191 0.028356 0.001323
v -0.008161 0.028495 0.002170
v -0.010238 0.026794 -0.003334
v -0.010503 0.026500 -0.003606
v -0.008337 0.028228 0.000411
v -0.008594 0.028002 -0.000653
v -0.008638 0.027963 -0.000797
v -0.009016 0.027632 -0.001769
v -0.009691 0.027149 -0.002790
v -0.009475 0.027228 -0.002575
v -0.009802 0.027096 -0.002900
v -0.009983 0.026991 -0.003080
v -0.010122 0.026892 -0.003218
v -0.010714 0.026141 -0.003842
v -0.011208 0.025707 -0.004130
v -0.010642 0.026283 -0.003758
v -0.013546 0.027962 -0.003976
v -0.015808 0.030144 -0.003828
v -0.009141 0.027300 -0.002239
v -0.008382 0.027826 -0.000593
v -0.008859 0.027368 -0.001898
v -0.010893 0.025403 -0.004150
v -0.010805 0.025903 -0.003962
v -0.010393 0.026597 -0.003510
v -0.010093 0.026855 -0.003218
v -0.010063 0.026801 -0.003204
v -0.009167 0.027038 -0.002144
v -0.009039 0.027044 -0.001952
v -0.009545 0.026944 -0.002491
v -0.010839 0.025397 -0.004133
v -0.010764 0.025823 -0.003969
v -0.010710 0.025792 -0.003931
v -0.009768 0.027036 -0.002903
v -0.010592 0.026220 -0.003752
v -0.010725 0.025359 -0.004019
v -0.010758 0.025376 -0.004071
v -0.010790 0.025386 -0.004103
v -0.010657 0.025735 -0.003825
v -0.010618 0.025844 -0.003711
v -0.010667 0.025661 -0.003799
v -0.010673 0.025762 -0.003880
v -0.010711 0.025348 -0.003980
v -0.010705 0.025332 -0.003928
v -0.010010 0.026693 -0.002990
v -0.010267 0.026455 -0.003272
v -0.010310 0.026414 -0.003375
v -0.009138 0.027059 -0.002176
v -0.009098 0.027142 -0.002227
v -0.009114 0.027095 -0.002205
v -0.009117 0.027290 -0.002226
v -0.009101 0.027247 -0.002236
v -0.009094 0.027195 -0.002238
v -0.009475 0.026972 -0.002475
v -0.009775 0.026849 -0.002794
v -0.009756 0.026880 -0.002832
v -0.009750 0.026980 -0.002891
v -0.009747 0.026926 -0.002866
v -0.010047 0.026746 -0.003176
v -0.010046 0.026699 -0.003138
v -0.010057 0.026663 -0.003097
v -0.009451 0.026999 -0.002508
v -0.009433 0.027040 -0.002540
v -0.009426 0.027092 -0.002563
v -0.009432 0.027147 -0.002574
v -0.009449 0.027199 -0.002573
v -0.010385 0.026306 -0.003407
v -0.010516 0.026102 -0.003620
v -0.010308 0.026451 -0.003420
v -0.010524 0.026136 -0.003670
v -0.010321 0.026497 -0.003463
v -0.010549 0.026177 -0.003717
v -0.010350 0.026548 -0.003494
v -0.010648 0.026260 -0.003769
v -0.010643 0.024830 -0.004070
v -0.010484 0.024444 -0.004150
v -0.010259 0.024128 -0.004193
v -0.010111 0.023982 -0.004204
v -0.009610 0.023673 -0.004188
v -0.010807 0.025031 -0.004230
v -0.010893 0.025235 -0.004200
v -0.010873 0.025026 -0.004255
v -0.010790 0.024686 -0.004333
v -0.010657 0.024384 -0.004387
v -0.010606 0.024409 -0.004363
v -0.010535 0.024188 -0.004415
v -0.010198 0.023892 -0.004422
v -0.010146 0.023780 -0.004448
v -0.009640 0.023551 -0.004406
v -0.009658 0.023501 -0.004429
v -0.009609 0.023658 -0.004269
v -0.010122 0.023973 -0.004285
v -0.010697 0.025018 -0.004102
v -0.010501 0.024446 -0.004229
v -0.009619 0.023615 -0.004347
v -0.010152 0.023942 -0.004364
v -0.010543 0.024435 -0.004306
v -0.010741 0.025028 -0.004175
v -0.008955 0.023226 -0.004364
v -0.008956 0.023220 -0.004366
v -0.009303 0.023359 -0.004398
v -0.009294 0.023398 -0.004382
v -0.008947 0.023275 -0.004342
v -0.009271 0.023467 -0.004325
v -0.008945 0.023336 -0.004295
v -0.009259 0.023514 -0.004245
v -0.008950 0.023371 -0.004254
v -0.009294 0.023546 -0.004160
v -0.008986 0.023421 -0.004131
v -0.008278 0.023136 -0.003557
v -0.008572 0.023255 -0.003795
v -0.008659 0.023277 -0.003961
v -0.008630 0.023224 -0.004022
v -0.008620 0.023153 -0.004070
v -0.008306 0.022963 -0.003836
v -0.008341 0.023149 -0.003702
v -0.008313 0.023096 -0.003763
v -0.008302 0.023026 -0.003811
v -0.008624 0.023092 -0.004095
v -0.009112 0.022416 -0.004602
v -0.009878 0.017613 -0.005491
v -0.009655 0.019403 -0.005239
v -0.009396 0.021050 -0.004934
v -0.010088 0.015678 -0.005706
v -0.010148 0.015092 -0.005762
v -0.010570 0.011008 -0.006066
v -0.010257 0.014026 -0.005855
v -0.010731 0.009543 -0.006146
v -0.011001 0.007235 -0.006241
v -0.011258 0.005212 -0.006295
v -0.011289 0.004977 -0.006300
v -0.012233 -0.001232 -0.006271
v -0.011853 0.001119 -0.006321
v -0.011601 0.002767 -0.006325
v -0.012425 -0.002403 -0.006222
v -0.012892 -0.005386 -0.005993
v -0.013002 -0.006186 -0.005899
v -0.013018 -0.006306 -0.005884
v -0.013156 -0.007482 -0.005712
v -0.013279 -0.009110 -0.005394
v -0.013282 -0.010601 -0.004998
v -0.009788 0.021485 -0.004901
v -0.013450 0.016578 -0.005717
v -0.013700 0.009294 -0.006085
v -0.011788 0.005348 -0.006269
v -0.012286 0.005725 -0.006238
v -0.013036 0.006306 -0.006194
v -0.014230 0.007265 -0.006127
v -0.012543 0.010902 -0.006045
v -0.014529 0.015155 -0.005819
v -0.015706 0.013610 -0.005892
v -0.010056 0.021120 -0.005000
v -0.012525 0.017803 -0.005592
v -0.011213 0.019555 -0.005337
v -0.010985 0.019862 -0.005281
v -0.010122 0.021030 -0.005023
v -0.015411 0.008253 -0.006066
v -0.016830 0.011737 -0.005942
v -0.016347 0.012067 -0.005940
v -0.015998 0.012493 -0.005930
v -0.015769 0.013031 -0.005914
v -0.013950 -0.009449 -0.005207
v -0.015700 -0.008330 -0.005188
v -0.015159 -0.006755 -0.005583
v -0.011997 0.001428 -0.006313
v -0.014709 0.003479 -0.006169
v -0.015703 0.008221 -0.006058
v -0.017357 0.005718 -0.006041
v -0.022373 0.004952 -0.005800
v -0.020920 0.006834 -0.005900
v -0.019147 0.002845 -0.005946
v -0.020864 -0.000050 -0.005684
v -0.023889 0.002988 -0.005589
v -0.021698 -0.001484 -0.005444
v -0.025074 0.001448 -0.005295
v -0.024176 -0.001264 -0.005050
v -0.025019 -0.002539 -0.004536
v -0.026016 0.000221 -0.004926
v -0.026778 -0.000775 -0.004486
v -0.025787 -0.003710 -0.003799
v -0.027397 -0.001588 -0.003978
v -0.027064 -0.001150 -0.004272
v -0.028373 -0.002873 -0.002656
v -0.028197 -0.002641 -0.002967
v -0.026128 -0.004233 -0.003330
v -0.027907 -0.002259 -0.003398
v -0.027681 -0.001961 -0.003679
v -0.027233 -0.005972 -0.000078
v -0.029052 -0.003765 -0.000806
v -0.026914 -0.005458 -0.001531
v -0.028751 -0.003370 -0.001799
v -0.026694 -0.005112 -0.002191
v -0.026432 -0.004703 -0.002793
v -0.029457 -0.004294 0.001781
v -0.029288 -0.004073 0.000371
v -0.029214 -0.003977 -0.000059
v -0.015397 -0.014909 -0.000220
v -0.015454 -0.015299 0.001322
v -0.015493 -0.015502 0.002995
v -0.013777 -0.015307 -0.001271
v -0.013886 -0.015049 -0.001628
v -0.015290 -0.014298 -0.001621
v -0.013949 -0.014804 -0.001958
v -0.013960 -0.014265 -0.002633
v -0.015095 -0.013433 -0.002850
v -0.013923 -0.014073 -0.002856
v -0.014790 -0.012304 -0.003864
v -0.013320 -0.013132 -0.003862
v -0.013675 -0.013517 -0.003460
v -0.013898 -0.013981 -0.002960
v -0.013239 -0.013071 -0.003926
v -0.014396 -0.010953 -0.004641
v -0.012878 -0.012874 -0.004152
v -0.013153 -0.011785 -0.004598
v -0.014593 -0.005129 -0.005858
v -0.013373 -0.001830 -0.006179
v -0.025509 -0.008317 0.003105
v -0.027518 -0.006441 0.003126
v -0.025425 -0.008147 0.001465
v -0.027422 -0.006284 0.001491
v -0.025262 -0.007814 -0.000098
v -0.022507 -0.002885 -0.005085
v -0.023278 -0.004224 -0.004562
v -0.023978 -0.005448 -0.003815
v -0.024287 -0.005994 -0.003343
v -0.024559 -0.006483 -0.002804
v -0.024792 -0.006910 -0.002201
v -0.024985 -0.007272 -0.001543
v -0.020827 -0.004399 -0.005116
v -0.021530 -0.005791 -0.004584
v -0.022165 -0.007058 -0.003829
v -0.022442 -0.007622 -0.003354
v -0.022685 -0.008127 -0.002813
v -0.022891 -0.008567 -0.002212
v -0.023509 -0.010037 0.003084
v -0.023436 -0.009857 0.001438
v -0.023297 -0.009506 -0.000120
v -0.023059 -0.008942 -0.001556
v -0.021514 -0.011609 0.003062
v -0.021450 -0.011421 0.001410
v -0.021334 -0.011056 -0.000143
v -0.021131 -0.010474 -0.001571
v -0.020806 -0.009638 -0.002823
v -0.018509 -0.009911 -0.003850
v -0.020343 -0.008544 -0.003841
v -0.017997 -0.008585 -0.004618
v -0.019770 -0.007244 -0.004603
v -0.017425 -0.007120 -0.005167
v -0.019133 -0.005810 -0.005143
v -0.018461 -0.004302 -0.005518
v -0.019516 -0.013039 0.003040
v -0.019461 -0.012845 0.001382
v -0.019366 -0.012468 -0.000167
v -0.019197 -0.011873 -0.001586
v -0.018918 -0.011023 -0.002832
v -0.020590 -0.009121 -0.003363
v -0.016208 -0.009819 -0.004630
v -0.016660 -0.011162 -0.003858
v -0.017016 -0.012285 -0.002841
v -0.017252 -0.013145 -0.001603
v -0.017389 -0.013750 -0.000193
v -0.017465 -0.014135 0.001352
v -0.017511 -0.014334 0.003018
v -0.017763 -0.002752 -0.005774
v -0.016295 0.000383 -0.006059
v -0.029554 -0.004419 0.003482
v -0.010652 -0.015264 -0.000200
v -0.011207 -0.015921 -0.000200
v -0.010491 -0.014730 -0.002425
v -0.010516 -0.014870 -0.002398
v -0.010491 -0.014730 -0.000200
v -0.010551 -0.015006 -0.002377
v -0.010643 -0.015245 -0.002288
v -0.013960 -0.014265 -0.000200
v -0.013939 -0.014854 -0.000200
v -0.013562 -0.015628 -0.000200
v -0.012862 -0.016128 -0.000200
v -0.012008 -0.016234 -0.000200
v -0.010133 -0.015056 -0.002021
v -0.009512 -0.014556 -0.001849
v -0.009551 -0.014477 -0.001986
v -0.009677 -0.014400 -0.002109
v -0.010153 -0.014962 -0.002152
v -0.010169 -0.014798 -0.002244
v -0.009906 -0.014599 -0.002168
v -0.012429 -0.012760 -0.003958
v -0.011862 -0.012786 -0.003665
v -0.010499 -0.014215 -0.002575
v -0.010655 -0.013726 -0.002792
v -0.010875 -0.013385 -0.002999
v -0.010960 -0.013289 -0.003069
v -0.011389 -0.012960 -0.003378
v -0.011571 -0.012874 -0.003494
v -0.010507 -0.014170 -0.000200
v -0.010874 -0.013386 -0.000200
v -0.011571 -0.012875 -0.000200
v -0.012429 -0.012760 -0.000200
v -0.013237 -0.013069 -0.000200
v -0.013797 -0.013728 -0.000200
v -0.036275 0.003701 0.004026
v -0.033524 0.021613 -0.005133
v -0.029924 0.023578 -0.005240
v -0.030823 0.024805 -0.005164
v -0.030702 0.024638 -0.005174
v -0.036352 0.019528 -0.004840
v -0.039182 0.021411 -0.004434
v -0.038002 0.022227 -0.004682
v -0.040728 0.024192 -0.004268
v -0.041750 0.023527 -0.003945
v -0.042635 0.022949 -0.003546
v -0.043391 0.022453 -0.003067
v -0.044028 0.022034 -0.002503
v -0.044559 0.021685 -0.001845
v -0.044995 0.021398 -0.001080
v -0.045344 0.021169 -0.000193
v -0.045611 0.020995 0.000830
v -0.045799 0.020873 0.001998
v -0.045908 0.020802 0.003320
v -0.036252 0.003721 0.003300
v -0.030825 0.011711 -0.005274
v -0.030483 0.008786 -0.005152
v -0.032030 0.010618 -0.005041
v -0.031660 0.007753 -0.004822
v -0.033096 0.009648 -0.004729
v -0.032627 0.006903 -0.004420
v -0.034025 0.008800 -0.004332
v -0.033447 0.006184 -0.003932
v -0.034825 0.008068 -0.003844
v -0.034168 0.005551 -0.003322
v -0.035502 0.007445 -0.003259
v -0.034724 0.005062 -0.002657
v -0.036069 0.006924 -0.002563
v -0.035192 0.004651 -0.001870
v -0.036536 0.006494 -0.001745
v -0.035584 0.004307 -0.000916
v -0.036912 0.006149 -0.000785
v -0.035899 0.004031 0.000254
v -0.037201 0.005885 0.000337
v -0.036112 0.003841 0.001560
v -0.037406 0.005699 0.001634
v -0.037527 0.005589 0.003119
v -0.027983 0.014286 -0.005542
v -0.026126 0.012150 -0.005652
v -0.027757 0.010453 -0.005536
v -0.027847 0.010460 -0.005529
v -0.028413 0.010603 -0.005484
v -0.029035 0.010057 -0.005408
v -0.025240 0.017826 -0.005578
v -0.024134 0.016605 -0.005645
v -0.022978 0.015375 -0.005711
v -0.025460 0.012838 -0.005679
v -0.042902 0.014654 0.003240
v -0.044460 0.017733 0.003280
v -0.042787 0.014739 0.001852
v -0.044347 0.017811 0.001926
v -0.042591 0.014884 0.000631
v -0.044155 0.017944 0.000731
v -0.042312 0.015091 -0.000433
v -0.043882 0.018134 -0.000313
v -0.041949 0.015363 -0.001350
v -0.043525 0.018383 -0.001215
v -0.041496 0.015702 -0.002139
v -0.043080 0.018695 -0.001992
v -0.040945 0.016115 -0.002814
v -0.042538 0.019074 -0.002659
v -0.040286 0.016609 -0.003389
v -0.041889 0.019529 -0.003229
v -0.039505 0.017192 -0.003874
v -0.041119 0.020067 -0.003711
v -0.038593 0.017870 -0.004274
v -0.040220 0.020692 -0.004112
v -0.037544 0.018647 -0.004595
v -0.039436 0.008557 0.003158
v -0.041227 0.011587 0.003199
v -0.039316 0.008658 0.001706
v -0.041110 0.011680 0.001779
v -0.039114 0.008831 0.000433
v -0.040910 0.011839 0.000532
v -0.038827 0.009076 -0.000671
v -0.040627 0.012064 -0.000552
v -0.038454 0.009396 -0.001617
v -0.040258 0.012359 -0.001485
v -0.037990 0.009795 -0.002426
v -0.039799 0.012728 -0.002284
v -0.037427 0.010280 -0.003115
v -0.039241 0.013176 -0.002966
v -0.036753 0.010859 -0.003698
v -0.038574 0.013712 -0.003545
v -0.035957 0.011540 -0.004186
v -0.037784 0.014344 -0.004032
v -0.035030 0.012331 -0.004584
v -0.036863 0.015077 -0.004432
v -0.033967 0.013236 -0.004899
v -0.035805 0.015917 -0.004750
v -0.032762 0.014257 -0.005137
v -0.034605 0.016867 -0.004992
v -0.029916 0.016667 -0.005415
v -0.031763 0.019112 -0.005278
v -0.027691 0.020709 -0.005413
v -0.023581 0.010882 -0.005777
v -0.027428 0.010462 -0.005562
v -0.021644 0.014125 -0.005779
v -0.034684 0.001617 0.003068
v -0.030959 -0.002146 0.000099
v -0.031164 -0.002370 0.001458
v -0.031286 -0.002502 0.003021
v -0.030295 -0.001420 -0.002063
v -0.030670 -0.001830 -0.001069
v -0.029831 -0.000909 -0.002904
v -0.029268 -0.000291 -0.003614
v -0.028596 0.000446 -0.004208
v -0.023547 0.009404 -0.005785
v -0.026347 0.006495 -0.005534
v -0.027538 0.005256 -0.005309
v -0.028594 0.004156 -0.005005
v -0.029517 0.003191 -0.004612
v -0.030314 0.002357 -0.004124
v -0.034562 0.001738 0.001543
v -0.034355 0.001944 0.000214
v -0.034064 0.002234 -0.000932
v -0.033687 0.002612 -0.001909
v -0.033219 0.003083 -0.002739
v -0.032651 0.003653 -0.003442
v -0.031973 0.004333 -0.004032
v -0.033018 -0.000481 0.003043
v -0.032896 -0.000354 0.001498
v -0.032690 -0.000139 0.000153
v -0.032400 0.000165 -0.001004
v -0.032023 0.000560 -0.001990
v -0.031556 0.001051 -0.002826
v -0.030990 0.001647 -0.003533
v -0.013835 0.019804 -0.005456
v -0.016499 0.021062 -0.005435
v -0.014562 0.022763 -0.005157
v -0.011635 0.025333 -0.004324
v -0.012107 0.024919 -0.004510
v -0.012994 0.024140 -0.004796
v -0.016890 0.016653 -0.005748
v -0.019280 0.018621 -0.005641
v -0.016461 0.012621 -0.005921
v -0.018028 0.023970 -0.005208
v -0.016665 0.025184 -0.004981
v -0.015458 0.026258 -0.004696
v -0.014399 0.027199 -0.004351
v -0.016670 0.029432 -0.004198
v -0.017748 0.028558 -0.004538
v -0.018977 0.027559 -0.004820
v -0.020365 0.026429 -0.005045
v -0.022523 0.028836 -0.004875
v -0.025839 0.026358 -0.005162
v -0.023652 0.023752 -0.005333
v -0.021256 0.021094 -0.005498
v -0.014266 0.023023 -0.003884
v -0.013717 0.023505 -0.003760
v -0.016660 0.026357 -0.003582
v -0.015205 0.027602 -0.003139
v -0.023403 0.026149 -0.003954
v -0.021245 0.027816 -0.003717
v -0.028024 0.021124 -0.004187
v -0.025612 0.018247 -0.004353
v -0.023043 0.020838 -0.004299
v -0.025929 0.024190 -0.004091
v -0.029345 0.022815 -0.004085
v -0.028273 0.021435 -0.004168
v -0.017955 0.030334 -0.002945
v -0.019435 0.029208 -0.003379
v -0.014598 0.022732 -0.003949
v -0.018440 0.024823 -0.003924
v -0.016263 0.021271 -0.004202
v -0.020562 0.022988 -0.004162
v -0.018811 0.019034 -0.004415
v -0.022074 0.016168 -0.004508
v -0.022978 0.015375 -0.004511
v -0.021993 0.014287 -0.004565
v -0.020441 0.012643 -0.004645
v -0.014895 0.018694 -0.004385
v -0.017560 0.015951 -0.004579
v -0.019181 0.011362 -0.004703
v -0.035369 0.004496 0.004049
v -0.023539 0.009432 -0.004584
v -0.027410 0.005394 -0.004123
v -0.026272 0.006586 -0.004339
v -0.030411 -0.001685 0.003107
v -0.030298 -0.001562 0.001655
v -0.030115 -0.001360 0.000434
v -0.029870 -0.001086 -0.000571
v -0.029568 -0.000745 -0.001389
v -0.029202 -0.000328 -0.002063
v -0.028755 0.000181 -0.002637
v -0.028201 0.000808 -0.003133
v -0.035344 0.004519 0.003300
v -0.033788 0.002417 0.003153
v -0.035292 0.004561 0.002505
v -0.033676 0.002530 0.001736
v -0.035119 0.004711 0.001079
v -0.033492 0.002715 0.000543
v -0.033245 0.002968 -0.000443
v -0.034861 0.004942 -0.000088
v -0.032942 0.003283 -0.001246
v -0.034537 0.005227 -0.000994
v -0.032575 0.003670 -0.001909
v -0.034129 0.005585 -0.001738
v -0.032129 0.004141 -0.002474
v -0.033637 0.006017 -0.002348
v -0.031576 0.004719 -0.002963
v -0.033044 0.006537 -0.002855
v -0.032290 0.007199 -0.003303
v -0.027854 0.010461 -0.004324
v -0.028413 0.010603 -0.004279
v -0.030050 0.009166 -0.004028
v -0.031307 0.008063 -0.003701
v -0.028396 0.004356 -0.003837
v -0.029230 0.003469 -0.003479
v -0.026049 0.012297 -0.004454
v -0.032133 0.000327 0.003129
v -0.032020 0.000445 0.001693
v -0.031836 0.000639 0.000485
v -0.031590 0.000903 -0.000511
v -0.031287 0.001232 -0.001321
v -0.030920 0.001634 -0.001990
v -0.030473 0.002125 -0.002560
v -0.029919 0.002729 -0.003052
v -0.037409 0.007586 0.003218
v -0.041456 0.016630 -0.000706
v -0.039419 0.012196 -0.000112
v -0.039122 0.012448 -0.000879
v -0.042264 0.016021 0.003326
v -0.031447 0.018751 -0.004099
v -0.028818 0.015351 -0.004287
v -0.031584 0.012910 -0.004022
v -0.032727 0.011892 -0.003797
v -0.033712 0.011007 -0.003506
v -0.034540 0.010255 -0.003148
v -0.035220 0.009627 -0.002727
v -0.035766 0.009115 -0.002248
v -0.036206 0.008697 -0.001695
v -0.036570 0.008353 -0.001047
v -0.036871 0.008072 -0.000264
v -0.037115 0.007849 0.000696
v -0.037297 0.007685 0.001851
v -0.039661 0.011995 0.000824
v -0.039839 0.011849 0.001948
v -0.041104 0.016904 -0.001328
v -0.040682 0.017236 -0.001857
v -0.040160 0.017643 -0.002319
v -0.039508 0.018143 -0.002728
v -0.038710 0.018744 -0.003083
v -0.037753 0.019455 -0.003378
v -0.036635 0.020277 -0.003611
v -0.033905 0.022264 -0.003896
v -0.038764 0.012756 -0.001515
v -0.038331 0.013131 -0.002056
v -0.037795 0.013590 -0.002527
v -0.037128 0.014152 -0.002943
v -0.036312 0.014827 -0.003300
v -0.035338 0.015623 -0.003594
v -0.034203 0.016541 -0.003823
v -0.039948 0.011761 0.003272
vn 0.1086 -0.9941 -0.0000
vn 0.1086 -0.9941 -0.0001
vn 0.1071 -0.9940 0.0215
vn 0.1070 -0.9936 0.0372
vn 0.1100 -0.9929 0.0456
vn 0.1012 -0.9947 0.0193
vn 0.1108 -0.9922 0.0578
vn 0.1108 -0.9938 0.0130
vn 0.1077 -0.9923 0.0615
vn 0.1039 -0.9946 -0.0082
vn -0.1081 0.9941 -0.0064
vn -0.1084 0.9941 -0.0029
vn -0.1082 0.9941 -0.0047
vn -0.1081 0.9941 -0.0038
vn 0.4214 0.0851 -0.9029
vn 0.4103 0.1153 -0.9046
vn 0.5327 -0.1104 -0.8391
vn 0.6095 -0.2257 -0.7600
vn 0.6233 -0.2821 -0.7293
vn 0.6533 -0.3674 -0.6619
vn 0.6569 -0.3696 -0.6572
vn 0.6587 -0.3760 -0.6517
vn 0.7957 -0.3201 -0.5143
vn 0.8184 -0.3222 -0.4758
vn 0.8139 -0.3190 -0.4855
vn 0.9669 -0.1967 -0.1627
vn 0.9615 -0.1992 -0.1893
vn 0.9518 -0.1916 -0.2395
vn 0.9895 -0.1381 -0.0429
vn 0.8073 -0.2202 -0.5475
vn 0.7706 -0.1763 -0.6125
vn 0.7156 -0.1650 -0.6788
vn 0.3562 0.0362 -0.9337
vn 0.5498 0.1327 -0.8247
vn 0.6602 -0.1859 -0.7277
vn 0.9648 -0.2116 -0.1561
vn 0.4260 -0.0140 -0.9046
vn 0.5458 0.0857 -0.8335
vn 0.7057 0.1207 -0.6982
vn 0.7345 0.1761 -0.6553
vn 0.8228 0.0156 -0.5681
vn 0.9254 0.1168 -0.3606
vn 0.9306 0.0211 -0.3653
vn 0.9503 -0.1464 -0.2746
vn 0.8180 -0.2813 -0.5017
vn 0.9923 -0.0662 -0.1048
vn 0.9908 -0.0589 -0.1220
vn 0.9949 -0.0410 -0.0924
vn 0.9938 -0.0294 -0.1075
vn 0.9978 -0.0410 -0.0524
vn 0.9894 0.0841 -0.1187
vn 0.9973 0.0527 -0.0519
vn 0.8113 0.1803 -0.5561
vn 0.8258 0.3059 -0.4737
vn 0.8733 0.2554 -0.4148
vn 0.7382 0.2226 -0.6368
vn 0.5753 0.3100 -0.7569
vn 0.7040 0.2380 -0.6691
vn 0.4818 0.3311 -0.8113
vn 0.4035 0.3569 -0.8425
vn 0.8856 0.3626 -0.2902
vn 0.9318 0.2715 -0.2408
vn 0.8317 0.4737 -0.2895
vn 0.9970 0.0773 -0.0092
vn 0.9819 0.1801 -0.0589
vn 0.8863 0.4503 -0.1086
vn 0.6394 0.3512 -0.6840
vn 0.6462 0.4200 -0.6372
vn 0.8653 0.2593 -0.4290
vn 0.7463 0.4326 -0.5059
vn 0.7535 0.4995 -0.4275
vn 0.7822 0.6066 -0.1420
vn 0.9200 0.3824 -0.0860
vn 0.9134 0.3143 -0.2587
vn 0.9694 0.1697 -0.1772
vn 0.9613 0.1012 -0.2562
vn 0.9466 0.1393 -0.2907
vn 0.9364 0.0536 -0.3467
vn 0.9232 0.0746 -0.3769
vn 0.1482 0.4255 -0.8927
vn 0.6336 0.5227 -0.5703
vn 0.6585 0.5842 -0.4745
vn 0.4215 0.2963 -0.8570
vn 0.4845 0.3871 -0.7845
vn 0.5228 0.4124 -0.7460
vn 0.5859 0.4568 -0.6694
vn 0.6431 0.4655 -0.6081
vn 0.6801 0.5284 -0.5083
vn 0.7384 0.5854 -0.3348
vn 0.7305 0.5718 -0.3734
vn 0.7857 0.6179 -0.0310
vn 0.7818 0.6071 -0.1420
vn 0.7836 0.6066 -0.1344
vn 0.7598 0.5986 -0.2539
vn 0.7860 0.6182 -0.0000
vn 0.7861 0.6182 -0.0000
vn 0.7859 0.6183 0.0001
vn 0.7860 0.6182 -0.0001
vn 0.9970 0.0773 -0.0000
vn 0.9970 0.0772 -0.0000
vn 0.8916 0.4529 -0.0000
vn 0.8915 0.4530 -0.0000
vn 0.9929 -0.1187 -0.0000
vn 0.5007 -0.4979 -0.7081
vn 0.5017 -0.4983 -0.7071
vn 0.5017 -0.4982 -0.7071
vn 0.5569 0.3999 -0.7280
vn 0.5327 0.2476 -0.8092
vn 0.4808 0.1089 -0.8700
vn 0.4608 0.1449 -0.8756
vn 0.3958 0.1208 -0.9104
vn 0.4017 0.1306 -0.9064
vn 0.3740 0.1034 -0.9216
vn 0.3026 0.0721 -0.9504
vn 0.5322 0.2596 -0.8059
vn 0.2408 0.0384 -0.9698
vn 0.4616 0.1461 -0.8750
vn 0.4212 0.1018 -0.9012
vn 0.4180 0.1174 -0.9008
vn 0.4102 0.1119 -0.9051
vn 0.3830 0.0963 -0.9187
vn 0.1119 0.9937 -0.0025
vn 0.9772 -0.2118 -0.0160
vn 0.9533 -0.3020 0.0094
vn 0.9268 -0.3724 -0.0491
vn 0.9392 0.3427 0.0206
vn 0.8920 0.4259 -0.1516
vn 0.9696 0.2445 0.0096
vn 0.9897 0.1430 -0.0013
vn 0.9991 0.0419 0.0104
vn 0.9995 -0.0071 -0.0319
vn 0.9889 -0.1471 0.0183
vn 0.9768 -0.2136 -0.0174
vn 0.4073 0.9133 0.0052
vn 0.3581 0.9051 -0.2293
vn 0.4968 0.8679 -0.0024
vn 0.7395 0.6732 0.0048
vn 0.6706 0.7170 -0.1904
vn 0.7979 0.6026 -0.0110
vn -0.4742 0.8113 -0.3420
vn -0.2724 0.9025 -0.3336
vn 0.0683 0.9381 -0.3395
vn 0.1639 0.9094 -0.3822
vn 0.2855 0.8959 -0.3403
vn 0.4820 0.8076 -0.3397
vn 0.5590 0.7356 -0.3826
vn 0.6572 0.6726 -0.3401
vn 0.7931 0.5054 -0.3399
vn 0.8321 0.4014 -0.3828
vn 0.9289 -0.0666 -0.3644
vn 0.9237 -0.0203 -0.3826
vn 0.9355 0.0957 -0.3401
vn 0.8892 0.3062 -0.3399
vn 0.9220 -0.1826 -0.3414
vn 0.8789 -0.3343 -0.3403
vn 0.8138 -0.4378 -0.3822
vn 0.7768 -0.5305 -0.3395
vn 0.5368 -0.7750 -0.3336
vn 0.3398 -0.8761 -0.3420
vn 0.3616 -0.9323 -0.0000
vn 0.3617 -0.9323 -0.0000
vn -0.4585 0.8887 -0.0000
vn -0.2890 0.9573 -0.0094
vn -0.2587 0.9660 -0.0038
vn 0.0621 0.9981 0.0029
vn 0.9773 0.2117 0.0064
vn 0.9455 0.3256 -0.0029
vn 0.8591 0.5117 0.0045
vn 0.8433 0.5374 0.0008
vn 0.6939 0.7201 -0.0008
vn 0.6989 0.7152 -0.0000
vn 0.5687 0.8225 -0.0000
vn 0.5125 0.8587 -0.0037
vn 0.3765 0.9264 0.0062
vn 0.3036 0.9528 -0.0010
vn 0.0726 0.9974 0.0015
vn 0.9347 -0.3555 -0.0007
vn 0.9809 -0.1943 0.0005
vn 0.9939 -0.1103 0.0063
vn 0.9974 -0.0715 0.0028
vn 0.9948 0.1018 -0.0024
vn 0.4885 -0.8725 -0.0000
vn 0.5693 -0.8220 -0.0130
vn 0.7261 -0.6875 0.0062
vn 0.8258 -0.5639 -0.0041
vn 0.8615 -0.5078 -0.0000
vn 0.9321 -0.3623 -0.0000
vn -0.5046 0.8634 -0.0000
vn 0.2926 -0.5501 -0.7822
vn 0.0793 -0.5943 -0.8003
vn 0.1460 -0.6101 -0.7787
vn -0.4402 0.6639 -0.6045
vn -0.5967 0.5243 -0.6075
vn -0.5359 0.5401 -0.6489
vn 0.2307 0.5677 -0.7903
vn 0.0381 0.6116 -0.7903
vn -0.1585 0.5919 -0.7903
vn -0.2788 0.5406 -0.7937
vn -0.3496 0.5272 -0.7745
vn -0.3576 0.5060 -0.7849
vn -0.4756 0.4032 -0.7818
vn -0.4755 0.4041 -0.7814
vn 0.4507 0.4677 -0.7604
vn 0.3460 0.5004 -0.7937
vn 0.2987 -0.5336 -0.7912
vn 0.4449 -0.4213 -0.7903
vn 0.5242 -0.3090 -0.7936
vn 0.5755 -0.2669 -0.7730
vn 0.2255 -0.7617 -0.6075
vn 0.2273 -0.7597 -0.6093
vn 0.3741 -0.7033 -0.6045
vn 0.5459 -0.5772 -0.6073
vn 0.5587 -0.5290 -0.6387
vn 0.7623 -0.0845 -0.6417
vn 0.7772 -0.1599 -0.6086
vn 0.7227 -0.3352 -0.6045
vn 0.6308 -0.4809 -0.6090
vn 0.7589 0.1644 -0.6301
vn 0.7900 0.0676 -0.6093
vn 0.7934 -0.0325 -0.6079
vn 0.5412 0.5823 -0.6066
vn 0.6481 0.4584 -0.6082
vn 0.6584 0.3922 -0.6424
vn 0.7134 0.3478 -0.6083
vn 0.7710 0.1946 -0.6064
vn 0.5682 -0.2208 -0.7927
vn 0.6090 -0.0676 -0.7903
vn 0.6090 -0.0675 -0.7903
vn 0.5989 0.1297 -0.7903
vn 0.5989 0.1298 -0.7903
vn 0.5265 0.3136 -0.7903
vn 0.5264 0.3136 -0.7903
vn 0.3993 0.4648 -0.7903
vn 0.5047 0.5874 -0.6327
vn -0.2437 0.7563 -0.6071
vn -0.1994 0.7445 -0.6371
vn -0.1183 0.7843 -0.6091
vn 0.0495 0.7951 -0.6045
vn 0.2999 0.7380 -0.6045
vn 0.4391 0.6603 -0.6092
vn -0.6221 0.6271 -0.4688
vn -0.3064 0.8028 -0.5115
vn -0.2193 0.8381 -0.4995
vn -0.1292 0.8566 -0.4995
vn -0.3742 0.7502 -0.5451
vn -0.2901 0.9006 -0.3235
vn -0.4681 0.7060 -0.5314
vn -0.1498 0.8518 -0.5020
vn -0.0620 0.8658 -0.4966
vn 0.0535 0.8599 -0.5076
vn 0.0970 0.8612 -0.4989
vn 0.3275 0.8060 -0.4931
vn 0.3567 0.7998 -0.4827
vn 0.6498 0.5915 -0.4773
vn 0.5907 0.6356 -0.4972
vn 0.4797 0.7213 -0.4997
vn 0.8488 -0.1746 -0.4991
vn 0.8677 -0.0061 -0.4970
vn 0.8715 -0.0357 -0.4891
vn 0.8630 0.0739 -0.4998
vn 0.8572 0.1238 -0.4999
vn 0.8384 0.2116 -0.5023
vn 0.8230 0.3003 -0.4822
vn 0.7790 0.3798 -0.4988
vn 0.7077 0.5005 -0.4987
vn 0.6697 -0.5492 -0.4999
vn 0.6883 -0.5246 -0.5011
vn 0.8476 -0.1837 -0.4978
vn 0.8036 -0.3229 -0.5000
vn 0.7812 -0.3624 -0.5083
vn 0.7635 -0.4038 -0.5040
vn 0.7222 -0.4816 -0.4964
vn 0.6306 -0.5939 -0.4996
vn 0.5580 -0.6552 -0.5092
vn 0.5985 -0.6327 -0.4914
vn 0.4567 -0.7342 -0.5024
vn 0.4002 -0.7524 -0.5232
vn 0.3506 -0.7903 -0.5026
vn 0.2462 -0.8317 -0.4976
vn 0.0301 -0.0414 -0.9987
vn 0.0336 -0.0344 -0.9988
vn 0.0315 -0.0404 -0.9987
vn 0.0294 -0.0419 -0.9987
vn 0.0669 -0.0155 -0.9976
vn 0.0464 -0.0290 -0.9985
vn 0.0632 -0.0462 -0.9969
vn 0.0323 -0.0228 -0.9992
vn 0.2701 0.2253 -0.9361
vn 0.3082 0.0114 -0.9513
vn 0.0940 0.1119 -0.9893
vn 0.0848 0.2149 -0.9730
vn 0.1487 0.1286 -0.9805
vn 0.1554 0.1802 -0.9713
vn 0.1993 0.1938 -0.9606
vn -0.0172 0.1446 -0.9893
vn 0.0012 0.0677 -0.9977
vn -0.0518 0.1138 -0.9921
vn -0.0259 0.0778 -0.9966
vn -0.3957 0.6541 -0.6447
vn -0.3812 0.6734 -0.6334
vn -0.3366 0.6286 -0.7011
vn -0.3464 0.7174 -0.6045
vn -0.3253 0.7029 -0.6326
vn -0.0930 0.8530 -0.5135
vn -0.0741 0.7722 -0.6311
vn -0.1507 0.8061 -0.5723
vn -0.1453 0.7384 -0.6585
vn -0.2044 0.7804 -0.5910
vn -0.2079 0.7525 -0.6249
vn -0.2432 0.7386 -0.6288
vn -0.0081 0.7140 -0.7001
vn -0.0034 0.6381 -0.7699
vn -0.0501 0.6233 -0.7804
vn -0.0484 0.6146 -0.7874
vn -0.1077 0.5941 -0.7972
vn -0.1067 0.5886 -0.8014
vn -0.1793 0.5599 -0.8090
vn -0.3032 0.7961 -0.5237
vn -0.2841 0.7041 -0.6507
vn -0.1559 0.2913 -0.9438
vn -0.1574 0.2954 -0.9423
vn -0.1265 0.3123 -0.9415
vn -0.1273 0.3146 -0.9407
vn -0.0732 0.3404 -0.9374
vn 0.0628 0.0357 -0.9974
vn 0.0335 0.1599 -0.9866
vn -0.2782 0.4995 -0.8204
vn -0.2788 0.5011 -0.8193
vn -0.2391 0.5227 -0.8183
vn -0.2398 0.5247 -0.8168
vn -0.1761 0.5549 -0.8131
vn -0.0767 0.3464 -0.9350
vn -0.0100 0.3725 -0.9280
vn -0.0112 0.3790 -0.9253
vn 0.0474 0.3993 -0.9156
vn 0.0456 0.4098 -0.9110
vn 0.1282 0.4351 -0.8912
vn 0.1285 0.4338 -0.8918
vn -0.3358 -0.1207 -0.9342
vn -0.4601 -0.2804 -0.8424
vn -0.3392 -0.1346 -0.9310
vn -0.3271 -0.1110 -0.9384
vn -0.2270 -0.1057 -0.9682
vn -0.4860 0.0100 -0.8739
vn -0.4615 0.0040 -0.8871
vn -0.5843 0.2266 -0.7792
vn -0.6861 0.3412 -0.6426
vn -0.6409 0.2737 -0.7171
vn -0.5876 -0.0786 -0.8053
vn -0.0546 0.0559 -0.9969
vn -0.6191 0.4646 -0.6332
vn -0.6305 0.4526 -0.6306
vn -0.6703 0.4590 -0.5831
vn -0.6956 0.4825 -0.5322
vn -0.6781 0.3833 -0.6271
vn -0.7024 0.3803 -0.6016
vn -0.8157 0.1603 -0.5557
vn -0.6193 0.4893 -0.6141
vn -0.6319 0.5555 -0.5404
vn -0.5831 0.5094 -0.6329
vn -0.4250 0.6356 -0.6445
vn -0.0546 0.0461 -0.9974
vn -0.0509 0.0370 -0.9980
vn -0.0950 0.0660 -0.9933
vn -0.0338 -0.0410 -0.9986
vn -0.0987 0.0164 -0.9950
vn -0.0703 -0.0920 -0.9933
vn -0.1085 -0.0424 -0.9932
vn -0.1142 0.0023 -0.9935
vn -0.2593 -0.1425 -0.9552
vn -0.2697 -0.0816 -0.9595
vn -0.1074 -0.1829 -0.9773
vn -0.1859 -0.0698 -0.9801
vn -0.1613 -0.0441 -0.9859
vn -0.3134 0.4779 -0.8206
vn -0.3899 0.5967 -0.7014
vn -0.4715 0.6315 -0.6156
vn -0.4480 0.5538 -0.7019
vn -0.5716 0.6411 -0.5122
vn -0.5286 0.5516 -0.6452
vn -0.5547 0.5283 -0.6428
vn -0.1823 0.2751 -0.9440
vn -0.3125 0.4769 -0.8215
vn -0.3473 0.4530 -0.8210
vn -0.3468 0.4518 -0.8220
vn -0.3997 0.4109 -0.8194
vn -0.3984 0.4087 -0.8211
vn -0.4688 0.3441 -0.8135
vn -0.4684 0.3435 -0.8140
vn -0.5423 0.2661 -0.7969
vn -0.5442 0.2691 -0.7946
vn -0.5921 0.2163 -0.7763
vn -0.5921 0.2178 -0.7759
vn -0.4359 0.0336 -0.8994
vn -0.4358 0.0320 -0.8995
vn -0.3854 0.0882 -0.9185
vn -0.3829 0.0849 -0.9199
vn -0.3098 0.1615 -0.9370
vn -0.3102 0.1620 -0.9368
vn -0.2479 0.2191 -0.9437
vn -0.2495 0.2216 -0.9427
vn -0.2068 0.2543 -0.9447
vn -0.2076 0.2558 -0.9442
vn -0.1812 0.2739 -0.9445
vn -0.0479 0.0678 -0.9966
vn -0.0466 0.0651 -0.9968
vn 0.0140 -0.0504 -0.9986
vn 0.0299 -0.0416 -0.9987
vn 0.0032 -0.1100 -0.9939
vn -0.0107 -0.0810 -0.9967
vn 0.0147 -0.0513 -0.9986
vn 0.0435 -0.1061 -0.9934
vn 0.0236 -0.0475 -0.9986
vn 0.0101 -0.1994 -0.9799
vn -0.0646 -0.0834 -0.9944
vn -0.0156 -0.1021 -0.9947
vn 0.9254 0.3789 -0.0018
vn 0.3581 0.1066 -0.9276
vn 0.3156 0.0850 -0.9451
vn 0.2821 0.0766 -0.9563
vn 0.2618 0.0781 -0.9620
vn 0.4175 0.1168 -0.9011
vn 0.4544 0.1318 -0.8810
vn 0.4802 0.1470 -0.8647
vn 0.5437 0.1597 -0.8240
vn 0.9430 0.3318 -0.0266
vn 0.9440 0.3275 -0.0410
vn 0.9386 0.3326 -0.0915
vn 0.9350 0.3231 -0.1462
vn 0.9287 0.3269 -0.1752
vn 0.9070 0.3141 -0.2804
vn 0.9079 0.3138 -0.2779
vn 0.8516 0.2962 -0.4324
vn 0.8683 0.2935 -0.3999
vn 0.7725 0.2664 -0.5765
vn 0.8031 0.2651 -0.5336
vn 0.6712 0.2261 -0.7059
vn 0.7132 0.2263 -0.6634
vn 0.5961 0.1921 -0.7796
vn 0.9243 0.3815 -0.0081
vn 0.9136 0.3955 -0.0949
vn 0.9193 0.3859 -0.0771
vn 0.9065 0.3814 -0.1813
vn 0.9050 0.3827 -0.1857
vn 0.8848 0.3670 -0.2872
vn 0.8810 0.3683 -0.2969
vn 0.8216 0.3049 -0.4816
vn 0.8484 0.3471 -0.3996
vn 0.8647 0.3593 -0.3509
vn 0.8304 0.3728 -0.4141
vn 0.7794 0.3041 -0.5478
vn 0.7181 0.2947 -0.6304
vn 0.6888 0.2577 -0.6776
vn 0.6208 0.2459 -0.7444
vn 0.5545 0.1802 -0.8125
vn 0.5709 0.2173 -0.7917
vn 0.4935 0.1757 -0.8518
vn 0.4647 0.1519 -0.8723
vn 0.4328 0.1531 -0.8884
vn 0.3570 0.1087 -0.9278
vn 0.3545 0.1090 -0.9287
vn 0.2624 0.0760 -0.9620
vn 0.2894 0.0687 -0.9547
vn 0.2171 0.0515 -0.9748
vn 0.2228 0.0543 -0.9733
vn 0.2508 0.0645 -0.9659
vn 0.1856 0.0330 -0.9821
vn 0.1790 0.0401 -0.9830
vn 0.1663 0.0451 -0.9850
vn 0.1546 0.0160 -0.9878
vn 0.2115 0.0892 -0.9733
vn 0.2084 0.0685 -0.9756
vn 0.1998 0.0565 -0.9782
vn 0.0913 -0.0041 -0.9958
vn 0.0929 -0.0026 -0.9957
vn 0.1162 0.0073 -0.9932
vn 0.1030 0.0041 -0.9947
vn 0.1265 0.0107 -0.9919
vn 0.1201 0.0224 -0.9925
vn 0.0736 -0.0145 -0.9972
vn 0.0643 -0.0166 -0.9978
vn 0.0673 -0.0161 -0.9976
vn 0.0303 -0.0415 -0.9987
vn 0.0292 -0.0416 -0.9987
vn 0.0303 -0.0420 -0.9987
vn 0.0329 -0.0408 -0.9986
vn 0.0328 -0.0415 -0.9986
vn 0.0558 -0.0260 -0.9981
vn 0.0443 -0.0288 -0.9986
vn 0.0464 -0.0289 -0.9985
vn 0.0394 -0.0358 -0.9986
vn 0.0359 -0.0376 -0.9986
vn 0.0325 -0.0417 -0.9986
vn 0.2000 0.0458 -0.9787
vn 0.1795 0.0415 -0.9829
vn 0.1839 0.0401 -0.9821
vn 0.1540 0.0232 -0.9878
vn 0.1398 0.0177 -0.9900
vn 0.9341 0.3513 -0.0644
vn 0.9316 0.3625 -0.0267
vn 0.9281 0.3603 -0.0943
vn 0.9280 0.3610 -0.0919
vn 0.9174 0.3548 -0.1805
vn 0.9177 0.3562 -0.1760
vn 0.8945 0.3436 -0.2860
vn 0.8957 0.3459 -0.2793
vn 0.8523 0.3236 -0.4109
vn 0.8552 0.3270 -0.4021
vn 0.7846 0.2924 -0.5467
vn 0.7899 0.2972 -0.5364
vn 0.6922 0.2506 -0.6767
vn 0.6998 0.2567 -0.6666
vn 0.5797 0.2004 -0.7898
vn 0.5888 0.2074 -0.7812
vn 0.4657 0.1500 -0.8721
vn 0.4751 0.1572 -0.8658
vn 0.3759 0.1108 -0.9200
vn 0.3773 0.1062 -0.9200
vn -0.1314 -0.1938 -0.9722
vn -0.1348 -0.2141 -0.9675
vn -0.1016 -0.1613 -0.9817
vn 0.0035 -0.0700 -0.9975
vn -0.0205 -0.0764 -0.9969
vn -0.1048 -0.1685 -0.9801
vn -0.0818 -0.1490 -0.9854
vn -0.0719 -0.1432 -0.9871
vn -0.0703 -0.1398 -0.9877
vn -0.0459 -0.1056 -0.9934
vn -0.0458 -0.1214 -0.9915
vn -0.0249 -0.0886 -0.9958
vn -0.0208 -0.0721 -0.9972
vn 0.0275 -0.0443 -0.9986
vn 0.0259 -0.0444 -0.9987
vn 0.0219 -0.0453 -0.9987
vn 0.0076 -0.0412 -0.9991
vn 0.0077 -0.0420 -0.9991
vn 0.0070 -0.0544 -0.9985
vn -0.1118 -0.9920 0.0593
vn 0.1835 -0.9830 0.0005
vn 0.1919 -0.9814 -0.0001
vn 0.1787 -0.9839 0.0002
vn 0.1822 -0.9833 -0.0009
vn 0.1810 -0.9835 -0.0007
vn 0.1530 -0.9882 0.0017
vn 0.2069 -0.9782 -0.0180
vn 0.1280 -0.9918 0.0034
vn 0.1210 -0.9926 -0.0094
vn 0.0945 -0.9955 0.0047
vn 0.0524 -0.9986 0.0099
vn 0.2680 -0.9485 -0.1691
vn 0.0592 -0.9981 -0.0189
vn -0.1121 -0.9919 0.0595
vn 0.8028 -0.5962 -0.0059
vn 0.8005 -0.5988 -0.0249
vn 0.7910 -0.6118 0.0066
vn 0.7695 -0.6369 -0.0468
vn 0.7678 -0.6376 -0.0637
vn 0.7540 -0.6555 0.0422
vn 0.7483 -0.6482 0.1407
vn 0.7276 -0.6840 -0.0516
vn 0.7195 -0.6941 0.0205
vn 0.5812 -0.8134 0.0241
vn 0.6058 -0.7956 -0.0001
vn 0.6165 -0.7873 -0.0001
vn 0.6319 -0.7652 -0.1228
vn 0.6543 -0.7432 0.1397
vn 0.6781 -0.7349 -0.0150
vn 0.6983 -0.7155 0.0220
vn 0.6993 -0.7149 -0.0009
vn 0.7141 -0.7001 -0.0009
vn 0.0999 -0.9950 0.0006
vn 0.1217 -0.9919 -0.0361
vn 0.1640 -0.9731 0.1619
vn 0.1646 -0.9705 0.1760
vn 0.2549 -0.9578 -0.1326
vn 0.2730 -0.9620 0.0044
vn 0.3054 -0.9522 0.0032
vn 0.3322 -0.9432 0.0032
vn 0.3605 -0.9182 -0.1641
vn 0.4018 -0.9023 0.1561
vn 0.4506 -0.8893 -0.0776
vn 0.4705 -0.8824 0.0001
vn 0.5030 -0.8643 0.0001
vn 0.5171 -0.8495 0.1049
vn 0.5251 -0.8485 0.0657
vn 0.5642 -0.8171 -0.1184
vn -0.3657 -0.9221 0.1266
vn -0.2575 -0.9509 -0.1718
vn -0.2581 -0.9324 0.2529
vn -0.1820 -0.9826 -0.0384
vn -0.1602 -0.9871 0.0029
vn -0.1153 -0.9933 0.0028
vn -0.1055 -0.9789 0.1751
vn -0.0530 -0.9986 0.0001
vn 0.0298 -0.9995 0.0081
vn 0.0122 -0.9933 0.1147
vn 0.0791 -0.9969 0.0006
vn -0.5064 -0.8415 0.1885
vn -0.4180 -0.9065 -0.0601
vn -0.4163 -0.9092 0.0013
vn -0.3941 -0.9191 0.0013
vn -0.3682 -0.9290 0.0369
vn -0.6726 -0.6166 0.4091
vn -0.5673 -0.7713 -0.2887
vn -0.6170 -0.7870 -0.0010
vn -0.5763 -0.8172 -0.0009
vn -0.5730 -0.8168 0.0669
vn -0.5488 -0.8352 -0.0357
vn -0.5068 -0.8477 0.1567
vn 0.8130 -0.5816 0.0294
vn 0.7627 -0.6458 -0.0350
vn 0.8354 -0.5162 0.1886
vn 0.7758 -0.6308 -0.0146
vn 0.7899 -0.6131 0.0071
vn 0.8644 -0.4668 0.1869
vn 0.7852 -0.6193 -0.0071
vn 0.8148 -0.5790 0.0296
vn 0.8038 -0.5949 -0.0000
vn 0.8031 -0.5958 -0.0004
vn 0.8033 -0.5956 0.0002
vn 0.8020 -0.5973 -0.0005
vn 0.8022 -0.5971 0.0005
vn 0.8013 -0.5982 -0.0003
vn 0.8015 -0.5980 0.0016
vn 0.7991 -0.6012 -0.0018
vn 0.7987 -0.6017 0.0023
vn 0.7962 -0.6050 -0.0029
vn 0.7953 -0.6062 0.0030
vn 0.7933 -0.6088 -0.0029
vn 0.7915 -0.6112 0.0066
vn 0.7886 -0.6149 -0.0056
vn 0.7852 -0.6191 0.0105
vn 0.7819 -0.6233 -0.0090
vn 0.7766 -0.6299 0.0112
vn 0.7747 -0.6322 -0.0111
vn 0.7671 -0.6414 0.0101
vn 0.7341 -0.6790 0.0101
vn 0.7495 -0.6616 0.0210
vn 0.7496 -0.6617 -0.0173
vn 0.7430 -0.6692 -0.0041
vn 0.7672 -0.6414 -0.0011
vn 0.7610 -0.6487 -0.0000
vn 0.7605 -0.6493 -0.0000
vn 0.7574 -0.6529 0.0006
vn 0.7337 -0.6794 0.0129
vn 0.7026 -0.7111 -0.0272
vn 0.7089 -0.7053 -0.0000
vn -0.0846 -0.9964 -0.0000
vn -0.0836 -0.9965 -0.0028
vn -0.0292 -0.9996 0.0024
vn 0.6178 -0.7857 0.0315
vn 0.6215 -0.7832 0.0186
vn 0.5850 -0.8109 -0.0138
vn 0.5781 -0.8159 -0.0000
vn 0.5458 -0.8379 -0.0000
vn 0.5419 -0.8404 0.0055
vn 0.4877 -0.8729 -0.0128
vn 0.4760 -0.8793 0.0182
vn 0.4181 -0.9084 -0.0059
vn 0.4101 -0.9120 -0.0000
vn 0.3602 -0.9329 -0.0000
vn 0.3602 -0.9329 -0.0001
vn 0.2782 -0.9605 -0.0002
vn 0.2871 -0.9578 -0.0173
vn 0.2083 -0.9780 0.0130
vn 0.2176 -0.9760 -0.0000
vn 0.1528 -0.9883 -0.0000
vn 0.1564 -0.9877 -0.0054
vn 0.0668 -0.9977 0.0101
vn 0.0716 -0.9974 -0.0044
vn 0.0106 -0.9999 0.0012
vn 0.0118 -0.9999 -0.0000
vn 0.0004 -1.0000 -0.0000
vn -0.0292 -0.9996 0.0025
vn 0.6437 -0.7651 -0.0158
vn 0.6769 -0.7344 0.0498
vn 0.6675 -0.7446 -0.0000
vn -0.2877 -0.9577 -0.0000
vn -0.2835 -0.9590 0.0018
vn -0.2791 -0.9603 -0.0008
vn -0.2663 -0.9639 0.0020
vn -0.2621 -0.9650 -0.0014
vn -0.2441 -0.9697 0.0027
vn -0.2438 -0.9698 0.0023
vn -0.2180 -0.9760 -0.0022
vn -0.2198 -0.9755 0.0001
vn -0.2039 -0.9790 0.0001
vn -0.1380 -0.9904 -0.0000
vn -0.1343 -0.9909 -0.0086
vn -0.1841 -0.9829 0.0075
vn -0.1780 -0.9840 -0.0043
vn -0.2031 -0.9792 0.0007
vn -0.2892 -0.9573 -0.0000
vn -0.2893 -0.9572 -0.0001
vn -0.2890 -0.9573 -0.0002
vn -0.2889 -0.9573 -0.0001
vn -0.2891 -0.9573 -0.0000
vn -0.2889 -0.9574 -0.0000
vn -0.2895 -0.9572 0.0001
vn -0.2897 -0.9571 0.0001
vn -0.2895 -0.9572 -0.0001
vn -0.0341 0.0398 0.9986
vn -0.0437 0.0447 0.9980
vn -0.0375 0.0407 0.9985
vn -0.0319 0.0401 0.9987
vn -0.0350 0.0351 0.9988
vn -0.0403 0.0341 0.9986
vn -0.0533 0.0287 0.9982
vn -0.0442 0.0232 0.9988
vn -0.0656 0.0261 0.9975
vn -0.0556 0.0217 0.9982
vn -0.0637 0.0203 0.9978
vn -0.0806 0.0140 0.9966
vn -0.0739 0.0081 0.9972
vn -0.1162 0.0068 0.9932
vn -0.1537 -0.0435 0.9872
vn -0.1720 -0.0215 0.9849
vn -0.1190 -0.0130 0.9928
vn -0.0978 -0.0293 0.9948
vn -0.2169 -0.0682 0.9738
vn -0.2179 -0.0534 0.9745
vn -0.2235 -0.0458 0.9736
vn -0.3555 -0.1123 0.9279
vn -0.3054 -0.0924 0.9477
vn -0.2463 -0.0584 0.9674
vn -0.5757 -0.2154 0.7888
vn -0.4563 -0.1590 0.8755
vn -0.4598 -0.1688 0.8718
vn -0.3591 -0.1115 0.9266
vn -0.8122 -0.2969 0.5022
vn -0.7535 -0.2785 0.5956
vn -0.6851 -0.2442 0.6862
vn -0.7898 -0.3016 0.5342
vn -0.8591 -0.3188 0.4004
vn -0.8626 -0.3233 0.3892
vn -0.8975 -0.3419 0.2786
vn -0.8967 -0.3387 0.2851
vn -0.9343 -0.3555 0.0273
vn -0.9341 -0.3559 0.0267
vn -0.9430 -0.3318 0.0266
vn -0.9437 -0.3288 0.0368
vn -0.9302 -0.3534 0.0990
vn -0.9294 -0.3575 0.0917
vn -0.9387 -0.3324 0.0913
vn -0.9373 -0.3253 0.1251
vn -0.8041 -0.2663 0.5315
vn -0.8798 -0.3107 0.3597
vn -0.8691 -0.2927 0.3987
vn -0.9158 -0.3271 0.2328
vn -0.9103 -0.3075 0.2771
vn -0.9283 -0.3285 0.1744
vn -0.9201 -0.3504 0.1750
vn -0.9200 -0.3455 0.1851
vn -0.7340 -0.2492 0.6318
vn -0.6040 -0.1857 0.7751
vn -0.6308 -0.2099 0.7470
vn -0.3751 -0.1057 0.9209
vn -0.3728 -0.1059 0.9218
vn -0.4041 -0.1111 0.9080
vn -0.4871 -0.1426 0.8616
vn -0.4603 -0.1423 0.8763
vn -0.5363 -0.1604 0.8286
vn -0.1747 -0.0374 0.9839
vn -0.2063 -0.0446 0.9775
vn -0.2631 -0.0799 0.9614
vn -0.2661 -0.0746 0.9610
vn -0.3018 -0.0769 0.9503
vn -0.3229 -0.0799 0.9431
vn -0.3392 -0.0861 0.9368
vn -0.2724 -0.0733 0.9594
vn -0.3056 -0.0809 0.9487
vn -0.3613 -0.1076 0.9262
vn -0.3730 -0.1099 0.9213
vn -0.4673 -0.1547 0.8705
vn -0.4800 -0.1572 0.8630
vn -0.5788 -0.2041 0.7895
vn -0.5943 -0.2070 0.7772
vn -0.7009 -0.2589 0.6646
vn -0.7137 -0.2291 0.6619
vn -0.8205 -0.2857 0.4951
vn 0.7860 -0.6183 -0.0000
vn 0.7897 -0.6136 -0.0011
vn 0.7897 -0.6135 -0.0012
vn 0.7896 -0.6136 -0.0011
vn 0.7885 -0.6151 -0.0004
vn 0.7870 -0.6170 -0.0001
vn 0.8479 0.5302 -0.0000
vn 0.9957 0.0929 -0.0000
vn 0.9288 -0.3707 -0.0000
vn 0.6581 -0.7530 -0.0000
vn 0.2430 -0.9700 -0.0000
vn -0.5608 0.8279 -0.0000
vn -0.2036 0.9790 -0.0000
vn -0.2036 0.9791 -0.0000
vn 0.1889 0.9820 -0.0000
vn 0.5523 0.8337 -0.0000
vn -0.7091 0.7051 -0.0000
vn -0.8077 0.5896 -0.0000
vn -0.1428 -0.9897 -0.0000
vn -0.4923 -0.8704 -0.0000
vn -0.8152 -0.5792 -0.0000
vn -0.9839 -0.1785 -0.0000
vn -0.9667 0.2560 -0.0000
vn -0.8078 0.5894 -0.0000
vn 0.7051 0.7091 -0.0000
vn -0.6764 -0.7366 -0.0000
vn -0.9761 0.2175 -0.0000
vn -0.8438 0.5367 0.0065
vn -0.8374 0.5466 -0.0014
vn -0.8281 0.5606 0.0026
vn -0.8262 0.5634 -0.0005
vn -0.8223 0.5691 -0.0002
vn -0.8268 0.5625 0.0056
vn -0.8285 0.5599 0.0133
vn -0.1820 -0.9833 -0.0000
vn -0.5371 -0.8435 -0.0000
vn -0.0000 -0.0000 1.0000
vn -0.6882 -0.7255 -0.0000
vn -0.8589 0.5122 -0.0000
vn -0.9884 0.1516 -0.0000
vn -0.9729 -0.2313 -0.0000
vn -0.8145 -0.5802 -0.0000
vn -0.7448 0.6672 -0.0000
vn 0.1041 0.9946 -0.0024
vn 0.1697 0.9854 -0.0126
vn 0.2378 0.9702 -0.0470
vn -0.5942 0.8043 -0.0000
vn -0.4061 0.9138 -0.0000
vn -0.3151 0.9491 -0.0029
vn -0.1655 0.9855 -0.0362
vn -0.1947 0.9806 -0.0231
vn -0.0102 0.9999 0.0002
vn 0.0603 0.9982 -0.0001
vn 0.0241 0.0266 0.9994
vn 0.1198 0.1318 0.9840
vn 0.0972 0.1177 0.9883
vn 0.2263 0.2295 0.9466
vn 0.2991 0.3259 0.8969
vn 0.5955 0.5703 0.5658
vn 0.5218 0.5718 0.6331
vn 0.5215 0.5716 0.6335
vn 0.1161 0.1275 0.9850
vn 0.4978 0.5487 0.6717
vn 0.3392 0.3690 0.8653
vn 0.3444 0.3840 0.8567
vn 0.1205 0.1266 0.9846
vn 0.1220 0.1339 0.9835
vn 0.3955 0.4365 0.8081
vn 0.4826 0.5248 0.7012
vn 0.5099 0.5636 0.6499
vn 0.6085 0.6673 0.4295
vn 0.6155 0.6765 0.4044
vn 0.2997 -0.9540 -0.0000
vn 0.9761 -0.2175 -0.0000
vn 0.6764 0.7366 -0.0000
vn -0.2997 0.9540 -0.0000
vn -0.0000 -0.0000 -1.0000
vn -0.0000 -0.0002 -1.0000
vn -0.0014 0.0037 -1.0000
vn 0.0013 -0.0038 -1.0000
vn -0.0004 0.0015 -1.0000
vn -0.0000 0.0001 -1.0000
vn -0.6716 -0.7407 -0.0194
vn -0.6687 -0.7388 -0.0838
vn -0.6683 -0.7396 -0.0799
vn -0.6721 -0.7380 -0.0598
vn -0.6724 -0.7398 -0.0238
vn -0.6675 -0.7366 -0.1088
vn -0.6820 -0.7290 -0.0583
vn -0.6687 -0.7393 -0.0799
vn -0.6730 -0.7395 -0.0163
vn -0.6718 -0.7405 -0.0194
vn -0.8247 -0.5573 -0.0964
vn -0.8054 -0.5903 -0.0532
vn -0.7378 -0.6712 -0.0720
vn -0.9275 -0.3676 -0.0680
vn -0.9928 -0.1130 -0.0394
vn -0.9974 -0.0595 -0.0395
vn -0.9660 0.2583 -0.0133
vn -0.9700 0.2426 -0.0136
vn -0.9695 0.2452 -0.0035
vn -0.9698 0.2439 -0.0036
vn -0.9981 -0.0609 -0.0107
vn -0.9981 -0.0607 -0.0107
vn -0.9288 -0.3702 -0.0170
vn -0.9289 -0.3699 -0.0169
vn -0.7288 -0.6844 -0.0221
vn -0.7736 -0.6334 -0.0153
vn -0.9232 0.3843 -0.0000
vn -0.8036 0.5948 0.0205
vn -0.4576 0.8885 0.0341
vn 0.0259 0.9984 0.0493
vn 0.0381 0.9981 0.0488
vn 0.4846 0.8731 0.0529
vn 0.4935 0.8682 0.0523
vn -0.8160 0.5781 0.0049
vn -0.7531 0.6576 0.0177
vn -0.4403 0.8972 0.0337
vn 0.6662 0.7306 0.1496
vn 0.6620 0.7301 0.1692
vn 0.6553 0.7166 0.2390
vn 0.6478 0.7126 0.2695
vn 0.6736 0.7270 0.1328
vn 0.6614 0.7491 0.0380
vn 0.6727 0.7382 0.0497
vn 0.1658 0.1885 0.9680
vn 0.0751 0.2120 0.9744
vn 0.6656 0.7460 0.0202
vn 0.6713 0.7403 0.0363
vn 0.6724 0.7392 0.0379
vn 0.6732 0.7344 0.0860
vn 0.6629 0.7367 0.1333
vn 0.6629 0.7244 0.1891
vn 0.6491 0.7220 0.2396
vn 0.6399 0.7012 0.3143
vn 0.3744 0.4343 0.8193
vn 0.2886 0.3647 0.8853
vn 0.2858 0.3514 0.8916
vn 0.2087 0.2779 0.9377
vn 0.2144 0.2788 0.9361
vn 0.1743 0.2409 0.9548
vn 0.1411 0.2110 0.9672
vn 0.1493 0.2125 0.9657
vn 0.1151 0.1814 0.9766
vn 0.1049 0.1726 0.9794
vn 0.0941 0.1533 0.9837
vn 0.0636 0.1380 0.9884
vn 0.0439 0.0892 0.9950
vn 0.0403 0.1272 0.9911
vn 0.0219 0.0832 0.9963
vn 0.0108 0.0796 0.9968
vn 0.0025 0.0703 0.9975
vn -0.0000 0.0665 0.9978
vn -0.0070 0.0639 0.9979
vn -0.0102 0.0590 0.9982
vn -0.0152 0.0547 0.9984
vn -0.0176 0.0537 0.9984
vn -0.0209 0.0488 0.9986
vn -0.0254 0.0457 0.9986
vn -0.0244 0.0454 0.9987
vn -0.0289 0.0454 0.9986
vn -0.0260 0.0463 0.9986
vn 0.6408 0.7015 0.3120
vn 0.6093 0.6848 0.3997
vn 0.5977 0.6594 0.4559
vn 0.5540 0.6303 0.5439
vn 0.5367 0.5992 0.5941
vn 0.4819 0.5575 0.6760
vn 0.4614 0.5235 0.7163
vn 0.4002 0.4753 0.7835
vn 0.3743 0.4332 0.8199
vn 0.3139 0.3925 0.8645
vn 0.3001 0.3493 0.8876
vn 0.2460 0.3221 0.9142
vn 0.2222 0.2678 0.9375
vn 0.2356 0.2684 0.9341
vn 0.1583 0.2503 0.9551
vn -0.0020 0.8927 0.4507
vn -0.1793 0.4055 0.8963
vn -0.9696 0.2446 0.0060
vn -0.9715 0.2357 0.0257
vn -0.9704 0.2403 0.0220
vn -0.9670 0.2408 0.0834
vn -0.9671 0.2404 0.0831
vn -0.9566 0.2121 0.1999
vn -0.9494 0.2298 0.2140
vn -0.9170 0.2372 0.3208
vn -0.9147 0.2345 0.3292
vn -0.8940 0.2512 0.3711
vn -0.8642 0.2560 0.4331
vn -0.8166 0.3097 0.4871
vn -0.6469 0.3185 0.6929
vn -0.6773 0.3510 0.6466
vn -0.5279 0.3500 0.7739
vn -0.2639 0.3950 0.8800
vn -0.3883 0.4144 0.8231
vn -0.4357 0.3864 0.8130
vn -0.5594 0.3721 0.7407
vn 0.0352 0.3583 0.9329
vn 0.0249 0.3649 0.9307
vn -0.0493 0.4065 0.9123
vn -0.0274 0.3707 0.9283
vn -0.1240 0.4171 0.9004
vn 0.1940 0.2783 0.9407
vn 0.1779 0.2880 0.9410
vn 0.1337 0.3076 0.9421
vn 0.1345 0.3012 0.9440
vn 0.0766 0.3536 0.9322
vn 0.2169 0.2480 0.9441
vn 0.2337 0.2820 0.9305
vn 0.2382 0.2555 0.9370
vn 0.2375 0.2729 0.9323
vn 0.2423 0.2711 0.9316
vn 0.2152 0.3082 0.9267
vn 0.2234 0.3082 0.9247
vn 0.1601 0.4228 0.8920
vn 0.1722 0.3879 0.9055
vn 0.1983 0.3665 0.9090
vn 0.1968 0.3551 0.9139
vn 0.2082 0.3341 0.9192
vn 0.0785 0.4777 0.8750
vn 0.1104 0.4483 0.8870
vn 0.1094 0.4482 0.8872
vn 0.1508 0.4250 0.8925
vn 0.1714 0.4224 0.8900
vn -0.0880 0.5173 0.8513
vn -0.0289 0.5116 0.8588
vn -0.0211 0.5102 0.8598
vn -0.0028 0.5085 0.8611
vn 0.0236 0.4863 0.8735
vn 0.0372 0.4903 0.8708
vn 0.0732 0.4791 0.8747
vn 0.0822 0.4774 0.8748
vn -0.2169 0.4906 0.8440
vn -0.1652 0.5074 0.8457
vn -0.1498 0.5217 0.8399
vn -0.1400 0.5180 0.8438
vn -0.1177 0.5137 0.8499
vn -0.2716 0.4675 0.8412
vn -0.2591 0.4641 0.8470
vn -0.2120 0.5038 0.8374
vn -0.3227 0.4454 0.8352
vn -0.2962 0.4494 0.8428
vn -0.2878 0.4550 0.8427
vn -0.2971 0.4353 0.8499
vn -0.3253 0.4319 0.8412
vn -0.3275 0.4272 0.8428
vn -0.3350 0.4208 0.8431
vn -0.3375 0.4216 0.8417
vn -0.3314 0.4236 0.8430
vn -0.3209 0.4354 0.8411
vn -0.3284 0.4273 0.8423
vn -0.3313 0.4231 0.8433
vn -0.3320 0.4231 0.8431
vn -0.3352 0.4205 0.8431
vn -0.3194 0.4356 0.8416
vn -0.2996 0.4612 0.8352
vn -0.3002 0.4629 0.8340
vn -0.2603 0.5016 0.8250
vn -0.2585 0.5020 0.8253
vn -0.2443 0.5295 0.8124
vn -0.2221 0.5622 0.7966
vn -0.1916 0.5736 0.7964
vn -0.1869 0.6124 0.7681
vn -0.1546 0.6641 0.7315
vn -0.1598 0.6907 0.7052
vn -0.1050 0.7344 0.6706
vn -0.1010 0.7619 0.6397
vn -0.0720 0.8110 0.5805
vn -0.0910 0.8472 0.5233
vn -0.0145 0.8754 0.4832
vn -0.0301 0.8741 0.4849
vn -0.0693 0.8608 0.5042
vn 0.1634 0.9014 0.4010
vn 0.2135 0.8905 0.4018
vn 0.1377 0.9411 0.3090
vn -0.1260 0.5489 0.8263
vn -0.0627 0.5835 0.8097
vn -0.0559 0.6354 0.7702
vn -0.0091 0.6717 0.7408
vn -0.0136 0.7127 0.7013
vn 0.0381 0.7631 0.6452
vn 0.0279 0.7930 0.6086
vn 0.0764 0.8480 0.5244
vn 0.0653 0.8634 0.5002
vn 0.0810 0.8915 0.4456
vn 0.0465 0.9245 0.3784
vn -0.2559 0.3493 0.9014
vn -0.2509 0.3490 0.9029
vn -0.2469 0.3599 0.8997
vn -0.2308 0.3631 0.9027
vn -0.2322 0.3782 0.8961
vn -0.2040 0.3976 0.8946
vn -0.2066 0.4082 0.8892
vn -0.1675 0.4458 0.8793
vn -0.1717 0.4606 0.8709
vn -0.1436 0.4853 0.8625
vn -0.1204 0.5197 0.8458
vn -0.2138 0.3697 0.9042
vn -0.2362 0.3617 0.9019
vn -0.2375 0.3562 0.9037
vn -0.2503 0.3520 0.9019
vn -0.2506 0.3490 0.9030
vn -0.2544 0.3472 0.9026
vn -0.2556 0.3461 0.9027
vn -0.1421 0.4011 0.9049
vn -0.1588 0.3958 0.9045
vn -0.1746 0.3854 0.9061
vn -0.1805 0.3880 0.9038
vn -0.2126 0.3744 0.9026
vn -0.1135 0.3913 0.9132
vn -0.1266 0.4033 0.9063
vn -0.0975 0.4071 0.9082
vn -0.0843 0.4059 0.9100
vn -0.0748 0.4113 0.9084
vn -0.0691 0.5078 0.8587
vn -0.0456 0.5162 0.8552
vn -0.0546 0.4028 0.9136
vn -0.0222 0.4106 0.9116
vn -0.0382 0.3981 0.9166
vn 0.0067 0.3945 0.9189
vn -0.0001 0.3913 0.9203
vn 0.0328 0.3751 0.9264
vn 0.0351 0.3755 0.9262
vn 0.0561 0.3553 0.9331
vn 0.0655 0.3543 0.9329
vn 0.0820 0.3213 0.9434
vn 0.0823 0.3213 0.9434
vn 0.0963 0.3100 0.9458
vn 0.1149 0.2863 0.9512
vn 0.1026 0.2849 0.9530
vn 0.1390 0.2508 0.9580
vn 0.1202 0.2492 0.9610
vn 0.1508 0.2178 0.9643
vn 0.1280 0.2178 0.9676
vn 0.1277 0.2129 0.9687
vn 0.0945 0.2300 0.9686
vn 0.0734 0.2572 0.9636
vn 0.0636 0.2572 0.9643
vn -0.0264 0.2871 0.9575
vn -0.0297 0.2869 0.9575
vn -0.1049 0.3222 0.9408
vn -0.1780 0.3182 0.9311
vn -0.2119 0.3364 0.9176
vn -0.3446 0.3255 0.8805
vn -0.2005 0.4104 0.8896
vn -0.2988 0.4268 0.8536
vn -0.3348 0.3192 0.8866
vn -0.4536 0.3119 0.8349
vn -0.5032 0.2785 0.8181
vn -0.5772 0.2793 0.7673
vn -0.6435 0.2297 0.7302
vn -0.6967 0.2381 0.6767
vn -0.7713 0.1789 0.6108
vn -0.7264 0.3126 0.6121
vn -0.7868 0.2869 0.5465
vn -0.8007 0.1938 0.5669
vn -0.8808 0.1347 0.4540
vn -0.8678 0.1603 0.4704
vn -0.9306 0.1238 0.3444
vn -0.9327 0.1192 0.3403
vn -0.9710 0.1179 0.2079
vn -0.9674 0.1314 0.2164
vn -0.9915 0.0951 0.0889
vn -0.9833 0.1405 0.1153
vn -0.9938 0.1089 0.0233
vn -0.9913 0.1269 0.0341
vn 0.9403 0.3403 -0.0112
vn 0.5508 0.1993 -0.8105
vn 0.5982 0.2260 -0.7688
vn 0.6207 0.2190 -0.7529
vn 0.6941 0.2543 -0.6735
vn 0.9229 0.3485 -0.1636
vn 0.9233 0.3024 -0.2368
vn 0.8984 0.3251 -0.2953
vn 0.8827 0.3194 -0.3446
vn 0.8745 0.3184 -0.3658
vn 0.8706 0.3138 -0.3790
vn 0.8248 0.3029 -0.4774
vn 0.8192 0.2864 -0.4969
vn 0.7522 0.2753 -0.5987
vn 0.7440 0.2692 -0.6115
vn 0.7017 0.2540 -0.6657
vn 0.9500 0.3091 -0.0450
vn 0.9455 0.3236 -0.0373
vn 0.9363 0.3407 -0.0852
vn 0.9350 0.3371 -0.1099
vn 0.9309 0.3407 -0.1314
vn -0.4212 0.9070 -0.0000
vn -0.2020 0.9794 -0.0021
vn -0.3652 0.9309 -0.0010
vn -0.3843 0.9222 -0.0437
vn -0.2648 0.9633 0.0443
vn -0.2862 0.9582 -0.0004
vn -0.2169 0.9762 -0.0004
vn -0.1530 0.9880 0.0201
vn -0.1421 0.9892 0.0349
vn -0.0333 0.9985 -0.0441
vn -0.0082 1.0000 -0.0000
vn 0.0616 0.9981 -0.0000
vn 0.0709 0.9975 0.0027
vn 0.0806 0.9967 0.0001
vn 0.1071 0.9942 -0.0004
vn 0.2015 0.9785 -0.0449
vn 0.1889 0.9782 -0.0858
vn 0.3123 0.9492 0.0377
vn 0.2872 0.9579 -0.0005
vn 0.3365 0.9417 -0.0005
vn 0.3655 0.9308 0.0089
vn 0.4259 0.9031 -0.0551
vn 0.4678 0.8827 0.0450
vn 0.5226 0.8525 -0.0101
vn 0.5419 0.8405 -0.0000
vn 0.5585 0.8295 -0.0000
vn 0.5969 0.8020 0.0214
vn 0.6002 0.7997 0.0139
vn 0.6573 0.7536 -0.0073
vn 0.6807 0.7313 -0.0433
vn 0.6946 0.7194 -0.0001
vn 0.7193 0.6947 -0.0001
vn 0.7232 0.6906 0.0008
vn 0.7701 0.6375 -0.0247
vn 0.7679 0.6390 -0.0451
vn 0.8203 0.5715 0.0219
vn 0.8192 0.5735 0.0119
vn 0.8317 0.5552 0.0003
vn 0.8339 0.5519 0.0003
vn 0.8220 0.5682 0.0389
vn 0.8156 0.5776 -0.0344
vn 0.7826 0.6225 0.0069
vn 0.7643 0.6447 -0.0122
vn 0.7702 0.6378 -0.0009
vn 0.7190 0.6951 -0.0008
vn 0.7234 0.6899 0.0276
vn 0.6761 0.7368 -0.0033
vn 0.6183 0.7858 0.0151
vn 0.6136 0.7896 -0.0019
vn 0.5579 0.8299 0.0001
vn 0.5568 0.8307 -0.0000
vn 0.4967 0.8679 -0.0000
vn 0.4879 0.8726 -0.0239
vn 0.3504 0.9363 0.0228
vn 0.3373 0.9414 -0.0054
vn 0.2734 0.9619 -0.0005
vn 0.2134 0.9770 -0.0003
vn 0.2341 0.9716 0.0346
vn 0.1270 0.9899 -0.0632
vn 0.1302 0.9908 0.0359
vn 0.0164 0.9997 -0.0176
vn -0.1844 0.9828 0.0026
vn 0.0366 0.9986 0.0383
vn 0.0121 0.9999 0.0002
vn -0.0585 0.9983 -0.0002
vn -0.0518 0.9986 0.0133
vn -0.0867 0.9962 -0.0106
vn -0.0722 0.9973 0.0104
vn -0.1118 0.9936 -0.0167
vn -0.1310 0.9911 0.0228
vn -0.1479 0.9889 -0.0109
vn -0.1478 0.9890 0.0108
vn -0.1583 0.9874 -0.0094
vn -0.1613 0.9868 0.0120
vn -0.1609 0.9869 -0.0094
vn -0.1833 0.9830 0.0096
vn -0.1841 0.9829 0.0035
vn -0.1980 0.9802 -0.0002
vn -0.1970 0.9804 0.0011
vn -0.1916 0.9815 -0.0009
vn -0.1892 0.9819 -0.0024
vn 0.4297 0.1408 -0.8919
vn 0.3915 0.1415 -0.9092
vn 0.4055 0.1439 -0.9027
vn 0.4155 0.1446 -0.8980
vn 0.4612 0.1483 -0.8748
vn 0.4143 0.1651 -0.8951
vn 0.4057 0.1683 -0.8984
vn 0.5335 0.1931 -0.8235
vn 0.5165 0.1830 -0.8365
vn 0.5214 0.1808 -0.8339
vn 0.4889 0.1844 -0.8526
vn 0.5025 0.1804 -0.8456
vn 0.4662 0.1705 -0.8681
vn 0.4366 0.1788 -0.8817
vn 0.3673 0.1330 -0.9206
vn 0.3507 0.1276 -0.9278
vn 0.3366 0.1246 -0.9334
vn 0.3220 0.1221 -0.9388
vn 0.3130 0.1236 -0.9417
vn 0.3393 0.1110 -0.9341
vn 0.2962 0.1201 -0.9475
vn 0.3140 0.1008 -0.9441
vn 0.2521 0.1030 -0.9622
vn 0.2429 0.1101 -0.9638
vn 0.2696 0.0839 -0.9593
vn 0.2072 0.0846 -0.9746
vn 0.1768 0.0640 -0.9822
vn 0.1960 0.0709 -0.9780
vn 0.2295 0.0772 -0.9702
vn 0.1550 0.0578 -0.9862
vn 0.1404 0.0590 -0.9883
vn 0.1666 0.0545 -0.9845
vn 0.1170 0.0492 -0.9919
vn 0.1436 0.0351 -0.9890
vn 0.0950 0.0521 -0.9941
vn 0.1231 0.0297 -0.9920
vn 0.0985 0.0337 -0.9946
vn 0.0716 0.0273 -0.9971
vn 0.0802 0.0267 -0.9964
vn 0.0545 0.0228 -0.9983
vn 0.0587 0.0213 -0.9980
vn 0.0427 0.0155 -0.9990
vn 0.0382 0.0144 -0.9992
vn 0.0442 0.0148 -0.9989
vn 0.0295 0.0133 -0.9995
vn 0.0327 0.0120 -0.9994
vn 0.0173 0.0061 -0.9998
vn 0.0184 0.0082 -0.9998
vn 0.0142 0.0053 -0.9999
vn 0.0111 0.0035 -0.9999
vn 0.0116 0.0051 -0.9999
vn 0.0105 0.0038 -0.9999
vn 0.0107 0.0038 -0.9999
vn 0.0029 0.0011 -1.0000
vn 0.0018 -0.0009 -1.0000
vn -0.0085 -0.0026 -1.0000
vn -0.0161 -0.0076 -0.9998
vn -0.0150 -0.0053 -0.9999
vn -0.0343 -0.0126 -0.9993
vn -0.0322 -0.0002 -0.9995
vn -0.0449 -0.0323 -0.9985
vn -0.0467 -0.0092 -0.9989
vn -0.0607 -0.0220 -0.9979
vn -0.0698 -0.0253 -0.9972
vn -0.0672 -0.0232 -0.9975
vn -0.1286 -0.0334 -0.9911
vn -0.1164 -0.0791 -0.9901
vn -0.1061 -0.0014 -0.9944
vn -0.0926 -0.0490 -0.9945
vn -0.0759 -0.0293 -0.9967
vn -0.3072 -0.0755 -0.9487
vn -0.1531 -0.0543 -0.9867
vn -0.1607 -0.0582 -0.9853
vn -0.1807 -0.0654 -0.9814
vn -0.1873 -0.0762 -0.9793
vn -0.2439 -0.0778 -0.9667
vn -0.2707 -0.1282 -0.9541
vn -0.3475 -0.1030 -0.9320
vn -0.4793 0.8777 -0.0000
vn -0.8247 0.5655 -0.0022
vn -0.8064 0.5914 0.0036
vn -0.8058 0.5922 -0.0031
vn -0.8645 0.5025 0.0112
vn -0.8223 0.5691 -0.0003
vn -0.8247 0.5656 -0.0022
vn -0.8282 0.5604 -0.0001
vn -0.8322 0.5544 -0.0000
vn -0.8320 0.5547 -0.0000
vn -0.8393 0.5437 0.0002
vn -0.8377 0.5462 -0.0022
vn -0.8477 0.5305 0.0017
vn -0.8464 0.5326 0.0003
vn -0.8574 0.5147 -0.0004
vn -0.8621 0.5067 0.0061
vn -0.7590 0.6511 -0.0056
vn -0.7822 0.6231 0.0034
vn -0.7834 0.6215 -0.0000
vn -0.7698 0.6383 -0.0001
vn -0.7696 0.6385 -0.0001
vn -0.7656 0.6434 -0.0000
vn -0.7448 0.6670 0.0195
vn -0.7417 0.6702 0.0258
vn -0.7214 0.6915 -0.0372
vn -0.7082 0.7060 0.0001
vn -0.6916 0.7223 0.0001
vn -0.6840 0.7295 -0.0013
vn -0.6830 0.7304 -0.0000
vn -0.6661 0.7458 0.0005
vn -0.6239 0.7796 0.0540
vn -0.6463 0.7617 -0.0457
vn -0.6012 0.7991 0.0001
vn -0.5735 0.8192 0.0001
vn -0.5616 0.8272 0.0173
vn -0.5517 0.8340 0.0081
vn -0.4904 0.8709 -0.0320
vn -0.6599 -0.7496 -0.0503
vn -0.6599 -0.7497 -0.0503
vn 0.1724 -0.4220 -0.8901
vn 0.1191 -0.4317 -0.8941
vn 0.1209 -0.4292 -0.8951
vn 0.1484 -0.4437 -0.8838
vn 0.1641 -0.4300 -0.8878
vn 0.1027 -0.4409 -0.8917
vn 0.0894 -0.4378 -0.8946
vn 0.0738 -0.4301 -0.8998
vn 0.0710 -0.4337 -0.8983
vn 0.0509 -0.4324 -0.9003
vn 0.0486 -0.4325 -0.9003
vn 0.0300 -0.4192 -0.9074
vn 0.0317 -0.4174 -0.9082
vn 0.0026 -0.4206 -0.9072
vn 0.0108 -0.4153 -0.9096
vn -0.0142 -0.4080 -0.9129
vn -0.0180 -0.4108 -0.9115
vn -0.0349 -0.3854 -0.9221
vn -0.0374 -0.3864 -0.9216
vn -0.0531 -0.3799 -0.9235
vn -0.0444 -0.3795 -0.9241
vn -0.0678 -0.3778 -0.9234
vn -0.0497 -0.3680 -0.9285
vn -0.0827 -0.3649 -0.9274
vn -0.0720 -0.3597 -0.9303
vn -0.0864 -0.3449 -0.9347
vn -0.0900 -0.3279 -0.9404
vn -0.0832 -0.3263 -0.9416
vn -0.1077 -0.3276 -0.9387
vn -0.1124 -0.2851 -0.9519
vn -0.1232 -0.3057 -0.9441
vn -0.1347 -0.2555 -0.9574
vn -0.1418 -0.2665 -0.9533
vn -0.1097 -0.2366 -0.9654
vn -0.1438 -0.2206 -0.9647
vn -0.1432 -0.2217 -0.9645
vn -0.1704 -0.2288 -0.9584
vn -0.1520 -0.2385 -0.9592
vn -0.1033 -0.2357 -0.9663
vn -0.0673 -0.2699 -0.9605
vn -0.0507 -0.2915 -0.9552
vn -0.0045 -0.2891 -0.9573
vn 0.0528 -0.3266 -0.9437
vn 0.0723 -0.3422 -0.9368
vn 0.1391 -0.3340 -0.9322
vn 0.2262 -0.3619 -0.9044
vn 0.2336 -0.3657 -0.9009
vn 0.3305 -0.3406 -0.8802
vn 0.3639 -0.3455 -0.8650
vn 0.4278 -0.3318 -0.8408
vn 0.4315 -0.3319 -0.8388
vn 0.5222 -0.3094 -0.7947
vn 0.5523 -0.3191 -0.7702
vn 0.6713 -0.2412 -0.7008
vn 0.6962 -0.2497 -0.6730
vn 0.7707 -0.2265 -0.5956
vn 0.8970 -0.1599 -0.4122
vn 0.8557 -0.2127 -0.4717
vn 0.8392 -0.2062 -0.5032
vn 0.7888 -0.2110 -0.5773
vn 0.9789 -0.1646 -0.1212
vn 0.9835 -0.1498 -0.1015
vn 0.9680 -0.1648 -0.1893
vn 0.9720 -0.1528 -0.1785
vn 0.9459 -0.1488 -0.2881
vn 0.9436 -0.1536 -0.2934
vn 0.9164 -0.1691 -0.3629
vn 0.9894 -0.1427 -0.0258
vn 0.9722 -0.2336 -0.0145
vn 0.9963 0.0686 -0.0513
vn 0.9795 -0.1981 -0.0377
vn 0.9853 -0.1642 -0.0469
vn 0.9554 -0.2866 -0.0708
vn 0.2563 -0.3936 -0.8828
vn 0.2424 -0.4024 -0.8828
vn 0.2365 -0.4046 -0.8834
vn 0.2348 -0.4073 -0.8826
vn 0.2153 -0.4139 -0.8845
vn 0.2153 -0.4143 -0.8843
vn 0.1857 -0.4309 -0.8831
vn 0.2577 -0.4082 -0.8758
vn 0.2643 -0.3838 -0.8847
vn 0.2650 -0.3839 -0.8845
vn 0.2797 -0.3856 -0.8792
vn 0.2801 -0.3803 -0.8814
vn 0.2851 -0.3776 -0.8810
vn 0.2847 -0.3786 -0.8807
vn 0.2857 -0.3776 -0.8808
vn 0.2876 -0.3768 -0.8805
vn 0.2877 -0.3764 -0.8806
vn 0.2878 -0.3795 -0.8793
vn 0.2882 -0.3804 -0.8788
vn 0.2851 -0.3853 -0.8777
vn 0.2851 -0.3871 -0.8769
vn 0.2723 -0.3983 -0.8759
vn 0.2939 -0.4729 -0.8307
vn 0.2398 -0.4344 -0.8682
vn 0.2716 -0.4155 -0.8681
vn 0.2673 -0.3882 -0.8820
vn 0.2253 -0.4318 -0.8734
vn 0.2311 -0.4270 -0.8742
vn 0.2362 -0.4282 -0.8723
vn 0.2915 -0.4381 -0.8504
vn -0.5186 -0.6855 -0.5109
vn -0.4832 -0.4956 -0.7217
vn -0.4838 -0.4570 -0.7464
vn -0.3205 -0.4686 -0.8232
vn -0.6330 -0.7289 -0.2609
vn -0.6321 -0.7278 -0.2659
vn -0.5585 -0.6546 -0.5095
vn -0.4428 -0.5312 -0.7223
vn -0.5107 -0.5975 -0.6182
vn -0.4317 -0.5360 -0.7255
vn -0.5748 -0.6581 -0.4863
vn -0.6150 -0.6843 -0.3918
vn -0.3217 -0.3993 -0.8585
vn -0.4253 -0.5130 -0.7456
vn -0.3584 -0.4417 -0.8225
vn -0.2530 -0.3417 -0.9051
vn 0.0087 -1.0000 0.0001
vn 0.0090 -1.0000 -0.0000
vn 0.0091 -1.0000 -0.0000
vn 0.0094 -1.0000 -0.0001
vn 0.0090 -1.0000 0.0005
vn 0.0091 -1.0000 -0.0017
vn 0.0090 -1.0000 0.0003
vn 0.0094 -1.0000 0.0001
vn 0.0090 -1.0000 -0.0001
vn 0.0082 -1.0000 0.0007
vn -0.8658 0.4861 -0.1188
vn -0.8625 0.4941 -0.1092
vn -0.7777 0.6248 0.0694
vn -0.7646 0.6406 0.0709
vn 0.4694 -0.7306 -0.4959
vn -0.8389 0.2667 -0.4745
vn -0.7811 0.6220 0.0552
vn 0.4693 0.8720 0.1393
vn 0.6159 0.6762 0.4043
vn 0.6156 0.6765 0.4044
vn 0.6825 0.3887 0.6190
vn 0.6822 0.3889 0.6191
vn 0.6736 0.1436 0.7250
vn 0.5530 0.8326 0.0321
vn 0.5097 0.7519 0.4181
vn 0.7414 0.6094 0.2811
vn 0.5450 0.5261 0.6528
vn 0.8282 0.3132 0.4648
vn 0.5472 0.2520 0.7982
vn 0.6732 0.1437 0.7253
vn 0.5389 0.8424 -0.0000
vn 0.7007 0.7135 0.0082
vn 0.5565 0.8309 -0.0000
vn 0.8323 0.5543 -0.0000
vn 0.8611 0.5085 0.0021
vn 0.9402 0.3406 -0.0000
vn 0.9963 0.0861 -0.0000
vn 0.9813 -0.1892 0.0340
vn 0.9929 -0.1186 0.0101
vn 0.9999 -0.0142 0.0050
vn 0.8650 0.0748 -0.4961
vn 0.8964 0.2392 0.3731
vn 0.7652 0.4519 -0.4585
vn 0.7839 0.5860 0.2051
vn 0.5446 0.8133 -0.2049
vn 0.5364 0.8438 0.0175
vn 0.9988 0.0442 0.0216
vn 0.9575 -0.0061 0.2884
vn 0.9527 0.2567 -0.1625
vn 0.9378 0.2694 -0.2190
vn 0.8974 0.4132 0.1545
vn 0.7928 0.5809 -0.1842
vn 0.7930 0.5857 -0.1674
vn 0.4847 0.8078 0.3355
vn 0.5634 0.8258 0.0237
vn 0.4988 0.8592 0.1137
vn 0.7855 0.6002 0.1507
vn 0.7679 0.4084 0.4935
vn 0.8136 0.0775 0.5763
vn 0.8071 0.1262 0.5768
vn 0.5588 0.8266 0.0667
vn 0.5827 0.8042 0.1173
vn 0.6473 0.7434 0.1684
vn 0.6829 0.6450 0.3429
vn 0.8098 0.3250 0.4884
vn 0.8906 0.4107 0.1951
vn 0.9057 0.3621 0.2207
vn 0.9434 0.2491 0.2189
vn 0.9686 0.0721 0.2381
vn 0.9729 0.0331 0.2287
vn 0.7797 0.0104 0.6260
vn 0.9705 -0.0887 0.2241
vn 0.9707 -0.0889 0.2234
vn 0.7792 -0.0130 0.6266
vn 0.7972 -0.0196 0.6034
vn 0.7978 0.0168 0.6026
vn 0.8078 0.0030 0.5895
vn 0.9674 -0.0763 0.2414
vn 0.9714 -0.0807 0.2235
vn 0.9929 -0.1173 0.0202
vn 0.6987 -0.7000 0.1478
vn 0.6995 -0.7092 0.0879
vn 0.2411 -0.1275 0.9621
vn 0.3807 -0.2816 0.8808
vn 0.2099 -0.1840 0.9603
vn 0.4516 -0.4052 0.7949
vn 0.3372 -0.3188 0.8858
vn 0.5548 -0.5147 0.6537
vn 0.4502 -0.4402 0.7769
vn 0.6341 -0.6040 0.4828
vn 0.5498 -0.5490 0.6295
vn 0.7027 -0.7048 0.0972
vn 0.7011 -0.7063 0.0977
vn 0.7095 -0.6980 0.0969
vn 0.6697 -0.6885 0.2784
vn 0.0860 -0.0388 0.9955
vn 0.2084 -0.1652 0.9640
vn 0.3359 -0.2801 0.8993
vn 0.3561 -0.2603 0.8975
vn 0.4738 -0.3833 0.7928
vn 0.5390 -0.4709 0.6984
vn 0.5693 -0.5004 0.6523
vn 0.6549 -0.6148 0.4394
vn 0.6378 -0.6004 0.4825
vn 0.6885 -0.6635 0.2928
vn 0.6857 -0.6663 0.2930
vn 0.6214 -0.6315 0.4638
vn 0.7873 0.6165 -0.0000
vn 0.8909 0.4543 -0.0000
vn 0.9967 0.0811 -0.0000
vn 0.7591 -0.6510 -0.0000
vn 0.9511 -0.3087 -0.0000
vn 0.9485 -0.3168 0.0008
vn 0.9922 -0.1245 -0.0000
vn 0.6519 0.7583 -0.0000
vn 0.3121 0.9500 -0.0000
vn 0.3121 0.9501 -0.0000
vn -0.0752 0.9972 -0.0000
vn -0.4511 0.8925 -0.0000
vn -0.7873 -0.6165 -0.0000
vn -0.6165 0.7873 -0.0000
vn -0.7583 0.6519 -0.0000
vn -0.9501 0.3121 -0.0000
vn -0.9972 -0.0752 -0.0000
vn -0.8925 -0.4511 -0.0000
vn 0.4500 -0.8930 -0.0000
vn 0.0717 -0.9974 -0.0000
vn -0.3177 -0.9482 -0.0000
vn -0.6546 -0.7560 -0.0000
vn 0.6165 -0.7873 -0.0000
vn -0.0331 0.0180 0.9993
vn -0.0367 0.0203 0.9991
vn -0.0322 0.0176 0.9993
vn -0.0302 0.0174 0.9994
vn -0.0293 0.0182 0.9994
vn -0.0173 0.0209 0.9996
vn -0.0202 0.0224 0.9995
vn -0.0226 0.0209 0.9995
vn 0.0171 -0.0210 -0.9996
vn 0.0208 -0.0229 -0.9995
vn 0.0316 -0.0156 -0.9994
vn 0.0289 -0.0185 -0.9994
vn 0.0293 -0.0180 -0.9994
vn 0.0298 -0.0177 -0.9994
vn 0.0302 -0.0175 -0.9994
vn 0.0308 -0.0175 -0.9994
vn 0.0311 -0.0175 -0.9994
vn 0.0313 -0.0175 -0.9994
vn 0.0321 -0.0176 -0.9993
vn 0.0330 -0.0180 -0.9993
vn 0.0362 -0.0201 -0.9991
vn -0.1536 -0.1203 -0.9808
vn -0.1927 -0.1479 -0.9700
vn -0.4363 -0.3439 -0.8315
vn -0.4685 -0.3669 -0.8037
vn -0.7722 -0.6047 -0.1951
vn -0.7817 -0.6205 -0.0625
vn -0.7611 -0.5960 -0.2561
vn -0.6546 -0.5126 -0.5556
vn -0.6899 -0.5461 -0.4752
vn -0.6066 -0.4750 -0.6375
vn -0.1116 -0.0311 -0.9933
vn -0.1936 -0.0430 -0.9801
vn -0.1694 -0.1000 -0.9805
vn -0.4812 -0.2842 -0.8293
vn -0.6365 -0.1817 -0.7496
vn -0.5423 -0.1394 -0.8285
vn -0.4554 -0.1269 -0.8812
vn -0.2975 -0.0829 -0.9511
vn -0.8291 -0.2224 -0.5129
vn -0.8019 -0.2273 -0.5525
vn -0.7178 -0.4240 -0.5523
vn -0.8448 -0.4990 -0.1935
vn -0.9397 -0.2817 -0.1939
vn -0.9583 -0.2625 -0.1130
vn -0.9708 -0.1571 -0.1815
vn -0.5584 0.2299 -0.7971
vn -0.5378 0.2566 -0.8031
vn -0.6162 0.4596 -0.6396
vn -0.5837 0.3487 -0.7333
vn -0.6622 0.6343 -0.3990
vn -0.6613 0.6025 -0.4468
vn -0.6497 0.7482 -0.1343
vn -0.5707 0.2106 -0.7937
vn -0.6324 0.3594 -0.6863
vn -0.6524 0.4316 -0.6230
vn -0.6516 0.7473 -0.1305
vn -0.6511 0.7481 -0.1277
vn -0.6785 0.6710 -0.2992
vn -0.6810 0.6197 -0.3902
vn -0.6827 0.5924 -0.4278
vn -0.6640 0.4662 -0.5846
vn -0.6493 0.7437 -0.1589
vn -0.6441 0.7533 -0.1330
vn -0.6494 0.7489 -0.1319
vn -0.6758 0.6237 -0.3928
vn -0.6431 0.4389 -0.6276
vn -0.5652 0.2412 -0.7889
vn -0.5647 0.2003 -0.8006
vn -0.3854 0.6562 -0.6488
vn -0.4843 0.3634 -0.7959
vn -0.4939 0.1859 -0.8494
vn -0.5398 0.1508 -0.8282
vn -0.5364 0.1519 -0.8302
vn -0.5411 0.1510 -0.8273
vn -0.5349 0.1945 -0.8222
vn -0.5352 0.1947 -0.8220
vn -0.5198 0.2296 -0.8229
vn -0.5081 0.2273 -0.8307
vn -0.5763 0.2062 -0.7908
vn -0.5668 0.2061 -0.7977
vn -0.6583 0.3388 -0.6722
vn -0.6609 0.6088 -0.4388
vn -0.5976 0.7861 -0.1577
vn -0.2184 0.8638 -0.4540
vn -0.1815 0.9154 -0.3593
vn -0.1439 0.9414 -0.3051
vn -0.4366 0.4898 -0.7546
vn -0.3870 0.5548 -0.7365
vn -0.4462 0.5558 -0.7014
vn -0.5031 0.4847 -0.7155
vn -0.5116 0.4834 -0.7103
vn -0.5551 0.4065 -0.7257
vn -0.5440 0.4100 -0.7321
vn -0.5862 0.2900 -0.7565
vn -0.6070 0.2788 -0.7442
vn -0.6354 0.4876 -0.5988
vn -0.2873 0.7913 -0.5397
vn -0.2238 0.8360 -0.5010
vn -0.3107 0.8380 -0.4485
vn -0.3831 0.7889 -0.4805
vn -0.4268 0.7821 -0.4540
vn -0.4882 0.7241 -0.4872
vn -0.5340 0.7093 -0.4601
vn -0.5829 0.6402 -0.5004
vn -0.6560 0.6001 -0.4577
vn -0.6309 0.7055 -0.3228
vn -0.0189 0.9887 -0.1485
vn -0.0692 0.9842 -0.1632
vn -0.1358 0.9803 -0.1434
vn -0.1553 0.9756 -0.1551
vn -0.2947 0.9414 -0.1638
vn -0.3043 0.9371 -0.1710
vn -0.4335 0.8882 -0.1524
vn -0.4804 0.8554 -0.1936
vn -0.5978 0.7916 -0.1266
vn 0.7602 0.6496 -0.0000
vn 0.6667 0.7453 -0.0048
vn 0.6824 0.7310 -0.0072
vn 0.3307 0.9437 -0.0084
vn 0.3731 0.9278 -0.0037
vn 0.5528 0.8333 0.0018
vn -0.1852 0.9827 -0.0013
vn -0.0455 0.9989 -0.0118
vn -0.0948 0.9955 -0.0059
vn 0.0590 0.9983 -0.0005
vn 0.1892 0.9819 0.0007
vn -0.3693 0.9293 0.0010
vn -0.4685 0.8834 -0.0050
vn -0.5427 0.8400 -0.0000
vn 0.7653 0.6217 -0.1669
vn 0.7718 0.6118 -0.1732
vn 0.7718 0.6143 -0.1642
vn 0.6570 0.5360 -0.5301
vn 0.6729 0.5374 -0.5082
vn 0.1133 0.1362 -0.9842
vn 0.2673 0.2518 -0.9301
vn 0.4048 0.3444 -0.8471
vn 0.4214 0.3681 -0.8288
vn 0.5597 0.4698 -0.6827
vn -0.0081 0.1169 -0.9931
vn 0.7629 0.6150 -0.1992
vn 0.5912 0.5586 -0.5818
vn 0.6399 0.5582 -0.5282
vn 0.3058 0.3758 -0.8748
vn 0.3696 0.3899 -0.8434
vn 0.0474 0.1819 -0.9822
vn 0.0815 0.0964 -0.9920
vn -0.2694 0.6582 -0.7030
vn -0.0591 0.1820 -0.9815
vn -0.0690 0.1408 -0.9876
vn -0.1033 0.2077 -0.9727
vn -0.1102 0.1727 -0.9788
vn -0.2037 0.2279 -0.9521
vn -0.2172 0.1792 -0.9595
vn -0.3266 0.2609 -0.9085
vn -0.3368 0.1965 -0.9208
vn 0.2460 0.7998 -0.5475
vn -0.4599 0.1825 -0.8690
vn -0.4580 0.2320 -0.8582
vn -0.4090 0.3554 -0.8405
vn -0.3663 0.4818 -0.7960
vn -0.1734 0.8092 -0.5613
vn -0.1908 0.7789 -0.5975
vn -0.2831 0.6444 -0.7104
vn 0.0937 0.9865 -0.1345
vn 0.0789 0.9747 -0.2093
vn -0.0371 0.9279 -0.3709
vn -0.0601 0.9150 -0.3989
vn -0.0726 0.9017 -0.4262
vn -0.1260 0.8511 -0.5096
vn 0.5596 0.5979 -0.5739
vn 0.5243 0.6122 -0.5918
vn 0.4686 0.6693 -0.5766
vn 0.4407 0.6788 -0.5874
vn 0.7262 0.6605 -0.1905
vn 0.7185 0.6668 -0.1977
vn 0.6414 0.7398 -0.2033
vn 0.6240 0.7504 -0.2179
vn 0.4507 0.8670 -0.2126
vn 0.2748 0.4151 -0.8673
vn 0.2347 0.4217 -0.8759
vn 0.1931 0.4641 -0.8645
vn 0.1630 0.4676 -0.8688
vn 0.0944 0.5244 -0.8462
vn 0.3786 0.7308 -0.5680
vn 0.3407 0.7381 -0.5823
vn 0.5624 0.8060 -0.1847
vn 0.4579 0.8558 -0.2409
vn -0.1081 0.6104 -0.7847
vn -0.0795 0.6684 -0.7395
vn 0.0099 0.7554 -0.6552
vn 0.0389 0.8008 -0.5976
vn 0.1259 0.8602 -0.4942
vn -0.3669 0.4791 -0.7974
vn -0.2193 0.4360 -0.8728
vn -0.1925 0.5036 -0.8422
vn -0.0362 0.4218 -0.9060
vn 0.0690 0.5927 -0.8025
vn 0.0866 0.6455 -0.7588
vn 0.1871 0.7269 -0.6608
vn 0.2257 0.8593 -0.4590
vn 0.1537 0.8909 -0.4273
vn 0.3232 0.9316 -0.1661
vn 0.2557 0.9419 -0.2179
vn -0.0390 0.0016 -0.9992
vn -0.0123 0.0019 -0.9999
vn -0.0261 0.0013 -0.9997
vn -0.0203 0.0028 -0.9998
vn -0.0272 0.0025 -0.9996
vn -0.0170 0.0005 -0.9999
vn -0.0181 0.0020 -0.9998
vn -0.1983 -0.0009 -0.9801
vn -0.3888 0.0039 -0.9213
vn -0.3885 0.0039 -0.9214
vn -0.5396 0.0323 -0.8413
vn -0.5106 0.0201 -0.8596
vn -0.5110 0.0001 -0.8596
vn -0.5464 0.0068 -0.8375
vn -0.5286 -0.0034 -0.8488
vn -0.4011 0.0440 -0.9150
vn -0.3579 0.0463 -0.9326
vn -0.3173 0.0359 -0.9477
vn -0.0123 0.0018 -0.9999
vn -0.0478 0.0051 -0.9988
vn -0.1252 0.0338 -0.9916
vn -0.1577 0.0716 -0.9849
vn -0.1788 0.1059 -0.9782
vn -0.1469 0.0130 -0.9891
vn -0.1652 0.0241 -0.9860
vn -0.1667 0.0085 -0.9860
vn -0.1576 0.0030 -0.9875
vn -0.0292 0.0021 -0.9996
vn -0.0342 0.0007 -0.9994
vn -0.1966 -0.0019 -0.9805
vn -0.1962 0.0146 -0.9805
vn -0.3884 0.0191 -0.9213
vn -0.3601 0.0229 -0.9326
vn -0.5143 0.0261 -0.8572
vn -0.4572 0.0536 -0.8878
vn -0.4875 0.0512 -0.8716
vn -0.9642 0.1808 -0.1939
vn -0.1230 0.0210 -0.9922
vn -0.1157 -0.0018 -0.9933
vn -0.1218 -0.0029 -0.9925
vn -0.3081 -0.0088 -0.9513
vn -0.4693 -0.0333 -0.8824
vn -0.5518 0.0901 -0.8291
vn -0.6485 0.1272 -0.7505
vn -0.8202 0.1470 -0.5528
vn -0.8427 0.1628 -0.5133
vn -0.9658 0.1792 -0.1873
vn -0.9843 -0.0328 -0.1736
vn -0.1967 0.0236 -0.9802
vn -0.3905 0.0841 -0.9168
vn -0.3981 -0.0116 -0.9172
vn -0.6603 -0.0201 -0.7507
vn -0.6604 -0.0200 -0.7507
vn -0.8577 -0.0265 -0.5134
vn -0.8578 -0.0265 -0.5134
vn -0.9831 -0.0308 -0.1805
vn -0.1772 0.0873 -0.9803
vn 0.0936 0.5264 -0.8451
vn 0.3307 0.7622 -0.5565
vn 0.3455 0.7932 -0.5015
vn 0.0868 0.4550 -0.8862
vn -0.0291 0.1954 -0.9803
vn -0.0894 0.1762 -0.9803
vn -0.1405 0.1389 -0.9803
vn -0.2537 0.4999 -0.8281
vn -0.0826 0.5544 -0.8281
vn 0.0669 0.5538 -0.8300
vn 0.0188 0.1948 -0.9807
vn 0.0102 0.1749 -0.9845
vn -0.3778 0.7444 -0.5506
vn -0.1231 0.8257 -0.5506
vn 0.1443 0.8222 -0.5506
vn 0.1422 0.8185 -0.5566
vn 0.3542 0.7506 -0.5579
vn -0.5028 0.2478 -0.8281
vn -0.7488 0.3690 -0.5506
vn -0.8802 0.4338 -0.1927
vn -0.3987 0.3941 -0.8281
vn -0.5937 0.5868 -0.5506
vn -0.7112 0.7030 0.0052
vn -0.7477 0.6349 -0.1944
vn 0.4614 0.8660 -0.1928
vn 0.2532 0.9477 -0.1946
vn 0.1728 0.9849 0.0045
vn 0.0982 0.9760 -0.1944
vn -0.1446 0.9705 -0.1927
vn -0.4440 0.8750 -0.1927
vn -0.6364 0.7465 -0.1945
vn 0.0690 0.0918 0.9934
vn 0.1183 0.1551 0.9808
vn 0.1828 0.2431 0.9526
vn 0.3339 0.4441 0.8315
vn 0.3824 0.5042 0.7743
vn 0.2809 0.3737 0.8840
vn 0.5894 0.7839 0.1951
vn 0.5897 0.7843 0.1928
vn 0.4996 0.6646 0.5556
vn 0.5120 0.6795 0.5254
vn 0.4389 0.5838 0.6830
vn 0.6009 0.7993 -0.0000
vn -0.9999 0.0141 -0.0000
vn -0.9980 -0.0424 -0.0473
vn -0.9309 -0.3604 -0.0597
vn -0.9632 -0.2689 -0.0002
vn -0.9888 -0.1493 0.0002
vn -0.7680 -0.6384 -0.0520
vn -0.8479 -0.5301 -0.0002
vn -0.9065 -0.4223 0.0006
vn -0.9927 0.1208 -0.0000
vn -0.6506 -0.0404 -0.7583
vn -0.5939 -0.0041 -0.8045
vn -0.5086 0.1087 -0.8541
vn -0.5064 0.1307 -0.8523
vn -0.6634 -0.0400 -0.7472
vn -0.6463 -0.0360 -0.7622
vn -0.6355 -0.0242 -0.7717
vn -0.6334 -0.0276 -0.7734
vn -0.6430 -0.0035 -0.7659
vn -0.6053 -0.0245 -0.7956
vn -0.6153 -0.0051 -0.7883
vn -0.6085 0.0169 -0.7934
vn -0.5903 0.0046 -0.8072
vn -0.5938 0.0079 -0.8046
vn -0.5940 0.0081 -0.8045
vn -0.5965 0.0301 -0.8020
vn -0.5933 0.0156 -0.8048
vn -0.5916 0.0183 -0.8060
vn -0.5805 0.0557 -0.8123
vn -0.5795 0.0503 -0.8134
vn -0.5791 0.0387 -0.8144
vn -0.5023 0.1426 -0.8529
vn -0.5032 0.1379 -0.8531
vn -0.5130 0.1104 -0.8512
vn -0.5133 0.1304 -0.8482
vn -0.5203 0.0903 -0.8492
vn -0.5263 0.1116 -0.8430
vn -0.5400 0.0717 -0.8386
vn -0.5412 0.0792 -0.8372
vn -0.5636 0.0525 -0.8244
vn -0.4999 0.1572 -0.8517
vn -0.4805 0.1083 -0.8703
vn -0.4949 0.1762 -0.8509
vn -0.4924 0.1726 -0.8531
vn -0.4966 0.1806 -0.8490
vn -0.4976 0.1827 -0.8479
vn -0.5253 0.0845 -0.8467
vn -0.5247 0.0853 -0.8470
vn -0.5238 0.0867 -0.8474
vn -0.5215 0.0892 -0.8486
vn -0.5202 0.0903 -0.8493
vn -0.5200 0.0911 -0.8493
vn -0.5166 0.1079 -0.8494
vn -0.5645 0.0200 -0.8252
vn -0.5603 0.0327 -0.8277
vn -0.5471 0.0520 -0.8354
vn -0.5469 0.0551 -0.8354
vn -0.5315 0.0710 -0.8441
vn -0.5252 0.0849 -0.8467
vn -0.5257 0.0839 -0.8466
vn -0.5799 0.0058 -0.8147
vn -0.5658 0.0329 -0.8239
vn -0.5724 0.0329 -0.8193
vn -0.5626 0.0598 -0.8245
vn -0.5961 0.0011 -0.8029
vn -0.5898 -0.0028 -0.8075
vn -0.5888 -0.0053 -0.8083
vn -0.5965 0.0074 -0.8026
vn -0.5960 0.0060 -0.8030
vn -0.5946 0.0154 -0.8039
vn -0.5845 0.0144 -0.8113
vn -0.5799 0.0081 -0.8147
vn -0.5884 -0.0066 -0.8085
vn -0.5877 -0.0064 -0.8090
vn -0.6702 -0.0409 -0.7410
vn -0.6547 -0.0395 -0.7548
vn -0.6528 -0.0397 -0.7565
vn 0.0228 -0.0254 -0.9994
vn 0.0166 -0.0337 -0.9993
vn 0.0155 -0.0365 -0.9992
vn 0.0299 -0.0368 -0.9989
vn 0.0166 -0.0286 -0.9995
vn 0.0178 -0.0282 -0.9994
vn 0.0329 -0.0386 -0.9987
vn 0.0331 -0.0388 -0.9987
vn -0.0321 -0.0802 -0.9963
vn 0.0246 -0.0579 -0.9980
vn 0.0074 -0.0584 -0.9983
vn 0.0201 -0.0447 -0.9988
vn 0.0268 -0.0386 -0.9989
vn 0.0147 -0.0379 -0.9992
vn 0.0123 -0.0404 -0.9991
vn -0.0003 -0.0525 -0.9986
vn 0.0002 -0.0584 -0.9983
vn -0.0273 -0.0819 -0.9963
vn -0.0268 -0.0719 -0.9970
vn -0.0338 -0.0968 -0.9947
vn -0.0582 -0.1102 -0.9922
vn -0.0592 -0.1205 -0.9909
vn -0.0848 -0.1403 -0.9865
vn -0.1029 -0.1422 -0.9845
vn -0.0953 -0.1780 -0.9794
vn 0.1089 -0.9941 -0.0012
vn 0.1087 -0.9941 -0.0022
vn 0.6801 0.7331 -0.0069
vn 0.6430 0.7658 -0.0003
vn 0.6594 0.7518 -0.0003
vn 0.7189 0.6952 -0.0011
vn 0.7196 0.6942 -0.0153
vn 0.0392 -0.0050 -0.9992
vn 0.0870 0.0924 -0.9919
vn 0.1323 0.1484 -0.9800
vn 0.1382 0.1254 -0.9824
vn 0.1374 0.1395 -0.9806
vn 0.1375 0.1285 -0.9821
vn 0.0675 0.0105 -0.9977
vn 0.0585 0.0248 -0.9980
vn 0.0747 0.0477 -0.9961
vn 0.0888 0.0591 -0.9943
vn 0.0891 0.0581 -0.9943
vn 0.0883 0.0657 -0.9939
vn 0.0404 -0.0233 -0.9989
vn 0.0403 -0.0246 -0.9989
vn 0.0437 -0.0248 -0.9987
vn 0.0315 -0.0248 -0.9992
vn 0.0325 -0.0238 -0.9992
vn 0.0316 -0.0247 -0.9992
vn 0.0359 -0.0211 -0.9991
vn 0.0428 -0.0277 -0.9987
vn 0.0342 -0.0084 -0.9994
vn 0.0329 -0.0096 -0.9994
vn 0.0322 -0.0101 -0.9994
vn 0.0315 -0.0105 -0.9994
vn 0.0309 -0.0107 -0.9995
vn 0.0305 -0.0108 -0.9995
vn 0.0297 -0.0148 -0.9994
vn 0.0291 -0.0150 -0.9995
vn 0.0378 -0.0134 -0.9992
vn 0.0306 -0.0258 -0.9992
vn 0.0298 -0.0267 -0.9992
vn 0.0383 -0.0036 -0.9993
vn 0.0438 0.0087 -0.9990
vn 0.0583 0.0126 -0.9982
vn 0.0750 0.0500 -0.9959
vn 0.0944 0.0567 -0.9939
vn 0.1469 0.1272 -0.9809
vn 0.1332 0.1235 -0.9834
vn 0.2565 0.2293 -0.9390
vn 0.2682 0.2638 -0.9265
vn 0.2105 0.1805 -0.9608
vn 0.5192 0.5490 -0.6550
vn 0.4638 0.4568 -0.7591
vn 0.3631 0.3467 -0.8648
vn 0.3912 0.4250 -0.8163
vn 0.3535 0.3438 -0.8699
vn 0.6870 0.7210 -0.0910
vn 0.5058 0.4992 -0.7036
vn 0.6011 0.6045 -0.5228
vn 0.6049 0.6065 -0.5159
vn 0.6464 0.6543 -0.3925
vn 0.6555 0.6578 -0.3711
vn 0.6734 0.6867 -0.2740
vn 0.6831 0.6894 -0.2411
vn 0.6888 0.7040 -0.1730
vn 0.6974 0.7039 -0.1351
vn 0.6971 0.7069 -0.1200
vn 0.7106 0.7002 -0.0695
vn 0.7099 0.7043 -0.0015
vn 0.7037 0.7105 -0.0016
vn 0.6926 0.7213 -0.0017
vn 0.6981 0.7160 -0.0017
vn 0.6284 0.7779 -0.0002
vn 0.6284 0.7779 -0.0005
vn 0.6181 0.7861 -0.0002
vn 0.6129 0.7891 -0.0422
vn 0.5947 0.7927 0.1340
vn 0.5769 0.8168 -0.0000
vn 0.5784 0.8158 0.0019
vn 0.5811 0.8134 -0.0248
vn 0.5960 0.8017 0.0456
vn 0.5810 0.8138 -0.0116
vn 0.5771 0.8166 -0.0091
vn 0.5770 0.8167 -0.0036
vn 0.5962 0.8017 -0.0432
vn 0.5966 0.8023 -0.0196
vn 0.5966 0.8023 -0.0191
vn 0.5937 0.7956 -0.1201
vn 0.5908 0.8008 -0.0978
vn 0.5917 0.8017 -0.0845
vn 0.5980 0.8008 -0.0343
vn 0.5723 0.7667 -0.2911
vn 0.5826 0.7841 -0.2141
vn 0.5901 0.7859 -0.1851
vn 0.5889 0.7926 -0.1580
vn 0.5960 0.7985 -0.0846
vn 0.5438 0.7302 -0.4136
vn 0.5433 0.7256 -0.4223
vn 0.5671 0.7656 -0.3037
vn 0.5042 0.6700 -0.5448
vn 0.5079 0.6796 -0.5293
vn 0.5227 0.7015 -0.4844
vn 0.3510 0.5095 -0.7856
vn 0.4820 0.5182 -0.7065
vn 0.4220 0.5890 -0.6892
vn 0.4462 0.6469 -0.6184
vn 0.3118 0.4488 -0.8375
vn 0.3054 0.3827 -0.8719
vn 0.3083 0.3833 -0.8707
vn 0.1429 0.1930 -0.9708
vn 0.1746 0.2374 -0.9556
vn 0.2027 0.2660 -0.9424
vn 0.2031 0.2772 -0.9391
vn 0.2459 0.3543 -0.9022
vn 0.7037 0.7105 -0.0014
vn 0.7037 0.7104 -0.0063
vn 0.6980 0.7161 -0.0062
vn 0.7162 0.6979 -0.0012
vn 0.7162 0.6979 -0.0057
vn 0.7099 0.7043 -0.0057
vn 0.7099 0.7042 -0.0159
vn 0.7066 0.7072 -0.0234
vn 0.6897 0.7241 -0.0018
vn 0.6923 0.7216 -0.0043
vn 0.6923 0.7216 -0.0067
vn 0.6950 0.7186 -0.0232
vn 0.6980 0.7159 -0.0165
vn 0.7037 0.7103 -0.0165
vn 0.7037 0.7105 -0.0060
vn 0.7099 0.7043 -0.0060
vn 0.7099 0.7043 -0.0013
vn 0.7162 0.6979 -0.0013
vn 0.6863 0.7273 -0.0067
vn 0.6863 0.7272 -0.0069
vn 0.6863 0.7273 -0.0017
vn 0.6863 0.7273 -0.0019
vn 0.6981 0.7160 -0.0016
vn 0.6981 0.7160 -0.0065
vn 0.6923 0.7216 -0.0065
vn 0.6923 0.7214 -0.0171
vn 0.6863 0.7271 -0.0171
vn 0.6830 0.7300 -0.0240
vn 0.6801 0.7329 -0.0176
vn 0.7193 0.6946 -0.0067
vn 0.7196 0.6943 -0.0055
vn 0.7161 0.6979 -0.0055
vn 0.7161 0.6976 -0.0222
vn 0.7176 0.6963 -0.0159
vn 0.7174 0.6957 -0.0367
vn 0.7058 0.7057 -0.0617
vn 0.7114 0.7018 -0.0383
vn 0.6948 0.7182 -0.0385
vn 0.6883 0.7235 -0.0529
vn 0.6828 0.7295 -0.0401
vn 0.6704 0.7420 -0.0019
vn 0.6704 0.7420 -0.0024
vn 0.6704 0.7420 -0.0003
vn 0.6704 0.7420 -0.0005
vn 0.6801 0.7331 -0.0006
vn 0.6801 0.7331 -0.0018
vn 0.6801 0.7331 -0.0021
vn 0.6801 0.7331 -0.0071
vn 0.6704 0.7420 -0.0070
vn 0.6537 0.7483 -0.1130
vn 0.6569 0.7539 -0.0022
vn 0.6570 0.7539 -0.0027
vn 0.6546 0.7497 -0.0966
vn 0.6525 0.7577 -0.0004
vn 0.5946 0.7959 -0.1138
vn 0.6130 0.7900 -0.0082
vn 0.6284 0.7779 -0.0084
vn 0.5770 0.8168 -0.0037
vn 0.5810 0.8139 -0.0038
vn 0.5810 0.8139 -0.0031
vn 0.5972 0.8021 -0.0035
vn 0.5971 0.8022 -0.0029
vn 0.6130 0.7901 -0.0033
vn 0.6129 0.7901 -0.0028
vn 0.6284 0.7779 -0.0031
vn 0.6283 0.7779 -0.0026
vn 0.4575 0.6645 -0.5909
vn 0.4852 0.6494 -0.5855
vn 0.4175 0.5519 -0.7219
vn 0.4174 0.5515 -0.7222
vn 0.2995 0.3852 -0.8728
vn 0.2990 0.3822 -0.8744
vn 0.2125 0.2621 -0.9413
vn 0.2113 0.2563 -0.9432
vn 0.1326 0.1483 -0.9800
vn 0.1344 0.1386 -0.9812
vn 0.0782 0.0634 -0.9949
vn 0.0807 0.0528 -0.9953
vn 0.0534 0.0170 -0.9984
vn 0.0561 0.0072 -0.9984
vn 0.0442 -0.0081 -0.9990
vn 0.0454 -0.0180 -0.9988
vn 0.0416 -0.0213 -0.9989
vn 0.0406 -0.0228 -0.9989
vn 0.6430 0.7658 -0.0005
vn 0.6431 0.7658 -0.0029
vn 0.6430 0.7658 -0.0024
vn 0.6399 0.7602 -0.1119
vn 0.6373 0.7409 -0.2120
vn 0.6501 0.7596 -0.0196
vn 0.6500 0.7598 -0.0175
vn 0.6497 0.7589 -0.0428
vn 0.6495 0.7593 -0.0403
vn 0.6478 0.7558 -0.0955
vn 0.6472 0.7567 -0.0923
vn 0.6408 0.7461 -0.1807
vn 0.6404 0.7476 -0.1763
vn 0.6258 0.7263 -0.2842
vn 0.6257 0.7285 -0.2789
vn 0.5985 0.6914 -0.4047
vn 0.5990 0.6943 -0.3990
vn 0.5548 0.6368 -0.5354
vn 0.5559 0.6402 -0.5301
vn 0.4642 0.5246 -0.7137
vn 0.4649 0.5282 -0.7105
vn 0.3323 0.3650 -0.8697
vn 0.3326 0.3662 -0.8691
vn 0.2333 0.2455 -0.9409
vn 0.2328 0.2439 -0.9415
vn 0.1422 0.1349 -0.9806
vn 0.1426 0.1298 -0.9812
vn 0.0787 0.0538 -0.9954
vn 0.0796 0.0472 -0.9957
vn 0.0489 0.0111 -0.9987
vn 0.0501 0.0047 -0.9987
vn 0.0363 -0.0116 -0.9993
vn 0.0300 -0.0108 -0.9995
vn 0.5989 0.3913 -0.6987
vn 0.0524 0.2321 -0.9713
vn 0.0932 0.3309 -0.9390
vn -0.0478 0.4089 -0.9113
vn 0.2263 0.4688 -0.8538
vn 0.1758 0.4289 -0.8861
vn 0.2449 0.8074 -0.5368
vn 0.2340 0.8137 -0.5320
vn 0.3438 0.7266 -0.5948
vn -0.1851 0.9561 -0.2273
vn 0.1606 0.9034 -0.3975
vn 0.5815 0.6105 -0.5377
vn -0.3331 0.9387 -0.0886
vn 0.8806 0.3656 -0.3015
vn 0.0449 0.9513 -0.3050
vn -0.3647 0.9305 -0.0348
vn 0.5556 0.8167 -0.1562
vn 0.5470 0.8100 -0.2115
vn -0.6242 0.7813 0.0001
vn -0.3134 0.9496 -0.0044
vn 0.9923 -0.1164 -0.0425
vn 0.9911 -0.1176 -0.0616
vn -0.6176 0.7865 -0.0002
vn -0.6186 0.7857 -0.0002
vn -0.6162 0.7876 -0.0002
vn -0.4887 0.8724 -0.0032
vn -0.4614 0.8872 -0.0080
vn -0.4690 0.8831 -0.0129
vn -0.4335 0.9008 -0.0260
vn -0.4424 0.8950 -0.0570
vn -0.4669 0.8835 -0.0383
vn -0.4651 0.8849 -0.0263
vn -0.4450 0.8898 -0.1015
vn -0.4766 0.8758 -0.0763
vn -0.4696 0.8813 -0.0530
vn -0.5263 0.8367 -0.1513
vn -0.5110 0.8490 -0.1348
vn -0.4736 0.8686 -0.1456
vn -0.4966 0.8600 -0.1174
vn -0.4846 0.8696 -0.0946
vn -0.5398 0.8264 -0.1602
vn -0.5533 0.8157 -0.1687
vn -0.5788 0.7989 -0.1635
vn -0.0157 0.3786 -0.9254
vn -0.0354 0.3996 -0.9160
vn -0.1285 0.5021 -0.8552
vn -0.2529 0.6064 -0.7538
vn -0.2942 0.6467 -0.7037
vn -0.4534 0.7636 -0.4597
vn -0.4340 0.7484 -0.5016
vn -0.5641 0.8008 -0.2014
vn -0.5669 0.8052 -0.1740
vn -0.5531 0.8158 -0.1690
vn -0.3771 0.7922 -0.4799
vn -0.3774 0.7924 -0.4793
vn -0.2137 0.7085 -0.6726
vn -0.2143 0.7088 -0.6720
vn -0.0347 0.5741 -0.8180
vn -0.0352 0.5746 -0.8177
vn -0.0921 0.6216 -0.7779
vn 0.1300 0.3596 -0.9240
vn -0.5220 0.8378 -0.1598
vn -0.3029 0.8496 -0.4318
vn -0.3034 0.8497 -0.4312
vn -0.1099 0.7887 -0.6048
vn -0.1105 0.7891 -0.6043
vn 0.0912 0.6717 -0.7352
vn 0.0908 0.6721 -0.7348
vn -0.0592 0.7643 -0.6422
vn 0.1130 0.6260 -0.7716
vn 0.2548 0.8020 -0.5402
vn 0.3261 0.8557 -0.4018
vn 0.3257 0.8560 -0.4016
vn 0.3757 0.8958 -0.2375
vn 0.3753 0.8960 -0.2374
vn 0.3956 0.9122 -0.1063
vn 0.3954 0.9124 -0.1062
vn 0.3997 0.9163 -0.0231
vn 0.3580 0.9336 -0.0167
vn 0.0240 0.8958 -0.4439
vn 0.0239 0.8958 -0.4439
vn 0.0834 0.9401 -0.3305
vn 0.0828 0.9403 -0.3302
vn 0.1237 0.9729 -0.1952
vn 0.1231 0.9730 -0.1951
vn 0.1397 0.9863 -0.0873
vn 0.1394 0.9864 -0.0872
vn 0.1426 0.9895 -0.0213
vn -0.1157 0.9932 -0.0102
vn -0.1229 0.9924 -0.0090
vn -0.1254 0.9902 -0.0622
vn -0.1250 0.9902 -0.0622
vn -0.1368 0.9808 -0.1391
vn -0.1363 0.9808 -0.1392
vn -0.1654 0.9577 -0.2356
vn -0.1649 0.9577 -0.2359
vn -0.2231 0.9114 -0.3457
vn -0.3605 0.9078 -0.2144
vn -0.2452 0.8962 -0.3698
vn -0.0287 0.8545 -0.5186
vn 0.1907 0.7518 -0.6312
vn 0.1907 0.7519 -0.6311
vn 0.3839 0.6071 -0.6958
vn 0.2890 0.5673 -0.7711
vn -0.6166 0.7873 -0.0000
vn 0.7696 0.6027 -0.2108
vn 0.7739 0.6091 -0.1732
vn 0.6491 0.5051 -0.5688
vn 0.6767 0.5327 -0.5083
vn 0.5752 0.4504 -0.6829
vn 0.5217 0.4086 -0.7489
vn 0.4416 0.3427 -0.8292
vn 0.3799 0.2988 -0.8754
vn 0.2881 0.2256 -0.9307
vn 0.2182 0.1709 -0.9608
vn 0.1378 0.1050 -0.9849
vn 0.0824 0.0645 -0.9945
vn 0.7744 -0.6327 -0.0000
vn 0.7281 -0.6855 -0.0000
vn 0.7292 -0.6843 -0.0037
vn 0.7679 -0.6405 0.0017
vn 0.7616 -0.6480 0.0126
vn 0.7665 -0.6422 0.0064
vn 0.7686 -0.6397 0.0042
vn 0.7701 -0.6379 0.0030
vn 0.7717 -0.6360 0.0017
vn 0.7735 -0.6338 0.0006
vn 0.7930 -0.6093 -0.0000
vn 0.8166 -0.5770 -0.0155
vn 0.8281 -0.5606 -0.0000
vn 0.7777 -0.5975 0.1951
vn 0.7142 -0.6723 0.1949
vn 0.7141 -0.6723 0.1949
vn 0.6056 -0.5701 0.5553
vn 0.4047 -0.3810 0.8313
vn 0.1422 -0.1338 0.9808
vn 0.7532 -0.6282 0.1951
vn 0.7425 -0.5945 0.3086
vn 0.6492 -0.5198 0.5553
vn 0.4339 -0.3474 0.8313
vn 0.1524 -0.1220 0.9808
vn 0.8122 -0.5498 0.1949
vn 0.6887 -0.4662 0.5553
vn 0.4603 -0.3116 0.8313
vn 0.1617 -0.1094 0.9808
vn 0.8504 0.4891 0.1940
vn 0.6001 0.7758 0.1951
vn 0.1938 0.0364 0.9804
vn 0.5502 0.1033 0.8286
vn 0.8200 0.1539 0.5513
vn 0.9643 0.1810 0.1930
vn 0.1811 -0.0780 0.9804
vn 0.5141 -0.2215 0.8286
vn 0.7662 -0.3302 0.5513
vn 0.7083 0.6789 0.1934
vn 0.6903 0.6802 0.2466
vn 0.5943 0.5856 0.5513
vn 0.5942 0.5856 0.5513
vn 0.3987 0.3929 0.8286
vn 0.1404 0.1384 0.9804
vn 0.9131 0.3582 0.1949
vn 0.8409 0.4397 0.3155
vn 0.7393 0.3866 0.5513
vn 0.4961 0.2594 0.8286
vn 0.1747 0.0914 0.9804
vn 0.9015 -0.1498 0.4061
vn 0.9807 -0.0162 0.1948
vn 0.1960 -0.0218 0.9804
vn 0.5564 -0.0618 0.8286
vn 0.8292 -0.0921 0.5513
vn 0.9752 -0.1084 0.1930
vn 0.9011 -0.3883 0.1930
vn 0.4702 0.8825 -0.0087
vn 0.4163 0.9080 -0.0462
vn -0.0546 0.9972 -0.0504
vn 0.1001 0.9950 -0.0000
vn 0.2581 0.9661 -0.0000
vn -0.5129 0.8572 -0.0469
vn -0.4525 0.8917 -0.0037
vn -0.1474 0.9891 0.0034
vn -0.8530 0.5195 -0.0499
vn -0.7622 0.6473 -0.0000
vn -0.6488 0.7610 -0.0000
vn -0.9872 -0.1597 -0.0000
vn -0.9994 -0.0335 -0.0092
vn -0.9966 0.0623 -0.0545
vn -0.9828 0.1845 -0.0017
vn -0.8970 0.4421 0.0022
vn -0.9579 -0.2871 -0.0000
vn -0.9109 -0.4090 -0.0543
vn -0.8610 -0.5086 -0.0000
vn 0.8668 0.4986 -0.0000
vn 0.7919 0.6100 -0.0279
vn 0.7219 0.6920 -0.0000
vn 0.6119 0.7910 -0.0000
vn 0.9309 0.3652 -0.0000
vn 0.9827 0.1845 -0.0146
vn 0.9851 0.1709 -0.0195
vn 0.9184 -0.3958 -0.0000
vn 0.9512 -0.3076 -0.0268
vn 0.9865 -0.1639 -0.0000
vn 0.9999 -0.0165 -0.0000
vn -0.9630 0.2696 -0.0000
vn -0.2480 0.9688 -0.0000
vn 0.7150 0.6991 -0.0000
vn 0.9630 -0.2696 -0.0000
vn 0.2480 -0.9688 -0.0000
vn -0.7150 -0.6991 -0.0000
vn 0.6974 -0.7113 0.0880
vn 0.6877 -0.6993 0.1951
vn 0.0616 -0.0628 0.9961
vn 0.1376 -0.1383 0.9808
vn 0.1949 -0.1987 0.9605
vn 0.3247 -0.3312 0.8859
vn 0.3900 -0.3957 0.8315
vn 0.4408 -0.4495 0.7769
vn 0.5439 -0.5548 0.6296
vn 0.5832 -0.5927 0.5556
vn 0.6202 -0.6326 0.4638
vn 0.6725 -0.6858 0.2784
vn 0.7000 -0.7142 0.0001
vn 0.7001 -0.7141 -0.0000
vn 0.7000 -0.7142 0.0002
vn 0.7001 -0.7140 -0.0000
vn 0.6995 -0.7146 -0.0001
vn 0.6991 -0.7151 -0.0002
vn 0.7008 -0.7134 0.0004
vn 0.7022 -0.7120 0.0012
vn 0.7004 -0.7138 0.0008
vn 0.7000 -0.7141 -0.0003
vn 0.4981 -0.8592 0.1170
vn -0.3857 -0.9212 0.0507
vn 0.6791 -0.7341 0.0015
vn 0.6494 -0.7603 0.0138
vn 0.6029 -0.7978 0.0043
vn 0.4831 -0.8755 0.0089
vn 0.4551 -0.8904 0.0014
vn 0.2785 -0.9602 0.0226
vn 0.2420 -0.9701 0.0171
vn 0.0269 -0.9994 0.0226
vn -0.0067 -0.9999 0.0150
vn -0.1934 -0.9806 0.0328
vn -0.2201 -0.9751 0.0284
vn -0.3700 -0.9285 0.0306
vn -0.3876 -0.9217 0.0141
vn -0.3371 -0.9303 0.1445
vn -0.3852 -0.9174 0.0998
vn -0.3870 -0.9194 0.0707
vn -0.4094 -0.8485 0.3353
vn -0.3937 -0.8786 0.2701
vn -0.3653 -0.8971 0.2485
vn 0.0428 -0.9794 0.1972
vn -0.1549 -0.9602 0.2325
vn -0.1766 -0.9575 0.2281
vn -0.2764 -0.9282 0.2492
vn -0.3649 -0.8973 0.2486
vn 0.1426 -0.9503 0.2767
vn 0.2913 -0.9431 0.1605
vn 0.3642 -0.9161 0.1675
vn 0.3985 -0.8809 0.2553
vn 0.4214 -0.8749 0.2385
vn 0.5012 -0.8458 0.1830
vn 0.6950 -0.7190 0.0066
vn 0.6993 -0.7148 0.0014
vn 0.6614 -0.7486 0.0472
vn 0.6602 -0.7497 0.0467
vn 0.6591 -0.7511 0.0384
vn 0.6557 -0.7544 0.0307
vn 0.6564 -0.7539 0.0283
vn 0.6539 -0.7564 0.0186
vn 0.6534 -0.7567 0.0198
vn 0.4896 -0.8685 0.0771
vn 0.4877 -0.8694 0.0789
vn 0.2892 -0.9476 0.1357
vn 0.2852 -0.9484 0.1388
vn 0.0351 -0.9800 0.1958
vn 0.0144 -0.9928 0.1190
vn -0.1421 -0.6255 0.7672
vn 0.6823 -0.7309 0.0141
vn 0.6477 -0.7618 0.0120
vn 0.6154 -0.7881 -0.0099
vn 0.6107 -0.7705 0.1825
vn 0.5584 -0.8181 0.1375
vn 0.5139 -0.8416 0.1662
vn 0.4940 -0.8609 0.1218
vn 0.3895 -0.9053 0.1697
vn 0.4581 -0.8772 0.1434
vn 0.6502 -0.7597 0.0120
vn 0.6524 -0.7578 0.0099
vn 0.4848 -0.8738 0.0394
vn 0.4833 -0.8746 0.0401
vn 0.2811 -0.9572 0.0696
vn 0.2780 -0.9580 0.0708
vn 0.0313 -0.9945 0.0998
vn 0.0265 -0.9945 0.1014
vn -0.1882 -0.9746 0.1211
vn -0.1940 -0.9733 0.1230
vn -0.3554 -0.9250 0.1341
vn -0.3861 -0.9001 0.2018
vn 0.7062 -0.6828 0.1870
vn 0.5319 -0.3677 0.7628
vn 0.6497 -0.5626 0.5113
vn 0.6657 -0.5611 0.4919
vn 0.6956 -0.6976 0.1714
vn 0.7077 -0.6860 0.1688
vn 0.7159 -0.6740 0.1822
vn 0.6355 -0.5625 0.5289
vn 0.6721 -0.5547 0.4905
vn 0.4837 -0.3569 0.7992
vn 0.5452 -0.3545 0.7597
vn 0.4231 -0.2470 0.8718
vn 0.3199 -0.3421 0.8835
vn 0.5315 -0.3561 0.7686
vn 0.7046 -0.6994 0.1200
vn 0.6875 -0.7159 0.1222
vn 0.7052 -0.6847 0.1844
vn 0.6899 -0.6124 0.3861
vn 0.5514 -0.5102 0.6600
vn 0.6670 -0.5312 0.5225
vn 0.4026 -0.2601 0.8777
vn 0.7090 -0.6898 0.1463
vn 0.6558 -0.6139 0.4393
vn 0.6830 -0.6192 0.3873
vn 0.5477 -0.4625 0.6972
vn 0.5859 -0.4773 0.6549
vn 0.4237 -0.3058 0.8526
vn 0.4187 -0.3105 0.8534
vn 0.4993 -0.3417 0.7962
vn 0.4252 -0.2391 0.8729
vn 0.4069 -0.2301 0.8840
vn 0.3826 -0.2205 0.8972
vn 0.3628 -0.2203 0.9054
vn 0.1983 -0.0876 0.9762
vn 0.3835 -0.1834 0.9052
vn 0.2721 -0.1480 0.9508
vn 0.3327 -0.1455 0.9317
vn 0.1997 -0.0876 0.9759
vn 0.0933 -0.0454 0.9946
vn 0.4305 -0.0082 0.9026
vn 0.4485 -0.0034 0.8938
vn 0.4462 0.0003 0.8949
vn 0.1460 -0.0087 0.9892
vn 0.1288 -0.0122 0.9916
vn 0.1291 -0.0126 0.9915
vn 0.1287 -0.0170 0.9915
vn 0.1232 -0.0149 0.9923
vn 0.1223 -0.0214 0.9923
vn 0.1173 -0.0193 0.9929
vn 0.0999 -0.0411 0.9941
vn 0.1023 -0.0351 0.9941
vn 0.1058 -0.0370 0.9937
vn 0.1078 -0.0300 0.9937
vn 0.1044 -0.0257 0.9942
vn 0.1133 -0.0262 0.9932
vn 0.1167 -0.0225 0.9929
vn 0.4302 -0.0175 0.9026
vn 0.1444 -0.0083 0.9895
vn 0.1445 -0.0034 0.9895
vn 0.1469 -0.0029 0.9891
vn 0.1517 -0.0009 0.9884
vn 0.4273 -0.0182 0.9039
vn 0.4111 -0.0274 0.9112
vn 0.4169 -0.0320 0.9084
vn 0.4016 -0.0379 0.9150
vn 0.4007 -0.0468 0.9150
vn 0.3737 -0.0525 0.9261
vn 0.3876 -0.0622 0.9197
vn 0.3769 -0.0697 0.9236
vn 0.3736 -0.0869 0.9235
vn 0.3887 -0.0872 0.9172
vn 0.3579 -0.0981 0.9286
vn 0.3555 -0.1034 0.9289
vn 0.3508 -0.1195 0.9288
vn 0.3580 -0.1201 0.9260
vn 0.3377 -0.1333 0.9318
vn 0.3112 0.3506 0.8833
vn 0.6036 0.7171 0.3483
vn 0.6223 0.7781 0.0856
vn 0.6306 0.5066 0.5880
vn 0.5770 0.5478 0.6058
vn 0.4218 0.4735 0.7732
vn 0.4626 0.5656 0.6827
vn 0.4240 0.4504 0.7857
vn 0.5677 0.6349 0.5240
vn 0.5925 0.7513 0.2906
vn 0.6124 0.7667 0.1927
vn 0.6089 0.7743 0.1727
vn 0.6567 0.2922 0.6953
vn 0.5780 0.1403 0.8039
vn 0.6258 0.4166 0.6594
vn 0.4603 0.0191 0.8876
vn 0.3100 0.1342 0.9412
vn 0.3477 0.2201 0.9114
vn 0.1029 0.0662 0.9925
vn 0.6254 0.7757 0.0845
vn 0.6380 0.7511 0.1697
vn 0.6731 0.6638 0.3259
vn 0.6728 0.6555 0.3430
vn 0.6256 0.4424 0.6426
vn 0.7047 0.5605 0.4351
vn 0.6772 0.4356 0.5931
vn 0.6577 0.2936 0.6937
vn 0.5589 0.3680 0.7431
vn 0.5491 0.2829 0.7864
vn 0.4445 0.3616 0.8195
vn 0.4260 0.2763 0.8615
vn 0.3198 0.3563 0.8779
vn 0.2313 0.2059 0.9508
vn 0.7053 0.6323 0.3207
vn 0.6527 0.7471 0.1256
vn 0.6590 0.7395 0.1375
vn 0.6617 0.7340 0.1531
vn 0.6426 0.1260 0.7557
vn 0.7161 0.5521 0.4271
vn 0.7151 0.5903 0.3746
vn 0.7153 0.4082 0.5673
vn 0.7085 0.3740 0.5985
vn 0.6888 0.2687 0.6733
vn 0.6302 0.1048 0.7693
vn 0.6297 0.1029 0.7700
vn 0.7816 0.0106 0.6237
vn 0.7537 0.0012 0.6572
vn 0.6392 0.0934 0.7634
vn 0.6442 0.0703 0.7616
vn 0.6139 0.0039 0.7894
vn 0.6214 0.0099 0.7835
vn 0.6273 0.0154 0.7786
vn 0.6544 0.1171 0.7470
vn 0.7263 0.3604 0.5853
vn 0.7248 0.3024 0.6191
vn 0.7391 0.5715 0.3565
vn 0.7533 0.5210 0.4013
vn 0.6832 0.7230 0.1027
vn 0.7110 0.6867 0.1515
vn 0.7530 0.0889 0.6520
vn 0.7208 0.0595 0.6906
vn 0.7268 0.0308 0.6862
vn 0.7237 0.0287 0.6896
vn 0.7264 0.0094 0.6872
vn 0.9684 -0.0201 0.2484
vn 0.9935 0.0211 0.1117
vn 0.9756 0.1127 0.1885
vn 0.9802 0.1263 0.1526
vn 0.9626 0.2322 0.1395
vn 0.9392 0.3339 -0.0802
vn 0.9366 0.3267 0.1269
vn 0.9754 -0.0346 0.2179
vn 0.8975 -0.0532 0.4378
vn 0.9003 0.0156 0.4351
vn 0.9008 0.0159 0.4340
vn 0.8954 0.0804 0.4378
vn 0.9003 0.0855 0.4268
vn 0.8810 0.1737 0.4401
vn 0.8962 0.1973 0.3974
vn 0.8568 0.2868 0.4286
vn 0.7390 0.1200 0.6629
vn 0.7547 0.1502 0.6386
vn 0.6261 0.0181 0.7795
vn 0.7093 0.1095 0.6964
vn 0.8363 0.5447 0.0627
vn 0.6398 0.0427 0.7674
vn 0.7548 0.2089 0.6218
vn 0.7422 0.1707 0.6480
vn 0.8371 0.3897 0.3839
vn 0.8246 0.2603 0.5023
vn 0.8280 0.5549 -0.0806
vn 0.8911 0.4245 0.1604
vn 0.6524 0.0805 0.7536
vn 0.7471 0.2806 0.6026
vn 0.7378 0.2306 0.6345
vn 0.7959 0.4794 0.3698
vn 0.8009 0.4357 0.4108
vn 0.7695 0.6293 0.1083
vn 0.8120 0.5393 0.2231
vn 0.6510 0.7591 -0.0000
vn 0.6652 0.7466 0.0082
vn 0.7563 0.6541 -0.0096
vn 0.7694 0.6388 0.0003
vn 0.8215 0.5702 -0.0000
vn 0.8220 0.5695 -0.0000
vn 0.8725 0.4886 -0.0002
vn 0.9185 0.3911 0.0575
vn 0.9336 0.3568 0.0320
vn 0.9643 0.2647 0.0002
vn 0.9907 0.1358 -0.0002
vn 0.9984 0.0447 0.0351
vn 0.9995 -0.0301 -0.0000
vn -0.3736 -0.9276 -0.0000
vn -0.8546 0.4951 -0.1568
vn -0.9637 -0.2637 -0.0404
vn -0.9903 -0.1382 0.0109
vn -0.9985 -0.0542 -0.0015
vn -0.7724 -0.6345 -0.0292
vn -0.8681 -0.4964 0.0066
vn -0.8894 -0.4572 -0.0000
vn -0.9138 -0.4062 -0.0000
vn -0.9495 -0.3136 -0.0129
vn -0.4940 -0.8695 -0.0000
vn -0.4680 -0.8836 -0.0180
vn -0.6252 -0.7804 0.0074
vn -0.6401 -0.7682 0.0122
vn -0.7733 -0.6333 -0.0301
vn -0.9982 0.0594 0.0053
vn -0.9746 0.2077 -0.0841
vn -0.9882 0.1529 -0.0046
vn -0.9379 0.3468 0.0009
vn -0.8958 0.4434 -0.0299
vn -0.2355 0.8177 -0.5253
vn -0.8671 -0.0471 -0.4959
vn -0.8605 0.1021 -0.4991
vn -0.8407 -0.2301 -0.4902
vn -0.8292 -0.2541 -0.4978
vn -0.7723 -0.3970 -0.4960
vn -0.6736 -0.5534 -0.4899
vn -0.6568 -0.5676 -0.4964
vn -0.5429 -0.6777 -0.4960
vn -0.4298 -0.7566 -0.4928
vn -0.5023 0.6966 -0.5123
vn -0.8612 0.1332 -0.4906
vn -0.7549 0.4374 -0.4887
vn -0.7500 0.4430 -0.4911
vn -0.6072 0.6219 -0.4946
vn -0.5394 0.6748 -0.5037
vn -0.4893 0.7029 -0.5162
vn -0.4873 0.7037 -0.5170
vn -0.5002 0.6978 -0.5128
vn -0.4373 0.7463 -0.5018
vn -0.3081 0.8172 -0.4872
vn -0.3243 -0.8054 -0.4961
vn -0.6597 0.7515 -0.0000
vn -0.2299 -0.3011 -0.9255
vn -0.3886 -0.4481 -0.8051
vn -0.6652 -0.6710 -0.3276
vn -0.6838 -0.6865 -0.2473
vn -0.7024 -0.6993 -0.1323
vn -0.6968 -0.6959 -0.1735
vn -0.6935 -0.6952 -0.1890
vn -0.6776 -0.6885 -0.2586
vn -0.6562 -0.6652 -0.3563
vn -0.6178 -0.6372 -0.4607
vn -0.5978 -0.6254 -0.5015
vn -0.6004 -0.6277 -0.4955
vn -0.5537 -0.5826 -0.5950
vn -0.6032 -0.6276 -0.4922
vn -0.5134 -0.4919 -0.7031
vn -0.4408 -0.4942 -0.7493
vn -0.4825 -0.5271 -0.6995
vn -0.4842 -0.5283 -0.6974
vn -0.5214 -0.5607 -0.6433
vn -0.5517 -0.5842 -0.5953
vn -0.5859 -0.6140 -0.5290
vn -0.3422 -0.3997 -0.8503
vn -0.3890 -0.4539 -0.8017
vn -0.2923 -0.3601 -0.8860
vn -0.2911 -0.3682 -0.8830
vn -0.2481 -0.3109 -0.9175
vn -0.2675 -0.3338 -0.9039
vn -0.2217 -0.2922 -0.9303
vn -0.7034 -0.7014 -0.1148
vn -0.7050 -0.7043 -0.0834
vn -0.7073 -0.7053 -0.0484
vn -0.7075 -0.7045 -0.0556
vn -0.7074 -0.7068 -0.0043
vn -0.7078 -0.7061 -0.0199
vn -0.7083 -0.7059 0.0026
vn -0.4665 0.5314 -0.7071
vn -0.5397 0.4653 -0.7016
vn 0.4573 -0.5411 -0.7058
vn 0.3588 -0.5827 -0.7292
vn 0.3187 -0.6357 -0.7031
vn 0.1595 -0.6903 -0.7057
vn 0.0532 -0.6821 -0.7293
vn -0.0070 -0.7110 -0.7031
vn -0.1736 -0.6869 -0.7057
vn -0.2640 -0.6311 -0.7294
vn -0.3312 -0.6292 -0.7032
vn -0.4683 -0.5317 -0.7057
vn -0.5229 -0.4410 -0.7295
vn -0.5821 -0.4083 -0.7032
vn -0.6595 -0.2589 -0.7057
vn -0.6664 -0.1537 -0.7295
vn -0.5430 0.4619 -0.7013
vn -0.5440 0.4655 -0.6982
vn -0.6708 0.2355 -0.7033
vn -0.6630 0.1674 -0.7296
vn -0.7050 0.0712 -0.7057
vn -0.7043 -0.0971 -0.7032
vn -0.7617 0.6479 -0.0000
vn -0.6996 0.7142 -0.0204
vn -0.9433 0.3312 0.0220
vn -0.9096 0.4155 -0.0000
vn -0.9949 0.1004 -0.0000
vn -0.9988 -0.0467 0.0136
vn -0.9906 -0.1366 -0.0000
vn -0.9309 -0.3654 -0.0000
vn -0.8667 -0.4986 0.0136
vn -0.8187 -0.5742 -0.0000
vn -0.6610 -0.7504 -0.0000
vn -0.5426 -0.8399 0.0135
vn -0.4658 -0.8849 -0.0000
vn -0.2450 -0.9695 -0.0000
vn -0.0981 -0.9951 0.0135
vn -0.0099 -1.0000 -0.0000
vn 0.2252 -0.9743 -0.0000
vn 0.3681 -0.9297 0.0135
vn 0.4482 -0.8939 -0.0000
vn 0.7527 -0.6583 -0.0000
vn 0.9762 -0.0116 0.2166
vn 0.9902 -0.1399 -0.0040
vn 0.9246 -0.3807 0.0139
vn 0.9550 -0.2965 -0.0040
vn 0.7954 -0.6060 0.0030
vn 0.6451 -0.7632 0.0363
vn 0.9980 -0.0633 -0.0000
vn 0.9980 -0.0634 -0.0000
vn 0.9938 0.1108 -0.0000
vn 0.9757 0.1088 0.1904
vn 0.9796 -0.0622 0.1913
vn 0.8949 0.0478 0.4437
vn 0.8374 0.0447 0.5448
vn 0.5636 0.0301 0.8255
vn 0.1782 0.0095 0.9840
vn 0.1986 0.0079 0.9801
vn 0.3697 0.0197 0.9290
vn 0.1829 0.0472 0.9820
vn 0.1700 0.0450 0.9844
vn 0.3540 0.0913 0.9308
vn 0.5399 0.1400 0.8300
vn 0.5408 0.1401 0.8294
vn 0.8085 0.2080 0.5505
vn 0.8223 0.2138 0.5274
vn 0.9508 0.2436 0.1916
vn 0.9541 0.2462 0.1703
vn -0.0338 -0.9994 -0.0000
vn 0.6047 0.6286 0.4891
vn 0.0869 -0.9900 0.1113
vn 0.0766 -0.9915 0.1049
vn 0.6287 0.5290 0.5700
vn 0.6285 0.5860 0.5115
vn 0.6540 0.5309 0.5390
vn 0.7514 0.2736 0.6004
vn 0.6923 0.4077 0.5954
vn 0.7703 -0.0682 0.6340
vn 0.7640 -0.0186 0.6450
vn 0.0868 -0.9907 0.1045
vn 0.1472 -0.9801 0.1335
vn 0.4192 -0.8068 0.4163
vn 0.7018 -0.3676 0.6102
vn 0.6944 -0.3844 0.6083
vn 0.6117 -0.5838 0.5339
vn 0.5550 -0.6598 0.5067
vn 0.3586 -0.8838 0.3004
vn 0.3331 -0.8835 0.3293
vn 0.2551 -0.9280 0.2717
vn 0.6654 -0.3832 0.6406
vn 0.5589 -0.6255 0.5445
vn 0.5417 -0.6593 0.5215
vn 0.4666 -0.7527 0.4645
vn 0.3788 -0.8428 0.3825
vn 0.6341 0.5133 0.5783
vn 0.7106 0.2558 0.6555
vn 0.7043 0.2756 0.6542
vn 0.7289 -0.0335 0.6838
vn 0.7303 -0.0667 0.6798
vn 0.7089 -0.2092 0.6736
vn 0.6616 -0.4020 0.6330
vn 0.1654 -0.9814 0.0979
vn 0.1132 -0.9901 0.0824
vn 0.4230 -0.8797 0.2171
vn 0.4994 -0.8248 0.2653
vn 0.6797 -0.6502 0.3395
vn 0.7065 -0.6109 0.3573
vn 0.8437 -0.3352 0.4194
vn 0.8210 -0.4101 0.3972
vn 0.8915 0.0247 0.4523
vn 0.8971 -0.0817 0.4343
vn 0.8657 -0.3360 0.3709
vn 0.9196 -0.0543 0.3891
vn 0.9166 0.0238 0.3991
vn 0.9092 0.1833 0.3738
vn 0.8487 0.3837 0.3640
vn 0.8363 0.4183 0.3546
vn 0.6931 -0.6508 0.3099
vn 0.7479 -0.5856 0.3126
vn 0.8755 -0.2862 0.3894
vn 0.0993 -0.9931 0.0626
vn 0.3201 -0.9360 0.1466
vn 0.4277 -0.8799 0.2073
vn 0.5116 -0.8293 0.2246
vn 0.6144 -0.7406 0.2719
vn 0.8577 0.3135 0.4075
vn 0.8366 0.3689 0.4049
vn 0.8563 0.3515 0.3785
vn 0.9119 0.0239 0.4096
vn 0.8569 -0.3358 0.3912
vn 0.8569 -0.3357 0.3913
vn 0.6885 -0.6505 0.3207
vn 0.6884 -0.6505 0.3207
vn 0.4278 -0.8799 0.2068
vn 0.1203 -0.9903 0.0697
vn 0.1144 -0.9913 0.0649
vn 0.7479 -0.5003 0.4363
vn 0.8606 -0.2226 0.4580
vn 0.8512 -0.2854 0.4404
vn 0.8427 0.3814 0.3800
vn 0.0068 -0.4218 0.9066
vn 0.8266 0.4157 0.3794
vn 0.7900 0.4638 0.4009
vn 0.7754 0.5375 0.3314
vn 0.7207 0.2854 0.6317
vn 0.7589 0.3423 0.5540
vn 0.7824 0.4421 0.4387
vn 0.5138 0.0769 0.8544
vn 0.1149 -0.3643 0.9242
vn 0.1985 -0.2974 0.9339
vn 0.2044 -0.2910 0.9346
vn 0.3114 -0.2260 0.9230
vn 0.4315 -0.0992 0.8966
vn 0.3420 -0.4594 0.8197
vn 0.1970 -0.5509 0.8110
vn 0.1453 -0.5983 0.7880
vn -0.2092 -0.7330 0.6472
vn 0.5912 -0.1654 0.7894
vn 0.6948 -0.0354 0.7183
vn 0.7611 0.2438 0.6011
vn 0.7618 0.0460 0.6462
vn 0.7849 0.4690 0.4049
vn 0.8300 0.2794 0.4827
vn 0.8943 -0.0549 0.4441
vn 0.9072 0.0629 0.4161
vn 0.8935 0.1822 0.4104
vn 0.8614 0.3709 0.3470
vn 0.8414 0.4187 0.3417
vn 0.2117 -0.9248 0.3162
vn 0.1089 -0.9450 0.3085
vn 0.2454 -0.8866 0.3921
vn 0.3231 -0.8629 0.3887
vn 0.5189 -0.6965 0.4956
vn 0.0148 -0.7595 0.6504
vn 0.3866 -0.5494 0.7407
vn 0.2303 -0.7014 0.6745
vn 0.3157 -0.6725 0.6694
vn 0.4934 -0.4662 0.7343
vn 0.4047 -0.3806 0.8315
vn 0.5359 -0.2666 0.8011
vn 0.4479 -0.1615 0.8794
vn 0.5915 0.0807 0.8022
vn 0.6153 0.1029 0.7815
vn 0.6931 0.1944 0.6942
vn 0.6833 -0.5764 0.4482
vn 0.5641 -0.7308 0.3844
vn 0.4283 -0.8509 0.3041
vn 0.4817 -0.8244 0.2971
vn 0.3280 -0.9209 0.2108
vn 0.2944 -0.9315 0.2134
vn 0.0743 -0.9885 0.1317
vn 0.8066 0.4787 0.3467
vn 0.7961 0.4939 0.3497
vn 0.8531 0.2584 0.4533
vn 0.8338 0.1046 0.5421
vn 0.8227 -0.0106 0.5683
vn 0.7578 -0.1621 0.6321
vn 0.7164 -0.2817 0.6383
vn 0.6130 -0.4166 0.6713
vn 0.4369 -0.6594 0.6119
vn 0.4519 -0.6519 0.6090
vn 0.3188 -0.7776 0.5420
vn 0.2361 -0.8043 0.5454
vn 0.0954 -0.8839 0.4578
vn 0.0313 -0.8917 0.4516
vn 0.1704 -0.0320 0.9849
vn 0.0078 -0.2468 0.9690
vn 0.5228 0.0920 0.8475
vn 0.3438 0.0079 0.9390
vn 0.1427 -0.1558 0.9774
vn 0.2726 -0.1804 0.9451
vn 0.1123 -0.2007 0.9732
vn 0.8024 0.4132 0.4306
vn 0.7600 0.3408 0.5534
vn 0.7456 0.2822 0.6037
vn 0.6443 0.2626 0.7183
vn 0.5673 0.1679 0.8062
vn 0.9309 0.3080 0.1964
vn 0.8440 0.4401 0.3065
vn 0.8437 0.4440 0.3016
vn 0.9084 0.3263 0.2613
vn 0.7797 0.2089 0.5903
vn 0.7849 0.2580 0.5634
vn 0.4783 0.0456 0.8770
vn 0.5132 0.0777 0.8547
vn 0.1846 0.0399 0.9820
vn 0.1681 -0.0229 0.9855
vn 0.9510 0.2577 0.1709
vn 0.1799 -0.0417 0.9828
vn 0.5459 0.1168 0.8297
vn 0.5339 0.0531 0.8439
vn 0.8225 0.2131 0.5274
vn 0.8193 0.1543 0.5522
vn 0.9454 0.2721 0.1796
vn 0.9507 0.2473 0.1871
vn -0.0333 -0.9845 0.1723
vn -0.0292 -0.9804 0.1951
vn -0.0320 -0.9126 0.4076
vn -0.0212 -0.8312 0.5556
vn -0.0114 -0.5555 0.8315
vn -0.0183 -0.6120 0.7906
vn -0.0302 -0.7845 0.6193
vn -0.0010 -0.0291 0.9996
vn -0.0019 -0.0866 0.9962
vn -0.0015 -0.1650 0.9863
vn -0.0003 -0.1952 0.9808
vn -0.0065 -0.2620 0.9650
vn -0.0179 -0.4437 0.8960
vn 0.1940 -0.9624 0.1900
vn 0.0396 -0.1963 0.9797
vn 0.1235 -0.1577 0.9797
vn 0.1811 -0.0855 0.9797
vn 0.2002 0.0049 0.9797
vn 0.1767 0.0942 0.9797
vn 0.1156 0.1635 0.9797
vn 0.1157 0.1635 0.9797
vn 0.1119 -0.5549 0.8243
vn 0.3490 -0.4457 0.8244
vn 0.3490 -0.4457 0.8243
vn 0.5119 -0.2416 0.8243
vn 0.5659 0.0138 0.8244
vn 0.4995 0.2663 0.8243
vn 0.3269 0.4622 0.8243
vn 0.3269 0.4622 0.8244
vn 0.1657 -0.8218 0.5451
vn 0.5169 -0.6601 0.5451
vn 0.7581 -0.3579 0.5451
vn 0.7582 -0.3579 0.5451
vn 0.8381 0.0205 0.5451
vn 0.8381 0.0204 0.5451
vn 0.7398 0.3944 0.5451
vn 0.4841 0.6845 0.5451
vn 0.5669 0.8016 0.1900
vn 0.8663 0.4619 0.1900
vn 0.9815 0.0239 0.1900
vn 0.8878 -0.4191 0.1900
vn 0.7520 -0.6296 0.1950
vn 0.5899 -0.7533 0.2910
vn 0.5871 -0.7867 0.1910
vn 0.0343 0.0851 0.9958
vn 0.0764 0.1796 0.9808
vn 0.1240 0.3141 0.9412
vn 0.2104 0.5142 0.8315
vn 0.2247 0.5578 0.7990
vn 0.2899 0.7200 0.6305
vn 0.3140 0.7699 0.5556
vn 0.3307 0.8215 0.4646
vn 0.3617 0.8978 0.2511
vn 0.3692 0.9086 0.1951
vn 0.3729 0.9260 0.0594
vn 0.5000 0.4862 0.7167
vn 0.5878 0.7889 0.1792
vn 0.4367 0.8655 0.2456
vn 0.5381 0.8411 0.0545
vn 0.0323 0.7575 0.6521
vn 0.4197 0.7889 0.4488
vn 0.4313 0.8686 0.2440
vn 0.2717 0.2974 0.9153
vn 0.2300 0.0229 0.9729
vn 0.1854 0.0753 0.9798
vn 0.8355 -0.0529 0.5470
vn 0.8294 -0.0407 0.5572
vn 0.9808 -0.0841 0.1757
vn 0.9943 -0.0553 0.0911
vn 0.9820 -0.0839 0.1693
vn 0.9327 -0.0635 0.3550
vn 0.9978 0.0239 0.0611
vn 0.9396 0.3404 0.0367
vn 0.9943 0.0859 0.0632
vn 0.9960 -0.0890 0.0024
vn 0.5656 0.6503 0.5072
vn 0.5246 0.6807 0.5112
vn 0.3624 0.7485 0.5553
vn 0.3437 0.6101 0.7139
vn 0.4216 0.5118 0.7485
vn 0.3303 0.3716 0.8676
vn 0.4051 0.1869 0.8949
vn 0.8242 0.5489 0.1393
vn 0.9746 0.2143 0.0654
vn 0.9663 0.1526 0.2071
vn 0.9972 -0.0669 0.0325
vn 0.9924 -0.0229 0.1205
vn 0.8955 0.0262 0.4442
vn 0.9041 0.1060 0.4139
vn 0.9008 0.1167 0.4182
vn 0.9456 0.1317 0.2975
vn 0.9520 0.2120 0.2207
vn 0.6915 0.7040 0.1617
vn 0.8007 0.5855 0.1267
vn 0.7887 0.4784 0.3861
vn 0.7518 0.4966 0.4337
vn 0.7389 0.3674 0.5649
vn 0.7086 0.3542 0.6102
vn 0.6963 0.2655 0.6669
vn 0.6594 0.2410 0.7121
vn 0.6457 0.1429 0.7501
vn 0.6034 0.1081 0.7901
vn 0.5911 0.0178 0.8064
vn 0.5386 -0.0352 0.8418
vn 0.9927 -0.1208 -0.0000
vn 0.9927 -0.1207 -0.0000
vn 0.1948 -0.0237 0.9806
vn 0.9772 -0.1189 0.1758
vn 0.9744 -0.1179 0.1916
vn 0.9278 -0.1129 0.3555
vn 0.8286 -0.1011 0.5506
vn 0.8306 -0.1011 0.5476
vn 0.5544 -0.0673 0.8295
vn 0.5351 -0.0660 0.8422
vn 0.1746 -0.0203 0.9844
vn 0.9683 0.2498 -0.0000
vn 0.9340 0.3573 -0.0014
vn 0.9342 0.3568 0.0023
vn 0.9602 0.2786 -0.0180
vn 0.9608 0.2766 -0.0196
vn 0.9474 0.3199 -0.0060
vn 0.9435 0.3314 -0.0030
vn 0.9614 0.2751 -0.0054
vn 0.9543 0.2988 -0.0107
vn 0.9630 0.2684 -0.0240
vn 0.9330 0.3598 -0.0004
vn 0.9340 0.3573 -0.0013
vn 0.8875 0.4608 0.0053
vn 0.8770 0.4799 0.0235
vn 0.8182 0.5563 0.1449
vn 0.8651 0.4851 0.1274
vn 0.9121 0.4024 0.0787
vn 0.8819 0.4529 0.1310
vn 0.8477 0.4929 0.1961
vn 0.9012 0.4287 0.0634
vn 0.9057 0.4212 0.0484
vn 0.8987 0.4366 0.0427
vn 0.9124 0.4086 0.0227
vn 0.8852 0.4641 0.0324
vn 0.8845 0.4659 0.0241
vn 0.8811 0.4723 0.0223
vn 0.8952 0.4456 0.0111
vn 0.9022 0.4311 0.0140
vn 0.8920 0.4520 0.0030
vn 0.9161 0.4008 0.0072
vn 0.8920 0.4512 0.0278
vn 0.2473 0.9179 0.3103
vn 0.8459 0.5260 0.0884
vn 0.8358 0.5341 0.1274
vn 0.9098 0.4123 0.0475
vn 0.9149 0.3969 0.0741
vn 0.9324 0.3584 0.0463
vn 0.7888 0.6124 0.0517
vn 0.7906 0.5562 0.2561
vn 0.7788 0.5343 0.3287
vn 0.7521 0.5585 0.3500
vn 0.8012 0.4633 0.3787
vn 0.7994 0.4670 0.3779
vn 0.7891 0.5583 0.2563
vn 0.7938 0.5255 0.3062
vn 0.7978 0.5246 0.2972
vn 0.7988 0.5246 0.2943
vn 0.8069 0.5284 0.2642
vn 0.8037 0.5541 0.2170
vn 0.8100 0.5413 0.2255
vn 0.8195 0.5462 0.1737
vn 0.8180 0.5510 0.1651
vn 0.8254 0.5472 0.1389
vn 0.8093 0.5774 0.1076
vn 0.8164 0.5684 0.1016
vn 0.8279 0.5576 0.0604
vn 0.7070 0.7070 0.0198
vn 0.4605 0.5100 0.7265
vn 0.5464 0.5814 0.6029
vn 0.5339 0.5683 0.6261
vn 0.4469 0.4998 0.7419
vn 0.4672 0.5181 0.7165
vn 0.4879 0.5374 0.6879
vn 0.2502 0.3216 0.9132
vn 0.2848 0.3779 0.8810
vn 0.3015 0.4093 0.8612
vn 0.2690 0.3383 0.9018
vn 0.4227 0.4790 0.7693
vn 0.4166 0.4739 0.7758
vn 0.4019 0.4612 0.7910
vn 0.3593 0.4252 0.8307
vn 0.3655 0.4318 0.8246
vn 0.2709 0.3395 0.9007
vn 0.2757 0.3467 0.8966
vn 0.5339 0.5683 0.6262
vn 0.6182 0.6387 0.4581
vn 0.6079 0.6268 0.4874
vn 0.7074 0.7046 0.0565
vn 0.7043 0.7039 0.0918
vn 0.7035 0.7002 0.1218
vn 0.6913 0.6931 0.2044
vn 0.6909 0.6925 0.2074
vn 0.6625 0.6683 0.3382
vn 0.6690 0.6776 0.3054
vn 0.6491 0.6609 0.3768
vn 0.7077 0.7057 0.0326
vn 0.7077 0.7060 0.0258
vn 0.7077 0.7061 0.0250
vn 0.7090 0.7051 0.0106
vn 0.7788 0.5288 0.3373
vn 0.5623 0.5872 0.5822
vn 0.6085 0.6528 0.4513
vn 0.5065 0.7347 0.4513
vn 0.5542 0.7034 0.4452
vn 0.4520 0.6672 0.5920
vn 0.5489 0.6067 0.5750
vn 0.6469 0.6089 0.4591
vn 0.6744 0.5843 0.4513
vn 0.6536 0.6563 0.3769
vn 0.6573 0.6748 0.3355
vn 0.6281 0.7164 0.3037
vn 0.7423 0.6227 0.2474
vn 0.6071 0.7678 0.2046
vn 0.1819 0.3919 0.9019
vn 0.2386 0.3100 0.9203
vn 0.6895 -0.2084 0.6937
vn 0.7073 -0.0328 0.7062
vn 0.8075 -0.5861 -0.0664
vn 0.9157 -0.2452 0.3184
vn 0.9241 -0.3793 -0.0468
vn 0.9711 -0.1921 0.1418
vn 0.7132 0.1484 0.6850
vn 0.5441 0.2156 0.8108
vn 0.3257 0.2860 0.9012
vn 0.3532 0.2804 0.8925
vn 0.4083 0.2842 0.8675
vn 0.4488 0.2713 0.8515
vn 0.5090 0.3136 0.8016
vn 0.2187 0.5481 0.8073
vn 0.4823 0.2758 0.8315
vn 0.3995 0.3396 0.8515
vn 0.6412 0.3916 0.6600
vn 0.6815 0.2570 0.6852
vn 0.4751 -0.7528 0.4555
vn 0.5637 -0.6255 0.5393
vn 0.1969 -0.9710 0.1354
vn 0.1124 -0.9913 0.0687
vn 0.2842 -0.9278 0.2418
vn 0.3326 -0.8940 0.3002
vn 0.4186 -0.8822 0.2156
vn 0.2384 -0.9707 0.0298
vn 0.5423 -0.7861 0.2964
vn 0.6910 -0.6775 0.2520
vn 0.3533 -0.9350 -0.0313
vn 0.5656 -0.7943 0.2220
vn 0.4816 -0.8218 0.3044
vn 0.5652 -0.7209 0.4011
vn 0.5030 -0.7297 0.4632
vn 0.3831 -0.8428 0.3782
vn 0.6210 -0.4888 0.6127
vn 0.6719 -0.4824 0.5620
vn 0.6094 -0.6325 0.4780
vn 0.6752 -0.6113 0.4129
vn 0.6134 -0.7253 0.3126
vn 0.6953 -0.6802 0.2321
vn 0.6426 -0.7537 0.1378
vn 0.7286 -0.6831 0.0499
vn 0.7027 -0.7114 0.0102
vn 0.8354 -0.5333 0.1333
vn 0.5411 0.4515 0.7095
vn 0.6079 0.2781 0.7437
vn 0.5714 0.3693 0.7329
vn 0.5461 0.3564 0.7581
vn 0.5572 0.3258 0.7638
vn 0.4940 0.3901 0.7770
vn 0.4768 0.3764 0.7944
vn 0.2623 0.3904 0.8825
vn 0.4522 0.2659 0.8514
vn 0.4655 0.2916 0.8356
vn 0.5486 0.2277 0.8045
vn 0.5607 0.2423 0.7918
vn 0.6318 0.1538 0.7598
vn 0.6390 0.1595 0.7525
vn 0.6959 0.1140 0.7090
vn 0.6933 0.1137 0.7116
vn 0.7092 -0.0683 0.7017
vn 0.7207 -0.0647 0.6902
vn 0.7300 -0.2486 0.6367
vn 0.7627 -0.2311 0.6041
vn 0.7640 -0.3933 0.5115
vn 0.8107 -0.3553 0.4653
vn 0.8104 -0.2543 0.5279
vn 0.8443 -0.2121 0.4921
vn 0.8224 -0.1245 0.5551
vn 0.8516 -0.0661 0.5199
vn 0.8146 -0.0004 0.5800
vn 0.8354 0.0865 0.5427
vn 0.8540 0.0690 0.5157
vn 0.9762 -0.0293 0.2151
vn 0.9865 -0.1587 0.0398
vn 0.9530 -0.0170 0.3025
vn 0.9210 -0.1513 0.3591
vn 0.9340 -0.2124 0.2871
vn 0.8844 -0.3128 0.3464
vn 0.8801 -0.3905 0.2702
vn 0.8216 -0.4639 0.3313
vn 0.7957 -0.5495 0.2548
vn 0.7247 -0.6078 0.3246
vn 0.7606 -0.4852 0.4313
vn 0.7001 -0.5181 0.4914
vn 0.7324 -0.3591 0.5784
vn 0.6916 -0.3720 0.6191
vn 0.7168 -0.1904 0.6707
vn 0.7095 -0.1913 0.6782
vn 0.6369 -0.4013 0.6583
vn 0.6332 0.1917 0.7499
vn 0.6262 0.1631 0.7624
vn 0.6854 0.0980 0.7215
vn 0.6816 0.0904 0.7261
vn 0.7292 -0.0003 0.6843
vn 0.7254 -0.0050 0.6883
vn 0.7535 -0.1138 0.6475
vn 0.7373 -0.1268 0.6635
vn 0.6914 0.0531 0.7206
vn 0.6902 0.0525 0.7217
vn 0.6415 0.2298 0.7319
vn 0.6594 0.2351 0.7141
vn 0.5739 0.4839 0.6607
vn 0.6077 0.3879 0.6930
vn 0.5618 0.4930 0.6643
vn 0.5544 0.6135 0.5624
vn 0.5977 0.5146 0.6148
vn 0.7668 -0.6419 -0.0000
vn 0.5243 0.8515 -0.0000
vn 0.5774 0.8164 0.0104
vn 0.8823 0.4704 0.0132
vn 0.8140 0.5809 -0.0004
vn 0.7035 0.7107 0.0003
vn 0.9658 -0.2591 0.0001
vn 0.9934 -0.1151 -0.0001
vn 0.9996 0.0244 0.0136
vn 0.9923 0.1240 -0.0009
vn 0.9252 0.3795 0.0008
vn 0.9043 -0.4269 -0.0082
vn 0.8093 -0.5850 0.0531
vn 0.8993 -0.4371 0.0113
vn 0.1976 -0.9803 -0.0000
vn 0.1143 -0.9918 0.0564
vn 0.2779 -0.9606 0.0019
vn 0.5981 -0.8014 -0.0029
vn 0.5438 -0.8390 0.0217
vn 0.6971 -0.7170 0.0001
vn 0.3621 0.5552 0.7488
vn 0.2365 0.3423 0.9093
vn 0.9464 0.2950 -0.1318
vn 0.8979 0.4041 0.1744
vn 0.7955 0.5879 0.1466
vn 0.7810 0.6092 -0.1379
vn 0.6878 0.7072 0.1640
vn 0.2828 0.3063 0.9089
vn 0.2419 0.2967 0.9238
vn 0.2786 0.3379 0.8990
vn 0.2164 0.3147 0.9242
vn 0.2904 0.2925 0.9111
vn 0.2822 0.2875 0.9153
vn 0.3335 0.2850 0.8986
vn 0.9209 0.2087 0.3293
vn 0.9780 0.1216 0.1697
vn 0.8569 0.1875 0.4802
vn 0.5220 0.8400 0.1480
vn 0.5206 0.8394 0.1561
vn 0.4711 0.7424 0.4763
vn 0.6542 0.5815 0.4836
vn 0.6685 0.5848 0.4595
vn 0.7844 0.3780 0.4918
vn 0.8189 0.3689 0.4397
vn 0.8535 0.1875 0.4862
vn 0.7150 0.2325 0.6594
vn 0.3253 0.2677 0.9069
vn 0.3149 0.2723 0.9092
vn 0.5442 0.2184 0.8100
vn 0.3304 0.3031 0.8938
vn 0.6199 0.2372 0.7480
vn 0.6006 0.3487 0.7195
vn 0.5497 0.3495 0.7587
vn 0.4844 0.4667 0.7400
vn 0.4641 0.4577 0.7584
vn 0.3599 0.5494 0.7541
vn 0.4719 0.7464 0.4692
vn 0.3816 0.8886 0.2546
vn 0.2374 0.3772 0.8952
vn 0.2919 0.5782 0.7619
vn 0.2920 0.5459 0.7853
vn 0.3499 0.7363 0.5791
vn 0.3494 0.7836 0.5138
vn 0.4116 0.8972 0.1602
vn 0.3813 0.9074 0.1767
vn 0.2194 0.3493 0.9110
vn 0.3843 0.9089 0.1620
vn 0.3609 0.7982 0.4824
vn 0.3637 0.7778 0.5125
vn 0.2966 0.5832 0.7562
vn 0.2943 0.5450 0.7851
vn 0.2094 0.3313 0.9200
vn 0.2147 0.3298 0.9193
vn 0.1929 0.2667 0.9443
vn 0.3736 0.9276 -0.0000
vn 0.3736 0.9276 -0.0004
vn 0.3735 0.9276 -0.0014
vn 0.3737 0.9275 -0.0000
vn 0.3735 0.9276 -0.0001
vn 0.6762 0.2276 0.7007
vn 0.4536 0.8830 0.1209
vn 0.4846 0.8495 0.2088
vn 0.5907 0.7248 0.3546
vn 0.6236 0.6333 0.4584
vn 0.6648 0.4880 0.5656
vn 0.6646 0.4430 0.6018
vn 0.6706 0.2353 0.7035
vn 0.6680 0.2221 0.7102
vn 0.4543 0.8827 0.1200
vn 0.6734 0.2089 0.7092
vn 0.5873 0.7262 0.3574
vn 0.5873 0.7262 0.3573
vn 0.4549 0.8822 0.1213
vn 0.4534 0.8831 0.1205
vn 0.4535 0.8830 0.1207
vn 0.5848 0.7272 0.3594
vn 0.5848 0.7272 0.3595
vn 0.6604 0.4898 0.5692
vn 0.6690 0.2305 0.7066
vn 0.6701 0.2355 0.7039
vn 0.6570 0.0823 0.7494
vn 0.6518 0.0943 0.7525
vn 0.6451 0.0573 0.7619
vn 0.6559 0.1227 0.7448
vn 0.6596 0.0463 0.7502
vn 0.6604 0.0616 0.7484
vn 0.6600 0.0455 0.7499
vn 0.6602 0.0616 0.7486
vn 0.6601 0.0619 0.7486
vn 0.6095 -0.0076 0.7927
vn 0.6207 0.0072 0.7841
vn 0.6201 0.0051 0.7845
vn 0.6469 0.0390 0.7616
vn 0.6401 0.0285 0.7678
vn 0.6407 0.0212 0.7675
vn 0.6317 0.0175 0.7750
vn 0.6240 0.0102 0.7814
vn 0.5837 0.0016 0.8120
vn 0.5843 -0.0055 0.8115
vn 0.5851 -0.0103 0.8109
vn 0.5857 -0.0127 0.8104
vn 0.5860 -0.0135 0.8102
vn 0.6053 -0.0380 0.7951
vn 0.5974 -0.0047 0.8019
vn 0.5974 -0.0046 0.8019
vn 0.6042 -0.0233 0.7965
vn 0.6056 0.0002 0.7958
vn 0.6052 0.0019 0.7961
vn 0.5837 0.0031 0.8120
vn 0.5776 -0.0516 0.8147
vn 0.5725 -0.0081 0.8199
vn 0.5635 -0.0591 0.8240
vn 0.5692 -0.0215 0.8219
vn 0.5547 -0.0687 0.8292
vn 0.5566 -0.0343 0.8300
vn 0.5419 -0.0849 0.8362
vn 0.5458 -0.0488 0.8365
vn 0.5308 -0.1035 0.8412
vn 0.5302 -0.1230 0.8389
vn 0.5246 -0.0711 0.8484
vn 0.5053 -0.1438 0.8509
vn 0.5029 -0.0910 0.8596
vn 0.5025 -0.1112 0.8574
vn 0.4857 -0.1667 0.8581
vn 0.4918 -0.1331 0.8605
vn 0.4896 -0.1408 0.8605
vn 0.4769 -0.1823 0.8598
vn 0.4805 -0.1600 0.8623
vn 0.4603 -0.2037 0.8641
vn 0.4655 -0.1828 0.8660
vn 0.4502 -0.2298 0.8628
vn 0.4519 -0.2159 0.8655
vn -0.0139 0.0554 0.9984
vn 0.1442 0.2054 0.9680
vn -0.0104 0.0304 0.9995
vn -0.0231 0.0252 0.9994
vn -0.0450 0.0132 0.9989
vn -0.0178 0.0282 0.9994
vn -0.0154 0.0292 0.9995
vn -0.0260 0.0310 0.9992
vn 0.0347 0.0344 0.9988
vn -0.0007 0.0317 0.9995
vn 0.0243 0.0843 0.9961
vn 0.0279 0.0922 0.9954
vn 0.0255 0.0831 0.9962
vn 0.0496 0.1087 0.9928
vn 0.0396 0.1059 0.9936
vn 0.0754 0.1301 0.9886
vn 0.0991 0.1657 0.9812
vn 0.0898 0.1653 0.9821
vn 0.0751 0.1271 0.9890
vn -0.0403 0.0269 0.9988
vn -0.0369 0.0283 0.9989
vn 0.0118 0.0687 0.9976
vn 0.0085 0.0670 0.9977
vn -0.0135 0.0473 0.9988
vn -0.0045 0.0511 0.9987
vn -0.0167 0.0370 0.9992
vn -0.0328 0.0295 0.9990
vn -0.0323 0.0293 0.9990
vn -0.0225 0.0440 0.9988
vn -0.0250 0.0429 0.9988
vn -0.0340 0.0311 0.9989
vn -0.0436 0.0253 0.9987
vn -0.0437 0.0249 0.9987
vn -0.2569 -0.4156 0.8725
vn -0.3065 -0.3691 0.8774
vn -0.2266 -0.2539 0.9403
vn -0.0296 0.0130 0.9995
vn -0.7129 -0.7011 0.0111
vn -0.4596 -0.8752 0.1507
vn -0.1379 -0.2536 0.9574
vn -0.0486 0.0184 0.9987
vn -0.0460 0.0185 0.9988
vn -0.0748 -0.0089 0.9972
vn -0.0767 -0.0088 0.9970
vn -0.0904 -0.0631 0.9939
vn -0.0840 -0.0622 0.9945
vn -0.0645 -0.0321 0.9974
vn -0.1980 -0.2937 0.9352
vn -0.1539 -0.2242 0.9623
vn -0.1447 -0.1937 0.9703
vn -0.1289 -0.1814 0.9749
vn -0.1096 -0.1286 0.9856
vn -0.1142 -0.1314 0.9847
vn -0.0928 -0.1026 0.9904
vn -0.3218 -0.4556 0.8299
vn -0.2166 -0.2943 0.9308
vn -0.2083 -0.2902 0.9340
vn -0.1922 -0.3344 0.9226
vn -0.2615 -0.4337 0.8623
vn -0.2997 -0.4264 0.8534
vn -0.3802 -0.5876 0.7143
vn -0.3329 -0.5787 0.7445
vn -0.3595 -0.6521 0.6675
vn -0.4110 -0.7137 0.5672
vn -0.4167 -0.7148 0.5616
vn -0.3705 -0.6725 0.6406
vn -0.4394 -0.8323 0.3379
vn -0.4439 -0.8140 0.3745
vn -0.4490 -0.8059 0.3860
vn -0.4260 -0.7914 0.4385
vn -0.4133 -0.7673 0.4903
vn -0.4530 -0.8600 0.2347
vn -0.4769 -0.8542 0.2072
vn -0.4481 -0.8509 0.2743
vn -0.4767 -0.8730 0.1029
vn -0.4645 -0.8778 0.1169
vn -0.4630 -0.8834 0.0726
vn -0.4634 -0.8846 0.0522
vn -0.4767 -0.8788 0.0204
vn -0.4748 -0.8800 0.0146
vn -0.7020 -0.7099 0.0573
vn -0.7152 -0.6977 0.0403
vn -0.7013 -0.7045 0.1089
vn -0.7063 -0.6942 0.1385
vn -0.6882 -0.6912 0.2204
vn -0.6907 -0.6835 0.2360
vn -0.6597 -0.6510 0.3754
vn -0.6553 -0.6693 0.3502
vn -0.6219 -0.5889 0.5162
vn -0.6227 -0.6182 0.4797
vn -0.5669 -0.5458 0.6170
vn -0.5673 -0.5475 0.6152
vn -0.5035 -0.4886 0.7125
vn -0.4924 -0.4644 0.7362
vn -0.4387 -0.4237 0.7925
vn -0.4100 -0.3773 0.8304
vn -0.3377 -0.3329 0.8804
vn -0.3234 -0.2925 0.8999
vn -0.2427 -0.2206 0.9447
vn -0.2418 -0.2159 0.9460
vn -0.1669 -0.1326 0.9770
vn -0.1734 -0.1487 0.9736
vn -0.1231 -0.0940 0.9879
vn -0.1209 -0.0882 0.9887
vn -0.0343 0.0094 0.9994
vn -0.0390 0.0026 0.9992
vn -0.0420 -0.0069 0.9991
vn -0.0526 -0.0116 0.9985
vn -0.0752 -0.0456 0.9961
vn -0.0681 -0.0435 0.9967
vn -0.0917 -0.0606 0.9939
vn -0.0316 0.0122 0.9994
vn -0.0332 0.0107 0.9994
vn -0.0463 0.0190 0.9987
vn -0.0451 0.0177 0.9988
vn -0.0427 0.0163 0.9990
vn -0.3953 -0.4786 0.7840
vn -0.3886 -0.4748 0.7896
vn -0.4489 -0.5498 0.7044
vn -0.6155 -0.7800 0.1127
vn -0.6156 -0.7800 0.1125
vn -0.6046 -0.7639 0.2259
vn -0.6052 -0.7637 0.2248
vn -0.5757 -0.7240 0.3799
vn -0.5779 -0.7238 0.3769
vn -0.5340 -0.6673 0.5192
vn -0.5019 -0.6536 0.5665
vn -0.4952 -0.6119 0.6167
vn -0.4433 -0.5467 0.7103
vn -0.2177 -0.2669 0.9388
vn -0.2073 -0.2632 0.9422
vn -0.3012 -0.3882 0.8710
vn -0.2170 -0.2509 0.9434
vn -0.3162 -0.3720 0.8727
vn -0.2912 -0.3849 0.8758
vn -0.3707 -0.4921 0.7877
vn -0.3811 -0.5443 0.7474
vn -0.4192 -0.5671 0.7090
vn -0.4901 -0.6648 0.5637
vn -0.4849 -0.6641 0.5691
vn -0.5444 -0.7484 0.3788
vn -0.5421 -0.7485 0.3819
vn -0.5698 -0.7898 0.2270
vn -0.5689 -0.7900 0.2283
vn -0.5795 -0.8070 0.1137
vn -0.5792 -0.8072 0.1142
vn -0.5400 -0.8337 0.1155
vn -0.5405 -0.8335 0.1147
vn -0.5306 -0.8156 0.2309
vn -0.5317 -0.8153 0.2291
vn -0.5059 -0.7723 0.3842
vn -0.5084 -0.7723 0.3809
vn -0.4533 -0.6856 0.5696
vn -0.4585 -0.6866 0.5643
vn -0.3689 -0.5503 0.7490
vn -0.3772 -0.5529 0.7430
vn -0.2745 -0.4004 0.8743
vn -0.2849 -0.4042 0.8692
vn -0.1967 -0.2758 0.9409
vn -0.3515 -0.5712 0.7417
vn -0.3431 -0.5682 0.7480
vn -0.4252 -0.7072 0.5648
vn -0.4199 -0.7060 0.5704
vn -0.4705 -0.7950 0.3829
vn -0.4676 -0.7949 0.3866
vn -0.4915 -0.8397 0.2310
vn -0.4899 -0.8400 0.2332
vn -0.4991 -0.8588 0.1154
vn -0.4983 -0.8591 0.1166
vn -0.5007 -0.8648 0.0386
vn -0.5427 -0.8399 0.0072
vn -0.5251 -0.8497 0.0477
vn -0.5822 -0.8129 0.0168
vn -0.5719 -0.8194 0.0397
vn -0.6187 -0.7852 0.0244
vn -0.6146 -0.7881 0.0331
vn -0.1050 -0.1153 0.9878
vn -0.1199 -0.1249 0.9849
vn -0.0700 -0.0579 0.9959
vn -0.0888 -0.0637 0.9940
vn -0.0487 -0.0104 0.9988
vn -0.0639 -0.0142 0.9979
vn -0.0490 0.0055 0.9988
vn -0.0466 0.0048 0.9989
vn -0.6876 -0.7257 0.0237
vn -0.6822 -0.7304 0.0343
vn -0.6789 -0.7260 0.1096
vn -0.6787 -0.7261 0.1099
vn -0.6666 -0.7116 0.2218
vn -0.6670 -0.7114 0.2212
vn -0.6341 -0.6745 0.3781
vn -0.6364 -0.6741 0.3749
vn -0.5866 -0.6202 0.5209
vn -0.5902 -0.6213 0.5154
vn -0.5404 -0.5681 0.6206
vn -0.5456 -0.5702 0.6142
vn -0.4837 -0.5045 0.7152
vn -0.4903 -0.5076 0.7085
vn -0.4225 -0.4361 0.7945
vn -0.4299 -0.4398 0.7885
vn -0.3320 -0.3370 0.8810
vn -0.3416 -0.3393 0.8765
vn -0.2338 -0.2268 0.9455
vn -0.2420 -0.2289 0.9429
vn -0.1681 -0.1522 0.9739
vn -0.1595 -0.1573 0.9746
vn -0.1109 -0.1012 0.9887
vn -0.1221 -0.1074 0.9867
vn -0.0708 -0.0483 0.9963
vn -0.0837 -0.0514 0.9952
vn -0.0442 -0.0055 0.9990
vn -0.0543 -0.0075 0.9985
vn -0.0341 0.0165 0.9993
vn -0.0389 0.0158 0.9991
vn -0.0444 0.0091 0.9990
vn -0.3019 -0.5392 0.7862
vn -0.2407 -0.4298 0.8703
vn -0.2677 -0.4201 0.8671
vn -0.1858 -0.2885 0.9393
vn -0.2080 -0.2801 0.9372
vn -0.1471 -0.1928 0.9701
vn -0.1500 -0.1779 0.9725
vn -0.1494 -0.1755 0.9731
vn -0.1583 -0.1714 0.9724
vn -0.1593 -0.1569 0.9747
vn -0.2348 -0.2413 0.9416
vn -0.2259 -0.2388 0.9444
vn -0.3298 -0.3557 0.8745
vn -0.3202 -0.3531 0.8791
vn -0.4138 -0.4593 0.7860
vn -0.4069 -0.4556 0.7917
vn -0.4709 -0.5288 0.7061
vn -0.4649 -0.5258 0.7123
vn -0.5231 -0.5929 0.6122
vn -0.5184 -0.5908 0.6182
vn -0.5651 -0.6450 0.5144
vn -0.5618 -0.6438 0.5195
vn -0.6086 -0.6989 0.3755
vn -0.6064 -0.6992 0.3786
vn -0.6376 -0.7374 0.2228
vn -0.6372 -0.7376 0.2236
vn -0.6488 -0.7528 0.1112
vn -0.6488 -0.7528 0.1111
vn -0.6520 -0.7576 0.0302
vn -0.6532 -0.7567 0.0278
vn 0.6607 0.7505 0.0105
vn 0.5794 0.7897 0.2015
vn 0.8189 0.5739 -0.0063
vn 0.9044 0.4238 0.0494
vn 0.9277 0.3727 0.0206
vn 0.9683 0.2499 -0.0003
vn 0.9996 0.0275 0.0008
vn 0.9997 0.0250 -0.0000
vn -0.9570 0.2900 0.0104
vn -0.9680 0.2510 0.0051
vn -0.9849 0.1730 -0.0000
vn -0.7616 0.6480 -0.0037
vn -0.7052 0.7030 0.0926
vn -0.7876 0.6161 0.0094
vn -0.8879 0.4600 -0.0003
vn -0.9332 0.3594 0.0009
vn 0.4623 0.8867 0.0050
vn 0.3215 0.9469 -0.0030
vn 0.1243 0.9268 0.3545
vn 0.0767 0.9970 0.0045
vn -0.3581 0.9337 -0.0059
vn -0.3331 0.9364 0.1102
vn -0.5118 0.8591 0.0011
vn 0.5195 -0.3676 0.7714
vn 0.6914 -0.6931 0.2040
vn 0.6974 -0.6913 0.1890
vn 0.4838 -0.6509 0.5851
vn 0.5314 -0.7827 0.3240
vn 0.6477 -0.7285 0.2231
vn 0.6246 -0.6819 0.3807
vn 0.6718 -0.7060 0.2242
vn 0.5069 -0.4662 0.7250
vn 0.4545 -0.4038 0.7940
vn 0.5122 -0.3837 0.7684
vn 0.5232 -0.3907 0.7573
vn 0.5221 -0.3738 0.7666
vn 0.5263 -0.3673 0.7668
vn 0.6541 -0.5584 0.5102
vn 0.6542 -0.5584 0.5101
vn 0.6183 -0.5908 0.5184
vn 0.6187 -0.5913 0.5172
vn 0.4885 -0.6726 0.5559
vn 0.5397 -0.7445 0.3929
vn 0.4359 -0.2451 0.8660
vn 0.4358 -0.2450 0.8660
vn 0.4362 -0.2453 0.8658
vn 0.4362 -0.2455 0.8657
vn 0.4359 -0.2459 0.8657
vn 0.4358 -0.2451 0.8660
vn 0.4358 -0.2442 0.8663
vn 0.4358 -0.2447 0.8662
vn 0.4357 -0.2442 0.8663
vn 0.4359 -0.2450 0.8660
vn 0.4360 -0.2440 0.8662
vn 0.4357 -0.2462 0.8658
vn 0.9821 -0.1881 -0.0000
vn 0.9570 -0.2900 0.0077
vn 0.9603 -0.2788 0.0093
vn 0.7616 -0.6480 0.0059
vn 0.7241 -0.6895 0.0176
vn 0.9039 -0.4277 -0.0064
vn 0.3581 -0.9336 0.0137
vn 0.4793 -0.8776 -0.0001
vn 0.6013 -0.7990 -0.0000
vn -0.4159 -0.9094 -0.0000
vn -0.2922 -0.9564 -0.0000
vn -0.1330 -0.9910 0.0142
vn -0.0662 -0.9978 0.0032
vn 0.2246 -0.9744 -0.0026
vn -0.9444 -0.3270 0.0358
vn -0.8373 -0.5468 -0.0001
vn -0.5915 -0.8063 0.0002
vn -0.7186 -0.6934 0.0524
vn -0.5833 -0.8122 0.0096
vn -0.9055 -0.4243 -0.0038
vn -0.9996 -0.0275 0.0022
vn -0.9998 -0.0174 -0.0000
vn -0.9076 -0.4197 0.0089
vn -0.0388 0.0200 0.9990
vn -0.1195 -0.0017 0.9928
vn -0.0799 -0.0064 0.9968
vn -0.0347 0.0210 0.9992
vn -0.0407 0.0231 0.9989
vn -0.0488 0.0089 0.9988
vn -0.0658 -0.0059 0.9978
vn -0.0780 0.0066 0.9969
vn -0.0845 -0.0105 0.9964
vn -0.1335 -0.0641 0.9890
vn -0.1311 -0.0507 0.9901
vn -0.1918 -0.1028 0.9760
vn -0.1897 -0.0961 0.9771
vn -0.2652 -0.1544 0.9517
vn -0.2637 -0.1507 0.9528
vn -0.3541 -0.2192 0.9092
vn -0.3524 -0.2153 0.9108
vn -0.4560 -0.2944 0.8398
vn -0.4551 -0.2923 0.8411
vn -0.5632 -0.3719 0.7379
vn -0.5620 -0.3688 0.7403
vn -0.6573 -0.4442 0.6088
vn -0.6549 -0.4359 0.6173
vn -0.7299 -0.5008 0.4653
vn -0.7289 -0.4913 0.4768
vn -0.7775 -0.5370 0.3272
vn -0.7781 -0.5313 0.3351
vn -0.8050 -0.5560 0.2070
vn -0.8058 -0.5533 0.2111
vn -0.8176 -0.5655 0.1085
vn -0.8165 -0.5678 0.1050
vn -0.8231 -0.5663 0.0426
vn -0.8288 -0.5592 0.0201
vn -0.8281 -0.5604 0.0134
vn -0.8287 -0.3682 0.4215
vn -0.8789 -0.4104 0.2432
vn -0.8719 -0.3914 0.2943
vn -0.8969 -0.4203 0.1374
vn -0.8959 -0.4036 0.1856
vn -0.9030 -0.4185 0.0974
vn -0.7452 -0.3377 0.5750
vn -0.7948 -0.3540 0.4929
vn -0.8453 -0.3947 0.3601
vn -0.4449 -0.1714 0.8790
vn -0.5822 -0.2539 0.7724
vn -0.5569 -0.2278 0.7987
vn -0.6897 -0.3096 0.6546
vn -0.6662 -0.2858 0.6888
vn -0.7560 -0.3404 0.5591
vn -0.3175 -0.1266 0.9398
vn -0.3673 -0.1327 0.9206
vn -0.4687 -0.1978 0.8609
vn -0.1790 -0.0391 0.9831
vn -0.2595 -0.0839 0.9621
vn -0.2557 -0.0752 0.9638
vn -0.3382 -0.1266 0.9325
vn -0.0322 0.0391 0.9987
vn -0.0300 0.0158 0.9994
vn -0.0458 0.0292 0.9985
vn -0.0452 0.0286 0.9986
vn -0.0334 0.0176 0.9993
vn -0.0406 0.0204 0.9990
vn -0.0539 0.0221 0.9983
vn -0.8958 -0.4442 0.0122
vn -0.8921 -0.4509 0.0295
vn -0.8884 -0.4481 0.0996
vn -0.8880 -0.4486 0.1013
vn -0.8772 -0.4410 0.1900
vn -0.8761 -0.4417 0.1933
vn -0.8530 -0.4264 0.3010
vn -0.8509 -0.4270 0.3061
vn -0.8089 -0.4005 0.4305
vn -0.8051 -0.4007 0.4373
vn -0.7393 -0.3604 0.5688
vn -0.7334 -0.3599 0.5767
vn -0.6456 -0.3075 0.6990
vn -0.6376 -0.3062 0.7069
vn -0.5360 -0.2463 0.8075
vn -0.5266 -0.2445 0.8142
vn -0.4258 -0.1853 0.8856
vn -0.4162 -0.1834 0.8906
vn -0.3261 -0.1302 0.9363
vn -0.3172 -0.1287 0.9396
vn -0.2421 -0.0838 0.9666
vn -0.2346 -0.0826 0.9686
vn -0.1751 -0.0465 0.9835
vn -0.1692 -0.0458 0.9845
vn -0.0663 0.0161 0.9977
vn -0.0694 0.0141 0.9975
vn -0.0991 -0.0055 0.9951
vn -0.0819 -0.0092 0.9966
vn -0.1163 -0.0129 0.9931
vn -0.1184 -0.0119 0.9929
vn -0.1789 -0.0408 0.9830
vn -0.1786 -0.0408 0.9831
vn -0.2454 -0.0789 0.9662
vn -0.2527 -0.0799 0.9642
vn -0.3305 -0.1235 0.9357
vn -0.3392 -0.1249 0.9324
vn -0.4316 -0.1762 0.8847
vn -0.4411 -0.1778 0.8797
vn -0.5432 -0.2343 0.8062
vn -0.5524 -0.2358 0.7996
vn -0.6542 -0.2925 0.6975
vn -0.6621 -0.2935 0.6896
vn -0.7490 -0.3425 0.5671
vn -0.7548 -0.3428 0.5593
vn -0.8194 -0.3802 0.4290
vn -0.8231 -0.3798 0.4223
vn -0.8640 -0.4044 0.2999
vn -0.8661 -0.4037 0.2948
vn -0.8886 -0.4179 0.1893
vn -0.8896 -0.4171 0.1860
vn -0.9001 -0.4242 0.0992
vn -0.9006 -0.4236 0.0974
vn -0.9040 -0.4261 0.0337
vn -0.9100 -0.4143 0.0180
vn -0.9053 -0.4215 0.0527
vn -0.8636 -0.5038 0.0185
vn -0.8606 -0.5084 0.0308
vn -0.8567 -0.5052 0.1041
vn -0.8562 -0.5057 0.1058
vn -0.8449 -0.4967 0.1985
vn -0.8438 -0.4973 0.2017
vn -0.8196 -0.4792 0.3140
vn -0.8174 -0.4797 0.3191
vn -0.7737 -0.4483 0.4477
vn -0.7697 -0.4483 0.4545
vn -0.7018 -0.4010 0.5888
vn -0.6956 -0.4000 0.5967
vn -0.6069 -0.3394 0.7186
vn -0.5986 -0.3376 0.7264
vn -0.4984 -0.2698 0.8239
vn -0.4888 -0.2674 0.8304
vn -0.3918 -0.2019 0.8976
vn -0.3820 -0.1995 0.9024
vn -0.2972 -0.1419 0.9442
vn -0.2882 -0.1398 0.9473
vn -0.2188 -0.0922 0.9714
vn -0.2111 -0.0906 0.9733
vn -0.1572 -0.0529 0.9862
vn -0.1511 -0.0519 0.9872
vn -0.0923 -0.0098 0.9957
vn -0.0879 -0.0108 0.9961
vn -0.0423 0.0238 0.9988
vn -0.8458 -0.5325 0.0309
vn -0.8406 -0.5400 0.0416
vn -0.8370 -0.5368 0.1064
vn -0.8365 -0.5372 0.1080
vn -0.8250 -0.5275 0.2028
vn -0.8238 -0.5281 0.2059
vn -0.7992 -0.5084 0.3207
vn -0.7970 -0.5088 0.3256
vn -0.7525 -0.4745 0.4567
vn -0.7486 -0.4744 0.4632
vn -0.6799 -0.4230 0.5990
vn -0.6739 -0.4219 0.6066
vn -0.5849 -0.3565 0.7285
vn -0.5768 -0.3545 0.7359
vn -0.4775 -0.2822 0.8321
vn -0.4683 -0.2796 0.8382
vn -0.3732 -0.2105 0.9036
vn -0.3638 -0.2078 0.9080
vn -0.2817 -0.1478 0.9481
vn -0.2730 -0.1456 0.9509
vn -0.2064 -0.0963 0.9737
vn -0.1990 -0.0946 0.9754
vn -0.1477 -0.0560 0.9874
vn -0.1418 -0.0548 0.9884
vn -0.0865 -0.0124 0.9962
vn -0.0821 -0.0132 0.9965
vn -0.0390 0.0220 0.9990
vn -0.0415 0.0221 0.9989
vn -0.8799 -0.4742 0.0296
vn -0.8772 -0.4786 0.0377
vn -0.8736 -0.4758 0.1018
vn -0.8732 -0.4763 0.1036
vn -0.8621 -0.4681 0.1942
vn -0.8610 -0.4687 0.1975
vn -0.8373 -0.4521 0.3074
vn -0.8351 -0.4526 0.3126
vn -0.7923 -0.4238 0.4390
vn -0.7884 -0.4239 0.4458
vn -0.7215 -0.3803 0.5787
vn -0.7154 -0.3796 0.5867
vn -0.6271 -0.3232 0.7088
vn -0.6188 -0.3217 0.7167
vn -0.5178 -0.2579 0.8157
vn -0.5082 -0.2558 0.8224
vn -0.4093 -0.1936 0.8916
vn -0.3995 -0.1914 0.8965
vn -0.3120 -0.1361 0.9403
vn -0.3030 -0.1343 0.9435
vn -0.2307 -0.0881 0.9690
vn -0.2230 -0.0867 0.9710
vn -0.1663 -0.0498 0.9848
vn -0.1603 -0.0489 0.9859
vn -0.0977 -0.0073 0.9952
vn -0.0935 -0.0083 0.9956
vn -0.0440 0.0267 0.9987
vn -0.0434 0.0265 0.9987
vn -0.0330 0.0189 0.9993
vn -0.0304 0.0174 0.9994
vn -0.0230 0.0248 0.9994
vn -0.0325 0.0188 0.9993
vn -0.0458 0.0060 0.9989
vn -0.0545 -0.0115 0.9984
vn -0.0781 0.0067 0.9969
vn -0.8050 -0.5931 0.0135
vn -0.3952 -0.3300 0.8573
vn -0.0808 -0.0292 0.9963
vn -0.0771 -0.0279 0.9966
vn -0.0641 -0.0244 0.9976
vn -0.0563 0.0046 0.9984
vn -0.0287 0.0142 0.9995
vn -0.0301 0.0147 0.9994
vn -0.0404 0.0037 0.9992
vn -0.0385 0.0050 0.9992
vn -0.0538 -0.0107 0.9985
vn -0.0729 -0.0159 0.9972
vn -0.2300 -0.1699 0.9583
vn -0.1857 -0.1390 0.9727
vn -0.1664 -0.1113 0.9798
vn -0.1267 -0.0837 0.9884
vn -0.1172 -0.0671 0.9908
vn -0.0999 -0.0542 0.9935
vn -0.0799 -0.0344 0.9962
vn -0.4154 -0.3727 0.8298
vn -0.4916 -0.4252 0.7600
vn -0.5031 -0.4547 0.7349
vn -0.5793 -0.5145 0.6322
vn -0.5838 -0.5320 0.6133
vn -0.6484 -0.5860 0.4861
vn -0.6489 -0.5926 0.4773
vn -0.6931 -0.6339 0.3430
vn -0.6936 -0.6311 0.3475
vn -0.7160 -0.6634 0.2173
vn -0.7205 -0.6527 0.2345
vn -0.7254 -0.6788 0.1140
vn -0.7353 -0.6636 0.1376
vn -0.7303 -0.6808 0.0570
vn -0.7381 -0.6738 0.0331
vn -0.7347 -0.6783 0.0110
vn -0.7992 -0.5995 0.0428
vn -0.8031 -0.5950 0.0323
vn -0.8027 -0.5860 0.1109
vn -0.8009 -0.5895 0.1052
vn -0.7876 -0.5787 0.2116
vn -0.7876 -0.5786 0.2118
vn -0.7607 -0.5564 0.3343
vn -0.7608 -0.5552 0.3361
vn -0.7116 -0.5180 0.4747
vn -0.7111 -0.5154 0.4782
vn -0.6373 -0.4582 0.6196
vn -0.6375 -0.4588 0.6189
vn -0.5428 -0.3815 0.7482
vn -0.5458 -0.3894 0.7419
vn -0.4390 -0.2973 0.8479
vn -0.4428 -0.3075 0.8423
vn -0.3122 -0.1988 0.9290
vn -0.3364 -0.2344 0.9121
vn -0.2447 -0.1553 0.9571
vn -0.2512 -0.1654 0.9537
vn -0.1770 -0.1009 0.9790
vn -0.1804 -0.1069 0.9778
vn -0.1247 -0.0598 0.9904
vn -0.1241 -0.0587 0.9905
vn -0.0897 -0.0326 0.9954
vn -0.0878 -0.0382 0.9954
vn -0.7830 -0.6211 0.0324
vn -0.7829 -0.6213 0.0327
vn -0.7789 -0.6171 0.1114
vn -0.7785 -0.6175 0.1123
vn -0.7667 -0.6059 0.2125
vn -0.7658 -0.6063 0.2142
vn -0.7404 -0.5824 0.3357
vn -0.7389 -0.5827 0.3384
vn -0.6930 -0.5410 0.4764
vn -0.6905 -0.5411 0.4801
vn -0.6203 -0.4785 0.6215
vn -0.6165 -0.4780 0.6257
vn -0.5271 -0.3995 0.7501
vn -0.5221 -0.3984 0.7541
vn -0.4245 -0.3132 0.8495
vn -0.4189 -0.3117 0.8528
vn -0.3235 -0.2286 0.9182
vn -0.3092 -0.2430 0.9194
vn -0.2561 -0.2045 0.9448
vn -0.7591 -0.6501 0.0328
vn -0.7590 -0.6502 0.0330
vn -0.7550 -0.6459 0.1128
vn -0.7547 -0.6462 0.1135
vn -0.7428 -0.6340 0.2151
vn -0.7421 -0.6343 0.2165
vn -0.7167 -0.6091 0.3397
vn -0.7154 -0.6093 0.3419
vn -0.6697 -0.5651 0.4818
vn -0.6676 -0.5651 0.4847
vn -0.5978 -0.4989 0.6275
vn -0.5946 -0.4983 0.6309
vn -0.5062 -0.4155 0.7558
vn -0.5021 -0.4145 0.7590
vn -0.4061 -0.3250 0.8541
vn -0.4016 -0.3238 0.8567
vn -0.2954 -0.2252 0.9285
vn -0.3276 -0.2891 0.8995
vn 0.0577 0.1399 0.9885
vn 0.1845 0.2438 0.9521
vn 0.1807 0.2432 0.9530
vn 0.1752 0.2407 0.9547
vn 0.1679 0.2369 0.9569
vn 0.1705 0.2428 0.9550
vn 0.2058 0.2772 0.9385
vn 0.1932 0.2693 0.9435
vn 0.1933 0.2699 0.9433
vn 0.1777 0.2281 0.9573
vn 0.1737 0.2578 0.9505
vn 0.1724 0.2484 0.9532
vn 0.0003 0.0475 0.9989
vn 0.0103 0.0656 0.9978
vn 0.0106 0.0820 0.9966
vn 0.0247 0.0837 0.9962
vn 0.0546 0.1050 0.9930
vn -0.0137 0.0397 0.9991
vn -0.0778 0.0884 0.9930
vn -0.0193 0.0325 0.9993
vn -0.0170 0.0315 0.9994
vn -0.0129 0.0325 0.9994
vn -0.0118 0.0365 0.9993
vn -0.0147 0.0384 0.9992
vn 0.1664 0.2344 0.9578
vn 0.1373 0.2000 0.9701
vn 0.1407 0.2079 0.9680
vn 0.0933 0.1513 0.9841
vn 0.0958 0.1609 0.9823
vn 0.0509 0.1046 0.9932
vn 0.0578 0.1385 0.9887
vn 0.0209 0.0604 0.9980
vn 0.0176 0.0753 0.9970
vn -0.0134 0.0378 0.9992
vn -0.0154 0.0414 0.9990
vn -0.0161 0.0326 0.9993
vn -0.0221 0.0404 0.9989
vn 0.0598 0.1237 0.9905
vn 0.0016 0.0303 0.9995
vn 0.0083 0.0740 0.9972
vn -0.0017 0.0661 0.9978
vn -0.0064 0.0571 0.9983
vn -0.0277 0.0424 0.9987
vn -0.0148 0.0406 0.9991
vn -0.0234 0.0423 0.9988
vn -0.0272 0.0419 0.9988
vn -0.0276 0.0422 0.9987
vn 0.0492 0.1303 0.9903
vn 0.0621 0.1301 0.9896
vn 0.0955 0.1599 0.9825
vn 0.0944 0.1581 0.9829
vn 0.1254 0.1952 0.9727
vn 0.1400 0.2050 0.9687
vn 0.1638 0.2324 0.9587
vn 0.1780 0.2456 0.9529
vn 0.1924 0.2586 0.9466
vn 0.2005 0.2699 0.9418
vn 0.0569 0.1215 0.9910
vn 0.0927 0.1520 0.9840
vn 0.0937 0.1557 0.9833
vn 0.1348 0.2028 0.9699
vn 0.1350 0.2035 0.9697
vn 0.1694 0.2372 0.9566
vn 0.1844 0.2595 0.9480
vn 0.1954 0.2670 0.9437
vn 0.0136 0.0686 0.9976
vn -0.0153 0.0391 0.9991
vn -0.0173 0.0439 0.9989
vn -0.0144 0.0421 0.9990
vn -0.0068 0.0365 0.9993
vn -0.0144 0.0490 0.9987
vn -0.0181 0.0502 0.9986
vn -0.0144 0.0452 0.9989
vn -0.0177 0.0461 0.9988
vn 0.0191 0.0791 0.9967
vn 0.0137 0.0851 0.9963
vn 0.0510 0.1044 0.9932
vn 0.1863 0.2575 0.9481
vn 0.1914 0.2597 0.9465
vn 0.1348 0.2037 0.9697
vn 0.1396 0.2054 0.9687
vn 0.0914 0.1583 0.9832
vn 0.0958 0.1596 0.9825
vn 0.0565 0.1220 0.9909
vn 0.0604 0.1230 0.9906
vn 0.0189 0.0839 0.9963
vn 0.0172 0.0859 0.9962
vn 0.0230 0.0846 0.9961
vn 0.0293 0.0763 0.9967
vn 0.0431 0.0700 0.9966
vn -0.0752 -0.2045 -0.9760
vn -0.0796 -0.1280 -0.9886
vn -0.0141 -0.0860 -0.9962
vn -0.0372 -0.0861 -0.9956
vn 0.0133 -0.0557 -0.9984
vn -0.0103 -0.0521 -0.9986
vn 0.0284 -0.0383 -0.9989
vn 0.0177 -0.0384 -0.9991
vn -0.1922 -0.2692 -0.9437
vn -0.1696 -0.2374 -0.9565
vn -0.1269 -0.1977 -0.9720
vn -0.1200 -0.1751 -0.9772
vn -0.0497 -0.1254 -0.9909
vn -0.1831 -0.2424 -0.9527
vn -0.1942 -0.2625 -0.9452
vn -0.1334 -0.1993 -0.9708
vn -0.2551 -0.3471 -0.9025
vn -0.2401 -0.3172 -0.9175
vn -0.2233 -0.2909 -0.9303
vn -0.2259 -0.2945 -0.9286
vn -0.2232 -0.2938 -0.9295
vn -0.1993 -0.2658 -0.9432
vn -0.1911 -0.2540 -0.9481
vn -0.2421 -0.3116 -0.9188
vn -0.3316 -0.3977 -0.8555
vn -0.3344 -0.3974 -0.8546
vn -0.4225 -0.4985 -0.7570
vn -0.5125 -0.4407 -0.7370
vn -0.0759 -0.1276 -0.9889
vn -0.0919 -0.1584 -0.9831
vn -0.1390 -0.2010 -0.9697
vn -0.0289 -0.0904 -0.9955
vn -0.0532 -0.0995 -0.9936
vn -0.0306 -0.1017 -0.9943
vn -0.0785 -0.1373 -0.9874
vn 0.0239 -0.0434 -0.9988
vn 0.0220 -0.0430 -0.9988
vn 0.0183 -0.0435 -0.9989
vn 0.0189 -0.0440 -0.9989
vn 0.0169 -0.0471 -0.9987
vn 0.0150 -0.0512 -0.9986
vn -0.0001 -0.0698 -0.9976
vn -0.0011 -0.0546 -0.9985
vn -0.0129 -0.0820 -0.9965
vn 0.0200 -0.0407 -0.9990
vn -0.0010 -0.0628 -0.9980
vn -0.0020 -0.0674 -0.9977
vn -0.0310 -0.0933 -0.9952
vn -0.0325 -0.0992 -0.9945
vn -0.0725 -0.1361 -0.9880
vn -0.0745 -0.1425 -0.9870
vn -0.1294 -0.1949 -0.9723
vn -0.1318 -0.2014 -0.9706
vn -0.1866 -0.2551 -0.9487
vn -0.1930 -0.2640 -0.9450
vn 0.0236 -0.0227 -0.9995
vn 0.0095 -0.0402 -0.9991
vn 0.0134 -0.0375 -0.9992
vn 0.0155 -0.0364 -0.9992
vn 0.0182 -0.0355 -0.9992
vn 0.0195 -0.0352 -0.9992
vn 0.0198 -0.0351 -0.9992
vn -0.0070 -0.0528 -0.9986
vn -0.0056 -0.0649 -0.9979
vn -0.0223 -0.0754 -0.9969
vn -0.0562 -0.1181 -0.9914
vn -0.0575 -0.1218 -0.9909
vn -0.0964 -0.1777 -0.9794
vn -0.0928 -0.1851 -0.9783
vn -0.0944 -0.1534 -0.9836
vn -0.0966 -0.1538 -0.9834
vn -0.0986 -0.1655 -0.9813
vn -0.0983 -0.1723 -0.9801
vn -0.1268 -0.1884 -0.9739
vn -0.1046 -0.1534 -0.9826
vn -0.1104 -0.1516 -0.9823
vn -0.0019 -0.2024 -0.9793
vn -0.0991 -0.1751 -0.9796
vn 0.0101 -0.0521 -0.9986
vn -0.0346 -0.0628 -0.9974
vn 0.0018 -0.0721 -0.9974
vn -0.0386 -0.0914 -0.9951
vn -0.0386 -0.0932 -0.9949
vn 0.0221 -0.0351 -0.9991
vn 0.0151 -0.0330 -0.9993
vn 0.0136 -0.0317 -0.9994
vn 0.0192 -0.0302 -0.9994
vn 0.0217 -0.0307 -0.9993
vn 0.7349 0.6781 -0.0067
vn 0.4351 0.3009 -0.8486
vn 0.2443 0.1567 -0.9569
vn 0.1697 0.0972 -0.9807
vn 0.1782 0.1001 -0.9789
vn 0.1080 0.0506 -0.9929
vn 0.1303 0.0548 -0.9900
vn 0.0878 0.0321 -0.9956
vn 0.0657 0.0230 -0.9976
vn 0.0624 0.0093 -0.9980
vn 0.4499 0.3051 -0.8394
vn 0.5414 0.3847 -0.7476
vn 0.5617 0.3905 -0.7294
vn 0.6354 0.4602 -0.6200
vn 0.6614 0.4666 -0.5872
vn 0.7102 0.5215 -0.4729
vn 0.7356 0.5251 -0.4281
vn 0.7581 0.5606 -0.3331
vn 0.7793 0.5593 -0.2827
vn 0.7846 0.5828 -0.2116
vn 0.8133 0.5713 -0.1102
vn 0.7851 0.5987 -0.1586
vn 0.8058 0.5920 -0.0137
vn 0.8024 0.5960 -0.0322
vn 0.8045 0.5922 -0.0447
vn 0.8038 0.5890 -0.0833
vn 0.5771 0.5160 -0.6330
vn 0.6325 0.5805 -0.5128
vn 0.6506 0.5851 -0.4841
vn 0.6814 0.6321 -0.3689
vn 0.6957 0.6319 -0.3417
vn 0.7125 0.6595 -0.2395
vn 0.7219 0.6571 -0.2172
vn 0.7251 0.6755 -0.1343
vn 0.7332 0.6705 -0.1135
vn 0.7323 0.6774 -0.0691
vn 0.7373 0.6748 -0.0330
vn 0.7384 0.6734 -0.0365
vn 0.7354 0.6775 -0.0152
vn 0.2952 0.2428 -0.9241
vn 0.3747 0.3269 -0.8676
vn 0.3908 0.3333 -0.8580
vn 0.4384 0.3869 -0.8112
vn 0.4900 0.4277 -0.7596
vn 0.4922 0.4327 -0.7553
vn 0.5625 0.5111 -0.6499
vn 0.2927 0.2337 -0.9272
vn 0.2285 0.1722 -0.9582
vn 0.2242 0.1699 -0.9596
vn 0.1646 0.1132 -0.9798
vn 0.1535 0.1079 -0.9822
vn 0.1174 0.0672 -0.9908
vn 0.0953 0.0560 -0.9939
vn 0.0718 0.0172 -0.9973
vn 0.0557 0.0146 -0.9983
vn 0.0233 -0.0201 -0.9995
vn 0.0278 -0.0136 -0.9995
vn 0.0641 -0.0235 -0.9977
vn 0.0337 -0.0127 -0.9994
vn 0.0326 -0.0127 -0.9994
vn 0.0351 -0.0151 -0.9993
vn 0.0348 -0.0150 -0.9993
vn 0.0361 -0.0176 -0.9992
vn 0.7837 0.6203 -0.0326
vn 0.7836 0.6204 -0.0323
vn 0.7795 0.6163 -0.1119
vn 0.7793 0.6167 -0.1111
vn 0.7670 0.6048 -0.2141
vn 0.7668 0.6057 -0.2124
vn 0.7406 0.5814 -0.3368
vn 0.7406 0.5828 -0.3344
vn 0.6930 0.5399 -0.4778
vn 0.6935 0.5421 -0.4746
vn 0.6181 0.4758 -0.6258
vn 0.6193 0.4790 -0.6221
vn 0.5248 0.3969 -0.7531
vn 0.5267 0.4010 -0.7495
vn 0.4205 0.3094 -0.8529
vn 0.4227 0.3139 -0.8501
vn 0.3093 0.2161 -0.9261
vn 0.3450 0.2244 -0.9114
vn 0.7595 0.6496 -0.0329
vn 0.7595 0.6497 -0.0327
vn 0.7554 0.6454 -0.1131
vn 0.7552 0.6458 -0.1124
vn 0.7430 0.6333 -0.2164
vn 0.7428 0.6340 -0.2151
vn 0.7169 0.6085 -0.3404
vn 0.7168 0.6096 -0.3384
vn 0.6697 0.5645 -0.4825
vn 0.6700 0.5663 -0.4800
vn 0.5958 0.4966 -0.6312
vn 0.5967 0.4992 -0.6282
vn 0.5043 0.4135 -0.7581
vn 0.5057 0.4169 -0.7553
vn 0.4027 0.3218 -0.8569
vn 0.4044 0.3256 -0.8547
vn 0.3117 0.2400 -0.9194
vn 0.3269 0.2250 -0.9179
vn 0.2477 0.1582 -0.9558
vn 0.0413 -0.0227 -0.9989
vn 0.8739 0.4783 -0.0870
vn 0.7673 0.4421 -0.4646
vn 0.1978 0.0084 -0.9802
vn 0.0845 0.0352 -0.9958
vn 0.0473 0.0779 -0.9958
vn 0.0925 -0.0851 -0.9921
vn 0.2330 0.0829 -0.9689
vn 0.1945 0.0579 -0.9792
vn 0.1441 0.0484 -0.9884
vn 0.2346 0.0858 -0.9683
vn 0.3249 0.1224 -0.9378
vn 0.2994 0.1251 -0.9459
vn 0.7396 0.3521 -0.5736
vn 0.6347 0.3031 -0.7108
vn 0.6427 0.3038 -0.7033
vn 0.5367 0.2461 -0.8071
vn 0.5278 0.2449 -0.8133
vn 0.4604 0.2027 -0.8643
vn 0.4157 0.1876 -0.8900
vn 0.4183 0.1904 -0.8882
vn 0.3785 0.1556 -0.9124
vn 0.7905 0.3593 -0.4960
vn 0.7848 0.3627 -0.5025
vn 0.7983 0.3750 -0.4712
vn 0.8064 0.3783 -0.4545
vn 0.8158 0.3791 -0.4368
vn 0.8148 0.3773 -0.4401
vn 0.8393 0.4135 -0.3530
vn 0.8265 0.3697 -0.4245
vn 0.8331 0.3889 -0.3934
vn 0.8627 0.4116 -0.2939
vn 0.8650 0.4103 -0.2890
vn 0.8917 0.4266 -0.1514
vn 0.8839 0.4364 -0.1682
vn 0.9035 0.4255 -0.0520
vn 0.8908 0.4455 -0.0897
vn 0.9017 0.4322 -0.0118
vn 0.9017 0.4323 -0.0115
vn 0.8995 0.4341 -0.0502
vn 0.7931 0.4063 -0.4538
vn 0.7796 0.3800 -0.4979
vn 0.7259 0.3521 -0.5908
vn 0.7375 0.3364 -0.5856
vn 0.7218 0.3596 -0.5913
vn 0.7773 0.3619 -0.5146
vn 0.7823 0.3614 -0.5073
vn 0.8644 0.4729 -0.1706
vn 0.8607 0.4736 -0.1870
vn 0.8577 0.4744 -0.1981
vn 0.8552 0.4701 -0.2182
vn 0.8345 0.4542 -0.3121
vn 0.8396 0.4786 -0.2569
vn 0.8341 0.4622 -0.3011
vn 0.8953 0.4414 -0.0604
vn 0.8777 0.4784 -0.0294
vn 0.8903 0.4550 -0.0174
vn 0.8286 0.5597 -0.0137
vn 0.8302 0.5565 -0.0312
vn 0.8282 0.5587 -0.0445
vn 0.8256 0.5580 -0.0831
vn 0.8264 0.5528 -0.1073
vn 0.8157 0.5566 -0.1578
vn 0.0781 -0.0063 -0.9969
vn 0.8142 0.5432 -0.2051
vn 0.7798 0.5358 -0.3238
vn 0.8003 0.5295 -0.2814
vn 0.7350 0.4977 -0.4606
vn 0.7550 0.4981 -0.4265
vn 0.6624 0.4410 -0.6056
vn 0.6779 0.4444 -0.5856
vn 0.5698 0.3702 -0.7337
vn 0.5759 0.3722 -0.7279
vn 0.4627 0.2909 -0.8374
vn 0.4617 0.2905 -0.8382
vn 0.3608 0.2166 -0.9071
vn 0.3536 0.2140 -0.9106
vn 0.2725 0.1523 -0.9500
vn 0.2573 0.1469 -0.9551
vn 0.1997 0.0985 -0.9749
vn 0.1761 0.0899 -0.9803
vn 0.1433 0.0570 -0.9880
vn 0.1131 0.0446 -0.9926
vn 0.0875 0.0090 -0.9961
vn 0.0684 0.0074 -0.9976
vn 0.0386 -0.0197 -0.9991
vn 0.0381 -0.0196 -0.9991
vn 0.0438 -0.0261 -0.9987
vn 0.0427 -0.0249 -0.9988
vn 0.8705 0.4729 -0.1363
vn 0.8727 0.4771 -0.1035
vn 0.8757 0.4749 -0.0878
vn 0.8783 0.4771 -0.0301
vn 0.8785 0.4769 -0.0294
vn 0.0371 -0.0336 -0.9987
vn 0.0380 -0.0231 -0.9990
vn 0.0553 -0.0190 -0.9983
vn 0.0934 0.0078 -0.9956
vn 0.0985 0.0075 -0.9951
vn 0.1602 0.0482 -0.9859
vn 0.1679 0.0503 -0.9845
vn 0.2227 0.0857 -0.9711
vn 0.2325 0.0887 -0.9685
vn 0.3030 0.1332 -0.9436
vn 0.3145 0.1371 -0.9393
vn 0.3988 0.1896 -0.8972
vn 0.4112 0.1940 -0.8907
vn 0.5073 0.2535 -0.8236
vn 0.5192 0.2578 -0.8149
vn 0.6199 0.3203 -0.7164
vn 0.6301 0.3238 -0.7058
vn 0.7158 0.3775 -0.5874
vn 0.7233 0.3798 -0.5767
vn 0.7898 0.4223 -0.4449
vn 0.7915 0.4227 -0.4416
vn 0.8233 0.4467 -0.3502
vn 0.0417 -0.0228 -0.9989
vn 0.0855 0.0113 -0.9963
vn 0.0908 0.0111 -0.9958
vn 0.1473 0.0524 -0.9877
vn 0.1550 0.0548 -0.9864
vn 0.2061 0.0912 -0.9743
vn 0.2157 0.0945 -0.9719
vn 0.2823 0.1411 -0.9489
vn 0.2936 0.1453 -0.9448
vn 0.3742 0.2009 -0.9053
vn 0.3864 0.2058 -0.8991
vn 0.4800 0.2699 -0.8347
vn 0.4917 0.2746 -0.8264
vn 0.5912 0.3428 -0.7301
vn 0.6013 0.3468 -0.7198
vn 0.6877 0.4065 -0.6015
vn 0.6952 0.4091 -0.5911
vn 0.7632 0.4570 -0.4569
vn 0.7677 0.4581 -0.4481
vn 0.8108 0.4894 -0.3209
vn 0.8134 0.4895 -0.3142
vn 0.8372 0.5076 -0.2037
vn 0.8385 0.5072 -0.1993
vn 0.8498 0.5163 -0.1065
vn 0.8503 0.5159 -0.1042
vn 0.8541 0.5191 -0.0310
vn 0.8543 0.5190 -0.0304
vn -0.9201 -0.3918 -0.0000
vn -0.7993 0.6009 -0.0000
vn -0.3918 0.9201 -0.0000
vn 0.1208 0.9927 -0.0000
vn 0.9201 0.3918 -0.0000
vn 0.7993 -0.6009 -0.0000
vn 0.3918 -0.9201 -0.0000
vn -0.1208 -0.9927 -0.0000
vn -0.6009 -0.7993 -0.0000
vn -0.9927 0.1207 -0.0000
vn 0.1086 -0.9941 0.0001
vn 0.1077 -0.9940 -0.0191
vn 0.1081 -0.9934 -0.0372
vn 0.1077 -0.9941 0.0122
vn 0.1077 -0.9923 -0.0615
vn 0.1084 -0.9940 -0.0130
vn 0.1084 -0.9924 -0.0578
vn 0.1067 -0.9940 -0.0223
vn 0.1083 -0.9934 -0.0377
vn -0.1086 0.9941 0.0009
vn -0.1085 0.9941 0.0033
vn -0.1085 0.9941 0.0014
vn -0.1083 0.9941 0.0075
vn 0.6233 -0.2821 0.7293
vn 0.6095 -0.2257 0.7600
vn 0.5327 -0.1104 0.8391
vn 0.4264 0.0890 0.9002
vn 0.4037 0.1112 0.9081
vn 0.6587 -0.3760 0.6517
vn 0.6569 -0.3696 0.6572
vn 0.6534 -0.3674 0.6619
vn 0.7888 -0.3352 0.5153
vn 0.9678 -0.1895 0.1659
vn 0.8139 -0.3190 0.4855
vn 0.8075 -0.3144 0.4991
vn 0.9632 -0.2029 0.1761
vn 0.9502 -0.1918 0.2456
vn 0.9891 -0.1395 0.0463
vn 0.7156 -0.1650 0.6788
vn 0.3558 0.0359 0.9339
vn 0.4473 0.0805 0.8907
vn 0.7706 -0.1764 0.6124
vn 0.8228 0.0158 0.5681
vn 0.6811 0.2514 0.6877
vn 0.7285 0.1255 0.6734
vn 0.5459 0.0857 0.8335
vn 0.9218 0.0577 0.3833
vn 0.9576 0.1707 0.2321
vn 0.8073 -0.2203 0.5475
vn 0.9648 -0.2116 0.1561
vn 0.9503 -0.1466 0.2746
vn 0.8180 -0.2813 0.5017
vn 0.5639 0.1014 0.8196
vn 0.6602 -0.1859 0.7278
vn 0.9970 0.0773 0.0007
vn 0.9917 0.1192 0.0477
vn 0.9698 0.1814 0.1630
vn 0.9911 -0.0772 0.1087
vn 0.9909 -0.0716 0.1137
vn 0.9886 -0.0524 0.1414
vn 0.4031 0.3572 0.8426
vn 0.6394 0.3512 0.6840
vn 0.9128 0.3124 0.2631
vn 0.7387 0.2306 0.6334
vn 0.9230 0.0718 0.3780
vn 0.9370 0.0571 0.3445
vn 0.9819 -0.0245 0.1876
vn 0.9945 -0.0675 0.0802
vn 0.9956 0.0420 0.0838
vn 0.9919 0.1178 0.0472
vn 0.9205 0.3789 0.0957
vn 0.8868 0.4505 0.1030
vn 0.7821 0.6067 0.1420
vn 0.8317 0.4737 0.2895
vn 0.9318 0.2715 0.2408
vn 0.7535 0.4995 0.4275
vn 0.7463 0.4326 0.5059
vn 0.9793 0.1303 0.1546
vn 0.8856 0.3652 0.2868
vn 0.8722 0.2505 0.4201
vn 0.8653 0.2593 0.4290
vn 0.6462 0.4200 0.6372
vn 0.4822 0.3308 0.8112
vn 0.5745 0.2971 0.7627
vn 0.6999 0.2461 0.6705
vn 0.8097 0.1721 0.5610
vn 0.8260 0.3110 0.4700
vn 0.9464 0.1361 0.2928
vn 0.9619 0.1042 0.2529
vn 0.9856 0.0254 0.1669
vn 0.9966 -0.0601 0.0569
vn 0.8822 0.3951 0.2563
vn 0.7780 0.6118 0.1428
vn 0.7990 0.5990 0.0532
vn 0.7840 0.6066 0.1322
vn 0.7415 0.5905 0.3186
vn 0.7386 0.5852 0.3348
vn 0.6852 0.5334 0.4959
vn 0.6966 0.5528 0.4574
vn 0.6128 0.4765 0.6304
vn 0.6357 0.5213 0.5693
vn 0.2948 0.2579 0.9201
vn 0.4523 0.3400 0.8245
vn 0.4891 0.3913 0.7796
vn 0.5223 0.4126 0.7463
vn 0.5864 0.4565 0.6691
vn 0.5018 -0.4982 0.7071
vn 0.5017 -0.4982 0.7071
vn 0.2366 0.0345 0.9710
vn 0.5467 0.2720 0.7919
vn 0.2914 0.0627 0.9545
vn 0.3838 0.1117 0.9166
vn 0.5569 0.3990 0.7285
vn 0.3977 0.1260 0.9088
vn 0.3810 0.0907 0.9201
vn 0.4180 0.1175 0.9008
vn 0.4199 0.1114 0.9007
vn 0.4540 0.1310 0.8813
vn 0.4570 0.1483 0.8770
vn 0.4945 0.0950 0.8640
vn 0.1119 0.9937 0.0071
vn 0.3023 0.9532 -0.0074
vn 0.4017 0.9007 0.1654
vn 0.4921 0.8705 0.0065
vn 0.6583 0.7527 -0.0059
vn 0.7351 0.6692 0.1086
vn 0.7956 0.6057 0.0121
vn 0.8996 0.4366 -0.0101
vn 0.9368 0.3418 0.0751
vn 0.9700 0.2430 -0.0097
vn 0.9897 0.1430 0.0014
vn 0.9991 0.0414 -0.0101
vn 0.9995 -0.0071 0.0319
vn 0.9889 -0.1472 -0.0183
vn 0.9269 -0.3725 0.0466
vn 0.9746 -0.2113 -0.0744
vn 0.9676 -0.2484 0.0445
vn 0.9771 -0.2122 0.0166
vn -0.4742 0.8113 0.3420
vn 0.8789 -0.3343 0.3403
vn 0.8138 -0.4378 0.3822
vn 0.7768 -0.5305 0.3395
vn 0.5368 -0.7750 0.3336
vn 0.9220 -0.1826 0.3414
vn 0.9289 -0.0666 0.3644
vn 0.9237 -0.0203 0.3826
vn 0.9355 0.0957 0.3401
vn 0.8892 0.3062 0.3399
vn 0.8321 0.4014 0.3828
vn 0.7931 0.5054 0.3399
vn 0.6572 0.6726 0.3401
vn 0.5590 0.7356 0.3826
vn 0.4820 0.8076 0.3397
vn 0.2854 0.8959 0.3403
vn 0.1639 0.9094 0.3822
vn 0.0683 0.9381 0.3395
vn -0.2724 0.9025 0.3336
vn 0.3398 -0.8761 0.3420
vn 0.5694 -0.8221 -0.0000
vn 0.4884 -0.8723 0.0218
vn 0.8256 -0.5638 -0.0208
vn 0.7261 -0.6875 0.0139
vn 0.9347 -0.3555 -0.0000
vn 0.9321 -0.3623 0.0008
vn 0.9809 -0.1943 -0.0005
vn 0.9939 -0.1102 -0.0063
vn 0.9974 -0.0715 -0.0028
vn 0.9948 0.1018 0.0024
vn 0.9773 0.2117 -0.0064
vn 0.9455 0.3255 0.0029
vn 0.8433 0.5374 -0.0056
vn 0.8592 0.5117 -0.0010
vn 0.6989 0.7152 0.0007
vn 0.6939 0.7201 -0.0000
vn 0.5125 0.8587 0.0037
vn 0.3765 0.9264 -0.0062
vn 0.3036 0.9528 0.0010
vn 0.0621 0.9981 -0.0016
vn 0.0726 0.9974 -0.0031
vn -0.2587 0.9660 0.0038
vn -0.2890 0.9573 0.0094
vn -0.5047 0.8633 -0.0000
vn -0.5045 0.8634 -0.0000
vn -0.3681 0.5232 0.7686
vn -0.3422 0.5161 0.7852
vn -0.4799 0.4017 0.7800
vn -0.4788 0.4087 0.7770
vn 0.2251 -0.7604 0.6092
vn 0.2307 -0.7599 0.6077
vn 0.2987 -0.5336 0.7912
vn 0.4449 -0.4213 0.7903
vn 0.6090 -0.0676 0.7903
vn 0.5989 0.1298 0.7903
vn 0.5989 0.1297 0.7903
vn -0.2788 0.5406 0.7937
vn -0.1585 0.5919 0.7903
vn 0.0381 0.6116 0.7903
vn 0.2307 0.5677 0.7903
vn 0.3460 0.5004 0.7937
vn 0.4128 0.4804 0.7738
vn 0.4232 0.4391 0.7925
vn 0.1471 -0.6125 0.7767
vn 0.0716 -0.5954 0.8002
vn 0.2926 -0.5501 0.7822
vn 0.3741 -0.7033 0.6045
vn 0.5459 -0.5772 0.6073
vn 0.5587 -0.5290 0.6387
vn 0.6308 -0.4808 0.6090
vn 0.7227 -0.3352 0.6045
vn 0.7772 -0.1599 0.6086
vn 0.7623 -0.0845 0.6417
vn 0.6090 -0.0675 0.7903
vn 0.5559 -0.2578 0.7903
vn 0.6095 -0.2369 0.7566
vn 0.5242 -0.3090 0.7936
vn 0.7710 0.1946 0.6064
vn 0.7589 0.1644 0.6301
vn 0.7900 0.0676 0.6093
vn 0.7934 -0.0325 0.6079
vn 0.7134 0.3478 0.6083
vn 0.6584 0.3922 0.6424
vn 0.5265 0.3136 0.7903
vn 0.5264 0.3136 0.7903
vn 0.6481 0.4584 0.6082
vn 0.5412 0.5823 0.6066
vn 0.5047 0.5874 0.6327
vn 0.4391 0.6603 0.6092
vn 0.2999 0.7380 0.6045
vn 0.0495 0.7951 0.6045
vn -0.5392 0.5435 0.6433
vn -0.5907 0.5306 0.6079
vn -0.4402 0.6639 0.6045
vn -0.2437 0.7563 0.6071
vn -0.1994 0.7445 0.6371
vn -0.1183 0.7843 0.6091
vn 0.6433 -0.5818 0.4976
vn 0.6883 -0.5246 0.5010
vn 0.5588 -0.6549 0.5088
vn 0.5986 -0.6328 0.4912
vn 0.4566 -0.7342 0.5025
vn 0.3848 -0.7567 0.5285
vn 0.4072 -0.7656 0.4981
vn 0.2459 -0.8308 0.4992
vn 0.7218 -0.4823 0.4963
vn 0.7635 -0.4038 0.5040
vn 0.7812 -0.3624 0.5083
vn 0.8036 -0.3229 0.5000
vn 0.8498 -0.1748 0.4973
vn 0.8470 -0.1836 0.4988
vn 0.8662 -0.0355 0.4984
vn 0.8702 -0.0061 0.4926
vn 0.8630 0.0739 0.4998
vn 0.8572 0.1238 0.4999
vn 0.8384 0.2116 0.5023
vn 0.8230 0.3003 0.4822
vn 0.7790 0.3798 0.4988
vn 0.3307 0.8138 0.4780
vn 0.4797 0.7213 0.4997
vn 0.6438 0.5861 0.4920
vn 0.6048 0.6508 0.4590
vn 0.7077 0.5005 0.4987
vn -0.1512 0.8528 0.4999
vn -0.1291 0.8558 0.5010
vn -0.0616 0.8658 0.4967
vn 0.0535 0.8599 0.5076
vn 0.0970 0.8612 0.4989
vn 0.3550 0.7959 0.4904
vn -0.2185 0.8383 0.4995
vn -0.3048 0.8036 0.5112
vn -0.2670 0.8287 0.4919
vn -0.4350 0.7474 0.5021
vn -0.4686 0.7067 0.5301
vn -0.5493 0.6713 0.4977
vn -0.6097 0.6145 0.5006
vn 0.0670 -0.0158 0.9976
vn 0.0531 -0.0250 0.9983
vn 0.0532 -0.0376 0.9979
vn 0.0345 -0.0235 0.9991
vn 0.0355 -0.0387 0.9986
vn 0.0310 -0.0406 0.9987
vn 0.0303 -0.0413 0.9987
vn 0.0297 -0.0417 0.9987
vn -0.2428 0.7381 0.6294
vn -0.3032 0.7961 0.5237
vn -0.2841 0.7041 0.6507
vn -0.3242 0.7029 0.6331
vn -0.3956 0.6541 0.6447
vn -0.1552 0.2917 0.9438
vn -0.0532 0.1163 0.9918
vn -0.0257 0.0779 0.9966
vn 0.0628 0.0357 0.9974
vn 0.0355 0.1514 0.9878
vn -0.0373 0.7236 0.6892
vn -0.0524 0.7623 0.6452
vn -0.1295 0.8546 0.5029
vn -0.1436 0.7253 0.6732
vn -0.1507 0.8060 0.5724
vn -0.0522 0.6226 0.7808
vn 0.0295 0.6477 0.7614
vn 0.1261 0.4375 0.8903
vn -0.0163 0.1433 0.9895
vn 0.0013 0.0676 0.9977
vn -0.1262 0.3125 0.9415
vn -0.1581 0.2951 0.9423
vn -0.2779 0.4997 0.8204
vn 0.2655 0.2293 0.9364
vn 0.3046 0.0217 0.9522
vn 0.1279 0.4350 0.8913
vn 0.0435 0.4091 0.9115
vn -0.0463 0.6153 0.7870
vn -0.1090 0.5936 0.7974
vn -0.2017 0.7757 0.5980
vn -0.2115 0.7505 0.6261
vn 0.0820 0.2041 0.9755
vn 0.0922 0.1169 0.9889
vn -0.0087 0.3730 0.9278
vn -0.0761 0.3466 0.9349
vn -0.0738 0.3401 0.9375
vn -0.1276 0.3144 0.9407
vn -0.2388 0.5229 0.8183
vn -0.2790 0.5009 0.8193
vn -0.3868 0.6828 0.6198
vn -0.3918 0.6594 0.6417
vn 0.1522 0.2582 0.9540
vn 0.1496 0.1260 0.9807
vn 0.0495 0.4000 0.9152
vn -0.0125 0.3786 0.9255
vn -0.1054 0.5890 0.8012
vn -0.1786 0.5601 0.8089
vn -0.1767 0.5546 0.8131
vn -0.2401 0.5245 0.8169
vn -0.3463 0.7172 0.6047
vn -0.3357 0.6367 0.6942
vn -0.7667 0.0269 0.6414
vn -0.5796 0.2065 0.7883
vn -0.3612 -0.1070 0.9263
vn -0.3495 -0.1060 0.9309
vn -0.5861 0.2701 0.7638
vn -0.2799 -0.0147 0.9599
vn -0.2704 -0.0769 0.9597
vn -0.1101 -0.1804 0.9774
vn -0.1841 -0.0686 0.9805
vn -0.0396 0.0694 0.9968
vn -0.0411 0.0574 0.9975
vn -0.0647 0.0828 0.9945
vn -0.0508 0.0369 0.9980
vn -0.0923 0.0712 0.9932
vn -0.0393 -0.0343 0.9986
vn -0.0941 0.0169 0.9954
vn -0.1420 -0.0183 0.9897
vn -0.0467 -0.1018 0.9937
vn -0.1616 -0.0450 0.9858
vn -0.5711 0.6404 0.5135
vn -0.4473 0.5539 0.7022
vn -0.4706 0.6303 0.6175
vn -0.4038 0.6028 0.6882
vn -0.4178 0.6402 0.6446
vn -0.6191 0.4641 0.6335
vn -0.6192 0.4910 0.6127
vn -0.6324 0.5562 0.5392
vn -0.5818 0.5087 0.6346
vn -0.5264 0.5480 0.6501
vn -0.6974 0.4856 0.5271
vn -0.6653 0.4581 0.5895
vn -0.6303 0.4524 0.6309
vn -0.7103 0.4456 0.5450
vn -0.6582 0.3355 0.6739
vn -0.5340 0.2797 0.7979
vn -0.5442 0.2691 0.7946
vn -0.5423 0.2661 0.7969
vn -0.4684 0.3435 0.8140
vn -0.4688 0.3441 0.8135
vn -0.3984 0.4087 0.8211
vn -0.3997 0.4109 0.8194
vn -0.3468 0.4518 0.8220
vn -0.3473 0.4530 0.8210
vn -0.3127 0.4768 0.8215
vn -0.3132 0.4781 0.8206
vn -0.4480 0.0179 0.8939
vn -0.3854 0.0882 0.9185
vn -0.3829 0.0849 0.9199
vn -0.3098 0.1615 0.9370
vn -0.3102 0.1620 0.9368
vn -0.2479 0.2191 0.9437
vn -0.2495 0.2216 0.9427
vn -0.2068 0.2543 0.9447
vn -0.2076 0.2558 0.9442
vn -0.1814 0.2738 0.9445
vn -0.1821 0.2753 0.9440
vn 0.0074 -0.1957 0.9806
vn -0.0643 -0.0831 0.9945
vn 0.0028 -0.1095 0.9940
vn -0.0112 -0.0808 0.9967
vn 0.0299 -0.0416 0.9987
vn 0.0151 -0.0519 0.9985
vn 0.0143 -0.0503 0.9986
vn 0.0435 -0.1059 0.9934
vn 0.0236 -0.0474 0.9986
vn 0.2188 0.0520 0.9744
vn 0.2119 0.0890 0.9732
vn 0.0328 -0.0415 0.9986
vn 0.0532 -0.0640 0.9965
vn 0.0307 -0.0418 0.9987
vn 0.0297 -0.0418 0.9987
vn 0.0349 -0.0394 0.9986
vn 0.0332 -0.0386 0.9987
vn 0.0491 -0.0317 0.9983
vn 0.0366 -0.0284 0.9989
vn 0.0442 -0.0288 0.9986
vn 0.0716 -0.0223 0.9972
vn 0.0541 -0.0181 0.9984
vn 0.0643 -0.0166 0.9978
vn 0.0733 -0.0146 0.9972
vn 0.0933 -0.0032 0.9956
vn 0.0907 -0.0035 0.9959
vn 0.1134 0.0062 0.9935
vn 0.1790 0.0402 0.9830
vn 0.1631 0.0464 0.9855
vn 0.1514 0.0132 0.9884
vn 0.1999 0.0564 0.9782
vn 0.2087 0.0686 0.9756
vn 0.1857 0.0330 0.9820
vn 0.1837 0.0420 0.9821
vn 0.2015 0.0464 0.9784
vn 0.2911 0.0714 0.9540
vn 0.2520 0.0656 0.9655
vn 0.2237 0.0546 0.9731
vn 0.5416 0.2013 0.8162
vn 0.5782 0.2033 0.7901
vn 0.6685 0.2980 0.6814
vn 0.6469 0.2073 0.7338
vn 0.7120 0.2887 0.6401
vn 0.7790 0.3049 0.5479
vn 0.7881 0.3183 0.5269
vn 0.8220 0.3355 0.4602
vn 0.8449 0.3410 0.4121
vn 0.8481 0.3464 0.4010
vn 0.8643 0.3591 0.3522
vn 0.8836 0.3698 0.2873
vn 0.8821 0.3643 0.2987
vn 0.9054 0.3839 0.1813
vn 0.9055 0.3817 0.1855
vn 0.9179 0.3852 0.0947
vn 0.9164 0.3928 0.0765
vn 0.9250 0.3799 -0.0005
vn 0.9254 0.3789 0.0071
vn 0.9430 0.3318 0.0266
vn 0.9440 0.3273 0.0416
vn 0.9386 0.3326 0.0915
vn 0.9318 0.3181 0.1749
vn 0.9327 0.3317 0.1419
vn 0.9083 0.3126 0.2778
vn 0.9111 0.3187 0.2616
vn 0.8665 0.2982 0.4002
vn 0.8647 0.2962 0.4056
vn 0.8001 0.2726 0.5343
vn 0.7871 0.2622 0.5583
vn 0.7088 0.2366 0.6646
vn 0.6844 0.2202 0.6951
vn 0.5964 0.1913 0.7795
vn 0.6204 0.2074 0.7563
vn 0.4899 0.1274 0.8624
vn 0.5470 0.1872 0.8160
vn 0.3773 0.1062 0.9200
vn 0.4175 0.1168 0.9011
vn 0.4544 0.1318 0.8810
vn 0.4932 0.1754 0.8520
vn 0.4403 0.1314 0.8882
vn 0.4563 0.1671 0.8740
vn 0.3550 0.1075 0.9286
vn 0.3565 0.1094 0.9278
vn 0.2640 0.0770 0.9615
vn 0.2636 0.0779 0.9615
vn 0.1250 0.0098 0.9921
vn 0.1090 0.0427 0.9931
vn 0.1198 0.0229 0.9925
vn 0.1394 0.0175 0.9901
vn 0.1545 0.0233 0.9877
vn 0.1795 0.0380 0.9830
vn 0.9357 0.3519 0.0267
vn 0.9313 0.3622 0.0402
vn 0.9283 0.3604 0.0919
vn 0.9278 0.3608 0.0943
vn 0.9181 0.3552 0.1760
vn 0.9170 0.3557 0.1805
vn 0.8963 0.3445 0.2793
vn 0.8940 0.3449 0.2861
vn 0.8559 0.3254 0.4020
vn 0.8517 0.3252 0.4110
vn 0.7907 0.2953 0.5363
vn 0.7838 0.2942 0.5469
vn 0.7008 0.2546 0.6664
vn 0.6913 0.2527 0.6770
vn 0.5899 0.2051 0.7810
vn 0.5786 0.2025 0.7900
vn 0.4763 0.1549 0.8656
vn 0.4645 0.1522 0.8724
vn 0.3759 0.1108 0.9200
vn 0.3581 0.1066 0.9276
vn 0.3156 0.0850 0.9451
vn 0.2821 0.0766 0.9563
vn 0.0071 -0.0527 0.9986
vn 0.0078 -0.0414 0.9991
vn 0.0075 -0.0413 0.9991
vn 0.0221 -0.0453 0.9987
vn 0.0259 -0.0444 0.9987
vn 0.0276 -0.0443 0.9986
vn -0.0215 -0.0750 0.9969
vn -0.0146 -0.0760 0.9970
vn 0.0052 -0.0677 0.9977
vn -0.0667 -0.1429 0.9875
vn -0.0708 -0.1442 0.9870
vn -0.0520 -0.1126 0.9923
vn -0.0353 -0.1086 0.9935
vn -0.0243 -0.0863 0.9960
vn -0.1399 -0.2033 0.9691
vn -0.1214 -0.1960 0.9731
vn -0.1022 -0.1656 0.9809
vn -0.0807 -0.1499 0.9854
vn -0.3284 -0.9000 -0.2866
vn 0.7585 -0.3981 0.5159
vn -0.1733 -0.9755 -0.1354
vn 0.1486 -0.9665 0.2095
vn -0.0191 -0.9991 -0.0375
vn 0.0819 -0.9966 0.0064
vn 0.0892 -0.9960 -0.0074
vn 0.1787 -0.9834 0.0306
vn 0.1325 -0.9912 0.0010
vn 0.1424 -0.9898 -0.0029
vn 0.1919 -0.9814 0.0002
vn 0.1855 -0.9826 -0.0002
vn 0.1824 -0.9832 0.0012
vn 0.1683 -0.9857 -0.0014
vn 0.1658 -0.9862 0.0006
vn 0.1753 -0.9845 0.0074
vn 0.8022 -0.5970 0.0062
vn 0.8053 -0.5928 -0.0117
vn 0.7741 -0.6329 0.0133
vn 0.7762 -0.6305 -0.0022
vn 0.7411 -0.6714 0.0024
vn 0.7385 -0.6738 0.0247
vn 0.7164 -0.6977 -0.0059
vn 0.7150 -0.6991 0.0001
vn 0.6943 -0.7197 -0.0000
vn 0.6885 -0.7236 0.0481
vn 0.6490 -0.7573 -0.0722
vn 0.6374 -0.7670 0.0741
vn 0.6118 -0.7910 -0.0000
vn 0.6068 -0.7948 -0.0000
vn 0.5798 -0.8147 -0.0092
vn 0.5576 -0.8143 0.1613
vn 0.5158 -0.8515 -0.0944
vn 0.5034 -0.8640 -0.0000
vn 0.4705 -0.8824 -0.0000
vn 0.4539 -0.8886 0.0658
vn 0.4049 -0.9042 -0.1359
vn 0.3629 -0.9123 0.1896
vn 0.3337 -0.9427 -0.0001
vn 0.2732 -0.9619 0.0001
vn 0.2456 -0.9498 0.1937
vn 0.1652 -0.9674 -0.1918
vn 0.1576 -0.9815 -0.1088
vn 0.1218 -0.9918 0.0390
vn 0.1015 -0.9948 -0.0000
vn 0.0684 -0.9977 -0.0000
vn 0.0229 -0.9901 -0.1382
vn 0.0104 -0.9998 0.0159
vn -0.0622 -0.9979 -0.0157
vn -0.1042 -0.9744 -0.1990
vn -0.1228 -0.9924 -0.0000
vn -0.1594 -0.9872 -0.0000
vn -0.1869 -0.9812 0.0477
vn -0.2562 -0.9300 -0.2636
vn -0.2599 -0.9278 0.2676
vn -0.3652 -0.9187 -0.1501
vn -0.3814 -0.9244 0.0001
vn -0.4183 -0.9083 0.0001
vn -0.4136 -0.8852 0.2127
vn -0.5036 -0.7523 -0.4249
vn -0.5264 -0.8138 -0.2464
vn -0.5477 -0.8303 0.1031
vn -0.5721 -0.8202 -0.0000
vn -0.5917 -0.8062 -0.0000
vn -0.6321 -0.7441 -0.2161
vn -0.6322 -0.7467 -0.2068
vn -0.6550 -0.7464 0.1179
vn -0.5111 -0.3688 -0.7764
vn 0.7479 -0.6593 0.0779
vn 0.7428 -0.6637 0.0876
vn 0.8339 -0.5486 -0.0600
vn 0.8340 -0.5487 -0.0580
vn 0.7945 -0.6072 -0.0089
vn 0.8841 -0.3706 -0.2847
vn 0.7934 -0.6085 -0.0153
vn 0.7773 -0.6291 0.0100
vn 0.7997 -0.6003 -0.0006
vn 0.8013 -0.5983 0.0005
vn 0.8015 -0.5980 -0.0003
vn 0.8028 -0.5962 0.0003
vn 0.8029 -0.5961 -0.0000
vn 0.8033 -0.5955 0.0002
vn 0.8036 -0.5952 -0.0002
vn 0.8038 -0.5949 -0.0002
vn 0.7968 -0.6042 -0.0008
vn 0.7993 -0.6009 0.0004
vn 0.7993 -0.6009 0.0012
vn 0.6941 -0.7199 -0.0000
vn 0.7077 -0.7061 -0.0233
vn 0.7154 -0.6979 0.0355
vn 0.7360 -0.6768 -0.0148
vn 0.7450 -0.6670 0.0086
vn 0.7547 -0.6561 -0.0079
vn 0.7577 -0.6526 -0.0000
vn 0.7615 -0.6482 -0.0000
vn 0.7645 -0.6446 0.0014
vn 0.7697 -0.6384 -0.0059
vn 0.7724 -0.6351 0.0028
vn 0.7801 -0.6256 -0.0036
vn 0.7808 -0.6248 0.0017
vn 0.7875 -0.6164 -0.0015
vn 0.7877 -0.6160 0.0006
vn 0.7927 -0.6097 -0.0005
vn 0.7927 -0.6096 -0.0000
vn 0.7964 -0.6047 -0.0000
vn 0.7966 -0.6045 0.0018
vn 0.6684 -0.7438 -0.0000
vn 0.6795 -0.7314 -0.0577
vn 0.6654 -0.7462 -0.0227
vn 0.6149 -0.7846 0.0796
vn 0.6416 -0.7637 -0.0711
vn 0.5732 -0.8184 0.0417
vn 0.5880 -0.8089 -0.0002
vn 0.5418 -0.8405 -0.0002
vn 0.5500 -0.8350 -0.0140
vn 0.4817 -0.8757 0.0331
vn 0.4937 -0.8696 -0.0054
vn 0.4170 -0.9089 0.0018
vn 0.4187 -0.9081 -0.0002
vn 0.3605 -0.9327 -0.0002
vn -0.0825 -0.9966 -0.0000
vn -0.0831 -0.9965 0.0063
vn -0.0373 -0.9993 -0.0032
vn -0.0299 -0.9993 -0.0213
vn -0.0100 -0.9999 0.0001
vn 0.0102 -0.9999 -0.0000
vn 0.0332 -0.9993 0.0179
vn 0.0641 -0.9970 -0.0436
vn 0.1201 -0.9919 0.0410
vn 0.1522 -0.9883 -0.0061
vn 0.1810 -0.9835 -0.0000
vn 0.2084 -0.9781 -0.0000
vn 0.2393 -0.9704 0.0320
vn 0.2773 -0.9606 -0.0204
vn 0.3085 -0.9512 0.0001
vn 0.3604 -0.9328 0.0001
vn -0.1332 -0.9903 -0.0386
vn -0.1375 -0.9904 -0.0105
vn -0.1161 -0.9932 -0.0000
vn -0.1481 -0.9890 0.0043
vn -0.1631 -0.9866 -0.0009
vn -0.1807 -0.9835 -0.0076
vn -0.1819 -0.9833 0.0061
vn -0.2033 -0.9791 -0.0007
vn -0.2050 -0.9788 -0.0000
vn -0.2188 -0.9758 -0.0000
vn -0.2192 -0.9757 0.0030
vn -0.2435 -0.9699 -0.0029
vn -0.2437 -0.9698 0.0026
vn -0.2657 -0.9641 -0.0024
vn -0.2655 -0.9641 0.0006
vn -0.2822 -0.9593 -0.0005
vn -0.2822 -0.9594 -0.0000
vn -0.0324 0.0397 -0.9987
vn -0.9343 -0.3555 -0.0267
vn -0.9341 -0.3559 -0.0273
vn -0.8582 -0.3211 -0.4005
vn -0.8959 -0.3410 -0.2846
vn -0.8984 -0.3395 -0.2785
vn -0.9185 -0.3496 -0.1845
vn -0.9214 -0.3470 -0.1749
vn -0.5719 -0.2286 -0.7878
vn -0.4679 -0.1536 -0.8703
vn -0.4532 -0.1645 -0.8761
vn -0.3555 -0.1100 -0.9282
vn -0.3580 -0.1134 -0.9268
vn -0.3059 -0.0927 -0.9475
vn -0.2289 -0.0490 -0.9722
vn -0.2180 -0.0512 -0.9746
vn -0.2180 -0.0519 -0.9746
vn -0.2021 -0.0445 -0.9783
vn -0.1824 -0.0385 -0.9825
vn -0.1712 -0.0389 -0.9845
vn -0.1572 -0.0410 -0.9867
vn -0.1724 -0.0257 -0.9847
vn -0.1227 -0.0125 -0.9924
vn -0.1175 -0.0155 -0.9930
vn -0.0974 0.0051 -0.9952
vn -0.0803 0.0093 -0.9967
vn -0.0774 0.0134 -0.9969
vn -0.0660 0.0196 -0.9976
vn -0.0605 0.0242 -0.9979
vn -0.0539 0.0238 -0.9983
vn -0.0474 0.0313 -0.9984
vn -0.0412 0.0335 -0.9986
vn -0.0424 0.0332 -0.9986
vn -0.0357 0.0384 -0.9986
vn -0.0377 0.0383 -0.9986
vn -0.0294 0.0407 -0.9987
vn -0.0337 0.0400 -0.9986
vn -0.2483 -0.0708 -0.9661
vn -0.2681 -0.0711 -0.9607
vn -0.2661 -0.0748 -0.9610
vn -0.2728 -0.0737 -0.9593
vn -0.3399 -0.0863 -0.9365
vn -0.3249 -0.0807 -0.9423
vn -0.2987 -0.0744 -0.9514
vn -0.3718 -0.1040 -0.9225
vn -0.3748 -0.1062 -0.9210
vn -0.4040 -0.1111 -0.9080
vn -0.4592 -0.1320 -0.8785
vn -0.4845 -0.1480 -0.8622
vn -0.5381 -0.1610 -0.8274
vn -0.6003 -0.1939 -0.7759
vn -0.6372 -0.2005 -0.7442
vn -0.7101 -0.2377 -0.6628
vn -0.7331 -0.2411 -0.6360
vn -0.8012 -0.2737 -0.5321
vn -0.8149 -0.2744 -0.5105
vn -0.8661 -0.3009 -0.3993
vn -0.8731 -0.3006 -0.3837
vn -0.9069 -0.3170 -0.2775
vn -0.9127 -0.3152 -0.2599
vn -0.9285 -0.3278 -0.1744
vn -0.9357 -0.3239 -0.1401
vn -0.9290 -0.3568 -0.0987
vn -0.9308 -0.3537 -0.0916
vn -0.9386 -0.3326 -0.0913
vn -0.9450 -0.3261 -0.0265
vn -0.9425 -0.3316 -0.0407
vn -0.3044 -0.0803 -0.9492
vn -0.3613 -0.1076 -0.9262
vn -0.3730 -0.1099 -0.9213
vn -0.4673 -0.1547 -0.8705
vn -0.4800 -0.1572 -0.8630
vn -0.5789 -0.2041 -0.7895
vn -0.5943 -0.2070 -0.7772
vn -0.6850 -0.2510 -0.6839
vn -0.7034 -0.2533 -0.6641
vn -0.7535 -0.2785 -0.5956
vn -0.7941 -0.2913 -0.5335
vn -0.8105 -0.3070 -0.4989
vn -0.8634 -0.3198 -0.3902
vn 0.7866 -0.6174 -0.0000
vn 0.7883 -0.6153 0.0003
vn 0.7895 -0.6138 0.0008
vn 0.7897 -0.6135 0.0012
vn 0.7896 -0.6136 0.0011
vn 0.7897 -0.6136 0.0012
vn -0.8079 0.5894 -0.0000
vn -0.8281 0.5606 0.0007
vn -0.8223 0.5691 0.0002
vn -0.8438 0.5367 -0.0065
vn -0.8374 0.5466 0.0013
vn -0.8268 0.5625 -0.0031
vn -0.8285 0.5599 -0.0133
vn -0.8268 0.5625 -0.0056
vn -0.1948 0.9808 -0.0010
vn -0.0691 0.9945 0.0787
vn -0.1663 0.9854 0.0360
vn 0.2378 0.9702 0.0469
vn 0.1692 0.9855 0.0125
vn 0.1050 0.9945 0.0025
vn 0.0599 0.9982 0.0001
vn -0.3151 0.9491 0.0029
vn 0.1198 0.1318 -0.9840
vn 0.0241 0.0265 -0.9994
vn 0.0972 0.1177 -0.9883
vn 0.0884 0.1101 -0.9900
vn 0.3579 0.3689 -0.8578
vn 0.2610 0.2985 -0.9180
vn 0.4826 0.5248 -0.7012
vn 0.5104 0.5643 -0.6489
vn 0.6168 0.6758 -0.4035
vn 0.6078 0.6680 -0.4294
vn 0.1833 0.1986 -0.9628
vn 0.3366 0.3752 -0.8636
vn 0.2824 0.3620 -0.8884
vn 0.5139 0.5046 -0.6938
vn 0.3617 0.5060 -0.7830
vn 0.5968 0.5705 -0.5643
vn 0.5226 0.5727 -0.6316
vn 0.5223 0.5725 -0.6320
vn 0.0503 0.1058 -0.9931
vn 0.1160 0.1273 -0.9851
vn -0.0000 0.0001 1.0000
vn -0.0000 -0.0002 1.0000
vn 0.0011 -0.0002 1.0000
vn -0.6687 -0.7388 0.0837
vn -0.6715 -0.7406 0.0237
vn -0.6722 -0.7401 0.0204
vn -0.6723 -0.7378 0.0596
vn -0.6717 -0.7381 0.0632
vn -0.6706 -0.7341 0.1067
vn -0.6676 -0.7368 0.1068
vn -0.6604 -0.7482 0.0634
vn -0.6698 -0.7380 0.0823
vn -0.6724 -0.7399 0.0204
vn -0.6718 -0.7405 0.0188
vn -0.8134 -0.5772 0.0717
vn -0.8262 -0.5587 0.0729
vn -0.9275 -0.3676 0.0681
vn -0.9977 -0.0598 0.0333
vn -0.9929 -0.1104 0.0431
vn -0.9701 0.2423 0.0148
vn -0.9654 0.2607 0.0119
vn -0.7370 -0.6756 0.0181
vn -0.7735 -0.6334 0.0214
vn -0.9288 -0.3702 0.0169
vn -0.9289 -0.3699 0.0170
vn -0.9981 -0.0609 0.0107
vn -0.9981 -0.0607 0.0107
vn -0.9695 0.2452 0.0035
vn -0.9698 0.2439 0.0035
vn -0.8160 0.5781 -0.0049
vn -0.8036 0.5948 -0.0205
vn -0.7531 0.6576 -0.0177
vn -0.4576 0.8885 -0.0331
vn -0.4402 0.8972 -0.0349
vn 0.0381 0.9980 -0.0495
vn 0.0259 0.9985 -0.0485
vn 0.4935 0.8681 -0.0528
vn 0.4846 0.8732 -0.0523
vn 0.6477 0.7125 -0.2699
vn 0.6689 0.7228 -0.1736
vn 0.6605 0.7243 -0.1976
vn 0.6210 0.7456 -0.2418
vn 0.6736 0.7270 -0.1328
vn 0.6633 0.7467 -0.0499
vn 0.6731 0.7386 -0.0379
vn 0.1482 0.2141 -0.9655
vn 0.1034 0.1693 -0.9801
vn 0.6526 0.7360 -0.1802
vn 0.6724 0.7392 -0.0379
vn 0.6740 0.7350 -0.0739
vn 0.6666 0.7449 -0.0298
vn 0.6717 0.7407 -0.0153
vn 0.6104 0.6814 -0.4039
vn 0.6369 0.7037 -0.3150
vn 0.6436 0.7068 -0.2935
vn 0.6492 0.7219 -0.2396
vn 0.6748 0.7259 -0.1327
vn 0.6146 0.7002 -0.3632
vn 0.6033 0.6694 -0.4336
vn 0.5597 0.6315 -0.5366
vn 0.5680 0.6497 -0.5053
vn 0.0674 0.2133 -0.9747
vn 0.3018 0.1499 -0.9415
vn 0.1247 0.2478 -0.9608
vn 0.2973 0.2774 -0.9136
vn 0.1991 0.3000 -0.9329
vn 0.3506 0.3724 -0.8593
vn 0.2821 0.3732 -0.8838
vn 0.4246 0.4642 -0.7773
vn 0.3799 0.4586 -0.8033
vn 0.4995 0.5559 -0.6644
vn 0.4572 0.5411 -0.7058
vn 0.5422 0.6047 -0.5835
vn 0.0985 0.1573 -0.9826
vn 0.0451 0.1244 -0.9912
vn 0.0766 0.1245 -0.9893
vn -0.0253 0.0458 -0.9986
vn -0.0279 0.0429 -0.9987
vn -0.0264 0.0462 -0.9986
vn -0.0253 0.0465 -0.9986
vn -0.0205 0.0493 -0.9986
vn -0.0173 0.0538 -0.9984
vn -0.0153 0.0547 -0.9984
vn -0.0108 0.0584 -0.9982
vn -0.0067 0.0639 -0.9979
vn -0.0001 0.0659 -0.9978
vn 0.0027 0.0703 -0.9975
vn 0.0179 0.0888 -0.9959
vn 0.0175 0.0731 -0.9972
vn 0.0303 0.1025 -0.9943
vn 0.3796 0.4510 -0.8078
vn 0.2936 0.3597 -0.8857
vn 0.2925 0.3596 -0.8861
vn 0.2137 0.2804 -0.9358
vn 0.2134 0.2803 -0.9359
vn 0.1765 0.2428 -0.9539
vn 0.1434 0.2131 -0.9665
vn -0.9916 0.1269 -0.0231
vn -0.8459 0.3342 -0.4156
vn 0.1486 0.9382 -0.3127
vn -0.2402 0.3599 -0.9015
vn -0.1740 0.3885 -0.9049
vn -0.1749 0.3862 -0.9057
vn -0.1938 0.3824 -0.9034
vn -0.2540 0.3476 -0.9026
vn -0.2544 0.3472 -0.9026
vn -0.2507 0.3491 -0.9029
vn -0.2504 0.3519 -0.9019
vn -0.2337 0.3576 -0.9042
vn -0.2603 0.3571 -0.8971
vn -0.2150 0.3665 -0.9053
vn -0.2455 0.3719 -0.8952
vn -0.2143 0.4010 -0.8907
vn -0.1583 0.4538 -0.8769
vn -0.1765 0.4526 -0.8740
vn -0.1587 0.5287 -0.8339
vn -0.0013 0.6164 -0.7875
vn -0.0969 0.5990 -0.7949
vn 0.0265 0.7011 -0.7126
vn -0.0375 0.6843 -0.7283
vn 0.0586 0.7857 -0.6158
vn 0.0222 0.7752 -0.6314
vn 0.0775 0.8611 -0.5026
vn 0.0598 0.8554 -0.5145
vn 0.1899 0.8832 -0.4289
vn 0.1671 0.9004 -0.4017
vn 0.0806 0.8911 -0.4465
vn 0.0824 0.8930 -0.4424
vn 0.0168 0.9059 -0.4231
vn -0.1869 0.6124 -0.7681
vn -0.1399 0.6861 -0.7139
vn -0.1828 0.6709 -0.7186
vn -0.0740 0.7569 -0.6494
vn -0.1148 0.7363 -0.6669
vn -0.0509 0.8431 -0.5354
vn -0.1339 0.8177 -0.5598
vn -0.0693 0.8608 -0.5042
vn -0.0229 0.8763 -0.4812
vn -0.0294 0.8529 -0.5212
vn -0.0020 0.8927 -0.4507
vn -0.0923 0.5352 -0.8397
vn -0.2097 0.5798 -0.7873
vn -0.1939 0.5516 -0.8113
vn -0.1926 0.3999 -0.8961
vn -0.3011 0.4620 -0.8342
vn -0.2594 0.5024 -0.8248
vn -0.2590 0.5010 -0.8258
vn -0.2443 0.5295 -0.8124
vn -0.3316 0.4234 -0.8431
vn -0.2317 0.3483 -0.9083
vn -0.2592 0.3495 -0.9004
vn -0.3315 0.4227 -0.8434
vn -0.3284 0.4273 -0.8423
vn -0.3202 0.4361 -0.8410
vn -0.3200 0.4348 -0.8418
vn -0.2988 0.4622 -0.8349
vn -0.3239 0.4304 -0.8425
vn -0.3314 0.4236 -0.8430
vn -0.3363 0.4220 -0.8419
vn -0.3357 0.4200 -0.8432
vn -0.3352 0.4205 -0.8431
vn -0.3066 0.4479 -0.8399
vn -0.3126 0.4334 -0.8452
vn -0.3312 0.4311 -0.8393
vn -0.2642 0.4732 -0.8404
vn -0.2878 0.4550 -0.8427
vn -0.2962 0.4494 -0.8428
vn -0.2110 0.3710 -0.9043
vn -0.2157 0.3730 -0.9024
vn -0.2660 0.4581 -0.8482
vn -0.2197 0.4976 -0.8391
vn -0.2081 0.4935 -0.8445
vn -0.0456 0.5162 -0.8552
vn -0.0691 0.5078 -0.8587
vn -0.0880 0.5173 -0.8513
vn -0.1177 0.5137 -0.8499
vn -0.1494 0.5198 -0.8411
vn -0.1419 0.5289 -0.8367
vn -0.1652 0.5074 -0.8457
vn 0.0822 0.4774 -0.8748
vn 0.0732 0.4791 -0.8747
vn 0.0372 0.4903 -0.8708
vn 0.0236 0.4863 -0.8735
vn -0.0028 0.5085 -0.8611
vn -0.0211 0.5102 -0.8598
vn -0.0289 0.5116 -0.8588
vn 0.1714 0.4224 -0.8900
vn 0.2001 0.4213 -0.8846
vn 0.1479 0.4072 -0.9013
vn 0.2038 0.3619 -0.9097
vn 0.1932 0.3616 -0.9121
vn 0.2082 0.3341 -0.9193
vn 0.2209 0.3124 -0.9239
vn 0.2181 0.3042 -0.9273
vn 0.2399 0.2744 -0.9312
vn 0.2377 0.2681 -0.9336
vn 0.2382 0.2555 -0.9370
vn 0.2337 0.2820 -0.9305
vn 0.2169 0.2480 -0.9441
vn 0.0510 0.3761 -0.9252
vn 0.1345 0.3012 -0.9440
vn 0.1337 0.3076 -0.9421
vn 0.1779 0.2880 -0.9410
vn 0.1940 0.2783 -0.9407
vn -0.2005 0.4105 -0.8896
vn -0.1352 0.3947 -0.9088
vn -0.1646 0.4352 -0.8851
vn -0.0274 0.3707 -0.9283
vn -0.0493 0.4065 -0.9123
vn 0.0249 0.3649 -0.9307
vn 0.0641 0.3395 -0.9384
vn -0.6844 0.3163 -0.6569
vn -0.6400 0.3520 -0.6830
vn -0.5279 0.3500 -0.7739
vn -0.5594 0.3721 -0.7407
vn -0.3953 0.3892 -0.8320
vn -0.4267 0.4190 -0.8015
vn -0.9182 0.2314 -0.3216
vn -0.8940 0.2512 -0.3711
vn -0.8272 0.2598 -0.4982
vn -0.9140 0.2377 -0.3287
vn -0.9532 0.2284 -0.1982
vn -0.9540 0.2078 -0.2162
vn -0.9671 0.2403 -0.0834
vn -0.9670 0.2408 -0.0831
vn -0.9703 0.2404 -0.0257
vn -0.9712 0.2374 -0.0220
vn -0.9696 0.2446 -0.0060
vn -0.9934 0.1079 -0.0380
vn -0.9873 0.1324 -0.0877
vn -0.9866 0.0968 -0.1315
vn -0.9689 0.1367 -0.2065
vn -0.9639 0.1055 -0.2444
vn -0.9298 0.1328 -0.3433
vn -0.9234 0.1239 -0.3633
vn -0.8786 0.1590 -0.4504
vn -0.8606 0.1447 -0.4883
vn -0.7373 0.2517 -0.6270
vn -0.7832 0.3050 -0.5418
vn -0.8004 0.1965 -0.5663
vn -0.7039 0.1648 -0.6909
vn -0.7603 0.2512 -0.5990
vn -0.5865 0.2117 -0.7818
vn -0.6422 0.2797 -0.7137
vn -0.4613 0.2746 -0.8437
vn -0.4997 0.3081 -0.8095
vn -0.2639 0.3950 -0.8800
vn -0.2988 0.4268 -0.8536
vn -0.3351 0.3185 -0.8868
vn -0.2457 0.2588 -0.9342
vn -0.3202 0.3916 -0.8626
vn -0.1255 0.2896 -0.9489
vn -0.1596 0.3466 -0.9243
vn -0.0274 0.2859 -0.9579
vn -0.0299 0.2899 -0.9566
vn 0.0695 0.2538 -0.9647
vn 0.0684 0.2634 -0.9622
vn 0.1144 0.2040 -0.9723
vn 0.1317 0.2608 -0.9564
vn 0.1230 0.1999 -0.9721
vn 0.1418 0.2287 -0.9631
vn 0.1267 0.2414 -0.9621
vn 0.1301 0.2570 -0.9576
vn 0.1067 0.2827 -0.9532
vn 0.1113 0.2828 -0.9527
vn 0.0990 0.3078 -0.9463
vn 0.1508 0.4250 -0.8925
vn 0.1094 0.4482 -0.8872
vn 0.0666 0.3740 -0.9250
vn 0.0350 0.3603 -0.9322
vn 0.0565 0.3538 -0.9336
vn 0.0917 0.3341 -0.9381
vn 0.0559 0.3211 -0.9454
vn 0.0851 0.3190 -0.9439
vn -0.1560 0.3966 -0.9046
vn -0.1394 0.4019 -0.9050
vn -0.1250 0.3953 -0.9100
vn -0.1059 0.4105 -0.9057
vn -0.0842 0.4049 -0.9105
vn -0.0677 0.4113 -0.9090
vn -0.0545 0.4031 -0.9135
vn -0.0299 0.4047 -0.9140
vn -0.0244 0.3986 -0.9168
vn 0.0065 0.3902 -0.9207
vn 0.0058 0.3917 -0.9201
vn 0.0320 0.3731 -0.9273
vn 0.0785 0.4777 -0.8750
vn 0.1104 0.4483 -0.8870
vn 0.5920 0.2142 0.7770
vn 0.9402 0.3403 0.0136
vn 0.9485 0.3146 0.0374
vn 0.9437 0.3273 0.0477
vn 0.9362 0.3409 0.0859
vn 0.9351 0.3370 0.1099
vn 0.9306 0.3405 0.1344
vn 0.9307 0.3415 0.1314
vn 0.9198 0.3133 0.2364
vn 0.9286 0.2994 0.2191
vn 0.8961 0.3243 0.3029
vn 0.8827 0.3195 0.3446
vn 0.8706 0.3179 0.3754
vn 0.5483 0.2310 0.8037
vn 0.6211 0.2155 0.7535
vn 0.6870 0.2547 0.6806
vn 0.7017 0.2540 0.6657
vn 0.7444 0.2694 0.6110
vn 0.7440 0.2694 0.6115
vn 0.8141 0.2942 0.5007
vn 0.8178 0.2914 0.4964
vn 0.8697 0.3165 0.3788
vn -0.0084 0.9982 0.0591
vn -0.1537 0.9873 -0.0393
vn -0.1434 0.9894 -0.0238
vn -0.2020 0.9794 0.0019
vn -0.2168 0.9762 -0.0000
vn -0.2638 0.9646 -0.0000
vn -0.2894 0.9567 -0.0330
vn -0.3646 0.9307 0.0300
vn -0.3875 0.9219 0.0006
vn -0.0360 0.9994 -0.0000
vn 0.0656 0.9978 -0.0012
vn 0.0806 0.9967 0.0005
vn 0.1550 0.9879 -0.0095
vn 0.2040 0.9756 0.0816
vn 0.2785 0.9603 -0.0147
vn 0.3159 0.9488 -0.0000
vn 0.3542 0.9352 -0.0000
vn 0.3348 0.9421 -0.0175
vn 0.4588 0.8864 0.0620
vn 0.4138 0.9075 -0.0727
vn 0.5228 0.8524 0.0118
vn 0.5373 0.8434 -0.0000
vn 0.5880 0.8087 -0.0163
vn 0.6023 0.7982 0.0098
vn 0.6483 0.7613 -0.0067
vn 0.7203 0.6937 -0.0003
vn 0.6979 0.7125 0.0723
vn 0.6780 0.7350 -0.0001
vn 0.7192 0.6948 -0.0001
vn 0.7594 0.6506 0.0053
vn 0.7712 0.6335 0.0624
vn 0.8150 0.5785 -0.0337
vn 0.8211 0.5707 -0.0098
vn 0.8317 0.5552 -0.0000
vn 0.7714 0.6361 -0.0164
vn 0.8256 0.5634 0.0309
vn 0.8159 0.5768 -0.0404
vn 0.8341 0.5516 -0.0000
vn 0.7839 0.6207 0.0145
vn 0.7635 0.6458 -0.0000
vn 0.7296 0.6838 -0.0001
vn 0.7158 0.6976 -0.0301
vn 0.6804 0.7328 0.0043
vn 0.6183 0.7858 -0.0147
vn 0.6159 0.7878 -0.0056
vn 0.5581 0.8298 0.0007
vn 0.5609 0.8279 -0.0000
vn 0.4861 0.8739 -0.0001
vn 0.5002 0.8657 0.0185
vn 0.3322 0.9430 -0.0215
vn 0.3586 0.9335 0.0065
vn 0.2732 0.9620 -0.0000
vn 0.2528 0.9675 -0.0001
vn 0.2090 0.9778 -0.0112
vn 0.1683 0.9853 0.0286
vn 0.0867 0.9961 -0.0154
vn 0.0601 0.9982 -0.0029
vn 0.0083 0.9999 0.0057
vn 0.0121 0.9999 -0.0002
vn -0.1980 0.9802 0.0002
vn -0.1984 0.9801 0.0007
vn -0.1946 0.9809 -0.0010
vn -0.1892 0.9819 0.0024
vn -0.1844 0.9828 -0.0026
vn -0.1841 0.9829 -0.0035
vn -0.1851 0.9827 0.0035
vn -0.1612 0.9869 -0.0040
vn -0.1609 0.9869 0.0084
vn -0.1495 0.9887 -0.0075
vn -0.1569 0.9876 0.0069
vn -0.1389 0.9903 -0.0071
vn -0.1413 0.9900 -0.0023
vn -0.0898 0.9960 0.0016
vn -0.0722 0.9973 -0.0104
vn -0.0376 0.9993 0.0001
vn -0.0635 0.9980 -0.0053
vn -0.0867 0.9962 0.0106
vn 0.1730 0.0625 0.9829
vn 0.5161 0.1868 0.8359
vn 0.5255 0.1800 0.8315
vn 0.4124 0.1800 0.8930
vn 0.4189 0.1751 0.8910
vn 0.4688 0.1410 0.8720
vn 0.4401 0.1903 0.8776
vn 0.4986 0.1556 0.8528
vn 0.4688 0.1887 0.8629
vn 0.4883 0.1837 0.8531
vn 0.4361 0.1354 0.8896
vn 0.4249 0.1418 0.8941
vn 0.4169 0.1444 0.8974
vn 0.1988 0.0721 0.9774
vn 0.3041 0.1270 0.9441
vn 0.3156 0.0922 0.9444
vn 0.2908 0.1403 0.9464
vn 0.2837 0.0716 0.9562
vn 0.2550 0.1238 0.9590
vn 0.2765 0.0797 0.9577
vn 0.2173 0.0956 0.9714
vn 0.2437 0.0752 0.9669
vn 0.2201 0.0752 0.9726
vn 0.3120 0.1235 0.9420
vn 0.3197 0.1216 0.9397
vn 0.3357 0.1242 0.9337
vn 0.3982 0.1437 0.9060
vn 0.3760 0.1360 0.9166
vn 0.3661 0.1325 0.9211
vn 0.3492 0.1272 0.9284
vn 0.0538 0.0200 0.9984
vn 0.0748 0.0264 0.9969
vn 0.0901 0.0242 0.9956
vn 0.0715 0.0307 0.9970
vn 0.1144 0.0335 0.9929
vn 0.0911 0.0480 0.9947
vn 0.1461 0.0296 0.9888
vn 0.1196 0.0623 0.9909
vn 0.1739 0.0515 0.9834
vn 0.1389 0.0588 0.9886
vn 0.1526 0.0578 0.9866
vn 0.0103 0.0037 0.9999
vn 0.0108 0.0043 0.9999
vn 0.0120 0.0040 0.9999
vn 0.0142 0.0053 0.9999
vn 0.0167 0.0068 0.9998
vn 0.0187 0.0063 0.9998
vn 0.0302 0.0114 0.9995
vn 0.0296 0.0116 0.9995
vn 0.0423 0.0145 0.9990
vn 0.0375 0.0142 0.9992
vn 0.0490 0.0163 0.9987
vn 0.0106 0.0038 0.9999
vn 0.0026 0.0010 1.0000
vn 0.0018 -0.0006 1.0000
vn -0.0085 -0.0027 1.0000
vn -0.0165 -0.0080 0.9998
vn -0.0152 -0.0049 0.9999
vn -0.0267 -0.0100 0.9996
vn -0.0262 -0.0095 0.9996
vn -0.0389 -0.0143 0.9991
vn -0.0409 -0.0191 0.9990
vn -0.0576 -0.0193 0.9982
vn -0.0617 -0.0224 0.9978
vn -0.0697 -0.0253 0.9973
vn -0.0668 -0.0230 0.9975
vn -0.0763 -0.0296 0.9966
vn -0.0776 -0.0314 0.9965
vn -0.1093 -0.0326 0.9935
vn -0.1140 -0.0511 0.9922
vn -0.1485 -0.0508 0.9876
vn -0.1557 -0.0556 0.9862
vn -0.3471 -0.1025 0.9322
vn -0.1609 -0.0583 0.9852
vn -0.1787 -0.0648 0.9818
vn -0.1864 -0.0753 0.9796
vn -0.2420 -0.0762 0.9673
vn -0.2574 -0.1072 0.9603
vn -0.3333 -0.1071 0.9367
vn -0.3347 -0.1113 0.9357
vn -0.6841 0.7294 0.0026
vn -0.6660 0.7459 -0.0042
vn -0.6486 0.7605 -0.0317
vn -0.6267 0.7788 0.0286
vn -0.6038 0.7972 -0.0000
vn -0.6852 0.7283 0.0012
vn -0.6916 0.7222 -0.0000
vn -0.7198 0.6942 -0.0001
vn -0.7115 0.7001 0.0600
vn -0.7441 0.6675 -0.0267
vn -0.7440 0.6676 -0.0262
vn -0.7588 0.6513 0.0034
vn -0.7669 0.6418 -0.0000
vn -0.7698 0.6383 -0.0000
vn -0.7697 0.6384 -0.0000
vn -0.7825 0.6226 -0.0002
vn -0.7827 0.6224 -0.0014
vn -0.8055 0.5925 0.0016
vn -0.8056 0.5925 0.0014
vn -0.8241 0.5664 -0.0010
vn -0.8209 0.5707 0.0205
vn -0.8250 0.5651 0.0005
vn -0.4906 0.8714 -0.0000
vn -0.4783 0.8772 0.0412
vn -0.5613 0.8276 -0.0000
vn -0.5728 0.8192 -0.0297
vn -0.5516 0.8341 -0.0092
vn -0.8229 0.5682 0.0032
vn -0.8282 0.5604 0.0001
vn -0.8645 0.5025 -0.0112
vn -0.8621 0.5067 -0.0061
vn -0.8505 0.5259 0.0097
vn -0.8541 0.5201 -0.0083
vn -0.8391 0.5439 0.0070
vn -0.8454 0.5340 -0.0094
vn -0.8393 0.5437 -0.0002
vn -0.6599 -0.7497 0.0503
vn -0.6599 -0.7496 0.0503
vn 0.9892 -0.1426 0.0343
vn -0.1600 -0.2322 0.9594
vn 0.2943 -0.4725 0.8307
vn 0.2319 -0.4276 0.8737
vn 0.2259 -0.4259 0.8761
vn 0.2362 -0.4283 0.8722
vn 0.2860 -0.3779 0.8806
vn 0.2877 -0.3780 0.8800
vn 0.2873 -0.3794 0.8795
vn 0.2915 -0.3799 0.8779
vn 0.2765 -0.3808 0.8824
vn 0.2882 -0.3836 0.8774
vn 0.2783 -0.3942 0.8759
vn 0.2685 -0.3968 0.8778
vn 0.2723 -0.4148 0.8682
vn 0.2474 -0.4304 0.8681
vn 0.2715 -0.4566 0.8472
vn 0.2843 -0.3782 0.8810
vn 0.2806 -0.3805 0.8812
vn 0.2803 -0.3856 0.8790
vn 0.2700 -0.3841 0.8829
vn 0.2677 -0.3869 0.8824
vn 0.2627 -0.3927 0.8814
vn 0.2602 -0.4012 0.8782
vn 0.2519 -0.3987 0.8818
vn 0.2342 -0.4057 0.8835
vn 0.2384 -0.4065 0.8820
vn 0.2163 -0.4131 0.8846
vn 0.2153 -0.4127 0.8851
vn 0.1878 -0.4322 0.8820
vn 0.1710 -0.4210 0.8908
vn 0.1456 -0.4463 0.8830
vn 0.1224 -0.4307 0.8942
vn 0.1165 -0.4357 0.8925
vn -0.0574 -0.3673 0.9283
vn -0.0427 -0.3862 0.9214
vn -0.0264 -0.3911 0.9200
vn -0.0242 -0.4097 0.9119
vn -0.0072 -0.4083 0.9128
vn 0.0086 -0.4166 0.9091
vn 0.0103 -0.4154 0.9096
vn 0.0281 -0.4257 0.9044
vn 0.0364 -0.4229 0.9054
vn 0.0462 -0.4324 0.9005
vn 0.0546 -0.4322 0.9001
vn 0.0675 -0.4371 0.8969
vn 0.0792 -0.4293 0.8997
vn 0.0860 -0.4352 0.8962
vn 0.1028 -0.4413 0.8915
vn -0.0588 -0.3790 0.9235
vn -0.0689 -0.3631 0.9292
vn -0.0760 -0.3527 0.9326
vn -0.0760 -0.3521 0.9329
vn -0.0898 -0.3437 0.9348
vn -0.0901 -0.3408 0.9358
vn -0.1205 -0.2833 0.9514
vn -0.1163 -0.3069 0.9446
vn -0.1003 -0.3148 0.9439
vn -0.1013 -0.3190 0.9423
vn -0.0961 -0.3329 0.9381
vn -0.1200 -0.2819 0.9519
vn -0.1521 -0.2607 0.9534
vn -0.1416 -0.2584 0.9556
vn -0.1541 -0.2365 0.9593
vn -0.1583 -0.2330 0.9595
vn -0.1475 -0.2172 0.9649
vn -0.1058 -0.2422 0.9645
vn -0.0888 -0.2405 0.9666
vn -0.0630 -0.2704 0.9607
vn 0.0030 -0.2980 0.9546
vn 0.0049 -0.3083 0.9513
vn 0.1072 -0.3353 0.9360
vn 0.1802 -0.3838 0.9057
vn 0.3887 -0.3410 0.8559
vn 0.3699 -0.3315 0.8679
vn 0.2660 -0.3566 0.8956
vn 0.1517 -0.3353 0.9298
vn 0.9281 -0.1861 0.3224
vn 0.9010 -0.1609 0.4030
vn 0.8419 -0.2159 0.4946
vn 0.8427 -0.2168 0.4928
vn 0.7639 -0.2068 0.6113
vn 0.7853 -0.2192 0.5791
vn 0.6870 -0.2543 0.6807
vn 0.6677 -0.2460 0.7026
vn 0.5555 -0.2656 0.7880
vn 0.6429 -0.3468 0.6829
vn 0.5218 -0.3093 0.7950
vn 0.9722 -0.2336 0.0173
vn 0.9906 0.1262 0.0537
vn 0.9795 -0.1981 0.0377
vn 0.9830 -0.1787 0.0429
vn 0.9821 -0.1583 0.1025
vn 0.9826 -0.1397 0.1224
vn 0.9763 -0.1540 0.1518
vn 0.9712 -0.1500 0.1853
vn 0.9627 -0.1512 0.2243
vn 0.9585 -0.1369 0.2501
vn 0.9401 -0.1617 0.3001
vn 0.9138 -0.1591 0.3737
vn -0.3066 -0.5422 0.7823
vn -0.4796 -0.4916 0.7269
vn -0.5186 -0.6856 0.5110
vn -0.6320 -0.7280 0.2659
vn -0.6331 -0.7287 0.2610
vn -0.5585 -0.6545 0.5096
vn -0.2131 -0.5981 0.7726
vn -0.3303 -0.4087 0.8508
vn -0.3512 -0.4255 0.8340
vn -0.5231 -0.6224 0.5822
vn -0.6180 -0.6858 0.3845
vn -0.7775 0.6250 -0.0696
vn -0.7697 0.6357 -0.0583
vn -0.8539 0.4623 0.2391
vn -0.8553 0.3604 0.3722
vn -0.7726 0.6308 -0.0721
vn -0.7668 0.6366 -0.0822
vn -0.8642 0.4904 0.1125
vn 0.6736 0.1436 -0.7250
vn 0.6822 0.3888 -0.6192
vn 0.6824 0.3888 -0.6190
vn 0.6156 0.6764 -0.4044
vn 0.6159 0.6763 -0.4041
vn 0.4693 0.8720 -0.1394
vn 0.4692 0.8720 -0.1393
vn 0.5530 0.8326 -0.0321
vn 0.4876 0.7154 -0.5004
vn 0.7726 0.6128 -0.1664
vn 0.4280 0.4597 -0.7781
vn 0.9124 0.3213 -0.2536
vn 0.4351 0.2222 -0.8725
vn 0.6800 0.2063 -0.7036
vn 0.5389 0.8424 -0.0009
vn 0.7007 0.7135 -0.0000
vn 0.8611 0.5085 -0.0021
vn 0.9402 0.3407 -0.0000
vn 0.9929 -0.1187 -0.0101
vn 0.9813 -0.1892 -0.0340
vn 0.9996 -0.0136 -0.0248
vn 0.7840 0.5860 -0.2050
vn 0.7652 0.4519 0.4585
vn 0.8964 0.2393 -0.3731
vn 0.8650 0.0748 0.4961
vn 0.9999 -0.0142 -0.0050
vn 0.5563 0.8307 -0.0193
vn 0.5385 0.8155 0.2119
vn 0.5360 0.8440 -0.0199
vn 0.9736 0.0332 -0.2258
vn 0.9528 0.2566 0.1624
vn 0.9378 0.2694 0.2190
vn 0.8975 0.4131 -0.1545
vn 0.7928 0.5810 0.1842
vn 0.7931 0.5856 0.1675
vn 0.5139 0.8025 -0.3031
vn 0.9721 0.0697 -0.2239
vn 0.9699 0.0323 -0.2413
vn 0.9434 0.2491 -0.2189
vn 0.9057 0.3621 -0.2207
vn 0.8906 0.4107 -0.1951
vn 0.5347 0.8411 -0.0813
vn 0.6389 0.7245 -0.2584
vn 0.5588 0.8266 -0.0667
vn 0.7612 0.5894 -0.2705
vn 0.6243 0.7756 -0.0930
vn 0.6829 0.6450 -0.3429
vn 0.7902 0.4045 -0.4603
vn 0.7860 0.3392 -0.5169
vn 0.8130 0.1250 -0.5687
vn 0.8046 0.0825 -0.5881
vn 0.7977 0.0160 -0.6028
vn 0.9929 -0.1173 -0.0202
vn 0.9714 -0.0807 -0.2235
vn 0.7787 0.0098 -0.6274
vn 0.8143 0.0007 -0.5804
vn 0.9674 -0.0763 -0.2414
vn 0.7790 -0.0145 -0.6268
vn 0.7977 -0.0183 -0.6028
vn 0.9705 -0.0888 -0.2241
vn 0.9707 -0.0889 -0.2234
vn 0.2166 -0.1558 -0.9637
vn 0.2411 -0.1275 -0.9621
vn 0.6995 -0.7092 -0.0879
vn 0.6986 -0.7088 -0.0979
vn 0.6797 -0.6786 -0.2784
vn 0.6760 -0.6758 -0.2939
vn 0.6318 -0.6211 -0.4637
vn 0.6237 -0.6141 -0.4837
vn 0.5600 -0.5388 -0.6294
vn 0.0771 -0.0476 -0.9959
vn 0.2191 -0.1748 -0.9599
vn 0.3257 -0.2899 -0.8999
vn 0.3468 -0.3092 -0.8855
vn 0.4425 -0.4139 -0.7955
vn 0.3807 -0.2816 -0.8808
vn 0.3561 -0.2603 -0.8975
vn 0.5472 -0.4630 -0.6973
vn 0.4612 -0.3959 -0.7941
vn 0.6696 -0.6003 -0.4373
vn 0.7011 -0.7064 -0.0977
vn 0.7027 -0.7048 -0.0972
vn 0.6763 -0.6755 -0.2938
vn 0.7071 -0.6918 -0.1466
vn 0.6378 -0.6004 -0.4825
vn 0.5468 -0.5223 -0.6543
vn 0.5443 -0.5248 -0.6545
vn 0.4604 -0.4300 -0.7767
vn 0.9921 -0.1245 -0.0180
vn 0.9485 -0.3168 -0.0000
vn -0.0302 0.0174 -0.9994
vn -0.0294 0.0182 -0.9994
vn -0.0322 0.0176 -0.9993
vn -0.0331 0.0180 -0.9993
vn -0.0367 0.0203 -0.9991
vn -0.0226 0.0209 -0.9995
vn -0.0202 0.0224 -0.9995
vn -0.0173 0.0209 -0.9996
vn 0.0208 -0.0229 0.9995
vn 0.0171 -0.0210 0.9996
vn 0.0362 -0.0201 0.9991
vn 0.0330 -0.0180 0.9993
vn 0.0321 -0.0176 0.9993
vn 0.0313 -0.0175 0.9994
vn 0.0311 -0.0175 0.9994
vn 0.0308 -0.0175 0.9994
vn 0.0303 -0.0175 0.9994
vn 0.0298 -0.0177 0.9994
vn 0.0293 -0.0180 0.9994
vn 0.0302 -0.0171 0.9994
vn -0.7858 -0.6153 0.0625
vn -0.7709 -0.6063 0.1951
vn -0.7611 -0.5960 0.2561
vn -0.6929 -0.5426 0.4748
vn -0.6532 -0.5145 0.5556
vn -0.6066 -0.4750 0.6375
vn -0.4374 -0.3425 0.8315
vn -0.4668 -0.3685 0.8039
vn -0.1554 -0.1180 0.9808
vn -0.1909 -0.1495 0.9702
vn -0.9708 -0.1571 0.1816
vn -0.1694 -0.1000 0.9805
vn -0.6421 -0.1527 0.7513
vn -0.4554 -0.1269 0.8812
vn -0.1895 -0.0528 0.9805
vn -0.3012 -0.0585 0.9518
vn -0.1116 -0.0311 0.9933
vn -0.5350 -0.1588 0.8298
vn -0.8051 -0.2176 0.5519
vn -0.8265 -0.2333 0.5123
vn -0.9459 -0.2604 0.1934
vn -0.9534 -0.2858 0.0972
vn -0.4812 -0.2842 0.8293
vn -0.7178 -0.4240 0.5523
vn -0.8448 -0.4990 0.1935
vn -0.6511 0.7481 0.1281
vn -0.6493 0.7437 0.1589
vn -0.5378 0.2566 0.8031
vn -0.5792 0.3533 0.7346
vn -0.6237 0.4539 0.6364
vn -0.6595 0.6043 0.4471
vn -0.6641 0.6329 0.3981
vn -0.6441 0.7533 0.1330
vn -0.6518 0.7471 0.1304
vn -0.6784 0.6710 0.2992
vn -0.6810 0.6197 0.3902
vn -0.5700 0.2112 0.7941
vn -0.5647 0.1979 0.8013
vn -0.6324 0.3594 0.6863
vn -0.6524 0.4316 0.6230
vn -0.6640 0.4662 0.5846
vn -0.6827 0.5924 0.4278
vn -0.6492 0.7491 0.1319
vn -0.6498 0.7482 0.1339
vn -0.6758 0.6237 0.3928
vn -0.6431 0.4389 0.6276
vn -0.5592 0.2287 0.7968
vn -0.5652 0.2439 0.7881
vn -0.6077 0.7793 0.1527
vn -0.6540 0.6138 0.4422
vn -0.5140 0.1879 0.8370
vn -0.5398 0.1508 0.8282
vn -0.6234 0.3663 0.6908
vn -0.5363 0.1519 0.8302
vn -0.5321 0.1528 0.8328
vn -0.5411 0.1989 0.8171
vn -0.5228 0.1856 0.8320
vn -0.5301 0.2316 0.8157
vn -0.4933 0.2243 0.8405
vn -0.3049 0.6476 0.6983
vn -0.4366 0.4898 0.7546
vn -0.4843 0.3634 0.7959
vn -0.1841 0.8602 0.4755
vn -0.1439 0.9414 0.3051
vn -0.2873 0.7913 0.5397
vn -0.4403 0.5558 0.7052
vn -0.4779 0.5552 0.6807
vn -0.4699 0.4893 0.7347
vn -0.5422 0.4783 0.6909
vn -0.5236 0.4161 0.7435
vn -0.5883 0.3955 0.7054
vn -0.5474 0.3099 0.7774
vn -0.6157 0.2739 0.7388
vn -0.5668 0.2061 0.7977
vn -0.5763 0.2062 0.7908
vn -0.1815 0.9154 0.3593
vn -0.2342 0.8367 0.4950
vn -0.3440 0.8365 0.4266
vn -0.3480 0.7927 0.5005
vn -0.4588 0.7757 0.4333
vn -0.4546 0.7333 0.5057
vn -0.5635 0.6984 0.4413
vn -0.5521 0.6547 0.5162
vn -0.6596 0.5979 0.4555
vn -0.6354 0.4876 0.5988
vn -0.0446 0.9902 0.1322
vn -0.0376 0.9843 0.1723
vn -0.1444 0.9795 0.1408
vn -0.1438 0.9775 0.1543
vn -0.2996 0.9398 0.1641
vn -0.2997 0.9385 0.1716
vn -0.4566 0.8772 0.1486
vn -0.4604 0.8640 0.2040
vn -0.5905 0.7963 0.1311
vn -0.6309 0.7055 0.3228
vn 0.5528 0.8333 -0.0018
vn -0.1852 0.9827 0.0013
vn -0.4685 0.8834 -0.0023
vn -0.3766 0.9263 0.0108
vn 0.3307 0.9437 0.0050
vn 0.3695 0.9292 0.0110
vn 0.1892 0.9819 -0.0007
vn -0.0948 0.9955 0.0018
vn 0.0421 0.9989 0.0221
vn -0.0455 0.9989 0.0118
vn 0.6667 0.7454 -0.0000
vn 0.7575 0.6525 0.0194
vn 0.6824 0.7310 0.0072
vn 0.2701 0.2537 0.9288
vn 0.4297 0.3609 0.8277
vn 0.3989 0.3522 0.8467
vn 0.5611 0.4706 0.6810
vn 0.6610 0.5307 0.5305
vn 0.6681 0.5443 0.5073
vn 0.7586 0.6207 0.1981
vn 0.0557 0.1611 0.9854
vn 0.0763 0.1096 0.9910
vn 0.1251 0.1270 0.9840
vn 0.7720 0.6118 0.1722
vn 0.7720 0.6141 0.1641
vn 0.7714 0.6147 0.1644
vn 0.6265 0.5747 0.5264
vn 0.6038 0.5419 0.5845
vn 0.3561 0.4066 0.8414
vn 0.3187 0.3589 0.8773
vn -0.0216 0.1342 0.9907
vn 0.2576 0.4362 0.8622
vn -0.4480 0.2291 0.8642
vn -0.1878 0.2186 0.9576
vn -0.4744 0.1840 0.8609
vn -0.4090 0.3554 0.8405
vn -0.3673 0.4792 0.7971
vn -0.3657 0.4817 0.7964
vn -0.2694 0.6582 0.7030
vn -0.2831 0.6444 0.7104
vn -0.1665 0.8078 0.5654
vn -0.2020 0.7808 0.5913
vn -0.1260 0.8511 0.5096
vn -0.0568 0.9144 0.4008
vn -0.0796 0.9030 0.4221
vn -0.0371 0.9279 0.3709
vn 0.5411 0.6193 0.5689
vn 0.5433 0.5910 0.5963
vn 0.4522 0.6847 0.5716
vn -0.2328 0.1908 0.9536
vn -0.0362 0.4218 0.9060
vn 0.0884 0.6215 0.7784
vn 0.0442 0.6067 0.7937
vn 0.1871 0.7269 0.6608
vn -0.0935 0.1885 0.9776
vn -0.1284 0.1836 0.9746
vn 0.1793 0.4533 0.8731
vn 0.0944 0.5244 0.8462
vn 0.3626 0.7219 0.5894
vn 0.2135 0.8179 0.5342
vn 0.2914 0.8242 0.4856
vn 0.7210 0.6666 0.1893
vn 0.7242 0.6608 0.1972
vn 0.6289 0.7502 0.2039
vn 0.6342 0.7401 0.2235
vn 0.4976 0.8542 0.1507
vn -0.0425 0.1610 0.9860
vn -0.0814 0.1650 0.9829
vn 0.2536 0.4016 0.8800
vn 0.1778 0.4791 0.8596
vn 0.4574 0.6635 0.5921
vn 0.3571 0.7472 0.5605
vn 0.4835 0.7988 0.3581
vn 0.4507 0.8670 0.2126
vn 0.2926 0.9436 0.1548
vn -0.3117 0.2497 0.9168
vn -0.3578 0.2028 0.9115
vn -0.1771 0.4961 0.8500
vn -0.2363 0.4415 0.8656
vn -0.0630 0.6610 0.7478
vn -0.1258 0.6166 0.7771
vn 0.0560 0.7936 0.6059
vn -0.0078 0.7621 0.6474
vn 0.1708 0.8840 0.4351
vn 0.1089 0.8670 0.4863
vn 0.2843 0.9302 0.2323
vn 0.1203 0.9816 0.1484
vn 0.0512 0.9800 0.1923
vn -0.0204 0.0028 0.9998
vn -0.3888 0.0038 0.9213
vn -0.1788 0.1059 0.9782
vn -0.3588 0.0367 0.9327
vn -0.4875 0.0512 0.8716
vn -0.4572 0.0536 0.8878
vn -0.5034 0.0315 0.8635
vn -0.5109 0.0078 0.8596
vn -0.5335 -0.0006 0.8458
vn -0.5286 -0.0034 0.8488
vn -0.0342 0.0007 0.9994
vn -0.0390 0.0016 0.9992
vn -0.1991 -0.0019 0.9800
vn -0.0261 0.0013 0.9997
vn -0.0292 0.0021 0.9996
vn -0.1965 0.0033 0.9805
vn -0.1966 -0.0009 0.9805
vn -0.3885 0.0039 0.9214
vn -0.3964 0.0561 0.9164
vn -0.3173 0.0359 0.9477
vn -0.1652 0.0241 0.9860
vn -0.1469 0.0130 0.9891
vn -0.0184 0.0024 0.9998
vn -0.0118 0.0013 0.9999
vn -0.1577 0.0716 0.9849
vn -0.1252 0.0338 0.9916
vn 0.0004 -0.0128 0.9999
vn -0.0453 0.0068 0.9989
vn -0.0170 0.0005 0.9999
vn -0.0272 0.0025 0.9996
vn -0.1667 0.0085 0.9860
vn -0.1759 0.0141 0.9843
vn -0.3605 0.0185 0.9326
vn -0.3883 0.0235 0.9212
vn -0.5254 0.0263 0.8504
vn -0.5106 0.0201 0.8596
vn -0.1156 -0.0027 0.9933
vn -0.1219 -0.0019 0.9925
vn -0.1220 0.0007 0.9925
vn -0.1937 0.0335 0.9805
vn -0.9830 -0.0327 0.1806
vn -0.4717 -0.0140 0.8817
vn -0.6604 -0.0201 0.7507
vn -0.6603 -0.0200 0.7507
vn -0.8578 -0.0265 0.5134
vn -0.8577 -0.0265 0.5134
vn -0.9843 -0.0308 0.1738
vn -0.9654 0.1811 0.1874
vn -0.3081 -0.0088 0.9513
vn -0.3988 -0.0224 0.9168
vn -0.3905 0.0841 0.9168
vn -0.6526 0.0924 0.7520
vn -0.5454 0.1140 0.8304
vn -0.8447 0.1495 0.5139
vn -0.8176 0.1590 0.5534
vn -0.9645 0.1790 0.1939
vn -0.1772 0.0873 0.9803
vn 0.0478 0.4123 0.9098
vn 0.3969 0.8970 0.1945
vn 0.4387 0.8232 0.3603
vn -0.0894 0.1762 0.9803
vn -0.0291 0.1954 0.9803
vn 0.0114 0.1950 0.9807
vn 0.0174 0.1842 0.9827
vn -0.2537 0.4999 0.8281
vn -0.0826 0.5544 0.8281
vn 0.0960 0.5522 0.8282
vn 0.0936 0.5264 0.8451
vn -0.3778 0.7444 0.5506
vn -0.1231 0.8257 0.5506
vn 0.1428 0.8224 0.5507
vn 0.1436 0.8182 0.5567
vn 0.3542 0.7506 0.5579
vn 0.3307 0.7622 0.5565
vn -0.6979 0.6898 0.1927
vn -0.5937 0.5868 0.5506
vn -0.3987 0.3941 0.8281
vn -0.1405 0.1389 0.9803
vn -0.7495 0.6364 -0.1824
vn -0.6364 0.7465 0.1945
vn -0.4440 0.8750 0.1927
vn -0.1446 0.9705 0.1927
vn 0.1696 0.9665 0.1927
vn 0.0986 0.9801 -0.1724
vn 0.2532 0.9477 0.1946
vn -0.5028 0.2478 0.8281
vn -0.7488 0.3690 0.5506
vn -0.8802 0.4338 0.1927
vn 0.1172 0.1559 -0.9808
vn 0.0708 0.0904 -0.9934
vn 0.5894 0.7839 -0.1951
vn 0.5896 0.7843 -0.1928
vn 0.1828 0.2431 -0.9526
vn 0.2809 0.3737 -0.8840
vn 0.3349 0.4433 -0.8315
vn 0.3803 0.5058 -0.7743
vn 0.4996 0.6646 -0.5556
vn 0.4425 0.5811 -0.6830
vn 0.5113 0.6801 -0.5254
vn -0.7680 -0.6384 0.0520
vn -0.8479 -0.5301 0.0002
vn -0.9065 -0.4223 -0.0006
vn -0.9309 -0.3604 0.0597
vn -0.9632 -0.2689 0.0002
vn -0.9888 -0.1493 -0.0002
vn -0.9980 -0.0424 0.0473
vn -0.6153 -0.0051 0.7883
vn -0.6192 0.0025 0.7853
vn -0.6561 -0.0461 0.7533
vn -0.6355 -0.0242 0.7717
vn -0.6188 -0.0101 0.7855
vn -0.6375 -0.0174 0.7703
vn -0.6334 -0.0276 0.7734
vn -0.6506 -0.0404 0.7583
vn -0.6528 -0.0397 0.7565
vn -0.6141 -0.0011 0.7892
vn -0.6025 0.0160 0.7980
vn -0.5938 0.0079 0.8046
vn -0.5882 -0.0074 0.8087
vn -0.5888 -0.0053 0.8083
vn -0.5914 0.0011 0.8064
vn -0.5925 -0.0075 0.8055
vn -0.5939 -0.0041 0.8045
vn -0.5862 0.0167 0.8100
vn -0.5972 -0.0027 0.8021
vn -0.5960 0.0060 0.8030
vn -0.5884 -0.0065 0.8086
vn -0.5799 0.0081 0.8147
vn -0.5799 0.0058 0.8147
vn -0.5658 0.0329 0.8239
vn -0.5645 0.0200 0.8252
vn -0.5536 0.0522 0.8311
vn -0.5486 0.0324 0.8355
vn -0.5198 0.0906 0.8495
vn -0.5215 0.0892 0.8486
vn -0.5238 0.0867 0.8474
vn -0.5248 0.0853 0.8469
vn -0.5253 0.0845 0.8467
vn -0.5257 0.0839 0.8466
vn -0.5252 0.0849 0.8467
vn -0.4910 0.1566 0.8570
vn -0.5044 0.1290 0.8538
vn -0.5023 0.1426 0.8529
vn -0.4735 0.1844 0.8613
vn -0.4949 0.1770 0.8508
vn -0.4976 0.1827 0.8479
vn -0.4949 0.1762 0.8509
vn -0.5032 0.1379 0.8531
vn -0.5130 0.1104 0.8512
vn -0.5133 0.1304 0.8482
vn -0.5064 0.1307 0.8523
vn -0.5097 0.0955 0.8550
vn -0.5159 0.1115 0.8494
vn -0.5202 0.0903 0.8493
vn -0.5203 0.0903 0.8492
vn -0.5263 0.1116 0.8430
vn -0.5388 0.0546 0.8407
vn -0.5454 0.0721 0.8351
vn -0.5400 0.0717 0.8386
vn -0.5366 0.0516 0.8423
vn -0.5594 0.0818 0.8249
vn -0.5795 0.0503 0.8134
vn -0.5760 0.0329 0.8168
vn -0.5649 0.0536 0.8234
vn -0.5626 0.0598 0.8245
vn -0.5928 0.0402 0.8043
vn -0.5790 0.0382 0.8144
vn -0.5852 0.0285 0.8104
vn -0.5948 0.0154 0.8037
vn -0.5940 0.0081 0.8045
vn -0.5965 0.0074 0.8026
vn -0.6574 -0.0392 0.7525
vn -0.6634 -0.0400 0.7472
vn -0.6463 -0.0360 0.7622
vn -0.0186 -0.0849 0.9962
vn 0.0299 -0.0368 0.9989
vn -0.0069 -0.0703 0.9975
vn 0.0128 -0.0626 0.9980
vn 0.0092 -0.0564 0.9984
vn 0.0246 -0.0399 0.9989
vn 0.0276 -0.0455 0.9986
vn 0.0154 -0.0363 0.9992
vn 0.0184 -0.0286 0.9994
vn 0.0342 -0.0395 0.9986
vn 0.0319 -0.0380 0.9988
vn 0.0206 -0.0237 0.9995
vn 0.0228 -0.0254 0.9994
vn 0.0170 -0.0284 0.9995
vn 0.0137 -0.0296 0.9995
vn -0.1184 -0.1739 0.9776
vn -0.0771 -0.1584 0.9844
vn -0.0892 -0.1441 0.9855
vn -0.0653 -0.1256 0.9899
vn -0.0572 -0.1103 0.9923
vn -0.0308 -0.1015 0.9944
vn -0.0281 -0.0816 0.9963
vn 0.0004 -0.0610 0.9981
vn -0.0003 -0.0525 0.9986
vn 0.0123 -0.0404 0.9991
vn 0.0138 -0.0388 0.9992
vn 0.1085 -0.9941 0.0011
vn 0.1088 -0.9941 0.0025
vn 0.6801 0.7329 0.0176
vn 0.3418 0.5090 0.7900
vn 0.6870 0.7210 0.0910
vn 0.6525 0.7577 0.0004
vn 0.5811 0.8134 0.0244
vn 0.5960 0.8017 -0.0447
vn 0.5950 0.7931 -0.1304
vn 0.6284 0.7779 0.0005
vn 0.6802 0.7331 0.0005
vn 0.6704 0.7420 -0.0000
vn 0.6704 0.7420 0.0006
vn 0.6926 0.7213 0.0045
vn 0.6923 0.7216 0.0017
vn 0.6981 0.7160 0.0017
vn 0.6981 0.7160 0.0016
vn 0.7037 0.7105 0.0016
vn 0.7037 0.7105 0.0014
vn 0.7099 0.7043 0.0015
vn 0.7099 0.7043 0.0013
vn 0.7162 0.6979 0.0013
vn 0.7162 0.6979 0.0012
vn 0.7189 0.6952 0.0011
vn 0.7188 0.6951 0.0154
vn 0.7170 0.6961 0.0368
vn 0.7055 0.6935 0.1458
vn 0.6948 0.7159 0.0691
vn 0.6975 0.6955 0.1723
vn 0.6914 0.7089 0.1393
vn 0.6776 0.6827 0.2735
vn 0.6774 0.6872 0.2625
vn 0.6470 0.6538 0.3924
vn 0.6458 0.6495 0.4014
vn 0.5997 0.6056 0.5230
vn 0.5905 0.5874 0.5534
vn 0.4990 0.5042 0.7049
vn 0.5022 0.5129 0.6963
vn 0.4232 0.4061 0.8099
vn 0.3543 0.3524 0.8662
vn 0.3357 0.3200 0.8860
vn 0.1026 0.0701 0.9923
vn 0.1255 0.0947 0.9876
vn 0.1397 0.1315 0.9814
vn 0.1742 0.1480 0.9735
vn 0.2540 0.2309 0.9393
vn 0.2408 0.2242 0.9443
vn 0.2931 0.2739 0.9160
vn 0.0910 0.0604 0.9940
vn 0.0747 0.0502 0.9959
vn 0.0730 0.0392 0.9966
vn 0.0522 0.0121 0.9986
vn 0.0432 0.0091 0.9990
vn 0.0389 -0.0028 0.9992
vn 0.0322 -0.0101 0.9994
vn 0.0329 -0.0096 0.9994
vn 0.0342 -0.0084 0.9994
vn 0.0294 -0.0150 0.9995
vn 0.0292 -0.0108 0.9995
vn 0.0300 -0.0108 0.9995
vn 0.0305 -0.0108 0.9995
vn 0.0309 -0.0107 0.9995
vn 0.0315 -0.0105 0.9994
vn 0.0325 -0.0238 0.9992
vn 0.0311 -0.0252 0.9992
vn 0.0406 -0.0228 0.9989
vn 0.0404 -0.0233 0.9989
vn 0.0437 -0.0248 0.9987
vn 0.0424 -0.0247 0.9988
vn 0.0402 -0.0252 0.9989
vn 0.0359 -0.0211 0.9991
vn 0.0305 -0.0256 0.9992
vn 0.0403 -0.0149 0.9991
vn 0.0454 -0.0180 0.9988
vn 0.0416 -0.0213 0.9989
vn 0.0857 0.0205 0.9961
vn 0.0531 0.0171 0.9984
vn 0.0747 0.0477 0.9961
vn 0.0879 0.0583 0.9944
vn 0.0890 0.0590 0.9943
vn 0.0883 0.0657 0.9939
vn 0.1403 0.1392 0.9803
vn 0.1483 0.1972 0.9691
vn 0.1372 0.1422 0.9803
vn 0.1370 0.1466 0.9797
vn 0.1160 0.1282 0.9849
vn 0.0870 0.0924 0.9919
vn 0.2902 0.3892 0.8742
vn 0.3258 0.3909 0.8608
vn 0.2676 0.3642 0.8921
vn 0.1732 0.2775 0.9450
vn 0.2278 0.2863 0.9307
vn 0.1747 0.2385 0.9553
vn 0.4268 0.5153 0.7431
vn 0.5041 0.5057 0.7002
vn 0.3429 0.6873 0.6403
vn 0.5984 0.7872 0.1490
vn 0.5812 0.7923 0.1857
vn 0.5965 0.7967 0.0976
vn 0.5918 0.8028 0.0730
vn 0.5967 0.8013 0.0432
vn 0.5958 0.8029 0.0191
vn 0.5960 0.8027 0.0207
vn 0.5784 0.8158 -0.0019
vn 0.5457 0.8371 0.0397
vn 0.5705 0.8213 0.0026
vn 0.7172 0.6966 0.0185
vn 0.7161 0.6978 0.0159
vn 0.7067 0.7074 0.0159
vn 0.7097 0.7038 0.0308
vn 0.7037 0.7103 0.0165
vn 0.6950 0.7188 0.0165
vn 0.6979 0.7156 0.0298
vn 0.6923 0.7214 0.0171
vn 0.7110 0.7014 0.0500
vn 0.7064 0.7067 0.0384
vn 0.6886 0.7241 0.0385
vn 0.6941 0.7168 0.0666
vn 0.6829 0.7295 0.0401
vn 0.6831 0.7302 0.0171
vn 0.6862 0.7268 0.0308
vn 0.6897 0.7241 0.0018
vn 0.6863 0.7273 0.0017
vn 0.6863 0.7273 0.0019
vn 0.6801 0.7331 0.0018
vn 0.6801 0.7331 0.0021
vn 0.6704 0.7420 0.0019
vn 0.6704 0.7420 0.0024
vn 0.6284 0.7779 0.0031
vn 0.6284 0.7779 0.0026
vn 0.6284 0.7779 0.0002
vn 0.6704 0.7420 0.0070
vn 0.6801 0.7331 0.0071
vn 0.6801 0.7331 0.0069
vn 0.6863 0.7273 0.0069
vn 0.6863 0.7272 0.0067
vn 0.6923 0.7216 0.0067
vn 0.6923 0.7216 0.0065
vn 0.6980 0.7161 0.0065
vn 0.6981 0.7160 0.0062
vn 0.7037 0.7105 0.0063
vn 0.7037 0.7104 0.0060
vn 0.7099 0.7043 0.0060
vn 0.7099 0.7043 0.0057
vn 0.7162 0.6979 0.0057
vn 0.7162 0.6979 0.0055
vn 0.7188 0.6952 0.0055
vn 0.7191 0.6949 0.0042
vn 0.6284 0.7779 0.0084
vn 0.6399 0.7602 0.1119
vn 0.6430 0.7658 0.0029
vn 0.6430 0.7658 0.0024
vn 0.6430 0.7658 0.0005
vn 0.6431 0.7658 0.0003
vn 0.6181 0.7861 0.0002
vn 0.6129 0.7891 0.0408
vn 0.6130 0.7901 0.0028
vn 0.6129 0.7901 0.0033
vn 0.6130 0.7901 0.0082
vn 0.5946 0.7959 0.1138
vn 0.5691 0.7811 0.2571
vn 0.5809 0.8126 0.0474
vn 0.5714 0.8207 0.0035
vn 0.5810 0.8139 0.0038
vn 0.5810 0.8139 0.0031
vn 0.5971 0.8021 0.0035
vn 0.5972 0.8021 0.0029
vn 0.5860 0.7851 0.2006
vn 0.5715 0.7733 0.2745
vn 0.5723 0.7666 0.2911
vn 0.5477 0.7383 0.3937
vn 0.5460 0.7287 0.4133
vn 0.5075 0.6860 0.5214
vn 0.5028 0.6709 0.5451
vn 0.4835 0.6470 0.5895
vn 0.4172 0.5516 0.7223
vn 0.4176 0.5518 0.7219
vn 0.2978 0.3828 0.8745
vn 0.3008 0.3847 0.8726
vn 0.2091 0.2574 0.9434
vn 0.2149 0.2612 0.9411
vn 0.1278 0.1418 0.9816
vn 0.1395 0.1456 0.9795
vn 0.0731 0.0566 0.9957
vn 0.0863 0.0601 0.9945
vn 0.0489 0.0111 0.9987
vn 0.0609 0.0135 0.9981
vn 0.0442 -0.0081 0.9990
vn 0.0392 -0.0050 0.9992
vn 0.6594 0.7518 0.0003
vn 0.6546 0.7497 0.0972
vn 0.6570 0.7539 0.0022
vn 0.6570 0.7539 0.0027
vn 0.6537 0.7483 0.1130
vn 0.6373 0.7409 0.2120
vn 0.6501 0.7596 0.0175
vn 0.6500 0.7597 0.0196
vn 0.6498 0.7590 0.0403
vn 0.6494 0.7592 0.0428
vn 0.6480 0.7561 0.0923
vn 0.6471 0.7564 0.0956
vn 0.6413 0.7468 0.1762
vn 0.6399 0.7469 0.1808
vn 0.6268 0.7276 0.2788
vn 0.6248 0.7272 0.2843
vn 0.6000 0.6934 0.3989
vn 0.5974 0.6922 0.4048
vn 0.5569 0.6395 0.5300
vn 0.5538 0.6375 0.5356
vn 0.4663 0.5272 0.7103
vn 0.4626 0.5255 0.7140
vn 0.3330 0.3659 0.8690
vn 0.3319 0.3653 0.8697
vn 0.2322 0.2442 0.9415
vn 0.2339 0.2452 0.9408
vn 0.1395 0.1317 0.9814
vn 0.1455 0.1333 0.9803
vn 0.0753 0.0498 0.9959
vn 0.0833 0.0515 0.9952
vn 0.0458 0.0074 0.9989
vn 0.0535 0.0086 0.9985
vn 0.0353 -0.0128 0.9993
vn 0.0291 -0.0150 0.9995
vn 0.5463 0.8367 0.0396
vn 0.3753 0.9267 0.0194
vn 0.1465 0.9853 0.0879
vn -0.3775 0.7923 0.4793
vn -0.5533 0.8157 0.1687
vn -0.5669 0.8052 0.1740
vn -0.5206 0.8387 0.1597
vn -0.5398 0.8264 0.1602
vn -0.5532 0.8157 0.1690
vn -0.4603 0.8751 0.1493
vn -0.4989 0.8580 0.1219
vn -0.4846 0.8696 0.0946
vn -0.4450 0.8898 0.1015
vn -0.4766 0.8758 0.0763
vn -0.4696 0.8813 0.0530
vn -0.4424 0.8950 0.0570
vn -0.4669 0.8835 0.0383
vn -0.4651 0.8849 0.0263
vn -0.4335 0.9008 0.0260
vn -0.4690 0.8831 0.0129
vn -0.4614 0.8872 0.0080
vn -0.4887 0.8724 0.0032
vn 0.5332 0.8430 0.0713
vn 0.3490 0.9370 0.0184
vn 0.2255 0.9742 0.0022
vn -0.2875 0.9524 0.1011
vn 0.5931 0.7796 0.2011
vn 0.6007 0.7854 0.1492
vn 0.2535 0.7109 0.6560
vn 0.1989 0.8308 0.5198
vn 0.8088 0.2926 0.5100
vn -0.2481 0.9480 0.1994
vn 0.6912 0.5992 0.4039
vn 0.3283 0.9124 0.2444
vn -0.0511 0.7600 0.6479
vn 0.2888 0.5587 0.7775
vn 0.3386 0.5985 0.7261
vn -0.0497 0.5870 0.8081
vn 0.1895 0.4465 0.8745
vn 0.2367 0.4833 0.8429
vn -0.0523 0.4228 0.9047
vn 0.1032 0.3209 0.9415
vn 0.1024 0.4229 0.9004
vn -0.2503 0.6079 0.7535
vn -0.4316 0.7504 0.5007
vn -0.4567 0.7616 0.4598
vn -0.5641 0.8008 0.2014
vn -0.5788 0.7989 0.1635
vn -0.5110 0.8490 0.1348
vn -0.5270 0.8361 0.1522
vn -0.3034 0.8497 0.4313
vn -0.3770 0.7922 0.4799
vn -0.2143 0.7088 0.6720
vn -0.2999 0.6419 0.7057
vn -0.0241 0.4038 0.9145
vn 0.1929 0.9747 0.1129
vn 0.3948 0.9118 0.1127
vn 0.3753 0.8960 0.2375
vn 0.3757 0.8958 0.2375
vn 0.3256 0.8559 0.4017
vn 0.3262 0.8557 0.4017
vn 0.2548 0.8020 0.5402
vn 0.1907 0.7519 0.6311
vn 0.0913 0.6718 0.7351
vn 0.0907 0.6721 0.7349
vn -0.0347 0.5742 0.8180
vn 0.3580 0.9336 0.0167
vn 0.1426 0.9895 0.0213
vn 0.1394 0.9864 0.0873
vn 0.1397 0.9863 0.0873
vn 0.1231 0.9730 0.1951
vn 0.1237 0.9729 0.1952
vn 0.0827 0.9403 0.3303
vn 0.0834 0.9401 0.3305
vn 0.0239 0.8958 0.4439
vn 0.0240 0.8958 0.4439
vn -0.0287 0.8545 0.5186
vn -0.1099 0.7888 0.6048
vn 0.0636 0.2323 0.9706
vn -0.0882 0.4542 0.8865
vn -0.1330 0.4984 0.8567
vn -0.0352 0.5746 0.8177
vn -0.2137 0.7085 0.6726
vn -0.1105 0.7890 0.6043
vn -0.3029 0.8496 0.4318
vn -0.2452 0.8962 0.3698
vn -0.3153 0.9072 0.2784
vn -0.2076 0.9256 0.3165
vn -0.1648 0.9577 0.2358
vn -0.1654 0.9577 0.2356
vn -0.1363 0.9808 0.1392
vn -0.1368 0.9808 0.1391
vn -0.1250 0.9902 0.0622
vn -0.1254 0.9902 0.0622
vn -0.1229 0.9924 0.0102
vn -0.1157 0.9932 0.0093
vn 0.0494 0.0387 0.9980
vn 0.1406 0.1073 0.9842
vn 0.1875 0.1468 0.9712
vn 0.2907 0.2277 0.9293
vn 0.3689 0.2898 0.8831
vn 0.4434 0.3436 0.8279
vn 0.5106 0.3998 0.7612
vn 0.5764 0.4514 0.6812
vn 0.6349 0.4987 0.5901
vn 0.6800 0.5294 0.5073
vn 0.7725 0.6112 0.1722
vn 0.7646 0.5988 0.2383
vn 0.7735 -0.6338 -0.0006
vn 0.7717 -0.6360 -0.0017
vn 0.7701 -0.6379 -0.0030
vn 0.7292 -0.6843 -0.0000
vn 0.7281 -0.6854 0.0039
vn 0.7597 -0.6503 -0.0005
vn 0.7679 -0.6405 -0.0046
vn 0.7665 -0.6422 -0.0064
vn 0.7687 -0.6397 -0.0042
vn 0.8166 -0.5770 0.0155
vn 0.7532 -0.6282 -0.1951
vn 0.8122 -0.5498 -0.1949
vn 0.6887 -0.4662 -0.5553
vn 0.4603 -0.3116 -0.8313
vn 0.1617 -0.1094 -0.9808
vn 0.7777 -0.5976 -0.1951
vn 0.7425 -0.5945 -0.3086
vn 0.6492 -0.5198 -0.5553
vn 0.4339 -0.3474 -0.8313
vn 0.1524 -0.1220 -0.9808
vn 0.7141 -0.6723 -0.1949
vn 0.6056 -0.5701 -0.5553
vn 0.4047 -0.3810 -0.8313
vn 0.1422 -0.1338 -0.9808
vn 0.7083 0.6789 -0.1934
vn 0.9677 -0.1608 -0.1943
vn 0.1747 0.0914 -0.9804
vn 0.4961 0.2594 -0.8286
vn 0.7393 0.3866 -0.5513
vn 0.1811 -0.0780 -0.9804
vn 0.5141 -0.2215 -0.8286
vn 0.7662 -0.3302 -0.5513
vn 0.9011 -0.3883 -0.1930
vn 0.9807 -0.0162 -0.1948
vn 0.9364 -0.1041 -0.3352
vn 0.8292 -0.0921 -0.5513
vn 0.5564 -0.0618 -0.8286
vn 0.1960 -0.0218 -0.9804
vn 0.1938 0.0364 -0.9804
vn 0.5502 0.1033 -0.8286
vn 0.8200 0.1539 -0.5513
vn 0.9643 0.1810 -0.1930
vn 0.8695 0.4547 -0.1930
vn 0.8099 0.4659 -0.3563
vn 0.9131 0.3582 -0.1949
vn 0.6001 0.7758 -0.1951
vn 0.6903 0.6802 -0.2466
vn 0.5943 0.5856 -0.5513
vn 0.3987 0.3929 -0.8286
vn 0.1404 0.1384 -0.9804
vn -0.9109 -0.4090 0.0543
vn -0.9994 -0.0335 0.0092
vn -0.9966 0.0623 0.0545
vn -0.9828 0.1845 0.0017
vn -0.8970 0.4421 -0.0022
vn -0.8530 0.5195 0.0499
vn -0.5129 0.8572 0.0469
vn -0.4525 0.8917 0.0037
vn -0.1474 0.9891 -0.0034
vn -0.0546 0.9972 0.0504
vn 0.4163 0.9080 0.0462
vn 0.4702 0.8825 0.0087
vn 0.9512 -0.3076 0.0268
vn 0.9827 0.1845 0.0146
vn 0.9851 0.1709 0.0195
vn 0.7919 0.6100 0.0279
vn 0.0616 -0.0628 -0.9961
vn 0.1376 -0.1383 -0.9808
vn 0.6974 -0.7113 -0.0880
vn 0.6877 -0.6993 -0.1951
vn 0.6724 -0.6858 -0.2784
vn 0.6202 -0.6326 -0.4638
vn 0.5832 -0.5927 -0.5556
vn 0.5439 -0.5548 -0.6296
vn 0.4408 -0.4495 -0.7769
vn 0.3900 -0.3957 -0.8315
vn 0.3247 -0.3312 -0.8859
vn 0.1949 -0.1987 -0.9605
vn 0.0423 -0.9800 -0.1944
vn 0.6540 -0.7562 -0.0195
vn -0.1421 -0.6255 -0.7672
vn 0.6993 -0.7148 -0.0014
vn 0.6950 -0.7190 -0.0066
vn 0.5012 -0.8458 -0.1830
vn 0.3985 -0.8809 -0.2553
vn 0.4214 -0.8749 -0.2385
vn 0.3989 -0.8972 -0.1895
vn 0.4343 -0.8882 -0.1498
vn 0.3642 -0.9161 -0.1675
vn 0.2913 -0.9431 -0.1605
vn -0.3648 -0.8973 -0.2486
vn -0.3943 -0.8777 -0.2722
vn -0.4095 -0.8485 -0.3353
vn -0.3246 -0.9402 -0.1037
vn -0.3834 -0.9064 -0.1775
vn -0.3750 -0.8985 -0.2283
vn -0.3875 -0.9216 -0.0243
vn -0.3773 -0.9256 -0.0307
vn -0.1937 -0.9807 -0.0279
vn -0.2200 -0.9748 -0.0353
vn 0.0263 -0.9996 -0.0118
vn -0.0067 -0.9997 -0.0234
vn 0.2781 -0.9604 -0.0160
vn 0.2419 -0.9699 -0.0268
vn 0.4823 -0.8760 0.0020
vn 0.4551 -0.8904 -0.0099
vn 0.6029 -0.7978 -0.0043
vn 0.6494 -0.7603 -0.0138
vn 0.6791 -0.7341 -0.0015
vn 0.6531 -0.7570 -0.0189
vn 0.6570 -0.7533 -0.0299
vn 0.6550 -0.7551 -0.0291
vn 0.6606 -0.7493 -0.0462
vn 0.6604 -0.7494 -0.0483
vn 0.6591 -0.7511 -0.0384
vn -0.3613 -0.8984 -0.2496
vn -0.2732 -0.9293 -0.2485
vn -0.1766 -0.9575 -0.2280
vn -0.1549 -0.9602 -0.2325
vn 0.0359 -0.9794 -0.1986
vn 0.0144 -0.9928 -0.1190
vn 0.1426 -0.9503 -0.2767
vn 0.2895 -0.9472 -0.1377
vn 0.2847 -0.9488 -0.1369
vn 0.4898 -0.8683 -0.0782
vn 0.4874 -0.8697 -0.0778
vn 0.4987 -0.8585 -0.1195
vn 0.4929 -0.8618 -0.1195
vn 0.5139 -0.8416 -0.1662
vn 0.5584 -0.8181 -0.1375
vn 0.6107 -0.7705 -0.1825
vn 0.6154 -0.7881 0.0099
vn 0.6477 -0.7618 -0.0120
vn 0.6823 -0.7309 -0.0141
vn 0.6527 -0.7576 -0.0114
vn 0.6510 -0.7590 -0.0102
vn 0.4832 -0.8746 -0.0397
vn 0.4848 -0.8737 -0.0399
vn 0.2779 -0.9581 -0.0700
vn 0.2811 -0.9571 -0.0703
vn 0.0263 -0.9946 -0.1003
vn 0.0313 -0.9944 -0.1009
vn -0.1943 -0.9734 -0.1216
vn -0.1881 -0.9745 -0.1225
vn -0.3825 -0.9139 -0.1356
vn -0.3873 -0.9197 -0.0653
vn 0.3198 -0.3421 -0.8836
vn 0.5315 -0.3561 -0.7686
vn 0.5319 -0.3677 -0.7628
vn 0.6543 -0.5722 -0.4944
vn 0.6615 -0.5513 -0.5084
vn 0.7074 -0.6824 -0.1839
vn 0.4231 -0.2470 -0.8718
vn 0.5143 -0.3267 -0.7929
vn 0.5129 -0.3861 -0.7667
vn 0.6587 -0.5396 -0.5243
vn 0.6482 -0.5780 -0.4956
vn 0.7171 -0.6767 -0.1668
vn 0.6956 -0.6976 -0.1714
vn 0.7062 -0.6828 -0.1870
vn 0.4993 -0.3417 -0.7962
vn 0.6899 -0.6124 -0.3861
vn 0.6289 -0.5687 -0.5301
vn 0.5964 -0.4669 -0.6529
vn 0.4187 -0.3105 -0.8534
vn 0.4361 -0.2941 -0.8505
vn 0.7041 -0.6947 -0.1470
vn 0.3905 -0.2721 -0.8795
vn 0.5607 -0.4496 -0.6953
vn 0.5729 -0.4901 -0.6570
vn 0.6688 -0.6012 -0.4374
vn 0.6700 -0.6319 -0.3895
vn 0.7106 -0.6935 -0.1191
vn 0.6875 -0.7159 -0.1222
vn 0.7052 -0.6847 -0.1844
vn 0.3628 -0.2203 -0.9054
vn 0.3826 -0.2205 -0.8972
vn 0.4069 -0.2301 -0.8840
vn 0.4252 -0.2391 -0.8729
vn 0.1517 -0.0009 -0.9884
vn 0.3616 -0.2224 -0.9054
vn 0.3158 -0.1596 -0.9353
vn 0.3359 -0.1469 -0.9304
vn 0.1021 -0.0357 -0.9941
vn 0.0999 -0.0411 -0.9941
vn 0.0970 -0.0430 -0.9944
vn 0.1365 -0.0840 -0.9871
vn 0.1983 -0.0876 -0.9762
vn 0.1028 -0.0237 -0.9944
vn 0.1078 -0.0300 -0.9937
vn 0.1060 -0.0364 -0.9937
vn 0.1230 -0.0164 -0.9923
vn 0.1225 -0.0202 -0.9923
vn 0.1171 -0.0206 -0.9929
vn 0.1167 -0.0225 -0.9929
vn 0.1458 -0.0034 -0.9893
vn 0.1445 -0.0029 -0.9895
vn 0.1444 -0.0083 -0.9895
vn 0.1460 -0.0087 -0.9892
vn 0.1288 -0.0122 -0.9916
vn 0.1291 -0.0126 -0.9915
vn 0.1288 -0.0156 -0.9915
vn 0.4286 -0.0175 -0.9033
vn 0.4302 -0.0183 -0.9026
vn 0.4306 -0.0034 -0.9025
vn 0.4515 -0.0082 -0.8922
vn 0.4462 0.0003 -0.8949
vn 0.3752 -0.0785 -0.9236
vn 0.3769 -0.0697 -0.9236
vn 0.3876 -0.0622 -0.9197
vn 0.3807 -0.0574 -0.9229
vn 0.4011 -0.0468 -0.9148
vn 0.4007 -0.0465 -0.9150
vn 0.4023 -0.0310 -0.9150
vn 0.4266 -0.0398 -0.9036
vn 0.4111 -0.0274 -0.9112
vn 0.1120 -0.0275 -0.9933
vn 0.3834 -0.0891 -0.9193
vn 0.3954 -0.0955 -0.9136
vn 0.3336 -0.1432 -0.9318
vn 0.3377 -0.1333 -0.9318
vn 0.3562 -0.1213 -0.9265
vn 0.3495 -0.1167 -0.9296
vn 0.3579 -0.0981 -0.9286
vn 0.6477 0.6844 -0.3346
vn 0.6254 0.7757 -0.0845
vn 0.1029 0.0662 -0.9925
vn 0.3477 0.2201 -0.9114
vn 0.4626 0.5656 -0.6827
vn 0.4218 0.4735 -0.7732
vn 0.3177 0.3578 -0.8781
vn 0.3148 0.3477 -0.8832
vn 0.2313 0.2059 -0.9508
vn 0.5989 0.7773 -0.1928
vn 0.6118 0.7860 -0.0895
vn 0.6223 0.7713 -0.1337
vn 0.6036 0.7171 -0.3483
vn 0.6306 0.5066 -0.5880
vn 0.6256 0.4424 -0.6426
vn 0.6728 0.6555 -0.3430
vn 0.6630 0.7330 -0.1521
vn 0.6573 0.2917 -0.6949
vn 0.6772 0.4356 -0.5931
vn 0.7047 0.5605 -0.4351
vn 0.5212 0.3051 -0.7970
vn 0.5881 0.3474 -0.7304
vn 0.6574 0.2938 -0.6939
vn 0.6212 0.7722 -0.1338
vn 0.5147 0.6775 -0.5254
vn 0.6095 0.6924 -0.3860
vn 0.4240 0.4504 -0.7857
vn 0.5770 0.5478 -0.6058
vn 0.3968 0.2994 -0.8677
vn 0.4751 0.3399 -0.8117
vn 0.3100 0.1343 -0.9412
vn 0.3984 0.0683 -0.9147
vn 0.6000 0.2318 -0.7657
vn 0.5780 0.1403 -0.8039
vn 0.6426 0.1260 -0.7557
vn 0.7124 0.5922 -0.3765
vn 0.7198 0.5493 -0.4244
vn 0.7100 0.3728 -0.5974
vn 0.7126 0.4102 -0.5692
vn 0.6520 0.1427 -0.7447
vn 0.6698 0.2828 -0.6866
vn 0.6297 0.1029 -0.7700
vn 0.6617 0.7340 -0.1531
vn 0.6527 0.7471 -0.1256
vn 0.6590 0.7395 -0.1375
vn 0.7053 0.6323 -0.3207
vn 0.9754 -0.0346 -0.2179
vn 0.7537 0.0012 -0.6572
vn 0.7264 0.0094 -0.6872
vn 0.7248 0.0213 -0.6887
vn 0.6139 0.0039 -0.7894
vn 0.6213 0.0099 -0.7835
vn 0.6515 0.0814 -0.7543
vn 0.6513 0.1195 -0.7494
vn 0.6429 0.0898 -0.7606
vn 0.7163 0.3104 -0.6249
vn 0.7349 0.3536 -0.5787
vn 0.7443 0.5292 -0.4074
vn 0.7480 0.5642 -0.3495
vn 0.7026 0.6940 -0.1572
vn 0.6915 0.7159 -0.0963
vn 0.9450 0.0178 -0.3265
vn 0.9971 -0.0275 -0.0705
vn 0.9734 0.1203 -0.1949
vn 0.7816 0.0106 -0.6237
vn 0.8975 -0.0532 -0.4378
vn 0.9003 0.0159 -0.4350
vn 0.9008 0.0157 -0.4340
vn 0.8951 0.0835 -0.4380
vn 0.9008 0.0825 -0.4263
vn 0.8793 0.1800 -0.4409
vn 0.8984 0.1916 -0.3953
vn 0.8568 0.2868 -0.4286
vn 0.7185 0.0303 -0.6949
vn 0.7270 0.0297 -0.6860
vn 0.7192 0.0666 -0.6916
vn 0.7558 0.0823 -0.6496
vn 0.7353 0.1279 -0.6655
vn 0.7589 0.1430 -0.6353
vn 0.7370 0.1790 -0.6517
vn 0.7605 0.2014 -0.6173
vn 0.7715 0.2214 -0.5964
vn 0.8622 0.3538 -0.3625
vn 0.8280 0.5549 0.0806
vn 0.8363 0.5447 -0.0627
vn 0.9811 0.1173 -0.1537
vn 0.9626 0.2322 -0.1395
vn 0.9392 0.3339 0.0802
vn 0.9366 0.3268 -0.1269
vn 0.8911 0.4245 -0.1604
vn 0.6273 0.0154 -0.7786
vn 0.6261 0.0181 -0.7795
vn 0.7093 0.1095 -0.6963
vn 0.6398 0.0427 -0.7674
vn 0.6435 0.0654 -0.7627
vn 0.7311 0.2388 -0.6391
vn 0.7542 0.2735 -0.5971
vn 0.7939 0.4440 -0.4155
vn 0.8029 0.4719 -0.3642
vn 0.7993 0.5345 -0.2746
vn 0.7877 0.6089 -0.0936
vn 0.9984 0.0447 -0.0351
vn 0.9907 0.1358 0.0002
vn 0.9185 0.3911 -0.0575
vn 0.9336 0.3568 -0.0320
vn 0.9643 0.2647 -0.0002
vn 0.6619 0.7496 -0.0000
vn 0.6556 0.7551 -0.0099
vn 0.7658 0.6430 0.0116
vn 0.7598 0.6501 -0.0004
vn 0.8220 0.5695 0.0001
vn 0.8725 0.4886 0.0002
vn -0.9985 -0.0542 -0.0000
vn -0.4675 -0.8840 -0.0000
vn -0.4939 -0.8694 0.0141
vn -0.6395 -0.7687 -0.0100
vn -0.6251 -0.7803 -0.0162
vn -0.7724 -0.6344 0.0297
vn -0.7724 -0.6345 0.0296
vn -0.8677 -0.4971 -0.0067
vn -0.9995 -0.0296 0.0052
vn -0.9904 -0.1379 -0.0110
vn -0.9637 -0.2637 0.0404
vn -0.9497 -0.3130 0.0133
vn -0.9139 -0.4060 -0.0000
vn -0.9882 0.1529 0.0046
vn -0.9737 0.2103 0.0880
vn -0.9974 0.0724 0.0001
vn -0.8550 0.4954 0.1537
vn -0.8981 0.4390 0.0252
vn -0.9396 0.3423 -0.0007
vn -0.4298 -0.7566 0.4928
vn -0.5429 -0.6777 0.4960
vn -0.6568 -0.5676 0.4964
vn -0.8292 -0.2541 0.4978
vn -0.7723 -0.3970 0.4960
vn -0.6736 -0.5534 0.4899
vn -0.7515 0.4439 0.4880
vn -0.8612 0.1332 0.4906
vn -0.8605 0.1021 0.4991
vn -0.8671 -0.0471 0.4959
vn -0.8407 -0.2301 0.4902
vn -0.5953 0.6319 0.4964
vn -0.6394 0.5875 0.4960
vn -0.7540 0.4368 0.4906
vn -0.2397 0.8324 0.4997
vn -0.3911 0.7780 0.4917
vn -0.5001 0.6977 0.5129
vn -0.5014 0.6971 0.5124
vn -0.5398 0.6744 0.5037
vn -0.3243 -0.8054 0.4961
vn -0.5176 -0.4797 0.7085
vn -0.7083 -0.7059 -0.0026
vn -0.7081 -0.7060 0.0054
vn -0.6593 -0.6707 0.3400
vn -0.6736 -0.6780 0.2942
vn -0.6827 -0.6857 0.2525
vn -0.7032 -0.7003 0.1228
vn -0.6944 -0.6945 0.1883
vn -0.6943 -0.6944 0.1890
vn -0.7037 -0.7016 0.1124
vn -0.7034 -0.7014 0.1148
vn -0.7050 -0.7043 0.0833
vn -0.7073 -0.7053 0.0484
vn -0.7075 -0.7045 0.0553
vn -0.7076 -0.7063 0.0197
vn -0.4949 -0.5408 0.6801
vn -0.5513 -0.5838 0.5960
vn -0.5956 -0.6207 0.5099
vn -0.5863 -0.6150 0.5273
vn -0.6327 -0.6464 0.4264
vn -0.3343 -0.4011 0.8529
vn -0.3900 -0.4501 0.8033
vn -0.3990 -0.4595 0.7935
vn -0.4497 -0.5012 0.7393
vn -0.4764 -0.5239 0.7061
vn -0.5305 -0.5638 0.6330
vn -0.2874 -0.3636 0.8861
vn -0.2286 -0.2998 0.9262
vn -0.2919 -0.3600 0.8861
vn -0.2478 -0.3111 0.9175
vn -0.2650 -0.3314 0.9055
vn -0.2217 -0.2921 0.9303
vn -0.4665 0.5314 0.7071
vn -0.5430 0.4619 0.7013
vn -0.5397 0.4653 0.7016
vn -0.5440 0.4655 0.6982
vn -0.6708 0.2355 0.7033
vn -0.6630 0.1674 0.7296
vn -0.7050 0.0712 0.7057
vn -0.7043 -0.0971 0.7032
vn -0.6664 -0.1537 0.7295
vn -0.6595 -0.2589 0.7057
vn -0.5821 -0.4083 0.7032
vn -0.5229 -0.4410 0.7295
vn -0.4683 -0.5317 0.7057
vn -0.3312 -0.6292 0.7032
vn -0.2640 -0.6311 0.7294
vn -0.1736 -0.6869 0.7057
vn -0.0070 -0.7110 0.7031
vn 0.0532 -0.6821 0.7293
vn 0.4573 -0.5411 0.7058
vn 0.3588 -0.5827 0.7292
vn 0.3187 -0.6357 0.7031
vn 0.1595 -0.6903 0.7057
vn -0.9095 0.4154 -0.0136
vn -0.7617 0.6479 0.0121
vn -0.6998 0.7144 -0.0000
vn -0.9988 -0.0467 -0.0136
vn -0.9435 0.3312 -0.0000
vn -0.8667 -0.4986 -0.0136
vn -0.5426 -0.8399 -0.0135
vn -0.0981 -0.9951 -0.0135
vn 0.3681 -0.9297 -0.0135
vn 0.7527 -0.6583 -0.0134
vn 0.6455 -0.7637 -0.0000
vn 0.9550 -0.2965 -0.0076
vn 0.9230 -0.3848 0.0022
vn 0.7949 -0.6068 -0.0032
vn 0.9999 -0.0119 -0.0027
vn 0.9897 -0.1428 0.0034
vn 0.9806 0.0524 -0.1888
vn 0.8367 0.0933 -0.5397
vn 0.9796 -0.0622 -0.1913
vn 0.8374 0.0447 -0.5448
vn 0.5636 0.0301 -0.8255
vn 0.3698 0.0197 -0.9289
vn 0.1986 0.0079 -0.9801
vn 0.1782 0.0095 -0.9840
vn 0.9541 0.2461 -0.1703
vn 0.9508 0.2436 -0.1916
vn 0.8079 0.2104 -0.5505
vn 0.8229 0.2116 -0.5274
vn 0.5408 0.1401 -0.8294
vn 0.5399 0.1400 -0.8300
vn 0.3540 0.0913 -0.9308
vn 0.1700 0.0450 -0.9844
vn 0.1829 0.0472 -0.9820
vn 0.6357 0.5131 -0.5767
vn 0.0869 -0.9896 -0.1147
vn 0.1390 -0.9789 -0.1495
vn 0.0862 -0.9938 -0.0706
vn 0.3345 -0.8835 -0.3279
vn 0.4385 -0.8130 -0.3831
vn 0.6206 0.5900 -0.5165
vn 0.7126 0.3988 -0.5772
vn 0.7333 0.2746 -0.6220
vn 0.7707 -0.0214 -0.6369
vn 0.7611 -0.0679 -0.6451
vn 0.7018 -0.3676 -0.6101
vn 0.6944 -0.3844 -0.6083
vn 0.6117 -0.5838 -0.5338
vn 0.6047 0.6285 -0.4892
vn 0.6552 0.5309 -0.5375
vn 0.6272 0.5290 -0.5716
vn 0.7068 0.2755 -0.6516
vn 0.7081 0.2559 -0.6581
vn 0.7289 -0.0335 -0.6838
vn 0.7303 -0.0667 -0.6798
vn 0.7089 -0.2092 -0.6736
vn 0.6676 -0.3834 -0.6382
vn 0.6594 -0.4019 -0.6353
vn 0.5550 -0.6598 -0.5067
vn 0.5417 -0.6593 -0.5215
vn 0.5589 -0.6255 -0.5445
vn 0.0783 -0.9916 -0.1031
vn 0.2551 -0.9280 -0.2717
vn 0.3331 -0.8835 -0.3293
vn 0.3788 -0.8428 -0.3825
vn 0.4666 -0.7527 -0.4645
vn 0.8339 0.4180 -0.3605
vn 0.8577 0.3135 -0.4075
vn 0.8366 0.3689 -0.4049
vn 0.8998 0.0244 -0.4356
vn 0.8909 -0.0781 -0.4474
vn 0.8465 -0.3353 -0.4135
vn 0.8167 -0.4087 -0.4075
vn 0.6776 -0.6501 -0.3439
vn 0.7092 -0.6114 -0.3511
vn 0.4168 -0.8794 -0.2301
vn 0.5055 -0.8251 -0.2521
vn 0.1144 -0.9913 -0.0649
vn 0.4277 -0.8798 -0.2073
vn 0.3201 -0.9360 -0.1466
vn 0.0993 -0.9931 -0.0626
vn 0.9092 0.1833 -0.3738
vn 0.9072 -0.0907 -0.4108
vn 0.9255 0.0234 -0.3780
vn 0.8679 -0.3210 -0.3791
vn 0.8618 -0.3359 -0.3801
vn 0.7479 -0.5856 -0.3126
vn 0.6931 -0.6508 -0.3099
vn 0.6144 -0.7406 -0.2719
vn 0.5116 -0.8293 -0.2246
vn 0.1654 -0.9814 -0.0979
vn 0.1132 -0.9901 -0.0824
vn 0.1203 -0.9903 -0.0696
vn 0.4277 -0.8799 -0.2068
vn 0.4278 -0.8799 -0.2068
vn 0.6884 -0.6505 -0.3207
vn 0.6884 -0.6506 -0.3207
vn 0.8568 -0.3358 -0.3912
vn 0.8569 -0.3357 -0.3912
vn 0.9119 0.0239 -0.4096
vn 0.8563 0.3515 -0.3785
vn 0.8459 0.3944 -0.3590
vn 0.4519 -0.6519 -0.6090
vn 0.8166 0.4638 -0.3435
vn 0.8003 0.4533 -0.3925
vn 0.8428 0.3814 -0.3799
vn 0.0953 -0.9825 -0.1600
vn 0.0470 -0.9622 -0.2684
vn 0.1768 -0.8686 -0.4629
vn 0.1985 -0.2974 -0.9339
vn 0.0954 -0.8839 -0.4578
vn 0.0520 -0.8225 -0.5664
vn 0.1737 -0.6484 -0.7412
vn 0.0225 -0.6955 -0.7181
vn 0.0869 -0.5272 -0.8453
vn 0.0171 -0.4360 -0.8998
vn 0.0932 -0.3410 -0.9354
vn 0.5584 0.0172 -0.8294
vn 0.6930 0.1944 -0.6942
vn 0.7387 0.3709 -0.5628
vn 0.7337 0.2725 -0.6224
vn 0.7824 0.4420 -0.4387
vn 0.7817 0.4792 -0.3992
vn 0.7927 0.5150 -0.3262
vn 0.6637 0.0022 -0.7480
vn 0.5931 0.0791 -0.8012
vn 0.6075 0.1139 -0.7861
vn 0.8066 0.4787 -0.3467
vn 0.8160 0.4364 -0.3790
vn 0.7987 0.3052 -0.5185
vn 0.7926 0.2080 -0.5732
vn 0.7288 0.0732 -0.6808
vn 0.6260 -0.1958 -0.7549
vn 0.3014 -0.9332 -0.1958
vn 0.4817 -0.8244 -0.2971
vn 0.2444 -0.7351 -0.6324
vn 0.3042 -0.8522 -0.4258
vn 0.2590 -0.8218 -0.5075
vn 0.2965 -0.7599 -0.5785
vn 0.2562 -0.7254 -0.6389
vn 0.2907 -0.6484 -0.7036
vn 0.2268 -0.5830 -0.7802
vn 0.3151 -0.4267 -0.8477
vn 0.2208 -0.3112 -0.9243
vn 0.2864 -0.1966 -0.9377
vn 0.0743 -0.9885 -0.1317
vn 0.3228 -0.9197 -0.2235
vn 0.2644 -0.8972 -0.3537
vn 0.2106 -0.9235 -0.3207
vn 0.5699 -0.7248 -0.3872
vn 0.5641 -0.7308 -0.3844
vn 0.7319 -0.4905 -0.4731
vn 0.6978 -0.5794 -0.4212
vn 0.8606 -0.2226 -0.4580
vn 0.8444 -0.3200 -0.4296
vn 0.8890 0.0746 -0.4517
vn 0.9055 -0.0907 -0.4145
vn 0.8388 0.3834 -0.3864
vn 0.9155 0.1836 -0.3579
vn 0.8414 0.4188 -0.3417
vn 0.8163 0.4358 -0.3791
vn 0.8583 0.0921 -0.5048
vn 0.8274 0.2817 -0.4858
vn 0.7860 -0.1775 -0.5921
vn 0.7961 0.0153 -0.6050
vn 0.6426 -0.4352 -0.6306
vn 0.6901 -0.2554 -0.6772
vn 0.5486 -0.5197 -0.6549
vn 0.4382 -0.4129 -0.7984
vn 0.5063 -0.2302 -0.8311
vn 0.4170 -0.1266 -0.9000
vn 0.4315 -0.0992 -0.8966
vn 0.9248 0.2886 -0.2478
vn 0.8440 0.4401 -0.3065
vn 0.8437 0.4440 -0.3017
vn 0.8024 0.4132 -0.4305
vn 0.7600 0.3408 -0.5535
vn 0.7456 0.2822 -0.6036
vn 0.6442 0.2626 -0.7183
vn 0.5132 0.0777 -0.8548
vn 0.5228 0.0920 -0.8475
vn 0.3438 0.0079 -0.9390
vn 0.0077 -0.2469 -0.9690
vn 0.1912 -0.1180 -0.9744
vn 0.0388 -0.1345 -0.9902
vn 0.2725 -0.1804 -0.9451
vn 0.1123 -0.2007 -0.9732
vn 0.9179 0.3419 -0.2014
vn 0.7979 0.2223 -0.5603
vn 0.7652 0.2416 -0.5967
vn 0.4784 0.0455 -0.8770
vn 0.5672 0.1679 -0.8063
vn 0.1681 -0.0229 -0.9855
vn 0.9510 0.2577 -0.1709
vn 0.9507 0.2473 -0.1871
vn 0.9454 0.2721 -0.1796
vn 0.8347 0.1648 -0.5255
vn 0.8049 0.2014 -0.5581
vn 0.5581 0.0648 -0.8273
vn 0.5190 0.1044 -0.8483
vn 0.2015 -0.0328 -0.9789
vn 0.1391 0.0228 -0.9900
vn -0.0010 -0.0291 -0.9996
vn -0.0019 -0.0866 -0.9962
vn -0.0083 -0.6045 -0.7965
vn -0.0179 -0.4437 -0.8960
vn -0.0024 -0.1951 -0.9808
vn 0.0021 -0.2529 -0.9675
vn -0.0015 -0.1650 -0.9863
vn -0.0146 -0.5554 -0.8315
vn -0.0338 -0.8308 -0.5556
vn -0.0150 -0.7764 -0.6301
vn -0.0331 -0.9802 -0.1951
vn -0.0130 -0.9949 -0.0999
vn -0.0372 -0.9447 -0.3258
vn 0.5669 0.8016 -0.1900
vn 0.0396 -0.1963 -0.9797
vn 0.1156 0.1635 -0.9797
vn 0.1767 0.0942 -0.9797
vn 0.2002 0.0049 -0.9797
vn 0.1811 -0.0855 -0.9797
vn 0.1235 -0.1577 -0.9797
vn 0.3269 0.4622 -0.8244
vn 0.4995 0.2663 -0.8244
vn 0.5659 0.0138 -0.8243
vn 0.5659 0.0138 -0.8244
vn 0.5119 -0.2416 -0.8244
vn 0.5119 -0.2416 -0.8243
vn 0.4841 0.6845 -0.5451
vn 0.7398 0.3944 -0.5451
vn 0.8381 0.0205 -0.5451
vn 0.8381 0.0204 -0.5451
vn 0.7582 -0.3579 -0.5451
vn 0.1119 -0.5549 -0.8243
vn 0.1657 -0.8218 -0.5451
vn 0.1940 -0.9624 -0.1900
vn 0.3490 -0.4457 -0.8243
vn 0.3490 -0.4457 -0.8244
vn 0.5169 -0.6601 -0.5451
vn 0.5899 -0.7533 -0.2910
vn 0.5870 -0.7867 -0.1910
vn 0.8552 0.4818 -0.1910
vn 0.8442 0.4501 -0.2910
vn 0.9425 0.2714 -0.1950
vn 0.9815 0.0239 -0.1900
vn 0.8878 -0.4191 -0.1900
vn 0.7520 -0.6296 -0.1950
vn 0.3729 0.9260 -0.0594
vn 0.3692 0.9086 -0.1951
vn 0.3617 0.8978 -0.2511
vn 0.3307 0.8215 -0.4646
vn 0.3140 0.7699 -0.5556
vn 0.2899 0.7200 -0.6305
vn 0.2076 0.5153 -0.8315
vn 0.2290 0.5571 -0.7983
vn 0.1240 0.3141 -0.9412
vn 0.0764 0.1796 -0.9808
vn 0.0343 0.0851 -0.9958
vn 0.6629 0.2794 -0.6947
vn 0.9694 0.1634 -0.1834
vn 0.6915 0.7040 -0.1617
vn 0.9943 -0.0553 -0.0911
vn 0.9924 -0.0229 -0.1205
vn 0.8355 -0.0529 -0.5470
vn 0.5810 -0.0378 -0.8130
vn 0.5435 0.0187 -0.8392
vn 0.3690 0.2821 -0.8856
vn 0.3303 0.3716 -0.8676
vn 0.4388 0.5390 -0.7190
vn 0.3299 0.5366 -0.7767
vn 0.3574 0.7010 -0.6171
vn 0.2007 0.7895 -0.5800
vn 0.4197 0.7889 -0.4488
vn 0.5381 0.8411 -0.0545
vn 0.8266 0.5505 -0.1166
vn 0.9960 -0.0890 -0.0024
vn 0.9943 0.0859 -0.0632
vn 0.9741 0.2207 -0.0498
vn 0.9361 0.3391 -0.0933
vn 0.8019 0.5793 -0.1458
vn 0.7840 0.4653 -0.4109
vn 0.7516 0.5149 -0.4123
vn 0.7330 0.3390 -0.5897
vn 0.8475 0.2508 -0.4679
vn 0.9349 0.0776 -0.3463
vn 0.9516 0.1935 -0.2389
vn 0.9972 -0.0669 -0.0325
vn 0.9978 0.0239 -0.0611
vn 0.1854 0.0753 -0.9798
vn 0.2300 0.0229 -0.9729
vn 0.2597 0.2047 -0.9438
vn 0.6075 0.1514 -0.7797
vn 0.6377 0.1011 -0.7636
vn 0.7622 0.0712 -0.6434
vn 0.4381 0.8654 -0.2432
vn 0.4313 0.8675 -0.2477
vn 0.5878 0.7889 -0.1792
vn 0.5678 0.6573 -0.4955
vn 0.5244 0.6724 -0.5224
vn 0.5000 0.4862 -0.7167
vn 0.7111 0.3852 -0.5882
vn 0.6891 0.2292 -0.6874
vn 0.9041 0.1060 -0.4139
vn 0.8809 -0.0512 -0.4705
vn 0.9836 -0.0809 -0.1609
vn 0.9307 -0.0880 -0.3552
vn 0.9808 -0.0841 -0.1757
vn 0.9927 -0.1209 -0.0000
vn 0.1745 -0.0212 -0.9844
vn 0.1949 -0.0229 -0.9806
vn 0.5543 -0.0685 -0.8295
vn 0.5352 -0.0650 -0.8422
vn 0.9743 -0.1185 -0.1916
vn 0.9773 -0.1182 -0.1758
vn 0.8285 -0.1016 -0.5506
vn 0.9291 -0.1029 -0.3552
vn 0.8306 -0.1012 -0.5476
vn 0.9543 0.2988 0.0105
vn 0.9602 0.2787 0.0186
vn 0.9608 0.2765 0.0197
vn 0.9474 0.3199 0.0060
vn 0.9609 0.2762 0.0206
vn 0.9630 0.2684 0.0240
vn 0.9330 0.3598 0.0004
vn 0.9340 0.3573 0.0013
vn 0.9435 0.3314 0.0030
vn 0.9342 0.3568 -0.0023
vn 0.9340 0.3573 0.0014
vn 0.8212 0.5522 -0.1439
vn 0.8698 0.4927 -0.0261
vn 0.9161 0.4009 -0.0011
vn 0.9106 0.4101 -0.0513
vn 0.9154 0.3952 -0.0769
vn 0.9322 0.3594 -0.0429
vn 0.9057 0.4212 -0.0484
vn 0.8987 0.4366 -0.0427
vn 0.9124 0.4086 -0.0227
vn 0.8852 0.4640 -0.0324
vn 0.8846 0.4658 -0.0240
vn 0.8814 0.4719 -0.0223
vn 0.8829 0.4692 -0.0209
vn 0.8952 0.4456 -0.0111
vn 0.8875 0.4609 -0.0006
vn 0.8936 0.4489 -0.0060
vn 0.8945 0.4470 -0.0056
vn 0.9022 0.4311 -0.0140
vn 0.9037 0.4247 -0.0554
vn 0.8470 0.5186 -0.1169
vn 0.8302 0.5484 -0.1002
vn 0.1902 0.9260 -0.3261
vn 0.8907 0.4536 -0.0287
vn 0.8477 0.4929 -0.1961
vn 0.8825 0.4521 -0.1297
vn 0.9118 0.4029 -0.0792
vn 0.8813 0.4592 -0.1117
vn 0.8558 0.5004 -0.1313
vn 0.8036 0.5544 -0.2164
vn 0.7906 0.5562 -0.2561
vn 0.7907 0.5560 -0.2561
vn 0.8064 0.5340 -0.2542
vn 0.7982 0.5243 -0.2965
vn 0.7988 0.5246 -0.2944
vn 0.7978 0.5246 -0.2972
vn 0.7938 0.5255 -0.3062
vn 0.7788 0.5343 -0.3287
vn 0.7994 0.4670 -0.3780
vn 0.8012 0.4633 -0.3787
vn 0.7521 0.5585 -0.3500
vn 0.7920 0.5761 -0.2022
vn 0.8184 0.5299 -0.2224
vn 0.8185 0.5496 -0.1676
vn 0.8291 0.5559 -0.0601
vn 0.7922 0.6082 -0.0508
vn 0.8151 0.5599 -0.1491
vn 0.8323 0.5304 -0.1610
vn 0.8111 0.5751 -0.1068
vn 0.8731 0.4751 -0.1094
vn 0.8202 0.5662 -0.0822
vn 0.3656 0.4318 -0.8246
vn 0.7012 0.6990 -0.1401
vn 0.6902 0.6924 -0.2100
vn 0.7090 0.7052 -0.0011
vn 0.7071 0.7071 -0.0003
vn 0.6995 0.6984 -0.1515
vn 0.7079 0.7060 -0.0212
vn 0.7073 0.7069 -0.0118
vn 0.7076 0.7061 -0.0258
vn 0.7077 0.7058 -0.0311
vn 0.7077 0.7057 -0.0342
vn 0.7062 0.7019 -0.0928
vn 0.7045 0.7075 -0.0558
vn 0.7043 0.7036 -0.0944
vn 0.6905 0.6929 -0.2074
vn 0.6711 0.6755 -0.3054
vn 0.6564 0.6677 -0.3511
vn 0.6489 0.6610 -0.3768
vn 0.6058 0.6243 -0.4933
vn 0.6182 0.6387 -0.4581
vn 0.4879 0.5374 -0.6879
vn 0.4596 0.5092 -0.7276
vn 0.5463 0.5815 -0.6029
vn 0.5332 0.5677 -0.6273
vn 0.4672 0.5181 -0.7165
vn 0.4469 0.4998 -0.7419
vn 0.4227 0.4790 -0.7693
vn 0.3977 0.4657 -0.7905
vn 0.3608 0.4252 -0.8301
vn 0.4169 0.4741 -0.7755
vn 0.0996 0.4693 -0.8774
vn 0.2597 0.3311 -0.9071
vn 0.3015 0.4093 -0.8612
vn 0.2757 0.3467 -0.8966
vn 0.2712 0.3399 -0.9005
vn 0.2695 0.3388 -0.9014
vn 0.4520 0.6672 -0.5920
vn 0.6071 0.7678 -0.2046
vn 0.6536 0.6563 -0.3769
vn 0.6592 0.6873 -0.3050
vn 0.5676 0.7551 -0.3281
vn 0.7423 0.6227 -0.2474
vn 0.6763 0.5759 -0.4593
vn 0.6524 0.6085 -0.4518
vn 0.5489 0.6067 -0.5750
vn 0.7788 0.5288 -0.3373
vn 0.5542 0.7034 -0.4452
vn 0.5389 0.7138 -0.4473
vn 0.5842 0.6177 -0.5264
vn 0.5623 0.5872 -0.5822
vn 0.2355 0.3069 -0.9221
vn 0.1911 0.3827 -0.9039
vn 0.6217 0.1459 -0.7695
vn 0.4709 -0.8343 -0.2867
vn 0.6302 0.1793 -0.7554
vn 0.5461 0.3564 -0.7581
vn 0.5761 0.2683 -0.7721
vn 0.4768 0.3764 -0.7944
vn 0.5090 0.3136 -0.8016
vn 0.2187 0.5481 -0.8073
vn 0.4605 0.2528 -0.8509
vn 0.8544 0.0747 -0.5142
vn 0.7132 0.1484 -0.6850
vn 0.5446 0.2329 -0.8057
vn 0.9706 -0.1929 -0.1442
vn 0.8345 0.0816 -0.5450
vn 0.9530 -0.0170 -0.3025
vn 0.9459 -0.0044 -0.3244
vn 0.9897 -0.1430 0.0059
vn 0.9891 -0.0628 -0.1330
vn 0.6699 -0.7423 0.0161
vn 0.0967 -0.9917 -0.0845
vn 0.0388 -0.9992 0.0048
vn 0.3372 -0.8937 -0.2959
vn 0.6311 -0.4878 -0.6031
vn 0.4751 -0.7529 -0.4555
vn 0.4942 -0.7304 -0.4714
vn 0.3980 -0.8427 -0.3626
vn 0.2779 -0.9280 -0.2482
vn 0.5997 0.5145 -0.6129
vn 0.6710 0.2573 -0.6953
vn 0.6531 0.3927 -0.6474
vn 0.6955 -0.0323 -0.7178
vn 0.7052 0.1150 -0.6996
vn 0.6894 -0.2084 -0.6937
vn 0.6923 -0.1933 -0.6952
vn 0.6552 -0.4019 -0.6397
vn 0.5497 -0.6253 -0.5539
vn 0.6228 -0.7209 -0.3040
vn 0.5103 0.4029 -0.7597
vn 0.6806 0.0475 -0.7311
vn 0.6483 0.1670 -0.7428
vn 0.7520 -0.2369 -0.6151
vn 0.7471 -0.1190 -0.6540
vn 0.7506 -0.4911 -0.4420
vn 0.7737 -0.3859 -0.5025
vn 0.6862 -0.6861 -0.2417
vn 0.7338 -0.6012 -0.3163
vn 0.5562 -0.7981 -0.2317
vn 0.7102 -0.5131 -0.4821
vn 0.6650 -0.6150 -0.4237
vn 0.7402 -0.2432 -0.6268
vn 0.7218 -0.3627 -0.5895
vn 0.7001 0.0577 -0.7117
vn 0.7100 -0.0681 -0.7010
vn 0.5828 0.3750 -0.7210
vn 0.6260 0.2251 -0.7466
vn 0.6079 0.2781 -0.7437
vn 0.5411 0.4515 -0.7095
vn 0.8314 -0.5404 -0.1294
vn 0.8115 -0.5815 0.0570
vn 0.8868 -0.3806 -0.2621
vn 0.8780 -0.3236 -0.3526
vn 0.8519 -0.2018 -0.4833
vn 0.8159 -0.1363 -0.5619
vn 0.7375 0.0099 -0.6753
vn 0.6753 0.0782 -0.7334
vn 0.4715 0.3033 -0.8281
vn 0.4522 0.2659 -0.8514
vn 0.2621 0.3904 -0.8825
vn 0.9128 -0.2439 -0.3276
vn 0.9223 -0.3826 0.0539
vn 0.9383 -0.2018 -0.2807
vn 0.9172 -0.1628 -0.3636
vn 0.8567 -0.0548 -0.5129
vn 0.8110 -0.0129 -0.5850
vn 0.6911 0.1093 -0.7145
vn 0.6229 0.1503 -0.7677
vn 0.4109 0.2940 -0.8630
vn 0.3701 0.2754 -0.8872
vn 0.3256 0.2834 -0.9020
vn 0.3993 0.3396 -0.8516
vn 0.4823 0.2758 -0.8315
vn 0.5402 0.2178 -0.8129
vn 0.5687 0.2521 -0.7829
vn 0.7169 -0.0152 -0.6970
vn 0.7634 -0.1056 -0.6372
vn 0.8018 -0.2642 -0.5361
vn 0.8200 -0.3470 -0.4553
vn 0.8135 -0.4728 -0.3388
vn 0.8040 -0.5415 -0.2456
vn 0.7833 -0.5955 -0.1783
vn 0.5635 -0.8259 -0.0199
vn 0.6943 -0.6425 -0.3243
vn 0.3789 -0.9254 0.0036
vn 0.4143 -0.8853 -0.2111
vn 0.4910 -0.8194 -0.2958
vn 0.4093 -0.8842 -0.2252
vn 0.6195 -0.6297 -0.4687
vn 0.5552 -0.7228 -0.4115
vn 0.7020 -0.3689 -0.6092
vn 0.6615 -0.4839 -0.5730
vn 0.7192 -0.0652 -0.6917
vn 0.7064 -0.1917 -0.6814
vn 0.6687 0.2379 -0.7045
vn 0.6833 0.1126 -0.7214
vn 0.5739 0.4839 -0.6607
vn 0.6077 0.3879 -0.6930
vn 0.5618 0.4930 -0.6643
vn 0.5561 0.5988 -0.5763
vn 0.0070 -1.0000 -0.0000
vn 0.1976 -0.9801 -0.0201
vn 0.9653 -0.2612 -0.0001
vn 0.8962 -0.4435 -0.0121
vn 0.9043 -0.4269 -0.0074
vn 0.7839 -0.6209 0.0009
vn 0.7668 -0.6419 0.0001
vn 0.6796 -0.7336 -0.0002
vn 0.5980 -0.8013 -0.0160
vn 0.4684 -0.8835 0.0081
vn 0.2091 -0.9778 -0.0143
vn 0.9933 -0.1152 0.0001
vn 0.9996 0.0244 -0.0136
vn 0.9923 0.1240 0.0009
vn 0.9610 0.2767 -0.0001
vn 0.9254 0.3791 0.0018
vn 0.8712 0.4908 -0.0108
vn 0.8140 0.5809 0.0004
vn 0.7035 0.7107 -0.0003
vn 0.5774 0.8164 -0.0104
vn 0.5450 0.2585 -0.7976
vn 0.3253 0.2678 -0.9069
vn 0.3143 0.2725 -0.9094
vn 0.3366 0.2683 -0.9026
vn 0.3338 0.2851 -0.8985
vn 0.2770 0.2877 -0.9168
vn 0.2920 0.2899 -0.9114
vn 0.2830 0.3064 -0.9089
vn 0.2420 0.2967 -0.9238
vn 0.2786 0.3378 -0.8990
vn 0.2211 0.3165 -0.9225
vn 0.2325 0.3440 -0.9097
vn 0.5210 0.8406 -0.1482
vn 0.5215 0.8388 -0.1561
vn 0.9491 0.1460 -0.2792
vn 0.6878 0.7071 -0.1640
vn 0.7810 0.6092 0.1379
vn 0.7955 0.5879 -0.1466
vn 0.9176 0.3544 -0.1802
vn 0.9043 0.3104 0.2931
vn 0.8959 0.1891 -0.4021
vn 0.9871 0.1436 -0.0706
vn 0.3631 0.5547 -0.7486
vn 0.3591 0.5501 -0.7540
vn 0.4641 0.4577 -0.7584
vn 0.4844 0.4667 -0.7400
vn 0.5497 0.3495 -0.7587
vn 0.6006 0.3487 -0.7195
vn 0.6177 0.2532 -0.7446
vn 0.7150 0.2044 -0.6686
vn 0.4730 0.7459 -0.4690
vn 0.4701 0.7431 -0.4762
vn 0.6543 0.5815 -0.4836
vn 0.6685 0.5849 -0.4595
vn 0.7844 0.3780 -0.4918
vn 0.8189 0.3689 -0.4397
vn 0.8534 0.1886 -0.4859
vn 0.8569 0.1860 -0.4807
vn 0.1930 0.2667 -0.9443
vn 0.2126 0.3304 -0.9196
vn 0.2303 0.3764 -0.8974
vn 0.2222 0.3275 -0.9184
vn 0.2848 0.5488 -0.7859
vn 0.3012 0.5743 -0.7612
vn 0.3610 0.7790 -0.5128
vn 0.3272 0.7404 -0.5871
vn 0.3811 0.9102 -0.1622
vn 0.2171 0.3502 -0.9112
vn 0.3072 0.5789 -0.7553
vn 0.2840 0.5491 -0.7860
vn 0.3690 0.7949 -0.4817
vn 0.3559 0.7810 -0.5132
vn 0.3843 0.9065 -0.1751
vn 0.4122 0.8969 -0.1599
vn 0.3816 0.8882 -0.2558
vn 0.3737 0.9275 0.0014
vn 0.3736 0.9276 0.0003
vn 0.3735 0.9276 -0.0000
vn 0.4536 0.8830 -0.1208
vn 0.4536 0.8830 -0.1209
vn 0.4850 0.8490 -0.2099
vn 0.5907 0.7248 -0.3546
vn 0.6240 0.6323 -0.4592
vn 0.6648 0.4880 -0.5656
vn 0.6645 0.4407 -0.6035
vn 0.6745 0.2084 -0.7082
vn 0.4542 0.8828 -0.1201
vn 0.5873 0.7262 -0.3574
vn 0.6749 0.2282 -0.7018
vn 0.6697 0.2303 -0.7061
vn 0.6680 0.2209 -0.7106
vn 0.6706 0.2353 -0.7035
vn 0.6694 0.2358 -0.7045
vn 0.6604 0.4898 -0.5692
vn 0.5848 0.7272 -0.3595
vn 0.5848 0.7272 -0.3594
vn 0.4533 0.8832 -0.1204
vn 0.4552 0.8821 -0.1214
vn 0.6570 0.0823 -0.7494
vn 0.6518 0.0943 -0.7525
vn 0.6451 0.0582 -0.7618
vn 0.6558 0.1226 -0.7449
vn 0.6603 0.0607 -0.7485
vn 0.6599 0.0608 -0.7489
vn 0.6603 0.0607 -0.7486
vn 0.6399 0.0286 -0.7679
vn 0.6525 0.0471 -0.7563
vn 0.6625 0.0341 -0.7483
vn 0.6584 0.0462 -0.7513
vn 0.6407 0.0156 -0.7676
vn 0.6365 0.0220 -0.7710
vn 0.6240 0.0102 -0.7814
vn 0.6024 0.0079 -0.7981
vn 0.6165 -0.0087 -0.7873
vn 0.6201 0.0051 -0.7845
vn 0.6047 0.0031 -0.7965
vn 0.6053 0.0016 -0.7960
vn 0.6106 -0.0243 -0.7916
vn 0.5970 -0.0036 -0.8022
vn 0.5974 -0.0046 -0.8019
vn 0.6079 -0.0384 -0.7931
vn 0.5853 -0.0126 -0.8107
vn 0.5860 -0.0135 -0.8102
vn 0.5857 -0.0127 -0.8104
vn 0.5851 -0.0103 -0.8109
vn 0.5843 -0.0055 -0.8115
vn 0.5837 0.0016 -0.8120
vn 0.5837 0.0031 -0.8120
vn 0.5776 -0.0516 -0.8147
vn 0.5725 -0.0081 -0.8199
vn 0.5635 -0.0591 -0.8240
vn 0.5308 -0.1036 -0.8412
vn 0.5617 -0.0697 -0.8244
vn 0.5572 -0.0213 -0.8301
vn 0.5534 -0.0866 -0.8284
vn 0.5472 -0.0339 -0.8363
vn 0.5458 -0.0488 -0.8365
vn 0.5314 -0.0594 -0.8451
vn 0.5292 -0.0773 -0.8450
vn 0.5119 -0.1202 -0.8506
vn 0.5191 -0.0937 -0.8496
vn 0.5012 -0.1440 -0.8533
vn 0.5018 -0.1031 -0.8588
vn 0.4918 -0.1673 -0.8545
vn 0.4950 -0.1183 -0.8608
vn 0.4844 -0.1731 -0.8575
vn 0.4918 -0.1331 -0.8605
vn 0.4840 -0.1603 -0.8603
vn 0.4706 -0.1819 -0.8634
vn 0.4694 -0.1843 -0.8635
vn 0.4590 -0.2035 -0.8648
vn 0.4610 -0.1971 -0.8652
vn 0.4477 -0.2258 -0.8652
vn 0.4439 -0.2306 -0.8659
vn 0.1442 0.2054 -0.9680
vn 0.0243 0.0843 -0.9961
vn -0.0443 0.0249 -0.9987
vn -0.0432 0.0255 -0.9987
vn -0.0403 0.0269 -0.9988
vn -0.0369 0.0283 -0.9989
vn -0.0323 0.0293 -0.9990
vn -0.0239 0.0421 -0.9988
vn -0.0240 0.0441 -0.9987
vn -0.0340 0.0311 -0.9989
vn 0.0090 0.0653 -0.9978
vn 0.0100 0.0689 -0.9976
vn -0.0074 0.0524 -0.9986
vn 0.1156 0.1803 -0.9768
vn 0.0278 0.0922 -0.9954
vn 0.0251 0.0821 -0.9963
vn 0.0455 0.1053 -0.9934
vn 0.0458 0.1103 -0.9928
vn 0.0751 0.1301 -0.9886
vn 0.0749 0.1269 -0.9891
vn 0.0886 0.1675 -0.9819
vn 0.1160 0.1316 -0.9845
vn 0.1145 0.1668 -0.9793
vn -0.0283 0.0283 -0.9992
vn -0.0299 0.0308 -0.9991
vn -0.0167 0.0370 -0.9992
vn -0.0131 0.0411 -0.9991
vn -0.0139 0.0554 -0.9984
vn -0.0151 0.0294 -0.9995
vn -0.0434 0.0023 -0.9991
vn -0.0231 0.0253 -0.9994
vn -0.0175 0.0283 -0.9994
vn -0.0104 0.0305 -0.9995
vn -0.0013 0.0318 -0.9995
vn 0.0313 0.0342 -0.9989
vn -0.1364 -0.1967 -0.9709
vn -0.0517 0.0141 -0.9986
vn -0.0451 0.0177 -0.9988
vn -0.0300 0.0171 -0.9994
vn -0.0452 0.0148 -0.9989
vn -0.0388 0.0158 -0.9991
vn -0.0427 0.0163 -0.9990
vn -0.0316 0.0122 -0.9994
vn -0.0453 -0.0179 -0.9988
vn -0.0332 0.0107 -0.9994
vn -0.0383 0.0046 -0.9993
vn -0.0331 -0.0017 -0.9995
vn -0.0476 -0.0034 -0.9989
vn -0.0751 -0.0457 -0.9961
vn -0.0781 -0.0466 -0.9959
vn -0.1246 -0.0931 -0.9878
vn -0.1242 -0.0929 -0.9879
vn -0.2420 -0.2211 -0.9447
vn -0.2513 -0.2240 -0.9416
vn -0.3391 -0.3319 -0.8803
vn -0.3394 -0.3329 -0.8798
vn -0.3084 -0.2818 -0.9086
vn -0.5184 -0.5189 -0.6797
vn -0.4868 -0.4642 -0.7400
vn -0.4394 -0.4232 -0.7924
vn -0.4369 -0.4185 -0.7963
vn -0.3968 -0.3722 -0.8391
vn -0.6502 -0.6600 -0.3765
vn -0.6440 -0.6235 -0.4433
vn -0.6080 -0.6015 -0.5182
vn -0.5865 -0.5613 -0.5839
vn -0.5620 -0.5500 -0.6177
vn -0.5076 -0.4853 -0.7119
vn -0.6884 -0.6994 -0.1922
vn -0.6846 -0.6769 -0.2703
vn -0.6709 -0.6626 -0.3329
vn -0.4478 -0.8504 -0.2763
vn -0.4653 -0.8536 -0.2344
vn -0.4658 -0.8535 -0.2336
vn -0.4530 -0.8729 -0.1815
vn -0.4694 -0.8753 -0.1167
vn -0.4643 -0.8790 -0.1091
vn -0.4627 -0.8840 -0.0670
vn -0.4943 -0.7994 -0.3416
vn -0.4359 -0.8252 -0.3593
vn -0.4645 -0.7792 -0.4207
vn -0.4367 -0.8118 -0.3876
vn -0.4130 -0.7666 -0.4918
vn -0.4119 -0.7156 -0.5641
vn -0.4139 -0.7124 -0.5667
vn -0.3709 -0.6729 -0.6401
vn -0.3024 -0.5395 -0.7858
vn -0.3524 -0.5708 -0.7416
vn -0.3437 -0.6074 -0.7162
vn -0.3599 -0.6525 -0.6669
vn -0.2802 -0.5003 -0.8193
vn -0.2463 -0.4278 -0.8697
vn -0.2875 -0.4433 -0.8490
vn -0.2523 -0.4211 -0.8712
vn -0.1707 -0.3027 -0.9377
vn -0.2979 -0.3348 -0.8940
vn -0.1377 -0.2535 -0.9575
vn -0.1629 -0.2077 -0.9645
vn -0.1282 -0.1808 -0.9751
vn -0.0847 -0.0652 -0.9943
vn -0.0880 -0.0626 -0.9942
vn -0.0938 -0.1026 -0.9903
vn -0.1107 -0.1282 -0.9856
vn -0.1153 -0.1115 -0.9871
vn -0.1109 -0.1313 -0.9851
vn -0.1314 0.0299 -0.9909
vn -0.0464 0.0047 -0.9989
vn -0.0760 -0.0091 -0.9971
vn -0.0767 -0.0087 -0.9970
vn -0.0646 -0.0318 -0.9974
vn -0.6873 -0.7255 -0.0354
vn -0.6824 -0.7307 -0.0207
vn -0.6789 -0.7260 -0.1099
vn -0.6788 -0.7261 -0.1096
vn -0.6667 -0.7117 -0.2212
vn -0.2375 -0.2242 -0.9452
vn -0.2381 -0.2313 -0.9433
vn -0.3364 -0.3338 -0.8806
vn -0.3370 -0.3423 -0.8771
vn -0.4248 -0.4344 -0.7943
vn -0.4276 -0.4414 -0.7889
vn -0.4858 -0.5029 -0.7149
vn -0.4881 -0.5092 -0.7089
vn -0.5422 -0.5667 -0.6204
vn -0.5437 -0.5717 -0.6145
vn -0.5879 -0.6190 -0.5207
vn -0.5887 -0.6225 -0.5156
vn -0.6355 -0.6732 -0.3780
vn -0.1859 -0.1492 -0.9712
vn -0.1676 -0.1435 -0.9753
vn -0.1681 -0.1522 -0.9739
vn -0.1596 -0.1572 -0.9746
vn -0.2302 -0.2361 -0.9441
vn -0.2303 -0.2437 -0.9421
vn -0.3249 -0.3501 -0.8786
vn -0.3250 -0.3585 -0.8751
vn -0.4092 -0.4541 -0.7914
vn -0.4114 -0.4608 -0.7864
vn -0.4670 -0.5243 -0.7120
vn -0.4688 -0.5303 -0.7064
vn -0.5202 -0.5895 -0.6180
vn -0.5213 -0.5941 -0.6126
vn -0.5632 -0.6428 -0.5193
vn -0.6532 -0.7566 -0.0301
vn -0.6521 -0.7577 -0.0275
vn -0.6488 -0.7528 -0.1112
vn -0.6488 -0.7528 -0.1111
vn -0.6373 -0.7377 -0.2229
vn -0.6375 -0.7373 -0.2236
vn -0.6072 -0.7001 -0.3758
vn -0.6148 -0.7883 -0.0257
vn -0.6186 -0.7850 -0.0328
vn -0.6155 -0.7800 -0.1125
vn -0.6156 -0.7799 -0.1127
vn -0.6047 -0.7641 -0.2249
vn -0.6050 -0.7635 -0.2258
vn -0.5764 -0.7249 -0.3772
vn -0.5772 -0.7229 -0.3797
vn -0.5162 -0.6444 -0.5641
vn -0.2956 -0.3908 -0.8717
vn -0.2966 -0.3821 -0.8752
vn -0.2119 -0.2693 -0.9395
vn -0.2129 -0.2605 -0.9417
vn -0.1485 -0.1759 -0.9731
vn -0.5722 -0.8198 -0.0224
vn -0.5820 -0.8124 -0.0364
vn -0.5792 -0.8072 -0.1137
vn -0.5794 -0.8070 -0.1142
vn -0.5691 -0.7903 -0.2271
vn -0.5696 -0.7896 -0.2283
vn -0.5427 -0.7495 -0.3791
vn -0.5437 -0.7474 -0.3817
vn -0.4868 -0.6667 -0.5643
vn -0.4881 -0.6621 -0.5686
vn -0.3968 -0.5363 -0.7450
vn -0.3881 -0.5841 -0.7129
vn -0.3707 -0.4921 -0.7877
vn -0.1930 -0.2858 -0.9386
vn -0.1906 -0.2962 -0.9359
vn -0.2633 -0.4130 -0.8718
vn -0.2611 -0.4225 -0.8679
vn -0.3483 -0.5659 -0.7473
vn -0.3462 -0.5734 -0.7426
vn -0.4235 -0.7042 -0.5698
vn -0.4216 -0.7089 -0.5654
vn -0.4697 -0.7938 -0.3864
vn -0.4682 -0.7962 -0.3832
vn -0.4912 -0.8393 -0.2331
vn -0.4902 -0.8404 -0.2311
vn -0.4990 -0.8587 -0.1166
vn -0.4984 -0.8593 -0.1155
vn -0.5007 -0.8648 -0.0386
vn -0.4697 -0.8827 -0.0151
vn -0.4747 -0.8798 -0.0251
vn -0.5256 -0.8505 -0.0202
vn -0.5426 -0.8391 -0.0384
vn -0.5400 -0.8338 -0.1147
vn -0.5404 -0.8334 -0.1155
vn -0.5308 -0.8159 -0.2292
vn -0.5316 -0.8150 -0.2308
vn -0.5065 -0.7734 -0.3812
vn -0.5077 -0.7712 -0.3840
vn -0.4551 -0.6884 -0.5648
vn -0.4567 -0.6837 -0.5691
vn -0.3722 -0.5552 -0.7438
vn -0.3738 -0.5479 -0.7484
vn -0.2788 -0.4067 -0.8700
vn -0.2804 -0.3977 -0.8736
vn -0.2014 -0.2826 -0.9378
vn -0.2031 -0.2731 -0.9403
vn -0.1471 -0.1928 -0.9701
vn -0.1502 -0.1765 -0.9728
vn -0.1137 -0.1271 -0.9853
vn -0.1108 -0.1126 -0.9874
vn -0.0775 -0.0679 -0.9947
vn -0.0807 -0.0529 -0.9953
vn -0.0546 -0.0182 -0.9983
vn -0.0576 -0.0058 -0.9983
vn -0.0429 0.0136 -0.9990
vn -0.0463 0.0190 -0.9987
vn -0.0296 0.0130 -0.9995
vn -0.0344 0.0162 -0.9993
vn -0.0497 -0.0020 -0.9988
vn -0.0485 -0.0105 -0.9988
vn -0.0776 -0.0442 -0.9960
vn -0.0765 -0.0548 -0.9956
vn -0.1147 -0.0989 -0.9885
vn -0.1180 -0.1093 -0.9870
vn -0.1593 -0.1571 -0.9746
vn -0.1583 -0.1714 -0.9724
vn -0.2219 -0.2482 -0.9429
vn -0.2215 -0.2564 -0.9409
vn -0.3115 -0.3662 -0.8768
vn -0.3111 -0.3747 -0.8734
vn -0.3910 -0.4734 -0.7893
vn -0.3928 -0.4800 -0.7844
vn -0.4454 -0.5454 -0.7100
vn -0.4467 -0.5511 -0.7048
vn -0.4952 -0.6119 -0.6167
vn -0.5058 -0.6862 -0.5227
vn -0.5637 -0.6460 -0.5146
vn -0.6079 -0.6981 -0.3784
vn -0.6349 -0.6754 -0.3751
vn -0.6669 -0.7113 -0.2218
vn -0.6979 -0.6816 -0.2197
vn -0.7029 -0.7029 -0.1088
vn -0.7098 -0.6984 -0.0917
vn -0.7074 -0.7059 -0.0356
vn -0.7128 -0.7010 -0.0236
vn -0.7880 0.6156 -0.0097
vn -0.7634 0.6449 -0.0366
vn -0.9680 0.2510 -0.0051
vn -0.9573 0.2890 -0.0103
vn -0.9332 0.3594 -0.0008
vn -0.8879 0.4600 0.0003
vn 0.9998 0.0212 -0.0000
vn 0.9993 0.0359 -0.0045
vn 0.9687 0.2481 0.0017
vn 0.5815 0.8135 -0.0126
vn 0.5238 0.8029 -0.2846
vn 0.6575 0.7534 -0.0045
vn 0.8989 0.4382 0.0078
vn 0.8693 0.4885 -0.0753
vn 0.9287 0.3704 -0.0164
vn -0.6178 0.7863 0.0014
vn -0.5126 0.8586 -0.0021
vn -0.3624 0.9269 -0.0977
vn -0.2768 0.9608 0.0161
vn 0.1236 0.9920 -0.0241
vn 0.0094 0.8775 -0.4796
vn 0.3164 0.9486 0.0027
vn 0.4838 -0.6509 -0.5851
vn 0.5314 -0.7827 -0.3240
vn 0.6187 -0.7447 -0.2504
vn 0.6461 -0.6940 -0.3177
vn 0.6718 -0.7060 -0.2242
vn 0.6914 -0.6931 -0.2040
vn 0.6974 -0.6913 -0.1890
vn 0.5231 -0.3723 -0.7666
vn 0.5237 -0.3636 -0.7704
vn 0.4758 -0.4628 -0.7480
vn 0.4864 -0.3930 -0.7804
vn 0.5181 -0.3815 -0.7656
vn 0.5241 -0.4074 -0.7479
vn 0.5221 -0.3738 -0.7666
vn 0.6542 -0.5583 -0.5102
vn 0.6542 -0.5584 -0.5101
vn 0.6185 -0.5906 -0.5183
vn 0.6185 -0.5915 -0.5173
vn 0.5280 -0.6505 -0.5460
vn 0.5013 -0.7566 -0.4199
vn 0.4358 -0.2451 -0.8660
vn 0.4358 -0.2450 -0.8660
vn -0.9996 -0.0275 -0.0000
vn -0.9053 -0.4242 -0.0208
vn -0.9528 -0.3036 0.0026
vn -0.9999 -0.0153 -0.0031
vn -0.4268 -0.9043 -0.0002
vn -0.6026 -0.7979 -0.0131
vn -0.5915 -0.8062 -0.0096
vn -0.7482 -0.6635 -0.0000
vn -0.8404 -0.5419 0.0001
vn -0.2905 -0.9569 -0.0001
vn -0.1330 -0.9910 -0.0142
vn -0.0467 -0.9989 -0.0000
vn 0.2467 -0.9691 -0.0000
vn 0.3581 -0.9336 -0.0137
vn 0.4794 -0.8776 0.0001
vn 0.9570 -0.2900 -0.0000
vn 0.9777 -0.2089 -0.0193
vn 0.9605 -0.2781 -0.0095
vn 0.9042 -0.4271 0.0062
vn 0.7616 -0.6479 -0.0134
vn 0.7323 -0.6809 -0.0050
vn 0.6024 -0.7982 -0.0000
vn -0.8281 -0.5604 -0.0134
vn -0.0610 0.0195 -0.9979
vn -0.0346 0.0352 -0.9988
vn -0.0407 0.0205 -0.9990
vn -0.0368 0.0190 -0.9991
vn -0.0455 0.0220 -0.9987
vn -0.0303 0.0405 -0.9987
vn -0.0304 0.0402 -0.9987
vn -0.0309 0.0390 -0.9988
vn -0.0953 -0.0106 -0.9954
vn -0.0850 0.0016 -0.9964
vn -0.0733 0.0116 -0.9972
vn -0.1761 -0.0450 -0.9834
vn -0.1640 -0.0351 -0.9858
vn -0.1501 -0.0270 -0.9883
vn -0.2182 -0.0600 -0.9740
vn -0.2525 -0.0803 -0.9643
vn -0.2607 -0.0760 -0.9624
vn -0.3178 -0.1143 -0.9412
vn -0.3367 -0.1290 -0.9327
vn -0.3693 -0.1330 -0.9198
vn -0.4400 -0.1796 -0.8799
vn -0.4776 -0.1877 -0.8583
vn -0.5519 -0.2366 -0.7996
vn -0.5996 -0.2506 -0.7601
vn -0.6623 -0.2931 -0.6896
vn -0.7109 -0.3090 -0.6318
vn -0.7556 -0.3412 -0.5591
vn -0.7946 -0.3539 -0.4934
vn -0.8244 -0.3770 -0.4221
vn -0.8489 -0.3837 -0.3636
vn -0.8679 -0.3999 -0.2947
vn -0.8826 -0.4018 -0.2443
vn -0.8917 -0.4126 -0.1858
vn -0.9009 -0.4121 -0.1366
vn -0.9030 -0.4185 -0.0974
vn -0.9075 -0.4167 -0.0529
vn -0.9069 -0.4206 -0.0263
vn -0.9076 -0.4197 -0.0099
vn -0.8307 -0.5551 -0.0425
vn -0.1393 -0.0577 -0.9886
vn -0.1873 -0.0989 -0.9773
vn -0.1945 -0.0997 -0.9758
vn -0.2624 -0.1523 -0.9529
vn -0.2666 -0.1528 -0.9516
vn -0.3510 -0.2169 -0.9109
vn -0.3555 -0.2176 -0.9090
vn -0.4544 -0.2932 -0.8412
vn -0.4568 -0.2935 -0.8398
vn -0.5610 -0.3702 -0.7404
vn -0.5643 -0.3706 -0.7378
vn -0.6519 -0.4399 -0.6176
vn -0.6602 -0.4403 -0.6085
vn -0.7251 -0.4965 -0.4771
vn -0.7336 -0.4956 -0.4649
vn -0.7755 -0.5350 -0.3353
vn -0.7802 -0.5332 -0.3270
vn -0.8044 -0.5553 -0.2112
vn -0.8065 -0.5539 -0.2069
vn -0.8178 -0.5658 -0.1050
vn -0.8160 -0.5678 -0.1086
vn -0.8251 -0.5648 -0.0137
vn -0.0654 -0.0056 -0.9978
vn -0.0790 -0.0064 -0.9969
vn -0.0799 -0.0064 -0.9968
vn -0.0892 -0.0053 -0.9960
vn -0.0986 -0.0259 -0.9948
vn -0.1263 -0.0562 -0.9904
vn -0.0388 0.0200 -0.9990
vn -0.0377 0.0181 -0.9991
vn -0.0393 0.0255 -0.9989
vn -0.0488 0.0089 -0.9988
vn -0.8883 -0.4480 -0.1013
vn -0.8881 -0.4487 -0.0996
vn -0.8766 -0.4406 -0.1933
vn -0.8766 -0.4421 -0.1900
vn -0.8516 -0.4255 -0.3060
vn -0.8522 -0.4279 -0.3011
vn -0.8062 -0.3988 -0.4371
vn -0.8079 -0.4024 -0.4306
vn -0.7347 -0.3577 -0.5765
vn -0.7380 -0.3628 -0.5690
vn -0.6391 -0.3037 -0.7066
vn -0.6441 -0.3101 -0.6993
vn -0.5283 -0.2418 -0.8139
vn -0.5342 -0.2490 -0.8078
vn -0.4180 -0.1807 -0.8903
vn -0.4241 -0.1881 -0.8859
vn -0.3190 -0.1261 -0.9393
vn -0.3244 -0.1329 -0.9365
vn -0.2362 -0.0803 -0.9684
vn -0.2405 -0.0862 -0.9668
vn -0.1706 -0.0438 -0.9844
vn -0.1737 -0.0485 -0.9836
vn -0.1154 -0.0123 -0.9932
vn -0.1172 -0.0113 -0.9930
vn -0.1947 -0.0469 -0.9797
vn -0.1932 -0.0491 -0.9799
vn -0.2512 -0.0823 -0.9644
vn -0.2469 -0.0766 -0.9660
vn -0.3376 -0.1275 -0.9326
vn -0.3322 -0.1210 -0.9354
vn -0.4394 -0.1806 -0.8799
vn -0.4333 -0.1735 -0.8844
vn -0.5508 -0.2386 -0.7998
vn -0.5448 -0.2317 -0.8059
vn -0.6607 -0.2961 -0.6898
vn -0.6557 -0.2899 -0.6972
vn -0.7536 -0.3451 -0.5595
vn -0.7502 -0.3402 -0.5669
vn -0.8221 -0.3818 -0.4224
vn -0.8204 -0.3783 -0.4289
vn -0.8653 -0.4052 -0.2949
vn -0.8647 -0.4029 -0.2998
vn -0.8891 -0.4182 -0.1860
vn -0.8891 -0.4168 -0.1892
vn -0.9003 -0.4243 -0.0975
vn -0.9004 -0.4236 -0.0992
vn -0.9040 -0.4261 -0.0337
vn -0.8924 -0.4513 -0.0036
vn -0.8955 -0.4440 -0.0295
vn -0.8634 -0.5036 -0.0308
vn -0.8608 -0.5088 -0.0146
vn -0.8566 -0.5051 -0.1058
vn -0.8564 -0.5058 -0.1041
vn -0.8444 -0.4963 -0.2017
vn -0.8443 -0.4978 -0.1985
vn -0.8182 -0.4782 -0.3190
vn -0.8187 -0.4807 -0.3141
vn -0.7709 -0.4464 -0.4544
vn -0.7725 -0.4502 -0.4479
vn -0.6972 -0.3978 -0.5964
vn -0.7003 -0.4033 -0.5890
vn -0.6004 -0.3350 -0.7261
vn -0.6051 -0.3421 -0.7189
vn -0.4908 -0.2647 -0.8301
vn -0.4964 -0.2726 -0.8242
vn -0.3841 -0.1968 -0.9021
vn -0.3897 -0.2047 -0.8979
vn -0.2903 -0.1372 -0.9471
vn -0.2951 -0.1446 -0.9444
vn -0.2131 -0.0883 -0.9730
vn -0.2169 -0.0947 -0.9716
vn -0.1528 -0.0499 -0.9870
vn -0.1555 -0.0550 -0.9863
vn -0.0900 -0.0082 -0.9959
vn -0.0902 -0.0125 -0.9958
vn -0.0423 0.0238 -0.9988
vn -0.8452 -0.5321 -0.0502
vn -0.8409 -0.5403 -0.0310
vn -0.8369 -0.5367 -0.1080
vn -0.8366 -0.5374 -0.1064
vn -0.8245 -0.5271 -0.2059
vn -0.8243 -0.5285 -0.2029
vn -0.7979 -0.5074 -0.3255
vn -0.7982 -0.5098 -0.3208
vn -0.7499 -0.4726 -0.4630
vn -0.7513 -0.4764 -0.4568
vn -0.6754 -0.4197 -0.6063
vn -0.6783 -0.4252 -0.5992
vn -0.5787 -0.3520 -0.7356
vn -0.5831 -0.3590 -0.7288
vn -0.4703 -0.2770 -0.8379
vn -0.4755 -0.2848 -0.8324
vn -0.3660 -0.2053 -0.9077
vn -0.3710 -0.2132 -0.9038
vn -0.2751 -0.1431 -0.9507
vn -0.2795 -0.1504 -0.9483
vn -0.2010 -0.0923 -0.9752
vn -0.2044 -0.0987 -0.9739
vn -0.1436 -0.0529 -0.9882
vn -0.1460 -0.0580 -0.9876
vn -0.0844 -0.0107 -0.9964
vn -0.0843 -0.0150 -0.9963
vn -0.0402 0.0210 -0.9990
vn -0.0406 0.0229 -0.9989
vn -0.8796 -0.4740 -0.0412
vn -0.8774 -0.4788 -0.0297
vn -0.8735 -0.4757 -0.1035
vn -0.8733 -0.4764 -0.1018
vn -0.8616 -0.4677 -0.1975
vn -0.8615 -0.4691 -0.1942
vn -0.8360 -0.4512 -0.3125
vn -0.8365 -0.4536 -0.3075
vn -0.7895 -0.4220 -0.4457
vn -0.7911 -0.4257 -0.4391
vn -0.7168 -0.3773 -0.5864
vn -0.7201 -0.3826 -0.5789
vn -0.6205 -0.3191 -0.7164
vn -0.6254 -0.3259 -0.7090
vn -0.5101 -0.2531 -0.8220
vn -0.5159 -0.2607 -0.8160
vn -0.4014 -0.1887 -0.8962
vn -0.4073 -0.1964 -0.8919
vn -0.3049 -0.1317 -0.9432
vn -0.3101 -0.1389 -0.9405
vn -0.2248 -0.0844 -0.9707
vn -0.2289 -0.0905 -0.9692
vn -0.1618 -0.0469 -0.9857
vn -0.1648 -0.0519 -0.9850
vn -0.0954 -0.0058 -0.9954
vn -0.0958 -0.0099 -0.9954
vn -0.0436 0.0270 -0.9987
vn -0.0437 0.0260 -0.9987
vn -0.0458 0.0060 -0.9989
vn -0.0545 -0.0115 -0.9984
vn -0.0780 0.0067 -0.9969
vn -0.0325 0.0188 -0.9993
vn -0.0330 0.0189 -0.9993
vn -0.0304 0.0174 -0.9994
vn -0.0230 0.0248 -0.9994
vn -0.8050 -0.5931 -0.0135
vn -0.8014 -0.5973 -0.0323
vn -0.7119 -0.6678 -0.2174
vn -0.7374 -0.6693 -0.0911
vn -0.7235 -0.6809 -0.1140
vn -0.7391 -0.6732 -0.0235
vn -0.7344 -0.6779 -0.0331
vn -0.6366 -0.5982 -0.4867
vn -0.7015 -0.6313 -0.3306
vn -0.6946 -0.6324 -0.3430
vn -0.7087 -0.6523 -0.2689
vn -0.7283 -0.6582 -0.1905
vn -0.5820 -0.5116 -0.6320
vn -0.5969 -0.5514 -0.5828
vn -0.6739 -0.5932 -0.4404
vn -0.4928 -0.4240 -0.7599
vn -0.5043 -0.4485 -0.7379
vn -0.5480 -0.4920 -0.6765
vn -0.3212 -0.2713 -0.9073
vn -0.3635 -0.3130 -0.8775
vn -0.3956 -0.3296 -0.8572
vn -0.4122 -0.3591 -0.8374
vn -0.4557 -0.4021 -0.7941
vn -0.0399 0.0037 -0.9992
vn -0.0543 -0.0110 -0.9985
vn -0.0728 -0.0159 -0.9972
vn -0.0831 -0.0427 -0.9956
vn -0.1174 -0.0668 -0.9908
vn -0.1304 -0.0881 -0.9875
vn -0.1663 -0.1113 -0.9798
vn -0.1914 -0.1449 -0.9708
vn -0.2300 -0.1699 -0.9583
vn -0.2980 -0.2541 -0.9201
vn -0.0299 0.0128 -0.9995
vn -0.0808 -0.0292 -0.9963
vn -0.0771 -0.0279 -0.9966
vn -0.0641 -0.0244 -0.9976
vn -0.0563 0.0046 -0.9984
vn -0.0393 0.0050 -0.9992
vn -0.0298 0.0150 -0.9994
vn -0.2423 -0.1577 -0.9573
vn -0.1819 -0.1052 -0.9777
vn -0.1753 -0.1025 -0.9792
vn -0.1238 -0.0591 -0.9905
vn -0.1250 -0.0594 -0.9904
vn -0.0915 -0.0340 -0.9952
vn -0.0861 -0.0312 -0.9958
vn -0.8033 -0.5940 -0.0428
vn -0.8029 -0.5868 -0.1052
vn -0.8004 -0.5891 -0.1109
vn -0.7875 -0.5787 -0.2118
vn -0.7877 -0.5786 -0.2116
vn -0.7602 -0.5559 -0.3361
vn -0.7613 -0.5556 -0.3342
vn -0.7100 -0.5169 -0.4782
vn -0.7126 -0.5166 -0.4746
vn -0.6377 -0.4585 -0.6189
vn -0.6370 -0.4585 -0.6196
vn -0.5485 -0.3861 -0.7417
vn -0.5402 -0.3845 -0.7485
vn -0.4461 -0.3034 -0.8420
vn -0.4354 -0.3013 -0.8483
vn -0.3441 -0.2252 -0.9115
vn -0.7830 -0.6211 -0.0327
vn -0.7829 -0.6213 -0.0324
vn -0.7789 -0.6171 -0.1123
vn -0.7786 -0.6175 -0.1114
vn -0.7664 -0.6056 -0.2142
vn -0.7661 -0.6066 -0.2125
vn -0.7397 -0.5818 -0.3383
vn -0.7396 -0.5834 -0.3357
vn -0.6916 -0.5398 -0.4800
vn -0.6919 -0.5424 -0.4765
vn -0.6178 -0.4764 -0.6256
vn -0.6189 -0.4801 -0.6217
vn -0.5238 -0.3966 -0.7539
vn -0.5255 -0.4013 -0.7502
vn -0.4207 -0.3099 -0.8526
vn -0.4227 -0.3151 -0.8497
vn -0.3235 -0.2286 -0.9182
vn -0.3205 -0.2206 -0.9212
vn -0.2534 -0.1628 -0.9536
vn -0.7591 -0.6501 -0.0330
vn -0.7590 -0.6502 -0.0328
vn -0.7550 -0.6459 -0.1135
vn -0.7548 -0.6462 -0.1128
vn -0.7426 -0.6338 -0.2165
vn -0.7424 -0.6345 -0.2151
vn -0.7161 -0.6085 -0.3419
vn -0.7160 -0.6099 -0.3398
vn -0.6686 -0.5641 -0.4846
vn -0.6688 -0.5662 -0.4818
vn -0.5958 -0.4971 -0.6308
vn -0.5966 -0.5002 -0.6276
vn -0.5035 -0.4131 -0.7588
vn -0.5048 -0.4169 -0.7559
vn -0.4031 -0.3223 -0.8566
vn -0.4046 -0.3266 -0.8542
vn -0.2912 -0.2213 -0.9307
vn -0.2765 -0.2037 -0.9392
vn -0.0207 0.0274 -0.9994
vn 0.0449 0.1113 -0.9928
vn 0.1955 0.2669 -0.9437
vn 0.1938 0.2777 -0.9409
vn 0.1885 0.2161 -0.9580
vn 0.1722 0.2688 -0.9477
vn 0.1737 0.2578 -0.9505
vn 0.1724 0.2484 -0.9532
vn 0.1705 0.2429 -0.9550
vn 0.1679 0.2369 -0.9569
vn 0.1752 0.2407 -0.9547
vn 0.1807 0.2432 -0.9530
vn 0.1845 0.2438 -0.9521
vn 0.1664 0.2344 -0.9578
vn 0.1427 0.2064 -0.9680
vn 0.1356 0.2019 -0.9700
vn 0.0579 0.1394 -0.9885
vn 0.0586 0.1145 -0.9917
vn 0.0889 0.1516 -0.9844
vn 0.0901 0.1548 -0.9838
vn 0.1083 0.1713 -0.9792
vn 0.1169 0.1795 -0.9768
vn -0.0134 0.0378 -0.9992
vn -0.0147 0.0385 -0.9992
vn -0.0162 0.0311 -0.9994
vn -0.0129 0.0390 -0.9992
vn -0.0110 0.0359 -0.9993
vn -0.0121 0.0319 -0.9994
vn 0.0547 0.1037 -0.9931
vn 0.0149 0.0779 -0.9968
vn 0.0247 0.0685 -0.9973
vn 0.0128 0.0696 -0.9975
vn -0.0189 0.0322 -0.9993
vn -0.0193 0.0325 -0.9993
vn -0.0778 0.0884 -0.9930
vn -0.0159 0.0351 -0.9993
vn -0.0140 0.0574 -0.9983
vn -0.0103 0.0318 -0.9994
vn 0.0103 0.0642 -0.9979
vn 0.0109 0.0927 -0.9956
vn 0.0037 0.0798 -0.9968
vn 0.0655 0.1119 -0.9916
vn 0.0450 0.1112 -0.9928
vn 0.0952 0.1541 -0.9835
vn 0.0915 0.1533 -0.9839
vn 0.1348 0.2028 -0.9699
vn 0.1350 0.2035 -0.9697
vn 0.1694 0.2372 -0.9566
vn 0.1844 0.2595 -0.9480
vn 0.1954 0.2670 -0.9437
vn 0.1368 0.2088 -0.9684
vn 0.2005 0.2699 -0.9418
vn 0.1924 0.2586 -0.9466
vn 0.1652 0.2340 -0.9581
vn 0.1288 0.1922 -0.9729
vn 0.0957 0.1597 -0.9825
vn 0.0529 0.1320 -0.9898
vn 0.0764 0.1384 -0.9874
vn -0.0064 0.0582 -0.9983
vn 0.0046 0.0756 -0.9971
vn 0.0325 0.0850 -0.9958
vn 0.0400 0.1054 -0.9936
vn 0.0695 0.1397 -0.9878
vn -0.0276 0.0425 -0.9987
vn -0.0275 0.0423 -0.9987
vn -0.0270 0.0419 -0.9988
vn -0.0233 0.0426 -0.9988
vn -0.0145 0.0417 -0.9990
vn -0.0143 0.0452 -0.9989
vn -0.0161 0.0475 -0.9987
vn -0.0162 0.0518 -0.9985
vn -0.0062 0.0371 -0.9993
vn -0.0067 0.0442 -0.9990
vn -0.0144 0.0421 -0.9990
vn -0.0177 0.0461 -0.9988
vn 0.0212 0.0810 -0.9965
vn 0.0202 0.0822 -0.9964
vn 0.0201 0.0885 -0.9959
vn 0.0337 0.0704 -0.9969
vn 0.0343 0.0648 -0.9973
vn -0.0153 0.0391 -0.9991
vn -0.0173 0.0439 -0.9989
vn 0.0223 0.0755 -0.9969
vn 0.0167 0.0818 -0.9965
vn 0.0578 0.1205 -0.9910
vn 0.0592 0.1245 -0.9905
vn 0.0928 0.1568 -0.9833
vn 0.0944 0.1613 -0.9824
vn 0.1363 0.2021 -0.9698
vn 0.1382 0.2071 -0.9685
vn 0.1877 0.2560 -0.9483
vn 0.1900 0.2612 -0.9464
vn -0.0876 -0.1521 0.9845
vn -0.1925 -0.2701 0.9434
vn -0.0363 -0.0943 0.9949
vn 0.0202 -0.0409 0.9990
vn 0.0027 -0.0734 0.9973
vn 0.0282 -0.0402 0.9988
vn 0.0207 -0.0440 0.9988
vn 0.0203 -0.0443 0.9988
vn 0.0192 -0.0443 0.9988
vn 0.0086 -0.0609 0.9981
vn -0.0223 -0.0664 0.9975
vn -0.1881 -0.2562 0.9481
vn -0.1349 -0.2009 0.9703
vn -0.1342 -0.1984 0.9709
vn -0.0910 -0.1565 0.9835
vn -0.0800 -0.1354 0.9876
vn -0.0722 -0.1323 0.9886
vn -0.0395 -0.1091 0.9932
vn -0.1956 -0.2613 0.9452
vn -0.2234 -0.2938 0.9294
vn -0.2259 -0.2945 0.9286
vn -0.2233 -0.2909 0.9303
vn -0.2418 -0.3199 0.9161
vn -0.4276 -0.5052 0.7496
vn -0.5157 -0.4435 0.7330
vn -0.2385 -0.3185 0.9174
vn -0.2727 -0.3399 0.9001
vn -0.3337 -0.4040 0.8517
vn -0.3285 -0.4045 0.8535
vn -0.3845 -0.4541 0.8037
vn -0.1155 -0.1804 0.9768
vn -0.1308 -0.2108 0.9687
vn -0.1268 -0.1977 0.9720
vn -0.1560 -0.2248 0.9618
vn -0.1714 -0.2396 0.9556
vn -0.0720 -0.1411 0.9874
vn -0.0693 -0.1397 0.9878
vn -0.0534 -0.1105 0.9924
vn -0.0289 -0.0956 0.9950
vn -0.0197 -0.0727 0.9972
vn 0.0001 -0.0640 0.9980
vn 0.0091 -0.0428 0.9990
vn 0.0199 -0.0406 0.9990
vn 0.0253 -0.0315 0.9992
vn 0.0191 -0.0442 0.9988
vn 0.0200 -0.0448 0.9988
vn -0.0037 -0.0652 0.9979
vn 0.0008 -0.0649 0.9979
vn -0.0346 -0.0965 0.9947
vn -0.0288 -0.0957 0.9950
vn -0.0765 -0.1399 0.9872
vn -0.0703 -0.1385 0.9879
vn -0.1337 -0.1990 0.9708
vn -0.1274 -0.1971 0.9721
vn -0.1945 -0.2627 0.9451
vn -0.1883 -0.2593 0.9473
vn -0.1076 -0.1891 0.9760
vn 0.0233 -0.0292 0.9993
vn 0.0200 -0.0293 0.9994
vn 0.0038 -0.0369 0.9993
vn -0.0603 -0.1027 0.9929
vn -0.0144 -0.0787 0.9968
vn -0.0127 -0.0581 0.9982
vn -0.0894 -0.1957 0.9766
vn -0.1235 -0.1798 0.9759
vn -0.0458 -0.1820 0.9822
vn -0.1103 -0.1514 0.9823
vn -0.1044 -0.1533 0.9827
vn -0.0926 -0.1533 0.9838
vn -0.0662 -0.1249 0.9900
vn -0.0420 -0.1042 0.9937
vn -0.0434 -0.0918 0.9948
vn -0.0071 -0.0635 0.9980
vn -0.0920 -0.1503 0.9844
vn -0.0924 -0.1607 0.9827
vn -0.0911 -0.1686 0.9815
vn -0.1093 -0.1832 0.9770
vn -0.1163 -0.1197 0.9860
vn -0.1325 -0.0725 0.9885
vn 0.0260 -0.0425 0.9988
vn 0.0140 -0.0321 0.9994
vn 0.0250 -0.0360 0.9990
vn 0.0221 -0.0351 0.9991
vn 0.0198 -0.0351 0.9992
vn 0.0236 -0.0348 0.9991
vn 0.0123 -0.0383 0.9992
vn 0.0095 -0.0402 0.9991
vn -0.0086 -0.0540 0.9985
vn 0.0200 -0.0351 0.9992
vn 0.0187 -0.0354 0.9992
vn 0.0158 -0.0365 0.9992
vn 0.8059 0.5920 0.0137
vn 0.0540 0.0107 0.9985
vn 0.0287 -0.0142 0.9995
vn 0.0224 -0.0121 0.9997
vn 0.0665 -0.0242 0.9975
vn 0.1173 0.0674 0.9908
vn 0.0996 0.0538 0.9936
vn 0.0796 0.0341 0.9962
vn 0.7224 0.6820 0.1137
vn 0.7205 0.6429 0.2598
vn 0.7074 0.6725 0.2175
vn 0.6894 0.6058 0.3972
vn 0.6801 0.6483 0.3423
vn 0.6334 0.5465 0.5478
vn 0.6324 0.6039 0.4852
vn 0.5530 0.4680 0.6893
vn 0.5606 0.5325 0.6342
vn 0.4585 0.3765 0.8050
vn 0.4696 0.4473 0.7612
vn 0.3691 0.2932 0.8819
vn 0.3804 0.3431 0.8588
vn 0.3127 0.2584 0.9140
vn 0.7349 0.6781 0.0042
vn 0.7356 0.6773 0.0153
vn 0.7386 0.6732 0.0366
vn 0.7374 0.6746 0.0330
vn 0.7326 0.6772 0.0686
vn 0.7329 0.6662 0.1380
vn 0.7998 0.5986 0.0447
vn 0.8045 0.5931 0.0322
vn 0.8038 0.5890 0.0833
vn 0.7976 0.5929 0.1106
vn 0.8009 0.5775 0.1583
vn 0.7846 0.5828 0.2116
vn 0.7729 0.5410 0.3317
vn 0.7665 0.5764 0.2832
vn 0.7221 0.5063 0.4714
vn 0.7249 0.5392 0.4287
vn 0.6448 0.4489 0.6186
vn 0.6531 0.4774 0.5879
vn 0.5477 0.3776 0.7466
vn 0.5560 0.3977 0.7299
vn 0.4395 0.2961 0.8480
vn 0.4458 0.3101 0.8397
vn 0.3450 0.2244 0.9114
vn 0.0878 0.0321 0.9956
vn 0.1126 0.0453 0.9926
vn 0.1234 0.0614 0.9905
vn 0.1714 0.0953 0.9806
vn 0.1760 0.1022 0.9791
vn 0.2471 0.1589 0.9559
vn 0.2451 0.1560 0.9569
vn 0.3191 0.2184 0.9222
vn 0.0728 0.0162 0.9972
vn 0.0716 0.0173 0.9973
vn 0.0535 0.0181 0.9984
vn 0.0324 -0.0114 0.9994
vn 0.0332 -0.0132 0.9994
vn 0.0349 -0.0149 0.9993
vn 0.0349 -0.0153 0.9993
vn 0.0361 -0.0176 0.9992
vn 0.7837 0.6203 0.0323
vn 0.7836 0.6204 0.0326
vn 0.7796 0.6163 0.1111
vn 0.7793 0.6166 0.1119
vn 0.7673 0.6051 0.2124
vn 0.7666 0.6054 0.2141
vn 0.7413 0.5820 0.3343
vn 0.7400 0.5822 0.3369
vn 0.6943 0.5411 0.4746
vn 0.6921 0.5409 0.4779
vn 0.6204 0.4778 0.6220
vn 0.6170 0.4769 0.6259
vn 0.5279 0.3996 0.7494
vn 0.5235 0.3982 0.7532
vn 0.4241 0.3125 0.8500
vn 0.4191 0.3108 0.8531
vn 0.3235 0.2283 0.9183
vn 0.2967 0.2545 0.9204
vn 0.2303 0.1704 0.9581
vn 0.1857 0.1391 0.9727
vn 0.1663 0.1117 0.9797
vn 0.1337 0.0884 0.9871
vn 0.1138 0.0614 0.9916
vn 0.7595 0.6496 0.0327
vn 0.7595 0.6497 0.0329
vn 0.7555 0.6455 0.1124
vn 0.7552 0.6457 0.1131
vn 0.7432 0.6335 0.2151
vn 0.7426 0.6338 0.2164
vn 0.7174 0.6090 0.3384
vn 0.7163 0.6091 0.3405
vn 0.6708 0.5655 0.4799
vn 0.6690 0.5653 0.4826
vn 0.5976 0.4983 0.6281
vn 0.5949 0.4975 0.6313
vn 0.5068 0.4158 0.7552
vn 0.5032 0.4145 0.7583
vn 0.4056 0.3244 0.8545
vn 0.4015 0.3230 0.8570
vn 0.2750 0.2064 0.9390
vn 0.2745 0.1978 0.9410
vn 0.8542 0.5190 0.0310
vn 0.7929 0.4075 0.4530
vn 0.7907 0.4207 0.4447
vn 0.8738 0.4784 0.0870
vn 0.8903 0.4550 0.0174
vn 0.0415 -0.0230 0.9989
vn 0.0429 -0.0251 0.9988
vn 0.0438 -0.0261 0.9987
vn 0.0781 -0.0063 0.9969
vn 0.0684 0.0074 0.9976
vn 0.0875 0.0090 0.9961
vn 0.1315 0.0704 0.9888
vn 0.1214 0.0352 0.9920
vn 0.1926 0.1065 0.9755
vn 0.1816 0.0834 0.9798
vn 0.2688 0.1566 0.9504
vn 0.2605 0.1432 0.9548
vn 0.3593 0.2184 0.9073
vn 0.3550 0.2124 0.9104
vn 0.4625 0.2911 0.8375
vn 0.4618 0.2902 0.8381
vn 0.5710 0.3687 0.7335
vn 0.5748 0.3736 0.7280
vn 0.6660 0.4362 0.6051
vn 0.6748 0.4487 0.5859
vn 0.7408 0.4895 0.4599
vn 0.7499 0.5053 0.4270
vn 0.7880 0.5240 0.3232
vn 0.7935 0.5394 0.2819
vn 0.8256 0.5580 0.0831
vn 0.8262 0.5409 0.1575
vn 0.8151 0.5692 0.1076
vn 0.8142 0.5432 0.2051
vn 0.8282 0.5587 0.0445
vn 0.8302 0.5565 0.0312
vn 0.8286 0.5597 0.0137
vn 0.8245 0.4483 0.3452
vn 0.8344 0.4626 0.2997
vn 0.8324 0.4577 0.3123
vn 0.8478 0.4642 0.2565
vn 0.8585 0.4730 0.1981
vn 0.8532 0.4755 0.2145
vn 0.8606 0.4736 0.1872
vn 0.7218 0.3698 0.5851
vn 0.7826 0.2581 0.5665
vn 0.7601 0.3003 0.5762
vn 0.7374 0.3363 0.5858
vn 0.8392 0.4132 0.3535
vn 0.8152 0.3787 0.4382
vn 0.8137 0.3789 0.4409
vn 0.8063 0.3783 0.4548
vn 0.7851 0.3696 0.4970
vn 0.8014 0.3556 0.4810
vn 0.7902 0.3616 0.4948
vn 0.9017 0.4322 0.0115
vn 0.9017 0.4323 0.0118
vn 0.8995 0.4341 0.0502
vn 0.8989 0.4349 0.0529
vn 0.8985 0.4297 0.0899
vn 0.8870 0.4354 0.1538
vn 0.8895 0.4246 0.1690
vn 0.8638 0.4099 0.2930
vn 0.8637 0.4125 0.2896
vn 0.8331 0.3889 0.3934
vn 0.8266 0.3702 0.4239
vn 0.7803 0.3804 0.4964
vn 0.7364 0.3576 0.5743
vn 0.7293 0.3473 0.5894
vn 0.6413 0.3061 0.7036
vn 0.6359 0.3002 0.7110
vn 0.5297 0.2421 0.8129
vn 0.5350 0.2489 0.8074
vn 0.4490 0.1962 0.8717
vn 0.4154 0.1880 0.8900
vn 0.3786 0.1557 0.9124
vn 0.3179 0.1323 0.9389
vn 0.3002 0.1104 0.9475
vn 0.2338 0.0868 0.9684
vn 0.2165 0.0570 0.9746
vn 0.1653 0.0539 0.9848
vn 0.1487 0.0171 0.9887
vn 0.0820 0.0381 0.9959
vn 0.0474 0.0778 0.9958
vn 0.0918 -0.0834 0.9923
vn 0.7614 0.4481 0.4684
vn 0.7925 0.4241 0.4383
vn 0.7233 0.3798 0.5767
vn 0.7158 0.3775 0.5874
vn 0.6301 0.3238 0.7058
vn 0.6199 0.3203 0.7164
vn 0.5192 0.2578 0.8149
vn 0.5073 0.2535 0.8236
vn 0.4112 0.1940 0.8907
vn 0.3988 0.1896 0.8972
vn 0.3145 0.1371 0.9393
vn 0.3030 0.1332 0.9436
vn 0.2325 0.0887 0.9685
vn 0.2227 0.0857 0.9711
vn 0.1679 0.0503 0.9845
vn 0.1602 0.0482 0.9859
vn 0.0985 0.0075 0.9951
vn 0.0934 0.0078 0.9956
vn 0.0554 -0.0190 0.9983
vn 0.0381 -0.0232 0.9990
vn 0.0372 -0.0335 0.9987
vn 0.8644 0.4729 0.1706
vn 0.8705 0.4729 0.1363
vn 0.8727 0.4771 0.1035
vn 0.8757 0.4749 0.0878
vn 0.8784 0.4771 0.0294
vn 0.9177 0.3963 0.0290
vn 0.8645 0.5009 0.0412
vn 0.8784 0.4769 0.0301
vn 0.8541 0.5192 0.0304
vn 0.8503 0.5159 0.1042
vn 0.8498 0.5163 0.1065
vn 0.8385 0.5072 0.1993
vn 0.8372 0.5076 0.2037
vn 0.8134 0.4895 0.3142
vn 0.8108 0.4894 0.3209
vn 0.7677 0.4581 0.4481
vn 0.7632 0.4570 0.4569
vn 0.6952 0.4091 0.5911
vn 0.6877 0.4065 0.6015
vn 0.6013 0.3468 0.7198
vn 0.5912 0.3428 0.7301
vn 0.4917 0.2746 0.8264
vn 0.4800 0.2699 0.8347
vn 0.3864 0.2058 0.8991
vn 0.3742 0.2009 0.9053
vn 0.2936 0.1453 0.9448
vn 0.2823 0.1411 0.9489
vn 0.2157 0.0945 0.9719
vn 0.2061 0.0912 0.9743
vn 0.1550 0.0548 0.9864
vn 0.1473 0.0524 0.9877
vn 0.0908 0.0111 0.9958
vn 0.0855 0.0113 0.9963
vn 0.0415 -0.0229 0.9989
vn 0.0386 -0.0197 0.9991
vn 0.0381 -0.0197 0.9991
s 0
f 1//1 2//1 3//1
f 1//1 3//1 4//1
f 4//1 3//1 5//1
f 4//2 5//2 6//2
f 7//3 8//3 9//3
f 9//4 8//4 10//4
f 9//5 10//5 11//5
f 11//6 10//6 12//6
f 12//7 10//7 13//7
f 12//8 13//8 14//8
f 14//9 13//9 15//9
f 14//10 15//10 16//10
f 17//11 18//11 19//11
f 19//12 18//12 20//12
f 7//13 21//13 22//13
f 22//14 21//14 23//14
f 24//15 25//15 26//15
f 26//16 25//16 27//16
f 27//17 25//17 28//17
f 28//18 25//18 29//18
f 28//19 29//19 30//19
f 30//20 29//20 31//20
f 31//21 29//21 32//21
f 31//22 32//22 33//22
f 34//23 33//23 35//23
f 35//24 33//24 32//24
f 35//25 32//25 29//25
f 35//26 36//26 34//26
f 34//27 36//27 37//27
f 34//28 37//28 38//28
f 38//29 37//29 39//29
f 40//30 41//30 29//30
f 40//31 29//31 42//31
f 43//32 42//32 29//32
f 24//33 44//33 25//33
f 25//34 44//34 43//34
f 25//35 43//35 29//35
f 45//36 36//36 35//36
f 44//37 46//37 43//37
f 43//38 46//38 47//38
f 43//39 47//39 42//39
f 42//40 47//40 48//40
f 42//41 48//41 40//41
f 40//42 48//42 45//42
f 40//43 45//43 41//43
f 41//44 45//44 35//44
f 41//45 35//45 29//45
f 36//46 45//46 49//46
f 36//47 49//47 50//47
f 50//48 49//48 51//48
f 50//49 51//49 52//49
f 52//50 51//50 53//50
f 53//51 51//51 54//51
f 53//52 54//52 55//52
f 48//53 56//53 57//53
f 57//54 56//54 58//54
f 57//55 58//55 59//55
f 48//56 47//56 56//56
f 56//57 47//57 46//57
f 56//58 46//58 60//58
f 60//59 46//59 44//59
f 60//60 44//60 24//60
f 59//61 58//61 61//61
f 61//62 58//62 62//62
f 61//63 62//63 63//63
f 64//64 55//64 65//64
f 65//65 55//65 54//65
f 65//66 54//66 66//66
f 60//67 67//67 56//67
f 56//68 67//68 68//68
f 56//69 68//69 58//69
f 58//70 68//70 69//70
f 58//71 69//71 62//71
f 63//72 66//72 61//72
f 61//73 66//73 54//73
f 61//74 54//74 59//74
f 59//75 54//75 51//75
f 59//76 51//76 57//76
f 57//77 51//77 49//77
f 57//78 49//78 48//78
f 48//79 49//79 45//79
f 60//80 24//80 26//80
f 69//81 68//81 70//81
f 69//82 70//82 62//82
f 26//83 71//83 60//83
f 60//84 71//84 70//84
f 60//85 70//85 67//85
f 67//86 70//86 68//86
f 70//87 72//87 62//87
f 62//88 72//88 73//88
f 62//89 73//89 63//89
f 63//90 73//90 74//90
f 75//91 66//91 76//91
f 76//92 66//92 63//92
f 76//93 63//93 77//93
f 77//94 63//94 74//94
f 78//95 79//95 80//95
f 80//95 79//95 81//95
f 66//95 75//95 82//95
f 82//95 83//95 66//95
f 66//96 83//96 84//96
f 66//95 84//95 85//95
f 85//97 84//97 86//97
f 86//98 87//98 85//98
f 85//95 87//95 88//95
f 85//95 88//95 79//95
f 79//95 88//95 89//95
f 79//95 89//95 81//95
f 90//99 64//99 91//99
f 91//100 64//100 65//100
f 91//101 65//101 85//101
f 85//102 65//102 66//102
f 92//103 93//103 94//103
f 95//103 96//103 97//103
f 98//103 94//103 99//103
f 99//103 94//103 97//103
f 99//103 97//103 100//103
f 100//103 97//103 96//103
f 52//103 101//103 102//103
f 102//103 39//103 37//103
f 103//103 92//103 104//103
f 104//103 92//103 94//103
f 104//103 94//103 105//103
f 105//103 94//103 98//103
f 52//103 102//103 50//103
f 50//103 102//103 37//103
f 50//103 37//103 36//103
f 106//103 90//103 107//103
f 52//103 53//103 101//103
f 101//103 53//103 55//103
f 101//103 55//103 64//103
f 95//103 97//103 107//103
f 107//103 97//103 108//103
f 107//103 108//103 106//103
f 106//103 109//103 90//103
f 90//103 109//103 110//103
f 90//103 110//103 64//103
f 64//103 110//103 111//103
f 64//103 111//103 101//103
f 112//104 113//104 114//104
f 114//105 113//105 115//105
f 114//106 115//106 116//106
f 117//107 118//107 119//107
f 119//108 120//108 117//108
f 117//109 120//109 121//109
f 117//110 121//110 122//110
f 123//111 124//111 125//111
f 125//112 124//112 126//112
f 125//113 126//113 127//113
f 127//114 126//114 128//114
f 127//115 128//115 129//115
f 129//116 128//116 130//116
f 121//117 131//117 122//117
f 122//118 131//118 132//118
f 122//119 132//119 125//119
f 125//120 132//120 133//120
f 125//121 133//121 123//121
f 134//122 135//122 136//122
f 137//123 138//123 139//123
f 139//124 138//124 140//124
f 139//125 140//125 141//125
f 142//126 143//126 144//126
f 144//127 145//127 142//127
f 142//128 145//128 146//128
f 142//129 146//129 147//129
f 147//130 146//130 148//130
f 147//131 148//131 137//131
f 137//132 148//132 149//132
f 137//133 149//133 138//133
f 135//134 134//134 150//134
f 134//135 151//135 150//135
f 150//136 151//136 152//136
f 150//137 152//137 143//137
f 143//138 152//138 153//138
f 143//139 153//139 144//139
f 154//140 155//140 156//140
f 156//140 155//140 157//140
f 154//141 156//141 158//141
f 154//141 158//141 159//141
f 159//142 158//142 160//142
f 159//143 160//143 161//143
f 160//144 162//144 161//144
f 161//145 162//145 163//145
f 161//146 163//146 164//146
f 163//147 165//147 164//147
f 164//148 165//148 166//148
f 164//149 166//149 167//149
f 168//150 169//150 170//150
f 170//151 169//151 167//151
f 170//152 167//152 171//152
f 171//153 167//153 166//153
f 168//154 172//154 169//154
f 169//155 172//155 173//155
f 169//156 173//156 174//156
f 173//157 175//157 174//157
f 174//158 175//158 176//158
f 174//158 176//158 177//158
f 178//159 177//159 179//159
f 179//159 177//159 176//159
f 180//160 179//160 176//160
f 180//160 176//160 181//160
f 181//160 176//160 182//160
f 182//160 176//160 183//160
f 182//161 183//161 184//161
f 156//162 185//162 186//162
f 156//163 186//163 158//163
f 158//164 186//164 187//164
f 158//165 187//165 188//165
f 189//166 171//166 190//166
f 190//167 171//167 166//167
f 190//168 166//168 191//168
f 191//169 166//169 165//169
f 191//170 165//170 192//170
f 192//171 165//171 163//171
f 192//172 163//172 193//172
f 193//173 163//173 162//173
f 193//174 162//174 188//174
f 188//175 162//175 160//175
f 188//176 160//176 158//176
f 173//177 172//177 194//177
f 194//178 172//178 168//178
f 194//179 168//179 189//179
f 189//180 168//180 170//180
f 189//181 170//181 171//181
f 183//182 176//182 195//182
f 195//183 176//183 175//183
f 195//184 175//184 196//184
f 196//185 175//185 173//185
f 196//186 173//186 197//186
f 197//187 173//187 194//187
f 185//188 156//188 198//188
f 198//188 156//188 157//188
f 157//188 199//188 198//188
f 198//188 199//188 200//188
f 198//188 200//188 201//188
f 202//189 203//189 183//189
f 183//190 203//190 204//190
f 183//191 204//191 184//191
f 205//192 206//192 207//192
f 207//193 206//193 208//193
f 207//194 208//194 209//194
f 210//195 188//195 211//195
f 211//196 188//196 187//196
f 211//196 187//196 212//196
f 212//197 187//197 186//197
f 212//197 186//197 205//197
f 205//198 186//198 185//198
f 205//199 185//199 206//199
f 206//200 185//200 198//200
f 206//201 198//201 208//201
f 208//202 198//202 201//202
f 191//203 192//203 210//203
f 210//204 192//204 193//204
f 210//195 193//195 188//195
f 183//205 195//205 202//205
f 202//206 195//206 196//206
f 202//206 196//206 213//206
f 213//207 196//207 197//207
f 213//208 197//208 214//208
f 215//209 204//209 216//209
f 216//210 204//210 203//210
f 216//211 203//211 217//211
f 217//211 203//211 202//211
f 217//212 202//212 218//212
f 218//213 202//213 213//213
f 219//214 220//214 214//214
f 214//215 220//215 221//215
f 214//216 221//216 213//216
f 213//216 221//216 222//216
f 213//217 222//217 218//217
f 223//218 224//218 219//218
f 219//219 224//219 225//219
f 219//220 225//220 220//220
f 226//221 227//221 228//221
f 228//222 227//222 229//222
f 228//223 229//223 223//223
f 223//224 229//224 230//224
f 223//225 230//225 224//225
f 197//226 194//226 214//226
f 214//227 194//227 189//227
f 214//228 189//228 219//228
f 219//229 189//229 190//229
f 219//230 190//230 223//230
f 223//231 190//231 191//231
f 223//232 191//232 228//232
f 228//233 191//233 210//233
f 228//234 210//234 226//234
f 207//192 231//192 205//192
f 205//235 231//235 232//235
f 205//236 232//236 212//236
f 212//237 232//237 233//237
f 212//238 233//238 211//238
f 211//238 233//238 234//238
f 211//239 234//239 210//239
f 210//239 234//239 235//239
f 210//240 235//240 226//240
f 207//241 209//241 236//241
f 237//242 238//242 232//242
f 232//243 238//243 239//243
f 232//244 239//244 233//244
f 237//245 232//245 236//245
f 236//246 232//246 231//246
f 236//247 231//247 207//247
f 239//248 240//248 233//248
f 233//249 240//249 136//249
f 233//250 136//250 234//250
f 234//251 136//251 135//251
f 234//252 135//252 235//252
f 235//253 135//253 150//253
f 143//254 227//254 150//254
f 150//255 227//255 226//255
f 150//256 226//256 235//256
f 221//257 220//257 137//257
f 137//258 220//258 147//258
f 220//259 225//259 147//259
f 147//260 225//260 224//260
f 147//261 224//261 142//261
f 142//262 224//262 230//262
f 142//263 230//263 143//263
f 143//264 230//264 229//264
f 143//265 229//265 227//265
f 241//266 218//266 242//266
f 242//267 218//267 222//267
f 137//268 139//268 221//268
f 221//269 139//269 141//269
f 221//270 141//270 222//270
f 222//271 141//271 243//271
f 222//272 243//272 242//272
f 241//273 244//273 218//273
f 218//274 244//274 245//274
f 218//275 245//275 217//275
f 217//276 245//276 246//276
f 217//277 246//277 216//277
f 216//278 246//278 247//278
f 216//279 247//279 215//279
f 248//280 249//280 250//280
f 251//281 252//281 249//281
f 249//282 252//282 253//282
f 249//283 253//283 250//283
f 254//284 255//284 256//284
f 256//285 255//285 251//285
f 256//286 251//286 257//286
f 257//287 251//287 249//287
f 243//288 141//288 258//288
f 258//289 141//289 259//289
f 260//290 261//290 262//290
f 262//291 261//291 263//291
f 262//292 263//292 259//292
f 259//293 263//293 264//293
f 259//294 264//294 258//294
f 265//295 266//295 267//295
f 267//296 268//296 265//296
f 265//297 268//297 269//297
f 265//298 269//298 270//298
f 271//299 272//299 249//299
f 249//300 272//300 273//300
f 249//301 273//301 257//301
f 257//302 273//302 274//302
f 257//303 274//303 256//303
f 138//304 149//304 275//304
f 275//305 149//305 276//305
f 275//306 276//306 277//306
f 277//307 276//307 278//307
f 277//308 278//308 279//308
f 279//309 278//309 280//309
f 279//310 280//310 254//310
f 140//311 138//311 281//311
f 281//312 138//312 275//312
f 281//313 275//313 282//313
f 282//314 275//314 277//314
f 282//315 277//315 283//315
f 283//316 277//316 279//316
f 283//317 279//317 274//317
f 274//318 279//318 254//318
f 274//319 254//319 256//319
f 284//320 269//320 285//320
f 285//321 269//321 268//321
f 285//322 268//322 286//322
f 286//323 268//323 267//323
f 286//324 267//324 260//324
f 260//325 267//325 266//325
f 260//326 266//326 261//326
f 272//327 284//327 273//327
f 273//328 284//328 285//328
f 273//329 285//329 274//329
f 274//330 285//330 286//330
f 274//331 286//331 283//331
f 283//332 286//332 260//332
f 283//333 260//333 282//333
f 282//334 260//334 262//334
f 282//335 262//335 281//335
f 281//336 262//336 259//336
f 281//337 259//337 140//337
f 140//338 259//338 141//338
f 287//339 288//339 289//339
f 289//340 288//340 290//340
f 289//341 290//341 291//341
f 287//342 292//342 288//342
f 288//343 292//343 293//343
f 288//344 293//344 294//344
f 294//345 293//345 295//345
f 294//346 295//346 296//346
f 297//347 298//347 296//347
f 296//348 298//348 299//348
f 296//349 299//349 294//349
f 300//350 301//350 302//350
f 303//351 304//351 305//351
f 304//352 306//352 305//352
f 305//353 306//353 307//353
f 305//354 307//354 308//354
f 308//355 307//355 309//355
f 308//356 309//356 296//356
f 296//357 309//357 297//357
f 303//358 305//358 310//358
f 310//359 305//359 311//359
f 310//360 311//360 312//360
f 272//361 271//361 313//361
f 300//362 302//362 314//362
f 314//363 302//363 315//363
f 314//364 315//364 316//364
f 316//365 315//365 317//365
f 316//366 317//366 318//366
f 319//367 320//367 317//367
f 317//368 320//368 321//368
f 317//369 321//369 318//369
f 293//370 292//370 322//370
f 322//371 292//371 323//371
f 322//372 323//372 319//372
f 319//373 323//373 324//373
f 319//374 324//374 320//374
f 284//375 272//375 325//375
f 325//376 272//376 313//376
f 325//377 313//377 326//377
f 326//378 313//378 327//378
f 326//379 327//379 311//379
f 311//380 327//380 328//380
f 311//381 328//381 312//381
f 269//382 284//382 329//382
f 329//383 284//383 325//383
f 329//384 325//384 330//384
f 330//385 325//385 326//385
f 330//386 326//386 331//386
f 331//387 326//387 311//387
f 331//388 311//388 332//388
f 332//389 311//389 305//389
f 332//390 305//390 333//390
f 333//391 305//391 308//391
f 333//392 308//392 295//392
f 295//393 308//393 296//393
f 295//394 293//394 333//394
f 333//395 293//395 322//395
f 333//396 322//396 332//396
f 332//397 322//397 319//397
f 332//398 319//398 331//398
f 331//399 319//399 317//399
f 331//400 317//400 330//400
f 330//401 317//401 315//401
f 330//402 315//402 329//402
f 329//403 315//403 302//403
f 329//404 302//404 269//404
f 269//405 302//405 301//405
f 269//406 301//406 270//406
f 248//407 334//407 335//407
f 271//408 249//408 248//408
f 336//409 328//409 335//409
f 335//410 328//410 327//410
f 335//411 327//411 248//411
f 248//412 327//412 313//412
f 248//413 313//413 271//413
f 303//414 310//414 336//414
f 336//415 310//415 312//415
f 336//416 312//416 328//416
f 155//417 337//417 338//417
f 127//418 339//418 340//418
f 127//419 129//419 339//419
f 339//420 129//420 130//420
f 339//421 130//421 341//421
f 342//422 122//422 125//422
f 122//423 342//423 117//423
f 117//424 342//424 343//424
f 117//425 343//425 118//425
f 344//426 345//426 346//426
f 346//427 345//427 347//427
f 346//428 347//428 348//428
f 348//429 347//429 349//429
f 348//430 349//430 350//430
f 350//431 349//431 351//431
f 350//432 351//432 352//432
f 352//433 351//433 353//433
f 352//434 353//434 354//434
f 354//435 353//435 355//435
f 354//436 355//436 356//436
f 356//437 355//437 118//437
f 356//438 118//438 357//438
f 357//439 118//439 343//439
f 155//440 338//440 157//440
f 157//441 338//441 358//441
f 157//442 358//442 199//442
f 199//443 358//443 359//443
f 199//444 359//444 200//444
f 200//445 359//445 360//445
f 200//446 360//446 201//446
f 236//447 209//447 360//447
f 360//448 209//448 208//448
f 360//449 208//449 201//449
f 360//450 361//450 236//450
f 236//451 361//451 362//451
f 236//452 362//452 237//452
f 237//453 362//453 363//453
f 237//454 363//454 238//454
f 238//455 363//455 239//455
f 239//456 363//456 364//456
f 239//457 364//457 240//457
f 240//458 364//458 340//458
f 240//459 340//459 136//459
f 136//460 340//460 339//460
f 136//461 339//461 134//461
f 134//462 339//462 341//462
f 134//463 341//463 151//463
f 365//464 153//464 341//464
f 341//465 153//465 152//465
f 341//466 152//466 151//466
f 366//467 144//467 153//467
f 144//468 366//468 145//468
f 145//469 366//469 278//469
f 145//470 278//470 276//470
f 149//471 148//471 276//471
f 276//472 148//472 146//472
f 276//473 146//473 145//473
f 367//474 368//474 254//474
f 254//475 280//475 367//475
f 367//476 280//476 278//476
f 367//477 278//477 369//477
f 369//478 278//478 366//478
f 369//479 366//479 370//479
f 368//480 371//480 254//480
f 254//481 371//481 372//481
f 254//482 372//482 255//482
f 248//483 250//483 334//483
f 334//484 250//484 253//484
f 334//485 253//485 373//485
f 373//486 253//486 374//486
f 373//487 374//487 375//487
f 372//488 376//488 255//488
f 255//489 376//489 377//489
f 255//490 377//490 251//490
f 251//491 377//491 374//491
f 251//492 374//492 252//492
f 252//493 374//493 253//493
f 365//494 378//494 153//494
f 153//495 378//495 379//495
f 153//496 379//496 366//496
f 366//497 379//497 380//497
f 366//498 380//498 370//498
f 337//499 344//499 338//499
f 338//500 344//500 346//500
f 338//501 346//501 358//501
f 358//502 346//502 348//502
f 358//503 348//503 359//503
f 359//504 348//504 350//504
f 359//505 350//505 360//505
f 360//506 350//506 352//506
f 360//507 352//507 361//507
f 361//508 352//508 354//508
f 361//509 354//509 362//509
f 362//510 354//510 356//510
f 362//511 356//511 363//511
f 363//512 356//512 357//512
f 363//513 357//513 364//513
f 364//514 357//514 343//514
f 364//515 343//515 340//515
f 340//516 343//516 342//516
f 340//517 342//517 127//517
f 127//518 342//518 125//518
f 381//519 309//519 382//519
f 382//520 309//520 307//520
f 382//521 307//521 383//521
f 335//522 384//522 385//522
f 335//523 385//523 336//523
f 307//524 306//524 383//524
f 383//525 306//525 304//525
f 383//526 304//526 386//526
f 386//527 304//527 303//527
f 386//528 303//528 387//528
f 387//529 303//529 336//529
f 387//530 336//530 388//530
f 388//531 336//531 385//531
f 373//532 375//532 389//532
f 373//533 389//533 334//533
f 334//534 389//534 390//534
f 334//535 390//535 335//535
f 335//536 390//536 391//536
f 335//537 391//537 384//537
f 392//538 118//538 355//538
f 347//539 345//539 393//539
f 393//540 345//540 394//540
f 393//541 395//541 347//541
f 347//542 395//542 396//542
f 347//543 396//543 349//543
f 349//544 396//544 397//544
f 349//545 397//545 351//545
f 397//546 398//546 351//546
f 351//547 398//547 399//547
f 351//548 399//548 353//548
f 353//549 399//549 400//549
f 353//550 400//550 355//550
f 355//551 400//551 401//551
f 355//552 401//552 392//552
f 402//553 403//553 381//553
f 381//554 382//554 402//554
f 402//555 382//555 383//555
f 402//556 383//556 404//556
f 404//557 383//557 386//557
f 404//558 386//558 405//558
f 405//559 386//559 387//559
f 405//560 387//560 406//560
f 406//561 387//561 388//561
f 390//562 407//562 391//562
f 391//563 407//563 408//563
f 391//564 408//564 384//564
f 384//565 408//565 409//565
f 384//566 409//566 385//566
f 385//567 409//567 410//567
f 385//568 410//568 388//568
f 388//569 410//569 411//569
f 388//570 411//570 406//570
f 372//571 371//571 412//571
f 412//572 413//572 372//572
f 372//573 413//573 414//573
f 372//574 414//574 376//574
f 376//575 414//575 415//575
f 376//576 415//576 377//576
f 377//577 415//577 416//577
f 377//578 416//578 374//578
f 374//579 416//579 417//579
f 374//580 417//580 375//580
f 375//581 417//581 418//581
f 375//582 418//582 389//582
f 389//583 418//583 419//583
f 389//584 419//584 390//584
f 390//585 419//585 420//585
f 390//586 420//586 407//586
f 380//587 421//587 370//587
f 370//588 421//588 422//588
f 370//589 422//589 369//589
f 369//590 422//590 423//590
f 369//591 423//591 367//591
f 367//592 423//592 424//592
f 367//593 424//593 368//593
f 368//594 424//594 425//594
f 368//595 425//595 371//595
f 371//596 425//596 426//596
f 371//597 426//597 412//597
f 378//598 427//598 379//598
f 379//599 427//599 428//599
f 379//600 428//600 380//600
f 380//601 428//601 429//601
f 380//602 429//602 421//602
f 130//603 430//603 341//603
f 341//604 430//604 431//604
f 341//605 431//605 365//605
f 365//606 431//606 432//606
f 365//607 432//607 378//607
f 378//608 432//608 433//608
f 378//609 433//609 427//609
f 434//610 435//610 436//610
f 437//611 438//611 439//611
f 437//612 439//612 440//612
f 439//613 441//613 440//613
f 440//614 441//614 442//614
f 440//615 442//615 436//615
f 436//616 442//616 443//616
f 436//617 443//617 434//617
f 444//618 445//618 446//618
f 446//619 445//619 447//619
f 446//620 447//620 448//620
f 448//621 447//621 449//621
f 448//622 449//622 450//622
f 450//623 449//623 451//623
f 450//624 451//624 452//624
f 452//625 451//625 453//625
f 452//626 453//626 435//626
f 435//627 453//627 454//627
f 435//628 454//628 436//628
f 436//629 454//629 455//629
f 436//630 455//630 440//630
f 440//631 455//631 456//631
f 440//632 456//632 437//632
f 437//633 456//633 457//633
f 437//634 457//634 438//634
f 438//635 457//635 458//635
f 438//636 458//636 459//636
f 460//637 461//637 462//637
f 463//638 464//638 461//638
f 461//639 464//639 465//639
f 461//640 465//640 462//640
f 458//641 466//641 459//641
f 459//642 466//642 464//642
f 459//643 464//643 467//643
f 467//644 464//644 463//644
f 462//645 468//645 460//645
f 460//646 468//646 469//646
f 460//647 469//647 470//647
f 471//648 472//648 473//648
f 473//649 472//649 474//649
f 473//650 474//650 475//650
f 476//651 477//651 478//651
f 478//652 477//652 479//652
f 478//653 479//653 480//653
f 480//654 479//654 481//654
f 480//655 481//655 482//655
f 482//656 481//656 483//656
f 482//657 483//657 484//657
f 484//658 483//658 485//658
f 484//659 485//659 486//659
f 486//660 485//660 487//660
f 486//661 487//661 488//661
f 488//662 487//662 489//662
f 488//663 489//663 490//663
f 490//664 489//664 491//664
f 490//665 491//665 492//665
f 492//666 491//666 493//666
f 492//667 493//667 494//667
f 494//668 493//668 495//668
f 494//669 495//669 496//669
f 496//670 495//670 497//670
f 496//671 497//671 498//671
f 498//672 497//672 475//672
f 498//673 475//673 499//673
f 499//674 475//674 474//674
f 476//675 500//675 477//675
f 477//676 500//676 470//676
f 477//677 470//677 469//677
f 501//678 502//678 503//678
f 501//679 503//679 504//679
f 504//680 503//680 505//680
f 504//681 505//681 506//681
f 506//682 505//682 507//682
f 506//683 507//683 508//683
f 508//684 507//684 509//684
f 508//685 509//685 510//685
f 510//686 509//686 511//686
f 510//687 511//687 512//687
f 472//688 471//688 513//688
f 513//689 471//689 514//689
f 513//690 514//690 512//690
f 512//691 514//691 515//691
f 512//692 515//692 510//692
f 516//693 517//693 518//693
f 518//693 517//693 519//693
f 502//693 501//693 520//693
f 502//694 520//694 521//694
f 521//695 520//695 522//695
f 521//696 522//696 523//696
f 523//697 522//697 524//697
f 523//698 524//698 525//698
f 526//693 527//693 528//693
f 528//693 527//693 529//693
f 528//693 529//693 519//693
f 519//693 529//693 530//693
f 519//693 530//693 518//693
f 531//693 532//693 533//693
f 533//693 532//693 534//693
f 533//693 534//693 526//693
f 526//693 534//693 535//693
f 526//693 535//693 527//693
f 524//699 536//699 525//699
f 525//699 536//699 537//699
f 525//699 537//699 538//699
f 538//700 537//700 539//700
f 538//701 539//701 540//701
f 540//693 539//693 532//693
f 540//693 532//693 541//693
f 541//693 532//693 531//693
f 542//702 543//702 544//702
f 495//703 493//703 542//703
f 542//704 493//704 491//704
f 542//705 491//705 489//705
f 542//706 544//706 495//706
f 495//707 544//707 545//707
f 495//708 545//708 497//708
f 497//709 545//709 546//709
f 497//710 546//710 475//710
f 546//711 547//711 475//711
f 475//712 547//712 548//712
f 475//713 548//713 473//713
f 473//714 548//714 549//714
f 473//715 549//715 471//715
f 550//716 514//716 551//716
f 551//717 514//717 471//717
f 551//718 471//718 552//718
f 552//719 471//719 549//719
f 553//720 554//720 555//720
f 555//721 554//721 556//721
f 555//722 556//722 557//722
f 508//723 510//723 558//723
f 558//724 510//724 515//724
f 558//725 515//725 514//725
f 504//726 506//726 559//726
f 559//727 506//727 508//727
f 559//728 508//728 560//728
f 560//729 508//729 558//729
f 522//730 520//730 561//730
f 561//731 520//731 501//731
f 561//732 501//732 504//732
f 561//733 562//733 522//733
f 522//734 562//734 563//734
f 522//735 563//735 524//735
f 524//736 563//736 564//736
f 524//737 564//737 536//737
f 532//738 539//738 565//738
f 565//739 539//739 566//739
f 565//740 566//740 567//740
f 567//741 566//741 568//741
f 539//742 537//742 566//742
f 566//743 537//743 569//743
f 566//744 569//744 568//744
f 568//745 569//745 570//745
f 561//746 571//746 562//746
f 562//747 571//747 572//747
f 562//748 572//748 563//748
f 563//749 572//749 570//749
f 563//750 570//750 564//750
f 564//751 570//751 569//751
f 564//752 569//752 536//752
f 536//753 569//753 537//753
f 573//754 574//754 575//754
f 575//755 574//755 576//755
f 575//756 576//756 577//756
f 578//757 579//757 580//757
f 580//758 581//758 578//758
f 578//759 581//759 582//759
f 578//760 582//760 576//760
f 576//761 582//761 583//761
f 576//762 583//762 577//762
f 550//763 553//763 514//763
f 514//764 553//764 555//764
f 514//765 555//765 558//765
f 558//766 555//766 557//766
f 584//767 585//767 579//767
f 579//768 585//768 586//768
f 579//769 586//769 580//769
f 557//770 584//770 558//770
f 558//771 584//771 579//771
f 558//772 579//772 560//772
f 560//773 579//773 578//773
f 560//774 578//774 559//774
f 559//775 578//775 576//775
f 559//776 576//776 504//776
f 504//777 576//777 574//777
f 504//778 574//778 561//778
f 561//779 574//779 573//779
f 561//780 573//780 571//780
f 587//781 588//781 589//781
f 590//782 591//782 589//782
f 589//783 591//783 592//783
f 592//784 593//784 589//784
f 589//785 593//785 594//785
f 589//786 594//786 587//786
f 595//787 596//787 597//787
f 597//787 598//787 595//787
f 595//788 598//788 599//788
f 595//788 599//788 600//788
f 600//789 599//789 601//789
f 600//789 601//789 602//789
f 602//790 601//790 603//790
f 602//790 603//790 604//790
f 604//791 603//791 605//791
f 604//791 605//791 606//791
f 607//792 608//792 609//792
f 609//792 610//792 607//792
f 607//793 610//793 611//793
f 607//794 611//794 612//794
f 612//795 611//795 613//795
f 612//795 613//795 614//795
f 614//796 613//796 615//796
f 614//796 615//796 616//796
f 617//797 618//797 608//797
f 608//797 618//797 619//797
f 608//797 619//797 609//797
f 609//797 619//797 620//797
f 621//798 620//798 619//798
f 622//799 623//799 624//799
f 624//799 625//799 622//799
f 622//800 625//800 626//800
f 622//800 626//800 627//800
f 627//801 626//801 628//801
f 627//801 628//801 629//801
f 629//802 628//802 630//802
f 629//802 630//802 631//802
f 631//803 630//803 621//803
f 631//803 621//803 632//803
f 632//804 621//804 619//804
f 633//805 634//805 596//805
f 596//805 634//805 616//805
f 596//805 616//805 597//805
f 597//805 616//805 615//805
f 635//806 636//806 637//806
f 637//806 636//806 638//806
f 637//806 638//806 639//806
f 640//807 641//807 638//807
f 638//807 641//807 642//807
f 642//807 643//807 638//807
f 638//807 643//807 644//807
f 638//807 644//807 639//807
f 645//808 646//808 647//808
f 645//809 647//809 648//809
f 648//810 647//810 649//810
f 648//811 649//811 650//811
f 651//812 652//812 650//812
f 650//813 652//813 653//813
f 650//814 653//814 648//814
f 654//815 655//815 656//815
f 654//815 656//815 657//815
f 657//816 656//816 658//816
f 657//816 658//816 659//816
f 649//817 660//817 661//817
f 662//817 663//817 649//817
f 649//817 663//817 664//817
f 649//817 664//817 660//817
f 665//817 666//817 667//817
f 642//817 641//817 668//817
f 668//817 641//817 669//817
f 668//817 669//817 670//817
f 671//817 672//817 673//817
f 673//817 672//817 665//817
f 673//817 665//817 674//817
f 674//817 665//817 667//817
f 674//817 667//817 675//817
f 676//817 677//817 678//817
f 649//817 647//817 662//817
f 662//817 647//817 646//817
f 662//817 646//817 641//817
f 641//817 646//817 679//817
f 641//817 679//817 669//817
f 680//817 658//817 681//817
f 681//817 658//817 656//817
f 681//817 656//817 682//817
f 682//817 656//817 655//817
f 682//817 655//817 661//817
f 661//817 655//817 683//817
f 661//817 683//817 649//817
f 678//817 677//817 671//817
f 671//817 677//817 684//817
f 671//817 684//817 672//817
f 672//817 684//817 685//817
f 672//817 685//817 662//817
f 662//817 685//817 686//817
f 662//817 686//817 663//817
f 678//817 687//817 676//817
f 676//817 687//817 688//817
f 676//817 688//817 680//817
f 680//817 688//817 689//817
f 680//817 689//817 658//817
f 689//818 690//818 658//818
f 658//818 690//818 659//818
f 671//819 691//819 692//819
f 671//819 692//819 678//819
f 678//820 692//820 693//820
f 678//820 693//820 687//820
f 687//821 693//821 694//821
f 687//821 694//821 688//821
f 688//822 694//822 690//822
f 688//822 690//822 689//822
f 691//823 671//823 695//823
f 695//823 671//823 673//823
f 696//824 697//824 698//824
f 698//825 697//825 699//825
f 698//826 699//826 700//826
f 695//827 673//827 701//827
f 701//827 673//827 674//827
f 701//828 674//828 675//828
f 675//829 702//829 701//829
f 701//830 702//830 703//830
f 701//831 703//831 698//831
f 698//832 703//832 704//832
f 698//833 704//833 696//833
f 668//834 670//834 705//834
f 643//835 642//835 668//835
f 668//836 705//836 643//836
f 643//837 705//837 706//837
f 643//838 706//838 644//838
f 704//839 635//839 696//839
f 696//840 635//840 637//840
f 696//841 637//841 639//841
f 702//842 675//842 667//842
f 704//843 703//843 635//843
f 635//844 703//844 702//844
f 635//845 702//845 707//845
f 707//846 702//846 667//846
f 707//847 667//847 666//847
f 644//848 706//848 639//848
f 639//849 706//849 708//849
f 639//850 708//850 696//850
f 696//851 708//851 709//851
f 696//852 709//852 697//852
f 665//853 710//853 666//853
f 666//853 710//853 636//853
f 666//853 636//853 707//853
f 707//853 636//853 635//853
f 665//854 672//854 710//854
f 710//854 672//854 711//854
f 672//855 662//855 711//855
f 711//855 662//855 712//855
f 662//856 641//856 712//856
f 712//856 641//856 640//856
f 640//817 638//817 713//817
f 711//817 712//817 714//817
f 714//817 715//817 711//817
f 711//817 715//817 716//817
f 711//817 716//817 710//817
f 636//817 717//817 638//817
f 638//817 717//817 718//817
f 638//817 718//817 713//817
f 713//817 719//817 640//817
f 640//817 719//817 720//817
f 640//817 720//817 712//817
f 712//817 720//817 721//817
f 712//817 721//817 714//817
f 716//817 722//817 710//817
f 710//817 722//817 723//817
f 710//817 723//817 636//817
f 636//817 723//817 724//817
f 636//817 724//817 717//817
f 625//857 624//857 654//857
f 700//857 725//857 726//857
f 628//857 626//857 727//857
f 728//857 694//857 729//857
f 729//857 694//857 693//857
f 729//857 693//857 730//857
f 730//857 693//857 692//857
f 730//857 692//857 731//857
f 731//857 692//857 691//857
f 731//857 691//857 732//857
f 732//857 691//857 695//857
f 654//857 657//857 733//857
f 733//857 657//857 659//857
f 733//857 659//857 728//857
f 728//857 659//857 690//857
f 728//857 690//857 694//857
f 626//857 625//857 727//857
f 727//857 625//857 654//857
f 727//857 654//857 734//857
f 734//857 654//857 733//857
f 620//857 621//857 727//857
f 727//857 621//857 630//857
f 727//857 630//857 628//857
f 590//857 589//857 599//857
f 605//858 603//858 589//858
f 589//857 603//857 601//857
f 589//857 601//857 599//857
f 735//859 736//859 737//859
f 737//860 736//860 738//860
f 737//861 738//861 739//861
f 740//857 741//857 742//857
f 741//857 743//857 742//857
f 742//857 743//857 744//857
f 742//862 744//862 726//862
f 726//857 744//857 745//857
f 726//857 745//857 700//857
f 700//857 745//857 746//857
f 700//857 746//857 698//857
f 698//857 746//857 747//857
f 698//857 747//857 701//857
f 701//857 747//857 748//857
f 701//857 748//857 695//857
f 695//857 748//857 749//857
f 695//857 749//857 732//857
f 732//857 749//857 750//857
f 732//857 750//857 751//857
f 751//857 750//857 752//857
f 751//857 752//857 753//857
f 753//857 752//857 754//857
f 753//857 754//857 740//857
f 755//857 613//857 611//857
f 739//862 755//862 737//862
f 737//857 755//857 611//857
f 737//857 611//857 756//857
f 756//857 611//857 610//857
f 756//857 610//857 727//857
f 727//857 610//857 609//857
f 727//857 609//857 620//857
f 740//857 742//857 753//857
f 753//857 742//857 757//857
f 753//857 757//857 737//857
f 737//857 757//857 758//857
f 737//857 758//857 735//857
f 599//857 598//857 590//857
f 590//857 598//857 597//857
f 590//857 597//857 755//857
f 755//857 597//857 615//857
f 755//857 615//857 613//857
f 759//863 760//863 761//863
f 590//864 755//864 762//864
f 762//865 755//865 759//865
f 762//866 759//866 763//866
f 763//867 759//867 761//867
f 739//868 764//868 755//868
f 755//869 764//869 765//869
f 755//870 765//870 759//870
f 759//871 765//871 766//871
f 759//872 766//872 760//872
f 764//873 739//873 738//873
f 765//874 764//874 767//874
f 767//875 764//875 738//875
f 767//876 738//876 768//876
f 768//877 738//877 736//877
f 768//878 736//878 769//878
f 769//879 736//879 735//879
f 769//880 735//880 770//880
f 770//881 771//881 769//881
f 769//882 771//882 772//882
f 769//883 772//883 768//883
f 768//884 772//884 773//884
f 768//885 773//885 767//885
f 767//886 773//886 774//886
f 767//887 774//887 765//887
f 765//888 774//888 766//888
f 735//889 758//889 770//889
f 770//889 758//889 775//889
f 770//889 775//889 771//889
f 771//889 775//889 776//889
f 771//889 776//889 777//889
f 777//889 776//889 778//889
f 777//889 778//889 779//889
f 779//889 778//889 780//889
f 775//890 758//890 757//890
f 781//891 742//891 782//891
f 782//892 742//892 726//892
f 782//893 726//893 783//893
f 783//894 726//894 725//894
f 783//895 725//895 784//895
f 776//896 775//896 781//896
f 781//897 775//897 757//897
f 781//898 757//898 742//898
f 725//899 700//899 785//899
f 785//900 700//900 699//900
f 785//901 699//901 709//901
f 709//902 699//902 697//902
f 785//903 786//903 725//903
f 725//904 786//904 787//904
f 725//905 787//905 784//905
f 788//906 789//906 790//906
f 789//907 788//907 791//907
f 447//908 445//908 786//908
f 786//909 445//909 792//909
f 786//910 792//910 787//910
f 447//911 786//911 449//911
f 449//912 786//912 785//912
f 449//913 785//913 451//913
f 451//914 785//914 709//914
f 451//915 709//915 453//915
f 456//916 793//916 457//916
f 457//917 793//917 794//917
f 457//918 794//918 458//918
f 458//919 794//919 466//919
f 466//920 794//920 790//920
f 466//921 790//921 464//921
f 464//922 790//922 465//922
f 465//923 790//923 789//923
f 465//924 789//924 462//924
f 462//925 789//925 791//925
f 462//926 791//926 468//926
f 791//927 795//927 468//927
f 468//928 795//928 796//928
f 468//929 796//929 469//929
f 469//930 796//930 477//930
f 796//931 797//931 477//931
f 477//932 797//932 798//932
f 477//933 798//933 479//933
f 479//934 798//934 799//934
f 479//935 799//935 481//935
f 481//936 799//936 483//936
f 483//937 799//937 800//937
f 483//938 800//938 485//938
f 800//939 543//939 542//939
f 542//940 489//940 800//940
f 800//941 489//941 487//941
f 800//942 487//942 485//942
f 709//943 801//943 453//943
f 453//944 801//944 802//944
f 453//945 802//945 454//945
f 454//946 802//946 803//946
f 454//947 803//947 455//947
f 455//948 803//948 804//948
f 455//949 804//949 456//949
f 456//950 804//950 805//950
f 456//951 805//951 793//951
f 793//952 805//952 806//952
f 793//953 806//953 794//953
f 794//954 806//954 807//954
f 794//955 807//955 790//955
f 790//956 807//956 808//956
f 790//957 808//957 788//957
f 670//958 809//958 705//958
f 810//959 811//959 812//959
f 813//960 814//960 815//960
f 813//961 815//961 816//961
f 815//962 817//962 816//962
f 816//963 817//963 818//963
f 816//964 818//964 819//964
f 819//965 818//965 820//965
f 819//966 820//966 821//966
f 821//967 820//967 822//967
f 822//968 820//968 823//968
f 822//969 823//969 824//969
f 824//970 823//970 825//970
f 824//971 825//971 826//971
f 827//972 828//972 829//972
f 829//973 828//973 830//973
f 829//974 830//974 831//974
f 832//975 833//975 834//975
f 834//976 833//976 831//976
f 834//977 831//977 835//977
f 835//978 831//978 830//978
f 836//979 837//979 838//979
f 838//980 837//980 839//980
f 838//981 839//981 812//981
f 812//982 839//982 840//982
f 812//983 840//983 810//983
f 841//984 842//984 843//984
f 843//985 842//985 844//985
f 843//986 844//986 836//986
f 836//987 844//987 845//987
f 836//988 845//988 837//988
f 841//989 843//989 846//989
f 846//990 843//990 847//990
f 846//991 847//991 848//991
f 848//992 847//992 849//992
f 848//993 849//993 850//993
f 850//994 849//994 851//994
f 850//995 851//995 852//995
f 853//996 854//996 855//996
f 855//997 854//997 856//997
f 855//998 856//998 851//998
f 851//999 856//999 857//999
f 851//1000 857//1000 852//1000
f 858//1001 859//1001 860//1001
f 860//1002 859//1002 861//1002
f 860//1003 861//1003 853//1003
f 853//1004 861//1004 862//1004
f 853//1005 862//1005 854//1005
f 863//1006 864//1006 865//1006
f 866//1007 867//1007 868//1007
f 868//1008 867//1008 869//1008
f 868//1009 869//1009 870//1009
f 870//1010 869//1010 871//1010
f 870//1011 871//1011 858//1011
f 858//1012 871//1012 872//1012
f 858//1013 872//1013 859//1013
f 873//1014 874//1014 875//1014
f 875//1015 874//1015 876//1015
f 875//1016 876//1016 864//1016
f 864//1017 876//1017 877//1017
f 864//1018 877//1018 865//1018
f 878//1019 879//1019 873//1019
f 873//1020 879//1020 880//1020
f 873//1021 880//1021 874//1021
f 881//1022 882//1022 878//1022
f 878//1023 882//1023 883//1023
f 878//1024 883//1024 879//1024
f 878//1025 884//1025 881//1025
f 881//1026 884//1026 885//1026
f 881//1027 885//1027 886//1027
f 887//1028 888//1028 885//1028
f 885//1029 888//1029 889//1029
f 885//1030 889//1030 886//1030
f 890//1031 891//1031 892//1031
f 892//1032 891//1032 893//1032
f 892//1033 893//1033 887//1033
f 887//1034 893//1034 894//1034
f 887//1035 894//1035 888//1035
f 892//1036 895//1036 890//1036
f 890//1037 895//1037 896//1037
f 890//1038 896//1038 897//1038
f 897//1039 896//1039 898//1039
f 898//1040 896//1040 899//1040
f 898//1041 899//1041 900//1041
f 900//1042 899//1042 901//1042
f 901//1043 899//1043 902//1043
f 901//1044 902//1044 903//1044
f 903//1045 902//1045 904//1045
f 903//1046 904//1046 905//1046
f 905//1047 904//1047 906//1047
f 905//1048 906//1048 907//1048
f 907//1049 906//1049 908//1049
f 907//1050 908//1050 679//1050
f 809//1051 670//1051 908//1051
f 908//1052 670//1052 669//1052
f 908//1053 669//1053 679//1053
f 706//1054 802//1054 708//1054
f 708//1055 802//1055 801//1055
f 708//1056 801//1056 709//1056
f 899//1057 806//1057 902//1057
f 902//1058 806//1058 805//1058
f 902//1059 805//1059 904//1059
f 904//1060 805//1060 804//1060
f 904//1061 804//1061 906//1061
f 906//1062 804//1062 803//1062
f 906//1063 803//1063 908//1063
f 908//1064 803//1064 802//1064
f 908//1065 802//1065 809//1065
f 809//1066 802//1066 706//1066
f 809//1067 706//1067 705//1067
f 885//1068 796//1068 887//1068
f 887//1069 796//1069 795//1069
f 887//1070 795//1070 892//1070
f 892//1071 795//1071 791//1071
f 892//1072 791//1072 895//1072
f 895//1073 791//1073 788//1073
f 895//1074 788//1074 896//1074
f 896//1075 788//1075 808//1075
f 896//1076 808//1076 899//1076
f 899//1077 808//1077 807//1077
f 899//1078 807//1078 806//1078
f 873//1079 800//1079 878//1079
f 878//1080 800//1080 799//1080
f 878//1081 799//1081 884//1081
f 884//1082 799//1082 798//1082
f 884//1083 798//1083 885//1083
f 885//1084 798//1084 797//1084
f 885//1085 797//1085 796//1085
f 546//1086 545//1086 875//1086
f 875//1087 545//1087 544//1087
f 875//1088 544//1088 873//1088
f 873//1089 544//1089 543//1089
f 873//1090 543//1090 800//1090
f 546//1091 875//1091 547//1091
f 547//1092 875//1092 864//1092
f 547//1093 864//1093 548//1093
f 548//1094 864//1094 863//1094
f 548//1095 863//1095 549//1095
f 865//1096 866//1096 863//1096
f 863//1097 866//1097 868//1097
f 863//1098 868//1098 549//1098
f 549//1099 868//1099 870//1099
f 549//1100 870//1100 552//1100
f 552//1101 870//1101 858//1101
f 552//1102 858//1102 551//1102
f 551//1103 858//1103 860//1103
f 551//1104 860//1104 550//1104
f 550//1105 860//1105 853//1105
f 550//1106 853//1106 553//1106
f 553//1107 853//1107 855//1107
f 553//1108 855//1108 554//1108
f 554//1109 855//1109 556//1109
f 556//1110 855//1110 851//1110
f 556//1111 851//1111 557//1111
f 557//1112 851//1112 849//1112
f 557//1113 849//1113 584//1113
f 584//1114 849//1114 847//1114
f 584//1115 847//1115 585//1115
f 585//1116 847//1116 843//1116
f 585//1117 843//1117 586//1117
f 586//1118 843//1118 836//1118
f 586//1119 836//1119 580//1119
f 580//1120 836//1120 838//1120
f 580//1121 838//1121 581//1121
f 581//1122 838//1122 812//1122
f 581//1123 812//1123 582//1123
f 582//1124 812//1124 811//1124
f 582//1125 811//1125 583//1125
f 810//1126 832//1126 811//1126
f 811//1127 832//1127 834//1127
f 811//1128 834//1128 583//1128
f 583//1129 834//1129 835//1129
f 583//1130 835//1130 577//1130
f 577//1131 835//1131 830//1131
f 577//1132 830//1132 575//1132
f 575//1133 830//1133 828//1133
f 575//1134 828//1134 573//1134
f 827//1135 826//1135 828//1135
f 828//1136 826//1136 825//1136
f 828//1137 825//1137 573//1137
f 573//1138 825//1138 823//1138
f 573//1139 823//1139 571//1139
f 571//1140 823//1140 820//1140
f 571//1141 820//1141 572//1141
f 572//1142 820//1142 818//1142
f 572//1143 818//1143 570//1143
f 570//1144 818//1144 817//1144
f 570//1145 817//1145 568//1145
f 568//1146 817//1146 815//1146
f 568//1147 815//1147 567//1147
f 909//1148 910//1148 911//1148
f 912//1149 913//1149 914//1149
f 914//1150 913//1150 915//1150
f 914//1151 915//1151 916//1151
f 916//1152 915//1152 917//1152
f 918//1153 919//1153 920//1153
f 920//1154 919//1154 921//1154
f 920//1155 921//1155 922//1155
f 922//1156 921//1156 923//1156
f 922//1157 923//1157 924//1157
f 924//1158 923//1158 925//1158
f 924//1159 925//1159 926//1159
f 926//1160 925//1160 927//1160
f 926//1161 927//1161 917//1161
f 917//1162 927//1162 928//1162
f 917//1163 928//1163 916//1163
f 909//1164 911//1164 929//1164
f 929//1165 911//1165 930//1165
f 929//1166 930//1166 918//1166
f 918//1167 930//1167 931//1167
f 918//1168 931//1168 919//1168
f 880//1169 932//1169 933//1169
f 877//1170 876//1170 934//1170
f 880//1171 933//1171 874//1171
f 874//1172 933//1172 935//1172
f 874//1173 935//1173 876//1173
f 876//1174 935//1174 936//1174
f 876//1175 936//1175 934//1175
f 877//1176 934//1176 865//1176
f 865//1177 934//1177 937//1177
f 865//1178 937//1178 866//1178
f 866//1179 937//1179 938//1179
f 866//1180 938//1180 867//1180
f 867//1181 938//1181 939//1181
f 867//1182 939//1182 869//1182
f 869//1183 939//1183 940//1183
f 869//1184 940//1184 871//1184
f 871//1185 940//1185 941//1185
f 871//1186 941//1186 872//1186
f 872//1187 941//1187 942//1187
f 872//1188 942//1188 859//1188
f 859//1189 942//1189 943//1189
f 859//1190 943//1190 861//1190
f 861//1191 943//1191 944//1191
f 861//1192 944//1192 862//1192
f 862//1193 944//1193 945//1193
f 862//1194 945//1194 854//1194
f 854//1195 945//1195 946//1195
f 854//1196 946//1196 856//1196
f 856//1197 946//1197 947//1197
f 856//1198 947//1198 857//1198
f 857//1199 947//1199 948//1199
f 857//1200 948//1200 852//1200
f 852//1201 948//1201 949//1201
f 852//1202 949//1202 850//1202
f 850//1203 949//1203 950//1203
f 850//1204 950//1204 848//1204
f 848//1205 950//1205 951//1205
f 848//1206 951//1206 846//1206
f 846//1207 951//1207 952//1207
f 846//1208 952//1208 841//1208
f 841//1209 952//1209 953//1209
f 841//1210 953//1210 842//1210
f 842//1211 953//1211 844//1211
f 844//1212 953//1212 954//1212
f 844//1213 954//1213 845//1213
f 954//1214 955//1214 845//1214
f 845//1215 955//1215 956//1215
f 845//1216 956//1216 837//1216
f 837//1217 956//1217 957//1217
f 837//1218 957//1218 839//1218
f 839//1219 957//1219 958//1219
f 839//1220 958//1220 840//1220
f 840//1221 958//1221 959//1221
f 840//1222 959//1222 810//1222
f 810//1223 959//1223 960//1223
f 810//1224 960//1224 832//1224
f 832//1225 960//1225 833//1225
f 833//1226 960//1226 961//1226
f 833//1227 961//1227 831//1227
f 831//1228 961//1228 912//1228
f 831//1229 912//1229 829//1229
f 931//1230 930//1230 819//1230
f 912//1231 914//1231 829//1231
f 829//1232 914//1232 916//1232
f 829//1233 916//1233 827//1233
f 827//1234 916//1234 928//1234
f 827//1235 928//1235 826//1235
f 826//1236 928//1236 927//1236
f 826//1237 927//1237 824//1237
f 824//1238 927//1238 925//1238
f 824//1239 925//1239 822//1239
f 822//1240 925//1240 923//1240
f 822//1241 923//1241 821//1241
f 821//1242 923//1242 921//1242
f 821//1243 921//1243 819//1243
f 819//1244 921//1244 919//1244
f 819//1245 919//1245 931//1245
f 911//1246 814//1246 813//1246
f 911//1247 813//1247 930//1247
f 930//1248 813//1248 816//1248
f 930//1249 816//1249 819//1249
f 962//1250 963//1250 956//1250
f 964//1251 965//1251 956//1251
f 956//1252 965//1252 966//1252
f 956//1253 966//1253 962//1253
f 967//1254 958//1254 963//1254
f 963//1255 958//1255 957//1255
f 963//1256 957//1256 956//1256
f 913//1257 912//1257 968//1257
f 968//1258 912//1258 961//1258
f 968//1259 961//1259 969//1259
f 969//1260 961//1260 960//1260
f 969//1261 960//1261 967//1261
f 967//1262 960//1262 959//1262
f 967//1263 959//1263 958//1263
f 956//1264 955//1264 964//1264
f 964//1265 955//1265 954//1265
f 964//1266 954//1266 953//1266
f 953//1267 952//1267 964//1267
f 964//1268 952//1268 951//1268
f 964//1269 951//1269 970//1269
f 970//1270 951//1270 950//1270
f 970//1271 950//1271 971//1271
f 950//1272 949//1272 971//1272
f 971//1273 949//1273 948//1273
f 971//1274 948//1274 972//1274
f 972//1275 948//1275 947//1275
f 946//1276 973//1276 947//1276
f 947//1277 973//1277 974//1277
f 947//1278 974//1278 972//1278
f 946//1279 945//1279 973//1279
f 973//1280 945//1280 944//1280
f 973//1281 944//1281 975//1281
f 975//1282 944//1282 943//1282
f 975//1283 943//1283 976//1283
f 976//1284 943//1284 942//1284
f 976//1285 942//1285 977//1285
f 977//1286 942//1286 978//1286
f 978//1287 942//1287 941//1287
f 978//1288 941//1288 979//1288
f 979//1289 941//1289 940//1289
f 979//1290 940//1290 980//1290
f 940//1291 939//1291 980//1291
f 980//1292 939//1292 938//1292
f 980//1293 938//1293 981//1293
f 981//1294 938//1294 937//1294
f 981//1295 937//1295 982//1295
f 982//1296 937//1296 983//1296
f 937//1297 934//1297 983//1297
f 983//1298 934//1298 936//1298
f 983//1299 936//1299 984//1299
f 984//1300 936//1300 935//1300
f 984//1301 935//1301 933//1301
f 984//1302 933//1302 932//1302
f 984//1303 932//1303 985//1303
f 985//1304 932//1304 986//1304
f 985//1305 986//1305 987//1305
f 987//1306 986//1306 988//1306
f 988//1307 986//1307 989//1307
f 988//1308 989//1308 990//1308
f 990//1309 989//1309 991//1309
f 990//1310 991//1310 992//1310
f 991//1311 993//1311 992//1311
f 992//1312 993//1312 994//1312
f 992//1313 994//1313 995//1313
f 995//1314 994//1314 996//1314
f 997//1315 998//1315 999//1315
f 999//1316 998//1316 1000//1316
f 999//1317 1000//1317 996//1317
f 996//1318 1000//1318 1001//1318
f 996//1319 1001//1319 995//1319
f 1002//1320 1003//1320 1004//1320
f 997//1321 1005//1321 998//1321
f 998//1322 1005//1322 1006//1322
f 998//1323 1006//1323 1007//1323
f 1007//1324 1006//1324 1002//1324
f 1007//1325 1002//1325 1008//1325
f 1008//1326 1002//1326 1004//1326
f 1008//1327 1004//1327 1009//1327
f 986//1328 932//1328 880//1328
f 898//1329 1003//1329 897//1329
f 897//1330 1003//1330 1002//1330
f 897//1331 1002//1331 890//1331
f 907//1332 679//1332 646//1332
f 651//1333 1003//1333 652//1333
f 652//1334 1003//1334 898//1334
f 652//1335 898//1335 653//1335
f 653//1336 898//1336 900//1336
f 653//1337 900//1337 648//1337
f 648//1338 900//1338 901//1338
f 648//1339 901//1339 645//1339
f 645//1340 901//1340 903//1340
f 645//1341 903//1341 646//1341
f 646//1342 903//1342 905//1342
f 646//1343 905//1343 907//1343
f 894//1344 893//1344 997//1344
f 890//1345 1002//1345 891//1345
f 891//1346 1002//1346 1006//1346
f 891//1347 1006//1347 893//1347
f 893//1348 1006//1348 1005//1348
f 893//1349 1005//1349 997//1349
f 894//1350 997//1350 888//1350
f 888//1351 997//1351 999//1351
f 888//1352 999//1352 889//1352
f 999//1353 996//1353 889//1353
f 889//1354 996//1354 994//1354
f 889//1355 994//1355 886//1355
f 886//1356 994//1356 993//1356
f 886//1357 993//1357 881//1357
f 881//1358 993//1358 882//1358
f 993//1359 991//1359 882//1359
f 882//1360 991//1360 989//1360
f 882//1361 989//1361 883//1361
f 883//1362 989//1362 986//1362
f 883//1363 986//1363 879//1363
f 879//1364 986//1364 880//1364
f 1009//1365 683//1365 1010//1365
f 1010//1366 683//1366 1011//1366
f 1003//1366 651//1366 1004//1366
f 1004//1365 651//1365 1009//1365
f 1009//1366 651//1366 683//1366
f 683//1365 651//1365 650//1365
f 683//1366 650//1366 649//1366
f 416//1367 983//1367 984//1367
f 413//1368 982//1368 414//1368
f 414//1369 982//1369 983//1369
f 414//1370 983//1370 415//1370
f 415//1371 983//1371 416//1371
f 413//1372 412//1372 982//1372
f 982//1373 412//1373 426//1373
f 982//1374 426//1374 981//1374
f 981//1375 426//1375 425//1375
f 981//1376 425//1376 980//1376
f 980//1377 425//1377 424//1377
f 980//1378 424//1378 979//1378
f 979//1379 424//1379 423//1379
f 979//1380 423//1380 978//1380
f 978//1381 423//1381 422//1381
f 978//1382 422//1382 977//1382
f 977//1383 422//1383 421//1383
f 977//1384 421//1384 976//1384
f 976//1385 421//1385 429//1385
f 976//1386 429//1386 975//1386
f 975//1387 429//1387 428//1387
f 975//1388 428//1388 973//1388
f 973//1389 428//1389 427//1389
f 973//1390 427//1390 974//1390
f 427//1391 433//1391 974//1391
f 974//1392 433//1392 432//1392
f 974//1393 432//1393 972//1393
f 972//1394 432//1394 431//1394
f 431//1395 430//1395 972//1395
f 972//1396 430//1396 130//1396
f 972//1397 130//1397 971//1397
f 971//1398 130//1398 128//1398
f 971//1399 128//1399 970//1399
f 962//1400 966//1400 126//1400
f 126//1401 966//1401 965//1401
f 126//1402 965//1402 128//1402
f 128//1403 965//1403 964//1403
f 128//1404 964//1404 970//1404
f 126//1405 124//1405 962//1405
f 962//1406 124//1406 123//1406
f 962//1407 123//1407 963//1407
f 123//1408 133//1408 963//1408
f 963//1409 133//1409 132//1409
f 963//1410 132//1410 967//1410
f 132//1411 131//1411 967//1411
f 967//1412 131//1412 121//1412
f 967//1413 121//1413 969//1413
f 969//1414 121//1414 120//1414
f 969//1415 120//1415 968//1415
f 968//1416 120//1416 119//1416
f 968//1417 119//1417 913//1417
f 913//1418 119//1418 118//1418
f 913//1419 118//1419 915//1419
f 118//1420 392//1420 915//1420
f 915//1420 392//1420 401//1420
f 915//1421 401//1421 917//1421
f 917//1422 401//1422 926//1422
f 398//1423 924//1423 399//1423
f 399//1424 924//1424 926//1424
f 399//1425 926//1425 400//1425
f 400//1426 926//1426 401//1426
f 395//1427 929//1427 396//1427
f 396//1428 929//1428 918//1428
f 396//1429 918//1429 397//1429
f 397//1430 918//1430 920//1430
f 397//1431 920//1431 398//1431
f 398//1432 920//1432 922//1432
f 398//1433 922//1433 924//1433
f 393//1434 394//1434 1012//1434
f 910//1435 909//1435 1013//1435
f 1013//1436 909//1436 929//1436
f 1013//1437 929//1437 1012//1437
f 1012//1438 929//1438 395//1438
f 1012//1439 395//1439 393//1439
f 407//1440 420//1440 987//1440
f 987//1441 420//1441 419//1441
f 987//1442 419//1442 985//1442
f 985//1443 419//1443 418//1443
f 985//1444 418//1444 984//1444
f 984//1445 418//1445 417//1445
f 984//1446 417//1446 416//1446
f 987//1447 988//1447 407//1447
f 407//1448 988//1448 990//1448
f 407//1449 990//1449 408//1449
f 408//1450 990//1450 409//1450
f 409//1451 990//1451 992//1451
f 409//1452 992//1452 410//1452
f 992//1453 995//1453 410//1453
f 410//1454 995//1454 1001//1454
f 410//1455 1001//1455 411//1455
f 411//1456 1001//1456 406//1456
f 406//1457 1001//1457 405//1457
f 405//1458 1001//1458 1000//1458
f 405//1459 1000//1459 404//1459
f 404//1460 1000//1460 998//1460
f 404//1461 998//1461 402//1461
f 1009//1462 1010//1462 1008//1462
f 1008//1463 1010//1463 402//1463
f 1008//1464 402//1464 1007//1464
f 1007//1465 402//1465 998//1465
f 1014//1466 403//1466 1015//1466
f 1015//1467 403//1467 402//1467
f 1015//1468 402//1468 1011//1468
f 1011//1469 402//1469 1010//1469
f 1014//1470 1016//1470 403//1470
f 1016//1471 1014//1471 1017//1471
f 1017//1472 1014//1472 1018//1472
f 1017//1473 1018//1473 1019//1473
f 309//1474 381//1474 297//1474
f 297//1475 381//1475 403//1475
f 297//1476 403//1476 1016//1476
f 288//1477 294//1477 1017//1477
f 1017//1478 294//1478 299//1478
f 1017//1479 299//1479 1016//1479
f 1016//1480 299//1480 298//1480
f 1016//1481 298//1481 297//1481
f 1020//1482 291//1482 290//1482
f 288//1483 1017//1483 290//1483
f 290//1484 1017//1484 1019//1484
f 290//1485 1019//1485 1020//1485
f 1019//1486 1018//1486 683//1486
f 589//1487 588//1487 605//1487
f 605//1488 588//1488 1021//1488
f 1019//1489 683//1489 1020//1489
f 655//1487 654//1487 683//1487
f 683//1487 654//1487 624//1487
f 1018//1488 1014//1488 683//1488
f 683//1487 1014//1487 1015//1487
f 683//1487 1015//1487 1011//1487
f 1022//1487 1023//1487 1024//1487
f 1024//1487 1023//1487 1025//1487
f 1026//1488 1027//1488 1028//1488
f 1028//1487 1027//1487 1029//1487
f 1028//1487 1029//1487 1025//1487
f 1025//1487 1029//1487 1024//1487
f 1024//1487 1029//1487 606//1487
f 1024//1487 606//1487 623//1487
f 1030//1487 1031//1487 1032//1487
f 1032//1487 1031//1487 1025//1487
f 1032//1487 1025//1487 1033//1487
f 1034//1490 1035//1490 683//1490
f 623//1487 606//1487 624//1487
f 624//1487 606//1487 605//1487
f 624//1487 605//1487 683//1487
f 683//1487 605//1487 1021//1487
f 683//1491 1021//1491 1034//1491
f 1035//1492 1036//1492 683//1492
f 683//1488 1036//1488 1037//1488
f 683//1488 1037//1488 1020//1488
f 1031//1487 1038//1487 1025//1487
f 1025//1493 1038//1493 1039//1493
f 1025//1494 1039//1494 1040//1494
f 1041//1495 1028//1495 1042//1495
f 1042//1492 1028//1492 1025//1492
f 1042//1487 1025//1487 1043//1487
f 1043//1487 1025//1487 1040//1487
f 1044//1496 1045//1496 1046//1496
f 1046//1497 1045//1497 1034//1497
f 1046//1498 1034//1498 1021//1498
f 1047//1499 1048//1499 1049//1499
f 1049//1500 1048//1500 1045//1500
f 1049//1501 1045//1501 1050//1501
f 1050//1502 1045//1502 1044//1502
f 1051//1503 1052//1503 1053//1503
f 1053//1503 1054//1503 1051//1503
f 1051//1504 1054//1504 1055//1504
f 1051//1505 1055//1505 1056//1505
f 1056//1506 1055//1506 1057//1506
f 1056//1507 1057//1507 1058//1507
f 1058//1508 1057//1508 1059//1508
f 1058//1508 1059//1508 1060//1508
f 1053//1509 1061//1509 1054//1509
f 1054//1510 1061//1510 1062//1510
f 1054//1511 1062//1511 1055//1511
f 1055//1512 1062//1512 1063//1512
f 1055//1513 1063//1513 1057//1513
f 1057//1514 1063//1514 1064//1514
f 1057//1515 1064//1515 1059//1515
f 1065//1516 1066//1516 1067//1516
f 1065//1517 1067//1517 1068//1517
f 1068//1518 1067//1518 1069//1518
f 1068//1519 1069//1519 1070//1519
f 1070//1520 1069//1520 1071//1520
f 1070//1521 1071//1521 1072//1521
f 1072//1522 1071//1522 1073//1522
f 1072//1522 1073//1522 1074//1522
f 1075//1523 1076//1523 1077//1523
f 1077//1524 1076//1524 1073//1524
f 1077//1525 1073//1525 1078//1525
f 1078//1526 1073//1526 1071//1526
f 1078//1527 1071//1527 1079//1527
f 1079//1528 1071//1528 1069//1528
f 1079//1529 1069//1529 1080//1529
f 1080//1530 1069//1530 1067//1530
f 1080//1531 1067//1531 1081//1531
f 1075//1532 1077//1532 1082//1532
f 1082//1533 1077//1533 1078//1533
f 1082//1534 1078//1534 1083//1534
f 1083//1535 1078//1535 1079//1535
f 1083//1536 1079//1536 1084//1536
f 1084//1537 1079//1537 1080//1537
f 1084//1538 1080//1538 1085//1538
f 1085//1539 1080//1539 1081//1539
f 1085//1540 1081//1540 1086//1540
f 1087//1541 1052//1541 1051//1541
f 1088//1542 1084//1542 1085//1542
f 1088//1543 1058//1543 1089//1543
f 1089//1544 1058//1544 1060//1544
f 1089//1545 1060//1545 1090//1545
f 1086//1546 1087//1546 1085//1546
f 1085//1547 1087//1547 1051//1547
f 1085//1548 1051//1548 1088//1548
f 1088//1549 1051//1549 1056//1549
f 1088//1550 1056//1550 1058//1550
f 1084//1551 1088//1551 1083//1551
f 1083//1552 1088//1552 1089//1552
f 1083//1553 1089//1553 1082//1553
f 1082//1554 1089//1554 1090//1554
f 1082//1555 1090//1555 1075//1555
f 1091//1556 1092//1556 1093//1556
f 1094//1557 1095//1557 1096//1557
f 1096//1558 1095//1558 1093//1558
f 1096//1559 1093//1559 1097//1559
f 1097//1560 1093//1560 1092//1560
f 1060//1561 1091//1561 1090//1561
f 1090//1562 1091//1562 1093//1562
f 1090//1563 1093//1563 1075//1563
f 1075//1564 1093//1564 1095//1564
f 1075//1565 1095//1565 1076//1565
f 1098//1566 1099//1566 1100//1566
f 1101//1567 1102//1567 1103//1567
f 1104//1568 1105//1568 1106//1568
f 1106//1569 1105//1569 1107//1569
f 1108//1570 1109//1570 1110//1570
f 1110//1571 1109//1571 1111//1571
f 1110//1572 1111//1572 1112//1572
f 1112//1573 1111//1573 1113//1573
f 1112//1574 1113//1574 1114//1574
f 1114//1575 1113//1575 1115//1575
f 1114//1576 1115//1576 1116//1576
f 1099//1577 1117//1577 1100//1577
f 1100//1578 1117//1578 1103//1578
f 1100//1579 1103//1579 1118//1579
f 1118//1580 1103//1580 1102//1580
f 1119//1581 1104//1581 1108//1581
f 1108//1582 1104//1582 1106//1582
f 1108//1583 1106//1583 1109//1583
f 1109//1584 1106//1584 1107//1584
f 1109//1585 1107//1585 1111//1585
f 1111//1586 1107//1586 1120//1586
f 1111//1587 1120//1587 1113//1587
f 1113//1588 1120//1588 1098//1588
f 1113//1589 1098//1589 1115//1589
f 1115//1590 1098//1590 1100//1590
f 1115//1591 1100//1591 1116//1591
f 1116//1592 1100//1592 1118//1592
f 1121//857 1122//857 1123//857
f 1123//857 1122//857 1124//857
f 1125//1593 1126//1593 1124//1593
f 1124//1593 1126//1593 1123//1593
f 1127//1594 1128//1594 1129//1594
f 1129//1594 1128//1594 1130//1594
f 1129//1595 1130//1595 1131//1595
f 1131//1595 1130//1595 1132//1595
f 1133//1596 1134//1596 1135//1596
f 1135//1596 1134//1596 1136//1596
f 1135//1597 1136//1597 1132//1597
f 1132//1598 1136//1598 1137//1598
f 1132//1599 1137//1599 1131//1599
f 1138//1593 1139//1593 1140//1593
f 1140//1593 1139//1593 1128//1593
f 1140//1593 1128//1593 1141//1593
f 1141//1593 1128//1593 1127//1593
f 1140//1600 1141//1600 1142//1600
f 1142//1600 1141//1600 1143//1600
f 1142//1601 1143//1601 1144//1601
f 1144//1602 1143//1602 1145//1602
f 1144//1603 1145//1603 1146//1603
f 1146//1603 1145//1603 1147//1603
f 1146//1604 1147//1604 1148//1604
f 1148//1604 1147//1604 1149//1604
f 1150//1593 1151//1593 1152//1593
f 1152//1593 1151//1593 1153//1593
f 1154//857 1152//857 1155//857
f 1155//857 1152//857 1153//857
f 1156//1605 1157//1605 1155//1605
f 1155//1605 1157//1605 1154//1605
f 1151//1606 1148//1606 1153//1606
f 1153//1606 1148//1606 1149//1606
f 1153//1606 1149//1606 1155//1606
f 1149//1606 1158//1606 1155//1606
f 1155//1606 1158//1606 1159//1606
f 1155//1606 1159//1606 1156//1606
f 1156//1606 1159//1606 1160//1606
f 1156//1606 1160//1606 1151//1606
f 1151//1606 1160//1606 1161//1606
f 1151//1606 1161//1606 1148//1606
f 1159//1607 1158//1607 1162//1607
f 1162//1607 1158//1607 1163//1607
f 1162//1608 1163//1608 1164//1608
f 1164//1608 1163//1608 1165//1608
f 1164//1609 1165//1609 1166//1609
f 1166//1609 1165//1609 1167//1609
f 1166//1610 1167//1610 1168//1610
f 1168//1610 1167//1610 1169//1610
f 1170//1605 1171//1605 1172//1605
f 1172//1605 1171//1605 1168//1605
f 1172//1605 1168//1605 1173//1605
f 1173//1605 1168//1605 1169//1605
f 1134//857 1174//857 1175//857
f 1175//857 1174//857 1176//857
f 1149//857 1177//857 1178//857
f 1143//857 1141//857 1179//857
f 1149//857 1178//857 1158//857
f 1180//857 1181//857 1182//857
f 1182//857 1181//857 1183//857
f 1182//857 1183//857 1174//857
f 1174//857 1183//857 1184//857
f 1174//857 1184//857 1176//857
f 1141//857 1127//857 1179//857
f 1179//857 1127//857 1129//857
f 1179//857 1129//857 1131//857
f 1175//857 1185//857 1134//857
f 1134//857 1185//857 1186//857
f 1134//857 1186//857 1136//857
f 1136//857 1186//857 1179//857
f 1136//857 1179//857 1137//857
f 1137//857 1179//857 1131//857
f 1181//857 1173//857 1183//857
f 1183//857 1173//857 1169//857
f 1183//857 1169//857 1167//857
f 1145//857 1143//857 1147//857
f 1147//857 1143//857 1179//857
f 1147//857 1179//857 1149//857
f 1149//857 1179//857 1187//857
f 1149//857 1187//857 1177//857
f 1178//857 1188//857 1158//857
f 1158//857 1188//857 1189//857
f 1158//857 1189//857 1163//857
f 1163//857 1189//857 1183//857
f 1163//857 1183//857 1165//857
f 1165//857 1183//857 1167//857
f 1174//1611 1190//1611 1182//1611
f 1182//1611 1190//1611 1191//1611
f 1182//1612 1191//1612 1180//1612
f 1180//1612 1191//1612 1192//1612
f 1180//1613 1192//1613 1181//1613
f 1181//1613 1192//1613 1193//1613
f 1181//1614 1193//1614 1173//1614
f 1173//1614 1193//1614 1172//1614
f 1122//1615 1174//1615 1124//1615
f 1124//1615 1174//1615 1134//1615
f 1124//1615 1134//1615 1125//1615
f 1134//1615 1133//1615 1125//1615
f 1125//1615 1133//1615 1194//1615
f 1125//1615 1194//1615 1195//1615
f 1195//1615 1194//1615 1196//1615
f 1195//1615 1196//1615 1122//1615
f 1122//1615 1196//1615 1190//1615
f 1122//1615 1190//1615 1174//1615
f 1197//1605 1195//1605 1121//1605
f 1121//1605 1195//1605 1122//1605
f 1198//1616 1199//1616 1200//1616
f 1200//1617 1199//1617 1201//1617
f 1198//1618 1202//1618 1199//1618
f 1199//1619 1202//1619 1203//1619
f 1199//1620 1203//1620 1204//1620
f 1205//1621 1206//1621 1199//1621
f 1199//1622 1206//1622 1207//1622
f 1199//1623 1207//1623 1208//1623
f 1209//1624 1210//1624 1211//1624
f 1211//1625 1210//1625 1212//1625
f 1213//1626 1214//1626 1210//1626
f 1210//1627 1214//1627 23//1627
f 1210//1628 23//1628 21//1628
f 21//1629 7//1629 1210//1629
f 1210//1630 7//1630 9//1630
f 1210//1631 9//1631 11//1631
f 11//1632 12//1632 1210//1632
f 1210//1633 12//1633 14//1633
f 1210//1634 14//1634 16//1634
f 16//1635 20//1635 1210//1635
f 1210//1635 20//1635 18//1635
f 1210//1636 18//1636 17//1636
f 1215//1605 1216//1605 1217//1605
f 1217//1605 1216//1605 1218//1605
f 1219//1637 1220//1637 1221//1637
f 1219//1638 1221//1638 1222//1638
f 1222//1639 1221//1639 1223//1639
f 1222//1640 1223//1640 1224//1640
f 1225//1641 1215//1641 1217//1641
f 1217//1642 1226//1642 1225//1642
f 1225//1643 1226//1643 1227//1643
f 1225//1644 1227//1644 1223//1644
f 1223//1645 1227//1645 1228//1645
f 1223//1646 1228//1646 1224//1646
f 1229//1647 1230//1647 1231//1647
f 1231//1648 1230//1648 1232//1648
f 1231//1649 1232//1649 1220//1649
f 1220//1649 1232//1649 1221//1649
f 1221//1650 1232//1650 1233//1650
f 1221//1650 1233//1650 1223//1650
f 1234//1651 1233//1651 1235//1651
f 1235//1652 1233//1652 1232//1652
f 1235//1653 1232//1653 1236//1653
f 1236//1654 1232//1654 1230//1654
f 1234//1655 1237//1655 1233//1655
f 1233//1656 1237//1656 1238//1656
f 1233//1657 1238//1657 1223//1657
f 1223//1657 1238//1657 1225//1657
f 1215//1658 1225//1658 1239//1658
f 1239//1658 1225//1658 1238//1658
f 1239//1659 1238//1659 1240//1659
f 1240//1660 1238//1660 1237//1660
f 1240//1661 1237//1661 1241//1661
f 1242//1662 1243//1662 1244//1662
f 1243//1663 1242//1663 1245//1663
f 1245//1664 1242//1664 1246//1664
f 1245//1665 1246//1665 1247//1665
f 1247//1666 1246//1666 1248//1666
f 1247//1667 1248//1667 1249//1667
f 1250//1668 1251//1668 1252//1668
f 1253//1669 1254//1669 1255//1669
f 1255//1670 1254//1670 1256//1670
f 1255//1671 1256//1671 1257//1671
f 1258//1672 1251//1672 1259//1672
f 1259//1673 1251//1673 1250//1673
f 1259//1674 1250//1674 1260//1674
f 1260//1675 1250//1675 1257//1675
f 1260//1676 1257//1676 1261//1676
f 1261//1677 1257//1677 1256//1677
f 1262//1678 1249//1678 1252//1678
f 1252//1679 1249//1679 1248//1679
f 1252//1680 1248//1680 1250//1680
f 1250//1681 1248//1681 1246//1681
f 1250//1681 1246//1681 1257//1681
f 1257//1682 1246//1682 1242//1682
f 1257//1682 1242//1682 1255//1682
f 1255//1683 1242//1683 1244//1683
f 1255//1684 1244//1684 1253//1684
f 1263//1685 1264//1685 1265//1685
f 1266//1686 1267//1686 1268//1686
f 1266//1687 1268//1687 1269//1687
f 1270//1688 1271//1688 1272//1688
f 1272//1689 1271//1689 1273//1689
f 1272//1690 1273//1690 1274//1690
f 1274//1691 1273//1691 1275//1691
f 1274//1692 1275//1692 1268//1692
f 1268//1693 1275//1693 1276//1693
f 1268//1694 1276//1694 1269//1694
f 1253//1695 1277//1695 1254//1695
f 1254//1696 1277//1696 1270//1696
f 1254//1697 1270//1697 1256//1697
f 1260//1698 1261//1698 1278//1698
f 1258//1699 1259//1699 1279//1699
f 1280//1700 1281//1700 1282//1700
f 1282//1701 1281//1701 1283//1701
f 1282//1702 1283//1702 1284//1702
f 1267//1703 1263//1703 1268//1703
f 1268//1704 1263//1704 1265//1704
f 1268//1705 1265//1705 1274//1705
f 1274//1706 1265//1706 1285//1706
f 1274//1707 1285//1707 1272//1707
f 1272//1708 1285//1708 1286//1708
f 1272//1709 1286//1709 1270//1709
f 1270//1710 1286//1710 1278//1710
f 1270//1711 1278//1711 1256//1711
f 1256//1712 1278//1712 1261//1712
f 1264//1713 1280//1713 1265//1713
f 1265//1714 1280//1714 1282//1714
f 1265//1715 1282//1715 1285//1715
f 1285//1716 1282//1716 1287//1716
f 1285//1717 1287//1717 1286//1717
f 1286//1718 1287//1718 1288//1718
f 1286//1719 1288//1719 1278//1719
f 1278//1720 1288//1720 1279//1720
f 1278//1721 1279//1721 1260//1721
f 1260//1722 1279//1722 1259//1722
f 1284//1723 1289//1723 1282//1723
f 1282//1724 1289//1724 1290//1724
f 1282//1725 1290//1725 1287//1725
f 1287//1726 1290//1726 1291//1726
f 1287//1727 1291//1727 1288//1727
f 1288//1728 1291//1728 1292//1728
f 1288//1729 1292//1729 1279//1729
f 1279//1730 1292//1730 1293//1730
f 1279//1731 1293//1731 1258//1731
f 1294//1732 1295//1732 1296//1732
f 1296//1733 1295//1733 1297//1733
f 1296//1734 1297//1734 1298//1734
f 1299//1735 1300//1735 1297//1735
f 1297//1736 1300//1736 1301//1736
f 1297//1737 1301//1737 1298//1737
f 1292//1738 1291//1738 1302//1738
f 1302//1739 1291//1739 1290//1739
f 1302//1740 1290//1740 1299//1740
f 1299//1741 1290//1741 1289//1741
f 1299//1742 1289//1742 1300//1742
f 1292//1743 1302//1743 1293//1743
f 1293//1744 1302//1744 1303//1744
f 1293//1745 1303//1745 1258//1745
f 1304//1746 1305//1746 1294//1746
f 1306//1747 1307//1747 1305//1747
f 1305//1748 1304//1748 1306//1748
f 1306//1749 1304//1749 1308//1749
f 1306//1750 1308//1750 1309//1750
f 1310//1751 1311//1751 1312//1751
f 1312//1752 1311//1752 1313//1752
f 1312//1753 1313//1753 1308//1753
f 1308//1754 1313//1754 1314//1754
f 1308//1755 1314//1755 1309//1755
f 1315//1756 1316//1756 1317//1756
f 1294//1757 1318//1757 1304//1757
f 1304//1758 1318//1758 1319//1758
f 1304//1759 1319//1759 1308//1759
f 1308//1760 1319//1760 1315//1760
f 1308//1761 1315//1761 1312//1761
f 1312//1762 1315//1762 1317//1762
f 1312//1763 1317//1763 1310//1763
f 1320//1764 1321//1764 1263//1764
f 1316//1765 1315//1765 1322//1765
f 1316//1766 1322//1766 1323//1766
f 1323//1767 1322//1767 1324//1767
f 1323//1768 1324//1768 1325//1768
f 1325//1769 1324//1769 1326//1769
f 1325//1770 1326//1770 1327//1770
f 1327//1771 1326//1771 1328//1771
f 1327//1772 1328//1772 1329//1772
f 1330//1773 1331//1773 1332//1773
f 1269//1774 1329//1774 1266//1774
f 1266//1775 1329//1775 1328//1775
f 1266//1776 1328//1776 1267//1776
f 1267//1777 1328//1777 1263//1777
f 1333//1778 1280//1778 1321//1778
f 1321//1779 1280//1779 1264//1779
f 1321//1780 1264//1780 1263//1780
f 1334//1781 1300//1781 1289//1781
f 1289//1782 1284//1782 1334//1782
f 1334//1783 1284//1783 1283//1783
f 1334//1784 1283//1784 1333//1784
f 1333//1785 1283//1785 1281//1785
f 1333//1786 1281//1786 1280//1786
f 1319//1787 1318//1787 1335//1787
f 1335//1788 1318//1788 1336//1788
f 1335//1789 1336//1789 1337//1789
f 1337//1790 1336//1790 1338//1790
f 1318//1791 1294//1791 1336//1791
f 1336//1792 1294//1792 1296//1792
f 1336//1793 1296//1793 1338//1793
f 1338//1794 1296//1794 1298//1794
f 1332//1795 1331//1795 1301//1795
f 1315//1796 1319//1796 1322//1796
f 1322//1797 1319//1797 1335//1797
f 1322//1798 1335//1798 1324//1798
f 1324//1799 1335//1799 1337//1799
f 1324//1800 1337//1800 1330//1800
f 1330//1801 1337//1801 1338//1801
f 1330//1802 1338//1802 1331//1802
f 1331//1803 1338//1803 1298//1803
f 1331//1804 1298//1804 1301//1804
f 1320//1805 1339//1805 1321//1805
f 1321//1806 1339//1806 1340//1806
f 1321//1807 1340//1807 1333//1807
f 1333//1808 1340//1808 1341//1808
f 1333//1809 1341//1809 1334//1809
f 1263//1810 1328//1810 1320//1810
f 1320//1811 1328//1811 1326//1811
f 1320//1812 1326//1812 1339//1812
f 1339//1813 1326//1813 1324//1813
f 1339//1814 1324//1814 1340//1814
f 1340//1815 1324//1815 1330//1815
f 1340//1816 1330//1816 1341//1816
f 1341//1817 1330//1817 1332//1817
f 1341//1818 1332//1818 1334//1818
f 1334//1819 1332//1819 1301//1819
f 1334//1820 1301//1820 1300//1820
f 1342//1821 1343//1821 1344//1821
f 1345//1822 1346//1822 1347//1822
f 1348//1823 1349//1823 1350//1823
f 1350//1824 1349//1824 1351//1824
f 1350//1825 1351//1825 1347//1825
f 1347//1826 1351//1826 1229//1826
f 1347//1827 1229//1827 1345//1827
f 1343//1828 1352//1828 1353//1828
f 1353//1829 1352//1829 1354//1829
f 1353//1830 1354//1830 1355//1830
f 1356//1831 1357//1831 1354//1831
f 1354//1832 1357//1832 1358//1832
f 1354//1833 1358//1833 1355//1833
f 1355//1834 1358//1834 1359//1834
f 1355//1835 1359//1835 1360//1835
f 1329//1836 1361//1836 1327//1836
f 1327//1837 1361//1837 1362//1837
f 1327//1838 1362//1838 1325//1838
f 1345//1839 1310//1839 1346//1839
f 1346//1840 1310//1840 1317//1840
f 1346//1841 1317//1841 1316//1841
f 1316//1842 1323//1842 1346//1842
f 1346//1843 1323//1843 1325//1843
f 1346//1844 1325//1844 1347//1844
f 1347//1845 1325//1845 1362//1845
f 1347//1846 1362//1846 1350//1846
f 1350//1847 1362//1847 1342//1847
f 1350//1848 1342//1848 1348//1848
f 1348//1849 1342//1849 1344//1849
f 1343//1850 1342//1850 1352//1850
f 1352//1851 1342//1851 1362//1851
f 1352//1852 1362//1852 1354//1852
f 1354//1853 1362//1853 1361//1853
f 1354//1854 1361//1854 1356//1854
f 1356//1855 1361//1855 1329//1855
f 1356//1856 1329//1856 1269//1856
f 1363//1857 1364//1857 1365//1857
f 1366//1858 1351//1858 1349//1858
f 1229//1859 1351//1859 1230//1859
f 1230//1860 1351//1860 1366//1860
f 1230//1861 1366//1861 1236//1861
f 1236//1862 1366//1862 1235//1862
f 1367//1863 1368//1863 1369//1863
f 1367//1864 1369//1864 1370//1864
f 1370//1865 1369//1865 1363//1865
f 1370//1866 1363//1866 1371//1866
f 1371//1867 1363//1867 1365//1867
f 1371//1868 1365//1868 1241//1868
f 1349//1869 1368//1869 1366//1869
f 1366//1870 1368//1870 1367//1870
f 1366//1871 1367//1871 1235//1871
f 1235//1872 1367//1872 1370//1872
f 1235//1873 1370//1873 1234//1873
f 1234//1874 1370//1874 1371//1874
f 1234//1875 1371//1875 1237//1875
f 1237//1876 1371//1876 1241//1876
f 1349//1877 1372//1877 1373//1877
f 1374//1878 1375//1878 1376//1878
f 1377//1879 1378//1879 1379//1879
f 1379//1880 1378//1880 1380//1880
f 1374//1881 1376//1881 1381//1881
f 1382//1882 1383//1882 1384//1882
f 1384//1882 1383//1882 1385//1882
f 1384//1883 1385//1883 1386//1883
f 1386//1883 1385//1883 1387//1883
f 1386//1884 1387//1884 1372//1884
f 1388//1885 1387//1885 1389//1885
f 1389//1885 1387//1885 1385//1885
f 1389//1886 1385//1886 1376//1886
f 1376//1886 1385//1886 1383//1886
f 1376//1887 1383//1887 1381//1887
f 1381//1888 1383//1888 1382//1888
f 1381//1889 1382//1889 1390//1889
f 1391//1890 1388//1890 1392//1890
f 1392//1890 1388//1890 1389//1890
f 1392//1891 1389//1891 1393//1891
f 1393//1891 1389//1891 1376//1891
f 1393//1892 1376//1892 1379//1892
f 1379//1893 1376//1893 1375//1893
f 1379//1894 1375//1894 1377//1894
f 1349//1877 1373//1877 1368//1877
f 1368//1895 1373//1895 1394//1895
f 1368//1895 1394//1895 1369//1895
f 1369//1896 1394//1896 1395//1896
f 1369//1896 1395//1896 1363//1896
f 1363//1897 1395//1897 1396//1897
f 1363//1897 1396//1897 1364//1897
f 1372//1884 1387//1884 1373//1884
f 1373//1898 1387//1898 1388//1898
f 1373//1898 1388//1898 1394//1898
f 1394//1899 1388//1899 1391//1899
f 1394//1899 1391//1899 1395//1899
f 1395//1900 1391//1900 1397//1900
f 1395//1901 1397//1901 1396//1901
f 1380//1902 1398//1902 1379//1902
f 1379//1903 1398//1903 1399//1903
f 1379//1904 1399//1904 1393//1904
f 1393//1905 1399//1905 1400//1905
f 1393//1906 1400//1906 1392//1906
f 1392//1906 1400//1906 1401//1906
f 1392//1907 1401//1907 1391//1907
f 1391//1907 1401//1907 1402//1907
f 1391//1908 1402//1908 1397//1908
f 1403//1909 1404//1909 1405//1909
f 1405//1910 1404//1910 1406//1910
f 1405//1911 1406//1911 1407//1911
f 1408//1912 1409//1912 1406//1912
f 1406//1913 1409//1913 1410//1913
f 1406//1914 1410//1914 1407//1914
f 1411//1915 1412//1915 1413//1915
f 1413//1916 1412//1916 1414//1916
f 1413//1917 1414//1917 1408//1917
f 1408//1918 1414//1918 1415//1918
f 1408//1919 1415//1919 1409//1919
f 1416//1920 1417//1920 1418//1920
f 1418//1920 1417//1920 1419//1920
f 1418//1920 1419//1920 1360//1920
f 1360//1920 1419//1920 1420//1920
f 1411//1920 1381//1920 1390//1920
f 1380//1920 1378//1920 1411//1920
f 1411//1920 1378//1920 1377//1920
f 1411//1920 1390//1920 1412//1920
f 1377//1920 1375//1920 1411//1920
f 1411//1920 1375//1920 1374//1920
f 1411//1920 1374//1920 1381//1920
f 1390//1920 1344//1920 1412//1920
f 1412//1920 1344//1920 1343//1920
f 1412//1920 1343//1920 1421//1920
f 1421//1920 1343//1920 1353//1920
f 1421//1920 1353//1920 1420//1920
f 1420//1920 1353//1920 1355//1920
f 1420//1920 1355//1920 1360//1920
f 1422//1921 1423//1921 1424//1921
f 1424//1922 1423//1922 1425//1922
f 1426//1923 1427//1923 1425//1923
f 1425//1924 1427//1924 1428//1924
f 1425//1925 1428//1925 1424//1925
f 1429//1926 1430//1926 1426//1926
f 1426//1927 1430//1927 1431//1927
f 1426//1928 1431//1928 1427//1928
f 1432//1929 1433//1929 1434//1929
f 1434//1929 1433//1929 1423//1929
f 1434//1929 1423//1929 1422//1929
f 1434//1930 1435//1930 1432//1930
f 1436//1931 1437//1931 1438//1931
f 1244//1932 1439//1932 1440//1932
f 1439//1933 1244//1933 1243//1933
f 1441//1934 1435//1934 1442//1934
f 1442//1935 1435//1935 1443//1935
f 1443//1936 1435//1936 1444//1936
f 1444//1937 1435//1937 1434//1937
f 1444//1938 1434//1938 1445//1938
f 1434//1939 1422//1939 1445//1939
f 1445//1940 1422//1940 1424//1940
f 1445//1941 1424//1941 1446//1941
f 1446//1942 1424//1942 1428//1942
f 1428//1943 1427//1943 1446//1943
f 1446//1944 1427//1944 1447//1944
f 1446//1945 1447//1945 5//1945
f 5//1946 1447//1946 1448//1946
f 5//1947 1448//1947 6//1947
f 1449//1948 1450//1948 1448//1948
f 1448//1949 1450//1949 1451//1949
f 1448//1950 1451//1950 6//1950
f 1452//1951 1453//1951 1439//1951
f 1439//1952 1453//1952 1454//1952
f 1439//1953 1454//1953 1440//1953
f 1440//1954 1454//1954 1455//1954
f 1440//1955 1455//1955 1456//1955
f 1456//1956 1455//1956 1457//1956
f 1456//1957 1457//1957 1458//1957
f 1458//1958 1457//1958 1459//1958
f 1458//1959 1459//1959 1460//1959
f 1452//1960 1439//1960 1461//1960
f 1461//1961 1439//1961 1243//1961
f 1461//1962 1243//1962 1462//1962
f 1245//1963 1463//1963 1243//1963
f 1243//1964 1463//1964 1464//1964
f 1243//1965 1464//1965 1462//1965
f 1275//1966 1273//1966 1456//1966
f 1456//1967 1273//1967 1271//1967
f 1271//1968 1270//1968 1456//1968
f 1456//1969 1270//1969 1277//1969
f 1456//1970 1277//1970 1440//1970
f 1440//1971 1277//1971 1253//1971
f 1440//1972 1253//1972 1244//1972
f 1358//1973 1357//1973 1460//1973
f 1460//1974 1357//1974 1356//1974
f 1460//1975 1356//1975 1458//1975
f 1458//1976 1356//1976 1269//1976
f 1458//1977 1269//1977 1456//1977
f 1456//1978 1269//1978 1276//1978
f 1456//1979 1276//1979 1275//1979
f 1359//1980 1358//1980 1448//1980
f 1448//1981 1358//1981 1460//1981
f 1448//1982 1460//1982 1449//1982
f 1449//1983 1460//1983 1459//1983
f 1437//1984 1436//1984 1429//1984
f 1429//1985 1436//1985 1416//1985
f 1429//1986 1416//1986 1418//1986
f 1427//1987 1431//1987 1447//1987
f 1447//1988 1431//1988 1430//1988
f 1447//1989 1430//1989 1448//1989
f 1448//1990 1430//1990 1429//1990
f 1448//1991 1429//1991 1359//1991
f 1359//1992 1429//1992 1418//1992
f 1359//1993 1418//1993 1360//1993
f 1441//1994 1465//1994 1435//1994
f 1435//1995 1465//1995 1466//1995
f 1435//1996 1466//1996 1432//1996
f 1213//1997 1210//1997 1209//1997
f 1467//1998 1468//1998 1469//1998
f 1469//1999 1468//1999 1470//1999
f 3//2000 2//2000 1469//2000
f 1209//2001 1467//2001 1213//2001
f 1213//2002 1467//2002 1469//2002
f 1213//2003 1469//2003 1471//2003
f 1471//2004 1469//2004 2//2004
f 1444//2005 1445//2005 1472//2005
f 1472//2006 1445//2006 1446//2006
f 1472//2007 1446//2007 1469//2007
f 1469//2008 1446//2008 5//2008
f 1469//2009 5//2009 3//2009
f 1470//2010 1473//2010 1469//2010
f 1469//2011 1473//2011 1474//2011
f 1469//2012 1474//2012 1472//2012
f 1472//2013 1474//2013 1475//2013
f 1472//2014 1475//2014 1444//2014
f 1475//2015 1476//2015 1444//2015
f 1444//2016 1476//2016 1477//2016
f 1444//2017 1477//2017 1443//2017
f 1477//2018 1478//2018 1443//2018
f 1443//2019 1478//2019 1479//2019
f 1443//2020 1479//2020 1442//2020
f 1442//2021 1479//2021 1441//2021
f 1198//2022 1200//2022 1480//2022
f 1480//2023 1200//2023 1201//2023
f 1481//2024 1482//2024 1483//2024
f 1484//2025 1485//2025 1486//2025
f 1487//2026 1488//2026 1489//2026
f 1490//2027 1491//2027 1492//2027
f 1493//2028 1494//2028 1495//2028
f 1457//2029 1496//2029 1459//2029
f 1452//2030 1461//2030 1497//2030
f 1497//2031 1461//2031 1498//2031
f 1461//2032 1462//2032 1498//2032
f 1498//2033 1462//2033 1464//2033
f 1498//2034 1464//2034 1499//2034
f 1496//2035 1457//2035 1500//2035
f 1457//2036 1455//2036 1500//2036
f 1500//2037 1455//2037 1454//2037
f 1500//2038 1454//2038 1497//2038
f 1497//2039 1454//2039 1453//2039
f 1497//2040 1453//2040 1452//2040
f 1450//2041 1501//2041 1451//2041
f 1451//2042 1501//2042 4//2042
f 1451//2043 4//2043 6//2043
f 1471//2044 1501//2044 1213//2044
f 1213//2045 1501//2045 1214//2045
f 1471//2046 2//2046 1501//2046
f 1501//2047 2//2047 1//2047
f 1501//2048 1//2048 4//2048
f 17//2049 19//2049 1502//2049
f 1502//2050 19//2050 20//2050
f 1502//2051 20//2051 16//2051
f 16//2052 15//2052 1502//2052
f 1502//2053 15//2053 13//2053
f 1502//2054 13//2054 10//2054
f 8//2055 7//2055 1503//2055
f 1503//2056 7//2056 22//2056
f 1503//2057 22//2057 1501//2057
f 1501//2058 22//2058 23//2058
f 1501//2059 23//2059 1214//2059
f 17//2060 1502//2060 1504//2060
f 1504//2061 1502//2061 1505//2061
f 1504//2062 1505//2062 1506//2062
f 1506//2063 1505//2063 1507//2063
f 1506//2064 1507//2064 1508//2064
f 1508//2065 1507//2065 1509//2065
f 1508//2066 1509//2066 1510//2066
f 1511//2067 1512//2067 1509//2067
f 1509//2068 1512//2068 1513//2068
f 1509//2069 1513//2069 1510//2069
f 1514//2070 1515//2070 1516//2070
f 1516//2071 1515//2071 1517//2071
f 1516//2072 1517//2072 1511//2072
f 1511//2073 1517//2073 1518//2073
f 1511//2074 1518//2074 1512//2074
f 1519//2075 1520//2075 1521//2075
f 1516//2076 1522//2076 1514//2076
f 1514//2077 1522//2077 1523//2077
f 1514//2078 1523//2078 1524//2078
f 1524//2079 1523//2079 1525//2079
f 1524//2080 1525//2080 1526//2080
f 1526//2081 1525//2081 1527//2081
f 1526//2082 1527//2082 1528//2082
f 1528//2083 1527//2083 1519//2083
f 1528//2084 1519//2084 1529//2084
f 1529//2085 1519//2085 1521//2085
f 1529//2086 1521//2086 1530//2086
f 1531//2087 1532//2087 1533//2087
f 1534//2088 1535//2088 1532//2088
f 1536//2089 1537//2089 1538//2089
f 1538//2090 1537//2090 1535//2090
f 1484//2091 1539//2091 1540//2091
f 1540//2092 1539//2092 1541//2092
f 1540//2093 1541//2093 1542//2093
f 1542//2094 1541//2094 1543//2094
f 1542//2095 1543//2095 1544//2095
f 1545//2096 1546//2096 1547//2096
f 1547//2097 1546//2097 1544//2097
f 1547//2098 1544//2098 1548//2098
f 1548//2099 1544//2099 1543//2099
f 1549//2100 1550//2100 1551//2100
f 1551//2101 1550//2101 1552//2101
f 1551//2102 1552//2102 1545//2102
f 1553//2103 1554//2103 1555//2103
f 1555//2104 1554//2104 1550//2104
f 1555//2105 1550//2105 1556//2105
f 1556//2106 1550//2106 1549//2106
f 1557//2107 1558//2107 1553//2107
f 1553//2108 1558//2108 1559//2108
f 1553//2109 1559//2109 1554//2109
f 1560//2110 1561//2110 1562//2110
f 1562//2111 1561//2111 1563//2111
f 1562//2112 1563//2112 1557//2112
f 1557//2113 1563//2113 1564//2113
f 1557//2114 1564//2114 1558//2114
f 1565//2115 1566//2115 1560//2115
f 1560//2116 1566//2116 1567//2116
f 1560//2117 1567//2117 1561//2117
f 1568//2118 1569//2118 1565//2118
f 1565//2119 1569//2119 1570//2119
f 1565//2120 1570//2120 1566//2120
f 1571//2121 1572//2121 1573//2121
f 1571//2122 1573//2122 1574//2122
f 1574//2123 1573//2123 1575//2123
f 1574//2124 1575//2124 1576//2124
f 1572//2125 1571//2125 1577//2125
f 1577//2126 1571//2126 1578//2126
f 1577//2127 1578//2127 1579//2127
f 1499//2128 1580//2128 1498//2128
f 1498//2129 1580//2129 1581//2129
f 1498//2130 1581//2130 1578//2130
f 1578//2131 1581//2131 1582//2131
f 1578//2132 1582//2132 1579//2132
f 1532//2133 1531//2133 1534//2133
f 1534//2134 1531//2134 1583//2134
f 1534//2135 1583//2135 1584//2135
f 1491//2136 1490//2136 1585//2136
f 1585//2137 1490//2137 1586//2137
f 1585//2138 1586//2138 1587//2138
f 1587//2139 1586//2139 1588//2139
f 1587//2140 1588//2140 1589//2140
f 1590//2141 1536//2141 1591//2141
f 1591//2142 1536//2142 1538//2142
f 1591//2143 1538//2143 1592//2143
f 1593//2144 1584//2144 1589//2144
f 1589//2145 1584//2145 1583//2145
f 1589//2146 1583//2146 1587//2146
f 1587//2147 1583//2147 1531//2147
f 1587//2148 1531//2148 1585//2148
f 1585//2149 1531//2149 1533//2149
f 1585//2150 1533//2150 1491//2150
f 1592//2151 1482//2151 1591//2151
f 1591//2152 1482//2152 1481//2152
f 1591//2153 1481//2153 1590//2153
f 1590//2154 1481//2154 1594//2154
f 1535//2155 1534//2155 1538//2155
f 1538//2156 1534//2156 1584//2156
f 1538//2157 1584//2157 1592//2157
f 1592//2158 1584//2158 1593//2158
f 1592//2159 1593//2159 1482//2159
f 1482//2160 1593//2160 1595//2160
f 1482//2161 1595//2161 1483//2161
f 1492//2162 1494//2162 1490//2162
f 1490//2163 1494//2163 1493//2163
f 1490//2164 1493//2164 1586//2164
f 1586//2165 1493//2165 1495//2165
f 1586//2166 1495//2166 1588//2166
f 1588//2167 1495//2167 1530//2167
f 1588//2168 1530//2168 1589//2168
f 1589//2169 1530//2169 1521//2169
f 1589//2170 1521//2170 1593//2170
f 1593//2171 1521//2171 1520//2171
f 1593//2172 1520//2172 1595//2172
f 1596//2173 1597//2173 1598//2173
f 1598//2174 1597//2174 1489//2174
f 1598//2175 1489//2175 1599//2175
f 1599//2176 1489//2176 1488//2176
f 1599//2177 1594//2177 1598//2177
f 1598//2178 1594//2178 1481//2178
f 1598//2179 1481//2179 1596//2179
f 1596//2180 1481//2180 1483//2180
f 1596//2181 1483//2181 1597//2181
f 1597//2182 1483//2182 1600//2182
f 1597//2183 1600//2183 1489//2183
f 1489//2184 1600//2184 1486//2184
f 1489//2185 1486//2185 1487//2185
f 1487//2186 1486//2186 1485//2186
f 1549//2187 1601//2187 1556//2187
f 1556//2188 1601//2188 1602//2188
f 1556//2189 1602//2189 1603//2189
f 1545//2190 1547//2190 1551//2190
f 1551//2191 1547//2191 1548//2191
f 1551//2192 1548//2192 1549//2192
f 1549//2193 1548//2193 1543//2193
f 1549//2194 1543//2194 1601//2194
f 1601//2195 1543//2195 1541//2195
f 1601//2196 1541//2196 1602//2196
f 1602//2197 1541//2197 1539//2197
f 1602//2198 1539//2198 1603//2198
f 1576//2199 1569//2199 1574//2199
f 1574//2200 1569//2200 1568//2200
f 1574//2201 1568//2201 1571//2201
f 1571//2202 1568//2202 1604//2202
f 1571//2203 1604//2203 1578//2203
f 1578//2204 1604//2204 1605//2204
f 1578//2205 1605//2205 1498//2205
f 1498//2206 1605//2206 1606//2206
f 1498//2207 1606//2207 1497//2207
f 1497//2208 1606//2208 1607//2208
f 1497//2209 1607//2209 1500//2209
f 1500//2210 1607//2210 1608//2210
f 1500//2211 1608//2211 1496//2211
f 1496//2212 1608//2212 1503//2212
f 1496//2213 1503//2213 1459//2213
f 1459//2214 1503//2214 1501//2214
f 1459//2215 1501//2215 1449//2215
f 1449//2216 1501//2216 1450//2216
f 1539//2217 1484//2217 1486//2217
f 1539//2218 1486//2218 1603//2218
f 1603//2219 1486//2219 1600//2219
f 1603//2220 1600//2220 1556//2220
f 1556//2221 1600//2221 1483//2221
f 1556//2222 1483//2222 1555//2222
f 1555//2223 1483//2223 1595//2223
f 1555//2224 1595//2224 1553//2224
f 1553//2225 1595//2225 1520//2225
f 1553//2226 1520//2226 1557//2226
f 1557//2227 1520//2227 1519//2227
f 1557//2228 1519//2228 1562//2228
f 1562//2229 1519//2229 1527//2229
f 1562//2230 1527//2230 1560//2230
f 1560//2231 1527//2231 1525//2231
f 1560//2232 1525//2232 1565//2232
f 1565//2233 1525//2233 1523//2233
f 1565//2234 1523//2234 1568//2234
f 1568//2235 1523//2235 1522//2235
f 1568//2236 1522//2236 1604//2236
f 1604//2237 1522//2237 1516//2237
f 1604//2238 1516//2238 1605//2238
f 1605//2239 1516//2239 1511//2239
f 1605//2240 1511//2240 1606//2240
f 1606//2241 1511//2241 1509//2241
f 1606//2242 1509//2242 1607//2242
f 1607//2243 1509//2243 1507//2243
f 1607//2244 1507//2244 1608//2244
f 1608//2245 1507//2245 1505//2245
f 1608//2246 1505//2246 1503//2246
f 1503//2247 1505//2247 1502//2247
f 1503//2248 1502//2248 8//2248
f 8//2249 1502//2249 10//2249
f 1609//2250 1575//2250 1573//2250
f 1499//2251 1464//2251 1463//2251
f 1581//2252 1580//2252 1610//2252
f 1610//2253 1580//2253 1499//2253
f 1577//2254 1579//2254 1611//2254
f 1611//2255 1579//2255 1582//2255
f 1612//2256 1569//2256 1609//2256
f 1609//2257 1569//2257 1576//2257
f 1609//2258 1576//2258 1575//2258
f 1613//2259 1566//2259 1612//2259
f 1612//2260 1566//2260 1570//2260
f 1612//2261 1570//2261 1569//2261
f 1614//2262 1561//2262 1613//2262
f 1613//2263 1561//2263 1567//2263
f 1613//2264 1567//2264 1566//2264
f 1615//2265 1564//2265 1614//2265
f 1614//2266 1564//2266 1563//2266
f 1614//2267 1563//2267 1561//2267
f 1554//2268 1559//2268 1558//2268
f 1546//2269 1554//2269 1615//2269
f 1615//2270 1554//2270 1558//2270
f 1615//2271 1558//2271 1564//2271
f 1546//2272 1545//2272 1554//2272
f 1554//2273 1545//2273 1552//2273
f 1554//2274 1552//2274 1550//2274
f 1616//2275 1617//2275 1618//2275
f 1618//2276 1617//2276 1619//2276
f 1618//2277 1619//2277 1620//2277
f 1620//2278 1619//2278 1621//2278
f 1622//2279 1623//2279 1621//2279
f 1621//2280 1623//2280 1624//2280
f 1621//2281 1624//2281 1620//2281
f 1625//2282 1626//2282 1622//2282
f 1622//2283 1626//2283 1627//2283
f 1622//2284 1627//2284 1623//2284
f 1628//2285 1629//2285 1630//2285
f 1630//2286 1629//2286 1631//2286
f 1630//2287 1631//2287 1625//2287
f 1625//2288 1631//2288 1632//2288
f 1625//2289 1632//2289 1626//2289
f 1633//2290 1634//2290 1628//2290
f 1635//2291 1636//2291 1634//2291
f 1249//2292 1262//2292 1637//2292
f 1499//2293 1463//2293 1610//2293
f 1610//2294 1463//2294 1245//2294
f 1610//2295 1245//2295 1638//2295
f 1638//2296 1245//2296 1247//2296
f 1638//2297 1247//2297 1639//2297
f 1639//2298 1247//2298 1249//2298
f 1639//2299 1249//2299 1635//2299
f 1635//2300 1249//2300 1637//2300
f 1635//2301 1637//2301 1636//2301
f 1634//2302 1633//2302 1635//2302
f 1635//2303 1633//2303 1640//2303
f 1635//2304 1640//2304 1639//2304
f 1639//2305 1640//2305 1641//2305
f 1639//2306 1641//2306 1638//2306
f 1638//2307 1641//2307 1611//2307
f 1638//2308 1611//2308 1610//2308
f 1610//2309 1611//2309 1582//2309
f 1610//2310 1582//2310 1581//2310
f 1628//2311 1630//2311 1633//2311
f 1633//2312 1630//2312 1642//2312
f 1633//2313 1642//2313 1640//2313
f 1640//2314 1642//2314 1643//2314
f 1640//2315 1643//2315 1641//2315
f 1641//2316 1643//2316 1644//2316
f 1641//2317 1644//2317 1611//2317
f 1611//2318 1644//2318 1572//2318
f 1611//2319 1572//2319 1577//2319
f 1609//2320 1645//2320 1612//2320
f 1612//2320 1645//2320 1646//2320
f 1612//2321 1646//2321 1613//2321
f 1613//2322 1646//2322 1647//2322
f 1613//2323 1647//2323 1614//2323
f 1614//2324 1647//2324 1648//2324
f 1614//2325 1648//2325 1615//2325
f 1615//2326 1648//2326 1649//2326
f 1615//2327 1649//2327 1546//2327
f 1546//2328 1649//2328 1650//2328
f 1645//2329 1651//2329 1646//2329
f 1646//2330 1651//2330 1652//2330
f 1646//2331 1652//2331 1647//2331
f 1647//2332 1652//2332 1653//2332
f 1647//2333 1653//2333 1648//2333
f 1648//2334 1653//2334 1654//2334
f 1648//2335 1654//2335 1649//2335
f 1649//2336 1654//2336 1655//2336
f 1649//2337 1655//2337 1650//2337
f 1617//2338 1650//2338 1619//2338
f 1619//2339 1650//2339 1655//2339
f 1619//2340 1655//2340 1621//2340
f 1621//2341 1655//2341 1654//2341
f 1621//2342 1654//2342 1622//2342
f 1622//2343 1654//2343 1653//2343
f 1622//2344 1653//2344 1625//2344
f 1625//2345 1653//2345 1652//2345
f 1625//2346 1652//2346 1630//2346
f 1630//2347 1652//2347 1651//2347
f 1630//2348 1651//2348 1642//2348
f 1642//2349 1651//2349 1645//2349
f 1642//2349 1645//2349 1643//2349
f 1643//2350 1645//2350 1609//2350
f 1643//2351 1609//2351 1644//2351
f 1644//2352 1609//2352 1573//2352
f 1644//2353 1573//2353 1572//2353
f 1251//1606 1258//1606 1121//1606
f 1121//1606 1258//1606 1303//1606
f 1121//1606 1303//1606 1197//1606
f 1197//1606 1303//1606 1656//1606
f 1197//1606 1656//1606 1657//1606
f 1126//1606 1616//1606 1123//1606
f 1123//1606 1616//1606 1618//1606
f 1634//1606 1636//1606 1123//1606
f 1658//1606 1659//1606 1126//1606
f 1126//1606 1659//1606 1660//1606
f 1126//1606 1660//1606 1616//1606
f 1618//1606 1620//1606 1123//1606
f 1123//1606 1620//1606 1624//1606
f 1123//1606 1624//1606 1623//1606
f 1661//1606 1126//1606 1662//1606
f 1662//1606 1126//1606 1197//1606
f 1662//1606 1197//1606 1663//1606
f 1663//1606 1197//1606 1657//1606
f 1636//1606 1637//1606 1123//1606
f 1123//1606 1637//1606 1262//1606
f 1123//1606 1262//1606 1121//1606
f 1121//1606 1262//1606 1252//1606
f 1121//1606 1252//1606 1251//1606
f 1126//1606 1664//1606 1665//1606
f 1123//1606 1632//1606 1631//1606
f 1665//1606 1666//1606 1126//1606
f 1126//1606 1666//1606 1667//1606
f 1126//1606 1667//1606 1658//1606
f 1623//1606 1627//1606 1123//1606
f 1123//1606 1627//1606 1626//1606
f 1123//1606 1626//1606 1632//1606
f 1661//1606 1668//1606 1126//1606
f 1126//1606 1668//1606 1669//1606
f 1126//2354 1669//2354 1670//2354
f 1631//1606 1629//1606 1123//1606
f 1123//1606 1629//1606 1628//1606
f 1123//2354 1628//2354 1634//2354
f 1670//1606 1671//1606 1126//1606
f 1126//1606 1671//1606 1672//1606
f 1126//1606 1672//1606 1664//1606
f 1294//1593 1305//1593 1295//1593
f 1295//1593 1305//1593 1673//1593
f 1674//1593 1675//1593 1676//1593
f 1677//1593 1674//1593 1307//1593
f 1307//1593 1674//1593 1676//1593
f 1307//1593 1676//1593 1305//1593
f 1305//1593 1676//1593 1678//1593
f 1305//1593 1678//1593 1673//1593
f 1677//2355 1307//2355 1679//2355
f 1679//2356 1307//2356 1306//2356
f 1679//2357 1306//2357 1680//2357
f 1306//2358 1309//2358 1680//2358
f 1680//2359 1309//2359 1314//2359
f 1680//2360 1314//2360 1681//2360
f 1681//2361 1314//2361 1313//2361
f 1681//2362 1313//2362 1682//2362
f 1682//2363 1313//2363 1311//2363
f 1682//2364 1311//2364 1683//2364
f 1683//2365 1311//2365 1310//2365
f 1683//2366 1310//2366 1684//2366
f 1344//857 1390//857 1382//857
f 1382//857 1384//857 1344//857
f 1344//857 1384//857 1386//857
f 1344//857 1386//857 1348//857
f 1348//857 1386//857 1372//857
f 1348//857 1372//857 1349//857
f 1685//857 1684//857 1310//857
f 1229//857 1231//857 1345//857
f 1345//857 1231//857 1220//857
f 1345//857 1220//857 1310//857
f 1310//857 1220//857 1219//857
f 1310//857 1219//857 1685//857
f 1217//2367 1218//2367 1686//2367
f 1687//2368 1685//2368 1688//2368
f 1688//2369 1685//2369 1219//2369
f 1688//2370 1219//2370 1689//2370
f 1689//2371 1219//2371 1222//2371
f 1689//2372 1222//2372 1224//2372
f 1224//2373 1228//2373 1689//2373
f 1689//2374 1228//2374 1227//2374
f 1689//2375 1227//2375 1226//2375
f 1226//2376 1217//2376 1689//2376
f 1689//2367 1217//2367 1686//2367
f 1689//2377 1686//2377 1690//2377
f 1690//2378 1686//2378 1691//2378
f 1690//2379 1691//2379 1692//2379
f 1689//2380 1690//2380 1693//2380
f 1687//2381 1688//2381 1694//2381
f 1694//2382 1688//2382 1695//2382
f 1694//2383 1695//2383 1696//2383
f 1696//2383 1695//2383 1697//2383
f 1696//2384 1697//2384 1698//2384
f 1698//2384 1697//2384 1699//2384
f 1698//2385 1699//2385 1700//2385
f 1700//2385 1699//2385 1701//2385
f 1688//2386 1689//2386 1695//2386
f 1695//2387 1689//2387 1693//2387
f 1695//2388 1693//2388 1697//2388
f 1697//2388 1693//2388 1702//2388
f 1697//2389 1702//2389 1699//2389
f 1699//2389 1702//2389 1703//2389
f 1699//2390 1703//2390 1701//2390
f 1701//2390 1703//2390 1704//2390
f 1690//2391 1692//2391 1693//2391
f 1693//2391 1692//2391 1705//2391
f 1693//2392 1705//2392 1702//2392
f 1702//2392 1705//2392 1706//2392
f 1702//2393 1706//2393 1703//2393
f 1703//2393 1706//2393 1707//2393
f 1703//2394 1707//2394 1704//2394
f 1704//2394 1707//2394 1708//2394
f 1709//2395 1710//2395 1711//2395
f 1712//2396 1411//2396 1413//2396
f 1713//2397 1714//2397 1715//2397
f 1715//2397 1714//2397 1716//2397
f 1715//2398 1716//2398 1717//2398
f 1717//2398 1716//2398 1718//2398
f 1717//2399 1718//2399 1719//2399
f 1719//2399 1718//2399 1720//2399
f 1719//2400 1720//2400 1721//2400
f 1722//2401 1708//2401 1723//2401
f 1723//2401 1708//2401 1707//2401
f 1723//2402 1707//2402 1724//2402
f 1724//2402 1707//2402 1706//2402
f 1724//2403 1706//2403 1725//2403
f 1725//2403 1706//2403 1705//2403
f 1710//2404 1712//2404 1711//2404
f 1711//2405 1712//2405 1413//2405
f 1711//2406 1413//2406 1726//2406
f 1726//2407 1413//2407 1408//2407
f 1726//2408 1408//2408 1727//2408
f 1727//2408 1408//2408 1406//2408
f 1727//2409 1406//2409 1728//2409
f 1728//2409 1406//2409 1404//2409
f 1721//2410 1709//2410 1719//2410
f 1719//2411 1709//2411 1711//2411
f 1719//2412 1711//2412 1717//2412
f 1717//2412 1711//2412 1726//2412
f 1717//2413 1726//2413 1715//2413
f 1715//2413 1726//2413 1727//2413
f 1715//2414 1727//2414 1713//2414
f 1713//2414 1727//2414 1728//2414
f 1729//2415 1730//2415 1720//2415
f 1720//2416 1730//2416 1731//2416
f 1720//2400 1731//2400 1721//2400
f 1714//2417 1722//2417 1716//2417
f 1716//2417 1722//2417 1723//2417
f 1716//2418 1723//2418 1718//2418
f 1718//2418 1723//2418 1724//2418
f 1718//2419 1724//2419 1720//2419
f 1720//2419 1724//2419 1725//2419
f 1720//2420 1725//2420 1729//2420
f 1729//2421 1725//2421 1705//2421
f 1729//2421 1705//2421 1692//2421
f 1380//2422 1732//2422 1398//2422
f 1398//2423 1732//2423 1733//2423
f 1734//2424 1400//2424 1733//2424
f 1733//2425 1400//2425 1399//2425
f 1733//2426 1399//2426 1398//2426
f 1735//2427 1402//2427 1734//2427
f 1734//2428 1402//2428 1401//2428
f 1734//2429 1401//2429 1400//2429
f 1736//2430 1396//2430 1735//2430
f 1735//2431 1396//2431 1397//2431
f 1735//2432 1397//2432 1402//2432
f 1240//2433 1241//2433 1737//2433
f 1737//2434 1241//2434 1365//2434
f 1737//2435 1365//2435 1736//2435
f 1736//2436 1365//2436 1364//2436
f 1736//2437 1364//2437 1396//2437
f 1240//2438 1737//2438 1239//2438
f 1239//2439 1737//2439 1216//2439
f 1239//2440 1216//2440 1215//2440
f 1709//2441 1738//2441 1710//2441
f 1710//2442 1738//2442 1732//2442
f 1710//2443 1732//2443 1712//2443
f 1712//2444 1732//2444 1380//2444
f 1712//2444 1380//2444 1411//2444
f 1709//2445 1721//2445 1738//2445
f 1738//2446 1721//2446 1731//2446
f 1738//2447 1731//2447 1739//2447
f 1692//2448 1691//2448 1729//2448
f 1729//2449 1691//2449 1739//2449
f 1729//2450 1739//2450 1730//2450
f 1730//2451 1739//2451 1731//2451
f 1740//857 1741//857 1733//857
f 1733//857 1741//857 1734//857
f 1734//857 1741//857 1742//857
f 1734//857 1742//857 1735//857
f 1735//857 1742//857 1743//857
f 1735//857 1743//857 1736//857
f 1736//857 1743//857 1744//857
f 1736//857 1744//857 1737//857
f 1737//857 1744//857 1745//857
f 1737//857 1745//857 1216//857
f 1216//857 1745//857 1746//857
f 1216//857 1746//857 1218//857
f 1218//857 1746//857 1747//857
f 1218//857 1747//857 1686//857
f 1686//857 1747//857 1748//857
f 1686//857 1748//857 1691//857
f 1748//857 1749//857 1691//857
f 1691//857 1749//857 1750//857
f 1691//857 1750//857 1739//857
f 1739//857 1750//857 1751//857
f 1739//857 1751//857 1738//857
f 1738//857 1751//857 1740//857
f 1738//857 1740//857 1732//857
f 1732//857 1740//857 1733//857
f 1752//2452 1753//2452 1754//2452
f 1754//2452 1753//2452 1755//2452
f 1754//2453 1755//2453 1756//2453
f 1756//2453 1755//2453 1757//2453
f 1756//2454 1757//2454 1758//2454
f 1758//2454 1757//2454 1759//2454
f 1760//2455 1758//2455 1761//2455
f 1761//2455 1758//2455 1759//2455
f 1760//2456 1761//2456 1762//2456
f 1762//2456 1761//2456 1763//2456
f 1764//817 1753//817 1763//817
f 1765//817 1757//817 1755//817
f 1766//817 1761//817 1759//817
f 1764//817 1767//817 1753//817
f 1753//817 1767//817 1768//817
f 1753//817 1768//817 1755//817
f 1755//817 1768//817 1769//817
f 1755//817 1769//817 1765//817
f 1765//817 1770//817 1757//817
f 1757//817 1770//817 1771//817
f 1757//817 1771//817 1759//817
f 1759//817 1771//817 1772//817
f 1759//817 1772//817 1766//817
f 1766//817 1773//817 1761//817
f 1761//817 1773//817 1774//817
f 1761//817 1774//817 1763//817
f 1763//817 1774//817 1775//817
f 1763//817 1775//817 1764//817
f 1753//2457 1752//2457 1763//2457
f 1763//2457 1752//2457 1762//2457
f 1776//817 1119//817 1700//817
f 1700//817 1701//817 1756//817
f 1756//817 1701//817 1704//817
f 1756//817 1704//817 1754//817
f 1777//817 1778//817 1700//817
f 1700//817 1778//817 1779//817
f 1700//817 1779//817 1776//817
f 1404//817 1403//817 1762//817
f 1762//817 1403//817 1780//817
f 1762//817 1780//817 1760//817
f 1760//817 1780//817 1781//817
f 1760//817 1781//817 1758//817
f 1752//817 1713//817 1762//817
f 1762//817 1713//817 1728//817
f 1762//817 1728//817 1404//817
f 1704//817 1708//817 1754//817
f 1754//817 1708//817 1722//817
f 1754//817 1722//817 1752//817
f 1752//817 1722//817 1714//817
f 1752//817 1714//817 1713//817
f 1781//817 1782//817 1758//817
f 1758//817 1782//817 1783//817
f 1758//817 1783//817 1756//817
f 1756//817 1783//817 1784//817
f 1756//817 1784//817 1700//817
f 1700//817 1784//817 1785//817
f 1700//817 1785//817 1777//817
f 1101//2458 1687//2458 1102//2458
f 1102//2459 1687//2459 1694//2459
f 1700//2460 1119//2460 1108//2460
f 1700//2461 1108//2461 1698//2461
f 1108//2462 1110//2462 1698//2462
f 1698//2463 1110//2463 1112//2463
f 1698//2464 1112//2464 1696//2464
f 1112//2465 1114//2465 1696//2465
f 1696//2466 1114//2466 1116//2466
f 1696//2467 1116//2467 1694//2467
f 1694//2468 1116//2468 1118//2468
f 1694//2469 1118//2469 1102//2469
f 1786//2470 1787//2470 1157//2470
f 1788//2471 1150//2471 1789//2471
f 1789//2471 1150//2471 1152//2471
f 1789//2471 1152//2471 1790//2471
f 1788//2471 1791//2471 1150//2471
f 1150//2471 1791//2471 1792//2471
f 1150//2471 1792//2471 1793//2471
f 1152//2471 1099//2471 1794//2471
f 1793//2471 1795//2471 1150//2471
f 1150//2471 1795//2471 1796//2471
f 1150//2471 1796//2471 1797//2471
f 1786//2471 1157//2471 1798//2471
f 1798//2471 1157//2471 1150//2471
f 1798//2471 1150//2471 1799//2471
f 1799//2471 1150//2471 1797//2471
f 1799//2471 1797//2471 1800//2471
f 1687//2471 1101//2471 1154//2471
f 1154//2471 1101//2471 1103//2471
f 1154//2471 1103//2471 1152//2471
f 1152//2472 1103//2472 1117//2472
f 1152//2471 1117//2471 1099//2471
f 1801//2473 1802//2473 1803//2473
f 1803//2474 1804//2474 1801//2474
f 1801//2475 1804//2475 1805//2475
f 1801//2476 1805//2476 1806//2476
f 1806//2477 1807//2477 1801//2477
f 1801//2471 1807//2471 1157//2471
f 1801//2471 1157//2471 1808//2471
f 1808//2471 1157//2471 1787//2471
f 1677//2473 1679//2473 1154//2473
f 1154//2473 1679//2473 1680//2473
f 1154//2471 1680//2471 1687//2471
f 1687//2473 1680//2473 1681//2473
f 1687//2471 1681//2471 1682//2471
f 1682//2473 1683//2473 1687//2473
f 1687//2471 1683//2471 1684//2471
f 1687//2473 1684//2473 1685//2473
f 1807//2478 1809//2478 1157//2478
f 1157//2479 1809//2479 1675//2479
f 1157//2471 1675//2471 1154//2471
f 1154//2471 1675//2471 1674//2471
f 1154//2471 1674//2471 1677//2471
f 1794//2471 1810//2471 1152//2471
f 1152//2473 1810//2473 1811//2473
f 1152//2471 1811//2471 1812//2471
f 1812//2471 1813//2471 1152//2471
f 1152//2471 1813//2471 1814//2471
f 1152//2471 1814//2471 1790//2471
f 1815//2480 1816//2480 1817//2480
f 1818//2481 1819//2481 1820//2481
f 1788//2482 1789//2482 1821//2482
f 1821//2483 1789//2483 1822//2483
f 1821//2484 1822//2484 1823//2484
f 1823//2485 1822//2485 1824//2485
f 1823//2486 1824//2486 1825//2486
f 1825//2487 1824//2487 1826//2487
f 1825//2488 1826//2488 1827//2488
f 1827//2489 1826//2489 1828//2489
f 1827//2490 1828//2490 1829//2490
f 1829//2491 1828//2491 1818//2491
f 1829//2492 1818//2492 1830//2492
f 1830//2493 1818//2493 1820//2493
f 1830//2494 1820//2494 1831//2494
f 1832//2495 1833//2495 1818//2495
f 1818//2496 1833//2496 1834//2496
f 1818//2497 1834//2497 1819//2497
f 1835//2498 1836//2498 1837//2498
f 1837//2499 1836//2499 1838//2499
f 1837//2500 1838//2500 1839//2500
f 1840//2501 1841//2501 1842//2501
f 1842//2502 1841//2502 1843//2502
f 1842//2503 1843//2503 1839//2503
f 1839//2504 1843//2504 1844//2504
f 1839//2505 1844//2505 1837//2505
f 1845//2506 1846//2506 1847//2506
f 1847//2507 1846//2507 1815//2507
f 1847//2508 1815//2508 1848//2508
f 1849//2509 1850//2509 1851//2509
f 1851//2510 1850//2510 1852//2510
f 1851//2511 1852//2511 1853//2511
f 1854//2512 1811//2512 1855//2512
f 1855//2513 1811//2513 1810//2513
f 1811//2514 1856//2514 1812//2514
f 1812//2515 1856//2515 1817//2515
f 1812//2516 1817//2516 1813//2516
f 1813//2517 1817//2517 1816//2517
f 1813//2518 1816//2518 1814//2518
f 1790//2519 1814//2519 1857//2519
f 1857//2520 1814//2520 1816//2520
f 1857//2521 1816//2521 1858//2521
f 1858//2522 1816//2522 1815//2522
f 1858//2523 1815//2523 1840//2523
f 1840//2524 1815//2524 1846//2524
f 1840//2525 1846//2525 1841//2525
f 1841//2526 1846//2526 1845//2526
f 1841//2527 1845//2527 1843//2527
f 1854//2528 1859//2528 1811//2528
f 1811//2529 1859//2529 1860//2529
f 1811//2530 1860//2530 1856//2530
f 1856//2531 1860//2531 1853//2531
f 1856//2532 1853//2532 1817//2532
f 1817//2533 1853//2533 1852//2533
f 1817//2534 1852//2534 1815//2534
f 1815//2535 1852//2535 1850//2535
f 1815//2536 1850//2536 1848//2536
f 1789//2537 1790//2537 1822//2537
f 1822//2538 1790//2538 1857//2538
f 1822//2539 1857//2539 1824//2539
f 1824//2540 1857//2540 1858//2540
f 1824//2541 1858//2541 1826//2541
f 1826//2542 1858//2542 1840//2542
f 1826//2543 1840//2543 1828//2543
f 1828//2544 1840//2544 1842//2544
f 1828//2545 1842//2545 1818//2545
f 1818//2546 1842//2546 1839//2546
f 1818//2547 1839//2547 1832//2547
f 1832//2548 1839//2548 1838//2548
f 1861//2549 1854//2549 1855//2549
f 1862//2550 1863//2550 1864//2550
f 1864//2551 1863//2551 1861//2551
f 1864//2552 1861//2552 1865//2552
f 1865//2553 1861//2553 1855//2553
f 1865//2554 1855//2554 1810//2554
f 1810//2555 1866//2555 1865//2555
f 1865//2556 1866//2556 1867//2556
f 1865//2557 1867//2557 1864//2557
f 1864//2558 1867//2558 1868//2558
f 1864//2559 1868//2559 1862//2559
f 1862//2560 1868//2560 1869//2560
f 1862//2561 1869//2561 1863//2561
f 1863//2562 1869//2562 1870//2562
f 1099//2563 1871//2563 1794//2563
f 1794//2564 1871//2564 1866//2564
f 1794//2565 1866//2565 1810//2565
f 1871//2566 1872//2566 1866//2566
f 1866//2567 1872//2567 1873//2567
f 1866//2568 1873//2568 1867//2568
f 1107//2569 1105//2569 1874//2569
f 1099//2570 1098//2570 1871//2570
f 1871//2571 1098//2571 1120//2571
f 1871//2572 1120//2572 1872//2572
f 1872//2573 1120//2573 1107//2573
f 1872//2574 1107//2574 1873//2574
f 1873//2575 1107//2575 1874//2575
f 1873//2576 1874//2576 1867//2576
f 1867//2577 1874//2577 1868//2577
f 1875//2578 1870//2578 1869//2578
f 1869//2579 1868//2579 1875//2579
f 1875//2580 1868//2580 1874//2580
f 1875//2581 1874//2581 1105//2581
f 1104//2582 1876//2582 1105//2582
f 1875//2583 1105//2583 1877//2583
f 1877//2584 1105//2584 1876//2584
f 1877//2585 1876//2585 1878//2585
f 1878//2586 1876//2586 1104//2586
f 1878//2587 1104//2587 1119//2587
f 1879//2588 1880//2588 1881//2588
f 1881//2589 1880//2589 1882//2589
f 1881//2590 1882//2590 1883//2590
f 1781//2591 1884//2591 1782//2591
f 1782//2592 1884//2592 1885//2592
f 1782//2593 1885//2593 1783//2593
f 1783//2594 1885//2594 1886//2594
f 1783//2595 1886//2595 1784//2595
f 1784//2596 1886//2596 1887//2596
f 1784//2597 1887//2597 1785//2597
f 1119//2598 1776//2598 1878//2598
f 1878//2599 1776//2599 1779//2599
f 1878//2600 1779//2600 1888//2600
f 1888//2601 1779//2601 1778//2601
f 1888//2602 1778//2602 1887//2602
f 1887//2603 1778//2603 1777//2603
f 1887//2604 1777//2604 1785//2604
f 1879//2605 1884//2605 1880//2605
f 1880//2606 1884//2606 1781//2606
f 1880//2607 1781//2607 1882//2607
f 1882//2608 1781//2608 1780//2608
f 1882//2609 1780//2609 1403//2609
f 1879//2610 1889//2610 1884//2610
f 1884//2611 1889//2611 1890//2611
f 1884//2612 1890//2612 1885//2612
f 1885//2613 1890//2613 1891//2613
f 1885//2614 1891//2614 1886//2614
f 1886//2615 1891//2615 1892//2615
f 1886//2616 1892//2616 1887//2616
f 1887//2617 1892//2617 1893//2617
f 1887//2618 1893//2618 1888//2618
f 1888//2619 1893//2619 1894//2619
f 1894//2620 1895//2620 1888//2620
f 1888//2621 1895//2621 1896//2621
f 1888//2622 1896//2622 1878//2622
f 1878//2623 1896//2623 1897//2623
f 1878//2624 1897//2624 1877//2624
f 1407//2625 1410//2625 1898//2625
f 1899//2626 1900//2626 1901//2626
f 1900//2627 1899//2627 1421//2627
f 1902//2628 1903//2628 1901//2628
f 1901//2629 1903//2629 1898//2629
f 1410//2630 1409//2630 1898//2630
f 1898//2631 1409//2631 1415//2631
f 1898//2632 1415//2632 1901//2632
f 1901//2633 1415//2633 1414//2633
f 1901//2634 1414//2634 1899//2634
f 1899//2635 1414//2635 1412//2635
f 1899//2636 1412//2636 1421//2636
f 1904//2637 1905//2637 1906//2637
f 1906//2638 1905//2638 1883//2638
f 1906//2639 1883//2639 1907//2639
f 1907//2640 1883//2640 1882//2640
f 1907//2641 1882//2641 1908//2641
f 1908//2642 1882//2642 1403//2642
f 1908//2643 1403//2643 1405//2643
f 1421//2644 1420//2644 1900//2644
f 1900//2645 1420//2645 1909//2645
f 1900//2646 1909//2646 1901//2646
f 1901//2647 1909//2647 1910//2647
f 1901//2648 1910//2648 1902//2648
f 1902//2649 1910//2649 1911//2649
f 1911//2650 1904//2650 1902//2650
f 1902//2651 1904//2651 1906//2651
f 1902//2652 1906//2652 1903//2652
f 1903//2653 1906//2653 1907//2653
f 1903//2654 1907//2654 1898//2654
f 1898//2655 1907//2655 1908//2655
f 1898//2656 1908//2656 1407//2656
f 1407//2657 1908//2657 1405//2657
f 1910//2658 1909//2658 1912//2658
f 1417//2659 1912//2659 1419//2659
f 1419//2660 1912//2660 1909//2660
f 1419//2661 1909//2661 1420//2661
f 1913//2662 1914//2662 1915//2662
f 1910//2663 1912//2663 1911//2663
f 1911//2664 1912//2664 1916//2664
f 1911//2665 1916//2665 1904//2665
f 1904//2666 1916//2666 1913//2666
f 1904//2667 1913//2667 1905//2667
f 1905//2668 1913//2668 1915//2668
f 1905//2669 1915//2669 1883//2669
f 1096//2670 1097//2670 1917//2670
f 1917//2671 1097//2671 1918//2671
f 1919//2672 1920//2672 1914//2672
f 1921//2673 1922//2673 1920//2673
f 1923//2674 1924//2674 1925//2674
f 1925//2675 1924//2675 1926//2675
f 1925//2676 1926//2676 1927//2676
f 1914//2677 1913//2677 1919//2677
f 1919//2678 1913//2678 1916//2678
f 1919//2679 1916//2679 1928//2679
f 1928//2680 1916//2680 1912//2680
f 1928//2681 1912//2681 1929//2681
f 1929//2682 1912//2682 1417//2682
f 1929//2683 1417//2683 1930//2683
f 1925//2684 1931//2684 1923//2684
f 1923//2685 1931//2685 1932//2685
f 1923//2686 1932//2686 1918//2686
f 1918//2687 1932//2687 1933//2687
f 1918//2688 1933//2688 1917//2688
f 1094//2689 1934//2689 1935//2689
f 1935//2690 1934//2690 1936//2690
f 1935//2691 1936//2691 1937//2691
f 1937//2692 1936//2692 1938//2692
f 1937//2693 1938//2693 1939//2693
f 1939//2694 1938//2694 1940//2694
f 1939//2695 1940//2695 1941//2695
f 1094//2696 1096//2696 1934//2696
f 1934//2697 1096//2697 1917//2697
f 1934//2698 1917//2698 1936//2698
f 1936//2699 1917//2699 1933//2699
f 1936//2700 1933//2700 1938//2700
f 1938//2701 1933//2701 1932//2701
f 1938//2702 1932//2702 1940//2702
f 1940//2703 1932//2703 1931//2703
f 1940//2704 1931//2704 1942//2704
f 1942//2705 1931//2705 1925//2705
f 1942//2706 1925//2706 1943//2706
f 1943//2707 1925//2707 1927//2707
f 1943//2708 1927//2708 1922//2708
f 1944//2709 1945//2709 1946//2709
f 1922//2710 1921//2710 1943//2710
f 1943//2711 1921//2711 1947//2711
f 1943//2712 1947//2712 1942//2712
f 1942//2713 1947//2713 1944//2713
f 1942//2714 1944//2714 1940//2714
f 1940//2715 1944//2715 1946//2715
f 1940//2716 1946//2716 1941//2716
f 1920//2717 1919//2717 1921//2717
f 1921//2718 1919//2718 1928//2718
f 1921//2719 1928//2719 1947//2719
f 1947//2720 1928//2720 1929//2720
f 1947//2721 1929//2721 1944//2721
f 1944//2722 1929//2722 1930//2722
f 1944//2723 1930//2723 1945//2723
f 1417//2724 1416//2724 1930//2724
f 1930//2725 1416//2725 1436//2725
f 1930//2726 1436//2726 1945//2726
f 1945//2727 1436//2727 1438//2727
f 1945//2728 1438//2728 1946//2728
f 1946//2729 1438//2729 1948//2729
f 1946//2730 1948//2730 1941//2730
f 1941//2731 1948//2731 1949//2731
f 1941//2732 1949//2732 1939//2732
f 1939//2733 1949//2733 1937//2733
f 1937//2734 1949//2734 1935//2734
f 1935//2735 1949//2735 1950//2735
f 1935//2736 1950//2736 1094//2736
f 1433//857 1951//857 1423//857
f 1423//857 1951//857 1950//857
f 1423//857 1950//857 1425//857
f 1425//857 1950//857 1949//857
f 1425//857 1949//857 1426//857
f 1426//857 1949//857 1948//857
f 1948//857 1438//857 1426//857
f 1426//857 1438//857 1437//857
f 1426//857 1437//857 1429//857
f 1952//2737 1951//2737 1433//2737
f 1952//2737 1433//2737 1953//2737
f 1953//2737 1433//2737 1432//2737
f 1953//2737 1432//2737 1466//2737
f 1466//2737 1465//2737 1953//2737
f 1953//2737 1465//2737 1954//2737
f 1953//2737 1954//2737 1955//2737
f 1956//2738 1957//2738 1958//2738
f 1959//2739 1960//2739 1961//2739
f 1961//2740 1960//2740 1962//2740
f 1961//2741 1962//2741 1963//2741
f 1964//2742 1965//2742 1966//2742
f 1966//2743 1965//2743 1967//2743
f 1966//2744 1967//2744 1959//2744
f 1959//2745 1967//2745 1968//2745
f 1959//2746 1968//2746 1960//2746
f 1953//2747 1955//2747 1969//2747
f 1969//2748 1955//2748 1970//2748
f 1969//2749 1970//2749 1964//2749
f 1964//2750 1970//2750 1971//2750
f 1964//2751 1971//2751 1965//2751
f 1962//2752 1972//2752 1963//2752
f 1963//2753 1972//2753 1973//2753
f 1963//2754 1973//2754 1958//2754
f 1958//2755 1973//2755 1974//2755
f 1958//2756 1974//2756 1956//2756
f 1975//2757 1976//2757 1977//2757
f 1978//2758 1961//2758 1963//2758
f 1978//2759 1963//2759 1979//2759
f 1961//2760 1978//2760 1959//2760
f 1959//2761 1978//2761 1980//2761
f 1959//2762 1980//2762 1966//2762
f 1966//2763 1980//2763 1964//2763
f 1964//2764 1980//2764 1981//2764
f 1964//2765 1981//2765 1969//2765
f 1969//2766 1981//2766 1982//2766
f 1969//2766 1982//2766 1953//2766
f 1983//2767 1984//2767 1985//2767
f 1963//2768 1958//2768 1979//2768
f 1979//2769 1958//2769 1957//2769
f 1979//2770 1957//2770 1985//2770
f 1985//2771 1957//2771 1986//2771
f 1985//2772 1986//2772 1983//2772
f 1984//2773 1987//2773 1985//2773
f 1985//2774 1987//2774 1988//2774
f 1985//2775 1988//2775 1977//2775
f 1977//2776 1988//2776 1989//2776
f 1977//2777 1989//2777 1975//2777
f 1982//2778 1990//2778 1953//2778
f 1953//2778 1990//2778 1952//2778
f 1991//857 1992//857 1990//857
f 1990//857 1992//857 1993//857
f 1990//857 1993//857 1994//857
f 1991//857 1990//857 1995//857
f 1995//857 1990//857 1982//857
f 1995//857 1982//857 1996//857
f 1996//857 1982//857 1981//857
f 1996//857 1981//857 1997//857
f 1976//857 1998//857 1977//857
f 1977//857 1998//857 1999//857
f 1977//857 1999//857 1985//857
f 1985//857 1999//857 2000//857
f 1985//857 2000//857 1979//857
f 1979//857 2000//857 2001//857
f 1979//857 2001//857 1978//857
f 1978//857 2001//857 1997//857
f 1978//857 1997//857 1980//857
f 1980//857 1997//857 1981//857
f 2002//2779 2003//2779 2004//2779
f 2002//2779 2004//2779 2005//2779
f 2005//2779 2004//2779 1999//2779
f 2005//2779 1999//2779 1998//2779
f 1974//2780 1973//2780 2006//2780
f 1050//2781 1044//2781 1957//2781
f 593//2782 592//2782 1976//2782
f 1976//2783 592//2783 591//2783
f 1976//2784 591//2784 1998//2784
f 1998//2785 591//2785 590//2785
f 1998//2786 590//2786 2005//2786
f 1976//2787 1975//2787 593//2787
f 593//2788 1975//2788 1989//2788
f 593//2789 1989//2789 1988//2789
f 1987//2790 1984//2790 587//2790
f 1987//2791 587//2791 1988//2791
f 1988//2792 587//2792 594//2792
f 1988//2793 594//2793 593//2793
f 1046//2794 1021//2794 588//2794
f 1044//2795 1046//2795 1957//2795
f 1957//2796 1046//2796 588//2796
f 1957//2797 588//2797 1986//2797
f 1986//2798 588//2798 587//2798
f 1986//2799 587//2799 1983//2799
f 1983//2800 587//2800 1984//2800
f 1050//2801 1957//2801 1049//2801
f 1049//2802 1957//2802 1956//2802
f 1049//2803 1956//2803 1047//2803
f 1974//2804 2006//2804 1956//2804
f 1047//2805 1956//2805 2007//2805
f 2007//2806 1956//2806 2006//2806
f 2007//2807 2006//2807 2008//2807
f 2005//2808 590//2808 2002//2808
f 2002//2809 590//2809 762//2809
f 2002//2810 762//2810 2003//2810
f 2003//2811 762//2811 763//2811
f 2003//2812 763//2812 2009//2812
f 2009//2813 763//2813 761//2813
f 2009//2814 761//2814 2010//2814
f 2004//2815 2003//2815 2011//2815
f 2011//2815 2003//2815 2009//2815
f 2011//2815 2009//2815 2012//2815
f 2012//2815 2009//2815 2010//2815
f 2011//2816 2012//2816 2013//2816
f 115//2817 113//2817 2014//2817
f 115//2818 2014//2818 2015//2818
f 2014//2819 2016//2819 2015//2819
f 2015//2820 2016//2820 2017//2820
f 2015//2821 2017//2821 2018//2821
f 2017//2822 2019//2822 2018//2822
f 2018//2823 2019//2823 2020//2823
f 2018//2824 2020//2824 2021//2824
f 2020//2825 2022//2825 2021//2825
f 2021//2826 2022//2826 2023//2826
f 2021//2827 2023//2827 2024//2827
f 2023//2828 2025//2828 2024//2828
f 2024//2829 2025//2829 2026//2829
f 2024//2830 2026//2830 2027//2830
f 2004//2831 2011//2831 2028//2831
f 2028//2832 2011//2832 2013//2832
f 2028//2833 2013//2833 2029//2833
f 2029//2834 2013//2834 2027//2834
f 2029//2835 2027//2835 2030//2835
f 2030//2836 2027//2836 2026//2836
f 1999//2837 2004//2837 2028//2837
f 1999//2838 2028//2838 2000//2838
f 2000//2839 2028//2839 2029//2839
f 2000//2840 2029//2840 2001//2840
f 2001//2841 2029//2841 2030//2841
f 2001//2842 2030//2842 1997//2842
f 2030//2843 2026//2843 1997//2843
f 1997//2844 2026//2844 2025//2844
f 1997//2845 2025//2845 1996//2845
f 2025//2846 2023//2846 1996//2846
f 1996//2847 2023//2847 2022//2847
f 1996//2848 2022//2848 1995//2848
f 2022//2849 2020//2849 1995//2849
f 1995//2850 2020//2850 2019//2850
f 1995//2851 2019//2851 1991//2851
f 2019//2852 2017//2852 1991//2852
f 1991//2853 2017//2853 2016//2853
f 1991//2854 2016//2854 1992//2854
f 1992//2855 2016//2855 2014//2855
f 1992//2856 2014//2856 1993//2856
f 116//2857 2031//2857 114//2857
f 114//2858 2031//2858 1994//2858
f 114//2859 1994//2859 112//2859
f 112//2860 1994//2860 1993//2860
f 112//2861 1993//2861 113//2861
f 113//2862 1993//2862 2014//2862
f 2032//2863 1994//2863 2033//2863
f 2033//2864 1994//2864 2031//2864
f 2033//2865 2031//2865 2034//2865
f 2034//2865 2031//2865 2035//2865
f 2033//2866 2034//2866 2036//2866
f 2032//2867 2033//2867 2037//2867
f 2037//2868 2033//2868 2036//2868
f 2037//2869 2036//2869 2038//2869
f 2038//2869 2036//2869 2039//2869
f 2038//2870 2039//2870 2040//2870
f 2041//2871 2042//2871 2043//2871
f 2043//2872 2042//2872 2040//2872
f 2043//2873 2040//2873 2044//2873
f 2044//2870 2040//2870 2039//2870
f 2045//2874 2046//2874 2041//2874
f 2041//2875 2043//2875 2045//2875
f 2045//2876 2043//2876 2044//2876
f 2045//2877 2044//2877 2047//2877
f 2044//2878 2039//2878 2047//2878
f 2047//2879 2039//2879 2036//2879
f 2047//2880 2036//2880 2048//2880
f 2048//2881 2036//2881 2034//2881
f 2048//2882 2034//2882 2049//2882
f 2050//2883 2051//2883 2052//2883
f 2052//2883 2053//2883 2050//2883
f 2050//2883 2053//2883 2054//2883
f 2050//2883 2054//2883 2055//2883
f 2056//2884 2057//2884 2058//2884
f 2059//2885 2060//2885 2054//2885
f 2054//2886 2060//2886 2055//2886
f 2061//2887 2058//2887 2062//2887
f 2056//2888 2058//2888 2063//2888
f 2058//2889 2061//2889 2063//2889
f 2063//2890 2061//2890 2064//2890
f 2063//2891 2064//2891 2065//2891
f 2065//2892 2064//2892 2066//2892
f 2065//2893 2066//2893 2067//2893
f 2054//2894 2053//2894 2059//2894
f 2059//2895 2053//2895 2068//2895
f 2059//2896 2068//2896 2069//2896
f 2067//2897 2066//2897 2070//2897
f 2070//2898 2066//2898 2071//2898
f 2070//2899 2071//2899 2069//2899
f 2069//2900 2071//2900 2072//2900
f 2069//2901 2072//2901 2059//2901
f 2059//2902 2072//2902 2073//2902
f 2059//2903 2073//2903 2060//2903
f 2066//2904 2074//2904 2071//2904
f 2071//2905 2074//2905 2075//2905
f 2071//2906 2075//2906 2072//2906
f 2072//2907 2075//2907 2076//2907
f 2072//2908 2076//2908 2073//2908
f 2062//2909 2077//2909 2061//2909
f 2061//2910 2077//2910 2078//2910
f 2061//2911 2078//2911 2064//2911
f 2064//2912 2078//2912 2079//2912
f 2064//2913 2079//2913 2066//2913
f 2066//2914 2079//2914 2080//2914
f 2066//2915 2080//2915 2074//2915
f 2068//2916 2053//2916 2052//2916
f 2052//2917 2081//2917 2068//2917
f 2068//2918 2081//2918 2082//2918
f 2068//2919 2082//2919 2069//2919
f 2069//2920 2082//2920 2083//2920
f 2069//2921 2083//2921 2070//2921
f 2070//2922 2083//2922 2084//2922
f 2070//2923 2084//2923 2067//2923
f 2067//2924 2084//2924 2085//2924
f 2067//2925 2085//2925 2065//2925
f 2086//2926 2087//2926 2088//2926
f 2088//2927 2087//2927 2089//2927
f 2088//2928 2089//2928 2090//2928
f 2090//2929 2089//2929 2091//2929
f 2090//2930 2091//2930 2092//2930
f 2092//2931 2091//2931 2093//2931
f 2094//2932 2095//2932 2086//2932
f 2086//2933 2095//2933 2096//2933
f 2086//2934 2096//2934 2087//2934
f 2051//2935 2097//2935 2098//2935
f 2098//2936 2097//2936 2099//2936
f 2098//2937 2099//2937 2094//2937
f 2094//2938 2099//2938 2100//2938
f 2094//2939 2100//2939 2095//2939
f 2063//2940 2065//2940 2092//2940
f 2092//2941 2065//2941 2085//2941
f 2092//2942 2085//2942 2090//2942
f 2090//2943 2085//2943 2084//2943
f 2090//2943 2084//2943 2088//2943
f 2088//2944 2084//2944 2083//2944
f 2088//2945 2083//2945 2086//2945
f 2086//2946 2083//2946 2082//2946
f 2086//2947 2082//2947 2094//2947
f 2094//2948 2082//2948 2081//2948
f 2094//2948 2081//2948 2098//2948
f 2098//2949 2081//2949 2052//2949
f 2098//2950 2052//2950 2051//2950
f 2101//2951 2102//2951 2096//2951
f 2096//2952 2102//2952 2103//2952
f 2096//2953 2103//2953 2087//2953
f 2104//2954 2105//2954 2106//2954
f 2107//2955 2108//2955 2109//2955
f 2104//2956 2106//2956 2110//2956
f 2111//2957 2112//2957 2113//2957
f 2113//2958 2112//2958 2114//2958
f 2115//2959 2116//2959 2112//2959
f 2112//2960 2116//2960 2117//2960
f 2112//2961 2117//2961 2114//2961
f 2118//2962 2119//2962 2120//2962
f 2109//2963 2121//2963 2107//2963
f 2107//2964 2121//2964 2122//2964
f 2107//2965 2122//2965 2118//2965
f 2118//2966 2122//2966 2123//2966
f 2118//2967 2123//2967 2119//2967
f 2118//2968 2124//2968 2107//2968
f 2107//2969 2124//2969 2125//2969
f 2107//2970 2125//2970 2108//2970
f 2108//2971 2125//2971 2126//2971
f 2127//2972 2128//2972 2129//2972
f 2129//2973 2115//2973 2127//2973
f 2127//2974 2115//2974 2112//2974
f 2127//2975 2112//2975 2130//2975
f 2130//2976 2112//2976 2111//2976
f 2130//2977 2111//2977 2131//2977
f 2087//2978 2103//2978 2089//2978
f 2089//2979 2103//2979 2106//2979
f 2089//2980 2106//2980 2091//2980
f 2091//2981 2106//2981 2105//2981
f 2091//2982 2105//2982 2093//2982
f 2051//2983 2132//2983 2133//2983
f 2133//2984 2132//2984 2134//2984
f 2133//2985 2134//2985 2135//2985
f 2135//2986 2134//2986 2136//2986
f 2135//2987 2136//2987 2101//2987
f 2137//2988 2126//2988 2138//2988
f 2138//2989 2126//2989 2125//2989
f 2138//2990 2125//2990 2139//2990
f 2139//2991 2125//2991 2124//2991
f 2139//2992 2124//2992 2128//2992
f 2128//2993 2124//2993 2118//2993
f 2128//2994 2118//2994 2129//2994
f 2129//2995 2118//2995 2120//2995
f 2129//2996 2120//2996 2115//2996
f 2115//2997 2120//2997 2140//2997
f 2115//2998 2140//2998 2116//2998
f 2096//2999 2095//2999 2101//2999
f 2101//3000 2095//3000 2100//3000
f 2101//3001 2100//3001 2135//3001
f 2135//3002 2100//3002 2099//3002
f 2135//3003 2099//3003 2133//3003
f 2133//3004 2099//3004 2097//3004
f 2133//3005 2097//3005 2051//3005
f 2111//3006 2110//3006 2131//3006
f 2131//3007 2110//3007 2106//3007
f 2131//3008 2106//3008 2130//3008
f 2130//3009 2106//3009 2103//3009
f 2130//3010 2103//3010 2127//3010
f 2127//3011 2103//3011 2102//3011
f 2127//3012 2102//3012 2128//3012
f 2128//3013 2102//3013 2101//3013
f 2128//3014 2101//3014 2139//3014
f 2139//3015 2101//3015 2136//3015
f 2139//3016 2136//3016 2138//3016
f 2138//3017 2136//3017 2134//3017
f 2138//3018 2134//3018 2137//3018
f 2137//3019 2134//3019 2132//3019
f 2141//3020 2142//3020 2143//3020
f 2121//3021 2109//3021 2141//3021
f 2144//3022 2119//3022 2143//3022
f 2143//3023 2119//3023 2123//3023
f 2143//3024 2123//3024 2141//3024
f 2141//3025 2123//3025 2122//3025
f 2141//3026 2122//3026 2121//3026
f 2114//3027 2117//3027 2145//3027
f 2145//3028 2117//3028 2116//3028
f 2145//3029 2116//3029 2146//3029
f 2146//3030 2116//3030 2140//3030
f 2146//3031 2140//3031 2120//3031
f 2147//3032 2148//3032 2149//3032
f 2113//3033 2114//3033 2149//3033
f 2149//3034 2114//3034 2145//3034
f 2149//3035 2145//3035 2147//3035
f 2147//3036 2145//3036 2146//3036
f 2147//3037 2146//3037 2144//3037
f 2144//3038 2146//3038 2120//3038
f 2144//3039 2120//3039 2119//3039
f 2150//3040 2046//3040 2045//3040
f 2143//3041 2142//3041 2150//3041
f 2048//3042 2049//3042 2151//3042
f 2150//3043 2045//3043 2143//3043
f 2143//3044 2045//3044 2047//3044
f 2143//3045 2047//3045 2144//3045
f 2144//3046 2047//3046 2048//3046
f 2144//3047 2048//3047 2147//3047
f 2147//3048 2048//3048 2151//3048
f 2147//3049 2151//3049 2148//3049
f 2051//3050 2050//3050 2132//3050
f 2132//3051 2050//3051 2152//3051
f 2132//3052 2152//3052 2137//3052
f 2137//3053 2152//3053 2153//3053
f 2154//3054 2108//3054 2153//3054
f 2153//3055 2108//3055 2126//3055
f 2153//3056 2126//3056 2137//3056
f 2155//3057 2046//3057 2150//3057
f 2150//3058 2142//3058 2155//3058
f 2155//3059 2142//3059 2141//3059
f 2155//3060 2141//3060 2154//3060
f 2154//3061 2141//3061 2109//3061
f 2154//3062 2109//3062 2108//3062
f 2156//3063 2152//3063 2050//3063
f 2155//3064 2154//3064 2157//3064
f 2157//3064 2154//3064 2158//3064
f 2157//3065 2158//3065 2159//3065
f 2159//3065 2158//3065 2160//3065
f 2159//3066 2160//3066 2161//3066
f 2161//3066 2160//3066 2162//3066
f 2161//3067 2162//3067 2163//3067
f 2163//3067 2162//3067 2164//3067
f 2163//3068 2164//3068 2165//3068
f 2165//3068 2164//3068 2166//3068
f 2165//3069 2166//3069 2167//3069
f 2167//3070 2166//3070 2168//3070
f 2154//3071 2153//3071 2158//3071
f 2158//3071 2153//3071 2169//3071
f 2158//3072 2169//3072 2160//3072
f 2160//3073 2169//3073 2170//3073
f 2160//3074 2170//3074 2162//3074
f 2162//3074 2170//3074 2171//3074
f 2162//3075 2171//3075 2164//3075
f 2164//3075 2171//3075 2172//3075
f 2164//3076 2172//3076 2166//3076
f 2166//3076 2172//3076 2173//3076
f 2166//3077 2173//3077 2168//3077
f 2168//3078 2173//3078 2174//3078
f 2153//3079 2152//3079 2169//3079
f 2169//3079 2152//3079 2156//3079
f 2169//3080 2156//3080 2170//3080
f 2170//3080 2156//3080 2175//3080
f 2170//3081 2175//3081 2171//3081
f 2171//3082 2175//3082 2176//3082
f 2171//3083 2176//3083 2172//3083
f 2172//3084 2176//3084 2177//3084
f 2172//3085 2177//3085 2173//3085
f 2173//3085 2177//3085 2178//3085
f 2173//3086 2178//3086 2174//3086
f 2174//3086 2178//3086 2179//3086
f 2180//3087 2179//3087 2181//3087
f 2181//3087 2179//3087 2178//3087
f 2181//3088 2178//3088 2182//3088
f 2182//3088 2178//3088 2177//3088
f 2182//3089 2177//3089 2183//3089
f 2183//3089 2177//3089 2176//3089
f 2183//3090 2176//3090 2184//3090
f 2184//3090 2176//3090 2175//3090
f 2184//3091 2175//3091 2185//3091
f 2185//3092 2175//3092 2156//3092
f 2185//3093 2156//3093 2186//3093
f 2186//3063 2156//3063 2050//3063
f 2187//3094 2167//3094 2188//3094
f 2188//3095 2167//3095 2168//3095
f 2188//3096 2168//3096 2189//3096
f 2189//3097 2168//3097 2174//3097
f 2189//3098 2174//3098 2190//3098
f 2190//3099 2174//3099 2191//3099
f 2191//3100 2174//3100 2179//3100
f 2191//3101 2179//3101 2192//3101
f 2192//3102 2179//3102 2193//3102
f 2193//3103 2179//3103 2180//3103
f 2193//3104 2180//3104 1066//3104
f 2194//3105 2195//3105 2196//3105
f 2197//3106 2198//3106 1065//3106
f 1065//3107 2198//3107 2193//3107
f 1065//3108 2193//3108 1066//3108
f 2190//3109 2191//3109 2198//3109
f 2198//3110 2191//3110 2192//3110
f 2198//3111 2192//3111 2193//3111
f 2189//3112 2199//3112 2188//3112
f 2188//3113 2199//3113 2200//3113
f 2188//3114 2200//3114 2187//3114
f 2201//3115 2202//3115 2203//3115
f 2201//3116 2203//3116 2204//3116
f 2205//3117 2206//3117 2207//3117
f 2208//3118 2205//3118 2204//3118
f 2204//3119 2205//3119 2207//3119
f 2204//3120 2207//3120 2201//3120
f 2209//3121 2210//3121 2211//3121
f 1070//3122 1072//3122 2211//3122
f 2211//3123 1072//3123 1074//3123
f 2211//3124 1074//3124 2209//3124
f 2197//3125 2195//3125 2198//3125
f 2198//3126 2195//3126 2194//3126
f 2198//3127 2194//3127 2190//3127
f 2190//3128 2194//3128 2196//3128
f 2190//3129 2196//3129 2189//3129
f 2189//3130 2196//3130 2212//3130
f 2189//3131 2212//3131 2199//3131
f 1068//3132 1070//3132 2213//3132
f 2213//3133 1070//3133 2211//3133
f 2213//3134 2211//3134 2208//3134
f 2208//3135 2211//3135 2210//3135
f 2208//3136 2210//3136 2205//3136
f 2203//3137 2214//3137 2204//3137
f 2204//3138 2214//3138 2215//3138
f 2204//3139 2215//3139 2208//3139
f 2208//3140 2215//3140 2216//3140
f 2208//3141 2216//3141 2213//3141
f 1065//3142 1068//3142 2197//3142
f 2197//3143 1068//3143 2213//3143
f 2197//3144 2213//3144 2195//3144
f 2195//3145 2213//3145 2216//3145
f 2195//3146 2216//3146 2196//3146
f 2196//3147 2216//3147 2215//3147
f 2196//3148 2215//3148 2212//3148
f 2212//3149 2215//3149 2214//3149
f 2212//3150 2214//3150 2199//3150
f 2199//3151 2214//3151 2203//3151
f 2199//3152 2203//3152 2200//3152
f 2200//3153 2203//3153 2202//3153
f 2209//3154 1952//3154 2210//3154
f 2210//3154 1952//3154 1990//3154
f 2210//3155 1990//3155 2205//3155
f 1994//3154 2032//3154 1990//3154
f 1990//3154 2032//3154 2206//3154
f 1990//3154 2206//3154 2205//3154
f 1074//3155 1073//3155 1076//3155
f 2209//3154 1074//3154 1952//3154
f 1952//3154 1074//3154 1076//3154
f 1952//3154 1076//3154 1951//3154
f 1951//3154 1076//3154 1095//3154
f 1951//3154 1095//3154 1950//3154
f 1950//3154 1095//3154 1094//3154
f 2040//3156 2042//3156 2187//3156
f 2206//3157 2032//3157 2207//3157
f 2207//3158 2032//3158 2037//3158
f 2207//3159 2037//3159 2201//3159
f 2201//3160 2037//3160 2038//3160
f 2201//3161 2038//3161 2202//3161
f 2202//3162 2038//3162 2040//3162
f 2202//3163 2040//3163 2200//3163
f 2200//3164 2040//3164 2187//3164
f 2167//817 2187//817 2042//817
f 2167//817 2042//817 2165//817
f 2165//817 2042//817 2163//817
f 2163//817 2042//817 2041//817
f 2163//817 2041//817 2046//817
f 2159//817 2161//817 2157//817
f 2157//817 2161//817 2163//817
f 2157//817 2163//817 2155//817
f 2155//817 2163//817 2046//817
f 2049//3165 2034//3165 2035//3165
f 2217//3166 2218//3166 2219//3166
f 2219//3167 2218//3167 2220//3167
f 2148//3168 2151//3168 2221//3168
f 2221//3169 2151//3169 2219//3169
f 2221//3170 2219//3170 2222//3170
f 2222//3171 2219//3171 2220//3171
f 2049//3172 2035//3172 2151//3172
f 2151//3173 2035//3173 2223//3173
f 2151//3174 2223//3174 2219//3174
f 2219//3175 2223//3175 2224//3175
f 2219//3176 2224//3176 2217//3176
f 2225//3177 2226//3177 2227//3177
f 2228//3178 2229//3178 2230//3178
f 2231//3179 2232//3179 2233//3179
f 2233//3180 2232//3180 2234//3180
f 2233//3181 2234//3181 2149//3181
f 2149//3182 2234//3182 2235//3182
f 2149//3183 2235//3183 2113//3183
f 2221//3184 2222//3184 2236//3184
f 2236//3185 2222//3185 2220//3185
f 2236//3186 2220//3186 2237//3186
f 2237//3187 2220//3187 2218//3187
f 2237//3188 2218//3188 2228//3188
f 2228//3189 2218//3189 2217//3189
f 2228//3190 2217//3190 2229//3190
f 2229//3191 2217//3191 2224//3191
f 2229//3192 2224//3192 2227//3192
f 2227//3193 2224//3193 2223//3193
f 2227//3194 2223//3194 2225//3194
f 2228//3195 2238//3195 2237//3195
f 2237//3196 2238//3196 2231//3196
f 2237//3197 2231//3197 2236//3197
f 2236//3198 2231//3198 2233//3198
f 2236//3199 2233//3199 2221//3199
f 2221//3200 2233//3200 2149//3200
f 2221//3201 2149//3201 2148//3201
f 2228//3202 2230//3202 2239//3202
f 2111//3203 2113//3203 2235//3203
f 2092//3204 2093//3204 2240//3204
f 2240//3205 2057//3205 2092//3205
f 2092//3206 2057//3206 2056//3206
f 2092//3207 2056//3207 2063//3207
f 2111//3208 2235//3208 2110//3208
f 2093//3209 2105//3209 2240//3209
f 2240//3210 2105//3210 2104//3210
f 2240//3211 2104//3211 2110//3211
f 2110//3212 2235//3212 2240//3212
f 2240//3213 2235//3213 2234//3213
f 2240//3214 2234//3214 2241//3214
f 2241//3215 2234//3215 2232//3215
f 2241//3216 2232//3216 2242//3216
f 2242//3217 2232//3217 2231//3217
f 2242//3218 2231//3218 2239//3218
f 2239//3219 2231//3219 2238//3219
f 2239//3220 2238//3220 2228//3220
f 2243//3221 444//3221 446//3221
f 442//3222 2244//3222 443//3222
f 443//3223 2244//3223 2245//3223
f 443//3224 2245//3224 434//3224
f 2246//3225 2247//3225 442//3225
f 442//3226 2247//3226 2248//3226
f 442//3227 2248//3227 2244//3227
f 2249//3228 2250//3228 2251//3228
f 2251//3229 2250//3229 2252//3229
f 2251//3230 2252//3230 2253//3230
f 439//3231 438//3231 2254//3231
f 2246//3232 442//3232 2255//3232
f 2255//3233 442//3233 441//3233
f 2255//3234 441//3234 2256//3234
f 2256//3235 441//3235 439//3235
f 2256//3236 439//3236 2253//3236
f 2253//3237 439//3237 2254//3237
f 2253//3238 2254//3238 2251//3238
f 434//3239 2245//3239 435//3239
f 435//3240 2245//3240 2257//3240
f 435//3241 2257//3241 452//3241
f 2230//3242 446//3242 2239//3242
f 2239//3243 446//3243 448//3243
f 2239//3244 448//3244 2242//3244
f 2242//3245 448//3245 450//3245
f 2242//3246 450//3246 2258//3246
f 2258//3247 450//3247 452//3247
f 2258//3248 452//3248 2259//3248
f 2259//3249 452//3249 2257//3249
f 2230//3250 2229//3250 446//3250
f 446//3251 2229//3251 2227//3251
f 446//3252 2227//3252 2243//3252
f 2243//3253 2227//3253 2226//3253
f 2240//3254 2260//3254 2057//3254
f 2062//3255 2261//3255 2262//3255
f 2261//3256 2062//3256 2260//3256
f 2260//3257 2062//3257 2058//3257
f 2260//3258 2058//3258 2057//3258
f 2244//3259 2262//3259 2245//3259
f 2245//3260 2262//3260 2261//3260
f 2245//3261 2261//3261 2257//3261
f 2257//3262 2261//3262 2260//3262
f 2257//3263 2260//3263 2259//3263
f 2259//3264 2260//3264 2240//3264
f 2259//3265 2240//3265 2258//3265
f 2258//3266 2240//3266 2241//3266
f 2258//3267 2241//3267 2242//3267
f 2250//3268 2249//3268 2263//3268
f 2263//3269 2249//3269 2264//3269
f 2080//3270 2079//3270 2265//3270
f 2265//3271 2079//3271 2078//3271
f 2266//3272 2267//3272 2268//3272
f 2268//3273 2267//3273 2269//3273
f 2269//3274 2267//3274 2270//3274
f 2269//3275 2270//3275 2271//3275
f 2272//3276 2273//3276 2274//3276
f 2275//3277 2276//3277 2273//3277
f 2264//3278 2276//3278 2263//3278
f 2263//3279 2276//3279 2275//3279
f 2263//3280 2275//3280 2250//3280
f 2250//3281 2275//3281 2277//3281
f 2278//3282 2256//3282 2279//3282
f 2279//3283 2256//3283 2253//3283
f 2279//3284 2253//3284 2280//3284
f 2280//3285 2253//3285 2252//3285
f 2281//3286 2282//3286 2077//3286
f 2077//3287 2282//3287 2078//3287
f 2076//3288 2075//3288 2283//3288
f 2283//3289 2075//3289 2074//3289
f 2284//3290 2055//3290 2285//3290
f 2285//3291 2055//3291 2060//3291
f 2285//3292 2060//3292 2073//3292
f 2073//3293 2286//3293 2285//3293
f 2285//3294 2286//3294 2287//3294
f 2285//3295 2287//3295 2284//3295
f 2284//3296 2287//3296 2288//3296
f 2289//3297 2288//3297 2290//3297
f 2290//3298 2288//3298 2287//3298
f 2290//3299 2287//3299 2291//3299
f 2291//3300 2287//3300 2286//3300
f 2291//3301 2286//3301 2283//3301
f 2283//3302 2286//3302 2073//3302
f 2283//3303 2073//3303 2076//3303
f 2074//3304 2292//3304 2283//3304
f 2283//3305 2292//3305 2293//3305
f 2283//3306 2293//3306 2291//3306
f 2291//3307 2293//3307 2294//3307
f 2291//3308 2294//3308 2290//3308
f 2290//3309 2294//3309 2295//3309
f 2290//3310 2295//3310 2289//3310
f 2289//3311 2295//3311 2266//3311
f 2289//3312 2266//3312 2296//3312
f 2296//3313 2266//3313 2268//3313
f 2244//3314 2248//3314 2297//3314
f 2297//3315 2248//3315 2247//3315
f 2297//3316 2247//3316 2298//3316
f 2298//3317 2247//3317 2246//3317
f 2298//3318 2246//3318 2278//3318
f 2278//3319 2246//3319 2255//3319
f 2278//3320 2255//3320 2256//3320
f 2252//3321 2250//3321 2280//3321
f 2280//3322 2250//3322 2277//3322
f 2280//3323 2277//3323 2279//3323
f 2279//3324 2277//3324 2299//3324
f 2279//3325 2299//3325 2278//3325
f 2278//3326 2299//3326 2300//3326
f 2278//3327 2300//3327 2298//3327
f 2078//3328 2282//3328 2265//3328
f 2265//3329 2282//3329 2301//3329
f 2265//3330 2301//3330 2302//3330
f 2302//3331 2301//3331 2303//3331
f 2302//3332 2303//3332 2304//3332
f 2304//3333 2303//3333 2305//3333
f 2304//3334 2305//3334 2306//3334
f 2306//3335 2305//3335 2307//3335
f 2306//3336 2307//3336 2308//3336
f 2308//3337 2307//3337 2309//3337
f 2308//3338 2309//3338 2310//3338
f 2310//3339 2309//3339 2272//3339
f 2310//3340 2272//3340 2311//3340
f 2311//3341 2272//3341 2274//3341
f 2311//3342 2274//3342 2312//3342
f 2313//3343 2271//3343 2312//3343
f 2312//3344 2271//3344 2270//3344
f 2312//3345 2270//3345 2311//3345
f 2311//3346 2270//3346 2267//3346
f 2311//3347 2267//3347 2310//3347
f 2310//3348 2267//3348 2266//3348
f 2310//3349 2266//3349 2308//3349
f 2308//3350 2266//3350 2295//3350
f 2308//3351 2295//3351 2306//3351
f 2306//3352 2295//3352 2294//3352
f 2306//3353 2294//3353 2304//3353
f 2304//3354 2294//3354 2293//3354
f 2304//3355 2293//3355 2302//3355
f 2302//3356 2293//3356 2292//3356
f 2302//3357 2292//3357 2265//3357
f 2265//3358 2292//3358 2074//3358
f 2265//3359 2074//3359 2080//3359
f 2273//3360 2272//3360 2275//3360
f 2275//3361 2272//3361 2309//3361
f 2275//3362 2309//3362 2277//3362
f 2277//3363 2309//3363 2307//3363
f 2277//3364 2307//3364 2299//3364
f 2299//3365 2307//3365 2305//3365
f 2299//3366 2305//3366 2300//3366
f 2300//3367 2305//3367 2303//3367
f 2300//3368 2303//3368 2298//3368
f 2298//3369 2303//3369 2301//3369
f 2298//3370 2301//3370 2297//3370
f 2297//3371 2301//3371 2282//3371
f 2297//3372 2282//3372 2244//3372
f 2244//3373 2282//3373 2281//3373
f 2244//3374 2281//3374 2262//3374
f 2262//3375 2281//3375 2077//3375
f 2262//3376 2077//3376 2062//3376
f 2184//3377 2185//3377 2296//3377
f 2314//3378 2180//3378 2315//3378
f 2315//3379 2180//3379 2181//3379
f 2182//3380 2316//3380 2181//3380
f 2181//3381 2316//3381 2317//3381
f 2181//3382 2317//3382 2315//3382
f 2269//3383 2271//3383 2183//3383
f 2183//3384 2271//3384 2313//3384
f 2183//3385 2313//3385 2182//3385
f 2182//3386 2313//3386 2318//3386
f 2182//3387 2318//3387 2316//3387
f 2184//3388 2296//3388 2183//3388
f 2183//3389 2296//3389 2268//3389
f 2183//3390 2268//3390 2269//3390
f 2186//3391 2050//3391 2055//3391
f 2055//3392 2284//3392 2186//3392
f 2186//3393 2284//3393 2288//3393
f 2186//3394 2288//3394 2185//3394
f 2185//3395 2288//3395 2289//3395
f 2185//3396 2289//3396 2296//3396
f 2319//3397 2320//3397 2321//3397
f 2320//3398 2319//3398 2322//3398
f 2323//3399 2324//3399 2318//3399
f 2318//3400 2324//3400 2316//3400
f 2316//3401 2324//3401 2317//3401
f 2317//3402 2324//3402 2325//3402
f 2317//3403 2325//3403 2315//3403
f 2326//3404 2327//3404 2328//3404
f 2326//3405 2328//3405 2319//3405
f 2319//3406 2328//3406 2329//3406
f 2319//3407 2329//3407 2322//3407
f 2327//3408 2326//3408 2330//3408
f 2330//3409 2326//3409 2331//3409
f 2330//3410 2331//3410 2332//3410
f 2318//3411 2313//3411 2323//3411
f 2323//3412 2313//3412 2312//3412
f 2323//3413 2312//3413 2274//3413
f 2314//3414 2315//3414 2333//3414
f 2333//3415 2315//3415 2325//3415
f 2333//3416 2325//3416 2334//3416
f 2334//3417 2325//3417 2324//3417
f 2334//3418 2324//3418 2335//3418
f 2335//3419 2324//3419 2323//3419
f 2335//3420 2323//3420 2336//3420
f 2336//3421 2323//3421 2274//3421
f 2336//3422 2274//3422 2273//3422
f 2264//3423 2337//3423 2276//3423
f 2276//3424 2337//3424 2332//3424
f 2276//3425 2332//3425 2273//3425
f 2273//3426 2332//3426 2331//3426
f 2273//3427 2331//3427 2336//3427
f 2336//3428 2331//3428 2326//3428
f 2336//3429 2326//3429 2335//3429
f 2335//3430 2326//3430 2319//3430
f 2335//3431 2319//3431 2334//3431
f 2334//3432 2319//3432 2321//3432
f 2334//3433 2321//3433 2333//3433
f 2338//3434 2339//3434 2340//3434
f 2341//3435 2342//3435 2343//3435
f 2343//3436 2342//3436 2344//3436
f 2343//3437 2344//3437 2345//3437
f 2345//3438 2344//3438 2338//3438
f 2345//3439 2338//3439 2346//3439
f 2346//3440 2338//3440 2340//3440
f 2346//3441 2340//3441 2314//3441
f 2320//3442 2322//3442 2347//3442
f 2314//3443 2333//3443 2346//3443
f 2346//3444 2333//3444 2321//3444
f 2346//3445 2321//3445 2345//3445
f 2345//3446 2321//3446 2320//3446
f 2345//3447 2320//3447 2343//3447
f 2343//3448 2320//3448 2347//3448
f 2343//3449 2347//3449 2341//3449
f 2341//3450 2347//3450 2348//3450
f 2180//3451 2349//3451 2350//3451
f 2339//3451 2349//3451 2340//3451
f 2340//3451 2349//3451 2180//3451
f 2340//3451 2180//3451 2314//3451
f 1086//3452 1081//3452 2180//3452
f 2180//3453 1081//3453 1067//3453
f 2180//3451 1067//3451 1066//3451
f 1087//3454 1086//3454 1052//3454
f 1052//3451 1086//3451 2180//3451
f 1052//3455 2180//3455 1053//3455
f 1053//3451 2180//3451 2350//3451
f 2351//3456 2352//3456 1064//3456
f 2349//3457 2339//3457 2353//3457
f 2353//3458 2339//3458 2338//3458
f 2353//3459 2338//3459 2354//3459
f 2354//3460 2338//3460 2344//3460
f 2354//3461 2344//3461 2355//3461
f 2355//3462 2344//3462 2342//3462
f 2355//3463 2342//3463 2356//3463
f 2356//3464 2342//3464 2341//3464
f 1061//3465 1053//3465 2350//3465
f 1064//3466 1063//3466 2351//3466
f 2351//3461 1063//3461 1062//3461
f 2351//3461 1062//3461 2357//3461
f 2357//3467 1062//3467 1061//3467
f 2357//3468 1061//3468 2358//3468
f 2358//3469 1061//3469 2350//3469
f 2350//3470 2349//3470 2358//3470
f 2358//3471 2349//3471 2353//3471
f 2358//3472 2353//3472 2357//3472
f 2357//3473 2353//3473 2354//3473
f 2357//3474 2354//3474 2351//3474
f 2351//3474 2354//3474 2355//3474
f 2351//3475 2355//3475 2352//3475
f 2352//3476 2355//3476 2356//3476
f 2359//3477 1064//3477 2352//3477
f 2359//3478 2352//3478 2348//3478
f 2348//3479 2352//3479 2356//3479
f 2348//3480 2356//3480 2341//3480
f 1092//3481 1091//3481 2360//3481
f 1091//3482 1060//3482 1059//3482
f 2360//3483 1091//3483 2359//3483
f 2359//3484 1091//3484 1059//3484
f 2359//3485 1059//3485 1064//3485
f 2361//3486 1918//3486 2362//3486
f 2362//3487 1918//3487 1097//3487
f 2362//3488 1097//3488 2363//3488
f 2360//3489 2364//3489 1092//3489
f 1092//3490 2364//3490 2365//3490
f 1092//3491 2365//3491 1097//3491
f 1097//3492 2365//3492 2366//3492
f 1097//3493 2366//3493 2363//3493
f 1883//3494 1915//3494 2367//3494
f 2367//3495 1915//3495 1914//3495
f 2367//3496 1914//3496 1920//3496
f 1920//3497 1922//3497 2367//3497
f 2367//3498 1922//3498 1927//3498
f 2367//3499 1927//3499 2368//3499
f 1927//3500 1926//3500 2368//3500
f 2368//3501 1926//3501 1924//3501
f 2368//3502 1924//3502 2361//3502
f 2361//3503 1924//3503 1923//3503
f 2361//3504 1923//3504 1918//3504
f 1883//3505 2367//3505 1881//3505
f 1881//3506 2367//3506 2369//3506
f 1881//3507 2369//3507 1879//3507
f 1879//3508 2369//3508 2370//3508
f 1879//3509 2370//3509 1889//3509
f 1889//3510 2370//3510 2371//3510
f 1889//3511 2371//3511 1890//3511
f 1890//3512 2371//3512 2372//3512
f 1890//3513 2372//3513 1891//3513
f 2372//3514 2373//3514 1891//3514
f 1891//3515 2373//3515 2374//3515
f 1891//3516 2374//3516 1892//3516
f 1892//3517 2374//3517 2375//3517
f 1892//3518 2375//3518 1893//3518
f 1893//3519 2375//3519 1894//3519
f 1894//3520 2375//3520 2376//3520
f 1894//3521 2376//3521 1895//3521
f 1895//3522 2376//3522 1896//3522
f 1896//3523 2376//3523 2377//3523
f 1896//3524 2377//3524 1897//3524
f 1897//3525 2377//3525 2378//3525
f 1897//3526 2378//3526 1877//3526
f 1877//3527 2378//3527 2379//3527
f 1877//3528 2379//3528 1875//3528
f 2361//3529 2380//3529 2368//3529
f 2381//3530 2360//3530 2359//3530
f 2382//3531 2383//3531 2384//3531
f 1199//3532 1204//3532 1205//3532
f 1205//3533 1204//3533 2384//3533
f 1205//3534 2384//3534 2385//3534
f 2385//3535 2384//3535 2383//3535
f 2386//3536 2387//3536 2384//3536
f 2384//3537 2387//3537 2388//3537
f 2384//3538 2388//3538 2382//3538
f 2362//3539 2363//3539 2389//3539
f 2389//3540 2363//3540 2366//3540
f 2389//3541 2366//3541 2390//3541
f 2390//3542 2366//3542 2391//3542
f 2391//3543 2366//3543 2365//3543
f 2391//3544 2365//3544 2364//3544
f 2360//3545 2381//3545 2364//3545
f 2364//3546 2381//3546 2392//3546
f 2364//3547 2392//3547 2391//3547
f 2393//3548 2394//3548 2395//3548
f 2393//3549 2395//3549 2396//3549
f 2362//3550 2389//3550 2361//3550
f 2361//3551 2389//3551 2397//3551
f 2361//3552 2397//3552 2380//3552
f 2380//3553 2397//3553 2387//3553
f 2380//3554 2387//3554 2395//3554
f 2395//3555 2387//3555 2386//3555
f 2395//3556 2386//3556 2396//3556
f 2368//3557 2380//3557 2367//3557
f 2367//3558 2380//3558 2395//3558
f 2367//3559 2395//3559 2369//3559
f 2369//3560 2395//3560 2394//3560
f 2369//3561 2394//3561 2370//3561
f 2398//3562 2399//3562 2400//3562
f 2401//3563 2402//3563 2403//3563
f 2404//3564 2405//3564 2406//3564
f 1204//3565 2407//3565 2408//3565
f 2409//3566 2410//3566 2411//3566
f 1833//3567 1832//3567 2412//3567
f 2413//3568 2379//3568 2378//3568
f 2370//3569 2394//3569 2371//3569
f 2371//3570 2394//3570 2414//3570
f 2372//3571 2415//3571 2373//3571
f 2373//3572 2415//3572 2416//3572
f 2417//3573 2375//3573 2416//3573
f 2416//3574 2375//3574 2374//3574
f 2416//3575 2374//3575 2373//3575
f 2418//3576 2413//3576 2419//3576
f 2419//3577 2413//3577 2378//3577
f 2419//3578 2378//3578 2420//3578
f 2420//3579 2378//3579 2377//3579
f 2420//3580 2377//3580 2417//3580
f 2417//3581 2377//3581 2376//3581
f 2417//3582 2376//3582 2375//3582
f 2421//3583 2422//3583 2418//3583
f 2379//3584 2413//3584 2423//3584
f 2423//3585 2413//3585 2418//3585
f 2423//3586 2418//3586 2424//3586
f 2424//3587 2418//3587 2422//3587
f 2424//3588 2422//3588 2425//3588
f 2426//3589 2400//3589 2427//3589
f 2427//3590 2400//3590 2428//3590
f 2427//3591 2428//3591 2429//3591
f 2430//3592 2431//3592 2428//3592
f 2428//3593 2431//3593 2432//3593
f 2428//3594 2432//3594 2429//3594
f 1836//3595 1835//3595 2433//3595
f 2433//3596 1835//3596 2434//3596
f 2433//3597 2434//3597 2430//3597
f 2430//3598 2434//3598 2435//3598
f 2430//3599 2435//3599 2431//3599
f 2412//3600 1832//3600 2433//3600
f 2433//3601 1832//3601 1838//3601
f 2433//3602 1838//3602 1836//3602
f 1833//3603 2412//3603 1834//3603
f 1834//3604 2412//3604 2436//3604
f 1834//3605 2436//3605 1819//3605
f 1819//3606 2436//3606 1820//3606
f 1820//3607 2436//3607 2437//3607
f 1820//3608 2437//3608 1831//3608
f 2409//3609 2411//3609 2438//3609
f 2411//3610 2439//3610 2438//3610
f 2438//3611 2439//3611 2440//3611
f 2438//3612 2440//3612 2441//3612
f 2441//3613 2440//3613 2442//3613
f 2441//3614 2442//3614 2443//3614
f 2443//3615 2442//3615 2444//3615
f 2443//3616 2444//3616 2445//3616
f 2445//3617 2444//3617 2446//3617
f 2445//3618 2446//3618 2447//3618
f 2447//3619 2446//3619 2448//3619
f 2447//3620 2448//3620 2449//3620
f 2449//3621 2448//3621 2450//3621
f 2449//3622 2450//3622 2451//3622
f 2451//3623 2450//3623 2452//3623
f 2451//3624 2452//3624 2453//3624
f 2453//3625 2452//3625 2454//3625
f 2453//3626 2454//3626 2455//3626
f 2455//3627 2454//3627 2456//3627
f 2455//3628 2456//3628 2457//3628
f 2457//3629 2456//3629 2458//3629
f 2457//3630 2458//3630 2459//3630
f 2459//3631 2458//3631 2460//3631
f 2459//3632 2460//3632 2461//3632
f 1480//3633 1201//3633 2408//3633
f 2408//3634 1201//3634 2462//3634
f 2408//3635 2462//3635 2463//3635
f 2463//3636 2462//3636 2464//3636
f 2463//3637 2464//3637 2460//3637
f 2460//3638 2464//3638 2465//3638
f 2460//3639 2465//3639 2461//3639
f 2407//3565 1202//3565 2408//3565
f 2408//3640 1202//3640 1198//3640
f 2408//3641 1198//3641 1480//3641
f 2394//3642 2393//3642 2414//3642
f 2414//3643 2393//3643 2396//3643
f 2414//3644 2396//3644 2386//3644
f 2403//3645 2402//3645 2466//3645
f 2466//3646 2402//3646 2467//3646
f 2466//3647 2467//3647 2468//3647
f 2469//3648 2470//3648 2471//3648
f 2471//3649 2470//3649 2472//3649
f 2471//3650 2472//3650 2473//3650
f 2473//3651 2472//3651 2474//3651
f 2473//3652 2474//3652 2475//3652
f 2475//3653 2474//3653 2476//3653
f 2475//3654 2476//3654 2477//3654
f 2477//3655 2476//3655 2468//3655
f 2477//3656 2468//3656 2478//3656
f 2478//3657 2468//3657 2467//3657
f 2479//3658 2405//3658 2480//3658
f 2480//3659 2405//3659 2404//3659
f 2480//3660 2404//3660 2481//3660
f 2406//3661 2401//3661 2404//3661
f 2404//3662 2401//3662 2403//3662
f 2404//3663 2403//3663 2481//3663
f 2481//3664 2403//3664 2466//3664
f 2481//3665 2466//3665 2482//3665
f 2482//3666 2466//3666 2468//3666
f 2482//3667 2468//3667 2483//3667
f 2483//3668 2468//3668 2476//3668
f 2483//3669 2476//3669 2484//3669
f 2484//3670 2476//3670 2474//3670
f 2484//3671 2474//3671 2485//3671
f 2485//3672 2474//3672 2472//3672
f 2485//3673 2472//3673 2486//3673
f 2486//3674 2472//3674 2470//3674
f 2486//3675 2487//3675 2485//3675
f 2485//3676 2487//3676 2488//3676
f 2485//3677 2488//3677 2484//3677
f 2484//3678 2488//3678 2489//3678
f 2484//3679 2489//3679 2483//3679
f 2483//3680 2489//3680 2490//3680
f 2483//3681 2490//3681 2482//3681
f 2482//3682 2490//3682 2491//3682
f 2482//3683 2491//3683 2481//3683
f 2481//3684 2491//3684 2399//3684
f 2481//3685 2399//3685 2480//3685
f 2480//3686 2399//3686 2398//3686
f 2480//3687 2398//3687 2479//3687
f 2400//3688 2399//3688 2428//3688
f 2428//3689 2399//3689 2491//3689
f 2428//3690 2491//3690 2430//3690
f 2430//3691 2491//3691 2490//3691
f 2430//3692 2490//3692 2433//3692
f 2433//3693 2490//3693 2489//3693
f 2433//3694 2489//3694 2412//3694
f 2412//3695 2489//3695 2488//3695
f 2412//3696 2488//3696 2436//3696
f 2436//3697 2488//3697 2487//3697
f 2436//3698 2487//3698 2437//3698
f 2437//3699 2487//3699 2486//3699
f 2437//3700 2486//3700 2492//3700
f 2492//3701 2486//3701 2470//3701
f 2492//3702 2470//3702 2493//3702
f 2493//3703 2470//3703 2469//3703
f 2493//3704 2469//3704 2494//3704
f 2495//3705 2420//3705 2496//3705
f 2496//3706 2420//3706 2417//3706
f 2496//3707 2417//3707 2497//3707
f 2497//3708 2417//3708 2416//3708
f 2497//3709 2416//3709 2414//3709
f 2414//3710 2416//3710 2415//3710
f 2414//3711 2415//3711 2371//3711
f 2371//3712 2415//3712 2372//3712
f 2411//3713 2498//3713 2439//3713
f 2439//3714 2498//3714 2499//3714
f 2439//3715 2499//3715 2440//3715
f 2440//3716 2499//3716 2500//3716
f 2440//3717 2500//3717 2442//3717
f 2442//3718 2500//3718 2501//3718
f 2442//3719 2501//3719 2444//3719
f 2444//3720 2501//3720 2502//3720
f 2444//3721 2502//3721 2446//3721
f 2446//3722 2502//3722 2503//3722
f 2446//3723 2503//3723 2448//3723
f 2448//3724 2503//3724 2504//3724
f 2448//3725 2504//3725 2450//3725
f 2450//3726 2504//3726 2505//3726
f 2450//3727 2505//3727 2452//3727
f 2452//3728 2505//3728 2506//3728
f 2452//3729 2506//3729 2454//3729
f 2454//3730 2506//3730 2507//3730
f 2454//3731 2507//3731 2456//3731
f 2456//3732 2507//3732 2508//3732
f 2456//3733 2508//3733 2458//3733
f 2458//3734 2508//3734 2495//3734
f 2458//3735 2495//3735 2460//3735
f 2460//3736 2495//3736 2496//3736
f 2460//3737 2496//3737 2463//3737
f 2463//3738 2496//3738 2497//3738
f 2463//3739 2497//3739 2408//3739
f 2408//3740 2497//3740 2414//3740
f 2408//3741 2414//3741 1204//3741
f 1204//3742 2414//3742 2386//3742
f 1204//3743 2386//3743 2384//3743
f 2426//3744 2421//3744 2400//3744
f 2400//3745 2421//3745 2418//3745
f 2400//3746 2418//3746 2398//3746
f 2398//3747 2418//3747 2419//3747
f 2398//3748 2419//3748 2479//3748
f 2479//3749 2419//3749 2420//3749
f 2479//3750 2420//3750 2405//3750
f 2405//3751 2420//3751 2495//3751
f 2405//3752 2495//3752 2406//3752
f 2406//3753 2495//3753 2508//3753
f 2406//3754 2508//3754 2401//3754
f 2401//3755 2508//3755 2507//3755
f 2401//3756 2507//3756 2402//3756
f 2402//3757 2507//3757 2506//3757
f 2402//3758 2506//3758 2467//3758
f 2467//3759 2506//3759 2505//3759
f 2467//3760 2505//3760 2478//3760
f 2478//3761 2505//3761 2504//3761
f 2478//3762 2504//3762 2477//3762
f 2477//3763 2504//3763 2503//3763
f 2477//3764 2503//3764 2475//3764
f 2475//3765 2503//3765 2502//3765
f 2475//3766 2502//3766 2473//3766
f 2473//3767 2502//3767 2501//3767
f 2473//3768 2501//3768 2471//3768
f 2471//3769 2501//3769 2500//3769
f 2471//3770 2500//3770 2469//3770
f 2469//3771 2500//3771 2499//3771
f 2469//3772 2499//3772 2494//3772
f 2494//3773 2499//3773 2498//3773
f 2509//3774 1835//3774 1837//3774
f 2509//3775 1837//3775 2510//3775
f 1835//3776 2509//3776 2434//3776
f 2434//3777 2509//3777 2511//3777
f 2434//3778 2511//3778 2435//3778
f 2435//3779 2511//3779 2431//3779
f 2431//3780 2511//3780 2512//3780
f 2431//3781 2512//3781 2432//3781
f 2513//3782 2514//3782 2515//3782
f 2515//3783 2514//3783 2516//3783
f 2515//3784 2516//3784 2517//3784
f 2518//3785 1848//3785 2513//3785
f 2513//3786 1848//3786 1850//3786
f 1850//3787 1849//3787 2513//3787
f 2513//3788 1849//3788 2519//3788
f 2513//3789 2519//3789 2514//3789
f 1837//3790 1844//3790 2510//3790
f 2510//3791 1844//3791 1843//3791
f 2510//3792 1843//3792 2520//3792
f 2520//3793 1843//3793 1845//3793
f 2520//3794 1845//3794 2518//3794
f 2518//3795 1845//3795 1847//3795
f 2518//3796 1847//3796 1848//3796
f 2521//3797 1863//3797 1870//3797
f 2522//3798 1859//3798 1861//3798
f 1861//3799 1859//3799 1854//3799
f 1849//3800 1851//3800 2523//3800
f 2523//3801 1851//3801 1853//3801
f 2523//3802 1853//3802 2522//3802
f 2522//3803 1853//3803 1860//3803
f 2522//3804 1860//3804 1859//3804
f 2514//3805 2519//3805 2524//3805
f 2524//3806 2519//3806 2525//3806
f 2524//3807 2525//3807 2526//3807
f 2526//3808 2525//3808 2521//3808
f 2526//3809 2521//3809 2527//3809
f 2527//3810 2521//3810 1870//3810
f 1861//3811 1863//3811 2522//3811
f 2522//3812 1863//3812 2521//3812
f 2522//3813 2521//3813 2523//3813
f 2523//3814 2521//3814 2525//3814
f 2523//3815 2525//3815 1849//3815
f 1849//3816 2525//3816 2519//3816
f 2379//3817 2423//3817 2528//3817
f 2528//3818 2423//3818 2424//3818
f 2528//3818 2424//3818 2425//3818
f 1870//3818 1875//3818 2527//3818
f 2527//3819 1875//3819 2529//3819
f 2527//3820 2529//3820 2526//3820
f 2526//3821 2529//3821 2517//3821
f 2526//3822 2517//3822 2524//3822
f 2524//3818 2517//3818 2516//3818
f 2524//3818 2516//3818 2514//3818
f 2530//3823 2531//3823 1875//3823
f 1875//3824 2531//3824 2532//3824
f 1875//3825 2532//3825 2529//3825
f 2528//3822 2533//3822 2379//3822
f 2379//3826 2533//3826 2534//3826
f 2379//3822 2534//3822 1875//3822
f 1875//3827 2534//3827 2535//3827
f 1875//3828 2535//3828 2530//3828
f 2432//3829 2512//3829 2429//3829
f 2429//3830 2512//3830 2536//3830
f 2429//3831 2536//3831 2427//3831
f 2537//3832 2421//3832 2536//3832
f 2536//3833 2421//3833 2426//3833
f 2536//3834 2426//3834 2427//3834
f 2538//3835 2425//3835 2537//3835
f 2537//3836 2425//3836 2422//3836
f 2537//3837 2422//3837 2421//3837
f 2535//3838 2534//3838 2539//3838
f 2539//3839 2534//3839 2533//3839
f 2539//3840 2533//3840 2538//3840
f 2538//3841 2533//3841 2528//3841
f 2538//3842 2528//3842 2425//3842
f 2529//3843 2532//3843 2540//3843
f 2540//3844 2532//3844 2531//3844
f 2540//3845 2531//3845 2539//3845
f 2539//3846 2531//3846 2530//3846
f 2539//3847 2530//3847 2535//3847
f 2540//3848 2541//3848 2529//3848
f 2529//3849 2541//3849 2515//3849
f 2529//3850 2515//3850 2517//3850
f 2520//817 2518//817 2513//817
f 2511//817 2509//817 2510//817
f 2510//817 2520//817 2511//817
f 2511//817 2520//817 2513//817
f 2511//817 2513//817 2512//817
f 2512//817 2513//817 2515//817
f 2512//817 2515//817 2541//817
f 2539//817 2538//817 2540//817
f 2540//817 2538//817 2537//817
f 2540//817 2537//817 2541//817
f 2541//817 2537//817 2536//817
f 2541//817 2536//817 2512//817
f 540//3851 541//3851 2542//3851
f 2543//3852 2544//3852 2545//3852
f 2546//3853 2547//3853 2545//3853
f 2545//3854 2547//3854 2548//3854
f 2549//3855 2543//3855 2550//3855
f 2550//3856 2543//3856 2545//3856
f 2550//3857 2545//3857 2551//3857
f 2551//3858 2545//3858 2548//3858
f 2551//3859 2548//3859 2552//3859
f 2545//3860 2553//3860 2546//3860
f 2546//3861 2553//3861 2554//3861
f 2546//3862 2554//3862 2555//3862
f 2555//3863 2554//3863 2556//3863
f 2555//3864 2556//3864 2557//3864
f 2557//3865 2556//3865 2558//3865
f 2557//3866 2558//3866 2559//3866
f 2559//3867 2558//3867 2560//3867
f 2559//3868 2560//3868 2561//3868
f 2561//3869 2560//3869 2562//3869
f 2561//3870 2562//3870 2563//3870
f 2563//3871 2562//3871 2564//3871
f 2563//3872 2564//3872 2565//3872
f 2565//3873 2564//3873 2566//3873
f 2565//3874 2566//3874 2567//3874
f 2567//3875 2566//3875 2568//3875
f 2567//3876 2568//3876 2569//3876
f 2569//3877 2568//3877 2570//3877
f 2569//3878 2570//3878 2571//3878
f 2571//3879 2570//3879 2572//3879
f 2571//3880 2572//3880 2573//3880
f 2573//3881 2572//3881 2574//3881
f 2573//3882 2574//3882 2575//3882
f 2575//3883 2574//3883 2576//3883
f 2576//3884 2574//3884 2577//3884
f 2576//3885 2577//3885 2578//3885
f 2579//3886 523//3886 2580//3886
f 2580//3887 523//3887 525//3887
f 2580//3888 525//3888 2581//3888
f 2581//3889 525//3889 538//3889
f 2581//3890 538//3890 2582//3890
f 2582//3891 538//3891 2583//3891
f 503//3892 502//3892 2579//3892
f 2579//3893 502//3893 521//3893
f 2579//3894 521//3894 523//3894
f 2584//3895 507//3895 2585//3895
f 2585//3896 507//3896 505//3896
f 2585//3897 505//3897 2586//3897
f 2586//3898 505//3898 503//3898
f 2586//3899 503//3899 2587//3899
f 2587//3900 503//3900 2579//3900
f 512//3901 511//3901 2584//3901
f 2584//3902 511//3902 509//3902
f 2584//3903 509//3903 507//3903
f 472//3904 513//3904 2588//3904
f 2588//3905 513//3905 512//3905
f 2588//3906 512//3906 2589//3906
f 2589//3907 512//3907 2584//3907
f 488//3908 490//3908 2590//3908
f 2590//3909 490//3909 2591//3909
f 2590//3910 2591//3910 2592//3910
f 2592//3911 2591//3911 2593//3911
f 490//3912 492//3912 2591//3912
f 2591//3913 492//3913 494//3913
f 2591//3914 494//3914 496//3914
f 2542//3915 2594//3915 2595//3915
f 2595//3916 2594//3916 2596//3916
f 2595//3917 2596//3917 2597//3917
f 2597//3918 2596//3918 2598//3918
f 2597//3919 2598//3919 2599//3919
f 2599//3920 2598//3920 2600//3920
f 2599//3921 2600//3921 2601//3921
f 2601//3922 2600//3922 2602//3922
f 2601//3923 2602//3923 2603//3923
f 2603//3924 2602//3924 2604//3924
f 2603//3925 2604//3925 2605//3925
f 2605//3926 2604//3926 2606//3926
f 2605//3927 2606//3927 2607//3927
f 2607//3928 2606//3928 2608//3928
f 2607//3929 2608//3929 2609//3929
f 2609//3930 2608//3930 2610//3930
f 2609//3931 2610//3931 2611//3931
f 2611//3932 2610//3932 2612//3932
f 2611//3933 2612//3933 2613//3933
f 2613//3934 2612//3934 2614//3934
f 2613//3935 2614//3935 2615//3935
f 2615//3936 2614//3936 2616//3936
f 2615//3937 2616//3937 2617//3937
f 2617//3938 2616//3938 2618//3938
f 496//3939 498//3939 2591//3939
f 2591//3940 498//3940 499//3940
f 2591//3941 499//3941 2618//3941
f 2618//3942 499//3942 474//3942
f 2618//3943 474//3943 2617//3943
f 2617//3944 474//3944 472//3944
f 2617//3945 472//3945 2615//3945
f 2615//3946 472//3946 2588//3946
f 2615//3947 2588//3947 2613//3947
f 2613//3948 2588//3948 2589//3948
f 2613//3949 2589//3949 2611//3949
f 2611//3950 2589//3950 2584//3950
f 2611//3951 2584//3951 2609//3951
f 2609//3952 2584//3952 2585//3952
f 2609//3953 2585//3953 2607//3953
f 2607//3954 2585//3954 2586//3954
f 2607//3955 2586//3955 2605//3955
f 2605//3956 2586//3956 2587//3956
f 2605//3957 2587//3957 2603//3957
f 2603//3958 2587//3958 2579//3958
f 2603//3959 2579//3959 2601//3959
f 2601//3960 2579//3960 2580//3960
f 2601//3961 2580//3961 2599//3961
f 2599//3962 2580//3962 2581//3962
f 2599//3963 2581//3963 2597//3963
f 2597//3964 2581//3964 2582//3964
f 2597//3965 2582//3965 2595//3965
f 2595//3966 2582//3966 2583//3966
f 2595//3967 2583//3967 2542//3967
f 2542//3968 2583//3968 538//3968
f 2542//3969 538//3969 540//3969
f 2619//3970 2620//3970 2621//3970
f 2621//3971 2620//3971 2622//3971
f 2621//3972 2622//3972 2623//3972
f 2623//3973 2622//3973 2624//3973
f 2623//3974 2624//3974 2625//3974
f 2625//3975 2624//3975 2626//3975
f 2625//3976 2626//3976 2627//3976
f 2627//3977 2626//3977 2628//3977
f 2627//3978 2628//3978 2629//3978
f 2629//3979 2628//3979 2630//3979
f 2629//3980 2630//3980 2631//3980
f 2631//3981 2630//3981 2632//3981
f 2631//3982 2632//3982 2633//3982
f 2633//3983 2632//3983 2634//3983
f 2633//3984 2634//3984 2635//3984
f 2635//3985 2634//3985 2636//3985
f 2635//3986 2636//3986 2637//3986
f 2637//3987 2636//3987 2638//3987
f 2637//3988 2638//3988 2639//3988
f 2639//3989 2638//3989 2640//3989
f 2639//3990 2640//3990 2641//3990
f 2641//3991 2640//3991 2642//3991
f 2641//3992 2642//3992 2643//3992
f 2643//3993 2642//3993 2644//3993
f 2643//3994 2644//3994 2645//3994
f 2645//3995 2644//3995 2646//3995
f 2645//3996 2646//3996 2647//3996
f 2620//3997 2577//3997 2622//3997
f 2622//3998 2577//3998 2574//3998
f 2622//3999 2574//3999 2624//3999
f 2624//4000 2574//4000 2572//4000
f 2624//4001 2572//4001 2626//4001
f 2626//4002 2572//4002 2570//4002
f 2626//4003 2570//4003 2628//4003
f 2628//4004 2570//4004 2568//4004
f 2628//4005 2568//4005 2630//4005
f 2630//4006 2568//4006 2566//4006
f 2630//4007 2566//4007 2632//4007
f 2632//4008 2566//4008 2564//4008
f 2632//4009 2564//4009 2634//4009
f 2634//4010 2564//4010 2562//4010
f 2634//4011 2562//4011 2636//4011
f 2636//4012 2562//4012 2560//4012
f 2636//4013 2560//4013 2638//4013
f 2638//4014 2560//4014 2558//4014
f 2638//4015 2558//4015 2640//4015
f 2640//4016 2558//4016 2556//4016
f 2640//4017 2556//4017 2642//4017
f 2642//4018 2556//4018 2554//4018
f 2642//4019 2554//4019 2644//4019
f 2644//4020 2554//4020 2553//4020
f 2644//4021 2553//4021 2646//4021
f 2646//4022 2553//4022 2545//4022
f 2646//4023 2545//4023 2647//4023
f 2647//4024 2545//4024 2544//4024
f 2594//4025 2619//4025 2596//4025
f 2596//4026 2619//4026 2621//4026
f 2596//4027 2621//4027 2598//4027
f 2598//4028 2621//4028 2623//4028
f 2598//4029 2623//4029 2600//4029
f 2600//4030 2623//4030 2625//4030
f 2600//4031 2625//4031 2602//4031
f 2602//4032 2625//4032 2627//4032
f 2602//4033 2627//4033 2604//4033
f 2604//4034 2627//4034 2629//4034
f 2604//4035 2629//4035 2606//4035
f 2606//4036 2629//4036 2631//4036
f 2606//4037 2631//4037 2608//4037
f 2608//4038 2631//4038 2633//4038
f 2608//4039 2633//4039 2610//4039
f 2610//4040 2633//4040 2635//4040
f 2610//4041 2635//4041 2612//4041
f 2612//4042 2635//4042 2637//4042
f 2612//4043 2637//4043 2614//4043
f 2614//4044 2637//4044 2639//4044
f 2614//4045 2639//4045 2616//4045
f 2616//4046 2639//4046 2641//4046
f 2616//4047 2641//4047 2618//4047
f 2618//4048 2641//4048 2643//4048
f 2618//4049 2643//4049 2591//4049
f 2591//4050 2643//4050 2645//4050
f 2591//4051 2645//4051 2593//4051
f 2593//4052 2645//4052 2647//4052
f 2549//4053 2648//4053 2649//4053
f 2649//4054 2648//4054 1208//4054
f 2649//4055 1208//4055 1207//4055
f 2549//4056 2550//4056 2648//4056
f 2648//4057 2550//4057 2551//4057
f 2648//4058 2551//4058 2650//4058
f 2650//4059 2551//4059 2552//4059
f 2576//4060 2578//4060 2651//4060
f 2453//4061 2652//4061 2653//4061
f 2552//4062 2548//4062 2654//4062
f 2552//4063 2654//4063 2650//4063
f 2650//4064 2654//4064 2655//4064
f 2650//4065 2655//4065 2648//4065
f 1199//4066 1208//4066 1201//4066
f 1201//4067 1208//4067 2648//4067
f 1201//4068 2648//4068 2462//4068
f 2462//4069 2648//4069 2655//4069
f 2462//4070 2655//4070 2464//4070
f 2464//4071 2655//4071 2654//4071
f 2656//4072 2457//4072 2657//4072
f 2657//4073 2457//4073 2459//4073
f 2657//4074 2459//4074 2658//4074
f 2658//4075 2459//4075 2461//4075
f 2658//4076 2461//4076 2654//4076
f 2654//4077 2461//4077 2465//4077
f 2654//4078 2465//4078 2464//4078
f 2453//4079 2653//4079 2451//4079
f 2451//4080 2653//4080 2659//4080
f 2451//4081 2659//4081 2449//4081
f 2449//4082 2659//4082 2660//4082
f 2449//4083 2660//4083 2447//4083
f 2447//4084 2660//4084 2661//4084
f 2447//4085 2661//4085 2445//4085
f 2445//4086 2661//4086 2662//4086
f 2445//4087 2662//4087 2443//4087
f 2443//4088 2662//4088 2663//4088
f 2443//4089 2663//4089 2441//4089
f 2441//4090 2663//4090 2664//4090
f 2441//4091 2664//4091 2438//4091
f 2438//4092 2664//4092 2409//4092
f 2409//4093 2664//4093 2665//4093
f 2409//4094 2665//4094 2410//4094
f 2576//4095 2651//4095 2575//4095
f 2651//4096 2666//4096 2575//4096
f 2575//4097 2666//4097 2667//4097
f 2575//4098 2667//4098 2573//4098
f 2573//4099 2667//4099 2668//4099
f 2573//4100 2668//4100 2571//4100
f 2571//4101 2668//4101 2669//4101
f 2571//4102 2669//4102 2569//4102
f 2569//4103 2669//4103 2670//4103
f 2569//4104 2670//4104 2567//4104
f 2567//4105 2670//4105 2671//4105
f 2567//4106 2671//4106 2565//4106
f 2565//4107 2671//4107 2672//4107
f 2565//4108 2672//4108 2563//4108
f 2563//4109 2672//4109 2673//4109
f 2563//4110 2673//4110 2561//4110
f 2561//4111 2673//4111 2656//4111
f 2561//4112 2656//4112 2559//4112
f 2559//4113 2656//4113 2657//4113
f 2559//4114 2657//4114 2557//4114
f 2557//4115 2657//4115 2658//4115
f 2557//4116 2658//4116 2555//4116
f 2555//4117 2658//4117 2654//4117
f 2555//4118 2654//4118 2546//4118
f 2546//4119 2654//4119 2548//4119
f 2546//4120 2548//4120 2547//4120
f 2651//4121 2674//4121 2666//4121
f 2666//4122 2674//4122 2675//4122
f 2666//4123 2675//4123 2667//4123
f 2667//4124 2675//4124 2676//4124
f 2667//4125 2676//4125 2668//4125
f 2668//4126 2676//4126 2677//4126
f 2668//4127 2677//4127 2669//4127
f 2669//4128 2677//4128 2678//4128
f 2669//4129 2678//4129 2670//4129
f 2670//4130 2678//4130 2679//4130
f 2670//4131 2679//4131 2671//4131
f 2671//4132 2679//4132 2680//4132
f 2671//4133 2680//4133 2672//4133
f 2672//4134 2680//4134 2681//4134
f 2672//4135 2681//4135 2673//4135
f 2673//4136 2681//4136 2682//4136
f 2673//4137 2682//4137 2656//4137
f 2656//4138 2682//4138 2455//4138
f 2656//4139 2455//4139 2457//4139
f 2674//4140 2665//4140 2675//4140
f 2675//4141 2665//4141 2664//4141
f 2675//4142 2664//4142 2676//4142
f 2676//4143 2664//4143 2663//4143
f 2676//4144 2663//4144 2677//4144
f 2677//4145 2663//4145 2662//4145
f 2677//4146 2662//4146 2678//4146
f 2678//4147 2662//4147 2661//4147
f 2678//4148 2661//4148 2679//4148
f 2679//4149 2661//4149 2660//4149
f 2679//4150 2660//4150 2680//4150
f 2680//4151 2660//4151 2659//4151
f 2680//4152 2659//4152 2681//4152
f 2681//4153 2659//4153 2653//4153
f 2681//4154 2653//4154 2682//4154
f 2682//4155 2653//4155 2652//4155
f 2682//4156 2652//4156 2455//4156
f 2455//4157 2652//4157 2453//4157
f 2391//4158 2392//4158 2683//4158
f 2348//4159 2347//4159 2359//4159
f 2359//4160 2347//4160 2322//4160
f 2359//4161 2322//4161 2329//4161
f 2329//4162 2328//4162 2684//4162
f 2684//4163 2328//4163 2327//4163
f 2264//4164 2249//4164 2337//4164
f 2337//4165 2249//4165 2685//4165
f 2337//4166 2685//4166 2332//4166
f 2332//4167 2685//4167 2684//4167
f 2332//4168 2684//4168 2330//4168
f 2330//4169 2684//4169 2327//4169
f 2387//4170 2397//4170 2686//4170
f 2686//4171 2397//4171 2389//4171
f 2686//4172 2389//4172 2683//4172
f 2683//4173 2389//4173 2390//4173
f 2683//4174 2390//4174 2391//4174
f 2388//4175 2387//4175 2687//4175
f 2387//4176 1206//4176 2687//4176
f 2687//4177 1206//4177 1205//4177
f 2687//4177 1205//4177 2385//4177
f 2385//4178 2383//4178 2687//4178
f 2687//4179 2383//4179 2382//4179
f 2687//4180 2382//4180 2388//4180
f 2688//4181 2549//4181 2649//4181
f 2329//4182 2684//4182 2359//4182
f 2359//4183 2684//4183 2689//4183
f 2359//4184 2689//4184 2381//4184
f 2381//4185 2689//4185 2690//4185
f 2381//4186 2690//4186 2392//4186
f 2392//4187 2690//4187 2691//4187
f 2392//4188 2691//4188 2683//4188
f 2683//4189 2691//4189 2688//4189
f 2683//4190 2688//4190 2686//4190
f 2686//4191 2688//4191 2649//4191
f 2686//4192 2649//4192 2387//4192
f 2387//4193 2649//4193 1207//4193
f 2387//4194 1207//4194 1206//4194
f 2692//4195 2693//4195 2694//4195
f 480//4196 482//4196 2593//4196
f 500//4197 476//4197 2695//4197
f 2695//4198 476//4198 478//4198
f 2695//4199 478//4199 480//4199
f 486//4200 488//4200 2590//4200
f 482//4201 484//4201 2593//4201
f 2593//4202 484//4202 486//4202
f 2593//4203 486//4203 2592//4203
f 2592//4204 486//4204 2590//4204
f 460//4205 470//4205 2692//4205
f 2692//4206 2694//4206 460//4206
f 460//4207 2694//4207 2696//4207
f 460//4208 2696//4208 461//4208
f 461//4209 2696//4209 463//4209
f 463//4210 2696//4210 2697//4210
f 463//4211 2697//4211 467//4211
f 467//4212 2697//4212 459//4212
f 459//4213 2697//4213 2254//4213
f 459//4214 2254//4214 438//4214
f 2698//4215 2690//4215 2699//4215
f 2699//4216 2690//4216 2689//4216
f 2699//4217 2689//4217 2700//4217
f 2700//4218 2689//4218 2684//4218
f 2700//4219 2684//4219 2701//4219
f 2701//4220 2684//4220 2685//4220
f 2701//4221 2685//4221 2251//4221
f 2251//4222 2685//4222 2249//4222
f 2702//4223 2688//4223 2691//4223
f 2549//4224 2688//4224 2543//4224
f 2543//4225 2688//4225 2702//4225
f 2543//4226 2702//4226 2544//4226
f 480//4227 2593//4227 2695//4227
f 2695//4228 2593//4228 2647//4228
f 2695//4229 2647//4229 2703//4229
f 2647//4230 2544//4230 2703//4230
f 2703//4231 2544//4231 2702//4231
f 2703//4232 2702//4232 2698//4232
f 2698//4233 2702//4233 2691//4233
f 2698//4234 2691//4234 2690//4234
f 2251//4235 2254//4235 2701//4235
f 2701//4236 2254//4236 2697//4236
f 2701//4237 2697//4237 2700//4237
f 2700//4238 2697//4238 2696//4238
f 2700//4239 2696//4239 2699//4239
f 2699//4240 2696//4240 2694//4240
f 2699//4241 2694//4241 2698//4241
f 2698//4242 2694//4242 2693//4242
f 2698//4243 2693//4243 2703//4243
f 2703//4244 2693//4244 2692//4244
f 2703//4245 2692//4245 2695//4245
f 2695//4246 2692//4246 470//4246
f 2695//4247 470//4247 500//4247
f 1962//4248 1960//4248 2704//4248
f 2705//4249 2706//4249 2707//4249
f 2707//4250 2706//4250 2708//4250
f 2707//4251 2708//4251 2709//4251
f 2709//4252 2708//4252 2710//4252
f 2709//4253 2710//4253 2711//4253
f 2711//4254 2710//4254 2712//4254
f 2711//4255 2712//4255 2713//4255
f 1973//4256 1972//4256 2714//4256
f 2714//4257 1972//4257 1962//4257
f 2714//4258 1962//4258 2705//4258
f 2705//4259 1962//4259 2704//4259
f 2705//4260 2704//4260 2706//4260
f 287//4261 2006//4261 292//4261
f 292//4262 2006//4262 2715//4262
f 292//4263 2715//4263 2716//4263
f 1048//4264 1047//4264 1020//4264
f 1047//4265 2007//4265 1020//4265
f 1020//4266 2007//4266 2008//4266
f 1020//4267 2008//4267 291//4267
f 291//4268 2008//4268 2006//4268
f 291//4269 2006//4269 289//4269
f 289//4270 2006//4270 287//4270
f 1020//4271 1037//4271 1048//4271
f 1048//4272 1037//4272 1036//4272
f 1048//4273 1036//4273 1045//4273
f 1045//4274 1036//4274 1035//4274
f 1045//4275 1035//4275 1034//4275
f 320//4276 324//4276 2716//4276
f 2716//4277 324//4277 323//4277
f 2716//4278 323//4278 292//4278
f 318//4279 321//4279 2717//4279
f 2717//4280 321//4280 320//4280
f 2717//4281 320//4281 2718//4281
f 2718//4282 320//4282 2716//4282
f 2719//4283 270//4283 301//4283
f 2719//4284 301//4284 2720//4284
f 2720//4285 301//4285 2721//4285
f 2720//4286 2721//4286 2722//4286
f 301//4287 300//4287 2721//4287
f 2721//4288 300//4288 314//4288
f 2721//4289 314//4289 2717//4289
f 2717//4290 314//4290 316//4290
f 2717//4291 316//4291 318//4291
f 2713//4292 2722//4292 2711//4292
f 2711//2008 2722//2008 2721//2008
f 2711//4293 2721//4293 2709//4293
f 2709//4294 2721//4294 2717//4294
f 2709//4295 2717//4295 2707//4295
f 2707//4296 2717//4296 2718//4296
f 2707//4297 2718//4297 2705//4297
f 2705//4298 2718//4298 2716//4298
f 2705//4299 2716//4299 2714//4299
f 2714//4300 2716//4300 2715//4300
f 2714//4301 2715//4301 1973//4301
f 1973//4302 2715//4302 2006//4302
f 1212//4303 2723//4303 2724//4303
f 1474//4304 1473//4304 2725//4304
f 2725//4305 1473//4305 1470//4305
f 2725//4306 1470//4306 1468//4306
f 1468//4307 1467//4307 2725//4307
f 2725//4308 1467//4308 1209//4308
f 2725//4309 1209//4309 1211//4309
f 1474//4310 2725//4310 1475//4310
f 1475//4311 2725//4311 2726//4311
f 1475//4312 2726//4312 1476//4312
f 2704//4313 1478//4313 2706//4313
f 2706//4314 1478//4314 1477//4314
f 1967//4315 2704//4315 1968//4315
f 1968//4316 2704//4316 1960//4316
f 1970//4317 1478//4317 1971//4317
f 1971//4318 1478//4318 2704//4318
f 1971//4319 2704//4319 1965//4319
f 1965//4320 2704//4320 1967//4320
f 1954//4321 1465//4321 1441//4321
f 1970//4322 1955//4322 1478//4322
f 1478//4323 1955//4323 1954//4323
f 1478//4324 1954//4324 1479//4324
f 1479//4325 1954//4325 1441//4325
f 2710//4326 2708//4326 2725//4326
f 2725//4327 2708//4327 2706//4327
f 2725//4328 2706//4328 2726//4328
f 2726//4329 2706//4329 1477//4329
f 2726//4330 1477//4330 1476//4330
f 1211//4331 1212//4331 2725//4331
f 2725//4332 1212//4332 2724//4332
f 2725//4333 2724//4333 2710//4333
f 2710//4334 2724//4334 2727//4334
f 2710//4335 2727//4335 2712//4335
f 1494//4336 1492//4336 2728//4336
f 2729//4337 2730//4337 2731//4337
f 2732//4338 2733//4338 2734//4338
f 2734//4339 2733//4339 2735//4339
f 2734//4340 2735//4340 2736//4340
f 2736//4341 2735//4341 2737//4341
f 2736//4342 2737//4342 2738//4342
f 2738//4343 2737//4343 2739//4343
f 2738//4344 2739//4344 2740//4344
f 2740//4345 2739//4345 2741//4345
f 2729//4346 2731//4346 2742//4346
f 2742//4347 2731//4347 2743//4347
f 2742//4348 2743//4348 2744//4348
f 2744//4349 2743//4349 2745//4349
f 2744//4350 2745//4350 2746//4350
f 2746//4351 2745//4351 2747//4351
f 2746//4352 2747//4352 2748//4352
f 2748//4353 2747//4353 2749//4353
f 2748//4354 2749//4354 2750//4354
f 2749//4355 2751//4355 2750//4355
f 2750//4356 2751//4356 2752//4356
f 2750//4357 2752//4357 2753//4357
f 2754//4358 2755//4358 2756//4358
f 2754//4359 2756//4359 2752//4359
f 2752//4360 2756//4360 2757//4360
f 2752//4361 2757//4361 2753//4361
f 2758//4362 1514//4362 2759//4362
f 2759//4363 1514//4363 1524//4363
f 2759//4364 1524//4364 2760//4364
f 2760//4365 1524//4365 1526//4365
f 2760//4366 1526//4366 2761//4366
f 2761//4367 1526//4367 1528//4367
f 2761//4368 1528//4368 2762//4368
f 2762//4369 1528//4369 1529//4369
f 2762//4370 1529//4370 2763//4370
f 2763//4371 1529//4371 1530//4371
f 2763//4372 1530//4372 2728//4372
f 2728//4373 1530//4373 1495//4373
f 2728//4374 1495//4374 1494//4374
f 1513//4375 1512//4375 2764//4375
f 2764//4376 1512//4376 1518//4376
f 2764//4377 1518//4377 2765//4377
f 2765//4378 1518//4378 1517//4378
f 2765//4379 1517//4379 2758//4379
f 2758//4380 1517//4380 1515//4380
f 2758//4381 1515//4381 1514//4381
f 2764//4382 2732//4382 1513//4382
f 1513//4383 2732//4383 2734//4383
f 1513//4384 2734//4384 1510//4384
f 1510//4385 2734//4385 2736//4385
f 1510//4386 2736//4386 1508//4386
f 1508//4387 2736//4387 2738//4387
f 1508//4388 2738//4388 1506//4388
f 1506//4389 2738//4389 2740//4389
f 1506//4390 2740//4390 1504//4390
f 2723//4391 1212//4391 1210//4391
f 1210//4392 17//4392 2723//4392
f 2723//4393 17//4393 1504//4393
f 2723//4394 1504//4394 2724//4394
f 2724//4395 1504//4395 2740//4395
f 2724//4396 2740//4396 2727//4396
f 2727//4397 2740//4397 2741//4397
f 2727//4398 2741//4398 2712//4398
f 2766//4399 2754//4399 2767//4399
f 2767//4400 2754//4400 2752//4400
f 2767//4401 2752//4401 2768//4401
f 2768//4402 2752//4402 2751//4402
f 2768//4403 2751//4403 2769//4403
f 2769//4404 2751//4404 2749//4404
f 2769//4405 2749//4405 2770//4405
f 2770//4406 2749//4406 2747//4406
f 2770//4407 2747//4407 2771//4407
f 2771//4408 2747//4408 2745//4408
f 2771//4409 2745//4409 2772//4409
f 2772//4410 2745//4410 2743//4410
f 2772//4411 2743//4411 2773//4411
f 2773//4412 2743//4412 2731//4412
f 2773//4413 2731//4413 2774//4413
f 2774//4414 2731//4414 2730//4414
f 2774//4415 2730//4415 2775//4415
f 2775//4416 2730//4416 2729//4416
f 2728//4417 2766//4417 2763//4417
f 2763//4418 2766//4418 2767//4418
f 2763//4419 2767//4419 2762//4419
f 2762//4420 2767//4420 2768//4420
f 2762//4421 2768//4421 2761//4421
f 2761//4422 2768//4422 2769//4422
f 2761//4423 2769//4423 2760//4423
f 2760//4424 2769//4424 2770//4424
f 2760//4425 2770//4425 2759//4425
f 2759//4426 2770//4426 2771//4426
f 2759//4427 2771//4427 2758//4427
f 2758//4428 2771//4428 2772//4428
f 2758//4429 2772//4429 2765//4429
f 2765//4430 2772//4430 2773//4430
f 2765//4431 2773//4431 2764//4431
f 2764//4432 2773//4432 2774//4432
f 2764//4433 2774//4433 2732//4433
f 2732//4434 2774//4434 2775//4434
f 2732//4435 2775//4435 2733//4435
f 2722//4436 2713//4436 2776//4436
f 83//4437 2777//4437 84//4437
f 72//4438 70//4438 2778//4438
f 2779//4439 261//4439 2780//4439
f 2780//4440 261//4440 266//4440
f 2780//4441 266//4441 2781//4441
f 2781//4442 266//4442 265//4442
f 258//4443 264//4443 2779//4443
f 2779//4444 264//4444 263//4444
f 2779//4445 263//4445 261//4445
f 2779//4446 2782//4446 258//4446
f 258//4447 2782//4447 2783//4447
f 258//4448 2783//4448 243//4448
f 2778//4449 246//4449 2784//4449
f 2784//4450 246//4450 245//4450
f 2784//4451 245//4451 2785//4451
f 2785//4452 245//4452 244//4452
f 2785//4453 244//4453 2786//4453
f 2786//4454 244//4454 241//4454
f 2786//4455 241//4455 2783//4455
f 2783//4456 241//4456 242//4456
f 2783//4457 242//4457 243//4457
f 247//4458 30//4458 31//4458
f 247//4459 31//4459 215//4459
f 31//4460 33//4460 215//4460
f 215//4461 33//4461 34//4461
f 215//4462 34//4462 204//4462
f 204//4463 34//4463 38//4463
f 204//4464 38//4464 184//4464
f 184//4465 38//4465 39//4465
f 39//4466 102//4466 184//4466
f 184//4467 102//4467 101//4467
f 184//4468 101//4468 182//4468
f 182//4469 101//4469 111//4469
f 182//4470 111//4470 181//4470
f 181//4471 111//4471 110//4471
f 181//4472 110//4472 180//4472
f 109//4473 178//4473 110//4473
f 110//4474 178//4474 179//4474
f 110//4475 179//4475 180//4475
f 70//4476 71//4476 2778//4476
f 2778//4477 71//4477 26//4477
f 2778//4478 26//4478 246//4478
f 246//4479 26//4479 27//4479
f 246//4480 27//4480 247//4480
f 247//4481 27//4481 28//4481
f 247//4482 28//4482 30//4482
f 82//4483 75//4483 2787//4483
f 2787//4484 75//4484 76//4484
f 2787//4485 76//4485 2788//4485
f 2788//4486 76//4486 77//4486
f 2788//4487 77//4487 2789//4487
f 2789//4488 77//4488 74//4488
f 2789//4489 74//4489 73//4489
f 84//4490 2777//4490 86//4490
f 86//4491 2777//4491 2790//4491
f 86//4492 2790//4492 87//4492
f 2755//4493 2791//4493 2756//4493
f 2756//4494 2791//4494 2792//4494
f 2756//4495 2792//4495 2757//4495
f 2757//4496 2792//4496 2753//4496
f 2753//4497 2792//4497 2793//4497
f 2753//4498 2793//4498 2750//4498
f 2741//4499 2739//4499 2737//4499
f 2793//4500 2794//4500 2750//4500
f 2750//4501 2794//4501 2795//4501
f 2750//4502 2795//4502 2748//4502
f 2748//4503 2795//4503 2796//4503
f 2748//4504 2796//4504 2746//4504
f 2746//4505 2796//4505 2797//4505
f 2746//4506 2797//4506 2744//4506
f 2744//4507 2797//4507 2798//4507
f 2744//4508 2798//4508 2742//4508
f 2742//4509 2798//4509 2799//4509
f 2742//4510 2799//4510 2729//4510
f 2729//4511 2799//4511 2800//4511
f 2729//4512 2800//4512 2775//4512
f 2775//4513 2800//4513 2801//4513
f 2775//4514 2801//4514 2733//4514
f 2733//4515 2801//4515 2802//4515
f 2733//4516 2802//4516 2735//4516
f 2735//4517 2802//4517 2803//4517
f 2735//4518 2803//4518 2737//4518
f 2737//4519 2803//4519 2776//4519
f 2737//4520 2776//4520 2741//4520
f 2741//4521 2776//4521 2713//4521
f 2741//4522 2713//4522 2712//4522
f 2719//4523 2720//4523 2804//4523
f 2804//4524 2720//4524 2722//4524
f 82//4525 2787//4525 83//4525
f 83//4526 2787//4526 2805//4526
f 83//4527 2805//4527 2777//4527
f 2777//4528 2805//4528 2806//4528
f 2777//4529 2806//4529 2790//4529
f 270//4530 2719//4530 265//4530
f 265//4531 2719//4531 2804//4531
f 265//4532 2804//4532 2781//4532
f 2781//4533 2804//4533 2807//4533
f 2781//4534 2807//4534 2780//4534
f 2780//4535 2807//4535 2808//4535
f 2780//4536 2808//4536 2779//4536
f 2779//4537 2808//4537 2809//4537
f 2779//4538 2809//4538 2782//4538
f 2782//4539 2809//4539 2810//4539
f 2782//4540 2810//4540 2783//4540
f 2783//4541 2810//4541 2811//4541
f 2783//4542 2811//4542 2786//4542
f 2786//4543 2811//4543 2812//4543
f 2786//4544 2812//4544 2785//4544
f 2785//4545 2812//4545 2813//4545
f 2785//4546 2813//4546 2784//4546
f 2784//4547 2813//4547 2814//4547
f 2784//4548 2814//4548 2778//4548
f 2778//4549 2814//4549 2789//4549
f 2778//4550 2789//4550 72//4550
f 72//4551 2789//4551 73//4551
f 2722//4552 2776//4552 2804//4552
f 2804//4553 2776//4553 2803//4553
f 2804//4554 2803//4554 2807//4554
f 2807//4555 2803//4555 2802//4555
f 2807//4556 2802//4556 2808//4556
f 2808//4557 2802//4557 2801//4557
f 2808//4558 2801//4558 2809//4558
f 2809//4559 2801//4559 2800//4559
f 2809//4560 2800//4560 2810//4560
f 2810//4561 2800//4561 2799//4561
f 2810//4562 2799//4562 2811//4562
f 2811//4563 2799//4563 2798//4563
f 2811//4564 2798//4564 2812//4564
f 2812//4565 2798//4565 2797//4565
f 2812//4566 2797//4566 2813//4566
f 2813//4567 2797//4567 2796//4567
f 2813//4568 2796//4568 2814//4568
f 2814//4569 2796//4569 2795//4569
f 2814//4570 2795//4570 2789//4570
f 2789//4571 2795//4571 2794//4571
f 2789//4572 2794//4572 2788//4572
f 2788//4573 2794//4573 2793//4573
f 2788//4574 2793//4574 2787//4574
f 2787//4575 2793//4575 2792//4575
f 2787//4576 2792//4576 2805//4576
f 2805//4577 2792//4577 2791//4577
f 2805//4578 2791//4578 2806//4578
f 1764//4579 1740//4579 1767//4579
f 1767//4579 1740//4579 1751//4579
f 1767//1929 1751//1929 1768//1929
f 1768//1929 1751//1929 1750//1929
f 1768//4580 1750//4580 1769//4580
f 1769//4580 1750//4580 1749//4580
f 1769//4581 1749//4581 1765//4581
f 1765//4581 1749//4581 1748//4581
f 1765//4582 1748//4582 1770//4582
f 1770//4582 1748//4582 1747//4582
f 1770//1920 1747//1920 1771//1920
f 1771//1920 1747//1920 1746//1920
f 1771//4583 1746//4583 1772//4583
f 1772//4583 1746//4583 1745//4583
f 1772//3154 1745//3154 1766//3154
f 1766//3154 1745//3154 1744//3154
f 1766//4584 1744//4584 1773//4584
f 1773//4584 1744//4584 1743//4584
f 1773//4585 1743//4585 1774//4585
f 1774//4585 1743//4585 1742//4585
f 1774//4586 1742//4586 1775//4586
f 1775//4586 1742//4586 1741//4586
f 1775//4587 1741//4587 1764//4587
f 1764//4587 1741//4587 1740//4587
f 663//4579 753//4579 664//4579
f 664//4579 753//4579 737//4579
f 664//1929 737//1929 660//1929
f 660//4588 737//4588 756//4588
f 660//4580 756//4580 661//4580
f 661//4580 756//4580 727//4580
f 661//4581 727//4581 682//4581
f 682//4581 727//4581 734//4581
f 682//4582 734//4582 681//4582
f 681//4582 734//4582 733//4582
f 681//1920 733//1920 680//1920
f 680//1920 733//1920 728//1920
f 680//4583 728//4583 676//4583
f 676//4583 728//4583 729//4583
f 676//3154 729//3154 677//3154
f 677//3154 729//3154 730//3154
f 677//4584 730//4584 684//4584
f 684//4584 730//4584 731//4584
f 684//4585 731//4585 685//4585
f 685//4585 731//4585 732//4585
f 685//4586 732//4586 686//4586
f 686//4586 732//4586 751//4586
f 686//4587 751//4587 663//4587
f 663//4587 751//4587 753//4587
f 718//4579 745//4579 713//4579
f 713//4579 745//4579 744//4579
f 713//1929 744//1929 719//1929
f 719//4588 744//4588 743//4588
f 719//4580 743//4580 720//4580
f 720//4580 743//4580 741//4580
f 720//4581 741//4581 721//4581
f 721//4581 741//4581 740//4581
f 721//4582 740//4582 714//4582
f 714//4582 740//4582 754//4582
f 714//1920 754//1920 715//1920
f 715//1920 754//1920 752//1920
f 715//4583 752//4583 716//4583
f 716//4583 752//4583 750//4583
f 716//3154 750//3154 722//3154
f 722//3154 750//3154 749//3154
f 722//4584 749//4584 723//4584
f 723//4584 749//4584 748//4584
f 723//4585 748//4585 724//4585
f 724//4585 748//4585 747//4585
f 724//4586 747//4586 717//4586
f 717//4586 747//4586 746//4586
f 717//4587 746//4587 718//4587
f 718//4587 746//4587 745//4587
f 1179//4587 2815//4587 1187//4587
f 1187//4586 2815//4586 2816//4586
f 1187//4586 2816//4586 1177//4586
f 1177//4585 2816//4585 2817//4585
f 1177//4585 2817//4585 1178//4585
f 1178//4584 2817//4584 2818//4584
f 1178//4584 2818//4584 1188//4584
f 1188//3154 2818//3154 2819//3154
f 1188//3154 2819//3154 1189//3154
f 1189//4583 2819//4583 2820//4583
f 1189//4583 2820//4583 1183//4583
f 1183//1920 2820//1920 2821//1920
f 1183//1920 2821//1920 1184//1920
f 1184//4582 2821//4582 2822//4582
f 1184//4582 2822//4582 1176//4582
f 1176//4581 2822//4581 2823//4581
f 1176//4581 2823//4581 1175//4581
f 1175//4580 2823//4580 2824//4580
f 1175//4580 2824//4580 1185//4580
f 1185//1929 2824//1929 2825//1929
f 1185//1929 2825//1929 1186//1929
f 1186//4579 2825//4579 2826//4579
f 1186//4579 2826//4579 1179//4579
f 1179//4587 2826//4587 2815//4587
f 2827//1 2828//1 2829//1
f 2829//1 2828//1 2830//1
f 2829//1 2830//1 2831//1
f 2831//4589 2830//4589 2832//4589
f 2833//4590 2834//4590 2835//4590
f 2833//4591 2835//4591 2836//4591
f 2837//4592 2838//4592 2839//4592
f 2839//4593 2838//4593 2840//4593
f 2839//4594 2840//4594 2841//4594
f 2841//4595 2840//4595 2836//4595
f 2841//4596 2836//4596 2842//4596
f 2842//4597 2836//4597 2835//4597
f 2843//4598 2844//4598 2845//4598
f 2845//4599 2844//4599 2846//4599
f 2847//4600 2848//4600 2849//4600
f 2849//4601 2848//4601 2834//4601
f 2850//4602 2851//4602 2852//4602
f 2852//4603 2851//4603 2853//4603
f 2852//4604 2853//4604 2854//4604
f 2854//4605 2853//4605 2855//4605
f 2854//4606 2855//4606 2856//4606
f 2857//4607 2858//4607 2859//4607
f 2859//4608 2858//4608 2851//4608
f 2859//4609 2851//4609 2850//4609
f 2858//4610 2857//4610 2860//4610
f 92//4611 103//4611 2861//4611
f 2851//4612 2858//4612 2861//4612
f 2861//4613 2858//4613 2860//4613
f 2861//4614 2860//4614 92//4614
f 92//4615 2860//4615 2862//4615
f 92//4616 2862//4616 93//4616
f 2863//4617 2864//4617 2851//4617
f 2865//4618 2855//4618 2853//4618
f 2865//4619 2853//4619 2866//4619
f 2851//4620 2867//4620 2863//4620
f 2863//4621 2867//4621 2868//4621
f 2863//4622 2868//4622 2864//4622
f 2864//4623 2868//4623 2869//4623
f 2864//4624 2869//4624 2866//4624
f 2870//4625 2868//4625 2871//4625
f 2871//4626 2868//4626 2867//4626
f 2871//4627 2867//4627 2851//4627
f 103//4628 2870//4628 2861//4628
f 2861//4629 2870//4629 2871//4629
f 2861//4630 2871//4630 2851//4630
f 2866//4631 2853//4631 2864//4631
f 2864//4632 2853//4632 2851//4632
f 95//4633 107//4633 2872//4633
f 95//4634 2872//4634 96//4634
f 2873//4635 2874//4635 100//4635
f 103//4636 104//4636 2870//4636
f 2870//4637 104//4637 105//4637
f 2870//4638 105//4638 98//4638
f 2875//4639 2855//4639 2865//4639
f 2876//4640 2877//4640 2875//4640
f 2878//4641 2879//4641 2880//4641
f 2869//4642 2868//4642 2881//4642
f 2881//4643 2868//4643 2870//4643
f 2881//4644 2870//4644 2882//4644
f 2882//4645 2870//4645 98//4645
f 2882//4646 98//4646 99//4646
f 100//4647 96//4647 2878//4647
f 2878//4648 96//4648 2872//4648
f 2878//4649 2872//4649 2879//4649
f 2879//4650 2872//4650 79//4650
f 79//4651 2883//4651 2879//4651
f 2879//4652 2883//4652 2884//4652
f 2879//4653 2884//4653 2880//4653
f 2880//4654 2884//4654 2885//4654
f 2880//4655 2885//4655 2886//4655
f 100//4656 2878//4656 2873//4656
f 2873//4657 2878//4657 2880//4657
f 2873//4658 2880//4658 2876//4658
f 2876//4659 2880//4659 2886//4659
f 2876//4660 2886//4660 2877//4660
f 2865//4661 2866//4661 2875//4661
f 2875//4662 2866//4662 2869//4662
f 2875//4663 2869//4663 2876//4663
f 2876//4664 2869//4664 2881//4664
f 2876//4665 2881//4665 2873//4665
f 2873//4666 2881//4666 2882//4666
f 2873//4667 2882//4667 2874//4667
f 2874//4668 2882//4668 99//4668
f 2874//4669 99//4669 100//4669
f 2887//4670 2888//4670 2889//4670
f 79//4671 78//4671 2883//4671
f 2883//4672 78//4672 2890//4672
f 2890//4673 2887//4673 2883//4673
f 2883//4674 2887//4674 2889//4674
f 2883//4675 2889//4675 2884//4675
f 2884//4676 2889//4676 2891//4676
f 2884//4677 2891//4677 2885//4677
f 2885//4678 2891//4678 2892//4678
f 2885//4679 2892//4679 2886//4679
f 2856//4680 2855//4680 2893//4680
f 2893//4681 2855//4681 2875//4681
f 2893//4682 2875//4682 2892//4682
f 2892//4683 2875//4683 2877//4683
f 2892//4684 2877//4684 2886//4684
f 85//101 79//101 91//101
f 91//101 79//101 2872//101
f 91//100 2872//100 90//100
f 90//99 2872//99 107//99
f 2894//4685 2895//4685 115//4685
f 115//4685 2895//4685 2896//4685
f 115//4686 2896//4686 116//4686
f 2897//4687 2898//4687 2899//4687
f 2897//4688 2899//4688 2900//4688
f 2900//4689 2899//4689 2901//4689
f 2900//4690 2901//4690 2902//4690
f 2903//4691 2904//4691 2905//4691
f 2901//4692 2906//4692 2902//4692
f 2902//4693 2906//4693 2907//4693
f 2902//4694 2907//4694 2908//4694
f 2908//4695 2907//4695 2909//4695
f 2908//4696 2909//4696 2905//4696
f 2905//4697 2909//4697 2910//4697
f 2905//4698 2910//4698 2903//4698
f 2911//4699 2912//4699 2913//4699
f 2911//4700 2913//4700 2914//4700
f 2914//4701 2913//4701 2915//4701
f 2914//4702 2915//4702 2916//4702
f 2916//4703 2915//4703 2917//4703
f 2917//4704 2915//4704 2918//4704
f 2917//4705 2918//4705 2919//4705
f 2919//4706 2918//4706 2920//4706
f 2920//4707 2918//4707 2921//4707
f 2920//4708 2921//4708 2922//4708
f 2922//4709 2921//4709 2923//4709
f 2922//4710 2923//4710 2924//4710
f 2924//4711 2923//4711 2925//4711
f 2924//4712 2925//4712 2926//4712
f 2927//4713 2928//4713 2929//4713
f 2927//4714 2929//4714 2925//4714
f 2925//4715 2929//4715 2930//4715
f 2925//4716 2930//4716 2926//4716
f 155//4717 154//4717 2931//4717
f 2931//4717 154//4717 2932//4717
f 2933//4718 169//4718 2934//4718
f 2934//4719 169//4719 174//4719
f 2934//4720 174//4720 2935//4720
f 2935//4721 174//4721 177//4721
f 2935//4721 177//4721 2936//4721
f 2933//4722 2937//4722 169//4722
f 169//4723 2937//4723 2938//4723
f 169//4724 2938//4724 167//4724
f 2938//4725 2939//4725 167//4725
f 167//4726 2939//4726 2940//4726
f 167//4727 2940//4727 164//4727
f 2940//4728 2941//4728 164//4728
f 164//4729 2941//4729 2942//4729
f 164//4730 2942//4730 161//4730
f 2942//4731 2943//4731 161//4731
f 161//4732 2943//4732 2944//4732
f 161//4733 2944//4733 159//4733
f 2944//4734 2945//4734 159//4734
f 159//4735 2945//4735 2932//4735
f 159//4735 2932//4735 154//4735
f 177//4736 178//4736 2936//4736
f 2936//4736 178//4736 2946//4736
f 2946//160 2947//160 2936//160
f 2936//160 2947//160 2948//160
f 2936//160 2948//160 2949//160
f 2949//160 2948//160 2950//160
f 2949//160 2950//160 2951//160
f 2936//4737 2949//4737 2935//4737
f 2935//4738 2949//4738 2952//4738
f 2935//4739 2952//4739 2934//4739
f 2952//4740 2953//4740 2934//4740
f 2934//186 2953//186 2954//186
f 2934//4741 2954//4741 2933//4741
f 2933//4742 2954//4742 2955//4742
f 2933//4743 2955//4743 2937//4743
f 2937//4744 2955//4744 2956//4744
f 2937//4745 2956//4745 2938//4745
f 2938//4746 2956//4746 2939//4746
f 2939//4747 2956//4747 2957//4747
f 2939//4748 2957//4748 2940//4748
f 2940//4749 2957//4749 2941//4749
f 2941//4750 2957//4750 2958//4750
f 2941//4751 2958//4751 2942//4751
f 2958//4752 2959//4752 2942//4752
f 2942//172 2959//172 2960//172
f 2942//4753 2960//4753 2943//4753
f 2943//4754 2960//4754 2961//4754
f 2943//4755 2961//4755 2944//4755
f 2944//4756 2961//4756 2962//4756
f 2944//4757 2962//4757 2945//4757
f 2945//4758 2962//4758 2963//4758
f 2945//4759 2963//4759 2932//4759
f 2932//162 2963//162 2964//162
f 2932//188 2964//188 2931//188
f 2931//4760 2964//4760 2965//4760
f 2966//4761 2967//4761 2965//4761
f 2965//188 2967//188 2968//188
f 2965//4761 2968//4761 2931//4761
f 2965//4762 2964//4762 2969//4762
f 2969//4763 2970//4763 2965//4763
f 2965//4764 2970//4764 2971//4764
f 2965//4765 2971//4765 2966//4765
f 2972//4766 2973//4766 2974//4766
f 2974//4767 2973//4767 2975//4767
f 2949//4768 2976//4768 2952//4768
f 2952//4769 2976//4769 2977//4769
f 2952//4769 2977//4769 2953//4769
f 2955//4770 2978//4770 2956//4770
f 2956//4771 2978//4771 2979//4771
f 2956//4772 2979//4772 2957//4772
f 2964//4773 2963//4773 2969//4773
f 2969//4774 2963//4774 2962//4774
f 2969//4774 2962//4774 2980//4774
f 2980//4775 2962//4775 2961//4775
f 2980//4775 2961//4775 2981//4775
f 2981//4776 2961//4776 2960//4776
f 2981//4776 2960//4776 2982//4776
f 2982//4777 2960//4777 2959//4777
f 2982//4778 2959//4778 2983//4778
f 2983//4779 2959//4779 2958//4779
f 2951//4780 2975//4780 2949//4780
f 2949//4781 2975//4781 2973//4781
f 2949//4782 2973//4782 2976//4782
f 2976//4783 2973//4783 2972//4783
f 2972//4783 2984//4783 2976//4783
f 2976//4784 2984//4784 2985//4784
f 2976//4785 2985//4785 2977//4785
f 2977//4786 2985//4786 2986//4786
f 2977//4787 2986//4787 2987//4787
f 2987//4787 2986//4787 2988//4787
f 2987//4788 2988//4788 2989//4788
f 2989//4789 2978//4789 2987//4789
f 2987//4790 2978//4790 2955//4790
f 2987//4791 2955//4791 2977//4791
f 2977//4792 2955//4792 2954//4792
f 2977//4793 2954//4793 2953//4793
f 2990//4794 2979//4794 2991//4794
f 2991//4795 2979//4795 2978//4795
f 2991//4796 2978//4796 2992//4796
f 2992//4797 2978//4797 2989//4797
f 2990//4798 2993//4798 2979//4798
f 2979//4799 2993//4799 2983//4799
f 2979//4800 2983//4800 2957//4800
f 2957//4801 2983//4801 2958//4801
f 2993//4802 2994//4802 2983//4802
f 2983//4803 2994//4803 2995//4803
f 2983//4804 2995//4804 2982//4804
f 2982//4805 2995//4805 2996//4805
f 2982//4806 2996//4806 2981//4806
f 2981//4806 2996//4806 2997//4806
f 2981//4807 2997//4807 2980//4807
f 2998//4808 2971//4808 2999//4808
f 2999//4809 2971//4809 2970//4809
f 2999//4810 2970//4810 3000//4810
f 3000//4810 2970//4810 2969//4810
f 3000//4811 2969//4811 3001//4811
f 3001//4812 2969//4812 2980//4812
f 3001//4813 2980//4813 3002//4813
f 3002//4807 2980//4807 2997//4807
f 3003//4814 3004//4814 2985//4814
f 2985//4815 3004//4815 2986//4815
f 3003//4816 2985//4816 3005//4816
f 3005//4817 2985//4817 2984//4817
f 3005//4818 2984//4818 3006//4818
f 3006//4819 2984//4819 3007//4819
f 3007//4820 2984//4820 2972//4820
f 3007//4821 2972//4821 2974//4821
f 3004//4822 3008//4822 2986//4822
f 2986//4823 3008//4823 2928//4823
f 2986//4824 2928//4824 2988//4824
f 2988//4825 2928//4825 2927//4825
f 2988//4826 2927//4826 2989//4826
f 2989//4827 2927//4827 2925//4827
f 2989//4828 2925//4828 2992//4828
f 2992//4829 2925//4829 2923//4829
f 2992//4830 2923//4830 2991//4830
f 2991//4831 2923//4831 2921//4831
f 2991//4832 2921//4832 2990//4832
f 2990//4833 2921//4833 2918//4833
f 2990//4834 2918//4834 2993//4834
f 2997//4835 2996//4835 2915//4835
f 2915//4836 2996//4836 2995//4836
f 2915//4837 2995//4837 2918//4837
f 2918//4838 2995//4838 2994//4838
f 2918//4839 2994//4839 2993//4839
f 3009//4840 3001//4840 3010//4840
f 3010//4841 3001//4841 3002//4841
f 3010//4842 3002//4842 2912//4842
f 2912//4843 3002//4843 2997//4843
f 2912//4844 2997//4844 2913//4844
f 2913//4845 2997//4845 2915//4845
f 3009//4846 3011//4846 3001//4846
f 3001//4847 3011//4847 3012//4847
f 3001//4848 3012//4848 3000//4848
f 3000//4849 3012//4849 3013//4849
f 3000//4850 3013//4850 2999//4850
f 2999//4851 3013//4851 3014//4851
f 2999//4852 3014//4852 2998//4852
f 3015//4853 3016//4853 3017//4853
f 3017//4854 3016//4854 3018//4854
f 3017//4855 3018//4855 3019//4855
f 3019//4856 3018//4856 3020//4856
f 3019//4857 3020//4857 3021//4857
f 3021//4858 3020//4858 3022//4858
f 3021//4859 3022//4859 3023//4859
f 3023//4860 3022//4860 3024//4860
f 3025//4861 3026//4861 3015//4861
f 3015//4862 3026//4862 3027//4862
f 3015//4863 3027//4863 3016//4863
f 3016//4864 3027//4864 3018//4864
f 3028//4865 3029//4865 3022//4865
f 3030//4866 3031//4866 3032//4866
f 3032//4867 3031//4867 3033//4867
f 3032//4868 3033//4868 3034//4868
f 3035//4869 3036//4869 3037//4869
f 3037//4870 3036//4870 3038//4870
f 2929//4871 3039//4871 2930//4871
f 2930//4872 3039//4872 3040//4872
f 2930//4873 3040//4873 2926//4873
f 3041//4874 3040//4874 3042//4874
f 3042//4875 3040//4875 3039//4875
f 3042//4876 3039//4876 3043//4876
f 3043//4877 3039//4877 2929//4877
f 3043//4878 2929//4878 2928//4878
f 3037//4879 3033//4879 3035//4879
f 3035//4880 3033//4880 3031//4880
f 3035//4881 3031//4881 3044//4881
f 3044//4882 3031//4882 3030//4882
f 3044//4883 3030//4883 3028//4883
f 3008//4884 3045//4884 2928//4884
f 2928//4885 3045//4885 3046//4885
f 2928//4886 3046//4886 3043//4886
f 3043//4887 3046//4887 3047//4887
f 3043//4888 3047//4888 3042//4888
f 3042//4889 3047//4889 3026//4889
f 3042//4890 3026//4890 3041//4890
f 3041//4891 3026//4891 3025//4891
f 3048//4892 3038//4892 3049//4892
f 3049//4893 3038//4893 3036//4893
f 3049//4894 3036//4894 3050//4894
f 3050//4895 3036//4895 3035//4895
f 3050//4896 3035//4896 3051//4896
f 3051//4897 3035//4897 3044//4897
f 3051//4898 3044//4898 3052//4898
f 3052//4899 3044//4899 3028//4899
f 3052//4900 3028//4900 3020//4900
f 3020//4901 3028//4901 3022//4901
f 3045//4902 3048//4902 3046//4902
f 3046//4903 3048//4903 3049//4903
f 3046//4904 3049//4904 3047//4904
f 3047//4905 3049//4905 3050//4905
f 3047//4906 3050//4906 3026//4906
f 3026//4907 3050//4907 3051//4907
f 3026//4908 3051//4908 3027//4908
f 3027//4909 3051//4909 3052//4909
f 3027//4910 3052//4910 3018//4910
f 3018//4911 3052//4911 3020//4911
f 3053//4912 3054//4912 3055//4912
f 3053//4913 3055//4913 3056//4913
f 3056//4914 3055//4914 3057//4914
f 3056//4915 3057//4915 3058//4915
f 3059//4916 3055//4916 3054//4916
f 3057//4917 3055//4917 3060//4917
f 3057//4918 3060//4918 3061//4918
f 3061//4919 3060//4919 3062//4919
f 3061//4920 3062//4920 3063//4920
f 3032//4921 3034//4921 3064//4921
f 3032//4922 3064//4922 3065//4922
f 3065//4923 3064//4923 3066//4923
f 3065//4924 3066//4924 3067//4924
f 3067//4925 3066//4925 3068//4925
f 3067//4926 3068//4926 3069//4926
f 3069//4927 3068//4927 3070//4927
f 3069//4928 3070//4928 3062//4928
f 3062//4929 3070//4929 3071//4929
f 3062//4930 3071//4930 3063//4930
f 3072//4931 3073//4931 3074//4931
f 3074//4932 3073//4932 3075//4932
f 3074//4933 3075//4933 3076//4933
f 3076//4934 3075//4934 3029//4934
f 3076//4935 3029//4935 3028//4935
f 3077//4936 3078//4936 3079//4936
f 3079//4937 3078//4937 3080//4937
f 3079//4938 3080//4938 3072//4938
f 3072//4939 3080//4939 3081//4939
f 3072//4940 3081//4940 3073//4940
f 3082//4941 3083//4941 3079//4941
f 3079//4942 3083//4942 3084//4942
f 3079//4943 3084//4943 3077//4943
f 3085//4944 3083//4944 3054//4944
f 3054//4945 3083//4945 3082//4945
f 3054//4946 3082//4946 3059//4946
f 3059//4947 3082//4947 3079//4947
f 3059//4948 3079//4948 3086//4948
f 3086//4949 3079//4949 3072//4949
f 3086//4950 3072//4950 3087//4950
f 3087//4951 3072//4951 3074//4951
f 3087//4952 3074//4952 3088//4952
f 3088//4953 3074//4953 3076//4953
f 3088//4954 3076//4954 3089//4954
f 3089//4955 3076//4955 3028//4955
f 3089//4956 3028//4956 3030//4956
f 3055//4957 3059//4957 3060//4957
f 3060//4958 3059//4958 3086//4958
f 3060//4959 3086//4959 3062//4959
f 3062//4960 3086//4960 3087//4960
f 3062//4961 3087//4961 3069//4961
f 3069//4962 3087//4962 3088//4962
f 3069//4963 3088//4963 3067//4963
f 3067//4964 3088//4964 3089//4964
f 3067//4965 3089//4965 3065//4965
f 3065//4966 3089//4966 3030//4966
f 3065//4967 3030//4967 3032//4967
f 3080//4968 3078//4968 3090//4968
f 3080//4969 3090//4969 3081//4969
f 3081//4970 3090//4970 3091//4970
f 3081//4971 3091//4971 3073//4971
f 3024//4972 3022//4972 3029//4972
f 3091//4973 3092//4973 3073//4973
f 3073//4974 3092//4974 3024//4974
f 3073//4975 3024//4975 3075//4975
f 3075//4976 3024//4976 3029//4976
f 3093//4977 3094//4977 2917//4977
f 2924//4978 2926//4978 3040//4978
f 3095//4979 3096//4979 3097//4979
f 3019//4980 3021//4980 3092//4980
f 3092//4981 3021//4981 3023//4981
f 3092//4982 3023//4982 3024//4982
f 3092//4983 3095//4983 3019//4983
f 3019//4984 3095//4984 3097//4984
f 3019//4985 3097//4985 3017//4985
f 3097//4986 3098//4986 3017//4986
f 3017//4987 3098//4987 3099//4987
f 3017//4988 3099//4988 3015//4988
f 3015//4989 3099//4989 3100//4989
f 3100//4990 3101//4990 3015//4990
f 3015//4991 3101//4991 3102//4991
f 3015//4992 3102//4992 3025//4992
f 3025//4993 3102//4993 3103//4993
f 3025//4994 3103//4994 3041//4994
f 3104//4995 2919//4995 2920//4995
f 3104//4996 2920//4996 3041//4996
f 3041//4997 2920//4997 3040//4997
f 3040//4998 2920//4998 2922//4998
f 3040//4999 2922//4999 2924//4999
f 2919//5000 3104//5000 2917//5000
f 2917//5001 3104//5001 3105//5001
f 2917//5002 3105//5002 3093//5002
f 2911//5003 2914//5003 3094//5003
f 3094//5004 2914//5004 2916//5004
f 3094//5005 2916//5005 2917//5005
f 3011//5006 3009//5006 3106//5006
f 3106//5007 3107//5007 3011//5007
f 3011//5008 3107//5008 3108//5008
f 3011//5009 3108//5009 3012//5009
f 3012//5010 3108//5010 3013//5010
f 3013//5011 3108//5011 3109//5011
f 3013//5012 3109//5012 3014//5012
f 3014//5013 3109//5013 2998//5013
f 2998//5014 3109//5014 3110//5014
f 2998//5015 3110//5015 2971//5015
f 2971//5016 3110//5016 2966//5016
f 2966//5017 3110//5017 3111//5017
f 2966//5018 3111//5018 2967//5018
f 2967//5019 3111//5019 3112//5019
f 2967//5020 3112//5020 2968//5020
f 2968//5021 3112//5021 3113//5021
f 2968//5022 3113//5022 2931//5022
f 2931//5023 3113//5023 337//5023
f 2931//5024 337//5024 155//5024
f 344//5025 3114//5025 345//5025
f 345//5026 3114//5026 3115//5026
f 3114//5027 3116//5027 3115//5027
f 3115//5028 3116//5028 3117//5028
f 3115//5029 3117//5029 3118//5029
f 3118//5030 3117//5030 3119//5030
f 3118//5031 3119//5031 3120//5031
f 3120//5032 3119//5032 3121//5032
f 3120//5033 3121//5033 3122//5033
f 3122//5034 3121//5034 3123//5034
f 3122//5035 3123//5035 3124//5035
f 3124//5036 3123//5036 3125//5036
f 3124//5037 3125//5037 3126//5037
f 3126//5038 3125//5038 3127//5038
f 3126//5039 3127//5039 2904//5039
f 2904//5040 3127//5040 3128//5040
f 2904//5041 3128//5041 2905//5041
f 2900//5042 2902//5042 3128//5042
f 3128//5043 2902//5043 2908//5043
f 3128//5044 2908//5044 2905//5044
f 3009//5045 3010//5045 3106//5045
f 3106//5046 3010//5046 2912//5046
f 3106//5047 2912//5047 3129//5047
f 3129//5048 2912//5048 2911//5048
f 3129//5049 2911//5049 3130//5049
f 3130//5050 2911//5050 3094//5050
f 3130//5051 3094//5051 2898//5051
f 3041//5052 3103//5052 3104//5052
f 3104//5053 3103//5053 3131//5053
f 3104//5054 3131//5054 3132//5054
f 3132//5055 3133//5055 3104//5055
f 3104//5056 3133//5056 3134//5056
f 3104//5057 3134//5057 3105//5057
f 344//5058 337//5058 3114//5058
f 3114//5059 337//5059 3113//5059
f 3114//5060 3113//5060 3116//5060
f 3116//5061 3113//5061 3112//5061
f 3116//5062 3112//5062 3117//5062
f 3117//5063 3112//5063 3111//5063
f 3117//5064 3111//5064 3119//5064
f 3119//5065 3111//5065 3110//5065
f 3119//5066 3110//5066 3121//5066
f 3121//5067 3110//5067 3109//5067
f 3121//5068 3109//5068 3123//5068
f 3123//5069 3109//5069 3108//5069
f 3123//5070 3108//5070 3125//5070
f 3125//5071 3108//5071 3107//5071
f 3125//5072 3107//5072 3127//5072
f 3127//5073 3107//5073 3106//5073
f 3127//5074 3106//5074 3128//5074
f 3128//5075 3106//5075 3129//5075
f 3128//5076 3129//5076 2900//5076
f 2900//5077 3129//5077 3130//5077
f 2900//5078 3130//5078 2897//5078
f 2897//5079 3130//5079 2898//5079
f 3091//5080 3135//5080 3136//5080
f 3091//5081 3136//5081 3092//5081
f 3136//5082 3137//5082 3092//5082
f 3092//5083 3137//5083 3138//5083
f 3092//5084 3138//5084 3095//5084
f 3095//5085 3138//5085 3096//5085
f 3090//5086 3139//5086 3091//5086
f 3091//5087 3139//5087 3140//5087
f 3091//5088 3140//5088 3135//5088
f 3077//5089 3141//5089 3078//5089
f 3078//5090 3141//5090 3142//5090
f 3078//5091 3142//5091 3090//5091
f 3090//5092 3142//5092 3143//5092
f 3090//5093 3143//5093 3139//5093
f 3085//5094 3144//5094 3083//5094
f 3083//5095 3144//5095 3141//5095
f 3083//5096 3141//5096 3084//5096
f 3084//5097 3141//5097 3077//5097
f 3126//5098 2904//5098 3145//5098
f 3146//5099 3122//5099 3124//5099
f 3126//5100 3145//5100 3124//5100
f 3124//5101 3145//5101 3147//5101
f 3124//5102 3147//5102 3146//5102
f 3146//5103 3148//5103 3122//5103
f 3122//5104 3148//5104 3149//5104
f 3122//5105 3149//5105 3120//5105
f 3120//5106 3149//5106 3150//5106
f 3120//5107 3150//5107 3118//5107
f 394//5108 345//5108 3151//5108
f 3151//5109 345//5109 3115//5109
f 3151//5110 3115//5110 3152//5110
f 3152//5111 3115//5111 3118//5111
f 3152//5112 3118//5112 3153//5112
f 3153//5113 3118//5113 3150//5113
f 3144//5114 3154//5114 3141//5114
f 3141//5115 3154//5115 3155//5115
f 3141//5116 3155//5116 3142//5116
f 3142//5117 3155//5117 3156//5117
f 3142//5118 3156//5118 3143//5118
f 3143//5119 3156//5119 3157//5119
f 3143//5120 3157//5120 3139//5120
f 3139//5121 3157//5121 3158//5121
f 3139//5122 3158//5122 3140//5122
f 3140//5123 3158//5123 3159//5123
f 3140//5124 3159//5124 3135//5124
f 3135//5125 3159//5125 3160//5125
f 3135//5126 3160//5126 3136//5126
f 3136//5127 3160//5127 3161//5127
f 3136//5128 3161//5128 3137//5128
f 3137//5129 3161//5129 3162//5129
f 3137//5130 3162//5130 3138//5130
f 3138//5131 3162//5131 3163//5131
f 3138//5132 3163//5132 3096//5132
f 3096//5133 3163//5133 3164//5133
f 3096//5134 3164//5134 3097//5134
f 3097//5135 3164//5135 3165//5135
f 3097//5136 3165//5136 3098//5136
f 3098//5137 3165//5137 3099//5137
f 3099//5138 3165//5138 3166//5138
f 3099//5139 3166//5139 3100//5139
f 3166//5140 3167//5140 3100//5140
f 3100//5141 3167//5141 3168//5141
f 3100//5142 3168//5142 3101//5142
f 3101//5143 3168//5143 3169//5143
f 3101//5144 3169//5144 3102//5144
f 3169//5145 3170//5145 3102//5145
f 3102//5146 3170//5146 3171//5146
f 3102//5147 3171//5147 3103//5147
f 3103//5148 3171//5148 3172//5148
f 3103//5149 3172//5149 3131//5149
f 3131//5150 3172//5150 3173//5150
f 3131//5151 3173//5151 3132//5151
f 3132//5152 3173//5152 3174//5152
f 3132//5153 3174//5153 3133//5153
f 3133//5154 3174//5154 3175//5154
f 3133//5155 3175//5155 3134//5155
f 3134//5156 3175//5156 3176//5156
f 3134//5157 3176//5157 3105//5157
f 3176//5158 3177//5158 3105//5158
f 3105//5159 3177//5159 3178//5159
f 3105//5160 3178//5160 3093//5160
f 3178//5161 3179//5161 3093//5161
f 3093//5162 3179//5162 3180//5162
f 3093//5163 3180//5163 3094//5163
f 3094//5164 3180//5164 3181//5164
f 3094//5165 3181//5165 2898//5165
f 3182//5166 3183//5166 3184//5166
f 3184//5167 3183//5167 3185//5167
f 3186//5168 3187//5168 3188//5168
f 3188//5169 3189//5169 3186//5169
f 3186//5170 3189//5170 3190//5170
f 3186//5171 3190//5171 3185//5171
f 3185//5172 3190//5172 3191//5172
f 3185//5173 3191//5173 3184//5173
f 3192//5174 3193//5174 3194//5174
f 3194//5175 3193//5175 3195//5175
f 3194//5176 3195//5176 3196//5176
f 3196//5177 3195//5177 3197//5177
f 3196//5178 3197//5178 3198//5178
f 3198//5179 3197//5179 3199//5179
f 3198//5180 3199//5180 3200//5180
f 3200//618 3199//618 445//618
f 3200//5181 445//5181 444//5181
f 3187//5182 3201//5182 3192//5182
f 3192//5183 3201//5183 3202//5183
f 3192//5184 3202//5184 3193//5184
f 3203//5185 3204//5185 3205//5185
f 3205//5186 3204//5186 3206//5186
f 3205//5187 3206//5187 3207//5187
f 3207//5188 3206//5188 3208//5188
f 3207//5189 3208//5189 3209//5189
f 3209//5190 3208//5190 3210//5190
f 3209//5191 3210//5191 3211//5191
f 3211//5192 3210//5192 3212//5192
f 3211//5193 3212//5193 3182//5193
f 3182//5194 3212//5194 3213//5194
f 3182//5195 3213//5195 3183//5195
f 3183//5196 3213//5196 3214//5196
f 3183//5197 3214//5197 3185//5197
f 3185//5198 3214//5198 3215//5198
f 3185//5199 3215//5199 3186//5199
f 3186//5200 3215//5200 3216//5200
f 3186//5201 3216//5201 3187//5201
f 3187//5202 3216//5202 3217//5202
f 3187//5203 3217//5203 3201//5203
f 3218//5204 3204//5204 3203//5204
f 3203//5205 3219//5205 3218//5205
f 3218//5206 3219//5206 3220//5206
f 3218//5207 3220//5207 3221//5207
f 3221//5208 3220//5208 3222//5208
f 3221//5209 3222//5209 3223//5209
f 3223//5210 3222//5210 3224//5210
f 3223//5211 3224//5211 3225//5211
f 3225//5212 3224//5212 3226//5212
f 3225//5213 3226//5213 3227//5213
f 3227//5214 3226//5214 3228//5214
f 3227//5215 3228//5215 3229//5215
f 3229//5216 3228//5216 3230//5216
f 3229//5217 3230//5217 3231//5217
f 3232//5218 3233//5218 3234//5218
f 3234//5219 3233//5219 3235//5219
f 3234//5220 3235//5220 3236//5220
f 3236//5221 3235//5221 3237//5221
f 3236//5222 3237//5222 3238//5222
f 3238//5223 3237//5223 3239//5223
f 3238//5224 3239//5224 3240//5224
f 3240//5225 3239//5225 3241//5225
f 3240//5226 3241//5226 3242//5226
f 3242//5227 3241//5227 3243//5227
f 3242//5228 3243//5228 3244//5228
f 3244//5229 3243//5229 3245//5229
f 3244//5230 3245//5230 3246//5230
f 3246//5231 3245//5231 3231//5231
f 3246//5232 3231//5232 3247//5232
f 3247//5233 3231//5233 3230//5233
f 3248//5234 3249//5234 3250//5234
f 3250//5235 3249//5235 3233//5235
f 3250//5236 3233//5236 3232//5236
f 3248//5237 3251//5237 3249//5237
f 3249//5238 3251//5238 3252//5238
f 3249//5239 3252//5239 3253//5239
f 3253//5240 3252//5240 3254//5240
f 3253//5241 3254//5241 3255//5241
f 3255//5242 3254//5242 3256//5242
f 3255//5243 3256//5243 3257//5243
f 3257//5244 3256//5244 3258//5244
f 3257//5245 3258//5245 3259//5245
f 3259//5246 3258//5246 3260//5246
f 3259//5247 3260//5247 3261//5247
f 3261//5248 3260//5248 3262//5248
f 3261//5249 3262//5249 516//5249
f 516//5250 3262//5250 517//5250
f 3263//5251 3231//5251 3245//5251
f 565//5252 3264//5252 532//5252
f 532//5253 3264//5253 534//5253
f 3265//5254 529//5254 3266//5254
f 3266//5255 529//5255 527//5255
f 3266//5256 527//5256 3267//5256
f 3267//5257 527//5257 535//5257
f 3267//5258 535//5258 3268//5258
f 3261//5259 3269//5259 3259//5259
f 3259//5260 3269//5260 3270//5260
f 3259//5261 3270//5261 3257//5261
f 3257//5262 3270//5262 3255//5262
f 3255//5263 3270//5263 3271//5263
f 3255//5264 3271//5264 3253//5264
f 3272//5265 3273//5265 3274//5265
f 3274//5266 3273//5266 3275//5266
f 3274//5267 3275//5267 3249//5267
f 3249//5268 3275//5268 3276//5268
f 3249//5269 3276//5269 3277//5269
f 3277//5270 3278//5270 3249//5270
f 3249//5271 3278//5271 3279//5271
f 3249//5272 3279//5272 3233//5272
f 3233//5273 3279//5273 3280//5273
f 3233//5274 3280//5274 3235//5274
f 3235//5275 3280//5275 3281//5275
f 3235//5276 3281//5276 3237//5276
f 3237//5277 3281//5277 3282//5277
f 3237//5278 3282//5278 3239//5278
f 3239//5279 3282//5279 3283//5279
f 3239//5280 3283//5280 3241//5280
f 3283//5281 3284//5281 3241//5281
f 3241//5282 3284//5282 3285//5282
f 3241//5283 3285//5283 3243//5283
f 3243//5284 3285//5284 3286//5284
f 3243//5285 3286//5285 3245//5285
f 3245//5286 3286//5286 3287//5286
f 3245//5287 3287//5287 3263//5287
f 3249//5288 3253//5288 3274//5288
f 3274//5289 3253//5289 3271//5289
f 3274//5290 3271//5290 3272//5290
f 3272//5291 3271//5291 3288//5291
f 3289//5292 3290//5292 3291//5292
f 3291//5293 3290//5293 3292//5293
f 3291//5294 3292//5294 3288//5294
f 3289//5295 3291//5295 3293//5295
f 3293//5296 3291//5296 3294//5296
f 3293//5297 3294//5297 3295//5297
f 3295//5298 3294//5298 3296//5298
f 3296//5299 3294//5299 3297//5299
f 3296//5300 3297//5300 3298//5300
f 3298//5301 3297//5301 3299//5301
f 3298//5302 3299//5302 3300//5302
f 3300//5303 3299//5303 3301//5303
f 3300//5304 3301//5304 3302//5304
f 3302//5305 3301//5305 3265//5305
f 3302//5306 3265//5306 3303//5306
f 3303//5307 3265//5307 3266//5307
f 3303//5308 3266//5308 3304//5308
f 3304//5309 3266//5309 3267//5309
f 3304//5310 3267//5310 3305//5310
f 3305//5311 3267//5311 3268//5311
f 3305//5312 3268//5312 3306//5312
f 535//5313 534//5313 3268//5313
f 3268//5314 534//5314 3264//5314
f 3268//5315 3264//5315 3306//5315
f 3306//5316 3264//5316 565//5316
f 3306//5317 565//5317 567//5317
f 3288//5318 3271//5318 3291//5318
f 3291//5319 3271//5319 3270//5319
f 3291//5320 3270//5320 3294//5320
f 3294//5321 3270//5321 3269//5321
f 3294//5322 3269//5322 3297//5322
f 3297//5323 3269//5323 3261//5323
f 3297//5324 3261//5324 3299//5324
f 3299//5325 3261//5325 516//5325
f 3299//5326 516//5326 3301//5326
f 3301//5327 516//5327 518//5327
f 3301//5328 518//5328 3265//5328
f 3265//5329 518//5329 530//5329
f 3265//5330 530//5330 529//5330
f 1026//5331 3307//5331 1027//5331
f 1027//5332 3307//5332 3308//5332
f 1027//5333 3308//5333 3309//5333
f 3309//5334 3310//5334 1027//5334
f 1027//5335 3310//5335 3311//5335
f 1027//5336 3311//5336 3312//5336
f 3313//787 633//787 596//787
f 596//787 595//787 3313//787
f 3313//788 595//788 600//788
f 3313//788 600//788 3314//788
f 3314//789 600//789 602//789
f 3314//789 602//789 3315//789
f 3315//790 602//790 604//790
f 3315//790 604//790 3316//790
f 3316//791 604//791 606//791
f 3316//791 606//791 1029//791
f 3317//792 617//792 608//792
f 608//792 607//792 3317//792
f 3317//793 607//793 612//793
f 3317//794 612//794 3318//794
f 3318//795 612//795 614//795
f 3318//795 614//795 3319//795
f 3319//796 614//796 616//796
f 3319//796 616//796 634//796
f 632//5337 619//5337 618//5337
f 3320//799 1024//799 623//799
f 618//798 3321//798 632//798
f 632//803 3321//803 3322//803
f 632//803 3322//803 631//803
f 631//802 3322//802 3323//802
f 631//802 3323//802 629//802
f 629//801 3323//801 3324//801
f 629//801 3324//801 627//801
f 627//800 3324//800 3320//800
f 627//800 3320//800 622//800
f 622//799 3320//799 623//799
f 3325//806 3326//806 3327//806
f 3327//806 3326//806 3328//806
f 3327//806 3328//806 3329//806
f 3330//807 3331//807 3332//807
f 3332//807 3331//807 3327//807
f 3332//807 3327//807 3333//807
f 3333//807 3327//807 3329//807
f 3334//5338 3335//5338 3336//5338
f 3337//5339 3338//5339 3334//5339
f 3339//5340 3340//5340 3336//5340
f 3336//5341 3340//5341 3341//5341
f 3336//5342 3341//5342 3334//5342
f 3334//5343 3341//5343 3342//5343
f 3334//5344 3342//5344 3337//5344
f 3343//816 3344//816 3345//816
f 3343//816 3345//816 3346//816
f 3346//815 3345//815 1023//815
f 3346//815 1023//815 1022//815
f 1023//857 3345//857 3344//857
f 3330//857 3332//857 3347//857
f 3348//857 3349//857 3350//857
f 3350//857 3349//857 3351//857
f 3350//857 3351//857 3352//857
f 3353//857 3354//857 3344//857
f 3355//857 3356//857 3349//857
f 3349//857 3356//857 3357//857
f 3349//857 3357//857 3351//857
f 3358//857 3359//857 3360//857
f 3360//857 3359//857 3361//857
f 3360//857 3361//857 3355//857
f 3354//857 3362//857 3344//857
f 3344//857 3362//857 3335//857
f 3344//857 3335//857 1023//857
f 1023//857 3335//857 1025//857
f 3344//857 3363//857 3353//857
f 3353//857 3363//857 3364//857
f 3353//857 3364//857 3365//857
f 3365//857 3364//857 3366//857
f 3365//857 3366//857 3367//857
f 3367//857 3366//857 3368//857
f 3367//857 3368//857 3369//857
f 3369//857 3368//857 3356//857
f 3369//857 3356//857 3370//857
f 3370//857 3356//857 3355//857
f 3370//857 3355//857 3371//857
f 3371//857 3355//857 3361//857
f 3372//857 3373//857 3347//857
f 3347//857 3373//857 3374//857
f 3347//857 3374//857 3330//857
f 3330//857 3374//857 3360//857
f 3362//857 3375//857 3335//857
f 3335//857 3375//857 3358//857
f 3335//857 3358//857 3336//857
f 3336//857 3358//857 3360//857
f 3336//857 3360//857 3339//857
f 3339//857 3360//857 3374//857
f 3376//818 3363//818 3343//818
f 3343//818 3363//818 3344//818
f 3363//822 3376//822 3377//822
f 3363//822 3377//822 3364//822
f 3364//821 3377//821 3378//821
f 3364//821 3378//821 3366//821
f 3366//820 3378//820 3379//820
f 3366//820 3379//820 3368//820
f 3368//819 3379//819 3380//819
f 3368//819 3380//819 3356//819
f 3356//823 3380//823 3357//823
f 3357//823 3380//823 3381//823
f 3382//5345 3383//5345 3384//5345
f 3384//5346 3383//5346 3385//5346
f 3384//5347 3385//5347 3386//5347
f 3382//5348 3387//5348 3388//5348
f 3388//5349 3389//5349 3382//5349
f 3382//5350 3389//5350 3390//5350
f 3382//5351 3390//5351 3383//5351
f 3386//5352 3352//5352 3384//5352
f 3384//828 3352//828 3351//828
f 3384//827 3351//827 3381//827
f 3381//827 3351//827 3357//827
f 3347//5353 3332//5353 3333//5353
f 3372//5354 3347//5354 3391//5354
f 3391//5355 3347//5355 3333//5355
f 3391//5356 3333//5356 3392//5356
f 3392//5357 3333//5357 3329//5357
f 3392//5358 3329//5358 3393//5358
f 3393//5359 3329//5359 3394//5359
f 3329//5360 3390//5360 3394//5360
f 3394//5361 3390//5361 3389//5361
f 3394//5362 3389//5362 3395//5362
f 3396//5363 3386//5363 3397//5363
f 3397//5364 3386//5364 3385//5364
f 3397//5365 3385//5365 3398//5365
f 3398//5366 3385//5366 3383//5366
f 3398//5367 3383//5367 3326//5367
f 3326//5368 3383//5368 3390//5368
f 3326//5369 3390//5369 3328//5369
f 3328//5370 3390//5370 3329//5370
f 3396//5371 3348//5371 3386//5371
f 3386//5372 3348//5372 3350//5372
f 3386//5372 3350//5372 3352//5372
f 3399//853 3349//853 3325//853
f 3325//853 3349//853 3348//853
f 3325//853 3348//853 3396//853
f 3396//853 3397//853 3325//853
f 3325//853 3397//853 3398//853
f 3325//853 3398//853 3326//853
f 3355//854 3349//854 3400//854
f 3400//854 3349//854 3399//854
f 3360//855 3355//855 3401//855
f 3401//855 3355//855 3400//855
f 3330//856 3360//856 3331//856
f 3331//856 3360//856 3401//856
f 3401//857 3400//857 3402//857
f 3325//857 3327//857 3403//857
f 3403//857 3404//857 3325//857
f 3325//857 3404//857 3405//857
f 3325//857 3405//857 3399//857
f 3405//857 3406//857 3399//857
f 3399//857 3406//857 3407//857
f 3399//857 3407//857 3400//857
f 3400//857 3407//857 3408//857
f 3400//857 3408//857 3402//857
f 3331//857 3409//857 3327//857
f 3327//857 3409//857 3410//857
f 3327//857 3410//857 3403//857
f 3402//857 3411//857 3401//857
f 3401//857 3411//857 3412//857
f 3401//857 3412//857 3331//857
f 3331//857 3412//857 3413//857
f 3331//857 3413//857 3409//857
f 3414//817 3415//817 3387//817
f 1022//817 1024//817 3320//817
f 3416//817 3417//817 3418//817
f 3417//5373 3414//5373 3418//5373
f 3418//817 3414//817 3387//817
f 3418//817 3387//817 3419//817
f 3419//817 3387//817 3420//817
f 3421//817 3422//817 3423//817
f 3424//817 3343//817 3425//817
f 3425//817 3343//817 3346//817
f 3425//817 3346//817 3426//817
f 3427//817 3377//817 3424//817
f 3424//817 3377//817 3376//817
f 3424//817 3376//817 3343//817
f 3346//817 1022//817 3426//817
f 3426//817 1022//817 3320//817
f 3426//817 3320//817 3428//817
f 3428//817 3320//817 3324//817
f 3428//817 3324//817 3429//817
f 3429//817 3324//817 3323//817
f 3429//817 3323//817 3322//817
f 3421//817 3423//817 3430//817
f 3430//817 3423//817 779//817
f 3430//817 779//817 3418//817
f 3418//817 779//817 780//817
f 3418//817 780//817 3416//817
f 3314//817 1027//817 3313//817
f 3313//817 1027//817 3312//817
f 3314//817 3315//817 1027//817
f 1027//817 3315//817 3316//817
f 1027//5374 3316//5374 1029//5374
f 3431//817 3381//817 3432//817
f 3432//817 3381//817 3380//817
f 3432//817 3380//817 3433//817
f 3433//817 3380//817 3379//817
f 3433//817 3379//817 3427//817
f 3427//817 3379//817 3378//817
f 3427//817 3378//817 3377//817
f 3421//817 3434//817 618//817
f 3322//817 3321//817 3429//817
f 3429//817 3321//817 618//817
f 3429//817 618//817 3435//817
f 3435//817 618//817 3434//817
f 3435//817 3434//817 3436//817
f 3436//817 3434//817 3437//817
f 3436//817 3437//817 3438//817
f 3438//817 3437//817 3439//817
f 3438//817 3439//817 3431//817
f 3431//817 3439//817 3440//817
f 3431//817 3440//817 3381//817
f 3381//817 3440//817 3441//817
f 3381//817 3441//817 3442//817
f 3420//817 3387//817 3443//817
f 3443//817 3387//817 3382//817
f 3443//817 3382//817 3442//817
f 3442//817 3382//817 3384//817
f 3442//817 3384//817 3381//817
f 618//817 617//817 3421//817
f 3421//817 617//817 3317//817
f 3421//817 3317//817 3422//817
f 3422//817 3317//817 3318//817
f 3422//5375 3318//5375 3444//5375
f 3444//817 3318//817 3319//817
f 3444//5373 3319//5373 3445//5373
f 3445//817 3319//817 634//817
f 3445//817 634//817 3312//817
f 3312//817 634//817 633//817
f 3312//817 633//817 3313//817
f 3445//5376 3312//5376 3446//5376
f 761//5377 760//5377 3447//5377
f 3447//5378 760//5378 3448//5378
f 3447//5379 3448//5379 3446//5379
f 3446//5380 3448//5380 3449//5380
f 3446//5381 3449//5381 3445//5381
f 3445//5382 3449//5382 3444//5382
f 3444//5383 3449//5383 3448//5383
f 3444//5384 3448//5384 3450//5384
f 3450//5385 3448//5385 760//5385
f 3450//5386 760//5386 766//5386
f 3451//5387 3422//5387 3450//5387
f 3450//5388 3422//5388 3444//5388
f 3451//5389 3452//5389 3422//5389
f 3422//5390 3452//5390 3453//5390
f 3422//5391 3453//5391 3423//5391
f 3423//5392 3453//5392 777//5392
f 3423//5393 777//5393 779//5393
f 3450//5394 766//5394 3451//5394
f 3451//5395 766//5395 774//5395
f 3451//5396 774//5396 3452//5396
f 3452//5397 774//5397 773//5397
f 3452//5398 773//5398 3453//5398
f 3453//5399 773//5399 772//5399
f 3453//5400 772//5400 777//5400
f 777//5401 772//5401 771//5401
f 778//5402 776//5402 781//5402
f 3416//5403 780//5403 778//5403
f 778//5404 781//5404 3416//5404
f 3416//5405 781//5405 782//5405
f 3416//5406 782//5406 3417//5406
f 3417//5407 782//5407 783//5407
f 3417//5408 783//5408 3414//5408
f 3414//5409 783//5409 784//5409
f 3414//5410 784//5410 3415//5410
f 3388//5411 3395//5411 3389//5411
f 3388//5412 3387//5412 3395//5412
f 3395//5413 3387//5413 3415//5413
f 3395//5414 3415//5414 3454//5414
f 3454//5415 3415//5415 3455//5415
f 3455//5416 3415//5416 784//5416
f 3455//5417 784//5417 787//5417
f 3208//5418 3456//5418 3457//5418
f 3456//5419 3208//5419 3458//5419
f 3455//5420 3197//5420 3195//5420
f 3455//5421 787//5421 792//5421
f 3197//5422 3455//5422 3199//5422
f 3199//5423 3455//5423 792//5423
f 3199//5424 792//5424 445//5424
f 3459//5425 3460//5425 3193//5425
f 3193//5426 3460//5426 3395//5426
f 3193//5427 3395//5427 3195//5427
f 3195//5428 3395//5428 3454//5428
f 3195//5429 3454//5429 3455//5429
f 3193//5430 3202//5430 3459//5430
f 3459//5431 3202//5431 3201//5431
f 3459//5432 3201//5432 3461//5432
f 3461//5433 3201//5433 3217//5433
f 3458//5434 3462//5434 3456//5434
f 3456//5435 3462//5435 3463//5435
f 3456//5436 3463//5436 3457//5436
f 3457//5437 3463//5437 3464//5437
f 3457//5438 3464//5438 3465//5438
f 3465//5439 3464//5439 3466//5439
f 3465//5440 3466//5440 3467//5440
f 3467//5441 3466//5441 3468//5441
f 3467//5442 3468//5442 3215//5442
f 3215//5443 3468//5443 3461//5443
f 3215//5444 3461//5444 3216//5444
f 3216//5445 3461//5445 3217//5445
f 3208//5446 3206//5446 3458//5446
f 3458//5447 3206//5447 3204//5447
f 3458//5448 3204//5448 3469//5448
f 3263//5449 3287//5449 3470//5449
f 3231//5450 3263//5450 3229//5450
f 3229//5451 3263//5451 3470//5451
f 3229//5452 3470//5452 3227//5452
f 3227//5453 3470//5453 3225//5453
f 3225//5454 3470//5454 3471//5454
f 3225//5455 3471//5455 3223//5455
f 3223//5456 3471//5456 3221//5456
f 3221//5457 3471//5457 3472//5457
f 3221//5458 3472//5458 3218//5458
f 3218//5459 3472//5459 3473//5459
f 3218//5460 3473//5460 3204//5460
f 3204//5461 3473//5461 3474//5461
f 3204//5462 3474//5462 3469//5462
f 3215//5463 3214//5463 3467//5463
f 3467//5464 3214//5464 3213//5464
f 3467//5465 3213//5465 3465//5465
f 3465//5466 3213//5466 3212//5466
f 3465//5467 3212//5467 3457//5467
f 3457//5468 3212//5468 3210//5468
f 3457//5469 3210//5469 3208//5469
f 567//5470 815//5470 3475//5470
f 3476//5471 3477//5471 3478//5471
f 3460//5472 3394//5472 3395//5472
f 3470//5473 3479//5473 3480//5473
f 3285//5474 3481//5474 3286//5474
f 3286//5475 3481//5475 3482//5475
f 3286//5476 3482//5476 3287//5476
f 3483//5477 3473//5477 3484//5477
f 3484//5478 3473//5478 3472//5478
f 3484//5479 3472//5479 3480//5479
f 3480//5480 3472//5480 3471//5480
f 3480//5481 3471//5481 3470//5481
f 3474//5482 3485//5482 3469//5482
f 3469//5483 3485//5483 3486//5483
f 3469//5484 3486//5484 3458//5484
f 3458//5485 3487//5485 3462//5485
f 3462//5486 3487//5486 3488//5486
f 3462//5487 3488//5487 3463//5487
f 3463//5488 3489//5488 3464//5488
f 3464//5489 3489//5489 3490//5489
f 3464//5490 3490//5490 3466//5490
f 3466//5491 3490//5491 3491//5491
f 3466//5492 3491//5492 3468//5492
f 3468//5493 3491//5493 3492//5493
f 3468//5494 3492//5494 3461//5494
f 3461//5495 3492//5495 3493//5495
f 3461//5496 3493//5496 3459//5496
f 3394//5497 3460//5497 3393//5497
f 3393//5498 3460//5498 3459//5498
f 3393//5499 3459//5499 3392//5499
f 3392//5500 3459//5500 3493//5500
f 3392//5501 3493//5501 3391//5501
f 3494//5502 3495//5502 3489//5502
f 3489//5503 3495//5503 3496//5503
f 3489//5504 3496//5504 3490//5504
f 3490//5505 3496//5505 3497//5505
f 3490//5506 3497//5506 3491//5506
f 3491//5507 3497//5507 3374//5507
f 3491//5508 3374//5508 3492//5508
f 3492//5509 3374//5509 3373//5509
f 3492//5510 3373//5510 3493//5510
f 3493//5511 3373//5511 3372//5511
f 3493//5512 3372//5512 3391//5512
f 3463//5513 3488//5513 3489//5513
f 3489//5514 3488//5514 3498//5514
f 3489//5515 3498//5515 3494//5515
f 3458//5516 3486//5516 3487//5516
f 3487//5517 3486//5517 3499//5517
f 3487//5518 3499//5518 3488//5518
f 3488//5519 3499//5519 3500//5519
f 3488//5520 3500//5520 3498//5520
f 3501//5521 3485//5521 3483//5521
f 3483//5522 3485//5522 3474//5522
f 3483//5523 3474//5523 3473//5523
f 3501//5524 3502//5524 3485//5524
f 3485//5525 3502//5525 3503//5525
f 3485//5526 3503//5526 3486//5526
f 3486//5527 3503//5527 3504//5527
f 3486//5528 3504//5528 3499//5528
f 3480//5529 3505//5529 3484//5529
f 3484//5530 3505//5530 3506//5530
f 3484//5531 3506//5531 3483//5531
f 3483//5532 3506//5532 3507//5532
f 3483//5533 3507//5533 3501//5533
f 3479//5534 3508//5534 3480//5534
f 3480//5535 3508//5535 3509//5535
f 3480//5536 3509//5536 3505//5536
f 3510//5537 3511//5537 3479//5537
f 3479//5538 3511//5538 3512//5538
f 3479//5539 3512//5539 3508//5539
f 3470//5540 3287//5540 3479//5540
f 3479//5541 3287//5541 3482//5541
f 3479//5542 3482//5542 3510//5542
f 3510//5543 3482//5543 3481//5543
f 3510//5544 3481//5544 3513//5544
f 3514//5545 3515//5545 3516//5545
f 3516//5546 3515//5546 3517//5546
f 3516//5547 3517//5547 3518//5547
f 3518//5548 3517//5548 3519//5548
f 3518//5549 3519//5549 3481//5549
f 3481//5550 3519//5550 3520//5550
f 3481//5551 3520//5551 3513//5551
f 3521//5552 3522//5552 3523//5552
f 3523//5553 3522//5553 3524//5553
f 3523//5554 3524//5554 3525//5554
f 3525//5555 3524//5555 3526//5555
f 3525//5556 3526//5556 3514//5556
f 3514//5557 3526//5557 3527//5557
f 3514//5558 3527//5558 3515//5558
f 3528//5559 3529//5559 3530//5559
f 3529//5560 3528//5560 3531//5560
f 3531//5561 3528//5561 3532//5561
f 3531//5562 3532//5562 3533//5562
f 3533//5563 3532//5563 3534//5563
f 3533//5564 3534//5564 3535//5564
f 3535//5565 3534//5565 3536//5565
f 3535//5566 3536//5566 3537//5566
f 3537//5567 3536//5567 3538//5567
f 3537//5568 3538//5568 3539//5568
f 3539//5569 3538//5569 3540//5569
f 3540//5570 3538//5570 3541//5570
f 3540//5571 3541//5571 3542//5571
f 3543//5572 3544//5572 3545//5572
f 3545//5573 3544//5573 3546//5573
f 3545//5574 3546//5574 3541//5574
f 3541//5575 3546//5575 3547//5575
f 3541//5576 3547//5576 3542//5576
f 3548//5577 3549//5577 3550//5577
f 3550//5578 3549//5578 3551//5578
f 3550//5579 3551//5579 3552//5579
f 3552//5580 3551//5580 3553//5580
f 3552//5581 3553//5581 3543//5581
f 3543//5582 3553//5582 3554//5582
f 3543//5583 3554//5583 3544//5583
f 3555//5584 3556//5584 3557//5584
f 3557//5585 3558//5585 3555//5585
f 3555//5586 3558//5586 3559//5586
f 3555//5587 3559//5587 3560//5587
f 3560//5588 3559//5588 3561//5588
f 3560//5589 3561//5589 3562//5589
f 3563//5590 3564//5590 3478//5590
f 3478//5591 3564//5591 3565//5591
f 3478//5592 3565//5592 3476//5592
f 3478//5593 3566//5593 3563//5593
f 3563//5594 3566//5594 3567//5594
f 3563//5595 3567//5595 3568//5595
f 3568//5596 3567//5596 3475//5596
f 3568//5597 3475//5597 3569//5597
f 3569//5598 3475//5598 3570//5598
f 3570//5599 3475//5599 815//5599
f 3570//5600 815//5600 814//5600
f 567//5601 3475//5601 3306//5601
f 3306//5602 3475//5602 3567//5602
f 3306//5603 3567//5603 3305//5603
f 3305//5604 3567//5604 3566//5604
f 3305//5605 3566//5605 3304//5605
f 3304//5606 3566//5606 3478//5606
f 3304//5607 3478//5607 3303//5607
f 3303//5608 3478//5608 3477//5608
f 3303//5609 3477//5609 3302//5609
f 3476//5610 3557//5610 3477//5610
f 3477//5611 3557//5611 3556//5611
f 3477//5612 3556//5612 3302//5612
f 3302//5613 3556//5613 3555//5613
f 3302//5614 3555//5614 3300//5614
f 3300//5615 3555//5615 3560//5615
f 3300//5616 3560//5616 3298//5616
f 3298//5617 3560//5617 3562//5617
f 3298//5618 3562//5618 3296//5618
f 3561//5619 3548//5619 3562//5619
f 3562//5620 3548//5620 3550//5620
f 3562//5621 3550//5621 3296//5621
f 3296//5622 3550//5622 3552//5622
f 3296//5623 3552//5623 3295//5623
f 3295//5624 3552//5624 3543//5624
f 3295//5625 3543//5625 3293//5625
f 3293//5626 3543//5626 3545//5626
f 3293//5627 3545//5627 3289//5627
f 3289//5628 3545//5628 3541//5628
f 3289//5629 3541//5629 3290//5629
f 3290//5630 3541//5630 3538//5630
f 3290//5631 3538//5631 3292//5631
f 3292//5632 3538//5632 3536//5632
f 3292//5633 3536//5633 3288//5633
f 3288//5634 3536//5634 3534//5634
f 3288//5635 3534//5635 3272//5635
f 3272//5636 3534//5636 3273//5636
f 3273//5637 3534//5637 3532//5637
f 3273//5638 3532//5638 3275//5638
f 3530//5639 3571//5639 3528//5639
f 3528//5640 3571//5640 3572//5640
f 3528//5641 3572//5641 3279//5641
f 3279//5642 3278//5642 3528//5642
f 3528//5643 3278//5643 3277//5643
f 3528//5644 3277//5644 3532//5644
f 3532//5645 3277//5645 3276//5645
f 3532//5646 3276//5646 3275//5646
f 3285//5647 3284//5647 3481//5647
f 3481//5648 3284//5648 3283//5648
f 3481//5649 3283//5649 3518//5649
f 3518//5650 3283//5650 3282//5650
f 3518//5651 3282//5651 3516//5651
f 3516//5652 3282//5652 3281//5652
f 3516//5653 3281//5653 3514//5653
f 3514//5654 3281//5654 3280//5654
f 3514//5655 3280//5655 3525//5655
f 3525//5656 3280//5656 3279//5656
f 3525//5657 3279//5657 3523//5657
f 3523//5658 3279//5658 3572//5658
f 3523//5659 3572//5659 3521//5659
f 3521//5660 3572//5660 3571//5660
f 3573//5661 3574//5661 3575//5661
f 911//5662 910//5662 3576//5662
f 911//5663 3576//5663 3577//5663
f 3576//5664 3578//5664 3577//5664
f 3577//5665 3578//5665 3579//5665
f 3577//5666 3579//5666 3580//5666
f 3580//5667 3579//5667 3581//5667
f 3580//5668 3581//5668 3582//5668
f 3582//5669 3581//5669 3583//5669
f 3581//5670 3584//5670 3583//5670
f 3583//5671 3584//5671 3585//5671
f 3583//5672 3585//5672 3586//5672
f 3586//5673 3585//5673 3587//5673
f 3575//5674 3588//5674 3573//5674
f 3573//5675 3588//5675 3589//5675
f 3573//5676 3589//5676 3590//5676
f 3590//5677 3589//5677 3591//5677
f 3590//5678 3591//5678 3592//5678
f 3592//5679 3591//5679 3593//5679
f 3592//5680 3593//5680 3587//5680
f 3587//5681 3593//5681 3594//5681
f 3587//5682 3594//5682 3586//5682
f 3595//5683 3596//5683 3517//5683
f 3517//5684 3596//5684 3519//5684
f 3519//5685 3596//5685 3597//5685
f 3519//5686 3597//5686 3520//5686
f 3520//5687 3597//5687 3598//5687
f 3520//5688 3598//5688 3513//5688
f 3513//5689 3598//5689 3599//5689
f 3513//5690 3599//5690 3510//5690
f 3510//5691 3599//5691 3600//5691
f 3510//1169 3600//1169 3601//1169
f 3517//5692 3515//5692 3595//5692
f 3595//1180 3515//1180 3527//1180
f 3595//5693 3527//5693 3602//5693
f 3602//5694 3527//5694 3526//5694
f 3602//5695 3526//5695 3603//5695
f 3603//5696 3526//5696 3524//5696
f 3603//5697 3524//5697 3604//5697
f 3604//5698 3524//5698 3522//5698
f 3604//5699 3522//5699 3605//5699
f 3605//5700 3522//5700 3521//5700
f 3605//5701 3521//5701 3606//5701
f 3521//5702 3571//5702 3606//5702
f 3606//5703 3571//5703 3530//5703
f 3606//5704 3530//5704 3607//5704
f 3607//1194 3530//1194 3529//1194
f 3607//5705 3529//5705 3608//5705
f 3608//5706 3529//5706 3531//5706
f 3608//5707 3531//5707 3609//5707
f 3610//5708 3611//5708 3535//5708
f 3609//5709 3531//5709 3611//5709
f 3611//5710 3531//5710 3533//5710
f 3611//5711 3533//5711 3535//5711
f 3610//5712 3535//5712 3612//5712
f 3612//5713 3535//5713 3537//5713
f 3612//5714 3537//5714 3613//5714
f 3613//5715 3537//5715 3539//5715
f 3613//5716 3539//5716 3540//5716
f 3614//5717 3615//5717 3542//5717
f 3542//5718 3615//5718 3540//5718
f 3540//5719 3615//5719 3616//5719
f 3540//5720 3616//5720 3613//5720
f 3542//5721 3547//5721 3614//5721
f 3614//5722 3547//5722 3546//5722
f 3614//5723 3546//5723 3617//5723
f 3617//5724 3546//5724 3544//5724
f 3617//5725 3544//5725 3618//5725
f 3618//5726 3544//5726 3554//5726
f 3618//5727 3554//5727 3619//5727
f 3619//5728 3554//5728 3553//5728
f 3619//5729 3553//5729 3620//5729
f 3620//5730 3553//5730 3621//5730
f 3621//5731 3553//5731 3551//5731
f 3621//5732 3551//5732 3622//5732
f 3551//5733 3549//5733 3622//5733
f 3622//5734 3549//5734 3548//5734
f 3622//5735 3548//5735 3623//5735
f 3623//5736 3548//5736 3561//5736
f 3623//5737 3561//5737 3575//5737
f 3575//5738 3561//5738 3559//5738
f 3575//5739 3559//5739 3588//5739
f 3588//5740 3559//5740 3558//5740
f 3588//5741 3558//5741 3589//5741
f 3570//5742 814//5742 911//5742
f 3570//5743 911//5743 3569//5743
f 3569//5744 911//5744 3577//5744
f 3569//5745 3577//5745 3568//5745
f 3577//5746 3580//5746 3568//5746
f 3568//5747 3580//5747 3582//5747
f 3568//5748 3582//5748 3563//5748
f 3563//5749 3582//5749 3583//5749
f 3563//5750 3583//5750 3564//5750
f 3564//5751 3583//5751 3586//5751
f 3564//5752 3586//5752 3565//5752
f 3565//5753 3586//5753 3594//5753
f 3565//5754 3594//5754 3476//5754
f 3476//5755 3594//5755 3593//5755
f 3476//5756 3593//5756 3591//5756
f 3589//5757 3558//5757 3591//5757
f 3591//5758 3558//5758 3557//5758
f 3591//5759 3557//5759 3476//5759
f 3608//5760 3609//5760 3624//5760
f 3575//5761 3574//5761 3623//5761
f 3623//5762 3574//5762 3625//5762
f 3618//5763 3619//5763 3626//5763
f 3626//5764 3619//5764 3620//5764
f 3626//5765 3620//5765 3627//5765
f 3627//5766 3620//5766 3621//5766
f 3627//5767 3621//5767 3625//5767
f 3625//5768 3621//5768 3622//5768
f 3625//5769 3622//5769 3623//5769
f 3626//5770 3628//5770 3618//5770
f 3618//5771 3628//5771 3629//5771
f 3618//5772 3629//5772 3630//5772
f 3624//5773 3609//5773 3631//5773
f 3613//5774 3632//5774 3612//5774
f 3612//5775 3632//5775 3633//5775
f 3612//5776 3633//5776 3610//5776
f 3610//5777 3633//5777 3634//5777
f 3610//5778 3634//5778 3611//5778
f 3611//5779 3634//5779 3635//5779
f 3611//5780 3635//5780 3609//5780
f 3609//5781 3635//5781 3636//5781
f 3609//5782 3636//5782 3631//5782
f 3613//5783 3616//5783 3632//5783
f 3632//5784 3616//5784 3615//5784
f 3632//5785 3615//5785 3614//5785
f 3630//5786 3637//5786 3618//5786
f 3618//5787 3637//5787 3632//5787
f 3618//5788 3632//5788 3617//5788
f 3617//5789 3632//5789 3614//5789
f 3638//5790 3603//5790 3639//5790
f 3639//5791 3603//5791 3640//5791
f 3640//5792 3603//5792 3641//5792
f 3641//5793 3603//5793 3604//5793
f 3641//5794 3604//5794 3642//5794
f 3642//5795 3604//5795 3605//5795
f 3642//5796 3605//5796 3643//5796
f 3643//5797 3605//5797 3606//5797
f 3643//5798 3606//5798 3624//5798
f 3624//5799 3606//5799 3607//5799
f 3624//5800 3607//5800 3608//5800
f 3644//5801 3600//5801 3599//5801
f 3644//5802 3599//5802 3645//5802
f 3599//5803 3598//5803 3645//5803
f 3645//5804 3598//5804 3597//5804
f 3645//5805 3597//5805 3646//5805
f 3646//5806 3597//5806 3596//5806
f 3646//5807 3596//5807 3647//5807
f 3647//5808 3596//5808 3595//5808
f 3647//5809 3595//5809 3638//5809
f 3638//5810 3595//5810 3602//5810
f 3638//5811 3602//5811 3603//5811
f 3600//5812 3644//5812 3601//5812
f 3601//5813 3644//5813 3648//5813
f 3601//5814 3648//5814 3649//5814
f 3648//5815 3650//5815 3649//5815
f 3649//5816 3650//5816 3651//5816
f 3649//5817 3651//5817 3652//5817
f 3652//5818 3651//5818 3653//5818
f 3652//5819 3653//5819 3654//5819
f 3654//5820 3653//5820 3655//5820
f 3654//5821 3655//5821 3656//5821
f 3656//5822 3655//5822 3657//5822
f 3656//5823 3657//5823 3658//5823
f 3658//5824 3657//5824 3659//5824
f 3658//5825 3659//5825 3660//5825
f 3660//5826 3659//5826 3661//5826
f 3660//5827 3661//5827 3662//5827
f 3662//5828 3661//5828 3663//5828
f 3662//5829 3663//5829 3664//5829
f 3664//5830 3663//5830 3665//5830
f 3664//5831 3665//5831 3666//5831
f 3667//5832 3668//5832 3669//5832
f 3666//5833 3665//5833 3670//5833
f 3670//5834 3665//5834 3671//5834
f 3670//5835 3671//5835 3672//5835
f 3672//5836 3671//5836 3667//5836
f 3672//5837 3667//5837 3673//5837
f 3673//5838 3667//5838 3669//5838
f 3673//5839 3669//5839 3674//5839
f 3506//5840 3505//5840 3656//5840
f 3656//5841 3505//5841 3509//5841
f 3656//5842 3509//5842 3654//5842
f 3654//5843 3509//5843 3508//5843
f 3654//5844 3508//5844 3652//5844
f 3656//5845 3658//5845 3506//5845
f 3506//5846 3658//5846 3660//5846
f 3506//5847 3660//5847 3507//5847
f 3507//5848 3660//5848 3662//5848
f 3507//5849 3662//5849 3501//5849
f 3501//5850 3662//5850 3664//5850
f 3501//5851 3664//5851 3502//5851
f 3502//5852 3664//5852 3666//5852
f 3502//5853 3666//5853 3503//5853
f 3503//5854 3666//5854 3670//5854
f 3503//5855 3670//5855 3504//5855
f 3504//5856 3670//5856 3672//5856
f 3504//5857 3672//5857 3499//5857
f 3499//5858 3672//5858 3673//5858
f 3499//5859 3673//5859 3500//5859
f 3500//5860 3673//5860 3674//5860
f 3500//5861 3674//5861 3338//5861
f 3510//5862 3601//5862 3511//5862
f 3511//5863 3601//5863 3649//5863
f 3652//5864 3508//5864 3649//5864
f 3649//5865 3508//5865 3512//5865
f 3649//5866 3512//5866 3511//5866
f 3338//5867 3337//5867 3500//5867
f 3500//5868 3337//5868 3342//5868
f 3500//1336 3342//1336 3498//1336
f 3498//1337 3342//1337 3341//1337
f 3374//5869 3497//5869 3339//5869
f 3339//5870 3497//5870 3496//5870
f 3339//5871 3496//5871 3340//5871
f 3340//5872 3496//5872 3495//5872
f 3340//5873 3495//5873 3341//5873
f 3341//5874 3495//5874 3494//5874
f 3341//5875 3494//5875 3498//5875
f 1033//5876 1025//5876 3675//5876
f 3675//5877 1025//5877 3668//5877
f 3674//5876 3669//5876 3338//5876
f 3338//5877 3669//5877 3668//5877
f 3338//5877 3668//5877 3334//5877
f 3334//5876 3668//5876 1025//5876
f 3334//5876 1025//5876 3335//5876
f 1012//5878 394//5878 3151//5878
f 3637//5879 2901//5879 2899//5879
f 3675//5880 3668//5880 3667//5880
f 3154//5881 1030//5881 3155//5881
f 3155//5882 1030//5882 1032//5882
f 3155//5883 1032//5883 1033//5883
f 3659//5884 3159//5884 3661//5884
f 3661//5885 3159//5885 3158//5885
f 3661//5886 3158//5886 3663//5886
f 3663//5887 3158//5887 3157//5887
f 3663//5888 3157//5888 3665//5888
f 3665//5889 3157//5889 3156//5889
f 3665//5890 3156//5890 3671//5890
f 3671//5891 3156//5891 3155//5891
f 3671//5892 3155//5892 3667//5892
f 3667//5893 3155//5893 1033//5893
f 3667//5894 1033//5894 3675//5894
f 3659//5895 3657//5895 3159//5895
f 3159//5896 3657//5896 3655//5896
f 3159//5897 3655//5897 3160//5897
f 3160//5898 3655//5898 3653//5898
f 3160//5899 3653//5899 3161//5899
f 3161//5900 3653//5900 3651//5900
f 3161//5901 3651//5901 3162//5901
f 3162//5902 3651//5902 3650//5902
f 3162//5903 3650//5903 3163//5903
f 3163//5904 3650//5904 3648//5904
f 3163//5905 3648//5905 3164//5905
f 3164//5906 3648//5906 3644//5906
f 3164//5907 3644//5907 3165//5907
f 3165//5908 3644//5908 3645//5908
f 3165//5909 3645//5909 3166//5909
f 3166//5910 3645//5910 3646//5910
f 3166//5911 3646//5911 3167//5911
f 3176//5912 3175//5912 3642//5912
f 3642//5913 3175//5913 3174//5913
f 3642//5914 3174//5914 3641//5914
f 3641//5915 3174//5915 3173//5915
f 3641//5916 3173//5916 3640//5916
f 3640//5917 3173//5917 3172//5917
f 3640//5918 3172//5918 3639//5918
f 3639//5919 3172//5919 3171//5919
f 3639//5920 3171//5920 3638//5920
f 3638//5921 3171//5921 3170//5921
f 3638//5922 3170//5922 3647//5922
f 3647//5923 3170//5923 3169//5923
f 3647//5924 3169//5924 3646//5924
f 3646//5925 3169//5925 3168//5925
f 3646//5926 3168//5926 3167//5926
f 3642//5927 3643//5927 3176//5927
f 3176//5928 3643//5928 3624//5928
f 3176//5929 3624//5929 3177//5929
f 3177//5930 3624//5930 3631//5930
f 3177//5931 3631//5931 3178//5931
f 3178//5932 3631//5932 3636//5932
f 2898//5933 3181//5933 3635//5933
f 3635//5934 3181//5934 3180//5934
f 3635//5935 3180//5935 3636//5935
f 3636//5936 3180//5936 3179//5936
f 3636//5937 3179//5937 3178//5937
f 3635//5938 3634//5938 2898//5938
f 2898//5939 3634//5939 3633//5939
f 2898//5940 3633//5940 2899//5940
f 2899//5941 3633//5941 3632//5941
f 2899//5942 3632//5942 3637//5942
f 3637//5943 3630//5943 2901//5943
f 2901//5944 3630//5944 3629//5944
f 2901//5945 3629//5945 2906//5945
f 2906//5946 3629//5946 3628//5946
f 2906//5947 3628//5947 2907//5947
f 2907//5948 3628//5948 3626//5948
f 2907//5949 3626//5949 2909//5949
f 2909//5950 3626//5950 2910//5950
f 3574//5951 2903//5951 3625//5951
f 3625//5952 2903//5952 2910//5952
f 3625//5953 2910//5953 3627//5953
f 3627//5954 2910//5954 3626//5954
f 3150//5955 3149//5955 3587//5955
f 3587//5956 3149//5956 3148//5956
f 3587//5957 3148//5957 3592//5957
f 3592//5958 3148//5958 3146//5958
f 3592//5959 3146//5959 3590//5959
f 3590//5960 3146//5960 3147//5960
f 3590//5961 3147//5961 3573//5961
f 3573//5962 3147//5962 3145//5962
f 3573//5963 3145//5963 3574//5963
f 3574//5964 3145//5964 2904//5964
f 3574//5965 2904//5965 2903//5965
f 910//5966 1013//5966 3576//5966
f 3576//5967 1013//5967 3578//5967
f 1013//5968 1012//5968 3578//5968
f 3578//5969 1012//5969 3151//5969
f 3578//5970 3151//5970 3579//5970
f 3579//5971 3151//5971 3152//5971
f 3579//5972 3152//5972 3581//5972
f 3581//5973 3152//5973 3153//5973
f 3581//5974 3153//5974 3584//5974
f 3584//5975 3153//5975 3150//5975
f 3584//5976 3150//5976 3585//5976
f 3585//5977 3150//5977 3587//5977
f 1038//5978 1031//5978 3676//5978
f 3676//5979 1031//5979 1030//5979
f 3676//5980 1030//5980 3154//5980
f 3144//5981 3085//5981 3154//5981
f 3154//5982 3085//5982 3054//5982
f 3154//5983 3054//5983 3676//5983
f 1039//5984 1038//5984 3676//5984
f 3058//5985 1039//5985 3056//5985
f 3056//5986 1039//5986 3676//5986
f 3056//5987 3676//5987 3053//5987
f 3053//5988 3676//5988 3054//5988
f 3677//5989 1028//5989 1041//5989
f 3678//5990 3679//5990 3680//5990
f 3680//5991 3679//5991 3681//5991
f 3680//5992 3681//5992 3682//5992
f 3682//5993 3681//5993 3677//5993
f 3682//5994 3677//5994 3683//5994
f 3683//5995 3677//5995 1041//5995
f 3684//5996 3685//5996 3686//5996
f 3684//5996 3686//5996 3687//5996
f 3687//5997 3686//5997 3688//5997
f 3687//5998 3688//5998 3689//5998
f 3689//5999 3688//5999 3690//5999
f 3689//6000 3690//6000 3691//6000
f 3692//6001 3691//6001 3693//6001
f 3693//6002 3691//6002 3690//6002
f 3693//6003 3690//6003 3694//6003
f 3694//6004 3690//6004 3688//6004
f 3694//6005 3688//6005 3695//6005
f 3695//6006 3688//6006 3686//6006
f 3695//6007 3686//6007 3696//6007
f 3696//6008 3686//6008 3685//6008
f 3696//6009 3685//6009 3697//6009
f 3698//1522 3699//1522 3700//1522
f 3701//1518 3702//1518 3703//1518
f 3703//6010 3702//6010 3704//6010
f 3704//6011 3705//6011 3703//6011
f 3703//1519 3705//1519 3706//1519
f 3703//6012 3706//6012 3700//6012
f 3700//6013 3706//6013 3707//6013
f 3700//1522 3707//1522 3698//1522
f 3699//6014 3708//6014 3709//6014
f 3709//6015 3708//6015 3710//6015
f 3711//6016 3709//6016 3710//6016
f 3712//6017 3703//6017 3713//6017
f 3713//6018 3703//6018 3700//6018
f 3713//6019 3700//6019 3711//6019
f 3711//6020 3700//6020 3699//6020
f 3711//6021 3699//6021 3709//6021
f 3701//6022 3703//6022 3714//6022
f 3714//6023 3703//6023 3712//6023
f 3714//6024 3712//6024 3715//6024
f 3710//6025 3716//6025 3711//6025
f 3711//6026 3716//6026 3717//6026
f 3711//6027 3717//6027 3713//6027
f 3713//6028 3717//6028 3718//6028
f 3713//6029 3718//6029 3712//6029
f 3712//6030 3718//6030 3719//6030
f 3712//6031 3719//6031 3715//6031
f 3720//6032 3721//6032 3710//6032
f 3710//6033 3721//6033 3716//6033
f 3716//6034 3721//6034 3717//6034
f 3717//6035 3721//6035 3722//6035
f 3717//6036 3722//6036 3718//6036
f 3691//6037 3692//6037 3719//6037
f 3719//6038 3692//6038 3723//6038
f 3719//6039 3723//6039 3715//6039
f 3719//6040 3718//6040 3691//6040
f 3691//6041 3718//6041 3722//6041
f 3691//6042 3722//6042 3689//6042
f 3689//6043 3722//6043 3721//6043
f 3689//6044 3721//6044 3687//6044
f 3687//6045 3721//6045 3720//6045
f 3687//6046 3720//6046 3684//6046
f 3724//6047 3684//6047 3720//6047
f 3708//6048 3725//6048 3710//6048
f 3710//6049 3725//6049 3726//6049
f 3727//6050 3724//6050 3726//6050
f 3726//6051 3724//6051 3720//6051
f 3726//6052 3720//6052 3710//6052
f 3728//6053 3727//6053 3729//6053
f 3729//6054 3727//6054 3726//6054
f 3729//6055 3726//6055 3730//6055
f 3730//6056 3726//6056 3725//6056
f 3731//6057 3732//6057 3733//6057
f 3732//6058 3731//6058 3734//6058
f 1808//6059 1787//6059 3735//6059
f 3735//6060 1787//6060 3736//6060
f 3735//6061 3736//6061 3737//6061
f 3737//6062 3736//6062 3738//6062
f 3737//6063 3738//6063 3739//6063
f 3739//6064 3738//6064 3740//6064
f 3739//6065 3740//6065 3741//6065
f 3733//6066 3742//6066 3731//6066
f 3731//6067 3742//6067 3743//6067
f 3731//6068 3743//6068 3744//6068
f 3744//6069 3743//6069 3745//6069
f 3744//6070 3745//6070 3746//6070
f 3734//6071 3731//6071 3747//6071
f 3747//6072 3731//6072 3744//6072
f 3747//6073 3744//6073 3748//6073
f 3748//6074 3744//6074 3746//6074
f 3748//6075 3746//6075 3749//6075
f 1787//6076 1786//6076 3736//6076
f 3736//6077 1786//6077 1798//6077
f 3736//6078 1798//6078 3738//6078
f 3738//6079 1798//6079 3749//6079
f 3738//6080 3749//6080 3740//6080
f 3740//6081 3749//6081 3746//6081
f 3740//6082 3746//6082 3741//6082
f 3741//6083 3746//6083 3745//6083
f 1195//817 1197//817 1125//817
f 1125//817 1197//817 1126//817
f 1194//1596 1133//1596 3750//1596
f 3750//1596 1133//1596 1135//1596
f 1128//1594 1139//1594 1130//1594
f 1130//1594 1139//1594 3751//1594
f 1130//1595 3751//1595 1132//1595
f 1132//1595 3751//1595 3752//1595
f 1132//1597 3752//1597 1135//1597
f 1135//6084 3752//6084 3753//6084
f 1135//6085 3753//6085 3750//6085
f 1148//1604 1161//1604 1146//1604
f 1146//1604 1161//1604 3754//1604
f 1146//1603 3754//1603 1144//1603
f 1144//1603 3754//1603 3755//1603
f 1144//1602 3755//1602 1142//1602
f 1142//1602 3755//1602 3756//1602
f 1142//1600 3756//1600 1140//1600
f 1140//1600 3756//1600 1138//1600
f 1150//817 1157//817 1151//817
f 1151//817 1157//817 1156//817
f 1168//1610 1171//1610 1166//1610
f 1166//1610 1171//1610 3757//1610
f 1166//1609 3757//1609 1164//1609
f 1164//1609 3757//1609 3758//1609
f 1164//1608 3758//1608 1162//1608
f 1162//1608 3758//1608 3759//1608
f 1162//1607 3759//1607 1159//1607
f 1159//1607 3759//1607 1160//1607
f 3760//817 3761//817 1194//817
f 1194//817 3761//817 1196//817
f 1161//817 1160//817 3762//817
f 3762//817 1160//817 3763//817
f 1139//817 1138//817 3764//817
f 3764//817 1138//817 3756//817
f 3750//817 3764//817 1194//817
f 1194//817 3764//817 3765//817
f 1194//817 3765//817 3760//817
f 3751//817 1139//817 3752//817
f 3752//817 1139//817 3764//817
f 3752//817 3764//817 3753//817
f 3753//817 3764//817 3750//817
f 3757//817 1171//817 3766//817
f 3766//817 1171//817 1170//817
f 3766//817 1170//817 3767//817
f 3762//817 3768//817 1161//817
f 1161//817 3768//817 3769//817
f 1161//817 3769//817 3754//817
f 3754//817 3769//817 3764//817
f 3754//817 3764//817 3755//817
f 3755//817 3764//817 3756//817
f 3761//817 3770//817 1196//817
f 1196//817 3770//817 3771//817
f 1196//817 3771//817 3772//817
f 3772//817 3771//817 3766//817
f 3772//817 3766//817 3773//817
f 3773//817 3766//817 3767//817
f 3758//817 3757//817 3759//817
f 3759//817 3757//817 3766//817
f 3759//817 3766//817 1160//817
f 1160//817 3766//817 3774//817
f 1160//817 3774//817 3763//817
f 1170//1614 1172//1614 3767//1614
f 3767//1614 1172//1614 1193//1614
f 3767//1613 1193//1613 3773//1613
f 3773//1613 1193//1613 1192//1613
f 3773//1612 1192//1612 3772//1612
f 3772//1612 1192//1612 1191//1612
f 3772//1611 1191//1611 1196//1611
f 1196//1611 1191//1611 1190//1611
f 3775//6086 3776//6086 3777//6086
f 3777//6087 3776//6087 3778//6087
f 3775//6088 3779//6088 3776//6088
f 3776//6089 3779//6089 3780//6089
f 3776//6090 3780//6090 3781//6090
f 3782//6091 3783//6091 3776//6091
f 3776//6092 3783//6092 3784//6092
f 3776//6093 3784//6093 3785//6093
f 3786//6094 3787//6094 3788//6094
f 3788//6095 3787//6095 3789//6095
f 2846//6096 2844//6096 3787//6096
f 3787//6097 2844//6097 2843//6097
f 3787//6097 2843//6097 2837//6097
f 2837//6098 2839//6098 3787//6098
f 3787//6099 2839//6099 2841//6099
f 3787//6100 2841//6100 2842//6100
f 2842//6101 2835//6101 3787//6101
f 3787//6102 2835//6102 2834//6102
f 3787//6103 2834//6103 2848//6103
f 2848//6104 2847//6104 3787//6104
f 3787//6105 2847//6105 3790//6105
f 3787//6105 3790//6105 3791//6105
f 3792//1605 3793//1605 3794//1605
f 3794//1605 3793//1605 3795//1605
f 3795//6106 3793//6106 3796//6106
f 3796//6107 3793//6107 3797//6107
f 3796//6108 3797//6108 3798//6108
f 3798//6109 3797//6109 3799//6109
f 3799//6110 3797//6110 3800//6110
f 3799//6111 3800//6111 3801//6111
f 3801//6112 3800//6112 3802//6112
f 3801//6113 3802//6113 3803//6113
f 3803//6114 3802//6114 3804//6114
f 3803//6115 3804//6115 3805//6115
f 3806//6116 3807//6116 3808//6116
f 3809//6117 3804//6117 3802//6117
f 3810//6118 3811//6118 3812//6118
f 3812//6119 3811//6119 3813//6119
f 3812//6120 3813//6120 3809//6120
f 3809//6121 3813//6121 3814//6121
f 3809//6122 3814//6122 3815//6122
f 3812//6123 3816//6123 3810//6123
f 3810//6124 3816//6124 3817//6124
f 3810//6125 3817//6125 3808//6125
f 3808//6126 3817//6126 3818//6126
f 3808//6127 3818//6127 3806//6127
f 3809//6117 3802//6117 3812//6117
f 3812//6128 3802//6128 3800//6128
f 3812//6128 3800//6128 3816//6128
f 3816//6129 3800//6129 3797//6129
f 3816//6129 3797//6129 3817//6129
f 3817//6130 3797//6130 3793//6130
f 3817//6130 3793//6130 3818//6130
f 3819//6131 1657//6131 1656//6131
f 3820//6132 1662//6132 1663//6132
f 3821//6133 3822//6133 3823//6133
f 3823//6134 3822//6134 3824//6134
f 3823//6135 3824//6135 3825//6135
f 3825//6136 3824//6136 3820//6136
f 3825//6137 3820//6137 3826//6137
f 3826//6138 3820//6138 1663//6138
f 1656//6139 3827//6139 3819//6139
f 3819//6140 3827//6140 3828//6140
f 3819//6141 3828//6141 3829//6141
f 3830//6142 3831//6142 3832//6142
f 3832//6143 3831//6143 3833//6143
f 3832//6144 3833//6144 3834//6144
f 3834//6145 3833//6145 3829//6145
f 3834//6146 3829//6146 3835//6146
f 3835//6147 3829//6147 3828//6147
f 1663//6148 1657//6148 3826//6148
f 3826//6149 1657//6149 3819//6149
f 3826//6150 3819//6150 3825//6150
f 3825//6150 3819//6150 3829//6150
f 3825//6151 3829//6151 3823//6151
f 3823//6151 3829//6151 3833//6151
f 3823//6152 3833//6152 3821//6152
f 3821//6153 3833//6153 3831//6153
f 3827//6154 1656//6154 3836//6154
f 3835//6155 3828//6155 3837//6155
f 3838//6156 3839//6156 3840//6156
f 3841//6157 3842//6157 3843//6157
f 3832//6158 3834//6158 3844//6158
f 3843//6159 3842//6159 3845//6159
f 3845//6160 3842//6160 3846//6160
f 3846//6161 3842//6161 3847//6161
f 3846//6162 3847//6162 3840//6162
f 3840//6163 3847//6163 3848//6163
f 3840//6164 3848//6164 3838//6164
f 3849//6165 3850//6165 3848//6165
f 3848//6166 3850//6166 3851//6166
f 3848//6167 3851//6167 3838//6167
f 3852//6168 3853//6168 3854//6168
f 3855//6169 3856//6169 3857//6169
f 3853//6170 3849//6170 3854//6170
f 3854//6171 3849//6171 3848//6171
f 3854//6172 3848//6172 3858//6172
f 3858//6173 3848//6173 3847//6173
f 3858//6174 3847//6174 3859//6174
f 3859//6175 3847//6175 3842//6175
f 3859//6176 3842//6176 3844//6176
f 3844//6177 3842//6177 3841//6177
f 3844//6178 3841//6178 3832//6178
f 3832//6179 3841//6179 3860//6179
f 3832//6180 3860//6180 3830//6180
f 3857//6181 3852//6181 3855//6181
f 3855//6182 3852//6182 3854//6182
f 3855//6183 3854//6183 3861//6183
f 3861//6184 3854//6184 3858//6184
f 3861//6185 3858//6185 3862//6185
f 3862//6186 3858//6186 3859//6186
f 3862//6187 3859//6187 3837//6187
f 3837//6188 3859//6188 3844//6188
f 3837//6189 3844//6189 3835//6189
f 3835//6190 3844//6190 3834//6190
f 3863//6191 3856//6191 3864//6191
f 3864//6192 3856//6192 3855//6192
f 3864//6193 3855//6193 3865//6193
f 3865//6194 3855//6194 3861//6194
f 3865//6195 3861//6195 3866//6195
f 3866//6196 3861//6196 3862//6196
f 3866//6197 3862//6197 3836//6197
f 3836//6198 3862//6198 3837//6198
f 3836//6199 3837//6199 3827//6199
f 3827//6200 3837//6200 3828//6200
f 3867//6201 3868//6201 1297//6201
f 3865//6202 3866//6202 1302//6202
f 1302//6203 3866//6203 1303//6203
f 1303//6204 3866//6204 3836//6204
f 1303//1745 3836//1745 1656//1745
f 1297//6205 3868//6205 1299//6205
f 3868//6206 3869//6206 1299//6206
f 1299//6207 3869//6207 3863//6207
f 1299//6208 3863//6208 1302//6208
f 1302//6209 3863//6209 3864//6209
f 1302//6210 3864//6210 3865//6210
f 1295//6211 1673//6211 1297//6211
f 1297//6212 1673//6212 3870//6212
f 1297//6213 3870//6213 3867//6213
f 3871//6214 3872//6214 3873//6214
f 3872//6215 3871//6215 3874//6215
f 3874//6216 3871//6216 3875//6216
f 3874//6217 3875//6217 3876//6217
f 3876//6218 3875//6218 3877//6218
f 3876//6219 3877//6219 3878//6219
f 3879//6220 1673//6220 1678//6220
f 3880//6221 3871//6221 3881//6221
f 3881//6222 3871//6222 3873//6222
f 3881//6223 3873//6223 3882//6223
f 1676//6224 3878//6224 1678//6224
f 1678//6225 3878//6225 3877//6225
f 1678//6226 3877//6226 3879//6226
f 3879//6227 3877//6227 3875//6227
f 3879//6228 3875//6228 3883//6228
f 3883//6229 3875//6229 3871//6229
f 3883//6230 3871//6230 3884//6230
f 3884//6231 3871//6231 3880//6231
f 3885//6232 3883//6232 3884//6232
f 3886//6233 3887//6233 3839//6233
f 3888//6234 3889//6234 3890//6234
f 3839//6235 3838//6235 3886//6235
f 3886//6236 3838//6236 3851//6236
f 3886//6237 3851//6237 3891//6237
f 3891//6238 3851//6238 3850//6238
f 3891//6239 3850//6239 3892//6239
f 3892//6240 3850//6240 3849//6240
f 3892//6241 3849//6241 3893//6241
f 3849//6242 3853//6242 3893//6242
f 3893//6243 3853//6243 3852//6243
f 3893//6244 3852//6244 3894//6244
f 3894//6245 3852//6245 3857//6245
f 3894//6246 3857//6246 3856//6246
f 3879//6247 3883//6247 3895//6247
f 3895//6248 3883//6248 3885//6248
f 3895//6249 3885//6249 3896//6249
f 3890//6250 3897//6250 3888//6250
f 3888//6251 3897//6251 3898//6251
f 3888//6252 3898//6252 3899//6252
f 3899//6253 3898//6253 3900//6253
f 3899//6254 3900//6254 3901//6254
f 3902//6255 3889//6255 3903//6255
f 3903//6256 3889//6256 3888//6256
f 3903//6257 3888//6257 3904//6257
f 3904//6258 3888//6258 3899//6258
f 3904//6259 3899//6259 3905//6259
f 3905//6260 3899//6260 3901//6260
f 3905//6261 3901//6261 3906//6261
f 1673//6262 3879//6262 3870//6262
f 3870//6263 3879//6263 3895//6263
f 3870//6264 3895//6264 3867//6264
f 3867//6265 3895//6265 3896//6265
f 3867//6266 3896//6266 3868//6266
f 3880//6267 3902//6267 3884//6267
f 3884//6268 3902//6268 3903//6268
f 3884//6269 3903//6269 3885//6269
f 3885//6270 3903//6270 3904//6270
f 3885//6271 3904//6271 3896//6271
f 3896//6272 3904//6272 3905//6272
f 3896//6273 3905//6273 3868//6273
f 3868//6274 3905//6274 3906//6274
f 3868//6275 3906//6275 3869//6275
f 3890//6276 3887//6276 3897//6276
f 3897//6277 3887//6277 3886//6277
f 3897//6278 3886//6278 3898//6278
f 3898//6279 3886//6279 3891//6279
f 3898//6280 3891//6280 3900//6280
f 3900//6281 3891//6281 3892//6281
f 3900//6282 3892//6282 3901//6282
f 3901//6283 3892//6283 3893//6283
f 3901//6284 3893//6284 3906//6284
f 3906//6285 3893//6285 3894//6285
f 3906//6286 3894//6286 3869//6286
f 3869//6287 3894//6287 3856//6287
f 3869//6288 3856//6288 3863//6288
f 3907//6289 3908//6289 3909//6289
f 3910//6290 3911//6290 3912//6290
f 3889//6291 3902//6291 3913//6291
f 3914//6292 3915//6292 3887//6292
f 3839//6293 3887//6293 3916//6293
f 3916//6294 3887//6294 3915//6294
f 3916//6295 3915//6295 3917//6295
f 3918//6296 3911//6296 3919//6296
f 3919//6297 3911//6297 3910//6297
f 3919//6298 3910//6298 3920//6298
f 3921//6299 3922//6299 3923//6299
f 3923//6300 3922//6300 3924//6300
f 3923//6301 3924//6301 3925//6301
f 3908//6302 3921//6302 3909//6302
f 3909//6303 3921//6303 3923//6303
f 3909//6304 3923//6304 3912//6304
f 3912//6305 3923//6305 3925//6305
f 3912//6306 3925//6306 3910//6306
f 3887//6307 3890//6307 3914//6307
f 3914//6308 3890//6308 3889//6308
f 3914//6309 3889//6309 3926//6309
f 3926//6310 3889//6310 3913//6310
f 3926//6311 3913//6311 3815//6311
f 3815//6312 3913//6312 3927//6312
f 3902//6313 3880//6313 3913//6313
f 3913//6314 3880//6314 3881//6314
f 3913//6315 3881//6315 3927//6315
f 3927//6316 3881//6316 3882//6316
f 3815//6317 3907//6317 3926//6317
f 3926//6318 3907//6318 3909//6318
f 3926//6319 3909//6319 3914//6319
f 3914//6320 3909//6320 3912//6320
f 3914//6321 3912//6321 3915//6321
f 3915//6322 3912//6322 3911//6322
f 3915//6323 3911//6323 3917//6323
f 3917//6324 3911//6324 3918//6324
f 3815//6325 3814//6325 3928//6325
f 3815//6326 3928//6326 3907//6326
f 3907//6327 3928//6327 3929//6327
f 3907//6328 3929//6328 3908//6328
f 3808//6329 3807//6329 3930//6329
f 3813//6330 3811//6330 3931//6330
f 3931//6331 3811//6331 3810//6331
f 3931//6332 3810//6332 3932//6332
f 3932//6333 3810//6333 3808//6333
f 3932//6334 3808//6334 3933//6334
f 3933//6335 3808//6335 3930//6335
f 3933//6336 3930//6336 3934//6336
f 3814//6337 3813//6337 3928//6337
f 3928//6338 3813//6338 3931//6338
f 3928//6339 3931//6339 3929//6339
f 3929//6340 3931//6340 3932//6340
f 3929//6341 3932//6341 3935//6341
f 3935//6342 3932//6342 3933//6342
f 3935//6343 3933//6343 3936//6343
f 3936//6344 3933//6344 3934//6344
f 3937//6345 3908//6345 3929//6345
f 3938//6346 3939//6346 3940//6346
f 3941//6347 3942//6347 3943//6347
f 3943//6348 3942//6348 3944//6348
f 3945//6349 3946//6349 3947//6349
f 3947//6349 3946//6349 3948//6349
f 3947//6350 3948//6350 3949//6350
f 3949//6350 3948//6350 3940//6350
f 3949//6351 3940//6351 3950//6351
f 3950//6352 3940//6352 3939//6352
f 3946//6353 3951//6353 3948//6353
f 3948//6353 3951//6353 3952//6353
f 3948//6354 3952//6354 3940//6354
f 3940//6354 3952//6354 3953//6354
f 3940//6355 3953//6355 3938//6355
f 3938//6356 3953//6356 3954//6356
f 3951//6357 3955//6357 3952//6357
f 3952//6357 3955//6357 3956//6357
f 3952//6358 3956//6358 3953//6358
f 3953//6358 3956//6358 3957//6358
f 3953//6359 3957//6359 3954//6359
f 3954//6360 3957//6360 3941//6360
f 3954//6361 3941//6361 3958//6361
f 3958//6362 3941//6362 3943//6362
f 3959//6363 3955//6363 3960//6363
f 3960//6364 3955//6364 3951//6364
f 3960//6364 3951//6364 3961//6364
f 3961//6365 3951//6365 3946//6365
f 3961//6365 3946//6365 3962//6365
f 3962//6366 3946//6366 3945//6366
f 3962//6366 3945//6366 3937//6366
f 3959//6367 3963//6367 3955//6367
f 3955//6368 3963//6368 3964//6368
f 3955//6369 3964//6369 3956//6369
f 3956//6369 3964//6369 3965//6369
f 3956//6370 3965//6370 3957//6370
f 3957//6370 3965//6370 3966//6370
f 3957//6371 3966//6371 3941//6371
f 3941//6372 3966//6372 3967//6372
f 3941//6373 3967//6373 3942//6373
f 3937//6345 3929//6345 3962//6345
f 3962//6374 3929//6374 3935//6374
f 3962//6374 3935//6374 3961//6374
f 3961//6375 3935//6375 3936//6375
f 3961//6375 3936//6375 3960//6375
f 3960//6376 3936//6376 3934//6376
f 3960//6376 3934//6376 3959//6376
f 3968//6377 3969//6377 3970//6377
f 3970//6378 3969//6378 3971//6378
f 3972//6379 3973//6379 3974//6379
f 3974//6380 3973//6380 3975//6380
f 3971//6381 3976//6381 3970//6381
f 3970//6382 3976//6382 3977//6382
f 3970//6383 3977//6383 3978//6383
f 3978//6384 3977//6384 3979//6384
f 3978//6385 3979//6385 3972//6385
f 3972//6386 3979//6386 3980//6386
f 3972//6387 3980//6387 3973//6387
f 3981//1920 3982//1920 3983//1920
f 3943//1920 3944//1920 3974//1920
f 3974//1920 3939//1920 3938//1920
f 3975//1920 3984//1920 3925//1920
f 3925//1920 3984//1920 3985//1920
f 3925//1920 3985//1920 3910//1920
f 3910//1920 3985//1920 3986//1920
f 3910//1920 3986//1920 3920//1920
f 3920//1920 3986//1920 3981//1920
f 3920//1920 3981//1920 3987//1920
f 3987//1920 3981//1920 3983//1920
f 3938//1920 3954//1920 3974//1920
f 3974//1920 3954//1920 3958//1920
f 3974//1920 3958//1920 3943//1920
f 3925//1920 3924//1920 3975//1920
f 3975//1920 3924//1920 3922//1920
f 3975//1920 3922//1920 3974//1920
f 3974//1920 3922//1920 3950//1920
f 3974//1920 3950//1920 3939//1920
f 3988//6388 3989//6388 3990//6388
f 3990//6389 3989//6389 3991//6389
f 3991//6390 3989//6390 3992//6390
f 3992//6391 3989//6391 3993//6391
f 3992//6392 3993//6392 3994//6392
f 3994//6393 3993//6393 3995//6393
f 3995//6394 3993//6394 3996//6394
f 3995//1921 3996//1921 3997//1921
f 3998//1929 3999//1929 3996//1929
f 3996//1929 3999//1929 4000//1929
f 3996//1929 4000//1929 3997//1929
f 3995//6395 3997//6395 4001//6395
f 4001//6396 3997//6396 4002//6396
f 4003//6397 4004//6397 4005//6397
f 4006//6398 4007//6398 4008//6398
f 4002//6399 3997//6399 4008//6399
f 4008//6400 3997//6400 4000//6400
f 4008//6401 4000//6401 4006//6401
f 4006//6402 4000//6402 3999//6402
f 4006//6403 3999//6403 4003//6403
f 3995//6404 4001//6404 3994//6404
f 3994//6405 4001//6405 4009//6405
f 3994//6406 4009//6406 3992//6406
f 3920//6407 3987//6407 3988//6407
f 3988//6408 3987//6408 3983//6408
f 3988//6409 3983//6409 4010//6409
f 4010//6410 3983//6410 4011//6410
f 4010//6411 4011//6411 4012//6411
f 4013//6412 3988//6412 4014//6412
f 4014//6413 3988//6413 3990//6413
f 4014//6414 3990//6414 3991//6414
f 3920//6415 3988//6415 3919//6415
f 3919//6416 3988//6416 4013//6416
f 3919//6417 4013//6417 3918//6417
f 3918//6418 4013//6418 4015//6418
f 3918//6419 4015//6419 3917//6419
f 3917//6420 4015//6420 4016//6420
f 3917//6421 4016//6421 3916//6421
f 3830//6422 3860//6422 4017//6422
f 3860//6423 3841//6423 4017//6423
f 4017//6424 3841//6424 3843//6424
f 4017//6425 3843//6425 3845//6425
f 3845//6426 3846//6426 4017//6426
f 4017//6427 3846//6427 3840//6427
f 4017//6428 3840//6428 3839//6428
f 4018//6429 3821//6429 4019//6429
f 4019//6430 3821//6430 4020//6430
f 4019//6431 4020//6431 4021//6431
f 4022//6432 3822//6432 4023//6432
f 4023//6433 3822//6433 3821//6433
f 4023//6434 3821//6434 4024//6434
f 4024//6435 3821//6435 4018//6435
f 4021//6436 4020//6436 4025//6436
f 4025//6437 4020//6437 4026//6437
f 4025//6438 4026//6438 4027//6438
f 3821//6439 3831//6439 4020//6439
f 4020//6440 3831//6440 3830//6440
f 4020//6441 3830//6441 4026//6441
f 4026//6442 3830//6442 4017//6442
f 4026//6443 4017//6443 4027//6443
f 4027//6444 4017//6444 4028//6444
f 3839//6445 3916//6445 4017//6445
f 4017//6446 3916//6446 4016//6446
f 4017//6447 4016//6447 4028//6447
f 4028//6448 4016//6448 4015//6448
f 4028//6449 4015//6449 4029//6449
f 4013//6450 4030//6450 4031//6450
f 4013//6451 4031//6451 4015//6451
f 4015//6452 4031//6452 4032//6452
f 4015//6453 4032//6453 4029//6453
f 2832//6454 4030//6454 2831//6454
f 2831//6455 4030//6455 4013//6455
f 2831//6456 4013//6456 4009//6456
f 4009//6457 4013//6457 4014//6457
f 4009//6458 4014//6458 3992//6458
f 3992//6459 4014//6459 3991//6459
f 4003//6460 4005//6460 4006//6460
f 4006//6461 4005//6461 4033//6461
f 4006//6462 4033//6462 4007//6462
f 4034//6463 4002//6463 4008//6463
f 4035//6464 2827//6464 2829//6464
f 4002//6465 4034//6465 4001//6465
f 4001//6466 4034//6466 4035//6466
f 4001//6467 4035//6467 4009//6467
f 4009//6468 4035//6468 2829//6468
f 4009//6469 2829//6469 2831//6469
f 4036//6470 4037//6470 4035//6470
f 4037//6471 3791//6471 4035//6471
f 4035//6472 3791//6472 4038//6472
f 4035//6473 4038//6473 2827//6473
f 3789//6474 3787//6474 4039//6474
f 4039//6475 3787//6475 3791//6475
f 4039//6476 3791//6476 4040//6476
f 4040//6477 3791//6477 4037//6477
f 4005//6478 4041//6478 4033//6478
f 4033//6479 4041//6479 4042//6479
f 4033//6480 4042//6480 4007//6480
f 4007//6481 4042//6481 4043//6481
f 4007//6482 4043//6482 4008//6482
f 4008//6483 4043//6483 4044//6483
f 4008//6484 4044//6484 4034//6484
f 4034//6485 4044//6485 4045//6485
f 4034//6486 4045//6486 4035//6486
f 4035//6487 4045//6487 4046//6487
f 4035//6488 4046//6488 4036//6488
f 3781//6489 3780//6489 4047//6489
f 4047//6490 3780//6490 3779//6490
f 4048//6491 4049//6491 4050//6491
f 4051//6492 4052//6492 4053//6492
f 4054//6493 4055//6493 4056//6493
f 1487//6494 1485//6494 4057//6494
f 4058//6495 4059//6495 1544//6495
f 1544//6496 4059//6496 4060//6496
f 1544//6497 4060//6497 1542//6497
f 1540//6498 4061//6498 1484//6498
f 1594//6499 1599//6499 4062//6499
f 4062//6500 1599//6500 1488//6500
f 4062//6501 1488//6501 4063//6501
f 1537//6502 1536//6502 4064//6502
f 4064//6503 4065//6503 1537//6503
f 1537//6504 4065//6504 4066//6504
f 1537//6505 4066//6505 1535//6505
f 1535//6506 4066//6506 4067//6506
f 1535//6507 4067//6507 1532//6507
f 1532//6508 4067//6508 4068//6508
f 1532//6509 4068//6509 1533//6509
f 1533//6510 4068//6510 4069//6510
f 1533//6511 4069//6511 1491//6511
f 1491//6512 4069//6512 1492//6512
f 4070//6513 4071//6513 4072//6513
f 4073//6514 4070//6514 4074//6514
f 4054//6515 4056//6515 4073//6515
f 4073//6516 4056//6516 4075//6516
f 4075//6517 4056//6517 4076//6517
f 4075//6518 4076//6518 4077//6518
f 4077//6519 4076//6519 4078//6519
f 4077//6520 4078//6520 4079//6520
f 4079//6521 4078//6521 4080//6521
f 4079//6522 4080//6522 4081//6522
f 4081//6523 4080//6523 4082//6523
f 4081//6524 4082//6524 4083//6524
f 4083//6525 4082//6525 4084//6525
f 4083//6526 4084//6526 4085//6526
f 4085//6527 4084//6527 4086//6527
f 4086//6528 4084//6528 4087//6528
f 4086//6529 4087//6529 4088//6529
f 4089//6530 4090//6530 4091//6530
f 4091//6531 4090//6531 4092//6531
f 4091//6532 4092//6532 4093//6532
f 4093//6533 4092//6533 4094//6533
f 4093//6534 4094//6534 4087//6534
f 4087//6535 4094//6535 4095//6535
f 4087//6536 4095//6536 4088//6536
f 4089//6537 4091//6537 4096//6537
f 4096//6538 4091//6538 4097//6538
f 4096//6539 4097//6539 4098//6539
f 4098//6540 4097//6540 4099//6540
f 4099//6541 4097//6541 4100//6541
f 4099//6542 4100//6542 2846//6542
f 2837//6543 2843//6543 4100//6543
f 4100//6544 2843//6544 2845//6544
f 4100//6545 2845//6545 2846//6545
f 2847//6546 2849//6546 4101//6546
f 2834//6547 2833//6547 4100//6547
f 4100//6548 2833//6548 2836//6548
f 2836//6549 2840//6549 4100//6549
f 4100//6550 2840//6550 2838//6550
f 4100//6551 2838//6551 2837//6551
f 4038//6552 3791//6552 4102//6552
f 4102//6553 3791//6553 3790//6553
f 4102//6553 3790//6553 2847//6553
f 4032//6554 4031//6554 4102//6554
f 4102//6555 4031//6555 4030//6555
f 2832//6556 2830//6556 4030//6556
f 4030//6557 2830//6557 2828//6557
f 4030//6558 2828//6558 4102//6558
f 4102//6559 2828//6559 2827//6559
f 4102//6560 2827//6560 4038//6560
f 2847//6561 4101//6561 4102//6561
f 4102//6562 4101//6562 4029//6562
f 4102//6563 4029//6563 4032//6563
f 4028//6564 4103//6564 4027//6564
f 4027//6565 4103//6565 4104//6565
f 4027//6566 4104//6566 4025//6566
f 4025//6567 4104//6567 4021//6567
f 4021//6568 4104//6568 4105//6568
f 4021//6569 4105//6569 4019//6569
f 4106//6570 4023//6570 4024//6570
f 4107//6571 4106//6571 4108//6571
f 4108//6572 4106//6572 4024//6572
f 4108//6573 4024//6573 4105//6573
f 4105//6574 4024//6574 4018//6574
f 4105//6575 4018//6575 4019//6575
f 4053//6576 4052//6576 4109//6576
f 4052//6577 4110//6577 4109//6577
f 4109//6578 4110//6578 4111//6578
f 4109//6579 4111//6579 4108//6579
f 4108//6580 4111//6580 4112//6580
f 4108//6581 4112//6581 4107//6581
f 4051//6582 4053//6582 4113//6582
f 4113//6583 4053//6583 4114//6583
f 4113//6584 4114//6584 4115//6584
f 4116//6585 4117//6585 4118//6585
f 4118//6586 4119//6586 4116//6586
f 4116//6587 4119//6587 4120//6587
f 4116//6588 4120//6588 4121//6588
f 4120//6589 4122//6589 4121//6589
f 4121//6590 4122//6590 4123//6590
f 4121//6591 4123//6591 4124//6591
f 1544//6592 1546//6592 4058//6592
f 4058//6593 1546//6593 4125//6593
f 4058//6594 4125//6594 4124//6594
f 4070//6595 4072//6595 4074//6595
f 4074//6596 4072//6596 4126//6596
f 4074//6597 4126//6597 4127//6597
f 4126//6598 4128//6598 4127//6598
f 4127//6599 4128//6599 4129//6599
f 4127//6600 4129//6600 4130//6600
f 4130//6601 4129//6601 4131//6601
f 4130//6602 4131//6602 4132//6602
f 4073//6603 4074//6603 4054//6603
f 4054//6604 4074//6604 4127//6604
f 4054//6605 4127//6605 4055//6605
f 4055//6606 4127//6606 4130//6606
f 4055//6607 4130//6607 4050//6607
f 4050//6608 4130//6608 4132//6608
f 4050//6609 4132//6609 4048//6609
f 1536//6610 1590//6610 4064//6610
f 4064//6611 1590//6611 1594//6611
f 4064//6612 1594//6612 4133//6612
f 4133//6613 1594//6613 4062//6613
f 4133//6614 4062//6614 4134//6614
f 4134//6615 4062//6615 4063//6615
f 4134//6616 4063//6616 4135//6616
f 4136//6617 4137//6617 4061//6617
f 4061//6618 4137//6618 4138//6618
f 4061//6619 4138//6619 1484//6619
f 4135//6620 4049//6620 4134//6620
f 4134//6621 4049//6621 4048//6621
f 4134//6622 4048//6622 4133//6622
f 4133//6623 4048//6623 4132//6623
f 4133//6624 4132//6624 4064//6624
f 4064//6625 4132//6625 4131//6625
f 4064//6626 4131//6626 4065//6626
f 4065//6627 4131//6627 4129//6627
f 4065//6628 4129//6628 4066//6628
f 4066//6629 4129//6629 4128//6629
f 4066//6630 4128//6630 4067//6630
f 4067//6631 4128//6631 4126//6631
f 4067//6632 4126//6632 4068//6632
f 4068//6633 4126//6633 4072//6633
f 4068//6634 4072//6634 4069//6634
f 4069//6635 4072//6635 4071//6635
f 4069//6636 4071//6636 1492//6636
f 4136//6637 4123//6637 4137//6637
f 4137//6638 4123//6638 4139//6638
f 4137//6639 4139//6639 4138//6639
f 4138//6640 4139//6640 4057//6640
f 4138//6641 4057//6641 1484//6641
f 1484//6642 4057//6642 1485//6642
f 1540//6643 1542//6643 4061//6643
f 4061//6644 1542//6644 4060//6644
f 4061//6645 4060//6645 4136//6645
f 4136//6646 4060//6646 4140//6646
f 4136//6647 4140//6647 4123//6647
f 4123//6648 4140//6648 4141//6648
f 4123//6649 4141//6649 4124//6649
f 4124//6650 4141//6650 4142//6650
f 4124//6651 4142//6651 4058//6651
f 4058//6652 4142//6652 4141//6652
f 4058//6653 4141//6653 4059//6653
f 4059//6654 4141//6654 4140//6654
f 4059//6655 4140//6655 4060//6655
f 4117//6656 4143//6656 4118//6656
f 4118//6657 4143//6657 4144//6657
f 4118//6658 4144//6658 4145//6658
f 4145//6659 4144//6659 4146//6659
f 4145//6660 4146//6660 4147//6660
f 4147//6661 4146//6661 4115//6661
f 4147//6662 4115//6662 4148//6662
f 4148//6663 4115//6663 4114//6663
f 4148//6664 4114//6664 4149//6664
f 4149//6665 4114//6665 4053//6665
f 4149//6666 4053//6666 4150//6666
f 4150//6667 4053//6667 4109//6667
f 4150//6668 4109//6668 4151//6668
f 4151//6669 4109//6669 4108//6669
f 4151//6670 4108//6670 4152//6670
f 4152//6671 4108//6671 4105//6671
f 4152//6672 4105//6672 4153//6672
f 4153//6673 4105//6673 4104//6673
f 4153//6674 4104//6674 4101//6674
f 4101//6675 4104//6675 4103//6675
f 4101//6676 4103//6676 4029//6676
f 4029//6677 4103//6677 4028//6677
f 1488//6678 1487//6678 4063//6678
f 4063//6679 1487//6679 4057//6679
f 4063//6680 4057//6680 4135//6680
f 4135//6681 4057//6681 4139//6681
f 4135//6682 4139//6682 4049//6682
f 4049//6683 4139//6683 4123//6683
f 4049//6684 4123//6684 4050//6684
f 4050//6685 4123//6685 4122//6685
f 4050//6686 4122//6686 4055//6686
f 4055//6687 4122//6687 4120//6687
f 4055//6688 4120//6688 4056//6688
f 4056//6689 4120//6689 4119//6689
f 4056//6690 4119//6690 4076//6690
f 4076//6691 4119//6691 4118//6691
f 4076//6692 4118//6692 4078//6692
f 4078//6693 4118//6693 4145//6693
f 4078//6694 4145//6694 4080//6694
f 4080//6695 4145//6695 4147//6695
f 4080//6696 4147//6696 4082//6696
f 4082//6697 4147//6697 4148//6697
f 4082//6698 4148//6698 4084//6698
f 4084//6699 4148//6699 4149//6699
f 4084//6700 4149//6700 4087//6700
f 4087//6701 4149//6701 4150//6701
f 4087//6702 4150//6702 4093//6702
f 4093//6703 4150//6703 4151//6703
f 4093//6704 4151//6704 4091//6704
f 4091//6705 4151//6705 4152//6705
f 4091//6706 4152//6706 4097//6706
f 4097//6707 4152//6707 4153//6707
f 4097//6708 4153//6708 4100//6708
f 4100//6709 4153//6709 4101//6709
f 4100//6710 4101//6710 2834//6710
f 2834//6711 4101//6711 2849//6711
f 4125//6712 1546//6712 4154//6712
f 4154//6713 1546//6713 4155//6713
f 4154//6714 4155//6714 4156//6714
f 4157//6715 4158//6715 4159//6715
f 4159//6716 4158//6716 1668//6716
f 4159//6717 1668//6717 1661//6717
f 1671//6718 1670//6718 4158//6718
f 4158//6719 1670//6719 1669//6719
f 4158//6720 1669//6720 1668//6720
f 1672//6721 4160//6721 1664//6721
f 1664//6722 4160//6722 4161//6722
f 1664//6723 4161//6723 1665//6723
f 1665//6724 4161//6724 4162//6724
f 1665//6725 4162//6725 1666//6725
f 1666//6726 4162//6726 1667//6726
f 1667//6727 4162//6727 4163//6727
f 1667//6728 4163//6728 1658//6728
f 1658//6729 4163//6729 1659//6729
f 1659//6730 4163//6730 4164//6730
f 1659//6731 4164//6731 1660//6731
f 1660//6732 4164//6732 1617//6732
f 1660//6733 1617//6733 1616//6733
f 4116//6734 4121//6734 4154//6734
f 4154//6735 4121//6735 4124//6735
f 4154//6736 4124//6736 4125//6736
f 4165//6737 4143//6737 4166//6737
f 4166//6738 4143//6738 4117//6738
f 4166//6739 4117//6739 4116//6739
f 4167//6740 4113//6740 4168//6740
f 4168//2911 4113//2911 4115//2911
f 4168//6741 4115//6741 4169//6741
f 4169//6742 4115//6742 4146//6742
f 4169//6743 4146//6743 4165//6743
f 4165//6744 4146//6744 4144//6744
f 4165//6745 4144//6745 4143//6745
f 4170//6746 4052//6746 4167//6746
f 4167//6747 4052//6747 4051//6747
f 4167//6748 4051//6748 4113//6748
f 4171//6749 4111//6749 4170//6749
f 4170//6750 4111//6750 4110//6750
f 4170//6751 4110//6751 4052//6751
f 4106//6752 4107//6752 4171//6752
f 4171//6753 4107//6753 4112//6753
f 4171//6754 4112//6754 4111//6754
f 3822//6755 4157//6755 3824//6755
f 3824//6756 4157//6756 4159//6756
f 3824//6757 4159//6757 3820//6757
f 3820//6758 4159//6758 1661//6758
f 3820//6759 1661//6759 1662//6759
f 1672//6760 1671//6760 4160//6760
f 4160//6761 1671//6761 4158//6761
f 4160//6762 4158//6762 4172//6762
f 4172//6763 4158//6763 4157//6763
f 4172//6764 4157//6764 4173//6764
f 4173//6765 4157//6765 3822//6765
f 4173//6766 3822//6766 4022//6766
f 4116//6767 4154//6767 4166//6767
f 4166//6768 4154//6768 4156//6768
f 4166//6769 4156//6769 4165//6769
f 4165//6770 4156//6770 4174//6770
f 4165//6771 4174//6771 4169//6771
f 4169//6772 4174//6772 4175//6772
f 4169//6773 4175//6773 4168//6773
f 4168//6773 4175//6773 4176//6773
f 4168//6774 4176//6774 4167//6774
f 4167//6774 4176//6774 4177//6774
f 4167//6775 4177//6775 4170//6775
f 4170//6776 4177//6776 4178//6776
f 4170//6777 4178//6777 4171//6777
f 1546//6778 1650//6778 4155//6778
f 4155//6779 1650//6779 4179//6779
f 4155//6780 4179//6780 4156//6780
f 4156//6781 4179//6781 4180//6781
f 4156//6782 4180//6782 4174//6782
f 4174//6783 4180//6783 4181//6783
f 4174//6784 4181//6784 4175//6784
f 4175//6785 4181//6785 4182//6785
f 4175//6786 4182//6786 4176//6786
f 4176//6787 4182//6787 4183//6787
f 4176//6788 4183//6788 4177//6788
f 4177//6788 4183//6788 4184//6788
f 4177//6789 4184//6789 4178//6789
f 4023//6790 4106//6790 4022//6790
f 4022//6791 4106//6791 4171//6791
f 4022//6792 4171//6792 4173//6792
f 4173//6793 4171//6793 4178//6793
f 4173//6794 4178//6794 4172//6794
f 4172//6795 4178//6795 4184//6795
f 4172//6796 4184//6796 4160//6796
f 4160//6797 4184//6797 4183//6797
f 4160//6798 4183//6798 4161//6798
f 4161//6799 4183//6799 4182//6799
f 4161//6800 4182//6800 4162//6800
f 4162//6801 4182//6801 4181//6801
f 4162//6802 4181//6802 4163//6802
f 4163//6803 4181//6803 4180//6803
f 4163//6804 4180//6804 4164//6804
f 4164//6805 4180//6805 4179//6805
f 4164//6806 4179//6806 1617//6806
f 1617//6807 4179//6807 1650//6807
f 1803//6808 3882//6808 1804//6808
f 1804//6809 3882//6809 3873//6809
f 1804//6810 3873//6810 1805//6810
f 1805//6811 3873//6811 3872//6811
f 1805//6812 3872//6812 1806//6812
f 1806//6813 3872//6813 3874//6813
f 1806//6814 3874//6814 1807//6814
f 1807//6815 3874//6815 3876//6815
f 1807//6816 3876//6816 1809//6816
f 3876//6817 3878//6817 1809//6817
f 1809//6818 3878//6818 1676//6818
f 1809//6819 1676//6819 1675//6819
f 3945//817 3947//817 3922//817
f 3922//817 3947//817 3949//817
f 3922//817 3949//817 3950//817
f 3945//817 3922//817 3937//817
f 3937//817 3922//817 3921//817
f 3937//817 3921//817 3908//817
f 3809//817 3815//817 3927//817
f 1803//817 1802//817 3882//817
f 3882//817 1802//817 3805//817
f 3882//817 3805//817 3927//817
f 3927//817 3805//817 3804//817
f 3927//817 3804//817 3809//817
f 3795//6820 3796//6820 4185//6820
f 4185//6821 3796//6821 3798//6821
f 4185//6822 3798//6822 3799//6822
f 1802//6823 1801//6823 3805//6823
f 3805//6824 1801//6824 4186//6824
f 3805//6825 4186//6825 3803//6825
f 3803//6826 4186//6826 4185//6826
f 3803//6827 4185//6827 3801//6827
f 3801//6828 4185//6828 3799//6828
f 4187//2379 4188//2379 4189//2379
f 4189//6829 4188//6829 4190//6829
f 4189//2377 4190//2377 4185//2377
f 4185//2367 4190//2367 3794//2367
f 4185//2367 3794//2367 3795//2367
f 4185//6830 4186//6830 4191//6830
f 4187//6831 4189//6831 4192//6831
f 4192//6831 4189//6831 4193//6831
f 4192//6832 4193//6832 4194//6832
f 4194//6832 4193//6832 4195//6832
f 4194//6833 4195//6833 4196//6833
f 4196//6833 4195//6833 4197//6833
f 4196//6834 4197//6834 4198//6834
f 4198//6834 4197//6834 4199//6834
f 4189//6835 4185//6835 4193//6835
f 4193//6836 4185//6836 4191//6836
f 4193//6837 4191//6837 4195//6837
f 4195//6837 4191//6837 4200//6837
f 4195//6838 4200//6838 4197//6838
f 4197//6838 4200//6838 4201//6838
f 4197//6839 4201//6839 4199//6839
f 4199//6839 4201//6839 4202//6839
f 4186//6840 1801//6840 4191//6840
f 4191//6840 1801//6840 4203//6840
f 4191//6841 4203//6841 4200//6841
f 4200//6841 4203//6841 4204//6841
f 4200//6842 4204//6842 4201//6842
f 4201//6842 4204//6842 4205//6842
f 4201//6843 4205//6843 4202//6843
f 4202//6843 4205//6843 4206//6843
f 4207//6844 4208//6844 4209//6844
f 4210//6845 4211//6845 4212//6845
f 4213//6846 4214//6846 4215//6846
f 4215//6846 4214//6846 4216//6846
f 4215//6847 4216//6847 4217//6847
f 4217//6847 4216//6847 4218//6847
f 4217//6848 4218//6848 4219//6848
f 4219//6848 4218//6848 4209//6848
f 4198//6849 4220//6849 4196//6849
f 4196//6849 4220//6849 4221//6849
f 4196//6850 4221//6850 4194//6850
f 4194//6850 4221//6850 4222//6850
f 4194//6851 4222//6851 4192//6851
f 4192//6851 4222//6851 4212//6851
f 4192//6852 4212//6852 4187//6852
f 4187//6852 4212//6852 4211//6852
f 4223//6853 4210//6853 4224//6853
f 4224//6854 4210//6854 4212//6854
f 4224//6855 4212//6855 4225//6855
f 4225//6855 4212//6855 4222//6855
f 4225//6856 4222//6856 4226//6856
f 4226//6856 4222//6856 4221//6856
f 4226//6857 4221//6857 4227//6857
f 4227//6857 4221//6857 4220//6857
f 4227//6858 4213//6858 4226//6858
f 4226//6858 4213//6858 4215//6858
f 4226//6859 4215//6859 4225//6859
f 4225//6859 4215//6859 4217//6859
f 4225//6860 4217//6860 4224//6860
f 4224//6860 4217//6860 4219//6860
f 4224//6861 4219//6861 4223//6861
f 4223//6861 4219//6861 4228//6861
f 4209//6862 4208//6862 4219//6862
f 4219//6863 4208//6863 4229//6863
f 4219//6864 4229//6864 4228//6864
f 3974//6865 4207//6865 3972//6865
f 3972//6866 4207//6866 4209//6866
f 3972//6867 4209//6867 3978//6867
f 3978//6867 4209//6867 4218//6867
f 3978//6868 4218//6868 3970//6868
f 3970//6868 4218//6868 4216//6868
f 3970//6869 4216//6869 3968//6869
f 3968//6869 4216//6869 4214//6869
f 3793//2440 3792//2440 3818//2440
f 3818//6870 3792//6870 4230//6870
f 3818//2438 4230//2438 3806//2438
f 3806//2433 4230//2433 3807//2433
f 3807//6871 4230//6871 3930//6871
f 3930//6872 4230//6872 4231//6872
f 3930//6873 4231//6873 3934//6873
f 3934//6874 4231//6874 3959//6874
f 3959//6875 4231//6875 4232//6875
f 3959//2431 4232//2431 3963//2431
f 3963//2432 4232//2432 3964//2432
f 3964//6876 4232//6876 4233//6876
f 3964//6877 4233//6877 3965//6877
f 3965//6878 4233//6878 3966//6878
f 3966//6879 4233//6879 4234//6879
f 3966//2425 4234//2425 3967//2425
f 3967//2426 4234//2426 3942//2426
f 3942//6880 4234//6880 4235//6880
f 3942//6881 4235//6881 3944//6881
f 4187//2448 4211//2448 4188//2448
f 4188//6882 4211//6882 4236//6882
f 4228//6883 4237//6883 4223//6883
f 4223//6884 4237//6884 4236//6884
f 4223//2451 4236//2451 4210//2451
f 4210//2450 4236//2450 4211//2450
f 3974//2444 3944//2444 4207//2444
f 4207//2444 3944//2444 4235//2444
f 4207//2443 4235//2443 4208//2443
f 4208//6885 4235//6885 4237//6885
f 4208//2441 4237//2441 4229//2441
f 4229//2445 4237//2445 4228//2445
f 4238//817 4239//817 4236//817
f 4236//817 4239//817 4188//817
f 4239//817 4240//817 4188//817
f 4188//817 4240//817 4241//817
f 4188//817 4241//817 4190//817
f 4190//817 4241//817 4242//817
f 4190//817 4242//817 3794//817
f 3794//817 4242//817 4243//817
f 3794//817 4243//817 3792//817
f 3792//817 4243//817 4244//817
f 3792//817 4244//817 4230//817
f 4230//817 4244//817 4245//817
f 4230//817 4245//817 4231//817
f 4231//817 4245//817 4246//817
f 4231//817 4246//817 4232//817
f 4232//817 4246//817 4247//817
f 4232//817 4247//817 4233//817
f 4233//817 4247//817 4248//817
f 4233//817 4248//817 4234//817
f 4234//817 4248//817 4249//817
f 4234//817 4249//817 4235//817
f 4235//817 4249//817 4238//817
f 4235//817 4238//817 4237//817
f 4237//817 4238//817 4236//817
f 4250//2452 4251//2452 4252//2452
f 4252//2452 4251//2452 4253//2452
f 4252//2453 4253//2453 4254//2453
f 4254//2453 4253//2453 4255//2453
f 4254//2454 4255//2454 4256//2454
f 4256//2454 4255//2454 4257//2454
f 4257//2455 4258//2455 4256//2455
f 4256//2455 4258//2455 4259//2455
f 4259//2456 4258//2456 4260//2456
f 4260//2456 4258//2456 4261//2456
f 4260//857 4250//857 4262//857
f 4262//857 4263//857 4260//857
f 4260//857 4263//857 4264//857
f 4260//857 4264//857 4259//857
f 4264//857 4265//857 4259//857
f 4259//857 4265//857 4266//857
f 4259//857 4266//857 4256//857
f 4266//857 4267//857 4256//857
f 4256//857 4267//857 4268//857
f 4256//857 4268//857 4254//857
f 4268//857 4269//857 4254//857
f 4254//857 4269//857 4270//857
f 4254//857 4270//857 4252//857
f 4270//857 4271//857 4252//857
f 4252//857 4271//857 4272//857
f 4252//857 4272//857 4250//857
f 4250//857 4272//857 4273//857
f 4250//857 4273//857 4262//857
f 4251//2457 4250//2457 4261//2457
f 4261//2457 4250//2457 4260//2457
f 4202//857 4206//857 4255//857
f 4202//857 4255//857 4199//857
f 4199//857 4255//857 4253//857
f 4199//857 4253//857 4198//857
f 3969//857 3968//857 4261//857
f 4261//857 3968//857 4214//857
f 4261//857 4214//857 4251//857
f 4257//857 4274//857 4258//857
f 4258//857 4274//857 4275//857
f 4258//857 4275//857 4261//857
f 4261//857 4275//857 4276//857
f 4261//857 4276//857 3969//857
f 4214//857 4213//857 4251//857
f 4251//857 4213//857 4227//857
f 4251//857 4227//857 4253//857
f 4253//857 4227//857 4220//857
f 4253//857 4220//857 4198//857
f 3733//857 4277//857 4206//857
f 4206//857 4277//857 4278//857
f 4206//857 4278//857 4279//857
f 4279//857 4280//857 4206//857
f 4206//857 4280//857 4281//857
f 4206//857 4281//857 4255//857
f 4255//857 4281//857 4282//857
f 4255//857 4282//857 4257//857
f 4257//857 4282//857 4283//857
f 4257//857 4283//857 4274//857
f 3733//6886 4206//6886 3742//6886
f 3742//6887 4206//6887 4205//6887
f 1801//6888 1808//6888 3735//6888
f 1801//6889 3735//6889 4203//6889
f 3735//6890 3737//6890 4203//6890
f 4203//6891 3737//6891 3739//6891
f 4203//6892 3739//6892 4204//6892
f 3739//6893 3741//6893 4204//6893
f 4204//6894 3741//6894 3745//6894
f 4204//6895 3745//6895 4205//6895
f 4205//6896 3745//6896 3743//6896
f 4205//6897 3743//6897 3742//6897
f 4284//6898 4285//6898 4286//6898
f 1792//6899 4287//6899 4288//6899
f 4289//6900 4290//6900 4291//6900
f 1800//6901 1797//6901 4292//6901
f 4292//6902 1797//6902 4293//6902
f 4294//6903 4295//6903 4296//6903
f 4297//6904 4295//6904 4298//6904
f 4298//6905 4295//6905 4294//6905
f 4298//6906 4294//6906 4299//6906
f 4299//6907 4294//6907 4300//6907
f 4299//6908 4300//6908 4301//6908
f 4301//6909 4300//6909 4284//6909
f 4302//6910 4303//6910 4304//6910
f 4304//6911 4303//6911 4305//6911
f 4304//6912 4305//6912 4306//6912
f 4307//6913 4308//6913 4302//6913
f 4302//6914 4308//6914 4309//6914
f 4302//6915 4309//6915 4303//6915
f 1830//6916 1831//6916 4310//6916
f 4310//6917 4311//6917 1830//6917
f 1830//6918 4311//6918 4312//6918
f 1830//6919 4312//6919 1829//6919
f 1829//6920 4312//6920 4313//6920
f 1829//6921 4313//6921 1827//6921
f 1827//6922 4313//6922 4314//6922
f 1827//6923 4314//6923 1825//6923
f 1825//6924 4314//6924 4315//6924
f 1825//6925 4315//6925 1823//6925
f 1823//6926 4315//6926 1821//6926
f 1821//6927 4315//6927 1791//6927
f 1821//6928 1791//6928 1788//6928
f 1792//6929 4288//6929 1793//6929
f 1793//6930 4288//6930 4316//6930
f 1793//6931 4316//6931 1795//6931
f 4317//6932 1797//6932 4316//6932
f 4316//6933 1797//6933 1796//6933
f 4316//6934 1796//6934 1795//6934
f 4304//6935 4318//6935 4302//6935
f 4302//6936 4318//6936 4291//6936
f 4302//6937 4291//6937 4286//6937
f 4286//6938 4291//6938 4290//6938
f 4286//6939 4290//6939 4284//6939
f 4284//6940 4290//6940 4289//6940
f 4284//6941 4289//6941 4301//6941
f 4285//6942 4284//6942 4319//6942
f 4319//6943 4284//6943 4300//6943
f 4319//6944 4300//6944 4287//6944
f 4287//6945 4300//6945 4288//6945
f 4288//6946 4300//6946 4294//6946
f 4288//6947 4294//6947 4316//6947
f 4316//6948 4294//6948 4296//6948
f 4316//6949 4296//6949 4317//6949
f 4317//6950 4296//6950 4320//6950
f 4317//6951 4320//6951 1797//6951
f 1797//6952 4320//6952 4321//6952
f 1797//6953 4321//6953 4293//6953
f 1792//6954 1791//6954 4287//6954
f 4287//6955 1791//6955 4315//6955
f 4287//6956 4315//6956 4319//6956
f 4319//6957 4315//6957 4314//6957
f 4319//6958 4314//6958 4285//6958
f 4285//6959 4314//6959 4313//6959
f 4285//6960 4313//6960 4286//6960
f 4286//6961 4313//6961 4312//6961
f 4286//6962 4312//6962 4302//6962
f 4302//6963 4312//6963 4311//6963
f 4302//6964 4311//6964 4307//6964
f 4307//6965 4311//6965 4310//6965
f 4322//6966 4323//6966 4324//6966
f 4324//6967 4323//6967 4325//6967
f 4322//6968 4326//6968 4323//6968
f 4323//6969 4326//6969 4327//6969
f 4323//6970 4327//6970 4328//6970
f 4329//6971 1800//6971 4292//6971
f 4324//6972 4330//6972 4322//6972
f 4322//6973 4330//6973 4331//6973
f 4322//6974 4331//6974 4326//6974
f 4326//6975 4331//6975 4329//6975
f 4326//6976 4329//6976 4327//6976
f 4327//6977 4329//6977 4292//6977
f 4327//6978 4292//6978 4328//6978
f 4328//6979 4292//6979 4293//6979
f 4331//6980 4330//6980 4332//6980
f 4333//6981 4329//6981 4334//6981
f 4334//6982 4329//6982 4331//6982
f 4334//6983 4331//6983 4335//6983
f 4335//6984 4331//6984 4332//6984
f 4335//6985 4332//6985 3734//6985
f 3749//6986 1798//6986 1799//6986
f 3734//6987 3747//6987 4335//6987
f 4335//6988 3747//6988 3748//6988
f 4335//6989 3748//6989 4334//6989
f 4334//6990 3748//6990 3749//6990
f 4334//6991 3749//6991 4333//6991
f 4333//6992 3749//6992 1799//6992
f 4333//6993 1799//6993 4329//6993
f 4329//6994 1799//6994 1800//6994
f 4336//6995 3734//6995 4332//6995
f 4332//6996 4330//6996 4336//6996
f 4336//6997 4330//6997 4324//6997
f 4336//6998 4324//6998 4325//6998
f 4337//6999 3969//6999 4276//6999
f 3734//7000 4336//7000 4338//7000
f 4338//7001 4336//7001 4339//7001
f 4338//7002 4339//7002 4340//7002
f 4341//7003 4277//7003 4340//7003
f 4340//7004 4277//7004 3733//7004
f 4340//7005 3733//7005 4338//7005
f 4338//7006 3733//7006 3732//7006
f 4338//7007 3732//7007 3734//7007
f 4280//7008 4279//7008 4341//7008
f 4341//7009 4279//7009 4278//7009
f 4341//7010 4278//7010 4277//7010
f 4342//7011 4282//7011 4343//7011
f 4343//7012 4282//7012 4281//7012
f 4343//7013 4281//7013 4344//7013
f 4344//7014 4281//7014 4280//7014
f 4337//7015 4276//7015 4345//7015
f 4345//7016 4276//7016 4275//7016
f 4345//7017 4275//7017 4346//7017
f 4346//7018 4275//7018 4274//7018
f 4346//7019 4274//7019 4342//7019
f 4342//7020 4274//7020 4283//7020
f 4342//7021 4283//7021 4282//7021
f 4346//7022 4347//7022 4345//7022
f 4345//7023 4347//7023 4348//7023
f 4345//7024 4348//7024 4337//7024
f 4337//7025 4348//7025 4349//7025
f 4337//7026 4349//7026 4350//7026
f 4351//7027 4352//7027 4344//7027
f 4344//7028 4352//7028 4353//7028
f 4344//7029 4353//7029 4343//7029
f 4343//7030 4353//7030 4354//7030
f 4343//7031 4354//7031 4342//7031
f 4342//7032 4354//7032 4355//7032
f 4342//7033 4355//7033 4346//7033
f 4346//7034 4355//7034 4356//7034
f 4346//7035 4356//7035 4347//7035
f 4280//7036 4341//7036 4344//7036
f 4344//7037 4341//7037 4357//7037
f 4344//7038 4357//7038 4351//7038
f 4339//7039 4358//7039 4340//7039
f 4340//7040 4358//7040 4359//7040
f 4340//7041 4359//7041 4341//7041
f 4341//7042 4359//7042 4360//7042
f 4341//7043 4360//7043 4357//7043
f 3986//7044 4361//7044 4362//7044
f 4361//7045 3986//7045 3985//7045
f 3971//7046 3969//7046 4363//7046
f 4363//7047 3969//7047 4337//7047
f 3980//7048 3979//7048 4364//7048
f 4364//7049 3979//7049 3977//7049
f 4364//7050 3977//7050 4363//7050
f 4363//7051 3977//7051 3976//7051
f 4363//7052 3976//7052 3971//7052
f 3984//7053 3975//7053 3973//7053
f 3985//7054 3984//7054 4361//7054
f 4361//7055 3984//7055 4365//7055
f 4361//7056 4365//7056 4362//7056
f 4362//7057 4366//7057 4367//7057
f 4367//7058 4368//7058 4362//7058
f 4362//7059 4368//7059 4369//7059
f 4362//7060 4369//7060 3986//7060
f 4370//7061 4371//7061 4367//7061
f 4367//7062 4371//7062 4372//7062
f 4367//7063 4372//7063 4368//7063
f 4366//7064 4373//7064 4367//7064
f 4367//7065 4373//7065 4374//7065
f 4367//7066 4374//7066 4370//7066
f 3984//7067 3973//7067 4365//7067
f 4365//7068 3973//7068 3980//7068
f 4365//7069 3980//7069 4362//7069
f 4362//7070 3980//7070 4364//7070
f 4362//7071 4364//7071 4366//7071
f 4366//7072 4364//7072 4363//7072
f 4366//7073 4363//7073 4373//7073
f 4373//7074 4363//7074 4337//7074
f 4373//7075 4337//7075 4374//7075
f 4374//7076 4337//7076 4350//7076
f 4374//7077 4350//7077 4370//7077
f 4375//7078 4376//7078 4377//7078
f 4378//7079 4368//7079 4379//7079
f 4379//7080 4368//7080 4372//7080
f 4379//7081 4372//7081 4377//7081
f 4377//7082 4372//7082 4371//7082
f 4377//7083 4371//7083 4375//7083
f 4375//7084 4371//7084 4370//7084
f 4375//7085 4370//7085 4350//7085
f 3981//7086 3986//7086 4369//7086
f 3982//7087 3981//7087 4378//7087
f 4378//7088 3981//7088 4369//7088
f 4378//7089 4369//7089 4368//7089
f 4380//7090 3729//7090 3730//7090
f 3728//7091 4381//7091 4382//7091
f 4382//7092 4381//7092 4383//7092
f 4382//7093 4383//7093 4384//7093
f 4385//7094 4386//7094 4387//7094
f 4387//7095 4386//7095 4388//7095
f 4389//7096 4390//7096 4391//7096
f 4377//7097 4376//7097 4390//7097
f 4390//7098 4389//7098 4377//7098
f 4377//7099 4389//7099 4392//7099
f 4377//7100 4392//7100 4379//7100
f 4379//7101 4392//7101 4393//7101
f 4379//7102 4393//7102 4378//7102
f 4378//7103 4393//7103 4394//7103
f 4378//7104 4394//7104 3982//7104
f 4380//7105 3730//7105 4395//7105
f 4395//7106 3730//7106 4396//7106
f 4395//7107 4396//7107 4397//7107
f 3728//7108 3729//7108 4381//7108
f 4381//7109 3729//7109 4380//7109
f 4381//7110 4380//7110 4383//7110
f 4383//7111 4380//7111 4395//7111
f 4383//7112 4395//7112 4398//7112
f 4398//7113 4395//7113 4397//7113
f 4398//7114 4397//7114 4399//7114
f 4399//7115 4397//7115 4400//7115
f 4399//7116 4400//7116 4401//7116
f 4384//7117 4383//7117 4385//7117
f 4385//7118 4383//7118 4398//7118
f 4385//7119 4398//7119 4386//7119
f 4386//7120 4398//7120 4399//7120
f 4386//7121 4399//7121 4402//7121
f 4402//7122 4399//7122 4401//7122
f 4402//7123 4401//7123 4403//7123
f 4403//7124 4401//7124 4404//7124
f 4404//7125 4401//7125 4400//7125
f 4404//7126 4400//7126 4405//7126
f 4405//7127 4400//7127 4406//7127
f 4405//7128 4406//7128 4407//7128
f 4396//7129 4408//7129 4397//7129
f 4397//7130 4408//7130 4409//7130
f 4397//7131 4409//7131 4400//7131
f 4400//7132 4409//7132 4410//7132
f 4400//7133 4410//7133 4406//7133
f 4388//7134 4386//7134 4411//7134
f 4411//7135 4386//7135 4402//7135
f 4411//7136 4402//7136 4391//7136
f 4391//7137 4402//7137 4403//7137
f 4391//7138 4403//7138 4389//7138
f 4389//7139 4403//7139 4404//7139
f 4389//7140 4404//7140 4392//7140
f 4392//7141 4404//7141 4405//7141
f 4392//7142 4405//7142 4393//7142
f 4393//7143 4405//7143 4407//7143
f 4393//7144 4407//7144 4394//7144
f 3730//2736 4412//2736 4396//2736
f 4396//7145 4412//7145 4413//7145
f 4396//7146 4413//7146 4408//7146
f 4414//7147 4410//7147 4413//7147
f 4413//7148 4410//7148 4409//7148
f 4413//7149 4409//7149 4408//7149
f 3983//7150 3982//7150 4011//7150
f 4011//7151 3982//7151 4394//7151
f 4011//7152 4394//7152 4012//7152
f 4012//7153 4394//7153 4407//7153
f 4012//7154 4407//7154 4414//7154
f 4414//2728 4407//2728 4406//2728
f 4414//7155 4406//7155 4410//7155
f 4010//817 4012//817 4414//817
f 3988//817 4010//817 3989//817
f 3989//817 4010//817 4414//817
f 3989//817 4414//817 3993//817
f 3993//817 4414//817 4413//817
f 3993//817 4413//817 3996//817
f 3996//817 4413//817 4412//817
f 3996//817 4412//817 3998//817
f 3998//817 4412//817 4415//817
f 4003//2737 3999//2737 3998//2737
f 4416//2737 4417//2737 4418//2737
f 4415//2737 4419//2737 3998//2737
f 3998//2737 4419//2737 4416//2737
f 3998//2737 4416//2737 4003//2737
f 4003//2737 4416//2737 4418//2737
f 4003//2737 4418//2737 4004//2737
f 4420//7156 4421//7156 4422//7156
f 4417//7157 4416//7157 4423//7157
f 4423//7158 4416//7158 4424//7158
f 4423//7159 4424//7159 4425//7159
f 4425//7160 4424//7160 4426//7160
f 4425//7161 4426//7161 4427//7161
f 4427//7162 4426//7162 4428//7162
f 4427//7163 4428//7163 4429//7163
f 4429//2744 4428//2744 4430//2744
f 4422//7164 4431//7164 4420//7164
f 4420//7165 4431//7165 4432//7165
f 4420//7166 4432//7166 4430//7166
f 4430//7167 4432//7167 4433//7167
f 4430//7168 4433//7168 4429//7168
f 4434//7169 4435//7169 4421//7169
f 4421//7170 4435//7170 4436//7170
f 4421//7171 4436//7171 4422//7171
f 4437//7172 4438//7172 4434//7172
f 4434//7173 4438//7173 4439//7173
f 4434//7174 4439//7174 4435//7174
f 4416//7175 4440//7175 4424//7175
f 4424//7175 4440//7175 4441//7175
f 4424//7176 4441//7176 4426//7176
f 4426//7177 4441//7177 4442//7177
f 4443//7178 4430//7178 4442//7178
f 4442//7179 4430//7179 4428//7179
f 4442//7180 4428//7180 4426//7180
f 4444//7181 4434//7181 4445//7181
f 4445//7182 4434//7182 4421//7182
f 4445//7183 4421//7183 4443//7183
f 4443//7184 4421//7184 4420//7184
f 4443//7185 4420//7185 4430//7185
f 4446//7186 4447//7186 4444//7186
f 4444//7187 4447//7187 4437//7187
f 4444//7188 4437//7188 4434//7188
f 4448//7189 4449//7189 4450//7189
f 4450//7190 4449//7190 4451//7190
f 4450//7191 4451//7191 4444//7191
f 4444//7192 4451//7192 4452//7192
f 4444//7193 4452//7193 4446//7193
f 4453//7194 4440//7194 4419//7194
f 4419//7194 4440//7194 4416//7194
f 4453//817 4454//817 4455//817
f 4456//817 4457//817 4445//817
f 4445//817 4457//817 4444//817
f 4457//817 4458//817 4444//817
f 4444//817 4458//817 4459//817
f 4444//817 4459//817 4450//817
f 4450//817 4459//817 4460//817
f 4450//817 4460//817 4448//817
f 4455//817 4461//817 4453//817
f 4453//817 4461//817 4462//817
f 4453//817 4462//817 4440//817
f 4440//817 4462//817 4463//817
f 4440//817 4463//817 4441//817
f 4441//817 4463//817 4464//817
f 4441//817 4464//817 4442//817
f 4442//817 4464//817 4456//817
f 4442//817 4456//817 4443//817
f 4443//817 4456//817 4445//817
f 4465//2779 4466//2779 4467//2779
f 4465//2779 4467//2779 4459//2779
f 4459//2779 4467//2779 4468//2779
f 4459//2779 4468//2779 4460//2779
f 1026//7195 1028//7195 3677//7195
f 4469//7196 2010//7196 761//7196
f 4469//7197 761//7197 4466//7197
f 3308//7198 4449//7198 3309//7198
f 3309//7199 4449//7199 4448//7199
f 3309//7200 4448//7200 3310//7200
f 3310//7201 4448//7201 4460//7201
f 3310//7202 4460//7202 3311//7202
f 3311//7203 4460//7203 4468//7203
f 3311//7204 4468//7204 3312//7204
f 3312//7205 4468//7205 4467//7205
f 3312//7206 4467//7206 3446//7206
f 3446//7207 4467//7207 4466//7207
f 3446//7208 4466//7208 3447//7208
f 3447//7209 4466//7209 761//7209
f 4447//7210 4446//7210 3307//7210
f 3307//7211 4446//7211 4452//7211
f 3307//7212 4452//7212 3308//7212
f 3308//7213 4452//7213 4451//7213
f 3308//7214 4451//7214 4449//7214
f 3679//7215 4438//7215 3681//7215
f 3681//7216 4438//7216 4437//7216
f 3681//7217 4437//7217 3677//7217
f 3677//7218 4437//7218 4447//7218
f 3677//7219 4447//7219 1026//7219
f 1026//7220 4447//7220 3307//7220
f 4438//7221 4470//7221 4439//7221
f 4439//7222 4470//7222 4435//7222
f 3679//7223 3678//7223 4438//7223
f 4438//7224 3678//7224 4471//7224
f 4438//7225 4471//7225 4470//7225
f 4470//7226 4471//7226 4472//7226
f 2012//7227 2010//7227 4473//7227
f 4473//7227 2010//7227 4469//7227
f 4473//7227 4469//7227 4465//7227
f 4465//7227 4469//7227 4466//7227
f 4473//7228 4465//7228 4474//7228
f 2013//7229 2012//7229 4473//7229
f 4473//7230 4474//7230 2013//7230
f 2013//7231 4474//7231 4475//7231
f 2013//7232 4475//7232 2027//7232
f 4475//7233 4476//7233 2027//7233
f 2027//7234 4476//7234 4477//7234
f 2027//7235 4477//7235 2024//7235
f 4477//7236 4478//7236 2024//7236
f 2024//7237 4478//7237 4479//7237
f 2024//7238 4479//7238 2021//7238
f 4479//7239 4480//7239 2021//7239
f 2021//7240 4480//7240 4481//7240
f 2021//7241 4481//7241 2018//7241
f 4481//7242 4482//7242 2018//7242
f 2018//7243 4482//7243 4483//7243
f 2018//7244 4483//7244 2015//7244
f 2894//7245 115//7245 4484//7245
f 4484//7246 115//7246 2015//7246
f 4484//7247 2015//7247 4485//7247
f 4485//7248 2015//7248 4483//7248
f 4454//2863 4486//2863 4487//2863
f 4457//7249 4474//7249 4458//7249
f 4458//7250 4474//7250 4465//7250
f 4458//7251 4465//7251 4459//7251
f 4456//7252 4476//7252 4457//7252
f 4457//2841 4476//2841 4475//2841
f 4457//7253 4475//7253 4474//7253
f 4464//7254 4478//7254 4456//7254
f 4456//2844 4478//2844 4477//2844
f 4456//2843 4477//2843 4476//2843
f 4463//7255 4480//7255 4464//7255
f 4464//2847 4480//2847 4479//2847
f 4464//2846 4479//2846 4478//2846
f 4462//7256 4482//7256 4463//7256
f 4463//2850 4482//2850 4481//2850
f 4463//2849 4481//2849 4480//2849
f 4461//7257 4485//7257 4462//7257
f 4462//2853 4485//2853 4483//2853
f 4462//2852 4483//2852 4482//2852
f 4455//7258 2894//7258 4461//7258
f 4461//7259 2894//7259 4484//7259
f 4461//2855 4484//2855 4485//2855
f 4454//7260 2896//7260 4455//7260
f 4455//7261 2896//7261 2895//7261
f 4455//7262 2895//7262 2894//7262
f 4488//2865 2035//2865 4487//2865
f 4487//2865 2035//2865 2031//2865
f 4487//2864 2031//2864 4454//2864
f 4454//7263 2031//7263 116//7263
f 4454//7264 116//7264 2896//7264
f 4489//7265 4488//7265 4490//7265
f 4490//7266 4488//7266 4487//7266
f 4490//7267 4487//7267 4486//7267
f 4489//7268 4490//7268 4491//7268
f 4491//7268 4490//7268 4492//7268
f 4491//7269 4492//7269 4493//7269
f 4493//7269 4492//7269 4494//7269
f 4493//7270 4494//7270 4495//7270
f 4495//7271 4494//7271 4496//7271
f 4495//7272 4496//7272 4497//7272
f 4498//7273 4499//7273 4488//7273
f 4488//7274 4489//7274 4498//7274
f 4498//7275 4489//7275 4491//7275
f 4498//7276 4491//7276 4500//7276
f 4500//7277 4491//7277 4493//7277
f 4500//7278 4493//7278 4501//7278
f 4493//7279 4495//7279 4501//7279
f 4501//7280 4495//7280 4497//7280
f 4501//7281 4497//7281 4502//7281
f 4503//2883 4504//2883 4505//2883
f 4505//2883 4506//2883 4503//2883
f 4503//2883 4506//2883 4507//2883
f 4503//2883 4507//2883 4508//2883
f 4509//7282 4510//7282 4511//7282
f 4512//7283 4505//7283 4504//7283
f 4513//7284 4506//7284 4505//7284
f 4505//7285 4512//7285 4513//7285
f 4513//7286 4512//7286 4514//7286
f 4513//7287 4514//7287 4515//7287
f 4516//7288 4517//7288 4518//7288
f 4518//7289 4517//7289 4519//7289
f 4518//7290 4519//7290 4520//7290
f 4520//7291 4519//7291 4521//7291
f 4520//7292 4521//7292 4522//7292
f 4522//7293 4521//7293 4523//7293
f 4522//7294 4523//7294 4524//7294
f 4524//7295 4523//7295 4515//7295
f 4525//7296 4516//7296 4511//7296
f 4511//7297 4516//7297 4518//7297
f 4511//7298 4518//7298 4509//7298
f 4509//7299 4518//7299 4520//7299
f 4509//7300 4520//7300 4526//7300
f 4526//7301 4520//7301 4527//7301
f 4527//7302 4520//7302 4522//7302
f 4527//7303 4522//7303 4528//7303
f 4528//7304 4522//7304 4524//7304
f 4528//7305 4524//7305 4529//7305
f 4515//7306 4514//7306 4524//7306
f 4524//7307 4514//7307 4530//7307
f 4524//7308 4530//7308 4529//7308
f 4504//7309 4531//7309 4512//7309
f 4512//7310 4531//7310 4532//7310
f 4512//7311 4532//7311 4514//7311
f 4514//7312 4532//7312 4533//7312
f 4514//7313 4533//7313 4530//7313
f 4534//7314 4535//7314 4536//7314
f 4519//7315 4517//7315 4537//7315
f 4537//7316 4538//7316 4519//7316
f 4519//7317 4538//7317 4539//7317
f 4519//7318 4539//7318 4521//7318
f 4521//7319 4539//7319 4540//7319
f 4521//7320 4540//7320 4523//7320
f 4523//7321 4540//7321 4541//7321
f 4523//7322 4541//7322 4515//7322
f 4515//7323 4541//7323 4542//7323
f 4515//7324 4542//7324 4513//7324
f 4508//7325 4507//7325 4543//7325
f 4544//7326 4545//7326 4543//7326
f 4543//7327 4545//7327 4546//7327
f 4543//7328 4546//7328 4508//7328
f 4535//7329 4547//7329 4536//7329
f 4536//7330 4547//7330 4548//7330
f 4536//7331 4548//7331 4549//7331
f 4549//7332 4548//7332 4550//7332
f 4549//7333 4550//7333 4551//7333
f 4551//7334 4550//7334 4552//7334
f 4551//7335 4552//7335 4544//7335
f 4544//7336 4552//7336 4553//7336
f 4544//7337 4553//7337 4545//7337
f 4506//7338 4513//7338 4507//7338
f 4507//7339 4513//7339 4542//7339
f 4507//7340 4542//7340 4543//7340
f 4543//7341 4542//7341 4541//7341
f 4543//7342 4541//7342 4544//7342
f 4544//7343 4541//7343 4540//7343
f 4544//7344 4540//7344 4551//7344
f 4551//7345 4540//7345 4539//7345
f 4551//7346 4539//7346 4549//7346
f 4549//7347 4539//7347 4538//7347
f 4549//7347 4538//7347 4536//7347
f 4536//7348 4538//7348 4537//7348
f 4536//7349 4537//7349 4534//7349
f 4554//7350 4555//7350 4556//7350
f 4557//7351 4558//7351 4559//7351
f 4560//7352 4561//7352 4562//7352
f 4563//7353 4564//7353 4557//7353
f 4508//7354 4565//7354 4566//7354
f 4566//7355 4565//7355 4567//7355
f 4566//7356 4567//7356 4568//7356
f 4569//7357 4570//7357 4571//7357
f 4567//7358 4572//7358 4568//7358
f 4568//7359 4572//7359 4573//7359
f 4568//7360 4573//7360 4574//7360
f 4574//7361 4573//7361 4569//7361
f 4574//7362 4569//7362 4575//7362
f 4575//7363 4569//7363 4571//7363
f 4575//7364 4571//7364 4576//7364
f 4577//7365 4578//7365 4579//7365
f 4580//7366 4581//7366 4582//7366
f 4581//7367 4580//7367 4583//7367
f 4583//7368 4580//7368 4560//7368
f 4583//7369 4560//7369 4584//7369
f 4584//7370 4560//7370 4562//7370
f 4584//7371 4562//7371 4585//7371
f 4586//7372 4580//7372 4577//7372
f 4577//7373 4580//7373 4582//7373
f 4577//7374 4582//7374 4578//7374
f 4558//7375 4561//7375 4559//7375
f 4559//7376 4561//7376 4560//7376
f 4559//7377 4560//7377 4587//7377
f 4587//7378 4560//7378 4580//7378
f 4587//7379 4580//7379 4588//7379
f 4588//7380 4580//7380 4586//7380
f 4546//7381 4545//7381 4589//7381
f 4589//7382 4545//7382 4553//7382
f 4554//7383 4556//7383 4590//7383
f 4565//7384 4555//7384 4567//7384
f 4567//7385 4555//7385 4554//7385
f 4567//7386 4554//7386 4572//7386
f 4572//7387 4554//7387 4590//7387
f 4572//7388 4590//7388 4573//7388
f 4573//7389 4590//7389 4591//7389
f 4573//7390 4591//7390 4569//7390
f 4569//7391 4591//7391 4592//7391
f 4569//7392 4592//7392 4570//7392
f 4508//7393 4546//7393 4565//7393
f 4565//7394 4546//7394 4589//7394
f 4565//7395 4589//7395 4555//7395
f 4555//7396 4589//7396 4553//7396
f 4555//7397 4553//7397 4556//7397
f 4556//7398 4553//7398 4552//7398
f 4556//7399 4552//7399 4593//7399
f 4593//7400 4552//7400 4550//7400
f 4593//7401 4550//7401 4594//7401
f 4594//7402 4550//7402 4548//7402
f 4594//7403 4548//7403 4563//7403
f 4563//7404 4548//7404 4547//7404
f 4563//7405 4547//7405 4564//7405
f 4564//7406 4547//7406 4535//7406
f 4564//7407 4535//7407 4534//7407
f 4563//7408 4557//7408 4559//7408
f 4563//7409 4559//7409 4594//7409
f 4594//7410 4559//7410 4587//7410
f 4594//7411 4587//7411 4593//7411
f 4593//7412 4587//7412 4588//7412
f 4593//7413 4588//7413 4556//7413
f 4556//7414 4588//7414 4586//7414
f 4556//7415 4586//7415 4590//7415
f 4590//7416 4586//7416 4577//7416
f 4590//7417 4577//7417 4591//7417
f 4591//7418 4577//7418 4579//7418
f 4591//7419 4579//7419 4592//7419
f 4595//7420 4596//7420 4597//7420
f 4585//7421 4596//7421 4584//7421
f 4584//7422 4596//7422 4595//7422
f 4584//7423 4595//7423 4583//7423
f 4583//7424 4595//7424 4581//7424
f 4581//7425 4595//7425 4598//7425
f 4581//7426 4598//7426 4582//7426
f 4578//7427 4599//7427 4579//7427
f 4579//7428 4599//7428 4600//7428
f 4579//7429 4600//7429 4592//7429
f 4601//7430 4576//7430 4571//7430
f 4600//7431 4602//7431 4592//7431
f 4592//7432 4602//7432 4601//7432
f 4592//7433 4601//7433 4570//7433
f 4570//7434 4601//7434 4571//7434
f 4597//7435 4603//7435 4595//7435
f 4595//7436 4603//7436 4599//7436
f 4595//7437 4599//7437 4598//7437
f 4598//7438 4599//7438 4578//7438
f 4598//7439 4578//7439 4582//7439
f 4604//7440 4602//7440 4600//7440
f 4605//7441 4499//7441 4498//7441
f 4603//7442 4597//7442 4605//7442
f 4605//7443 4498//7443 4603//7443
f 4603//7444 4498//7444 4500//7444
f 4603//7445 4500//7445 4599//7445
f 4599//7446 4500//7446 4501//7446
f 4599//7447 4501//7447 4600//7447
f 4600//7448 4501//7448 4502//7448
f 4600//7449 4502//7449 4604//7449
f 4604//7450 4502//7450 4606//7450
f 4604//7451 4606//7451 4602//7451
f 4574//7452 4575//7452 4607//7452
f 4607//7453 4575//7453 4576//7453
f 4607//7454 4576//7454 4606//7454
f 4606//7455 4576//7455 4601//7455
f 4606//7456 4601//7456 4602//7456
f 4607//7457 4608//7457 4574//7457
f 4574//7458 4608//7458 4609//7458
f 4574//7459 4609//7459 4568//7459
f 4503//7460 4508//7460 4609//7460
f 4609//7461 4508//7461 4566//7461
f 4609//7462 4566//7462 4568//7462
f 4610//7463 4611//7463 4612//7463
f 4606//7464 4613//7464 4614//7464
f 4615//7465 4616//7465 4617//7465
f 4617//7465 4616//7465 4618//7465
f 4617//7466 4618//7466 4619//7466
f 4619//7466 4618//7466 4620//7466
f 4619//7467 4620//7467 4621//7467
f 4621//7467 4620//7467 4622//7467
f 4621//7468 4622//7468 4623//7468
f 4623//7468 4622//7468 4624//7468
f 4623//7469 4624//7469 4613//7469
f 4616//7470 4625//7470 4618//7470
f 4618//7470 4625//7470 4626//7470
f 4618//7471 4626//7471 4620//7471
f 4620//7471 4626//7471 4627//7471
f 4620//7472 4627//7472 4622//7472
f 4622//7473 4627//7473 4628//7473
f 4622//7474 4628//7474 4624//7474
f 4624//7475 4628//7475 4629//7475
f 4625//7476 4611//7476 4626//7476
f 4626//7476 4611//7476 4610//7476
f 4626//7477 4610//7477 4627//7477
f 4627//7477 4610//7477 4630//7477
f 4627//7478 4630//7478 4628//7478
f 4628//7479 4630//7479 4631//7479
f 4628//7480 4631//7480 4629//7480
f 4629//7480 4631//7480 4632//7480
f 4606//7464 4614//7464 4607//7464
f 4607//7481 4614//7481 4633//7481
f 4607//7481 4633//7481 4608//7481
f 4608//7482 4633//7482 4634//7482
f 4608//7482 4634//7482 4609//7482
f 4609//7483 4634//7483 4635//7483
f 4609//7483 4635//7483 4503//7483
f 4613//7469 4624//7469 4614//7469
f 4614//7484 4624//7484 4629//7484
f 4614//7485 4629//7485 4633//7485
f 4633//7486 4629//7486 4632//7486
f 4633//7486 4632//7486 4634//7486
f 4634//7487 4632//7487 4636//7487
f 4634//7488 4636//7488 4635//7488
f 4612//7463 4637//7463 4610//7463
f 4610//7489 4637//7489 4638//7489
f 4610//7490 4638//7490 4630//7490
f 4630//7491 4638//7491 4639//7491
f 4630//7492 4639//7492 4631//7492
f 4631//7492 4639//7492 4640//7492
f 4631//7493 4640//7493 4632//7493
f 4632//7493 4640//7493 4641//7493
f 4632//7494 4641//7494 4636//7494
f 3702//7495 4612//7495 4642//7495
f 4642//7496 4612//7496 4611//7496
f 4642//7497 4611//7497 4643//7497
f 4643//7498 4611//7498 4644//7498
f 4644//7499 4611//7499 4625//7499
f 4644//7500 4625//7500 4645//7500
f 4645//7501 4625//7501 4616//7501
f 4645//7502 4616//7502 4646//7502
f 4646//7503 4616//7503 4647//7503
f 4647//7504 4616//7504 4615//7504
f 4647//7505 4615//7505 4648//7505
f 4649//7506 4650//7506 4651//7506
f 4652//7507 4653//7507 4654//7507
f 3705//7508 3704//7508 4655//7508
f 4656//7509 4657//7509 4658//7509
f 4658//7510 4657//7510 4659//7510
f 4660//7511 4661//7511 4662//7511
f 4662//7512 4661//7512 4663//7512
f 4662//7513 4663//7513 4664//7513
f 4650//7514 4646//7514 4647//7514
f 4650//7515 4649//7515 4646//7515
f 4646//7516 4649//7516 4665//7516
f 4646//7517 4665//7517 4645//7517
f 4645//7518 4665//7518 4644//7518
f 4644//7519 4665//7519 4666//7519
f 4644//7520 4666//7520 4643//7520
f 3704//7521 3702//7521 4642//7521
f 3705//7522 4655//7522 3706//7522
f 4667//7523 3698//7523 4652//7523
f 4652//7524 3698//7524 3707//7524
f 4652//7525 3707//7525 4653//7525
f 3707//7526 3706//7526 4653//7526
f 4653//7527 3706//7527 4655//7527
f 4653//7528 4655//7528 4654//7528
f 4654//7529 4655//7529 4668//7529
f 4654//7530 4668//7530 4669//7530
f 4669//7531 4656//7531 4654//7531
f 4654//7532 4656//7532 4658//7532
f 4654//7533 4658//7533 4652//7533
f 4652//7534 4658//7534 4659//7534
f 4652//7535 4659//7535 4667//7535
f 4648//7536 4664//7536 4647//7536
f 4647//7537 4664//7537 4663//7537
f 4647//7538 4663//7538 4650//7538
f 4650//7539 4663//7539 4661//7539
f 4650//7540 4661//7540 4651//7540
f 4651//7541 4661//7541 4660//7541
f 4642//7542 4643//7542 3704//7542
f 3704//7543 4643//7543 4666//7543
f 3704//7544 4666//7544 4655//7544
f 4655//7545 4666//7545 4665//7545
f 4655//7546 4665//7546 4668//7546
f 4668//7547 4665//7547 4649//7547
f 4668//7548 4649//7548 4669//7548
f 4669//7549 4649//7549 4651//7549
f 4669//7550 4651//7550 4656//7550
f 4656//7551 4651//7551 4660//7551
f 4656//7552 4660//7552 4657//7552
f 4657//7553 4660//7553 4670//7553
f 4657//7554 4670//7554 4671//7554
f 4415//3154 4412//3154 3725//3154
f 3725//3154 4412//3154 3730//3154
f 3708//7555 3699//7555 3698//7555
f 4486//3154 4454//3154 4671//3154
f 4671//3154 4454//3154 4453//3154
f 4671//3154 4453//3154 4657//3154
f 3725//3154 3708//3154 4415//3154
f 4415//3154 3708//3154 3698//3154
f 4415//3154 3698//3154 4419//3154
f 4419//3154 3698//3154 4667//3154
f 4419//3154 4667//3154 4453//3154
f 4453//3154 4667//3154 4659//3154
f 4453//3155 4659//3155 4657//3155
f 4664//7556 4648//7556 4496//7556
f 4496//7557 4494//7557 4664//7557
f 4664//7558 4494//7558 4492//7558
f 4664//7559 4492//7559 4662//7559
f 4486//7560 4671//7560 4490//7560
f 4490//7561 4671//7561 4670//7561
f 4490//7562 4670//7562 4492//7562
f 4492//7563 4670//7563 4660//7563
f 4492//7564 4660//7564 4662//7564
f 4497//857 4496//857 4619//857
f 4617//857 4619//857 4615//857
f 4615//857 4619//857 4496//857
f 4615//857 4496//857 4648//857
f 4619//857 4621//857 4623//857
f 4502//857 4497//857 4606//857
f 4606//857 4497//857 4619//857
f 4606//857 4619//857 4613//857
f 4613//857 4619//857 4623//857
f 2035//3165 4488//3165 4499//3165
f 2035//7565 4499//7565 2223//7565
f 4605//7566 4597//7566 4672//7566
f 4672//7567 4597//7567 4673//7567
f 4672//7568 4673//7568 4674//7568
f 4499//7569 4605//7569 2223//7569
f 2223//7570 4605//7570 4672//7570
f 2223//7571 4672//7571 4675//7571
f 4675//7572 4672//7572 4676//7572
f 4674//7573 4677//7573 4672//7573
f 4672//7574 4677//7574 4678//7574
f 4672//7575 4678//7575 4676//7575
f 4679//7576 4680//7576 4681//7576
f 4682//7577 4683//7577 4684//7577
f 2225//7578 2223//7578 4675//7578
f 4674//7579 4673//7579 4679//7579
f 4679//7580 4673//7580 4597//7580
f 4679//7581 4597//7581 4596//7581
f 4674//7582 4685//7582 4677//7582
f 4677//7583 4685//7583 4686//7583
f 4677//7584 4686//7584 4678//7584
f 4678//7585 4686//7585 4683//7585
f 4678//7586 4683//7586 4676//7586
f 4683//7587 4682//7587 4676//7587
f 4676//7588 4682//7588 4687//7588
f 4676//7589 4687//7589 4675//7589
f 2226//7590 2225//7590 4688//7590
f 4688//7591 2225//7591 4675//7591
f 4688//7592 4675//7592 4689//7592
f 4689//7593 4675//7593 4687//7593
f 4674//7594 4679//7594 4685//7594
f 4685//7595 4679//7595 4681//7595
f 4685//7596 4681//7596 4686//7596
f 4686//7597 4681//7597 4690//7597
f 4686//7598 4690//7598 4683//7598
f 4585//7599 4691//7599 4596//7599
f 4596//7600 4691//7600 4692//7600
f 4596//7601 4692//7601 4679//7601
f 4679//7602 4692//7602 4693//7602
f 4679//7603 4693//7603 4680//7603
f 4692//7604 4691//7604 4694//7604
f 4585//7605 4562//7605 4691//7605
f 4691//7606 4562//7606 4561//7606
f 4691//7607 4561//7607 4694//7607
f 4561//7608 4558//7608 4694//7608
f 4694//7609 4558//7609 4557//7609
f 4557//7610 4564//7610 4694//7610
f 4694//7611 4564//7611 4534//7611
f 4694//7612 4534//7612 4537//7612
f 4517//7613 4516//7613 4537//7613
f 4537//7614 4516//7614 4525//7614
f 4537//7615 4525//7615 4694//7615
f 4692//7616 4694//7616 4693//7616
f 4693//7617 4694//7617 4695//7617
f 4693//7618 4695//7618 4680//7618
f 4690//7619 4696//7619 4683//7619
f 4683//7620 4696//7620 4684//7620
f 4680//7621 4695//7621 4681//7621
f 4681//7622 4695//7622 4697//7622
f 4681//7623 4697//7623 4690//7623
f 4690//7624 4697//7624 4698//7624
f 4690//7625 4698//7625 4696//7625
f 4699//7626 4700//7626 3184//7626
f 4698//7627 4697//7627 3196//7627
f 3196//7628 4697//7628 3194//7628
f 2243//7629 2226//7629 4688//7629
f 444//7630 2243//7630 3200//7630
f 3200//7631 2243//7631 4688//7631
f 3200//7632 4688//7632 3198//7632
f 3198//7633 4688//7633 4689//7633
f 3198//7634 4689//7634 4687//7634
f 4687//7635 4682//7635 3198//7635
f 3198//7636 4682//7636 4684//7636
f 3198//7637 4684//7637 3196//7637
f 3196//7638 4684//7638 4696//7638
f 3196//7639 4696//7639 4698//7639
f 4697//7640 4701//7640 3194//7640
f 3194//7641 4701//7641 4702//7641
f 3194//7642 4702//7642 3192//7642
f 3192//7643 4702//7643 4703//7643
f 3192//7644 4703//7644 3187//7644
f 3187//7645 4703//7645 4704//7645
f 4705//7646 3190//7646 4706//7646
f 4706//7647 3190//7647 3189//7647
f 4706//7648 3189//7648 4704//7648
f 4704//7649 3189//7649 3188//7649
f 4704//7649 3188//7649 3187//7649
f 4705//7650 4707//7650 3190//7650
f 3190//7651 4707//7651 4708//7651
f 3190//7652 4708//7652 4709//7652
f 4699//7653 3184//7653 4709//7653
f 4709//7654 3184//7654 3191//7654
f 4709//7655 3191//7655 3190//7655
f 4710//7656 4711//7656 4712//7656
f 4712//7657 4711//7657 4713//7657
f 4712//7658 4713//7658 4700//7658
f 4700//7659 4713//7659 4714//7659
f 4700//7660 4714//7660 3184//7660
f 3184//7661 4714//7661 3182//7661
f 4715//7662 4706//7662 4704//7662
f 4701//7663 4697//7663 4695//7663
f 4703//7664 4702//7664 4716//7664
f 4716//7665 4702//7665 4701//7665
f 4716//7666 4701//7666 4694//7666
f 4694//7667 4701//7667 4695//7667
f 4703//7668 4716//7668 4704//7668
f 4704//7669 4716//7669 4717//7669
f 4704//7670 4717//7670 4715//7670
f 4694//7671 4525//7671 4716//7671
f 4716//7672 4525//7672 4511//7672
f 4716//7673 4511//7673 4717//7673
f 4717//7674 4511//7674 4510//7674
f 4717//7675 4510//7675 4715//7675
f 4718//7676 4711//7676 4719//7676
f 4719//7677 4711//7677 4710//7677
f 4720//7678 4721//7678 4722//7678
f 4723//7679 4724//7679 4725//7679
f 4726//7680 4727//7680 4728//7680
f 4708//7681 4707//7681 4729//7681
f 4708//7682 4729//7682 4709//7682
f 4709//7683 4721//7683 4699//7683
f 4699//7684 4721//7684 4720//7684
f 4699//7685 4720//7685 4700//7685
f 4719//7686 4710//7686 4730//7686
f 4731//7687 4732//7687 4728//7687
f 4728//7688 4732//7688 4733//7688
f 4728//7689 4733//7689 4726//7689
f 4734//7690 4735//7690 4736//7690
f 4728//7691 4737//7691 4731//7691
f 4731//7692 4737//7692 4734//7692
f 4731//7693 4734//7693 4738//7693
f 4738//7694 4734//7694 4736//7694
f 4738//7695 4736//7695 4739//7695
f 4740//7696 4741//7696 4742//7696
f 4504//7697 4724//7697 4531//7697
f 4531//7698 4724//7698 4723//7698
f 4531//7699 4723//7699 4743//7699
f 4744//7700 4530//7700 4745//7700
f 4745//7701 4530//7701 4533//7701
f 4745//7702 4533//7702 4743//7702
f 4743//7703 4533//7703 4532//7703
f 4743//7704 4532//7704 4531//7704
f 4510//7705 4509//7705 4746//7705
f 4746//7706 4509//7706 4526//7706
f 4746//7707 4526//7707 4747//7707
f 4747//7708 4526//7708 4527//7708
f 4747//7709 4527//7709 4748//7709
f 4748//7710 4527//7710 4528//7710
f 4748//7711 4528//7711 4744//7711
f 4744//7712 4528//7712 4529//7712
f 4744//7713 4529//7713 4530//7713
f 4749//7714 4750//7714 4751//7714
f 4709//7715 4729//7715 4721//7715
f 4721//7716 4729//7716 4752//7716
f 4721//7717 4752//7717 4722//7717
f 4722//7718 4752//7718 4753//7718
f 4722//7719 4753//7719 4754//7719
f 4754//7720 4753//7720 4751//7720
f 4754//7721 4751//7721 4755//7721
f 4755//7722 4751//7722 4750//7722
f 4755//7723 4750//7723 4756//7723
f 4749//7724 4751//7724 4757//7724
f 4757//7725 4751//7725 4753//7725
f 4757//7726 4753//7726 4758//7726
f 4758//7727 4753//7727 4752//7727
f 4758//7728 4752//7728 4759//7728
f 4759//7729 4752//7729 4729//7729
f 4759//7730 4729//7730 4760//7730
f 4760//7731 4729//7731 4707//7731
f 4760//7732 4707//7732 4761//7732
f 4761//7733 4707//7733 4705//7733
f 4761//7734 4705//7734 4706//7734
f 4741//7735 4762//7735 4742//7735
f 4742//7736 4762//7736 4763//7736
f 4742//7737 4763//7737 4764//7737
f 4764//7738 4763//7738 4765//7738
f 4764//7739 4765//7739 4766//7739
f 4766//7740 4765//7740 4767//7740
f 4766//7741 4767//7741 4768//7741
f 4768//7742 4767//7742 4730//7742
f 4768//7743 4730//7743 4769//7743
f 4769//7744 4730//7744 4710//7744
f 4769//7745 4710//7745 4712//7745
f 4762//7746 4735//7746 4763//7746
f 4763//7747 4735//7747 4734//7747
f 4763//7748 4734//7748 4765//7748
f 4765//7749 4734//7749 4737//7749
f 4765//7750 4737//7750 4767//7750
f 4767//7751 4737//7751 4728//7751
f 4767//7752 4728//7752 4730//7752
f 4730//7753 4728//7753 4727//7753
f 4730//7754 4727//7754 4719//7754
f 4719//7755 4727//7755 4726//7755
f 4719//7756 4726//7756 4718//7756
f 4712//7757 4700//7757 4769//7757
f 4769//7758 4700//7758 4720//7758
f 4769//7759 4720//7759 4768//7759
f 4768//7760 4720//7760 4722//7760
f 4768//7761 4722//7761 4766//7761
f 4766//7762 4722//7762 4754//7762
f 4766//7763 4754//7763 4764//7763
f 4764//7764 4754//7764 4755//7764
f 4764//7765 4755//7765 4742//7765
f 4742//7766 4755//7766 4756//7766
f 4742//7767 4756//7767 4740//7767
f 4740//7768 4756//7768 4750//7768
f 4740//7769 4750//7769 4725//7769
f 4725//7770 4750//7770 4749//7770
f 4725//7771 4749//7771 4723//7771
f 4723//7772 4749//7772 4757//7772
f 4723//7773 4757//7773 4743//7773
f 4743//7774 4757//7774 4758//7774
f 4743//7775 4758//7775 4745//7775
f 4745//7776 4758//7776 4759//7776
f 4745//7777 4759//7777 4744//7777
f 4744//7778 4759//7778 4760//7778
f 4744//7779 4760//7779 4748//7779
f 4748//7780 4760//7780 4761//7780
f 4748//7781 4761//7781 4747//7781
f 4747//7782 4761//7782 4706//7782
f 4747//7783 4706//7783 4746//7783
f 4746//7784 4706//7784 4715//7784
f 4746//7785 4715//7785 4510//7785
f 4504//7786 4503//7786 4724//7786
f 4724//7787 4503//7787 4635//7787
f 4736//7788 4735//7788 4640//7788
f 4640//7789 4735//7789 4762//7789
f 4640//7790 4762//7790 4641//7790
f 4641//7791 4762//7791 4741//7791
f 4641//7792 4741//7792 4636//7792
f 4636//7793 4741//7793 4740//7793
f 4636//7794 4740//7794 4635//7794
f 4635//7795 4740//7795 4725//7795
f 4635//7796 4725//7796 4724//7796
f 4736//7797 4640//7797 4739//7797
f 4739//7798 4640//7798 4639//7798
f 4739//7799 4639//7799 4770//7799
f 4770//7800 4639//7800 4638//7800
f 4770//7801 4638//7801 4771//7801
f 4771//7802 4638//7802 4637//7802
f 4771//7803 4637//7803 4772//7803
f 4772//7804 4637//7804 4773//7804
f 4773//7805 4637//7805 4612//7805
f 4773//3378 4612//3378 4774//3378
f 4726//7806 4733//7806 4775//7806
f 4776//7807 4718//7807 4726//7807
f 4776//7808 4726//7808 4777//7808
f 4777//7809 4726//7809 4775//7809
f 4777//7810 4775//7810 4778//7810
f 4778//7811 4775//7811 4779//7811
f 4779//7812 4775//7812 4780//7812
f 4779//7813 4780//7813 4781//7813
f 4781//7814 4780//7814 4782//7814
f 4781//7815 4782//7815 4783//7815
f 4783//7816 4782//7816 4784//7816
f 4783//7817 4784//7817 4785//7817
f 4786//7818 4787//7818 4774//7818
f 4774//7819 4787//7819 4773//7819
f 4788//7820 4731//7820 4738//7820
f 4773//7821 4787//7821 4772//7821
f 4772//7822 4787//7822 4789//7822
f 4772//7823 4789//7823 4771//7823
f 4771//7824 4789//7824 4788//7824
f 4771//7825 4788//7825 4770//7825
f 4770//7826 4788//7826 4738//7826
f 4770//7827 4738//7827 4739//7827
f 4790//7828 4784//7828 4791//7828
f 4791//7829 4784//7829 4782//7829
f 4791//7830 4782//7830 4792//7830
f 4792//7831 4782//7831 4780//7831
f 4792//7832 4780//7832 4793//7832
f 4793//7833 4780//7833 4775//7833
f 4793//7834 4775//7834 4732//7834
f 4732//7835 4775//7835 4733//7835
f 4786//7836 4790//7836 4787//7836
f 4787//7837 4790//7837 4791//7837
f 4787//7838 4791//7838 4789//7838
f 4789//7839 4791//7839 4792//7839
f 4789//7840 4792//7840 4788//7840
f 4788//7841 4792//7841 4793//7841
f 4788//7842 4793//7842 4731//7842
f 4731//7843 4793//7843 4732//7843
f 4794//7844 4795//7844 4796//7844
f 4797//7845 4796//7845 4785//7845
f 4794//7846 4796//7846 4798//7846
f 4796//7847 4797//7847 4798//7847
f 4798//7848 4797//7848 4799//7848
f 4798//7849 4799//7849 4800//7849
f 4800//7850 4799//7850 4801//7850
f 4800//7851 4801//7851 4802//7851
f 4786//7852 4774//7852 4803//7852
f 4785//7853 4784//7853 4797//7853
f 4797//7854 4784//7854 4790//7854
f 4797//7855 4790//7855 4799//7855
f 4799//7856 4790//7856 4786//7856
f 4799//7857 4786//7857 4801//7857
f 4801//7858 4786//7858 4803//7858
f 4801//7859 4803//7859 4802//7859
f 4802//7860 4803//7860 4804//7860
f 4805//3451 4806//3451 4612//3451
f 4805//3451 4612//3451 3693//3451
f 4806//3451 4804//3451 4612//3451
f 4612//3451 4804//3451 4803//3451
f 4612//3451 4803//3451 4774//3451
f 3702//3451 3701//3451 4612//3451
f 4612//7861 3701//7861 3714//7861
f 4612//7862 3714//7862 3715//7862
f 3715//3455 3723//3455 4612//3455
f 4612//3451 3723//3451 3692//3451
f 4612//7863 3692//7863 3693//7863
f 4807//7864 4806//7864 4805//7864
f 4806//7865 4807//7865 4804//7865
f 4804//7866 4807//7866 4802//7866
f 4802//7867 4807//7867 4808//7867
f 4802//7868 4808//7868 4800//7868
f 4800//7869 4808//7869 4809//7869
f 4800//7870 4809//7870 4798//7870
f 3696//7871 3697//7871 4810//7871
f 3693//7872 3694//7872 4811//7872
f 4811//7873 3694//7873 3695//7873
f 4811//7873 3695//7873 4812//7873
f 4812//7869 3695//7869 3696//7869
f 4812//7869 3696//7869 4813//7869
f 4813//7874 3696//7874 4810//7874
f 4813//7875 4810//7875 4814//7875
f 4794//7876 4798//7876 4814//7876
f 4814//7877 4798//7877 4809//7877
f 4814//7878 4809//7878 4813//7878
f 4813//7879 4809//7879 4808//7879
f 4813//7879 4808//7879 4812//7879
f 4812//7880 4808//7880 4807//7880
f 4812//7881 4807//7881 4811//7881
f 4811//7882 4807//7882 4805//7882
f 4811//7883 4805//7883 3693//7883
f 3697//7884 4815//7884 4810//7884
f 4810//7885 4815//7885 4795//7885
f 4810//7886 4795//7886 4814//7886
f 4814//7887 4795//7887 4794//7887
f 4815//7888 3697//7888 3724//7888
f 3724//7889 3697//7889 3685//7889
f 3724//7890 3685//7890 3684//7890
f 3727//7891 4816//7891 4817//7891
f 3727//7892 4817//7892 3724//7892
f 3724//7893 4817//7893 4818//7893
f 3724//7894 4818//7894 4815//7894
f 4816//7895 3727//7895 4819//7895
f 4819//7896 3727//7896 3728//7896
f 4819//7897 3728//7897 4820//7897
f 4382//7898 4821//7898 3728//7898
f 3728//7899 4821//7899 4822//7899
f 3728//7900 4822//7900 4820//7900
f 4382//7901 4384//7901 4821//7901
f 4821//7902 4384//7902 4385//7902
f 4821//7903 4385//7903 4823//7903
f 4385//7904 4387//7904 4823//7904
f 4823//7905 4387//7905 4388//7905
f 4823//7906 4388//7906 4824//7906
f 4824//7907 4388//7907 4411//7907
f 4824//7908 4411//7908 4391//7908
f 4391//7909 4390//7909 4824//7909
f 4824//7910 4390//7910 4376//7910
f 4824//7911 4376//7911 4375//7911
f 4375//7912 4350//7912 4824//7912
f 4824//7913 4350//7913 4349//7913
f 4824//7914 4349//7914 4825//7914
f 4825//7915 4349//7915 4348//7915
f 4825//7916 4348//7916 4826//7916
f 4355//7917 4827//7917 4828//7917
f 4826//7918 4348//7918 4829//7918
f 4829//7919 4348//7919 4347//7919
f 4829//7920 4347//7920 4828//7920
f 4828//7921 4347//7921 4356//7921
f 4828//7922 4356//7922 4355//7922
f 4355//7923 4354//7923 4827//7923
f 4827//7924 4354//7924 4353//7924
f 4827//7925 4353//7925 4830//7925
f 4830//7926 4353//7926 4352//7926
f 4830//7927 4352//7927 4831//7927
f 4831//7928 4352//7928 4351//7928
f 4831//7929 4351//7929 4832//7929
f 4832//7930 4351//7930 4357//7930
f 4832//7931 4357//7931 4833//7931
f 4357//7932 4360//7932 4833//7932
f 4833//7933 4360//7933 4359//7933
f 4833//7934 4359//7934 4834//7934
f 4834//7935 4359//7935 4358//7935
f 4834//7936 4358//7936 4835//7936
f 4358//7937 4339//7937 4835//7937
f 4835//7938 4339//7938 4336//7938
f 4835//7939 4336//7939 4836//7939
f 4837//7940 4815//7940 4818//7940
f 4820//7941 4822//7941 4838//7941
f 4825//7942 4826//7942 4839//7942
f 4839//7943 4826//7943 4840//7943
f 4840//7944 4841//7944 4839//7944
f 4839//7945 4841//7945 4842//7945
f 4839//7946 4842//7946 4843//7946
f 4844//7947 4823//7947 4839//7947
f 4839//7948 4823//7948 4824//7948
f 4839//7949 4824//7949 4825//7949
f 4838//7950 4822//7950 4845//7950
f 4845//7951 4822//7951 4821//7951
f 4845//7952 4821//7952 4846//7952
f 4837//7953 4818//7953 4847//7953
f 4820//7954 4838//7954 4819//7954
f 4819//7955 4838//7955 4848//7955
f 4819//7956 4848//7956 4816//7956
f 4816//7957 4848//7957 4849//7957
f 4816//7958 4849//7958 4817//7958
f 4817//7959 4849//7959 4850//7959
f 4817//7960 4850//7960 4818//7960
f 4818//7961 4850//7961 4851//7961
f 4818//7962 4851//7962 4847//7962
f 4843//7963 4852//7963 4839//7963
f 4839//7964 4852//7964 4846//7964
f 4839//7965 4846//7965 4844//7965
f 4844//7966 4846//7966 4821//7966
f 4844//7967 4821//7967 4823//7967
f 4853//7968 4854//7968 4852//7968
f 3778//7969 3776//7969 4852//7969
f 4852//7970 3776//7970 3785//7970
f 4852//7971 3785//7971 4853//7971
f 4854//7972 4855//7972 4852//7972
f 4852//7973 4855//7973 4856//7973
f 4852//7974 4856//7974 4846//7974
f 4857//7975 4858//7975 4859//7975
f 4840//7976 4826//7976 4860//7976
f 4861//7977 4842//7977 4841//7977
f 4862//7978 3778//7978 4861//7978
f 3778//7979 4852//7979 4861//7979
f 4861//7980 4852//7980 4843//7980
f 4861//7981 4843//7981 4842//7981
f 4863//7982 3779//7982 3775//7982
f 4864//7983 4865//7983 4863//7983
f 3779//7984 4863//7984 4047//7984
f 4047//7985 4863//7985 4865//7985
f 4047//7986 4865//7986 3781//7986
f 4863//7987 4866//7987 4864//7987
f 4864//7988 4866//7988 4867//7988
f 4864//7989 4867//7989 4868//7989
f 4868//7990 4867//7990 4869//7990
f 4868//7991 4869//7991 4870//7991
f 4871//7992 4872//7992 4873//7992
f 4873//7993 4872//7993 4874//7993
f 4875//7994 4876//7994 4872//7994
f 4872//7995 4876//7995 4877//7995
f 4872//7996 4877//7996 4874//7996
f 4878//7997 4879//7997 4880//7997
f 4880//7998 4879//7998 4881//7998
f 4880//7999 4881//7999 4875//7999
f 4875//8000 4881//8000 4882//8000
f 4875//8001 4882//8001 4876//8001
f 4883//8002 4884//8002 4885//8002
f 4885//8003 4884//8003 4886//8003
f 4885//8004 4886//8004 4887//8004
f 4887//8005 4886//8005 4878//8005
f 4887//8006 4878//8006 4888//8006
f 4888//8007 4878//8007 4880//8007
f 4889//8008 4890//8008 4883//8008
f 4883//8009 4890//8009 4891//8009
f 4883//8010 4891//8010 4884//8010
f 4305//8011 4303//8011 4892//8011
f 4892//8012 4303//8012 4309//8012
f 4892//8013 4309//8013 4893//8013
f 4893//8014 4309//8014 4308//8014
f 4893//8015 4308//8015 4894//8015
f 4894//8016 4308//8016 4307//8016
f 4894//8017 4307//8017 4310//8017
f 4306//8018 4305//8018 4895//8018
f 4895//8019 4305//8019 4892//8019
f 4895//8020 4892//8020 4896//8020
f 4896//8021 4892//8021 4897//8021
f 4896//8022 4897//8022 4898//8022
f 4898//8023 4897//8023 4899//8023
f 4899//8024 4897//8024 4900//8024
f 4899//8025 4900//8025 4901//8025
f 4902//8026 4903//8026 4904//8026
f 4902//8027 4904//8027 4900//8027
f 4900//8028 4904//8028 4905//8028
f 4900//8029 4905//8029 4901//8029
f 4903//8030 4902//8030 4906//8030
f 4906//8031 4902//8031 4907//8031
f 4906//8032 4907//8032 4908//8032
f 4908//8033 4907//8033 4909//8033
f 4909//8034 4907//8034 4857//8034
f 4909//8035 4857//8035 4836//8035
f 4836//8036 4857//8036 4835//8036
f 4835//8037 4857//8037 4859//8037
f 4835//8038 4859//8038 4834//8038
f 4910//8039 4911//8039 4830//8039
f 4830//8040 4831//8040 4910//8040
f 4910//8041 4831//8041 4832//8041
f 4910//8042 4832//8042 4859//8042
f 4859//8043 4832//8043 4833//8043
f 4859//8044 4833//8044 4834//8044
f 4826//8045 4829//8045 4860//8045
f 4860//8046 4829//8046 4828//8046
f 4860//8047 4828//8047 4911//8047
f 4911//8048 4828//8048 4827//8048
f 4911//8049 4827//8049 4830//8049
f 2498//8050 2411//8050 4912//8050
f 4912//8051 2411//8051 4913//8051
f 4912//8052 4913//8052 4914//8052
f 4914//8053 4913//8053 4915//8053
f 4914//8054 4915//8054 4916//8054
f 4871//8055 4917//8055 4872//8055
f 4872//8056 4917//8056 4918//8056
f 4872//8057 4918//8057 4875//8057
f 4875//8058 4918//8058 4919//8058
f 4875//8059 4919//8059 4880//8059
f 4880//8060 4919//8060 4920//8060
f 4880//8061 4920//8061 4888//8061
f 4888//8062 4920//8062 4921//8062
f 4888//8063 4921//8063 4887//8063
f 4887//8064 4921//8064 4922//8064
f 4887//8065 4922//8065 4885//8065
f 4885//8066 4922//8066 4923//8066
f 4885//8067 4923//8067 4883//8067
f 4873//8068 4870//8068 4871//8068
f 4871//8069 4870//8069 4869//8069
f 4871//8070 4869//8070 4917//8070
f 4917//8071 4869//8071 4924//8071
f 4917//8072 4924//8072 4918//8072
f 4918//8073 4924//8073 4925//8073
f 4918//8074 4925//8074 4919//8074
f 4919//8075 4925//8075 4926//8075
f 4919//8076 4926//8076 4920//8076
f 4920//8077 4926//8077 4927//8077
f 4920//8078 4927//8078 4921//8078
f 4921//8079 4927//8079 4928//8079
f 4921//8080 4928//8080 4922//8080
f 4922//8081 4928//8081 4929//8081
f 4922//8082 4929//8082 4923//8082
f 2494//8083 2498//8083 4930//8083
f 4930//8084 2498//8084 4912//8084
f 4930//8085 4912//8085 4931//8085
f 4931//8086 4912//8086 4914//8086
f 4931//8087 4914//8087 4932//8087
f 4932//8088 4914//8088 4916//8088
f 4932//8089 4916//8089 4933//8089
f 2493//8090 2494//8090 4934//8090
f 4934//8091 2494//8091 4930//8091
f 4934//8092 4930//8092 4935//8092
f 4935//8093 4930//8093 4931//8093
f 4935//8094 4931//8094 4936//8094
f 4936//8095 4931//8095 4932//8095
f 4936//8096 4932//8096 4937//8096
f 4937//8097 4932//8097 4933//8097
f 4937//8098 4933//8098 4938//8098
f 4939//8099 4940//8099 4941//8099
f 4941//8100 4940//8100 4942//8100
f 4941//8101 4942//8101 4943//8101
f 4943//8102 4942//8102 4944//8102
f 4943//8103 4944//8103 4945//8103
f 2492//8104 2493//8104 4946//8104
f 4946//8105 2493//8105 4934//8105
f 4946//8106 4934//8106 4947//8106
f 4947//8107 4934//8107 4935//8107
f 4947//8108 4935//8108 4948//8108
f 4948//8109 4935//8109 4936//8109
f 4948//8110 4936//8110 4949//8110
f 4949//8111 4936//8111 4937//8111
f 4949//8112 4937//8112 4950//8112
f 4950//8113 4937//8113 4938//8113
f 4950//8114 4938//8114 4939//8114
f 4939//8115 4938//8115 4951//8115
f 4939//8116 4951//8116 4940//8116
f 4858//8117 4857//8117 4952//8117
f 4952//8118 4857//8118 4907//8118
f 4952//8119 4907//8119 4953//8119
f 4953//8120 4907//8120 4902//8120
f 4953//8121 4902//8121 4954//8121
f 4954//8122 4902//8122 4900//8122
f 4954//8123 4900//8123 4955//8123
f 4955//8124 4900//8124 4897//8124
f 4955//8125 4897//8125 4956//8125
f 4956//8126 4897//8126 4892//8126
f 4956//8127 4892//8127 4957//8127
f 4957//8128 4892//8128 4893//8128
f 4957//8129 4893//8129 4958//8129
f 4958//8130 4893//8130 4894//8130
f 4958//8131 4894//8131 2437//8131
f 2437//8132 4894//8132 4310//8132
f 2437//8133 4310//8133 1831//8133
f 2437//8134 2492//8134 4958//8134
f 4958//8135 2492//8135 4946//8135
f 4958//8136 4946//8136 4957//8136
f 4957//8137 4946//8137 4947//8137
f 4957//8138 4947//8138 4956//8138
f 4956//8139 4947//8139 4948//8139
f 4956//8140 4948//8140 4955//8140
f 4955//8141 4948//8141 4949//8141
f 4955//8142 4949//8142 4954//8142
f 4954//8143 4949//8143 4950//8143
f 4954//8144 4950//8144 4953//8144
f 4953//8145 4950//8145 4939//8145
f 4953//8146 4939//8146 4952//8146
f 4952//8147 4939//8147 4941//8147
f 4952//8148 4941//8148 4858//8148
f 4858//8149 4941//8149 4943//8149
f 4858//8150 4943//8150 4859//8150
f 4859//8151 4943//8151 4945//8151
f 4859//8152 4945//8152 4910//8152
f 4910//8153 4945//8153 4959//8153
f 4910//8154 4959//8154 4911//8154
f 4911//8155 4959//8155 4960//8155
f 4911//8156 4960//8156 4860//8156
f 4860//8157 4960//8157 4861//8157
f 4860//8158 4861//8158 4840//8158
f 4840//8159 4861//8159 4841//8159
f 3775//8160 4862//8160 4863//8160
f 4863//8161 4862//8161 4861//8161
f 4863//8162 4861//8162 4866//8162
f 4866//8163 4861//8163 4960//8163
f 4866//8164 4960//8164 4867//8164
f 4867//8165 4960//8165 4959//8165
f 4867//8166 4959//8166 4869//8166
f 4869//8167 4959//8167 4945//8167
f 4869//8168 4945//8168 4924//8168
f 4924//8169 4945//8169 4944//8169
f 4924//8170 4944//8170 4925//8170
f 4925//8171 4944//8171 4942//8171
f 4925//8172 4942//8172 4926//8172
f 4926//8173 4942//8173 4940//8173
f 4926//8174 4940//8174 4927//8174
f 4927//8175 4940//8175 4951//8175
f 4927//8176 4951//8176 4928//8176
f 4928//8177 4951//8177 4938//8177
f 4928//8178 4938//8178 4929//8178
f 4929//8179 4938//8179 4933//8179
f 4929//8180 4933//8180 4923//8180
f 4923//8181 4933//8181 4916//8181
f 4923//8182 4916//8182 4883//8182
f 4883//8183 4916//8183 4915//8183
f 4883//8184 4915//8184 4889//8184
f 4889//8185 4915//8185 4913//8185
f 4889//8186 4913//8186 4961//8186
f 4961//8187 4913//8187 2411//8187
f 4961//8188 2411//8188 2410//8188
f 4297//8189 4298//8189 4962//8189
f 4962//8190 4298//8190 4963//8190
f 4964//3784 4965//3784 4966//3784
f 4966//8191 4965//8191 4967//8191
f 4966//8192 4967//8192 4962//8192
f 4962//8193 4967//8193 4968//8193
f 4962//8194 4968//8194 4297//8194
f 4899//8195 4969//8195 4898//8195
f 4898//8196 4969//8196 4970//8196
f 4898//8197 4970//8197 4896//8197
f 4971//8198 4972//8198 4318//8198
f 4318//8199 4304//8199 4971//8199
f 4971//8200 4304//8200 4306//8200
f 4971//8201 4306//8201 4970//8201
f 4970//8202 4306//8202 4895//8202
f 4970//8203 4895//8203 4896//8203
f 4298//8204 4299//8204 4963//8204
f 4963//8205 4299//8205 4301//8205
f 4963//8206 4301//8206 4973//8206
f 4973//8207 4301//8207 4289//8207
f 4973//8208 4289//8208 4972//8208
f 4972//8209 4289//8209 4291//8209
f 4972//8210 4291//8210 4318//8210
f 4297//8211 4974//8211 4295//8211
f 4295//8212 4974//8212 4296//8212
f 4296//8213 4974//8213 4320//8213
f 4320//8214 4974//8214 4975//8214
f 4320//8215 4975//8215 4321//8215
f 4321//8216 4975//8216 4328//8216
f 4321//8217 4328//8217 4293//8217
f 4976//8218 4977//8218 4323//8218
f 4323//8219 4977//8219 4325//8219
f 4968//8220 4967//8220 4978//8220
f 4978//8221 4967//8221 4979//8221
f 4978//8222 4979//8222 4976//8222
f 4976//8223 4979//8223 4980//8223
f 4976//8224 4980//8224 4977//8224
f 4323//8225 4328//8225 4976//8225
f 4976//8226 4328//8226 4975//8226
f 4976//8227 4975//8227 4978//8227
f 4978//8228 4975//8228 4974//8228
f 4978//8229 4974//8229 4968//8229
f 4968//8230 4974//8230 4297//8230
f 4979//8231 4967//8231 4965//8231
f 4908//8231 4909//8231 4981//8231
f 4981//8231 4909//8231 4836//8231
f 4981//8231 4836//8231 4982//8231
f 4979//8232 4965//8232 4980//8232
f 4980//8231 4965//8231 4964//8231
f 4980//8231 4964//8231 4977//8231
f 4977//8231 4964//8231 4983//8231
f 4977//8232 4983//8232 4325//8232
f 4325//8231 4983//8231 4336//8231
f 4336//8231 4983//8231 4984//8231
f 4336//8231 4984//8231 4985//8231
f 4985//8232 4986//8232 4336//8232
f 4336//8231 4986//8231 4987//8231
f 4336//8231 4987//8231 4836//8231
f 4836//8232 4987//8232 4988//8232
f 4836//8231 4988//8231 4982//8231
f 4964//8233 4966//8233 4989//8233
f 4990//8234 4984//8234 4989//8234
f 4989//8235 4984//8235 4983//8235
f 4989//8236 4983//8236 4964//8236
f 4988//8237 4987//8237 4991//8237
f 4991//8238 4987//8238 4986//8238
f 4991//8239 4986//8239 4990//8239
f 4990//8240 4986//8240 4985//8240
f 4990//8241 4985//8241 4984//8241
f 4988//8242 4991//8242 4982//8242
f 4982//8243 4991//8243 4992//8243
f 4982//8244 4992//8244 4981//8244
f 4981//8245 4992//8245 4908//8245
f 4908//8246 4992//8246 4993//8246
f 4908//8247 4993//8247 4906//8247
f 4969//8248 4899//8248 4994//8248
f 4994//8249 4899//8249 4901//8249
f 4901//8250 4905//8250 4994//8250
f 4994//8251 4905//8251 4904//8251
f 4994//8252 4904//8252 4993//8252
f 4993//8253 4904//8253 4903//8253
f 4993//8254 4903//8254 4906//8254
f 4991//857 4990//857 4989//857
f 4989//857 4966//857 4969//857
f 4969//857 4966//857 4962//857
f 4969//857 4962//857 4970//857
f 4970//857 4962//857 4971//857
f 4992//857 4991//857 4993//857
f 4993//857 4991//857 4989//857
f 4993//857 4989//857 4994//857
f 4994//857 4989//857 4969//857
f 4963//857 4973//857 4962//857
f 4962//857 4973//857 4972//857
f 4962//857 4972//857 4971//857
f 4995//8255 2578//8255 2577//8255
f 3238//8256 3240//8256 4996//8256
f 3246//8257 4997//8257 3244//8257
f 3244//8258 4997//8258 4996//8258
f 3244//8259 4996//8259 3242//8259
f 3242//8260 4996//8260 3240//8260
f 3247//8261 4998//8261 3246//8261
f 3246//8262 4998//8262 4999//8262
f 3246//8263 4999//8263 4997//8263
f 5000//8264 3234//8264 4996//8264
f 4996//8265 3234//8265 3236//8265
f 4996//8266 3236//8266 3238//8266
f 5001//8267 3248//8267 5002//8267
f 5002//8268 3248//8268 3250//8268
f 5002//8269 3250//8269 3232//8269
f 3251//8270 5003//8270 3252//8270
f 3252//8271 5003//8271 5004//8271
f 3252//8272 5004//8272 3254//8272
f 3254//8273 5004//8273 3256//8273
f 3256//8274 5004//8274 5005//8274
f 3256//8275 5005//8275 3258//8275
f 3258//8276 5005//8276 5006//8276
f 3258//8277 5006//8277 3260//8277
f 3260//8278 5006//8278 5007//8278
f 3260//8279 5007//8279 3262//8279
f 3262//8280 5007//8280 5008//8280
f 3262//8281 5008//8281 517//8281
f 517//8282 5008//8282 5009//8282
f 517//8283 5009//8283 519//8283
f 519//8284 5009//8284 5010//8284
f 519//8285 5010//8285 528//8285
f 528//8286 5010//8286 5011//8286
f 528//8287 5011//8287 526//8287
f 526//8288 5011//8288 5012//8288
f 526//8289 5012//8289 533//8289
f 533//8290 5012//8290 5013//8290
f 533//8291 5013//8291 531//8291
f 531//8292 5013//8292 2542//8292
f 531//8293 2542//8293 541//8293
f 4995//8294 2577//8294 5014//8294
f 5015//8295 5016//8295 5017//8295
f 5017//8296 5016//8296 5018//8296
f 5017//8297 5018//8297 5019//8297
f 5019//8298 5018//8298 5020//8298
f 5019//8299 5020//8299 5021//8299
f 5021//8300 5020//8300 5022//8300
f 5021//8301 5022//8301 5023//8301
f 5023//8302 5022//8302 5024//8302
f 5023//8303 5024//8303 5025//8303
f 5025//8304 5024//8304 5026//8304
f 5025//8305 5026//8305 5027//8305
f 5027//8306 5026//8306 5028//8306
f 5027//8307 5028//8307 5029//8307
f 5029//8308 5028//8308 5030//8308
f 5029//8309 5030//8309 5031//8309
f 5031//8310 5030//8310 5032//8310
f 5031//8311 5032//8311 5033//8311
f 5033//8312 5032//8312 5034//8312
f 5033//8313 5034//8313 5035//8313
f 5035//8314 5034//8314 5014//8314
f 5035//8315 5014//8315 5036//8315
f 5036//8316 5014//8316 2577//8316
f 5037//8317 5038//8317 5039//8317
f 5039//8318 5040//8318 5037//8318
f 5037//8319 5040//8319 5041//8319
f 5037//8320 5041//8320 5015//8320
f 5015//8321 5041//8321 5042//8321
f 5015//8322 5042//8322 5016//8322
f 5037//8323 5043//8323 5044//8323
f 5044//8324 5045//8324 5037//8324
f 5037//8325 5045//8325 5046//8325
f 5037//8326 5046//8326 5038//8326
f 5047//8327 5048//8327 5049//8327
f 5049//8328 5048//8328 5050//8328
f 5049//8329 5050//8329 5051//8329
f 5051//8330 5050//8330 5052//8330
f 5051//8331 5052//8331 5053//8331
f 5053//8332 5052//8332 5054//8332
f 5053//8333 5054//8333 5055//8333
f 5055//8334 5054//8334 5056//8334
f 5055//8335 5056//8335 5057//8335
f 5057//8336 5056//8336 5058//8336
f 5057//8337 5058//8337 5059//8337
f 5059//8338 5058//8338 5060//8338
f 5059//8339 5060//8339 5061//8339
f 5061//8340 5060//8340 5062//8340
f 5061//8341 5062//8341 5063//8341
f 5063//8342 5062//8342 5064//8342
f 5063//8343 5064//8343 5065//8343
f 5065//8344 5064//8344 5066//8344
f 5065//8345 5066//8345 5067//8345
f 5067//8346 5066//8346 5001//8346
f 5067//8347 5001//8347 5000//8347
f 5000//8348 5001//8348 5002//8348
f 5000//8349 5002//8349 3234//8349
f 3234//8350 5002//8350 3232//8350
f 3251//8351 3248//8351 5003//8351
f 5003//8352 3248//8352 5001//8352
f 5003//8353 5001//8353 5004//8353
f 5004//8354 5001//8354 5066//8354
f 5004//8355 5066//8355 5005//8355
f 5005//8356 5066//8356 5064//8356
f 5005//8357 5064//8357 5006//8357
f 5006//8358 5064//8358 5062//8358
f 5006//8359 5062//8359 5007//8359
f 5007//8360 5062//8360 5060//8360
f 5007//8361 5060//8361 5008//8361
f 5008//8362 5060//8362 5058//8362
f 5008//8363 5058//8363 5009//8363
f 5009//8364 5058//8364 5056//8364
f 5009//8365 5056//8365 5010//8365
f 5010//8366 5056//8366 5054//8366
f 5010//8367 5054//8367 5011//8367
f 5011//8368 5054//8368 5052//8368
f 5011//8369 5052//8369 5012//8369
f 5012//8370 5052//8370 5050//8370
f 5012//8371 5050//8371 5013//8371
f 5013//8372 5050//8372 5048//8372
f 5013//8373 5048//8373 2542//8373
f 2542//8374 5048//8374 5047//8374
f 2542//8375 5047//8375 2594//8375
f 2620//8376 2619//8376 5068//8376
f 5068//8377 2619//8377 5069//8377
f 5068//8378 5069//8378 5070//8378
f 5070//8379 5069//8379 5071//8379
f 5070//8380 5071//8380 5072//8380
f 5072//8381 5071//8381 5073//8381
f 5072//8382 5073//8382 5074//8382
f 5074//8383 5073//8383 5075//8383
f 5074//8384 5075//8384 5076//8384
f 5076//8385 5075//8385 5077//8385
f 5076//8386 5077//8386 5078//8386
f 5078//8387 5077//8387 5079//8387
f 5078//8388 5079//8388 5080//8388
f 5080//8389 5079//8389 5081//8389
f 5080//8390 5081//8390 5082//8390
f 5082//8391 5081//8391 5083//8391
f 5082//8392 5083//8392 5084//8392
f 5084//8393 5083//8393 5085//8393
f 5084//8394 5085//8394 5086//8394
f 5086//8395 5085//8395 5087//8395
f 5086//8396 5087//8396 5088//8396
f 5088//8397 5087//8397 5089//8397
f 5088//8398 5089//8398 5090//8398
f 5090//8399 5089//8399 5091//8399
f 5090//8400 5091//8400 5092//8400
f 5092//8401 5091//8401 5093//8401
f 5092//8402 5093//8402 5094//8402
f 2577//8403 2620//8403 5036//8403
f 5036//8404 2620//8404 5068//8404
f 5036//8405 5068//8405 5035//8405
f 5035//8406 5068//8406 5070//8406
f 5035//8407 5070//8407 5033//8407
f 5033//8408 5070//8408 5072//8408
f 5033//8409 5072//8409 5031//8409
f 5031//8410 5072//8410 5074//8410
f 5031//8411 5074//8411 5029//8411
f 5029//8412 5074//8412 5076//8412
f 5029//8413 5076//8413 5027//8413
f 5027//8414 5076//8414 5078//8414
f 5027//8415 5078//8415 5025//8415
f 5025//8416 5078//8416 5080//8416
f 5025//8417 5080//8417 5023//8417
f 5023//8418 5080//8418 5082//8418
f 5023//8419 5082//8419 5021//8419
f 5021//8420 5082//8420 5084//8420
f 5021//8421 5084//8421 5019//8421
f 5019//8422 5084//8422 5086//8422
f 5019//8423 5086//8423 5017//8423
f 5017//8424 5086//8424 5088//8424
f 5017//8425 5088//8425 5015//8425
f 5015//8426 5088//8426 5090//8426
f 5015//8427 5090//8427 5037//8427
f 5037//8428 5090//8428 5092//8428
f 5037//8429 5092//8429 5043//8429
f 5043//8430 5092//8430 5094//8430
f 2619//8431 2594//8431 5069//8431
f 5069//8432 2594//8432 5047//8432
f 5069//8433 5047//8433 5071//8433
f 5071//8434 5047//8434 5049//8434
f 5071//8435 5049//8435 5073//8435
f 5073//8436 5049//8436 5051//8436
f 5073//8437 5051//8437 5075//8437
f 5075//8438 5051//8438 5053//8438
f 5075//8439 5053//8439 5077//8439
f 5077//8440 5053//8440 5055//8440
f 5077//8441 5055//8441 5079//8441
f 5079//8442 5055//8442 5057//8442
f 5079//8443 5057//8443 5081//8443
f 5081//8444 5057//8444 5059//8444
f 5081//8445 5059//8445 5083//8445
f 5083//8446 5059//8446 5061//8446
f 5083//8447 5061//8447 5085//8447
f 5085//8448 5061//8448 5063//8448
f 5085//8449 5063//8449 5087//8449
f 5087//8450 5063//8450 5065//8450
f 5087//8451 5065//8451 5089//8451
f 5089//8452 5065//8452 5067//8452
f 5089//8453 5067//8453 5091//8453
f 5091//8454 5067//8454 5000//8454
f 5091//8455 5000//8455 5093//8455
f 5093//8456 5000//8456 4996//8456
f 5093//8457 4996//8457 5094//8457
f 5094//8458 4996//8458 4997//8458
f 5046//8459 5095//8459 5038//8459
f 5038//8460 5095//8460 5096//8460
f 5038//8461 5096//8461 5039//8461
f 5046//8462 5045//8462 5095//8462
f 5095//8463 5045//8463 5097//8463
f 5095//8464 5097//8464 3782//8464
f 3782//8465 5097//8465 3783//8465
f 2651//8466 2578//8466 4995//8466
f 2651//8467 4995//8467 5098//8467
f 5099//8468 4889//8468 5100//8468
f 5100//8469 4889//8469 4961//8469
f 5100//8470 4961//8470 5101//8470
f 5101//8471 4961//8471 2410//8471
f 5101//8472 2410//8472 2665//8472
f 5102//8473 4884//8473 5103//8473
f 5103//8474 4884//8474 4891//8474
f 5103//8475 4891//8475 5099//8475
f 5099//8476 4891//8476 4890//8476
f 5099//8477 4890//8477 4889//8477
f 5104//8478 4878//8478 5102//8478
f 5102//8479 4878//8479 4886//8479
f 5102//8480 4886//8480 4884//8480
f 5105//8481 4881//8481 5104//8481
f 5104//8482 4881//8482 4879//8482
f 5104//8483 4879//8483 4878//8483
f 4874//8484 4877//8484 5106//8484
f 5106//8485 4877//8485 4876//8485
f 5106//8486 4876//8486 5105//8486
f 5105//8487 4876//8487 4882//8487
f 5105//8488 4882//8488 4881//8488
f 3781//8489 4865//8489 5107//8489
f 5107//8490 4865//8490 4864//8490
f 5107//8491 4864//8491 5108//8491
f 5108//8492 4864//8492 4868//8492
f 5108//8493 4868//8493 5109//8493
f 5109//8494 4868//8494 4870//8494
f 5109//8495 4870//8495 5110//8495
f 5110//8496 4870//8496 4873//8496
f 5110//8497 4873//8497 5111//8497
f 5111//8498 4873//8498 5112//8498
f 5095//8499 3782//8499 3776//8499
f 5040//8500 5039//8500 5108//8500
f 5108//8501 5039//8501 5096//8501
f 5108//8502 5096//8502 5107//8502
f 5107//8503 5096//8503 5095//8503
f 5107//8504 5095//8504 3781//8504
f 3781//8505 5095//8505 3776//8505
f 5111//8506 5018//8506 5110//8506
f 5110//8507 5018//8507 5016//8507
f 5110//8508 5016//8508 5109//8508
f 5109//8509 5016//8509 5042//8509
f 5109//8510 5042//8510 5108//8510
f 5108//8511 5042//8511 5041//8511
f 5108//8512 5041//8512 5040//8512
f 4995//8513 5014//8513 5098//8513
f 5098//8514 5014//8514 5034//8514
f 5098//8515 5034//8515 5113//8515
f 5113//8516 5034//8516 5032//8516
f 5113//8517 5032//8517 5114//8517
f 5114//8518 5032//8518 5030//8518
f 5114//8519 5030//8519 5115//8519
f 5115//8520 5030//8520 5028//8520
f 5115//8521 5028//8521 5116//8521
f 5116//8522 5028//8522 5026//8522
f 5116//8523 5026//8523 5117//8523
f 5117//8524 5026//8524 5024//8524
f 5117//8525 5024//8525 5118//8525
f 5118//8526 5024//8526 5022//8526
f 5118//8527 5022//8527 5119//8527
f 5119//8528 5022//8528 5020//8528
f 2674//8529 2651//8529 5120//8529
f 5120//8530 2651//8530 5098//8530
f 5120//8531 5098//8531 5121//8531
f 5121//8532 5098//8532 5113//8532
f 5121//8533 5113//8533 5122//8533
f 5122//8534 5113//8534 5114//8534
f 5122//8535 5114//8535 5123//8535
f 5123//8536 5114//8536 5115//8536
f 5123//8537 5115//8537 5124//8537
f 5124//8538 5115//8538 5116//8538
f 5124//8539 5116//8539 5125//8539
f 5125//8540 5116//8540 5117//8540
f 5125//8541 5117//8541 5126//8541
f 5126//8542 5117//8542 5118//8542
f 5126//8543 5118//8543 5112//8543
f 5112//8544 5118//8544 5119//8544
f 5112//8545 5119//8545 5111//8545
f 5111//8546 5119//8546 5020//8546
f 5111//8547 5020//8547 5018//8547
f 2665//8548 2674//8548 5101//8548
f 5101//8549 2674//8549 5120//8549
f 5101//8550 5120//8550 5100//8550
f 5100//8551 5120//8551 5121//8551
f 5100//8552 5121//8552 5099//8552
f 5099//8553 5121//8553 5122//8553
f 5099//8554 5122//8554 5103//8554
f 5103//8555 5122//8555 5123//8555
f 5103//8556 5123//8556 5102//8556
f 5102//8557 5123//8557 5124//8557
f 5102//8558 5124//8558 5104//8558
f 5104//8559 5124//8559 5125//8559
f 5104//8560 5125//8560 5105//8560
f 5105//8561 5125//8561 5126//8561
f 5105//8562 5126//8562 5106//8562
f 5106//8563 5126//8563 5112//8563
f 5106//8564 5112//8564 4874//8564
f 4874//8565 5112//8565 4873//8565
f 3784//8566 3783//8566 5097//8566
f 5127//8567 5128//8567 5129//8567
f 4711//8568 4718//8568 5130//8568
f 5130//8569 4718//8569 4776//8569
f 5130//8570 4776//8570 5131//8570
f 5131//8571 4776//8571 4777//8571
f 5131//8572 4777//8572 4778//8572
f 4778//8573 4779//8573 5131//8573
f 5131//8574 4779//8574 4781//8574
f 5131//8575 4781//8575 4783//8575
f 4783//8576 4785//8576 4815//8576
f 4815//8577 4785//8577 4796//8577
f 4815//8578 4796//8578 4795//8578
f 4783//8579 4815//8579 5131//8579
f 5131//8580 4815//8580 4837//8580
f 5131//8581 4837//8581 5132//8581
f 4849//8582 5127//8582 4850//8582
f 4850//8583 5127//8583 5129//8583
f 4850//8584 5129//8584 4851//8584
f 4851//8585 5129//8585 5132//8585
f 4851//8586 5132//8586 4847//8586
f 4847//8587 5132//8587 4837//8587
f 5133//8588 5097//8588 5134//8588
f 5134//8589 5097//8589 5045//8589
f 4854//8590 4853//8590 5135//8590
f 4846//8591 4856//8591 5135//8591
f 5135//8592 4856//8592 4855//8592
f 5135//8593 4855//8593 4854//8593
f 4849//8594 4848//8594 5127//8594
f 5127//8595 4848//8595 5133//8595
f 5127//8596 5133//8596 5128//8596
f 5128//8597 5133//8597 5134//8597
f 4853//8598 3785//8598 5135//8598
f 5135//8599 3785//8599 3784//8599
f 5135//8600 3784//8600 4846//8600
f 4846//8601 3784//8601 5097//8601
f 4846//8602 5097//8602 4845//8602
f 4845//8603 5097//8603 5133//8603
f 4845//8604 5133//8604 4838//8604
f 4838//8605 5133//8605 4848//8605
f 5134//8606 5136//8606 5128//8606
f 5128//8607 5136//8607 5137//8607
f 5128//8608 5137//8608 5129//8608
f 5129//8609 5137//8609 5138//8609
f 5129//8610 5138//8610 5132//8610
f 5132//8611 5138//8611 5131//8611
f 5131//8612 5138//8612 5139//8612
f 5131//8613 5139//8613 5130//8613
f 5130//8614 5139//8614 4713//8614
f 5130//8615 4713//8615 4711//8615
f 5140//8616 5141//8616 3207//8616
f 3182//8617 4714//8617 3211//8617
f 3211//8618 4714//8618 5140//8618
f 3211//8619 5140//8619 3209//8619
f 3209//8620 5140//8620 3207//8620
f 5141//8621 5142//8621 3207//8621
f 3207//8622 5142//8622 5143//8622
f 3207//8623 5143//8623 5144//8623
f 3224//8624 3222//8624 5145//8624
f 5145//8625 3222//8625 3220//8625
f 3219//8626 3203//8626 5144//8626
f 5144//8627 3203//8627 3205//8627
f 5144//8628 3205//8628 3207//8628
f 4998//8629 3247//8629 3230//8629
f 4998//8630 3230//8630 4999//8630
f 4999//8631 3230//8631 4997//8631
f 4997//8632 3230//8632 3228//8632
f 4997//8633 3228//8633 3226//8633
f 5043//8634 5094//8634 5146//8634
f 5146//8635 5094//8635 4997//8635
f 5146//8636 4997//8636 5145//8636
f 5145//8637 4997//8637 3226//8637
f 5145//8638 3226//8638 3224//8638
f 5044//8639 5043//8639 5147//8639
f 5147//8640 5043//8640 5146//8640
f 5147//8641 5146//8641 5143//8641
f 5143//8642 5146//8642 5145//8642
f 5143//8643 5145//8643 5144//8643
f 5144//8644 5145//8644 3220//8644
f 5144//8645 3220//8645 3219//8645
f 5045//8646 5044//8646 5134//8646
f 5134//8647 5044//8647 5147//8647
f 5134//8648 5147//8648 5136//8648
f 5136//8649 5147//8649 5143//8649
f 5136//8650 5143//8650 5137//8650
f 5137//8651 5143//8651 5142//8651
f 5137//8652 5142//8652 5138//8652
f 5138//8653 5142//8653 5141//8653
f 5138//8654 5141//8654 5139//8654
f 5139//8655 5141//8655 5140//8655
f 5139//8656 5140//8656 4713//8656
f 4713//8657 5140//8657 4714//8657
f 5148//8658 5149//8658 5150//8658
f 4436//8659 4435//8659 5151//8659
f 3070//8660 5152//8660 5153//8660
f 5154//8661 5155//8661 5156//8661
f 5152//8662 3070//8662 5157//8662
f 3034//8663 5158//8663 3064//8663
f 3064//8664 5158//8664 5159//8664
f 3064//8665 5159//8665 3066//8665
f 3066//8666 5159//8666 5157//8666
f 3066//8667 5157//8667 3068//8667
f 3068//8668 5157//8668 3070//8668
f 3058//8669 3057//8669 5160//8669
f 5160//8670 3057//8670 3061//8670
f 5160//8671 3061//8671 5161//8671
f 5161//8672 3061//8672 3063//8672
f 5161//8673 3063//8673 5153//8673
f 5153//8674 3063//8674 3071//8674
f 5153//8675 3071//8675 3070//8675
f 5160//8676 4470//8676 3058//8676
f 3058//8677 4470//8677 4472//8677
f 3058//8678 4472//8678 1039//8678
f 1039//8679 4472//8679 4471//8679
f 1039//8680 4471//8680 1040//8680
f 1043//8681 3683//8681 1042//8681
f 1042//8682 3683//8682 1041//8682
f 4471//8683 3678//8683 1040//8683
f 1040//8684 3678//8684 3680//8684
f 1040//8685 3680//8685 1043//8685
f 1043//8686 3680//8686 3682//8686
f 1043//8687 3682//8687 3683//8687
f 5149//8688 4432//8688 5150//8688
f 5150//8689 4432//8689 4431//8689
f 5150//8690 4431//8690 5151//8690
f 5151//8691 4431//8691 4422//8691
f 5151//8692 4422//8692 4436//8692
f 5148//8693 5150//8693 5162//8693
f 5162//8694 5150//8694 5163//8694
f 5162//8695 5163//8695 5164//8695
f 5164//8696 5163//8696 5165//8696
f 5164//8697 5165//8697 5166//8697
f 5166//8698 5165//8698 5156//8698
f 5166//8699 5156//8699 5167//8699
f 5167//8700 5156//8700 5155//8700
f 5167//8701 5155//8701 5168//8701
f 5159//8702 5154//8702 5157//8702
f 5157//8703 5154//8703 5156//8703
f 5157//8704 5156//8704 5152//8704
f 5152//8705 5156//8705 5165//8705
f 5152//8706 5165//8706 5153//8706
f 5153//8707 5165//8707 5163//8707
f 5153//8708 5163//8708 5161//8708
f 5161//8709 5163//8709 5150//8709
f 5161//8710 5150//8710 5160//8710
f 5160//8711 5150//8711 5151//8711
f 5160//8712 5151//8712 4470//8712
f 4470//8713 5151//8713 4435//8713
f 4433//8714 4432//8714 5149//8714
f 5168//8715 5169//8715 5167//8715
f 5167//8716 5169//8716 5170//8716
f 5167//8717 5170//8717 5166//8717
f 5162//8718 5164//8718 5171//8718
f 5171//8719 5164//8719 5166//8719
f 5171//8720 5166//8720 5172//8720
f 4005//8721 4004//8721 4041//8721
f 4041//8722 4004//8722 4418//8722
f 4041//8723 4418//8723 4042//8723
f 4042//8724 4418//8724 4417//8724
f 4417//8725 4423//8725 4042//8725
f 4042//8726 4423//8726 5162//8726
f 4042//8727 5162//8727 4043//8727
f 4043//8728 5162//8728 5171//8728
f 4043//8729 5171//8729 4044//8729
f 4044//8730 5171//8730 5172//8730
f 4423//8731 4425//8731 5162//8731
f 5162//8732 4425//8732 4427//8732
f 5162//8733 4427//8733 4429//8733
f 4433//8734 5149//8734 4429//8734
f 4429//8735 5149//8735 5148//8735
f 4429//8736 5148//8736 5162//8736
f 5166//8737 5170//8737 5172//8737
f 5172//8738 5170//8738 5173//8738
f 5172//8739 5173//8739 3786//8739
f 3786//8740 3788//8740 5172//8740
f 5172//8741 3788//8741 3789//8741
f 5172//8742 3789//8742 4039//8742
f 4036//8743 4046//8743 5172//8743
f 5172//8744 4046//8744 4045//8744
f 5172//8745 4045//8745 4044//8745
f 4039//8746 4040//8746 5172//8746
f 5172//8747 4040//8747 4037//8747
f 5172//8748 4037//8748 4036//8748
f 5174//8749 2755//8749 2754//8749
f 4098//8750 4099//8750 5175//8750
f 3787//8751 3786//8751 2846//8751
f 2846//8752 3786//8752 5173//8752
f 2846//8753 5173//8753 4099//8753
f 5176//8754 4089//8754 5177//8754
f 5177//8755 4089//8755 4096//8755
f 5177//8756 4096//8756 4098//8756
f 5178//8757 4077//8757 5179//8757
f 5179//8758 4077//8758 4079//8758
f 5179//8759 4079//8759 5180//8759
f 5180//8760 4079//8760 4081//8760
f 5180//8761 4081//8761 5181//8761
f 5181//8762 4081//8762 4083//8762
f 5181//8763 4083//8763 5182//8763
f 5182//8764 4083//8764 4085//8764
f 5182//8765 4085//8765 5183//8765
f 5183//8766 4085//8766 4086//8766
f 5183//8767 4086//8767 5184//8767
f 5184//8768 4086//8768 4088//8768
f 5184//8769 4088//8769 5185//8769
f 5185//8770 4088//8770 4095//8770
f 2728//8771 1492//8771 4071//8771
f 4071//8772 4070//8772 2728//8772
f 2728//8773 4070//8773 4073//8773
f 2728//8774 4073//8774 5178//8774
f 5178//8775 4073//8775 4075//8775
f 5178//8776 4075//8776 4077//8776
f 5174//8777 2754//8777 5186//8777
f 5186//8778 2754//8778 5187//8778
f 5186//8779 5187//8779 5188//8779
f 5188//8780 5187//8780 5189//8780
f 5188//8781 5189//8781 5190//8781
f 5189//8782 5191//8782 5190//8782
f 5190//8783 5191//8783 5192//8783
f 5190//8784 5192//8784 5193//8784
f 5193//8785 5192//8785 5194//8785
f 5193//8786 5194//8786 5195//8786
f 5195//8787 5194//8787 5196//8787
f 5195//8788 5196//8788 5197//8788
f 5197//8789 5196//8789 5198//8789
f 5197//8790 5198//8790 5199//8790
f 5199//8791 5198//8791 5200//8791
f 5199//8792 5200//8792 5201//8792
f 5201//8793 5200//8793 5202//8793
f 5203//8794 5204//8794 5177//8794
f 5177//8795 5204//8795 5205//8795
f 5177//8796 5205//8796 5176//8796
f 5176//8797 5205//8797 5206//8797
f 5176//8798 5206//8798 5207//8798
f 5207//8799 5206//8799 5202//8799
f 5207//8800 5202//8800 5208//8800
f 5208//8801 5202//8801 5200//8801
f 4098//8802 5175//8802 5177//8802
f 5177//8803 5175//8803 5209//8803
f 5177//8804 5209//8804 5203//8804
f 4099//8805 5173//8805 5175//8805
f 5175//8806 5173//8806 5170//8806
f 5175//8807 5170//8807 5209//8807
f 5209//8808 5170//8808 5169//8808
f 5209//8809 5169//8809 5168//8809
f 2754//8810 2766//8810 5187//8810
f 5187//8811 2766//8811 5210//8811
f 5187//8812 5210//8812 5189//8812
f 5189//8813 5210//8813 5211//8813
f 5189//8814 5211//8814 5191//8814
f 5191//8815 5211//8815 5212//8815
f 5191//8816 5212//8816 5192//8816
f 5192//8817 5212//8817 5213//8817
f 5192//8818 5213//8818 5194//8818
f 5194//8819 5213//8819 5214//8819
f 5194//8820 5214//8820 5196//8820
f 5196//8821 5214//8821 5215//8821
f 5196//8822 5215//8822 5198//8822
f 5198//8823 5215//8823 5216//8823
f 5198//8824 5216//8824 5200//8824
f 5200//8825 5216//8825 5217//8825
f 5200//8826 5217//8826 5208//8826
f 5208//8827 5217//8827 4094//8827
f 5208//8828 4094//8828 5207//8828
f 5207//8829 4094//8829 4092//8829
f 5207//8830 4092//8830 5176//8830
f 5176//8831 4092//8831 4090//8831
f 5176//8832 4090//8832 4089//8832
f 2766//8833 2728//8833 5210//8833
f 5210//8834 2728//8834 5178//8834
f 5210//8835 5178//8835 5211//8835
f 5211//8836 5178//8836 5179//8836
f 5211//8837 5179//8837 5212//8837
f 5212//8838 5179//8838 5180//8838
f 5212//8839 5180//8839 5213//8839
f 5213//8840 5180//8840 5181//8840
f 5213//8841 5181//8841 5214//8841
f 5214//8842 5181//8842 5182//8842
f 5214//8843 5182//8843 5215//8843
f 5215//8844 5182//8844 5183//8844
f 5215//8845 5183//8845 5216//8845
f 5216//8846 5183//8846 5184//8846
f 5216//8847 5184//8847 5217//8847
f 5217//8848 5184//8848 5185//8848
f 5217//8849 5185//8849 4094//8849
f 4094//8850 5185//8850 4095//8850
f 2806//8851 2791//8851 5218//8851
f 2893//8852 2892//8852 5219//8852
f 2891//8853 5220//8853 5221//8853
f 89//8854 5222//8854 81//8854
f 88//8855 87//8855 2790//8855
f 5155//8856 5154//8856 5223//8856
f 5223//8857 5154//8857 5159//8857
f 5223//8858 5159//8858 5158//8858
f 5203//8859 5209//8859 5204//8859
f 5204//8860 5209//8860 5224//8860
f 5224//8861 5225//8861 5204//8861
f 5204//8862 5225//8862 5226//8862
f 5204//8863 5226//8863 5205//8863
f 5205//8864 5226//8864 5227//8864
f 5205//8865 5227//8865 5206//8865
f 5206//8866 5227//8866 5228//8866
f 5206//8867 5228//8867 5202//8867
f 5202//8868 5228//8868 5229//8868
f 5202//8869 5229//8869 5201//8869
f 5201//8870 5229//8870 5230//8870
f 5201//8871 5230//8871 5199//8871
f 5199//8872 5230//8872 5231//8872
f 5199//8873 5231//8873 5197//8873
f 5197//8874 5231//8874 5232//8874
f 5197//8875 5232//8875 5195//8875
f 5195//8876 5232//8876 5233//8876
f 5195//8877 5233//8877 5193//8877
f 5193//8878 5233//8878 5234//8878
f 5193//8879 5234//8879 5190//8879
f 5186//8880 5188//8880 5218//8880
f 5218//8881 5188//8881 5190//8881
f 5218//8882 5190//8882 5235//8882
f 5235//8883 5190//8883 5234//8883
f 5186//8884 5218//8884 5174//8884
f 5174//8885 5218//8885 2791//8885
f 5174//8886 2791//8886 2755//8886
f 2891//8887 2889//8887 5220//8887
f 5220//8888 2889//8888 2888//8888
f 5220//8889 2888//8889 5236//8889
f 5236//8890 2888//8890 2887//8890
f 5236//8891 2887//8891 5237//8891
f 5237//8892 2887//8892 2890//8892
f 5237//8893 2890//8893 78//8893
f 3006//8894 3007//8894 2850//8894
f 2850//8895 2852//8895 3006//8895
f 3006//8896 2852//8896 2854//8896
f 3006//8897 2854//8897 2856//8897
f 2975//8898 2951//8898 2862//8898
f 2975//8899 2862//8899 2974//8899
f 2862//8900 2860//8900 2974//8900
f 2974//8901 2860//8901 2857//8901
f 2974//8902 2857//8902 3007//8902
f 3007//8903 2857//8903 2859//8903
f 3007//8904 2859//8904 2850//8904
f 178//8905 109//8905 2946//8905
f 2946//8906 109//8906 106//8906
f 2946//8907 106//8907 2947//8907
f 2947//8908 106//8908 108//8908
f 2947//8909 108//8909 2948//8909
f 2948//8910 108//8910 97//8910
f 2948//8911 97//8911 2950//8911
f 2950//8912 97//8912 94//8912
f 2950//8913 94//8913 2951//8913
f 2951//8914 94//8914 93//8914
f 2951//8915 93//8915 2862//8915
f 2893//8916 5219//8916 2856//8916
f 2856//8917 5219//8917 5238//8917
f 2856//8918 5238//8918 3006//8918
f 3006//8919 5238//8919 5239//8919
f 3006//8920 5239//8920 3005//8920
f 3005//8921 5239//8921 5240//8921
f 3005//8922 5240//8922 3003//8922
f 3003//8923 5240//8923 3004//8923
f 3004//8924 5240//8924 5241//8924
f 3004//8925 5241//8925 3008//8925
f 3008//8926 5241//8926 5242//8926
f 3008//8927 5242//8927 3045//8927
f 3045//8928 5242//8928 5243//8928
f 3045//8929 5243//8929 3048//8929
f 3048//8930 5243//8930 5244//8930
f 3048//8931 5244//8931 3038//8931
f 3038//8932 5244//8932 3037//8932
f 3037//8933 5244//8933 5245//8933
f 3037//8934 5245//8934 3033//8934
f 2892//8935 2891//8935 5219//8935
f 5219//8936 2891//8936 5221//8936
f 5219//8937 5221//8937 5238//8937
f 5238//8938 5221//8938 5246//8938
f 5238//8939 5246//8939 5239//8939
f 5239//8940 5246//8940 5247//8940
f 5239//8941 5247//8941 5240//8941
f 5240//8942 5247//8942 5248//8942
f 5240//8943 5248//8943 5241//8943
f 5241//8944 5248//8944 5249//8944
f 5241//8945 5249//8945 5242//8945
f 5242//8946 5249//8946 5250//8946
f 5242//8947 5250//8947 5243//8947
f 5243//8948 5250//8948 5251//8948
f 5243//8949 5251//8949 5244//8949
f 5244//8950 5251//8950 5252//8950
f 5244//8951 5252//8951 5245//8951
f 5245//8952 5252//8952 5223//8952
f 5245//8953 5223//8953 3033//8953
f 3033//8954 5223//8954 5158//8954
f 3033//8955 5158//8955 3034//8955
f 78//8956 80//8956 5237//8956
f 5237//8957 80//8957 81//8957
f 5237//8958 81//8958 5253//8958
f 5253//8959 81//8959 5222//8959
f 5253//8960 5222//8960 2790//8960
f 2790//8961 5222//8961 89//8961
f 2790//8962 89//8962 88//8962
f 2790//8963 2806//8963 5253//8963
f 5253//8964 2806//8964 5218//8964
f 5253//8965 5218//8965 5237//8965
f 5237//8966 5218//8966 5235//8966
f 5237//8967 5235//8967 5236//8967
f 5236//8968 5235//8968 5234//8968
f 5236//8969 5234//8969 5220//8969
f 5220//8970 5234//8970 5233//8970
f 5220//8971 5233//8971 5221//8971
f 5221//8972 5233//8972 5232//8972
f 5221//8973 5232//8973 5246//8973
f 5246//8974 5232//8974 5231//8974
f 5246//8975 5231//8975 5247//8975
f 5247//8976 5231//8976 5230//8976
f 5247//8977 5230//8977 5248//8977
f 5248//8978 5230//8978 5229//8978
f 5248//8979 5229//8979 5249//8979
f 5249//8980 5229//8980 5228//8980
f 5249//8981 5228//8981 5250//8981
f 5250//8982 5228//8982 5227//8982
f 5250//8983 5227//8983 5251//8983
f 5251//8984 5227//8984 5226//8984
f 5251//8985 5226//8985 5252//8985
f 5252//8986 5226//8986 5225//8986
f 5252//8987 5225//8987 5223//8987
f 5223//8988 5225//8988 5224//8988
f 5223//8989 5224//8989 5155//8989
f 5155//8990 5224//8990 5209//8990
f 5155//8991 5209//8991 5168//8991
f 4262//4587 4238//4587 4263//4587
f 4263//4587 4238//4587 4249//4587
f 4263//4586 4249//4586 4264//4586
f 4264//4586 4249//4586 4248//4586
f 4264//4585 4248//4585 4265//4585
f 4265//4585 4248//4585 4247//4585
f 4265//4584 4247//4584 4266//4584
f 4266//4584 4247//4584 4246//4584
f 4266//3154 4246//3154 4267//3154
f 4267//3154 4246//3154 4245//3154
f 4267//4583 4245//4583 4268//4583
f 4268//4583 4245//4583 4244//4583
f 4268//1920 4244//1920 4269//1920
f 4269//1920 4244//1920 4243//1920
f 4269//4582 4243//4582 4270//4582
f 4270//4582 4243//4582 4242//4582
f 4270//4581 4242//4581 4271//4581
f 4271//4581 4242//4581 4241//4581
f 4271//4580 4241//4580 4272//4580
f 4272//4580 4241//4580 4240//4580
f 4272//1929 4240//1929 4273//1929
f 4273//1929 4240//1929 4239//1929
f 4273//4579 4239//4579 4262//4579
f 4262//4579 4239//4579 4238//4579
f 3361//4587 3436//4587 3371//4587
f 3371//4587 3436//4587 3438//4587
f 3371//4586 3438//4586 3370//4586
f 3370//4586 3438//4586 3431//4586
f 3370//4585 3431//4585 3369//4585
f 3369//4585 3431//4585 3432//4585
f 3369//4584 3432//4584 3367//4584
f 3367//4584 3432//4584 3433//4584
f 3367//3154 3433//3154 3365//3154
f 3365//3154 3433//3154 3427//3154
f 3365//4583 3427//4583 3353//4583
f 3353//4583 3427//4583 3424//4583
f 3353//1920 3424//1920 3354//1920
f 3354//1920 3424//1920 3425//1920
f 3354//4582 3425//4582 3362//4582
f 3362//4582 3425//4582 3426//4582
f 3362//4581 3426//4581 3375//4581
f 3375//4581 3426//4581 3428//4581
f 3375//4580 3428//4580 3358//4580
f 3358//4580 3428//4580 3429//4580
f 3358//1929 3429//1929 3359//1929
f 3359//1929 3429//1929 3435//1929
f 3359//4579 3435//4579 3361//4579
f 3361//4579 3435//4579 3436//4579
f 3403//4587 3419//4587 3404//4587
f 3404//4587 3419//4587 3420//4587
f 3404//4586 3420//4586 3405//4586
f 3405//4586 3420//4586 3443//4586
f 3405//4585 3443//4585 3406//4585
f 3406//4585 3443//4585 3442//4585
f 3406//4584 3442//4584 3407//4584
f 3407//4584 3442//4584 3441//4584
f 3407//3154 3441//3154 3408//3154
f 3408//3154 3441//3154 3440//3154
f 3408//4583 3440//4583 3402//4583
f 3402//4583 3440//4583 3439//4583
f 3402//1920 3439//1920 3411//1920
f 3411//1920 3439//1920 3437//1920
f 3411//4582 3437//4582 3412//4582
f 3412//4582 3437//4582 3434//4582
f 3412//4581 3434//4581 3413//4581
f 3413//4581 3434//4581 3421//4581
f 3413//4580 3421//4580 3409//4580
f 3409//4580 3421//4580 3430//4580
f 3409//4588 3430//4588 3410//4588
f 3410//1929 3430//1929 3418//1929
f 3410//4579 3418//4579 3403//4579
f 3403//4579 3418//4579 3419//4579
f 3764//4579 2825//4579 3765//4579
f 3765//1929 2825//1929 2824//1929
f 3765//1929 2824//1929 3760//1929
f 3760//4580 2824//4580 2823//4580
f 3760//4580 2823//4580 3761//4580
f 3761//4581 2823//4581 2822//4581
f 3761//4581 2822//4581 3770//4581
f 3770//4582 2822//4582 2821//4582
f 3770//4582 2821//4582 3771//4582
f 3771//1920 2821//1920 2820//1920
f 3771//1920 2820//1920 3766//1920
f 3766//4583 2820//4583 2819//4583
f 3766//4583 2819//4583 3774//4583
f 3774//3154 2819//3154 2818//3154
f 3774//3154 2818//3154 3763//3154
f 3763//4584 2818//4584 2817//4584
f 3763//4584 2817//4584 3762//4584
f 3762//4585 2817//4585 2816//4585
f 3762//4585 2816//4585 3768//4585
f 3768//4586 2816//4586 2815//4586
f 3768//4586 2815//4586 3769//4586
f 3769//4587 2815//4587 2826//4587
f 3769//4587 2826//4587 3764//4587
f 3764//4579 2826//4579 2825//4579
