# Blender 4.5.0
# www.blender.org
o thumb_3
v -0.009941 -0.001948 -0.001583
v -0.009563 -0.001855 -0.001592
v -0.008825 -0.002923 -0.001671
v -0.008600 -0.008926 -0.001891
v -0.009397 -0.008476 -0.001823
v -0.009642 -0.008027 -0.001797
v -0.023426 -0.003633 0.008000
v -0.023550 -0.003349 0.008000
v -0.023550 -0.003349 0.007959
v -0.023376 -0.003611 0.006343
v -0.023508 -0.003329 0.006466
v -0.023431 -0.003293 0.005549
v -0.023243 -0.003553 0.005063
v -0.023279 -0.003223 0.004524
v -0.023036 -0.003465 0.003996
v -0.023047 -0.003120 0.003568
v -0.022901 -0.003411 0.003514
v -0.022757 -0.003352 0.003092
v -0.022909 -0.003061 0.003152
v -0.022403 -0.003216 0.002313
v -0.022540 -0.002899 0.002315
v -0.022420 -0.002849 0.002103
v -0.022018 -0.003078 0.001702
v -0.022347 -0.002819 0.001982
v -0.021874 -0.002635 0.001343
v -0.021312 -0.002439 0.000793
v -0.020846 -0.002731 0.000549
v -0.021500 -0.002910 0.001099
v -0.021118 -0.002378 0.000638
v -0.020389 -0.002173 0.000166
v -0.020189 -0.002588 0.000142
v -0.020180 -0.002122 0.000056
v -0.019287 -0.002464 -0.000267
v -0.019519 -0.001983 -0.000240
v -0.018469 -0.001834 -0.000590
v -0.018284 -0.002428 -0.000595
v -0.017302 -0.002513 -0.000833
v -0.015203 -0.001854 -0.001198
v -0.015077 -0.002458 -0.001212
v -0.016287 -0.001776 -0.001048
v -0.016416 -0.002707 -0.001002
v -0.017314 -0.001763 -0.000865
v -0.017834 -0.001784 -0.000752
v -0.013976 -0.003959 -0.001344
v -0.014805 -0.003400 -0.001241
v -0.015482 -0.003051 -0.001149
v -0.009517 -0.008395 -0.001812
v -0.010323 -0.007747 -0.001736
v -0.011771 -0.004845 -0.001573
v -0.004502 -0.008711 -0.002094
v -0.004943 -0.008935 -0.002088
v -0.006599 -0.006002 -0.001898
v -0.005091 -0.008999 -0.002084
v -0.005744 -0.009222 -0.002065
v -0.006008 -0.009282 -0.002055
v -0.006454 -0.009344 -0.002034
v -0.006918 -0.009354 -0.002009
v -0.007083 -0.009344 -0.001999
v -0.007811 -0.009216 -0.001951
v -0.011158 -0.002109 -0.001535
v -0.010865 -0.002087 -0.001549
v -0.013550 -0.002024 -0.001371
v -0.012552 -0.002104 -0.001451
v -0.012269 -0.002117 -0.001471
v -0.011277 -0.006754 -0.001640
v -0.012271 -0.005597 -0.001535
v -0.013186 -0.004638 -0.001435
v -0.013818 -0.001997 -0.001347
v -0.014377 -0.001938 -0.001292
v -0.014653 -0.001909 -0.001262
v -0.009031 0.016719 0.008000
v -0.009388 0.017032 0.008000
v -0.009408 0.017020 0.009722
v -0.011749 0.018385 0.013051
v -0.011894 0.018344 0.013327
v -0.010147 0.016586 0.013451
v -0.013108 0.018076 0.014646
v -0.013517 0.017999 0.014912
v -0.011572 0.015750 0.015111
v -0.014380 0.017073 0.015586
v -0.012295 0.015834 0.015358
v -0.014344 0.017825 0.015331
v -0.015472 0.012836 0.016484
v -0.016525 0.013462 0.016457
v -0.016681 0.012749 0.016521
v -0.011874 0.012931 0.016116
v -0.011230 0.013686 0.015786
v -0.012306 0.014996 0.015657
v -0.012286 0.015330 0.015541
v -0.012326 0.013410 0.016084
v -0.013353 0.012833 0.016333
v -0.012659 0.012092 0.016381
v -0.013009 0.011745 0.016468
v -0.014441 0.012223 0.016503
v -0.013997 0.010837 0.016638
v -0.014272 0.010601 0.016670
v -0.014656 0.010282 0.016707
v -0.015495 0.009625 0.016758
v -0.016276 0.009059 0.016776
v -0.018301 0.012279 0.016533
v -0.016368 0.008995 0.016777
v -0.016322 0.009027 0.016777
v -0.017907 0.014022 0.016428
v -0.017578 0.015023 0.016341
v -0.016510 0.014694 0.016330
v -0.017177 0.015825 0.016240
v -0.016495 0.015887 0.016181
v -0.016724 0.016497 0.016117
v -0.015395 0.016503 0.015942
v -0.016266 0.016971 0.015987
v -0.015771 0.017307 0.015843
v -0.014740 0.016871 0.015731
v -0.015181 0.017576 0.015653
v -0.014973 0.017649 0.015580
v -0.014015 0.017899 0.015180
v -0.010515 0.016370 0.014062
v -0.012340 0.018233 0.013953
v -0.012860 0.018124 0.014456
v -0.011579 0.018437 0.012650
v -0.009870 0.016749 0.012789
v -0.009670 0.016866 0.012081
v -0.011360 0.018512 0.011897
v -0.011313 0.018529 0.011672
v -0.009534 0.016946 0.011331
v -0.011091 0.018468 0.010880
v -0.010960 0.018431 0.009901
v -0.010918 0.018420 0.008548
v -0.010919 0.018420 0.008000
v -0.009102 0.016607 0.011084
v -0.009053 0.016683 0.010110
v -0.009046 0.016695 0.009838
v -0.009192 0.016468 0.011989
v -0.009308 0.016291 0.012691
v -0.009787 0.015594 0.014168
v -0.009652 0.015787 0.013865
v -0.009565 0.015913 0.013635
v -0.009486 0.016027 0.013397
v -0.009389 0.016170 0.013051
v -0.011058 0.013899 0.015673
v -0.010681 0.014378 0.015375
v -0.010597 0.014488 0.015297
v -0.010986 0.016094 0.014616
v -0.010229 0.014982 0.014887
v -0.009936 0.015385 0.014449
v -0.014441 0.012223 -0.000503
v -0.013178 0.011582 -0.000504
v -0.014211 0.010653 -0.000664
v -0.016276 0.009059 -0.000776
v -0.016368 0.008995 -0.000777
v -0.018301 0.012279 -0.000533
v -0.017892 0.014080 -0.000424
v -0.016672 0.012754 -0.000521
v -0.012937 0.018109 0.001482
v -0.010964 0.016107 0.001406
v -0.011549 0.015763 0.000906
v -0.010918 0.018420 0.007418
v -0.010229 0.014982 0.001115
v -0.009652 0.015787 0.002135
v -0.009936 0.015385 0.001551
v -0.010084 0.015180 0.001315
v -0.009406 0.017022 0.006348
v -0.009046 0.016695 0.006162
v -0.009053 0.016683 0.005890
v -0.009527 0.016950 0.004725
v -0.010959 0.018431 0.006110
v -0.011085 0.018466 0.005153
v -0.011313 0.018529 0.004328
v -0.009659 0.016873 0.003967
v -0.011374 0.018507 0.004039
v -0.009856 0.016757 0.003252
v -0.011641 0.018418 0.003191
v -0.011749 0.018385 0.002949
v -0.010130 0.016596 0.002583
v -0.012005 0.018314 0.002492
v -0.012326 0.018236 0.002063
v -0.010495 0.016382 0.001966
v -0.012434 0.018211 0.001941
v -0.009102 0.016607 0.004916
v -0.009192 0.016468 0.004011
v -0.009308 0.016291 0.003309
v -0.009486 0.016027 0.002603
v -0.012263 0.015344 0.000471
v -0.012295 0.015834 0.000642
v -0.015395 0.016503 0.000058
v -0.015793 0.017295 0.000151
v -0.014719 0.016883 0.000277
v -0.015196 0.017570 0.000342
v -0.014380 0.017073 0.000414
v -0.014401 0.017811 0.000644
v -0.014015 0.017899 0.000820
v -0.013576 0.017987 0.001053
v -0.016525 0.013462 -0.000457
v -0.017579 0.015021 -0.000341
v -0.016510 0.014694 -0.000330
v -0.017222 0.015747 -0.000251
v -0.016495 0.015887 -0.000181
v -0.016764 0.016446 -0.000128
v -0.016345 0.016903 -0.000010
v -0.015455 0.009655 -0.000756
v -0.015472 0.012836 -0.000484
v -0.012314 0.012450 -0.000279
v -0.013353 0.012833 -0.000333
v -0.012267 0.012500 -0.000264
v -0.012326 0.013410 -0.000084
v -0.011480 0.013387 0.000071
v -0.011214 0.013706 0.000224
v -0.012306 0.015005 0.000346
v -0.011040 0.013921 0.000340
v -0.010677 0.014385 0.000630
v -0.026302 0.004791 0.003809
v -0.026235 0.004350 0.004122
v -0.026428 0.004284 0.005067
v -0.019030 0.010050 -0.000599
v -0.018672 0.010944 -0.000584
v -0.018309 0.012244 -0.000535
v -0.019260 0.009603 -0.000598
v -0.017759 0.008100 -0.000755
v -0.019493 0.009218 -0.000590
v -0.019103 0.007338 -0.000668
v -0.020038 0.008497 -0.000549
v -0.019174 0.007300 -0.000662
v -0.020708 0.007812 -0.000465
v -0.019390 0.007187 -0.000640
v -0.020389 0.006686 -0.000507
v -0.021546 0.007129 -0.000306
v -0.021345 0.006242 -0.000319
v -0.022251 0.005847 -0.000067
v -0.022401 0.006561 -0.000071
v -0.023100 0.005498 0.000264
v -0.023221 0.006105 0.000243
v -0.023330 0.005407 0.000374
v -0.024014 0.005722 0.000666
v -0.023557 0.005318 0.000494
v -0.023900 0.005187 0.000698
v -0.024666 0.005438 0.001147
v -0.024227 0.005063 0.000925
v -0.024561 0.004940 0.001197
v -0.025634 0.005049 0.002281
v -0.025481 0.005109 0.002049
v -0.025080 0.004752 0.001734
v -0.025170 0.005232 0.001650
v -0.024803 0.005381 0.001270
v -0.025529 0.004594 0.002369
v -0.025586 0.004574 0.002467
v -0.026007 0.004905 0.002995
v -0.025736 0.004521 0.002749
v -0.025940 0.004451 0.003206
v -0.026211 0.004358 0.004031
v -0.026510 0.004257 0.005678
v -0.026707 0.004633 0.006213
v -0.026557 0.004692 0.004937
v -0.026517 0.004255 0.005738
v -0.026604 0.004225 0.006993
v -0.026769 0.004610 0.008000
v -0.026622 0.004219 0.007959
v -0.026622 0.004219 0.008000
v -0.014001 0.017114 0.003150
v -0.014816 0.017897 0.003150
v -0.014586 0.017142 0.002838
v -0.014899 0.017787 0.003027
v -0.014748 0.017125 0.002761
v -0.015104 0.017519 0.002785
v -0.015158 0.017033 0.002576
v -0.015243 0.017341 0.002657
v -0.015590 0.016852 0.002403
v -0.015685 0.016799 0.002367
v -0.011968 0.015184 0.003150
v -0.011912 0.014727 0.003150
v -0.011910 0.014631 0.002829
v -0.014459 0.017148 0.003150
v -0.015591 0.016852 0.003150
v -0.016818 0.013973 0.001797
v -0.016768 0.013818 0.003150
v -0.016909 0.014547 0.001853
v -0.016888 0.014982 0.003150
v -0.016888 0.014982 0.001903
v -0.016465 0.016073 0.003150
v -0.016491 0.016034 0.002079
v -0.016666 0.015727 0.002017
v -0.016699 0.015654 0.002004
v -0.016865 0.015124 0.001921
v -0.015989 0.016587 0.002257
v -0.016358 0.016216 0.002126
v -0.011911 0.014617 0.002822
v -0.012149 0.013582 0.003150
v -0.011981 0.014058 0.002537
v -0.012882 0.012669 0.003150
v -0.012488 0.013050 0.002096
v -0.012174 0.013530 0.002296
v -0.013950 0.012191 0.003150
v -0.013388 0.012367 0.001830
v -0.012897 0.012658 0.001943
v -0.015119 0.012251 0.003150
v -0.014490 0.012149 0.001708
v -0.013923 0.012196 0.001754
v -0.016132 0.012836 0.003150
v -0.015620 0.012460 0.001688
v -0.015068 0.012236 0.001687
v -0.016759 0.013791 0.001781
v -0.016487 0.013256 0.001738
v -0.016089 0.012796 0.001705
v -0.024420 0.007741 0.011000
v -0.023807 0.006702 0.011000
v -0.024485 0.007710 0.010995
v -0.024026 0.006595 0.010937
v -0.024576 0.007666 0.010969
v -0.024682 0.007616 0.010908
v -0.024126 0.006548 0.010854
v -0.024740 0.007589 0.010854
v -0.024186 0.006520 0.010772
v -0.024824 0.007551 0.010728
v -0.024231 0.006499 0.010673
v -0.024874 0.007528 0.010500
v -0.024258 0.006487 0.010547
v -0.024260 0.006486 0.010500
v -0.024322 0.007789 0.011000
v -0.023279 0.006978 0.011000
v -0.023281 0.008369 0.011000
v -0.022670 0.007334 0.011000
v -0.022863 0.008646 0.011500
v -0.022252 0.007609 0.011500
v -0.022868 0.008642 0.011425
v -0.022294 0.007580 0.011279
v -0.022889 0.008628 0.011327
v -0.022939 0.008594 0.011212
v -0.022373 0.007527 0.011146
v -0.022984 0.008562 0.011146
v -0.022420 0.007496 0.011098
v -0.023075 0.008502 0.011064
v -0.022584 0.007389 0.011011
v -0.022524 0.007428 0.011031
v -0.022252 0.007609 0.013000
v -0.022863 0.008646 0.013000
v 0.001306 0.002043 0.016730
v 0.001306 0.002043 0.016000
v 0.001874 0.000948 0.016929
v 0.002422 -0.000109 0.016000
v 0.002422 -0.000109 0.017105
v 0.001783 -0.001109 0.017363
v 0.001117 -0.002152 0.016000
v 0.001117 -0.002152 0.017571
v -0.000085 -0.002098 0.017618
v -0.001306 -0.002043 0.016000
v -0.001306 -0.002043 0.017652
v -0.002422 0.000109 0.016000
v -0.002422 0.000109 0.017433
v -0.001854 -0.000986 0.017547
v -0.001117 0.002152 0.016000
v -0.001117 0.002152 0.017015
v -0.001757 0.001151 0.017247
v 0.000112 0.002097 0.016886
v -0.001308 -0.000734 0.016000
v -0.001500 0.000019 0.016000
v -0.001290 0.000766 0.016000
v 0.001290 -0.000766 0.016000
v 0.000734 -0.001308 0.016000
v -0.000019 -0.001500 0.016000
v -0.000766 -0.001290 0.016000
v -0.000734 0.001308 0.016000
v 0.000019 0.001500 0.016000
v 0.000766 0.001290 0.016000
v 0.001308 0.000734 0.016000
v 0.001500 -0.000019 0.016000
v -0.002500 0.000031 0.015225
v -0.002500 0.000031 0.013600
v -0.002438 -0.000553 0.015297
v -0.002368 -0.000801 0.013600
v -0.002241 -0.001107 0.015357
v -0.001921 -0.001600 0.015404
v -0.001700 -0.001833 0.013600
v -0.001701 -0.001833 0.015424
v -0.000428 -0.002463 0.015457
v -0.000622 -0.002421 0.015459
v -0.000622 -0.002421 0.013600
v -0.000991 -0.002295 0.015456
v -0.001498 -0.002002 0.015437
v 0.000157 -0.002495 0.015439
v 0.000607 -0.002425 0.013600
v 0.000607 -0.002425 0.015410
v 0.001728 -0.001807 0.015248
v 0.001689 -0.001843 0.015257
v 0.001689 -0.001843 0.013600
v 0.001266 -0.002156 0.015335
v 0.000729 -0.002391 0.015399
v 0.002105 -0.001350 0.015134
v 0.002363 -0.000815 0.013600
v 0.002361 -0.000822 0.015000
v 0.002488 -0.000245 0.014852
v 0.002500 -0.000031 0.013600
v 0.002500 -0.000031 0.014797
v -0.000019 -0.001500 0.013600
v -0.000766 -0.001290 0.013600
v -0.001308 -0.000734 0.013600
v -0.001500 0.000019 0.013600
v 0.001500 -0.000019 0.013600
v 0.001290 -0.000766 0.013600
v 0.000734 -0.001308 0.013600
v -0.002408 0.000671 0.013600
v -0.001290 0.000766 0.013600
v -0.001898 0.001628 0.013600
v -0.000734 0.001308 0.013600
v -0.001030 0.002278 0.013600
v 0.000019 0.001500 0.013600
v 0.000031 0.002500 0.013600
v 0.000766 0.001290 0.013600
v 0.001087 0.002252 0.013600
v 0.001308 0.000734 0.013600
v 0.001938 0.001580 0.013600
v 0.002424 0.000611 0.013600
v 0.001937 0.001580 0.014427
v 0.002439 0.000549 0.014650
v 0.002245 0.001100 0.014521
v 0.000547 0.002440 0.014424
v 0.001080 0.002255 0.014378
v 0.001542 0.001968 0.014379
v -0.000544 0.002440 0.014608
v 0.000056 0.002499 0.014495
v -0.001998 0.001504 0.014970
v -0.001898 0.001628 0.014940
v -0.001586 0.001933 0.014852
v -0.001099 0.002246 0.014731
v -0.002272 0.001043 0.015067
v -0.002438 0.000553 0.015151
v -0.023052 -0.003123 0.012414
v -0.022954 -0.003431 0.012312
v -0.022642 -0.003307 0.013192
v -0.023397 -0.003620 0.009291
v -0.023510 -0.003330 0.009499
v -0.023367 -0.003607 0.009786
v -0.023434 -0.003295 0.010430
v -0.023291 -0.003574 0.010576
v -0.023282 -0.003225 0.011457
v -0.023201 -0.003535 0.011204
v -0.023022 -0.003460 0.012060
v -0.022531 -0.002896 0.013701
v -0.022236 -0.003154 0.013976
v -0.022493 -0.002879 0.013771
v -0.022420 -0.002849 0.013897
v -0.022532 -0.002896 0.013698
v -0.022546 -0.002902 0.013674
v -0.022909 -0.003061 0.012848
v -0.022347 -0.002819 0.014018
v -0.021760 -0.002989 0.014624
v -0.021874 -0.002635 0.014657
v -0.021312 -0.002439 0.015207
v -0.021146 -0.002809 0.015221
v -0.021216 -0.002408 0.015286
v -0.020423 -0.002634 0.015726
v -0.020762 -0.002272 0.015612
v -0.021118 -0.002378 0.015362
v -0.019557 -0.002493 0.016158
v -0.019963 -0.002072 0.016050
v -0.020389 -0.002173 0.015834
v -0.018102 -0.001801 0.016687
v -0.018807 -0.001873 0.016490
v -0.018628 -0.002428 0.016494
v -0.018834 -0.001876 0.016482
v -0.019519 -0.001983 0.016240
v -0.017654 -0.001774 0.016793
v -0.017719 -0.002462 0.016740
v -0.016781 -0.002613 0.016937
v -0.015855 -0.002895 0.017094
v -0.015077 -0.002458 0.017212
v -0.012691 -0.002093 0.017441
v -0.014581 -0.001916 0.017270
v -0.016050 -0.001787 0.017084
v -0.016464 -0.001769 0.017019
v -0.009826 -0.001918 0.017586
v -0.010781 -0.002075 0.017553
v -0.011771 -0.004845 0.017573
v -0.008457 -0.003447 0.017710
v -0.009565 -0.001852 0.017592
v -0.009646 -0.001873 0.017590
v -0.011298 -0.002113 0.017528
v -0.011908 -0.002123 0.017494
v -0.004823 -0.008878 0.018090
v -0.004502 -0.008711 0.018094
v -0.005148 -0.007896 0.018036
v -0.006008 -0.009282 0.018055
v -0.006359 -0.009335 0.018039
v -0.006918 -0.009354 0.018009
v -0.005604 -0.009183 0.018070
v -0.005091 -0.008999 0.018084
v -0.010149 -0.007902 0.017753
v -0.009310 -0.008534 0.017831
v -0.009642 -0.008027 0.017797
v -0.007179 -0.005220 0.017841
v -0.008547 -0.008951 0.017895
v -0.007804 -0.009218 0.017952
v -0.007095 -0.009343 0.017999
v -0.010926 -0.007144 0.017676
v -0.014936 -0.003326 0.017224
v -0.014118 -0.003853 0.017327
v -0.013199 -0.004626 0.017433
v -0.012334 -0.005525 0.017528
v -0.002500 0.000031 0.000775
v -0.002500 0.000031 0.002400
v -0.002463 0.000429 0.000831
v -0.002408 0.000671 0.002400
v -0.001898 0.001628 0.002400
v -0.002028 0.001462 0.001020
v -0.002300 0.000981 0.000922
v -0.001030 0.002278 0.001286
v -0.001166 0.002211 0.001254
v -0.001030 0.002278 0.002400
v -0.001614 0.001909 0.001140
v -0.001897 0.001628 0.001060
v 0.000031 0.002500 0.002400
v -0.000102 0.002498 0.001477
v -0.000642 0.002416 0.001371
v 0.001938 0.001580 0.002400
v 0.001516 0.001988 0.001623
v 0.001087 0.002252 0.002400
v 0.001028 0.002279 0.001619
v 0.000476 0.002454 0.001567
v 0.002424 0.000611 0.002400
v 0.002240 0.001110 0.001482
v 0.001928 0.001592 0.001575
v 0.002500 -0.000031 0.001203
v 0.002500 -0.000020 0.001206
v 0.002500 -0.000031 0.002400
v 0.002500 -0.000009 0.001209
v 0.002433 0.000577 0.001357
v 0.002444 -0.000528 0.001075
v 0.002363 -0.000815 0.002400
v 0.002291 -0.001002 0.000954
v 0.002025 -0.001466 0.000837
v 0.001689 -0.001843 0.002400
v 0.001689 -0.001843 0.000743
v 0.000607 -0.002425 0.000590
v 0.000617 -0.002423 0.000591
v 0.000607 -0.002425 0.002400
v 0.001156 -0.002217 0.000649
v 0.001633 -0.001893 0.000731
v 0.000068 -0.002499 0.000557
v -0.000622 -0.002421 0.002400
v -0.000501 -0.002449 0.000542
v -0.001701 -0.001833 0.000576
v -0.001507 -0.001995 0.000563
v -0.001700 -0.001833 0.002400
v -0.001005 -0.002289 0.000545
v -0.000622 -0.002421 0.000541
v -0.001932 -0.001587 0.000597
v -0.002368 -0.000801 0.002400
v -0.002246 -0.001098 0.000644
v -0.002439 -0.000550 0.000703
v -0.000019 -0.001500 0.002400
v 0.000734 -0.001308 0.002400
v 0.001290 -0.000766 0.002400
v 0.001500 -0.000019 0.002400
v -0.001500 0.000019 0.002400
v -0.001308 -0.000734 0.002400
v -0.000766 -0.001290 0.002400
v 0.001308 0.000734 0.002400
v 0.000766 0.001290 0.002400
v 0.000019 0.001500 0.002400
v -0.000734 0.001308 0.002400
v -0.001290 0.000766 0.002400
v -0.001290 0.000766 0.000000
v -0.002422 0.000109 -0.000000
v -0.001117 0.002152 -0.000000
v -0.000019 -0.001500 -0.000000
v 0.001117 -0.002152 -0.000000
v -0.001306 -0.002043 -0.000000
v 0.001308 0.000734 0.000000
v 0.001306 0.002043 0.000000
v 0.002422 -0.000109 0.000000
v -0.001500 0.000019 0.000000
v -0.001308 -0.000734 0.000000
v -0.000766 -0.001290 0.000000
v 0.000766 0.001290 0.000000
v 0.000019 0.001500 -0.000000
v -0.000734 0.001308 0.000000
v 0.000734 -0.001308 0.000000
v 0.001290 -0.000766 0.000000
v 0.001500 -0.000019 0.000000
v 0.001306 0.002043 -0.000730
v 0.000112 0.002097 -0.000886
v -0.001117 0.002152 -0.001015
v 0.001874 0.000948 -0.000929
v 0.002422 -0.000109 -0.001105
v 0.001117 -0.002152 -0.001571
v 0.001783 -0.001109 -0.001363
v -0.000085 -0.002098 -0.001618
v -0.001306 -0.002043 -0.001652
v -0.002422 0.000109 -0.001433
v -0.001854 -0.000986 -0.001547
v -0.001757 0.001151 -0.001247
v -0.020020 0.013773 0.001975
v -0.020057 0.013604 0.000603
v -0.020057 0.013604 0.002148
v -0.019982 0.013944 0.000615
v -0.019982 0.013944 0.001564
v -0.019982 0.013944 0.001800
v -0.020778 0.011037 0.015428
v -0.020592 0.011511 0.015435
v -0.020592 0.011511 0.013500
v -0.020479 0.011856 0.015435
v -0.020132 0.013260 0.013500
v -0.020094 0.013433 0.013677
v -0.020155 0.013154 0.015411
v -0.020057 0.013604 0.015397
v -0.020057 0.013604 0.013852
v -0.021157 0.010328 0.015395
v -0.021253 0.010187 0.013500
v -0.021253 0.010187 0.015384
v -0.021666 0.009677 0.015321
v -0.022350 0.009035 0.013500
v -0.022350 0.009035 0.015178
v -0.013697 0.018438 0.012020
v -0.013694 0.018428 0.012272
v -0.013703 0.018422 0.012366
v -0.013699 0.018391 0.012574
v -0.013716 0.018373 0.012686
v -0.013703 0.018325 0.012850
v -0.013727 0.018333 0.012850
v -0.013697 0.018438 0.003980
v -0.013716 0.018375 0.003319
v -0.013696 0.018425 0.003674
v -0.013727 0.018333 0.003150
v -0.013703 0.018325 0.003150
v -0.013458 0.019329 0.012850
v -0.013440 0.019397 0.004482
v -0.013440 0.019397 0.003708
v -0.013447 0.019372 0.003427
v -0.013458 0.019329 0.003150
v -0.013447 0.019372 0.012573
v -0.013440 0.019397 0.012292
v -0.013709 0.018399 0.011236
v -0.013440 0.019397 0.011518
v -0.013723 0.018348 0.010479
v -0.013450 0.019362 0.010766
v -0.013458 0.019330 0.009902
v -0.013461 0.019318 0.008122
v -0.013461 0.019318 0.008000
v -0.013735 0.018304 0.008000
v -0.013462 0.019318 0.007789
v -0.013733 0.018311 0.006481
v -0.013458 0.019330 0.006098
v -0.013734 0.018307 0.009155
v -0.013706 0.018412 0.004591
v -0.013709 0.018400 0.004766
v -0.013450 0.019362 0.005234
v -0.013716 0.018374 0.005115
v -0.013725 0.018339 0.005682
v -0.013703 0.018306 0.008000
v -0.013703 0.018307 0.008561
v -0.013703 0.018310 0.009155
v -0.013702 0.018337 0.010249
v -0.013701 0.018358 0.010629
v -0.013698 0.018399 0.011236
v -0.013701 0.018308 0.006935
v -0.013702 0.018329 0.005941
v -0.013702 0.018350 0.005493
v -0.013698 0.018370 0.005173
v -0.013693 0.018399 0.004765
v -0.013693 0.018411 0.004595
v -0.013457 0.017686 0.005447
v -0.013483 0.017715 0.005488
v -0.013485 0.017716 0.003150
v -0.013676 0.018085 0.012850
v -0.013676 0.018085 0.003150
v -0.013379 0.017613 0.010551
v -0.013206 0.017499 0.012850
v -0.013428 0.017657 0.010564
v -0.013485 0.017716 0.012850
v -0.013457 0.017686 0.010553
v -0.013348 0.017587 0.010524
v -0.013296 0.017551 0.010408
v -0.013206 0.017499 0.009983
v -0.013556 0.017811 0.005814
v -0.013595 0.017877 0.006493
v -0.013601 0.017888 0.007189
v -0.013601 0.017888 0.008000
v -0.013595 0.017877 0.009497
v -0.013556 0.017811 0.010186
v -0.013483 0.017715 0.010512
v -0.013206 0.017499 0.003150
v -0.013206 0.017499 0.006017
v -0.013295 0.017551 0.005593
v -0.013347 0.017587 0.005477
v -0.013380 0.017613 0.005449
v -0.013428 0.017656 0.005436
v -0.013138 0.017464 0.008000
v -0.013137 0.017463 0.008525
v -0.013426 0.017681 0.010297
v -0.013399 0.017689 0.009743
v -0.013174 0.017483 0.009692
v -0.013425 0.017681 0.005703
v -0.013155 0.017473 0.006568
v -0.013399 0.017689 0.006252
v -0.011545 0.015276 0.012361
v -0.011496 0.014751 0.012850
v -0.011685 0.015793 0.012850
v -0.012340 0.016855 0.012850
v -0.012340 0.016855 0.003150
v -0.011616 0.015584 0.011964
v -0.011815 0.016098 0.005077
v -0.011779 0.016022 0.004872
v -0.011685 0.015793 0.003150
v -0.011896 0.016251 0.005612
v -0.011918 0.016290 0.005801
v -0.011984 0.016397 0.006684
v -0.011999 0.016421 0.008000
v -0.011984 0.016397 0.009317
v -0.011918 0.016290 0.010199
v -0.011894 0.016248 0.010400
v -0.011815 0.016099 0.010923
v -0.011777 0.016019 0.011136
v -0.011643 0.015673 0.011825
v -0.011496 0.014751 0.003150
v -0.011540 0.015252 0.003612
v -0.011616 0.015584 0.004037
v -0.011637 0.015654 0.004145
v -0.014748 0.017125 0.013240
v -0.015167 0.017031 0.013427
v -0.015211 0.017379 0.013315
v -0.015590 0.016852 0.013597
v -0.015685 0.016799 0.013633
v -0.014816 0.017897 0.012850
v -0.014001 0.017114 0.012850
v -0.014605 0.017141 0.013171
v -0.014886 0.017802 0.012958
v -0.011910 0.014624 0.013175
v -0.011912 0.014727 0.012850
v -0.011968 0.015184 0.012850
v -0.011983 0.014050 0.013467
v -0.012149 0.013582 0.013681
v -0.012149 0.013582 0.012850
v -0.016491 0.016034 0.013921
v -0.016465 0.016073 0.012850
v -0.016666 0.015727 0.013983
v -0.016888 0.014982 0.012850
v -0.016693 0.015669 0.013994
v -0.016862 0.015137 0.014077
v -0.016768 0.013818 0.014217
v -0.016818 0.013973 0.014203
v -0.016768 0.013818 0.012850
v -0.016908 0.014542 0.014148
v -0.016888 0.014982 0.014097
v -0.016051 0.012762 0.014297
v -0.016132 0.012836 0.014292
v -0.016132 0.012836 0.012850
v -0.016447 0.013198 0.014267
v -0.016717 0.013684 0.014228
v -0.015571 0.012434 0.014313
v -0.015119 0.012251 0.012850
v -0.015119 0.012251 0.014314
v -0.013950 0.012191 0.012850
v -0.014473 0.012149 0.014291
v -0.015056 0.012233 0.014313
v -0.012882 0.012669 0.012850
v -0.013374 0.012373 0.014167
v -0.013949 0.012191 0.014249
v -0.012178 0.013523 0.013707
v -0.012498 0.013038 0.013909
v -0.012878 0.012673 0.014051
v -0.011911 0.014617 0.013178
v -0.015591 0.016852 0.012850
v -0.014459 0.017148 0.012850
v -0.016361 0.016212 0.013875
v -0.015994 0.016583 0.013745
v -0.004165 -0.010996 0.015099
v -0.004153 -0.011018 0.015098
v -0.004365 -0.011079 0.015098
v -0.004511 -0.011135 0.015096
v -0.004129 -0.011061 0.015096
v -0.004105 -0.011104 0.015094
v -0.004670 -0.011284 0.015076
v -0.004716 -0.011208 0.015092
v -0.005190 -0.011410 0.015060
v -0.005215 -0.011357 0.015077
v -0.005648 -0.011453 0.015063
v -0.005625 -0.011449 0.015063
v -0.005639 -0.011478 0.015053
v -0.005627 -0.011502 0.015042
v -0.005473 -0.011418 0.015068
v -0.005555 -0.011435 0.015066
v -0.005996 -0.011508 0.015053
v -0.005966 -0.011590 0.015022
v -0.006630 -0.011757 0.014965
v -0.006698 -0.011555 0.015031
v -0.006572 -0.011922 0.014877
v -0.005918 -0.011727 0.014965
v -0.005582 -0.011622 0.014999
v -0.005142 -0.011512 0.015029
v -0.005364 -0.011567 0.015015
v -0.004875 -0.011448 0.015042
v -0.004615 -0.011379 0.015055
v -0.004328 -0.011290 0.015073
v -0.004056 -0.011189 0.015089
v -0.004573 -0.011450 0.015040
v -0.004531 -0.011521 0.015025
v -0.004248 -0.011423 0.015056
v -0.003982 -0.011317 0.015082
v -0.005106 -0.011588 0.015006
v -0.004835 -0.011521 0.015023
v -0.004795 -0.011594 0.015004
v -0.005070 -0.011667 0.014983
v -0.005089 -0.011627 0.014995
v -0.005314 -0.011688 0.014976
v -0.005296 -0.011729 0.014962
v -0.005407 -0.011764 0.014949
v -0.005182 -0.011695 0.014975
v -0.005330 -0.011647 0.014989
v -0.005515 -0.011801 0.014934
v -0.005519 -0.011791 0.014939
v -0.005523 -0.011778 0.014942
v -0.005531 -0.011757 0.014951
v -0.005440 -0.011679 0.014978
v -0.005548 -0.011712 0.014967
v -0.005882 -0.011830 0.014921
v -0.005864 -0.011882 0.014899
v -0.005854 -0.011907 0.014888
v -0.005851 -0.011921 0.014883
v -0.005846 -0.011933 0.014877
v -0.006528 -0.012047 0.014811
v -0.006506 -0.012110 0.014777
v -0.006500 -0.012126 0.014769
v -0.006494 -0.012141 0.014760
v -0.006489 -0.012157 0.014753
v -0.006484 -0.012171 0.014744
v -0.005715 -0.012060 0.014786
v -0.005612 -0.012123 0.014740
v -0.006206 -0.012405 0.014543
v -0.006131 -0.012109 0.014772
v -0.006459 -0.012207 0.014713
v -0.006049 -0.012180 0.014717
v -0.006352 -0.012303 0.014633
v -0.005751 -0.012039 0.014801
v -0.005778 -0.012016 0.014817
v -0.005354 -0.011942 0.014848
v -0.005304 -0.011980 0.014825
v -0.005372 -0.011937 0.014852
v -0.005434 -0.011899 0.014875
v -0.005084 -0.011890 0.014881
v -0.005041 -0.011705 0.014961
v -0.004977 -0.011769 0.014933
v -0.004952 -0.011779 0.014929
v -0.004907 -0.011812 0.014915
v -0.004666 -0.011720 0.014961
v -0.004551 -0.011679 0.014981
v -0.004427 -0.011636 0.015001
v -0.003906 -0.011442 0.015076
v -0.004031 -0.011493 0.015061
v -0.004157 -0.011541 0.015043
v -0.004404 -0.011664 0.014996
v -0.004149 -0.011552 0.015042
v -0.004021 -0.011504 0.015060
v -0.004119 -0.011597 0.015038
v -0.004374 -0.011703 0.014990
v -0.003879 -0.011489 0.015075
v -0.004819 -0.011908 0.014881
v -0.004482 -0.011754 0.014965
v -0.005195 -0.012093 0.014771
v -0.005490 -0.012248 0.014669
v -0.006067 -0.012555 0.014444
v -0.006491 -0.012532 0.014437
v -0.006350 -0.012696 0.014326
v -0.006787 -0.012265 0.014676
v -0.006658 -0.012400 0.014555
v -0.006899 -0.011968 0.014849
v -0.006849 -0.012106 0.014781
v -0.006823 -0.012176 0.014747
v -0.006816 -0.012193 0.014739
v -0.006810 -0.012213 0.014723
v -0.006799 -0.012240 0.014696
v -0.006967 -0.011785 0.014938
v -0.006933 -0.011877 0.014894
v -0.006809 -0.011555 0.015027
v -0.006983 -0.011551 0.015021
v -0.007006 -0.011673 0.014976
v -0.007048 -0.011549 0.015018
v -0.002360 -0.008871 0.000764
v -0.003218 -0.009524 0.000762
v -0.003128 -0.009496 0.000816
v -0.004094 -0.010046 0.000764
v -0.004069 -0.010093 0.000846
v -0.002206 -0.008778 0.000818
v -0.001347 -0.007972 0.000822
v -0.001430 -0.008014 0.000770
v -0.000541 -0.007103 0.000830
v -0.000482 -0.006989 0.000785
v 0.000731 -0.005468 0.000818
v 0.000934 -0.005245 0.000856
v 0.000908 -0.005227 0.000824
v 0.001615 -0.004273 0.000875
v 0.001946 -0.003778 0.000886
v 0.001927 -0.003767 0.000875
v 0.001630 -0.004202 0.000858
v 0.001592 -0.004258 0.000856
v 0.000963 -0.005151 0.000826
v 0.002232 -0.003328 0.000895
v 0.002226 -0.003336 0.000895
v 0.002242 -0.003332 0.000897
v 0.002082 -0.003540 0.000885
v 0.001951 -0.003731 0.000876
v -0.000507 -0.007132 0.000869
v 0.001002 -0.005293 0.000895
v 0.000966 -0.005267 0.000880
v 0.001335 -0.004883 0.000900
v 0.001642 -0.004289 0.000889
v 0.001696 -0.004323 0.000900
v 0.002274 -0.003344 0.000900
v 0.000307 -0.006306 0.000900
v -0.000466 -0.007168 0.000893
v -0.000847 -0.007675 0.000900
v -0.001274 -0.008044 0.000892
v -0.001847 -0.008675 0.000900
v -0.002138 -0.008856 0.000891
v -0.002753 -0.009426 0.000900
v -0.003068 -0.009582 0.000891
v -0.003678 -0.010032 0.000900
v -0.004032 -0.010163 0.000891
v -0.004006 -0.010214 0.000900
v -0.003102 -0.009534 0.000863
v -0.002177 -0.008812 0.000863
v -0.001315 -0.008004 0.000865
v -0.004404 -0.011664 0.001004
v -0.004374 -0.011703 0.001010
v -0.004119 -0.011597 0.000962
v -0.004427 -0.011636 0.000999
v -0.004149 -0.011552 0.000958
v -0.004157 -0.011541 0.000957
v -0.004021 -0.011504 0.000940
v -0.004031 -0.011493 0.000939
v -0.003879 -0.011489 0.000925
v -0.003906 -0.011442 0.000924
v -0.004482 -0.011754 0.001035
v -0.004907 -0.011812 0.001085
v -0.004819 -0.011908 0.001119
v -0.004666 -0.011720 0.001039
v -0.004551 -0.011679 0.001019
v -0.005011 -0.011851 0.001105
v -0.005304 -0.011980 0.001175
v -0.005277 -0.012006 0.001189
v -0.005195 -0.012093 0.001229
v -0.005393 -0.012021 0.001200
v -0.005355 -0.012004 0.001189
v -0.005385 -0.012010 0.001191
v -0.005430 -0.012039 0.001210
v -0.005459 -0.012052 0.001218
v -0.005429 -0.012079 0.001232
v -0.005420 -0.012035 0.001207
v -0.005612 -0.012123 0.001260
v -0.005490 -0.012248 0.001331
v -0.005498 -0.012070 0.001229
v -0.005504 -0.012073 0.001230
v -0.005467 -0.012056 0.001220
v -0.005537 -0.012088 0.001239
v -0.005577 -0.012107 0.001251
v -0.006206 -0.012405 0.001457
v -0.006067 -0.012555 0.001556
v -0.005846 -0.011933 0.001123
v -0.006133 -0.012109 0.001228
v -0.005818 -0.011972 0.001151
v -0.006051 -0.012181 0.001284
v -0.005687 -0.012076 0.001225
v -0.006484 -0.012171 0.001256
v -0.006419 -0.012252 0.001325
v -0.005515 -0.011801 0.001066
v -0.005041 -0.011705 0.001039
v -0.005071 -0.011667 0.001018
v -0.005182 -0.011695 0.001025
v -0.005407 -0.011764 0.001051
v -0.004977 -0.011769 0.001067
v -0.004952 -0.011779 0.001071
v -0.005296 -0.011729 0.001038
v -0.004795 -0.011594 0.000996
v -0.004531 -0.011521 0.000975
v -0.004248 -0.011423 0.000944
v -0.003982 -0.011317 0.000918
v -0.004573 -0.011450 0.000960
v -0.004615 -0.011379 0.000945
v -0.004328 -0.011290 0.000927
v -0.004056 -0.011189 0.000911
v -0.004835 -0.011521 0.000977
v -0.004875 -0.011448 0.000958
v -0.005089 -0.011627 0.001005
v -0.005106 -0.011588 0.000994
v -0.005142 -0.011512 0.000971
v -0.005314 -0.011688 0.001024
v -0.005330 -0.011647 0.001011
v -0.005440 -0.011679 0.001022
v -0.005531 -0.011757 0.001049
v -0.005523 -0.011778 0.001058
v -0.005519 -0.011791 0.001061
v -0.005364 -0.011567 0.000985
v -0.005582 -0.011622 0.001001
v -0.005548 -0.011712 0.001033
v -0.005851 -0.011921 0.001117
v -0.005854 -0.011907 0.001112
v -0.005864 -0.011882 0.001101
v -0.005882 -0.011830 0.001079
v -0.005918 -0.011727 0.001035
v -0.006490 -0.012156 0.001247
v -0.006494 -0.012139 0.001240
v -0.006506 -0.012109 0.001222
v -0.006528 -0.012047 0.001189
v -0.006572 -0.011922 0.001123
v -0.006630 -0.011757 0.001035
v -0.005966 -0.011590 0.000978
v -0.005627 -0.011502 0.000958
v -0.005190 -0.011410 0.000940
v -0.004670 -0.011284 0.000924
v -0.004105 -0.011104 0.000906
v -0.004165 -0.010996 0.000901
v -0.004365 -0.011079 0.000902
v -0.004153 -0.011018 0.000902
v -0.004506 -0.011133 0.000903
v -0.004511 -0.011135 0.000904
v -0.004129 -0.011061 0.000904
v -0.004716 -0.011208 0.000908
v -0.005215 -0.011357 0.000923
v -0.005473 -0.011418 0.000932
v -0.005555 -0.011435 0.000934
v -0.005625 -0.011449 0.000937
v -0.005639 -0.011478 0.000947
v -0.005648 -0.011453 0.000937
v -0.005854 -0.011488 0.000944
v -0.005996 -0.011508 0.000947
v -0.006698 -0.011555 0.000969
v -0.006748 -0.011555 0.000971
v -0.006967 -0.011785 0.001062
v -0.006979 -0.011756 0.001052
v -0.007014 -0.011649 0.001015
v -0.007048 -0.011549 0.000982
v -0.006899 -0.011968 0.001151
v -0.006787 -0.012265 0.001324
v -0.006798 -0.012241 0.001302
v -0.006810 -0.012212 0.001277
v -0.006816 -0.012193 0.001260
v -0.006822 -0.012176 0.001252
v -0.006844 -0.012118 0.001225
v -0.006615 -0.012252 0.001318
v -0.006351 -0.012471 0.001510
v -0.006513 -0.012349 0.001402
v -0.006491 -0.012532 0.001563
v -0.006725 -0.012343 0.001395
v -0.006350 -0.012696 0.001674
v -0.005948 -0.012700 0.001623
v -0.006228 -0.012855 0.001750
v -0.005387 -0.012367 0.001377
v -0.005146 -0.012148 0.001249
v -0.005103 -0.012199 0.001265
v -0.004780 -0.011955 0.001131
v -0.004746 -0.011998 0.001140
v -0.004532 -0.011883 0.001075
v -0.004320 -0.011776 0.001019
v -0.004343 -0.011743 0.001015
v -0.003865 -0.011514 0.000926
v -0.003853 -0.011538 0.000927
v -0.003516 -0.011292 0.000900
v -0.003499 -0.011336 0.000900
v -0.003575 -0.011381 0.000901
v -0.003533 -0.011248 0.000900
v -0.003584 -0.011116 0.000900
v -0.003635 -0.010985 0.000900
v -0.003670 -0.010897 0.000900
v -0.003704 -0.010809 0.000900
v -0.003735 -0.010827 0.000900
v -0.003795 -0.010858 0.000900
v -0.003923 -0.010925 0.000901
v -0.003780 -0.010816 0.000900
v -0.003714 -0.010783 0.000900
v -0.004606 -0.010483 0.000902
v -0.007050 -0.011233 0.000983
v -0.006536 -0.010900 0.000963
v -0.007135 -0.011217 0.000986
v -0.007193 -0.010882 0.000990
v -0.007219 -0.011200 0.000990
v -0.007049 -0.011391 0.000982
v -0.005874 -0.010836 0.000941
v -0.004732 -0.010531 0.000903
v -0.007356 -0.010132 0.000537
v -0.007528 -0.010109 0.000553
v -0.007528 -0.010114 0.000553
v -0.007529 -0.010118 0.000553
v -0.007548 -0.010267 0.000574
v -0.007183 -0.010149 0.000521
v -0.007572 -0.010560 0.000755
v -0.007572 -0.010653 0.000895
v -0.007196 -0.010607 0.000730
v -0.007382 -0.010679 0.000884
v -0.007190 -0.010699 0.000873
v -0.007564 -0.010425 0.000642
v -0.007197 -0.010471 0.000614
v -0.007193 -0.010310 0.000543
v -0.007591 -0.010650 0.000896
v -0.008254 -0.009936 0.000625
v -0.008286 -0.009926 0.000628
v -0.008361 -0.010068 0.000652
v -0.009247 -0.010136 0.001108
v -0.008446 -0.010444 0.000974
v -0.008436 -0.010353 0.000835
v -0.007610 -0.010647 0.000897
v -0.008405 -0.010222 0.000721
v -0.009248 -0.010041 0.000951
v -0.009260 -0.010130 0.001110
v -0.009272 -0.010125 0.001113
v -0.009198 -0.009910 0.000817
v -0.009129 -0.009754 0.000736
v -0.009054 -0.009599 0.000711
v -0.009476 -0.010027 0.001156
v -0.009244 -0.009499 0.000732
v -0.009431 -0.009395 0.000753
v -0.009532 -0.009583 0.000792
v -0.009615 -0.009753 0.000907
v -0.009667 -0.009881 0.001087
v -0.009678 -0.009924 0.001200
v -0.010967 -0.008240 0.000930
v -0.011817 -0.007351 0.001014
v -0.011836 -0.007652 0.001040
v -0.011521 -0.008537 0.001492
v -0.010968 -0.009038 0.001431
v -0.010944 -0.008982 0.001226
v -0.010021 -0.009726 0.001273
v -0.009602 -0.009293 0.000773
v -0.009527 -0.009338 0.000764
v -0.010734 -0.009228 0.001399
v -0.012357 -0.007638 0.001553
v -0.012100 -0.007931 0.001536
v -0.012356 -0.007623 0.001489
v -0.012065 -0.007883 0.001336
v -0.012297 -0.007523 0.001258
v -0.011971 -0.007783 0.001155
v -0.012240 -0.007454 0.001167
v -0.012153 -0.007360 0.001085
v -0.011965 -0.007181 0.001027
v -0.012078 -0.007285 0.001047
v -0.010154 -0.008919 0.000837
v -0.010619 -0.008550 0.000892
v -0.010754 -0.008716 0.000931
v -0.010868 -0.008867 0.001045
v -0.020169 -0.004014 0.008000
v -0.019981 -0.003976 0.008000
v -0.020107 -0.004001 0.006342
v -0.019919 -0.003964 0.006425
v -0.019095 -0.003852 0.003242
v -0.019461 -0.003892 0.003740
v -0.019286 -0.003870 0.003875
v -0.019542 -0.003903 0.003890
v -0.019493 -0.003896 0.004322
v -0.019733 -0.003932 0.004348
v -0.019554 -0.003904 0.004491
v -0.019843 -0.003950 0.004712
v -0.019772 -0.003938 0.005335
v -0.019961 -0.003972 0.005239
v -0.020080 -0.003995 0.006065
v -0.019035 -0.003847 0.003492
v -0.018939 -0.003840 0.003375
v -0.018664 -0.003827 0.002868
v -0.018495 -0.003825 0.002965
v -0.018383 -0.003825 0.002684
v -0.018380 -0.003825 0.002884
v -0.018082 -0.003836 0.002525
v -0.017945 -0.003846 0.002636
v -0.017438 -0.003908 0.002293
v -0.017464 -0.003905 0.002429
v -0.017285 -0.003936 0.002257
v -0.017210 -0.003952 0.002339
v -0.016565 -0.004127 0.002146
v -0.019919 -0.003964 0.009570
v -0.019532 -0.003901 0.011574
v -0.019795 -0.003942 0.011461
v -0.019494 -0.003896 0.011678
v -0.019564 -0.003906 0.012066
v -0.019274 -0.003869 0.012146
v -0.018915 -0.003839 0.012653
v -0.020134 -0.004006 0.009299
v -0.020081 -0.003995 0.009935
v -0.019753 -0.003935 0.010760
v -0.020008 -0.003981 0.010491
v -0.019843 -0.003950 0.011288
v -0.019259 -0.003868 0.012565
v -0.019068 -0.003850 0.012786
v -0.018492 -0.003825 0.013037
v -0.018826 -0.003834 0.013009
v -0.018380 -0.003826 0.013116
v -0.018380 -0.003826 0.013318
v -0.018328 -0.003826 0.013150
v -0.018265 -0.003828 0.013383
v -0.017937 -0.003847 0.013368
v -0.018087 -0.003836 0.013472
v -0.017464 -0.003904 0.013571
v -0.017438 -0.003908 0.013707
v -0.017259 -0.003941 0.013645
v -0.017315 -0.003930 0.013736
v -0.016565 -0.004127 0.013854
v -0.013057 -0.007631 0.001573
v -0.013062 -0.008053 0.001735
v -0.013057 -0.007631 0.001747
v -0.003714 -0.010783 0.015900
v -0.003806 -0.010605 0.015900
v -0.004365 -0.011079 0.015900
v -0.004173 -0.010780 0.015900
v -0.004440 -0.010893 0.015900
v -0.005050 -0.011312 0.015899
v -0.005361 -0.011188 0.015896
v -0.005760 -0.011270 0.015891
v -0.005773 -0.011475 0.015890
v -0.006213 -0.011331 0.015882
v -0.007086 -0.011547 0.015862
v -0.007068 -0.011348 0.015862
v -0.007230 -0.011338 0.015858
v -0.007246 -0.011536 0.015858
v -0.008132 -0.011197 0.015828
v -0.008509 -0.011097 0.015808
v -0.008598 -0.011277 0.015806
v -0.007285 -0.011333 0.015856
v -0.007679 -0.011486 0.015846
v -0.008775 -0.011011 0.015789
v -0.009133 -0.011092 0.015767
v -0.009323 -0.010795 0.015739
v -0.009407 -0.010977 0.015745
v -0.010085 -0.010403 0.015675
v -0.010165 -0.010588 0.015677
v -0.009588 -0.010894 0.015729
v -0.020445 -0.004694 0.009241
v -0.020480 -0.004703 0.008000
v -0.020430 -0.004897 0.008000
v -0.020371 -0.004882 0.009639
v -0.020336 -0.004873 0.010035
v -0.020320 -0.004663 0.010530
v -0.020232 -0.004848 0.010781
v -0.020101 -0.004613 0.011565
v -0.020123 -0.004822 0.011312
v -0.020028 -0.004801 0.011674
v -0.019855 -0.004562 0.012248
v -0.019764 -0.004749 0.012365
v -0.019738 -0.004541 0.012486
v -0.019703 -0.004738 0.012486
v -0.019533 -0.004507 0.012825
v -0.019421 -0.004693 0.012942
v -0.019229 -0.004468 0.013206
v -0.019161 -0.004662 0.013256
v -0.019095 -0.004454 0.013342
v -0.019006 -0.004647 0.013409
v -0.018593 -0.004426 0.013734
v -0.018483 -0.004625 0.013803
v -0.018490 -0.004425 0.013799
v -0.017971 -0.004445 0.014072
v -0.018156 -0.004633 0.013989
v -0.017821 -0.004662 0.014148
v -0.017596 -0.004490 0.014229
v -0.017606 -0.004691 0.014237
v -0.017317 -0.004542 0.014330
v -0.017126 -0.004793 0.014410
v -0.017112 -0.004796 0.014414
v -0.016551 -0.004770 0.014559
v -0.016581 -0.004972 0.014571
v -0.016499 -0.005006 0.014592
v -0.015855 -0.005102 0.014723
v -0.016103 -0.005194 0.014689
v -0.015805 -0.005365 0.014756
v -0.015649 -0.005227 0.014766
v -0.015257 -0.005749 0.014867
v -0.015163 -0.005568 0.014861
v -0.015215 -0.005782 0.014875
v -0.015146 -0.005838 0.014888
v -0.014554 -0.006096 0.014972
v -0.014476 -0.006453 0.015011
v -0.014443 -0.006203 0.014991
v -0.014353 -0.006580 0.015033
v -0.013513 -0.007216 0.015178
v -0.013928 -0.007044 0.015116
v -0.013764 -0.007231 0.015153
v -0.013221 -0.007557 0.015263
v -0.013430 -0.007620 0.015245
v -0.013419 -0.007634 0.015249
v -0.012678 -0.008189 0.015418
v -0.012706 -0.008459 0.015435
v -0.012588 -0.008290 0.015431
v -0.011835 -0.009071 0.015507
v -0.011929 -0.009257 0.015511
v -0.011782 -0.009120 0.015512
v -0.011053 -0.009996 0.015595
v -0.010984 -0.009797 0.015590
v -0.010326 -0.010256 0.015653
v -0.016471 -0.005018 0.001401
v -0.016581 -0.004973 0.001430
v -0.016564 -0.004765 0.001445
v -0.020405 -0.004890 0.006961
v -0.020435 -0.004692 0.006676
v -0.020365 -0.004880 0.006285
v -0.020382 -0.004678 0.005965
v -0.019754 -0.004747 0.003616
v -0.020035 -0.004803 0.004351
v -0.020100 -0.004613 0.004429
v -0.020119 -0.004823 0.004671
v -0.020308 -0.004660 0.005388
v -0.020223 -0.004846 0.005168
v -0.020336 -0.004873 0.005965
v -0.019853 -0.004562 0.003746
v -0.019543 -0.004509 0.003192
v -0.019396 -0.004690 0.003024
v -0.019089 -0.004654 0.002670
v -0.019228 -0.004468 0.002794
v -0.018991 -0.004646 0.002577
v -0.019112 -0.004456 0.002675
v -0.018489 -0.004625 0.002201
v -0.018620 -0.004427 0.002284
v -0.018489 -0.004425 0.002202
v -0.018156 -0.004633 0.002011
v -0.017974 -0.004446 0.001930
v -0.017297 -0.004546 0.001663
v -0.017113 -0.004796 0.001586
v -0.017172 -0.004781 0.001605
v -0.017596 -0.004491 0.001771
v -0.017606 -0.004692 0.001763
v -0.017827 -0.004661 0.001855
v -0.016103 -0.005194 0.001311
v -0.015844 -0.005109 0.001275
v -0.015791 -0.005374 0.001241
v -0.015649 -0.005227 0.001234
v -0.015126 -0.005854 0.001108
v -0.015141 -0.005586 0.001133
v -0.014475 -0.006455 0.000989
v -0.014555 -0.006096 0.001031
v -0.014411 -0.006236 0.001005
v -0.011842 -0.009339 0.000481
v -0.012668 -0.008501 0.000560
v -0.012577 -0.008303 0.000572
v -0.013415 -0.007639 0.000749
v -0.013222 -0.007556 0.000733
v -0.013519 -0.007516 0.000781
v -0.013552 -0.007170 0.000828
v -0.013919 -0.007055 0.000882
v -0.014387 -0.006546 0.000973
v -0.011795 -0.009109 0.000489
v -0.011782 -0.009121 0.000487
v -0.011027 -0.010016 0.000403
v -0.010085 -0.010403 0.000325
v -0.010165 -0.010588 0.000323
v -0.010327 -0.010256 0.000347
v -0.010935 -0.009836 0.000405
v -0.009160 -0.011973 0.000841
v -0.009161 -0.011971 0.000840
v -0.008962 -0.012002 0.000768
v -0.009482 -0.011160 0.000411
v -0.009458 -0.011170 0.000409
v -0.008665 -0.012758 0.001155
v -0.008843 -0.012772 0.001263
v -0.009000 -0.012376 0.001054
v -0.008812 -0.012390 0.000955
v -0.008628 -0.012408 0.000858
v -0.008497 -0.012745 0.001053
v -0.008355 -0.012128 0.000539
v -0.008186 -0.012721 0.000894
v -0.008764 -0.012043 0.000689
v -0.008537 -0.011491 0.000273
v -0.008980 -0.011345 0.000337
v -0.009358 -0.011206 0.000395
v -0.009382 -0.011196 0.000397
v -0.009452 -0.011171 0.000408
v -0.010019 -0.011178 0.000604
v -0.010084 -0.010916 0.000475
v -0.009835 -0.011915 0.001055
v -0.009746 -0.012274 0.001282
v -0.009671 -0.012576 0.001435
v -0.009016 -0.012785 0.001350
v -0.009338 -0.012816 0.001471
v -0.009608 -0.012832 0.001544
v -0.009604 -0.012832 0.001543
v -0.009996 -0.011271 0.000658
v -0.009841 -0.011891 0.001038
v -0.009845 -0.011876 0.001028
v -0.009897 -0.011666 0.000894
v -0.009919 -0.011577 0.000841
v -0.009957 -0.011426 0.000752
v -0.009588 -0.010894 0.000271
v -0.009535 -0.011026 0.000341
v -0.009509 -0.011093 0.000376
v -0.012552 -0.008711 0.000666
v -0.013030 -0.008225 0.000788
v -0.013288 -0.007835 0.000766
v -0.013746 -0.007334 0.000884
v -0.020289 -0.005161 0.006286
v -0.020352 -0.005182 0.008000
v -0.011738 -0.009516 0.000557
v -0.010841 -0.010227 0.000442
v -0.017946 -0.004870 0.001947
v -0.017407 -0.004941 0.001720
v -0.017039 -0.005026 0.001594
v -0.018387 -0.004853 0.002183
v -0.018582 -0.004856 0.002310
v -0.018927 -0.004875 0.002582
v -0.019025 -0.004884 0.002674
v -0.019217 -0.004906 0.002881
v -0.019593 -0.004970 0.003434
v -0.019684 -0.004989 0.003608
v -0.019776 -0.005010 0.003813
v -0.020052 -0.005085 0.004690
v -0.020069 -0.005091 0.004766
v -0.016841 -0.005086 0.001533
v -0.016410 -0.005250 0.001415
v -0.016011 -0.005449 0.001321
v -0.015654 -0.005668 0.001245
v -0.015085 -0.006098 0.001140
v -0.014662 -0.006482 0.001070
v -0.014425 -0.006720 0.001034
v -0.013920 -0.007272 0.000961
v -0.013217 -0.008098 0.000868
v -0.012772 -0.008616 0.000811
v -0.012503 -0.008915 0.000777
v -0.010848 -0.010410 0.000568
v -0.011128 -0.010197 0.000602
v -0.011736 -0.009680 0.000679
v -0.012287 -0.009144 0.000749
v -0.010848 -0.010410 0.015432
v -0.010084 -0.010916 0.015525
v -0.010841 -0.010227 0.015558
v -0.013288 -0.007835 0.015234
v -0.020289 -0.005161 0.009714
v -0.020052 -0.005085 0.011310
v -0.019776 -0.005010 0.012187
v -0.019684 -0.004989 0.012392
v -0.020069 -0.005091 0.011234
v -0.019593 -0.004970 0.012566
v -0.019217 -0.004906 0.013119
v -0.019025 -0.004884 0.013326
v -0.018927 -0.004875 0.013418
v -0.018387 -0.004853 0.013817
v -0.018089 -0.004861 0.013983
v -0.017946 -0.004870 0.014053
v -0.017407 -0.004941 0.014280
v -0.017039 -0.005026 0.014406
v -0.015085 -0.006098 0.014860
v -0.015654 -0.005668 0.014755
v -0.016011 -0.005449 0.014679
v -0.016410 -0.005250 0.014585
v -0.016841 -0.005086 0.014467
v -0.013746 -0.007334 0.015116
v -0.012552 -0.008711 0.015334
v -0.011738 -0.009516 0.015443
v -0.012772 -0.008616 0.015189
v -0.013030 -0.008225 0.015212
v -0.011128 -0.010197 0.015398
v -0.012503 -0.008915 0.015223
v -0.012287 -0.009144 0.015251
v -0.011736 -0.009680 0.015321
v -0.014662 -0.006482 0.014930
v -0.014425 -0.006720 0.014966
v -0.013920 -0.007272 0.015039
v -0.013217 -0.008098 0.015132
v -0.009535 -0.011026 0.015659
v -0.009509 -0.011093 0.015624
v -0.009482 -0.011160 0.015589
v -0.010019 -0.011178 0.015396
v -0.009996 -0.011271 0.015342
v -0.009957 -0.011426 0.015248
v -0.009161 -0.011971 0.015160
v -0.009919 -0.011577 0.015159
v -0.009897 -0.011666 0.015106
v -0.009160 -0.011973 0.015159
v -0.009845 -0.011876 0.014972
v -0.009842 -0.011891 0.014962
v -0.009608 -0.012832 0.014456
v -0.009605 -0.012832 0.014457
v -0.009341 -0.012816 0.014528
v -0.008984 -0.012783 0.014664
v -0.008843 -0.012772 0.014737
v -0.009671 -0.012576 0.014565
v -0.009000 -0.012376 0.014946
v -0.009746 -0.012274 0.014718
v -0.009836 -0.011915 0.014945
v -0.009458 -0.011170 0.015591
v -0.008812 -0.012390 0.015045
v -0.008186 -0.012721 0.015106
v -0.008628 -0.012408 0.015142
v -0.008497 -0.012745 0.014947
v -0.008665 -0.012758 0.014845
v -0.009452 -0.011171 0.015592
v -0.008355 -0.012128 0.015461
v -0.008764 -0.012043 0.015311
v -0.008962 -0.012002 0.015232
v -0.008537 -0.011491 0.015727
v -0.008980 -0.011345 0.015663
v -0.009358 -0.011206 0.015605
v -0.009382 -0.011196 0.015603
v -0.009295 -0.011176 0.015652
v -0.009063 -0.011265 0.015683
v -0.008568 -0.011386 0.015765
v -0.009087 -0.011207 0.015711
v -0.009321 -0.011115 0.015684
v -0.008366 -0.012907 0.014831
v -0.006365 -0.015746 0.014001
v -0.005922 -0.015743 0.014134
v -0.006177 -0.014934 0.014319
v -0.008038 -0.012468 0.015350
v -0.007658 -0.011971 0.015662
v -0.007306 -0.012973 0.015070
v -0.006852 -0.012849 0.015227
v -0.007474 -0.012503 0.015439
v -0.006915 -0.012552 0.015463
v -0.007098 -0.012012 0.015698
v -0.006684 -0.013322 0.014839
v -0.006700 -0.013271 0.014868
v -0.007119 -0.013453 0.014680
v -0.006771 -0.013070 0.015023
v -0.006809 -0.012978 0.015109
v -0.006676 -0.013348 0.014826
v -0.007391 -0.014030 0.014361
v -0.006475 -0.013990 0.014579
v -0.007172 -0.014628 0.014187
v -0.006689 -0.015766 0.013919
v -0.007630 -0.014657 0.014101
v -0.007417 -0.015884 0.013747
v -0.007726 -0.015597 0.013793
v -0.007594 -0.015931 0.013704
v -0.008157 -0.014508 0.014075
v -0.008110 -0.014625 0.014044
v -0.007846 -0.015293 0.013872
v -0.007869 -0.014034 0.014276
v -0.008483 -0.013684 0.014308
v -0.008469 -0.013719 0.014297
v -0.008117 -0.013430 0.014490
v -0.008603 -0.013381 0.014415
v -0.008485 -0.013678 0.014310
v -0.008665 -0.013222 0.014482
v -0.008719 -0.013086 0.014548
v -0.007843 -0.012966 0.014957
v -0.007618 -0.013450 0.014581
v -0.005575 -0.012069 0.015719
v -0.005523 -0.012273 0.015587
v -0.004501 -0.011683 0.015811
v -0.005104 -0.015793 0.014477
v -0.005434 -0.014472 0.014752
v -0.005740 -0.014987 0.014458
v -0.005915 -0.013518 0.014915
v -0.006202 -0.013082 0.015050
v -0.006661 -0.013313 0.014848
v -0.006376 -0.012913 0.015165
v -0.006562 -0.012748 0.015309
v -0.006643 -0.012448 0.015544
v -0.006754 -0.012153 0.015666
v -0.004583 -0.011437 0.015868
v -0.005648 -0.011871 0.015783
v -0.003499 -0.011336 0.015900
v -0.003871 -0.011760 0.015864
v -0.003743 -0.012143 0.015859
v -0.003315 -0.011807 0.015900
v -0.003240 -0.012256 0.015899
v -0.003327 -0.012295 0.015895
v -0.003197 -0.012282 0.015899
v -0.003149 -0.012226 0.015900
v -0.003151 -0.012221 0.015900
v -0.003166 -0.012264 0.015900
v -0.003151 -0.012239 0.015900
v -0.003152 -0.012217 0.015900
v -0.004158 -0.012505 0.015738
v -0.003977 -0.012861 0.015755
v -0.003638 -0.012503 0.015857
v -0.004839 -0.013428 0.015314
v -0.004621 -0.014195 0.015236
v -0.004308 -0.013410 0.015558
v -0.003391 -0.012310 0.015891
v -0.004518 -0.012941 0.015551
v -0.004720 -0.012427 0.015592
v -0.005121 -0.012794 0.015387
v -0.005295 -0.012505 0.015455
v -0.005404 -0.012389 0.015515
v -0.004393 -0.011872 0.015775
v -0.004305 -0.012076 0.015756
v 0.000523 -0.015725 0.015887
v 0.000998 -0.015595 0.015900
v 0.000184 -0.014936 0.015900
v -0.004136 -0.013816 0.015545
v -0.003680 -0.014026 0.015643
v -0.003622 -0.013500 0.015755
v -0.004388 -0.014934 0.015134
v -0.003396 -0.012594 0.015879
v -0.003538 -0.013023 0.015832
v -0.002975 -0.013232 0.015871
v -0.002687 -0.013283 0.015884
v -0.003100 -0.012716 0.015889
v -0.002422 -0.013286 0.015893
v -0.001234 -0.014241 0.015894
v -0.003113 -0.012249 0.015900
v -0.002371 -0.012867 0.015900
v 0.000239 -0.015791 0.015869
v -0.000285 -0.015244 0.015881
v 0.000008 -0.015838 0.015849
v -0.000894 -0.015443 0.015822
v -0.000552 -0.015931 0.015786
v -0.001583 -0.015525 0.015729
v -0.004392 -0.015869 0.014798
v -0.003790 -0.015938 0.015027
v -0.003755 -0.015195 0.015305
v -0.003236 -0.015992 0.015207
v -0.003051 -0.015389 0.015465
v -0.002233 -0.016039 0.015476
v -0.002315 -0.015503 0.015609
v -0.001438 -0.016018 0.015644
v -0.001093 -0.015992 0.015705
v -0.002648 -0.014324 0.015790
v -0.002130 -0.014381 0.015839
v -0.001648 -0.014359 0.015874
v -0.003175 -0.014201 0.015725
v 0.001422 0.008341 0.011379
v 0.001387 0.008337 0.008000
v 0.001304 0.008598 0.010443
v 0.001284 0.008582 0.008000
v 0.001226 0.008754 0.009394
v 0.001180 0.008825 0.008000
v 0.001225 0.008755 0.006614
v 0.001304 0.008597 0.005554
v 0.001422 0.008341 0.004621
v 0.001393 0.008303 0.008000
v 0.001391 0.008220 0.004098
v 0.001342 0.008214 0.008000
v 0.001364 0.008207 0.004000
v 0.001305 0.008200 0.008000
v 0.001346 0.008204 0.004000
v 0.001416 0.008246 0.004246
v 0.001419 0.008252 0.004275
v 0.001377 0.008250 0.008000
v 0.001430 0.008292 0.004452
v 0.001429 0.008315 0.004539
v 0.001404 0.008239 0.011797
v 0.001414 0.008254 0.011725
v 0.001428 0.008297 0.011550
v 0.001427 0.008320 0.011462
v 0.001364 0.008207 0.012000
v 0.001346 0.008204 0.012000
v 0.001346 0.008204 0.012025
v 0.001355 0.008205 0.012025
v 0.001346 0.008203 0.012050
v -0.002077 0.007851 0.012000
v -0.002338 0.007763 0.012465
v 0.001227 0.008123 0.012491
v -0.002564 0.007569 0.012881
v 0.001206 0.007957 0.012882
v -0.002763 0.007298 0.013223
v 0.001284 0.007708 0.013231
v 0.001463 0.007407 0.013500
v -0.002896 0.006957 0.013500
v 0.003261 0.002783 0.013500
v 0.003283 0.002690 0.013500
v 0.001944 0.007062 0.013500
v 0.002709 0.004812 0.013500
v 0.003873 -0.001911 0.015603
v 0.003874 -0.001910 0.015066
v 0.003863 -0.000787 0.014793
v 0.003872 -0.001912 0.016139
v 0.003866 -0.000795 0.016360
v 0.003788 0.000067 0.016448
v 0.003827 -0.000333 0.014669
v 0.003788 0.000021 0.014567
v 0.003725 0.000478 0.014426
v 0.003707 0.000649 0.016454
v 0.003779 0.000140 0.016451
v 0.003501 0.001713 0.013975
v 0.003487 0.001841 0.016313
v 0.003642 0.001034 0.016432
v 0.003260 0.002851 0.016036
v 0.003309 0.002646 0.016111
v 0.003464 0.001950 0.016290
v 0.002585 0.005246 0.014924
v 0.002953 0.004027 0.015555
v 0.001994 0.006931 0.013637
v 0.002106 0.006630 0.013923
v 0.002253 0.006225 0.014262
v 0.002644 -0.003838 0.016614
v 0.002644 -0.003838 0.015900
v 0.003261 -0.002871 0.016401
v 0.002835 -0.003540 0.015900
v 0.002951 -0.003357 0.015416
v 0.003555 -0.002410 0.016278
v 0.002861 -0.003498 0.015444
v 0.002835 -0.003540 0.015134
v 0.002239 -0.015122 0.015900
v -0.002970 -0.010114 0.015900
v -0.001322 -0.008789 0.015900
v 0.005627 -0.012167 0.015900
v 0.000518 -0.006798 0.015900
v 0.004454 -0.013581 0.015900
v 0.003005 -0.014711 0.015900
v 0.006817 -0.003589 0.015900
v 0.007029 -0.004616 0.015900
v 0.006527 -0.010469 0.015900
v 0.007055 -0.008616 0.015900
v 0.007214 -0.006690 0.015900
v 0.006403 -0.003584 0.015100
v 0.002830 -0.003542 0.015100
v 0.006759 -0.003589 0.015229
v 0.006668 -0.003587 0.015146
v 0.006811 -0.003589 0.015380
v 0.006417 -0.003584 0.015100
v 0.006817 -0.003589 0.015500
v 0.006604 -0.004426 0.015100
v 0.006688 -0.005025 0.015100
v 0.000723 -0.015674 0.015500
v 0.000720 -0.015660 0.015333
v 0.001529 -0.015406 0.015336
v 0.002239 -0.015122 0.015500
v 0.002307 -0.015077 0.015336
v 0.003005 -0.014711 0.015500
v 0.003032 -0.014678 0.015336
v 0.003040 -0.014690 0.015500
v 0.003718 -0.014203 0.015336
v 0.003727 -0.014215 0.015500
v 0.004329 -0.013684 0.015336
v 0.004337 -0.013693 0.015500
v 0.007030 -0.008684 0.015336
v 0.006589 -0.010313 0.015500
v 0.006576 -0.010308 0.015336
v 0.006527 -0.010469 0.015500
v 0.006238 -0.011085 0.015336
v 0.005841 -0.011833 0.015500
v 0.005830 -0.011827 0.015336
v 0.005627 -0.012167 0.015500
v 0.004884 -0.013112 0.015336
v 0.004892 -0.013120 0.015500
v 0.004454 -0.013581 0.015500
v 0.007214 -0.006690 0.015500
v 0.007212 -0.006995 0.015500
v 0.007199 -0.006995 0.015336
v 0.007055 -0.008616 0.015500
v 0.007043 -0.008687 0.015500
v 0.007119 -0.005230 0.015500
v 0.007106 -0.005232 0.015336
v 0.007029 -0.004616 0.015500
v 0.006736 -0.005278 0.015100
v 0.006722 -0.005280 0.015100
v 0.006826 -0.006987 0.015100
v 0.006812 -0.007010 0.015100
v 0.006663 -0.008617 0.015100
v 0.006649 -0.008614 0.015100
v 0.000663 -0.015448 0.015113
v 0.000620 -0.015287 0.015100
v 0.001400 -0.015056 0.015100
v 0.001395 -0.015042 0.015100
v 0.002144 -0.014740 0.015100
v 0.002378 -0.014606 0.015100
v 0.002837 -0.014360 0.015100
v 0.003481 -0.013897 0.015100
v 0.003490 -0.013908 0.015100
v 0.003891 -0.013559 0.015100
v 0.006929 -0.005254 0.015125
v 0.007021 -0.006991 0.015125
v 0.006854 -0.008652 0.015125
v 0.006480 -0.009405 0.015100
v 0.006409 -0.010244 0.015125
v 0.006228 -0.010175 0.015100
v 0.007009 -0.005244 0.015168
v 0.007101 -0.006993 0.015168
v 0.006933 -0.008666 0.015168
v 0.006484 -0.010273 0.015168
v 0.006078 -0.011007 0.015125
v 0.006150 -0.011042 0.015168
v 0.005678 -0.011733 0.015125
v 0.005746 -0.011775 0.015168
v 0.004750 -0.012994 0.015125
v 0.005903 -0.010921 0.015100
v 0.005512 -0.011632 0.015100
v 0.005084 -0.012268 0.015100
v 0.004604 -0.012865 0.015100
v 0.006591 -0.008900 0.015100
v 0.006214 -0.010170 0.015100
v 0.005984 -0.010718 0.015100
v 0.005500 -0.011625 0.015100
v 0.005094 -0.012230 0.015100
v 0.004593 -0.012855 0.015100
v 0.004073 -0.013413 0.015100
v 0.003609 -0.014062 0.015125
v 0.000684 -0.015526 0.015141
v 0.001467 -0.015238 0.015125
v 0.002229 -0.014916 0.015125
v 0.002939 -0.014525 0.015125
v 0.004810 -0.013047 0.015168
v 0.004261 -0.013613 0.015168
v 0.003658 -0.014126 0.015168
v 0.002981 -0.014594 0.015168
v 0.002264 -0.014988 0.015168
v 0.001495 -0.015314 0.015168
v 0.000701 -0.015589 0.015188
v 0.007067 -0.005237 0.015234
v 0.007160 -0.006994 0.015234
v 0.006991 -0.008677 0.015234
v 0.006540 -0.010294 0.015234
v 0.006203 -0.011068 0.015234
v 0.005797 -0.011806 0.015234
v 0.004854 -0.013086 0.015234
v 0.004302 -0.013656 0.015234
v 0.003694 -0.014172 0.015234
v 0.003011 -0.014644 0.015234
v 0.002290 -0.015041 0.015234
v 0.001515 -0.015369 0.015234
v 0.000713 -0.015634 0.015253
v -0.001525 -0.015540 0.014908
v -0.000741 -0.015501 0.015018
v -0.000717 -0.015684 0.015010
v 0.000523 -0.015725 0.015498
v -0.000731 -0.015954 0.015412
v -0.000712 -0.015935 0.015228
v -0.003434 -0.015646 0.014392
v -0.003446 -0.015753 0.014395
v -0.004663 -0.015514 0.013886
v -0.004676 -0.015619 0.013891
v -0.004688 -0.015666 0.013904
v -0.003467 -0.015842 0.014430
v -0.004702 -0.015706 0.013925
v -0.003496 -0.015905 0.014498
v -0.004740 -0.015768 0.013989
v -0.003531 -0.015944 0.014591
v -0.004788 -0.015804 0.014077
v -0.001439 -0.016018 0.015315
v -0.002189 -0.016039 0.015177
v -0.002145 -0.016020 0.014975
v -0.003603 -0.015958 0.014802
v -0.000661 -0.015493 0.015026
v -0.000378 -0.015463 0.015054
v 0.000002 -0.015409 0.015082
v -0.002098 -0.015736 0.014765
v -0.002105 -0.015534 0.014800
v -0.004665 -0.015301 0.013933
v -0.003707 -0.015399 0.014350
v -0.002677 -0.015502 0.014668
v -0.004885 -0.015814 0.014271
v -0.002125 -0.015982 0.014884
v -0.002110 -0.015921 0.014816
v -0.002101 -0.015837 0.014776
v -0.000709 -0.015774 0.015031
v -0.000705 -0.015848 0.015075
v -0.000706 -0.015902 0.015142
v -0.000808 -0.014125 0.015100
v -0.002710 -0.012577 0.015100
v -0.002633 -0.012639 0.015100
v -0.002700 -0.012684 0.015099
v -0.002109 -0.013066 0.015100
v -0.002936 -0.012393 0.015100
v -0.002802 -0.012703 0.015098
v -0.003062 -0.012662 0.015092
v -0.003156 -0.012211 0.015100
v -0.003125 -0.012236 0.015100
v -0.003313 -0.012541 0.015084
v -0.003284 -0.012270 0.015097
v -0.003192 -0.012225 0.015100
v -0.003159 -0.012212 0.015100
v -0.003622 -0.012593 0.015040
v -0.003444 -0.012390 0.015080
v -0.003356 -0.012317 0.015091
v -0.003410 -0.014788 0.014669
v -0.003949 -0.014553 0.014538
v -0.003415 -0.013773 0.014922
v -0.004044 -0.013409 0.014789
v -0.003973 -0.013234 0.014851
v -0.004289 -0.014126 0.014500
v -0.001532 -0.015180 0.014979
v -0.002165 -0.015118 0.014893
v -0.000935 -0.015153 0.015045
v -0.001325 -0.014097 0.015095
v -0.002243 -0.013160 0.015099
v -0.001060 -0.013919 0.015100
v -0.002438 -0.013201 0.015095
v -0.001684 -0.014180 0.015081
v -0.002100 -0.014172 0.015056
v -0.002545 -0.014091 0.015022
v -0.002803 -0.014982 0.014789
v -0.002669 -0.013189 0.015088
v -0.002917 -0.013131 0.015078
v -0.003700 -0.012705 0.015013
v -0.003387 -0.012916 0.015052
v -0.007591 -0.010650 0.015104
v -0.007572 -0.010653 0.015105
v -0.007574 -0.010682 0.015060
v -0.007615 -0.010829 0.014990
v -0.007635 -0.010825 0.014989
v -0.007626 -0.010772 0.014997
v -0.007610 -0.010647 0.015103
v -0.007595 -0.010832 0.014991
v -0.007587 -0.010779 0.014998
v -0.007580 -0.010726 0.015022
v -0.007618 -0.010720 0.015020
v -0.007612 -0.010676 0.015058
v -0.007382 -0.010679 0.015116
v -0.007190 -0.010699 0.015127
v -0.007190 -0.010709 0.015108
v -0.007399 -0.010860 0.015000
v -0.007192 -0.010754 0.015055
v -0.007195 -0.010815 0.015021
v -0.007201 -0.010881 0.015010
v -0.007572 -0.010560 0.015245
v -0.007356 -0.010132 0.015463
v -0.007183 -0.010149 0.015479
v -0.007193 -0.010310 0.015457
v -0.007528 -0.010114 0.015447
v -0.007528 -0.010109 0.015447
v -0.007196 -0.010607 0.015270
v -0.007197 -0.010471 0.015386
v -0.007564 -0.010425 0.015358
v -0.007548 -0.010267 0.015426
v -0.007529 -0.010118 0.015447
v -0.009260 -0.010130 0.014890
v -0.009272 -0.010125 0.014887
v -0.009249 -0.010044 0.015045
v -0.008361 -0.010068 0.015348
v -0.008405 -0.010222 0.015279
v -0.008436 -0.010353 0.015165
v -0.008208 -0.009951 0.015380
v -0.009129 -0.009755 0.015264
v -0.009054 -0.009599 0.015289
v -0.009199 -0.009913 0.015181
v -0.008446 -0.010444 0.015026
v -0.009247 -0.010136 0.014892
v -0.009476 -0.010027 0.014844
v -0.009678 -0.009924 0.014800
v -0.009655 -0.009848 0.014974
v -0.009517 -0.009555 0.015219
v -0.009431 -0.009395 0.015247
v -0.009244 -0.009499 0.015268
v -0.009598 -0.009717 0.015126
v -0.010664 -0.009282 0.014611
v -0.010968 -0.009038 0.014569
v -0.010944 -0.008982 0.014774
v -0.010878 -0.008322 0.015080
v -0.010619 -0.008550 0.015108
v -0.010754 -0.008716 0.015069
v -0.010088 -0.008968 0.015170
v -0.009602 -0.009293 0.015227
v -0.009527 -0.009338 0.015236
v -0.011817 -0.007351 0.014986
v -0.011971 -0.007783 0.014845
v -0.012158 -0.007360 0.014912
v -0.011836 -0.007652 0.014960
v -0.012079 -0.007284 0.014952
v -0.012065 -0.007883 0.014664
v -0.011510 -0.008548 0.014509
v -0.012355 -0.007621 0.014517
v -0.012357 -0.007638 0.014447
v -0.012339 -0.007581 0.014625
v -0.012294 -0.007514 0.014750
v -0.012243 -0.007451 0.014833
v -0.009907 -0.009795 0.014751
v -0.010868 -0.008867 0.014955
v -0.011965 -0.007181 0.014973
v -0.013057 -0.007631 0.014427
v -0.013057 -0.007631 0.014253
v -0.013062 -0.008053 0.014265
v -0.008002 -0.014902 0.013127
v -0.007780 -0.015461 0.012978
v -0.008032 -0.015540 0.012907
v -0.009097 -0.012132 0.014055
v -0.008958 -0.012487 0.013875
v -0.009328 -0.012650 0.013705
v -0.012150 -0.012842 0.013070
v -0.012721 -0.011644 0.013365
v -0.011504 -0.012676 0.013282
v -0.011696 -0.011617 0.013604
v -0.010802 -0.012590 0.013449
v -0.011579 -0.011625 0.013626
v -0.010070 -0.012587 0.013585
v -0.011276 -0.011656 0.013681
v -0.010121 -0.011869 0.013871
v -0.014159 -0.012034 0.012720
v -0.013943 -0.011950 0.012865
v -0.012709 -0.013059 0.012801
v -0.013664 -0.011852 0.013017
v -0.013029 -0.011692 0.013271
v -0.014363 -0.012124 0.012545
v -0.013124 -0.013258 0.012493
v -0.012405 -0.013829 0.012468
v -0.011748 -0.014313 0.012447
v -0.008669 -0.015800 0.012659
v -0.009126 -0.016034 0.012374
v -0.009684 -0.015684 0.012388
v -0.011345 -0.014082 0.012746
v -0.010803 -0.013825 0.013007
v -0.010174 -0.013614 0.013211
v -0.009484 -0.013478 0.013372
v -0.008297 -0.014153 0.013323
v -0.008762 -0.013421 0.013503
v -0.008542 -0.013540 0.013493
v -0.008772 -0.012966 0.013680
v -0.008618 -0.013351 0.013550
v -0.008592 -0.013417 0.013530
v -0.013458 -0.006761 0.014207
v -0.013458 -0.006761 0.009200
v -0.014371 -0.006562 0.014151
v -0.015326 -0.006354 0.013892
v -0.017179 -0.005950 0.013311
v -0.017035 -0.005982 0.013370
v -0.016012 -0.006205 0.013708
v -0.019400 -0.005467 0.009200
v -0.019264 -0.005496 0.010424
v -0.019059 -0.005541 0.011287
v -0.018780 -0.005602 0.011964
v -0.018473 -0.005668 0.012422
v -0.018223 -0.005723 0.012685
v -0.017720 -0.005833 0.013046
v -0.018892 -0.006862 0.009200
v -0.013174 -0.007784 0.009200
v -0.016627 -0.011042 0.009199
v -0.017434 -0.009815 0.009200
v -0.018194 -0.008409 0.009200
v -0.018589 -0.007567 0.009200
v -0.013063 -0.007053 0.009200
v -0.012986 -0.007330 0.009200
v -0.012986 -0.007355 0.009200
v -0.013259 -0.006844 0.009200
v -0.013047 -0.007610 0.009200
v -0.011114 -0.010205 0.014304
v -0.010216 -0.011022 0.014302
v -0.012339 -0.010047 0.013951
v -0.013664 -0.008245 0.014006
v -0.013144 -0.009050 0.013978
v -0.014128 -0.008684 0.013800
v -0.010115 -0.011351 0.014148
v -0.010116 -0.011412 0.014112
v -0.011422 -0.010960 0.013901
v -0.010109 -0.010834 0.014482
v -0.010111 -0.011075 0.014321
v -0.010963 -0.010062 0.014464
v -0.010106 -0.010622 0.014640
v -0.013560 -0.008148 0.014057
v -0.011982 -0.009208 0.014334
v -0.011731 -0.009440 0.014358
v -0.013434 -0.009700 0.013763
v -0.014524 -0.009567 0.013503
v -0.014734 -0.009256 0.013515
v -0.015794 -0.010255 0.012717
v -0.015423 -0.009906 0.013076
v -0.014634 -0.010807 0.013079
v -0.015368 -0.009853 0.013119
v -0.014825 -0.009341 0.013466
v -0.015041 -0.010929 0.012839
v -0.015347 -0.011024 0.012592
v -0.015874 -0.010331 0.012614
v -0.012547 -0.010704 0.013708
v -0.013651 -0.010651 0.013451
v -0.010112 -0.011107 0.014301
v -0.014156 -0.008710 0.013787
v -0.009302 -0.011464 0.014417
v -0.009397 -0.010764 0.014783
v -0.012986 -0.007342 0.014246
v -0.013056 -0.007066 0.014234
v -0.012784 -0.007420 0.014254
v -0.009298 -0.010321 0.014763
v -0.009323 -0.010310 0.014757
v -0.011241 -0.009066 0.014369
v -0.010633 -0.009554 0.014458
v -0.010517 -0.009637 0.014480
v -0.009740 -0.010111 0.014654
v -0.012505 -0.007771 0.014270
v -0.012986 -0.007355 0.014246
v -0.011762 -0.008580 0.014317
v -0.012188 -0.009007 0.014317
v -0.011907 -0.008433 0.014306
v -0.012846 -0.008302 0.014277
v -0.015109 -0.005869 0.014042
v -0.015432 -0.005952 0.013930
v -0.016310 -0.005568 0.013718
v -0.016869 -0.005421 0.013543
v -0.017402 -0.005345 0.013329
v -0.018172 -0.005334 0.012859
v -0.018352 -0.005348 0.012692
v -0.016451 -0.005027 0.013755
v -0.016031 -0.005233 0.013860
v -0.015784 -0.005378 0.013914
v -0.015614 -0.005488 0.013949
v -0.016977 -0.004833 0.013597
v -0.017130 -0.004790 0.013543
v -0.017456 -0.004717 0.013416
v -0.017773 -0.004668 0.013269
v -0.017928 -0.004651 0.013186
v -0.018280 -0.004628 0.012957
v -0.018567 -0.004626 0.012706
v -0.013174 -0.007784 0.014306
v -0.013110 -0.006981 0.014229
v -0.013177 -0.006908 0.014224
v -0.013308 -0.006815 0.014215
v -0.014676 -0.005358 0.014043
v -0.014703 -0.005338 0.014039
v -0.014670 -0.005293 0.014047
v -0.014617 -0.005210 0.014110
v -0.014639 -0.005248 0.014071
v -0.015570 -0.004637 0.013925
v -0.013363 -0.006387 0.014307
v -0.013034 -0.006788 0.014351
v -0.013055 -0.006808 0.014301
v -0.016554 -0.004225 0.013693
v -0.016550 -0.004193 0.013718
v -0.016065 -0.004390 0.013829
v -0.016550 -0.004182 0.013729
v -0.016553 -0.004144 0.013787
v -0.016058 -0.004343 0.013889
v -0.015733 -0.004695 0.013860
v -0.016582 -0.004332 0.013661
v -0.015594 -0.004694 0.013892
v -0.016566 -0.004281 0.013668
v -0.016562 -0.004261 0.013674
v -0.013788 -0.005958 0.014213
v -0.013525 -0.006199 0.014286
v -0.014603 -0.005183 0.014157
v -0.014220 -0.005500 0.014202
v -0.015753 -0.004464 0.014005
v -0.015557 -0.004592 0.013976
v -0.015554 -0.004566 0.014035
v -0.014973 -0.004917 0.014113
v -0.013089 -0.006837 0.014259
v -0.013132 -0.006872 0.014232
v -0.013852 -0.006027 0.014156
v -0.015577 -0.004776 0.013891
v -0.013890 -0.006064 0.014149
v -0.014300 -0.005669 0.014097
v -0.013817 -0.005990 0.014178
v -0.012910 -0.006946 0.014369
v -0.012930 -0.006965 0.014316
v -0.013009 -0.007030 0.014243
v -0.012965 -0.006994 0.014271
v -0.012501 -0.007768 0.014271
v -0.012371 -0.007653 0.014381
v -0.012383 -0.007664 0.014354
v -0.012430 -0.007707 0.014296
v -0.012405 -0.007684 0.014321
v -0.011854 -0.008381 0.014320
v -0.011781 -0.008304 0.014419
v -0.011194 -0.009010 0.014383
v -0.010477 -0.009577 0.014493
v -0.011130 -0.008924 0.014482
v -0.010428 -0.009483 0.014585
v -0.009712 -0.010053 0.014664
v -0.009690 -0.009997 0.014695
v -0.009679 -0.009952 0.014744
v -0.010446 -0.009524 0.014530
v -0.011155 -0.008961 0.014422
v -0.011811 -0.008336 0.014359
v -0.009273 -0.010155 0.014836
v -0.009301 -0.010255 0.014765
v -0.009283 -0.010200 0.014792
v -0.009249 -0.010166 0.014841
v -0.009276 -0.010266 0.014771
v -0.009258 -0.010212 0.014798
v -0.008450 -0.010475 0.014980
v -0.008458 -0.010519 0.014942
v -0.008471 -0.010571 0.014919
v -0.008487 -0.010624 0.014913
v -0.007701 -0.010957 0.014987
v -0.008630 -0.010917 0.014911
v -0.007767 -0.011090 0.014985
v -0.007667 -0.011235 0.014916
v -0.008443 -0.011712 0.014524
v -0.007570 -0.011381 0.014847
v -0.007322 -0.011793 0.014650
v -0.007132 -0.012157 0.014476
v -0.006775 -0.013035 0.014054
v -0.006753 -0.013104 0.014020
v -0.008004 -0.012585 0.014109
v -0.007099 -0.012224 0.014444
v -0.006909 -0.012665 0.014232
v -0.006798 -0.012966 0.014087
v -0.008421 -0.012412 0.014115
v -0.007945 -0.012703 0.014053
v -0.006890 -0.015275 0.013240
v -0.007322 -0.015342 0.013148
v -0.007244 -0.014615 0.013392
v -0.006631 -0.015250 0.013283
v -0.006335 -0.014441 0.013566
v -0.006464 -0.015239 0.013310
v -0.006174 -0.014944 0.013443
v -0.006087 -0.015223 0.013376
v -0.006522 -0.013849 0.013732
v -0.006408 -0.014214 0.013625
v -0.007602 -0.013639 0.013665
v -0.007555 -0.015395 0.013076
v -0.003163 -0.012193 0.015100
v -0.003404 -0.012330 0.015087
v -0.003245 -0.011986 0.015100
v -0.003651 -0.011978 0.015072
v -0.003326 -0.011778 0.015100
v -0.003539 -0.012454 0.015064
v -0.003690 -0.012647 0.015020
v -0.004026 -0.012322 0.014960
v -0.004268 -0.012592 0.014841
v -0.003986 -0.013220 0.014847
v -0.004364 -0.012708 0.014785
v -0.004065 -0.013415 0.014777
v -0.004299 -0.014073 0.014509
v -0.005255 -0.013903 0.014106
v -0.004710 -0.015297 0.013910
v -0.004722 -0.015296 0.013904
v -0.005384 -0.014072 0.014001
v -0.005796 -0.014569 0.013687
v -0.005375 -0.015240 0.013616
v -0.006074 -0.015428 0.013333
v -0.005790 -0.015747 0.013876
v -0.005357 -0.015453 0.013575
v -0.005366 -0.015557 0.013581
v -0.006075 -0.015531 0.013341
v -0.005374 -0.015603 0.013596
v -0.006079 -0.015577 0.013356
v -0.005385 -0.015644 0.013617
v -0.006085 -0.015618 0.013379
v -0.005415 -0.015706 0.013684
v -0.006104 -0.015681 0.013447
v -0.005452 -0.015744 0.013774
v -0.006131 -0.015721 0.013539
v -0.006191 -0.015741 0.013743
v -0.006368 -0.015746 0.013714
v -0.007058 -0.015812 0.013584
v -0.006600 -0.015757 0.013584
v -0.007690 -0.015716 0.012950
v -0.007673 -0.015834 0.012997
v -0.007674 -0.015817 0.012986
v -0.007192 -0.015700 0.013167
v -0.007200 -0.015619 0.013134
v -0.007223 -0.015500 0.013127
v -0.007674 -0.015862 0.013021
v -0.007192 -0.015745 0.013203
v -0.007680 -0.015901 0.013068
v -0.007202 -0.015801 0.013288
v -0.007686 -0.015920 0.013100
v -0.007235 -0.015842 0.013452
v -0.007752 -0.015979 0.013344
v -0.006575 -0.015721 0.013416
v -0.006566 -0.015667 0.013329
v -0.006563 -0.015623 0.013293
v -0.006564 -0.015542 0.013260
v -0.006572 -0.015420 0.013253
v -0.007030 -0.015468 0.013171
v -0.007012 -0.015589 0.013178
v -0.007006 -0.015670 0.013211
v -0.007006 -0.015714 0.013247
v -0.007015 -0.015769 0.013333
v -0.007043 -0.015808 0.013500
v -0.007606 -0.015934 0.013413
v -0.007235 -0.015842 0.002548
v -0.007619 -0.015938 0.002593
v -0.007042 -0.015809 0.002413
v -0.007192 -0.015745 0.002797
v -0.007684 -0.015913 0.002913
v -0.007202 -0.015801 0.002712
v -0.007750 -0.015978 0.002667
v -0.007752 -0.015979 0.002656
v -0.007192 -0.015700 0.002833
v -0.007673 -0.015835 0.003002
v -0.007674 -0.015862 0.002979
v -0.007223 -0.015500 0.002873
v -0.007689 -0.015720 0.003049
v -0.007200 -0.015619 0.002866
v -0.007676 -0.015788 0.003029
v -0.007674 -0.015817 0.003014
v -0.006087 -0.015223 0.002624
v -0.006648 -0.015252 0.002720
v -0.006074 -0.015428 0.002667
v -0.006572 -0.015420 0.002747
v -0.006564 -0.015542 0.002740
v -0.006368 -0.015746 0.002285
v -0.006191 -0.015741 0.002257
v -0.006600 -0.015757 0.002416
v -0.006131 -0.015721 0.002461
v -0.006575 -0.015721 0.002584
v -0.006104 -0.015681 0.002553
v -0.006566 -0.015667 0.002671
v -0.006085 -0.015618 0.002621
v -0.006563 -0.015623 0.002707
v -0.006079 -0.015577 0.002644
v -0.006075 -0.015531 0.002659
v -0.007780 -0.015461 0.003022
v -0.007345 -0.015347 0.002859
v -0.007030 -0.015468 0.002829
v -0.007012 -0.015589 0.002822
v -0.007006 -0.015670 0.002789
v -0.007006 -0.015714 0.002753
v -0.007015 -0.015769 0.002667
v -0.007043 -0.015808 0.002500
v -0.009657 -0.017045 0.004476
v -0.009492 -0.016912 0.003987
v -0.009374 -0.016804 0.004079
v -0.008968 -0.016480 0.003605
v -0.008566 -0.016257 0.003298
v -0.008565 -0.016196 0.003359
v -0.008120 -0.015998 0.003146
v -0.008163 -0.015846 0.003204
v -0.008237 -0.015685 0.003188
v -0.007992 -0.015527 0.003081
v -0.008657 -0.015794 0.003335
v -0.009925 -0.016686 0.006430
v -0.009965 -0.016633 0.006183
v -0.010027 -0.016691 0.008000
v -0.009921 -0.017279 0.006396
v -0.009801 -0.017150 0.006411
v -0.009956 -0.017312 0.007404
v -0.009798 -0.017102 0.008000
v -0.009964 -0.017320 0.008000
v -0.009746 -0.017045 0.006420
v -0.009733 -0.016960 0.006426
v -0.009779 -0.016992 0.008000
v -0.009743 -0.016896 0.006429
v -0.009810 -0.016891 0.008000
v -0.009793 -0.016805 0.006431
v -0.009949 -0.016743 0.008000
v -0.009787 -0.016477 0.004895
v -0.009818 -0.016504 0.005049
v -0.009761 -0.016543 0.005053
v -0.009497 -0.016340 0.004188
v -0.009553 -0.016298 0.004178
v -0.009745 -0.016443 0.004723
v -0.009126 -0.016034 0.003626
v -0.009131 -0.016113 0.003686
v -0.009178 -0.016064 0.003671
v -0.009425 -0.016212 0.003953
v -0.008131 -0.015943 0.003179
v -0.007807 -0.015996 0.002673
v -0.008577 -0.016141 0.003391
v -0.008616 -0.016045 0.003413
v -0.008708 -0.015891 0.003396
v -0.008120 -0.016055 0.003082
v -0.009019 -0.016257 0.003704
v -0.008974 -0.016352 0.003685
v -0.008138 -0.016105 0.002976
v -0.008590 -0.016316 0.003196
v -0.009005 -0.016553 0.003515
v -0.008187 -0.016140 0.002807
v -0.008716 -0.016399 0.003071
v -0.009094 -0.016627 0.003372
v -0.009099 -0.016631 0.003378
v -0.009320 -0.016710 0.004137
v -0.008962 -0.016410 0.003658
v -0.009307 -0.016629 0.004172
v -0.009165 -0.016465 0.003914
v -0.009318 -0.016566 0.004189
v -0.009212 -0.016370 0.003929
v -0.009367 -0.016471 0.004201
v -0.009297 -0.016766 0.003623
v -0.009652 -0.016454 0.004599
v -0.009823 -0.017189 0.005343
v -0.009529 -0.016922 0.004522
v -0.009638 -0.017010 0.004999
v -0.009582 -0.016907 0.005027
v -0.009567 -0.016823 0.005044
v -0.009578 -0.016758 0.005052
v -0.009628 -0.016665 0.005058
v -0.009297 -0.016766 0.012377
v -0.009492 -0.016912 0.012013
v -0.009374 -0.016804 0.011921
v -0.008120 -0.016055 0.012918
v -0.009956 -0.017312 0.008596
v -0.009921 -0.017279 0.009604
v -0.009131 -0.016113 0.012314
v -0.008708 -0.015891 0.012604
v -0.008237 -0.015685 0.012812
v -0.009497 -0.016340 0.011812
v -0.009425 -0.016212 0.012047
v -0.009178 -0.016064 0.012329
v -0.009761 -0.016543 0.010947
v -0.009787 -0.016477 0.011105
v -0.009652 -0.016454 0.011401
v -0.009745 -0.016443 0.011277
v -0.009553 -0.016298 0.011822
v -0.009925 -0.016686 0.009570
v -0.009965 -0.016633 0.009817
v -0.009818 -0.016504 0.010951
v -0.008163 -0.015846 0.012796
v -0.008616 -0.016045 0.012587
v -0.008138 -0.016105 0.013024
v -0.008566 -0.016257 0.012702
v -0.008590 -0.016316 0.012804
v -0.008968 -0.016480 0.012395
v -0.009005 -0.016553 0.012485
v -0.009320 -0.016710 0.011863
v -0.009099 -0.016631 0.012622
v -0.008716 -0.016399 0.012929
v -0.008187 -0.016140 0.013193
v -0.007807 -0.015996 0.013327
v -0.009367 -0.016471 0.011799
v -0.009212 -0.016370 0.012071
v -0.009019 -0.016257 0.012296
v -0.008131 -0.015943 0.012821
v -0.008120 -0.015998 0.012854
v -0.008577 -0.016141 0.012609
v -0.008565 -0.016196 0.012641
v -0.008974 -0.016352 0.012315
v -0.008962 -0.016410 0.012342
v -0.009165 -0.016465 0.012086
v -0.009307 -0.016629 0.011828
v -0.009529 -0.016922 0.011478
v -0.009657 -0.017045 0.011524
v -0.009638 -0.017010 0.011001
v -0.009823 -0.017189 0.010657
v -0.009801 -0.017150 0.009589
v -0.009793 -0.016805 0.009569
v -0.009628 -0.016665 0.010942
v -0.009733 -0.016960 0.009574
v -0.009743 -0.016896 0.009571
v -0.009567 -0.016823 0.010956
v -0.009578 -0.016758 0.010948
v -0.009318 -0.016566 0.011811
v -0.009582 -0.016907 0.010973
v -0.009746 -0.017045 0.009580
v -0.012130 -0.014407 0.012110
v -0.014661 -0.013302 0.008000
v -0.015218 -0.012758 0.008000
v -0.015190 -0.012729 0.009300
v -0.012116 -0.015322 0.008000
v -0.012598 -0.014932 0.009286
v -0.012513 -0.014819 0.010534
v -0.012434 -0.014715 0.011129
v -0.012316 -0.014578 0.011659
v -0.014642 -0.012276 0.012177
v -0.013437 -0.013391 0.012140
v -0.013637 -0.013549 0.011680
v -0.013766 -0.013676 0.011146
v -0.013854 -0.013774 0.010546
v -0.013948 -0.013880 0.009292
v -0.013517 -0.014285 0.008000
v -0.014851 -0.012423 0.011706
v -0.014990 -0.012540 0.011166
v -0.015086 -0.012630 0.010561
v -0.009684 -0.015684 0.003612
v -0.013124 -0.013258 0.003507
v -0.013165 -0.013224 0.003506
v -0.013437 -0.013391 0.003860
v -0.013948 -0.013880 0.006708
v -0.012598 -0.014932 0.006714
v -0.012405 -0.013829 0.003532
v -0.011871 -0.014225 0.003549
v -0.012130 -0.014407 0.003890
v -0.012316 -0.014578 0.004341
v -0.012434 -0.014715 0.004871
v -0.012513 -0.014819 0.005466
v -0.014363 -0.012124 0.003455
v -0.014642 -0.012276 0.003824
v -0.013637 -0.013549 0.004320
v -0.014852 -0.012423 0.004294
v -0.013766 -0.013676 0.004854
v -0.014990 -0.012540 0.004834
v -0.013854 -0.013774 0.005454
v -0.015087 -0.012630 0.005439
v -0.015190 -0.012729 0.006700
v -0.015347 -0.011024 0.003408
v -0.016210 -0.011578 0.006692
v -0.016240 -0.011604 0.008000
v -0.016841 -0.010801 0.008000
v -0.018589 -0.007567 0.006800
v -0.018619 -0.007583 0.008000
v -0.018261 -0.008270 0.006800
v -0.018130 -0.008613 0.008000
v -0.017479 -0.009740 0.006800
v -0.017142 -0.010352 0.008000
v -0.017114 -0.010332 0.006800
v -0.016627 -0.011042 0.006801
v -0.016612 -0.011028 0.006477
v -0.016510 -0.010931 0.005365
v -0.015874 -0.010331 0.003386
v -0.016123 -0.010566 0.003822
v -0.015631 -0.011162 0.003788
v -0.016228 -0.010665 0.004082
v -0.015848 -0.011296 0.004267
v -0.016409 -0.010836 0.004753
v -0.015995 -0.011403 0.004814
v -0.016098 -0.011486 0.005423
v -0.015631 -0.011162 0.012212
v -0.016125 -0.010567 0.012174
v -0.015848 -0.011296 0.011733
v -0.016262 -0.010697 0.011820
v -0.015995 -0.011403 0.011186
v -0.016425 -0.010851 0.011166
v -0.016098 -0.011486 0.010577
v -0.016562 -0.010980 0.010191
v -0.016210 -0.011578 0.009308
v -0.016580 -0.010997 0.009996
v -0.019194 -0.006178 0.008000
v -0.019646 -0.004728 0.008000
v -0.019641 -0.004727 0.008272
v -0.019568 -0.004715 0.009814
v -0.019401 -0.004691 0.010923
v -0.019349 -0.004684 0.011149
v -0.019174 -0.004663 0.011719
v -0.019052 -0.004651 0.011999
v -0.018597 -0.004626 0.012674
v -0.018915 -0.004640 0.012251
v -0.019638 -0.004727 0.007559
v -0.019551 -0.004713 0.006014
v -0.019400 -0.005467 0.006800
v -0.018873 -0.006906 0.006800
v -0.018867 -0.005583 0.004210
v -0.019358 -0.004685 0.004887
v -0.019056 -0.005542 0.004704
v -0.019263 -0.005497 0.005581
v -0.018223 -0.005723 0.003315
v -0.018352 -0.005348 0.003308
v -0.018463 -0.005671 0.003565
v -0.018567 -0.004626 0.003294
v -0.018578 -0.005646 0.003714
v -0.018826 -0.004634 0.003611
v -0.018780 -0.005602 0.004035
v -0.019052 -0.004651 0.004001
v -0.019129 -0.004658 0.004168
v -0.013458 -0.006761 0.006800
v -0.013458 -0.006761 0.001793
v -0.014371 -0.006562 0.001849
v -0.015312 -0.006357 0.002104
v -0.015867 -0.006236 0.002252
v -0.016068 -0.006192 0.002308
v -0.017000 -0.005989 0.002617
v -0.017180 -0.005950 0.002689
v -0.017676 -0.005842 0.002929
v -0.013174 -0.007784 0.006800
v -0.013047 -0.007610 0.006800
v -0.012986 -0.007355 0.006800
v -0.013259 -0.006844 0.006800
v -0.013063 -0.007053 0.006800
v -0.012986 -0.007330 0.006800
v -0.015432 -0.005952 0.002070
v -0.016310 -0.005568 0.002282
v -0.016869 -0.005421 0.002457
v -0.017402 -0.005345 0.002671
v -0.018172 -0.005334 0.003141
v -0.018283 -0.004628 0.003045
v -0.018140 -0.004634 0.002944
v -0.017610 -0.004691 0.002653
v -0.017560 -0.004699 0.002630
v -0.016031 -0.005234 0.002140
v -0.016408 -0.005047 0.002234
v -0.016977 -0.004833 0.002403
v -0.017086 -0.004802 0.002441
v -0.015096 -0.005880 0.001955
v -0.015615 -0.005488 0.002051
v -0.015742 -0.005404 0.002077
v -0.013560 -0.008148 0.001943
v -0.011982 -0.009208 0.001666
v -0.012188 -0.009007 0.001683
v -0.012904 -0.008235 0.001727
v -0.013174 -0.007784 0.001694
v -0.013308 -0.006815 0.001785
v -0.013056 -0.007066 0.001766
v -0.013110 -0.006981 0.001771
v -0.013177 -0.006908 0.001776
v -0.012986 -0.007355 0.001754
v -0.012986 -0.007340 0.001754
v -0.013890 -0.006064 0.001851
v -0.019524 -0.004104 0.005269
v -0.019662 -0.004125 0.006182
v -0.019746 -0.004139 0.008000
v -0.019281 -0.004073 0.004393
v -0.019426 -0.004091 0.004851
v -0.018860 -0.004038 0.003613
v -0.018567 -0.004027 0.003286
v -0.018222 -0.004031 0.003017
v -0.017425 -0.004114 0.002616
v -0.016582 -0.004332 0.002339
v -0.015733 -0.004695 0.002140
v -0.015577 -0.004776 0.002109
v -0.014703 -0.005338 0.001961
v -0.014676 -0.005358 0.001957
v -0.014300 -0.005669 0.001903
v -0.019668 -0.004126 0.009752
v -0.019662 -0.004125 0.009818
v -0.019524 -0.004104 0.010731
v -0.019426 -0.004091 0.011149
v -0.019281 -0.004073 0.011607
v -0.019105 -0.004056 0.011999
v -0.018860 -0.004038 0.012387
v -0.018567 -0.004027 0.012714
v -0.018222 -0.004031 0.012983
v -0.017425 -0.004114 0.013384
v -0.017419 -0.004003 0.013415
v -0.017419 -0.004061 0.013391
v -0.019948 -0.003972 0.008000
v -0.019678 -0.004073 0.009819
v -0.019539 -0.004052 0.010732
v -0.019294 -0.004020 0.011609
v -0.018869 -0.003984 0.012391
v -0.018573 -0.003973 0.012719
v -0.018225 -0.003977 0.012988
v -0.017441 -0.003920 0.013506
v -0.018290 -0.003840 0.013092
v -0.019427 -0.003900 0.011653
v -0.018978 -0.003855 0.012466
v -0.018662 -0.003840 0.012810
v -0.019681 -0.003936 0.010757
v -0.019823 -0.003960 0.009832
v -0.019910 -0.003975 0.008000
v -0.017425 -0.003959 0.013450
v -0.018238 -0.003919 0.013010
v -0.018593 -0.003916 0.012738
v -0.018894 -0.003928 0.012407
v -0.019326 -0.003966 0.011619
v -0.019573 -0.003998 0.010737
v -0.019713 -0.004020 0.009822
v -0.019779 -0.004058 0.008000
v -0.018257 -0.003876 0.013041
v -0.018620 -0.003874 0.012765
v -0.018927 -0.003887 0.012429
v -0.019366 -0.003928 0.011632
v -0.019616 -0.003962 0.010745
v -0.019758 -0.003984 0.009825
v -0.019852 -0.003994 0.008000
v -0.019758 -0.003984 0.006175
v -0.019823 -0.003960 0.006168
v -0.019681 -0.003936 0.005243
v -0.019427 -0.003900 0.004347
v -0.018978 -0.003855 0.003534
v -0.018662 -0.003840 0.003190
v -0.018290 -0.003840 0.002908
v -0.017441 -0.003920 0.002494
v -0.016553 -0.004144 0.002213
v -0.016566 -0.004281 0.002332
v -0.019294 -0.004020 0.004391
v -0.018869 -0.003984 0.003609
v -0.018573 -0.003973 0.003281
v -0.018225 -0.003977 0.003012
v -0.017419 -0.004061 0.002609
v -0.019678 -0.004073 0.006181
v -0.019539 -0.004052 0.005268
v -0.017419 -0.004003 0.002585
v -0.018238 -0.003919 0.002990
v -0.018593 -0.003916 0.003262
v -0.018894 -0.003928 0.003593
v -0.019326 -0.003966 0.004381
v -0.019573 -0.003998 0.005263
v -0.019713 -0.004020 0.006178
v -0.016562 -0.004261 0.002326
v -0.016554 -0.004225 0.002307
v -0.016550 -0.004193 0.002282
v -0.019616 -0.003962 0.005255
v -0.019366 -0.003928 0.004368
v -0.018927 -0.003887 0.003571
v -0.018620 -0.003874 0.003235
v -0.018257 -0.003876 0.002959
v -0.017425 -0.003959 0.002550
v -0.016550 -0.004182 0.002271
v -0.016058 -0.004343 0.002111
v -0.015769 -0.004456 0.001998
v -0.015594 -0.004694 0.002108
v -0.016065 -0.004390 0.002171
v -0.014927 -0.004948 0.001882
v -0.015554 -0.004566 0.001965
v -0.015557 -0.004592 0.002024
v -0.013055 -0.006808 0.001699
v -0.013034 -0.006788 0.001649
v -0.013446 -0.006288 0.001704
v -0.013132 -0.006872 0.001768
v -0.015570 -0.004637 0.002075
v -0.014639 -0.005248 0.001929
v -0.014617 -0.005210 0.001890
v -0.014603 -0.005183 0.001843
v -0.013089 -0.006837 0.001741
v -0.013817 -0.005990 0.001822
v -0.013788 -0.005958 0.001787
v -0.014140 -0.005572 0.001789
v -0.014670 -0.005293 0.001953
v -0.013852 -0.006027 0.001844
v -0.013009 -0.007030 0.001757
v -0.012965 -0.006994 0.001729
v -0.012930 -0.006964 0.001684
v -0.012910 -0.006946 0.001631
v -0.012371 -0.007653 0.001619
v -0.012379 -0.007660 0.001638
v -0.012405 -0.007684 0.001679
v -0.012450 -0.007724 0.001716
v -0.012427 -0.007703 0.001700
v -0.012784 -0.007420 0.001746
v -0.012505 -0.007771 0.001730
v -0.012489 -0.007757 0.001728
v -0.010633 -0.009554 0.001542
v -0.010517 -0.009637 0.001520
v -0.010477 -0.009577 0.001507
v -0.011854 -0.008381 0.001680
v -0.011811 -0.008336 0.001641
v -0.011907 -0.008433 0.001694
v -0.011781 -0.008304 0.001581
v -0.011130 -0.008924 0.001518
v -0.011241 -0.009066 0.001631
v -0.011762 -0.008580 0.001683
v -0.011194 -0.009010 0.001617
v -0.011155 -0.008961 0.001578
v -0.010446 -0.009524 0.001470
v -0.010428 -0.009483 0.001415
v -0.009679 -0.009952 0.001257
v -0.009690 -0.009997 0.001304
v -0.009711 -0.010051 0.001335
v -0.009740 -0.010111 0.001346
v -0.009323 -0.010310 0.001243
v -0.009300 -0.010254 0.001235
v -0.009283 -0.010200 0.001207
v -0.009273 -0.010155 0.001164
v -0.009298 -0.010321 0.001237
v -0.009276 -0.010266 0.001229
v -0.009258 -0.010212 0.001202
v -0.009249 -0.010166 0.001159
v -0.008450 -0.010475 0.001020
v -0.008458 -0.010519 0.001058
v -0.008471 -0.010571 0.001081
v -0.008487 -0.010624 0.001087
v -0.007613 -0.010677 0.000943
v -0.007618 -0.010720 0.000980
v -0.007626 -0.010772 0.001003
v -0.007635 -0.010825 0.001011
v -0.007615 -0.010829 0.001010
v -0.007595 -0.010832 0.001009
v -0.007587 -0.010779 0.001002
v -0.007580 -0.010726 0.000978
v -0.007574 -0.010682 0.000940
v -0.007399 -0.010860 0.001000
v -0.007201 -0.010881 0.000990
v -0.007196 -0.010826 0.000983
v -0.007191 -0.010729 0.000919
v -0.007192 -0.010754 0.000945
v -0.007193 -0.010773 0.000958
v -0.006539 -0.010831 0.000951
v -0.005905 -0.010661 0.000834
v -0.005907 -0.010652 0.000813
v -0.006546 -0.010715 0.000840
v -0.004660 -0.010353 0.000845
v -0.004677 -0.010308 0.000769
v -0.004612 -0.010469 0.000901
v -0.004632 -0.010423 0.000891
v -0.005886 -0.010767 0.000929
v -0.006545 -0.010725 0.000860
v -0.005896 -0.010705 0.000891
v -0.006542 -0.010770 0.000915
v -0.004510 -0.009617 0.000361
v -0.004902 -0.009787 0.000372
v -0.004803 -0.010027 0.000430
v -0.004283 -0.009695 0.000382
v -0.004361 -0.009544 0.000357
v -0.004436 -0.009581 0.000359
v -0.004203 -0.009848 0.000465
v -0.004714 -0.010231 0.000610
v -0.004136 -0.009972 0.000601
v -0.006588 -0.010324 0.000493
v -0.005947 -0.010430 0.000529
v -0.005915 -0.010565 0.000658
v -0.005693 -0.010038 0.000408
v -0.005982 -0.010265 0.000451
v -0.005749 -0.010050 0.000411
v -0.006012 -0.010101 0.000428
v -0.006337 -0.010143 0.000451
v -0.007082 -0.010157 0.000512
v -0.006556 -0.010626 0.000690
v -0.006573 -0.010489 0.000568
v -0.005695 -0.010025 0.000408
v -0.005723 -0.010031 0.000410
v -0.005751 -0.010036 0.000411
v -0.006527 -0.010134 0.000465
v -0.007089 -0.010123 0.000513
v -0.009496 -0.009289 0.000764
v -0.008822 -0.009650 0.000688
v -0.008071 -0.009936 0.000608
v -0.007350 -0.010094 0.000537
v -0.007653 -0.010041 0.000566
v -0.009570 -0.009243 0.000773
v -0.011739 -0.007284 0.001014
v -0.011494 -0.007568 0.000990
v -0.010720 -0.008364 0.000909
v -0.010013 -0.008941 0.000825
v -0.011944 -0.007166 0.001027
v -0.011855 -0.007145 0.001024
v -0.015225 -0.004749 0.001904
v -0.015942 -0.004350 0.001930
v -0.012245 -0.006909 0.001131
v -0.012894 -0.006538 0.001356
v -0.012584 -0.006746 0.001241
v -0.013097 -0.006361 0.001423
v -0.013290 -0.006292 0.001529
v -0.014501 -0.005150 0.001697
v -0.013876 -0.005698 0.001636
v -0.015176 -0.004671 0.001730
v -0.016706 -0.004057 0.001996
v -0.017466 -0.003887 0.002158
v -0.015097 -0.004550 0.001595
v -0.015921 -0.003996 0.001562
v -0.015861 -0.004160 0.001632
v -0.016711 -0.003750 0.001641
v -0.016681 -0.003877 0.001713
v -0.017477 -0.003613 0.001790
v -0.014131 -0.005264 0.001553
v -0.014212 -0.005168 0.001548
v -0.014399 -0.005023 0.001562
v -0.014657 -0.004646 0.001512
v -0.015119 -0.004369 0.001527
v -0.017497 -0.003783 0.001951
v -0.016701 -0.003986 0.001842
v -0.015912 -0.004276 0.001765
v -0.013320 -0.006135 0.001478
v -0.013571 -0.005877 0.001525
v -0.017504 -0.003610 0.001796
v -0.020455 -0.004004 0.008000
v -0.020210 -0.004007 0.006050
v -0.020425 -0.003962 0.006027
v -0.020608 -0.003843 0.006009
v -0.020649 -0.003852 0.006444
v -0.020488 -0.003816 0.005196
v -0.020172 -0.003908 0.004622
v -0.020346 -0.003787 0.004579
v -0.019840 -0.003847 0.003734
v -0.020016 -0.003723 0.003697
v -0.020283 -0.003775 0.004366
v -0.019304 -0.003612 0.002744
v -0.019425 -0.003627 0.002860
v -0.019305 -0.003769 0.002973
v -0.019720 -0.003671 0.003209
v -0.019997 -0.003720 0.003659
v -0.018764 -0.003567 0.002339
v -0.018547 -0.003720 0.002391
v -0.018620 -0.003563 0.002253
v -0.017599 -0.003770 0.001980
v -0.018113 -0.003565 0.002003
v -0.017562 -0.003873 0.002185
v -0.018450 -0.003810 0.002571
v -0.019159 -0.003843 0.003119
v -0.019655 -0.003905 0.003829
v -0.019968 -0.003958 0.004677
v -0.020704 -0.003864 0.008000
v -0.020425 -0.003962 0.009973
v -0.020655 -0.003853 0.009494
v -0.020210 -0.004007 0.009950
v -0.019968 -0.003958 0.011323
v -0.019159 -0.003843 0.012881
v -0.019655 -0.003905 0.012171
v -0.018450 -0.003810 0.013429
v -0.017562 -0.003873 0.013815
v -0.018118 -0.003565 0.013995
v -0.017504 -0.003610 0.014204
v -0.017497 -0.003783 0.014049
v -0.018731 -0.003566 0.013681
v -0.018620 -0.003563 0.013747
v -0.018547 -0.003720 0.013609
v -0.017599 -0.003770 0.014020
v -0.017466 -0.003887 0.013842
v -0.019281 -0.003608 0.013277
v -0.019305 -0.003769 0.013027
v -0.019425 -0.003627 0.013140
v -0.019840 -0.003847 0.012266
v -0.020172 -0.003908 0.011378
v -0.020292 -0.003776 0.011606
v -0.020038 -0.003727 0.012257
v -0.019997 -0.003719 0.012341
v -0.019720 -0.003671 0.012791
v -0.020608 -0.003842 0.009991
v -0.020514 -0.003822 0.010659
v -0.020346 -0.003787 0.011421
v -0.019072 -0.003217 0.013790
v -0.018410 -0.003221 0.014123
v -0.017642 -0.003222 0.014409
v -0.017477 -0.003613 0.014210
v -0.019619 -0.003253 0.013396
v -0.019884 -0.003493 0.012851
v -0.020054 -0.003322 0.012916
v -0.016354 -0.003848 0.014402
v -0.016182 -0.003886 0.014425
v -0.015561 -0.004147 0.014457
v -0.016360 -0.003180 0.014750
v -0.017103 -0.003668 0.014294
v -0.016654 -0.003764 0.014367
v -0.014657 -0.004646 0.014488
v -0.014746 -0.004589 0.014485
v -0.015028 -0.004181 0.014546
v -0.015191 -0.003856 0.014632
v -0.015225 -0.003550 0.014757
v -0.015121 -0.003269 0.014912
v -0.015030 -0.003148 0.014990
v -0.014203 -0.004686 0.014707
v -0.014128 -0.003704 0.015109
v -0.013387 -0.005476 0.014793
v -0.012893 -0.006538 0.014645
v -0.013282 -0.006174 0.014530
v -0.013314 -0.006142 0.014523
v -0.013889 -0.005542 0.014444
v -0.013290 -0.006292 0.014471
v -0.012196 -0.006937 0.014883
v -0.012584 -0.006746 0.014759
v -0.011855 -0.007145 0.014976
v -0.011944 -0.007166 0.014973
v -0.013876 -0.005698 0.014364
v -0.015861 -0.004160 0.014368
v -0.015097 -0.004550 0.014405
v -0.014399 -0.005023 0.014438
v -0.016681 -0.003877 0.014287
v -0.016706 -0.004057 0.014004
v -0.015942 -0.004350 0.014070
v -0.015225 -0.004749 0.014096
v -0.015176 -0.004671 0.014270
v -0.014501 -0.005150 0.014303
v -0.016701 -0.003986 0.014158
v -0.015912 -0.004276 0.014235
v -0.011739 -0.007284 0.014986
v -0.010997 -0.008098 0.015061
v -0.010776 -0.008312 0.015085
v -0.010409 -0.008634 0.015128
v -0.009570 -0.009243 0.015227
v -0.009496 -0.009289 0.015236
v -0.008674 -0.009717 0.015328
v -0.007922 -0.009978 0.015407
v -0.007653 -0.010041 0.015434
v -0.007100 -0.010122 0.015486
v -0.007082 -0.010157 0.015488
v -0.006405 -0.010128 0.015544
v -0.006429 -0.010152 0.015542
v -0.006012 -0.010101 0.015572
v -0.005751 -0.010036 0.015589
v -0.005749 -0.010050 0.015589
v -0.005695 -0.010025 0.015592
v -0.005693 -0.010038 0.015592
v -0.005723 -0.010031 0.015590
v -0.006573 -0.010489 0.015432
v -0.006588 -0.010324 0.015507
v -0.005982 -0.010265 0.015549
v -0.005947 -0.010430 0.015471
v -0.004952 -0.009807 0.015626
v -0.004902 -0.009787 0.015628
v -0.004803 -0.010027 0.015570
v -0.006546 -0.010715 0.015160
v -0.004714 -0.010231 0.015390
v -0.005915 -0.010565 0.015342
v -0.006556 -0.010626 0.015310
v -0.005907 -0.010652 0.015187
v -0.004677 -0.010308 0.015231
v -0.004136 -0.009972 0.015399
v -0.004094 -0.010046 0.015236
v -0.004283 -0.009695 0.015618
v -0.004203 -0.009848 0.015535
v -0.004510 -0.009617 0.015639
v -0.004436 -0.009581 0.015641
v -0.004361 -0.009544 0.015643
v 0.001642 -0.004289 0.015111
v 0.000966 -0.005267 0.015120
v 0.000934 -0.005245 0.015144
v -0.003128 -0.009496 0.015184
v -0.004069 -0.010093 0.015154
v -0.004006 -0.010214 0.015100
v -0.004031 -0.010166 0.015107
v -0.003628 -0.010003 0.015100
v -0.003068 -0.009582 0.015109
v -0.002691 -0.009379 0.015100
v -0.002138 -0.008856 0.015109
v -0.001784 -0.008617 0.015100
v -0.001274 -0.008044 0.015108
v -0.000787 -0.007610 0.015100
v -0.000466 -0.007168 0.015107
v 0.001348 -0.004863 0.015100
v 0.000237 -0.006396 0.015100
v 0.001002 -0.005293 0.015105
v 0.002232 -0.003328 0.015105
v 0.002242 -0.003332 0.015103
v 0.002019 -0.003633 0.015119
v 0.001946 -0.003778 0.015114
v 0.001951 -0.003732 0.015123
v 0.000964 -0.005151 0.015173
v 0.001592 -0.004258 0.015144
v 0.001615 -0.004273 0.015125
v 0.001630 -0.004203 0.015142
v 0.001927 -0.003767 0.015125
v -0.000541 -0.007103 0.015170
v -0.000386 -0.006877 0.015213
v 0.000640 -0.005591 0.015185
v -0.001484 -0.008068 0.015230
v -0.003224 -0.009529 0.015238
v -0.002387 -0.008895 0.015236
v -0.002206 -0.008778 0.015182
v -0.001347 -0.007972 0.015178
v -0.000507 -0.007132 0.015131
v -0.001315 -0.008004 0.015135
v -0.002177 -0.008812 0.015137
v -0.003102 -0.009534 0.015137
v 0.002274 -0.003344 0.015100
v 0.000908 -0.005227 0.015175
v 0.001696 -0.004323 0.015100
v -0.004659 -0.010354 0.015155
v -0.004632 -0.010423 0.015109
v -0.004612 -0.010469 0.015099
v -0.004606 -0.010483 0.015098
v -0.004732 -0.010531 0.015097
v -0.007193 -0.010882 0.015010
v -0.005886 -0.010767 0.015071
v -0.005874 -0.010836 0.015059
v -0.006536 -0.010900 0.015037
v -0.005905 -0.010661 0.015166
v -0.005897 -0.010705 0.015109
v -0.006545 -0.010725 0.015140
v -0.006542 -0.010770 0.015085
v -0.006539 -0.010831 0.015049
v -0.007496 -0.011145 0.014998
v -0.007219 -0.011200 0.015010
v -0.007049 -0.011391 0.015018
v -0.007309 -0.011466 0.014932
v -0.007135 -0.011217 0.015014
v -0.007050 -0.011233 0.015017
v -0.007358 -0.011313 0.014967
v -0.003780 -0.010816 0.015100
v -0.003714 -0.010783 0.015100
v -0.003704 -0.010809 0.015100
v -0.003735 -0.010827 0.015100
v -0.003795 -0.010858 0.015100
v -0.003923 -0.010925 0.015099
v -0.003670 -0.010897 0.015100
v -0.003635 -0.010985 0.015100
v -0.003584 -0.011116 0.015100
v -0.003533 -0.011248 0.015100
v -0.003516 -0.011292 0.015100
v -0.003575 -0.011381 0.015099
v -0.003853 -0.011538 0.015073
v -0.003865 -0.011514 0.015074
v -0.003499 -0.011336 0.015100
v -0.004343 -0.011743 0.014985
v -0.004320 -0.011776 0.014981
v -0.004457 -0.011844 0.014946
v -0.004715 -0.011980 0.014870
v -0.004780 -0.011955 0.014869
v -0.004746 -0.011998 0.014860
v -0.005103 -0.012199 0.014735
v -0.005146 -0.012148 0.014751
v -0.005387 -0.012367 0.014623
v -0.005948 -0.012700 0.014377
v -0.006228 -0.012855 0.014250
v -0.006489 -0.012987 0.014133
v -0.004147 -0.012046 0.014967
v -0.005745 -0.013461 0.014097
v -0.004938 -0.012714 0.014595
v -0.003412 -0.011557 0.015100
v -0.003371 -0.011663 0.015100
v 0.002196 -0.003314 0.015113
v 0.001665 -0.003118 0.015145
v 0.000958 -0.002812 0.015446
v 0.002050 -0.003258 0.015131
v 0.002152 -0.003297 0.015121
v 0.000714 -0.004921 0.015378
v 0.000812 -0.005007 0.015335
v -0.000642 -0.006840 0.015466
v 0.001906 -0.003680 0.015152
v 0.002040 -0.003412 0.015141
v 0.001505 -0.004077 0.015234
v 0.001574 -0.003705 0.015223
v 0.001857 -0.003626 0.015174
v 0.000981 -0.004392 0.015332
v -0.000761 -0.006728 0.015539
v -0.000569 -0.006265 0.015535
v 0.000328 -0.005192 0.015433
v -0.001221 -0.006993 0.015586
v -0.001555 -0.007587 0.015587
v -0.001751 -0.007542 0.015616
v -0.002246 -0.008018 0.015635
v -0.002407 -0.008396 0.015616
v -0.002742 -0.008447 0.015646
v -0.003327 -0.009123 0.015625
v -0.003263 -0.008857 0.015652
v -0.003796 -0.009223 0.015651
v -0.003144 -0.009384 0.015388
v -0.002203 -0.008638 0.015384
v -0.001340 -0.007811 0.015370
v -0.000545 -0.006935 0.015347
v 0.000899 -0.005087 0.015262
v 0.001572 -0.004143 0.015194
v -0.003225 -0.009268 0.015535
v -0.002293 -0.008531 0.015527
v -0.001435 -0.007710 0.015505
v -0.002381 -0.008133 0.015638
v -0.001332 -0.007097 0.015593
v -0.000497 -0.006143 0.015526
v -0.000218 -0.005798 0.015496
v 0.000661 -0.004628 0.015372
v 0.000277 -0.005155 0.015433
v -0.010958 -0.006744 0.015461
v -0.010789 -0.008191 0.015114
v -0.011691 -0.007230 0.015022
v -0.005414 -0.009154 0.015889
v -0.006131 -0.009304 0.015861
v -0.004648 -0.008842 0.015906
v -0.003861 -0.008369 0.015909
v -0.003082 -0.007763 0.015898
v -0.001154 -0.005777 0.015792
v -0.002182 -0.006919 0.015865
v -0.002599 -0.007329 0.015883
v -0.000188 -0.004531 0.015677
v 0.000815 -0.003043 0.015483
v -0.010524 -0.007199 0.015506
v -0.009726 -0.007949 0.015586
v -0.009814 -0.009007 0.015221
v -0.008976 -0.008511 0.015658
v -0.011997 -0.005615 0.015351
v -0.012580 -0.006180 0.014939
v -0.013147 -0.004482 0.015225
v -0.008767 -0.009644 0.015329
v -0.006822 -0.009311 0.015824
v -0.007493 -0.009191 0.015779
v -0.008246 -0.008915 0.015721
v -0.010358 -0.004460 0.015458
v -0.007898 -0.003989 0.015552
v -0.007894 -0.004161 0.015561
v -0.008226 -0.003501 0.015517
v -0.008374 -0.003285 0.015501
v -0.008478 -0.003143 0.015490
v -0.007804 -0.004699 0.015590
v -0.007582 -0.005237 0.015624
v -0.007239 -0.005713 0.015660
v -0.006849 -0.006057 0.015691
v -0.006485 -0.006273 0.015715
v -0.006315 -0.006347 0.015724
v -0.008422 -0.003211 0.015495
v -0.008470 -0.003137 0.015490
v -0.010822 0.000300 0.015233
v -0.010995 0.000761 0.015202
v -0.011876 0.001923 0.015111
v -0.011761 0.001996 0.015111
v -0.012470 0.002858 0.015040
v -0.013415 0.004736 0.014906
v -0.015345 0.007543 0.014687
v -0.015982 0.008611 0.014606
v -0.017224 0.011280 0.014416
v -0.016851 0.010075 0.014496
v -0.017476 0.011132 0.014418
v -0.018857 0.013473 0.014244
v -0.018871 0.013411 0.014247
v -0.018884 0.013349 0.014250
v -0.018987 0.010242 0.014389
v -0.020294 0.009464 0.014292
v -0.019836 0.010222 0.014324
v -0.019642 0.010641 0.014328
v -0.019462 0.011106 0.014326
v -0.019144 0.012193 0.014299
v -0.018288 0.013120 0.014280
v -0.018589 0.013629 0.014243
v -0.018811 0.013680 0.014234
v -0.015936 0.019397 0.013240
v -0.016350 0.018547 0.013180
v -0.016402 0.018537 0.013207
v -0.015350 0.019530 0.012850
v -0.015549 0.019031 0.012850
v -0.015758 0.018596 0.012850
v -0.017203 0.018781 0.013797
v -0.016596 0.019136 0.013567
v -0.016566 0.019151 0.013554
v -0.016905 0.018388 0.013451
v -0.017234 0.018237 0.013594
v -0.017727 0.018356 0.013958
v -0.017462 0.018103 0.013687
v -0.017763 0.018322 0.013968
v -0.018313 0.017712 0.014110
v -0.017992 0.017686 0.013884
v -0.018100 0.017580 0.013920
v -0.018614 0.017296 0.014179
v -0.018482 0.017128 0.014035
v -0.018910 0.016448 0.014137
v -0.019287 0.015602 0.014200
v -0.019345 0.015978 0.014322
v -0.018877 0.016879 0.014234
v -0.019692 0.013878 0.014229
v -0.019982 0.013944 0.014436
v -0.019560 0.014631 0.014226
v -0.019720 0.014965 0.014386
v -0.019356 0.015403 0.014208
v -0.019548 0.015481 0.014357
v -0.019450 0.015731 0.014340
v -0.019982 0.013944 0.014200
v -0.019354 0.013802 0.014229
v -0.018811 0.013680 0.014200
v -0.019008 0.013724 0.014227
v -0.011870 0.016303 0.008000
v -0.011904 0.016295 0.009960
v -0.017785 0.014695 0.014163
v -0.017062 0.013833 0.014224
v -0.017630 0.014829 0.014147
v -0.016806 0.015591 0.014014
v -0.011733 0.014967 0.012850
v -0.015286 0.019539 0.012850
v -0.014209 0.019539 0.012850
v -0.013832 0.019438 0.012850
v -0.015177 0.013359 0.012850
v -0.015719 0.013914 0.012850
v -0.015910 0.014667 0.012850
v -0.015700 0.015414 0.012850
v -0.015144 0.015956 0.012850
v -0.014392 0.016148 0.012850
v -0.013644 0.015938 0.012850
v -0.013102 0.015382 0.012850
v -0.012910 0.014629 0.012850
v -0.013121 0.013882 0.012850
v -0.013677 0.013340 0.012850
v -0.014429 0.013148 0.012850
v -0.015910 0.014667 0.014700
v -0.016495 0.015887 0.014700
v -0.016525 0.013462 0.014700
v -0.013677 0.013340 0.014700
v -0.014441 0.012223 0.014700
v -0.012326 0.013410 0.014700
v -0.012295 0.015834 0.014700
v -0.014380 0.017073 0.014700
v -0.013644 0.015938 0.014700
v -0.015700 0.015414 0.014700
v -0.015144 0.015956 0.014700
v -0.014392 0.016148 0.014700
v -0.013102 0.015382 0.014700
v -0.012910 0.014629 0.014700
v -0.013121 0.013882 0.014700
v -0.014429 0.013148 0.014700
v -0.015177 0.013359 0.014700
v -0.015719 0.013914 0.014700
v -0.011254 0.018552 0.004681
v -0.011118 0.018605 0.008000
v -0.011137 0.018599 0.006063
v -0.011226 0.018563 0.004894
v -0.011136 0.018597 0.009795
v -0.011145 0.018593 0.010029
v -0.011242 0.018554 0.011221
v -0.013235 0.019345 0.010776
v -0.013149 0.019322 0.010235
v -0.013118 0.019313 0.009909
v -0.013076 0.019301 0.008000
v -0.013366 0.019379 0.011300
v -0.013267 0.019353 0.010925
v -0.014472 0.019564 0.013138
v -0.026653 0.006336 0.008000
v -0.026771 0.005763 0.008000
v -0.026700 0.005791 0.009896
v -0.011294 0.018720 0.008000
v -0.011314 0.018726 0.009382
v -0.011409 0.018757 0.010229
v -0.011586 0.018816 0.010894
v -0.011812 0.018892 0.011371
v -0.011861 0.018830 0.011964
v -0.012196 0.018768 0.012890
v -0.012709 0.018670 0.013692
v -0.013405 0.018552 0.014357
v -0.014255 0.018404 0.014908
v -0.015219 0.018152 0.015359
v -0.015726 0.017950 0.015547
v -0.016231 0.017674 0.015710
v -0.016709 0.017307 0.015847
v -0.017124 0.016862 0.015958
v -0.017753 0.015906 0.016114
v -0.018222 0.014859 0.016218
v -0.018526 0.013778 0.016293
v -0.019005 0.011725 0.016389
v -0.018395 0.011891 0.016550
v -0.019320 0.010766 0.016413
v -0.018755 0.010708 0.016590
v -0.019740 0.009874 0.016412
v -0.019133 0.009840 0.016600
v -0.020282 0.009069 0.016377
v -0.019637 0.009008 0.016582
v -0.020217 0.008298 0.016530
v -0.020943 0.008348 0.016295
v -0.020577 0.007934 0.016484
v -0.021693 0.007709 0.016155
v -0.021629 0.007069 0.016286
v -0.020922 0.007622 0.016430
v -0.024911 0.005931 0.014603
v -0.024131 0.005670 0.015259
v -0.024149 0.006265 0.015192
v -0.023385 0.006021 0.015681
v -0.023328 0.006671 0.015629
v -0.022606 0.006440 0.016002
v -0.022498 0.007150 0.015940
v -0.022525 0.006488 0.016030
v -0.021769 0.006971 0.016252
v -0.025731 0.005012 0.013555
v -0.025481 0.005109 0.013951
v -0.025558 0.005667 0.013852
v -0.025299 0.005181 0.014194
v -0.024752 0.005403 0.014777
v -0.025994 0.004910 0.013035
v -0.026052 0.005474 0.012965
v -0.026088 0.004874 0.012813
v -0.026394 0.005341 0.011989
v -0.026372 0.004764 0.011941
v -0.026612 0.005256 0.010965
v -0.026583 0.004682 0.010902
v -0.026738 0.005207 0.009918
v -0.026718 0.004630 0.009645
v -0.026810 0.005179 0.008000
v -0.026413 0.006893 0.009599
v -0.026462 0.006874 0.008000
v -0.024312 0.007319 0.014688
v -0.025016 0.007465 0.013772
v -0.024961 0.007021 0.014173
v -0.025464 0.007273 0.013197
v -0.025517 0.006786 0.013516
v -0.025799 0.007135 0.012558
v -0.025951 0.006611 0.012725
v -0.026073 0.007026 0.011773
v -0.026261 0.006489 0.011831
v -0.026281 0.006944 0.010791
v -0.026464 0.006409 0.010869
v -0.026584 0.006363 0.009867
v -0.023920 0.007997 0.014594
v -0.024328 0.007786 0.014351
v -0.024519 0.007693 0.014215
v -0.023615 0.007678 0.015073
v -0.022912 0.008100 0.015351
v -0.023301 0.008356 0.014878
v -0.022590 0.008846 0.015114
v -0.022230 0.008586 0.015549
v -0.021603 0.009132 0.015682
v -0.021062 0.009731 0.015764
v -0.020277 0.011126 0.015820
v -0.020628 0.010380 0.015806
v -0.019996 0.011976 0.015812
v -0.019529 0.013975 0.015745
v -0.019982 0.013944 0.015385
v -0.019200 0.015155 0.015684
v -0.019662 0.015151 0.015333
v -0.018679 0.016342 0.015592
v -0.019082 0.016515 0.015242
v -0.019281 0.016118 0.015275
v -0.019450 0.015731 0.015301
v -0.017974 0.017434 0.015442
v -0.018352 0.017661 0.015095
v -0.018614 0.017296 0.015154
v -0.018766 0.017062 0.015185
v -0.018237 0.017806 0.015068
v -0.017468 0.017999 0.015312
v -0.017727 0.018356 0.014932
v -0.017694 0.018386 0.014923
v -0.016889 0.018470 0.015139
v -0.017149 0.018817 0.014749
v -0.016596 0.019136 0.014537
v -0.016305 0.018807 0.014928
v -0.016556 0.019155 0.014520
v -0.015752 0.019033 0.014686
v -0.015927 0.019399 0.014218
v -0.015383 0.019525 0.013890
v -0.014808 0.019253 0.014143
v -0.015282 0.019539 0.013821
v -0.014103 0.019313 0.013586
v -0.014780 0.019573 0.013428
v -0.015096 0.019560 0.013685
v -0.012915 0.019254 0.012233
v -0.013230 0.019323 0.012470
v -0.013408 0.019328 0.012774
v -0.013504 0.019329 0.012915
v -0.013605 0.019328 0.013051
v -0.013455 0.019329 0.012845
v -0.013142 0.019040 0.013393
v -0.012697 0.019086 0.012693
v -0.012499 0.019124 0.012065
v -0.013742 0.018972 0.013999
v -0.014523 0.018863 0.014558
v -0.015483 0.018621 0.015057
v -0.016016 0.018403 0.015272
v -0.016563 0.018094 0.015459
v -0.017096 0.017672 0.015614
v -0.017559 0.017164 0.015734
v -0.018230 0.016136 0.015887
v -0.018727 0.015016 0.015986
v -0.019046 0.013883 0.016054
v -0.019520 0.011857 0.016136
v -0.019818 0.010954 0.016152
v -0.020203 0.010137 0.016145
v -0.020690 0.009412 0.016106
v -0.021291 0.008753 0.016025
v -0.021979 0.008161 0.015888
v -0.022724 0.007639 0.015681
v -0.023493 0.007187 0.015384
v -0.024255 0.006803 0.014971
v -0.024965 0.006485 0.014415
v -0.025571 0.006234 0.013705
v -0.026039 0.006049 0.012860
v -0.026366 0.005921 0.011920
v -0.026578 0.005838 0.010923
v -0.012115 0.018995 0.011768
v -0.013366 0.019379 0.004700
v -0.013118 0.019313 0.006091
v -0.013149 0.019322 0.005765
v -0.013267 0.019353 0.005075
v -0.019320 0.010766 -0.000413
v -0.019005 0.011725 -0.000389
v -0.021734 0.009604 0.000690
v -0.021603 0.009132 0.000318
v -0.022230 0.008586 0.000451
v -0.020243 0.012760 0.000578
v -0.019996 0.011976 0.000188
v -0.020277 0.011126 0.000180
v -0.016111 0.019339 0.001687
v -0.016016 0.019371 0.001736
v -0.015752 0.019033 0.001314
v -0.013832 0.019438 0.003150
v -0.013605 0.019328 0.002949
v -0.014103 0.019313 0.002414
v -0.013230 0.019323 0.003530
v -0.011313 0.018726 0.006621
v -0.011409 0.018757 0.005767
v -0.011583 0.018815 0.005115
v -0.011813 0.018893 0.004627
v -0.011861 0.018830 0.004036
v -0.012196 0.018768 0.003110
v -0.012499 0.019124 0.003935
v -0.012114 0.018995 0.004234
v -0.013408 0.019328 0.003226
v -0.013455 0.019329 0.003155
v -0.014209 0.019539 0.003150
v -0.015281 0.019539 0.002179
v -0.015096 0.019559 0.002314
v -0.014808 0.019253 0.001857
v -0.015013 0.019565 0.002377
v -0.014448 0.019561 0.002885
v -0.015538 0.019497 0.002009
v -0.016595 0.019137 0.001464
v -0.016305 0.018807 0.001072
v -0.016700 0.019084 0.001420
v -0.016889 0.018470 0.000861
v -0.017290 0.018718 0.001203
v -0.017726 0.018357 0.001068
v -0.017468 0.017999 0.000688
v -0.017849 0.018238 0.001033
v -0.017974 0.017433 0.000558
v -0.018369 0.017638 0.000901
v -0.019316 0.016041 0.000719
v -0.019082 0.016515 0.000758
v -0.018679 0.016342 0.000408
v -0.018878 0.016879 0.000794
v -0.018614 0.017296 0.000847
v -0.019449 0.015731 0.000698
v -0.019200 0.015155 0.000316
v -0.019683 0.015084 0.000663
v -0.019529 0.013975 0.000255
v -0.020839 0.010903 0.000576
v -0.020592 0.011511 0.000565
v -0.020544 0.011651 0.000565
v -0.020628 0.010379 0.000194
v -0.021062 0.009731 0.000236
v -0.021238 0.010208 0.000614
v -0.021253 0.010187 0.000616
v -0.023247 0.008390 0.001102
v -0.022534 0.008889 0.000870
v -0.022350 0.009035 0.000822
v -0.022912 0.008100 0.000649
v -0.023615 0.007678 0.000927
v -0.023900 0.008008 0.001395
v -0.024328 0.007786 0.001650
v -0.024312 0.007319 0.001312
v -0.024522 0.007692 0.001787
v -0.024961 0.007021 0.001827
v -0.025026 0.007461 0.002238
v -0.025517 0.006786 0.002484
v -0.025467 0.007272 0.002809
v -0.025951 0.006611 0.003275
v -0.025803 0.007134 0.003449
v -0.026261 0.006489 0.004169
v -0.026072 0.007027 0.004223
v -0.026464 0.006409 0.005131
v -0.026279 0.006945 0.005192
v -0.026584 0.006363 0.006133
v -0.026412 0.006893 0.006396
v -0.026052 0.005474 0.003035
v -0.026394 0.005341 0.004011
v -0.026612 0.005256 0.005035
v -0.026738 0.005207 0.006082
v -0.025558 0.005667 0.002148
v -0.024911 0.005931 0.001397
v -0.024149 0.006265 0.000808
v -0.023328 0.006671 0.000371
v -0.022498 0.007150 0.000060
v -0.021693 0.007709 -0.000155
v -0.020943 0.008348 -0.000295
v -0.020282 0.009069 -0.000377
v -0.019740 0.009874 -0.000412
v -0.014255 0.018404 0.001092
v -0.015219 0.018152 0.000641
v -0.015726 0.017950 0.000453
v -0.016231 0.017674 0.000290
v -0.016709 0.017307 0.000153
v -0.017124 0.016862 0.000042
v -0.017753 0.015906 -0.000114
v -0.018222 0.014859 -0.000218
v -0.018526 0.013778 -0.000293
v -0.013405 0.018552 0.001643
v -0.012709 0.018670 0.002308
v -0.012915 0.019254 0.003767
v -0.012697 0.019086 0.003307
v -0.013142 0.019040 0.002607
v -0.013504 0.019329 0.003085
v -0.026700 0.005791 0.006104
v -0.026578 0.005838 0.005077
v -0.026366 0.005921 0.004080
v -0.026039 0.006049 0.003140
v -0.025571 0.006234 0.002295
v -0.024965 0.006485 0.001585
v -0.024255 0.006803 0.001029
v -0.023493 0.007187 0.000616
v -0.022724 0.007639 0.000319
v -0.021979 0.008161 0.000112
v -0.021291 0.008753 -0.000025
v -0.020690 0.009412 -0.000106
v -0.020203 0.010137 -0.000145
v -0.019818 0.010954 -0.000152
v -0.019520 0.011857 -0.000136
v -0.019046 0.013883 -0.000054
v -0.018727 0.015016 0.000014
v -0.018230 0.016136 0.000113
v -0.017559 0.017164 0.000266
v -0.017095 0.017672 0.000386
v -0.016563 0.018094 0.000541
v -0.016016 0.018403 0.000728
v -0.015483 0.018621 0.000943
v -0.014523 0.018863 0.001442
v -0.013742 0.018972 0.002001
v -0.020094 0.013433 0.002323
v -0.020132 0.013260 0.002500
v -0.020592 0.011511 0.002500
v -0.022350 0.009035 0.002500
v -0.021253 0.010187 0.002500
v -0.023807 0.006702 0.005000
v -0.024420 0.007741 0.005000
v -0.024015 0.006601 0.005057
v -0.024501 0.007702 0.005008
v -0.024576 0.007666 0.005031
v -0.024678 0.007618 0.005089
v -0.024126 0.006548 0.005146
v -0.024740 0.007589 0.005146
v -0.024178 0.006524 0.005214
v -0.024232 0.006499 0.005327
v -0.024821 0.007552 0.005267
v -0.024252 0.006490 0.005410
v -0.024874 0.007528 0.005500
v -0.024260 0.006486 0.005500
v -0.022670 0.007334 0.005000
v -0.023281 0.008369 0.005000
v -0.023279 0.006978 0.005000
v -0.024322 0.007789 0.005000
v -0.022594 0.007383 0.004992
v -0.023087 0.008494 0.004944
v -0.022524 0.007427 0.004969
v -0.022431 0.007488 0.004911
v -0.022984 0.008562 0.004854
v -0.022373 0.007527 0.004854
v -0.022938 0.008594 0.004787
v -0.022300 0.007576 0.004734
v -0.022889 0.008628 0.004673
v -0.022870 0.008641 0.004588
v -0.022252 0.007609 0.004500
v -0.022863 0.008646 0.004500
v -0.022863 0.008646 0.003000
v -0.022252 0.007609 0.003000
v -0.021845 0.007904 0.002500
v -0.022460 0.008946 0.002500
v -0.022527 0.008893 0.002507
v -0.022032 0.007765 0.002557
v -0.022598 0.008839 0.002531
v -0.022689 0.008771 0.002589
v -0.022132 0.007693 0.002646
v -0.022744 0.008731 0.002646
v -0.022178 0.007661 0.002714
v -0.022816 0.008679 0.002766
v -0.022226 0.007627 0.002827
v -0.022245 0.007614 0.002912
v -0.018961 0.012996 0.002500
v -0.019096 0.012395 0.002500
v -0.021589 0.008107 0.002500
v -0.020374 0.009355 0.002500
v -0.019642 0.010641 0.002500
v -0.018922 0.013175 0.002316
v -0.019142 0.012203 0.001702
v -0.018884 0.013349 0.001750
v -0.018884 0.013349 0.002139
v -0.019448 0.011145 0.001675
v -0.020374 0.009355 0.001716
v -0.020294 0.009464 0.001708
v -0.019832 0.010231 0.001676
v -0.019642 0.010641 0.001672
v -0.021589 0.008107 0.001922
v -0.020851 0.008791 0.001778
v -0.018811 0.013680 0.001800
v -0.018848 0.013517 0.001966
v -0.018871 0.013411 0.001753
v -0.018857 0.013473 0.001756
v -0.018811 0.013680 0.001766
v -0.018987 0.010242 0.001611
v -0.017476 0.011132 0.001582
v -0.018589 0.013629 0.001757
v -0.018288 0.013120 0.001720
v -0.017224 0.011280 0.001584
v -0.016851 0.010075 0.001504
v -0.015982 0.008611 0.001394
v -0.012905 0.003881 0.001030
v -0.015345 0.007543 0.001313
v -0.012470 0.002858 0.000960
v -0.011762 0.001996 0.000890
v -0.011876 0.001923 0.000889
v -0.010822 0.000300 0.000767
v -0.010488 -0.000047 0.000738
v -0.008478 -0.003143 0.000510
v -0.008470 -0.003137 0.000510
v -0.008422 -0.003211 0.000505
v -0.008374 -0.003285 0.000499
v -0.007384 -0.009219 0.000213
v -0.006728 -0.009318 0.000170
v -0.006485 -0.006273 0.000285
v -0.006108 -0.009301 0.000138
v -0.006315 -0.006347 0.000276
v -0.005359 -0.009137 0.000109
v -0.004648 -0.008842 0.000094
v -0.006830 -0.006071 0.000308
v -0.007240 -0.005712 0.000340
v -0.010358 -0.004460 0.000542
v -0.007584 -0.005235 0.000376
v -0.007793 -0.004737 0.000407
v -0.007894 -0.004157 0.000439
v -0.007898 -0.003989 0.000448
v -0.008226 -0.003501 0.000483
v -0.011997 -0.005615 0.000649
v -0.010980 -0.006720 0.000541
v -0.009896 -0.007801 0.000430
v -0.009120 -0.008414 0.000356
v -0.009016 -0.008484 0.000346
v -0.008363 -0.008859 0.000288
v -0.007660 -0.009143 0.000233
v -0.007898 -0.003990 0.000950
v -0.007822 -0.003409 0.000475
v -0.007806 -0.003350 0.000950
v -0.007611 -0.002858 0.000499
v -0.007269 -0.002363 0.000520
v -0.007295 -0.002394 0.000950
v -0.006828 -0.001971 0.000537
v -0.006428 -0.001744 0.000950
v -0.006318 -0.001697 0.000549
v -0.005757 -0.001547 0.000556
v -0.005367 -0.001522 0.000950
v -0.005367 -0.001522 0.000557
v -0.004311 -0.001770 0.000950
v -0.004311 -0.001770 0.000538
v -0.004612 -0.001648 0.000547
v -0.005179 -0.001531 0.000556
v -0.003317 -0.002636 0.000468
v -0.003460 -0.002442 0.000484
v -0.003460 -0.002442 0.000950
v -0.003633 -0.002251 0.000500
v -0.004077 -0.001899 0.000528
v -0.003081 -0.003081 0.000430
v -0.002974 -0.003411 0.000950
v -0.002927 -0.003643 0.000383
v -0.002898 -0.004053 0.000950
v -0.002898 -0.004053 0.000350
v -0.002975 -0.004636 0.000305
v -0.002990 -0.004693 0.000950
v -0.003185 -0.005185 0.000268
v -0.003500 -0.005649 0.000950
v -0.004368 -0.006300 0.000950
v -0.003953 -0.006062 0.000223
v -0.003517 -0.005668 0.000240
v -0.005430 -0.006521 0.000950
v -0.005035 -0.006495 0.000226
v -0.004468 -0.006342 0.000219
v -0.006198 -0.006390 0.000270
v -0.006485 -0.006273 0.000950
v -0.005623 -0.006511 0.000244
v -0.005430 -0.006521 0.000237
v -0.007336 -0.005601 0.000950
v -0.007822 -0.004632 0.000950
v -0.003898 -0.004040 0.000950
v -0.004108 -0.004788 0.000950
v -0.004664 -0.005330 0.000950
v -0.005417 -0.005521 0.000950
v -0.006164 -0.005311 0.000950
v -0.006706 -0.004755 0.000950
v -0.006898 -0.004003 0.000950
v -0.004090 -0.003288 0.000950
v -0.004632 -0.002732 0.000950
v -0.005379 -0.002522 0.000950
v -0.006132 -0.002713 0.000950
v -0.006687 -0.003255 0.000950
v -0.007806 -0.004310 -0.000750
v -0.006851 -0.002081 -0.000750
v -0.006687 -0.003255 -0.000750
v -0.004444 -0.001792 -0.000750
v -0.002990 -0.003733 -0.000750
v -0.004090 -0.003288 -0.000750
v -0.003944 -0.005963 -0.000750
v -0.006352 -0.006251 -0.000750
v -0.005417 -0.005521 -0.000750
v -0.006898 -0.004003 -0.000750
v -0.006706 -0.004755 -0.000750
v -0.006164 -0.005311 -0.000750
v -0.004664 -0.005330 -0.000750
v -0.004108 -0.004788 -0.000750
v -0.003898 -0.004040 -0.000750
v -0.004632 -0.002732 -0.000750
v -0.005379 -0.002522 -0.000750
v -0.006132 -0.002713 -0.000750
v -0.002990 -0.003733 -0.001831
v -0.003463 -0.004837 -0.001908
v -0.003944 -0.005963 -0.001971
v -0.006352 -0.006251 -0.001918
v -0.005140 -0.006106 -0.001949
v -0.007806 -0.004310 -0.001775
v -0.007073 -0.005288 -0.001848
v -0.006851 -0.002081 -0.001676
v -0.007324 -0.003185 -0.001731
v -0.005637 -0.001935 -0.001681
v -0.004444 -0.001792 -0.001673
v -0.003707 -0.002776 -0.001754
v 0.002946 0.004052 0.000457
v 0.002695 0.004430 0.000578
v 0.002580 0.005260 0.001085
v -0.002687 0.004681 -0.000649
v -0.002322 0.004584 -0.000620
v -0.003073 0.004088 -0.000832
v -0.000776 0.008047 0.001427
v -0.000705 0.008182 0.001615
v 0.000382 0.006391 0.000810
v 0.001463 0.007407 0.002500
v 0.001944 0.007062 0.002500
v 0.001990 0.006940 0.002373
v 0.000635 0.009219 0.008000
v -0.000149 0.002421 -0.000844
v -0.003692 0.003192 -0.001057
v 0.002883 0.000752 -0.000834
v 0.002495 -0.000106 -0.001096
v 0.000961 0.003205 -0.000448
v 0.003145 0.001592 -0.000539
v 0.002937 0.000899 -0.000786
v -0.002535 -0.003173 -0.001784
v 0.001876 -0.001242 -0.001379
v 0.001639 -0.001642 -0.001463
v 0.000908 -0.002837 -0.001673
v 0.000076 -0.004074 -0.001838
v -0.000779 -0.005219 -0.001951
v -0.000894 -0.005364 -0.001963
v -0.004604 -0.000726 -0.001581
v -0.002919 0.000464 -0.001409
v -0.003735 -0.008210 -0.002096
v -0.002886 -0.007511 -0.002083
v -0.001925 -0.006561 -0.002043
v -0.004181 -0.008517 -0.002097
v -0.009449 -0.001823 -0.001594
v -0.008591 -0.001501 -0.001602
v -0.007953 -0.001166 -0.001597
v -0.007776 -0.001057 -0.001593
v -0.007073 -0.000555 -0.001568
v -0.006632 -0.000185 -0.001543
v 0.000087 0.009615 0.008000
v 0.000087 0.009615 0.007959
v 0.000080 0.009603 0.007010
v 0.000026 0.009514 0.005483
v 0.000019 0.009502 0.005367
v -0.000048 0.009388 0.004542
v -0.000048 0.009387 0.004536
v 0.001355 0.008205 0.003975
v -0.000186 0.009148 0.003508
v 0.001346 0.008203 0.003950
v 0.001227 0.008122 0.003506
v -0.000260 0.009015 0.003108
v 0.001206 0.007957 0.003118
v -0.000357 0.008839 0.002678
v 0.001283 0.007710 0.002771
v -0.000512 0.008553 0.002131
v 0.002248 0.006237 0.001748
v 0.002473 0.005585 0.001286
v -0.001057 0.007506 0.000880
v -0.000366 0.005891 0.000258
v -0.001390 0.006881 0.000399
v -0.001264 0.005291 -0.000219
v -0.001775 0.006192 -0.000013
v -0.002110 0.005618 -0.000290
v -0.004965 0.001542 -0.001355
v -0.004723 0.001835 -0.001311
v -0.004253 0.002431 -0.001211
v -0.004061 0.002687 -0.001163
v -0.006191 0.000222 -0.001509
v -0.005690 0.000729 -0.001457
v -0.005211 0.001255 -0.001394
v 0.001905 0.003872 0.000026
v 0.003260 0.002851 -0.000036
v 0.003309 0.002646 -0.000111
v 0.003292 0.002457 -0.000193
v -0.003335 0.003700 -0.000936
v 0.001346 0.008204 0.003975
v -0.002077 0.007851 0.004000
v -0.002337 0.007763 0.003538
v -0.002554 0.007580 0.003136
v -0.002772 0.007281 0.002760
v -0.002896 0.006957 0.002500
v 0.002730 0.004742 0.002500
v 0.003261 0.002782 0.002500
v 0.003283 0.002690 0.002500
v 0.003333 0.002481 0.002385
v 0.003546 0.001490 0.001934
v 0.003742 0.000364 0.001538
v 0.003487 0.001840 -0.000313
v 0.003449 0.002021 -0.000273
v 0.003788 0.000020 0.001433
v 0.003707 0.000649 -0.000454
v 0.003646 0.001013 -0.000434
v 0.003862 -0.000768 0.001213
v 0.003788 0.000068 -0.000448
v 0.003783 0.000110 -0.000450
v 0.003874 -0.001910 0.000934
v 0.003873 -0.001911 0.000397
v 0.003868 -0.000840 -0.000353
v 0.003872 -0.001912 -0.000139
v 0.000663 -0.015448 0.000887
v 0.000684 -0.015526 0.000859
v 0.001467 -0.015238 0.000875
v 0.000620 -0.015287 0.000900
v 0.001400 -0.015056 0.000900
v 0.001395 -0.015042 0.000900
v 0.002144 -0.014740 0.000900
v 0.002378 -0.014606 0.000900
v 0.002837 -0.014360 0.000900
v 0.003481 -0.013897 0.000900
v 0.003490 -0.013908 0.000900
v 0.003891 -0.013559 0.000900
v 0.004073 -0.013413 0.000900
v 0.004593 -0.012855 0.000900
v 0.004604 -0.012865 0.000900
v 0.005094 -0.012230 0.000900
v 0.006736 -0.005278 0.000900
v 0.006604 -0.004426 0.000900
v 0.006688 -0.005025 0.000900
v 0.006665 -0.003588 0.000855
v 0.006417 -0.003584 0.000900
v 0.006403 -0.003584 0.000900
v 0.006817 -0.003589 0.000500
v 0.006810 -0.003589 0.000627
v 0.007029 -0.004616 0.000500
v 0.007106 -0.005232 0.000664
v 0.007199 -0.006995 0.000664
v 0.007214 -0.006690 0.000500
v 0.007119 -0.005230 0.000500
v 0.006576 -0.010308 0.000664
v 0.007043 -0.008687 0.000500
v 0.007030 -0.008684 0.000664
v 0.007055 -0.008616 0.000500
v 0.007212 -0.006995 0.000500
v 0.005830 -0.011827 0.000664
v 0.005841 -0.011833 0.000500
v 0.006238 -0.011085 0.000664
v 0.006527 -0.010469 0.000500
v 0.006589 -0.010313 0.000500
v 0.003032 -0.014678 0.000664
v 0.003727 -0.014215 0.000500
v 0.003718 -0.014203 0.000664
v 0.004337 -0.013693 0.000500
v 0.004329 -0.013684 0.000664
v 0.004454 -0.013581 0.000500
v 0.004884 -0.013112 0.000664
v 0.004892 -0.013120 0.000500
v 0.005627 -0.012167 0.000500
v 0.000720 -0.015660 0.000667
v 0.000723 -0.015674 0.000500
v 0.001529 -0.015406 0.000664
v 0.002239 -0.015122 0.000500
v 0.002307 -0.015077 0.000664
v 0.003005 -0.014711 0.000500
v 0.003040 -0.014690 0.000500
v 0.006929 -0.005254 0.000875
v 0.007021 -0.006991 0.000875
v 0.006826 -0.006987 0.000900
v 0.006854 -0.008652 0.000875
v 0.006663 -0.008617 0.000900
v 0.006480 -0.009405 0.000900
v 0.006409 -0.010244 0.000875
v 0.006228 -0.010175 0.000900
v 0.006078 -0.011007 0.000875
v 0.005903 -0.010921 0.000900
v 0.005678 -0.011733 0.000875
v 0.005512 -0.011632 0.000900
v 0.004750 -0.012994 0.000875
v 0.005084 -0.012268 0.000900
v 0.005500 -0.011625 0.000900
v 0.005984 -0.010718 0.000900
v 0.006214 -0.010170 0.000900
v 0.006591 -0.008900 0.000900
v 0.006649 -0.008614 0.000900
v 0.006812 -0.007010 0.000900
v 0.006722 -0.005280 0.000900
v 0.003609 -0.014062 0.000875
v 0.004261 -0.013613 0.000832
v 0.004810 -0.013047 0.000832
v 0.005746 -0.011775 0.000832
v 0.006150 -0.011042 0.000832
v 0.006484 -0.010273 0.000832
v 0.006933 -0.008666 0.000832
v 0.007101 -0.006993 0.000832
v 0.007009 -0.005244 0.000832
v 0.002939 -0.014525 0.000875
v 0.002229 -0.014916 0.000875
v 0.000701 -0.015589 0.000812
v 0.001495 -0.015314 0.000832
v 0.002264 -0.014988 0.000832
v 0.002981 -0.014594 0.000832
v 0.003658 -0.014126 0.000832
v 0.006758 -0.003589 0.000773
v 0.007067 -0.005237 0.000766
v 0.007160 -0.006994 0.000766
v 0.006991 -0.008677 0.000766
v 0.006540 -0.010294 0.000766
v 0.006203 -0.011068 0.000766
v 0.005797 -0.011806 0.000766
v 0.004854 -0.013086 0.000766
v 0.004302 -0.013656 0.000766
v 0.003694 -0.014172 0.000766
v 0.003011 -0.014644 0.000766
v 0.002290 -0.015041 0.000766
v 0.001515 -0.015369 0.000766
v 0.000713 -0.015634 0.000747
v 0.002835 -0.003540 0.000866
v 0.002830 -0.003542 0.000900
v 0.002835 -0.003540 0.000100
v 0.006817 -0.003589 0.000100
v -0.004427 -0.015865 0.001217
v -0.004388 -0.014934 0.000866
v -0.003755 -0.015195 0.000695
v -0.004136 -0.013816 0.000455
v -0.004624 -0.014204 0.000768
v -0.004305 -0.013405 0.000440
v -0.000934 -0.014035 0.000100
v -0.001234 -0.014241 0.000106
v -0.003152 -0.012217 0.000100
v -0.003151 -0.012221 0.000100
v -0.002687 -0.013283 0.000116
v -0.002975 -0.013232 0.000129
v -0.003100 -0.012716 0.000111
v -0.002422 -0.013286 0.000107
v -0.003149 -0.012233 0.000100
v -0.003149 -0.012224 0.000100
v -0.003221 -0.012289 0.000101
v -0.003181 -0.012275 0.000101
v -0.003157 -0.012252 0.000100
v -0.003389 -0.012309 0.000109
v -0.003328 -0.012295 0.000105
v -0.003396 -0.012594 0.000121
v -0.003644 -0.012509 0.000144
v -0.003538 -0.013023 0.000168
v -0.003991 -0.012880 0.000252
v -0.003622 -0.013500 0.000245
v -0.003637 -0.015955 0.000921
v -0.003051 -0.015389 0.000535
v -0.003273 -0.015989 0.000804
v -0.002315 -0.015503 0.000391
v -0.002176 -0.016039 0.000511
v -0.001438 -0.016018 0.000356
v -0.001583 -0.015525 0.000271
v -0.001026 -0.015986 0.000284
v -0.000894 -0.015443 0.000178
v -0.000553 -0.015931 0.000215
v -0.000285 -0.015244 0.000119
v 0.000048 -0.015830 0.000147
v 0.000523 -0.015725 0.000113
v 0.000185 -0.014937 0.000100
v 0.000998 -0.015595 0.000100
v -0.003680 -0.014027 0.000357
v -0.003175 -0.014201 0.000275
v -0.002648 -0.014324 0.000210
v -0.002130 -0.014381 0.000161
v -0.001648 -0.014359 0.000126
v -0.005104 -0.015793 0.001523
v -0.003743 -0.012143 0.000141
v -0.005740 -0.014987 0.001542
v -0.005922 -0.015743 0.001866
v -0.006425 -0.014144 0.001468
v -0.006562 -0.012748 0.000691
v -0.006910 -0.012575 0.000542
v -0.006643 -0.012448 0.000456
v -0.007040 -0.012189 0.000365
v -0.006754 -0.012153 0.000334
v -0.007246 -0.011536 0.000142
v -0.007086 -0.011547 0.000138
v -0.006202 -0.013082 0.000950
v -0.006750 -0.013112 0.001014
v -0.006376 -0.012913 0.000835
v -0.006811 -0.012973 0.000885
v -0.006853 -0.012850 0.000774
v -0.006642 -0.013457 0.001226
v -0.006661 -0.013313 0.001152
v -0.005915 -0.013518 0.001085
v -0.005434 -0.014472 0.001248
v -0.004518 -0.012941 0.000449
v -0.004839 -0.013428 0.000686
v -0.005121 -0.012794 0.000613
v -0.003315 -0.011807 0.000100
v -0.003273 -0.012261 0.000102
v -0.003871 -0.011760 0.000136
v -0.003499 -0.011336 0.000100
v -0.004365 -0.011079 0.000100
v -0.003714 -0.010783 0.000100
v -0.004393 -0.011872 0.000225
v -0.004501 -0.011683 0.000189
v -0.004583 -0.011437 0.000132
v -0.005050 -0.011312 0.000101
v -0.005648 -0.011871 0.000217
v -0.005773 -0.011475 0.000110
v -0.004720 -0.012427 0.000408
v -0.004158 -0.012505 0.000262
v -0.005295 -0.012505 0.000545
v -0.004305 -0.012076 0.000244
v -0.005523 -0.012273 0.000413
v -0.005575 -0.012069 0.000281
v -0.005404 -0.012389 0.000485
v -0.008598 -0.011277 0.000194
v -0.008509 -0.011097 0.000192
v -0.007816 -0.011464 0.000159
v -0.008076 -0.011210 0.000170
v -0.007285 -0.011333 0.000144
v -0.007230 -0.011338 0.000142
v -0.004440 -0.010893 0.000100
v -0.005378 -0.011192 0.000105
v -0.007085 -0.011347 0.000138
v -0.006233 -0.011332 0.000118
v -0.005760 -0.011269 0.000110
v -0.003806 -0.010605 0.000100
v -0.004173 -0.010780 0.000100
v 0.006527 -0.010469 0.000100
v 0.005627 -0.012167 0.000100
v 0.000518 -0.006798 0.000100
v 0.004454 -0.013581 0.000100
v -0.001322 -0.008789 0.000100
v -0.002970 -0.010114 0.000100
v 0.002239 -0.015122 0.000100
v 0.003005 -0.014711 0.000100
v 0.002644 -0.003838 0.000100
v 0.007029 -0.004616 0.000100
v 0.007214 -0.006690 0.000100
v 0.007055 -0.008616 0.000100
v 0.002861 -0.003498 0.000556
v 0.002958 -0.003345 0.000586
v 0.003555 -0.002410 -0.000278
v 0.003261 -0.002871 -0.000401
v 0.002644 -0.003838 -0.000614
v -0.006282 -0.011336 -0.000991
v -0.006878 -0.011355 -0.000951
v -0.006907 -0.010405 -0.001590
v -0.022569 -0.004428 0.006884
v -0.022585 -0.004442 0.008000
v 0.003493 -0.000521 -0.000627
v 0.002981 -0.001492 -0.000859
v 0.000024 -0.005891 -0.001560
v 0.001554 -0.003769 -0.001318
v 0.002279 -0.002631 -0.001122
v -0.003616 -0.009397 -0.001711
v -0.004670 -0.009957 -0.001694
v -0.005776 -0.010304 -0.001653
v -0.011072 -0.008506 -0.001207
v -0.010131 -0.009260 -0.001309
v -0.009113 -0.009854 -0.001411
v -0.011930 -0.007630 -0.001109
v -0.012784 -0.006638 -0.001011
v -0.013736 -0.005597 -0.000900
v -0.014280 -0.005092 -0.000832
v -0.014887 -0.004619 -0.000750
v -0.015565 -0.004202 -0.000648
v -0.017085 -0.003643 -0.000358
v -0.016304 -0.003871 -0.000520
v -0.021992 -0.004208 0.003368
v -0.021693 -0.004103 0.002665
v -0.021288 -0.003971 0.001992
v -0.020764 -0.003821 0.001379
v -0.020135 -0.003674 0.000859
v -0.019429 -0.003559 0.000439
v -0.018671 -0.003501 0.000107
v -0.017882 -0.003523 -0.000154
v -0.022461 -0.004385 0.005490
v -0.022206 -0.004287 0.004077
v -0.004280 -0.010827 -0.001086
v -0.004753 -0.011010 -0.001070
v -0.005552 -0.011230 -0.001033
v -0.005760 -0.011269 -0.001022
v 0.000425 -0.006911 -0.000985
v -0.000113 -0.007539 -0.001029
v -0.000808 -0.006885 -0.001633
v -0.001322 -0.008789 -0.001089
v -0.001689 -0.007819 -0.001681
v -0.001424 -0.008885 -0.001092
v -0.002625 -0.008668 -0.001706
v -0.002022 -0.009408 -0.001104
v -0.002929 -0.010087 -0.001109
v -0.003310 -0.010329 -0.001106
v -0.004173 -0.010780 -0.001089
v 0.002063 -0.004720 -0.000751
v 0.000745 -0.006516 -0.000952
v 0.000518 -0.006797 -0.000976
v -0.017115 -0.004589 0.000414
v -0.017650 -0.004483 0.000574
v -0.017745 -0.004470 0.000605
v -0.018369 -0.004426 0.000843
v -0.018973 -0.004444 0.001142
v -0.019241 -0.004469 0.001304
v -0.019524 -0.004506 0.001503
v -0.020014 -0.004594 0.001933
v -0.020440 -0.004693 0.002452
v -0.020732 -0.004771 0.002938
v -0.021126 -0.004891 0.003919
v -0.021225 -0.004923 0.004273
v -0.021465 -0.005005 0.005604
v -0.021568 -0.005041 0.006917
v -0.021589 -0.005049 0.008000
v -0.014556 -0.006096 -0.000081
v -0.015104 -0.005615 -0.000001
v -0.015346 -0.005432 0.000038
v -0.015650 -0.005226 0.000089
v -0.016303 -0.004874 0.000217
v -0.011782 -0.009121 -0.000435
v -0.009219 -0.010840 -0.000739
v -0.009450 -0.010737 -0.000714
v -0.010327 -0.010256 -0.000616
v -0.010668 -0.010029 -0.000575
v -0.011645 -0.009248 -0.000453
v -0.012274 -0.008633 -0.000371
v -0.013221 -0.007557 -0.000251
v -0.013765 -0.006925 -0.000184
v -0.014344 -0.006304 -0.000109
v -0.016856 -0.004663 0.000346
v -0.007286 -0.011333 -0.000919
v -0.007757 -0.011273 -0.000880
v -0.008030 -0.010248 -0.001507
v -0.008197 -0.011182 -0.000840
v -0.008775 -0.011011 -0.000785
v -0.014556 -0.006096 0.016081
v -0.014344 -0.006304 0.016109
v -0.013736 -0.005596 0.016900
v -0.012783 -0.006637 0.017012
v 0.001553 -0.003768 0.017318
v 0.000023 -0.005890 0.017561
v 0.000745 -0.006516 0.016952
v -0.004753 -0.011010 0.017070
v -0.004280 -0.010827 0.017086
v -0.004670 -0.009956 0.017694
v 0.003284 0.002380 0.016226
v 0.003122 0.001497 0.016574
v 0.002846 0.000658 0.016865
v 0.002485 -0.000127 0.017102
v 0.003492 -0.000521 0.016627
v -0.022570 -0.004427 0.009116
v -0.022462 -0.004384 0.010510
v -0.022207 -0.004286 0.011923
v -0.017882 -0.003522 0.016154
v -0.018671 -0.003500 0.015893
v -0.019429 -0.003558 0.015562
v -0.020136 -0.003673 0.015141
v -0.020765 -0.003820 0.014622
v -0.021289 -0.003970 0.014008
v -0.021694 -0.004102 0.013335
v -0.021993 -0.004207 0.012633
v -0.014886 -0.004618 0.016750
v -0.015564 -0.004201 0.016649
v -0.016304 -0.003870 0.016521
v -0.017085 -0.003642 0.016359
v -0.014279 -0.005091 0.016832
v -0.008030 -0.010247 0.017508
v -0.009112 -0.009853 0.017412
v -0.005776 -0.010303 0.017654
v -0.006907 -0.010403 0.017590
v -0.001690 -0.007818 0.017682
v -0.003671 -0.008162 0.018096
v -0.002626 -0.008667 0.017707
v -0.004181 -0.008517 0.018097
v -0.003617 -0.009396 0.017711
v 0.002278 -0.002631 0.017122
v 0.000118 -0.004014 0.017831
v -0.000779 -0.005219 0.017951
v -0.000915 -0.005389 0.017965
v -0.000809 -0.006884 0.017634
v -0.001879 -0.006512 0.018041
v -0.002809 -0.007441 0.018081
v 0.002412 -0.000268 0.017141
v 0.002026 -0.000986 0.017321
v 0.002980 -0.001491 0.016859
v 0.001639 -0.001642 0.017463
v 0.001051 -0.002612 0.017637
v 0.002938 0.000899 0.016785
v -0.007757 -0.011273 0.016880
v -0.007286 -0.011333 0.016919
v -0.005552 -0.011230 0.017033
v -0.006878 -0.011355 0.016951
v -0.006282 -0.011336 0.016991
v -0.005760 -0.011269 0.017022
v -0.001322 -0.008789 0.017089
v -0.004173 -0.010780 0.017089
v -0.003310 -0.010329 0.017106
v -0.002929 -0.010087 0.017109
v -0.002022 -0.009408 0.017104
v -0.001424 -0.008885 0.017092
v 0.002063 -0.004720 0.016751
v -0.000113 -0.007539 0.017029
v 0.000425 -0.006911 0.016985
v 0.000518 -0.006797 0.016976
v -0.017650 -0.004483 0.015426
v -0.018973 -0.004444 0.014858
v -0.018369 -0.004426 0.015157
v -0.017745 -0.004470 0.015395
v -0.021568 -0.005041 0.009083
v -0.021465 -0.005005 0.010396
v -0.021225 -0.004923 0.011727
v -0.021126 -0.004891 0.012081
v -0.020732 -0.004771 0.013062
v -0.020440 -0.004693 0.013548
v -0.020014 -0.004594 0.014067
v -0.019524 -0.004506 0.014497
v -0.019241 -0.004469 0.014696
v -0.015104 -0.005615 0.016001
v -0.011929 -0.007629 0.017109
v -0.011071 -0.008505 0.017208
v -0.010130 -0.009259 0.017310
v -0.010327 -0.010256 0.016616
v -0.009450 -0.010737 0.016714
v -0.011782 -0.009121 0.016435
v -0.011645 -0.009248 0.016453
v -0.010668 -0.010029 0.016575
v -0.013765 -0.006925 0.016184
v -0.013221 -0.007557 0.016251
v -0.012274 -0.008633 0.016371
v -0.017115 -0.004589 0.015586
v -0.016856 -0.004663 0.015654
v -0.016303 -0.004874 0.015783
v -0.015650 -0.005226 0.015911
v -0.015346 -0.005432 0.015962
v -0.009219 -0.010840 0.016739
v -0.008775 -0.011011 0.016785
v -0.008197 -0.011182 0.016840
v -0.021124 -0.004890 0.008000
v -0.009323 -0.010795 0.000261
v -0.008775 -0.011011 0.000211
v -0.009407 -0.010977 0.000255
v -0.009133 -0.011092 0.000233
v -0.008568 -0.011386 0.000235
v -0.009295 -0.011176 0.000348
v -0.009087 -0.011207 0.000289
v -0.009063 -0.011265 0.000317
v -0.009321 -0.011115 0.000316
v -0.008485 -0.013678 0.001690
v -0.008665 -0.013222 0.001518
v -0.008117 -0.013430 0.001510
v -0.008037 -0.012468 0.000650
v -0.007843 -0.012966 0.001043
v -0.008366 -0.012907 0.001169
v -0.008719 -0.013086 0.001452
v -0.007846 -0.015293 0.002128
v -0.008110 -0.014625 0.001956
v -0.007630 -0.014657 0.001899
v -0.008157 -0.014508 0.001925
v -0.007869 -0.014034 0.001724
v -0.008469 -0.013719 0.001703
v -0.008483 -0.013684 0.001692
v -0.007468 -0.015896 0.002264
v -0.007594 -0.015931 0.002296
v -0.007726 -0.015597 0.002207
v -0.006364 -0.015746 0.002000
v -0.007306 -0.012973 0.000930
v -0.007118 -0.013453 0.001320
v -0.007474 -0.012503 0.000561
v -0.007658 -0.011971 0.000338
v -0.007618 -0.013450 0.001419
v -0.007390 -0.014030 0.001639
v -0.007171 -0.014628 0.001813
v -0.006724 -0.015769 0.002089
v -0.008956 -0.014905 0.002169
v -0.010165 -0.017521 0.007031
v -0.010182 -0.017538 0.008000
v -0.011166 -0.016801 0.006000
v -0.015140 -0.013950 0.008000
v -0.016257 -0.012819 0.008000
v -0.016184 -0.012752 0.005964
v -0.016828 -0.012150 0.008000
v -0.017600 -0.011109 0.008000
v -0.017520 -0.011050 0.005950
v -0.018310 -0.009970 0.008000
v -0.018714 -0.009229 0.008000
v -0.018627 -0.009178 0.005944
v -0.019465 -0.007648 0.008000
v -0.019635 -0.007248 0.008000
v -0.019543 -0.007206 0.005938
v -0.019382 -0.007136 0.004867
v -0.009955 -0.017311 0.004778
v -0.010098 -0.017452 0.005822
v -0.010114 -0.017468 0.006004
v -0.011079 -0.016654 0.004961
v -0.010895 -0.016384 0.003961
v -0.009793 -0.017162 0.004129
v -0.010729 -0.016182 0.003504
v -0.009561 -0.016967 0.003581
v -0.010488 -0.015938 0.003106
v -0.009266 -0.016745 0.003165
v -0.009085 -0.016621 0.002991
v -0.010175 -0.015665 0.002786
v -0.008884 -0.016496 0.002838
v -0.009808 -0.015388 0.002533
v -0.008307 -0.016193 0.002531
v -0.007807 -0.015997 0.002355
v -0.008550 -0.013674 0.001696
v -0.009587 -0.013692 0.001863
v -0.009048 -0.012974 0.001479
v -0.010487 -0.011947 0.001355
v -0.010075 -0.012740 0.001604
v -0.009932 -0.011835 0.001047
v -0.010293 -0.011350 0.000900
v -0.010619 -0.010877 0.000754
v -0.013110 -0.015598 0.008000
v -0.012956 -0.015589 0.005991
v -0.012853 -0.015451 0.004947
v -0.012644 -0.015202 0.003942
v -0.012459 -0.015019 0.003481
v -0.012200 -0.014799 0.003075
v -0.011868 -0.014558 0.002745
v -0.011479 -0.014316 0.002485
v -0.010585 -0.013911 0.002109
v -0.014711 -0.014333 0.008000
v -0.014646 -0.014259 0.005979
v -0.014529 -0.014132 0.004930
v -0.016053 -0.012637 0.004907
v -0.014295 -0.013905 0.003918
v -0.015799 -0.012434 0.003886
v -0.014095 -0.013740 0.003452
v -0.015587 -0.012290 0.003414
v -0.013821 -0.013546 0.003037
v -0.015302 -0.012120 0.002989
v -0.013473 -0.013335 0.002696
v -0.014944 -0.011940 0.002634
v -0.013065 -0.013128 0.002426
v -0.014524 -0.011766 0.002350
v -0.012138 -0.012798 0.002034
v -0.013572 -0.011508 0.001937
v -0.011118 -0.012664 0.001777
v -0.012539 -0.011453 0.001667
v -0.011497 -0.011617 0.001485
v -0.014732 -0.007399 0.001281
v -0.015698 -0.006951 0.001478
v -0.013848 -0.008012 0.001142
v -0.012887 -0.009428 0.001188
v -0.013035 -0.008720 0.001035
v -0.012253 -0.009466 0.000942
v -0.011460 -0.010200 0.000851
v -0.019080 -0.007019 0.003832
v -0.018145 -0.006786 0.002532
v -0.018529 -0.006860 0.002908
v -0.018840 -0.006942 0.003349
v -0.016717 -0.006732 0.001774
v -0.017702 -0.006731 0.002224
v -0.017377 -0.010948 0.004886
v -0.018475 -0.009092 0.004876
v -0.017105 -0.010772 0.003858
v -0.018186 -0.008945 0.003844
v -0.016883 -0.010649 0.003380
v -0.017955 -0.008845 0.003363
v -0.016590 -0.010507 0.002946
v -0.017651 -0.008733 0.002925
v -0.016223 -0.010359 0.002579
v -0.017275 -0.008621 0.002553
v -0.015795 -0.010221 0.002283
v -0.016837 -0.008524 0.002251
v -0.014827 -0.010039 0.001851
v -0.015857 -0.008433 0.001809
v -0.013789 -0.010066 0.001567
v -0.014825 -0.008556 0.001519
v -0.012760 -0.010320 0.001377
v -0.013823 -0.008908 0.001325
v -0.011780 -0.010745 0.001243
v -0.011157 -0.010706 0.000991
v -0.018145 -0.006786 0.013468
v -0.017702 -0.006731 0.013776
v -0.013848 -0.008012 0.014858
v -0.009048 -0.012974 0.014521
v -0.018627 -0.009178 0.010056
v -0.017520 -0.011050 0.010050
v -0.016184 -0.012752 0.010036
v -0.014646 -0.014259 0.010021
v -0.011166 -0.016801 0.010000
v -0.010162 -0.017518 0.009079
v -0.010619 -0.010877 0.015246
v -0.010293 -0.011350 0.015100
v -0.009932 -0.011835 0.014953
v -0.010487 -0.011947 0.014645
v -0.010075 -0.012740 0.014396
v -0.010585 -0.013911 0.013891
v -0.009587 -0.013692 0.014137
v -0.008550 -0.013674 0.014304
v -0.008956 -0.014905 0.013831
v -0.007807 -0.015996 0.013645
v -0.008270 -0.016176 0.013485
v -0.009808 -0.015388 0.013467
v -0.010175 -0.015665 0.013214
v -0.009249 -0.016733 0.012852
v -0.009085 -0.016621 0.013009
v -0.008849 -0.016475 0.013185
v -0.011079 -0.016654 0.011039
v -0.009778 -0.017149 0.011915
v -0.010895 -0.016384 0.012039
v -0.009555 -0.016962 0.012430
v -0.010729 -0.016182 0.012496
v -0.010488 -0.015938 0.012894
v -0.010114 -0.017468 0.009996
v -0.010093 -0.017447 0.010230
v -0.009966 -0.017322 0.011167
v -0.012956 -0.015589 0.010009
v -0.012853 -0.015451 0.011053
v -0.012644 -0.015202 0.012058
v -0.012459 -0.015019 0.012519
v -0.012200 -0.014799 0.012925
v -0.011868 -0.014558 0.013255
v -0.011479 -0.014316 0.013515
v -0.016053 -0.012637 0.011093
v -0.014529 -0.014132 0.011070
v -0.015799 -0.012434 0.012114
v -0.014295 -0.013905 0.012082
v -0.015587 -0.012290 0.012586
v -0.014095 -0.013740 0.012548
v -0.015302 -0.012120 0.013011
v -0.013821 -0.013546 0.012963
v -0.014944 -0.011940 0.013366
v -0.013473 -0.013335 0.013304
v -0.014524 -0.011766 0.013650
v -0.013065 -0.013128 0.013574
v -0.013572 -0.011508 0.014063
v -0.012138 -0.012798 0.013966
v -0.012539 -0.011453 0.014333
v -0.011118 -0.012664 0.014223
v -0.011497 -0.011617 0.014515
v -0.015698 -0.006951 0.014522
v -0.014732 -0.007399 0.014719
v -0.013035 -0.008720 0.014965
v -0.012887 -0.009428 0.014812
v -0.011157 -0.010706 0.015009
v -0.012253 -0.009466 0.015058
v -0.011460 -0.010200 0.015148
v -0.019543 -0.007206 0.010062
v -0.019382 -0.007136 0.011133
v -0.019080 -0.007019 0.012168
v -0.018840 -0.006942 0.012651
v -0.016717 -0.006732 0.014226
v -0.018529 -0.006860 0.013092
v -0.018475 -0.009092 0.011124
v -0.017377 -0.010948 0.011114
v -0.018186 -0.008945 0.012156
v -0.017105 -0.010772 0.012142
v -0.017955 -0.008845 0.012637
v -0.016883 -0.010649 0.012620
v -0.017651 -0.008733 0.013075
v -0.016590 -0.010507 0.013054
v -0.017275 -0.008621 0.013447
v -0.016223 -0.010359 0.013421
v -0.016837 -0.008524 0.013749
v -0.015795 -0.010221 0.013717
v -0.015857 -0.008433 0.014191
v -0.014827 -0.010039 0.014149
v -0.014825 -0.008556 0.014481
v -0.013789 -0.010066 0.014433
v -0.013823 -0.008908 0.014675
v -0.012760 -0.010320 0.014623
v -0.011780 -0.010745 0.014757
v -0.005781 -0.015747 0.002121
v -0.004885 -0.015814 0.001729
v -0.003603 -0.015958 0.001198
v 0.000523 -0.015725 0.000502
v -0.000731 -0.015954 0.000588
v -0.002189 -0.016039 0.000823
v -0.001439 -0.016018 0.000685
v -0.004663 -0.015514 0.002114
v -0.004665 -0.015301 0.002067
v -0.004710 -0.015297 0.002090
v -0.005372 -0.015240 0.002383
v -0.005357 -0.015453 0.002425
v -0.005366 -0.015557 0.002419
v -0.005374 -0.015603 0.002404
v -0.005385 -0.015644 0.002383
v -0.005415 -0.015706 0.002316
v -0.005452 -0.015744 0.002226
v -0.004788 -0.015804 0.001923
v -0.004740 -0.015768 0.002011
v -0.004702 -0.015706 0.002075
v -0.004688 -0.015666 0.002096
v -0.004676 -0.015619 0.002109
v -0.000712 -0.015935 0.000772
v 0.000002 -0.015410 0.000919
v -0.000530 -0.015480 0.000960
v -0.000717 -0.015684 0.000990
v -0.001544 -0.015540 0.001094
v -0.002105 -0.015534 0.001200
v -0.002098 -0.015736 0.001235
v -0.002617 -0.015506 0.001317
v -0.003751 -0.015394 0.001665
v -0.003434 -0.015646 0.001608
v -0.003467 -0.015842 0.001570
v -0.003496 -0.015905 0.001502
v -0.003531 -0.015944 0.001409
v -0.003446 -0.015753 0.001605
v 0.000424 -0.015331 0.000902
v -0.002101 -0.015837 0.001224
v -0.002110 -0.015921 0.001184
v -0.002125 -0.015982 0.001116
v -0.002145 -0.016020 0.001025
v -0.000709 -0.015774 0.000969
v -0.000705 -0.015848 0.000925
v -0.000706 -0.015902 0.000858
v -0.001532 -0.015180 0.001021
v -0.000935 -0.015153 0.000955
v -0.001684 -0.014180 0.000919
v -0.003949 -0.014553 0.001462
v -0.003410 -0.014788 0.001331
v -0.003415 -0.013773 0.001078
v -0.003125 -0.012236 0.000900
v -0.003156 -0.012211 0.000900
v -0.003202 -0.012229 0.000900
v -0.002545 -0.014091 0.000978
v -0.002669 -0.013189 0.000912
v -0.002917 -0.013131 0.000922
v -0.002802 -0.012703 0.000902
v -0.003062 -0.012662 0.000908
v -0.002243 -0.013160 0.000901
v -0.002109 -0.013066 0.000900
v -0.002633 -0.012639 0.000900
v -0.001325 -0.014097 0.000905
v -0.001060 -0.013919 0.000900
v -0.000808 -0.014125 0.000900
v -0.003622 -0.012593 0.000960
v -0.003698 -0.012702 0.000987
v -0.003387 -0.012916 0.000948
v -0.003973 -0.013234 0.001149
v -0.004044 -0.013409 0.001211
v -0.004287 -0.014121 0.001497
v -0.003444 -0.012390 0.000920
v -0.003313 -0.012541 0.000916
v -0.003356 -0.012317 0.000909
v -0.003284 -0.012270 0.000903
v -0.002803 -0.014982 0.001211
v -0.002165 -0.015118 0.001107
v -0.002100 -0.014172 0.000944
v -0.002438 -0.013201 0.000905
v -0.002700 -0.012684 0.000901
v -0.002710 -0.012577 0.000900
v -0.002936 -0.012393 0.000900
v -0.004299 -0.014073 0.001491
v -0.004065 -0.013415 0.001222
v -0.003986 -0.013220 0.001153
v -0.003690 -0.012647 0.000980
v -0.003539 -0.012454 0.000936
v -0.003404 -0.012330 0.000913
v -0.003163 -0.012193 0.000900
v -0.006174 -0.014944 0.002557
v -0.005796 -0.014569 0.002313
v -0.005384 -0.014072 0.001999
v -0.005255 -0.013903 0.001894
v -0.004364 -0.012708 0.001215
v -0.004268 -0.012592 0.001159
v -0.003651 -0.011978 0.000928
v -0.003680 -0.012001 0.000933
v -0.004026 -0.012322 0.001040
v -0.003245 -0.011986 0.000900
v -0.003326 -0.011778 0.000900
v -0.008330 -0.012450 0.001885
v -0.007945 -0.012702 0.001947
v -0.008004 -0.012585 0.001891
v -0.006753 -0.013104 0.001980
v -0.006333 -0.014443 0.002429
v -0.006539 -0.013794 0.002241
v -0.007602 -0.013639 0.002335
v -0.007244 -0.014615 0.002608
v -0.008001 -0.014904 0.002873
v -0.008757 -0.013005 0.002334
v -0.008592 -0.013418 0.002470
v -0.008576 -0.013457 0.002482
v -0.008540 -0.013546 0.002508
v -0.008296 -0.014158 0.002678
v -0.008872 -0.012709 0.002221
v -0.008941 -0.012531 0.002144
v -0.009097 -0.012132 0.001945
v -0.011345 -0.014082 0.003254
v -0.009328 -0.012650 0.002295
v -0.008762 -0.013421 0.002497
v -0.009484 -0.013478 0.002628
v -0.010174 -0.013614 0.002789
v -0.010803 -0.013825 0.002993
v -0.012709 -0.013059 0.003199
v -0.014159 -0.012034 0.003280
v -0.010802 -0.012590 0.002551
v -0.012721 -0.011645 0.002635
v -0.011504 -0.012676 0.002718
v -0.013029 -0.011692 0.002729
v -0.012150 -0.012842 0.002930
v -0.013664 -0.011852 0.002983
v -0.013943 -0.011950 0.003135
v -0.011276 -0.011656 0.002319
v -0.011579 -0.011625 0.002374
v -0.011696 -0.011617 0.002396
v -0.010070 -0.012587 0.002415
v -0.010121 -0.011869 0.002129
v -0.013665 -0.008247 0.001995
v -0.014133 -0.008688 0.002202
v -0.013144 -0.009050 0.002022
v -0.014136 -0.008691 0.002203
v -0.014590 -0.009119 0.002412
v -0.014524 -0.009567 0.002497
v -0.013434 -0.009700 0.002237
v -0.010112 -0.011076 0.001680
v -0.010216 -0.011022 0.001698
v -0.010112 -0.011107 0.001700
v -0.011114 -0.010205 0.001696
v -0.010109 -0.010834 0.001518
v -0.010106 -0.010622 0.001360
v -0.010116 -0.011400 0.001881
v -0.011422 -0.010960 0.002099
v -0.010116 -0.011412 0.001888
v -0.012547 -0.010704 0.002292
v -0.013651 -0.010651 0.002549
v -0.014634 -0.010807 0.002921
v -0.015041 -0.010929 0.003161
v -0.015641 -0.010111 0.003117
v -0.015230 -0.009723 0.002781
v -0.011797 -0.009380 0.001648
v -0.010972 -0.010056 0.001537
v -0.012339 -0.010047 0.002049
v -0.009302 -0.011464 0.001583
v -0.009397 -0.010764 0.001217
v -0.007701 -0.010957 0.001013
v -0.007767 -0.011090 0.001015
v -0.008630 -0.010917 0.001089
v -0.007496 -0.011145 0.001002
v -0.007667 -0.011235 0.001084
v -0.007358 -0.011313 0.001033
v -0.007309 -0.011466 0.001068
v -0.007570 -0.011381 0.001153
v -0.008443 -0.011712 0.001476
v -0.007132 -0.012157 0.001524
v -0.007322 -0.011793 0.001350
v -0.006775 -0.013035 0.001946
v -0.006798 -0.012966 0.001913
v -0.006909 -0.012665 0.001768
v -0.007099 -0.012224 0.001556
v -0.006489 -0.012987 0.001867
v -0.004147 -0.012046 0.001033
v -0.004938 -0.012714 0.001405
v -0.005745 -0.013461 0.001903
v -0.003412 -0.011557 0.000900
v -0.003371 -0.011663 0.000900
v 0.000958 -0.002812 0.000554
v 0.001665 -0.003118 0.000855
v 0.002050 -0.003258 0.000869
v 0.002152 -0.003297 0.000879
v 0.002196 -0.003314 0.000887
v -0.000545 -0.006935 0.000653
v -0.001340 -0.007811 0.000630
v 0.001906 -0.003680 0.000848
v 0.001572 -0.004143 0.000806
v 0.000899 -0.005087 0.000738
v -0.002203 -0.008638 0.000616
v -0.003144 -0.009384 0.000612
v -0.003796 -0.009223 0.000349
v -0.003327 -0.009123 0.000375
v -0.002408 -0.008396 0.000384
v -0.002742 -0.008447 0.000354
v -0.003263 -0.008857 0.000348
v -0.001555 -0.007587 0.000413
v -0.002080 -0.007863 0.000371
v -0.002406 -0.008161 0.000361
v 0.001297 -0.004017 0.000725
v 0.000328 -0.005192 0.000567
v 0.000714 -0.004921 0.000622
v -0.000274 -0.005919 0.000495
v -0.000761 -0.006728 0.000461
v -0.001250 -0.007023 0.000412
v -0.001473 -0.007258 0.000398
v -0.000642 -0.006840 0.000534
v -0.001435 -0.007710 0.000495
v -0.002293 -0.008531 0.000473
v -0.003225 -0.009268 0.000465
v 0.000812 -0.005007 0.000665
v 0.001505 -0.004077 0.000766
v 0.001857 -0.003626 0.000826
v 0.002040 -0.003412 0.000859
v 0.001859 -0.003418 0.000833
v 0.000706 -0.004566 0.000636
v 0.000278 -0.005155 0.000567
v -0.000218 -0.005798 0.000504
v -0.001257 -0.007017 0.000412
v -0.001381 -0.007149 0.000404
v -0.002292 -0.008053 0.000364
v -0.013933 -0.003844 0.000867
v -0.014128 -0.003704 0.000891
v -0.013387 -0.005476 0.001207
v -0.009814 -0.009007 0.000779
v -0.008767 -0.009644 0.000671
v -0.010789 -0.008191 0.000886
v -0.011691 -0.007230 0.000978
v -0.012580 -0.006180 0.001061
v -0.013033 -0.004585 0.000762
v -0.003846 -0.008358 0.000091
v -0.003009 -0.007700 0.000104
v -0.002117 -0.006853 0.000138
v -0.001684 -0.006390 0.000165
v -0.001126 -0.005743 0.000210
v -0.000085 -0.004387 0.000339
v 0.000831 -0.003017 0.000521
v -0.014211 -0.004679 0.001293
v -0.015027 -0.004181 0.001454
v -0.015030 -0.003148 0.001010
v -0.015122 -0.003270 0.001089
v -0.015225 -0.003551 0.001244
v -0.015191 -0.003856 0.001368
v -0.016182 -0.003886 0.001575
v -0.016377 -0.003180 0.001254
v -0.017642 -0.003222 0.001591
v -0.018414 -0.003221 0.001879
v -0.019072 -0.003217 0.002210
v -0.019643 -0.003256 0.002625
v -0.020054 -0.003322 0.003084
v -0.020693 -0.003675 0.005417
v -0.021001 -0.003551 0.006472
v -0.020847 -0.003722 0.007217
v -0.021051 -0.003563 0.008000
v -0.020622 -0.003451 0.004258
v -0.020859 -0.003509 0.005255
v -0.020883 -0.003515 0.005398
v -0.020141 -0.003545 0.003567
v -0.020338 -0.003384 0.003553
v -0.020547 -0.003638 0.004684
v -0.020359 -0.003595 0.004065
v -0.020847 -0.003722 0.008783
v -0.020693 -0.003675 0.010583
v -0.020547 -0.003638 0.011316
v -0.020359 -0.003595 0.011935
v -0.020141 -0.003545 0.012433
v -0.020298 -0.003374 0.012525
v -0.020591 -0.003443 0.011838
v -0.020834 -0.003502 0.010884
v -0.020984 -0.003545 0.009741
v -0.021832 -0.001711 0.009165
v -0.021758 -0.001664 0.010180
v -0.021636 -0.001586 0.011043
v -0.021472 -0.001480 0.011756
v -0.021275 -0.001347 0.012330
v -0.021048 -0.001189 0.012791
v -0.020785 -0.001002 0.013173
v -0.020459 -0.000771 0.013509
v -0.020037 -0.000479 0.013823
v -0.019491 -0.000112 0.014113
v -0.018799 0.000339 0.014372
v -0.017955 0.000880 0.014590
v -0.015840 -0.003006 0.014860
v -0.014794 -0.002309 0.015031
v -0.013588 -0.001513 0.015149
v -0.017900 0.006013 0.014601
v -0.021383 0.003863 0.013851
v -0.022211 0.007638 0.013901
v -0.020740 0.004273 0.014102
v -0.021589 0.008107 0.014078
v -0.019948 0.004767 0.014315
v -0.020873 0.008768 0.014219
v -0.021886 0.003531 0.013574
v -0.023284 0.006975 0.013412
v -0.022846 0.007227 0.013650
v -0.023619 0.006797 0.013172
v -0.023514 0.006851 0.013254
v -0.023448 0.006887 0.013303
v -0.022271 0.003267 0.013276
v -0.022569 0.003058 0.012958
v -0.024026 0.006595 0.012765
v -0.022810 0.002887 0.012595
v -0.024319 0.006459 0.012311
v -0.023021 0.002743 0.012152
v -0.023204 0.002621 0.011599
v -0.024597 0.006335 0.011635
v -0.023356 0.002524 0.010912
v -0.024795 0.006250 0.010818
v -0.023470 0.002454 0.010084
v -0.024938 0.006190 0.009694
v -0.024998 0.006164 0.008000
v -0.023538 0.002411 0.009113
v -0.023137 0.001339 0.008000
v -0.015794 0.002238 0.014877
v -0.019002 0.005346 0.014483
v -0.016954 0.001513 0.014759
v -0.020374 0.009355 0.014284
v -0.003175 0.006933 0.013619
v -0.008060 0.011270 0.013235
v -0.007658 0.011409 0.012911
v 0.002211 0.003215 0.013631
v -0.007821 -0.003407 0.015525
v -0.009291 0.014018 0.009618
v -0.010676 0.015235 0.008000
v -0.009431 0.013963 0.011015
v -0.009559 0.013913 0.011577
v -0.009728 0.013853 0.012047
v -0.009939 0.013788 0.012431
v -0.010203 0.013710 0.012759
v -0.010537 0.013604 0.013061
v -0.012283 0.012827 0.013920
v -0.011547 0.013189 0.013647
v -0.010973 0.013441 0.013355
v -0.013201 0.012340 0.014154
v -0.014313 0.011722 0.014334
v -0.015628 0.010968 0.014449
v -0.013815 0.008209 0.014664
v -0.010144 0.002839 0.015088
v -0.007611 -0.002859 0.015501
v -0.007279 -0.002374 0.015480
v -0.004410 -0.001114 0.015404
v -0.005203 -0.001529 0.015444
v -0.006462 0.001379 0.015195
v -0.005367 -0.001522 0.015443
v -0.006839 -0.001979 0.015464
v -0.008243 0.000203 0.015296
v -0.006329 -0.001701 0.015451
v -0.005806 -0.001555 0.015444
v -0.002970 -0.004617 0.015693
v -0.002898 -0.004053 0.015650
v -0.002920 -0.003687 0.015620
v -0.003054 -0.003151 0.015575
v -0.003307 -0.002651 0.015533
v -0.003460 -0.002442 0.015516
v -0.003664 -0.002220 0.015497
v -0.004126 -0.001869 0.015470
v -0.004311 -0.001770 0.015462
v -0.004656 -0.001634 0.015452
v -0.005593 -0.006514 0.015757
v -0.006175 -0.006398 0.015732
v -0.005430 -0.006521 0.015763
v -0.005004 -0.006490 0.015774
v -0.004437 -0.006330 0.015781
v -0.003924 -0.006041 0.015776
v -0.003168 -0.005151 0.015730
v -0.003496 -0.005644 0.015759
v 0.001587 0.002867 0.014022
v -0.007343 0.011508 0.012570
v -0.007094 0.011587 0.012179
v -0.006893 0.011659 0.011706
v -0.002032 0.007855 0.011924
v -0.006738 0.011721 0.011138
v -0.001745 0.007885 0.011289
v -0.006629 0.011768 0.010468
v -0.001524 0.007908 0.010471
v -0.006560 0.011798 0.009701
v -0.001385 0.007922 0.009441
v -0.009262 0.014027 0.008000
v -0.006549 0.011839 0.008000
v -0.007000 0.004792 0.014811
v -0.002784 0.000013 0.015240
v -0.004707 0.006139 0.014292
v -0.005752 0.005539 0.014578
v 0.000793 0.002389 0.014392
v -0.003853 0.006600 0.013967
v -0.008461 0.003894 0.014983
v -0.008581 0.011060 0.013550
v -0.009254 0.010747 0.013857
v -0.010100 0.010315 0.014137
v -0.011136 0.009751 0.014373
v -0.012371 0.009051 0.014552
v -0.001333 0.007927 0.008000
v -0.006428 -0.001744 0.015050
v -0.002898 -0.004053 0.015050
v -0.002974 -0.003411 0.015050
v -0.003460 -0.002442 0.015050
v -0.004311 -0.001770 0.015050
v -0.005367 -0.001522 0.015050
v -0.007295 -0.002394 0.015050
v -0.007806 -0.003350 0.015050
v -0.007898 -0.003990 0.015050
v -0.007336 -0.005601 0.015050
v -0.007822 -0.004632 0.015050
v -0.006485 -0.006273 0.015050
v -0.005430 -0.006521 0.015050
v -0.004368 -0.006300 0.015050
v -0.003500 -0.005649 0.015050
v -0.002990 -0.004693 0.015050
v -0.006898 -0.004003 0.015050
v -0.006706 -0.004755 0.015050
v -0.006164 -0.005311 0.015050
v -0.005417 -0.005521 0.015050
v -0.004664 -0.005330 0.015050
v -0.004108 -0.004788 0.015050
v -0.003898 -0.004040 0.015050
v -0.006687 -0.003255 0.015050
v -0.006132 -0.002713 0.015050
v -0.005379 -0.002522 0.015050
v -0.004632 -0.002732 0.015050
v -0.004090 -0.003288 0.015050
v -0.003944 -0.005963 0.016750
v -0.002990 -0.003733 0.016750
v -0.003898 -0.004040 0.016750
v -0.007806 -0.004310 0.016750
v -0.006352 -0.006251 0.016750
v -0.006164 -0.005311 0.016750
v -0.004444 -0.001792 0.016750
v -0.006851 -0.002081 0.016750
v -0.006132 -0.002713 0.016750
v -0.004108 -0.004788 0.016750
v -0.004664 -0.005330 0.016750
v -0.005417 -0.005521 0.016750
v -0.005379 -0.002522 0.016750
v -0.004632 -0.002732 0.016750
v -0.004090 -0.003288 0.016750
v -0.006706 -0.004755 0.016750
v -0.006898 -0.004003 0.016750
v -0.006687 -0.003255 0.016750
v -0.002990 -0.003733 0.017831
v -0.003463 -0.004837 0.017908
v -0.003944 -0.005963 0.017971
v -0.006352 -0.006251 0.017918
v -0.005140 -0.006106 0.017949
v -0.007806 -0.004310 0.017775
v -0.007073 -0.005288 0.017848
v -0.006851 -0.002081 0.017676
v -0.007324 -0.003185 0.017731
v -0.005637 -0.001935 0.017681
v -0.004444 -0.001792 0.017673
v -0.003707 -0.002776 0.017754
v -0.002919 0.000464 0.017409
v -0.004604 -0.000726 0.017581
v -0.002535 -0.003173 0.017784
v 0.000961 0.003205 0.016448
v -0.000149 0.002421 0.016844
v -0.005733 0.000692 0.017462
v -0.006607 -0.000157 0.017541
v -0.006968 -0.000464 0.017563
v -0.007746 -0.001031 0.017592
v -0.008483 -0.001445 0.017602
v -0.008926 -0.001638 0.017601
v -0.008117 -0.001254 0.017599
v -0.009451 -0.001819 0.017594
v -0.009549 -0.001847 0.017592
v -0.000085 0.009324 0.011793
v 0.000004 0.009477 0.010855
v 0.000024 0.009511 0.010552
v 0.000055 0.009563 0.009906
v 0.000080 0.009604 0.008954
v -0.000131 0.009245 0.012138
v -0.000212 0.009101 0.012643
v -0.000260 0.009015 0.012892
v -0.000351 0.008852 0.013294
v -0.000453 0.008664 0.013676
v 0.000382 0.006391 0.015190
v -0.000701 0.008193 0.014394
v -0.000818 0.007967 0.014665
v -0.000568 0.008447 0.014039
v 0.001905 0.003872 0.015974
v 0.002695 0.004430 0.015422
v -0.003066 0.004108 0.016826
v -0.003581 0.003356 0.017021
v -0.003921 0.002882 0.017124
v -0.004626 0.001963 0.017292
v -0.005570 0.000865 0.017442
v -0.002368 0.005199 0.016463
v -0.002322 0.004584 0.016620
v -0.002257 0.005381 0.016391
v -0.001264 0.005291 0.016219
v -0.001730 0.006276 0.015969
v -0.000366 0.005891 0.015742
v -0.001116 0.007396 0.015215
v -0.001167 0.007300 0.015294
v -0.001554 0.006588 0.015789
v -0.015840 -0.003006 0.001140
v -0.015794 0.002238 0.001123
v -0.023538 0.002411 0.006887
v -0.024938 0.006190 0.006310
v -0.023470 0.002454 0.005916
v -0.023356 0.002524 0.005088
v -0.024804 0.006246 0.005229
v -0.023204 0.002621 0.004401
v -0.024611 0.006329 0.004410
v -0.023021 0.002743 0.003848
v -0.024386 0.006429 0.003824
v -0.021383 0.003863 0.002149
v -0.023249 0.006994 0.002566
v -0.021886 0.003531 0.002426
v -0.023722 0.006745 0.002915
v -0.022271 0.003267 0.002724
v -0.024092 0.006564 0.003322
v -0.022569 0.003058 0.003042
v -0.022810 0.002887 0.003405
v -0.022658 0.007342 0.002266
v -0.020740 0.004273 0.001898
v -0.021903 0.007860 0.002004
v -0.019948 0.004767 0.001685
v -0.019002 0.005346 0.001517
v -0.017900 0.006013 0.001399
v -0.014794 -0.002309 0.000969
v -0.013588 -0.001513 0.000851
v -0.021832 -0.001711 0.006835
v -0.021758 -0.001664 0.005820
v -0.021636 -0.001586 0.004957
v -0.021472 -0.001480 0.004244
v -0.021275 -0.001347 0.003670
v -0.021048 -0.001189 0.003209
v -0.020785 -0.001002 0.002827
v -0.020459 -0.000771 0.002491
v -0.020037 -0.000479 0.002177
v -0.019491 -0.000112 0.001887
v -0.016954 0.001513 0.001241
v -0.017955 0.000880 0.001410
v -0.018799 0.000339 0.001628
v -0.022249 0.007611 0.013055
v -0.022226 0.007627 0.013173
v -0.022180 0.007659 0.013282
v -0.022131 0.007694 0.013354
v -0.022034 0.007764 0.013442
v -0.021845 0.007904 0.013500
v -0.021589 0.008107 0.013500
v -0.022690 0.008771 0.013409
v -0.022744 0.008731 0.013354
v -0.022816 0.008679 0.013233
v -0.022460 0.008946 0.013500
v -0.022532 0.008890 0.013492
v -0.022598 0.008839 0.013469
v -0.020374 0.009355 0.013500
v -0.019642 0.010641 0.013500
v -0.019096 0.012395 0.013500
v -0.018961 0.012996 0.013500
v -0.018884 0.013349 0.013861
v -0.018922 0.013175 0.013684
v -0.018848 0.013517 0.014034
v -0.020020 0.013773 0.014025
v -0.011903 0.018923 0.010724
v -0.011893 0.018920 0.005968
v -0.015286 0.019539 0.003150
v -0.019954 0.014067 0.001570
v -0.019600 0.015334 0.001634
v -0.019548 0.015481 0.001643
v -0.019450 0.015731 0.001660
v -0.019212 0.016260 0.001702
v -0.018889 0.016860 0.001764
v -0.018681 0.017195 0.001807
v -0.018614 0.017296 0.001822
v -0.018171 0.017887 0.001925
v -0.015350 0.019530 0.003150
v -0.015911 0.019404 0.002775
v -0.016494 0.019185 0.002478
v -0.016595 0.019137 0.002434
v -0.017047 0.018884 0.002257
v -0.017617 0.018456 0.002074
v -0.017726 0.018356 0.002043
v -0.015549 0.019031 0.003150
v -0.017507 0.018074 0.002295
v -0.017234 0.018237 0.002406
v -0.016945 0.018372 0.002531
v -0.016402 0.018537 0.002793
v -0.016343 0.018548 0.002824
v -0.015758 0.018596 0.003150
v -0.017950 0.017727 0.002131
v -0.018100 0.017580 0.002080
v -0.018437 0.017189 0.001977
v -0.018734 0.016755 0.001901
v -0.018887 0.016490 0.001868
v -0.019270 0.015649 0.001803
v -0.019356 0.015403 0.001792
v -0.019692 0.013878 0.001771
v -0.019547 0.014693 0.001774
v -0.019008 0.013724 0.001773
v -0.019354 0.013802 0.001771
v -0.011904 0.016295 0.006040
v -0.017062 0.013833 0.001776
v -0.017849 0.014641 0.001831
v -0.017630 0.014829 0.001853
v -0.016837 0.015561 0.001979
v -0.015700 0.015414 0.003150
v -0.015144 0.015956 0.003150
v -0.014392 0.016148 0.003150
v -0.013644 0.015938 0.003150
v -0.013102 0.015382 0.003150
v -0.012910 0.014629 0.003150
v -0.013121 0.013882 0.003150
v -0.011733 0.014967 0.003150
v -0.015177 0.013359 0.003150
v -0.014429 0.013148 0.003150
v -0.013677 0.013340 0.003150
v -0.015910 0.014667 0.003150
v -0.015719 0.013914 0.003150
v -0.014380 0.017073 0.001300
v -0.016495 0.015887 0.001300
v -0.016525 0.013462 0.001300
v -0.014441 0.012223 0.001300
v -0.012326 0.013410 0.001300
v -0.013644 0.015938 0.001300
v -0.012295 0.015834 0.001300
v -0.015910 0.014667 0.001300
v -0.015719 0.013914 0.001300
v -0.015177 0.013359 0.001300
v -0.014429 0.013148 0.001300
v -0.013677 0.013340 0.001300
v -0.013121 0.013882 0.001300
v -0.012910 0.014629 0.001300
v -0.013102 0.015382 0.001300
v -0.014392 0.016148 0.001300
v -0.015144 0.015956 0.001300
v -0.015700 0.015414 0.001300
v -0.026606 0.004224 0.008966
v -0.025953 0.004442 0.012757
v -0.026244 0.004343 0.011839
v -0.026434 0.004280 0.010893
v -0.026513 0.004254 0.010290
v -0.025792 0.004497 0.013132
v -0.025602 0.004563 0.013501
v -0.025543 0.004583 0.013603
v -0.025165 0.004717 0.014159
v -0.025098 0.004741 0.014243
v -0.024569 0.004933 0.014794
v -0.024486 0.004963 0.014867
v -0.023838 0.005207 0.015341
v -0.023065 0.005511 0.015752
v -0.020499 0.006633 0.016489
v -0.019142 0.007317 0.016665
v -0.022761 0.005634 0.015881
v -0.022034 0.005939 0.016135
v -0.021788 0.006045 0.016206
v -0.021636 0.006112 0.016247
v -0.016945 0.008610 0.016775
v -0.018381 0.007736 0.016724
v -0.004707 0.006139 0.001708
v -0.003853 0.006600 0.002033
v -0.008581 0.011060 0.002450
v -0.005752 0.005539 0.001422
v 0.000793 0.002389 0.001608
v -0.011547 0.013189 0.002353
v -0.014313 0.011722 0.001666
v -0.008243 0.000203 0.000704
v 0.002211 0.003215 0.002369
v -0.007658 0.011409 0.003089
v -0.008059 0.011270 0.002765
v -0.003175 0.006933 0.002381
v 0.001587 0.002867 0.001978
v -0.007343 0.011508 0.003430
v -0.007094 0.011587 0.003821
v -0.006893 0.011659 0.004294
v -0.002030 0.007856 0.004080
v -0.006738 0.011721 0.004862
v -0.001741 0.007885 0.004722
v -0.001523 0.007908 0.005534
v -0.004409 -0.001114 0.000596
v -0.006462 0.001379 0.000805
v -0.010144 0.002839 0.000912
v -0.013815 0.008209 0.001336
v -0.015628 0.010968 0.001551
v -0.012283 0.012827 0.002080
v -0.010537 0.013604 0.002939
v -0.010203 0.013710 0.003241
v -0.009431 0.013963 0.004985
v -0.009939 0.013788 0.003569
v -0.009728 0.013853 0.003953
v -0.009559 0.013913 0.004423
v -0.009291 0.014018 0.006382
v -0.006560 0.011798 0.006299
v -0.002784 0.000013 0.000760
v -0.007000 0.004792 0.001189
v -0.006629 0.011768 0.005532
v -0.001384 0.007922 0.006562
v -0.009254 0.010747 0.002143
v -0.010973 0.013441 0.002645
v -0.010100 0.010315 0.001863
v -0.011136 0.009751 0.001627
v -0.013201 0.012340 0.001846
v -0.008461 0.003894 0.001017
v -0.012371 0.009051 0.001448
v -0.024193 -0.003179 0.007959
v -0.024130 -0.003257 0.007959
v -0.024130 -0.003257 0.008091
v -0.023443 -0.003299 0.011046
v -0.023263 -0.003216 0.011987
v -0.023427 -0.003291 0.011181
v -0.022525 -0.002893 0.013717
v -0.022598 -0.002916 0.013763
v -0.022591 -0.002921 0.013645
v -0.022755 -0.002988 0.013439
v -0.023037 -0.003116 0.012728
v -0.023031 -0.003112 0.012766
v -0.022909 -0.003061 0.013029
v -0.022776 -0.003002 0.013333
v -0.023636 -0.003355 0.010375
v -0.023335 -0.003219 0.012098
v -0.023123 -0.003124 0.012800
v -0.023579 -0.003363 0.009674
v -0.023525 -0.003338 0.010362
v -0.023538 -0.003341 0.010363
v -0.023625 -0.003380 0.009226
v -0.023652 -0.003392 0.008089
v -0.023624 -0.003384 0.007959
v -0.024234 -0.003100 0.007959
v -0.024230 -0.003098 0.008522
v -0.024145 -0.003060 0.010141
v -0.024014 -0.003204 0.010408
v -0.023705 -0.003064 0.012175
v -0.023994 -0.002992 0.011300
v -0.024117 -0.003047 0.010412
v -0.023488 -0.002762 0.013182
v -0.023777 -0.002893 0.012300
v -0.023808 -0.002907 0.012183
v -0.023022 -0.002753 0.013958
v -0.023119 -0.002595 0.013975
v -0.023196 -0.002833 0.013615
v -0.023487 -0.002965 0.012902
v -0.023956 -0.003373 0.007959
v -0.023749 -0.003407 0.007959
v -0.023750 -0.003407 0.008089
v -0.023956 -0.003372 0.008090
v -0.022844 -0.002998 0.013484
v -0.022683 -0.002923 0.013812
v -0.023841 -0.003320 0.010395
v -0.023535 -0.003182 0.012145
v -0.023319 -0.003084 0.012862
v -0.023033 -0.002955 0.013564
v -0.022865 -0.002876 0.013901
v -0.019177 -0.001918 0.016461
v -0.019149 -0.001921 0.016379
v -0.017671 -0.001768 0.016870
v -0.020368 -0.002167 0.015853
v -0.020223 -0.002132 0.015929
v -0.020407 -0.002170 0.015929
v -0.019767 -0.002031 0.016143
v -0.019387 -0.001960 0.016294
v -0.021343 -0.002450 0.015192
v -0.021261 -0.002423 0.015261
v -0.021395 -0.002459 0.015260
v -0.020942 -0.002324 0.015501
v -0.020581 -0.002223 0.015732
v -0.022447 -0.002852 0.014029
v -0.022378 -0.002832 0.013980
v -0.022362 -0.002826 0.014004
v -0.021845 -0.002624 0.014700
v -0.022186 -0.002746 0.014417
v -0.022347 -0.002819 0.014029
v -0.021787 -0.002083 0.015586
v -0.021836 -0.002100 0.015545
v -0.021754 -0.002163 0.015578
v -0.022446 -0.002321 0.014943
v -0.022623 -0.002485 0.014673
v -0.022950 -0.002523 0.014261
v -0.022911 -0.002602 0.014257
v -0.021215 -0.001900 0.016002
v -0.020678 -0.001838 0.016289
v -0.020704 -0.001756 0.016299
v -0.020399 -0.001679 0.016450
v -0.019360 -0.001554 0.016844
v -0.019432 -0.001479 0.016835
v -0.018263 -0.001329 0.017167
v -0.017770 -0.001380 0.017266
v -0.017073 -0.001271 0.017409
v -0.016697 -0.001359 0.017462
v -0.015672 -0.001317 0.017616
v -0.015623 -0.001408 0.017615
v -0.013395 -0.001527 0.017845
v -0.013196 -0.001634 0.017854
v -0.013189 -0.001545 0.017860
v -0.011909 -0.001607 0.017944
v -0.011338 -0.001685 0.017968
v -0.011342 -0.001596 0.017973
v -0.010837 -0.001557 0.017994
v -0.009934 -0.001497 0.018017
v -0.009954 -0.001409 0.018020
v -0.009828 -0.001914 0.017611
v -0.011300 -0.002108 0.017563
v -0.013201 -0.002048 0.017450
v -0.016643 -0.001756 0.017063
v -0.015606 -0.001811 0.017213
v -0.022530 -0.002857 0.014082
v -0.022704 -0.002807 0.014179
v -0.022263 -0.002748 0.014476
v -0.022855 -0.002682 0.014242
v -0.022427 -0.002692 0.014585
v -0.022570 -0.002565 0.014656
v -0.021458 -0.002452 0.015333
v -0.020454 -0.002155 0.016012
v -0.019209 -0.001897 0.016548
v -0.017690 -0.001743 0.016961
v -0.016657 -0.001730 0.017155
v -0.015615 -0.001784 0.017306
v -0.013206 -0.002021 0.017545
v -0.011306 -0.002080 0.017659
v -0.009836 -0.001887 0.017708
v -0.021591 -0.002382 0.015467
v -0.020554 -0.002070 0.016162
v -0.019277 -0.001800 0.016709
v -0.017730 -0.001636 0.017127
v -0.016681 -0.001620 0.017323
v -0.015627 -0.001672 0.017476
v -0.013209 -0.001905 0.017718
v -0.011319 -0.001962 0.017834
v -0.009867 -0.001771 0.017885
v -0.021709 -0.002245 0.015556
v -0.020644 -0.001923 0.016263
v -0.019337 -0.001642 0.016816
v -0.017760 -0.001471 0.017238
v -0.016695 -0.001452 0.017435
v -0.015627 -0.001501 0.017588
v -0.013202 -0.001729 0.017829
v -0.011332 -0.001783 0.017945
v -0.009911 -0.001593 0.017995
v -0.022461 -0.002866 0.013839
v -0.022422 -0.002850 0.013907
v -0.009177 0.015852 0.014244
v -0.009382 0.015890 0.014178
v -0.009832 0.015262 0.014983
v -0.009566 0.015845 0.014069
v -0.009996 0.015241 0.014848
v -0.016257 0.009033 0.016949
v -0.009356 0.016220 0.012949
v -0.009385 0.016176 0.013067
v -0.009256 0.016299 0.013149
v -0.013102 0.011611 0.016668
v -0.012394 0.012320 0.016490
v -0.011728 0.013048 0.016245
v -0.011101 0.013792 0.015911
v -0.010516 0.014539 0.015455
v -0.009865 0.015484 0.014330
v -0.010037 0.015245 0.014618
v -0.009458 0.016068 0.013332
v -0.009577 0.015894 0.013690
v -0.009713 0.015699 0.014024
v -0.009194 0.016465 0.012077
v -0.008878 0.016887 0.007959
v -0.009016 0.016742 0.007959
v -0.009029 0.016722 0.009668
v -0.014628 0.010265 0.016877
v -0.008284 0.016812 0.010063
v -0.008262 0.016850 0.007959
v -0.008463 0.016915 0.010063
v -0.008441 0.016951 0.007959
v -0.008689 0.016934 0.010057
v -0.008667 0.016970 0.007959
v -0.008901 0.016850 0.010046
v -0.008337 0.016726 0.011138
v -0.008515 0.016829 0.011137
v -0.008741 0.016849 0.011122
v -0.008952 0.016768 0.011097
v -0.008452 0.016547 0.012216
v -0.008630 0.016651 0.012214
v -0.008853 0.016674 0.012186
v -0.009060 0.016598 0.012139
v -0.009084 0.016635 0.010997
v -0.009057 0.016363 0.013225
v -0.008840 0.016335 0.013271
v -0.009005 0.015751 0.014257
v -0.008807 0.016028 0.013751
v -0.008665 0.016233 0.013277
v -0.010372 0.014538 0.015606
v -0.010975 0.013772 0.016071
v -0.011616 0.013012 0.016409
v -0.012294 0.012271 0.016656
v -0.013012 0.011552 0.016834
v -0.014555 0.010192 0.017044
v -0.016201 0.008955 0.017107
v -0.016184 0.008931 0.017137
v -0.009642 0.015212 0.015067
v -0.010198 0.014475 0.015703
v -0.010815 0.013696 0.016176
v -0.011470 0.012925 0.016518
v -0.012160 0.012174 0.016768
v -0.012888 0.011447 0.016948
v -0.014449 0.010073 0.017158
v -0.016100 0.008812 0.017232
v -0.009475 0.015111 0.015087
v -0.010037 0.014372 0.015730
v -0.010663 0.013589 0.016209
v -0.011325 0.012812 0.016555
v -0.012024 0.012055 0.016808
v -0.012760 0.011322 0.016989
v -0.014335 0.009937 0.017202
v -0.016006 0.008677 0.017271
v -0.016187 0.008836 0.017196
v -0.016054 0.008644 0.017272
v -0.016243 0.008916 0.017116
v -0.016282 0.008972 0.017025
v -0.016317 0.009021 0.016861
v -0.009470 -0.001767 0.017764
v -0.009780 -0.001365 0.018024
v -0.009607 -0.001317 0.018027
v -0.009507 -0.001647 0.017916
v -0.009557 -0.001482 0.018007
v -0.006805 -0.000280 0.017681
v -0.006075 0.000394 0.017623
v -0.002548 0.004975 0.016692
v -0.003596 0.003396 0.017147
v -0.001789 0.006790 0.016222
v -0.002399 0.006092 0.016664
v -0.002255 0.005992 0.016631
v -0.002892 0.005295 0.016984
v -0.002747 0.005192 0.016953
v -0.003950 0.003716 0.017444
v -0.003805 0.003607 0.017416
v -0.005114 0.002181 0.017740
v -0.004974 0.002063 0.017714
v -0.006403 0.000754 0.017921
v -0.006274 0.000622 0.017897
v -0.007110 0.000101 0.017979
v -0.006991 -0.000041 0.017955
v -0.007879 -0.000488 0.018015
v -0.007775 -0.000643 0.017992
v -0.008709 -0.000968 0.018031
v -0.008629 -0.001136 0.018008
v -0.001359 0.007564 0.015705
v -0.001678 0.007334 0.015977
v -0.001930 0.006889 0.016256
v -0.000976 0.008277 0.015060
v -0.001242 0.008128 0.015346
v -0.001496 0.007663 0.015740
v -0.000620 0.009272 0.013848
v -0.000771 0.008998 0.014313
v -0.000648 0.008889 0.014284
v -0.000894 0.008772 0.014633
v -0.001106 0.008380 0.015095
v -0.000311 0.009087 0.013409
v -0.000326 0.009161 0.013439
v -0.000560 0.008743 0.014217
v -0.000383 0.009285 0.013481
v -0.000532 0.008587 0.014124
v -0.000321 0.008931 0.013337
v -0.000839 0.008001 0.014864
v -0.001614 0.006552 0.015979
v -0.001201 0.007309 0.015481
v -0.002067 0.005766 0.016377
v -0.004764 0.001849 0.017442
v -0.007611 -0.000898 0.017718
v -0.008498 -0.001411 0.017733
v -0.000527 0.009436 0.013513
v -0.000877 0.008142 0.014980
v -0.001251 0.007437 0.015614
v -0.001672 0.006668 0.016125
v -0.002132 0.005874 0.016531
v -0.002620 0.005076 0.016850
v -0.003674 0.003490 0.017311
v -0.004845 0.001941 0.017609
v -0.006153 0.000489 0.017793
v -0.006878 -0.000181 0.017850
v -0.007676 -0.000794 0.017888
v -0.008551 -0.001299 0.017903
v -0.010229 0.014982 0.001031
v -0.010095 0.015165 0.001213
v -0.009883 0.015459 0.001555
v -0.009683 0.015743 0.001964
v -0.009602 0.015859 0.002163
v -0.009377 0.016187 0.002882
v -0.009211 0.016438 0.003722
v -0.009100 0.016610 0.004705
v -0.009036 0.016711 0.005963
v -0.026055 0.004406 0.012492
v -0.026251 0.004340 0.011829
v -0.026329 0.004285 0.011854
v -0.026609 0.004221 0.009049
v -0.026630 0.004215 0.007959
v -0.026801 0.004058 0.007959
v -0.024390 0.004994 0.014986
v -0.023856 0.005195 0.015377
v -0.026827 0.003616 0.009259
v -0.026758 0.003638 0.010183
v -0.026789 0.003823 0.010180
v -0.017586 0.007659 0.017247
v -0.017280 0.008047 0.017218
v -0.020494 0.006116 0.016946
v -0.020360 0.006180 0.016970
v -0.020429 0.006338 0.016928
v -0.019161 0.006779 0.017134
v -0.018445 0.007361 0.017161
v -0.021712 0.005564 0.016667
v -0.022025 0.005617 0.016552
v -0.021967 0.005453 0.016592
v -0.022625 0.005177 0.016362
v -0.023322 0.005083 0.016039
v -0.023526 0.004814 0.015941
v -0.025821 0.003961 0.013640
v -0.025379 0.004118 0.014339
v -0.025346 0.004322 0.014408
v -0.025311 0.004143 0.014429
v -0.024499 0.004631 0.015281
v -0.024863 0.004306 0.014941
v -0.024458 0.004456 0.015310
v -0.026705 0.003656 0.010646
v -0.026484 0.003731 0.011849
v -0.026495 0.003921 0.011926
v -0.026423 0.004283 0.010991
v -0.026533 0.004246 0.010140
v -0.026614 0.004190 0.010150
v -0.025515 0.004591 0.013672
v -0.025176 0.004710 0.014170
v -0.025798 0.004493 0.013136
v -0.023285 0.005416 0.015703
v -0.022047 0.005925 0.016197
v -0.020502 0.006623 0.016564
v -0.018566 0.007623 0.016794
v -0.017361 0.008183 0.017105
v -0.025235 0.004660 0.014229
v -0.025869 0.004440 0.013178
v -0.025679 0.004385 0.013814
v -0.025977 0.004282 0.013253
v -0.026014 0.004086 0.013302
v -0.024245 0.004537 0.015478
v -0.023927 0.004847 0.015696
v -0.023338 0.005253 0.015937
v -0.022061 0.005777 0.016444
v -0.020482 0.006489 0.016817
v -0.018516 0.007503 0.017049
v -0.017413 0.008273 0.016940
v -0.026858 0.003606 0.007959
v -0.026884 0.003838 0.007959
v -0.026839 0.003993 0.007959
v -0.026741 0.004025 0.010168
v -0.026450 0.004122 0.011898
v -0.025934 0.004447 0.012818
v -0.024434 0.004949 0.015059
v -0.023890 0.005154 0.015456
v -0.024493 0.004811 0.015193
v -0.025322 0.004511 0.014337
v -0.025711 0.004192 0.013873
v -0.017424 0.008296 0.016850
v -0.018558 0.007599 0.016884
v -0.020504 0.006594 0.016653
v -0.022060 0.005892 0.016284
v -0.023311 0.005378 0.015786
v -0.023932 0.005022 0.015600
v -0.026188 0.003833 0.012825
v -0.026464 0.003738 0.011934
v -0.000060 0.009366 0.004416
v -0.000357 0.008839 0.002631
v -0.000188 0.009143 0.003456
v -0.000138 0.009233 0.003784
v 0.000078 0.009670 0.010572
v -0.000090 0.010190 0.010133
v -0.000115 0.010148 0.010609
v 0.000005 0.010018 0.010603
v -0.000154 0.010083 0.011141
v -0.000282 0.009864 0.012274
v -0.000161 0.009737 0.012259
v -0.000409 0.009643 0.013000
v -0.000081 0.009400 0.012185
v -0.000090 0.009575 0.012228
v -0.000051 0.010257 0.008338
v 0.000142 0.009775 0.008335
v 0.000073 0.010126 0.007959
v 0.000070 0.010126 0.008338
v 0.000141 0.009954 0.007959
v 0.000139 0.009957 0.008337
v 0.000150 0.009846 0.007959
v 0.000141 0.009769 0.007959
v 0.000074 0.009850 0.010590
v -0.000050 0.010259 0.007959
v 0.000072 0.010124 0.007581
v 0.000006 0.010016 0.005315
v -0.000090 0.010190 0.005785
v -0.000051 0.010257 0.007580
v -0.000409 0.009643 0.002918
v -0.000282 0.009864 0.003644
v -0.000160 0.009735 0.003659
v -0.000257 0.009907 0.003823
v -0.000115 0.010148 0.005309
v -0.000089 0.009570 0.003691
v -0.000325 0.009157 0.002481
v -0.000369 0.009262 0.002445
v -0.000082 0.009393 0.003735
v -0.000308 0.009058 0.002522
v -0.000343 0.008867 0.002616
v 0.000077 0.009662 0.005347
v 0.000141 0.009767 0.007583
v 0.000140 0.009952 0.007582
v 0.000075 0.009845 0.005328
v -0.000527 0.009436 0.002406
v -0.000532 0.008514 0.002014
v -0.000533 0.008577 0.001802
v -0.000839 0.007992 0.001063
v -0.000776 0.008047 0.001377
v -0.000557 0.008736 0.001705
v -0.000645 0.008886 0.001636
v -0.000973 0.008274 0.000860
v -0.001106 0.008380 0.000824
v -0.000894 0.008772 0.001285
v -0.000771 0.008998 0.001606
v -0.000620 0.009272 0.002071
v -0.001930 0.006889 -0.000338
v -0.001678 0.007334 -0.000059
v -0.001356 0.007561 0.000215
v -0.001496 0.007663 0.000178
v -0.001242 0.008128 0.000573
v -0.001786 0.006787 -0.000302
v -0.002252 0.005989 -0.000711
v -0.002399 0.006092 -0.000746
v -0.002743 0.005190 -0.001033
v -0.002892 0.005295 -0.001066
v -0.003801 0.003604 -0.001496
v -0.003950 0.003716 -0.001525
v -0.004971 0.002060 -0.001794
v -0.005114 0.002181 -0.001822
v -0.006271 0.000619 -0.001977
v -0.006402 0.000754 -0.002003
v -0.006988 -0.000044 -0.002035
v -0.007110 0.000101 -0.002060
v -0.007773 -0.000646 -0.002072
v -0.007879 -0.000488 -0.002097
v -0.008627 -0.001140 -0.002088
v -0.008709 -0.000968 -0.002112
v -0.009553 -0.001499 -0.002083
v -0.009607 -0.001317 -0.002108
v -0.009462 -0.001789 -0.001797
v -0.008496 -0.001416 -0.001802
v -0.009449 -0.001823 -0.001609
v -0.008481 -0.001449 -0.001613
v -0.007953 -0.001165 -0.001607
v -0.007608 -0.000903 -0.001786
v -0.007592 -0.000936 -0.001598
v -0.006802 -0.000284 -0.001749
v -0.006785 -0.000318 -0.001562
v -0.004747 0.001805 -0.001326
v -0.004965 0.001542 -0.001364
v -0.004761 0.001845 -0.001511
v -0.005381 0.001065 -0.001427
v -0.006072 0.000390 -0.001692
v -0.006056 0.000354 -0.001505
v -0.006632 -0.000185 -0.001552
v -0.004150 0.002567 -0.001196
v -0.003593 0.003391 -0.001216
v -0.003584 0.003343 -0.001034
v -0.000865 0.007874 0.001188
v -0.001219 0.007200 0.000592
v -0.001200 0.007301 0.000448
v -0.001623 0.006459 0.000109
v -0.001613 0.006545 -0.000050
v -0.002069 0.005687 -0.000279
v -0.002065 0.005760 -0.000447
v -0.002545 0.004907 -0.000587
v -0.002546 0.004969 -0.000761
v -0.003050 0.004124 -0.000835
v -0.003075 0.004086 -0.000845
v -0.000874 0.008135 0.000944
v -0.001247 0.007431 0.000310
v -0.001668 0.006663 -0.000200
v -0.002128 0.005868 -0.000606
v -0.002615 0.005071 -0.000926
v -0.003669 0.003485 -0.001386
v -0.004840 0.001936 -0.001684
v -0.006148 0.000484 -0.001867
v -0.006873 -0.000187 -0.001925
v -0.007672 -0.000800 -0.001962
v -0.008548 -0.001306 -0.001978
v -0.009499 -0.001674 -0.001973
v -0.009780 -0.001365 -0.002105
v -0.009954 -0.001409 -0.002102
v -0.009911 -0.001593 -0.002076
v -0.009867 -0.001771 -0.001966
v -0.009836 -0.001887 -0.001790
v -0.009824 -0.001922 -0.001603
v -0.005239 0.014293 0.007959
v -0.005280 0.014267 0.006045
v -0.014138 0.009000 -0.001359
v -0.016054 0.008644 -0.001353
v -0.016006 0.008677 -0.001353
v -0.010867 0.000001 -0.001997
v -0.009952 0.002610 -0.001857
v -0.005167 0.005612 -0.001299
v -0.006564 0.004731 -0.001563
v -0.008155 0.003733 -0.001748
v -0.006487 0.009132 -0.000669
v -0.005519 0.009726 -0.000232
v -0.004698 0.010237 0.000288
v -0.004014 0.010667 0.000891
v -0.003458 0.011019 0.001573
v -0.003021 0.011297 0.002326
v -0.002692 0.011505 0.003141
v -0.002456 0.011653 0.004009
v -0.002298 0.011752 0.004927
v -0.002203 0.011811 0.005892
v -0.004139 0.013408 0.007959
v -0.008284 0.016812 0.005855
v -0.005351 0.014224 0.005137
v -0.008336 0.016726 0.004780
v -0.009022 0.011987 -0.000378
v -0.010037 0.014372 0.000188
v -0.008148 0.012511 0.000072
v -0.009475 0.015111 0.000831
v -0.007411 0.012958 0.000604
v -0.009005 0.015751 0.001662
v -0.006804 0.013330 0.001213
v -0.008807 0.016028 0.002168
v -0.006319 0.013629 0.001894
v -0.008665 0.016233 0.002642
v -0.005945 0.013860 0.002636
v -0.008452 0.016547 0.003702
v -0.005669 0.014030 0.003429
v -0.005476 0.014148 0.004264
v -0.014335 0.009937 -0.001284
v -0.012760 0.011322 -0.001071
v -0.012590 0.009896 -0.001238
v -0.012024 0.012055 -0.000889
v -0.011231 0.010687 -0.001033
v -0.011325 0.012812 -0.000637
v -0.010046 0.011381 -0.000746
v -0.010663 0.013589 -0.000290
v -0.013173 0.003727 -0.001720
v -0.012066 0.005777 -0.001610
v -0.010388 0.006779 -0.001495
v -0.008908 0.007666 -0.001300
v -0.007612 0.008448 -0.001024
v -0.010682 0.014379 0.000546
v -0.009995 0.015241 0.001070
v -0.010515 0.014540 0.000463
v -0.011100 0.013792 0.000006
v -0.011240 0.013675 0.000130
v -0.011727 0.013048 -0.000328
v -0.011941 0.012857 -0.000222
v -0.012394 0.012319 -0.000573
v -0.012313 0.012451 -0.000359
v -0.012809 0.011941 -0.000501
v -0.013101 0.011611 -0.000751
v -0.013859 0.010959 -0.000699
v -0.014628 0.010264 -0.000960
v -0.014676 0.010266 -0.000787
v -0.015087 0.009938 -0.000816
v -0.016257 0.009034 -0.001028
v -0.016276 0.009059 -0.000854
v -0.009255 0.016300 0.002769
v -0.009059 0.016599 0.003779
v -0.008951 0.016769 0.004820
v -0.008899 0.016851 0.005873
v -0.009565 0.015845 0.001848
v -0.008462 0.016914 0.005856
v -0.008688 0.016934 0.005862
v -0.008515 0.016829 0.004781
v -0.008629 0.016650 0.003705
v -0.008840 0.016335 0.002648
v -0.009176 0.015852 0.001674
v -0.009642 0.015212 0.000851
v -0.010197 0.014475 0.000215
v -0.010815 0.013696 -0.000258
v -0.011469 0.012925 -0.000600
v -0.012160 0.012174 -0.000849
v -0.012888 0.011447 -0.001029
v -0.014449 0.010072 -0.001240
v -0.016107 0.008821 -0.001308
v -0.008740 0.016849 0.004795
v -0.008852 0.016674 0.003732
v -0.009056 0.016364 0.002693
v -0.009381 0.015890 0.001740
v -0.009831 0.015262 0.000935
v -0.010371 0.014538 0.000312
v -0.010974 0.013771 -0.000153
v -0.011615 0.013011 -0.000491
v -0.012294 0.012271 -0.000738
v -0.013011 0.011552 -0.000917
v -0.014555 0.010191 -0.001126
v -0.016198 0.008951 -0.001194
v -0.016282 0.008972 -0.001106
v -0.016151 0.008784 -0.001311
v -0.016187 0.008836 -0.001278
v -0.016244 0.008917 -0.001196
v -0.016322 0.009027 -0.000881
v -0.016322 0.009027 -0.000854
v -0.018479 0.007681 -0.000793
v -0.018938 0.007427 -0.000758
v -0.019104 0.007338 -0.000742
v -0.021043 0.006379 -0.000451
v -0.020423 0.006670 -0.000570
v -0.024226 0.005064 0.000911
v -0.023261 0.005435 0.000301
v -0.023871 0.005198 0.000655
v -0.021974 0.005965 -0.000210
v -0.022145 0.005892 -0.000156
v -0.022629 0.005689 0.000018
v -0.023005 -0.003102 0.003109
v -0.022909 -0.003061 0.002889
v -0.023237 -0.003205 0.003828
v -0.023568 -0.003358 0.006079
v -0.023525 -0.003338 0.005557
v -0.023435 -0.003295 0.004815
v -0.022526 -0.002885 0.013897
v -0.022610 -0.002891 0.013948
v -0.022788 -0.002842 0.014041
v -0.022941 -0.002718 0.014101
v -0.022998 -0.002638 0.014115
v -0.023037 -0.002560 0.014119
v -0.014508 -0.000556 0.017731
v -0.022051 -0.001236 0.015622
v -0.023183 -0.001903 0.014281
v -0.023918 -0.002338 0.012558
v -0.023598 -0.002148 0.013467
v -0.024152 -0.002477 0.011558
v -0.024309 -0.002571 0.010461
v -0.024426 -0.002640 0.007959
v -0.024398 -0.002623 0.009263
v -0.022668 -0.001599 0.015000
v -0.020512 -0.000326 0.016578
v -0.019586 0.000224 0.016924
v -0.018550 0.000842 0.017193
v -0.017397 0.001530 0.017392
v -0.016120 0.002295 0.017525
v -0.013166 0.003716 0.017640
v -0.010862 -0.000007 0.017917
v -0.021333 -0.000812 0.016146
v -0.014138 0.009000 0.017278
v -0.009952 0.002610 0.017775
v -0.012591 0.009896 0.017156
v -0.011232 0.010687 0.016952
v -0.010047 0.011382 0.016664
v -0.009023 0.011988 0.016296
v -0.008148 0.012512 0.015846
v -0.007412 0.012958 0.015315
v -0.006805 0.013330 0.014705
v -0.006320 0.013629 0.014024
v -0.005945 0.013861 0.013282
v -0.005669 0.014030 0.012490
v -0.005477 0.014148 0.011655
v -0.005352 0.014224 0.010781
v -0.005281 0.014268 0.009873
v -0.002692 0.011505 0.012778
v -0.002456 0.011654 0.011909
v -0.002298 0.011752 0.010992
v -0.002203 0.011811 0.010027
v -0.003022 0.011297 0.013592
v -0.003459 0.011020 0.014346
v -0.004014 0.010668 0.015028
v -0.004699 0.010237 0.015630
v -0.007612 0.008448 0.016943
v -0.006487 0.009132 0.016588
v -0.005520 0.009727 0.016151
v -0.008155 0.003733 0.017667
v -0.006564 0.004731 0.017481
v -0.005167 0.005612 0.017217
v -0.012066 0.005778 0.017528
v -0.010388 0.006779 0.017413
v -0.008908 0.007666 0.017218
v -0.022815 -0.003019 0.002668
v -0.022595 -0.002923 0.002278
v -0.022540 -0.002899 0.002243
v -0.022362 -0.002826 0.001914
v -0.022347 -0.002819 0.001890
v -0.022378 -0.002832 0.001939
v -0.022462 -0.002867 0.002081
v -0.022525 -0.002893 0.002201
v -0.020033 -0.002088 -0.000105
v -0.019146 -0.001920 -0.000462
v -0.018090 -0.001800 -0.000768
v -0.017833 -0.001784 -0.000828
v -0.016822 -0.001761 -0.001027
v -0.015695 -0.001812 -0.001196
v -0.015203 -0.001854 -0.001256
v -0.021892 -0.002642 0.001272
v -0.021396 -0.002467 0.000772
v -0.020780 -0.002277 0.000310
v -0.020368 -0.002167 0.000066
v -0.020179 -0.002121 -0.000033
v -0.014377 -0.001938 -0.001343
v -0.013550 -0.002024 -0.001416
v -0.013196 -0.002057 -0.001443
v -0.012112 -0.002122 -0.001514
v -0.011296 -0.002116 -0.001555
v -0.011002 -0.002098 -0.001568
v -0.010033 -0.001967 -0.001598
v -0.022263 -0.002748 0.001442
v -0.021458 -0.002452 0.000585
v -0.022530 -0.002857 0.001836
v -0.015615 -0.001784 -0.001388
v -0.013206 -0.002021 -0.001627
v -0.011306 -0.002080 -0.001741
v -0.010933 -0.001567 -0.002072
v -0.011338 -0.001685 -0.002050
v -0.011342 -0.001596 -0.002054
v -0.012161 -0.001603 -0.002011
v -0.013196 -0.001634 -0.001936
v -0.013189 -0.001545 -0.001942
v -0.015623 -0.001408 -0.001696
v -0.013970 -0.001473 -0.001878
v -0.013849 -0.001485 -0.001888
v -0.015854 -0.001305 -0.001674
v -0.015731 -0.001313 -0.001690
v -0.017770 -0.001380 -0.001347
v -0.019360 -0.001554 -0.000925
v -0.018504 -0.001352 -0.001189
v -0.019376 -0.001470 -0.000935
v -0.020678 -0.001838 -0.000371
v -0.020497 -0.001703 -0.000485
v -0.019560 -0.001502 -0.000873
v -0.021787 -0.002083 0.000333
v -0.021677 -0.002046 0.000244
v -0.021754 -0.002163 0.000340
v -0.021343 -0.001939 0.000001
v -0.020704 -0.001756 -0.000380
v -0.022623 -0.002485 0.001245
v -0.022582 -0.002374 0.001139
v -0.022000 -0.002157 0.000518
v -0.022950 -0.002523 0.001657
v -0.022911 -0.002602 0.001661
v -0.022855 -0.002682 0.001676
v -0.020454 -0.002155 -0.000093
v -0.019209 -0.001897 -0.000629
v -0.017690 -0.001743 -0.001042
v -0.016657 -0.001730 -0.001237
v -0.011332 -0.001783 -0.002026
v -0.013202 -0.001729 -0.001911
v -0.015627 -0.001501 -0.001669
v -0.016697 -0.001359 -0.001544
v -0.017193 -0.001273 -0.001469
v -0.016695 -0.001452 -0.001516
v -0.015627 -0.001672 -0.001557
v -0.013209 -0.001905 -0.001800
v -0.011319 -0.001962 -0.001916
v -0.017730 -0.001636 -0.001208
v -0.019277 -0.001800 -0.000790
v -0.020554 -0.002070 -0.000244
v -0.021591 -0.002382 0.000452
v -0.022427 -0.002692 0.001334
v -0.022704 -0.002806 0.001739
v -0.016681 -0.001620 -0.001405
v -0.017760 -0.001471 -0.001319
v -0.019337 -0.001642 -0.000898
v -0.020644 -0.001923 -0.000345
v -0.021709 -0.002245 0.000363
v -0.022570 -0.002565 0.001262
v -0.022610 -0.002891 0.001971
v -0.022682 -0.002923 0.002107
v -0.022788 -0.002842 0.001878
v -0.022864 -0.002876 0.002018
v -0.022941 -0.002718 0.001817
v -0.023022 -0.002753 0.001960
v -0.022998 -0.002638 0.001803
v -0.023079 -0.002674 0.001947
v -0.023036 -0.002559 0.001798
v -0.023119 -0.002595 0.001944
v -0.023514 -0.002772 0.002802
v -0.023547 -0.002887 0.003008
v -0.023767 -0.002986 0.003737
v -0.023255 -0.002754 0.002292
v -0.024076 -0.003126 0.005508
v -0.024055 -0.003017 0.005000
v -0.023829 -0.002914 0.003816
v -0.024192 -0.003179 0.007829
v -0.024192 -0.003081 0.006413
v -0.024118 -0.003046 0.005508
v -0.023749 -0.003407 0.007830
v -0.023635 -0.003355 0.005545
v -0.023334 -0.003219 0.003821
v -0.023122 -0.003124 0.003119
v -0.022843 -0.002998 0.002435
v -0.024130 -0.003257 0.007829
v -0.023956 -0.003372 0.007829
v -0.024014 -0.003204 0.005511
v -0.023705 -0.003065 0.003744
v -0.023486 -0.002965 0.003016
v -0.023195 -0.002833 0.002303
v -0.023840 -0.003320 0.005524
v -0.023535 -0.003182 0.003774
v -0.023319 -0.003084 0.003056
v -0.023032 -0.002955 0.002355
v -0.021333 -0.000812 -0.000227
v -0.020512 -0.000326 -0.000659
v -0.024398 -0.002623 0.006655
v -0.024309 -0.002571 0.005458
v -0.024152 -0.002477 0.004361
v -0.023918 -0.002338 0.003360
v -0.023598 -0.002148 0.002452
v -0.023183 -0.001903 0.001637
v -0.022668 -0.001599 0.000918
v -0.022052 -0.001236 0.000297
v -0.018550 0.000841 -0.001274
v -0.019587 0.000224 -0.001006
v -0.014508 -0.000557 -0.001812
v -0.016121 0.002294 -0.001607
v -0.017397 0.001530 -0.001473
v -0.018588 0.007086 -0.001268
v -0.017155 0.007922 -0.001343
v -0.021078 0.005846 -0.000909
v -0.020287 0.006215 -0.001064
v -0.019941 0.006383 -0.001118
v -0.021910 0.005478 -0.000691
v -0.022248 0.005334 -0.000582
v -0.023193 0.004946 -0.000195
v -0.024009 0.004627 0.000273
v -0.024658 0.004382 0.000781
v -0.025229 0.004172 0.001386
v -0.025726 0.003994 0.002110
v -0.026106 0.003861 0.002886
v -0.026405 0.003758 0.003763
v -0.026446 0.003744 0.003916
v -0.026640 0.003678 0.004837
v -0.026749 0.003641 0.005645
v -0.026794 0.003626 0.006141
v -0.026266 0.004000 0.003234
v -0.026477 0.003928 0.003924
v -0.026432 0.004130 0.003954
v -0.026310 0.004292 0.003999
v -0.025841 0.004451 0.002687
v -0.026602 0.004225 0.006826
v -0.026521 0.004251 0.005691
v -0.026603 0.004195 0.005680
v -0.023806 0.005214 0.000514
v -0.026779 0.003827 0.005649
v -0.025678 0.004205 0.001991
v -0.025987 0.004096 0.002559
v -0.025949 0.004293 0.002609
v -0.025306 0.004337 0.001460
v -0.024450 0.004650 0.000598
v -0.023270 0.005105 -0.000146
v -0.021969 0.005642 -0.000651
v -0.020356 0.006374 -0.001022
v -0.018357 0.007411 -0.001248
v -0.017194 0.008101 -0.001301
v -0.017340 0.008349 -0.000930
v -0.020431 0.006658 -0.000654
v -0.018480 0.007672 -0.000878
v -0.021992 0.005949 -0.000292
v -0.023235 0.005437 0.000195
v -0.024343 0.005012 0.000898
v -0.025137 0.004724 0.001703
v -0.025769 0.004504 0.002730
v -0.026231 0.004348 0.004025
v -0.017329 0.008327 -0.001020
v -0.023261 0.005399 0.000111
v -0.022005 0.005917 -0.000380
v -0.020433 0.006630 -0.000744
v -0.018472 0.007648 -0.000968
v -0.017277 0.008238 -0.001187
v -0.026730 0.004030 0.005661
v -0.026407 0.004289 0.004851
v -0.025646 0.004398 0.002052
v -0.023875 0.004868 0.000190
v -0.024444 0.004831 0.000688
v -0.025282 0.004527 0.001533
v -0.023881 0.005043 0.000288
v -0.024386 0.004969 0.000824
v -0.025196 0.004675 0.001643
v -0.018430 0.007553 -0.001134
v -0.020410 0.006525 -0.000909
v -0.022005 0.005803 -0.000541
v -0.023286 0.005275 -0.000042
v -0.023840 0.005174 0.000434
vn -0.0363 0.0490 -0.9981
vn -0.0769 0.0152 -0.9969
vn -0.9160 -0.4011 -0.0007
vn -0.9138 -0.4048 -0.0331
vn -0.9097 -0.4142 -0.0312
vn -0.9160 -0.3904 -0.0922
vn -0.8927 -0.4365 -0.1123
vn -0.9178 -0.3628 -0.1613
vn -0.8782 -0.4317 -0.2060
vn -0.9025 -0.3462 -0.2564
vn -0.8765 -0.3853 -0.2885
vn -0.8629 -0.3677 -0.3467
vn -0.8607 -0.3791 -0.3398
vn -0.8311 -0.3437 -0.4371
vn -0.8288 -0.3532 -0.4339
vn -0.7865 -0.3343 -0.5194
vn -0.7529 -0.3533 -0.5553
vn -0.7525 -0.3636 -0.5491
vn -0.7369 -0.2648 -0.6220
vn -0.5944 -0.3413 -0.7281
vn -0.6134 -0.1443 -0.7765
vn -0.6723 -0.3219 -0.6666
vn -0.5607 -0.2318 -0.7949
vn -0.5005 -0.1721 -0.8484
vn -0.4875 -0.1860 -0.8531
vn -0.4309 -0.1566 -0.8887
vn -0.3895 -0.1607 -0.9069
vn -0.3816 -0.1329 -0.9147
vn -0.3029 -0.0929 -0.9485
vn -0.3066 -0.0878 -0.9478
vn -0.2410 -0.0673 -0.9682
vn -0.1379 -0.0056 -0.9904
vn -0.1499 -0.0273 -0.9883
vn -0.1753 -0.0236 -0.9842
vn -0.1967 -0.0447 -0.9794
vn -0.2101 -0.0448 -0.9767
vn -0.2419 -0.0689 -0.9679
vn -0.1266 -0.0059 -0.9919
vn -0.1406 -0.0100 -0.9900
vn -0.1549 0.0001 -0.9879
vn -0.0806 0.0132 -0.9967
vn -0.0839 0.0120 -0.9964
vn -0.0829 0.0146 -0.9965
vn -0.0373 0.0435 -0.9984
vn -0.0399 0.0421 -0.9983
vn -0.0436 0.0402 -0.9982
vn -0.0480 0.0390 -0.9981
vn -0.0510 0.0385 -0.9980
vn -0.0545 0.0383 -0.9978
vn -0.0566 0.0385 -0.9977
vn -0.0592 0.0389 -0.9975
vn -0.0615 0.0398 -0.9973
vn -0.0485 0.0246 -0.9985
vn -0.0779 0.0221 -0.9967
vn -0.0680 0.0250 -0.9974
vn -0.0582 0.0268 -0.9979
vn -0.0579 0.0373 -0.9976
vn -0.0552 0.0332 -0.9979
vn -0.0551 0.0336 -0.9979
vn -0.0495 0.0249 -0.9985
vn -0.0425 0.0420 -0.9982
vn -0.0872 0.0124 -0.9961
vn -0.0922 0.0111 -0.9957
vn -0.0937 0.0121 -0.9955
vn -0.0984 0.0104 -0.9951
vn -0.0894 0.0117 -0.9959
vn -0.1081 0.0071 -0.9941
vn -0.0976 0.0063 -0.9952
vn -0.1150 0.0028 -0.9934
vn -0.1074 -0.0076 -0.9942
vn -0.1159 -0.0009 -0.9933
vn 0.6580 0.7529 0.0126
vn 0.6259 0.6524 0.4274
vn 0.4294 0.4411 0.7881
vn 0.2765 0.2970 0.9140
vn 0.0248 0.0849 0.9961
vn 0.1918 0.2509 0.9488
vn 0.2596 0.3034 0.9168
vn -0.1838 0.3323 0.9251
vn 0.3392 0.3263 0.8823
vn 0.2015 0.2524 0.9464
vn 0.1308 0.1875 0.9735
vn 0.1310 0.1857 0.9738
vn 0.0941 0.1518 0.9839
vn 0.0727 0.1454 0.9867
vn 0.0631 0.1166 0.9912
vn 0.0265 0.1052 0.9941
vn 0.0447 0.1070 0.9933
vn 0.0177 0.0927 0.9955
vn -0.0063 0.0851 0.9964
vn 0.0248 0.0848 0.9961
vn -0.0243 0.0663 0.9975
vn -0.0316 0.0556 0.9980
vn -0.0311 0.0559 0.9979
vn -0.0124 0.0676 0.9976
vn -0.0109 0.0623 0.9980
vn 0.0150 0.0871 0.9961
vn 0.0133 0.0830 0.9965
vn 0.0410 0.1015 0.9940
vn 0.0418 0.1039 0.9937
vn 0.0740 0.1226 0.9897
vn 0.0732 0.1311 0.9887
vn 0.1283 0.1509 0.9802
vn 0.1285 0.1444 0.9811
vn 0.1534 0.1919 0.9693
vn 0.1917 0.2086 0.9590
vn 0.2006 0.2314 0.9520
vn 0.2038 0.3059 0.9300
vn 0.2894 0.2660 0.9195
vn 0.2404 0.2546 0.9367
vn 0.3385 0.3692 0.8655
vn 0.3751 0.3853 0.8431
vn 0.3260 0.3475 0.8792
vn 0.5198 0.5475 0.6558
vn 0.6541 0.6633 0.3637
vn 0.6192 0.6618 0.4227
vn 0.6578 0.6908 0.3003
vn 0.6585 0.7055 0.2621
vn 0.6737 0.7134 0.1928
vn 0.6727 0.7133 0.1967
vn 0.6731 0.7277 0.1321
vn 0.6736 0.7389 0.0146
vn 0.6744 0.7382 0.0126
vn 0.6720 0.7405 -0.0000
vn 0.6313 0.7701 0.0916
vn 0.6580 0.7513 0.0509
vn 0.6652 0.7465 0.0152
vn 0.6754 0.7347 0.0635
vn 0.6833 0.7249 0.0873
vn 0.6439 0.7603 0.0858
vn 0.6713 0.7147 0.1965
vn 0.6504 0.7384 0.1785
vn 0.6447 0.7037 0.2987
vn 0.6350 0.7178 0.2855
vn 0.5348 0.5853 0.6095
vn 0.5496 0.6265 0.5526
vn 0.5762 0.5970 0.5582
vn 0.5846 0.6183 0.5253
vn 0.5503 0.6265 0.5519
vn 0.5822 0.6403 0.5011
vn 0.6056 0.6757 0.4204
vn 0.5821 0.6820 0.4427
vn 0.6244 0.6860 0.3736
vn 0.2434 0.2941 0.9242
vn 0.2890 0.3309 0.8983
vn 0.3098 0.3698 0.8759
vn 0.3193 0.3749 0.8704
vn 0.4153 0.4383 0.7972
vn 0.3430 0.4356 0.8322
vn 0.4493 0.4876 0.7486
vn 0.4798 0.4655 0.7437
vn 0.4117 0.4431 0.7963
vn 0.5053 0.5209 0.6880
vn 0.4812 0.5505 0.6823
vn 0.4906 0.5526 0.6738
vn 0.0546 0.1094 -0.9925
vn -0.0314 0.0557 -0.9980
vn -0.0109 0.0628 -0.9980
vn 0.4182 0.4425 -0.7933
vn 0.6720 0.7405 -0.0001
vn 0.4007 0.4659 -0.7889
vn 0.4993 0.5807 -0.6430
vn 0.4602 0.5078 -0.7282
vn 0.4211 0.4750 -0.7727
vn 0.6564 0.7527 -0.0510
vn 0.6333 0.7696 -0.0811
vn 0.6750 0.7377 -0.0148
vn 0.6580 0.7529 -0.0153
vn 0.6684 0.7437 -0.0116
vn 0.6729 0.7396 -0.0117
vn 0.6766 0.7317 -0.0827
vn 0.6868 0.7240 -0.0640
vn 0.6727 0.7283 -0.1305
vn 0.6735 0.7142 -0.1904
vn 0.6719 0.7140 -0.1968
vn 0.6532 0.6985 -0.2925
vn 0.6587 0.6980 -0.2808
vn 0.6381 0.6725 -0.3749
vn 0.6300 0.6553 -0.4166
vn 0.6164 0.6489 -0.4461
vn 0.5808 0.6049 -0.5447
vn 0.5791 0.6006 -0.5513
vn 0.5496 0.5743 -0.6068
vn 0.6499 0.7545 -0.0914
vn 0.6652 0.7252 -0.1779
vn 0.6533 0.7331 -0.1888
vn 0.6431 0.7108 -0.2851
vn 0.6375 0.7136 -0.2906
vn 0.6161 0.6741 -0.4076
vn 0.6099 0.6761 -0.4134
vn 0.5719 0.6292 -0.5264
vn 0.5534 0.6291 -0.5460
vn 0.5078 0.5259 -0.6823
vn 0.5065 0.5276 -0.6820
vn 0.5109 0.5295 -0.6772
vn 0.3419 0.3296 -0.8800
vn 0.1926 0.2095 -0.9587
vn 0.1994 0.2291 -0.9528
vn 0.2377 0.2541 -0.9375
vn 0.2608 0.2947 -0.9193
vn 0.2748 0.2939 -0.9155
vn 0.3229 0.3451 -0.8813
vn 0.3408 0.3589 -0.8689
vn 0.3681 0.3915 -0.8433
vn 0.4370 0.4501 -0.7787
vn 0.0410 0.1015 -0.9940
vn 0.0412 0.1021 -0.9939
vn 0.0720 0.1227 -0.9898
vn 0.0710 0.1276 -0.9893
vn 0.1268 0.1535 -0.9800
vn 0.1278 0.1374 -0.9822
vn 0.1487 0.1889 -0.9707
vn -0.0092 0.0571 -0.9983
vn 0.0032 0.0883 -0.9961
vn -0.0207 0.0624 -0.9978
vn 0.0454 0.1081 -0.9931
vn 0.0242 0.0960 -0.9951
vn 0.0250 0.0851 -0.9961
vn 0.0156 0.0871 -0.9961
vn 0.0140 0.0835 -0.9964
vn 0.0853 0.1697 -0.9818
vn 0.0923 0.1111 -0.9895
vn 0.1208 0.1903 -0.9743
vn 0.1236 0.1998 -0.9720
vn 0.1820 0.2017 -0.9624
vn 0.1800 0.2997 -0.9369
vn 0.1955 0.2529 -0.9475
vn 0.2479 0.2947 -0.9229
vn 0.3707 0.4023 -0.8371
vn 0.2689 0.3499 -0.8973
vn 0.3227 0.3582 -0.8761
vn 0.2577 0.3062 -0.9164
vn 0.1010 0.3336 -0.9373
vn -0.9335 -0.2902 -0.2107
vn -0.0516 0.0378 -0.9980
vn -0.0416 0.0496 -0.9979
vn -0.0323 0.0552 -0.9980
vn -0.0564 0.0257 -0.9981
vn -0.0505 0.0537 -0.9973
vn -0.0782 0.0260 -0.9966
vn -0.0785 0.0254 -0.9966
vn -0.1011 0.0206 -0.9947
vn -0.1035 0.0187 -0.9945
vn -0.1267 0.0017 -0.9919
vn -0.1168 0.0317 -0.9926
vn -0.1317 -0.0001 -0.9913
vn -0.1765 -0.0131 -0.9842
vn -0.1812 -0.0258 -0.9831
vn -0.2513 -0.0419 -0.9670
vn -0.2306 -0.0542 -0.9715
vn -0.3342 -0.0758 -0.9395
vn -0.3104 -0.0935 -0.9460
vn -0.3942 -0.1091 -0.9125
vn -0.4297 -0.1007 -0.8973
vn -0.4311 -0.1050 -0.8962
vn -0.4629 -0.1505 -0.8736
vn -0.5386 -0.1640 -0.8265
vn -0.5326 -0.1275 -0.8367
vn -0.5737 -0.2009 -0.7940
vn -0.7473 -0.3282 -0.5777
vn -0.7259 -0.2476 -0.6418
vn -0.6519 -0.2468 -0.7170
vn -0.6507 -0.2380 -0.7211
vn -0.6049 -0.2051 -0.7695
vn -0.7470 -0.2876 -0.5994
vn -0.8010 -0.2859 -0.5260
vn -0.8281 -0.2742 -0.4890
vn -0.8280 -0.2711 -0.4909
vn -0.8445 -0.3242 -0.4263
vn -0.8830 -0.2997 -0.3613
vn -0.8768 -0.3513 -0.3285
vn -0.9068 -0.3262 -0.2671
vn -0.9446 -0.2970 -0.1395
vn -0.9340 -0.3345 -0.1255
vn -0.9027 -0.3599 -0.2357
vn -0.9373 -0.3293 -0.1140
vn -0.9246 -0.3738 -0.0734
vn -0.9500 -0.3100 -0.0367
vn -0.9370 -0.3489 -0.0197
vn -0.9365 -0.3507 -0.0008
vn -0.4350 -0.4538 0.7777
vn -0.4948 -0.4562 0.7396
vn -0.3596 -0.4184 0.8341
vn -0.4083 -0.4200 0.8105
vn -0.3193 -0.3439 0.8831
vn -0.3734 -0.3308 0.8667
vn -0.2400 -0.3082 0.9206
vn -0.1285 -0.3841 0.9143
vn 0.9918 0.1234 -0.0334
vn 0.0724 0.9962 -0.0481
vn -0.3869 0.9221 -0.0000
vn -0.9872 -0.1582 0.0176
vn -0.9935 -0.1020 0.0499
vn -0.9989 0.0473 -0.0000
vn -0.9322 0.3617 0.0101
vn -0.8731 0.4680 0.1365
vn -0.9115 0.4023 0.0857
vn -0.9551 0.2958 0.0161
vn -0.9869 0.1615 -0.0000
vn -0.4901 0.8716 -0.0001
vn -0.5750 0.8181 0.0136
vn -0.6637 0.7443 0.0749
vn -0.7130 0.7007 0.0235
vn -0.8059 0.5921 -0.0014
vn -0.2521 0.9640 0.0849
vn -0.2058 0.9527 0.2236
vn -0.2622 0.9592 0.1060
vn 0.9999 -0.0142 0.0079
vn 0.9767 -0.2026 0.0713
vn 0.9748 -0.1857 0.1232
vn 0.7778 -0.6251 0.0653
vn 0.8355 -0.5495 0.0086
vn 0.9400 -0.3410 -0.0070
vn 0.4084 -0.9113 0.0525
vn 0.5098 -0.8603 0.0019
vn 0.6922 -0.7217 -0.0016
vn -0.0510 -0.9975 0.0479
vn 0.0825 -0.9966 -0.0022
vn 0.3035 -0.9528 0.0023
vn -0.4994 -0.8651 0.0472
vn -0.3761 -0.9266 -0.0039
vn -0.1489 -0.9888 0.0046
vn -0.9519 -0.3064 -0.0007
vn -0.8914 -0.4532 0.0026
vn -0.8383 -0.5430 0.0489
vn -0.7568 -0.6536 -0.0045
vn -0.5815 -0.8136 0.0052
vn 0.0623 0.0368 -0.9974
vn 0.2118 0.1376 -0.9676
vn 0.2072 0.1357 -0.9688
vn 0.4032 0.2339 -0.8847
vn 0.5174 0.3096 -0.7978
vn 0.5555 0.3278 -0.7642
vn 0.6695 0.3950 -0.6291
vn 0.6984 0.4069 -0.5887
vn 0.7688 0.4565 -0.4478
vn 0.8416 0.4865 -0.2344
vn 0.8432 0.4895 -0.2225
vn 0.8603 0.5076 -0.0476
vn -0.0000 -0.0000 -1.0000
vn 0.8588 0.5067 -0.0749
vn 0.8436 0.4866 -0.2271
vn 0.8375 0.4864 -0.2490
vn 0.7607 0.4528 -0.4650
vn 0.7029 0.4083 -0.5824
vn 0.6590 0.3888 -0.6439
vn 0.5626 0.3319 -0.7572
vn 0.5182 0.3102 -0.7970
vn 0.0885 0.0522 -0.9947
vn 0.2110 0.1396 -0.9675
vn 0.2322 0.1487 -0.9612
vn 0.4120 0.2382 -0.8795
vn 0.8613 0.5082 -0.0000
vn -0.8876 -0.4606 -0.0000
vn -0.8427 0.5384 -0.0000
vn 0.0449 0.9990 -0.0000
vn 0.8876 0.4606 -0.0000
vn 0.8427 -0.5384 -0.0000
vn -0.0449 -0.9990 -0.0000
vn -0.0000 -0.0000 1.0000
vn -0.9944 -0.1053 -0.0001
vn -0.9876 -0.1562 -0.0178
vn -0.9427 -0.3335 0.0099
vn -0.8363 -0.5471 -0.0350
vn -0.8390 -0.5431 -0.0326
vn -0.7259 -0.6878 -0.0001
vn -0.2097 -0.9778 -0.0000
vn -0.3234 -0.9463 -0.0000
vn -0.4789 -0.8772 -0.0356
vn -0.5004 -0.8654 -0.0244
vn -0.6401 -0.7683 -0.0000
vn -0.0556 -0.9983 -0.0166
vn -0.0031 -0.9992 -0.0388
vn 0.1535 -0.9881 -0.0001
vn 0.6836 -0.7299 -0.0000
vn 0.5946 -0.8040 -0.0000
vn 0.4733 -0.8798 -0.0433
vn 0.4004 -0.9163 -0.0099
vn 0.2684 -0.9633 -0.0001
vn 0.7710 -0.6368 -0.0041
vn 0.8351 -0.5478 -0.0500
vn 0.8995 -0.4370 -0.0006
vn 0.9767 -0.2147 0.0005
vn 0.9850 -0.1715 -0.0200
vn 0.9985 -0.0551 -0.0000
vn 0.8936 0.4488 -0.0000
vn 0.9946 0.1042 -0.0000
vn 0.9931 0.1169 -0.0071
vn 0.9428 0.3334 0.0064
vn 0.8465 0.5205 -0.1118
vn 0.2284 0.9709 -0.0723
vn 0.3280 0.9447 -0.0012
vn 0.6196 0.7849 0.0018
vn 0.5214 0.8394 -0.1535
vn 0.7001 0.7141 -0.0002
vn -0.2043 0.9772 -0.0587
vn -0.0977 0.9952 0.0033
vn 0.1200 0.9928 -0.0028
vn -0.7788 0.6273 -0.0002
vn -0.6991 0.7150 -0.0002
vn -0.5992 0.7993 -0.0456
vn -0.5423 0.8401 -0.0091
vn -0.3292 0.9442 0.0068
vn -0.8607 0.5088 -0.0169
vn -0.8815 0.4706 -0.0374
vn -0.9465 0.3226 0.0062
vn -0.9899 0.1417 -0.0084
vn -0.9931 0.1172 -0.0001
vn -0.8500 -0.3889 0.3554
vn -0.9157 -0.4010 0.0249
vn -0.9233 -0.3830 0.0296
vn -0.9120 -0.4048 0.0659
vn -0.9193 -0.3830 0.0905
vn -0.9072 -0.4077 0.1038
vn -0.9110 -0.3803 0.1598
vn -0.9175 -0.3665 0.1544
vn -0.8642 -0.4342 0.2543
vn -0.9228 -0.3156 0.2211
vn -0.8834 -0.3750 0.2811
vn -0.7838 -0.3510 0.5124
vn -0.7801 -0.3362 0.5276
vn -0.7788 -0.5230 0.3463
vn -0.7846 -0.3527 0.5099
vn -0.7858 -0.3862 0.4832
vn -0.8464 -0.3112 0.4322
vn -0.8361 -0.4322 0.3378
vn -0.7698 -0.3242 0.5498
vn -0.7243 -0.3168 0.6123
vn -0.7269 -0.2908 0.6221
vn -0.6249 -0.2683 0.7332
vn -0.6340 -0.2568 0.7295
vn -0.5717 -0.2267 0.7885
vn -0.5198 -0.2268 0.8236
vn -0.5093 -0.2370 0.8273
vn -0.5537 -0.2256 0.8016
vn -0.4175 -0.1723 0.8922
vn -0.4105 -0.1791 0.8941
vn -0.4712 -0.1681 0.8659
vn -0.2616 -0.0775 0.9621
vn -0.2825 -0.0843 0.9556
vn -0.3316 -0.1031 0.9378
vn -0.3122 -0.1277 0.9414
vn -0.3711 -0.1201 0.9208
vn -0.2218 -0.1130 0.9685
vn -0.2626 -0.0499 0.9636
vn -0.2139 -0.0554 0.9753
vn -0.1612 0.0186 0.9867
vn -0.0921 -0.0220 0.9955
vn -0.1251 0.0087 0.9921
vn -0.1561 -0.0373 0.9870
vn -0.1552 -0.0382 0.9871
vn -0.1866 -0.0259 0.9821
vn -0.0378 0.0209 0.9991
vn -0.0348 0.0498 0.9982
vn -0.0488 0.0248 0.9985
vn -0.0567 0.0262 0.9981
vn -0.0664 0.0257 0.9975
vn -0.0365 0.0431 0.9984
vn -0.0516 0.0457 0.9976
vn -0.0546 0.0482 0.9973
vn -0.0483 0.0436 0.9979
vn -0.0434 0.0419 0.9982
vn -0.0394 0.0421 0.9983
vn -0.0836 0.0113 0.9964
vn -0.0533 0.0313 0.9981
vn -0.0557 0.0334 0.9979
vn -0.0638 0.0380 0.9972
vn -0.0624 0.0375 0.9973
vn -0.0491 0.0354 0.9982
vn -0.0570 0.0512 0.9971
vn -0.0560 0.0499 0.9972
vn -0.0361 0.0489 0.9982
vn -0.0548 0.0322 0.9980
vn -0.0552 0.0332 0.9979
vn -0.0843 0.0137 0.9963
vn -0.0823 0.0166 0.9965
vn -0.1454 -0.0101 0.9893
vn -0.1295 -0.0075 0.9916
vn -0.0976 0.0147 0.9951
vn -0.1007 0.0172 0.9948
vn -0.0949 0.0160 0.9954
vn -0.0953 0.0135 0.9954
vn -0.0921 0.0108 0.9957
vn -0.9957 0.0927 0.0001
vn -0.9898 0.1417 0.0126
vn -0.8818 0.4708 0.0268
vn -0.8735 0.4854 0.0375
vn -0.9583 0.2855 -0.0106
vn -0.4394 0.8983 -0.0000
vn -0.5624 0.8267 0.0187
vn -0.5992 0.7994 0.0438
vn -0.7045 0.7097 -0.0000
vn -0.7858 0.6185 -0.0000
vn -0.2046 0.9785 0.0275
vn -0.1629 0.9841 0.0708
vn -0.3357 0.9420 -0.0000
vn 0.6178 0.7827 0.0758
vn 0.5121 0.8589 -0.0084
vn 0.2290 0.9733 0.0170
vn 0.2923 0.9506 0.1042
vn 0.0775 0.9969 -0.0132
vn 0.8918 0.4479 0.0646
vn 0.8390 0.5441 -0.0021
vn 0.6934 0.7205 0.0022
vn 0.9999 -0.0103 -0.0000
vn 1.0000 -0.0060 -0.0000
vn 0.9931 0.1169 0.0024
vn 0.9935 0.1133 0.0042
vn 0.9403 0.3402 -0.0036
vn 0.9937 -0.1123 -0.0000
vn 0.9849 -0.1715 0.0225
vn 0.9522 -0.3054 -0.0086
vn 0.8657 -0.5002 0.0209
vn 0.8352 -0.5479 0.0473
vn 0.7468 -0.6651 -0.0000
vn 0.2450 -0.9695 -0.0000
vn 0.3570 -0.9341 0.0007
vn 0.4733 -0.8798 0.0436
vn 0.5607 -0.8280 0.0060
vn 0.6645 -0.7473 -0.0000
vn 0.1359 -0.9907 -0.0000
vn -0.0031 -0.9992 0.0409
vn -0.0872 -0.9961 0.0093
vn -0.6423 -0.7664 -0.0000
vn -0.5051 -0.8627 0.0230
vn -0.4788 -0.8771 0.0363
vn -0.3265 -0.9452 -0.0000
vn -0.2245 -0.9745 -0.0000
vn -0.7281 -0.6854 -0.0000
vn -0.8390 -0.5431 0.0336
vn -0.8393 -0.5427 0.0334
vn -0.9436 -0.3311 -0.0097
vn -0.9876 -0.1562 0.0179
vn -0.9945 -0.1048 0.0001
vn -0.9768 0.2140 -0.0000
vn -0.9764 0.2159 -0.0000
vn -0.9762 0.2169 -0.0004
vn -0.9760 0.2179 -0.0000
vn -0.9308 0.3656 -0.0000
vn -0.9508 0.3098 -0.0000
vn -0.9671 0.2543 0.0108
vn -0.9745 0.2240 -0.0125
vn -0.9701 0.2426 0.0051
vn -0.9772 0.2121 -0.0000
vn -0.9773 0.2120 -0.0000
vn -0.8818 0.4706 0.0306
vn -0.8946 0.4467 0.0118
vn -0.8280 0.5607 -0.0000
vn -0.7770 0.6295 -0.0000
vn -0.7239 0.6893 0.0288
vn -0.6844 0.7291 -0.0000
vn 0.2610 -0.9645 -0.0401
vn -0.5619 -0.8200 -0.1092
vn 0.0544 -0.9876 -0.1475
vn -0.4872 -0.8475 -0.2109
vn -0.3207 -0.9150 -0.2447
vn 0.8561 -0.5162 0.0243
vn -0.9970 0.0617 0.0474
vn -0.3253 -0.9281 0.1811
vn -0.9655 0.2604 -0.0000
vn -0.9659 0.2590 -0.0000
vn -0.9659 0.2590 0.0001
vn -0.9654 0.2607 0.0031
vn -0.9653 0.2610 -0.0001
vn -0.9655 0.2604 -0.0037
vn -0.9652 0.2613 -0.0042
vn -0.9659 0.2590 -0.0001
vn -0.9660 0.2585 0.0020
vn -0.9655 0.2604 0.0008
vn -0.9655 0.2603 -0.0000
vn -0.9655 0.2604 -0.0001
vn -0.9656 0.2602 -0.0025
vn -0.9655 0.2605 0.0008
vn -0.9656 0.2601 0.0002
vn -0.9655 0.2603 -0.0004
vn 0.0924 -0.9957 0.0010
vn 0.0623 -0.9981 0.0028
vn 0.0942 -0.9955 0.0045
vn 0.0943 -0.9952 0.0248
vn -0.1592 -0.9867 0.0319
vn 0.0782 -0.9955 0.0539
vn -0.0131 -0.9976 0.0673
vn 0.0402 -0.9969 0.0680
vn 0.0399 -0.9980 0.0493
vn 0.0924 -0.9957 -0.0014
vn -0.0222 -0.9997 -0.0051
vn 0.2000 -0.9796 -0.0207
vn -0.0415 -0.9985 -0.0351
vn 0.0941 -0.9945 -0.0470
vn -0.0259 -0.9977 -0.0622
vn -0.0164 -0.9979 -0.0626
vn 0.0075 -0.9975 -0.0700
vn -0.0456 -0.9963 -0.0734
vn -0.0454 -0.9965 -0.0700
vn -0.0713 -0.9948 -0.0723
vn -0.0811 -0.9958 -0.0434
vn -0.7419 -0.6706 -0.0000
vn -0.9948 -0.0980 -0.0266
vn -0.9930 -0.1109 -0.0411
vn -0.9993 -0.0351 0.0109
vn -0.9986 -0.0532 0.0032
vn -0.9995 -0.0300 0.0078
vn -0.9987 -0.0497 0.0053
vn -0.9969 -0.0786 0.0025
vn -0.9938 -0.1108 0.0005
vn -0.9970 -0.0778 -0.0020
vn -0.9950 -0.0997 -0.0007
vn -0.9982 -0.0604 -0.0042
vn -0.9999 0.0028 -0.0113
vn -0.9992 -0.0392 -0.0032
vn -0.9976 -0.0692 0.0036
vn -0.9982 -0.0605 -0.0001
vn -0.9933 -0.1109 0.0328
vn -0.6678 -0.7442 0.0133
vn -0.6148 -0.7887 0.0051
vn -0.6974 -0.7166 0.0012
vn -0.6360 -0.7716 0.0095
vn -0.5700 -0.8217 0.0036
vn -0.4973 -0.8676 -0.0000
vn -0.8877 -0.4605 0.0002
vn -0.8295 -0.5581 -0.0201
vn -0.8894 -0.4570 -0.0070
vn -0.9228 -0.3853 -0.0017
vn -0.9930 -0.1183 0.0001
vn -0.9927 -0.1210 -0.0000
vn -0.9348 -0.3551 -0.0000
vn -0.9353 -0.3539 0.0001
vn -0.9279 -0.3729 0.0008
vn -0.8911 -0.4538 0.0067
vn -0.8877 -0.4604 0.0076
vn -0.7967 -0.6043 -0.0000
vn -0.7417 -0.6707 -0.0000
vn -0.4986 -0.8668 -0.0000
vn -0.5711 -0.8209 -0.0036
vn -0.6191 -0.7852 -0.0079
vn -0.6148 -0.7886 -0.0074
vn -0.6679 -0.7442 -0.0030
vn -0.7113 -0.7029 -0.0008
vn -0.6753 -0.7375 0.0007
vn -0.6732 -0.7394 -0.0027
vn -0.6837 -0.7276 -0.0563
vn -0.6730 -0.7384 -0.0425
vn -0.6789 -0.7335 -0.0339
vn -0.6762 -0.7332 -0.0719
vn -0.6758 -0.7335 -0.0721
vn -0.6786 -0.7311 -0.0710
vn -0.6810 -0.7322 -0.0094
vn -0.6777 -0.7350 -0.0223
vn -0.6701 -0.7416 -0.0333
vn -0.6856 -0.7268 -0.0429
vn -0.6743 -0.7355 -0.0662
vn -0.6845 -0.7256 -0.0705
vn -0.6807 -0.7284 -0.0780
vn -0.6866 -0.7236 0.0711
vn -0.6963 -0.7141 0.0725
vn -0.6774 -0.7319 0.0740
vn -0.6825 -0.7303 0.0285
vn -0.6731 -0.7383 0.0426
vn -0.6832 -0.7281 0.0556
vn -0.6736 -0.7352 0.0755
vn -0.6486 -0.7595 0.0504
vn -0.6755 -0.7343 0.0665
vn -0.6867 -0.7256 0.0431
vn -0.6707 -0.7410 0.0330
vn -0.6781 -0.7347 0.0221
vn -0.6767 -0.7362 0.0062
vn -0.6788 -0.7343 0.0034
vn -0.6753 -0.7375 -0.0003
vn -0.9797 -0.1773 -0.0930
vn -0.5971 -0.8022 -0.0000
vn -0.5625 -0.8266 -0.0159
vn -0.5891 -0.8080 -0.0052
vn -0.5989 -0.8008 0.0021
vn -0.5679 -0.8230 0.0135
vn -0.9689 -0.2469 -0.0163
vn -0.8615 -0.5065 0.0359
vn -0.8505 -0.5254 0.0232
vn -0.8481 -0.5294 0.0233
vn -0.8340 -0.5516 0.0153
vn -0.8199 -0.5724 0.0087
vn -0.6088 -0.7934 0.0005
vn -0.6069 -0.7948 -0.0000
vn -0.7858 -0.6184 -0.0000
vn -0.7948 -0.6068 0.0017
vn -0.7948 -0.6069 -0.0017
vn -0.8199 -0.5724 -0.0087
vn -0.8341 -0.5514 -0.0154
vn -0.8481 -0.5293 -0.0234
vn -0.8618 -0.5060 -0.0363
vn -0.8505 -0.5254 -0.0231
vn -0.9351 -0.3542 0.0040
vn -0.9554 -0.2952 -0.0038
vn -0.9793 -0.1773 0.0978
vn -0.9697 -0.2435 0.0172
vn -0.9560 -0.2934 0.0043
vn -0.9365 -0.3507 -0.0046
vn -0.3238 -0.3283 -0.8874
vn -0.2303 -0.3260 -0.9169
vn -0.1125 -0.4054 -0.9072
vn -0.4334 -0.4521 -0.7796
vn -0.3596 -0.4079 -0.8392
vn -0.3630 -0.4215 -0.8310
vn -0.5151 -0.4529 -0.7277
vn 0.9917 0.1234 0.0359
vn 0.9424 -0.3346 -0.0001
vn -0.8696 0.4937 -0.0035
vn -0.9309 0.3612 -0.0548
vn -0.9104 0.4044 -0.0873
vn -0.9534 0.3012 -0.0179
vn -0.9536 -0.3012 -0.0000
vn -0.9871 -0.1589 -0.0176
vn -0.9935 -0.1020 -0.0500
vn -0.9990 0.0457 -0.0000
vn -0.9864 0.1646 -0.0000
vn -0.6727 -0.7399 -0.0000
vn -0.7552 -0.6555 -0.0000
vn -0.8384 -0.5430 -0.0473
vn -0.8735 -0.4867 -0.0147
vn -0.9333 -0.3591 -0.0000
vn -0.5637 -0.8259 -0.0105
vn -0.4994 -0.8651 -0.0460
vn -0.3755 -0.9268 -0.0000
vn -0.0510 -0.9976 -0.0475
vn -0.1428 -0.9897 -0.0059
vn -0.2708 -0.9626 -0.0000
vn 0.4084 -0.9113 -0.0526
vn 0.3017 -0.9534 -0.0001
vn 0.0802 -0.9968 0.0001
vn 0.8989 -0.4383 -0.0000
vn 0.8327 -0.5537 -0.0101
vn 0.7778 -0.6251 -0.0648
vn 0.6927 -0.7212 -0.0004
vn 0.5172 -0.8559 0.0005
vn 0.9769 -0.2027 -0.0681
vn 0.9588 -0.1433 -0.2453
vn 0.9750 -0.1863 -0.1214
vn -0.3890 0.9212 -0.0001
vn -0.2629 0.9591 -0.1046
vn -0.2508 0.9592 -0.1308
vn -0.1223 0.9919 -0.0335
vn 0.0724 0.9959 0.0548
vn -0.8069 0.5907 0.0015
vn -0.7145 0.6993 -0.0225
vn -0.6637 0.7443 -0.0749
vn -0.5765 0.8169 -0.0138
vn -0.4908 0.8713 -0.0000
vn -0.0117 0.0409 -0.9991
vn -0.0336 0.1175 -0.9925
vn 0.0116 0.0617 -0.9980
vn -0.0111 0.0486 -0.9988
vn -0.0356 0.1746 -0.9840
vn -0.0473 0.1868 -0.9813
vn -0.0189 0.2034 -0.9789
vn -0.0585 0.2925 -0.9545
vn -0.0362 0.3573 -0.9333
vn -0.0685 0.3699 -0.9265
vn -0.0377 0.3020 -0.9526
vn -0.0387 0.3604 -0.9320
vn -0.0465 0.3729 -0.9267
vn -0.0426 0.3693 -0.9283
vn -0.0264 0.3418 -0.9394
vn -0.0341 0.3579 -0.9331
vn -0.0428 0.3808 -0.9237
vn -0.0079 0.3478 -0.9375
vn 0.0079 0.3119 -0.9501
vn -0.0206 0.4650 -0.8851
vn -0.0172 0.3805 -0.9246
vn -0.0231 0.3786 -0.9253
vn -0.0283 0.3295 -0.9437
vn -0.0205 0.2791 -0.9600
vn -0.0194 0.3162 -0.9485
vn -0.0143 0.3343 -0.9424
vn -0.0193 0.2797 -0.9599
vn -0.0258 0.2313 -0.9725
vn -0.0064 0.2081 -0.9781
vn -0.0041 0.2094 -0.9778
vn -0.0057 0.1154 -0.9933
vn 0.0305 0.0724 -0.9969
vn -0.0044 0.2103 -0.9776
vn 0.0298 0.2273 -0.9734
vn 0.0371 0.1489 -0.9881
vn 0.0363 0.1485 -0.9882
vn 0.0306 0.0721 -0.9969
vn -0.0066 0.2090 -0.9779
vn -0.0113 0.2819 -0.9594
vn -0.0123 0.2523 -0.9676
vn -0.0061 0.2555 -0.9668
vn 0.0058 0.2137 -0.9769
vn 0.0057 0.2582 -0.9661
vn 0.0052 0.2580 -0.9661
vn -0.0127 0.2848 -0.9585
vn -0.0112 0.2815 -0.9595
vn 0.0114 0.3159 -0.9487
vn 0.0079 0.3146 -0.9492
vn -0.0017 0.2855 -0.9584
vn -0.0018 0.3757 -0.9267
vn 0.0288 0.2615 -0.9648
vn 0.0128 0.3706 -0.9287
vn -0.0104 0.2823 -0.9593
vn -0.0080 0.3073 -0.9516
vn -0.0069 0.3077 -0.9514
vn -0.0045 0.3288 -0.9444
vn 0.0002 0.3392 -0.9407
vn -0.0040 0.2885 -0.9575
vn 0.0058 0.2760 -0.9611
vn -0.0039 0.3085 -0.9512
vn 0.0127 0.3146 -0.9492
vn -0.0028 0.3237 -0.9461
vn 0.0101 0.3283 -0.9445
vn 0.0004 0.3385 -0.9410
vn -0.0082 0.3363 -0.9417
vn -0.0103 0.3845 -0.9231
vn 0.0075 0.3408 -0.9401
vn -0.0039 0.3881 -0.9216
vn 0.0049 0.3679 -0.9298
vn -0.0113 0.4137 -0.9103
vn 0.0535 0.2677 -0.9620
vn 0.0323 0.3219 -0.9462
vn 0.0067 0.3787 -0.9255
vn -0.0131 0.4254 -0.9049
vn 0.0068 0.3896 -0.9210
vn -0.0063 0.4690 -0.8832
vn 0.0239 0.3965 -0.9177
vn 0.0016 0.4682 -0.8836
vn 0.0056 0.4593 -0.8883
vn 0.0225 0.4243 -0.9052
vn -0.0224 0.5267 -0.8498
vn 0.0684 0.3286 -0.9420
vn 0.0385 0.4012 -0.9152
vn 0.0224 0.4360 -0.8997
vn -0.0122 0.5124 -0.8587
vn -0.0087 0.5851 -0.8109
vn -0.0294 0.5463 -0.8371
vn -0.0487 0.6287 -0.7761
vn -0.0321 0.5912 -0.8059
vn -0.0344 0.6226 -0.7818
vn -0.0003 0.5773 -0.8165
vn -0.0445 0.5635 -0.8249
vn -0.0334 0.5317 -0.8463
vn -0.0451 0.5813 -0.8124
vn -0.0938 0.6496 -0.7545
vn -0.0379 0.6281 -0.7772
vn -0.0592 0.5295 -0.8462
vn -0.0460 0.5224 -0.8515
vn -0.0452 0.5218 -0.8519
vn -0.0733 0.5466 -0.8342
vn -0.0070 0.5228 -0.8524
vn -0.0075 0.5223 -0.8527
vn -0.0041 0.5191 -0.8547
vn -0.0016 0.5177 -0.8556
vn -0.0091 0.5131 -0.8583
vn -0.0466 0.4833 -0.8742
vn -0.0226 0.4874 -0.8729
vn -0.0497 0.4809 -0.8754
vn -0.0490 0.4807 -0.8755
vn 0.0261 0.4794 -0.8772
vn -0.0287 0.4217 -0.9063
vn -0.0397 0.4170 -0.9080
vn -0.1025 0.4182 -0.9026
vn -0.0040 0.4011 -0.9160
vn 0.0187 0.3841 -0.9231
vn -0.0021 0.4051 -0.9143
vn 0.0414 0.3580 -0.9328
vn -0.0194 0.3852 -0.9226
vn 0.0098 0.3640 -0.9313
vn -0.0184 0.3891 -0.9210
vn -0.0518 0.4512 -0.8909
vn 0.0366 0.3537 -0.9346
vn 0.0033 0.2663 -0.9639
vn 0.0704 0.2578 -0.9636
vn 0.0825 0.0966 -0.9919
vn 0.0542 0.1046 -0.9930
vn 0.0740 0.1661 -0.9833
vn 0.0889 0.1772 -0.9801
vn 0.0309 0.2243 -0.9740
vn 0.0711 0.2330 -0.9699
vn 0.0885 0.1380 -0.9865
vn 0.1194 0.1581 -0.9802
vn 0.0794 0.2155 -0.9733
vn 0.0889 0.0813 -0.9927
vn 0.0925 0.1675 -0.9815
vn 0.0776 0.1569 -0.9846
vn 0.0924 0.1281 -0.9874
vn 0.0874 0.1237 -0.9885
vn 0.0854 0.1413 -0.9863
vn 0.0780 0.2383 -0.9681
vn 0.0401 0.3610 -0.9317
vn 0.0306 0.3678 -0.9294
vn 0.1019 0.2933 -0.9506
vn 0.0739 0.2693 -0.9602
vn 0.1109 0.2389 -0.9647
vn 0.0264 0.3501 -0.9363
vn 0.0340 0.4622 -0.8861
vn 0.0359 0.4613 -0.8865
vn 0.0260 0.5105 -0.8595
vn 0.0320 0.4583 -0.8882
vn 0.0220 0.5647 -0.8250
vn 0.0373 0.5186 -0.8542
vn 0.0445 0.5786 -0.8144
vn 0.0448 0.5864 -0.8088
vn -0.0287 0.6497 -0.7597
vn -0.0140 0.6433 -0.7655
vn -0.0241 0.6493 -0.7601
vn 0.0034 0.6479 -0.7617
vn -0.0091 0.6522 -0.7580
vn 0.0090 0.4732 -0.8809
vn 0.0013 0.4442 -0.8959
vn -0.0039 0.4667 -0.8844
vn -0.0045 0.4309 -0.9024
vn -0.0106 0.4550 -0.8905
vn -0.0050 0.4248 -0.9053
vn -0.0312 0.5240 -0.8512
vn -0.0506 0.6177 -0.7848
vn 0.0154 0.3960 -0.9181
vn -0.0528 0.6886 -0.7232
vn 0.0158 0.5205 -0.8537
vn -0.0225 0.6374 -0.7702
vn 0.0347 0.4466 -0.8940
vn 0.0196 0.4760 -0.8792
vn 0.0146 0.4429 -0.8965
vn 0.0345 0.3199 -0.9468
vn 0.0484 0.3308 -0.9424
vn 0.0423 0.3346 -0.9414
vn 0.0354 0.3343 -0.9418
vn 0.0505 0.3315 -0.9421
vn -0.5224 0.6854 0.5073
vn -0.4288 0.7226 0.5422
vn -0.5755 0.7376 0.3533
vn -0.5665 0.6011 0.5638
vn -0.6100 0.6581 0.4413
vn -0.6233 0.5736 0.5316
vn -0.5968 0.5440 0.5898
vn -0.6977 0.5462 0.4636
vn -0.6815 0.5339 0.5006
vn -0.5802 0.4069 0.7056
vn -0.3640 0.2233 0.9042
vn -0.4814 0.2956 0.8252
vn -0.4752 0.2952 0.8289
vn -0.4656 0.3102 0.8288
vn -0.6061 0.4038 0.6852
vn -0.5830 0.4029 0.7055
vn -0.1748 0.0818 0.9812
vn -0.1738 0.0764 0.9818
vn -0.2910 0.1692 0.9417
vn -0.3699 0.2139 0.9041
vn -0.3696 0.2139 0.9042
vn -0.2560 0.1963 0.9465
vn -0.2555 0.1970 0.9465
vn -0.1550 0.0988 0.9830
vn -0.1455 0.0938 0.9849
vn -0.1492 0.0881 0.9849
vn -0.1544 0.1302 0.9794
vn -0.0897 0.0818 0.9926
vn -0.1375 0.1375 0.9809
vn -0.0863 0.0912 0.9921
vn -0.1176 0.1419 0.9829
vn -0.0761 0.0974 0.9923
vn -0.1124 0.1715 0.9787
vn -0.0631 0.1050 0.9925
vn -0.0726 0.1311 0.9887
vn -0.4835 0.7824 0.3925
vn -0.3648 0.6105 0.7030
vn -0.4377 0.5602 0.7033
vn -0.4341 0.5562 0.7086
vn -0.4844 0.5128 0.7088
vn -0.4719 0.5013 0.7253
vn -0.5078 0.4648 0.7253
vn -0.4841 0.4455 0.7531
vn -0.5207 0.4028 0.7528
vn -0.4221 0.3282 0.8451
vn -0.4451 0.2956 0.8453
vn -0.3414 0.2282 0.9118
vn -0.3504 0.2139 0.9118
vn -0.2325 0.1441 0.9619
vn -0.0797 0.0277 0.9964
vn -0.2606 0.4252 0.8668
vn -0.2268 0.3766 0.8982
vn -0.2706 0.3463 0.8983
vn -0.2681 0.3435 0.9001
vn -0.2992 0.3166 0.9001
vn -0.2908 0.3087 0.9056
vn -0.3129 0.2862 0.9057
vn -0.2967 0.2728 0.9152
vn -0.3182 0.2478 0.9151
vn -0.0617 0.0469 0.9970
vn -0.1229 0.0887 0.9884
vn 0.0902 0.2236 0.9705
vn 0.0924 0.1677 0.9815
vn 0.0802 0.1590 0.9840
vn 0.0898 0.1259 0.9880
vn 0.0711 0.2330 0.9699
vn 0.1090 0.1513 0.9825
vn 0.0886 0.1380 0.9865
vn 0.0854 0.1413 0.9863
vn 0.0874 0.1238 0.9885
vn 0.0889 0.0812 0.9927
vn 0.1109 0.2389 0.9647
vn 0.0401 0.3610 0.9317
vn 0.0826 0.3299 0.9404
vn 0.0720 0.2677 0.9608
vn 0.0739 0.2694 0.9602
vn 0.0780 0.2383 0.9681
vn 0.0038 0.4727 0.8812
vn 0.0262 0.4425 0.8964
vn 0.0595 0.4216 0.9048
vn 0.0393 0.3604 0.9320
vn 0.1644 -0.9864 -0.0000
vn 0.0610 -0.6035 -0.7950
vn 0.0181 0.4838 0.8750
vn -0.0040 0.5051 0.8630
vn 0.0104 0.4991 0.8665
vn 0.0402 0.4907 0.8704
vn 0.0381 0.4516 0.8914
vn 0.4982 -0.6131 0.6131
vn 0.2873 -0.9578 -0.0000
vn 0.6508 -0.7593 -0.0000
vn 0.0610 -0.6033 -0.7951
vn -0.0610 0.6034 0.7951
vn 0.3029 -0.8275 0.4728
vn 0.4753 -0.7530 0.4551
vn 0.4760 -0.7546 0.4516
vn 0.0122 0.5026 0.8644
vn 0.0141 0.4877 0.8729
vn 0.0108 0.5576 0.8300
vn 0.0505 0.5279 0.8478
vn -0.0466 0.5659 0.8231
vn -0.0527 0.5759 0.8158
vn -0.0268 0.5563 0.8305
vn -0.0292 0.5460 0.8372
vn -0.0481 0.6265 0.7780
vn -0.0251 0.5968 0.8020
vn -0.0334 0.6264 0.7788
vn -0.0601 0.6369 0.7686
vn -0.0098 0.5867 0.8098
vn -0.0332 0.5621 0.8264
vn -0.0333 0.5621 0.8264
vn -0.0333 0.5615 0.8268
vn -0.0333 0.5623 0.8263
vn -0.0333 0.5622 0.8263
vn -0.0332 0.5619 0.8265
vn -0.0756 0.5509 0.8311
vn -0.0583 0.5283 0.8471
vn -0.0156 0.5092 0.8605
vn -0.0333 0.5622 0.8264
vn -0.0498 0.4530 0.8901
vn -0.0461 0.4821 0.8749
vn 0.0297 0.4086 0.9122
vn 0.0118 0.4210 0.9070
vn -0.0496 0.4807 0.8755
vn -0.0005 0.4802 0.8772
vn -0.0301 0.4258 0.9043
vn -0.0275 0.4281 0.9033
vn -0.0612 0.3525 0.9338
vn 0.0124 0.4216 0.9067
vn 0.0437 0.4396 0.8971
vn -0.0520 0.4516 0.8907
vn -0.0144 0.3816 0.9242
vn 0.0308 0.3485 0.9368
vn -0.0103 0.3114 0.9502
vn 0.0763 0.2570 0.9634
vn 0.0704 0.2578 0.9636
vn 0.0612 0.2500 0.9663
vn 0.0569 0.1534 0.9865
vn 0.0396 0.1404 0.9893
vn 0.1034 0.0906 0.9905
vn 0.0825 0.0966 0.9919
vn 0.0298 0.2273 0.9734
vn -0.0044 0.2103 0.9776
vn 0.0371 0.1489 0.9882
vn 0.0081 0.1318 0.9912
vn 0.0604 0.0893 0.9942
vn 0.0170 0.2201 0.9753
vn -0.0053 0.2525 0.9676
vn 0.0052 0.2157 0.9765
vn -0.0178 0.2495 0.9682
vn -0.0037 0.2895 0.9572
vn 0.0005 0.2555 0.9668
vn -0.0112 0.2815 0.9595
vn -0.0045 0.2563 0.9666
vn -0.0190 0.2786 0.9602
vn 0.0025 0.2873 0.9579
vn -0.0079 0.3070 0.9517
vn 0.0015 0.3104 0.9506
vn 0.0128 0.3706 0.9287
vn 0.0288 0.2616 0.9648
vn -0.0019 0.3757 0.9267
vn -0.0019 0.2860 0.9582
vn -0.0162 0.3042 0.9525
vn 0.0013 0.3108 0.9505
vn -0.0097 0.3175 0.9482
vn 0.0002 0.3392 0.9407
vn 0.0004 0.3385 0.9410
vn 0.0101 0.3283 0.9445
vn 0.0026 0.3256 0.9455
vn 0.0114 0.3160 0.9487
vn -0.0043 0.3099 0.9508
vn 0.0313 0.2435 0.9694
vn -0.0045 0.2891 0.9573
vn 0.0086 0.3795 0.9252
vn -0.0148 0.4248 0.9052
vn 0.0559 0.2684 0.9617
vn 0.0302 0.3215 0.9464
vn 0.0089 0.3693 0.9293
vn -0.0148 0.4126 0.9108
vn 0.0156 0.3435 0.9390
vn -0.0109 0.3860 0.9224
vn 0.0072 0.3415 0.9398
vn -0.0237 0.3804 0.9245
vn 0.0246 0.4365 0.8994
vn -0.0098 0.5037 0.8638
vn 0.0705 0.3289 0.9417
vn 0.0352 0.4040 0.9141
vn 0.0256 0.4252 0.9047
vn -0.0091 0.4918 0.8707
vn 0.0324 0.3989 0.9164
vn -0.0056 0.4673 0.8841
vn 0.0246 0.3948 0.9184
vn -0.0206 0.4650 0.8851
vn -0.0401 0.4594 0.8873
vn 0.0074 0.3878 0.9217
vn -0.0407 0.3732 0.9268
vn -0.0082 0.3363 0.9417
vn -0.0107 0.2834 0.9589
vn -0.0246 0.2975 0.9544
vn -0.0143 0.3343 0.9424
vn -0.0360 0.2723 0.9615
vn 0.0011 0.1992 0.9800
vn -0.0064 0.2082 0.9781
vn -0.0313 0.1940 0.9805
vn 0.0452 0.0549 0.9975
vn 0.0305 0.0724 0.9969
vn -0.0117 0.0408 0.9991
vn -0.0323 0.1131 0.9931
vn -0.1176 0.3734 0.9202
vn 0.0116 0.0616 0.9980
vn 0.0117 0.0613 0.9981
vn -0.0609 0.2008 0.9777
vn -0.0472 0.1867 0.9813
vn -0.0429 0.2996 0.9531
vn -0.0293 0.1973 0.9799
vn -0.0387 0.3604 0.9320
vn -0.0377 0.3019 0.9526
vn -0.0466 0.3730 0.9267
vn -0.0426 0.3694 0.9283
vn -0.0684 0.3699 0.9266
vn -0.0362 0.3573 0.9333
vn -0.0428 0.3808 0.9237
vn -0.0341 0.3580 0.9331
vn -0.0315 0.3525 0.9353
vn -0.0218 0.3432 0.9390
vn 0.0026 0.3102 0.9507
vn 0.0048 0.3518 0.9361
vn 0.0330 0.3194 0.9471
vn 0.0472 0.3421 0.9385
vn 0.0474 0.3268 0.9439
vn 0.0403 0.3341 0.9417
vn 0.0427 0.3282 0.9437
vn 0.0090 0.4732 0.8809
vn 0.0346 0.4476 0.8936
vn 0.0343 0.5162 0.8558
vn -0.0451 0.6587 0.7511
vn 0.0525 0.4077 0.9116
vn -0.0645 0.6588 0.7496
vn -0.0606 0.6471 0.7600
vn -0.0266 0.4867 0.8732
vn 0.0002 0.4061 0.9138
vn -0.0148 0.4647 0.8853
vn 0.0080 0.4228 0.9062
vn -0.0052 0.4693 0.8830
vn 0.0135 0.4489 0.8935
vn -0.0279 0.6365 0.7708
vn -0.0165 0.6253 0.7802
vn -0.0058 0.6597 0.7515
vn -0.0078 0.6596 0.7516
vn -0.0202 0.6593 0.7516
vn -0.0083 0.6511 0.7589
vn -0.0278 0.6392 0.7686
vn -0.0305 0.6407 0.7672
vn -0.0117 0.6443 0.7646
vn 0.0488 0.5812 0.8123
vn 0.0300 0.5877 0.8085
vn 0.0467 0.5874 0.8079
vn 0.1177 0.4943 0.8613
vn 0.1106 0.4975 0.8604
vn 0.1120 0.4431 0.8895
vn 0.0965 0.4814 0.8711
vn 0.0967 0.4076 0.9080
vn 0.0891 0.4272 0.8997
vn 0.1319 0.3874 0.9124
vn 0.0769 0.3931 0.9163
vn 0.1210 0.3419 0.9319
vn 0.1046 0.3680 0.9239
vn 0.1461 0.3197 0.9362
vn 0.1240 0.3038 0.9446
vn 0.0888 0.3182 0.9438
vn 0.1468 0.2147 0.9656
vn 0.1451 0.2423 0.9593
vn 0.1158 0.2539 0.9603
vn 0.1193 0.2223 0.9676
vn 0.1098 0.1893 0.9758
vn 0.0978 0.2068 0.9735
vn 0.1112 0.0845 0.9902
vn 0.0554 0.2474 0.9673
vn 0.1457 0.0965 0.9846
vn 0.0578 0.0226 0.9981
vn 0.0468 0.0496 0.9977
vn 0.2755 -0.4402 0.8546
vn 0.0608 0.0524 0.9968
vn 0.0375 0.0517 0.9980
vn 0.0579 0.0225 0.9981
vn 0.0167 0.0572 0.9982
vn 0.0535 0.0209 0.9983
vn 0.0140 0.0626 0.9979
vn 0.0223 0.0087 0.9997
vn -0.0088 0.0498 0.9987
vn 0.0012 0.0005 1.0000
vn 0.0027 0.0019 1.0000
vn 0.0025 0.0012 1.0000
vn -0.0142 0.0469 0.9988
vn -0.0142 0.0470 0.9988
vn -0.0010 0.0336 0.9994
vn 0.0010 0.0052 1.0000
vn 0.0002 0.0021 1.0000
vn 0.0004 0.0002 1.0000
vn 0.0002 0.0055 1.0000
vn -0.0024 0.0090 1.0000
vn 0.0015 0.0006 1.0000
vn 0.0029 0.0003 1.0000
vn 0.0046 0.0018 1.0000
vn 0.0418 -0.0058 0.9991
vn 0.0408 -0.0039 0.9992
vn 0.0433 -0.0034 0.9991
vn 0.0337 -0.0094 0.9994
vn 0.0378 -0.0018 0.9993
vn 0.0267 0.0045 0.9996
vn 0.0328 0.0034 0.9995
vn 0.0305 0.0014 0.9995
vn 0.0384 -0.0005 0.9993
vn 0.0371 -0.0019 0.9993
vn 0.0290 0.0046 0.9996
vn 0.0355 0.0070 0.9993
vn 0.0309 0.0051 0.9995
vn 0.0325 0.0060 0.9995
vn 0.0337 0.0068 0.9994
vn 0.0318 0.0044 0.9995
vn 0.0281 0.0066 0.9996
vn 0.0173 0.0064 0.9998
vn 0.0182 0.0067 0.9998
vn 0.0101 0.0037 0.9999
vn 0.0114 0.0046 0.9999
vn 0.0915 -0.0125 0.9957
vn 0.0924 -0.0045 0.9957
vn 0.1019 0.1244 0.9870
vn 0.1025 0.1235 0.9870
vn 0.1416 0.8229 0.5503
vn 0.1461 0.8164 0.5587
vn 0.1170 0.8377 0.5335
vn 0.1316 0.6323 0.7634
vn 0.1412 0.6455 0.7506
vn 0.1209 0.3842 0.9153
vn 0.1284 0.3958 0.9093
vn 0.1019 0.1254 0.9869
vn 0.1626 0.8202 0.5485
vn 0.1331 0.0954 0.9865
vn 0.0952 -0.0130 0.9954
vn 0.1229 0.1037 0.9870
vn 0.1176 -0.0081 0.9930
vn 0.3805 0.7583 0.5294
vn 0.2438 0.8005 0.5475
vn 0.1244 0.1213 0.9848
vn 0.1766 0.3632 0.9148
vn 0.1764 0.3762 0.9096
vn 0.2189 0.6092 0.7622
vn 0.2180 0.6193 0.7543
vn 0.2418 0.7963 0.5545
vn 0.1660 0.8195 0.5485
vn 0.4458 0.7655 0.4639
vn 0.4479 0.7645 0.4636
vn 0.3736 0.7932 0.4810
vn 0.3277 0.5733 0.7510
vn 0.3275 0.6127 0.7193
vn 0.2437 0.3411 0.9079
vn 0.2458 0.3612 0.8995
vn 0.1439 0.0896 0.9855
vn 0.1437 0.0889 0.9856
vn 0.4605 0.7580 0.4620
vn 0.1723 0.1089 0.9790
vn 0.1705 0.1150 0.9786
vn 0.1699 0.0759 0.9825
vn 0.3003 0.4284 0.8522
vn 0.3140 0.3270 0.8913
vn 0.3908 0.6940 0.6047
vn 0.4403 0.5553 0.7055
vn 0.4307 0.8308 0.3524
vn 0.4806 0.7298 0.4863
vn 0.1752 0.0751 0.9817
vn 0.6622 0.6993 0.2692
vn 0.5211 0.7816 0.3427
vn 0.1777 0.1071 0.9782
vn 0.1754 0.1072 0.9787
vn 0.5535 0.6637 0.5031
vn 0.7450 0.6446 0.1718
vn 0.7179 0.6383 0.2780
vn 0.7177 0.5528 0.4234
vn 0.6061 0.5196 0.6022
vn 0.5724 0.4425 0.6903
vn 0.4203 0.3128 0.8517
vn 0.4267 0.3327 0.8409
vn 0.1757 0.0751 0.9816
vn 0.1167 0.0592 0.9914
vn 0.3003 0.1811 0.9365
vn 0.1803 0.0832 0.9801
vn 0.1815 0.0823 0.9799
vn 0.6285 0.7283 0.2732
vn 0.5614 0.7397 0.3710
vn 0.5015 0.6187 0.6047
vn 0.5087 0.6265 0.5905
vn 0.3611 0.3770 0.8529
vn 0.3711 0.3882 0.8436
vn 0.1889 0.1104 0.9758
vn 0.1878 0.1093 0.9761
vn 0.1792 0.0813 0.9805
vn 0.4076 0.3267 0.8527
vn 0.4124 0.3342 0.8475
vn 0.5884 0.5383 0.6033
vn 0.5913 0.5442 0.5952
vn 0.6855 0.6719 0.2804
vn 0.6665 0.6053 0.4353
vn -0.1976 0.9803 0.0002
vn -0.1911 0.9816 -0.0003
vn -0.1156 0.9933 -0.0056
vn -0.1242 0.9922 0.0059
vn -0.1247 0.9922 -0.0014
vn -0.1477 0.9890 0.0012
vn -0.1482 0.9889 -0.0039
vn -0.1544 0.9880 0.0040
vn -0.1584 0.9874 -0.0013
vn -0.1762 0.9844 0.0008
vn -0.1757 0.9845 -0.0003
vn -0.1904 0.9817 0.0002
vn -0.1915 0.9815 0.0008
vn -0.0902 0.9959 0.0022
vn -0.0734 0.9973 -0.0019
vn -0.0659 0.9978 -0.0107
vn -0.0224 0.9997 0.0129
vn -0.0113 0.9999 -0.0066
vn 0.0057 1.0000 0.0001
vn 0.0363 0.9993 -0.0003
vn 0.0570 0.9982 0.0168
vn 0.0987 0.9945 -0.0351
vn 0.1179 0.9930 -0.0065
vn 0.1812 0.9834 0.0057
vn 0.1861 0.9825 0.0110
vn 0.2480 0.9675 -0.0486
vn -0.1976 0.9803 0.0005
vn -0.1568 0.9876 0.0080
vn -0.1497 0.9887 -0.0021
vn -0.1256 0.9921 0.0023
vn -0.1346 0.9903 0.0358
vn -0.1921 0.9814 -0.0004
vn -0.1917 0.9815 -0.0008
vn -0.1858 0.9826 0.0019
vn -0.1745 0.9847 -0.0027
vn -0.1876 0.9822 0.0101
vn -0.1500 0.9887 -0.0068
vn -0.1511 0.9885 -0.0056
vn -0.0763 0.9966 -0.0296
vn -0.0810 0.9967 -0.0109
vn -0.0525 0.9984 0.0220
vn -0.0222 0.9986 -0.0476
vn -0.0308 0.9982 0.0518
vn -0.0184 0.9998 -0.0000
vn 0.0176 0.9998 0.0001
vn 0.0214 0.9998 0.0013
vn 0.0558 0.9984 -0.0080
vn 0.0552 0.9982 -0.0214
vn 0.1014 0.9938 0.0455
vn 0.1068 0.9942 0.0119
vn 0.1792 0.9838 -0.0021
vn 0.1766 0.9842 -0.0097
vn 0.2478 0.9681 0.0358
vn -0.9999 0.0125 0.0002
vn 0.0004 0.0001 1.0000
vn 0.0002 0.0003 1.0000
vn -0.0020 -0.0008 1.0000
vn -0.0059 0.0049 1.0000
vn -0.0122 -0.0107 0.9999
vn -0.0117 -0.0030 0.9999
vn -0.0182 -0.0026 0.9998
vn -0.0206 -0.0098 0.9997
vn -0.0233 0.0011 0.9997
vn -0.0275 0.0015 0.9996
vn -0.0264 0.0022 0.9996
vn -0.0487 0.0134 0.9987
vn -0.0251 0.0021 0.9997
vn -0.0399 -0.0371 0.9985
vn -0.0372 0.0279 0.9989
vn -0.0270 0.0017 0.9996
vn -0.0652 0.0216 0.9976
vn -0.0650 0.0218 0.9976
vn -0.0712 0.0497 0.9962
vn -0.0566 0.0590 0.9967
vn -0.0634 0.0375 0.9973
vn -0.0578 0.0597 0.9965
vn -0.0578 0.0596 0.9965
vn -0.9678 -0.2501 0.0290
vn -0.9537 -0.2984 0.0370
vn -0.9771 -0.1923 0.0914
vn -0.9819 -0.1615 0.0990
vn -0.9548 -0.2619 0.1408
vn -0.9626 -0.1692 0.2118
vn -0.9676 -0.1462 0.2058
vn -0.9405 -0.2166 0.2617
vn -0.9244 -0.1622 0.3453
vn -0.9066 -0.2164 0.3624
vn -0.8814 -0.1505 0.4477
vn -0.8778 -0.1544 0.4535
vn -0.8394 -0.1476 0.5231
vn -0.8315 -0.1645 0.5306
vn -0.7770 -0.0716 0.6255
vn -0.7612 -0.1023 0.6404
vn -0.7073 -0.0669 0.7038
vn -0.6969 -0.0742 0.7134
vn -0.6154 -0.0103 0.7881
vn -0.5992 -0.0560 0.7987
vn -0.5315 -0.0015 0.8471
vn -0.4652 0.0018 0.8852
vn -0.4894 0.0992 0.8664
vn -0.4270 0.0208 0.9040
vn -0.3791 0.0606 0.9234
vn -0.3766 0.0568 0.9246
vn -0.3323 0.0551 0.9416
vn -0.3291 0.0482 0.9430
vn -0.2886 0.0824 0.9539
vn -0.2535 0.1129 0.9607
vn -0.2531 0.0915 0.9631
vn -0.2204 0.0870 0.9715
vn -0.1845 0.0957 0.9782
vn -0.1795 0.1259 0.9757
vn -0.1674 0.0907 0.9817
vn -0.1498 0.0943 0.9842
vn -0.1407 0.0838 0.9865
vn -0.1254 0.0955 0.9875
vn -0.1171 0.0912 0.9889
vn -0.1145 0.0906 0.9893
vn -0.1003 0.0917 0.9907
vn -0.1028 0.0860 0.9910
vn -0.0899 0.0889 0.9920
vn -0.0886 0.0888 0.9921
vn -0.1077 0.0840 0.9906
vn -0.1212 0.0662 0.9904
vn -0.1046 0.1057 0.9889
vn -0.1070 0.1536 0.9823
vn -0.1235 0.1267 0.9842
vn -0.1306 0.1513 0.9798
vn -0.1240 0.1338 0.9832
vn -0.1646 0.0796 0.9831
vn -0.0664 0.0700 0.9953
vn -0.0439 0.0544 0.9976
vn -0.0491 0.0471 0.9977
vn -0.0515 0.0483 0.9975
vn -0.0533 0.0503 0.9973
vn -0.0591 0.0454 0.9972
vn -0.0627 0.0466 0.9969
vn -0.0642 0.0423 0.9970
vn -0.0690 0.0400 0.9968
vn -0.2179 0.0908 -0.9717
vn -0.9679 -0.2501 -0.0249
vn -0.9793 -0.1993 -0.0349
vn -0.9704 -0.2338 -0.0600
vn -0.9766 -0.2010 -0.0769
vn -0.9170 -0.1667 -0.3623
vn -0.9408 -0.2165 -0.2607
vn -0.9625 -0.1637 -0.2165
vn -0.9587 -0.1929 -0.2089
vn -0.9505 -0.2820 -0.1303
vn -0.9630 -0.2274 -0.1443
vn -0.9688 -0.2288 -0.0949
vn -0.9074 -0.2378 -0.3465
vn -0.8632 -0.1120 -0.4923
vn -0.8309 -0.1932 -0.5219
vn -0.7549 -0.0071 -0.6558
vn -0.7658 -0.1580 -0.6233
vn -0.6853 -0.0284 -0.7277
vn -0.7077 -0.0915 -0.7005
vn -0.6010 0.0272 -0.7988
vn -0.6175 -0.0786 -0.7827
vn -0.5330 0.0037 -0.8461
vn -0.4940 0.0039 -0.8694
vn -0.4623 0.0679 -0.8841
vn -0.2579 0.0934 -0.9617
vn -0.2442 0.1168 -0.9627
vn -0.2918 0.0787 -0.9532
vn -0.3307 0.0553 -0.9421
vn -0.3303 0.0559 -0.9422
vn -0.3817 0.0577 -0.9225
vn -0.3762 0.0670 -0.9241
vn -0.4272 0.0252 -0.9038
vn -0.1905 0.1017 -0.9764
vn -0.1752 0.1184 -0.9774
vn -0.1667 0.0906 -0.9818
vn -0.1494 0.0944 -0.9843
vn -0.1373 0.0826 -0.9871
vn -0.1371 0.0828 -0.9871
vn -0.1029 0.0851 -0.9910
vn -0.0909 0.0944 -0.9914
vn -0.0823 0.0964 -0.9919
vn -0.0254 0.0699 -0.9972
vn -0.1195 0.1124 -0.9864
vn -0.1280 0.1017 -0.9865
vn -0.1419 0.1352 -0.9806
vn -0.1444 0.1190 -0.9823
vn -0.1057 0.1233 -0.9867
vn -0.1208 0.0767 -0.9897
vn -0.0896 0.0957 -0.9914
vn -0.0820 0.0963 -0.9920
vn -0.0581 0.0467 -0.9972
vn -0.0545 0.0459 -0.9975
vn -0.0568 0.0466 -0.9973
vn -0.0690 0.0400 -0.9968
vn -0.0645 0.0421 -0.9970
vn -0.0634 0.0453 -0.9970
vn -0.0602 0.0437 -0.9972
vn -0.3608 -0.5431 -0.7582
vn -0.2911 -0.5345 -0.7935
vn -0.4021 -0.5470 -0.7342
vn -0.4177 -0.5564 -0.7183
vn -0.4273 -0.5569 -0.7122
vn -0.3926 -0.5692 -0.7224
vn -0.3173 -0.5634 -0.7629
vn -0.3453 -0.5530 -0.7582
vn -0.4197 -0.5484 -0.7233
vn -0.3634 -0.5159 -0.7757
vn -0.4351 -0.5230 -0.7329
vn -0.4071 -0.5061 -0.7604
vn -0.3881 -0.5041 -0.7715
vn -0.2674 -0.4345 -0.8601
vn -0.3880 -0.5073 -0.7695
vn -0.3086 -0.5021 -0.8079
vn -0.4048 -0.5446 -0.7345
vn -0.2944 -0.5210 -0.8012
vn -0.3614 -0.5377 -0.7617
vn -0.3073 -0.5362 -0.7862
vn -0.2703 -0.5316 -0.8027
vn -0.2823 -0.4780 -0.8317
vn -0.2931 -0.5618 -0.7736
vn -0.3127 -0.5376 -0.7831
vn -0.3152 -0.4913 -0.8120
vn -0.0274 -0.9502 -0.3105
vn -0.1231 -0.7559 -0.6430
vn -0.3420 -0.4382 -0.8313
vn -0.2562 -0.5288 -0.8091
vn 0.0805 -0.9967 0.0079
vn -0.2689 -0.5364 -0.8000
vn -0.2903 -0.5827 -0.7590
vn -0.2904 -0.5818 -0.7597
vn -0.2927 -0.5346 -0.7928
vn -0.2911 -0.5667 -0.7708
vn -0.2822 -0.5414 -0.7920
vn -0.2775 -0.5324 -0.7997
vn -0.2728 -0.5363 -0.7987
vn -0.2641 -0.5466 -0.7947
vn -0.3197 -0.4639 -0.8262
vn -0.3011 -0.5359 -0.7888
vn -0.3011 -0.5358 -0.7888
vn -0.6197 -0.4468 -0.6453
vn -0.6675 -0.4743 -0.5740
vn -0.9401 -0.3401 -0.0248
vn -0.9641 -0.2627 -0.0387
vn -0.7380 -0.5806 -0.3438
vn -0.6496 -0.5961 -0.4719
vn -0.6461 -0.5877 -0.4869
vn -0.5396 -0.5791 -0.6111
vn -0.5450 -0.5922 -0.5935
vn -0.4031 -0.4997 -0.7666
vn -0.3901 -0.4664 -0.7939
vn -0.5082 -0.3235 -0.7981
vn -0.6229 -0.3936 -0.6761
vn -0.6358 -0.4294 -0.6414
vn -0.7394 -0.5142 -0.4346
vn -0.7029 -0.4971 -0.5088
vn -0.4879 -0.2004 -0.8496
vn -0.4344 -0.1420 -0.8895
vn -0.4004 -0.1665 -0.9011
vn -0.3989 -0.1638 -0.9022
vn -0.3472 -0.1177 -0.9304
vn -0.4724 -0.1456 -0.8693
vn -0.5341 -0.1767 -0.8268
vn -0.5911 -0.1384 -0.7947
vn -0.6023 -0.1826 -0.7771
vn -0.6640 -0.1988 -0.7209
vn -0.6623 -0.1967 -0.7230
vn -0.7270 -0.2137 -0.6525
vn -0.7184 -0.1481 -0.6797
vn -0.7793 -0.2759 -0.5626
vn -0.8836 -0.0588 -0.4646
vn -0.8234 -0.2259 -0.5205
vn -0.8735 -0.2436 -0.4215
vn -0.9112 -0.1960 -0.3624
vn -0.8967 -0.3168 -0.3090
vn -0.9308 -0.2564 -0.2605
vn -0.9388 -0.2562 -0.2302
vn -0.9631 -0.2623 -0.0599
vn -0.9605 -0.2618 -0.0949
vn -0.9357 -0.3194 -0.1500
vn -0.9271 -0.3465 -0.1432
vn -0.9455 -0.2499 -0.2089
vn -0.3647 -0.1535 -0.9184
vn -0.3410 -0.1401 -0.9296
vn -0.3273 -0.1359 -0.9351
vn -0.3180 -0.1263 -0.9396
vn -0.3108 -0.1429 -0.9397
vn -0.3050 -0.1392 -0.9421
vn -0.2926 -0.1362 -0.9465
vn -0.3005 -0.1453 -0.9427
vn -0.2862 -0.1404 -0.9478
vn -0.2975 -0.1519 -0.9426
vn -0.2868 -0.1469 -0.9467
vn -0.3108 -0.1721 -0.9348
vn -0.3100 -0.1719 -0.9351
vn -0.3621 -0.2122 -0.9077
vn -0.3603 -0.2206 -0.9064
vn -0.3938 -0.2245 -0.8914
vn -0.3792 -0.2294 -0.8964
vn -0.4718 -0.2900 -0.8327
vn -0.4751 -0.3113 -0.8230
vn -0.5687 -0.3781 -0.7305
vn -0.5845 -0.4261 -0.6905
vn -0.6184 -0.4856 -0.6178
vn -0.4223 -0.4999 -0.7561
vn -0.4631 -0.4874 -0.7403
vn -0.4667 -0.4681 -0.7504
vn -0.5220 -0.5130 -0.6814
vn -0.5746 -0.4929 -0.6533
vn -0.5438 -0.4676 -0.6969
vn -0.5996 -0.4895 -0.6332
vn -0.4223 -0.4999 0.7561
vn -0.3901 -0.4664 0.7939
vn -0.4010 -0.4942 0.7714
vn -0.7409 -0.5143 0.4319
vn -0.7189 -0.5022 0.4806
vn -0.9616 -0.2716 0.0387
vn -0.9641 -0.2628 0.0371
vn -0.9367 -0.1654 0.3086
vn -0.8731 -0.2452 0.4215
vn -0.8599 -0.2374 0.4520
vn -0.8537 -0.3813 0.3548
vn -0.9310 -0.2547 0.2614
vn -0.9387 -0.2566 0.2302
vn -0.9457 -0.2510 0.2063
vn -0.9271 -0.3436 0.1499
vn -0.9407 -0.3088 0.1404
vn -0.9619 -0.2576 0.0915
vn -0.8092 -0.2612 0.5263
vn -0.8806 -0.0855 0.4661
vn -0.6857 -0.4001 0.6080
vn -0.8115 -0.1354 0.5684
vn -0.7048 -0.2191 0.6747
vn -0.6798 -0.1934 0.7074
vn -0.6617 -0.2002 0.7226
vn -0.5880 -0.1720 0.7904
vn -0.5771 -0.1954 0.7930
vn -0.4908 -0.1554 0.8573
vn -0.4839 -0.1645 0.8595
vn -0.4341 -0.1505 0.8882
vn -0.4454 -0.1330 0.8854
vn -0.3982 -0.1686 0.9017
vn -0.4003 -0.1645 0.9015
vn -0.3596 -0.1282 0.9243
vn -0.3515 -0.1441 0.9250
vn -0.2985 -0.1640 0.9402
vn -0.2966 -0.1512 0.9429
vn -0.2904 -0.1481 0.9454
vn -0.2928 -0.1423 0.9455
vn -0.2956 -0.1432 0.9445
vn -0.2968 -0.1375 0.9450
vn -0.3106 -0.1423 0.9398
vn -0.3087 -0.1497 0.9393
vn -0.3229 -0.1170 0.9392
vn -0.3204 -0.1339 0.9378
vn -0.3399 -0.1399 0.9300
vn -0.3313 -0.1755 0.9271
vn -0.3168 -0.1727 0.9326
vn -0.3147 -0.1719 0.9335
vn -0.3640 -0.1932 0.9111
vn -0.5007 -0.3149 0.8063
vn -0.7067 -0.4973 0.5032
vn -0.7406 -0.5841 0.3321
vn -0.6513 -0.5884 0.4793
vn -0.6565 -0.6028 0.4534
vn -0.5330 -0.5593 0.6349
vn -0.6197 -0.4468 0.6453
vn -0.6675 -0.4743 0.5741
vn -0.5881 -0.3672 0.7206
vn -0.5847 -0.3675 0.7232
vn -0.5496 -0.5999 0.5815
vn -0.4667 -0.4681 0.7504
vn -0.4631 -0.4873 0.7403
vn -0.6184 -0.4856 0.6178
vn -0.5996 -0.4895 0.6332
vn -0.5594 -0.4739 0.6801
vn -0.5667 -0.4962 0.6578
vn -0.5220 -0.5130 0.6814
vn -0.3576 -0.2299 0.9051
vn -0.3598 -0.2201 0.9067
vn -0.3988 -0.2247 0.8891
vn -0.4779 -0.3305 0.8139
vn -0.4716 -0.2892 0.8330
vn -0.5812 -0.4156 0.6997
vn -0.5845 -0.4261 0.6905
vn -0.3556 -0.5427 0.7609
vn -0.2978 -0.4626 0.8351
vn -0.3011 -0.5359 0.7888
vn -0.3011 -0.5358 0.7888
vn -0.2823 -0.4781 0.8317
vn -0.2689 -0.5365 0.8000
vn -0.2642 -0.5465 0.7947
vn -0.2762 -0.5322 0.8003
vn -0.2797 -0.5366 0.7962
vn -0.2821 -0.5413 0.7921
vn -0.2787 -0.5314 0.8000
vn -0.2912 -0.5667 0.7707
vn -0.2903 -0.5816 0.7599
vn -0.1240 -0.7737 0.6213
vn -0.0173 -0.9612 0.2755
vn 0.0748 -0.9972 0.0076
vn -0.2809 -0.4336 0.8562
vn -0.2917 -0.5345 0.7932
vn -0.3152 -0.4913 0.8120
vn -0.3127 -0.5376 0.7831
vn -0.2931 -0.5618 0.7736
vn -0.2903 -0.5829 0.7589
vn -0.2909 -0.5345 0.7936
vn -0.4197 -0.5484 0.7233
vn -0.3407 -0.5656 0.7510
vn -0.4240 -0.5705 0.7034
vn -0.3985 -0.5551 0.7301
vn -0.4177 -0.5564 0.7183
vn -0.4022 -0.5470 0.7342
vn -0.2703 -0.5318 0.8026
vn -0.3305 -0.5528 0.7650
vn -0.3881 -0.5041 0.7715
vn -0.4381 -0.5087 0.7412
vn -0.4064 -0.5205 0.7509
vn -0.3634 -0.5159 0.7757
vn -0.3606 -0.5419 0.7591
vn -0.3887 -0.4465 0.8059
vn -0.2829 -0.4996 0.8187
vn -0.4070 -0.5080 0.7591
vn -0.3147 -0.5259 0.7902
vn -0.3615 -0.5363 0.7627
vn -0.2991 -0.5358 0.7895
vn -0.3073 -0.5362 0.7861
vn -0.3063 -0.5578 0.7714
vn -0.2820 -0.4957 0.8214
vn -0.2432 -0.3925 0.8870
vn -0.2605 -0.5081 0.8209
vn -0.2705 -0.5262 0.8062
vn -0.2908 -0.5343 0.7937
vn -0.3105 -0.5496 0.7756
vn -0.3115 -0.5450 0.7785
vn -0.3106 -0.5422 0.7807
vn -0.3111 -0.5373 0.7840
vn -0.2299 -0.3995 0.8874
vn -0.2340 -0.4997 0.8340
vn -0.2795 -0.5085 0.8145
vn -0.3142 -0.5377 0.7824
vn -0.3122 -0.5407 0.7812
vn -0.3032 -0.5375 0.7868
vn -0.3043 -0.5412 0.7839
vn -0.3053 -0.5162 0.8002
vn -0.3141 -0.5477 0.7755
vn -0.3136 -0.5215 0.7935
vn -0.2825 -0.6983 0.6577
vn -0.2728 -0.2962 0.9153
vn 0.0200 -0.3489 0.9370
vn -0.1758 -0.4227 0.8891
vn -0.1214 -0.3566 0.9263
vn -0.0914 -0.6355 0.7666
vn -0.0883 -0.6319 0.7700
vn -0.0754 -0.4186 0.9050
vn -0.1486 -0.5250 0.8380
vn -0.0778 -0.6245 0.7771
vn -0.0487 -0.6410 0.7660
vn -0.0626 -0.6940 0.7172
vn -0.0631 -0.6860 0.7248
vn -0.1606 -0.5007 0.8506
vn -0.1990 -0.4005 0.8944
vn -0.1952 -0.4040 0.8937
vn -0.2224 -0.3234 0.9198
vn -0.2139 -0.3137 0.9251
vn -0.2191 -0.3105 0.9250
vn -0.1580 -0.2891 0.9442
vn -0.1724 -0.3004 0.9381
vn -0.1356 -0.2961 0.9455
vn -0.1495 -0.3100 0.9389
vn -0.1319 -0.3016 0.9443
vn -0.1317 -0.2962 0.9460
vn -0.1299 -0.2968 0.9460
vn -0.1529 -0.3535 0.9228
vn -0.1776 -0.3907 0.9032
vn -0.1790 -0.4421 0.8789
vn -0.2401 -0.6084 0.7564
vn -0.3609 -0.5163 0.7766
vn -0.3238 -0.7090 0.6264
vn -0.3240 -0.7094 0.6260
vn -0.3119 -0.5778 0.7543
vn 0.0997 -0.3128 0.9446
vn -0.1259 -0.4118 0.9025
vn -0.4942 -0.6497 0.5777
vn -0.1677 -0.5938 0.7870
vn -0.2451 -0.6636 0.7068
vn -0.2374 -0.7252 0.6463
vn 0.0066 -0.5128 0.8585
vn -0.2035 -0.3424 0.9172
vn -0.1633 -0.3312 0.9293
vn -0.1541 -0.3212 0.9344
vn -0.1316 -0.3141 0.9402
vn -0.1362 -0.3179 0.9383
vn -0.0645 -0.3358 0.9397
vn -0.0858 -0.3566 0.9303
vn -0.0883 -0.4102 0.9077
vn -0.1667 -0.4289 0.8878
vn -0.1580 -0.6447 0.7480
vn -0.1644 -0.6504 0.7416
vn -0.1629 -0.6594 0.7339
vn -0.1524 -0.6499 0.7446
vn -0.1802 -0.4093 0.8944
vn -0.1799 -0.4092 0.8945
vn -0.1591 -0.3870 0.9082
vn -0.1764 -0.3922 0.9028
vn -0.1543 -0.3562 0.9216
vn 0.1148 -0.5205 0.8461
vn -0.3791 -0.2781 0.8826
vn -0.3859 -0.2835 0.8779
vn -0.3207 -0.3070 0.8961
vn -0.3207 -0.3183 0.8921
vn -0.3050 -0.3410 0.8892
vn -0.2899 -0.3016 0.9083
vn -0.1942 -0.4047 0.8936
vn -0.1269 -0.5214 0.8438
vn -0.1414 -0.4975 0.8559
vn -0.3069 -0.4232 0.8525
vn -0.1878 -0.4069 0.8940
vn -0.1151 -0.5135 0.8503
vn -0.0608 -0.6038 0.7948
vn -0.0377 -0.6173 0.7859
vn 0.0064 -0.6802 0.7330
vn -0.0000 -0.6566 0.7543
vn 0.0245 -0.6712 0.7409
vn -0.0061 -0.6190 0.7853
vn 0.0042 -0.6224 0.7827
vn -0.1108 -0.4144 0.9033
vn -0.0899 -0.4222 0.9021
vn -0.0488 -0.3312 0.9423
vn -0.0471 -0.3312 0.9424
vn 0.0352 -0.1100 0.9933
vn 0.0227 -0.1553 0.9876
vn 0.0254 -0.2521 0.9674
vn -0.0614 -0.0318 0.9976
vn -0.0727 -0.0283 0.9970
vn -0.0304 -0.0256 0.9992
vn -0.0117 -0.0035 0.9999
vn -0.0144 0.0012 0.9999
vn -0.0140 0.0046 0.9999
vn -0.0134 0.0018 0.9999
vn -0.0120 -0.0024 0.9999
vn -0.0112 -0.0045 0.9999
vn -0.0379 -0.0089 0.9992
vn -0.2230 -0.0670 0.9725
vn -0.4043 -0.2054 0.8913
vn -0.2135 -0.0822 0.9735
vn -0.2229 -0.0710 0.9722
vn -0.0732 -0.0276 0.9969
vn -0.1401 0.0038 0.9901
vn -0.0603 -0.0084 0.9981
vn -0.4083 -0.1672 0.8974
vn -0.3517 -0.2116 0.9119
vn -0.2691 -0.2281 0.9357
vn -0.1758 -0.3261 0.9289
vn 0.0044 -0.4553 0.8903
vn -0.2005 -0.1984 0.9594
vn -0.2231 -0.1843 0.9572
vn -0.2356 -0.1695 0.9570
vn -0.0199 -0.0681 0.9975
vn -0.0265 -0.0729 0.9970
vn -0.1123 -0.2622 0.9585
vn 0.0134 -0.2240 0.9745
vn 0.0264 -0.3005 0.9534
vn 0.0742 -0.4640 0.8827
vn -0.1185 -0.2505 0.9608
vn -0.1107 -0.2464 0.9628
vn -0.1347 -0.1484 0.9797
vn -0.1699 -0.1002 0.9804
vn -0.3105 -0.1469 0.9391
vn -0.3341 -0.1253 0.9342
vn -0.3328 -0.1329 0.9336
vn -0.0061 -0.2615 0.9652
vn -0.0195 -0.3170 0.9482
vn -0.0198 -0.3159 0.9486
vn -0.0137 -0.3857 0.9225
vn 0.0521 -0.5347 0.8434
vn 0.0652 -0.6058 0.7929
vn 0.0072 -0.5162 0.8564
vn 0.0529 -0.6209 0.7821
vn -0.0473 -0.4928 0.8689
vn -0.0068 -0.5678 0.8231
vn -0.1973 -0.3371 0.9206
vn -0.1759 -0.3952 0.9016
vn -0.3184 -0.2476 0.9150
vn -0.3076 -0.3091 0.8999
vn -0.4447 -0.2147 0.8696
vn -0.4175 -0.2836 0.8633
vn -0.0204 -0.0252 0.9995
vn -0.2814 -0.1693 0.9445
vn -0.4623 -0.2623 0.8470
vn 0.0421 -0.0926 0.9948
vn -0.0281 -0.0482 0.9984
vn -0.2910 -0.1536 0.9443
vn -0.2867 -0.1026 0.9525
vn -0.2395 -0.1953 0.9510
vn -0.1889 -0.0450 0.9810
vn -0.1427 -0.1452 0.9791
vn -0.1012 -0.0311 0.9944
vn -0.0306 -0.1358 0.9903
vn -0.0537 -0.0477 0.9974
vn -0.0339 -0.0333 0.9989
vn -0.0272 -0.0252 0.9993
vn -0.0120 -0.0144 0.9998
vn 0.0154 0.0033 0.9999
vn 0.0076 -0.0010 1.0000
vn 0.0004 0.0005 1.0000
vn -0.0077 -0.0102 0.9999
vn -0.0119 -0.0143 0.9998
vn -0.0110 -0.0136 0.9998
vn -0.0671 -0.0857 0.9941
vn -0.0678 -0.0860 0.9940
vn -0.0894 -0.1359 0.9867
vn -0.1136 -0.1525 0.9818
vn -0.4182 -0.3056 0.8554
vn -0.3689 -0.3129 0.8752
vn -0.3660 -0.3113 0.8770
vn -0.3210 -0.3190 0.8918
vn -0.2897 -0.3006 0.9087
vn -0.2594 -0.3122 0.9139
vn -0.2236 -0.2668 0.9375
vn -0.1930 -0.2640 0.9450
vn -0.1652 -0.2154 0.9624
vn -0.1545 -0.2127 0.9648
vn -0.1248 -0.1821 0.9753
vn -0.0614 -0.0928 0.9938
vn -0.1050 -0.0941 0.9900
vn -0.0342 -0.0584 0.9977
vn -0.0683 -0.0674 0.9954
vn -0.0358 -0.0441 0.9984
vn 0.0259 -0.0196 0.9995
vn -0.0481 -0.0303 0.9984
vn -0.0553 -0.0481 0.9973
vn -0.0984 -0.0764 0.9922
vn -0.1093 -0.1067 0.9883
vn -0.1461 -0.1317 0.9805
vn -0.1539 -0.1409 0.9780
vn -0.2161 -0.1798 0.9597
vn -0.4099 -0.2023 0.8894
vn -0.3803 -0.2428 0.8924
vn -0.3177 -0.2637 0.9108
vn -0.3450 -0.2405 0.9073
vn -0.2386 -0.2558 0.9368
vn -0.2762 -0.2321 0.9326
vn -0.1716 -0.2269 0.9587
vn -0.2177 -0.2079 0.9536
vn -0.1135 -0.1820 0.9767
vn -0.1653 -0.1723 0.9711
vn -0.0651 -0.1262 0.9899
vn -0.1168 -0.1285 0.9848
vn -0.0290 -0.0680 0.9973
vn -0.0700 -0.0794 0.9944
vn -0.0202 -0.0324 0.9993
vn -0.0167 -0.0376 0.9992
vn -0.0550 -0.0400 0.9977
vn 0.9225 0.3859 -0.0098
vn 0.9217 0.3878 -0.0100
vn 0.9198 0.3922 -0.0100
vn 0.9189 0.3944 -0.0103
vn 0.9189 0.3944 0.0102
vn 0.9197 0.3926 0.0100
vn 0.9217 0.3878 0.0100
vn 0.9224 0.3862 0.0098
vn 0.9873 0.1585 0.0102
vn 0.4111 -0.9116 0.0037
vn 0.3571 -0.9341 0.0034
vn 0.1952 -0.9808 0.0010
vn 0.6999 -0.7142 0.0076
vn 0.8465 -0.5323 0.0120
vn 0.7291 -0.6843 0.0080
vn 0.9494 -0.3137 0.0107
vn 0.9562 -0.2927 0.0111
vn 0.9999 0.0050 0.0106
vn 0.9657 0.2595 0.0112
vn 0.9873 0.1586 -0.0102
vn 0.8115 -0.5843 -0.0094
vn 0.7291 -0.6844 -0.0067
vn 0.9428 -0.3331 -0.0092
vn 0.9562 -0.2926 -0.0100
vn 0.9999 -0.0126 -0.0100
vn 0.9730 0.2305 -0.0109
vn 0.6006 -0.7995 -0.0045
vn 0.1952 -0.9808 -0.0026
vn 0.3570 -0.9341 -0.0026
vn 0.1951 -0.9808 -0.0081
vn 0.1504 -0.9878 -0.0409
vn 0.1503 -0.9884 -0.0219
vn 0.1025 -0.9947 -0.0070
vn 0.1026 -0.9945 -0.0210
vn 0.1034 -0.9862 -0.1293
vn 0.1005 -0.9833 -0.1520
vn 0.0959 -0.9216 -0.3762
vn 0.0946 -0.9184 -0.3841
vn 0.0829 -0.8043 -0.5884
vn 0.0823 -0.8022 -0.5913
vn 0.0665 -0.6419 -0.7639
vn 0.0664 -0.6444 -0.7618
vn 1.0000 0.0098 0.0016
vn 1.0000 0.0054 0.0017
vn 0.9844 0.1031 -0.1426
vn 0.9991 0.0302 0.0298
vn 0.9968 0.0801 0.0039
vn 0.9941 0.1087 -0.0026
vn 0.9908 0.1355 -0.0023
vn 0.9900 0.1407 -0.0041
vn 0.9924 0.1232 -0.0030
vn 0.9841 0.1776 -0.0037
vn 0.9821 0.1879 -0.0114
vn 0.9863 0.1648 -0.0048
vn 0.9729 0.2313 -0.0058
vn 0.9733 0.2296 -0.0057
vn 0.9767 0.2146 -0.0060
vn 0.9764 0.2157 -0.0064
vn 0.9790 0.2039 -0.0052
vn 0.9649 0.2628 0.0039
vn 0.9604 0.2776 -0.0239
vn 0.9681 0.2505 -0.0063
vn 0.9462 0.3215 -0.0364
vn 0.9464 0.3213 -0.0332
vn 0.9470 0.3200 -0.0269
vn 0.9496 0.3133 -0.0129
vn 0.8432 -0.5376 -0.0000
vn 0.8432 -0.5376 -0.0001
vn 0.8431 -0.5377 -0.0000
vn 0.0001 -0.0001 1.0000
vn 0.0125 0.9999 -0.0000
vn 0.0119 0.9982 -0.0589
vn 0.0149 0.9999 -0.0017
vn 0.0122 0.9999 -0.0001
vn 0.0112 0.9999 0.0013
vn 0.0120 0.9999 0.0005
vn 0.0009 0.0002 -1.0000
vn 0.2996 -0.9506 -0.0806
vn 0.3384 -0.9299 0.1442
vn 0.3881 -0.9168 -0.0944
vn 0.4722 -0.8801 -0.0497
vn 0.4796 -0.8718 -0.1001
vn 0.5196 -0.8498 -0.0888
vn 0.5666 -0.8192 -0.0888
vn 0.5664 -0.8193 -0.0896
vn 0.6448 -0.7591 -0.0897
vn 0.6478 -0.7581 -0.0754
vn 0.9600 -0.2683 -0.0802
vn 0.9278 -0.3644 -0.0805
vn 0.9108 -0.3960 -0.1168
vn 0.8874 -0.4465 0.1147
vn 0.8734 -0.4809 -0.0766
vn 0.8396 -0.5378 -0.0766
vn 0.7840 -0.5773 -0.2280
vn 0.7899 -0.6090 -0.0718
vn 0.7162 -0.6942 -0.0719
vn 0.7197 -0.6838 -0.1203
vn 0.6904 -0.7194 -0.0755
vn 0.9971 -0.0079 -0.0755
vn 0.9926 -0.0958 -0.0753
vn 0.9887 -0.0992 -0.1122
vn 0.9811 -0.1772 -0.0784
vn 0.9602 -0.2681 -0.0781
vn 0.9764 0.0635 -0.2066
vn 0.9953 0.0528 -0.0816
vn 0.9862 0.1440 -0.0818
vn 0.9585 0.1780 -0.2228
vn 0.9781 0.2027 -0.0476
vn 0.0023 0.0003 -1.0000
vn 0.0026 0.0001 -1.0000
vn 0.0018 0.0001 -1.0000
vn 0.0026 -0.0002 -1.0000
vn 0.0023 -0.0002 -1.0000
vn 0.0228 -0.0767 -0.9968
vn 0.0007 -0.0022 -1.0000
vn 0.0008 -0.0021 -1.0000
vn 0.0005 -0.0011 -1.0000
vn 0.0033 -0.0062 -1.0000
vn 0.0004 -0.0007 -1.0000
vn 0.0013 -0.0019 -1.0000
vn 0.0015 -0.0017 -1.0000
vn 0.0038 0.0006 -1.0000
vn 0.1276 0.0197 -0.9916
vn 0.1292 0.0068 -0.9916
vn 0.1287 -0.0129 -0.9916
vn 0.1288 -0.0129 -0.9916
vn 0.1258 -0.0291 -0.9916
vn 0.1528 -0.0427 -0.9873
vn 0.1227 -0.0403 -0.9916
vn 0.0024 0.0005 -1.0000
vn 0.1816 0.0402 -0.9826
vn 0.1795 0.0404 -0.9829
vn 0.4584 0.0828 -0.8849
vn 0.4656 0.0247 -0.8847
vn 0.4655 0.0247 -0.8847
vn 0.4639 -0.0465 -0.8847
vn 0.4641 -0.0465 -0.8846
vn 0.4494 -0.1256 -0.8844
vn 0.4496 -0.1256 -0.8844
vn 0.4270 -0.1857 -0.8850
vn 0.4269 -0.1856 -0.8850
vn 0.4078 -0.2245 -0.8851
vn 0.3756 -0.2766 -0.8845
vn 0.1184 -0.0515 -0.9916
vn 0.1131 -0.0623 -0.9916
vn 0.1072 -0.0720 -0.9916
vn 0.1253 -0.0923 -0.9878
vn 0.1005 -0.0810 -0.9916
vn 0.0022 -0.0005 -1.0000
vn 0.0050 -0.0012 -1.0000
vn 0.0007 -0.0002 -1.0000
vn 0.0021 -0.0007 -1.0000
vn 0.0020 -0.0009 -1.0000
vn 0.0051 -0.0021 -1.0000
vn 0.0013 -0.0007 -1.0000
vn 0.0021 -0.0012 -1.0000
vn 0.0020 -0.0014 -1.0000
vn 0.0023 -0.0014 -1.0000
vn 0.0014 -0.0013 -1.0000
vn 0.0019 -0.0015 -1.0000
vn 0.0017 -0.0016 -1.0000
vn 0.0927 -0.0898 -0.9916
vn 0.1089 -0.1163 -0.9872
vn 0.0965 -0.3156 -0.9440
vn 0.0462 -0.1204 -0.9916
vn 0.0503 -0.1189 -0.9916
vn 0.0622 -0.1132 -0.9916
vn 0.0623 -0.1132 -0.9916
vn 0.0735 -0.1063 -0.9916
vn 0.0837 -0.0985 -0.9916
vn 0.0033 -0.0040 -1.0000
vn 0.0009 -0.0009 -1.0000
vn 0.3756 -0.2766 -0.8846
vn 0.3342 -0.3239 -0.8851
vn 0.2300 -0.2456 -0.9417
vn 0.3016 -0.3550 -0.8849
vn 0.2650 -0.3831 -0.8849
vn 0.2650 -0.3832 -0.8849
vn 0.2245 -0.4081 -0.8849
vn 0.2244 -0.4080 -0.8850
vn 0.1815 -0.4287 -0.8850
vn 0.1442 -0.4424 -0.8851
vn 0.1712 -0.5545 -0.8144
vn 0.6658 0.1274 -0.7351
vn 0.7382 0.1356 -0.6608
vn 0.7498 0.0397 -0.6605
vn 0.7497 0.0397 -0.6606
vn 0.7471 -0.0749 -0.6605
vn 0.7473 -0.0749 -0.6603
vn 0.7236 -0.2022 -0.6600
vn 0.7236 -0.2022 -0.6599
vn 0.6880 -0.2992 -0.6611
vn 0.6880 -0.2991 -0.6612
vn 0.6572 -0.3618 -0.6612
vn 0.6572 -0.3619 -0.6612
vn 0.6048 -0.4454 -0.6602
vn 0.6048 -0.4453 -0.6602
vn 0.5386 -0.5221 -0.6613
vn 0.5387 -0.5222 -0.6612
vn 0.4858 -0.5718 -0.6611
vn 0.4859 -0.5720 -0.6609
vn 0.4269 -0.6173 -0.6608
vn 0.3617 -0.6575 -0.6609
vn 0.3616 -0.6574 -0.6611
vn 0.2925 -0.6909 -0.6612
vn 0.2303 -0.7139 -0.6613
vn 0.2428 -0.7776 -0.5800
vn 0.9325 0.1730 -0.3170
vn 0.9173 0.1743 -0.3582
vn 0.9324 0.0494 -0.3580
vn 0.9323 0.0494 -0.3582
vn 0.9290 -0.0932 -0.3581
vn 0.9291 -0.0932 -0.3579
vn 0.8994 -0.2513 -0.3576
vn 0.8994 -0.2514 -0.3575
vn 0.8561 -0.3722 -0.3585
vn 0.8561 -0.3722 -0.3586
vn 0.8177 -0.4502 -0.3586
vn 0.7519 -0.5537 -0.3578
vn 0.6702 -0.6497 -0.3587
vn 0.6703 -0.6497 -0.3586
vn 0.6044 -0.7115 -0.3586
vn 0.6044 -0.7115 -0.3584
vn 0.5310 -0.7679 -0.3583
vn 0.4500 -0.8180 -0.3584
vn 0.4500 -0.8179 -0.3585
vn 0.3639 -0.8596 -0.3586
vn 0.2847 -0.8890 -0.3587
vn 0.2848 -0.9000 -0.3300
vn 0.1350 0.0599 -0.9890
vn 0.1841 -0.9797 -0.0795
vn 0.3727 -0.0749 -0.9249
vn 0.3686 -0.0952 -0.9247
vn 0.3260 -0.3346 -0.8842
vn 0.3100 -0.4112 -0.8572
vn 0.2750 -0.5165 -0.8110
vn 0.1771 -0.7521 -0.6348
vn 0.1729 -0.7586 -0.6282
vn 0.0458 -0.9303 -0.3639
vn 0.0435 -0.9320 -0.3598
vn 0.0429 -0.9955 -0.0846
vn -0.0304 -0.9945 -0.1005
vn 0.2494 -0.9650 -0.0807
vn 0.1046 0.0562 -0.9929
vn 0.0907 0.0604 -0.9940
vn 0.0560 0.1133 -0.9920
vn 0.1825 0.1743 -0.9676
vn 0.3912 0.2032 -0.8976
vn 0.4064 0.3060 -0.8610
vn 0.3064 0.1828 -0.9342
vn -0.0735 -0.9931 -0.0911
vn -0.0731 -0.9931 -0.0917
vn -0.0331 -0.9964 -0.0783
vn 0.0493 -0.9306 -0.3627
vn 0.0529 -0.9268 -0.3719
vn 0.1405 -0.7490 -0.6476
vn 0.1382 -0.7540 -0.6421
vn 0.2281 -0.4034 -0.8861
vn 0.2199 -0.4353 -0.8730
vn 0.2682 -0.0642 -0.9612
vn 0.2598 -0.1173 -0.9585
vn 0.2754 0.3038 -0.9121
vn 0.2304 0.1742 -0.9574
vn 0.1616 0.2296 -0.9598
vn 0.1786 -0.2089 -0.9615
vn 0.1838 -0.1172 -0.9759
vn 0.1782 -0.4944 -0.8508
vn 0.1851 -0.4354 -0.8810
vn 0.1538 -0.7728 -0.6157
vn 0.1586 -0.7539 -0.6376
vn 0.1169 -0.9278 -0.3543
vn 0.1176 -0.9264 -0.3576
vn 0.0748 -0.9929 -0.0922
vn 0.1215 -0.9611 -0.2481
vn 0.1968 -0.9696 -0.1452
vn 0.2013 -0.9170 -0.3443
vn 0.2003 -0.9225 -0.3299
vn 0.1929 -0.7677 -0.6110
vn 0.1926 -0.7914 -0.5802
vn 0.1602 -0.4967 -0.8530
vn 0.1637 -0.5566 -0.8145
vn 0.1155 -0.2167 -0.9694
vn 0.1234 -0.3081 -0.9433
vn 0.0545 0.1173 -0.9916
vn 0.0435 -0.0711 -0.9965
vn 0.0238 0.0292 -0.9993
vn 0.0047 0.0058 -1.0000
vn 0.0262 0.0188 -0.9995
vn 0.0281 0.0342 -0.9990
vn 0.0122 0.0441 -0.9990
vn -0.0123 0.0535 -0.9985
vn -0.0200 0.0571 -0.9982
vn 0.1274 0.0846 -0.9882
vn 0.0839 0.0469 -0.9954
vn 0.0486 0.0402 -0.9980
vn 0.3236 0.2297 -0.9179
vn 0.3259 0.2279 -0.9175
vn 0.3138 0.2034 -0.9274
vn 0.4071 0.2881 -0.8668
vn 0.1536 0.2380 -0.9590
vn 0.2307 0.2453 -0.9416
vn 0.0837 0.1204 -0.9892
vn 0.0972 0.1311 -0.9866
vn 0.1017 0.1336 -0.9858
vn 0.1259 0.1951 -0.9727
vn 0.1820 0.1944 -0.9639
vn 0.0611 0.0794 -0.9950
vn 0.0583 0.0694 -0.9959
vn 0.0100 0.0205 -0.9997
vn 0.0094 0.0115 -0.9999
vn 0.0157 0.0069 -0.9999
vn 0.0143 0.0151 -0.9998
vn 0.0050 0.0062 -1.0000
vn 0.0050 0.0061 -1.0000
vn 0.0317 0.0385 -0.9988
vn 0.0271 0.0580 -0.9979
vn 0.0603 0.0834 -0.9947
vn 0.1017 0.1325 -0.9860
vn 0.1009 0.1320 -0.9861
vn 0.1495 0.1766 -0.9729
vn 0.1985 0.1932 -0.9609
vn 0.2113 0.2698 -0.9394
vn 0.3084 0.2860 -0.9072
vn 0.0320 0.0388 -0.9987
vn 0.0601 0.0667 -0.9960
vn 0.0534 0.0628 -0.9966
vn 0.0945 0.0950 -0.9910
vn 0.1559 0.1182 -0.9807
vn 0.1831 0.1982 -0.9629
vn 0.2598 0.2342 -0.9368
vn 0.2836 0.3318 -0.8997
vn 0.3459 0.2965 -0.8902
vn 0.4934 0.3206 -0.8086
vn 0.3856 0.2277 -0.8941
vn 0.1927 0.1053 -0.9756
vn 0.1317 0.0602 -0.9895
vn 0.0645 0.0739 -0.9952
vn 0.0415 0.0258 -0.9988
vn 0.0185 0.0224 -0.9996
vn 0.2676 0.1525 -0.9514
vn 0.2147 0.1397 -0.9666
vn 0.1217 0.1450 -0.9819
vn 0.0805 0.0535 -0.9953
vn 0.0491 0.0439 -0.9978
vn 0.0277 0.0280 -0.9992
vn 0.0315 0.0291 -0.9991
vn 0.0170 0.0185 -0.9997
vn 0.0167 0.0199 -0.9997
vn 0.0090 0.0124 -0.9999
vn 0.0095 0.0117 -0.9999
vn 0.1627 0.8221 -0.5456
vn 0.0682 0.1268 -0.9896
vn 0.1661 0.8222 -0.5444
vn 0.0676 0.1274 -0.9896
vn 0.0685 0.1268 -0.9896
vn 0.1085 0.3947 -0.9124
vn 0.1098 0.3936 -0.9127
vn 0.1412 0.6379 -0.7570
vn 0.1432 0.6364 -0.7579
vn 0.1616 0.8212 -0.5473
vn 0.1172 0.8805 -0.4594
vn 0.0649 0.1278 -0.9897
vn 0.1465 0.8247 -0.5463
vn 0.1180 0.8839 -0.4525
vn 0.1388 0.6383 -0.7572
vn 0.1099 0.7535 -0.6482
vn 0.1067 0.3950 -0.9125
vn 0.0947 0.4864 -0.8686
vn 0.0697 0.1388 -0.9879
vn 0.0636 0.1645 -0.9843
vn 0.1464 0.8223 -0.5499
vn 0.1027 0.1253 -0.9868
vn 0.0915 -0.0127 -0.9957
vn 0.1170 0.8377 -0.5335
vn 0.1416 0.8199 -0.5548
vn 0.1326 0.6462 -0.7516
vn 0.1404 0.6312 -0.7628
vn 0.1221 0.3962 -0.9100
vn 0.1273 0.3834 -0.9148
vn 0.1018 0.1245 -0.9870
vn 0.1019 0.1244 -0.9870
vn 0.0923 -0.0058 -0.9957
vn 0.4480 0.7667 -0.4599
vn 0.1244 0.1213 -0.9848
vn 0.1792 0.3758 -0.9092
vn 0.1740 0.3640 -0.9150
vn 0.2204 0.6189 -0.7539
vn 0.2165 0.6099 -0.7624
vn 0.1225 0.1088 -0.9865
vn 0.1171 -0.0164 -0.9930
vn 0.1175 -0.0094 -0.9930
vn 0.1432 0.0906 -0.9855
vn 0.1418 0.0835 -0.9864
vn 0.2390 0.3427 -0.9085
vn 0.2515 0.3626 -0.8974
vn 0.3171 0.5772 -0.7525
vn 0.3386 0.6131 -0.7138
vn 0.1626 0.8202 -0.5485
vn 0.1658 0.8196 -0.5485
vn 0.2418 0.7963 -0.5545
vn 0.2438 0.8005 -0.5474
vn 0.3686 0.7627 -0.5315
vn 0.3842 0.7915 -0.4753
vn 0.4461 0.7675 -0.4603
vn 0.4862 0.7766 -0.4007
vn 0.4620 0.7748 -0.4315
vn 0.1591 0.0842 -0.9837
vn 0.4492 0.7660 -0.4598
vn 0.4111 0.6085 -0.6787
vn 0.3865 0.5898 -0.7090
vn 0.2972 0.3589 -0.8848
vn 0.2828 0.3471 -0.8942
vn 0.1586 0.0862 -0.9836
vn 0.1552 0.0847 -0.9842
vn 0.6254 0.7309 -0.2733
vn 0.1818 0.0823 -0.9799
vn 0.1713 0.0853 -0.9815
vn 0.1636 0.0828 -0.9830
vn 0.1617 0.0827 -0.9834
vn 0.1827 0.0826 -0.9797
vn 0.4159 0.3177 -0.8521
vn 0.3031 0.1798 -0.9359
vn 0.7159 0.6546 -0.2430
vn 0.7249 0.6623 -0.1894
vn 0.7200 0.6095 -0.3318
vn 0.6641 0.5344 -0.5228
vn 0.6077 0.5179 -0.6021
vn 0.5691 0.4389 -0.6954
vn 0.4354 0.3244 -0.8398
vn 0.5662 0.7324 -0.3781
vn 0.6617 0.6998 -0.2691
vn 0.6677 0.6446 -0.3723
vn 0.5913 0.5442 -0.5952
vn 0.5884 0.5383 -0.6033
vn 0.4124 0.3342 -0.8475
vn 0.4076 0.3268 -0.8527
vn 0.1734 0.0753 -0.9820
vn 0.1488 0.0772 -0.9859
vn 0.1406 0.0440 -0.9891
vn 0.1801 0.0838 -0.9801
vn 0.1857 0.0996 -0.9775
vn 0.3596 0.3782 -0.8530
vn 0.3417 0.3332 -0.8788
vn 0.4978 0.6215 -0.6049
vn 0.4836 0.5652 -0.6683
vn 0.5454 0.7080 -0.4486
vn 0.5116 0.7617 -0.3976
vn -0.9999 0.0125 -0.0002
vn 0.1643 0.3149 -0.9348
vn 0.1716 0.4973 -0.8504
vn 0.2162 0.3299 -0.9189
vn 0.2065 0.3189 -0.9250
vn 0.1826 0.3164 -0.9309
vn 0.1993 0.3304 -0.9225
vn 0.1730 0.3114 -0.9344
vn 0.2014 0.3551 -0.9128
vn 0.2177 0.3750 -0.9011
vn 0.3661 0.4544 -0.8121
vn 0.3225 0.4084 -0.8540
vn 0.2784 0.3785 -0.8827
vn 0.2671 0.3607 -0.8936
vn 0.2280 0.3344 -0.9144
vn 0.4274 0.5012 -0.7524
vn 0.3726 0.4644 -0.8034
vn 0.3580 0.4857 -0.7975
vn 0.3277 0.4806 -0.8134
vn 0.2770 0.4769 -0.8342
vn 0.2771 0.4740 -0.8358
vn 0.2323 0.4065 -0.8836
vn 0.1991 0.3745 -0.9056
vn 0.1818 0.3474 -0.9199
vn 0.1513 0.3161 -0.9366
vn 0.1545 0.3215 -0.9342
vn 0.1311 0.2990 -0.9452
vn 0.1442 0.3212 -0.9360
vn 0.1286 0.3126 -0.9411
vn 0.2089 0.4380 -0.8744
vn 0.1710 0.3744 -0.9114
vn 0.1401 0.3467 -0.9275
vn 0.1416 0.3441 -0.9282
vn 0.1422 0.3369 -0.9307
vn 0.3112 0.5028 -0.8064
vn 0.3285 0.4811 -0.8128
vn 0.2489 0.3792 -0.8912
vn 0.2603 0.4126 -0.8729
vn 0.1922 0.3228 -0.9267
vn 0.2056 0.3600 -0.9100
vn 0.1606 0.2985 -0.9408
vn 0.1773 0.3428 -0.9225
vn 0.1471 0.2996 -0.9427
vn 0.1698 0.3570 -0.9185
vn 0.1794 0.3713 -0.9110
vn 0.1795 0.3755 -0.9093
vn 0.2687 0.4536 -0.8498
vn 0.2128 0.9771 -0.0000
vn 0.2129 0.9771 0.0001
vn 0.0001 0.0003 -1.0000
vn -0.0003 0.0005 -1.0000
vn -0.0000 -0.0001 -1.0000
vn 0.0001 -0.0003 -1.0000
vn -0.0002 -0.0001 -1.0000
vn 0.3005 0.3328 -0.8938
vn 0.2434 0.1897 -0.9512
vn 0.3004 0.4848 -0.8214
vn 0.4010 0.5063 -0.7634
vn 0.4366 0.4822 -0.7595
vn 0.4192 0.4455 -0.7911
vn 0.4843 0.5196 -0.7039
vn 0.2690 0.2059 -0.9409
vn 0.3130 0.2246 -0.9228
vn 0.3140 0.2439 -0.9175
vn 0.2508 0.2042 -0.9462
vn 0.4348 0.3775 -0.8176
vn 0.3730 0.3232 -0.8697
vn 0.3168 0.2814 -0.9058
vn 0.3189 0.2763 -0.9066
vn 0.2845 0.2265 -0.9315
vn 0.4140 0.3083 -0.8564
vn 0.4916 0.4110 -0.7678
vn 0.5339 0.4292 -0.7285
vn 0.4626 0.4467 -0.7658
vn 0.4689 0.4553 -0.7569
vn 0.3950 0.4036 -0.8253
vn 0.3804 0.3875 -0.8397
vn 0.3419 0.3689 -0.8643
vn 0.2299 0.3195 -0.9193
vn 0.2105 0.2773 -0.9374
vn 0.2363 0.3003 -0.9241
vn 0.2903 0.4430 -0.8482
vn 0.2130 0.3347 -0.9179
vn 0.2329 0.3371 -0.9122
vn 0.1992 0.2926 -0.9352
vn 0.1991 0.2926 -0.9353
vn 0.3958 0.4918 -0.7755
vn 0.3895 0.4842 -0.7835
vn 0.3536 0.4817 -0.8018
vn 0.2671 0.3179 -0.9097
vn 0.2537 0.3049 -0.9180
vn 0.2174 0.2439 -0.9451
vn 0.2549 0.2760 -0.9267
vn 0.2316 0.2322 -0.9447
vn 0.2989 0.2848 -0.9108
vn 0.2881 0.3271 -0.9000
vn 0.2829 0.3166 -0.9054
vn 0.2515 0.2066 -0.9456
vn 0.2326 0.1930 -0.9532
vn 0.2228 0.1864 -0.9569
vn 0.2574 0.2340 -0.9375
vn 0.2984 0.2665 -0.9165
vn 0.3287 0.3284 -0.8855
vn 0.4468 0.4169 -0.7915
vn 0.3342 0.4961 -0.8014
vn 0.2707 0.5737 -0.7730
vn 0.3033 0.4737 -0.8268
vn 0.3428 0.5198 -0.7825
vn 0.3369 0.5044 -0.7950
vn 0.3351 0.4784 -0.8117
vn 0.3280 0.5263 -0.7845
vn 0.2676 0.4463 -0.8540
vn 0.0259 -0.0354 -0.9990
vn 0.1949 -0.0890 -0.9768
vn 0.1805 -0.0869 -0.9797
vn 0.0903 -0.0697 -0.9935
vn 0.1190 -0.0883 -0.9890
vn 0.1344 -0.1045 -0.9854
vn 0.1653 -0.0910 -0.9820
vn 0.1882 -0.1076 -0.9762
vn 0.0244 -0.0286 -0.9993
vn 0.0268 -0.0316 -0.9991
vn 0.0236 -0.0411 -0.9989
vn 0.0771 -0.0735 -0.9943
vn 0.0550 -0.0445 -0.9975
vn 0.0555 -0.0469 -0.9974
vn 0.0421 -0.0422 -0.9982
vn 0.0375 -0.0376 -0.9986
vn 0.0267 -0.0324 -0.9991
vn 0.0272 -0.0292 -0.9992
vn 0.0233 -0.0267 -0.9994
vn 0.0243 -0.0288 -0.9993
vn 0.2885 0.1592 -0.9442
vn 0.2914 0.1648 -0.9423
vn 0.2890 0.1642 -0.9431
vn 0.2940 0.1531 -0.9435
vn 0.3434 0.1759 -0.9226
vn 0.3379 0.1856 -0.9227
vn 0.4026 0.1599 -0.9013
vn 0.3886 0.1700 -0.9056
vn 0.4660 0.1972 -0.8625
vn 0.5166 0.1526 -0.8425
vn 0.5991 0.2592 -0.7575
vn 0.6508 0.2364 -0.7216
vn 0.3049 0.1430 -0.9416
vn 0.2970 0.1501 -0.9430
vn 0.2949 0.1557 -0.9428
vn 0.2960 0.1564 -0.9423
vn 0.2900 0.1541 -0.9445
vn 0.3348 0.1500 -0.9303
vn 0.3304 0.1457 -0.9325
vn 0.3628 0.1504 -0.9197
vn 0.3911 0.1622 -0.9059
vn 0.3880 0.1592 -0.9078
vn 0.4360 0.1602 -0.8856
vn 0.4799 0.1868 -0.8572
vn 0.5111 0.2157 -0.8320
vn 0.5432 0.1966 -0.8162
vn 0.6576 0.2016 -0.7259
vn 0.6458 0.2062 -0.7352
vn 0.3427 0.2753 -0.8982
vn 0.4522 0.3155 -0.8343
vn 0.3259 0.2739 -0.9049
vn 0.3332 0.2468 -0.9100
vn 0.3348 0.2603 -0.9056
vn 0.8055 -0.5926 -0.0000
vn 0.7940 -0.6079 -0.0000
vn 0.7938 -0.6081 -0.0008
vn 0.9687 -0.2483 0.0010
vn 0.9729 -0.2312 0.0001
vn 0.9993 -0.0387 0.0001
vn 1.0000 0.0085 -0.0000
vn 0.9635 0.2676 0.0006
vn 0.9693 0.2457 -0.0007
vn 0.8409 0.5412 0.0002
vn 0.7288 0.6847 -0.0029
vn 0.7395 0.6731 -0.0035
vn 0.3845 0.9231 -0.0000
vn 0.3411 0.9400 -0.0020
vn 0.5770 0.8167 0.0010
vn 0.1763 0.0385 -0.9836
vn 0.4434 0.4969 -0.7460
vn 0.6984 0.5173 -0.4946
vn 0.3895 0.5363 -0.7488
vn 0.4102 0.7730 -0.4840
vn 0.2249 -0.0090 -0.9743
vn 0.2471 0.0563 -0.9673
vn 0.3107 0.2306 -0.9221
vn 0.5855 0.4295 -0.6875
vn 0.5792 0.6263 -0.5219
vn 0.6836 0.6363 -0.3576
vn 0.3964 0.9043 -0.1586
vn 0.3958 0.9140 -0.0886
vn 0.4639 0.7946 -0.3916
vn 0.4695 0.7994 -0.3750
vn 0.5161 0.7746 -0.3657
vn 0.3675 0.2315 -0.9008
vn 0.1852 0.0318 -0.9822
vn 0.2032 0.0577 -0.9774
vn 0.2243 0.0618 -0.9726
vn 0.4091 0.6408 -0.6497
vn 0.4178 0.6889 -0.5923
vn 0.4506 0.6747 -0.5846
vn 0.4251 0.6238 -0.6559
vn 0.4818 0.5937 -0.6445
vn 0.4794 0.5888 -0.6508
vn 0.5369 0.6579 -0.5281
vn 0.1536 0.0417 -0.9873
vn 0.1492 0.0382 -0.9881
vn 0.1561 0.0309 -0.9873
vn 0.5972 0.4457 -0.6668
vn 0.5560 0.4040 -0.7264
vn 0.5200 0.3731 -0.7683
vn 0.3473 0.2109 -0.9137
vn 0.3290 0.2301 -0.9159
vn 0.1276 -0.0054 -0.9918
vn 0.1718 0.0390 -0.9844
vn 0.5044 0.4581 -0.7320
vn 0.4750 0.4198 -0.7734
vn 0.5030 0.4517 -0.7368
vn 0.3491 0.2575 -0.9010
vn 0.3238 0.2765 -0.9048
vn 0.3688 0.3461 -0.8627
vn 0.3465 0.3578 -0.8671
vn 0.3653 0.3916 -0.8445
vn 0.3627 0.3669 -0.8567
vn 0.7194 0.5170 -0.4639
vn 0.1570 0.0432 -0.9867
vn 0.7019 0.5128 -0.4943
vn 0.5828 0.3975 -0.7087
vn 0.5655 0.3918 -0.7257
vn 0.3820 0.2329 -0.8943
vn 0.3699 0.2284 -0.9006
vn 0.1664 0.0636 -0.9840
vn 0.1406 0.0584 -0.9883
vn 0.0356 -0.0195 -0.9992
vn 0.7175 0.5195 -0.4641
vn 0.7573 0.5885 -0.2833
vn 0.6894 0.5117 -0.5127
vn 0.5732 0.4101 -0.7094
vn 0.2310 0.1411 -0.9627
vn 0.6020 0.4404 -0.6661
vn 0.4817 0.3324 -0.8108
vn 0.3713 0.2467 -0.8951
vn 0.1824 0.0785 -0.9801
vn 0.1462 0.0574 -0.9876
vn 0.1689 0.0929 -0.9812
vn 0.6495 0.5593 -0.5152
vn 0.2198 0.1543 -0.9633
vn 0.1659 0.0960 -0.9815
vn 0.0365 -0.0206 -0.9991
vn 0.1952 0.1051 -0.9751
vn 0.1794 0.0906 -0.9796
vn 0.2011 0.0716 -0.9770
vn 0.2290 0.1017 -0.9681
vn 0.2240 0.0624 -0.9726
vn 0.6288 0.7610 -0.1595
vn 0.5614 0.7149 -0.4169
vn 0.7181 0.6347 -0.2855
vn 0.6841 0.6101 -0.3998
vn 0.6897 0.7084 -0.1500
vn 0.6537 0.6846 -0.3225
vn 0.6308 0.7518 -0.1919
vn 0.2467 0.0477 -0.9679
vn 0.2462 0.0466 -0.9681
vn 0.3934 0.3217 -0.8612
vn 0.4995 0.5687 -0.6535
vn 0.4039 0.3487 -0.8457
vn 0.4047 0.3481 -0.8456
vn 0.4073 0.3512 -0.8431
vn 0.4116 0.3474 -0.8426
vn 0.4076 0.3436 -0.8460
vn 0.4187 0.3320 -0.8452
vn 0.4570 0.3621 -0.8124
vn 0.5691 0.4794 -0.6680
vn 0.6155 0.5195 -0.5927
vn 0.5835 0.5527 -0.5950
vn 0.5865 0.5556 -0.5893
vn 0.5540 0.5841 -0.5932
vn 0.5481 0.5764 -0.6060
vn 0.5082 0.6044 -0.6135
vn 0.5499 0.8112 -0.1986
vn 0.5118 0.7642 -0.3924
vn 0.4608 0.7614 -0.4560
vn 0.2571 0.0419 -0.9655
vn 0.2571 0.0422 -0.9654
vn 0.3684 0.3144 -0.8749
vn 0.3722 0.3328 -0.8664
vn 0.4469 0.5653 -0.6933
vn 0.4491 0.5954 -0.6662
vn 0.4815 0.7899 -0.3797
vn 0.4863 0.7775 -0.3987
vn 0.4459 0.7653 -0.4642
vn 0.2516 0.0464 -0.9667
vn 0.2549 0.0429 -0.9660
vn 0.3503 0.3234 -0.8790
vn 0.3517 0.3220 -0.8790
vn 0.4249 0.5721 -0.7016
vn 0.4169 0.5789 -0.7008
vn 0.4575 0.7617 -0.4589
vn 0.4480 0.7671 -0.4591
vn 0.2438 0.7998 -0.5485
vn 0.2437 0.8045 -0.5416
vn 0.2175 0.6099 -0.7620
vn 0.2184 0.6217 -0.7522
vn 0.1719 0.3643 -0.9153
vn 0.1740 0.3818 -0.9077
vn 0.1128 0.0941 -0.9892
vn 0.1167 0.1183 -0.9861
vn 0.3841 0.7902 -0.4775
vn 0.3843 0.7557 -0.5303
vn 0.3566 0.6004 -0.7158
vn 0.3523 0.5677 -0.7440
vn 0.2941 0.3473 -0.8905
vn 0.2899 0.3277 -0.8992
vn 0.2052 0.0668 -0.9764
vn 0.2049 0.0658 -0.9766
vn 0.1520 -0.0799 -0.9851
vn 0.0833 -0.0266 -0.9962
vn 0.1502 -0.0672 -0.9864
vn 0.0805 -0.0332 -0.9962
vn 0.0809 -0.0257 -0.9964
vn 0.1285 0.4972 -0.8581
vn 0.1302 0.4951 -0.8590
vn 0.1327 0.4908 -0.8611
vn 0.1326 0.4835 -0.8653
vn 0.1678 0.4634 -0.8701
vn 0.2409 0.4703 -0.8490
vn 0.2357 0.4754 -0.8476
vn 0.1304 0.4647 -0.8758
vn 0.1319 0.4750 -0.8700
vn 0.1318 0.4690 -0.8733
vn 0.1308 0.4658 -0.8752
vn 0.2881 0.5235 -0.8019
vn 0.2460 0.4945 -0.8336
vn 0.1965 0.4990 -0.8440
vn 0.1305 0.4777 -0.8688
vn 0.1298 0.4787 -0.8683
vn 0.1992 0.5054 -0.8396
vn 0.1536 0.2994 -0.9417
vn 0.1333 0.2835 -0.9497
vn 0.1530 0.2797 -0.9478
vn 0.1544 0.2783 -0.9480
vn 0.1186 0.3114 -0.9428
vn 0.1046 0.2830 -0.9534
vn 0.1216 0.3087 -0.9433
vn 0.1273 0.2857 -0.9498
vn 0.1303 0.2884 -0.9486
vn 0.0944 0.3852 -0.9180
vn 0.2087 0.5187 -0.8291
vn 0.3075 0.4595 -0.8332
vn 0.2866 0.5192 -0.8051
vn 0.2269 0.5136 -0.8275
vn 0.1371 0.4214 -0.8964
vn 0.2459 0.4463 -0.8604
vn 0.1749 0.3244 -0.9296
vn 0.2679 0.4012 -0.8760
vn 0.1652 0.2977 -0.9403
vn 0.2116 0.3242 -0.9220
vn 0.2859 0.3516 -0.8915
vn 0.2767 0.3439 -0.8973
vn 0.3425 0.3759 -0.8610
vn 0.4586 0.4202 -0.7830
vn 0.4946 0.4324 -0.7540
vn 0.0450 0.0177 -0.9988
vn 0.0690 0.0065 -0.9976
vn 0.0693 0.0272 -0.9972
vn 0.1243 0.0455 -0.9912
vn 0.2031 0.0638 -0.9771
vn 0.2335 0.0615 -0.9704
vn 0.3049 0.1405 -0.9420
vn 0.3043 0.1273 -0.9440
vn 0.3573 0.1512 -0.9217
vn 0.3822 0.1713 -0.9081
vn 0.4463 0.1980 -0.8727
vn 0.4101 0.1997 -0.8899
vn 0.4144 0.2835 -0.8648
vn 0.4463 0.2932 -0.8455
vn 0.3691 0.2700 -0.8893
vn 0.3612 0.2661 -0.8937
vn 0.4041 0.3432 -0.8479
vn 0.3118 0.2913 -0.9044
vn 0.2796 0.3080 -0.9094
vn 0.0022 0.0003 -1.0000
vn 0.0068 0.0014 -1.0000
vn 0.0544 -0.0424 -0.9976
vn 0.2656 -0.3812 -0.8855
vn 0.1059 -0.0474 -0.9932
vn 0.0791 0.0528 -0.9955
vn 0.1769 -0.0131 -0.9841
vn 0.0893 0.1182 -0.9890
vn 0.2825 -0.0026 -0.9593
vn 0.2128 0.0907 -0.9729
vn 0.4408 0.0425 -0.8966
vn 0.3548 0.1009 -0.9295
vn 0.4029 0.1580 -0.9015
vn 0.4242 0.1490 -0.8932
vn 0.4006 0.2210 -0.8892
vn 0.4072 0.2175 -0.8870
vn 0.5210 0.2301 -0.8220
vn 0.4513 0.2649 -0.8521
vn 0.4542 0.1972 -0.8688
vn 0.4505 0.1967 -0.8708
vn 0.3166 0.2134 -0.9242
vn -0.0416 -0.9963 -0.0752
vn 0.3190 0.2061 -0.9251
vn 0.3155 -0.0889 -0.9448
vn 0.3168 -0.0818 -0.9450
vn 0.2921 -0.3284 -0.8983
vn 0.2939 -0.3194 -0.9009
vn 0.2594 -0.5106 -0.8198
vn 0.2624 -0.5003 -0.8251
vn 0.1865 -0.7541 -0.6297
vn 0.1927 -0.7435 -0.6404
vn 0.0876 -0.9312 -0.3539
vn 0.0966 -0.9238 -0.3705
vn 0.0180 -0.9953 -0.0948
vn -0.0118 -0.9978 -0.0648
vn -0.0307 -0.9913 -0.1277
vn 0.0793 -0.9307 -0.3572
vn 0.0715 -0.9355 -0.3461
vn 0.2120 -0.7556 -0.6198
vn 0.2064 -0.7630 -0.6125
vn 0.3132 -0.5138 -0.7987
vn 0.3103 -0.5210 -0.7952
vn 0.3616 -0.3326 -0.8710
vn 0.3599 -0.3387 -0.8693
vn 0.4009 -0.0941 -0.9113
vn 0.3998 -0.0985 -0.9113
vn 0.4155 0.2071 -0.8857
vn 0.4105 0.1877 -0.8923
vn 0.1183 -0.9851 -0.1251
vn 0.3363 0.2165 -0.9166
vn 0.4074 -0.4879 -0.7720
vn 0.3922 -0.2482 -0.8858
vn 0.3868 -0.3083 -0.8691
vn 0.3493 0.0112 -0.9369
vn 0.4090 -0.5909 -0.6954
vn 0.4079 -0.5742 -0.7099
vn 0.3887 -0.7343 -0.5565
vn 0.3848 -0.7893 -0.4785
vn 0.3661 -0.8309 -0.4190
vn 0.2973 -0.9388 -0.1740
vn 0.2817 -0.9473 -0.1522
vn 0.0146 -0.9981 0.0603
vn 0.1115 -0.9753 -0.1905
vn 0.0268 -0.9954 -0.0923
vn 0.1431 -0.8459 -0.5139
vn 0.0682 -0.9231 -0.3784
vn 0.1723 -0.6358 -0.7524
vn 0.1271 -0.7423 -0.6579
vn 0.1592 -0.4994 -0.8516
vn 0.1553 -0.3689 -0.9164
vn 0.1624 -0.3190 -0.9337
vn 0.1650 -0.0444 -0.9853
vn 0.1562 -0.0830 -0.9842
vn 0.1577 0.2068 -0.9656
vn 0.1601 0.2118 -0.9641
vn 0.1369 0.2407 -0.9609
vn 0.2296 0.2688 -0.9354
vn 0.2290 0.2668 -0.9361
vn 0.1678 0.2314 -0.9583
vn 0.1870 0.2041 -0.9609
vn 0.2272 -0.0224 -0.9736
vn 0.2308 -0.0134 -0.9729
vn 0.2676 -0.3423 -0.9007
vn 0.2707 -0.3339 -0.9029
vn 0.2777 -0.6107 -0.7416
vn 0.2803 -0.6036 -0.7463
vn 0.2587 -0.8233 -0.5052
vn 0.2642 -0.8176 -0.5115
vn 0.2094 -0.9597 -0.1872
vn 0.2188 -0.9562 -0.1942
vn 0.2232 -0.9638 0.1461
vn 0.2505 -0.9611 -0.1163
vn 0.1797 -0.9836 -0.0155
vn 0.1192 -0.9925 -0.0264
vn 0.1493 -0.9685 -0.1994
vn 0.1411 -0.9724 -0.1857
vn 0.1886 -0.8337 -0.5189
vn 0.1838 -0.8422 -0.5069
vn 0.2066 -0.6217 -0.7555
vn 0.2043 -0.6329 -0.7468
vn 0.2056 -0.3522 -0.9131
vn 0.2034 -0.3651 -0.9085
vn 0.1820 -0.0297 -0.9828
vn 0.1799 -0.0433 -0.9827
vn 0.1490 0.2200 -0.9640
vn 0.1402 0.2173 -0.9660
vn 0.2540 -0.9584 0.1304
vn 0.3827 -0.7899 0.4792
vn 0.2894 -0.9418 0.1713
vn 0.2887 -0.9410 0.1763
vn 0.2569 -0.9664 0.0101
vn 0.2223 -0.9634 -0.1501
vn 0.4094 -0.5738 0.7094
vn 0.4067 -0.5935 0.6945
vn 0.3833 -0.7590 0.5262
vn 0.3486 0.0111 0.9372
vn 0.3792 -0.1971 0.9041
vn 0.4031 -0.3043 0.8631
vn 0.4043 -0.3862 0.8291
vn 0.4075 -0.4900 0.7706
vn 0.1537 0.2117 0.9652
vn 0.1574 0.2245 0.9617
vn 0.1572 -0.0450 0.9865
vn 0.0148 -0.9981 -0.0599
vn 0.0691 -0.9944 0.0799
vn 0.0563 -0.9783 0.1992
vn 0.1031 -0.9238 0.3687
vn 0.1064 -0.8479 0.5193
vn 0.1439 -0.7429 0.6537
vn 0.1437 -0.6377 0.7568
vn 0.1592 -0.4993 0.8517
vn 0.1553 -0.3689 0.9164
vn 0.1624 -0.3190 0.9337
vn 0.1654 -0.0830 0.9827
vn 0.2990 0.2004 0.9330
vn 0.2265 0.2689 0.9362
vn 0.1808 0.2342 0.9552
vn 0.2260 -0.0144 0.9740
vn 0.2320 -0.0216 0.9725
vn 0.2671 -0.3346 0.9037
vn 0.2712 -0.3417 0.8998
vn 0.2779 -0.6040 0.7470
vn 0.2802 -0.6103 0.7409
vn 0.2597 -0.8184 0.5126
vn 0.2633 -0.8225 0.5041
vn 0.2112 -0.9576 0.1961
vn 0.2171 -0.9583 0.1856
vn 0.1806 -0.9834 0.0191
vn 0.0975 -0.9951 0.0179
vn 0.1449 -0.9742 0.1730
vn 0.1469 -0.9718 0.1846
vn 0.1435 -0.9691 0.2005
vn 0.1871 -0.8418 0.5063
vn 0.1853 -0.8341 0.5195
vn 0.2061 -0.6327 0.7465
vn 0.2049 -0.6219 0.7558
vn 0.2060 -0.3649 0.9080
vn 0.2030 -0.3525 0.9135
vn 0.1833 -0.0430 0.9821
vn 0.1786 -0.0302 0.9835
vn 0.1489 0.2211 0.9638
vn 0.1659 0.1926 0.9671
vn 0.6673 -0.7444 0.0227
vn 0.6809 -0.5220 0.5137
vn 0.4329 -0.5860 0.6849
vn 0.2425 0.2051 0.9482
vn 0.1183 0.4224 0.8987
vn 0.2760 0.2041 0.9392
vn 0.6810 0.7308 0.0466
vn 0.7322 -0.6811 0.0031
vn 0.7737 -0.6333 0.0174
vn 0.7944 -0.6074 0.0028
vn 0.8857 -0.4642 0.0121
vn 0.9873 -0.1568 0.0267
vn 0.9856 -0.1669 0.0257
vn 0.9855 0.1667 0.0325
vn 0.9564 0.2893 0.0393
vn 0.8782 0.4770 0.0353
vn 0.6668 0.7437 0.0477
vn 0.7258 0.6869 0.0360
vn 0.5524 0.8327 0.0387
vn 0.5233 0.8141 0.2518
vn 0.5386 0.8265 0.1636
vn 0.5112 0.7680 0.3858
vn 0.1882 0.5874 0.7871
vn 0.3358 0.5568 0.7597
vn 0.4602 0.6330 0.6225
vn 0.0320 0.8732 0.4864
vn 0.4477 0.7200 0.5302
vn 0.4060 -0.3858 0.8285
vn 0.3689 -0.2001 0.9077
vn 0.4187 -0.7491 0.5133
vn 0.3107 -0.9505 -0.0006
vn 0.4329 -0.0373 0.9007
vn 0.3200 0.2377 0.9171
vn 0.2865 0.2736 0.9182
vn 0.1887 0.4505 0.8726
vn 0.4222 -0.4859 0.7653
vn 0.4089 -0.4210 0.8097
vn 0.5307 -0.3688 0.7631
vn 0.5478 -0.5947 0.5884
vn 0.5518 -0.6189 0.5590
vn 0.4477 -0.6640 0.5989
vn 0.4184 0.3165 0.8513
vn 0.3717 0.3925 0.8413
vn 0.4225 0.3462 0.8377
vn 0.5484 0.0965 0.8306
vn 0.5804 0.0435 0.8131
vn 0.4022 -0.9061 0.1311
vn 0.4066 -0.8496 0.3358
vn 0.5174 -0.8034 0.2947
vn 0.5180 -0.7895 0.3293
vn 0.6260 -0.7317 0.2697
vn 0.6325 -0.7070 0.3164
vn 0.7465 -0.6323 0.2072
vn 0.2879 -0.9387 -0.1896
vn 0.3701 -0.9253 0.0830
vn 0.4587 -0.8872 0.0498
vn 0.4648 -0.8779 0.1155
vn 0.5324 -0.8461 0.0264
vn 0.5468 -0.8322 0.0921
vn 0.5874 -0.8075 0.0544
vn 0.8436 -0.3204 0.4309
vn 0.6833 0.3823 0.6221
vn 0.8711 0.0122 0.4910
vn 0.7803 0.3035 0.5468
vn 0.7634 0.3267 0.5572
vn 0.6406 -0.7637 0.0794
vn 0.5887 -0.8083 -0.0082
vn 0.5999 -0.7990 0.0409
vn 0.6304 0.6535 0.4189
vn 0.6246 0.6594 0.4184
vn 0.5162 0.5732 0.6364
vn 0.7892 0.2709 0.5512
vn 0.5229 0.4918 0.6962
vn 0.6787 0.2296 0.6976
vn 0.7030 0.1979 0.6831
vn 0.7911 -0.1157 0.6006
vn 0.6514 -0.2055 0.7303
vn 0.7352 -0.6765 0.0430
vn 0.7590 -0.6489 0.0535
vn 0.8515 -0.5061 0.1375
vn 0.9433 -0.2468 0.2221
vn 0.9491 -0.2076 0.2368
vn 0.9505 0.0786 0.3007
vn 0.9442 0.1131 0.3092
vn 0.8507 0.3972 0.3444
vn 0.8351 0.4245 0.3498
vn 0.5159 0.7883 0.3352
vn 0.6407 0.7099 0.2926
vn 0.4613 0.8434 0.2755
vn 0.4554 0.8464 0.2761
vn 0.6920 -0.7217 0.0128
vn 0.6850 -0.7271 0.0459
vn 0.8211 -0.5533 0.1401
vn 0.7662 -0.5911 0.2522
vn 0.8395 -0.3735 0.3947
vn 0.6781 -0.4830 0.5540
vn 0.6660 -0.2555 0.7009
vn 0.5205 -0.3359 0.7850
vn 0.4538 -0.0748 0.8880
vn 0.3380 -0.1243 0.9329
vn 0.2593 0.1880 0.9473
vn 0.3591 0.9229 0.1389
vn 0.6589 0.7361 0.1552
vn 0.6650 0.7307 0.1544
vn 0.8697 0.4695 0.1525
vn 0.8756 0.4588 0.1512
vn 0.9779 0.1607 0.1337
vn 0.9809 0.1430 0.1315
vn 0.9817 -0.1609 0.1014
vn 0.9780 -0.1848 0.0971
vn 0.8826 -0.4666 0.0580
vn 0.8689 -0.4924 0.0513
vn 0.7313 -0.6818 0.0168
vn 0.6997 -0.7145 0.0042
vn 0.6552 -0.7539 -0.0492
vn 0.4356 -0.7209 -0.5391
vn 0.7944 -0.6074 -0.0028
vn 0.7882 -0.6154 -0.0073
vn 0.2321 0.5799 -0.7809
vn 0.3472 0.3726 -0.8606
vn 0.1903 0.4480 -0.8736
vn 0.2718 0.2245 -0.9358
vn 0.1241 0.4132 -0.9022
vn 0.1838 0.8380 -0.5137
vn 0.4131 0.6058 -0.6800
vn 0.3358 0.5568 -0.7598
vn 0.4583 0.8451 -0.2751
vn 0.4633 0.8418 -0.2771
vn 0.6067 0.6880 -0.3981
vn 0.5524 0.8327 -0.0387
vn 0.6809 0.7309 -0.0466
vn 0.3591 0.9229 -0.1389
vn 0.5386 0.8265 -0.1635
vn 0.5233 0.8141 -0.2518
vn 0.2504 0.1897 -0.9494
vn 0.2505 0.2085 -0.9454
vn 0.3068 0.2322 -0.9230
vn 0.2990 0.2804 -0.9121
vn 0.4059 0.3376 -0.8493
vn 0.4207 -0.8149 -0.3988
vn 0.4055 -0.8500 -0.3362
vn 0.5105 -0.8068 -0.2975
vn 0.5246 -0.7865 -0.3259
vn 0.6174 -0.7371 -0.2748
vn 0.6403 -0.7029 -0.3097
vn 0.7397 -0.6378 -0.2145
vn 0.5624 -0.8230 -0.0802
vn 0.5206 -0.8527 -0.0427
vn 0.4770 -0.8732 -0.1001
vn 0.4435 -0.8946 -0.0557
vn 0.3770 -0.9227 -0.0805
vn 0.3923 -0.9143 -0.1003
vn 0.3438 -0.9298 -0.1312
vn 0.5655 0.6138 -0.5508
vn 0.6358 0.4139 -0.6515
vn 0.5229 0.4918 -0.6962
vn 0.3869 0.4028 -0.8295
vn 0.4127 -0.4864 -0.7701
vn 0.4117 -0.4200 -0.8088
vn 0.5265 -0.3708 -0.7650
vn 0.5247 -0.3338 -0.7831
vn 0.6607 -0.2588 -0.7046
vn 0.6567 -0.2025 -0.7265
vn 0.7911 -0.1157 -0.6006
vn 0.6833 0.3823 -0.6221
vn 0.6629 -0.7480 -0.0326
vn 0.6875 -0.7254 -0.0347
vn 0.6898 -0.7236 -0.0238
vn 0.7156 -0.6982 -0.0212
vn 0.7065 -0.7076 -0.0114
vn 0.7256 0.6867 -0.0452
vn 0.6672 0.7440 -0.0372
vn 0.6590 0.7362 -0.1542
vn 0.6649 0.7306 -0.1554
vn 0.6268 0.6970 -0.3482
vn 0.4311 0.8605 -0.2715
vn 0.6246 0.6594 -0.4184
vn 0.5048 0.7637 -0.4023
vn 0.4477 0.7200 -0.5302
vn 0.9780 0.1607 -0.1329
vn 0.9809 0.1429 -0.1323
vn 0.9450 0.1135 -0.3068
vn 0.9498 0.0778 -0.3030
vn 0.8711 0.0122 -0.4910
vn 0.4329 -0.5842 -0.6865
vn 0.4290 -0.6709 -0.6049
vn 0.5467 -0.6214 -0.5613
vn 0.5529 -0.5924 -0.5860
vn 0.6743 -0.5263 -0.5180
vn 0.6845 -0.4796 -0.5490
vn 0.8348 -0.3776 -0.4006
vn 0.8479 -0.3182 -0.4241
vn 0.9421 -0.2481 -0.2256
vn 0.9502 -0.2070 -0.2330
vn 0.9778 -0.1851 -0.0986
vn 0.9819 -0.1608 -0.0999
vn 0.5999 -0.7990 -0.0409
vn 0.5988 -0.8001 -0.0359
vn 0.7713 -0.5883 -0.2430
vn 0.8211 -0.5533 -0.1401
vn 0.7942 -0.5994 -0.1000
vn 0.8591 -0.5012 -0.1038
vn 0.8685 -0.4928 -0.0538
vn 0.8828 -0.4665 -0.0555
vn 0.3629 -0.2565 -0.8959
vn 0.3651 -0.1131 -0.9241
vn 0.4465 -0.0781 -0.8914
vn 0.4400 -0.0336 -0.8973
vn 0.5713 0.0381 -0.8199
vn 0.5574 0.1020 -0.8240
vn 0.6950 0.1923 -0.6928
vn 0.6866 0.2351 -0.6879
vn 0.7760 0.3002 -0.5546
vn 0.7677 0.3298 -0.5493
vn 0.8497 0.3963 -0.3478
vn 0.8362 0.4253 -0.3463
vn 0.8755 0.4587 -0.1521
vn 0.8698 0.4696 -0.1516
vn 0.8782 0.4770 -0.0353
vn 0.9852 0.1662 -0.0409
vn 0.9566 0.2893 -0.0341
vn 0.9873 -0.1568 -0.0260
vn 0.9856 -0.1668 -0.0263
vn 0.8857 -0.4642 -0.0121
vn 0.7312 -0.6819 -0.0190
vn 0.7318 -0.6815 -0.0100
vn 0.4311 0.6147 -0.6605
vn 0.6984 0.7150 -0.0308
vn 0.5476 0.8355 -0.0454
vn 0.5489 0.8345 -0.0476
vn 0.5552 0.8241 -0.1123
vn 0.5412 0.8248 -0.1637
vn 0.5416 0.8130 -0.2135
vn 0.5345 0.8065 -0.2528
vn 0.3917 0.6277 -0.6727
vn 0.3320 0.5613 -0.7581
vn 0.5294 0.7993 -0.2845
vn 0.5245 0.7886 -0.3208
vn 0.5040 0.7733 -0.3846
vn 0.4843 0.7328 -0.4780
vn 0.4608 0.7092 -0.5335
vn 0.4127 0.6411 -0.6471
vn 0.3984 0.6281 -0.6684
vn 0.5104 0.5862 -0.6291
vn 0.5339 0.7006 -0.4734
vn 0.5332 0.6942 -0.4836
vn 0.5794 0.7501 -0.3189
vn 0.5796 0.7483 -0.3228
vn 0.5993 0.7717 -0.2129
vn 0.5994 0.7713 -0.2139
vn 0.6103 0.7841 -0.1126
vn 0.6102 0.7842 -0.1124
vn 0.6138 0.7884 -0.0418
vn 0.5950 0.8034 -0.0209
vn 0.4669 0.6157 -0.6348
vn 0.4623 0.6136 -0.6401
vn 0.5015 0.5638 -0.6562
vn 0.5879 0.6513 -0.4798
vn 0.5952 0.6527 -0.4687
vn 0.6402 0.6978 -0.3212
vn 0.6424 0.6978 -0.3169
vn 0.6627 0.7178 -0.2135
vn 0.6632 0.7177 -0.2125
vn 0.6750 0.7291 -0.1128
vn 0.6797 0.7335 -0.0026
vn 0.6499 0.7569 -0.0690
vn 0.3319 0.5612 0.7582
vn 0.4748 0.5983 0.6455
vn 0.6513 0.7585 0.0199
vn 0.5486 0.8348 0.0454
vn 0.5475 0.8354 0.0484
vn 0.4637 0.6120 0.6407
vn 0.4080 0.6391 0.6520
vn 0.3917 0.6277 0.6727
vn 0.4039 0.6285 0.6648
vn 0.4800 0.7360 0.4775
vn 0.4688 0.7025 0.5355
vn 0.5228 0.7898 0.3208
vn 0.5348 0.7954 0.2851
vn 0.5040 0.7733 0.3846
vn 0.5943 0.8025 0.0527
vn 0.6144 0.7889 0.0092
vn 0.6102 0.7842 0.1124
vn 0.5552 0.8241 0.1123
vn 0.5262 0.8232 0.2133
vn 0.5493 0.8193 0.1641
vn 0.5345 0.8065 0.2528
vn 0.4983 0.5724 0.6512
vn 0.5166 0.5792 0.6307
vn 0.5878 0.6513 0.4798
vn 0.5953 0.6528 0.4685
vn 0.6402 0.6978 0.3212
vn 0.6424 0.6978 0.3168
vn 0.6627 0.7178 0.2135
vn 0.6632 0.7177 0.2124
vn 0.6750 0.7291 0.1128
vn 0.6984 0.7150 0.0308
vn 0.6788 0.7328 0.0466
vn 0.6103 0.7841 0.1126
vn 0.5996 0.7715 0.2129
vn 0.5991 0.7716 0.2139
vn 0.5804 0.7493 0.3189
vn 0.5785 0.7491 0.3227
vn 0.5366 0.6983 0.4738
vn 0.5305 0.6964 0.4833
vn 0.4640 0.6157 0.6369
vn 0.4338 0.6148 0.6587
vn 0.5584 0.5270 0.6407
vn 0.7482 0.6628 0.0309
vn 0.8005 0.5985 0.0308
vn 0.9062 0.4219 0.0284
vn 0.9032 0.4285 0.0237
vn 0.8821 0.4696 0.0378
vn 0.8694 0.4940 0.0079
vn 0.8511 0.5243 0.0285
vn 0.8243 0.5654 0.0286
vn 0.8300 0.5566 0.0361
vn 0.7905 0.6122 0.0179
vn 0.7935 0.6054 0.0629
vn 0.7766 0.6175 0.1252
vn 0.6246 0.4805 0.6156
vn 0.6881 0.5405 0.4840
vn 0.6901 0.5529 0.4670
vn 0.7553 0.5566 0.3459
vn 0.7498 0.5811 0.3163
vn 0.7767 0.5903 0.2197
vn 0.7743 0.5962 0.2124
vn 0.7925 0.5993 0.1128
vn 0.7482 0.6627 0.0308
vn 0.7435 0.6591 0.1129
vn 0.7435 0.6592 0.1128
vn 0.7304 0.6490 0.2128
vn 0.7303 0.6493 0.2122
vn 0.7073 0.6309 0.3189
vn 0.7073 0.6328 0.3150
vn 0.6537 0.5893 0.4748
vn 0.6554 0.5964 0.4635
vn 0.5753 0.5305 0.6225
vn 0.6084 0.4827 0.6299
vn 0.8794 0.4749 -0.0343
vn 0.9032 0.4284 -0.0251
vn 0.9049 0.4246 -0.0284
vn 0.7482 0.6628 -0.0308
vn 0.5706 0.5371 -0.6213
vn 0.6179 0.4894 -0.6154
vn 0.6159 0.4713 -0.6313
vn 0.6944 0.5472 -0.4674
vn 0.6940 0.5473 -0.4678
vn 0.7585 0.5698 -0.3164
vn 0.7525 0.5737 -0.3233
vn 0.7750 0.5952 -0.2124
vn 0.7916 0.5813 -0.1882
vn 0.7948 0.5963 -0.1128
vn 0.7573 0.6480 -0.0817
vn 0.7775 0.6163 -0.1252
vn 0.5633 0.5204 -0.6418
vn 0.6507 0.5927 -0.4747
vn 0.6582 0.5929 -0.4638
vn 0.7062 0.6320 -0.3191
vn 0.7083 0.6317 -0.3151
vn 0.7302 0.6492 -0.2129
vn 0.7305 0.6491 -0.2122
vn 0.7435 0.6592 -0.1129
vn 0.7435 0.6591 -0.1128
vn 0.7482 0.6627 -0.0309
vn 0.7915 0.6103 -0.0308
vn 0.8007 0.5987 -0.0224
vn 0.8348 0.5492 -0.0384
vn 0.8296 0.5564 -0.0469
vn 0.8694 0.4940 -0.0093
vn 0.7264 0.2606 -0.6359
vn 0.9544 0.2979 -0.0183
vn 0.9184 0.3945 -0.0283
vn 0.9253 0.3787 -0.0172
vn 0.9388 0.3418 -0.0417
vn 0.9548 0.2969 -0.0124
vn 0.9655 0.2560 -0.0478
vn 0.9322 0.3304 -0.1481
vn 0.9683 0.2280 -0.1019
vn 0.9351 0.2875 -0.2070
vn 0.9337 0.2798 -0.2236
vn 0.9029 0.2490 -0.3504
vn 0.9071 0.3055 -0.2896
vn 0.8800 0.2673 -0.3927
vn 0.8207 0.2546 -0.5114
vn 0.7042 0.2224 -0.6742
vn 0.7479 0.2386 -0.6195
vn 0.7730 0.2343 -0.5895
vn 0.8373 0.2819 -0.4685
vn 0.9544 0.2979 0.0185
vn 0.9657 0.2532 0.0570
vn 0.9551 0.2961 0.0119
vn 0.9383 0.3431 0.0426
vn 0.9253 0.3787 0.0175
vn 0.9182 0.3952 0.0283
vn 0.9112 0.2510 0.3268
vn 0.9405 0.2952 0.1685
vn 0.9495 0.2305 0.2128
vn 0.9507 0.2938 0.0988
vn 0.7246 0.2601 0.6382
vn 0.7503 0.2351 0.6179
vn 0.7876 0.2271 0.5728
vn 0.7474 0.2458 0.6172
vn 0.8344 0.2541 0.4891
vn 0.8306 0.2563 0.4944
vn 0.8724 0.2653 0.4105
vn 0.8735 0.2650 0.4084
vn 0.9140 0.2716 0.3015
vn 0.2131 0.9770 -0.0001
vn 0.2128 0.9771 0.0001
vn 0.2123 0.9772 0.0009
vn 0.2127 0.9771 0.0001
vn 0.2133 0.9770 -0.0004
vn 0.2130 0.9771 -0.0005
vn 0.2125 0.9772 0.0010
vn 0.2128 0.9771 -0.0008
vn 0.2129 0.9771 -0.0001
vn -0.0000 0.0002 1.0000
vn -0.0000 0.0001 1.0000
vn -0.0005 0.0008 1.0000
vn -0.0000 -0.0001 1.0000
vn 0.2916 0.1653 0.9422
vn 0.2860 0.1638 0.9441
vn 0.2935 0.1520 0.9438
vn 0.2988 0.1556 0.9416
vn 0.3349 0.1689 0.9270
vn 0.3443 0.1798 0.9215
vn 0.4021 0.1747 0.8988
vn 0.5114 0.2129 0.8325
vn 0.4452 0.0617 0.8933
vn 0.6304 0.3205 0.7070
vn 0.5934 0.2177 0.7749
vn 0.6462 0.2063 0.7347
vn 0.6575 0.2020 0.7258
vn 0.5720 0.1982 0.7959
vn 0.5116 0.2114 0.8328
vn 0.4891 0.1801 0.8535
vn 0.3884 0.1655 0.9065
vn 0.3876 0.1533 0.9090
vn 0.4305 0.1624 0.8878
vn 0.3044 0.1441 0.9416
vn 0.3334 0.1486 0.9310
vn 0.3305 0.1457 0.9325
vn 0.3606 0.1501 0.9205
vn 0.3954 0.1619 0.9041
vn 0.2885 0.1591 0.9442
vn 0.2897 0.1539 0.9446
vn 0.2950 0.1559 0.9427
vn 0.2950 0.1561 0.9427
vn 0.2964 0.1514 0.9430
vn 0.3430 0.2757 0.8980
vn 0.3338 0.2584 0.9065
vn 0.3333 0.2463 0.9101
vn 0.3259 0.2739 0.9049
vn 0.4521 0.3155 0.8343
vn 0.8055 -0.5926 0.0007
vn 0.7940 -0.6080 -0.0000
vn 0.3410 0.9401 -0.0000
vn 0.3845 0.9231 0.0015
vn 0.9635 0.2676 0.0007
vn 0.8409 0.5412 -0.0002
vn 0.7288 0.6847 0.0029
vn 0.7395 0.6732 0.0035
vn 0.5770 0.8167 -0.0010
vn 0.9729 -0.2312 -0.0011
vn 0.9687 -0.2483 -0.0001
vn 1.0000 0.0086 -0.0001
vn 1.0000 -0.0012 -0.0000
vn 0.9692 0.2462 -0.0005
vn 0.0071 -0.0826 0.9966
vn 0.9713 0.1656 0.1705
vn 0.9783 0.1418 0.1513
vn 0.9838 0.1697 0.0574
vn 0.9882 0.1456 0.0468
vn 0.9859 0.1663 0.0186
vn 0.9434 0.1290 0.3056
vn 0.9440 0.1278 0.3042
vn 0.9654 0.1257 0.2286
vn 0.9064 0.0774 0.4152
vn 0.8645 0.0015 0.5027
vn 0.8778 0.0488 0.4765
vn 0.7433 0.0408 0.6678
vn 0.7741 0.0090 0.6330
vn 0.6147 0.0112 0.7887
vn 0.6591 -0.0319 0.7514
vn 0.5769 -0.0205 0.8165
vn 0.4453 -0.0479 0.8941
vn 0.4720 -0.0957 0.8764
vn 0.4038 -0.0715 0.9120
vn 0.3584 -0.0605 0.9316
vn 0.3003 -0.0936 0.9493
vn 0.2854 -0.1039 0.9528
vn 0.2570 -0.0802 0.9631
vn 0.1870 -0.0993 0.9773
vn 0.1895 -0.1044 0.9763
vn 0.1507 -0.0830 0.9851
vn 0.1607 -0.0931 0.9826
vn 0.1436 -0.0888 0.9856
vn 0.1121 -0.0874 0.9898
vn 0.1127 -0.0916 0.9894
vn 0.0906 -0.0756 0.9930
vn 0.0817 -0.0684 0.9943
vn 0.0854 -0.0675 0.9941
vn 0.0638 -0.0659 0.9958
vn 0.0498 -0.0523 0.9974
vn 0.0318 -0.0635 0.9975
vn 0.9859 0.1663 -0.0184
vn 0.9871 0.1529 -0.0480
vn 0.9856 0.1628 -0.0447
vn 0.9826 0.1565 -0.1003
vn 0.9762 0.1559 -0.1508
vn 0.9763 0.1550 -0.1513
vn 0.9656 0.1282 -0.2263
vn 0.9653 0.1265 -0.2286
vn 0.9473 0.1241 -0.2954
vn 0.9457 0.1147 -0.3042
vn 0.9124 0.0907 -0.3992
vn 0.9080 0.0808 -0.4112
vn 0.8740 0.0778 -0.4797
vn 0.8435 0.0438 -0.5354
vn 0.7965 0.0629 -0.6014
vn 0.7243 -0.0121 -0.6894
vn 0.7444 0.0095 -0.6677
vn 0.6591 0.0107 -0.7520
vn 0.6143 -0.0255 -0.7887
vn 0.5441 -0.0165 -0.8389
vn 0.4648 -0.0684 -0.8828
vn 0.4404 -0.0903 -0.8932
vn 0.4111 -0.0687 -0.9090
vn 0.3513 -0.0669 -0.9339
vn 0.2866 -0.0995 -0.9529
vn 0.2981 -0.1146 -0.9476
vn 0.1102 -0.0903 -0.9898
vn 0.1162 -0.0877 -0.9894
vn 0.1455 -0.0889 -0.9854
vn 0.1473 -0.0895 -0.9850
vn 0.1643 -0.0905 -0.9822
vn 0.1857 -0.1023 -0.9773
vn 0.1964 -0.0955 -0.9759
vn 0.2590 -0.0819 -0.9624
vn 0.0070 -0.0826 -0.9966
vn 0.0909 -0.0755 -0.9930
vn 0.0838 -0.0694 -0.9941
vn 0.0833 -0.0673 -0.9943
vn 0.0638 -0.0659 -0.9958
vn 0.0498 -0.0523 -0.9974
vn 0.0318 -0.0635 -0.9975
vn 0.3801 0.5395 -0.7514
vn 0.3517 0.2167 -0.9107
vn -0.1070 0.9942 -0.0031
vn 0.9519 0.2897 -0.0994
vn 0.9456 0.2884 -0.1506
vn 0.9501 0.2734 -0.1500
vn 0.9356 0.2711 -0.2263
vn 0.9617 -0.0684 -0.2654
vn 0.9224 0.2412 -0.3017
vn 0.8826 0.2357 -0.4068
vn 0.8283 -0.3544 -0.4340
vn 0.8270 0.1834 -0.5315
vn 0.7277 0.1757 -0.6630
vn 0.7340 0.1472 -0.6630
vn 0.6063 0.1430 -0.7822
vn 0.6115 0.1132 -0.7831
vn 0.4533 0.1161 -0.8838
vn 0.4539 0.0584 -0.8891
vn 0.3263 0.0795 -0.9419
vn 0.3188 0.0320 -0.9473
vn 0.2313 0.9598 -0.1589
vn 0.1923 0.9658 -0.1741
vn 0.2090 0.9470 -0.2438
vn 0.1285 0.9818 -0.1400
vn 0.0291 0.9971 -0.0708
vn 0.0756 0.9907 -0.1135
vn 0.0747 0.9908 -0.1132
vn 0.0828 0.9885 -0.1263
vn 0.1114 0.9828 -0.1472
vn 0.1132 0.9815 -0.1543
vn 0.1146 0.9821 -0.1492
vn 0.0209 0.9987 -0.0470
vn 0.0328 0.9975 -0.0627
vn 0.0297 0.9970 -0.0709
vn 0.0101 0.9990 -0.0431
vn 0.0107 0.9996 -0.0272
vn 0.0309 0.9991 -0.0287
vn -0.0284 0.9996 -0.0071
vn 0.0703 0.9975 -0.0065
vn 0.3598 0.7894 -0.4974
vn 0.3685 0.3649 -0.8550
vn 0.3675 0.3585 -0.8582
vn 0.4442 0.3454 -0.8267
vn 0.4425 0.3990 -0.8031
vn 0.5606 0.3970 -0.7267
vn 0.5565 0.4250 -0.7140
vn 0.6606 0.4283 -0.6165
vn 0.6532 0.4551 -0.6051
vn 0.7683 0.4617 -0.4433
vn 0.7488 0.5037 -0.4308
vn 0.8204 0.5147 -0.2490
vn 0.8062 0.5390 -0.2438
vn 0.8281 0.5429 -0.1397
vn 0.8196 0.5562 -0.1376
vn 0.8290 0.5577 -0.0416
vn 0.9709 0.2339 -0.0521
vn 0.9250 0.3774 -0.0436
vn 0.3760 0.6518 -0.6586
vn 0.3767 0.6096 -0.6975
vn 0.3985 0.6059 -0.6886
vn 0.3888 0.6514 -0.6515
vn 0.4627 0.6499 -0.6029
vn 0.4534 0.6734 -0.5839
vn 0.5303 0.6757 -0.5120
vn 0.5170 0.6981 -0.4954
vn 0.6076 0.7026 -0.3704
vn 0.5775 0.7366 -0.3521
vn 0.6336 0.7455 -0.2069
vn 0.6129 0.7644 -0.2000
vn 0.6304 0.7676 -0.1157
vn 0.6184 0.7777 -0.1131
vn 0.6261 0.7789 -0.0367
vn 0.6564 0.7533 -0.0394
vn 0.3144 0.9491 -0.0214
vn 0.3476 0.9373 -0.0243
vn 0.3425 0.9365 -0.0755
vn 0.3568 0.9308 -0.0788
vn 0.3458 0.9289 -0.1329
vn 0.3710 0.9177 -0.1418
vn 0.3368 0.9126 -0.2320
vn 0.3746 0.8912 -0.2560
vn 0.3209 0.8883 -0.3286
vn 0.3384 0.8733 -0.3505
vn 0.2993 0.8722 -0.3869
vn 0.3123 0.8559 -0.4123
vn 0.2937 0.8564 -0.4246
vn 0.3098 0.8242 -0.4740
vn 0.3504 0.8171 -0.4578
vn 0.3162 0.9069 -0.2785
vn 0.3050 0.9345 -0.1834
vn 0.6565 0.7534 0.0382
vn 0.0703 0.9975 0.0117
vn 0.3145 0.9490 0.0228
vn -0.1070 0.9943 0.0031
vn -0.0352 0.9994 0.0045
vn 0.0262 0.9993 0.0272
vn 0.0007 0.9997 0.0257
vn 0.0205 0.9988 0.0453
vn 0.0138 0.9989 0.0442
vn 0.0351 0.9974 0.0628
vn 0.0318 0.9969 0.0714
vn 0.0286 0.9971 0.0705
vn 0.0677 0.9921 0.1056
vn 0.0642 0.9918 0.1101
vn 0.0738 0.9909 0.1124
vn 0.0843 0.9882 0.1282
vn 0.1071 0.9836 0.1448
vn 0.1148 0.9817 0.1518
vn 0.1210 0.9841 0.1302
vn 0.2078 0.9480 0.2412
vn 0.1901 0.9672 0.1683
vn 0.2946 0.9373 0.1860
vn 0.3364 0.8848 0.3223
vn 0.2322 0.9607 0.1519
vn 0.3188 0.0319 0.9473
vn 0.8596 0.1851 0.4762
vn 0.7301 0.1759 0.6603
vn 0.7316 0.1472 0.6656
vn 0.6093 0.1431 0.7799
vn 0.6085 0.1133 0.7854
vn 0.4564 0.1162 0.8821
vn 0.4508 0.0589 0.8907
vn 0.3263 0.0794 0.9419
vn 0.9558 0.2902 0.0463
vn 0.9457 0.2885 0.1497
vn 0.9500 0.2733 0.1509
vn 0.9356 0.2711 0.2263
vn 0.9617 -0.0685 0.2654
vn 0.9224 0.2411 0.3017
vn 0.8516 0.2307 0.4707
vn 0.3708 0.3580 0.8569
vn 0.4442 0.3454 0.8267
vn 0.4425 0.3990 0.8031
vn 0.5606 0.3970 0.7267
vn 0.5565 0.4250 0.7139
vn 0.6606 0.4283 0.6165
vn 0.6532 0.4552 0.6051
vn 0.7683 0.4618 0.4433
vn 0.7488 0.5037 0.4308
vn 0.8204 0.5147 0.2490
vn 0.8062 0.5391 0.2438
vn 0.8280 0.5430 0.1397
vn 0.8196 0.5562 0.1376
vn 0.3425 0.2200 0.9134
vn 0.3685 0.3649 0.8550
vn 0.3801 0.5395 0.7513
vn 0.9247 0.3775 0.0484
vn 0.8290 0.5577 0.0416
vn 0.6259 0.7789 0.0388
vn 0.6184 0.7777 0.1131
vn 0.6304 0.7676 0.1157
vn 0.6129 0.7645 0.2000
vn 0.6335 0.7455 0.2069
vn 0.5775 0.7366 0.3520
vn 0.6076 0.7025 0.3704
vn 0.5170 0.6981 0.4954
vn 0.5303 0.6757 0.5120
vn 0.4534 0.6734 0.5839
vn 0.4628 0.6499 0.6029
vn 0.3888 0.6514 0.6516
vn 0.3985 0.6058 0.6886
vn 0.3767 0.6096 0.6975
vn 0.3760 0.6518 0.6586
vn 0.3477 0.9373 0.0231
vn 0.3424 0.9365 0.0755
vn 0.3569 0.9308 0.0788
vn 0.3458 0.9289 0.1329
vn 0.3710 0.9177 0.1418
vn 0.3368 0.9126 0.2320
vn 0.3746 0.8911 0.2560
vn 0.3209 0.8883 0.3286
vn 0.3384 0.8733 0.3505
vn 0.2993 0.8722 0.3869
vn 0.3123 0.8559 0.4123
vn 0.2937 0.8564 0.4246
vn 0.3098 0.8242 0.4740
vn 0.3536 0.8165 0.4564
vn 0.3564 0.7904 0.4982
vn 0.3961 0.9126 0.1015
vn 0.2504 0.0551 0.9666
vn 0.3107 0.2307 0.9221
vn 0.3653 0.3915 0.8446
vn 0.3627 0.3669 0.8567
vn 0.3964 0.9043 0.1586
vn 0.4102 0.7730 0.4840
vn 0.4179 0.6889 0.5923
vn 0.4091 0.6407 0.6497
vn 0.3895 0.5363 0.7488
vn 0.5183 0.7726 0.3666
vn 0.4687 0.7991 0.3765
vn 0.6968 0.5194 0.4947
vn 0.1533 0.0418 0.9873
vn 0.4883 0.5900 0.6431
vn 0.4362 0.5020 0.7468
vn 0.4771 0.5840 0.6567
vn 0.5376 0.6520 0.5347
vn 0.3685 0.2304 0.9006
vn 0.5540 0.4064 0.7266
vn 0.5224 0.3707 0.7679
vn 0.5848 0.4329 0.6860
vn 0.6944 0.6318 0.3445
vn 0.1719 0.0391 0.9843
vn 0.2249 0.0002 0.9744
vn 0.2243 0.0619 0.9726
vn 0.2011 0.0574 0.9779
vn 0.1866 0.0308 0.9819
vn 0.1761 0.0387 0.9836
vn 0.4639 0.7944 0.3920
vn 0.4406 0.6792 0.5870
vn 0.4357 0.6184 0.6540
vn 0.3465 0.3578 0.8672
vn 0.3645 0.3483 0.8636
vn 0.3284 0.2730 0.9042
vn 0.3505 0.2563 0.9008
vn 0.1276 -0.0054 0.9918
vn 0.1561 0.0309 0.9873
vn 0.1493 0.0380 0.9881
vn 0.3461 0.2122 0.9139
vn 0.3276 0.2315 0.9160
vn 0.4771 0.4178 0.7732
vn 0.5009 0.4534 0.7372
vn 0.5010 0.4536 0.7371
vn 0.5821 0.6184 0.5279
vn 0.1570 0.0432 0.9866
vn 0.1813 0.0962 0.9787
vn 0.1479 0.0488 0.9878
vn 0.3793 0.2361 0.8946
vn 0.3727 0.2251 0.9003
vn 0.5784 0.4034 0.7090
vn 0.5701 0.3858 0.7253
vn 0.7134 0.5248 0.4644
vn 0.7081 0.5048 0.4938
vn 0.7653 0.5782 0.2827
vn 0.7082 0.5315 0.4647
vn 0.6970 0.5196 0.4942
vn 0.6173 0.4464 0.6479
vn 0.3716 0.2462 0.8952
vn 0.4824 0.3498 0.8030
vn 0.3760 0.2405 0.8949
vn 0.5714 0.4124 0.7095
vn 0.0680 0.0062 0.9977
vn 0.2138 0.1148 0.9701
vn 0.1421 0.0628 0.9879
vn -0.0138 -0.0657 0.9977
vn 0.2239 0.0623 0.9726
vn 0.7282 0.6233 0.2850
vn 0.4188 0.3321 0.8452
vn 0.4660 0.3693 0.8040
vn 0.3516 0.2699 0.8964
vn 0.1655 0.0965 0.9815
vn 0.2040 0.1264 0.9708
vn 0.0672 0.0072 0.9977
vn 0.6903 0.6343 0.3481
vn 0.7315 0.6517 0.2003
vn 0.6132 0.5219 0.5930
vn 0.6634 0.5600 0.4963
vn 0.5803 0.4906 0.6501
vn 0.6336 0.7463 0.2038
vn 0.2299 0.1094 0.9670
vn 0.1690 0.0929 0.9812
vn 0.1910 0.1031 0.9762
vn 0.4076 0.3437 0.8460
vn 0.4116 0.3474 0.8426
vn 0.5835 0.5527 0.5951
vn 0.5865 0.5556 0.5893
vn 0.6896 0.7079 0.1532
vn 0.6541 0.6836 0.3239
vn 0.1809 0.0893 0.9794
vn 0.2043 0.0688 0.9765
vn 0.4072 0.3512 0.8431
vn 0.4048 0.3482 0.8455
vn 0.5540 0.5841 0.5932
vn 0.5481 0.5764 0.6061
vn 0.6289 0.7643 0.1426
vn 0.5699 0.7099 0.4139
vn 0.5188 0.7590 0.3934
vn 0.5486 0.8199 0.1638
vn 0.4954 0.5702 0.6554
vn 0.5114 0.6023 0.6130
vn 0.3949 0.3301 0.8574
vn 0.4054 0.3477 0.8454
vn 0.2506 0.0532 0.9666
vn 0.2461 0.0466 0.9681
vn 0.4861 0.7762 0.4015
vn 0.2599 0.0484 0.9644
vn 0.2575 0.0446 0.9652
vn 0.3779 0.3390 0.8616
vn 0.3672 0.3196 0.8735
vn 0.4537 0.5922 0.6659
vn 0.4428 0.5693 0.6927
vn 0.4810 0.7896 0.3810
vn 0.4608 0.7618 0.4552
vn 0.4480 0.7676 0.4583
vn 0.2521 0.0470 0.9666
vn 0.2458 0.0469 0.9682
vn 0.3609 0.3225 0.8751
vn 0.3478 0.3229 0.8802
vn 0.4298 0.5753 0.6959
vn 0.4188 0.5763 0.7017
vn 0.4551 0.7635 0.4582
vn 0.4459 0.7664 0.4624
vn 0.3804 0.7573 0.5309
vn 0.3881 0.7898 0.4750
vn 0.3492 0.5688 0.7446
vn 0.3596 0.6007 0.7140
vn 0.2884 0.3282 0.8995
vn 0.2949 0.3454 0.8909
vn 0.2049 0.0658 0.9766
vn 0.2046 0.0649 0.9767
vn 0.2441 0.8035 0.5430
vn 0.2433 0.7999 0.5485
vn 0.2190 0.6202 0.7532
vn 0.2165 0.6102 0.7621
vn 0.1755 0.3830 0.9069
vn 0.1705 0.3647 0.9154
vn 0.1187 0.1196 0.9857
vn 0.1114 0.0945 0.9893
vn 0.0678 0.1273 0.9895
vn 0.0682 0.1284 0.9894
vn 0.0665 0.1280 0.9895
vn 0.1111 0.3949 0.9120
vn 0.1101 0.3945 0.9123
vn 0.1410 0.6355 0.7592
vn 0.1460 0.6371 0.7568
vn 0.1592 0.8220 0.5468
vn 0.1627 0.8221 0.5455
vn 0.0605 0.1337 0.9892
vn 0.1465 0.8247 0.5463
vn 0.0649 0.1278 0.9897
vn 0.0626 0.1223 0.9905
vn 0.0925 0.3973 0.9130
vn 0.1170 0.8390 0.5314
vn 0.1300 0.8609 0.4919
vn 0.1217 0.6952 0.7084
vn 0.1113 0.6425 0.7581
vn 0.1110 0.5832 0.8047
vn 0.0949 0.4062 0.9089
vn 0.0578 0.1340 0.9893
vn 0.0486 0.1336 0.9898
vn 0.0469 0.4103 0.9107
vn -0.0722 0.9097 0.4090
vn -0.2094 0.8173 0.5368
vn -0.0016 0.0388 0.9992
vn -0.0767 0.1849 0.9798
vn 0.0028 0.1126 0.9936
vn 0.0451 0.1752 0.9835
vn 0.0159 0.1742 0.9846
vn 0.0159 0.1821 0.9831
vn -0.0189 0.1766 0.9841
vn -0.1165 0.5173 0.8478
vn -0.0528 0.7881 0.6132
vn -0.0533 0.7721 0.6333
vn -0.0708 0.8967 0.4369
vn 0.0445 0.9003 0.4331
vn 0.0433 0.7753 0.6302
vn 0.0571 0.8437 0.5338
vn 0.0492 0.7012 0.7112
vn -0.2221 0.8835 0.4125
vn -0.1941 0.7635 0.6159
vn -0.1110 0.5029 0.8572
vn -0.0196 0.5179 0.8552
vn -0.0198 0.5035 0.8638
vn 0.0514 0.5057 0.8612
vn 0.0616 0.5875 0.8068
vn -0.0123 0.0341 0.9993
vn -0.0568 0.1394 0.9886
vn -0.0802 0.1834 0.9798
vn -0.1992 0.4574 0.8667
vn -0.2139 0.4802 0.8506
vn -0.3408 0.7686 0.5415
vn -0.3419 0.7699 0.5388
vn -0.0619 0.2085 0.9761
vn -0.0462 0.1364 0.9896
vn -0.0438 0.1396 0.9892
vn -0.0275 0.1849 0.9824
vn -0.1709 0.3984 0.9011
vn -0.2209 0.5911 0.7758
vn -0.2758 0.6416 0.7158
vn -0.3531 0.8053 0.4764
vn -0.3607 0.8103 0.4619
vn 0.0839 0.3988 0.9132
vn -0.1683 0.6587 0.7333
vn -0.0238 0.2151 0.9763
vn 0.0210 0.1599 0.9869
vn -0.1423 0.6210 0.7708
vn -0.2164 0.8464 0.4867
vn -0.2221 0.8544 0.4697
vn 0.0484 0.1635 0.9854
vn 0.0837 0.1155 0.9898
vn 0.0788 0.1390 0.9872
vn 0.0974 0.1257 0.9873
vn -0.0623 0.8552 0.5146
vn -0.0574 0.8691 0.4914
vn -0.0255 0.6658 0.7457
vn -0.0203 0.6872 0.7262
vn 0.0147 0.4302 0.9026
vn -0.0674 0.4154 0.9072
vn -0.0272 0.2224 0.9746
vn 0.0339 0.1462 0.9887
vn 0.0540 0.1497 0.9873
vn 0.0228 0.4129 0.9105
vn 0.0784 0.4158 0.9061
vn 0.0731 0.6710 0.7379
vn 0.0658 0.6503 0.7568
vn 0.0564 0.8591 0.5088
vn 0.0484 0.8411 0.5387
vn 0.0550 0.0117 0.9984
vn 0.0538 0.0142 0.9985
vn 0.0557 0.0118 0.9984
vn 0.0843 -0.0083 0.9964
vn 0.0838 -0.0522 0.9951
vn 0.0844 -0.0518 0.9951
vn 0.0876 -0.0480 0.9950
vn 0.0896 -0.0422 0.9951
vn 0.0903 -0.0391 0.9951
vn 0.0925 -0.0348 0.9951
vn 0.0928 -0.0292 0.9953
vn 0.0928 -0.0231 0.9954
vn 0.0887 -0.0075 0.9960
vn 0.0899 -0.0119 0.9959
vn 0.0899 -0.0130 0.9959
vn 0.0914 -0.0132 0.9957
vn 0.0919 -0.0191 0.9956
vn 0.0972 -0.0093 0.9952
vn 0.0601 0.0126 0.9981
vn 0.0761 -0.0527 0.9957
vn 0.0748 -0.0321 0.9967
vn 0.0802 0.0872 0.9930
vn 0.0835 -0.0520 0.9951
vn 0.0836 -0.0535 0.9951
vn 0.0404 -0.0474 0.9981
vn 0.0254 -0.0697 0.9972
vn 0.0682 -0.0361 0.9970
vn 0.0558 -0.0606 0.9966
vn 0.0771 -0.0490 0.9958
vn 0.0753 -0.0602 0.9953
vn 0.0819 -0.0524 0.9953
vn 0.0433 -0.0413 0.9982
vn 0.0382 -0.0448 0.9983
vn 0.0384 -0.0445 0.9983
vn 0.4866 0.8736 0.0096
vn 0.0934 -0.2780 0.9560
vn 0.1917 -0.2411 0.9514
vn 0.5427 0.3290 0.7728
vn 0.4791 0.1640 0.8623
vn 0.5346 0.2128 0.8179
vn 0.3568 0.0142 0.9341
vn 0.4101 0.0577 0.9102
vn 0.2624 -0.0989 0.9599
vn 0.2587 -0.1008 0.9607
vn 0.1609 -0.2031 0.9658
vn 0.7803 0.6038 0.1628
vn 0.7448 0.5213 0.4166
vn 0.7463 0.5477 0.3782
vn 0.5932 0.6197 0.5138
vn 0.6002 0.5084 0.6175
vn 0.6378 0.5291 0.5597
vn 0.6592 0.4790 0.5797
vn 0.7139 0.4884 0.5019
vn 0.6741 0.3235 0.6641
vn 0.5346 0.7224 0.4385
vn 0.5411 0.6588 0.5227
vn 0.5785 0.6126 0.5386
vn 0.4706 0.8687 0.1544
vn 0.3584 0.8438 0.3995
vn 0.3908 0.9186 0.0597
vn 0.2770 0.9440 0.1792
vn 0.2304 0.9710 0.0634
vn 0.2044 0.9725 0.1120
vn 0.2765 0.4612 0.8431
vn 0.2263 0.4513 0.8632
vn 0.2611 0.5246 0.8103
vn 0.2519 0.5242 0.8135
vn 0.2981 0.2978 0.9069
vn 0.3292 0.3406 0.8807
vn 0.2362 0.2834 0.9295
vn 0.2484 0.3683 0.8959
vn 0.2112 0.3676 0.9057
vn 0.2774 0.8749 0.3970
vn 0.2809 0.8690 0.4073
vn 0.3500 0.8472 0.3998
vn 0.3550 0.8266 0.4367
vn 0.4422 0.7849 0.4339
vn 0.4427 0.7652 0.4674
vn 0.5138 0.7195 0.4672
vn 0.4648 0.6287 0.6235
vn 0.5445 0.3506 0.7620
vn 0.5066 0.3516 0.7872
vn 0.4921 0.3418 0.8006
vn 0.5260 0.4475 0.7233
vn 0.4372 0.4100 0.8005
vn 0.4412 0.4617 0.7695
vn 0.3936 0.5011 0.7707
vn 0.4065 0.5485 0.7307
vn 0.3497 0.5858 0.7312
vn 0.3564 0.6328 0.6875
vn 0.3080 0.6559 0.6891
vn 0.3060 0.7025 0.6426
vn 0.2704 0.7135 0.6464
vn 0.2815 0.6426 0.7126
vn 0.2610 0.6479 0.7157
vn 0.0324 0.9995 0.0028
vn -0.0726 0.9973 0.0050
vn 0.5379 0.8402 0.0686
vn 0.5335 0.8391 0.1061
vn 0.4681 0.8758 0.1175
vn 0.5357 0.8287 0.1623
vn 0.5187 0.8173 0.2508
vn 0.4557 0.8550 0.2477
vn 0.5244 0.8269 0.2031
vn 0.3991 0.7560 0.5188
vn 0.4461 0.7595 0.4734
vn 0.4060 0.8350 0.3713
vn 0.4682 0.8006 0.3739
vn 0.4943 0.8054 0.3273
vn 0.3358 0.7767 0.5329
vn 0.3818 0.7359 0.5591
vn 0.3466 0.7060 0.6177
vn 0.3131 0.7059 0.6354
vn 0.3122 0.7155 0.6250
vn 0.2863 0.6407 0.7125
vn 0.2870 0.6435 0.7096
vn 0.1542 0.9803 0.1235
vn 0.2019 0.9573 0.2067
vn 0.0726 0.9974 0.0048
vn -0.0018 0.9983 0.0578
vn 0.0595 0.9930 0.1016
vn 0.0827 0.9927 0.0878
vn -0.0391 0.9975 0.0595
vn -0.0052 0.9971 0.0760
vn 0.0048 0.9975 0.0707
vn -0.0486 0.9978 0.0450
vn -0.0419 0.9981 0.0460
vn -0.0437 0.9978 0.0495
vn -0.0893 0.9959 0.0110
vn -0.0898 0.9958 0.0152
vn -0.0569 0.9981 0.0254
vn -0.0679 0.9974 0.0255
vn -0.0692 0.9971 0.0302
vn 0.2457 0.8808 0.4046
vn 0.2290 0.8865 0.4022
vn 0.2366 0.8854 0.4002
vn 0.2003 0.9151 0.3499
vn 0.2197 0.9147 0.3392
vn 0.1724 0.9372 0.3032
vn 0.2329 0.9412 0.2448
vn 0.1834 0.9565 0.2269
vn 0.2277 0.9629 0.1446
vn 0.1976 0.9700 0.1414
vn 0.2169 0.9735 0.0729
vn 0.1975 0.9776 0.0727
vn 0.2030 0.9789 0.0242
vn 0.4778 0.8781 0.0262
vn 0.4913 0.8706 0.0238
vn 0.4913 0.8706 -0.0263
vn 0.4654 0.8848 -0.0219
vn 0.0324 0.9995 -0.0065
vn 0.0019 1.0000 0.0010
vn -0.0888 0.9960 -0.0096
vn -0.0894 0.9959 -0.0142
vn -0.0621 0.9978 -0.0245
vn -0.0675 0.9974 -0.0242
vn -0.0217 0.9972 -0.0717
vn -0.0437 0.9978 -0.0495
vn -0.0415 0.9980 -0.0476
vn -0.0641 0.9973 -0.0353
vn -0.0689 0.9972 -0.0293
vn 0.0748 0.9928 -0.0934
vn 0.0551 0.9929 -0.1058
vn -0.0081 0.9987 -0.0496
vn 0.0008 0.9974 -0.0727
vn -0.0040 0.9970 -0.0772
vn 0.0803 0.9942 -0.0717
vn 0.0725 0.9974 -0.0045
vn 0.1599 0.9771 -0.1407
vn 0.2878 0.6433 -0.7094
vn 0.3449 0.7053 -0.6194
vn 0.3169 0.7053 -0.6342
vn 0.3111 0.7113 -0.6302
vn 0.2865 0.6385 -0.7143
vn 0.2303 0.8834 -0.4082
vn 0.3731 0.7219 -0.5828
vn 0.3559 0.7708 -0.5283
vn 0.3993 0.7540 -0.5216
vn 0.4782 0.8455 -0.2376
vn 0.5062 0.8225 -0.2592
vn 0.4981 0.8041 -0.3246
vn 0.4544 0.7953 -0.4013
vn 0.3887 0.8601 -0.3303
vn 0.4470 0.7576 -0.4757
vn 0.5395 0.8392 -0.0677
vn 0.5357 0.8383 -0.1010
vn 0.4681 0.8758 -0.1175
vn 0.5375 0.8287 -0.1561
vn 0.5247 0.8269 -0.2025
vn 0.2030 0.9789 -0.0242
vn 0.1975 0.9776 -0.0727
vn 0.2169 0.9735 -0.0729
vn 0.1976 0.9700 -0.1414
vn 0.2277 0.9629 -0.1447
vn 0.1834 0.9565 -0.2269
vn 0.2329 0.9412 -0.2448
vn 0.1724 0.9372 -0.3032
vn 0.2197 0.9147 -0.3392
vn 0.2003 0.9151 -0.3499
vn 0.2366 0.8854 -0.4002
vn 0.2444 0.8841 -0.3982
vn 0.1799 0.9766 -0.1176
vn 0.3662 0.5702 -0.7354
vn 0.3685 0.5834 -0.7238
vn 0.3044 0.5493 -0.7782
vn 0.2967 0.5277 -0.7959
vn 0.2709 0.5245 -0.8071
vn 0.3935 0.6009 -0.6957
vn 0.4312 0.6239 -0.6518
vn 0.4270 0.6265 -0.6520
vn 0.4765 0.6526 -0.5892
vn 0.5373 0.6493 -0.5383
vn 0.5213 0.6589 -0.5423
vn 0.4859 0.6887 -0.5382
vn 0.2050 0.3757 -0.9038
vn 0.2170 0.4524 -0.8650
vn 0.2589 0.5222 -0.8126
vn 0.2112 0.4754 -0.8540
vn 0.2356 0.4468 -0.8631
vn 0.2262 0.4515 -0.8631
vn 0.2166 0.2895 -0.9323
vn 0.1744 0.2629 -0.9489
vn 0.1750 0.3341 -0.9261
vn 0.1843 0.3235 -0.9281
vn 0.1774 0.3879 -0.9045
vn 0.1503 0.4441 -0.8833
vn 0.1473 0.4348 -0.8884
vn 0.1474 0.4580 -0.8767
vn 0.4167 0.4232 -0.8045
vn 0.2964 0.2864 -0.9111
vn 0.4664 0.3962 -0.7908
vn 0.3194 0.3347 -0.8866
vn 0.3699 0.3630 -0.8552
vn 0.2636 0.3887 -0.8828
vn 0.3813 0.2993 -0.8747
vn 0.6173 0.4583 -0.6395
vn 0.6113 0.4554 -0.6472
vn 0.5400 0.4221 -0.7282
vn 0.4270 0.4053 -0.8083
vn 0.4229 0.4366 -0.7941
vn 0.1996 0.9733 -0.1131
vn 0.5478 0.3452 -0.7620
vn 0.1708 -0.2675 -0.9483
vn 0.0958 -0.2698 -0.9581
vn 0.1501 -0.2128 -0.9655
vn 0.2485 -0.1180 -0.9614
vn 0.5521 0.4151 -0.7231
vn 0.4789 0.3537 -0.8034
vn 0.5317 0.3508 -0.7709
vn 0.2446 0.3945 -0.8857
vn 0.2435 0.3327 -0.9111
vn 0.2362 0.2834 -0.9295
vn 0.2508 0.4875 -0.8363
vn 0.2351 0.4647 -0.8537
vn 0.2465 0.4003 -0.8826
vn 0.2611 0.6478 -0.7156
vn 0.2561 0.6490 -0.7164
vn 0.2861 0.6043 -0.7436
vn 0.2443 0.5224 -0.8169
vn 0.2409 0.5235 -0.8173
vn 0.3634 0.9273 -0.0897
vn 0.4127 0.8591 -0.3026
vn 0.4715 0.8691 -0.1494
vn 0.4867 0.8735 -0.0116
vn 0.4698 0.6453 -0.6024
vn 0.5136 0.6877 -0.5131
vn 0.5960 0.6547 -0.4649
vn 0.5828 0.6046 -0.5429
vn 0.4564 0.4345 -0.7765
vn 0.5891 0.5099 -0.6268
vn 0.6418 0.5348 -0.5497
vn 0.6484 0.4964 -0.5773
vn 0.2626 -0.0973 -0.9600
vn 0.4085 0.0575 -0.9109
vn 0.3568 0.0159 -0.9340
vn 0.5345 0.2124 -0.8181
vn 0.4794 0.1641 -0.8621
vn 0.6370 0.3633 -0.6799
vn 0.7209 0.4707 -0.5087
vn 0.6634 0.4798 -0.5743
vn 0.7409 0.4916 -0.4575
vn 0.7675 0.5749 -0.2837
vn 0.7654 0.5583 -0.3202
vn 0.7793 0.6015 -0.1756
vn 0.3584 0.8441 -0.3988
vn 0.3472 0.8299 -0.4368
vn 0.4501 0.7807 -0.4335
vn 0.4355 0.7695 -0.4672
vn 0.5115 0.7212 -0.4673
vn 0.5671 0.7217 -0.3969
vn 0.3969 0.3809 -0.8351
vn 0.4609 0.4445 -0.7681
vn 0.3823 0.5100 -0.7706
vn 0.4191 0.5397 -0.7301
vn 0.3382 0.5929 -0.7309
vn 0.3692 0.6262 -0.6867
vn 0.2963 0.6612 -0.6892
vn 0.3188 0.6982 -0.6410
vn 0.2704 0.7135 -0.6464
vn 0.2776 0.8699 -0.4076
vn 0.2798 0.8744 -0.3964
vn 0.2543 0.9459 -0.2015
vn 0.2572 0.9660 -0.0272
vn 0.0419 -0.0415 -0.9983
vn 0.0393 -0.0460 -0.9982
vn 0.0325 -0.0507 -0.9982
vn 0.0439 -0.0513 -0.9977
vn 0.0279 -0.0688 -0.9972
vn 0.0593 -0.0521 -0.9969
vn 0.0599 -0.0581 -0.9965
vn 0.0705 -0.0511 -0.9962
vn 0.0649 -0.0650 -0.9958
vn 0.0839 -0.0468 -0.9954
vn 0.0811 -0.0520 -0.9954
vn 0.0842 -0.0524 -0.9951
vn 0.0828 -0.0531 -0.9952
vn 0.0839 -0.0522 -0.9951
vn 0.0843 -0.0519 -0.9951
vn 0.0849 -0.0512 -0.9951
vn 0.0883 -0.0464 -0.9950
vn 0.0913 -0.0365 -0.9951
vn 0.0922 -0.0349 -0.9951
vn 0.0938 -0.0184 -0.9954
vn 0.0962 -0.0110 -0.9953
vn 0.0903 -0.0220 -0.9957
vn 0.0903 -0.0218 -0.9957
vn 0.0899 -0.0110 -0.9959
vn 0.0887 -0.0072 -0.9960
vn 0.0832 -0.0101 -0.9965
vn 0.0830 -0.0045 -0.9965
vn 0.0708 0.0082 -0.9975
vn 0.0744 -0.0456 -0.9962
vn 0.0602 0.0122 -0.9981
vn 0.0544 0.0119 -0.9984
vn 0.0548 0.0131 -0.9984
vn 0.0560 0.0114 -0.9984
vn 0.0784 0.3991 -0.9135
vn 0.0204 0.4311 -0.9021
vn -0.0501 0.2135 -0.9757
vn 0.0338 0.1463 -0.9887
vn -0.0265 0.2288 -0.9731
vn 0.0529 0.1497 -0.9873
vn 0.0536 0.1526 -0.9868
vn 0.0813 0.1275 -0.9885
vn 0.0484 0.8411 -0.5387
vn 0.0210 0.1599 -0.9869
vn -0.0264 0.2182 -0.9756
vn -0.0674 0.4154 -0.9072
vn -0.1506 0.6179 -0.7717
vn -0.1552 0.6619 -0.7333
vn 0.0974 0.1257 -0.9873
vn 0.0839 0.1353 -0.9872
vn 0.0836 0.4160 -0.9055
vn 0.0169 0.4125 -0.9108
vn -0.0172 0.6665 -0.7453
vn -0.0283 0.6861 -0.7270
vn 0.0739 0.6499 -0.7564
vn 0.0653 0.6708 -0.7388
vn 0.0564 0.8590 -0.5088
vn -0.0550 0.8557 -0.5145
vn -0.0646 0.8685 -0.4915
vn -0.2164 0.8463 -0.4867
vn -0.2221 0.8544 -0.4697
vn -0.2471 0.5799 -0.7763
vn -0.3564 0.8123 -0.4617
vn -0.3574 0.8033 -0.4765
vn -0.0470 0.2147 -0.9755
vn -0.1709 0.3984 -0.9011
vn -0.2375 0.6594 -0.7133
vn -0.0383 0.1549 -0.9872
vn -0.0438 0.1396 -0.9892
vn -0.0462 0.1364 -0.9896
vn -0.4428 0.2989 -0.8453
vn -0.4378 0.7178 -0.5414
vn -0.0664 0.1193 -0.9906
vn -0.0576 0.0973 -0.9936
vn -0.1182 0.1774 -0.9770
vn -0.0743 0.0950 -0.9927
vn -0.1222 0.1454 -0.9818
vn -0.0848 0.0896 -0.9924
vn -0.1397 0.1382 -0.9805
vn -0.0894 0.0815 -0.9927
vn -0.1308 0.0948 -0.9869
vn -0.1773 0.0795 -0.9809
vn -0.3249 0.1920 -0.9261
vn -0.3689 0.2132 -0.9047
vn -0.4687 0.3026 -0.8299
vn -0.4737 0.2945 -0.8300
vn -0.4672 0.2940 -0.8338
vn -0.3676 0.2151 -0.9048
vn -0.3688 0.2132 -0.9048
vn -0.7284 0.5725 -0.3764
vn -0.5648 0.5116 -0.6475
vn -0.4755 0.8010 -0.3638
vn -0.5193 0.6844 -0.5117
vn -0.5801 0.7435 -0.3328
vn -0.5613 0.6094 -0.5599
vn -0.6244 0.6637 -0.4118
vn -0.6088 0.5599 -0.5621
vn -0.4856 0.4438 -0.7531
vn -0.5064 0.4662 -0.7254
vn -0.4729 0.5003 -0.7253
vn -0.4835 0.5136 -0.7088
vn -0.4344 0.5559 -0.7087
vn -0.4374 0.5604 -0.7033
vn -0.3647 0.6105 -0.7030
vn -0.0792 0.0274 -0.9965
vn -0.2326 0.1441 -0.9618
vn -0.3504 0.2140 -0.9118
vn -0.3443 0.2236 -0.9118
vn -0.5944 0.4030 -0.6959
vn -0.5825 0.4024 -0.7063
vn -0.1489 0.0880 -0.9849
vn -0.1453 0.0937 -0.9849
vn -0.1542 0.0981 -0.9832
vn -0.2561 0.1962 -0.9465
vn -0.2548 0.1981 -0.9465
vn -0.0630 0.0478 -0.9969
vn -0.1397 0.1179 -0.9831
vn -0.2542 0.4210 -0.8707
vn -0.2312 0.3737 -0.8983
vn -0.2704 0.3464 -0.8982
vn -0.2683 0.3434 -0.9001
vn -0.2987 0.3171 -0.9001
vn -0.2913 0.3082 -0.9057
vn -0.3120 0.2870 -0.9057
vn -0.2975 0.2719 -0.9152
vn -0.3194 0.2466 -0.9150
vn -0.5188 0.4051 -0.7529
vn -0.4244 0.3251 -0.8451
vn -0.7243 0.5694 -0.3888
vn -0.5785 0.4080 -0.7063
vn -0.3413 0.7688 -0.5408
vn -0.3415 0.7697 -0.5394
vn -0.2141 0.4802 -0.8506
vn -0.1957 0.4516 -0.8705
vn -0.0810 0.1831 -0.9797
vn -0.0516 0.1271 -0.9905
vn -0.0123 0.0341 -0.9993
vn -0.0017 0.0388 -0.9992
vn 0.0596 0.1648 -0.9845
vn 0.0151 0.1820 -0.9832
vn -0.0767 0.1850 -0.9797
vn -0.1941 0.7636 -0.6159
vn -0.1155 0.5176 -0.8478
vn -0.1122 0.5027 -0.8572
vn -0.0024 0.1174 -0.9931
vn -0.0148 0.1773 -0.9840
vn -0.0697 0.8968 -0.4369
vn 0.0456 0.8857 -0.4621
vn 0.0434 0.9003 -0.4332
vn 0.0507 0.7580 -0.6503
vn 0.0473 0.7752 -0.6299
vn 0.0514 0.4901 -0.8702
vn 0.0495 0.5057 -0.8613
vn 0.0460 0.1645 -0.9853
vn -0.2093 0.8170 -0.5373
vn -0.2220 0.8836 -0.4123
vn -0.0733 0.9097 -0.4088
vn -0.0528 0.7881 -0.6132
vn -0.0533 0.7721 -0.6333
vn -0.0197 0.5179 -0.8552
vn -0.0198 0.5035 -0.8638
vn 0.0168 0.1742 -0.9846
vn 0.0451 0.1752 -0.9835
vn 0.0462 -0.0078 -0.9989
vn 0.0505 -0.0107 -0.9987
vn 0.0459 -0.0081 -0.9989
vn 0.0440 -0.0067 -0.9990
vn 0.0463 -0.0059 -0.9989
vn 0.0437 -0.0051 -0.9990
vn 0.0464 -0.0037 -0.9989
vn 0.0457 -0.0036 -0.9989
vn 0.3120 -0.0001 -0.9501
vn 0.0426 -0.0019 -0.9991
vn 0.0928 0.2494 -0.9639
vn 0.2396 0.3585 -0.9022
vn 0.1400 0.5028 -0.8530
vn 0.4185 0.6011 -0.6808
vn 0.2257 0.2849 -0.9316
vn 0.2242 0.2845 -0.9321
vn 0.1922 0.1313 -0.9725
vn 0.0437 -0.0014 -0.9990
vn 0.0393 -0.0019 -0.9992
vn 0.0399 -0.0018 -0.9992
vn 0.0408 -0.0042 -0.9992
vn 0.0422 -0.0036 -0.9991
vn 0.0433 -0.0035 -0.9991
vn 0.0354 0.0070 -0.9993
vn 0.0281 0.0043 -0.9996
vn 0.0328 0.0034 -0.9995
vn 0.0305 0.0014 -0.9995
vn 0.0379 -0.0004 -0.9993
vn 0.0347 -0.0072 -0.9994
vn 0.0378 -0.0027 -0.9993
vn 0.0337 0.0068 -0.9994
vn 0.0326 0.0060 -0.9995
vn 0.0309 0.0051 -0.9995
vn 0.0296 0.0016 -0.9996
vn 0.0312 0.0067 -0.9995
vn 0.0173 0.0064 -0.9998
vn 0.0115 0.0043 -0.9999
vn 0.0103 0.0041 -0.9999
vn 0.0046 0.0018 -1.0000
vn 0.0029 0.0003 -1.0000
vn 0.0015 0.0006 -1.0000
vn 0.0003 0.0002 -1.0000
vn 0.0013 0.0004 -1.0000
vn -0.0001 0.0010 -1.0000
vn 0.0009 0.0053 -1.0000
vn 0.0002 0.0056 -1.0000
vn -0.0024 0.0090 -1.0000
vn 0.0011 0.0004 -1.0000
vn -0.0142 0.0469 -0.9988
vn 0.0027 0.0019 -1.0000
vn 0.0025 0.0012 -1.0000
vn -0.0011 0.0336 -0.9994
vn -0.0142 0.0470 -0.9988
vn -0.0001 0.0548 -0.9985
vn 0.0126 0.0049 -0.9999
vn 0.0381 0.0149 -0.9992
vn 0.0001 0.0545 -0.9985
vn 0.0303 0.0654 -0.9974
vn 0.0382 0.0148 -0.9992
vn 0.0409 0.0537 -0.9977
vn 0.0535 0.0209 -0.9983
vn 0.0608 0.0525 -0.9968
vn 0.0440 0.0480 -0.9979
vn 0.0597 0.0233 -0.9979
vn 0.2755 -0.4402 -0.8546
vn 0.0978 0.2068 -0.9735
vn 0.1112 0.0845 -0.9902
vn 0.1098 0.1893 -0.9758
vn 0.0554 0.2474 -0.9673
vn 0.1457 0.0965 -0.9846
vn 0.1429 0.2120 -0.9668
vn 0.1194 0.2223 -0.9676
vn 0.1175 0.2393 -0.9638
vn 0.1282 0.2418 -0.9618
vn 0.1128 0.3114 -0.9436
vn 0.1525 0.3647 -0.9185
vn 0.1311 0.3089 -0.9420
vn 0.1461 0.3197 -0.9362
vn 0.1046 0.3680 -0.9239
vn 0.1210 0.3419 -0.9319
vn 0.0769 0.3931 -0.9163
vn 0.1319 0.3874 -0.9124
vn 0.0891 0.4272 -0.8997
vn 0.0968 0.4076 -0.9080
vn 0.0884 0.4765 -0.8747
vn 0.1215 0.4496 -0.8849
vn 0.1143 0.4922 -0.8629
vn 0.1138 0.4993 -0.8589
vn 0.5305 0.5232 -0.6670
vn 0.1615 0.4707 -0.8674
vn 0.1611 0.4719 -0.8668
vn 0.1613 0.4553 -0.8756
vn 0.2520 0.4934 -0.8325
vn 0.0659 0.5978 -0.7990
vn 0.1413 0.5142 -0.8460
vn 0.5311 0.5753 -0.6221
vn 0.5798 0.5220 -0.6256
vn 0.5825 0.5169 -0.6273
vn 0.5836 0.5138 -0.6288
vn 0.5378 0.6323 -0.5576
vn 0.5108 0.6931 -0.5086
vn 0.5504 0.5609 -0.6185
vn 0.4838 0.6957 -0.5309
vn 0.5445 0.5429 -0.6393
vn 0.1183 0.7211 -0.6827
vn 0.0999 0.7302 -0.6759
vn 0.3999 0.4088 -0.8203
vn 0.4179 0.5837 -0.6962
vn 0.4827 0.5608 -0.6727
vn 0.5603 0.4382 -0.7029
vn 0.5311 0.5198 -0.6691
vn 0.1275 0.1315 -0.9831
vn 0.2544 0.3429 -0.9043
vn 0.2129 0.4099 -0.8870
vn 0.2077 0.3935 -0.8955
vn 0.2775 0.3101 -0.9093
vn 0.2812 0.3359 -0.8989
vn 0.2982 0.2850 -0.9110
vn 0.2855 0.3270 -0.9009
vn 0.2889 0.3129 -0.9048
vn 0.3064 0.3218 -0.8959
vn 0.2882 0.3014 -0.9089
vn 0.0682 0.0393 -0.9969
vn 0.0655 0.0334 -0.9973
vn 0.1936 0.0921 -0.9767
vn 0.1910 0.1095 -0.9755
vn 0.3068 0.1593 -0.9383
vn 0.3223 0.1234 -0.9386
vn 0.3059 0.1986 -0.9311
vn 0.0146 0.0057 -0.9999
vn 0.0147 0.0057 -0.9999
vn 0.1552 0.3056 -0.9394
vn 0.1284 0.3133 -0.9409
vn 0.1942 0.2917 -0.9366
vn 0.1866 0.1836 -0.9651
vn 0.1710 0.1588 -0.9724
vn 0.2048 0.3891 -0.8981
vn 0.1973 0.3841 -0.9020
vn 0.2001 0.3845 -0.9012
vn 0.2034 0.3370 -0.9193
vn 0.1838 0.3127 -0.9319
vn -0.0001 -0.0000 -1.0000
vn 0.0010 -0.0001 -1.0000
vn 0.0001 0.0001 -1.0000
vn -0.0001 0.0001 -1.0000
vn 0.3332 0.9380 -0.0959
vn 0.3331 0.9306 -0.1516
vn 0.3340 0.9300 -0.1535
vn 0.3342 0.9356 -0.1141
vn 0.3340 0.9255 -0.1786
vn 0.3328 0.9290 -0.1618
vn 0.3347 0.9294 -0.1556
vn 0.3351 0.9291 -0.1567
vn 0.3339 0.9300 -0.1535
vn -0.2829 0.1565 -0.9463
vn -0.3589 0.2096 -0.9095
vn -0.2010 0.0543 -0.9781
vn -0.2133 0.0645 -0.9748
vn -0.1790 0.0076 -0.9838
vn -0.1706 0.0008 -0.9853
vn -0.1629 -0.0273 -0.9863
vn -0.3073 0.1270 -0.9431
vn -0.1891 0.0097 -0.9819
vn -0.1856 0.0036 -0.9826
vn -0.1975 0.0721 -0.9776
vn -0.1247 0.0418 -0.9913
vn -0.1462 0.0801 -0.9860
vn -0.1275 0.0696 -0.9894
vn -0.1230 0.0888 -0.9884
vn -0.1340 0.1069 -0.9852
vn -0.1056 0.0950 -0.9899
vn -0.1099 0.1259 -0.9859
vn -0.1094 0.1254 -0.9861
vn -0.0795 0.1186 -0.9898
vn -0.0877 0.1584 -0.9835
vn -0.0593 0.1296 -0.9898
vn -0.4522 0.7621 -0.4633
vn -0.4503 0.7511 -0.4827
vn -0.5735 0.7215 -0.3880
vn -0.5116 0.6742 -0.5327
vn -0.6497 0.6720 -0.3556
vn -0.5669 0.6156 -0.5473
vn -0.6799 0.6057 -0.4133
vn -0.6362 0.5794 -0.5094
vn -0.6533 0.5086 -0.5608
vn -0.5471 0.3936 -0.7387
vn -0.5715 0.4026 -0.7151
vn -0.4795 0.2827 -0.8308
vn -0.5869 0.3896 -0.7098
vn -0.5787 0.3995 -0.7109
vn -0.3575 0.2052 -0.9111
vn -0.3574 0.2052 -0.9111
vn -0.3846 0.1958 -0.9021
vn -0.4671 0.2856 -0.8368
vn -0.4649 0.2880 -0.8372
vn -0.3612 0.5966 -0.7166
vn -0.3686 0.6214 -0.6913
vn -0.4505 0.5644 -0.6917
vn -0.4475 0.5577 -0.6991
vn -0.5011 0.5114 -0.6981
vn -0.4906 0.4930 -0.7185
vn -0.5259 0.4577 -0.7169
vn -0.5052 0.4273 -0.7498
vn -0.5403 0.3880 -0.7467
vn -0.4427 0.2903 -0.8484
vn -0.4609 0.2683 -0.8459
vn -0.3673 0.1749 -0.9135
vn -0.3634 0.1794 -0.9142
vn -0.2939 0.1016 -0.9504
vn -0.2911 0.1044 -0.9510
vn -0.1153 -0.0530 -0.9919
vn -0.1179 -0.0528 -0.9916
vn -0.2209 0.3723 -0.9014
vn -0.2279 0.3913 -0.8916
vn -0.2854 0.3511 -0.8918
vn -0.2828 0.3460 -0.8946
vn -0.3220 0.3120 -0.8938
vn -0.3136 0.2990 -0.9013
vn -0.3413 0.2712 -0.9000
vn -0.3256 0.2501 -0.9118
vn -0.3593 0.2122 -0.9088
vn -0.1809 0.0601 -0.9817
vn -0.1228 -0.0247 -0.9921
vn 0.0431 0.0095 -0.9990
vn 0.0756 -0.1026 -0.9918
vn -0.5275 0.5917 -0.6096
vn 0.0617 -0.1038 -0.9927
vn 0.1083 -0.1529 -0.9823
vn -0.1005 0.0435 -0.9940
vn 0.0366 -0.1014 -0.9942
vn 0.0036 -0.0737 -0.9973
vn -0.0634 -0.0345 -0.9974
vn -0.1494 0.0310 -0.9883
vn -0.0773 -0.1193 -0.9898
vn -0.0374 -0.1257 -0.9914
vn -0.0255 -0.1320 -0.9909
vn -0.0779 -0.0618 -0.9950
vn -0.0534 -0.0763 -0.9957
vn -0.0447 -0.0643 -0.9969
vn 0.3655 0.2570 -0.8946
vn -0.0164 0.3280 -0.9445
vn -0.0326 0.3330 -0.9424
vn -0.1294 0.3015 -0.9447
vn -0.1236 0.3032 -0.9449
vn -0.1045 0.3070 -0.9460
vn -0.1051 0.3059 -0.9463
vn -0.0592 0.3398 -0.9386
vn -0.1522 0.2920 -0.9442
vn -0.1611 0.2744 -0.9480
vn -0.1844 0.2716 -0.9446
vn -0.2051 0.2475 -0.9469
vn -0.2052 0.2464 -0.9472
vn -0.2254 0.2357 -0.9453
vn -0.2945 0.1577 -0.9425
vn -0.2818 0.1804 -0.9424
vn -0.2662 0.1791 -0.9471
vn -0.2563 0.2179 -0.9417
vn -0.2547 0.2177 -0.9422
vn -0.2312 0.2254 -0.9464
vn -0.2961 0.1345 -0.9457
vn -0.3001 0.1455 -0.9427
vn -0.3229 0.1266 -0.9379
vn -0.3270 0.0977 -0.9400
vn -0.4012 0.1028 -0.9102
vn -0.3550 0.0960 -0.9299
vn 0.3524 0.2791 -0.8932
vn 0.3023 0.2886 -0.9085
vn 0.3688 0.2522 -0.8947
vn 0.3825 0.2535 -0.8885
vn 0.3658 0.2720 -0.8901
vn 0.4028 0.2812 -0.8710
vn 0.3451 0.3027 -0.8884
vn 0.4702 0.3327 -0.8175
vn 0.3882 0.2618 -0.8836
vn 0.4008 0.2676 -0.8762
vn 0.3815 0.2526 -0.8892
vn 0.3295 0.2557 -0.9089
vn 0.3465 0.2561 -0.9024
vn 0.3371 0.2285 -0.9133
vn 0.3741 0.2591 -0.8904
vn 0.3813 0.2520 -0.8895
vn 0.3523 0.3433 -0.8707
vn 0.2810 0.2133 -0.9357
vn 0.3257 0.2706 -0.9059
vn 0.3622 0.2570 -0.8960
vn 0.1831 0.2395 -0.9535
vn 0.3026 0.3927 -0.8685
vn -0.0170 0.3409 -0.9400
vn 0.0141 0.3550 -0.9348
vn 0.0465 0.3452 -0.9374
vn 0.0808 0.3601 -0.9294
vn 0.1237 0.3457 -0.9302
vn 0.1382 0.3505 -0.9263
vn 0.1954 0.3375 -0.9208
vn 0.1693 0.3261 -0.9300
vn 0.2704 0.3475 -0.8978
vn 0.2077 0.3076 -0.9286
vn 0.2849 0.3151 -0.9053
vn 0.2185 0.1975 -0.9556
vn 0.2665 0.2530 -0.9300
vn 0.0810 -0.0224 -0.9965
vn 0.0776 -0.0225 -0.9967
vn 0.0795 -0.0222 -0.9966
vn 0.0801 -0.0222 -0.9965
vn 0.0608 -0.0309 -0.9977
vn 0.0675 -0.0268 -0.9974
vn 0.0735 -0.0239 -0.9970
vn 0.0342 -0.0499 -0.9982
vn 0.0468 -0.0435 -0.9980
vn 0.0461 -0.0419 -0.9981
vn 0.0458 -0.0415 -0.9981
vn 0.0472 -0.0468 -0.9978
vn 0.0475 -0.0432 -0.9979
vn 0.0485 -0.0399 -0.9980
vn 0.0483 -0.0400 -0.9980
vn 0.0438 -0.0405 -0.9982
vn 0.0409 -0.0405 -0.9983
vn 0.0402 -0.0458 -0.9981
vn 0.0365 -0.0470 -0.9982
vn 0.0479 -0.0427 -0.9979
vn 0.0542 -0.0420 -0.9976
vn 0.0344 -0.0499 -0.9982
vn 0.0331 -0.0507 -0.9982
vn 0.0339 -0.0515 -0.9981
vn 0.0286 -0.0551 -0.9981
vn 0.0336 -0.0532 -0.9980
vn 0.0321 -0.0543 -0.9980
vn 0.0323 -0.0546 -0.9980
vn 0.0304 -0.0562 -0.9980
vn 0.0347 -0.0540 -0.9979
vn 0.0306 -0.0569 -0.9979
vn 0.0312 -0.0565 -0.9979
vn 0.0301 -0.0570 -0.9979
vn 0.0286 -0.0575 -0.9979
vn 0.0302 -0.0562 -0.9980
vn 0.0310 -0.0557 -0.9980
vn 0.0759 -0.0042 -0.9971
vn 0.0763 -0.0253 -0.9968
vn 0.0715 -0.0333 -0.9969
vn 0.0469 -0.0469 -0.9978
vn 0.0468 -0.0382 -0.9982
vn 0.0389 -0.0507 -0.9980
vn 0.0285 -0.0573 -0.9980
vn 0.0283 -0.0573 -0.9980
vn 0.0292 -0.0559 -0.9980
vn 0.0272 -0.0524 -0.9983
vn -0.4863 0.2950 -0.8225
vn -0.5749 0.2292 -0.7855
vn -0.5493 0.2642 -0.7928
vn -0.4839 0.2940 -0.8242
vn -0.4954 0.3232 -0.8063
vn -0.5009 0.3202 -0.8041
vn -0.5181 0.3113 -0.7966
vn -0.4899 0.3365 -0.8042
vn -0.5000 0.3269 -0.8020
vn -0.5084 0.3256 -0.7972
vn -0.5111 0.3181 -0.7985
vn -0.5172 0.3107 -0.7975
vn -0.5296 0.2921 -0.7963
vn -0.5322 0.3045 -0.7900
vn -0.5388 0.2754 -0.7961
vn -0.5455 0.2637 -0.7956
vn -0.5432 0.2559 -0.7997
vn -0.5623 0.2350 -0.7929
vn -0.5450 0.1824 -0.8184
vn -0.5735 0.2204 -0.7890
vn -0.5266 0.2239 -0.8201
vn -0.5639 0.0960 -0.8202
vn -0.5800 0.1098 -0.8072
vn -0.5561 0.1279 -0.8212
vn -0.5691 0.1434 -0.8097
vn -0.5632 0.1597 -0.8107
vn -0.5649 0.1664 -0.8082
vn -0.5579 0.1780 -0.8106
vn 0.2203 0.9754 -0.0000
vn 0.2203 0.9754 0.0001
vn 0.2204 0.9754 -0.0000
vn -0.6753 -0.7375 -0.0054
vn -0.7379 -0.6747 -0.0153
vn -0.5956 -0.8015 -0.0530
vn -0.0035 -0.0733 -0.9973
vn -0.0014 -0.0739 -0.9973
vn 0.0188 -0.0891 -0.9958
vn 0.0159 -0.0862 -0.9961
vn -0.0274 -0.1009 -0.9945
vn -0.0348 -0.0993 -0.9944
vn -0.0371 -0.1127 -0.9929
vn -0.0544 -0.0597 -0.9967
vn -0.0410 -0.1225 -0.9916
vn -0.0372 -0.1317 -0.9906
vn -0.0940 -0.1243 -0.9878
vn -0.0784 -0.1468 -0.9861
vn -0.0400 -0.0131 -0.9991
vn 0.0007 -0.0030 -1.0000
vn -0.1339 -0.1369 -0.9815
vn -0.1138 -0.1106 -0.9873
vn -0.0940 -0.0890 -0.9916
vn -0.0889 -0.0763 -0.9931
vn -0.0551 -0.0496 -0.9972
vn -0.0579 -0.0555 -0.9968
vn -0.0413 -0.0279 -0.9988
vn -0.0374 -0.0193 -0.9991
vn -0.0073 -0.0130 -0.9999
vn -0.2242 -0.2665 -0.9374
vn -0.1919 -0.2216 -0.9561
vn -0.1860 -0.2160 -0.9585
vn -0.1652 -0.1769 -0.9703
vn -0.1593 -0.1704 -0.9724
vn -0.1414 -0.1475 -0.9789
vn -0.1240 -0.1293 -0.9838
vn -0.2600 -0.3044 -0.9164
vn -0.3235 -0.3490 -0.8795
vn -0.2270 -0.3191 -0.9201
vn -0.3450 -0.4324 -0.8331
vn -0.3470 -0.4341 -0.8314
vn -0.3815 -0.5225 -0.7625
vn -0.4041 -0.5437 -0.7356
vn 0.0001 0.0008 -1.0000
vn 0.0002 0.0006 -1.0000
vn 0.0004 0.0001 -1.0000
vn 0.0004 -0.0001 -1.0000
vn 0.4891 -0.8722 -0.0000
vn 0.9999 -0.0125 -0.0000
vn 0.5108 0.8597 -0.0000
vn -0.4891 0.8722 -0.0000
vn -0.9999 0.0125 -0.0000
vn -0.5108 -0.8597 -0.0000
vn 0.7756 0.6084 -0.1682
vn 0.6790 0.7341 -0.0001
vn 0.6647 0.7470 -0.0091
vn 0.7140 0.6877 -0.1317
vn 0.6516 0.7551 -0.0724
vn 0.6920 0.7190 -0.0649
vn 0.6864 0.7270 -0.0152
vn 0.6790 0.7341 -0.0000
vn 0.6580 0.7529 0.0140
vn 0.6802 0.7329 0.0103
vn 0.6715 0.7402 0.0363
vn 0.6813 0.7291 0.0645
vn 0.6182 0.7823 0.0762
vn 0.7247 0.6724 0.1509
vn 0.0809 0.9960 -0.0369
vn 0.0640 0.9974 -0.0326
vn 0.0525 0.9984 -0.0220
vn 0.0522 0.9986 -0.0073
vn 0.0415 0.9991 -0.0052
vn 0.0431 0.9991 -0.0000
vn 0.1033 0.9935 -0.0479
vn 0.0862 0.9953 -0.0453
vn 0.0810 0.9959 -0.0393
vn 0.2572 0.9540 0.1541
vn -0.9788 0.2019 0.0336
vn 0.5458 0.8379 0.0095
vn 0.5823 0.8130 0.0045
vn 0.5376 0.8426 0.0330
vn 0.5442 0.8384 0.0304
vn 0.5661 0.8211 0.0733
vn 0.5578 0.8265 0.0758
vn 0.5213 0.8437 0.1279
vn 0.5360 0.8357 0.1198
vn 0.5113 0.8426 0.1692
vn 0.5439 0.8288 0.1311
vn 0.5432 0.8051 0.2384
vn 0.5311 0.8106 0.2465
vn 0.5430 0.7718 0.3308
vn 0.5165 0.7642 0.3864
vn 0.4909 0.7693 0.4089
vn 0.5033 0.7154 0.4846
vn 0.4160 0.6992 0.5814
vn 0.4365 0.6892 0.5783
vn 0.3842 0.6422 0.6634
vn 0.1616 0.5658 0.8085
vn 0.2449 0.5471 0.8005
vn 0.3738 0.5709 0.7310
vn 0.2479 0.6605 0.7087
vn 0.3348 0.6325 0.6984
vn 0.2597 0.4923 0.8308
vn 0.1443 0.4566 0.8779
vn 0.1463 0.4613 0.8751
vn 0.0859 0.3855 0.9187
vn 0.0893 0.4359 0.8955
vn 0.0046 0.3452 0.9385
vn 0.0045 0.3902 0.9207
vn -0.0708 0.3034 0.9502
vn -0.0737 0.3287 0.9416
vn -0.1486 0.2529 0.9560
vn -0.1669 0.2848 0.9439
vn -0.1864 0.1798 0.9659
vn -0.2400 0.2383 0.9411
vn -0.2169 0.1280 0.9678
vn -0.2751 0.1732 0.9457
vn -0.2555 0.1153 0.9599
vn -0.2810 0.1104 0.9534
vn -0.2817 0.1114 0.9530
vn -0.2828 0.1163 0.9521
vn -0.2857 0.1189 0.9509
vn -0.2839 0.1327 0.9496
vn -0.2859 0.1352 0.9487
vn -0.2845 0.1502 0.9469
vn -0.2860 0.1527 0.9460
vn -0.2845 0.1640 0.9446
vn -0.2936 0.1627 0.9420
vn -0.2927 0.1703 0.9409
vn -0.3125 0.1609 0.9362
vn -0.3182 0.1639 0.9337
vn -0.2974 0.1658 0.9402
vn -0.6285 0.0673 0.7749
vn -0.5188 0.0791 0.8512
vn -0.5093 0.1127 0.8532
vn -0.4285 0.1092 0.8969
vn -0.4183 0.1415 0.8972
vn -0.3954 0.1390 0.9079
vn -0.3448 0.1397 0.9282
vn -0.3703 0.1585 0.9153
vn -0.3371 0.1568 0.9283
vn -0.8422 -0.0214 0.5388
vn -0.8005 -0.0049 0.5993
vn -0.7646 0.0450 0.6430
vn -0.7302 0.0052 0.6832
vn -0.6289 0.0657 0.7747
vn -0.8946 0.0346 0.4455
vn -0.8706 -0.0284 0.4911
vn -0.9181 -0.0455 0.3938
vn -0.9421 -0.0290 0.3342
vn -0.9466 -0.0638 0.3161
vn -0.9756 -0.0563 0.2121
vn -0.9763 -0.0722 0.2042
vn -0.9905 -0.0639 0.1218
vn -0.9902 -0.0861 0.1099
vn -0.9979 -0.0525 0.0382
vn -0.9969 -0.0717 0.0317
vn -0.9422 0.3342 0.0253
vn -0.6725 0.4488 0.5885
vn -0.7923 0.3521 0.4983
vn -0.7634 0.4108 0.4985
vn -0.8598 0.3427 0.3785
vn -0.8473 0.3672 0.3837
vn -0.9002 0.3451 0.2656
vn -0.9007 0.3441 0.2653
vn -0.9246 0.3421 0.1677
vn -0.9252 0.3406 0.1671
vn -0.9385 0.3337 0.0889
vn -0.9323 0.3490 0.0950
vn -0.9466 0.3211 0.0305
vn -0.6176 0.4465 0.6474
vn -0.6520 0.4291 0.6250
vn -0.7069 0.3704 0.6026
vn -0.5969 0.4380 0.6722
vn -0.5572 0.4821 0.6762
vn -0.5700 0.4295 0.7004
vn -0.5484 0.4593 0.6988
vn -0.5322 0.4567 0.7129
vn -0.5405 0.4460 0.7134
vn -0.5400 0.4463 0.7136
vn -0.5451 0.4181 0.7266
vn -0.5938 0.3954 0.7008
vn -0.5441 0.3907 0.7425
vn -0.6011 0.3477 0.7196
vn -0.6246 0.2344 0.7450
vn -0.6205 0.2988 0.7250
vn -0.6062 0.2709 0.7478
vn -0.5949 0.3509 0.7232
vn -0.6437 0.2097 0.7360
vn -0.6336 0.2161 0.7429
vn -0.6324 0.1721 0.7553
vn -0.6305 0.1728 0.7567
vn -0.6186 0.1585 0.7696
vn -0.6208 0.1645 0.7665
vn -0.6172 0.2110 0.7580
vn -0.5949 0.1910 0.7808
vn -0.5331 0.3302 0.7790
vn -0.5287 0.2941 0.7962
vn -0.5410 0.2901 0.7894
vn -0.5860 0.2568 0.7685
vn -0.4452 0.4441 0.7775
vn -0.4462 0.3984 0.8014
vn -0.4496 0.3978 0.7997
vn -0.5091 0.3762 0.7741
vn -0.4201 0.4772 0.7719
vn -0.3737 0.5118 0.7736
vn -0.3744 0.5343 0.7578
vn -0.3142 0.5752 0.7553
vn -0.2643 0.6023 0.7533
vn -0.2616 0.6268 0.7340
vn -0.1297 0.6952 0.7070
vn -0.1497 0.6980 0.7003
vn -0.0690 0.7366 0.6728
vn -0.0205 0.7534 0.6573
vn -0.0074 0.7861 0.6180
vn 0.1581 0.8054 0.5712
vn 0.1347 0.8137 0.5654
vn 0.1978 0.8594 0.4714
vn 0.2445 0.8815 0.4040
vn 0.2879 0.8699 0.4005
vn 0.2258 0.8695 0.4393
vn 0.2701 0.9596 0.0792
vn 0.2607 0.9611 0.0910
vn 0.2858 0.9463 0.1510
vn -0.1056 0.9918 -0.0714
vn 0.2737 0.9397 0.2051
vn 0.2373 0.9397 0.2461
vn 0.2998 0.9164 0.2652
vn 0.2883 0.9172 0.2751
vn 0.2478 0.9555 0.1604
vn 0.3832 0.8891 0.2502
vn 0.4189 0.8784 0.2299
vn 0.3015 0.9191 0.2536
vn 0.3362 0.9250 0.1771
vn 0.3553 0.9199 0.1662
vn 0.2401 0.9574 0.1604
vn 0.6908 0.5669 0.4488
vn 0.3709 0.8919 0.2587
vn 0.3552 0.8943 0.2720
vn 0.2759 0.8860 0.3726
vn 0.3760 0.8483 0.3728
vn 0.2336 0.8397 0.4903
vn 0.3380 0.7896 0.5121
vn 0.1342 0.7654 0.6294
vn 0.2072 0.7258 0.6559
vn 0.0219 0.6766 0.7360
vn 0.0506 0.6694 0.7411
vn -0.0792 0.6140 0.7854
vn -0.0684 0.6120 0.7879
vn -0.1873 0.5379 0.8219
vn -0.1921 0.5383 0.8206
vn -0.2820 0.4570 0.8436
vn -0.2949 0.4564 0.8395
vn -0.3653 0.3659 0.8559
vn -0.3879 0.3668 0.8456
vn -0.4393 0.2705 0.8566
vn -0.4609 0.2681 0.8460
vn -0.4883 0.1883 0.8521
vn -0.5042 0.1839 0.8438
vn -0.5110 0.1540 0.8457
vn -0.5296 0.1519 0.8345
vn -0.5202 0.1864 0.8334
vn -0.5304 0.1828 0.8278
vn -0.5110 0.2334 0.8273
vn -0.5229 0.2303 0.8207
vn -0.4918 0.2868 0.8221
vn -0.5055 0.2853 0.8143
vn -0.4717 0.3289 0.8181
vn -0.4869 0.3299 0.8087
vn -0.4644 0.3520 0.8127
vn -0.4799 0.3558 0.8020
vn -0.4753 0.3593 0.8031
vn -0.4898 0.3653 0.7916
vn -0.5097 0.3524 0.7849
vn -0.5224 0.3600 0.7730
vn -0.5732 0.3322 0.7491
vn -0.5829 0.3406 0.7377
vn -0.6677 0.3002 0.6812
vn -0.6738 0.3081 0.6716
vn -0.7777 0.2633 0.5708
vn -0.7807 0.2699 0.5636
vn -0.8718 0.2332 0.4309
vn -0.8727 0.2379 0.4263
vn -0.9308 0.2154 0.2952
vn -0.9309 0.2181 0.2930
vn -0.9604 0.2069 0.1864
vn -0.9604 0.2082 0.1854
vn -0.9733 0.2033 0.1069
vn -0.9732 0.2039 0.1066
vn -0.9789 0.2014 0.0335
vn 0.4672 0.8746 0.1296
vn 0.4340 0.8829 0.1796
vn 0.4356 0.8738 0.2162
vn 0.4689 0.8607 0.1984
vn 0.3966 0.8454 0.3579
vn 0.4591 0.8178 0.3472
vn 0.3397 0.7989 0.4964
vn 0.4169 0.7604 0.4980
vn 0.2688 0.7413 0.6149
vn 0.3555 0.6893 0.6313
vn 0.1705 0.6587 0.7328
vn 0.2353 0.6163 0.7515
vn 0.0769 0.5701 0.8180
vn 0.1025 0.5626 0.8204
vn -0.0054 0.5157 0.8567
vn 0.0020 0.5141 0.8577
vn -0.0944 0.4546 0.8857
vn -0.1039 0.4556 0.8841
vn -0.1768 0.3907 0.9034
vn -0.1938 0.3899 0.9002
vn -0.2532 0.3151 0.9147
vn -0.2780 0.3166 0.9069
vn -0.3220 0.2356 0.9170
vn -0.3454 0.2334 0.9090
vn -0.3685 0.1670 0.9145
vn -0.3853 0.1627 0.9083
vn -0.3919 0.1342 0.9102
vn -0.4100 0.1327 0.9024
vn -0.4039 0.1548 0.9016
vn -0.4132 0.1522 0.8978
vn -0.3997 0.1872 0.8973
vn -0.4104 0.1854 0.8929
vn -0.3894 0.2231 0.8936
vn -0.4018 0.2228 0.8882
vn -0.3812 0.2489 0.8903
vn -0.3953 0.2511 0.8836
vn -0.3868 0.2593 0.8850
vn -0.4015 0.2640 0.8770
vn -0.4114 0.2564 0.8747
vn -0.4253 0.2632 0.8659
vn -0.4600 0.2411 0.8546
vn -0.4725 0.2494 0.8453
vn -0.5389 0.2138 0.8148
vn -0.5488 0.2228 0.8057
vn -0.6492 0.1759 0.7400
vn -0.6557 0.1841 0.7322
vn -0.7735 0.1344 0.6193
vn -0.7771 0.1411 0.6134
vn -0.8784 0.1009 0.4672
vn -0.8798 0.1055 0.4634
vn -0.9440 0.0810 0.3199
vn -0.9444 0.0835 0.3180
vn -0.9768 0.0713 0.2018
vn -0.9769 0.0725 0.2010
vn -0.9910 0.0672 0.1157
vn -0.9910 0.0677 0.1154
vn -0.9972 0.0650 0.0365
vn -0.9972 0.0655 0.0363
vn 0.1032 0.9935 0.0479
vn 0.0431 0.9991 -0.0003
vn 0.0401 0.9992 0.0052
vn 0.0522 0.9986 0.0077
vn 0.0525 0.9984 0.0219
vn 0.0685 0.9970 0.0368
vn 0.0753 0.9966 0.0329
vn 0.0861 0.9953 0.0453
vn -0.2832 0.1164 -0.9520
vn -0.5296 0.4301 -0.7311
vn -0.5916 0.2026 -0.7804
vn 0.0436 0.7919 -0.6090
vn 0.2373 0.9397 -0.2461
vn 0.2607 0.9611 -0.0910
vn 0.5458 0.8379 -0.0039
vn 0.5683 0.8227 -0.0084
vn 0.5260 0.8500 -0.0280
vn 0.5562 0.8283 -0.0675
vn 0.5451 0.8353 -0.0714
vn 0.5251 0.8435 -0.1131
vn 0.5255 0.8430 -0.1145
vn 0.5256 0.8390 -0.1411
vn 0.5306 0.8375 -0.1309
vn 0.4356 0.8738 -0.2162
vn 0.4339 0.8830 -0.1790
vn 0.4671 0.8747 -0.1297
vn 0.2859 0.9463 -0.1510
vn 0.2478 0.9555 -0.1604
vn 0.2417 0.9570 -0.1604
vn 0.2520 0.9347 -0.2507
vn 0.2261 0.8695 -0.4391
vn 0.2593 0.8703 -0.4187
vn 0.2577 0.8705 -0.4194
vn 0.2659 0.9194 -0.2899
vn 0.3411 0.9113 -0.2307
vn 0.1362 0.8121 -0.5674
vn 0.1371 0.7874 -0.6009
vn 0.1825 0.8533 -0.4885
vn -0.0206 0.7624 -0.6467
vn -0.0228 0.7559 -0.6543
vn -0.0856 0.7295 -0.6786
vn -0.1414 0.6897 -0.7102
vn -0.1695 0.6913 -0.7024
vn -0.2666 0.6028 -0.7521
vn -0.2665 0.6042 -0.7509
vn -0.3312 0.5637 -0.7567
vn -0.3762 0.5134 -0.7713
vn -0.3957 0.5114 -0.7628
vn -0.5346 0.3274 -0.7791
vn -0.5144 0.3666 -0.7752
vn -0.4545 0.4028 -0.7945
vn -0.4462 0.3834 -0.8086
vn -0.4453 0.4420 -0.7787
vn -0.5243 0.2792 -0.8045
vn -0.5330 0.2957 -0.7928
vn -0.5888 0.2545 -0.7672
vn -0.5910 0.2049 -0.7802
vn -0.6186 0.1941 -0.7613
vn -0.6365 0.1740 -0.7514
vn -0.6187 0.1587 -0.7694
vn -0.6208 0.1644 -0.7665
vn -0.6207 0.2391 -0.7467
vn -0.6395 0.2151 -0.7381
vn -0.6657 0.1898 -0.7217
vn -0.6246 0.2799 -0.7291
vn -0.5625 0.3269 -0.7594
vn -0.6322 0.3241 -0.7038
vn -0.5623 0.4105 -0.7179
vn -0.5665 0.3743 -0.7341
vn -0.5951 0.3524 -0.7223
vn -0.5418 0.4450 -0.7131
vn -0.5413 0.4456 -0.7131
vn -0.5554 0.4371 -0.7075
vn -0.5380 0.4704 -0.6995
vn -0.5506 0.4557 -0.6994
vn -0.5745 0.4622 -0.6755
vn -0.6143 0.4186 -0.6689
vn -0.5986 0.4555 -0.6589
vn -0.6523 0.4290 -0.6249
vn -0.6748 0.4056 -0.6165
vn -0.7038 0.4275 -0.5674
vn -0.7702 0.3718 -0.5183
vn -0.7848 0.3984 -0.4747
vn -0.8520 0.3489 -0.3904
vn -0.8544 0.3654 -0.3695
vn -0.9007 0.3440 -0.2653
vn -0.9007 0.3437 -0.2656
vn -0.9247 0.3423 -0.1668
vn -0.9253 0.3396 -0.1690
vn -0.9372 0.3354 -0.0962
vn -0.9340 0.3460 -0.0886
vn -0.9465 0.3213 -0.0305
vn -0.9421 0.3342 -0.0254
vn -0.9968 -0.0717 -0.0351
vn -0.9416 -0.0352 -0.3348
vn -0.9707 -0.0799 -0.2265
vn -0.9755 -0.0584 -0.2122
vn -0.9899 -0.0758 -0.1202
vn -0.9893 -0.0800 -0.1224
vn -0.9974 -0.0613 -0.0383
vn -0.7888 -0.0006 -0.6146
vn -0.8326 -0.0175 -0.5537
vn -0.8738 0.0021 -0.4862
vn -0.8823 -0.0364 -0.4693
vn -0.9369 -0.0496 -0.3460
vn -0.7362 0.1077 -0.6682
vn -0.7579 0.0018 -0.6524
vn -0.6759 0.0373 -0.7360
vn -0.6309 0.0779 -0.7719
vn -0.6086 0.0559 -0.7915
vn -0.5048 0.0987 -0.8576
vn -0.5046 0.0986 -0.8577
vn -0.4116 0.1263 -0.9026
vn -0.4176 0.1311 -0.8991
vn -0.3497 0.1481 -0.9251
vn -0.3531 0.1503 -0.9234
vn -0.3143 0.1632 -0.9352
vn -0.3090 0.1606 -0.9374
vn -0.2975 0.1665 -0.9401
vn -0.2859 0.1629 -0.9443
vn -0.2857 0.1630 -0.9444
vn -0.2839 0.1498 -0.9471
vn -0.2821 0.1505 -0.9475
vn -0.2871 0.1342 -0.9485
vn -0.2831 0.1299 -0.9503
vn -0.2858 0.1440 -0.9474
vn -0.2902 0.1233 -0.9490
vn -0.2817 0.1114 -0.9530
vn -0.2846 0.1157 -0.9516
vn 0.2979 0.5582 -0.7744
vn 0.2409 0.5462 -0.8023
vn 0.2320 0.5490 -0.8030
vn 0.1931 0.4553 -0.8691
vn 0.1438 0.4576 -0.8774
vn 0.1022 0.4082 -0.9071
vn 0.0679 0.4124 -0.9085
vn 0.0156 0.3606 -0.9326
vn -0.0120 0.3642 -0.9312
vn -0.0748 0.3137 -0.9466
vn -0.0833 0.3140 -0.9458
vn -0.1454 0.2634 -0.9537
vn -0.1674 0.2643 -0.9498
vn -0.1862 0.2098 -0.9598
vn -0.2320 0.1989 -0.9522
vn -0.2238 0.1593 -0.9615
vn -0.2641 0.1403 -0.9542
vn -0.2483 0.1032 -0.9632
vn 0.3465 0.6301 -0.6949
vn 0.3468 0.6210 -0.7029
vn 0.4229 0.6684 -0.6118
vn 0.4227 0.7070 -0.5670
vn 0.4511 0.7066 -0.5452
vn 0.5456 0.8188 -0.1784
vn 0.5366 0.8048 -0.2536
vn 0.5432 0.8014 -0.2503
vn 0.5372 0.7705 -0.3432
vn 0.5017 0.7592 -0.4146
vn 0.4941 0.7735 -0.3969
vn 0.4910 0.7151 -0.4976
vn 0.2701 0.9596 -0.0793
vn 0.3362 0.9250 -0.1772
vn 0.3349 0.9249 -0.1801
vn 0.3373 0.9003 -0.2751
vn 0.3832 0.8891 -0.2503
vn 0.3709 0.8919 -0.2587
vn 0.4882 0.8072 -0.3317
vn -0.9788 0.2019 -0.0336
vn -0.9789 0.2013 -0.0335
vn -0.9731 0.2038 -0.1069
vn -0.9733 0.2033 -0.1066
vn -0.9602 0.2082 -0.1862
vn -0.9606 0.2067 -0.1856
vn -0.9303 0.2182 -0.2947
vn -0.9314 0.2151 -0.2936
vn -0.8711 0.2384 -0.4294
vn -0.8734 0.2324 -0.4280
vn -0.7773 0.2709 -0.5677
vn -0.7811 0.2616 -0.5669
vn -0.6683 0.3101 -0.6762
vn -0.6732 0.2973 -0.6771
vn -0.5753 0.3438 -0.7422
vn -0.5805 0.3279 -0.7453
vn -0.5137 0.3645 -0.7767
vn -0.5180 0.3468 -0.7819
vn -0.4810 0.3708 -0.7944
vn -0.4836 0.3528 -0.8010
vn -0.4715 0.3623 -0.8040
vn -0.4721 0.3445 -0.8114
vn -0.4796 0.3371 -0.8101
vn -0.4781 0.3208 -0.8176
vn -0.4999 0.2926 -0.8151
vn -0.4964 0.2787 -0.8221
vn -0.5192 0.2373 -0.8211
vn -0.5140 0.2260 -0.8275
vn -0.5281 0.1889 -0.8279
vn -0.5220 0.1801 -0.8337
vn -0.5281 0.1576 -0.8344
vn -0.5123 0.1482 -0.8459
vn -0.5023 0.1917 -0.8432
vn -0.4907 0.1806 -0.8524
vn -0.4574 0.2775 -0.8448
vn -0.4438 0.2615 -0.8571
vn -0.3828 0.3756 -0.8440
vn -0.3713 0.3577 -0.8569
vn -0.2897 0.4626 -0.8379
vn -0.2879 0.4513 -0.8447
vn -0.1898 0.5402 -0.8198
vn -0.1898 0.5362 -0.8225
vn -0.0745 0.6085 -0.7900
vn -0.0729 0.6170 -0.7836
vn 0.0326 0.6626 -0.7483
vn 0.0401 0.6827 -0.7296
vn 0.1697 0.7182 -0.6748
vn 0.1706 0.7728 -0.6114
vn 0.2823 0.7872 -0.5482
vn 0.2847 0.8460 -0.4509
vn 0.3254 0.8485 -0.4173
vn 0.3183 0.8922 -0.3203
vn 0.3552 0.8943 -0.2720
vn 0.2703 0.9398 -0.2089
vn 0.2744 0.9422 -0.1923
vn 0.3555 0.9198 -0.1661
vn 0.4689 0.8607 -0.1983
vn 0.4148 0.8513 -0.3212
vn 0.4356 0.8163 -0.3793
vn 0.3723 0.8067 -0.4590
vn 0.3793 0.7580 -0.5306
vn 0.3127 0.7496 -0.5833
vn 0.3085 0.6843 -0.6608
vn 0.2046 0.6665 -0.7169
vn 0.2005 0.6077 -0.7685
vn 0.0938 0.5759 -0.8122
vn 0.0859 0.5559 -0.8268
vn -0.0009 0.5178 -0.8555
vn -0.0023 0.5116 -0.8592
vn -0.0996 0.4512 -0.8869
vn -0.0992 0.4596 -0.8826
vn -0.1850 0.3830 -0.9050
vn -0.1867 0.3986 -0.8979
vn -0.2600 0.3061 -0.9158
vn -0.2725 0.3262 -0.9052
vn -0.3270 0.2260 -0.9176
vn -0.3417 0.2435 -0.9077
vn -0.3711 0.1591 -0.9148
vn -0.3834 0.1707 -0.9077
vn -0.3931 0.1291 -0.9104
vn -0.4086 0.1378 -0.9023
vn -0.4053 0.1497 -0.9018
vn -0.4113 0.1572 -0.8979
vn -0.4020 0.1813 -0.8975
vn -0.4074 0.1908 -0.8931
vn -0.3930 0.2167 -0.8936
vn -0.3973 0.2286 -0.8888
vn -0.3865 0.2423 -0.8899
vn -0.3892 0.2570 -0.8846
vn -0.3934 0.2530 -0.8839
vn -0.3943 0.2695 -0.8786
vn -0.4186 0.2508 -0.8729
vn -0.4176 0.2679 -0.8682
vn -0.4673 0.2363 -0.8519
vn -0.4647 0.2534 -0.8484
vn -0.5454 0.2101 -0.8114
vn -0.5419 0.2257 -0.8096
vn -0.6541 0.1734 -0.7362
vn -0.6507 0.1860 -0.7362
vn -0.7766 0.1329 -0.6159
vn -0.7740 0.1420 -0.6171
vn -0.8799 0.1002 -0.4646
vn -0.8784 0.1060 -0.4661
vn -0.9445 0.0807 -0.3184
vn -0.9439 0.0837 -0.3195
vn -0.9770 0.0712 -0.2011
vn -0.9768 0.0725 -0.2017
vn -0.9910 0.0671 -0.1154
vn -0.9910 0.0677 -0.1157
vn -0.9972 0.0650 -0.0363
vn -0.9972 0.0655 -0.0365
vn -0.9766 0.2151 -0.0000
vn -0.9770 0.2131 0.0011
vn -0.9771 0.2129 0.0012
vn -0.9649 0.2622 -0.0123
vn -0.9671 0.2543 -0.0054
vn -0.6788 0.7344 -0.0000
vn -0.7238 0.6893 -0.0295
vn -0.7712 0.6366 -0.0000
vn -0.9467 0.3220 -0.0000
vn -0.9264 0.3766 -0.0000
vn -0.8944 0.4466 -0.0262
vn -0.8671 0.4981 -0.0012
vn -0.8196 0.5729 -0.0000
vn 0.2052 0.1210 0.9712
vn 0.0635 0.0720 0.9954
vn 0.2248 0.1417 0.9640
vn 0.3985 0.2313 0.8875
vn 0.5073 0.3047 0.8061
vn 0.5522 0.3258 0.7674
vn 0.6604 0.3896 0.6419
vn 0.7716 0.4369 0.4623
vn 0.6878 0.4193 0.5926
vn 0.8349 0.4830 0.2639
vn 0.8416 0.4834 0.2408
vn 0.8578 0.5061 0.0902
vn 0.0771 0.0455 0.9960
vn 0.1983 0.1301 0.9715
vn 0.2246 0.1415 0.9641
vn 0.3981 0.2311 0.8878
vn 0.5060 0.3041 0.8071
vn 0.5515 0.3254 0.7680
vn 0.6597 0.3892 0.6429
vn 0.6954 0.4050 0.5936
vn 0.7616 0.4533 0.4631
vn 0.8356 0.4830 0.2617
vn 0.8416 0.4834 0.2410
vn 0.8579 0.5062 0.0885
vn 0.0724 0.0427 0.9965
vn 0.1988 0.1301 0.9714
vn 0.2187 0.1386 0.9659
vn 0.3995 0.2319 0.8869
vn 0.5067 0.3044 0.8066
vn 0.5530 0.3262 0.7667
vn 0.6600 0.3894 0.6425
vn 0.6954 0.4050 0.5937
vn 0.7619 0.4534 0.4625
vn 0.8354 0.4830 0.2621
vn 0.8416 0.4834 0.2409
vn 0.8579 0.5062 0.0888
vn 0.9758 -0.2186 -0.0075
vn 0.9757 -0.2190 -0.0000
vn 0.9762 -0.2170 -0.0054
vn 0.9760 -0.2178 -0.0040
vn 0.9603 -0.2786 0.0114
vn 0.9539 -0.2971 0.0422
vn 0.8064 -0.5913 -0.0000
vn 0.8566 -0.5157 0.0155
vn 0.8680 -0.4945 0.0456
vn 0.9071 -0.4210 -0.0000
vn 0.9336 -0.3582 -0.0000
vn 0.7166 -0.6974 -0.0000
vn 0.6873 -0.7184 0.1072
vn 0.7636 -0.6457 -0.0000
vn 0.1558 0.6897 0.7071
vn 0.9770 -0.2130 -0.0000
vn 0.9768 -0.2142 -0.0002
vn 0.9761 -0.2173 0.0005
vn 0.9760 -0.2178 -0.0000
vn 0.0765 -0.0052 0.9971
vn 0.0300 -0.0563 0.9980
vn 0.0767 -0.0252 0.9967
vn 0.0311 -0.0557 0.9980
vn 0.0392 -0.0505 0.9980
vn 0.0444 -0.0425 0.9981
vn 0.0559 -0.0416 0.9976
vn 0.0717 -0.0334 0.9969
vn 0.0259 -0.0578 0.9980
vn 0.0309 -0.0532 0.9981
vn 0.0283 -0.0574 0.9980
vn 0.0284 -0.0573 0.9980
vn 0.0285 -0.0575 0.9979
vn 0.0301 -0.0570 0.9979
vn 0.0305 -0.0568 0.9979
vn 0.0278 -0.0585 0.9979
vn 0.0329 -0.0552 0.9979
vn 0.0300 -0.0564 0.9980
vn 0.0315 -0.0552 0.9980
vn 0.0312 -0.0548 0.9980
vn 0.0309 -0.0549 0.9980
vn 0.0360 -0.0500 0.9981
vn 0.0338 -0.0515 0.9981
vn 0.0332 -0.0507 0.9982
vn 0.0330 -0.0509 0.9982
vn 0.0585 -0.0423 0.9974
vn 0.0537 -0.0419 0.9977
vn 0.0365 -0.0441 0.9984
vn 0.0474 -0.0433 0.9979
vn 0.0401 -0.0458 0.9981
vn 0.0430 -0.0376 0.9984
vn 0.0460 -0.0381 0.9982
vn 0.0491 -0.0382 0.9981
vn 0.0486 -0.0394 0.9980
vn 0.0476 -0.0431 0.9979
vn 0.0472 -0.0466 0.9978
vn 0.0476 -0.0500 0.9976
vn 0.0461 -0.0419 0.9981
vn 0.0458 -0.0415 0.9981
vn 0.0810 -0.0224 0.9965
vn 0.0800 -0.0221 0.9966
vn 0.0784 -0.0224 0.9967
vn 0.0763 -0.0230 0.9968
vn 0.0743 -0.0237 0.9970
vn 0.0678 -0.0267 0.9973
vn 0.0641 -0.0288 0.9975
vn -0.9916 0.1294 0.0006
vn -0.9898 0.1417 0.0159
vn -0.9333 0.3588 -0.0130
vn -0.8023 0.5439 0.2461
vn -0.8819 0.4709 -0.0212
vn -0.6647 0.7470 0.0122
vn -0.5940 0.7924 0.1388
vn -0.4727 0.8808 -0.0272
vn -0.2578 0.9653 0.0415
vn -0.2027 0.9696 0.1374
vn -0.0657 0.9978 -0.0000
vn 0.3755 0.9268 0.0002
vn 0.2273 0.9661 0.1228
vn 0.2029 0.9764 0.0739
vn 0.0491 0.9988 -0.0000
vn 0.8048 0.5935 -0.0000
vn 0.7415 0.6710 -0.0000
vn 0.6168 0.7814 0.0946
vn 0.6223 0.7751 0.1096
vn 0.4813 0.8765 0.0002
vn 0.8840 0.4612 0.0768
vn 0.8893 0.4466 0.0986
vn 0.9630 0.2679 -0.0299
vn 0.9926 0.1168 0.0344
vn 0.9976 0.0697 -0.0000
vn 0.9915 -0.1301 -0.0000
vn 0.9899 -0.1417 0.0107
vn 0.9339 -0.3574 -0.0096
vn 0.8788 -0.4693 0.0868
vn 0.5978 -0.7976 0.0804
vn 0.6697 -0.7426 0.0044
vn 0.8245 -0.5658 -0.0040
vn 0.2039 -0.9761 0.0757
vn 0.2605 -0.9653 0.0207
vn 0.4783 -0.8781 -0.0143
vn -0.3430 -0.9392 0.0172
vn -0.2021 -0.9758 0.0830
vn -0.2290 -0.9722 0.0490
vn -0.0515 -0.9987 0.0001
vn 0.0665 -0.9978 0.0001
vn -0.8117 -0.5837 -0.0215
vn -0.6567 -0.7533 0.0340
vn -0.6175 -0.7819 0.0858
vn -0.5055 -0.8628 0.0001
vn -0.4007 -0.9162 0.0001
vn -0.9090 -0.3914 0.1430
vn -0.8931 -0.4482 0.0391
vn -0.9852 -0.1705 -0.0195
vn -0.9927 -0.1167 0.0317
vn -0.9998 -0.0206 0.0003
vn -0.9193 0.3936 -0.0000
vn -0.1188 0.9929 -0.0000
vn 0.8005 0.5994 -0.0000
vn 0.9193 -0.3936 -0.0000
vn 0.1188 -0.9929 -0.0000
vn -0.8005 -0.5994 -0.0000
vn 0.4150 0.5152 -0.7499
vn 0.1335 0.2113 -0.9683
vn 0.5162 0.5917 -0.6192
vn 0.5069 0.7074 -0.4926
vn 0.5851 0.8107 -0.0217
vn 0.1363 0.2350 -0.9624
vn 0.1115 0.2159 -0.9700
vn 0.0860 0.1729 -0.9812
vn 0.1351 0.2308 -0.9636
vn 0.1100 0.2442 -0.9635
vn 0.1140 0.1792 -0.9772
vn 0.1456 0.2740 -0.9506
vn 0.1666 0.2791 -0.9457
vn 0.1619 0.2569 -0.9528
vn 0.1409 0.2937 -0.9455
vn 0.1407 0.2647 -0.9540
vn 0.0313 0.0817 -0.9962
vn 0.1016 0.1879 -0.9769
vn 0.0690 0.1659 -0.9837
vn 0.0314 0.1761 -0.9839
vn 0.0869 0.1205 -0.9889
vn 0.0450 0.1334 -0.9900
vn 0.0293 0.1125 -0.9932
vn 0.0180 0.1116 -0.9936
vn 0.0108 0.0908 -0.9958
vn 0.0006 0.0821 -0.9966
vn 0.0103 0.1044 -0.9945
vn 0.0217 0.1009 -0.9947
vn 0.0230 0.1151 -0.9931
vn 0.0268 0.1055 -0.9941
vn 0.0533 0.1422 -0.9884
vn -0.0091 0.0595 -0.9982
vn -0.0064 0.0726 -0.9973
vn 0.0016 0.0828 -0.9966
vn 0.0023 0.0823 -0.9966
vn 0.0034 0.0855 -0.9963
vn 0.0088 0.0879 -0.9961
vn -0.0038 0.0860 -0.9963
vn -0.0267 0.0519 -0.9983
vn -0.0248 0.0551 -0.9982
vn -0.0181 0.0597 -0.9981
vn -0.0127 0.0777 -0.9969
vn -0.0290 0.0626 -0.9976
vn -0.0308 0.0520 -0.9982
vn -0.0952 0.0045 -0.9954
vn -0.0323 0.0482 -0.9983
vn -0.0356 0.0469 -0.9983
vn -0.0313 0.0480 -0.9984
vn -0.0409 0.0408 -0.9983
vn -0.0335 0.0482 -0.9983
vn -0.0443 0.0410 -0.9982
vn -0.0340 0.0506 -0.9981
vn -0.0296 0.0531 -0.9981
vn -0.0246 0.0523 -0.9983
vn -0.0224 0.0588 -0.9980
vn -0.0186 0.0633 -0.9978
vn -0.0132 0.0682 -0.9976
vn -0.0127 0.0682 -0.9976
vn -0.0057 0.0755 -0.9971
vn 0.0028 0.0803 -0.9968
vn 0.5865 0.8100 -0.0005
vn 0.5874 0.8091 -0.0201
vn 0.5917 0.8060 -0.0145
vn 0.5754 0.8140 -0.0787
vn 0.5841 0.8088 -0.0678
vn 0.5832 0.8037 -0.1180
vn 0.5838 0.7987 -0.1461
vn 0.5788 0.8001 -0.1576
vn 0.5730 0.7905 -0.2161
vn 0.5702 0.7894 -0.2275
vn 0.5674 0.7884 -0.2376
vn 0.5625 0.7876 -0.2514
vn 0.5599 0.7874 -0.2580
vn 0.5599 0.7874 -0.2578
vn 0.5767 0.7950 -0.1878
vn 0.5764 0.7941 -0.1928
vn 0.5754 0.7926 -0.2018
vn 0.5602 0.7861 -0.2613
vn 0.5617 0.7735 -0.2935
vn 0.5494 0.7568 -0.3541
vn 0.5495 0.7579 -0.3516
vn 0.5328 0.7341 -0.4210
vn 0.5331 0.7404 -0.4095
vn 0.5081 0.6960 -0.5074
vn 0.5072 0.7226 -0.4698
vn 0.5026 0.7048 -0.5006
vn 0.4646 0.6271 -0.6253
vn 0.4708 0.6762 -0.5667
vn 0.4350 0.6157 -0.6570
vn 0.3834 0.5622 -0.7328
vn 0.3884 0.5477 -0.7410
vn 0.3117 0.4546 -0.8344
vn 0.3302 0.4588 -0.8249
vn 0.2321 0.3681 -0.9004
vn 0.2896 0.3664 -0.8842
vn 0.1551 0.3012 -0.9408
vn 0.1779 0.2549 -0.9505
vn 0.2031 0.3262 -0.9232
vn 0.0358 0.1177 -0.9924
vn 0.0457 0.1306 -0.9904
vn 0.0561 0.1375 -0.9889
vn 0.0585 0.1422 -0.9881
vn 0.0680 0.1562 -0.9854
vn 0.0029 0.0806 -0.9967
vn 0.0094 0.0913 -0.9958
vn 0.0274 0.1046 -0.9941
vn 0.0266 0.0957 -0.9951
vn 0.0311 0.1089 -0.9936
vn 0.2734 0.4529 -0.8486
vn 0.2823 0.4266 -0.8592
vn 0.2477 0.3825 -0.8901
vn 0.2138 0.3462 -0.9135
vn 0.2184 0.3729 -0.9018
vn 0.2076 0.3332 -0.9197
vn 0.0864 0.1740 -0.9809
vn 0.1010 0.1946 -0.9757
vn 0.1141 0.2074 -0.9716
vn 0.1240 0.2249 -0.9665
vn 0.1581 0.2577 -0.9532
vn 0.1684 0.2833 -0.9441
vn 0.2214 0.3367 -0.9152
vn 0.2335 0.3663 -0.9007
vn 0.2940 0.4290 -0.8541
vn 0.3068 0.4604 -0.8330
vn 0.3647 0.5213 -0.7715
vn 0.3855 0.5737 -0.7226
vn 0.1504 -0.9884 0.0219
vn 0.1506 -0.9878 0.0406
vn 0.1951 -0.9807 0.0082
vn 0.1025 -0.9947 0.0070
vn 0.1026 -0.9945 0.0211
vn 0.1034 -0.9863 0.1286
vn 0.1002 -0.9831 0.1532
vn 0.0957 -0.9182 0.3844
vn 0.0944 -0.9239 0.3707
vn 0.0834 -0.8026 0.5906
vn 0.0833 -0.8036 0.5894
vn 0.0654 -0.6394 0.7661
vn 0.0662 -0.6427 0.7632
vn 0.9733 0.2295 0.0059
vn 0.9780 0.2086 0.0045
vn 0.9852 0.1713 0.0007
vn 0.9789 0.2044 0.0060
vn 0.9763 0.2161 0.0089
vn 0.9913 0.1316 0.0012
vn 0.9864 0.1642 0.0060
vn 0.9822 0.1872 0.0137
vn 0.9956 0.0931 0.0024
vn 0.9925 0.1222 0.0032
vn 0.9902 0.1399 0.0040
vn 0.9992 0.0188 -0.0351
vn 0.9991 0.0422 -0.0017
vn 0.9852 0.1014 0.1384
vn 1.0000 0.0034 -0.0017
vn 0.9520 0.3060 0.0112
vn 0.9577 0.2877 0.0039
vn 0.9651 0.2617 0.0135
vn 0.9680 0.2508 0.0063
vn 0.9728 0.2316 0.0058
vn 0.9739 0.2269 0.0055
vn 0.9490 0.3147 0.0179
vn 0.9468 0.3203 0.0304
vn 0.9465 0.3206 0.0374
vn 0.0965 -0.3156 0.9440
vn 0.0007 -0.0023 1.0000
vn 0.0009 -0.0022 1.0000
vn 0.0005 -0.0010 1.0000
vn 0.0032 -0.0058 1.0000
vn 0.0004 -0.0007 1.0000
vn 0.0014 -0.0020 1.0000
vn 0.0015 -0.0018 1.0000
vn 0.0034 -0.0040 1.0000
vn 0.0009 -0.0009 1.0000
vn 0.0016 -0.0016 1.0000
vn 0.0018 -0.0014 1.0000
vn 0.0038 0.0006 1.0000
vn 0.1776 0.0393 0.9833
vn 0.0034 0.0008 1.0000
vn 0.0010 0.0002 1.0000
vn 0.9777 0.2026 0.0557
vn 0.9587 0.1779 0.2221
vn 0.9812 0.0520 0.1857
vn 0.9946 0.0647 0.0817
vn 0.9862 0.1440 0.0818
vn 0.9602 -0.2683 0.0781
vn 0.9811 -0.1772 0.0784
vn 0.9887 -0.0992 0.1123
vn 0.9926 -0.0958 0.0753
vn 0.9971 -0.0079 0.0755
vn 0.8734 -0.4809 0.0766
vn 0.8874 -0.4465 -0.1147
vn 0.9108 -0.3960 0.1168
vn 0.9278 -0.3644 0.0806
vn 0.9600 -0.2681 0.0802
vn 0.5665 -0.8192 0.0896
vn 0.6470 -0.7572 0.0896
vn 0.6456 -0.7600 0.0754
vn 0.6904 -0.7194 0.0755
vn 0.7136 -0.6918 0.1106
vn 0.7231 -0.6870 0.0719
vn 0.8032 -0.5914 0.0717
vn 0.7611 -0.5868 0.2762
vn 0.8396 -0.5378 0.0766
vn 0.2996 -0.9506 0.0807
vn 0.3384 -0.9299 -0.1442
vn 0.3881 -0.9168 0.0944
vn 0.4722 -0.8801 0.0497
vn 0.4796 -0.8718 0.1001
vn 0.5196 -0.8498 0.0888
vn 0.5664 -0.8193 0.0887
vn 0.1770 0.0394 0.9834
vn 0.1276 0.0198 0.9916
vn 0.1292 0.0068 0.9916
vn 0.1291 0.0068 0.9916
vn 0.1287 -0.0129 0.9916
vn 0.1288 -0.0129 0.9916
vn 0.1258 -0.0291 0.9916
vn 0.1528 -0.0427 0.9873
vn 0.1227 -0.0403 0.9916
vn 0.1184 -0.0515 0.9916
vn 0.1131 -0.0623 0.9916
vn 0.1253 -0.0923 0.9878
vn 0.1072 -0.0720 0.9916
vn 0.0017 -0.0012 1.0000
vn 0.0018 -0.0010 1.0000
vn 0.0012 -0.0006 1.0000
vn 0.0045 -0.0020 1.0000
vn 0.0021 -0.0009 1.0000
vn 0.0021 -0.0007 1.0000
vn 0.0008 -0.0002 1.0000
vn 0.0055 -0.0013 1.0000
vn 0.0025 -0.0005 1.0000
vn 0.0025 -0.0003 1.0000
vn 0.0027 -0.0003 1.0000
vn 0.0021 0.0001 1.0000
vn 0.0024 0.0001 1.0000
vn 0.0023 0.0003 1.0000
vn 0.2300 -0.2456 0.9417
vn 0.3342 -0.3239 0.8851
vn 0.3756 -0.2766 0.8846
vn 0.3756 -0.2766 0.8845
vn 0.4078 -0.2245 0.8850
vn 0.4077 -0.2245 0.8851
vn 0.4269 -0.1856 0.8851
vn 0.4270 -0.1857 0.8850
vn 0.4495 -0.1256 0.8844
vn 0.4494 -0.1256 0.8844
vn 0.4641 -0.0465 0.8846
vn 0.4639 -0.0465 0.8847
vn 0.4654 0.0246 0.8847
vn 0.4656 0.0247 0.8847
vn 0.4584 0.0828 0.8849
vn 0.0021 -0.0014 1.0000
vn 0.0016 -0.0013 1.0000
vn 0.1005 -0.0810 0.9916
vn 0.0927 -0.0898 0.9916
vn 0.1089 -0.1163 0.9872
vn 0.0837 -0.0985 0.9916
vn 0.0735 -0.1063 0.9916
vn 0.0623 -0.1132 0.9916
vn 0.0622 -0.1132 0.9916
vn 0.0503 -0.1189 0.9916
vn 0.0462 -0.1204 0.9916
vn 0.0228 -0.0767 0.9968
vn 0.1853 -0.5505 0.8140
vn 0.1321 -0.4467 0.8849
vn 0.1815 -0.4287 0.8850
vn 0.2244 -0.4080 0.8850
vn 0.2245 -0.4081 0.8849
vn 0.2650 -0.3832 0.8849
vn 0.3016 -0.3550 0.8849
vn 0.6574 0.1197 0.7440
vn 0.7369 0.1437 0.6605
vn 0.7498 0.0397 0.6604
vn 0.7497 0.0397 0.6606
vn 0.7471 -0.0749 0.6605
vn 0.7473 -0.0749 0.6602
vn 0.7235 -0.2022 0.6600
vn 0.7237 -0.2022 0.6599
vn 0.6881 -0.2992 0.6611
vn 0.6880 -0.2992 0.6612
vn 0.6572 -0.3618 0.6612
vn 0.6572 -0.3619 0.6612
vn 0.6048 -0.4454 0.6601
vn 0.6048 -0.4454 0.6602
vn 0.5386 -0.5221 0.6613
vn 0.5387 -0.5221 0.6612
vn 0.4858 -0.5718 0.6611
vn 0.4859 -0.5720 0.6609
vn 0.4269 -0.6173 0.6608
vn 0.3617 -0.6575 0.6609
vn 0.3616 -0.6574 0.6611
vn 0.2925 -0.6909 0.6612
vn 0.2210 -0.7170 0.6611
vn 0.2533 -0.7744 0.5797
vn 0.9289 0.1748 0.3265
vn 0.9179 0.1704 0.3582
vn 0.9324 0.0494 0.3580
vn 0.9324 0.0494 0.3581
vn 0.9291 -0.0932 0.3580
vn 0.9291 -0.0932 0.3578
vn 0.8994 -0.2513 0.3576
vn 0.8561 -0.3722 0.3586
vn 0.8177 -0.4502 0.3586
vn 0.7519 -0.5537 0.3578
vn 0.6702 -0.6497 0.3587
vn 0.6043 -0.7115 0.3586
vn 0.6044 -0.7115 0.3584
vn 0.5310 -0.7679 0.3583
vn 0.4500 -0.8179 0.3584
vn 0.4500 -0.8179 0.3585
vn 0.3639 -0.8596 0.3586
vn 0.2818 -0.8899 0.3586
vn 0.2886 -0.8988 0.3299
vn 0.0119 0.9982 0.0589
vn -0.3668 -0.3142 -0.8756
vn -0.4109 -0.2020 -0.8890
vn -0.0112 -0.0136 -0.9998
vn 0.0034 0.0002 -1.0000
vn -0.0537 -0.0477 -0.9974
vn -0.0339 -0.0333 -0.9989
vn -0.0268 -0.0247 -0.9993
vn 0.0051 -0.0027 -1.0000
vn -0.0122 -0.0250 -0.9996
vn 0.0026 -0.0223 -0.9997
vn 0.0259 -0.0194 -0.9995
vn -0.0509 -0.0428 -0.9978
vn -0.1062 -0.0413 -0.9935
vn -0.1159 -0.0704 -0.9908
vn -0.2069 -0.0883 -0.9744
vn -0.2154 -0.1178 -0.9694
vn -0.2913 -0.1633 -0.9426
vn -0.3640 -0.3171 -0.8757
vn -0.2922 -0.3142 -0.9033
vn -0.3164 -0.2891 -0.9035
vn -0.2290 -0.3274 -0.9167
vn -0.2600 -0.2741 -0.9259
vn -0.1910 -0.2607 -0.9463
vn -0.1652 -0.2156 -0.9624
vn -0.1521 -0.2122 -0.9653
vn -0.1120 -0.1640 -0.9801
vn -0.1253 -0.1605 -0.9790
vn -0.0582 -0.1146 -0.9917
vn -0.0942 -0.1003 -0.9905
vn -0.0545 -0.0781 -0.9955
vn -0.0239 -0.0267 -0.9994
vn -0.0204 -0.0252 -0.9995
vn -0.0292 -0.0478 -0.9984
vn -0.0503 -0.0358 -0.9981
vn -0.0708 -0.0857 -0.9938
vn -0.0912 -0.0567 -0.9942
vn -0.1201 -0.1367 -0.9833
vn -0.2724 -0.1471 -0.9509
vn -0.2917 -0.1676 -0.9417
vn -0.2161 -0.1798 -0.9597
vn -0.1539 -0.1409 -0.9780
vn -0.1303 -0.1128 -0.9850
vn -0.1062 -0.1058 -0.9887
vn -0.0576 -0.0702 -0.9959
vn -0.0678 -0.0754 -0.9948
vn -0.0340 -0.0428 -0.9985
vn -0.0358 -0.0441 -0.9984
vn -0.0120 -0.0145 -0.9998
vn 0.0032 -0.0000 -1.0000
vn -0.0111 -0.0137 -0.9998
vn -0.0202 -0.0324 -0.9993
vn -0.0351 -0.0465 -0.9983
vn -0.0654 -0.0931 -0.9935
vn -0.0669 -0.0941 -0.9933
vn -0.1140 -0.1489 -0.9823
vn -0.1103 -0.1471 -0.9830
vn -0.1653 -0.1951 -0.9667
vn -0.1651 -0.1951 -0.9668
vn -0.2200 -0.2296 -0.9481
vn -0.2311 -0.2302 -0.9453
vn -0.2799 -0.2503 -0.9268
vn -0.3110 -0.2458 -0.9181
vn -0.3490 -0.2535 -0.9022
vn -0.3806 -0.2427 -0.8923
vn -0.5314 -0.2788 -0.7999
vn -0.4203 -0.2826 -0.8623
vn -0.1082 -0.0386 -0.9934
vn -0.2914 -0.3168 -0.9026
vn 0.0364 -0.6116 -0.7903
vn -0.0807 -0.4368 -0.8960
vn -0.0499 -0.3968 -0.9165
vn -0.0597 -0.3392 -0.9388
vn -0.0470 -0.3303 -0.9427
vn -0.0602 -0.6035 -0.7951
vn 0.0080 -0.6775 -0.7355
vn 0.0025 -0.6550 -0.7557
vn 0.0215 -0.6667 -0.7450
vn 0.0085 -0.6450 -0.7641
vn 0.4385 -0.3668 -0.8205
vn -0.0632 -0.5823 -0.8105
vn -0.1450 -0.4712 -0.8701
vn -0.2070 -0.4113 -0.8877
vn -0.2070 -0.3815 -0.9009
vn -0.3010 -0.3063 -0.9031
vn -0.3061 -0.3279 -0.8937
vn -0.3791 -0.2781 -0.8826
vn -0.3859 -0.2835 -0.8779
vn -0.4436 -0.1840 -0.8771
vn -0.3694 -0.1980 -0.9079
vn -0.3086 -0.2438 -0.9194
vn -0.0153 -0.0061 -0.9999
vn -0.0161 -0.0041 -0.9999
vn -0.0150 -0.0073 -0.9999
vn -0.0221 0.0034 -0.9998
vn -0.0164 -0.0065 -0.9998
vn -0.0169 -0.0000 -0.9999
vn -0.0161 -0.0037 -0.9999
vn -0.0675 -0.0263 -0.9974
vn -0.1107 -0.2464 -0.9628
vn 0.0352 -0.1100 -0.9933
vn 0.0074 -0.2099 -0.9777
vn 0.0435 -0.2466 -0.9681
vn -0.3003 -0.1932 -0.9341
vn -0.2707 -0.1824 -0.9452
vn -0.3287 -0.1303 -0.9354
vn -0.3453 -0.1265 -0.9299
vn -0.1758 -0.3261 -0.9289
vn -0.1976 -0.2142 -0.9566
vn -0.2662 -0.1323 -0.9548
vn -0.1920 -0.1076 -0.9755
vn -0.2229 -0.0710 -0.9722
vn -0.2256 -0.0700 -0.9717
vn 0.1148 -0.5205 -0.8461
vn -0.0199 -0.0681 -0.9975
vn -0.0979 -0.1243 -0.9874
vn 0.1501 -0.1779 -0.9725
vn -0.0012 -0.2286 -0.9735
vn 0.0437 -0.2945 -0.9546
vn -0.0302 -0.0321 -0.9990
vn -0.0653 0.0238 -0.9976
vn -0.0516 -0.0095 -0.9986
vn -0.0920 -0.0035 -0.9957
vn -0.0682 -0.0340 -0.9971
vn -0.1887 -0.0740 -0.9792
vn -0.1347 -0.1484 -0.9797
vn -0.2134 -0.1804 -0.9602
vn -0.1499 -0.2667 -0.9521
vn 0.0398 -0.4285 -0.9027
vn 0.0742 -0.4640 -0.8827
vn -0.0032 -0.3090 -0.9511
vn -0.0332 -0.2693 -0.9625
vn -0.0005 -0.3815 -0.9244
vn -0.0399 -0.3225 -0.9457
vn 0.0840 -0.6018 -0.7942
vn 0.0225 -0.5406 -0.8410
vn 0.0681 -0.6101 -0.7894
vn -0.0168 -0.5339 -0.8454
vn 0.0038 -0.5605 -0.8282
vn -0.0641 -0.5045 -0.8611
vn -0.1601 -0.3868 -0.9082
vn -0.2223 -0.3497 -0.9101
vn -0.2750 -0.2952 -0.9150
vn -0.3703 -0.2678 -0.8895
vn -0.3595 -0.2751 -0.8917
vn -0.5232 -0.2314 -0.8202
vn -0.0429 0.0106 -0.9990
vn -0.0530 -0.0085 -0.9986
vn -0.0261 0.0191 -0.9995
vn -0.0334 0.0004 -0.9994
vn -0.0252 0.0021 -0.9997
vn -0.0047 -0.0019 -1.0000
vn -0.0062 0.0115 -0.9999
vn -0.0116 -0.0033 -0.9999
vn -0.0233 -0.0200 -0.9995
vn -0.0174 -0.0013 -0.9998
vn -0.0129 -0.0016 -0.9999
vn -0.0212 0.0013 -0.9998
vn -0.0265 0.0013 -0.9996
vn -0.0277 0.0023 -0.9996
vn 0.0003 -0.0000 -1.0000
vn 0.0004 0.0002 -1.0000
vn 0.0001 -0.0001 -1.0000
vn 0.8432 -0.5376 0.0001
vn -0.0387 -0.5587 -0.8285
vn -0.0769 -0.3703 -0.9257
vn 0.4254 0.1209 -0.8969
vn -0.6930 -0.7206 -0.0186
vn 0.4906 0.0186 -0.8712
vn 0.4290 0.1371 -0.8929
vn 0.4236 0.0522 -0.9043
vn 0.4371 0.0760 -0.8962
vn 0.4416 0.0480 -0.8959
vn 0.4235 -0.0070 -0.9059
vn 0.4075 0.2084 -0.8891
vn 0.4512 0.1758 -0.8750
vn 0.3839 0.2745 -0.8816
vn 0.3605 0.2934 -0.8854
vn 0.4615 0.3191 -0.8278
vn 0.3556 -0.1510 -0.9223
vn 0.3502 -0.1119 -0.9299
vn 0.3827 -0.0856 -0.9199
vn 0.3813 -0.0713 -0.9217
vn 0.4146 -0.0453 -0.9089
vn 0.4153 -0.0552 -0.9080
vn 0.4250 -0.0063 -0.9052
vn 0.2985 -0.1944 -0.9344
vn 0.3121 -0.1709 -0.9346
vn 0.3272 -0.1518 -0.9327
vn 0.1515 -0.3263 -0.9331
vn 0.1547 -0.3188 -0.9351
vn 0.0079 -0.3641 -0.9313
vn 0.0450 -0.3564 -0.9333
vn 0.0775 -0.3565 -0.9311
vn 0.0886 -0.3424 -0.9354
vn 0.1230 -0.3278 -0.9367
vn -0.3292 -0.2885 -0.8991
vn -0.2950 -0.3146 -0.9022
vn -0.2811 -0.3275 -0.9021
vn -0.2616 -0.3254 -0.9087
vn -0.2017 -0.3597 -0.9110
vn -0.3674 -0.2669 -0.8910
vn -0.3892 -0.2482 -0.8871
vn -0.3890 -0.2538 -0.8856
vn -0.3846 -0.2566 -0.8867
vn -0.3828 -0.2730 -0.8826
vn -0.3715 -0.2808 -0.8849
vn -0.3612 -0.3021 -0.8822
vn -0.3563 -0.3040 -0.8835
vn -0.3337 -0.3336 -0.8817
vn -0.3365 -0.3330 -0.8808
vn -0.3070 -0.3609 -0.8806
vn -0.2946 -0.3900 -0.8724
vn -0.2810 -0.3904 -0.8767
vn -0.6459 -0.6656 -0.3740
vn -0.5651 -0.6528 -0.5045
vn -0.5942 -0.6426 -0.4838
vn -0.5080 -0.6119 -0.6062
vn -0.5244 -0.6073 -0.5968
vn -0.4340 -0.5662 -0.7007
vn -0.4439 -0.5637 -0.6965
vn -0.3621 -0.5261 -0.7695
vn -0.3706 -0.5245 -0.7665
vn -0.3040 -0.4881 -0.8181
vn -0.3198 -0.4838 -0.8147
vn -0.2608 -0.4609 -0.8483
vn -0.2918 -0.4477 -0.8452
vn -0.2477 -0.4390 -0.8637
vn -0.7012 -0.7123 -0.0308
vn -0.6731 -0.7324 -0.1028
vn -0.7061 -0.7039 -0.0769
vn -0.6650 -0.7226 -0.1886
vn -0.6843 -0.7085 -0.1725
vn -0.6650 -0.6982 -0.2651
vn -0.6583 -0.7002 -0.2764
vn -0.6533 -0.6867 -0.3188
vn -0.6163 -0.6793 -0.3984
vn 0.1690 -0.5124 -0.8420
vn 0.1297 -0.5131 -0.8485
vn 0.1089 -0.5347 -0.8380
vn 0.0585 -0.5455 -0.8360
vn 0.0202 -0.5468 -0.8370
vn 0.0010 -0.5403 -0.8415
vn -0.0179 -0.3797 -0.9249
vn -0.0418 -0.3708 -0.9278
vn 0.4370 -0.3151 -0.8425
vn 0.4048 -0.3509 -0.8444
vn 0.4186 -0.3525 -0.8370
vn 0.3752 -0.3754 -0.8475
vn 0.3665 -0.3788 -0.8498
vn 0.3617 -0.3930 -0.8454
vn 0.3187 -0.4282 -0.8456
vn 0.3198 -0.4216 -0.8485
vn 0.2826 -0.4552 -0.8444
vn 0.2378 -0.4726 -0.8486
vn 0.2346 -0.4795 -0.8456
vn 0.1951 -0.5014 -0.8429
vn 0.5689 -0.0358 -0.8216
vn 0.4828 -0.1693 -0.8592
vn 0.5886 -0.1196 -0.7995
vn 0.5789 -0.1450 -0.8024
vn 0.5635 -0.1597 -0.8105
vn 0.5629 -0.1418 -0.8143
vn 0.5453 -0.2078 -0.8121
vn 0.5288 -0.1534 -0.8347
vn 0.5199 -0.2140 -0.8270
vn 0.4765 -0.2472 -0.8437
vn 0.4811 -0.2596 -0.8373
vn 0.4535 -0.2950 -0.8410
vn 0.4461 -0.3003 -0.8431
vn 0.4387 -0.3046 -0.8454
vn 0.2936 -0.1763 -0.9395
vn 0.2802 -0.2169 -0.9351
vn 0.2584 -0.2224 -0.9401
vn 0.2503 -0.2481 -0.9358
vn 0.2250 -0.2553 -0.9403
vn 0.2120 -0.2827 -0.9355
vn 0.1977 -0.2849 -0.9379
vn 0.1737 -0.3003 -0.9379
vn -0.2823 -0.6012 -0.7476
vn -0.2844 -0.4174 -0.8630
vn -0.2577 -0.4161 -0.8720
vn -0.3350 -0.6192 -0.7102
vn -0.3220 -0.6200 -0.7155
vn -0.2603 -0.6265 -0.7347
vn -0.3104 -0.6522 -0.6915
vn -0.2618 -0.6522 -0.7114
vn -0.3066 -0.6839 -0.6621
vn -0.3289 -0.6855 -0.6496
vn -0.2832 -0.6909 -0.6652
vn -0.3338 -0.7176 -0.6112
vn -0.3361 -0.7180 -0.6095
vn -0.3577 -0.7480 -0.5590
vn -0.3939 -0.7565 -0.5220
vn -0.4033 -0.7798 -0.4788
vn -0.4434 -0.7907 -0.4220
vn -0.4448 -0.8026 -0.3975
vn -0.4759 -0.8174 -0.3245
vn -0.4713 -0.8326 -0.2909
vn -0.5003 -0.8310 -0.2432
vn -0.5004 -0.8385 -0.2155
vn -0.5161 -0.8430 -0.1515
vn -0.5109 -0.8474 -0.1443
vn -0.5217 -0.8505 -0.0670
vn -0.5194 -0.8521 -0.0643
vn -0.5215 -0.8531 -0.0177
vn -0.5205 -0.8537 -0.0165
vn -0.4937 -0.4298 -0.7560
vn -0.4891 -0.4323 -0.7576
vn -0.4643 -0.4651 -0.7537
vn -0.4704 -0.4622 -0.7517
vn -0.4195 -0.4979 -0.7590
vn -0.4597 -0.4936 -0.7383
vn -0.4206 -0.5070 -0.7524
vn -0.4947 -0.3977 -0.7727
vn -0.3677 -0.2597 -0.8930
vn -0.3269 -0.3018 -0.8956
vn -0.3135 -0.5116 -0.8000
vn -0.3583 -0.4902 -0.7946
vn -0.3618 -0.4839 -0.7968
vn -0.4044 -0.4679 -0.7858
vn -0.4389 -0.4410 -0.7829
vn -0.4499 -0.4412 -0.7764
vn -0.4812 -0.4136 -0.7729
vn -0.4967 -0.3974 -0.7716
vn -0.5266 -0.3792 -0.7609
vn -0.5266 -0.3790 -0.7609
vn -0.5305 -0.3762 -0.7597
vn -0.5215 -0.3958 -0.7559
vn -0.5224 -0.3955 -0.7554
vn -0.5063 -0.4119 -0.7576
vn -0.3133 -0.3597 -0.8789
vn -0.3754 -0.5492 -0.7466
vn -0.3218 -0.5610 -0.7627
vn -0.3881 -0.5810 -0.7155
vn -0.3578 -0.5835 -0.7290
vn -0.0933 -0.5578 -0.8247
vn -0.1388 -0.5422 -0.8287
vn -0.1370 -0.5434 -0.8282
vn -0.1864 -0.5486 -0.8151
vn -0.2363 -0.5363 -0.8103
vn -0.1268 -0.3756 -0.9181
vn -0.1198 -0.3711 -0.9208
vn -0.2079 -0.3493 -0.9137
vn -0.2603 -0.5174 -0.8152
vn -0.2829 -0.5193 -0.8064
vn -0.5062 -0.4118 0.7577
vn -0.5218 -0.3960 0.7556
vn 0.4851 -0.2541 0.8367
vn 0.1690 -0.5123 0.8420
vn 0.4579 0.3157 0.8310
vn 0.3628 0.2843 0.8875
vn 0.4459 0.0642 0.8928
vn -0.6930 -0.7206 0.0230
vn -0.6967 -0.7171 0.0185
vn -0.6909 -0.7204 0.0609
vn -0.6838 -0.7257 0.0758
vn -0.6696 -0.7228 0.1709
vn -0.6857 -0.7138 0.1426
vn -0.6915 -0.7159 0.0960
vn -0.2903 -0.4585 0.8399
vn -0.2726 -0.4616 0.8442
vn -0.3173 -0.4921 0.8106
vn -0.3236 -0.4916 0.8085
vn -0.3677 -0.5311 0.7634
vn -0.3948 -0.5310 0.7498
vn -0.4371 -0.5751 0.6916
vn -0.4780 -0.5744 0.6645
vn -0.5156 -0.6192 0.5922
vn -0.5511 -0.6171 0.5617
vn -0.5823 -0.6565 0.4794
vn -0.6136 -0.6517 0.4459
vn -0.6291 -0.6839 0.3696
vn -0.6573 -0.6785 0.3282
vn -0.6579 -0.7006 0.2763
vn -0.6661 -0.6997 0.2585
vn -0.6799 -0.7043 0.2045
vn -0.3378 -0.3355 0.8794
vn -0.2971 -0.3664 0.8818
vn -0.3163 -0.3681 0.8743
vn -0.2686 -0.3930 0.8794
vn -0.2964 -0.3996 0.8674
vn -0.2508 -0.4167 0.8738
vn -0.3592 -0.3055 0.8818
vn -0.1261 -0.3698 0.9205
vn -0.1963 -0.3521 0.9152
vn -0.2101 -0.3561 0.9105
vn -0.2559 -0.3270 0.9097
vn -0.0180 -0.3790 0.9252
vn -0.0365 -0.3707 0.9280
vn -0.0779 -0.3702 0.9257
vn 0.1023 -0.3602 0.9273
vn 0.0519 -0.3547 0.9335
vn 0.0131 -0.3629 0.9317
vn 0.2377 -0.2340 0.9427
vn 0.2059 -0.2929 0.9337
vn 0.2084 -0.2777 0.9378
vn 0.1739 -0.2999 0.9380
vn 0.1559 -0.3210 0.9342
vn 0.1546 -0.3209 0.9344
vn 0.3446 -0.0583 0.9369
vn 0.3575 -0.1744 0.9175
vn 0.3382 -0.1374 0.9310
vn 0.3117 -0.1712 0.9346
vn 0.3040 -0.1854 0.9344
vn 0.2912 -0.1872 0.9382
vn 0.2733 -0.2333 0.9332
vn 0.4331 -0.0065 0.9013
vn 0.4147 -0.0480 0.9087
vn 0.4145 -0.0452 0.9089
vn 0.3854 -0.0679 0.9202
vn 0.3823 -0.1285 0.9151
vn 0.4091 0.0520 0.9110
vn 0.4257 0.1225 0.8965
vn 0.4109 0.1881 0.8920
vn 0.4288 0.2125 0.8781
vn 0.3794 0.2701 0.8849
vn 0.4566 0.1176 0.8819
vn 0.4297 0.0536 0.9014
vn 0.4876 0.0208 0.8728
vn 0.5653 -0.0333 0.8242
vn 0.4339 0.0242 0.9006
vn 0.4276 -0.0097 0.9039
vn 0.5385 -0.0838 0.8385
vn 0.5748 -0.1552 0.8034
vn -0.1202 -0.3752 0.9191
vn -0.1370 -0.5434 0.8282
vn -0.1388 -0.5421 0.8288
vn 0.1089 -0.5346 0.8381
vn 0.1297 -0.5131 0.8485
vn 0.0747 -0.3481 0.9345
vn 0.1281 -0.3256 0.9368
vn -0.0933 -0.5577 0.8248
vn -0.0387 -0.5586 0.8286
vn 0.0010 -0.5402 0.8415
vn 0.0202 -0.5467 0.8371
vn 0.0584 -0.5454 0.8361
vn 0.4185 -0.3525 0.8371
vn 0.2671 -0.2041 0.9418
vn 0.2417 -0.2695 0.9322
vn 0.1951 -0.5013 0.8430
vn 0.2346 -0.4794 0.8457
vn 0.2378 -0.4725 0.8486
vn 0.2825 -0.4551 0.8444
vn 0.3162 -0.4248 0.8482
vn 0.3224 -0.4251 0.8458
vn 0.3716 -0.3845 0.8450
vn 0.3537 -0.3836 0.8530
vn 0.3751 -0.3753 0.8476
vn 0.4709 -0.2512 0.8457
vn 0.5199 -0.2139 0.8270
vn 0.5235 -0.1908 0.8304
vn 0.5544 -0.1744 0.8137
vn 0.5592 -0.1562 0.8142
vn 0.5730 -0.1506 0.8056
vn 0.5788 -0.1449 0.8025
vn 0.4047 -0.3509 0.8444
vn 0.4369 -0.3150 0.8426
vn 0.4386 -0.3045 0.8455
vn 0.4461 -0.3003 0.8431
vn 0.4534 -0.2950 0.8411
vn -0.2811 -0.6218 0.7310
vn -0.2846 -0.4295 0.8571
vn -0.2500 -0.4383 0.8634
vn -0.2508 -0.6780 0.6910
vn -0.3201 -0.6519 0.6874
vn -0.2542 -0.6519 0.7144
vn -0.3179 -0.6204 0.7170
vn -0.3221 -0.6199 0.7155
vn -0.5205 -0.8537 0.0179
vn -0.5216 -0.8530 0.0165
vn -0.5193 -0.8520 0.0669
vn -0.5221 -0.8505 0.0645
vn -0.5100 -0.8469 0.1507
vn -0.5176 -0.8432 0.1453
vn -0.4935 -0.8355 0.2417
vn -0.5146 -0.8291 0.2186
vn -0.4543 -0.8324 0.3175
vn -0.4871 -0.8217 0.2959
vn -0.4353 -0.7972 0.4184
vn -0.4563 -0.7934 0.4029
vn -0.3781 -0.7712 0.5121
vn -0.4224 -0.7618 0.4911
vn -0.3198 -0.7371 0.5954
vn -0.3781 -0.7237 0.5773
vn -0.2737 -0.7059 0.6534
vn -0.3579 -0.6811 0.6388
vn -0.3290 -0.6854 0.6496
vn -0.4643 -0.4650 0.7538
vn -0.3576 -0.3059 0.8824
vn -0.3276 -0.3364 0.8829
vn -0.4890 -0.4322 0.7577
vn -0.4937 -0.4297 0.7561
vn -0.3716 -0.2808 0.8849
vn -0.3938 -0.2657 0.8799
vn -0.3716 -0.2633 0.8903
vn -0.3931 -0.2519 0.8843
vn -0.3816 -0.2507 0.8897
vn -0.3736 -0.2660 0.8886
vn -0.3524 -0.2707 0.8958
vn -0.3349 -0.2963 0.8945
vn -0.3086 -0.2987 0.9031
vn -0.2815 -0.3283 0.9016
vn -0.3618 -0.4838 0.7969
vn -0.3582 -0.4901 0.7946
vn -0.4946 -0.3976 0.7728
vn -0.4811 -0.4135 0.7730
vn -0.4431 -0.4470 0.7771
vn -0.4458 -0.4352 0.7822
vn -0.4044 -0.4678 0.7859
vn -0.5218 -0.3949 0.7561
vn -0.5304 -0.3761 0.7598
vn -0.5266 -0.3790 0.7610
vn -0.5265 -0.3791 0.7610
vn -0.4966 -0.3973 0.7717
vn -0.3364 -0.5889 0.7349
vn -0.3578 -0.5834 0.7291
vn -0.3248 -0.5855 0.7428
vn -0.3821 -0.5475 0.7445
vn -0.3753 -0.5491 0.7467
vn -0.4205 -0.5069 0.7525
vn -0.4233 -0.5060 0.7515
vn -0.4508 -0.4762 0.7550
vn -0.4703 -0.4621 0.7518
vn -0.3135 -0.5115 0.8001
vn -0.2829 -0.5192 0.8065
vn -0.2603 -0.5173 0.8152
vn -0.2363 -0.5362 0.8104
vn -0.1864 -0.5485 0.8151
vn 0.7787 -0.6274 -0.0000
vn 0.3096 -0.9509 -0.0000
vn 0.2898 -0.9571 -0.0000
vn 0.3208 -0.9472 0.0003
vn 0.3244 -0.9459 0.0009
vn 0.3232 -0.9463 0.0004
vn 0.2788 -0.9603 -0.0009
vn 0.2850 -0.9585 -0.0045
vn 0.2660 -0.9640 0.0020
vn 0.2375 -0.9714 -0.0030
vn 0.2239 -0.9746 -0.0090
vn 0.2158 -0.9763 -0.0182
vn 0.2348 -0.9719 0.0162
vn 0.1875 -0.9821 -0.0165
vn 0.2102 -0.9776 0.0132
vn 0.1454 -0.9893 -0.0127
vn 0.1687 -0.9856 0.0090
vn 0.1300 -0.9915 -0.0000
vn 0.1016 -0.9948 -0.0003
vn 0.0600 -0.9982 -0.0048
vn 0.0860 -0.9962 0.0128
vn 0.0173 -0.9998 -0.0104
vn 0.0321 -0.9995 -0.0037
vn -0.0415 -0.9991 0.0029
vn -0.0679 -0.9977 -0.0068
vn -0.1198 -0.9928 0.0022
vn -0.1348 -0.9909 0.0002
vn -0.1799 -0.9837 -0.0019
vn -0.1932 -0.9811 -0.0061
vn -0.2878 -0.9576 0.0100
vn -0.7577 -0.6526 -0.0021
vn -0.7330 -0.6802 0.0121
vn -0.7366 -0.6763 0.0050
vn -0.6998 -0.7144 -0.0017
vn -0.6959 -0.7182 -0.0009
vn -0.6589 -0.7522 -0.0009
vn -0.6550 -0.7556 0.0028
vn -0.6045 -0.7966 -0.0015
vn -0.5764 -0.8172 0.0057
vn -0.5602 -0.8283 -0.0004
vn -0.5161 -0.8565 -0.0003
vn -0.4734 -0.8808 -0.0102
vn -0.4336 -0.9010 0.0110
vn -0.3545 -0.9350 -0.0079
vn -0.2778 -0.9605 0.0160
vn -0.7608 -0.6490 -0.0001
vn -0.7581 -0.6522 -0.0001
vn -0.7508 -0.6605 0.0110
vn -0.7485 -0.6631 0.0088
vn -0.7032 -0.7106 -0.0237
vn -0.7196 -0.6944 0.0028
vn -0.6852 -0.7284 -0.0009
vn -0.6770 -0.7360 -0.0009
vn -0.6463 -0.7630 -0.0091
vn -0.6259 -0.7797 0.0172
vn -0.5717 -0.8204 -0.0097
vn -0.5538 -0.8326 -0.0001
vn -0.5201 -0.8541 -0.0001
vn -0.4820 -0.8761 0.0131
vn -0.4567 -0.8896 -0.0067
vn -0.4074 -0.9132 0.0011
vn -0.3591 -0.9333 -0.0048
vn -0.3671 -0.9302 -0.0000
vn -0.3068 -0.9518 -0.0000
vn -0.2836 -0.9589 0.0070
vn -0.2565 -0.9666 -0.0019
vn -0.2025 -0.9793 0.0018
vn -0.1583 -0.9873 -0.0145
vn -0.1274 -0.9919 -0.0000
vn -0.0844 -0.9964 -0.0000
vn -0.0654 -0.9979 0.0010
vn -0.0536 -0.9986 0.0035
vn 0.0210 -0.9997 -0.0096
vn 0.4004 -0.9163 -0.0029
vn 0.3600 -0.9329 0.0035
vn 0.3042 -0.9525 -0.0134
vn 0.2654 -0.9641 0.0084
vn 0.2032 -0.9791 -0.0026
vn 0.1859 -0.9826 0.0007
vn 0.1320 -0.9912 0.0007
vn 0.1258 -0.9920 0.0032
vn 0.0321 -0.9995 -0.0026
vn 0.3895 -0.9210 -0.0000
vn 0.4319 -0.9019 -0.0000
vn 0.4633 -0.8861 0.0120
vn 0.5060 -0.8624 -0.0109
vn 0.5363 -0.8440 0.0009
vn 0.5995 -0.8003 -0.0023
vn 0.6262 -0.7788 -0.0359
vn 0.6584 -0.7526 -0.0038
vn 0.7725 -0.6350 -0.0000
vn 0.7596 -0.6503 -0.0027
vn 0.7341 -0.6781 -0.0353
vn 0.7188 -0.6952 -0.0001
vn 0.6817 -0.7316 -0.0001
vn 0.8052 -0.5928 -0.0150
vn 0.8111 -0.5828 -0.0502
vn 0.8351 -0.5502 -0.0000
vn 0.2000 -0.9798 -0.0000
vn 0.2204 -0.9751 -0.0253
vn 0.2106 -0.9775 -0.0128
vn 0.1455 -0.9893 0.0123
vn 0.2103 -0.9773 0.0242
vn 0.2236 -0.9746 0.0091
vn 0.2370 -0.9715 0.0031
vn 0.2788 -0.9603 0.0011
vn 0.2824 -0.9593 0.0031
vn 0.1685 -0.9857 -0.0092
vn 0.1299 -0.9915 -0.0002
vn 0.1024 -0.9947 0.0001
vn 0.0626 -0.9980 0.0038
vn 0.0288 -0.9993 0.0253
vn 0.0820 -0.9964 -0.0194
vn -0.0247 -0.9993 0.0294
vn 0.0180 -0.9995 -0.0248
vn -0.0680 -0.9977 0.0065
vn -0.1197 -0.9928 -0.0025
vn -0.1349 -0.9909 -0.0005
vn -0.1818 -0.9833 0.0016
vn -0.1934 -0.9811 0.0055
vn -0.2880 -0.9576 -0.0091
vn -0.2776 -0.9606 -0.0152
vn -0.4255 -0.9045 0.0294
vn -0.3655 -0.9296 -0.0481
vn -0.5120 -0.8584 0.0312
vn -0.4750 -0.8800 -0.0001
vn -0.5774 -0.8165 0.0001
vn -0.5616 -0.8273 -0.0114
vn -0.6045 -0.7966 0.0009
vn -0.6564 -0.7544 -0.0019
vn -0.6589 -0.7522 0.0005
vn -0.6977 -0.7164 0.0005
vn -0.6998 -0.7143 0.0011
vn -0.7365 -0.6764 -0.0034
vn -0.7329 -0.6803 -0.0102
vn -0.7599 -0.6501 0.0029
vn -0.7578 -0.6524 -0.0000
vn -0.7567 -0.6538 -0.0000
vn -0.7508 -0.6605 -0.0107
vn -0.7170 -0.6970 0.0130
vn -0.7050 -0.7092 -0.0005
vn -0.6838 -0.7296 -0.0000
vn -0.6771 -0.7359 -0.0000
vn -0.6439 -0.7650 0.0088
vn -0.6259 -0.7798 -0.0162
vn -0.5684 -0.8227 0.0078
vn -0.5539 -0.8326 -0.0000
vn -0.5198 -0.8543 -0.0000
vn -0.4820 -0.8761 -0.0131
vn -0.4567 -0.8896 0.0067
vn -0.4074 -0.9132 -0.0011
vn -0.3668 -0.9303 0.0039
vn -0.3595 -0.9331 -0.0000
vn -0.3069 -0.9518 -0.0000
vn -0.1535 -0.9881 0.0123
vn -0.2535 -0.9672 -0.0159
vn -0.2824 -0.9593 0.0069
vn -0.2027 -0.9792 -0.0032
vn 0.1260 -0.9920 -0.0000
vn 0.1301 -0.9915 -0.0019
vn 0.0321 -0.9995 0.0024
vn 0.0188 -0.9998 0.0105
vn -0.0536 -0.9986 -0.0033
vn -0.0655 -0.9979 -0.0010
vn -0.0847 -0.9964 -0.0000
vn 0.1862 -0.9825 0.0049
vn 0.2655 -0.9641 -0.0079
vn 0.3029 -0.9529 0.0138
vn 0.3600 -0.9329 -0.0035
vn 0.3895 -0.9210 0.0012
vn 0.4004 -0.9164 -0.0000
vn 0.4633 -0.8861 -0.0120
vn 0.5060 -0.8624 0.0109
vn 0.5363 -0.8440 -0.0009
vn 0.6266 -0.7793 0.0037
vn 0.5982 -0.7989 0.0625
vn 0.6584 -0.7526 0.0038
vn 0.6817 -0.7316 0.0001
vn 0.7346 -0.6786 0.0001
vn 0.7163 -0.6955 0.0566
vn 0.7596 -0.6503 0.0027
vn 0.8120 -0.5834 0.0190
vn 0.8003 -0.5954 0.0706
vn 0.3232 -0.9463 -0.0004
vn 0.3244 -0.9459 -0.0009
vn 0.3208 -0.9472 -0.0003
vn 0.2469 -0.9691 0.0013
vn 0.2704 -0.9628 -0.0016
vn -0.0652 0.0216 -0.9976
vn -0.0685 0.0397 -0.9969
vn -0.0554 0.0530 -0.9971
vn -0.0578 0.0596 -0.9965
vn -0.0884 0.0061 -0.9961
vn -0.0507 0.0628 -0.9967
vn -0.0566 0.0590 -0.9966
vn -0.2575 -0.3949 -0.8819
vn -0.2022 -0.3951 -0.8961
vn -0.3142 -0.5377 -0.7824
vn -0.3120 -0.5468 -0.7770
vn -0.3091 -0.5439 -0.7802
vn -0.2701 -0.5262 -0.8064
vn -0.2910 -0.5343 -0.7936
vn -0.2963 -0.5147 -0.8045
vn -0.3126 -0.5425 -0.7797
vn -0.3128 -0.5425 -0.7796
vn -0.3092 -0.5370 -0.7849
vn -0.3122 -0.5406 -0.7812
vn -0.2879 -0.5320 -0.7963
vn -0.2952 -0.5112 -0.8072
vn -0.2595 -0.5048 -0.8233
vn -0.2605 -0.5082 -0.8209
vn -0.2557 -0.4736 -0.8428
vn -0.3048 -0.5144 -0.8016
vn -0.3186 -0.5418 -0.7778
vn -0.3064 -0.5578 -0.7713
vn -0.1654 -0.4056 -0.8990
vn -0.1260 -0.4119 -0.9025
vn -0.3236 -0.5527 -0.7680
vn -0.1359 -0.6465 -0.7507
vn -0.2598 -0.7406 -0.6197
vn -0.3239 -0.7094 -0.6260
vn -0.2401 -0.6085 -0.7564
vn -0.3609 -0.5163 -0.7766
vn -0.3119 -0.5778 -0.7543
vn -0.1318 -0.2962 -0.9460
vn -0.1319 -0.3016 -0.9443
vn -0.1355 -0.3154 -0.9392
vn -0.1330 -0.3168 -0.9391
vn -0.1735 -0.3913 -0.9037
vn -0.1967 -0.3666 -0.9093
vn -0.1951 -0.3686 -0.9089
vn -0.1600 -0.2980 -0.9411
vn -0.1154 -0.2987 -0.9473
vn -0.1300 -0.2968 -0.9460
vn -0.2735 -0.3129 -0.9096
vn -0.0438 -0.6400 -0.7672
vn -0.1644 -0.5537 -0.8163
vn -0.1814 -0.3761 -0.9086
vn -0.0813 -0.6537 -0.7524
vn -0.0657 -0.6816 -0.7288
vn -0.0647 -0.6932 -0.7179
vn -0.1071 -0.6380 -0.7626
vn -0.0829 -0.4088 -0.9089
vn -0.1185 -0.4456 -0.8874
vn 0.0989 -0.3131 -0.9446
vn 0.0195 -0.3491 -0.9369
vn -0.1389 -0.4100 -0.9014
vn -0.0700 -0.3419 -0.9371
vn -0.0849 -0.3559 -0.9307
vn -0.2263 -0.3870 -0.8939
vn -0.1666 -0.4289 -0.8879
vn -0.1576 -0.6495 -0.7438
vn -0.1651 -0.6454 -0.7457
vn -0.1641 -0.6520 -0.7403
vn -0.1510 -0.6579 -0.7378
vn -0.1802 -0.4093 -0.8944
vn -0.2055 -0.3973 -0.8944
vn -0.2031 -0.3423 -0.9174
vn -0.2230 -0.3153 -0.9224
vn -0.2102 -0.3070 -0.9282
vn -0.3238 -0.7091 -0.6264
vn -0.2425 -0.6862 -0.6858
vn -0.2499 -0.6102 -0.7518
vn -0.1616 -0.6515 -0.7412
vn -0.1805 -0.3934 -0.9015
vn -0.1578 -0.4032 -0.9014
vn -0.1638 -0.3241 -0.9317
vn -0.1533 -0.3283 -0.9321
vn -0.1570 -0.2978 -0.9416
vn -0.1702 -0.2943 -0.9404
vn -0.1371 -0.3033 -0.9430
vn -0.5676 -0.8230 -0.0242
vn -0.7103 -0.7023 -0.0487
vn -0.8022 -0.5951 -0.0487
vn -0.8770 -0.4781 -0.0487
vn -0.9192 -0.3907 -0.0488
vn -0.9436 -0.3276 -0.0486
vn -0.9409 -0.3365 -0.0388
vn -0.9357 -0.3137 -0.1614
vn -0.5337 -0.8254 -0.1840
vn -0.5311 -0.8390 -0.1188
vn -0.5337 -0.8427 -0.0709
vn -0.5181 -0.8397 -0.1626
vn -0.5174 -0.7975 -0.3102
vn -0.5159 -0.7977 -0.3122
vn -0.4510 -0.7446 -0.4922
vn -0.4720 -0.7482 -0.4663
vn -0.3975 -0.6545 -0.6432
vn -0.4028 -0.6567 -0.6376
vn -0.3382 -0.5671 -0.7510
vn -0.3263 -0.5385 -0.7769
vn -0.2953 -0.5097 -0.8081
vn -0.2532 -0.4475 -0.8577
vn -0.2342 -0.4349 -0.8695
vn -0.1871 -0.3469 -0.9191
vn -0.1894 -0.3557 -0.9152
vn -0.1579 -0.3254 -0.9323
vn -0.1390 -0.2986 -0.9442
vn -0.1394 -0.3000 -0.9437
vn -0.1442 -0.3083 -0.9403
vn -0.1068 -0.3391 -0.9347
vn -0.0844 -0.3006 -0.9500
vn -0.1449 -0.3249 -0.9346
vn -0.1347 -0.3076 -0.9419
vn -0.2016 -0.3819 -0.9019
vn -0.2119 -0.4339 -0.8757
vn -0.2578 -0.5151 -0.8175
vn -0.1071 -0.3419 -0.9336
vn -0.1063 -0.3045 -0.9466
vn -0.1964 -0.4140 -0.8888
vn -0.2186 -0.4698 -0.8553
vn -0.2374 -0.4957 -0.8354
vn -0.2440 -0.5187 -0.8194
vn -0.3315 -0.5796 -0.7444
vn -0.2458 -0.4301 -0.8687
vn -0.1920 -0.3840 -0.9031
vn -0.2971 -0.4905 -0.8193
vn -0.3180 -0.5478 -0.7738
vn -0.4064 -0.5582 -0.7234
vn -0.4102 -0.5303 -0.7420
vn -0.4225 -0.5750 -0.7007
vn -0.4229 -0.5758 -0.6997
vn -0.4352 -0.5251 -0.7313
vn -0.4407 -0.5374 -0.7191
vn -0.4567 -0.5579 -0.6929
vn -0.4828 -0.5190 -0.7053
vn -0.4123 -0.4817 -0.7733
vn -0.4613 -0.5316 -0.7103
vn -0.4367 -0.5104 -0.7408
vn -0.4514 -0.5414 -0.7093
vn -0.4443 -0.5329 -0.7202
vn -0.5521 -0.8330 -0.0355
vn -0.5599 -0.8272 -0.0466
vn -0.5527 -0.8174 -0.1623
vn -0.5527 -0.8175 -0.1622
vn -0.5316 -0.7881 -0.3103
vn -0.5307 -0.7902 -0.3065
vn -0.4831 -0.7227 -0.4942
vn -0.4840 -0.7290 -0.4840
vn -0.4201 -0.6372 -0.6462
vn -0.4244 -0.6551 -0.6251
vn -0.3374 -0.5284 -0.7791
vn -0.3459 -0.5562 -0.7556
vn -0.2643 -0.4354 -0.8606
vn -0.2742 -0.4647 -0.8419
vn -0.1959 -0.3460 -0.9176
vn -0.2032 -0.3872 -0.8993
vn -0.1603 -0.3189 -0.9341
vn -0.6659 -0.7445 -0.0486
vn -0.6982 -0.7132 -0.0613
vn -0.6897 -0.7056 -0.1625
vn -0.6896 -0.7058 -0.1621
vn -0.6641 -0.6820 -0.3062
vn -0.6634 -0.6849 -0.3013
vn -0.6066 -0.6307 -0.4840
vn -0.6093 -0.6389 -0.4697
vn -0.5379 -0.5694 -0.6216
vn -0.5455 -0.5873 -0.5979
vn -0.4434 -0.4864 -0.7529
vn -0.4578 -0.5149 -0.7247
vn -0.3514 -0.4079 -0.8427
vn -0.3699 -0.4417 -0.8174
vn -0.2641 -0.3332 -0.9051
vn -0.2804 -0.3779 -0.8823
vn -0.1972 -0.2894 -0.9367
vn -0.2205 -0.3421 -0.9134
vn -0.1775 -0.2940 -0.9392
vn -0.2162 -0.3699 -0.9036
vn -0.2458 -0.4049 -0.8807
vn -0.6190 -0.7837 -0.0509
vn -0.6174 -0.7852 -0.0486
vn -0.6094 -0.7760 -0.1624
vn -0.6094 -0.7761 -0.1621
vn -0.5865 -0.7491 -0.3079
vn -0.5857 -0.7515 -0.3037
vn -0.5345 -0.6897 -0.4885
vn -0.5359 -0.6967 -0.4768
vn -0.4698 -0.6156 -0.6327
vn -0.4754 -0.6335 -0.6105
vn -0.3826 -0.5183 -0.7648
vn -0.3935 -0.5467 -0.7391
vn -0.3015 -0.4304 -0.8508
vn -0.3148 -0.4620 -0.8291
vn -0.2258 -0.3473 -0.9102
vn -0.2370 -0.3909 -0.8894
vn -0.1668 -0.2964 -0.9404
vn -0.1844 -0.3511 -0.9180
vn -0.1468 -0.2972 -0.9435
vn -0.1785 -0.3806 -0.9073
vn -0.1949 -0.4061 -0.8928
vn -0.2662 -0.1552 -0.9513
vn -0.3099 -0.1843 -0.9327
vn -0.3136 -0.1862 -0.9311
vn -0.2714 -0.1764 -0.9462
vn -0.3614 -0.2345 -0.9024
vn -0.3826 -0.2453 -0.8907
vn -0.4030 -0.2534 -0.8794
vn -0.3627 -0.2694 -0.8921
vn -0.4319 -0.3494 -0.8315
vn -0.6380 -0.4819 -0.6006
vn -0.6017 -0.4671 -0.6479
vn -0.5831 -0.5171 -0.6266
vn -0.9349 -0.3215 -0.1500
vn -0.9190 -0.3201 -0.2302
vn -0.8993 -0.3196 -0.2984
vn -0.6528 -0.2486 -0.7155
vn -0.8977 -0.3140 -0.3091
vn -0.8564 -0.3007 -0.4197
vn -0.8348 -0.2990 -0.4622
vn -0.8337 -0.2981 -0.4649
vn -0.7635 -0.2660 -0.5885
vn -0.7777 -0.2813 -0.5622
vn -0.6965 -0.2543 -0.6710
vn -0.4010 -0.1816 -0.8979
vn -0.4086 -0.1870 -0.8934
vn -0.6517 -0.2480 -0.7168
vn -0.5956 -0.2236 -0.7715
vn -0.5382 -0.2155 -0.8148
vn -0.5300 -0.2114 -0.8212
vn -0.4701 -0.1904 -0.8618
vn -0.3546 -0.1644 -0.9205
vn -0.3331 -0.1613 -0.9290
vn -0.3071 -0.1606 -0.9380
vn -0.3184 -0.1677 -0.9330
vn -0.3035 -0.1617 -0.9390
vn -0.8478 -0.5282 -0.0486
vn -0.8588 -0.5084 -0.0632
vn -0.8490 -0.5030 -0.1616
vn -0.8491 -0.5028 -0.1620
vn -0.8203 -0.4866 -0.3005
vn -0.8203 -0.4876 -0.2988
vn -0.7586 -0.4524 -0.4690
vn -0.7607 -0.4560 -0.4619
vn -0.6864 -0.4131 -0.5986
vn -0.6919 -0.4206 -0.5868
vn -0.5837 -0.3575 -0.7290
vn -0.5946 -0.3704 -0.7136
vn -0.4755 -0.3000 -0.8270
vn -0.4909 -0.3168 -0.8116
vn -0.3587 -0.2373 -0.9028
vn -0.3759 -0.2640 -0.8882
vn -0.2632 -0.1932 -0.9452
vn -0.2884 -0.2274 -0.9301
vn -0.2219 -0.1826 -0.9578
vn -0.2626 -0.2320 -0.9366
vn -0.2172 -0.1985 -0.9557
vn -0.2905 -0.2819 -0.9144
vn -0.3378 -0.3205 -0.8850
vn -0.3574 -0.3499 -0.8659
vn -0.5489 -0.5113 -0.6613
vn -0.5003 -0.4490 -0.7404
vn -0.6628 -0.5663 -0.4899
vn -0.9022 -0.4286 -0.0485
vn -0.9055 -0.4207 -0.0557
vn -0.8949 -0.4161 -0.1615
vn -0.8949 -0.4159 -0.1619
vn -0.8651 -0.4026 -0.2991
vn -0.8652 -0.4034 -0.2979
vn -0.8019 -0.3751 -0.4650
vn -0.8039 -0.3778 -0.4593
vn -0.7286 -0.3437 -0.5925
vn -0.7336 -0.3493 -0.5829
vn -0.6239 -0.2992 -0.7219
vn -0.6342 -0.3092 -0.7086
vn -0.5118 -0.2525 -0.8212
vn -0.5268 -0.2660 -0.8073
vn -0.3872 -0.2001 -0.9000
vn -0.4054 -0.2232 -0.8865
vn -0.2849 -0.1635 -0.9445
vn -0.3119 -0.1935 -0.9302
vn -0.2398 -0.1550 -0.9584
vn -0.2835 -0.1985 -0.9382
vn -0.2342 -0.1693 -0.9573
vn -0.3131 -0.2428 -0.9182
vn -0.3512 -0.2680 -0.8971
vn -0.3399 -0.2537 -0.9056
vn -0.5259 -0.3605 -0.7703
vn -0.7599 -0.6482 -0.0487
vn -0.7848 -0.6163 -0.0660
vn -0.7757 -0.6099 -0.1623
vn -0.7756 -0.6101 -0.1620
vn -0.7480 -0.5902 -0.3036
vn -0.7477 -0.5926 -0.2994
vn -0.6871 -0.5481 -0.4770
vn -0.6904 -0.5552 -0.4638
vn -0.6156 -0.4992 -0.6098
vn -0.6238 -0.5135 -0.5892
vn -0.5155 -0.4311 -0.7405
vn -0.5310 -0.4543 -0.7153
vn -0.4139 -0.3637 -0.8345
vn -0.4345 -0.3924 -0.8107
vn -0.3118 -0.2956 -0.9030
vn -0.3312 -0.3347 -0.8822
vn -0.2320 -0.2534 -0.9391
vn -0.2586 -0.2991 -0.9185
vn -0.2050 -0.2528 -0.9456
vn -0.2472 -0.3167 -0.9157
vn -0.2137 -0.2856 -0.9342
vn -0.2900 -0.3930 -0.8726
vn -0.3575 -0.4600 -0.8128
vn -0.3234 -0.3936 -0.8605
vn -0.4921 -0.5667 -0.6608
vn -0.4320 -0.4709 -0.7692
vn -0.5239 -0.5588 -0.6428
vn -0.4821 -0.4954 -0.7226
vn -0.5475 -0.5507 -0.6301
vn -0.5385 -0.2143 0.8149
vn -0.3826 -0.2452 0.8908
vn -0.2374 -0.4957 0.8354
vn -0.9022 -0.4286 0.0485
vn -0.8478 -0.5281 0.0486
vn -0.7599 -0.6482 0.0487
vn -0.6659 -0.7445 0.0486
vn -0.5650 -0.8247 0.0261
vn -0.4123 -0.4817 0.7733
vn -0.4414 -0.5114 0.7374
vn -0.4473 -0.5329 0.7183
vn -0.4388 -0.5333 0.7232
vn -0.4226 -0.5749 0.7006
vn -0.4190 -0.5617 0.7134
vn -0.3229 -0.5617 0.7617
vn -0.1974 -0.4245 0.8837
vn -0.2029 -0.4481 0.8706
vn -0.2171 -0.4609 0.8605
vn -0.1952 -0.4237 0.8845
vn -0.3383 -0.5802 0.7409
vn -0.2464 -0.5274 0.8131
vn -0.2610 -0.5218 0.8121
vn -0.2118 -0.4332 0.8761
vn -0.1540 -0.3403 0.9276
vn -0.1418 -0.3197 0.9369
vn -0.1395 -0.3944 0.9083
vn -0.1069 -0.3390 0.9347
vn -0.1071 -0.3414 0.9338
vn -0.1390 -0.2986 0.9442
vn -0.1394 -0.3000 0.9437
vn -0.1615 -0.3138 0.9356
vn -0.1491 -0.3168 0.9367
vn -0.1828 -0.3492 0.9190
vn -0.1913 -0.3529 0.9159
vn -0.2441 -0.4573 0.8552
vn -0.3453 -0.5559 0.7562
vn -0.2920 -0.5069 0.8111
vn -0.2368 -0.4188 0.8767
vn -0.5140 -0.7998 0.3102
vn -0.4619 -0.7501 0.4733
vn -0.4620 -0.7372 0.4930
vn -0.3981 -0.6536 0.6437
vn -0.3981 -0.6540 0.6433
vn -0.3220 -0.5424 0.7760
vn -0.5335 -0.8425 0.0744
vn -0.5309 -0.8388 0.1210
vn -0.5342 -0.8296 0.1625
vn -0.5214 -0.8336 0.1821
vn -0.5151 -0.7980 0.3128
vn -0.5519 -0.8326 0.0460
vn -0.5603 -0.8277 0.0295
vn -0.5527 -0.8174 0.1622
vn -0.5527 -0.8174 0.1623
vn -0.5323 -0.7891 0.3066
vn -0.5300 -0.7892 0.3103
vn -0.4863 -0.7273 0.4842
vn -0.4808 -0.7244 0.4941
vn -0.4295 -0.6508 0.6261
vn -0.4148 -0.6412 0.6455
vn -0.3521 -0.5500 0.7573
vn -0.3310 -0.5343 0.7778
vn -0.2796 -0.4581 0.8438
vn -0.2588 -0.4414 0.8592
vn -0.2124 -0.3712 0.9039
vn -0.1863 -0.3603 0.9140
vn -0.1435 -0.2921 0.9456
vn -0.1371 -0.3033 0.9430
vn -0.7103 -0.7023 0.0487
vn -0.6982 -0.7132 0.0613
vn -0.6898 -0.7056 0.1621
vn -0.6896 -0.7057 0.1625
vn -0.6652 -0.6831 0.3014
vn -0.6623 -0.6838 0.3062
vn -0.6120 -0.6359 0.4701
vn -0.6038 -0.6336 0.4837
vn -0.5503 -0.5817 0.5990
vn -0.5329 -0.5749 0.6209
vn -0.4639 -0.5068 0.7267
vn -0.4371 -0.4943 0.7514
vn -0.3755 -0.4323 0.8198
vn -0.3455 -0.4168 0.8408
vn -0.2883 -0.3581 0.8880
vn -0.2556 -0.3517 0.9005
vn -0.2239 -0.3180 0.9213
vn -0.1928 -0.3112 0.9306
vn -0.2131 -0.3339 0.9182
vn -0.1780 -0.3242 0.9291
vn -0.2458 -0.4049 0.8807
vn -0.2146 -0.3930 0.8942
vn -0.2971 -0.4905 0.8193
vn -0.6191 -0.7838 0.0486
vn -0.6173 -0.7851 0.0508
vn -0.6095 -0.7761 0.1621
vn -0.6093 -0.7761 0.1624
vn -0.5874 -0.7501 0.3038
vn -0.5848 -0.7505 0.3079
vn -0.5384 -0.6946 0.4771
vn -0.5319 -0.6918 0.4884
vn -0.4804 -0.6287 0.6115
vn -0.4646 -0.6203 0.6319
vn -0.3996 -0.5396 0.7410
vn -0.3763 -0.5251 0.7634
vn -0.3202 -0.4542 0.8314
vn -0.2958 -0.4377 0.8491
vn -0.2456 -0.3729 0.8948
vn -0.2167 -0.3637 0.9060
vn -0.1895 -0.3272 0.9258
vn -0.1608 -0.3172 0.9346
vn -0.1782 -0.3422 0.9226
vn -0.1447 -0.3280 0.9335
vn -0.1949 -0.4061 0.8928
vn -0.1064 -0.3046 0.9465
vn -0.1767 -0.3905 0.9035
vn -0.2693 -0.1630 0.9492
vn -0.2828 -0.1945 0.9393
vn -0.3237 -0.1885 0.9272
vn -0.3136 -0.1862 0.9311
vn -0.4030 -0.2534 0.8794
vn -0.3399 -0.2537 0.9056
vn -0.5259 -0.3605 0.7703
vn -0.3574 -0.3499 0.8659
vn -0.6017 -0.4671 0.6479
vn -0.5002 -0.4490 0.7404
vn -0.5489 -0.5113 0.6613
vn -0.4319 -0.4709 0.7692
vn -0.5239 -0.5588 0.6428
vn -0.4393 -0.5268 0.7276
vn -0.4514 -0.5414 0.7093
vn -0.4829 -0.5190 0.7053
vn -0.5475 -0.5507 0.6301
vn -0.4821 -0.4954 0.7226
vn -0.5831 -0.5171 0.6266
vn -0.6628 -0.5663 0.4899
vn -0.9440 -0.3277 0.0388
vn -0.9410 -0.3348 0.0486
vn -0.9368 -0.3160 0.1500
vn -0.9331 -0.3215 0.1615
vn -0.9190 -0.3201 0.2301
vn -0.8993 -0.3196 0.2984
vn -0.8348 -0.2990 0.4622
vn -0.8564 -0.3007 0.4197
vn -0.8977 -0.3140 0.3091
vn -0.3546 -0.1644 0.9204
vn -0.4010 -0.1816 0.8979
vn -0.4086 -0.1870 0.8934
vn -0.4443 -0.1891 0.8757
vn -0.4818 -0.1945 0.8544
vn -0.5742 -0.2143 0.7902
vn -0.6518 -0.2480 0.7167
vn -0.6528 -0.2486 0.7156
vn -0.6965 -0.2543 0.6710
vn -0.7604 -0.2756 0.5881
vn -0.7800 -0.2734 0.5628
vn -0.8336 -0.2981 0.4649
vn -0.2972 -0.1606 0.9412
vn -0.3035 -0.1617 0.9390
vn -0.3075 -0.1633 0.9374
vn -0.3163 -0.1609 0.9349
vn -0.3331 -0.1613 0.9290
vn -0.8770 -0.4781 0.0487
vn -0.8588 -0.5084 0.0632
vn -0.8490 -0.5030 0.1620
vn -0.8491 -0.5029 0.1616
vn -0.8208 -0.4869 0.2988
vn -0.8199 -0.4874 0.3005
vn -0.7617 -0.4542 0.4620
vn -0.7575 -0.4541 0.4689
vn -0.6936 -0.4173 0.5872
vn -0.6846 -0.4163 0.5984
vn -0.5969 -0.3652 0.7144
vn -0.5812 -0.3625 0.7286
vn -0.4931 -0.3104 0.8127
vn -0.4730 -0.3061 0.8262
vn -0.3787 -0.2494 0.8913
vn -0.3551 -0.2510 0.9005
vn -0.2875 -0.2085 0.9348
vn -0.2627 -0.2101 0.9417
vn -0.2547 -0.2047 0.9451
vn -0.2264 -0.2053 0.9521
vn -0.2677 -0.2357 0.9342
vn -0.2305 -0.2327 0.9448
vn -0.3378 -0.3205 0.8850
vn -0.3234 -0.3936 0.8605
vn -0.4921 -0.5667 0.6608
vn -0.4492 -0.5483 0.7055
vn -0.4406 -0.5373 0.7191
vn -0.6380 -0.4819 0.6006
vn -0.4319 -0.3494 0.8315
vn -0.3627 -0.2694 0.8921
vn -0.3512 -0.2680 0.8971
vn -0.2504 -0.2012 0.9470
vn -0.2864 -0.2002 0.9370
vn -0.2463 -0.1765 0.9530
vn -0.2733 -0.1729 0.9462
vn -0.2859 -0.1796 0.9413
vn -0.3093 -0.1756 0.9346
vn -0.3850 -0.2131 0.8980
vn -0.4067 -0.2093 0.8893
vn -0.5101 -0.2581 0.8205
vn -0.5282 -0.2601 0.8083
vn -0.6222 -0.3037 0.7216
vn -0.6358 -0.3046 0.7092
vn -0.7273 -0.3465 0.5924
vn -0.7348 -0.3465 0.5831
vn -0.8013 -0.3766 0.4649
vn -0.8046 -0.3763 0.4594
vn -0.8648 -0.4032 0.2991
vn -0.8654 -0.4028 0.2979
vn -0.8950 -0.4159 0.1615
vn -0.8948 -0.4161 0.1619
vn -0.9055 -0.4207 0.0557
vn -0.9192 -0.3907 0.0488
vn -0.8022 -0.5951 0.0487
vn -0.7848 -0.6163 0.0660
vn -0.7757 -0.6100 0.1620
vn -0.7756 -0.6100 0.1623
vn -0.7491 -0.5909 0.2995
vn -0.7467 -0.5919 0.3036
vn -0.6926 -0.5522 0.4640
vn -0.6848 -0.5511 0.4769
vn -0.6275 -0.5082 0.5899
vn -0.6118 -0.5044 0.6093
vn -0.5356 -0.4465 0.7168
vn -0.5106 -0.4387 0.7394
vn -0.4389 -0.3832 0.8128
vn -0.4091 -0.3726 0.8330
vn -0.3370 -0.3156 0.8871
vn -0.3052 -0.3135 0.8992
vn -0.2599 -0.2763 0.9253
vn -0.2295 -0.2740 0.9339
vn -0.2415 -0.2843 0.9278
vn -0.2079 -0.2802 0.9372
vn -0.2700 -0.3377 0.9017
vn -0.2253 -0.3277 0.9175
vn -0.3575 -0.4600 0.8128
vn -0.3442 -0.4910 0.8003
vn -0.4231 -0.5759 0.6995
vn 0.9841 -0.1777 -0.0000
vn 0.7084 -0.7058 0.0006
vn 0.7057 -0.7086 -0.0004
vn 0.7076 -0.7066 0.0012
vn 0.6986 -0.7155 -0.0008
vn 0.7015 -0.7127 0.0021
vn 0.6923 -0.7216 -0.0029
vn 0.6868 -0.7269 0.0038
vn 0.6778 -0.7353 -0.0009
vn 0.6525 -0.7578 0.0007
vn 0.6391 -0.7691 -0.0064
vn 0.6369 -0.7709 0.0043
vn 0.6033 -0.7975 -0.0040
vn 0.6034 -0.7975 -0.0038
vn 0.5647 -0.8253 0.0021
vn 0.5618 -0.8273 -0.0007
vn 0.2922 -0.9563 -0.0038
vn 0.5275 -0.8496 0.0011
vn 0.5112 -0.8594 0.0110
vn 0.4662 -0.8845 -0.0199
vn 0.4344 -0.9006 0.0121
vn 0.3653 -0.9308 -0.0114
vn 0.3535 -0.9354 -0.0000
vn 0.3109 -0.9505 -0.0000
vn -0.1100 -0.9939 -0.0031
vn -0.1159 -0.9932 0.0055
vn -0.1034 -0.9946 -0.0063
vn -0.0818 -0.9965 0.0169
vn -0.0555 -0.9984 -0.0134
vn -0.0157 -0.9999 0.0069
vn 0.0092 -0.9999 -0.0102
vn 0.0245 -0.9997 0.0001
vn 0.0628 -0.9980 -0.0003
vn 0.0881 -0.9953 0.0397
vn 0.1726 -0.9835 -0.0549
vn 0.2092 -0.9775 0.0280
vn 0.2542 -0.9672 0.0009
vn 0.2951 -0.9555 -0.0010
vn 0.0927 -0.9956 -0.0153
vn 0.0740 -0.9973 0.0013
vn 0.0272 -0.9996 0.0015
vn 0.0254 -0.9997 0.0043
vn -0.0552 -0.9984 -0.0077
vn -0.0308 -0.9979 -0.0573
vn -0.0997 -0.9950 0.0055
vn 0.1824 -0.9820 -0.0482
vn 0.1649 -0.9862 -0.0175
vn 0.1117 -0.9937 0.0084
vn 0.3557 -0.9325 -0.0621
vn 0.2633 -0.9647 0.0077
vn 0.2495 -0.9684 -0.0000
vn 0.2253 -0.9743 -0.0000
vn 0.2018 -0.9793 -0.0189
vn 0.9792 0.2028 -0.0000
vn 0.9792 0.2029 -0.0003
vn 0.9966 -0.0822 -0.0000
vn 0.9931 -0.0958 0.0671
vn 1.0000 -0.0079 -0.0000
vn 0.9961 0.0887 -0.0000
vn 0.9903 0.0644 0.1233
vn 0.9895 0.1445 -0.0000
vn 0.9630 -0.2689 0.0168
vn 0.9609 -0.2739 0.0405
vn 0.9308 -0.3656 -0.0000
vn 0.8933 -0.4495 -0.0000
vn 0.8806 -0.4669 0.0811
vn 0.8421 -0.5394 -0.0000
vn 0.7919 -0.6106 -0.0000
vn 0.7653 -0.6348 0.1065
vn 0.7250 -0.6888 -0.0000
vn 0.6097 -0.7819 0.1303
vn 0.6495 -0.7600 0.0233
vn 0.6924 -0.7215 -0.0000
vn 0.3420 -0.9397 -0.0000
vn 0.4727 -0.8812 -0.0000
vn 0.5216 -0.8532 -0.0000
vn 0.5687 -0.8226 0.0058
vn 0.5638 -0.8259 0.0011
vn 0.5826 -0.8125 -0.0208
vn 0.6069 -0.7943 -0.0263
vn 0.6509 -0.7578 0.0454
vn 0.6411 -0.7674 0.0076
vn 0.6620 -0.7495 -0.0066
vn 0.6683 -0.7439 0.0046
vn 0.6871 -0.7266 -0.0036
vn 0.6931 -0.7208 0.0030
vn 0.7084 -0.7058 0.0005
vn 0.7071 -0.7071 -0.0005
vn 0.7055 -0.7087 0.0013
vn 0.7014 -0.7128 -0.0019
vn 0.7017 -0.7125 -0.0021
vn 0.1291 -0.9719 0.1969
vn 0.2358 -0.9652 -0.1127
vn 0.2157 -0.9765 -0.0053
vn 0.2951 -0.9555 0.0018
vn 0.2933 -0.9560 0.0033
vn 0.3108 -0.9505 -0.0002
vn 0.3655 -0.9308 -0.0003
vn 0.3600 -0.9327 0.0215
vn 0.4532 -0.8910 -0.0271
vn 0.4554 -0.8893 0.0410
vn 0.5199 -0.8540 -0.0203
vn 0.5169 -0.8561 -0.0007
vn 0.5499 -0.8353 0.0004
vn 0.1369 -0.9821 -0.1298
vn 0.0661 -0.9978 0.0007
vn 0.0245 -0.9997 0.0002
vn 0.0095 -0.9999 0.0104
vn -0.0163 -0.9998 -0.0074
vn -0.0661 -0.9976 0.0200
vn -0.0723 -0.9970 -0.0270
vn -0.1032 -0.9946 0.0060
vn -0.1121 -0.9937 -0.0021
vn 0.1810 -0.9831 0.0254
vn -0.1120 -0.9937 0.0019
vn -0.0951 -0.9955 -0.0002
vn -0.0463 -0.9981 0.0410
vn -0.0456 -0.9990 -0.0021
vn 0.0276 -0.9996 0.0009
vn 0.0283 -0.9996 -0.0019
vn 0.0904 -0.9959 -0.0018
vn 0.0813 -0.9963 0.0259
vn 0.1148 -0.9934 -0.0068
vn 0.1713 -0.9833 0.0619
vn 0.2159 -0.9764 0.0001
vn 0.2495 -0.9684 0.0001
vn 0.2634 -0.9646 -0.0076
vn 0.3415 -0.9385 0.0511
vn 0.3564 -0.9343 -0.0000
vn 0.6144 -0.7879 -0.0413
vn 0.6332 -0.7410 -0.2235
vn 0.5687 -0.8226 -0.0058
vn 0.7697 -0.6384 -0.0000
vn 0.7815 -0.6026 -0.1615
vn 0.9630 -0.2689 -0.0168
vn 0.9609 -0.2739 -0.0405
vn 0.8835 -0.4684 -0.0000
vn 0.8886 -0.4471 -0.1019
vn 0.9954 -0.0960 -0.0000
vn 0.9950 -0.0820 -0.0566
vn 0.9979 0.0649 -0.0000
vn 0.9923 0.0883 -0.0869
vn 0.9792 0.2029 0.0003
vn 0.4541 0.1973 0.8688
vn 0.0176 -0.9953 0.0949
vn 0.3169 0.2135 0.9241
vn 0.3189 0.2071 0.9249
vn 0.3159 -0.0817 0.9453
vn 0.3164 -0.0888 0.9445
vn 0.2934 -0.3194 0.9011
vn 0.2926 -0.3283 0.8981
vn 0.2617 -0.5002 0.8254
vn 0.2601 -0.5106 0.8195
vn 0.1907 -0.7435 0.6410
vn 0.1884 -0.7542 0.6291
vn 0.0938 -0.9238 0.3713
vn 0.0903 -0.9313 0.3529
vn -0.0118 -0.9978 0.0649
vn -0.0263 -0.9935 0.1103
vn -0.0525 -0.9954 0.0806
vn 0.0734 -0.9356 0.3452
vn 0.0774 -0.9305 0.3580
vn 0.2077 -0.7632 0.6119
vn 0.2106 -0.7555 0.6204
vn 0.3108 -0.5210 0.7950
vn 0.3127 -0.5137 0.7989
vn 0.3603 -0.3386 0.8692
vn 0.3613 -0.3325 0.8712
vn 0.4004 -0.0985 0.9110
vn 0.4003 -0.0940 0.9115
vn 0.4156 0.1912 0.8892
vn 0.4112 0.2065 0.8878
vn 0.1024 -0.9907 0.0891
vn 0.2494 -0.9650 0.0807
vn 0.0658 0.0852 0.9942
vn 0.1842 0.1741 0.9673
vn 0.3042 0.1725 0.9369
vn 0.1764 -0.7521 0.6350
vn 0.0439 -0.9321 0.3597
vn 0.0455 -0.9303 0.3641
vn -0.0734 -0.9931 0.0910
vn -0.0732 -0.9931 0.0917
vn 0.3316 -0.3352 0.8819
vn 0.2750 -0.5163 0.8110
vn 0.1735 -0.7587 0.6279
vn 0.3072 -0.4110 0.8583
vn 0.3712 -0.0748 0.9255
vn 0.3701 -0.0953 0.9241
vn 0.3905 0.2958 0.8718
vn 0.4114 0.2014 0.8889
vn 0.0471 -0.0361 0.9982
vn 0.0277 -0.0754 0.9968
vn 0.2288 0.1740 0.9578
vn 0.2756 0.2944 0.9151
vn 0.2598 -0.1173 0.9585
vn 0.2682 -0.0642 0.9612
vn 0.2199 -0.4353 0.8730
vn 0.2281 -0.4034 0.8861
vn 0.1382 -0.7540 0.6421
vn 0.1405 -0.7490 0.6475
vn 0.0529 -0.9268 0.3719
vn 0.0493 -0.9306 0.3627
vn -0.0270 -0.9946 0.0998
vn -0.0361 -0.9962 0.0793
vn 0.1295 0.0259 0.9912
vn 0.1613 0.2328 0.9591
vn 0.1786 -0.2089 0.9615
vn 0.1838 -0.1172 0.9759
vn 0.1782 -0.4944 0.8508
vn 0.1851 -0.4354 0.8810
vn 0.1538 -0.7728 0.6157
vn 0.1586 -0.7539 0.6376
vn 0.1169 -0.9278 0.3543
vn 0.1176 -0.9264 0.3576
vn 0.0899 -0.9791 0.1824
vn 0.0429 -0.9955 0.0846
vn 0.0555 0.1117 0.9922
vn 0.1099 -0.2174 0.9699
vn 0.1294 -0.3064 0.9431
vn 0.1563 -0.4972 0.8535
vn 0.1679 -0.5554 0.8144
vn 0.1908 -0.7680 0.6113
vn 0.1949 -0.7908 0.5802
vn 0.2004 -0.9172 0.3444
vn 0.2012 -0.9223 0.3299
vn 0.1935 -0.9780 0.0784
vn 0.1876 -0.9698 0.1562
vn 0.1027 0.1158 0.9880
vn 0.3236 0.2297 0.9179
vn 0.3459 0.2965 0.8902
vn 0.0058 0.0071 1.0000
vn 0.0575 0.0808 0.9951
vn 0.0466 0.0332 0.9984
vn 0.0292 0.0379 0.9989
vn 0.0050 0.0062 1.0000
vn 0.0095 0.0117 0.9999
vn 0.0086 0.0105 0.9999
vn 0.0100 0.0212 0.9997
vn 0.0336 0.0361 0.9988
vn 0.1913 0.1043 0.9760
vn 0.2348 0.1711 0.9569
vn 0.2535 0.1371 0.9576
vn 0.3138 0.2034 0.9274
vn 0.3259 0.2280 0.9175
vn 0.3851 0.2277 0.8943
vn 0.4846 0.3116 0.8174
vn 0.4100 0.2866 0.8659
vn 0.1443 0.0695 0.9871
vn 0.1056 0.0656 0.9922
vn 0.0840 0.0468 0.9954
vn 0.0098 0.0455 0.9989
vn 0.0141 0.0439 0.9989
vn 0.0482 0.0402 0.9980
vn 0.0041 0.0075 1.0000
vn 0.0324 0.0353 0.9988
vn 0.0308 0.0423 0.9986
vn 0.0614 0.0842 0.9946
vn 0.0644 0.0952 0.9934
vn 0.1012 0.1407 0.9849
vn 0.1171 0.1960 0.9736
vn 0.2289 0.2713 0.9349
vn 0.2070 0.2432 0.9476
vn 0.1985 0.1932 0.9609
vn 0.1060 0.1616 0.9812
vn 0.0928 0.0855 0.9920
vn 0.0326 0.0508 0.9982
vn 0.0315 0.0291 0.9991
vn 0.0140 0.0163 0.9998
vn 0.1823 0.2409 0.9533
vn 0.1507 0.1940 0.9694
vn 0.1481 0.1578 0.9763
vn 0.0607 0.1098 0.9921
vn 0.0600 0.0603 0.9964
vn 0.0154 0.0260 0.9995
vn 0.0171 0.0178 0.9997
vn 0.0047 0.0059 1.0000
vn 0.0199 -0.0167 0.9997
vn 0.0094 0.0115 0.9999
vn 0.3064 0.3218 0.8959
vn 0.2721 0.2835 0.9196
vn 0.2598 0.2342 0.9368
vn 0.1831 0.1982 0.9629
vn 0.1643 0.1427 0.9760
vn 0.1002 0.0971 0.9902
vn 0.0876 0.0693 0.9937
vn 0.0504 0.0444 0.9977
vn 0.0415 0.0258 0.9988
vn 0.0270 0.0237 0.9994
vn 0.0095 0.0116 0.9999
vn 0.4513 0.2665 0.8517
vn 0.5118 0.2323 0.8271
vn 0.4130 0.2149 0.8850
vn 0.4014 0.2201 0.8891
vn 0.4253 0.1483 0.8928
vn 0.4030 0.1579 0.9015
vn 0.3526 0.0983 0.9306
vn 0.4460 0.0429 0.8940
vn 0.2165 0.0859 0.9725
vn 0.2825 -0.0025 0.9593
vn 0.0891 0.1183 0.9890
vn 0.1764 -0.0125 0.9842
vn 0.0787 0.0532 0.9955
vn 0.1067 -0.0488 0.9931
vn 0.2656 -0.3813 0.8855
vn 0.0668 -0.0619 0.9958
vn 0.0075 0.0027 1.0000
vn 0.3102 0.3146 0.8971
vn 0.3022 0.2854 0.9095
vn 0.3249 0.2986 0.8974
vn 0.4085 0.2890 0.8658
vn 0.3698 0.2695 0.8892
vn 0.4144 0.2835 0.8648
vn 0.4112 0.2158 0.8857
vn 0.4229 0.1882 0.8864
vn 0.3822 0.1713 0.9081
vn 0.3573 0.1512 0.9217
vn 0.3043 0.1273 0.9440
vn 0.1243 0.0455 0.9912
vn 0.1474 0.0509 0.9878
vn 0.1993 0.0669 0.9777
vn 0.2374 0.0657 0.9692
vn 0.3049 0.1405 0.9420
vn 0.0564 -0.0023 0.9984
vn 0.0693 0.0272 0.9972
vn 0.1930 0.5035 0.8422
vn 0.1404 0.4866 0.8623
vn 0.1478 0.2766 0.9496
vn 0.1413 0.2857 0.9478
vn 0.1498 0.2823 0.9476
vn 0.1031 0.3804 0.9191
vn 0.1406 0.4223 0.8955
vn 0.1287 0.3133 0.9409
vn 0.1266 0.3102 0.9422
vn 0.1278 0.3050 0.9437
vn 0.2160 0.2891 0.9326
vn 0.2514 0.3423 0.9053
vn 0.2078 0.3792 0.9017
vn 0.2044 0.3587 0.9108
vn 0.2039 0.3542 0.9127
vn 0.2033 0.3324 0.9210
vn 0.2078 0.3376 0.9181
vn 0.2012 0.3213 0.9254
vn 0.2331 0.4252 0.8746
vn 0.2507 0.4473 0.8585
vn 0.2484 0.4628 0.8510
vn 0.2534 0.5790 0.7750
vn 0.2775 0.5140 0.8116
vn 0.3280 0.4785 0.8145
vn 0.2760 0.4754 0.8354
vn 0.1986 0.4518 0.8697
vn 0.1435 0.3399 0.9295
vn 0.1419 0.3596 0.9223
vn 0.1621 0.3148 0.9352
vn 0.1427 0.3351 0.9313
vn 0.1424 0.3344 0.9316
vn 0.1419 0.3168 0.9378
vn 0.1514 0.3330 0.9307
vn 0.1434 0.3029 0.9422
vn 0.1772 0.3581 0.9167
vn 0.1613 0.3149 0.9353
vn 0.2253 0.4177 0.8802
vn 0.2023 0.3607 0.9105
vn 0.3070 0.5199 0.7972
vn 0.2769 0.4511 0.8484
vn 0.3657 0.4745 0.8007
vn 0.3720 0.4635 0.8042
vn 0.4280 0.5004 0.7526
vn 0.1864 0.2962 0.9368
vn 0.2263 0.3413 0.9123
vn 0.2172 0.3271 0.9197
vn 0.2671 0.3607 0.8936
vn 0.2783 0.3785 0.8827
vn 0.3225 0.4083 0.8540
vn 0.3661 0.4545 0.8121
vn 0.2007 0.3314 0.9219
vn 0.1993 0.3304 0.9226
vn 0.2048 0.3350 0.9197
vn 0.1724 0.3195 0.9318
vn 0.1784 0.3269 0.9281
vn 0.2218 0.4130 0.8833
vn 0.2179 0.4096 0.8859
vn 0.2774 0.5140 0.8117
vn 0.3580 0.4857 0.7975
vn 0.3282 0.4807 0.8131
vn 0.2663 0.4016 0.8763
vn 0.2427 0.3894 0.8885
vn 0.2103 0.3468 0.9141
vn 0.1872 0.3349 0.9235
vn 0.1807 0.3260 0.9279
vn 0.1567 0.3134 0.9366
vn 0.1714 0.3344 0.9267
vn 0.1445 0.3190 0.9367
vn 0.1794 0.3713 0.9110
vn 0.1588 0.3585 0.9199
vn 0.1969 0.4161 0.8877
vn 0.2429 0.1891 0.9514
vn 0.2414 0.1843 0.9528
vn 0.2516 0.2159 0.9434
vn 0.3959 0.4921 0.7753
vn 0.4577 0.5289 0.7147
vn 0.2955 0.4642 0.8350
vn 0.2903 0.4430 0.8482
vn 0.2306 0.2952 0.9272
vn 0.2083 0.3006 0.9307
vn 0.1991 0.2926 0.9353
vn 0.2309 0.3245 0.9173
vn 0.2007 0.3332 0.9212
vn 0.2130 0.3347 0.9179
vn 0.3784 0.3918 0.8386
vn 0.3989 0.3963 0.8269
vn 0.3419 0.3689 0.8643
vn 0.2893 0.3223 0.9013
vn 0.2806 0.3233 0.9038
vn 0.2363 0.3003 0.9241
vn 0.5011 0.4054 0.7645
vn 0.2995 0.2820 0.9114
vn 0.3931 0.3267 0.8595
vn 0.4009 0.3405 0.8505
vn 0.4946 0.4048 0.7691
vn 0.4689 0.4553 0.7569
vn 0.4626 0.4467 0.7658
vn 0.2893 0.1851 0.9392
vn 0.3135 0.2339 0.9203
vn 0.3140 0.2431 0.9178
vn 0.3253 0.3213 0.8893
vn 0.4473 0.4166 0.7915
vn 0.4399 0.4238 0.7917
vn 0.3216 0.2219 0.9205
vn 0.3024 0.2875 0.9088
vn 0.2536 0.2494 0.9346
vn 0.2313 0.2558 0.9386
vn 0.2441 0.2668 0.9323
vn 0.2227 0.2746 0.9354
vn 0.3106 0.3600 0.8797
vn 0.2987 0.4784 0.8258
vn 0.3878 0.4825 0.7854
vn 0.4009 0.5057 0.7639
vn 0.4362 0.4818 0.7600
vn 0.3005 0.3328 0.8938
vn 0.2984 0.2665 0.9165
vn 0.2297 0.2120 0.9499
vn 0.2473 0.2033 0.9474
vn 0.2453 0.2020 0.9482
vn 0.3372 0.5050 0.7945
vn 0.2676 0.4463 0.8540
vn 0.3280 0.5263 0.7845
vn 0.3379 0.4565 0.8230
vn 0.3336 0.4940 0.8029
vn 0.3426 0.5191 0.7830
vn 0.3036 0.4736 0.8267
vn 0.2707 0.5744 0.7725
vn 0.0204 -0.0287 0.9994
vn 0.1950 -0.0890 0.9768
vn 0.1970 -0.0893 0.9763
vn 0.1777 -0.1000 0.9790
vn 0.1500 -0.0799 0.9855
vn 0.0250 -0.0360 0.9990
vn 0.0266 -0.0320 0.9991
vn 0.0289 -0.0250 0.9993
vn 0.0238 -0.0308 0.9992
vn 0.0246 -0.0277 0.9993
vn 0.0268 -0.0295 0.9992
vn 0.0262 -0.0324 0.9991
vn 0.0373 -0.0378 0.9986
vn 0.0415 -0.0420 0.9983
vn 0.0555 -0.0469 0.9974
vn 0.0547 -0.0429 0.9976
vn 0.0782 -0.0847 0.9933
vn 0.0815 -0.0633 0.9947
vn 0.1189 -0.0885 0.9890
vn 0.1476 -0.1200 0.9817
vn 0.0833 -0.0266 0.9962
vn 0.0832 -0.0269 0.9962
vn 0.0795 -0.0327 0.9963
vn 0.1558 -0.0699 0.9853
vn 0.1478 -0.0790 0.9859
vn 0.0462 -0.0037 0.9989
vn 0.0441 -0.0035 0.9990
vn 0.0462 -0.0059 0.9989
vn 0.0442 -0.0052 0.9990
vn 0.0460 -0.0080 0.9989
vn 0.0462 -0.0082 0.9989
vn 0.0500 -0.0104 0.9987
vn 0.0460 -0.0077 0.9989
vn 0.1400 0.5028 0.8530
vn 0.1386 0.5047 0.8521
vn 0.0426 -0.0019 0.9991
vn 0.1768 0.0641 0.9822
vn 0.1612 -0.0010 0.9869
vn 0.3865 0.3214 0.8645
vn 0.0923 0.2500 0.9638
vn 0.1930 0.1302 0.9725
vn 0.2257 0.2849 0.9316
vn 0.4185 0.6011 0.6808
vn 0.1326 0.4835 0.8653
vn 0.1762 0.5198 0.8360
vn 0.1574 0.4622 0.8727
vn 0.1302 0.4951 0.8590
vn 0.1327 0.4908 0.8611
vn 0.1303 0.4647 0.8758
vn 0.1308 0.4658 0.8751
vn 0.1318 0.4690 0.8733
vn 0.2806 0.5228 0.8049
vn 0.1319 0.4750 0.8700
vn 0.1298 0.4787 0.8683
vn 0.1618 0.4304 0.8880
vn 0.1369 0.4953 0.8579
vn 0.2466 0.4975 0.8317
vn 0.2409 0.4703 0.8490
vn 0.2357 0.4753 0.8476
vn 0.4179 0.5837 0.6962
vn 0.1615 0.4707 0.8674
vn 0.1611 0.4720 0.8668
vn 0.1613 0.4553 0.8756
vn 0.1413 0.5142 0.8460
vn 0.1716 0.4779 0.8615
vn 0.1618 0.6450 0.7469
vn 0.2462 0.5042 0.8277
vn 0.4189 0.8353 0.3562
vn 0.4440 0.7658 0.4651
vn 0.5390 0.5604 0.6289
vn 0.5087 0.7003 0.5007
vn 0.5163 0.6808 0.5196
vn 0.5308 0.6482 0.5460
vn 0.5875 0.5033 0.6337
vn 0.5846 0.5113 0.6300
vn 0.5496 0.5765 0.6046
vn 0.5306 0.5256 0.6650
vn 0.5305 0.5215 0.6683
vn 0.3999 0.4090 0.8202
vn 0.4715 0.5650 0.6771
vn 0.5654 0.4285 0.7047
vn 0.5528 0.4610 0.6942
vn 0.1961 0.1117 0.9742
vn 0.2031 0.4015 0.8931
vn 0.1552 0.3056 0.9394
vn 0.1838 0.3127 0.9319
vn 0.2235 0.3619 0.9050
vn 0.1731 0.3801 0.9086
vn 0.1973 0.3841 0.9020
vn 0.0146 0.0057 0.9999
vn 0.1161 0.3168 0.9414
vn 0.2163 0.2669 0.9391
vn 0.1752 0.1614 0.9712
vn 0.1890 0.1700 0.9672
vn 0.1574 0.0736 0.9848
vn 0.1360 0.0657 0.9885
vn 0.0703 0.0356 0.9969
vn 0.0637 0.0364 0.9973
vn 0.2921 0.1530 0.9441
vn 0.3177 0.1457 0.9369
vn 0.3059 0.1986 0.9311
vn 0.2973 0.2944 0.9083
vn 0.2856 0.2985 0.9107
vn 0.2048 0.3891 0.8981
vn 0.2122 0.4002 0.8915
vn 0.2647 0.3003 0.9164
vn 0.2719 0.3465 0.8978
vn 0.2743 0.3416 0.8989
vn 0.2707 0.3167 0.9091
vn 0.0001 -0.0000 1.0000
vn -0.0001 -0.0000 1.0000
vn -0.0007 -0.0007 1.0000
vn 0.0002 -0.0000 1.0000
vn 0.3346 0.9291 0.1576
vn 0.3337 0.9304 0.1520
vn 0.3347 0.9294 0.1555
vn 0.3332 0.9380 0.0959
vn 0.3341 0.9299 0.1539
vn 0.3338 0.9301 0.1532
vn 0.3340 0.9300 0.1535
vn 0.3339 0.9285 0.1624
vn 0.3339 0.9304 0.1513
vn -0.6324 0.5593 0.5360
vn -0.1862 0.0904 0.9783
vn -0.1702 0.0293 0.9850
vn -0.1886 0.0870 0.9782
vn -0.3217 0.1543 0.9342
vn -0.3571 0.2048 0.9114
vn -0.4797 0.2704 0.8347
vn -0.3547 0.2057 0.9121
vn -0.3569 0.2049 0.9114
vn -0.5733 0.4016 0.7142
vn -0.5785 0.3994 0.7112
vn -0.5977 0.3758 0.7082
vn -0.4536 0.2915 0.8422
vn -0.4646 0.2876 0.8375
vn -0.6590 0.6034 0.4490
vn -0.6003 0.6179 0.5077
vn -0.6227 0.6722 0.4006
vn -0.5397 0.6782 0.4987
vn -0.5536 0.7265 0.4071
vn -0.4506 0.7518 0.4814
vn -0.4524 0.7620 0.4633
vn -0.0593 0.1296 0.9898
vn -0.0877 0.1584 0.9835
vn -0.1099 0.1259 0.9859
vn -0.1094 0.1254 0.9861
vn -0.0795 0.1186 0.9898
vn -0.1354 0.1083 0.9849
vn -0.1218 0.1000 0.9875
vn -0.1063 0.1001 0.9893
vn -0.1111 -0.0413 0.9930
vn -0.1667 0.0395 0.9852
vn -0.2141 0.0880 0.9728
vn -0.1157 0.0279 0.9929
vn -0.1469 0.0808 0.9858
vn -0.1420 0.0781 0.9868
vn -0.1167 0.0719 0.9906
vn -0.4998 0.4332 0.7500
vn -0.5311 0.4523 0.7165
vn -0.4871 0.4964 0.7185
vn -0.5046 0.5082 0.6979
vn -0.4461 0.5588 0.6991
vn -0.4519 0.5634 0.6916
vn -0.3737 0.6181 0.6915
vn -0.3557 0.5997 0.7168
vn -0.4691 0.2582 0.8445
vn -0.3556 0.1882 0.9155
vn -0.3730 0.1685 0.9124
vn -0.2797 0.1155 0.9531
vn -0.2911 0.1044 0.9510
vn -0.2580 0.0873 0.9622
vn -0.1182 -0.0528 0.9916
vn -0.1414 -0.0511 0.9886
vn -0.1422 -0.0296 0.9894
vn -0.1590 -0.0293 0.9869
vn -0.1898 0.0162 0.9817
vn -0.1911 0.0116 0.9815
vn -0.3072 0.1270 0.9431
vn -0.2878 0.1506 0.9458
vn -0.2175 0.3741 0.9015
vn -0.2310 0.3892 0.8917
vn -0.2863 0.3504 0.8918
vn -0.2820 0.3467 0.8946
vn -0.3241 0.3102 0.8937
vn -0.3116 0.3009 0.9013
vn -0.3443 0.2681 0.8998
vn -0.3224 0.2535 0.9120
vn -0.3554 0.2167 0.9093
vn -0.5468 0.3803 0.7459
vn -0.4342 0.3004 0.8493
vn -0.6773 0.5047 0.5354
vn -0.5012 0.3828 0.7761
vn 0.0425 0.0091 0.9991
vn -0.0795 -0.1254 0.9889
vn -0.0663 -0.1170 0.9909
vn -0.0233 -0.1345 0.9906
vn -0.1075 -0.0443 0.9932
vn -0.0561 -0.0755 0.9956
vn -0.0468 -0.0625 0.9969
vn -0.0694 -0.0422 0.9967
vn -0.0023 -0.0732 0.9973
vn -0.0380 -0.0413 0.9984
vn -0.0289 -0.0314 0.9991
vn 0.0405 -0.0726 0.9965
vn -0.1014 0.0775 0.9918
vn 0.0840 -0.1285 0.9881
vn 0.0441 -0.0897 0.9950
vn -0.0481 -0.0116 0.9988
vn 0.3221 0.2951 0.8995
vn -0.0172 0.3413 0.9398
vn 0.0387 0.3649 0.9302
vn 0.0219 0.3448 0.9384
vn 0.1151 0.3628 0.9247
vn 0.0863 0.3392 0.9368
vn 0.1240 0.3489 0.9289
vn 0.1633 0.3483 0.9230
vn 0.1487 0.3447 0.9269
vn 0.2098 0.3412 0.9163
vn 0.1745 0.3233 0.9301
vn 0.3091 0.2978 0.9032
vn 0.2663 0.2528 0.9301
vn 0.2185 0.1975 0.9556
vn 0.2496 0.2679 0.9306
vn 0.2321 0.3572 0.9047
vn 0.2907 0.2217 0.9308
vn 0.3050 0.2439 0.9206
vn 0.3669 0.2650 0.8917
vn 0.3409 0.2324 0.9109
vn 0.3794 0.2541 0.8897
vn 0.3813 0.2521 0.8894
vn 0.3816 0.2527 0.8891
vn 0.4031 0.2694 0.8746
vn 0.3519 0.3022 0.8859
vn 0.4727 0.3336 0.8157
vn 0.3899 0.2640 0.8822
vn 0.3998 0.2771 0.8737
vn 0.4109 0.2791 0.8679
vn 0.3478 0.2500 0.9036
vn 0.3598 0.2513 0.8985
vn 0.3739 0.2572 0.8911
vn 0.3135 0.2549 0.9147
vn 0.3707 0.2810 0.8852
vn 0.2227 0.3323 0.9165
vn 0.2596 0.3121 0.9139
vn 0.2849 0.3151 0.9053
vn 0.2906 0.3072 0.9062
vn 0.3114 0.2833 0.9070
vn -0.1236 0.3032 0.9449
vn -0.1068 0.3065 0.9459
vn -0.1060 0.3078 0.9455
vn -0.0412 0.3495 0.9360
vn -0.0538 0.3226 0.9450
vn -0.0194 0.3404 0.9401
vn -0.1294 0.3015 0.9447
vn -0.1522 0.2920 0.9442
vn -0.1616 0.2735 0.9482
vn -0.1842 0.2712 0.9447
vn -0.2052 0.2477 0.9469
vn -0.2057 0.2439 0.9477
vn -0.2276 0.2351 0.9450
vn -0.2393 0.2130 0.9473
vn -0.2541 0.2144 0.9431
vn -0.2636 0.1927 0.9452
vn -0.2661 0.1916 0.9447
vn -0.2836 0.1786 0.9421
vn -0.2929 0.1791 0.9392
vn -0.2971 0.1385 0.9447
vn -0.3011 0.1387 0.9435
vn -0.3244 0.1260 0.9375
vn -0.3314 0.0964 0.9385
vn -0.3599 0.0980 0.9278
vn -0.3629 0.0765 0.9287
vn 0.5638 0.3654 0.7407
vn 0.5548 0.3642 0.7480
vn 0.4223 0.4364 0.7945
vn 0.4252 0.4170 0.8033
vn 0.4424 0.4132 0.7960
vn 0.4860 0.4087 0.7725
vn 0.3194 0.3350 0.8864
vn 0.3472 0.3506 0.8698
vn 0.3863 0.3843 0.8385
vn 0.4162 0.4230 0.8049
vn 0.5804 0.4420 0.6839
vn 0.4507 0.3784 0.8085
vn 0.4657 0.3958 0.7915
vn 0.2964 0.2864 0.9111
vn 0.2154 0.4090 0.8868
vn 0.2055 0.5110 0.8347
vn 0.1323 0.3860 0.9130
vn 0.1477 0.4345 0.8885
vn 0.1478 0.4580 0.8766
vn 0.2466 0.4414 0.8628
vn 0.2240 0.4542 0.8623
vn 0.1701 0.4467 0.8784
vn 0.1838 0.3294 0.9261
vn 0.1818 0.3368 0.9239
vn 0.1727 0.2809 0.9441
vn 0.1917 0.2713 0.9432
vn 0.2708 0.5245 0.8072
vn 0.3064 0.5288 0.7915
vn 0.2939 0.5414 0.7877
vn 0.3629 0.5805 0.7289
vn 0.3712 0.5754 0.7288
vn 0.3951 0.6022 0.6937
vn 0.4324 0.6205 0.6542
vn 0.4327 0.6289 0.6460
vn 0.4782 0.6527 0.5876
vn 0.5151 0.6535 0.5546
vn 0.5159 0.6791 0.5222
vn 0.5706 0.8182 0.0698
vn 0.6778 0.7347 0.0285
vn 0.5977 0.7795 0.1876
vn 0.6305 0.7638 0.1379
vn 0.6364 0.7655 0.0951
vn 0.5893 0.7468 0.3083
vn 0.5617 0.7213 0.4053
vn 0.5680 0.6981 0.4359
vn 0.6550 0.6872 0.3144
vn 0.6087 0.6990 0.3753
vn 0.5740 0.6981 0.4279
vn 0.6463 0.7407 0.1836
vn 0.6560 0.7171 0.2356
vn 0.6672 0.7011 0.2517
vn 0.5552 0.7678 0.3198
vn 0.6330 0.6924 0.3463
vn 0.5937 0.7698 0.2343
vn 0.7087 0.6833 0.1757
vn 0.6778 0.7151 0.1711
vn 0.6543 0.7560 0.0180
vn 0.6248 0.7803 0.0278
vn 0.7508 0.6556 0.0809
vn 0.7378 0.6698 0.0839
vn 0.6481 0.7521 0.1201
vn 0.6288 0.7771 -0.0265
vn 0.7484 0.6583 -0.0808
vn 0.7392 0.6684 -0.0828
vn 0.6590 0.7433 -0.1155
vn 0.6672 0.7253 -0.1695
vn 0.6445 0.7441 -0.1759
vn 0.6581 0.7103 -0.2496
vn 0.6836 0.6890 -0.2410
vn 0.5995 0.7461 -0.2898
vn 0.6341 0.6912 -0.3466
vn 0.6096 0.7007 -0.3707
vn 0.5486 0.7127 -0.4371
vn 0.5875 0.6834 -0.4334
vn 0.5665 0.6993 -0.4358
vn 0.5421 0.7255 -0.4241
vn 0.5979 0.7285 -0.3345
vn 0.6096 0.7197 -0.3324
vn 0.5990 0.7653 -0.2356
vn 0.6612 0.7193 -0.2131
vn 0.6094 0.7764 -0.1606
vn 0.6625 0.7402 -0.1149
vn 0.5671 0.8207 -0.0695
vn 0.6899 0.7231 -0.0340
vn 0.6543 0.7560 -0.0180
vn 0.9118 0.4088 -0.0393
vn 0.9144 0.3957 -0.0849
vn 0.8984 0.4075 -0.1639
vn 0.9102 0.3918 -0.1342
vn 0.8829 0.3908 -0.2602
vn 0.8871 0.3878 -0.2503
vn 0.8508 0.3662 -0.3770
vn 0.8415 0.3676 -0.3960
vn 0.7949 0.3345 -0.5062
vn 0.7795 0.3323 -0.5310
vn 0.7138 0.2955 -0.6350
vn 0.6886 0.2909 -0.6642
vn 0.6081 0.2400 -0.7567
vn 0.5588 0.2252 -0.7981
vn 0.4998 0.1862 -0.8459
vn 0.4444 0.1671 -0.8801
vn 0.3937 0.1338 -0.9095
vn 0.3467 0.1174 -0.9306
vn 0.2989 0.0871 -0.9503
vn 0.2538 0.0723 -0.9645
vn 0.2206 0.0482 -0.9742
vn 0.1948 0.0379 -0.9801
vn 0.1364 0.0097 -0.9906
vn 0.1022 -0.0068 -0.9947
vn 0.1105 -0.0089 -0.9938
vn 0.0836 -0.0130 -0.9964
vn 0.0837 -0.0262 -0.9961
vn 0.0467 -0.0427 -0.9980
vn 0.0575 -0.0417 -0.9975
vn 0.0557 -0.0388 -0.9977
vn 0.0565 -0.0392 -0.9976
vn 0.0576 -0.0406 -0.9975
vn 0.0475 -0.0380 -0.9981
vn 0.0468 -0.0467 -0.9978
vn 0.3163 0.0819 -0.9451
vn 0.2397 0.0469 -0.9697
vn 0.2335 0.0456 -0.9713
vn 0.1777 0.0173 -0.9839
vn 0.4146 0.1261 -0.9012
vn 0.4158 0.1269 -0.9006
vn 0.3202 0.0827 -0.9437
vn 0.5431 0.1877 -0.8184
vn 0.5187 0.1739 -0.8371
vn 0.4878 0.1578 -0.8586
vn 0.5236 0.1755 -0.8337
vn 0.6347 0.2206 -0.7406
vn 0.6331 0.2203 -0.7421
vn 0.7391 0.2708 -0.6167
vn 0.7666 0.2781 -0.5788
vn 0.8168 0.3065 -0.4888
vn 0.8751 0.3214 -0.3618
vn 0.8529 0.3238 -0.4095
vn 0.9061 0.3422 -0.2489
vn 0.9042 0.3427 -0.2550
vn 0.9227 0.3524 -0.1562
vn 0.9268 0.3499 -0.1363
vn 0.9314 0.3619 -0.0387
vn 0.9368 0.3405 -0.0807
vn 0.9329 0.3599 -0.0102
vn 0.1127 -0.0098 -0.9936
vn 0.1097 -0.0130 -0.9939
vn 0.9202 0.3914 -0.0060
vn 0.9236 0.3819 -0.0347
vn 0.9210 0.3802 -0.0847
vn 0.9210 0.3810 -0.0814
vn 0.9124 0.3755 -0.1630
vn 0.9128 0.3772 -0.1570
vn 0.8938 0.3660 -0.2590
vn 0.8953 0.3685 -0.2502
vn 0.8588 0.3483 -0.3756
vn 0.8622 0.3521 -0.3642
vn 0.8017 0.3202 -0.5047
vn 0.8081 0.3256 -0.4909
vn 0.7212 0.2812 -0.6331
vn 0.7305 0.2881 -0.6191
vn 0.6139 0.2297 -0.7552
vn 0.6254 0.2377 -0.7432
vn 0.5048 0.1778 -0.8447
vn 0.5172 0.1866 -0.8353
vn 0.3978 0.1270 -0.9086
vn 0.4092 0.1353 -0.9024
vn 0.3024 0.0814 -0.9497
vn 0.3120 0.0890 -0.9459
vn 0.2235 0.0434 -0.9737
vn 0.2309 0.0498 -0.9717
vn 0.0577 -0.0406 -0.9975
vn 0.0574 -0.0401 -0.9975
vn 0.0566 -0.0414 -0.9975
vn 0.0562 -0.0392 -0.9976
vn 0.1072 -0.0090 -0.9942
vn 0.1051 -0.0113 -0.9944
vn 0.0519 0.0362 -0.9980
vn 0.0918 -0.0265 -0.9954
vn 0.1290 0.0014 -0.9916
vn 0.1151 -0.0138 -0.9933
vn 0.1657 0.0144 -0.9861
vn 0.1643 0.0168 -0.9863
vn 0.1593 0.0120 -0.9872
vn 0.1557 0.0178 -0.9876
vn 0.1519 0.0140 -0.9883
vn 0.1590 0.0032 -0.9873
vn 0.1745 0.0984 -0.9797
vn -0.4128 -0.5304 -0.7404
vn -0.3303 -0.4711 -0.8179
vn -0.1654 -0.2807 -0.9454
vn 0.0321 -0.0513 -0.9982
vn -0.6602 -0.7490 -0.0558
vn -0.6666 -0.7453 -0.0143
vn -0.6451 -0.7341 -0.2121
vn -0.6319 -0.7022 -0.3281
vn -0.6470 -0.7243 -0.2381
vn -0.6553 -0.7383 -0.1598
vn -0.6622 -0.7432 -0.0958
vn -0.6656 -0.7381 -0.1106
vn -0.6620 -0.7456 -0.0772
vn -0.6330 -0.7060 -0.3175
vn -0.5957 -0.6712 -0.4412
vn -0.6089 -0.6765 -0.4143
vn -0.5400 -0.6100 -0.5800
vn -0.5288 -0.6044 -0.5959
vn -0.4739 -0.5266 -0.7058
vn -0.4883 -0.5356 -0.6889
vn -0.3892 -0.4343 -0.8124
vn -0.4239 -0.4866 -0.7639
vn -0.5001 -0.5436 -0.6741
vn -0.2242 -0.2534 -0.9410
vn -0.2407 -0.2871 -0.9272
vn -0.2892 -0.3651 -0.8849
vn -0.2885 -0.3133 -0.9048
vn -0.3317 -0.3937 -0.8573
vn -0.1824 -0.1243 -0.9753
vn -0.1575 -0.2110 -0.9647
vn -0.2042 -0.2574 -0.9445
vn -0.1060 -0.0986 -0.9895
vn -0.0998 -0.1280 -0.9867
vn -0.1113 -0.1931 -0.9748
vn -0.0284 -0.0914 -0.9954
vn -0.0297 -0.0971 -0.9948
vn -0.0296 -0.0966 -0.9949
vn -0.0293 -0.0958 -0.9950
vn -0.0235 -0.0902 -0.9957
vn -0.0234 -0.0901 -0.9957
vn -0.0256 -0.0907 -0.9955
vn -0.0355 -0.0911 -0.9952
vn -0.0404 -0.0891 -0.9952
vn -0.0346 -0.0918 -0.9952
vn -0.0543 -0.1203 -0.9912
vn -0.0704 -0.1262 -0.9895
vn 0.0112 -0.0681 -0.9976
vn 0.0187 -0.0626 -0.9979
vn 0.0298 -0.0530 -0.9982
vn 0.0302 -0.0541 -0.9981
vn 0.0249 -0.0590 -0.9979
vn 0.0333 -0.0563 -0.9979
vn 0.0299 -0.0530 -0.9981
vn 0.0298 -0.0529 -0.9982
vn -0.0048 -0.0875 -0.9962
vn 0.0005 -0.0852 -0.9964
vn 0.0130 -0.0683 -0.9976
vn -0.0018 -0.0831 -0.9965
vn 0.0101 -0.0826 -0.9965
vn 0.0034 -0.0841 -0.9965
vn -0.0034 -0.0759 -0.9971
vn -0.0043 -0.0812 -0.9967
vn -0.0054 -0.0847 -0.9964
vn -0.0068 -0.0876 -0.9961
vn -0.0079 -0.0895 -0.9960
vn -0.0090 -0.0905 -0.9959
vn -0.0076 -0.0900 -0.9959
vn -0.0059 -0.0897 -0.9960
vn -0.0029 -0.0911 -0.9958
vn 0.0336 -0.0501 -0.9982
vn 0.0352 -0.0491 -0.9982
vn 0.0322 -0.0507 -0.9982
vn 0.0306 -0.0512 -0.9982
vn 0.0347 -0.0506 -0.9981
vn 0.0274 -0.0550 -0.9981
vn 0.0282 -0.0548 -0.9981
vn 0.0237 -0.0591 -0.9980
vn -0.0036 -0.0680 -0.9977
vn 0.0017 -0.0934 -0.9956
vn 0.0105 -0.0651 -0.9978
vn 0.0101 -0.0727 -0.9973
vn 0.0192 -0.0634 -0.9978
vn 0.0191 -0.0636 -0.9978
vn 0.0234 -0.0592 -0.9980
vn -0.0211 -0.1088 -0.9938
vn -0.0204 -0.1052 -0.9942
vn -0.0203 -0.1048 -0.9943
vn -0.0083 -0.0900 -0.9959
vn -0.0085 -0.0903 -0.9959
vn -0.0231 -0.1063 -0.9941
vn -0.0259 -0.1077 -0.9938
vn -0.0291 -0.1089 -0.9936
vn -0.0572 -0.1556 -0.9862
vn -0.0534 -0.1417 -0.9885
vn -0.0317 -0.1094 -0.9935
vn -0.0369 -0.1100 -0.9933
vn -0.0267 -0.1117 -0.9934
vn -0.0438 -0.1319 -0.9903
vn -0.0430 -0.1317 -0.9904
vn -0.0482 -0.1362 -0.9895
vn -0.0562 -0.1405 -0.9885
vn -0.0657 -0.1587 -0.9851
vn -0.0740 -0.1655 -0.9834
vn -0.0915 -0.1789 -0.9796
vn -0.0912 -0.1694 -0.9813
vn -0.1000 -0.1980 -0.9751
vn -0.1277 -0.2358 -0.9634
vn -0.1285 -0.2201 -0.9670
vn -0.1476 -0.2701 -0.9515
vn -0.1467 -0.2389 -0.9599
vn -0.1504 -0.2574 -0.9545
vn -0.2129 -0.3690 -0.9047
vn -0.1913 -0.3136 -0.9301
vn -0.1751 -0.2910 -0.9406
vn -0.2318 -0.3489 -0.9080
vn -0.2170 -0.3508 -0.9110
vn -0.3370 -0.4881 -0.8051
vn -0.2360 -0.3300 -0.9140
vn -0.2326 -0.3490 -0.9078
vn -0.2867 -0.4411 -0.8504
vn -0.2948 -0.4299 -0.8534
vn -0.3142 -0.4578 -0.8317
vn -0.2921 -0.5312 -0.7953
vn -0.3498 -0.4777 -0.8059
vn -0.4801 -0.6188 -0.6217
vn -0.4262 -0.5725 -0.7004
vn -0.5380 -0.6909 -0.4830
vn -0.4929 -0.6557 -0.5719
vn -0.5726 -0.7386 -0.3559
vn -0.5401 -0.7171 -0.4405
vn -0.5616 -0.7390 -0.3721
vn -0.5907 -0.7688 -0.2449
vn -0.5762 -0.7617 -0.2963
vn -0.5992 -0.7859 -0.1525
vn -0.5930 -0.7844 -0.1819
vn -0.6010 -0.7948 -0.0847
vn -0.5998 -0.7948 -0.0922
vn -0.6574 -0.7535 -0.0041
vn -0.6494 -0.7603 -0.0160
vn -0.6277 -0.7783 -0.0157
vn -0.0494 -0.1324 -0.9900
vn -0.0427 -0.1366 -0.9897
vn -0.0435 -0.1264 -0.9910
vn -0.1082 -0.2097 -0.9718
vn -0.1336 -0.2276 -0.9645
vn -0.0948 -0.1838 -0.9784
vn -0.0843 -0.1737 -0.9812
vn -0.0810 -0.1707 -0.9820
vn -0.0751 -0.1618 -0.9840
vn -0.0629 -0.1467 -0.9872
vn -0.1822 -0.2957 -0.9378
vn -0.1716 -0.2851 -0.9430
vn -0.1918 -0.3031 -0.9334
vn -0.1540 -0.2548 -0.9547
vn -0.1322 -0.2311 -0.9639
vn 0.0189 -0.0631 -0.9978
vn 0.0164 -0.0675 -0.9976
vn -0.0091 -0.0848 -0.9964
vn -0.2493 -0.3487 -0.9035
vn -0.2015 -0.2873 -0.9364
vn -0.1785 -0.2657 -0.9474
vn -0.1402 -0.2169 -0.9661
vn -0.1155 -0.1951 -0.9740
vn -0.0876 -0.1600 -0.9832
vn -0.0636 -0.1404 -0.9881
vn -0.5998 -0.7998 -0.0245
vn -0.6000 -0.7996 -0.0233
vn -0.6302 -0.7761 -0.0230
vn -0.6269 -0.7743 -0.0862
vn -0.6251 -0.7749 -0.0933
vn -0.6277 -0.7627 -0.1556
vn -0.6200 -0.7564 -0.2084
vn -0.6180 -0.7455 -0.2498
vn -0.6047 -0.7333 -0.3108
vn -0.5971 -0.7154 -0.3628
vn -0.5750 -0.6938 -0.4337
vn -0.5595 -0.6671 -0.4919
vn -0.5237 -0.6313 -0.5720
vn -0.4987 -0.5936 -0.6316
vn -0.4576 -0.5524 -0.6967
vn -0.4266 -0.5083 -0.7481
vn -0.2900 -0.3637 -0.8852
vn -0.2628 -0.3247 -0.9086
vn -0.2106 -0.2782 -0.9372
vn -0.1892 -0.2467 -0.9504
vn -0.1384 -0.2041 -0.9691
vn -0.1235 -0.1812 -0.9757
vn -0.0788 -0.1465 -0.9861
vn -0.0691 -0.1309 -0.9890
vn -0.0287 -0.1019 -0.9944
vn -0.3874 -0.4316 -0.8146
vn -0.3735 -0.4563 -0.8077
vn -0.3431 -0.4136 -0.8433
vn -0.3268 -0.4420 -0.8354
vn -0.2727 -0.3720 -0.8873
vn -0.2602 -0.3922 -0.8823
vn -0.2229 -0.3383 -0.9142
vn -0.2107 -0.3558 -0.9105
vn -0.1812 -0.2897 -0.9398
vn -0.0064 -0.0890 -0.9960
vn -0.0032 -0.0810 -0.9967
vn 0.0210 -0.0636 -0.9978
vn 0.0211 -0.0632 -0.9978
vn 0.0201 -0.0647 -0.9977
vn -0.0024 -0.0751 -0.9972
vn 0.0058 -0.0756 -0.9971
vn 0.0062 -0.0736 -0.9973
vn -0.0234 -0.0929 -0.9954
vn -0.0201 -0.0984 -0.9949
vn -0.0448 -0.1168 -0.9921
vn -0.0438 -0.1183 -0.9920
vn -0.0310 -0.1164 -0.9927
vn -0.0269 -0.1055 -0.9941
vn -0.0215 -0.1132 -0.9933
vn -0.0211 -0.1144 -0.9932
vn -0.4770 0.8786 0.0253
vn 0.9981 0.0609 -0.0000
vn 0.9925 0.1168 -0.0361
vn 0.9692 0.2447 0.0279
vn 0.8922 0.4441 -0.0825
vn 0.8901 0.4470 -0.0886
vn 0.8067 0.5909 -0.0000
vn 0.3667 0.9303 -0.0000
vn 0.4722 0.8815 -0.0000
vn 0.6172 0.7819 -0.0877
vn 0.6056 0.7876 -0.1138
vn 0.7356 0.6774 -0.0000
vn 0.1882 0.9680 -0.1659
vn 0.2283 0.9706 -0.0764
vn 0.0451 0.9990 -0.0000
vn -0.2044 0.9775 -0.0525
vn -0.2656 0.9395 -0.2163
vn -0.0756 0.9971 -0.0000
vn -0.6541 0.7164 -0.2428
vn -0.5997 0.8001 -0.0127
vn -0.8243 0.5661 0.0067
vn -0.8746 0.4669 -0.1307
vn -0.9335 0.3584 0.0132
vn -0.9898 0.1417 -0.0146
vn -0.9915 0.1305 -0.0006
vn -0.8894 -0.4463 -0.0991
vn -0.9240 -0.3821 -0.0170
vn -0.9930 -0.1167 0.0185
vn -0.9848 -0.1667 -0.0485
vn -0.9997 -0.0225 -0.0003
vn -0.6174 -0.7817 -0.0878
vn -0.6602 -0.7504 -0.0329
vn -0.8113 -0.5843 0.0217
vn -0.3381 -0.9409 -0.0186
vn -0.4011 -0.9160 -0.0000
vn -0.5095 -0.8605 -0.0000
vn -0.1911 -0.9772 -0.0921
vn -0.2290 -0.9725 -0.0426
vn -0.0453 -0.9990 -0.0000
vn 0.2044 -0.9787 -0.0208
vn 0.2721 -0.9549 -0.1190
vn 0.0726 -0.9974 -0.0000
vn 0.9163 -0.3526 -0.1901
vn 0.8323 -0.5543 -0.0012
vn 0.5997 -0.8002 0.0022
vn 0.6690 -0.7280 -0.1499
vn 0.4904 -0.8714 0.0106
vn 0.8818 -0.4708 0.0282
vn 0.9898 -0.1417 -0.0138
vn 0.9920 -0.1262 -0.0000
vn 0.1409 0.2905 0.9464
vn 0.0533 0.1422 0.9884
vn 0.0399 0.1237 0.9915
vn 0.0227 0.1113 0.9935
vn 0.0226 0.1107 0.9936
vn 0.0004 0.0819 0.9966
vn 0.0113 0.0912 0.9958
vn -0.0122 0.1444 0.9894
vn 0.0757 0.1318 0.9884
vn 0.0314 0.1762 0.9839
vn 0.0895 0.1603 0.9830
vn 0.0619 0.2120 0.9753
vn 0.1367 0.2719 0.9526
vn 0.1610 0.2537 0.9538
vn 0.1115 0.2159 0.9700
vn 0.0543 0.2153 0.9750
vn 0.1107 0.2106 0.9713
vn 0.1135 0.2204 0.9688
vn 0.1321 0.2303 0.9641
vn 0.1408 0.2615 0.9549
vn -0.0038 0.0860 0.9963
vn 0.0056 0.0874 0.9962
vn 0.0171 0.0970 0.9951
vn 0.0142 0.1002 0.9949
vn 0.0327 0.1134 0.9930
vn 0.0443 0.1146 0.9924
vn -0.0006 0.0832 0.9965
vn 0.0089 0.0836 0.9965
vn -0.0131 0.0716 0.9973
vn 0.0011 0.0698 0.9976
vn -0.0122 0.0688 0.9976
vn -0.0259 0.0535 0.9982
vn -0.0202 0.0536 0.9984
vn -0.0312 0.0521 0.9982
vn -0.0339 0.0505 0.9982
vn -0.0343 0.0503 0.9981
vn -0.0465 0.0401 0.9981
vn -0.0193 0.0628 0.9978
vn -0.0249 0.0543 0.9982
vn -0.0336 0.0646 0.9973
vn -0.0307 0.0520 0.9982
vn -0.0354 0.0470 0.9983
vn -0.0320 0.0483 0.9983
vn -0.0246 0.0536 0.9983
vn 0.0026 0.0833 0.9965
vn 0.0023 0.0823 0.9966
vn 0.0016 0.0828 0.9966
vn -0.0066 0.0726 0.9973
vn -0.0065 0.0727 0.9973
vn -0.0170 0.0628 0.9979
vn -0.0176 0.0605 0.9980
vn -0.0269 0.0534 0.9982
vn -0.0299 0.0483 0.9984
vn -0.0314 0.0483 0.9983
vn -0.0544 0.0315 0.9980
vn -0.0354 0.0467 0.9983
vn -0.0343 0.0484 0.9982
vn 0.5851 0.8107 0.0218
vn 0.5714 0.7854 0.2380
vn 0.5721 0.7952 0.2010
vn 0.5714 0.7997 0.1843
vn 0.5812 0.7982 0.1585
vn 0.5911 0.7964 0.1278
vn 0.5826 0.7994 0.1465
vn 0.5834 0.8067 0.0943
vn 0.5893 0.8043 0.0762
vn 0.5826 0.8112 0.0500
vn 0.5913 0.8062 0.0177
vn 0.5865 0.8099 0.0134
vn 0.5661 0.7824 0.2596
vn 0.5724 0.7859 0.2341
vn 0.5699 0.7825 0.2507
vn 0.5652 0.7820 0.2629
vn 0.5677 0.7831 0.2539
vn 0.5627 0.7728 0.2935
vn 0.5566 0.7706 0.3104
vn 0.5515 0.7568 0.3509
vn 0.5464 0.7536 0.3655
vn 0.5334 0.7351 0.4185
vn 0.5338 0.7400 0.4093
vn 0.5135 0.7067 0.4868
vn 0.5153 0.7211 0.4631
vn 0.4571 0.5744 0.6790
vn 0.5066 0.7070 0.4934
vn 0.5095 0.7087 0.4880
vn 0.4960 0.6887 0.5288
vn 0.4835 0.6763 0.5558
vn 0.4731 0.6591 0.5846
vn 0.4526 0.6371 0.6239
vn 0.4309 0.6012 0.6729
vn 0.3779 0.5544 0.7415
vn 0.2477 0.3825 0.8901
vn 0.2816 0.4257 0.8599
vn 0.2729 0.4534 0.8485
vn 0.2331 0.3670 0.9006
vn 0.2115 0.3491 0.9129
vn 0.2046 0.3272 0.9225
vn 0.1649 0.2787 0.9461
vn 0.1585 0.2553 0.9538
vn 0.1141 0.2074 0.9716
vn 0.0940 0.1880 0.9777
vn 0.0865 0.1726 0.9812
vn 0.0738 0.1624 0.9840
vn 0.0551 0.1393 0.9887
vn 0.0538 0.1388 0.9889
vn 0.0257 0.1071 0.9939
vn 0.0340 0.1071 0.9937
vn 0.0162 0.0964 0.9952
vn 0.1982 0.2555 0.9463
vn 0.1875 0.2569 0.9481
vn 0.1899 0.3251 0.9264
vn 0.2482 0.3471 0.9044
vn 0.3722 0.5360 0.7577
vn 0.3375 0.4830 0.8080
vn 0.3182 0.4468 0.8361
vn 0.2898 0.4358 0.8521
vn 0.2530 0.3703 0.8938
vn 0.1058 0.2526 0.9618
vn 0.1245 0.2253 0.9663
vn 0.1751 0.2740 0.9456
vn 0.1515 0.2662 0.9519
vn 0.2411 0.3564 0.9027
vn 0.2141 0.3459 0.9135
vn 0.3151 0.4505 0.8353
vn 0.2861 0.4382 0.8521
vn 0.3641 0.5207 0.7722
vn 0.4187 0.5138 0.7488
vn 0.1748 0.1004 0.9795
vn 0.0834 -0.0259 0.9962
vn 0.0563 -0.0394 0.9976
vn 0.9329 0.3599 0.0102
vn 0.9351 0.3524 0.0385
vn 0.9305 0.3572 0.0810
vn 0.9248 0.3470 0.1560
vn 0.9254 0.3548 0.1335
vn 0.9058 0.3428 0.2489
vn 0.9060 0.3431 0.2478
vn 0.8717 0.3298 0.3625
vn 0.8643 0.3228 0.3858
vn 0.4143 0.1267 0.9013
vn 0.5246 0.1729 0.8336
vn 0.5249 0.1731 0.8333
vn 0.6631 0.2376 0.7098
vn 0.6365 0.2173 0.7401
vn 0.7859 0.2981 0.5417
vn 0.7448 0.2590 0.6149
vn 0.8170 0.3060 0.4888
vn 0.2866 0.0647 0.9559
vn 0.2327 0.0468 0.9714
vn 0.2218 0.0396 0.9743
vn 0.1672 0.0120 0.9858
vn 0.0894 -0.0271 0.9956
vn 0.1140 -0.0098 0.9934
vn 0.1131 -0.0105 0.9935
vn 0.1331 -0.0035 0.9911
vn 0.1750 0.0194 0.9844
vn 0.0577 -0.0406 0.9975
vn 0.0524 -0.0367 0.9980
vn 0.0468 -0.0471 0.9978
vn 0.0468 -0.0467 0.9978
vn 0.0840 -0.0390 0.9957
vn 0.1590 0.0032 0.9873
vn 0.0467 -0.0427 0.9980
vn 0.0575 -0.0417 0.9975
vn 0.0897 -0.0062 0.9960
vn 0.1031 -0.0082 0.9946
vn 0.1248 0.0041 0.9922
vn 0.1364 0.0097 0.9906
vn 0.9133 0.4059 0.0336
vn 0.9137 0.3904 0.1132
vn 0.9082 0.4098 0.0851
vn 0.9057 0.3901 0.1661
vn 0.9058 0.3910 0.1634
vn 0.8884 0.3949 0.2342
vn 0.8860 0.3840 0.2599
vn 0.8494 0.3690 0.3773
vn 0.8494 0.3691 0.3772
vn 0.7865 0.3319 0.5208
vn 0.7924 0.3397 0.5068
vn 0.6939 0.2848 0.6614
vn 0.7099 0.3028 0.6359
vn 0.5643 0.2146 0.7972
vn 0.6005 0.2534 0.7584
vn 0.4457 0.1514 0.8823
vn 0.4922 0.1989 0.8475
vn 0.3475 0.1041 0.9319
vn 0.3876 0.1437 0.9106
vn 0.2550 0.0596 0.9651
vn 0.0565 -0.0406 0.9976
vn 0.0578 -0.0408 0.9975
vn 0.1090 -0.0119 0.9940
vn 0.1134 -0.0110 0.9935
vn 0.1583 0.0135 0.9873
vn 0.1653 0.0152 0.9861
vn 0.2224 0.0453 0.9739
vn 0.2321 0.0478 0.9715
vn 0.9193 0.3910 0.0451
vn 0.9239 0.3826 -0.0105
vn 0.9213 0.3803 0.0814
vn 0.9207 0.3809 0.0847
vn 0.9132 0.3760 0.1569
vn 0.9119 0.3766 0.1630
vn 0.8959 0.3671 0.2501
vn 0.8933 0.3673 0.2591
vn 0.8629 0.3505 0.3641
vn 0.8581 0.3499 0.3758
vn 0.8089 0.3238 0.4907
vn 0.8009 0.3218 0.5049
vn 0.7314 0.2863 0.6189
vn 0.7203 0.2829 0.6333
vn 0.6265 0.2358 0.7429
vn 0.6130 0.2314 0.7555
vn 0.5184 0.1844 0.8350
vn 0.5036 0.1797 0.8450
vn 0.4105 0.1332 0.9021
vn 0.3966 0.1289 0.9089
vn 0.0557 -0.0388 0.9977
vn 0.0563 -0.0391 0.9976
vn 0.1046 -0.0105 0.9945
vn 0.1077 -0.0098 0.9941
vn 0.1512 0.0152 0.9884
vn 0.1565 0.0165 0.9875
vn 0.1952 0.0381 0.9800
vn 0.2206 0.0482 0.9742
vn 0.2914 0.0993 0.9514
vn 0.3012 0.0834 0.9499
vn 0.3133 0.0869 0.9457
vn 0.3151 0.0838 0.9453
vn 0.3963 0.1147 0.9109
vn 0.6174 -0.7866 -0.0000
vn 0.6204 -0.7843 -0.0031
vn 0.5977 -0.8017 0.0011
vn 0.5633 -0.8262 -0.0111
vn 0.5679 -0.8227 -0.0260
vn 0.5624 -0.8267 -0.0147
vn 0.5235 -0.8509 0.0443
vn 0.5308 -0.8471 -0.0260
vn 0.5286 -0.8488 -0.0132
vn 0.5448 -0.8385 -0.0133
vn 0.5421 -0.8402 -0.0121
vn 0.5378 -0.8430 -0.0103
vn 0.5573 -0.8303 -0.0025
vn 0.5403 -0.8414 -0.0109
vn 0.5250 -0.8511 -0.0000
vn 0.5264 -0.8502 -0.0045
vn 0.5332 -0.8460 -0.0085
vn 0.5056 -0.8628 0.0004
vn 0.4664 -0.8846 -0.0003
vn 0.4435 -0.8963 0.0059
vn 0.4625 -0.8866 -0.0057
vn 0.4225 -0.9064 0.0027
vn 0.4366 -0.8997 -0.0058
vn 0.4121 -0.9111 0.0032
vn 0.4226 -0.9063 -0.0085
vn 0.4181 -0.9084 -0.0049
vn 0.4060 -0.9139 0.0029
vn 0.4058 -0.9139 -0.0084
vn 0.4051 -0.9142 -0.0040
vn 0.4044 -0.9146 -0.0013
vn 0.4030 -0.9152 0.0021
vn 0.4043 -0.9146 0.0002
vn 0.4031 -0.9151 -0.0021
vn 0.4010 -0.9161 -0.0000
vn 0.3978 -0.9175 -0.0006
vn 0.4016 -0.9158 0.0007
vn 0.4766 -0.8791 0.0002
vn 0.4053 -0.9142 0.0026
vn 0.4065 -0.9136 0.0081
vn 0.4058 -0.9140 -0.0027
vn 0.4188 -0.9081 0.0048
vn 0.4102 -0.9120 -0.0015
vn 0.4268 -0.9043 0.0012
vn 0.4222 -0.9065 -0.0000
vn 0.4376 -0.8992 -0.0000
vn 0.4434 -0.8963 0.0009
vn 0.4625 -0.8866 -0.0012
vn 0.4599 -0.8880 -0.0017
vn 0.4673 -0.8841 -0.0007
vn 0.5233 -0.8521 -0.0000
vn 0.5056 -0.8628 0.0002
vn 0.5356 -0.8444 0.0106
vn 0.5385 -0.8426 0.0118
vn 0.5548 -0.8320 0.0037
vn 0.5388 -0.8423 0.0116
vn 0.5432 -0.8395 0.0141
vn 0.5405 -0.8413 0.0126
vn 0.5241 -0.8516 0.0028
vn 0.5264 -0.8501 0.0120
vn 0.5164 -0.8551 -0.0460
vn 0.5498 -0.8352 0.0141
vn 0.5533 -0.8327 0.0234
vn 0.5449 -0.8385 -0.0061
vn 0.5829 -0.8126 0.0021
vn 0.5999 -0.8000 0.0120
vn 0.5932 -0.8049 0.0193
vn 0.6204 -0.7843 -0.0000
vn -0.4783 0.8773 -0.0396
vn -0.3841 0.9233 0.0045
vn -0.3845 0.9231 -0.0070
vn -0.3828 0.9238 0.0025
vn -0.3825 0.9239 -0.0041
vn -0.3828 0.9238 -0.0025
vn -0.3816 0.9243 -0.0000
vn -0.3801 0.9249 -0.0006
vn -0.3819 0.9242 0.0007
vn -0.5064 0.8623 -0.0000
vn -0.5045 0.8634 -0.0073
vn -0.5010 0.8652 -0.0229
vn -0.4971 0.8666 -0.0435
vn -0.4937 0.8670 -0.0675
vn -0.4795 0.8614 -0.1673
vn -0.5359 0.8438 -0.0298
vn -0.5822 0.8129 -0.0129
vn -0.5742 0.8187 -0.0085
vn -0.5081 0.8611 0.0193
vn -0.5363 0.8440 -0.0121
vn -0.4778 0.8775 0.0403
vn -0.5062 0.8624 -0.0001
vn -0.4381 0.8989 -0.0000
vn -0.4416 0.8972 -0.0002
vn -0.4179 0.9085 0.0007
vn -0.4354 0.9002 -0.0039
vn -0.3989 0.9170 0.0045
vn -0.4289 0.9033 -0.0115
vn -0.3904 0.9206 0.0069
vn -0.4170 0.9087 -0.0175
vn -0.3870 0.9220 0.0066
vn -0.4024 0.9152 -0.0228
vn -0.3981 0.9172 -0.0153
vn -0.6195 0.7850 -0.0000
vn -0.6273 0.7787 -0.0019
vn -0.6156 0.7881 -0.0004
vn -0.5673 0.8235 0.0023
vn -0.6015 0.7985 -0.0263
vn -0.5913 0.8062 -0.0185
vn -0.5061 0.8625 -0.0000
vn -0.5333 0.8451 0.0369
vn -0.5369 0.8432 0.0272
vn -0.4816 0.8652 0.1393
vn -0.4971 0.8666 0.0442
vn -0.5010 0.8651 0.0231
vn -0.5045 0.8634 0.0073
vn -0.5063 0.8623 0.0002
vn -0.4416 0.8972 -0.0000
vn -0.4380 0.8990 0.0001
vn -0.4357 0.9001 -0.0000
vn -0.4171 0.9088 -0.0001
vn -0.4300 0.9028 0.0029
vn -0.3975 0.9176 -0.0035
vn -0.4215 0.9068 0.0081
vn -0.3883 0.9215 -0.0056
vn -0.4108 0.9116 0.0127
vn -0.3856 0.9226 -0.0060
vn -0.3979 0.9173 0.0149
vn -0.3915 0.9202 0.0058
vn -0.5094 0.8604 -0.0128
vn -0.5658 0.8245 0.0034
vn -0.5756 0.8177 0.0072
vn -0.5831 0.8123 0.0108
vn -0.5921 0.8057 0.0159
vn -0.5720 0.8202 0.0022
vn -0.6273 0.7787 -0.0000
vn -0.6228 0.7824 0.0005
vn -0.6163 0.7875 -0.0000
vn -0.6082 0.7938 -0.0000
vn 0.5495 0.3331 -0.7662
vn 0.4015 0.2329 -0.8857
vn 0.2017 0.1303 -0.9707
vn 0.2199 0.1451 -0.9647
vn 0.0786 0.0464 -0.9958
vn 0.5115 0.3018 -0.8045
vn 0.6629 0.3911 -0.6385
vn 0.6956 0.4053 -0.5932
vn 0.8599 0.5074 -0.0554
vn 0.8404 0.4859 -0.2399
vn 0.8433 0.4858 -0.2299
vn 0.7637 0.4542 -0.4588
vn 0.9773 -0.2117 -0.0000
vn 0.9757 -0.2190 0.0023
vn 0.6785 -0.7346 -0.0000
vn 0.7148 -0.6956 -0.0721
vn 0.7621 -0.6475 -0.0000
vn 0.8065 -0.5913 -0.0000
vn 0.8560 -0.5167 -0.0153
vn 0.8679 -0.4945 -0.0464
vn 0.9069 -0.4212 0.0001
vn 0.9328 -0.3604 0.0001
vn 0.9540 -0.2971 -0.0402
vn 0.9596 -0.2810 -0.0127
vn 0.9758 -0.2186 0.0041
vn 0.9762 -0.2170 0.0058
vn 0.9761 -0.2173 -0.0000
vn 0.9761 -0.2174 -0.0005
vn 0.9768 -0.2143 0.0002
vn 0.9768 -0.2141 0.0002
vn 0.9770 -0.2131 -0.0000
vn 0.1558 0.6897 -0.7071
vn -0.9764 0.2160 0.0002
vn -0.9760 0.2178 -0.0000
vn 0.2626 0.9649 -0.0000
vn 0.2555 0.9668 -0.0057
vn 0.2939 0.9557 0.0144
vn 0.2761 0.9611 -0.0076
vn 0.2813 0.9596 -0.0038
vn 0.2861 0.9582 -0.0019
vn 0.2908 0.9568 -0.0005
vn 0.2861 0.9582 0.0020
vn 0.2822 0.9593 0.0034
vn 0.2397 0.9708 -0.0000
vn 0.2792 0.9602 0.0053
vn 0.2761 0.9611 0.0076
vn 0.2939 0.9557 -0.0144
vn 0.2628 0.9648 0.0018
vn 0.3207 0.9472 0.0002
vn 0.3201 0.9474 0.0015
vn 0.3186 0.9479 -0.0000
vn 0.3157 0.9489 -0.0015
vn 0.3222 0.9467 -0.0000
vn 0.3184 0.9480 -0.0009
vn 0.3203 0.9473 -0.0001
vn 0.3161 0.9487 0.0009
vn 0.3187 0.9478 -0.0000
vn 0.2938 0.9559 -0.0000
vn 0.2908 0.9568 0.0005
vn 0.3199 0.9474 0.0013
vn 0.3177 0.9482 0.0002
vn 0.3169 0.9484 -0.0000
vn 0.3173 0.9483 -0.0001
vn 0.3183 0.9480 -0.0011
vn -0.1058 0.9944 -0.0004
vn -0.9749 0.2226 -0.0000
vn -0.9673 0.2537 -0.0042
vn -0.9633 0.2681 0.0130
vn -0.9404 0.3400 -0.0074
vn -0.9408 0.3390 -0.0079
vn -0.9320 0.3624 -0.0007
vn -0.9188 0.3947 -0.0007
vn -0.9123 0.4095 0.0051
vn -0.8966 0.4428 -0.0040
vn -0.8725 0.4884 0.0116
vn -0.8800 0.4750 -0.0003
vn -0.8452 0.5344 0.0012
vn -0.8496 0.5274 -0.0034
vn -0.8338 0.5521 0.0003
vn -0.8128 0.5825 0.0003
vn -0.8005 0.5992 0.0098
vn -0.1413 0.9900 -0.0006
vn -0.1614 0.9869 -0.0021
vn -0.2245 0.9744 0.0087
vn -0.2509 0.9680 -0.0050
vn -0.3551 0.9348 0.0066
vn -0.3317 0.9431 0.0237
vn -0.4182 0.9080 -0.0249
vn -0.3860 0.9225 -0.0001
vn -0.4880 0.8729 -0.0001
vn -0.4572 0.8891 0.0226
vn -0.5893 0.8062 -0.0520
vn -0.5395 0.8405 0.0507
vn -0.6677 0.7440 -0.0264
vn -0.6381 0.7699 0.0001
vn -0.7266 0.6871 0.0001
vn -0.6994 0.7142 0.0290
vn -0.7539 0.6569 -0.0133
vn -0.0000 0.9964 0.0845
vn -0.0183 0.9995 0.0270
vn -0.0768 0.9970 0.0063
vn -0.9686 0.2485 -0.0000
vn -0.9665 0.2566 0.0088
vn -0.9485 0.3166 -0.0041
vn -0.9392 0.3432 0.0059
vn -0.9319 0.3628 -0.0000
vn -0.9197 0.3926 -0.0000
vn -0.9160 0.4012 0.0026
vn -0.8946 0.4467 -0.0056
vn -0.8882 0.4592 -0.0147
vn -0.8653 0.5012 0.0051
vn -0.8456 0.5338 -0.0035
vn -0.8388 0.5444 -0.0000
vn -0.8123 0.5832 -0.0000
vn -0.8098 0.5867 -0.0021
vn -0.7846 0.6200 0.0006
vn -0.7438 0.6684 -0.0074
vn -0.7325 0.6808 0.0033
vn -0.6869 0.7268 -0.0000
vn -0.6800 0.7332 -0.0000
vn -0.6300 0.7766 -0.0030
vn -0.6193 0.7851 0.0046
vn -0.5071 0.8619 -0.0046
vn -0.4997 0.8662 -0.0000
vn -0.4352 0.9003 -0.0000
vn -0.4340 0.9009 -0.0000
vn -0.3615 0.9324 -0.0009
vn -0.3629 0.9318 0.0007
vn -0.2252 0.9743 -0.0006
vn -0.2233 0.9747 -0.0023
vn -0.1448 0.9895 0.0003
vn -0.1413 0.9900 -0.0000
vn -0.1079 0.9942 -0.0001
vn -0.0532 0.9985 -0.0127
vn -0.0133 0.9988 -0.0476
vn -0.0000 0.9964 -0.0848
vn -0.5764 0.2298 0.7842
vn -0.5160 0.3307 0.7902
vn -0.5001 0.3286 0.8012
vn -0.4980 0.3295 0.8021
vn -0.4893 0.3264 0.8087
vn -0.5022 0.3193 0.8037
vn -0.4879 0.3245 0.8104
vn -0.5210 0.3087 0.7957
vn -0.4841 0.2918 0.8249
vn -0.5495 0.2643 0.7926
vn -0.5005 0.3225 0.8034
vn -0.5140 0.3153 0.7977
vn -0.5300 0.2991 0.7935
vn -0.5263 0.2982 0.7963
vn -0.5396 0.2779 0.7948
vn -0.5543 0.2706 0.7871
vn -0.5404 0.2661 0.7982
vn -0.5496 0.2495 0.7973
vn -0.5516 0.2368 0.7998
vn -0.5491 0.2368 0.8015
vn -0.5575 0.2224 0.7998
vn -0.5625 0.2215 0.7966
vn -0.5473 0.1860 0.8160
vn -0.5567 0.1859 0.8097
vn -0.5663 0.1620 0.8081
vn -0.5647 0.0922 0.8201
vn -0.5622 0.0968 0.8213
vn -0.5925 0.1248 0.7958
vn -0.5628 0.1317 0.8160
vn -0.5654 0.1537 0.8104
vn -0.5615 0.1645 0.8110
vn 0.2203 0.9754 -0.0001
vn -0.5954 -0.8017 0.0530
vn -0.7378 -0.6748 0.0153
vn -0.6753 -0.7375 0.0054
vn -0.0027 -0.0747 0.9972
vn -0.0032 -0.0707 0.9975
vn 0.0193 -0.0870 0.9960
vn 0.0164 -0.0842 0.9963
vn -0.0300 -0.0965 0.9949
vn -0.0335 -0.1019 0.9942
vn -0.0316 -0.0831 0.9960
vn -0.0430 -0.1124 0.9927
vn -0.0410 -0.1221 0.9917
vn -0.0385 -0.1284 0.9910
vn -0.0916 -0.1246 0.9880
vn -0.0759 -0.1473 0.9862
vn -0.3978 -0.5352 0.7452
vn -0.0145 -0.0452 0.9989
vn 0.0005 -0.0038 1.0000
vn -0.0422 -0.0130 0.9990
vn -0.0325 -0.0130 0.9994
vn -0.0408 -0.0294 0.9987
vn -0.0575 -0.0530 0.9969
vn -0.0566 -0.0512 0.9971
vn -0.0877 -0.0748 0.9933
vn -0.0881 -0.0750 0.9933
vn -0.1050 -0.1021 0.9892
vn -0.1128 -0.1097 0.9875
vn -0.1370 -0.1393 0.9807
vn -0.1238 -0.1292 0.9839
vn -0.1417 -0.1477 0.9788
vn -0.3343 -0.4780 0.8122
vn -0.3906 -0.4991 0.7736
vn -0.3436 -0.4446 0.8272
vn -0.3007 -0.3902 0.8702
vn -0.3011 -0.3906 0.8699
vn -0.2462 -0.2933 0.9238
vn -0.2564 -0.3009 0.9185
vn -0.1880 -0.2281 0.9553
vn -0.2273 -0.2564 0.9395
vn -0.1572 -0.1856 0.9700
vn -0.1940 -0.2073 0.9588
vn -0.1608 -0.1724 0.9718
vn -0.0004 0.0002 1.0000
vn 0.0002 0.0006 1.0000
vn 0.0003 -0.0003 1.0000
vn 0.4892 -0.8722 -0.0000
vn -0.4892 0.8722 -0.0000
vn -0.9999 0.0124 -0.0001
vn -0.9360 -0.3505 0.0332
vn -0.9555 -0.2944 0.0181
vn -0.8537 -0.3197 0.4112
vn -0.8883 -0.3200 0.3294
vn -0.8836 -0.3442 0.3174
vn -0.9197 -0.3299 0.2131
vn -0.9160 -0.3439 0.2067
vn -0.9307 -0.3473 0.1144
vn -0.9494 -0.2828 0.1367
vn -0.9231 -0.3777 0.0732
vn -0.8523 -0.3208 0.4132
vn -0.8281 -0.2938 0.4775
vn -0.8281 -0.2953 0.4764
vn -0.8020 -0.2932 0.5204
vn -0.7788 -0.2783 0.5621
vn -0.7545 -0.2966 0.5854
vn -0.7355 -0.2598 0.6258
vn -0.7171 -0.2562 0.6481
vn -0.6634 -0.2243 0.7139
vn -0.6637 -0.2321 0.7111
vn -0.6003 -0.2050 0.7731
vn -0.5430 -0.1597 0.8244
vn -0.5452 -0.2001 0.8141
vn -0.4315 -0.1138 0.8949
vn -0.4337 -0.1468 0.8890
vn -0.3415 -0.0826 0.9362
vn -0.1265 -0.0041 0.9920
vn -0.3668 -0.0679 0.9278
vn -0.2964 -0.0850 0.9513
vn -0.2874 -0.0737 0.9550
vn -0.2592 -0.0466 0.9647
vn -0.2568 -0.0423 0.9655
vn -0.2418 -0.0428 0.9694
vn -0.2115 -0.0382 0.9766
vn -0.1908 -0.0385 0.9809
vn -0.1841 -0.0203 0.9827
vn -0.1504 -0.0055 0.9886
vn -0.0785 0.0260 0.9966
vn -0.1088 0.0170 0.9939
vn -0.1254 -0.0015 0.9921
vn -0.0352 0.0535 0.9979
vn -0.0444 0.0470 0.9979
vn -0.0393 0.0541 0.9978
vn -0.0593 0.0369 0.9976
vn -0.0587 0.0378 0.9976
vn -0.0915 0.0260 0.9955
vn -0.1964 -0.2956 0.9349
vn -0.0705 -0.1613 0.9844
vn -0.1820 -0.2955 0.9378
vn -0.1811 -0.2899 0.9398
vn -0.6666 -0.7453 0.0143
vn -0.2583 -0.3220 0.9108
vn -0.0709 -0.1264 0.9894
vn 0.0194 -0.0642 0.9977
vn -0.3468 -0.5130 0.7853
vn -0.4128 -0.5304 0.7404
vn -0.3157 -0.4524 0.8341
vn -0.2934 -0.5273 0.7974
vn -0.3477 -0.4759 0.8078
vn -0.4323 -0.5675 0.7008
vn -0.4750 -0.6255 0.6190
vn -0.5005 -0.6528 0.5686
vn -0.5319 -0.6973 0.4804
vn -0.5458 -0.7117 0.4423
vn -0.5667 -0.7439 0.3542
vn -0.5618 -0.7391 0.3716
vn -0.5906 -0.7689 0.2449
vn -0.5766 -0.7619 0.2949
vn -0.5956 -0.7825 0.1814
vn -0.3370 -0.4881 0.8051
vn -0.2940 -0.4310 0.8531
vn -0.2941 -0.4309 0.8531
vn -0.2957 -0.4477 0.8439
vn -0.2158 -0.3513 0.9111
vn -0.2254 -0.3498 0.9093
vn -0.2240 -0.3420 0.9126
vn -0.2236 -0.3581 0.9065
vn -0.1848 -0.3015 0.9354
vn -0.1890 -0.3102 0.9317
vn -0.1689 -0.2823 0.9443
vn -0.1598 -0.2591 0.9525
vn -0.1608 -0.2446 0.9562
vn -0.1608 -0.2438 0.9564
vn -0.1578 -0.2794 0.9471
vn -0.1328 -0.2329 0.9634
vn -0.1332 -0.2361 0.9625
vn -0.1097 -0.2127 0.9709
vn -0.0968 -0.1903 0.9769
vn -0.0939 -0.1777 0.9796
vn -0.0816 -0.1718 0.9817
vn -0.0600 -0.1541 0.9862
vn -0.0726 -0.1627 0.9840
vn -0.0630 -0.1556 0.9858
vn -0.0519 -0.1411 0.9886
vn -0.0527 -0.1408 0.9886
vn -0.0420 -0.1316 0.9904
vn -0.0481 -0.1337 0.9898
vn -0.0157 -0.1218 0.9924
vn -0.0467 -0.1109 0.9927
vn -0.0358 -0.1119 0.9931
vn -0.0316 -0.1110 0.9933
vn -0.0296 -0.1105 0.9934
vn -0.0270 -0.1093 0.9936
vn -0.0207 -0.1057 0.9942
vn -0.0196 -0.1021 0.9946
vn -0.0204 -0.1051 0.9943
vn -0.0081 -0.0885 0.9960
vn -0.0035 -0.0901 0.9959
vn -0.0060 -0.0891 0.9960
vn -0.0069 -0.0893 0.9960
vn -0.0076 -0.0896 0.9959
vn -0.0093 -0.0907 0.9958
vn -0.0094 -0.0909 0.9958
vn -0.0089 -0.0901 0.9959
vn -0.0067 -0.0854 0.9963
vn -0.0057 -0.0814 0.9967
vn -0.0066 -0.0894 0.9960
vn 0.0051 -0.0771 0.9970
vn 0.0062 -0.0754 0.9971
vn 0.0102 -0.0725 0.9973
vn 0.0129 -0.0690 0.9975
vn 0.0150 -0.0677 0.9976
vn 0.0200 -0.0619 0.9979
vn 0.0187 -0.0622 0.9979
vn 0.0292 -0.0561 0.9980
vn 0.0226 -0.0565 0.9982
vn 0.0356 -0.0524 0.9980
vn 0.0269 -0.0518 0.9983
vn 0.0307 -0.0512 0.9982
vn 0.0324 -0.0506 0.9982
vn 0.0341 -0.0499 0.9982
vn 0.0327 -0.0508 0.9982
vn 0.0096 -0.0826 0.9965
vn 0.0032 -0.0842 0.9964
vn 0.0301 -0.0538 0.9981
vn 0.0298 -0.0529 0.9982
vn 0.0299 -0.0530 0.9982
vn 0.0313 -0.0555 0.9980
vn 0.0322 -0.0514 0.9982
vn 0.0321 -0.0513 0.9982
vn 0.0249 -0.0592 0.9979
vn 0.0220 -0.0632 0.9978
vn 0.0217 -0.0607 0.9979
vn 0.0197 -0.0645 0.9977
vn 0.0190 -0.0631 0.9978
vn 0.0176 -0.0666 0.9976
vn 0.0165 -0.0669 0.9976
vn 0.0068 -0.0706 0.9975
vn 0.0058 -0.0756 0.9971
vn -0.0024 -0.0751 0.9972
vn -0.0490 -0.0851 0.9952
vn -0.0352 -0.0912 0.9952
vn -0.0275 -0.0913 0.9954
vn -0.0230 -0.0901 0.9957
vn -0.0249 -0.0909 0.9956
vn -0.0297 -0.0956 0.9950
vn -0.0298 -0.0968 0.9949
vn -0.1564 -0.2119 0.9647
vn -0.4884 -0.5356 0.6889
vn -0.5001 -0.5436 0.6741
vn -0.4247 -0.4872 0.7630
vn -0.5707 -0.5839 0.5774
vn -0.4528 -0.5598 0.6940
vn -0.6440 -0.6541 0.3966
vn -0.6606 -0.7423 0.1122
vn -0.6554 -0.7384 0.1587
vn -0.6466 -0.7239 0.2407
vn -0.5208 -0.6350 0.5705
vn -0.5957 -0.6712 0.4412
vn -0.6289 -0.7023 0.3335
vn -0.6335 -0.7055 0.3176
vn -0.6441 -0.7350 0.2120
vn -0.6619 -0.7456 0.0767
vn -0.6495 -0.7604 -0.0045
vn -0.5998 -0.7998 0.0233
vn -0.6276 -0.7782 0.0230
vn -0.6304 -0.7761 0.0157
vn -0.6582 -0.7527 0.0161
vn -0.6602 -0.7490 0.0559
vn -0.0839 -0.1926 0.9777
vn -0.1061 -0.2081 0.9723
vn -0.1200 -0.2202 0.9681
vn -0.1314 -0.2305 0.9642
vn -0.1952 -0.2976 0.9345
vn -0.1469 -0.2635 0.9534
vn -0.1677 -0.2814 0.9448
vn -0.0211 -0.1085 0.9939
vn -0.0210 -0.1145 0.9932
vn -0.0214 -0.1133 0.9933
vn -0.0435 -0.1267 0.9910
vn -0.0434 -0.1272 0.9909
vn -0.0513 -0.1345 0.9896
vn -0.6641 -0.7415 0.0959
vn -0.6251 -0.7749 0.0933
vn -0.6269 -0.7743 0.0862
vn -0.6000 -0.7955 0.0846
vn -0.6000 -0.7996 0.0244
vn -0.0829 -0.1724 0.9815
vn -0.1362 -0.2234 0.9652
vn -0.1354 -0.2248 0.9650
vn -0.2555 -0.3378 0.9059
vn -0.2580 -0.3333 0.9068
vn -0.4632 -0.5436 0.6999
vn -0.4218 -0.5161 0.7454
vn -0.5295 -0.6239 0.5748
vn -0.4937 -0.6005 0.6290
vn -0.5806 -0.6877 0.4358
vn -0.5543 -0.6730 0.4898
vn -0.6105 -0.7279 0.3122
vn -0.5917 -0.7207 0.3612
vn -0.6253 -0.7518 0.2092
vn -0.6128 -0.7500 0.2489
vn -0.6277 -0.7627 0.1556
vn -0.5961 -0.7884 0.1522
vn -0.6005 -0.7943 0.0920
vn -0.3326 -0.3943 0.8567
vn -0.3030 -0.3400 0.8903
vn -0.2955 -0.3536 0.8875
vn -0.1847 -0.2548 0.9492
vn -0.1843 -0.2555 0.9491
vn -0.0834 -0.1667 0.9825
vn -0.0817 -0.1695 0.9821
vn -0.0614 -0.1449 0.9875
vn -0.1429 -0.1962 0.9701
vn -0.1836 -0.1221 0.9754
vn -0.1110 -0.1914 0.9752
vn -0.0675 -0.1338 0.9887
vn -0.0660 -0.1364 0.9885
vn -0.0824 -0.1403 0.9867
vn -0.1004 -0.1086 0.9890
vn -0.1111 -0.0934 0.9894
vn -0.2106 -0.3559 0.9105
vn -0.2179 -0.3456 0.9127
vn -0.2660 -0.3829 0.8847
vn -0.2678 -0.3800 0.8854
vn -0.3330 -0.4314 0.8385
vn -0.3385 -0.4217 0.8412
vn -0.3789 -0.4468 0.8104
vn -0.3873 -0.4317 0.8146
vn -0.3915 -0.4344 0.8112
vn -0.0252 -0.1079 0.9938
vn -0.0310 -0.0979 0.9947
vn -0.0212 -0.0965 0.9951
vn -0.0227 -0.0940 0.9953
vn -0.0068 -0.0884 0.9961
vn -0.0089 -0.0850 0.9963
vn -0.0008 -0.0846 0.9964
vn -0.0042 -0.0795 0.9968
vn 0.0202 -0.0821 0.9964
vn -0.2211 -0.2480 0.9432
vn -0.2173 -0.2660 0.9392
vn -0.2158 -0.2687 0.9387
vn -0.1195 -0.1882 0.9748
vn -0.1204 -0.1866 0.9750
vn -0.0414 -0.1222 0.9916
vn -0.0401 -0.1243 0.9914
vn -0.0267 -0.1049 0.9941
vn -0.0269 -0.1055 0.9941
vn -0.0042 -0.0869 0.9962
vn -0.0003 -0.0959 0.9954
vn 0.1025 -0.9947 0.0002
vn 0.1026 -0.9947 -0.0001
vn 0.1026 -0.9947 -0.0000
vn 0.1026 -0.9947 0.0001
vn 0.1025 -0.9947 -0.0001
vn 0.1025 -0.9947 -0.0003
vn -0.9691 -0.2467 -0.0000
vn -0.7159 -0.6982 -0.0000
vn -0.2709 -0.9626 -0.0000
vn 0.2467 -0.9691 -0.0000
vn 0.6982 -0.7159 -0.0000
vn 0.9626 -0.2709 -0.0000
vn 0.9691 0.2467 -0.0000
vn 0.7159 0.6982 -0.0000
vn 0.2709 0.9626 -0.0000
vn -0.2467 0.9691 -0.0000
vn -0.6982 0.7159 -0.0000
vn -0.9626 0.2709 -0.0000
vn 0.6863 -0.7274 -0.0000
vn 0.6862 -0.7274 -0.0000
vn 0.6863 -0.7273 -0.0000
vn 0.6862 -0.7274 -0.0001
vn 0.6865 -0.7271 -0.0001
vn 0.6860 -0.7276 0.0003
vn 0.6865 -0.7271 -0.0003
vn -0.7810 -0.6245 0.0017
vn 0.3353 -0.9419 0.0185
vn 0.3168 -0.9478 0.0355
vn 0.3059 -0.9500 0.0630
vn 0.3548 -0.9327 0.0651
vn 0.3271 -0.9438 0.0472
vn 0.3150 -0.9485 0.0334
vn 0.1909 -0.9788 0.0744
vn 0.2767 -0.9592 0.0578
vn 0.1688 -0.9793 0.1116
vn 0.2593 -0.9629 0.0748
vn 0.3046 -0.9503 0.0642
vn 0.0108 -0.9970 0.0767
vn 0.1352 -0.9888 0.0635
vn 0.1661 -0.9826 0.0836
vn 0.2555 -0.9667 0.0157
vn 0.2564 -0.9663 0.0236
vn 0.1449 -0.9892 0.0230
vn 0.3299 -0.9440 0.0023
vn 0.2878 -0.9577 0.0045
vn -0.8843 -0.4669 0.0093
vn -0.8053 -0.5919 0.0325
vn -0.7720 -0.6332 0.0554
vn -0.7872 -0.6143 0.0535
vn -0.7093 -0.6822 0.1778
vn -0.8236 -0.5475 0.1483
vn -0.8283 -0.5497 0.1085
vn -0.7584 -0.5609 0.3320
vn -0.7991 -0.5354 0.2736
vn -0.8111 -0.5406 0.2231
vn -0.7231 -0.4955 0.4813
vn -0.7770 -0.4365 0.4536
vn -0.7272 -0.5577 0.4002
vn -0.8419 -0.4391 0.3135
vn -0.1629 -0.9866 -0.0003
vn -0.5525 -0.8335 0.0007
vn -0.0620 -0.9956 0.0696
vn 0.1473 -0.9883 0.0407
vn 0.1454 -0.9891 0.0230
vn 0.0133 -0.9997 0.0219
vn 0.1447 -0.9894 0.0072
vn 0.1447 -0.9895 0.0013
vn 0.1743 -0.9845 -0.0216
vn 0.1562 -0.9840 0.0855
vn 0.1658 -0.9797 0.1129
vn 0.1750 -0.9756 0.1323
vn 0.1649 -0.9761 0.1414
vn -0.1644 -0.9864 0.0021
vn -0.1643 -0.9859 0.0305
vn -0.1647 -0.9859 0.0306
vn -0.1566 -0.9821 0.1047
vn -0.1577 -0.9819 0.1050
vn -0.1399 -0.9746 0.1748
vn -0.1404 -0.9745 0.1750
vn -0.1218 -0.9660 0.2280
vn -0.1221 -0.9659 0.2282
vn -0.1032 -0.9578 0.2683
vn -0.1099 -0.9545 0.2773
vn -0.5532 -0.8330 0.0022
vn -0.5525 -0.8322 0.0466
vn -0.5529 -0.8319 0.0466
vn -0.5405 -0.8261 0.1595
vn -0.5417 -0.8253 0.1599
vn -0.5155 -0.8145 0.2662
vn -0.5160 -0.8140 0.2665
vn -0.4876 -0.8011 0.3471
vn -0.4883 -0.8005 0.3476
vn -0.4585 -0.7875 0.4118
vn -0.4619 -0.7831 0.4164
vn 0.1152 -0.9903 0.0775
vn 0.1183 -0.9925 0.0307
vn 0.1280 -0.9868 -0.0996
vn 0.1360 -0.9807 -0.1407
vn 0.1999 -0.9770 0.0742
vn 0.2003 -0.9791 0.0341
vn 0.2458 -0.9627 -0.1131
vn 0.1728 -0.9845 0.0302
vn 0.1318 -0.9878 0.0830
vn 0.2575 -0.9639 0.0673
vn 0.2577 -0.9647 0.0538
vn 0.2971 -0.9545 -0.0261
vn 0.2444 -0.9686 0.0447
vn 0.2080 -0.9750 0.0784
vn 0.3097 -0.9496 0.0490
vn 0.2639 -0.9618 0.0726
vn 0.3173 -0.9480 0.0256
vn 0.2920 -0.9546 0.0588
vn -0.5492 -0.2991 0.7803
vn -0.5812 -0.3695 0.7250
vn -0.4768 -0.5771 0.6631
vn -0.7583 -0.2004 0.6204
vn -0.7071 -0.3796 0.5965
vn -0.5032 -0.2838 0.8162
vn -0.3539 -0.5235 0.7751
vn -0.4365 -0.2382 0.8676
vn -0.3865 -0.2257 0.8942
vn -0.2862 -0.3852 0.8774
vn -0.3245 -0.2088 0.9226
vn -0.2541 -0.1366 0.9575
vn -0.2163 -0.2864 0.9334
vn -0.1983 -0.0224 0.9799
vn -0.1750 -0.1606 0.9714
vn -0.1472 -0.0302 0.9886
vn -0.1440 -0.0942 0.9851
vn -0.1063 -0.0740 0.9916
vn -0.1079 -0.1108 0.9880
vn -0.0818 -0.0613 0.9948
vn -0.0680 -0.0625 0.9957
vn -0.0650 -0.1667 0.9839
vn -0.0496 -0.0495 0.9975
vn -0.0381 -0.0490 0.9981
vn -0.0170 -0.1301 0.9914
vn -0.0232 -0.0398 0.9989
vn 0.1555 -0.9759 0.1530
vn 0.0542 -0.6087 0.7915
vn -0.0643 -0.6925 0.7186
vn 0.0086 -0.9897 0.1429
vn 0.0650 -0.9872 0.1455
vn 0.0373 -0.9948 0.0946
vn -0.0111 -0.9964 0.0845
vn -0.0231 -0.9831 0.1814
vn -0.0544 -0.9968 0.0577
vn -0.0525 -0.9986 -0.0022
vn -0.1109 -0.9729 0.2027
vn -0.1062 -0.9907 0.0847
vn -0.0883 -0.9946 -0.0548
vn -0.0668 -0.8620 0.5024
vn 0.3097 -0.9495 0.0504
vn 0.1614 -0.9743 0.1573
vn -0.0926 -0.9418 0.3233
vn -0.4176 -0.7592 0.4992
vn -0.6143 -0.5392 0.5762
vn 0.1528 -0.9742 0.1661
vn 0.1623 -0.9705 0.1785
vn 0.1386 -0.9691 0.2042
vn 0.1427 -0.9678 0.2075
vn 0.1238 -0.9632 0.2386
vn 0.1005 -0.9688 0.2264
vn 0.0880 -0.9620 0.2584
vn 0.0315 -0.9704 0.2396
vn 0.0250 -0.9632 0.2676
vn -0.0371 -0.9663 0.2548
vn -0.0383 -0.9627 0.2679
vn -0.0884 -0.9616 0.2600
vn -0.0887 -0.9589 0.2694
vn -0.1206 -0.9565 0.2655
vn -0.1208 -0.9549 0.2712
vn -0.0464 -0.9599 0.2764
vn -0.0464 -0.9612 0.2721
vn 0.1162 -0.9531 0.2794
vn 0.1162 -0.9543 0.2753
vn -0.0987 -0.9382 0.3317
vn -0.0631 -0.9237 0.3780
vn -0.0823 -0.9130 0.3995
vn -0.0324 -0.8970 0.4407
vn -0.0481 -0.8827 0.4676
vn -0.0250 -0.8771 0.4797
vn -0.0354 -0.8603 0.5085
vn -0.0495 -0.8624 0.5038
vn -0.0543 -0.8460 0.5304
vn -0.0878 -0.8475 0.5234
vn -0.0874 -0.8392 0.5368
vn -0.1205 -0.8384 0.5315
vn -0.1193 -0.8320 0.5417
vn -0.1352 -0.8308 0.5398
vn -0.1346 -0.8244 0.5498
vn -0.0593 -0.8299 0.5548
vn -0.0593 -0.8300 0.5547
vn 0.0894 -0.8228 0.5612
vn 0.0893 -0.8239 0.5597
vn -0.4213 -0.7540 0.5039
vn -0.3532 -0.7258 0.5903
vn -0.3663 -0.7092 0.6024
vn -0.2601 -0.6749 0.6906
vn -0.2723 -0.6523 0.7073
vn -0.1880 -0.6317 0.7521
vn -0.1968 -0.6047 0.7717
vn -0.1500 -0.5977 0.7875
vn -0.1539 -0.5700 0.8071
vn -0.1427 -0.5696 0.8095
vn -0.1414 -0.5545 0.8201
vn -0.1459 -0.5544 0.8194
vn -0.1437 -0.5422 0.8279
vn -0.1353 -0.5428 0.8289
vn -0.1331 -0.5261 0.8400
vn -0.0681 -0.5314 0.8444
vn -0.0675 -0.5260 0.8478
vn 0.0393 -0.5212 0.8525
vn 0.0393 -0.5194 0.8536
vn -0.6167 -0.5347 0.5778
vn -0.5303 -0.4997 0.6849
vn -0.5395 -0.4828 0.6898
vn -0.4016 -0.4379 0.8044
vn -0.4119 -0.4130 0.8123
vn -0.2892 -0.3826 0.8775
vn -0.2978 -0.3512 0.8877
vn -0.2087 -0.3376 0.9178
vn -0.2131 -0.3036 0.9286
vn -0.1680 -0.3018 0.9384
vn -0.1677 -0.2826 0.9445
vn -0.1488 -0.2831 0.9475
vn -0.1472 -0.2668 0.9524
vn -0.1205 -0.2690 0.9556
vn -0.1178 -0.2440 0.9626
vn -0.0668 -0.2484 0.9664
vn -0.0661 -0.2376 0.9691
vn -0.0027 -0.2348 0.9720
vn -0.0030 -0.2299 0.9732
vn 0.3132 -0.9497 -0.0055
vn 0.2930 -0.9552 0.0405
vn 0.2938 -0.9550 0.0396
vn 0.4818 -0.8697 -0.1076
vn 0.3627 -0.9319 0.0001
vn 0.3013 -0.9535 0.0073
vn 0.3174 -0.9480 -0.0249
vn 0.3957 -0.9054 -0.1540
vn 0.2296 -0.9698 0.0823
vn 0.4137 -0.8719 -0.2619
vn 0.1960 -0.9747 0.1077
vn 0.1087 -0.9733 0.2022
vn 0.4510 -0.5481 -0.7044
vn 0.1554 -0.9768 0.1472
vn 0.2287 -0.9733 0.0179
vn 0.2628 -0.9646 -0.0229
vn -0.0245 -0.8865 0.4621
vn 0.0679 -0.9653 0.2521
vn 0.3600 -0.7560 -0.5467
vn 0.3761 -0.9266 0.0044
vn 0.4083 -0.9127 -0.0134
vn 0.3770 -0.9262 0.0091
vn 0.3776 -0.9260 0.0002
vn 0.3766 -0.9264 0.0012
vn 0.3759 -0.9266 0.0021
vn 0.3793 -0.9253 -0.0000
vn 0.3811 -0.9245 0.0002
vn 0.3955 -0.9185 0.0001
vn 0.3948 -0.9188 0.0003
vn 0.4066 -0.9136 -0.0004
vn 0.4054 -0.9142 0.0003
vn 0.4182 -0.9084 -0.0003
vn 0.4177 -0.9086 -0.0001
vn 0.4244 -0.9055 0.0001
vn 0.4245 -0.9054 -0.0001
vn 0.4280 -0.9038 -0.0000
vn 0.4279 -0.9038 -0.0000
vn 0.4303 -0.9027 -0.0000
vn 0.4303 -0.9027 0.0001
vn 0.4078 -0.9131 0.0001
vn 0.3894 -0.9211 0.0061
vn 0.3866 -0.9222 0.0083
vn -0.0460 0.7999 0.5984
vn -0.4315 0.8124 0.3922
vn -0.5732 0.7980 0.1861
vn -0.7140 0.6956 0.0798
vn -0.6797 0.7172 0.1539
vn -0.6854 0.6976 0.2088
vn -0.6963 0.7006 0.1557
vn -0.7084 0.6805 0.1875
vn -0.7149 0.6803 0.1618
vn -0.7271 0.6676 0.1601
vn -0.7213 0.6717 0.1692
vn -0.7186 0.6741 0.1708
vn -0.7209 0.6740 0.1613
vn -0.7249 0.6707 0.1568
vn -0.7270 0.6681 0.1587
vn -0.7054 0.6932 0.1482
vn -0.7148 0.6848 0.1418
vn -0.7244 0.6743 0.1433
vn -0.6943 0.7107 0.1138
vn -0.7159 0.6893 0.1116
vn -0.7168 0.6860 0.1252
vn -0.7023 0.7085 0.0688
vn -0.7219 0.6920 0.0028
vn -0.6734 0.7199 0.1681
vn -0.6453 0.7389 0.1939
vn -0.6536 0.7530 0.0764
vn -0.6348 0.7596 0.1418
vn -0.6184 0.7652 0.1791
vn 0.4972 0.8674 0.0206
vn 0.4943 0.8691 0.0203
vn 0.0828 0.9964 0.0183
vn 0.0810 0.9966 0.0180
vn -0.3671 0.9301 0.0121
vn -0.3673 0.9300 0.0121
vn 0.4977 0.8623 0.0937
vn 0.4949 0.8639 0.0931
vn 0.0842 0.9930 0.0833
vn 0.0808 0.9933 0.0824
vn -0.3649 0.9294 0.0557
vn -0.3684 0.9281 0.0546
vn 0.4905 0.8498 0.1930
vn 0.4899 0.8502 0.1928
vn 0.0809 0.9819 0.1712
vn 0.0777 0.9823 0.1702
vn -0.3636 0.9245 0.1144
vn -0.3690 0.9226 0.1123
vn -0.7140 0.7001 0.0043
vn -0.7287 0.6846 0.0145
vn -0.7170 0.6968 0.0196
vn -0.7225 0.6905 0.0353
vn -0.7145 0.6985 0.0397
vn -0.7194 0.6915 0.0652
vn -0.3752 0.9061 0.1955
vn -0.3695 0.9078 0.1986
vn 0.0626 0.9529 0.2969
vn 0.0633 0.9527 0.2971
vn 0.4688 0.8164 0.3372
vn 0.1663 0.8360 0.5230
vn 0.4334 0.7725 0.4641
vn 0.4649 0.8190 0.3363
vn -0.4308 0.8125 0.3928
vn -0.4767 0.7501 0.4583
vn -0.4765 0.7501 0.4586
vn -0.5128 0.7030 0.4928
vn -0.5111 0.7024 0.4954
vn -0.5324 0.6764 0.5089
vn -0.5304 0.6752 0.5126
vn -0.5382 0.6664 0.5160
vn -0.5365 0.6649 0.5198
vn -0.5359 0.6654 0.5196
vn -0.5346 0.6639 0.5229
vn -0.5235 0.6745 0.5206
vn -0.5222 0.6729 0.5239
vn -0.6004 0.7797 0.1777
vn -0.5993 0.7967 0.0782
vn -0.4998 0.6911 0.5221
vn -0.5012 0.6934 0.5177
vn -0.4117 0.5836 0.6999
vn -0.0537 0.8028 0.5938
vn -0.1289 0.7005 0.7019
vn -0.1359 0.7040 0.6970
vn -0.2014 0.6189 0.7592
vn -0.2050 0.6214 0.7562
vn -0.2529 0.5630 0.7868
vn -0.2542 0.5640 0.7857
vn -0.2856 0.5284 0.7995
vn -0.2857 0.5285 0.7994
vn -0.3068 0.5066 0.8058
vn -0.3065 0.5063 0.8060
vn -0.3228 0.4907 0.8093
vn -0.3226 0.4905 0.8095
vn -0.3292 0.4852 0.8101
vn -0.3069 0.4506 0.8383
vn -0.7155 0.6933 0.0857
vn -0.7037 0.7020 0.1098
vn -0.3949 0.8696 0.2964
vn -0.3908 0.8704 0.2994
vn 0.0230 0.8921 0.4513
vn 0.0192 0.8931 0.4495
vn 0.4068 0.7546 0.5149
vn 0.3305 0.6454 0.6887
vn 0.3163 0.6564 0.6849
vn 0.2264 0.5330 0.8152
vn 0.2134 0.5441 0.8114
vn 0.1310 0.4363 0.8902
vn 0.1220 0.4448 0.8873
vn 0.0565 0.3644 0.9295
vn 0.0513 0.3697 0.9277
vn 0.0021 0.3138 0.9495
vn -0.0006 0.3169 0.9485
vn -0.0391 0.2767 0.9602
vn -0.0405 0.2786 0.9595
vn -0.0808 0.2401 0.9674
vn -0.0824 0.2422 0.9667
vn -0.1191 0.2124 0.9699
vn -0.1149 0.2058 0.9718
vn -0.1704 0.2559 0.9516
vn -0.3751 0.0111 0.9269
vn -0.1941 0.5231 0.8299
vn -0.3974 0.4939 0.7734
vn -0.3980 0.5932 0.6998
vn -0.4724 0.6468 0.5987
vn -0.3559 0.7827 0.5106
vn -0.6333 0.6933 0.3439
vn -0.4390 0.8796 0.1834
vn -0.5671 0.8184 0.0929
vn 0.2340 -0.9598 0.1550
vn 0.2406 -0.9173 0.3174
vn 0.2486 -0.9168 0.3127
vn 0.2580 -0.9158 0.3079
vn -0.0109 -0.0369 0.9993
vn 0.1287 -0.1982 0.9717
vn 0.0228 -0.1397 0.9899
vn 0.2419 -0.9293 0.2792
vn 0.2557 -0.9182 0.3026
vn 0.1790 -0.8063 0.5638
vn 0.2007 -0.7436 0.6378
vn 0.0996 -0.5064 0.8565
vn 0.1120 -0.4533 0.8843
vn 0.0032 -0.1186 0.9929
vn 0.6354 -0.7282 0.2568
vn 0.6552 -0.6817 0.3256
vn 0.8102 -0.4197 0.4093
vn 0.3722 0.2426 0.8959
vn 0.3289 0.1695 0.9290
vn 0.3224 0.1760 0.9301
vn 0.2723 0.0964 0.9574
vn 0.2643 0.1033 0.9589
vn 0.2114 0.0282 0.9770
vn 0.2080 0.0314 0.9776
vn 0.1639 -0.0226 0.9862
vn 0.1635 -0.0221 0.9863
vn 0.1305 -0.0548 0.9899
vn 0.1308 -0.0555 0.9899
vn 0.1061 -0.0765 0.9914
vn 0.1068 -0.0779 0.9912
vn 0.0759 -0.0988 0.9922
vn 0.0766 -0.1009 0.9919
vn 0.0409 -0.1181 0.9922
vn 0.0391 -0.1080 0.9934
vn 0.5099 0.2637 0.8188
vn 0.4191 0.2994 0.8571
vn 0.3817 0.2333 0.8944
vn 0.5917 0.3415 0.7303
vn 0.4892 0.3934 0.7784
vn 0.4596 0.3372 0.8217
vn 0.6259 0.5652 0.5375
vn 0.6039 0.5230 0.6014
vn 0.6696 0.4194 0.6130
vn 0.5611 0.4864 0.6698
vn 0.5344 0.4343 0.7251
vn 0.9453 0.0660 0.3194
vn 0.8744 0.2661 0.4057
vn 0.9690 -0.1535 0.1934
vn 0.9394 -0.3246 0.1107
vn 0.9238 -0.3778 0.0625
vn 0.9426 -0.2951 0.1563
vn 0.9405 -0.3160 0.1246
vn 0.9438 -0.3104 0.1139
vn 0.9090 -0.3736 0.1848
vn 0.9231 -0.3368 0.1856
vn 0.9294 -0.3132 0.1953
vn 0.9288 -0.3371 0.1538
vn 0.9394 -0.3081 0.1500
vn 0.8781 -0.3796 0.2912
vn 0.8984 -0.3851 0.2111
vn 0.9133 -0.3398 0.2245
vn 0.8540 -0.4773 0.2069
vn 0.8656 -0.4209 0.2713
vn 0.8658 -0.4172 0.2764
vn 0.8880 -0.4323 0.1568
vn 0.7663 -0.5024 0.4004
vn 0.8094 -0.5238 0.2657
vn 0.8266 -0.4992 0.2599
vn 0.6928 -0.6969 0.1853
vn 0.7030 -0.6216 0.3456
vn 0.6884 -0.5630 0.4573
vn 0.7535 -0.6164 0.2287
vn 0.7810 -0.5422 0.3100
vn 0.5534 -0.7381 0.3860
vn 0.6041 -0.7770 0.1768
vn 0.4902 -0.8066 0.3305
vn 0.4642 -0.7918 0.3969
vn 0.4456 -0.8525 0.2732
vn 0.3844 -0.8817 0.2735
vn 0.3253 -0.8512 0.4118
vn 0.3059 -0.9007 0.3084
vn 0.6889 0.5574 0.4635
vn 0.7220 0.4958 0.4827
vn 0.8452 0.3130 0.4332
vn 0.8089 0.2451 0.5344
vn 0.8014 0.2598 0.5388
vn 0.7541 0.1682 0.6349
vn 0.7475 0.1794 0.6396
vn 0.6984 0.0867 0.7105
vn 0.6934 0.0944 0.7143
vn 0.6478 0.0127 0.7617
vn 0.6443 0.0179 0.7646
vn 0.6036 -0.0509 0.7956
vn 0.6012 -0.0475 0.7977
vn 0.5507 -0.1269 0.8250
vn 0.5484 -0.1242 0.8270
vn 0.4899 -0.2074 0.8468
vn 0.4896 -0.2071 0.8470
vn 0.4307 -0.2793 0.8582
vn 0.4320 -0.2810 0.8570
vn 0.3784 -0.3346 0.8631
vn 0.3791 -0.3360 0.8622
vn 0.3305 -0.3772 0.8651
vn 0.3313 -0.3792 0.8640
vn 0.2622 -0.4258 0.8660
vn 0.2628 -0.4278 0.8648
vn 0.1743 -0.4701 0.8652
vn 0.1700 -0.4355 0.8840
vn 0.9565 -0.0072 0.2917
vn 0.9348 -0.0474 0.3521
vn 0.9334 -0.0370 0.3570
vn 0.9016 -0.0984 0.4213
vn 0.9008 -0.0943 0.4240
vn 0.8658 -0.1599 0.4741
vn 0.8657 -0.1594 0.4745
vn 0.8314 -0.2207 0.5099
vn 0.8315 -0.2210 0.5097
vn 0.7998 -0.2746 0.5338
vn 0.8000 -0.2750 0.5333
vn 0.7573 -0.3417 0.5566
vn 0.7584 -0.3436 0.5539
vn 0.7034 -0.4216 0.5723
vn 0.7048 -0.4238 0.5689
vn 0.6398 -0.5030 0.5810
vn 0.6416 -0.5060 0.5764
vn 0.5756 -0.5726 0.5837
vn 0.5762 -0.5744 0.5814
vn 0.5107 -0.6298 0.5853
vn 0.5112 -0.6317 0.5828
vn 0.4135 -0.6972 0.5856
vn 0.4138 -0.6987 0.5836
vn 0.2839 -0.7605 0.5840
vn 0.2833 -0.7168 0.6371
vn -0.8073 0.5901 -0.0000
vn -0.8072 0.5902 -0.0005
vn -0.8115 0.5844 0.0009
vn -0.8130 0.5822 0.0046
vn -0.8128 0.5826 -0.0054
vn -0.8140 0.5809 -0.0032
vn -0.8214 0.5704 0.0008
vn -0.8207 0.5713 -0.0027
vn -0.8363 0.5482 0.0103
vn -0.8256 0.5642 -0.0031
vn -0.8425 0.5387 0.0058
vn -0.8340 0.5518 -0.0008
vn -0.8424 0.5388 0.0011
vn -0.8400 0.5425 -0.0000
vn -0.8433 0.5375 -0.0000
vn -0.8451 0.5346 0.0003
vn -0.8447 0.5353 -0.0000
vn -0.8449 0.5349 -0.0000
vn -0.8457 0.5337 -0.0000
vn -0.8450 0.5348 -0.0000
vn -0.8452 0.5345 -0.0001
vn -0.8472 0.5313 -0.0004
vn -0.8421 0.5393 0.0002
vn -0.8448 0.5350 -0.0017
vn -0.8410 0.5410 -0.0002
vn -0.8351 0.5502 0.0002
vn -0.9842 0.0369 -0.1732
vn -0.8254 0.5645 0.0039
vn -0.8307 0.5567 0.0006
vn -0.8292 0.5589 -0.0005
vn -0.8241 0.5665 0.0034
vn -0.8321 0.5546 -0.0075
vn -0.7915 0.6103 0.0324
vn -0.8834 0.4398 -0.1616
vn -0.8049 0.5932 0.0145
vn -0.8453 0.5323 -0.0463
vn -0.8108 0.5853 0.0098
vn -0.8398 0.5423 -0.0251
vn -0.8200 0.5723 0.0022
vn -0.8283 0.5602 -0.0038
vn -0.5600 0.8243 0.0837
vn -0.6745 0.7383 0.0083
vn -0.4229 0.8986 0.1168
vn -0.9840 -0.1604 0.0771
vn -0.5653 0.8196 0.0929
vn -0.1278 0.1741 0.9764
vn -0.1676 0.2579 0.9515
vn -0.3605 0.5204 0.7741
vn -0.2395 0.1467 0.9597
vn -0.2121 0.1597 0.9641
vn -0.2397 0.2514 0.9377
vn -0.2884 0.1599 0.9441
vn -0.3082 0.1972 0.9306
vn -0.3258 0.1117 0.9388
vn -0.3637 0.0954 0.9266
vn -0.4350 0.2149 0.8744
vn -0.4201 -0.0100 0.9074
vn -0.8400 -0.0453 0.5407
vn -0.7852 -0.0789 0.6141
vn -0.7075 -0.0526 0.7047
vn -0.7673 0.2362 0.5962
vn -0.6676 -0.0301 0.7439
vn -0.9741 -0.1282 0.1862
vn -0.5239 0.8518 0.0047
vn -0.4909 0.8712 0.0037
vn -0.4761 0.8794 -0.0000
vn -0.4087 0.9124 0.0211
vn -0.6557 0.7531 0.0535
vn -0.8078 0.5839 0.0800
vn -0.5669 0.8229 0.0384
vn -0.4549 0.8851 0.0983
vn -0.4665 0.8806 0.0828
vn -0.6778 0.6981 0.2307
vn -0.4757 0.8741 0.0984
vn -0.4300 0.8996 0.0766
vn -0.4167 0.9030 0.1046
vn -0.4379 0.8903 0.1249
vn -0.6367 0.6713 0.3794
vn -0.5292 0.8189 0.2221
vn -0.4491 0.8872 0.1059
vn -0.4149 0.9026 0.1151
vn -0.4053 0.9109 0.0770
vn -0.4166 0.9023 0.1105
vn -0.4324 0.8959 0.1017
vn -0.4151 0.9096 0.0180
vn -0.4212 0.9018 0.0968
vn -0.4210 0.9005 0.1091
vn -0.4583 0.8833 0.0990
vn -0.4447 0.8880 -0.1172
vn -0.4858 0.8660 0.1182
vn -0.1429 0.1303 0.9811
vn -0.1669 0.2041 0.9646
vn -0.3227 0.4813 0.8150
vn -0.3233 0.4808 0.8150
vn -0.4432 0.6672 0.5987
vn -0.6728 0.6925 0.2603
vn -0.7289 0.6285 0.2714
vn -0.8704 0.2689 0.4125
vn -0.5242 -0.0594 0.8495
vn -0.5149 0.0816 0.8534
vn -0.5638 0.3855 0.7304
vn -0.4783 0.4186 0.7720
vn -0.4783 0.4173 0.7727
vn -0.3933 0.4541 0.7995
vn -0.3929 0.4515 0.8011
vn -0.3409 0.4765 0.8104
vn -0.3399 0.4733 0.8127
vn -0.3236 0.4825 0.8139
vn -0.4486 0.7182 0.5319
vn -0.4739 0.7023 0.5312
vn -0.5119 0.7864 0.3458
vn -0.9933 -0.1130 0.0242
vn -0.9991 -0.0058 0.0429
vn -0.9591 0.2798 0.0431
vn -0.9715 0.2336 0.0398
vn -0.8658 0.4994 0.0313
vn -0.7922 0.6095 0.0309
vn -0.7012 0.7128 0.0169
vn -0.5687 0.8223 0.0206
vn -0.4366 0.8996 0.0098
vn -0.4009 0.9161 0.0072
vn -0.9800 -0.1590 0.1198
vn -0.9855 -0.0287 0.1675
vn -0.9601 0.2371 0.1482
vn -0.9602 0.2365 0.1482
vn -0.7852 0.6115 0.0979
vn -0.7866 0.6097 0.0979
vn -0.6710 0.7380 0.0715
vn -0.5660 0.8222 0.0599
vn -0.4651 0.8846 0.0349
vn -0.4924 0.8684 0.0592
vn -0.3743 0.9271 0.0195
vn -0.9233 0.2486 0.2927
vn -0.9232 0.2492 0.2927
vn -0.7625 0.6176 0.1930
vn -0.7642 0.6153 0.1934
vn -0.6588 0.7387 0.1423
vn -0.6041 0.7870 0.1251
vn -0.5126 0.8546 0.0827
vn -0.4821 0.8469 0.2244
vn -0.5106 0.8360 0.2007
vn -0.5066 0.8395 0.1964
vn -0.5321 0.8307 0.1637
vn -0.6292 0.7445 0.2232
vn -0.5431 0.8286 0.1358
vn -0.5522 0.8256 0.1163
vn -0.4709 0.8791 0.0735
vn -0.4427 0.8948 0.0583
vn -0.4146 0.9030 0.1131
vn -0.4180 0.9005 0.1198
vn -0.4667 0.8516 0.2385
vn -0.4833 0.8453 0.2279
vn -0.5818 0.6783 0.4488
vn -0.6454 0.6536 0.3952
vn -0.6440 0.6559 0.3938
vn -0.6988 0.6375 0.3244
vn -0.8216 0.2867 0.4926
vn -0.8704 0.2698 0.4119
vn -0.5139 0.8333 0.2039
vn -0.5087 0.8596 0.0476
vn -0.4989 0.8249 0.2658
vn -0.4670 0.8427 0.2681
vn -0.4670 0.8445 0.2622
vn -0.4485 0.8534 0.2655
vn -0.4477 0.8560 0.2587
vn -0.4535 0.8534 0.2569
vn -0.4516 0.8564 0.2503
vn -0.4676 0.8501 0.2423
vn -0.5404 0.6929 0.4773
vn -0.5818 0.6770 0.4507
vn -0.6331 0.3583 0.6862
vn -0.7341 0.3192 0.5993
vn -0.7345 0.3170 0.6000
vn -0.8217 0.2879 0.4919
vn -0.7784 -0.2239 0.5865
vn -0.8761 -0.0673 0.4775
vn -0.8799 -0.2047 0.4287
vn -0.9448 0.0329 0.3260
vn -0.9404 -0.1472 0.3067
vn -0.9565 -0.1524 0.2487
vn -0.5545 0.8280 0.0838
vn -0.5481 0.8364 -0.0030
vn -0.5302 0.8048 0.2668
vn -0.4986 0.8245 0.2677
vn -0.4493 0.7189 0.5303
vn -0.4374 0.7256 0.5312
vn -0.4379 0.7285 0.5268
vn -0.4504 0.7224 0.5246
vn -0.4502 0.7257 0.5203
vn -0.4927 0.7073 0.5070
vn -0.4918 0.7105 0.5033
vn -0.5403 0.6916 0.4793
vn -0.5638 0.3856 0.7304
vn -0.6332 0.3589 0.6857
vn -0.5996 0.0537 0.7985
vn -0.6154 -0.0106 0.7881
vn 0.8723 -0.4889 -0.0029
vn 0.8763 -0.4818 -0.0000
vn -0.3070 -0.8705 0.3847
vn 0.8728 -0.4881 -0.0005
vn 0.8686 -0.4956 0.0004
vn 0.8759 -0.4825 -0.0049
vn 0.9454 -0.3249 0.0262
vn 0.7326 0.6734 0.0986
vn 0.7201 0.6614 0.2096
vn 0.7049 0.5865 0.3988
vn 0.9454 -0.3199 0.0618
vn 0.9535 -0.2893 0.0841
vn 0.9256 -0.3746 0.0551
vn 0.9473 -0.3128 0.0697
vn 0.9797 -0.1337 0.1494
vn 0.9828 0.0018 0.1847
vn 0.9681 0.1080 0.2259
vn 0.8945 0.3397 0.2907
vn 0.9039 0.3210 0.2828
vn 0.6969 0.6222 0.3566
vn 0.8509 0.4424 0.2833
vn 0.8255 0.5631 0.0393
vn 0.9528 -0.3035 0.0116
vn 0.9433 -0.3320 0.0027
vn 0.9512 -0.3060 0.0406
vn 0.9289 0.3702 0.0049
vn 0.9261 0.3773 0.0011
vn 0.9968 0.0794 0.0043
vn 0.9996 0.0151 0.0234
vn 0.9944 -0.1058 0.0005
vn 0.9422 -0.3351 0.0043
vn 0.9418 -0.3361 -0.0000
vn 0.9458 -0.3242 0.0195
vn 0.9570 -0.2898 0.0136
vn 0.9994 0.0191 0.0294
vn 0.9995 0.0150 0.0295
vn 0.9245 0.3786 0.0446
vn 0.9253 0.3767 0.0447
vn 0.7341 0.6769 0.0536
vn 0.7350 0.6780 0.0032
vn 0.7367 0.6762 0.0044
vn 0.7304 0.6697 0.1342
vn 0.8183 0.5474 0.1750
vn 0.9173 0.3670 0.1544
vn 0.9143 0.3745 0.1545
vn 0.9948 0.0117 0.1015
vn 0.9945 0.0229 0.1021
vn 0.9563 -0.2885 0.0463
vn 0.9469 -0.3174 0.0520
vn 0.7367 0.6762 -0.0044
vn 0.8088 0.5858 -0.0514
vn 0.7362 0.6755 -0.0415
vn 0.7068 0.6329 -0.3160
vn 0.7160 0.6483 -0.2591
vn 0.7744 0.6064 -0.1807
vn 0.7282 0.6623 -0.1766
vn 0.7343 0.6716 -0.0986
vn 0.9164 0.2886 -0.2774
vn 0.9758 0.0795 -0.2036
vn 0.9458 -0.3154 -0.0772
vn 0.8951 -0.4459 0.0009
vn 0.9654 -0.2341 -0.1149
vn 0.9518 -0.3038 -0.0426
vn 0.9404 -0.3373 -0.0435
vn 0.9390 -0.3397 -0.0529
vn 0.9540 -0.2967 -0.0426
vn 0.9507 -0.3072 -0.0425
vn 0.9394 -0.3417 -0.0291
vn 0.9418 -0.3361 -0.0009
vn 0.9404 -0.3402 -0.0028
vn 0.9507 -0.3100 -0.0125
vn 0.9425 -0.3338 -0.0133
vn 0.9398 -0.3410 -0.0222
vn 0.9968 0.0794 -0.0027
vn 0.9822 -0.0119 -0.1876
vn 0.9948 0.0102 -0.1012
vn 0.9952 -0.0008 -0.0982
vn 0.9996 0.0064 -0.0291
vn 0.9996 0.0022 -0.0286
vn 0.9997 0.0023 -0.0245
vn 0.9944 -0.1058 -0.0019
vn 0.7227 0.5671 -0.3950
vn 0.8023 0.4965 -0.3313
vn 0.8984 0.3343 -0.2847
vn 0.9171 0.3674 -0.1545
vn 0.9203 0.3602 -0.1527
vn 0.9274 0.3715 -0.0445
vn 0.9281 0.3696 -0.0443
vn 0.9290 0.3702 -0.0037
vn 0.9289 0.3702 -0.0037
vn 0.8914 -0.4529 -0.0151
vn 0.9601 -0.2439 -0.1369
vn 0.9375 -0.3333 -0.0998
vn 0.9299 -0.3524 -0.1054
vn 0.9416 -0.3096 -0.1328
vn 0.9521 0.0346 -0.3038
vn 0.8835 0.2293 -0.4086
vn 0.5754 0.5068 -0.6419
vn 0.7098 0.3423 -0.6156
vn 0.6069 0.5204 -0.6007
vn 0.6412 0.5883 -0.4927
vn 0.7580 0.4228 -0.4966
vn 0.7068 0.5382 -0.4591
vn 0.5528 0.1944 -0.8103
vn 0.4629 0.3347 -0.8208
vn 0.5041 0.4138 -0.7580
vn 0.6266 0.2763 -0.7287
vn 0.5375 0.4318 -0.7243
vn 0.4353 0.3203 -0.8414
vn 0.3862 0.2327 -0.8926
vn 0.3747 0.2383 -0.8960
vn 0.3333 0.1684 -0.9277
vn 0.3252 0.1722 -0.9299
vn 0.2764 0.0946 -0.9564
vn 0.2674 0.0999 -0.9584
vn 0.2151 0.0258 -0.9763
vn 0.2113 0.0283 -0.9770
vn 0.1673 -0.0257 -0.9856
vn 0.1668 -0.0253 -0.9857
vn 0.1335 -0.0583 -0.9893
vn 0.1340 -0.0587 -0.9892
vn 0.1086 -0.0804 -0.9908
vn 0.1098 -0.0814 -0.9906
vn 0.0779 -0.1031 -0.9916
vn 0.0793 -0.1047 -0.9913
vn 0.0421 -0.1226 -0.9916
vn 0.0436 -0.1248 -0.9912
vn 0.3526 -0.9159 -0.1918
vn 0.3527 -0.9159 -0.1915
vn 0.4663 -0.8637 -0.1912
vn 0.4832 -0.8282 -0.2840
vn 0.5294 -0.8263 -0.1923
vn 0.6030 -0.7749 -0.1896
vn 0.6021 -0.7746 -0.1934
vn 0.7693 -0.6102 -0.1894
vn 0.7483 -0.6194 -0.2376
vn 0.7208 -0.6077 -0.3332
vn 0.7220 -0.6658 -0.1881
vn 0.6739 -0.7132 -0.1928
vn 0.6754 -0.7006 -0.2304
vn 0.6497 -0.7358 -0.1907
vn 0.7882 -0.5867 -0.1857
vn 0.7886 -0.5394 -0.2951
vn 0.8120 -0.5526 -0.1880
vn 0.9301 -0.3456 -0.1242
vn 0.9224 -0.3602 -0.1394
vn 0.9222 -0.3618 -0.1365
vn 0.9065 -0.3912 -0.1590
vn 0.9065 -0.3942 -0.1514
vn 0.8880 -0.4271 -0.1704
vn 0.8883 -0.4291 -0.1636
vn 0.8698 -0.4603 -0.1775
vn 0.8703 -0.4615 -0.1719
vn 0.8515 -0.4915 -0.1826
vn 0.8349 -0.4731 -0.2812
vn 0.8352 -0.4792 -0.2698
vn 0.8321 -0.5241 -0.1813
vn 0.9590 -0.0257 -0.2822
vn 0.9389 -0.0631 -0.3385
vn 0.9365 -0.0554 -0.3463
vn 0.9066 -0.1129 -0.4066
vn 0.9054 -0.1103 -0.4101
vn 0.8717 -0.1735 -0.4583
vn 0.8717 -0.1734 -0.4584
vn 0.8381 -0.2333 -0.4930
vn 0.8384 -0.2336 -0.4924
vn 0.8072 -0.2864 -0.5161
vn 0.8076 -0.2867 -0.5153
vn 0.7653 -0.3528 -0.5384
vn 0.7669 -0.3542 -0.5352
vn 0.7119 -0.4322 -0.5535
vn 0.7139 -0.4338 -0.5497
vn 0.6482 -0.5138 -0.5620
vn 0.6508 -0.5159 -0.5571
vn 0.5835 -0.5838 -0.5645
vn 0.5850 -0.5847 -0.5620
vn 0.5179 -0.6415 -0.5660
vn 0.5194 -0.6425 -0.5633
vn 0.4196 -0.7095 -0.5662
vn 0.4207 -0.7104 -0.5642
vn 0.2947 -0.7708 -0.5648
vn 0.2950 -0.7711 -0.5643
vn 0.8530 0.3071 -0.4220
vn 0.8161 0.2372 -0.5270
vn 0.8070 0.2482 -0.5359
vn 0.7619 0.1610 -0.6274
vn 0.7538 0.1686 -0.6351
vn 0.7067 0.0796 -0.7030
vn 0.7005 0.0844 -0.7087
vn 0.6565 0.0056 -0.7543
vn 0.6519 0.0086 -0.7582
vn 0.6125 -0.0582 -0.7883
vn 0.6094 -0.0563 -0.7909
vn 0.5596 -0.1344 -0.8178
vn 0.5570 -0.1326 -0.8198
vn 0.4987 -0.2154 -0.8396
vn 0.4985 -0.2153 -0.8397
vn 0.4391 -0.2882 -0.8510
vn 0.4407 -0.2895 -0.8497
vn 0.3861 -0.3441 -0.8559
vn 0.3874 -0.3450 -0.8549
vn 0.3374 -0.3875 -0.8579
vn 0.3390 -0.3888 -0.8567
vn 0.2679 -0.4368 -0.8587
vn 0.2693 -0.4383 -0.8575
vn 0.1811 -0.4806 -0.8580
vn 0.1820 -0.4819 -0.8571
vn 0.0205 -0.1317 -0.9911
vn 0.0152 -0.1405 -0.9900
vn 0.0167 -0.1338 -0.9909
vn 0.1167 -0.5018 -0.8571
vn 0.1166 -0.5021 -0.8569
vn 0.2009 -0.8009 -0.5642
vn 0.2010 -0.8006 -0.5644
vn 0.2470 -0.9501 -0.1907
vn 0.2473 -0.9498 -0.1916
vn 0.6456 0.7633 -0.0240
vn -0.0069 0.0206 -0.9998
vn -0.0332 0.0523 -0.9981
vn -0.0217 0.0614 -0.9979
vn -0.0339 0.0608 -0.9976
vn -0.0286 0.0613 -0.9977
vn 0.1272 0.1978 -0.9720
vn 0.0518 0.1512 -0.9871
vn 0.0904 0.1514 -0.9843
vn 0.0173 0.1107 -0.9937
vn 0.0459 0.1118 -0.9927
vn 0.0012 0.0858 -0.9963
vn 0.0057 0.0871 -0.9962
vn -0.0076 0.0721 -0.9974
vn -0.0186 0.0648 -0.9977
vn 0.1299 0.2216 -0.9664
vn 0.2275 0.3086 -0.9236
vn 0.1666 0.2768 -0.9464
vn 0.2343 0.3303 -0.9143
vn 0.2954 0.4059 -0.8649
vn 0.2767 0.3926 -0.8771
vn 0.3712 0.5030 -0.7805
vn 0.3597 0.4817 -0.7991
vn 0.3181 0.4318 -0.8440
vn 0.5075 0.6703 -0.5415
vn 0.5045 0.6616 -0.5548
vn 0.4755 0.6220 -0.6221
vn 0.4457 0.5941 -0.6696
vn 0.4377 0.5767 -0.6898
vn 0.3996 0.5300 -0.7480
vn 0.5799 0.7689 -0.2692
vn 0.5776 0.7474 -0.3281
vn 0.5525 0.7263 -0.4090
vn 0.5516 0.7217 -0.4182
vn 0.5323 0.6928 -0.4864
vn 0.5804 0.7618 -0.2877
vn 0.6010 0.7770 -0.1872
vn 0.6028 0.7766 -0.1831
vn 0.6010 0.7920 -0.1079
vn 0.6023 0.7917 -0.1023
vn 0.6068 0.7937 -0.0431
vn 0.6073 0.7933 -0.0441
vn 0.6102 0.7923 -0.0046
vn 0.6470 0.7622 -0.0203
vn 0.6471 0.7574 -0.0875
vn 0.6461 0.7576 -0.0925
vn 0.2686 0.3291 -0.9053
vn 0.3738 0.4308 -0.8214
vn 0.3481 0.4222 -0.8370
vn 0.4852 0.5380 -0.6893
vn 0.4235 0.5221 -0.7403
vn 0.5616 0.6133 -0.5554
vn 0.5065 0.5963 -0.6228
vn 0.5882 0.6628 -0.4633
vn 0.5714 0.6562 -0.4929
vn 0.6190 0.7104 -0.3350
vn 0.6053 0.7086 -0.3627
vn 0.6480 0.7372 -0.1914
vn 0.6235 0.7414 -0.2482
vn 0.6454 0.7475 -0.1573
vn -0.0166 0.0768 -0.9969
vn 0.0539 0.0914 -0.9944
vn 0.0097 0.1175 -0.9930
vn 0.1148 0.1290 -0.9850
vn 0.0660 0.1422 -0.9876
vn 0.1476 0.1877 -0.9711
vn 0.1262 0.1873 -0.9741
vn 0.2002 0.2514 -0.9470
vn 0.2327 0.3010 -0.9248
vn 0.2590 0.3431 -0.9029
vn 0.3095 0.3870 -0.8686
vn 0.3387 0.4346 -0.8345
vn 0.3901 0.4802 -0.7856
vn 0.4185 0.5281 -0.7389
vn 0.4670 0.5712 -0.6751
vn 0.4903 0.6137 -0.6189
vn 0.5301 0.6484 -0.5465
vn 0.5457 0.6814 -0.4877
vn 0.5752 0.7060 -0.4131
vn 0.5832 0.7286 -0.3593
vn 0.6024 0.7434 -0.2905
vn 0.6048 0.7574 -0.2462
vn 0.6159 0.7650 -0.1884
vn 0.6151 0.7731 -0.1552
vn 0.6209 0.7763 -0.1089
vn 0.6189 0.7807 -0.0864
vn 0.6231 0.7819 -0.0205
vn 0.6265 0.7791 -0.0238
vn -0.0183 0.0638 -0.9978
vn -0.0156 0.0676 -0.9976
vn 0.0158 0.0876 -0.9960
vn 0.0215 0.0973 -0.9950
vn 0.0574 0.1223 -0.9908
vn 0.0678 0.1393 -0.9879
vn 0.1066 0.1684 -0.9799
vn 0.1223 0.1938 -0.9734
vn -0.0211 0.0612 -0.9979
vn -0.0199 0.0646 -0.9977
vn 0.0081 0.0832 -0.9965
vn 0.0129 0.0924 -0.9956
vn 0.0439 0.1148 -0.9924
vn 0.0524 0.1305 -0.9901
vn 0.0866 0.1573 -0.9837
vn 0.0992 0.1802 -0.9786
vn 0.1616 0.2322 -0.9591
vn 0.1646 0.2276 -0.9597
vn 0.1858 0.2617 -0.9471
vn 0.1934 0.2498 -0.9488
vn 0.2755 0.3314 -0.9024
vn -0.7186 0.6747 -0.1683
vn -0.7245 0.6715 -0.1554
vn -0.7256 0.6684 -0.1636
vn -0.7195 0.6727 -0.1729
vn -0.7167 0.6775 -0.1652
vn -0.7048 0.6843 -0.1872
vn -0.7009 0.6952 -0.1596
vn -0.6986 0.6964 -0.1644
vn -0.6796 0.7110 -0.1806
vn -0.6802 0.7171 -0.1516
vn -0.6460 0.7331 -0.2128
vn -0.6537 0.7530 -0.0756
vn -0.6246 0.7600 -0.1798
vn -0.6070 0.7752 -0.1750
vn -0.5972 0.7962 -0.0964
vn -0.5811 0.7943 -0.1771
vn -0.7118 0.6990 -0.0689
vn -0.7180 0.6948 -0.0402
vn -0.7134 0.6997 -0.0400
vn -0.7216 0.6921 -0.0187
vn -0.7230 0.6906 -0.0189
vn -0.7183 0.6957 -0.0038
vn -0.7219 0.6920 -0.0042
vn -0.6999 0.7053 -0.1127
vn -0.7174 0.6905 -0.0919
vn -0.7081 0.7026 -0.0696
vn -0.7227 0.6752 -0.1474
vn -0.7180 0.6816 -0.1408
vn -0.7042 0.6941 -0.1495
vn -0.7177 0.6854 -0.1234
vn -0.7134 0.6915 -0.1137
vn 0.4942 0.8691 -0.0206
vn 0.0810 0.9965 -0.0183
vn -0.3673 0.9300 -0.0122
vn 0.4976 0.8671 -0.0202
vn 0.4954 0.8636 -0.0936
vn 0.4979 0.8622 -0.0930
vn 0.4902 0.8500 -0.1931
vn 0.4909 0.8495 -0.1930
vn 0.4694 0.8164 -0.3364
vn 0.4652 0.8185 -0.3371
vn 0.4339 0.7722 -0.4641
vn 0.2826 0.8169 -0.5028
vn 0.3923 0.7335 -0.5551
vn 0.3321 0.6469 -0.6865
vn 0.3155 0.6544 -0.6872
vn 0.2282 0.5347 -0.8136
vn 0.2123 0.5419 -0.8132
vn 0.1326 0.4375 -0.8894
vn 0.1211 0.4430 -0.8883
vn 0.0576 0.3650 -0.9292
vn 0.0509 0.3685 -0.9282
vn 0.0029 0.3140 -0.9494
vn -0.0007 0.3161 -0.9487
vn -0.0385 0.2767 -0.9602
vn -0.0405 0.2780 -0.9597
vn -0.0803 0.2399 -0.9675
vn -0.0823 0.2417 -0.9669
vn -0.1193 0.2116 -0.9700
vn -0.1210 0.2134 -0.9694
vn 0.0845 0.9963 -0.0180
vn 0.0825 0.9931 -0.0832
vn 0.0858 0.9929 -0.0827
vn 0.0792 0.9821 -0.1712
vn 0.0827 0.9818 -0.1708
vn 0.0642 0.9526 -0.2973
vn 0.0649 0.9526 -0.2973
vn 0.0247 0.8922 -0.4510
vn 0.0204 0.8925 -0.4506
vn -0.0439 0.8006 -0.5976
vn -0.0531 0.8015 -0.5956
vn -0.1268 0.7012 -0.7016
vn -0.1355 0.7025 -0.6986
vn -0.1996 0.6191 -0.7595
vn -0.2044 0.6202 -0.7573
vn -0.2516 0.5627 -0.7875
vn -0.2533 0.5632 -0.7865
vn -0.2846 0.5278 -0.8003
vn -0.2847 0.5278 -0.8002
vn -0.3059 0.5058 -0.8066
vn -0.3055 0.5056 -0.8069
vn -0.3220 0.4899 -0.8102
vn -0.3218 0.4897 -0.8104
vn -0.3305 0.4826 -0.8111
vn -0.3312 0.4832 -0.8104
vn -0.3645 0.9311 -0.0119
vn -0.3659 0.9290 -0.0557
vn -0.3623 0.9304 -0.0552
vn -0.3666 0.9234 -0.1140
vn -0.3609 0.9257 -0.1136
vn -0.3729 0.9066 -0.1976
vn -0.3667 0.9090 -0.1981
vn -0.3927 0.8699 -0.2985
vn -0.3881 0.8715 -0.2997
vn -0.4294 0.8128 -0.3938
vn -0.4287 0.8130 -0.3941
vn -0.4749 0.7502 -0.4601
vn -0.4747 0.7502 -0.4603
vn -0.5115 0.7024 -0.4949
vn -0.5092 0.7027 -0.4970
vn -0.5315 0.6755 -0.5111
vn -0.5285 0.6755 -0.5143
vn -0.5375 0.6653 -0.5182
vn -0.5346 0.6649 -0.5216
vn -0.5353 0.6643 -0.5218
vn -0.5330 0.6637 -0.5248
vn -0.5228 0.6734 -0.5227
vn -0.5209 0.6724 -0.5259
vn -0.4992 0.6900 -0.5241
vn -0.4990 0.6899 -0.5245
vn -0.3428 0.7847 -0.5164
vn -0.1308 0.1991 -0.9712
vn -0.1186 0.2151 -0.9694
vn -0.2697 0.3855 -0.8824
vn -0.2070 0.5620 -0.8008
vn -0.3534 0.5275 -0.7726
vn -0.4582 0.6585 -0.5970
vn -0.8249 0.5401 -0.1669
vn -0.4392 0.8521 -0.2845
vn -0.5697 0.8214 -0.0270
vn -0.5692 0.8222 -0.0000
vn -0.5701 0.8216 -0.0016
vn -0.5408 0.8408 0.0236
vn -0.4768 0.7820 0.4013
vn -0.4954 0.8611 -0.1140
vn -0.4853 0.8739 -0.0281
vn -0.4740 0.8805 -0.0006
vn -0.4281 0.9028 -0.0407
vn -0.4261 0.9046 -0.0080
vn -0.4474 0.8943 0.0061
vn -0.4418 0.8933 0.0825
vn -0.4653 0.8851 0.0047
vn -0.4701 0.8826 -0.0007
vn -0.3494 0.9370 -0.0038
vn -0.3354 0.9407 0.0516
vn -0.3554 0.9347 -0.0043
vn -0.3504 0.9366 0.0035
vn -0.3612 0.9325 -0.0049
vn -0.3937 0.9177 0.0533
vn -0.4115 0.9085 -0.0725
vn -0.4026 0.9153 -0.0144
vn -0.3813 0.9243 0.0155
vn -0.3903 0.9201 -0.0320
vn -0.3629 0.9314 0.0292
vn -0.3691 0.9294 -0.0012
vn -0.3602 0.9328 0.0086
vn -0.5921 0.7961 0.1246
vn -0.5870 0.8096 -0.0000
vn -0.6167 0.7808 -0.0999
vn -0.6157 0.7783 -0.1231
vn -0.6493 0.7573 0.0699
vn -0.6574 0.7476 -0.0949
vn -0.6905 0.7083 0.1471
vn -0.6941 0.7142 -0.0905
vn -0.7172 0.6969 0.0005
vn -0.7294 0.6841 -0.0001
vn -0.7383 0.6745 0.0091
vn -0.7313 0.6779 -0.0756
vn -0.7742 0.6276 0.0827
vn -0.7999 0.6001 -0.0000
vn -0.8003 0.5996 0.0011
vn -0.7868 0.6172 -0.0010
vn -0.7973 0.6013 0.0526
vn -0.7783 0.6279 0.0031
vn -0.7682 0.6402 -0.0037
vn 0.3943 -0.9190 -0.0000
vn 0.3955 -0.9185 -0.0032
vn 0.4127 -0.9108 0.0068
vn 0.4043 -0.9146 -0.0005
vn 0.4304 -0.9027 0.0001
vn 0.4282 -0.9037 -0.0001
vn 0.4264 -0.9045 0.0003
vn 0.4243 -0.9055 -0.0004
vn 0.4244 -0.9055 0.0013
vn 0.4152 -0.9097 -0.0014
vn 0.4180 -0.9084 0.0005
vn 0.3095 -0.9497 0.0486
vn 0.3196 -0.9467 0.0407
vn 0.3147 -0.9479 0.0502
vn 0.1630 -0.9769 0.1379
vn 0.1581 -0.9765 0.1467
vn -0.1065 -0.9530 0.2836
vn -0.1082 -0.9497 0.2938
vn -0.4491 -0.7778 0.4398
vn -0.4497 -0.7743 0.4453
vn -0.7033 -0.4871 0.5177
vn -0.6987 -0.5740 0.4271
vn -0.7509 -0.3992 0.5261
vn -0.7377 -0.3922 0.5496
vn -0.7374 -0.3934 0.5490
vn -0.6430 -0.5512 0.5317
vn -0.6427 -0.5524 0.5309
vn -0.4406 -0.7689 0.4633
vn -0.4404 -0.7704 0.4610
vn -0.1051 -0.9470 0.3035
vn -0.1046 -0.9482 0.2999
vn 0.1570 -0.9761 0.1502
vn 0.1585 -0.9763 0.1473
vn 0.3114 -0.9490 0.0490
vn 0.3116 -0.9491 0.0465
vn -0.0995 0.0026 0.9950
vn -0.5603 -0.1928 0.8055
vn -0.8468 -0.2789 0.4529
vn -0.7926 -0.3067 0.5271
vn -0.8930 -0.3549 0.2768
vn -0.8625 -0.3759 0.3386
vn -0.8672 -0.3281 0.3745
vn -0.7765 -0.3736 0.5074
vn -0.9182 -0.3258 0.2252
vn -0.8787 -0.3996 0.2612
vn -0.9219 -0.3573 0.1500
vn -0.9096 -0.3822 0.1628
vn -0.9183 -0.3803 0.1099
vn -0.9232 -0.3841 0.0093
vn -0.9295 -0.3679 0.0246
vn -0.9316 -0.3627 0.0246
vn -0.9316 -0.3627 0.0247
vn -0.9094 -0.4120 0.0574
vn -0.9265 -0.3667 0.0848
vn -0.9285 -0.3615 0.0847
vn -0.9286 -0.3628 0.0779
vn -0.9252 -0.3596 0.1212
vn -0.9193 -0.3585 0.1621
vn -0.9162 -0.3531 0.1895
vn -0.9000 -0.3503 0.2593
vn -0.9015 -0.3518 0.2519
vn -0.8684 -0.3254 0.3743
vn -0.8839 -0.3495 0.3107
vn -0.8117 -0.2976 0.5025
vn -0.8398 -0.3307 0.4305
vn -0.6239 -0.2228 0.7491
vn -0.6117 -0.2197 0.7599
vn -0.6882 -0.2489 0.6815
vn -0.7249 -0.2706 0.6335
vn -0.7309 -0.2725 0.6258
vn -0.7786 -0.2893 0.5569
vn -0.3837 -0.1114 0.9167
vn -0.3070 -0.0807 0.9483
vn -0.3000 -0.0762 0.9509
vn -0.1340 -0.0040 0.9910
vn -0.1672 -0.0155 0.9858
vn -0.2292 -0.0389 0.9726
vn -0.2074 -0.0356 0.9776
vn -0.2602 -0.0572 0.9639
vn -0.1654 -0.0073 0.9862
vn -0.1110 0.0114 0.9938
vn -0.0868 0.0280 0.9958
vn -0.0562 0.0365 0.9978
vn -0.0466 0.0472 0.9978
vn -0.0622 0.0577 0.9964
vn -0.0516 0.0508 0.9974
vn -0.0456 0.0490 0.9978
vn -0.0381 0.0491 0.9981
vn -0.0707 0.0706 0.9950
vn -0.0532 0.0413 0.9977
vn -0.0656 0.0418 0.9970
vn -0.0575 0.0393 0.9976
vn -0.1055 0.0119 0.9943
vn -0.1109 0.0112 0.9938
vn -0.1466 -0.0108 0.9891
vn -0.1623 -0.0126 0.9867
vn -0.1975 -0.0379 0.9796
vn -0.2275 -0.0418 0.9729
vn -0.2634 -0.0741 0.9618
vn -0.3088 -0.0775 0.9480
vn -0.3467 -0.1168 0.9307
vn -0.4885 -0.1643 0.8569
vn -0.5135 -0.1695 0.8412
vn -0.4033 -0.1242 0.9066
vn -0.4041 -0.1226 0.9065
vn -0.4167 -0.1199 0.9011
vn -0.7752 -0.3088 0.5511
vn -0.7253 -0.2924 0.6232
vn -0.7238 -0.2731 0.6337
vn -0.6316 -0.2526 0.7330
vn -0.6240 -0.2225 0.7491
vn -0.5815 -0.2151 0.7846
vn -0.5015 -0.1926 0.8435
vn -0.5445 -0.1677 0.8218
vn -0.4598 -0.1653 0.8725
vn -0.0068 0.0204 0.9998
vn -0.0200 0.0608 0.9979
vn -0.0353 0.0608 0.9975
vn -0.0338 0.0608 0.9976
vn -0.0287 0.0613 0.9977
vn -0.0166 0.0768 0.9969
vn 0.0281 0.0861 0.9959
vn 0.0288 0.1197 0.9924
vn 0.0764 0.1249 0.9892
vn 0.0887 0.1550 0.9839
vn 0.1315 0.1788 0.9751
vn 0.1374 0.1970 0.9707
vn 0.1952 0.2471 0.9491
vn 0.1974 0.2538 0.9469
vn 0.2704 0.3264 0.9057
vn 0.2730 0.3334 0.9024
vn 0.3551 0.4128 0.8388
vn 0.3656 0.4373 0.8217
vn 0.4407 0.5012 0.7447
vn 0.4672 0.5525 0.6903
vn 0.5165 0.5852 0.6251
vn 0.5442 0.6278 0.5566
vn 0.5750 0.6525 0.4935
vn 0.5819 0.6681 0.4637
vn 0.6120 0.7023 0.3637
vn 0.6137 0.7148 0.3352
vn 0.6360 0.7302 0.2495
vn 0.6378 0.7460 0.1915
vn 0.6453 0.7475 0.1573
vn 0.6461 0.7576 0.0927
vn 0.6471 0.7574 0.0875
vn 0.6471 0.7621 0.0240
vn 0.6456 0.7634 0.0203
vn 0.5795 0.7626 0.2876
vn 0.5984 0.7712 0.2171
vn 0.5953 0.7815 0.1867
vn 0.6022 0.7861 0.1391
vn 0.6010 0.7920 0.1079
vn 0.6023 0.7917 0.1023
vn 0.6067 0.7936 0.0449
vn 0.6074 0.7932 0.0431
vn 0.6102 0.7922 0.0046
vn 0.5539 0.7251 0.4093
vn 0.5492 0.7234 0.4184
vn 0.5776 0.7475 0.3281
vn 0.5094 0.6684 0.5419
vn 0.5008 0.6641 0.5551
vn 0.5323 0.6928 0.4864
vn 0.4491 0.5906 0.6705
vn 0.4315 0.5806 0.6904
vn 0.4755 0.6220 0.6221
vn 0.3744 0.4992 0.7814
vn 0.3531 0.4857 0.7996
vn 0.3996 0.5300 0.7480
vn 0.1543 0.2435 0.9576
vn 0.1813 0.2676 0.9463
vn 0.2202 0.3193 0.9217
vn 0.2343 0.3303 0.9143
vn 0.2954 0.4059 0.8649
vn 0.2767 0.3926 0.8771
vn 0.3181 0.4318 0.8440
vn 0.0388 0.1228 0.9917
vn 0.0681 0.1390 0.9879
vn 0.0794 0.1684 0.9825
vn -0.0186 0.0648 0.9977
vn -0.0076 0.0721 0.9974
vn 0.0057 0.0871 0.9962
vn 0.0012 0.0858 0.9963
vn 0.0278 0.1013 0.9945
vn -0.0152 0.0656 0.9977
vn -0.0201 0.0647 0.9977
vn 0.0241 0.0929 0.9954
vn 0.0134 0.0916 0.9957
vn 0.0720 0.1323 0.9886
vn 0.0536 0.1286 0.9903
vn 0.1280 0.1844 0.9745
vn 0.1013 0.1769 0.9790
vn 0.1931 0.2503 0.9487
vn 0.1579 0.2380 0.9584
vn 0.2678 0.3302 0.9051
vn 0.2246 0.3129 0.9229
vn 0.3491 0.4209 0.8372
vn 0.3001 0.3997 0.8661
vn 0.4298 0.5146 0.7419
vn 0.3798 0.4928 0.7829
vn 0.5019 0.6013 0.6217
vn 0.4562 0.5829 0.6724
vn 0.5568 0.6707 0.4900
vn 0.5197 0.6586 0.5442
vn 0.5929 0.7199 0.3608
vn 0.5661 0.7143 0.4115
vn 0.6128 0.7506 0.2471
vn 0.5949 0.7498 0.2896
vn 0.6212 0.7680 0.1556
vn 0.6101 0.7697 0.1879
vn 0.6232 0.7773 0.0866
vn 0.6168 0.7795 0.1087
vn 0.6230 0.7819 0.0237
vn 0.6266 0.7792 0.0151
vn -0.0175 0.0634 0.9978
vn -0.0237 0.0621 0.9978
vn 0.0155 0.0881 0.9960
vn 0.0564 0.1239 0.9907
vn 0.0401 0.1209 0.9919
vn 0.1047 0.1714 0.9796
vn 0.0814 0.1653 0.9829
vn 0.1279 0.2042 0.9705
vn 0.1272 0.1978 0.9720
vn 0.8869 -0.4619 -0.0000
vn 0.8793 -0.4763 -0.0000
vn 0.8730 -0.4876 0.0084
vn 0.8892 -0.4575 -0.0045
vn 0.8893 -0.4574 -0.0045
vn 0.8879 -0.4601 -0.0000
vn 0.8864 -0.4630 0.0027
vn 0.9106 -0.4051 -0.0816
vn 0.8756 -0.4826 0.0204
vn 0.9074 -0.3842 -0.1705
vn 0.8567 -0.5127 0.0572
vn 0.8881 -0.4257 -0.1733
vn 0.8569 -0.5146 0.0299
vn 0.8615 -0.5053 -0.0506
vn 0.8271 -0.5513 0.1094
vn 0.8430 -0.4512 -0.2927
vn 0.8370 -0.5472 0.0069
vn 0.8356 -0.5488 -0.0241
vn 0.8310 -0.5558 -0.0228
vn 0.7970 -0.4411 -0.4126
vn 0.8033 -0.5870 0.1008
vn 0.8065 -0.5356 -0.2504
vn 0.8129 -0.5618 -0.1536
vn 0.7849 -0.6114 0.1003
vn 0.7813 -0.5692 -0.2561
vn 0.3515 -0.9362 -0.0000
vn 0.2791 -0.7304 -0.6234
vn 0.4206 -0.8081 0.4123
vn 0.4733 -0.8802 -0.0347
vn 0.5235 -0.8513 -0.0346
vn 0.5083 -0.7869 -0.3499
vn 0.4425 -0.6500 0.6178
vn 0.3005 -0.3398 -0.8912
vn 0.5911 -0.7291 0.3451
vn 0.6535 -0.7564 0.0287
vn 0.6772 -0.7353 0.0284
vn 0.6221 -0.6226 -0.4748
vn 0.6639 -0.6869 0.2955
vn 0.4950 -0.3854 -0.7787
vn 0.7003 -0.6670 0.2544
vn 0.7323 -0.5925 -0.3357
vn 0.7605 -0.6489 -0.0252
vn 0.7712 -0.6361 -0.0250
vn 0.7683 -0.6395 0.0275
vn 0.7896 -0.6090 -0.0751
vn 0.4090 -0.9125 -0.0000
vn 0.3887 -0.9214 -0.0072
vn 0.3980 -0.9174 -0.0001
vn 0.3943 -0.9190 -0.0035
vn 0.3779 -0.9258 -0.0000
vn 0.3782 -0.9257 -0.0001
vn 0.3785 -0.9256 -0.0003
vn 0.3810 -0.9246 0.0005
vn 0.3868 -0.9222 -0.0001
vn 0.3761 -0.9265 -0.0106
vn 0.3825 -0.9240 -0.0028
vn 0.1915 -0.9810 -0.0311
vn 0.2244 -0.9691 0.1029
vn 0.1075 -0.9892 -0.0995
vn 0.1512 -0.9788 0.1382
vn 0.0681 -0.9968 -0.0428
vn 0.0656 -0.9978 0.0001
vn 0.0389 -0.9992 -0.0002
vn 0.0478 -0.9904 0.1298
vn -0.0317 -0.9932 -0.1119
vn -0.0212 -0.9873 0.1574
vn -0.0854 -0.9915 -0.0984
vn -0.0854 -0.9963 0.0004
vn 0.3629 -0.9318 -0.0000
vn 0.3596 -0.9331 -0.0033
vn 0.3327 -0.9430 0.0044
vn 0.3166 -0.9484 -0.0174
vn 0.3105 -0.9505 0.0101
vn 0.3264 -0.9440 0.0475
vn 0.2423 -0.9691 -0.0467
vn 0.2599 -0.9656 0.0037
vn 0.2360 -0.9717 -0.0017
vn 0.2361 -0.9717 -0.0000
vn 0.2239 -0.9746 -0.0001
vn -0.0999 -0.9950 0.0004
vn -0.0996 -0.9949 0.0186
vn -0.1050 -0.9945 0.0003
vn -0.1046 -0.9945 0.0003
vn -0.1047 -0.9943 -0.0178
vn -0.1003 -0.9950 -0.0005
vn -0.0793 -0.9968 -0.0004
vn -0.0660 -0.9563 0.2847
vn -0.0733 -0.9697 -0.2330
vn -0.0512 -0.9961 -0.0721
vn 0.0156 -0.9856 0.1682
vn 0.0194 -0.9771 0.2121
vn 0.0577 -0.9973 -0.0446
vn 0.0766 -0.9959 0.0476
vn 0.1192 -0.9482 -0.2944
vn 0.1527 -0.9517 0.2663
vn 0.2105 -0.9766 -0.0452
vn 0.2386 -0.9611 0.1390
vn 0.2493 -0.9553 -0.1586
vn 0.2751 -0.9614 -0.0000
vn 0.2180 -0.9674 -0.1290
vn 0.2301 -0.9677 -0.1032
vn -0.1064 -0.9768 -0.1857
vn -0.1166 -0.9809 -0.1559
vn -0.1147 -0.9750 -0.1901
vn -0.1191 -0.9705 -0.2096
vn 0.0506 -0.9805 -0.1899
vn -0.0023 -0.9823 -0.1873
vn -0.0503 -0.9355 -0.3498
vn -0.0709 -0.9796 -0.1881
vn -0.1044 -0.9770 -0.1857
vn 0.1184 -0.9448 -0.3055
vn 0.1161 -0.9536 -0.2777
vn 0.2038 -0.9603 -0.1907
vn -0.0079 -0.1395 -0.9902
vn -0.0083 -0.1530 -0.9882
vn -0.0392 -0.0491 -0.9980
vn -0.0521 -0.0496 -0.9974
vn -0.0655 -0.1919 -0.9792
vn -0.0704 -0.0624 -0.9956
vn -0.1149 -0.2033 -0.9723
vn -0.0979 -0.1153 -0.9885
vn -0.0860 -0.0610 -0.9944
vn -0.1332 -0.0899 -0.9870
vn -0.1116 -0.0649 -0.9916
vn -0.2110 -0.3152 -0.9253
vn -0.2548 -0.1651 -0.9528
vn -0.2980 -0.3505 -0.8879
vn -0.3129 -0.2880 -0.9051
vn -0.2920 -0.1709 -0.9410
vn -0.5368 -0.2950 -0.7905
vn -0.4765 -0.3485 -0.8072
vn -0.3526 -0.5256 -0.7742
vn -0.4454 -0.2403 -0.8625
vn -0.3919 -0.2270 -0.8916
vn -0.5520 -0.4617 -0.6944
vn -0.4896 -0.5714 -0.6587
vn -0.5626 -0.3034 -0.7691
vn -0.7004 -0.3769 -0.6061
vn -0.7441 -0.2966 -0.5986
vn -0.6138 -0.5388 -0.5770
vn 0.2240 -0.9677 -0.1160
vn 0.2313 -0.9669 -0.1075
vn 0.2303 -0.9676 -0.1037
vn 0.1954 -0.9712 -0.1362
vn 0.1935 -0.9710 -0.1407
vn 0.1982 -0.9698 -0.1421
vn 0.1555 -0.9849 -0.0755
vn 0.1523 -0.9773 -0.1475
vn 0.1544 -0.9753 -0.1582
vn 0.1632 -0.9731 -0.1628
vn 0.1240 -0.9756 -0.1814
vn 0.0572 -0.9858 -0.1577
vn 0.0912 -0.9930 -0.0747
vn -0.0174 -0.9872 -0.1583
vn -0.0166 -0.9805 -0.1960
vn 0.0250 -0.9853 -0.1692
vn -0.0027 -0.2348 -0.9721
vn -0.0667 -0.2376 -0.9691
vn -0.0662 -0.2485 -0.9664
vn -0.1188 -0.2439 -0.9625
vn -0.1194 -0.2691 -0.9557
vn -0.1472 -0.2669 -0.9524
vn -0.1447 -0.1166 -0.9826
vn -0.1518 -0.0197 -0.9882
vn -0.2098 0.0137 -0.9776
vn -0.1747 -0.1677 -0.9702
vn -0.1677 -0.2826 -0.9445
vn -0.1488 -0.2831 -0.9475
vn -0.1437 -0.5422 -0.8279
vn -0.1336 -0.5430 -0.8290
vn -0.1348 -0.5260 -0.8398
vn -0.0674 -0.5315 -0.8444
vn -0.0682 -0.5261 -0.8477
vn 0.0396 -0.5212 -0.8525
vn 0.0390 -0.5193 -0.8537
vn -0.0877 -0.8476 -0.5233
vn -0.0581 -0.8463 -0.5295
vn -0.0457 -0.8619 -0.5050
vn -0.0400 -0.8611 -0.5069
vn -0.0207 -0.8760 -0.4819
vn -0.0527 -0.8837 -0.4650
vn -0.0283 -0.8956 -0.4439
vn -0.0860 -0.9141 -0.3962
vn -0.0600 -0.9224 -0.3816
vn -0.1010 -0.9391 -0.3284
vn -0.0906 -0.9407 -0.3268
vn -0.0702 -0.9827 -0.1716
vn -0.0804 -0.9752 -0.2061
vn -0.1205 -0.8385 -0.5314
vn -0.0874 -0.8393 -0.5367
vn -0.1427 -0.5696 -0.8094
vn -0.1579 -0.5702 -0.8062
vn -0.1460 -0.5972 -0.7887
vn -0.2013 -0.6054 -0.7701
vn -0.1838 -0.6306 -0.7540
vn -0.2763 -0.6532 -0.7050
vn -0.2565 -0.6736 -0.6932
vn -0.3691 -0.7100 -0.5998
vn -0.3507 -0.7248 -0.5930
vn -0.4229 -0.7547 -0.5016
vn -0.4162 -0.7584 -0.5016
vn -0.6172 -0.5349 -0.5770
vn -0.5293 -0.4993 -0.6859
vn -0.5405 -0.4832 -0.6888
vn -0.4000 -0.4373 -0.8055
vn -0.4135 -0.4134 -0.8112
vn -0.2872 -0.3821 -0.8783
vn -0.2999 -0.3515 -0.8869
vn -0.2067 -0.3373 -0.9184
vn -0.2151 -0.3038 -0.9281
vn -0.1680 -0.3019 -0.9384
vn -0.1414 -0.5546 -0.8200
vn -0.1459 -0.5545 -0.8193
vn -0.1193 -0.8321 -0.5416
vn -0.1342 -0.8310 -0.5399
vn -0.1355 -0.8244 -0.5496
vn -0.0594 -0.8300 -0.5547
vn -0.0593 -0.8300 -0.5545
vn 0.0892 -0.8229 -0.5611
vn 0.0895 -0.8236 -0.5600
vn 0.2275 -0.9692 -0.0939
vn 0.2431 -0.9649 -0.0996
vn -0.1134 -0.9517 -0.2854
vn -0.1006 -0.9514 -0.2911
vn -0.4528 -0.7754 -0.4402
vn -0.4457 -0.7771 -0.4443
vn -0.6561 -0.5579 -0.5082
vn -0.6537 -0.5598 -0.5093
vn -0.7515 -0.3991 -0.5253
vn -0.7500 -0.4008 -0.5262
vn 0.2286 -0.9683 -0.1009
vn 0.2333 -0.9670 -0.1021
vn -0.1068 -0.9476 -0.3011
vn -0.1032 -0.9475 -0.3026
vn -0.4418 -0.7692 -0.4616
vn -0.4394 -0.7699 -0.4628
vn -0.6435 -0.5512 -0.5311
vn -0.6423 -0.5522 -0.5315
vn -0.7380 -0.3923 -0.5491
vn -0.7369 -0.3935 -0.5497
vn -0.8999 -0.3041 -0.3126
vn -0.7602 -0.5083 -0.4047
vn -0.8606 -0.2447 -0.4466
vn -0.7712 -0.4099 -0.4871
vn -0.7010 -0.6909 -0.1771
vn -0.8401 -0.5025 -0.2042
vn -0.8618 -0.3916 -0.3224
vn -0.6822 -0.7294 -0.0508
vn -0.8816 -0.4634 -0.0899
vn -0.8769 -0.4613 -0.1351
vn 0.1743 -0.9847 -0.0005
vn 0.1823 -0.9832 -0.0085
vn 0.0981 -0.9950 -0.0176
vn 0.1596 -0.9869 -0.0252
vn 0.1608 -0.9863 -0.0368
vn 0.0326 -0.9968 -0.0728
vn 0.1514 -0.9867 -0.0600
vn 0.1530 -0.9843 -0.0878
vn 0.1719 -0.9815 -0.0844
vn 0.2265 -0.9715 -0.0697
vn 0.3030 -0.9402 -0.1556
vn 0.2196 -0.9690 -0.1130
vn 0.2186 -0.9691 -0.1146
vn 0.1727 -0.9788 -0.1099
vn 0.1604 -0.9799 -0.1186
vn 0.1693 -0.9794 -0.1101
vn -0.7810 -0.6245 -0.0019
vn -0.8843 -0.4670 -0.0020
vn -0.9022 -0.4303 -0.0300
vn -0.5525 -0.8335 -0.0017
vn -0.1629 -0.9866 -0.0011
vn -0.7799 -0.6237 -0.0533
vn -0.7801 -0.6234 -0.0533
vn -0.7657 -0.6167 -0.1825
vn -0.7667 -0.6156 -0.1825
vn -0.7373 -0.6030 -0.3045
vn -0.7380 -0.6023 -0.3044
vn -0.7053 -0.5874 -0.3969
vn -0.7061 -0.5864 -0.3969
vn -0.6708 -0.5708 -0.4735
vn -0.6734 -0.5681 -0.4731
vn -0.5518 -0.8327 -0.0466
vn -0.5522 -0.8324 -0.0465
vn -0.5397 -0.8266 -0.1596
vn -0.5410 -0.8258 -0.1596
vn -0.5147 -0.8150 -0.2662
vn -0.5154 -0.8146 -0.2662
vn -0.4868 -0.8016 -0.3472
vn -0.4877 -0.8010 -0.3471
vn -0.4563 -0.7873 -0.4146
vn -0.4627 -0.7843 -0.4132
vn -0.1628 -0.9862 -0.0305
vn -0.1632 -0.9861 -0.0305
vn -0.1551 -0.9823 -0.1046
vn -0.1562 -0.9822 -0.1046
vn -0.1385 -0.9749 -0.1745
vn -0.1390 -0.9748 -0.1745
vn -0.1203 -0.9663 -0.2276
vn -0.1207 -0.9662 -0.2276
vn -0.0994 -0.9569 -0.2727
vn -0.1113 -0.9559 -0.2718
vn -0.4059 -0.1193 -0.9061
vn -0.9230 -0.3840 -0.0247
vn -0.9175 -0.3966 -0.0300
vn -0.9253 -0.3683 -0.0899
vn -0.9214 -0.3791 -0.0850
vn -0.9144 -0.3815 -0.1352
vn -0.9199 -0.3571 -0.1621
vn -0.8918 -0.4032 -0.2054
vn -0.9024 -0.3442 -0.2590
vn -0.8214 -0.4264 -0.3788
vn -0.8983 -0.3000 -0.3209
vn -0.8163 -0.3618 -0.4503
vn -0.8117 -0.2976 -0.5025
vn -0.7924 -0.3068 -0.5272
vn -0.7751 -0.3088 -0.5513
vn -0.7162 -0.2894 -0.6351
vn -0.7514 -0.2568 -0.6078
vn -0.6522 -0.2739 -0.7068
vn -0.6277 -0.2148 -0.7482
vn -0.5954 -0.2189 -0.7731
vn -0.4190 -0.1339 -0.8980
vn -0.4678 -0.1715 -0.8670
vn -0.5154 -0.1658 -0.8408
vn -0.5361 -0.1948 -0.8214
vn -0.5685 -0.2115 -0.7950
vn -0.2271 -0.0427 -0.9729
vn -0.2694 -0.0733 -0.9602
vn -0.3087 -0.0776 -0.9480
vn -0.3100 -0.0791 -0.9474
vn -0.3573 -0.1212 -0.9261
vn -0.1515 -0.0061 -0.9884
vn -0.2064 -0.0424 -0.9775
vn -0.0575 0.0393 -0.9976
vn -0.1062 0.0115 -0.9943
vn -0.0462 0.0491 -0.9977
vn -0.0385 0.0488 -0.9981
vn -0.0530 0.0511 -0.9973
vn -0.0636 0.0596 -0.9962
vn -0.0519 0.0421 -0.9978
vn -0.0767 0.0421 -0.9962
vn -0.0595 0.0399 -0.9974
vn -0.0851 0.0216 -0.9961
vn -0.1051 0.0097 -0.9944
vn -0.1107 0.0110 -0.9938
vn -0.1117 0.0126 -0.9937
vn -0.0581 0.0405 -0.9975
vn -0.0669 0.0263 -0.9974
vn -0.0422 0.0498 -0.9979
vn -0.1803 -0.0253 -0.9833
vn -0.1518 -0.0073 -0.9884
vn -0.1165 0.0116 -0.9931
vn -0.1279 0.0008 -0.9918
vn -0.1598 -0.0169 -0.9870
vn -0.1635 -0.0106 -0.9865
vn -0.2266 -0.0434 -0.9730
vn -0.2344 -0.0455 -0.9711
vn -0.2802 -0.0666 -0.9576
vn -0.3067 -0.0812 -0.9483
vn -0.3443 -0.0929 -0.9343
vn -0.4028 -0.1251 -0.9067
vn -0.4506 -0.1406 -0.8816
vn -0.5111 -0.1741 -0.8417
vn -0.5599 -0.1902 -0.8064
vn -0.6231 -0.2245 -0.7493
vn -0.6639 -0.2371 -0.7092
vn -0.7250 -0.2704 -0.6334
vn -0.7579 -0.2796 -0.5894
vn -0.8074 -0.3079 -0.5034
vn -0.8305 -0.3135 -0.4604
vn -0.8648 -0.3340 -0.3748
vn -0.8788 -0.3362 -0.3386
vn -0.8969 -0.3479 -0.2730
vn -0.9000 -0.3504 -0.2593
vn -0.9108 -0.3514 -0.2168
vn -0.9192 -0.3590 -0.1622
vn -0.9229 -0.3583 -0.1409
vn -0.9283 -0.3621 -0.0847
vn -0.9268 -0.3632 -0.0955
vn -0.9328 -0.3597 -0.0246
vn -0.9312 -0.3626 -0.0366
vn -0.9328 0.2500 -0.2597
vn -0.7577 0.6226 -0.1956
vn -0.5626 0.8265 -0.0210
vn -0.3988 0.9139 -0.0752
vn -0.9777 -0.1572 -0.1392
vn -0.9929 -0.1130 -0.0359
vn -0.8942 -0.0450 -0.4454
vn -0.8204 -0.2780 -0.4997
vn -0.8656 0.2738 -0.4192
vn -0.7076 -0.0110 -0.7065
vn -0.7427 0.1269 -0.6575
vn -0.4078 0.0872 -0.9089
vn -0.4206 0.1827 -0.8887
vn -0.3451 0.1046 -0.9327
vn -0.3022 0.1230 -0.9453
vn -0.3210 0.2434 -0.9153
vn -0.2530 0.1415 -0.9571
vn -0.2191 0.2143 -0.9519
vn -0.2244 0.2291 -0.9472
vn -0.2261 0.1544 -0.9618
vn -0.1370 0.1949 -0.9712
vn -0.1378 0.1958 -0.9709
vn -0.5068 0.7970 -0.3287
vn -0.5530 0.8327 -0.0270
vn -0.5212 0.8037 -0.2870
vn -0.4447 0.8853 0.1360
vn -0.4752 0.8797 -0.0186
vn -0.4140 0.9065 -0.0829
vn -0.4219 0.9031 -0.0805
vn -0.4090 0.9123 0.0211
vn -0.4367 0.8955 -0.0855
vn -0.4588 0.8847 -0.0818
vn -0.4076 0.9101 -0.0743
vn -0.3953 0.9176 -0.0426
vn -0.4034 0.9116 -0.0791
vn -0.4102 0.9085 -0.0798
vn -0.4074 0.9101 -0.0759
vn -0.4128 0.9085 -0.0646
vn -0.5501 0.8190 -0.1631
vn -0.4711 0.8768 -0.0961
vn -0.4562 0.8890 -0.0404
vn -0.4539 0.8897 -0.0492
vn -0.9293 -0.1269 -0.3467
vn -0.4380 0.8972 -0.0568
vn -0.4343 0.8985 -0.0645
vn -0.9174 0.3978 -0.0145
vn -0.3781 0.9258 -0.0056
vn -0.4983 0.8669 -0.0144
vn -0.4676 0.8837 -0.0185
vn -0.4871 0.8692 -0.0855
vn -0.5115 0.8552 -0.0839
vn -0.5016 0.8248 -0.2609
vn -0.5219 0.8123 -0.2604
vn -0.4557 0.6602 -0.5970
vn -0.3985 0.9141 -0.0751
vn -0.3994 0.9135 -0.0780
vn -0.4647 0.8532 -0.2369
vn -0.4500 0.8590 -0.2441
vn -0.4511 0.8564 -0.2511
vn -0.4478 0.8579 -0.2522
vn -0.4479 0.8557 -0.2591
vn -0.4688 0.8455 -0.2555
vn -0.4684 0.8440 -0.2613
vn -0.5017 0.8253 -0.2591
vn -0.4514 0.7199 -0.5272
vn -0.4704 0.7080 -0.5268
vn -0.3537 0.5273 -0.7726
vn -0.9828 -0.1588 -0.0945
vn -0.9983 -0.0366 -0.0451
vn -0.9704 0.2371 -0.0451
vn -0.9592 0.2799 -0.0408
vn -0.7890 0.6138 -0.0273
vn -0.8653 0.4991 -0.0454
vn -0.6994 0.7145 -0.0179
vn -0.6744 0.7383 -0.0100
vn -0.4760 0.8794 -0.0038
vn -0.4721 0.8812 -0.0233
vn -0.5490 0.8350 -0.0372
vn -0.5607 0.8271 -0.0391
vn -0.6625 0.7455 -0.0724
vn -0.7810 0.6163 -0.1006
vn -0.7824 0.6145 -0.1012
vn -0.9583 0.2408 -0.1537
vn -0.9584 0.2403 -0.1538
vn -0.9850 0.0133 -0.1718
vn -0.9647 -0.1536 -0.2140
vn -0.8058 -0.1130 -0.5813
vn -0.7912 -0.1520 -0.5924
vn -0.8159 0.2920 -0.4990
vn -0.8653 0.2748 -0.4192
vn -0.6348 0.0891 -0.7675
vn -0.5314 -0.1564 -0.8325
vn -0.6268 0.3638 -0.6890
vn -0.7276 0.3246 -0.6043
vn -0.7275 0.3228 -0.6054
vn -0.8155 0.2933 -0.4989
vn -0.6209 0.7423 -0.2518
vn -0.7233 0.6338 -0.2742
vn -0.7592 0.6204 -0.1968
vn -0.9199 0.2535 -0.2992
vn -0.8356 0.4740 -0.2776
vn -0.9177 -0.0767 -0.3898
vn -0.9112 -0.2739 -0.3077
vn -0.9399 -0.0867 -0.3302
vn -0.9514 -0.1489 -0.2694
vn -0.5051 0.0262 -0.8627
vn -0.4727 -0.0393 -0.8803
vn -0.5585 0.3907 -0.7318
vn -0.6267 0.3644 -0.6888
vn -0.5760 0.6836 -0.4481
vn -0.6390 0.6592 -0.3964
vn -0.6382 0.6613 -0.3942
vn -0.7107 0.6353 -0.3022
vn -0.1611 0.1901 -0.9685
vn -0.1385 0.1589 -0.9775
vn -0.3244 0.4850 -0.8121
vn -0.3393 0.4766 -0.8110
vn -0.3409 0.4795 -0.8086
vn -0.3906 0.4554 -0.8000
vn -0.3916 0.4578 -0.7982
vn -0.4744 0.4219 -0.7726
vn -0.4748 0.4231 -0.7717
vn -0.5585 0.3906 -0.7318
vn -0.5357 0.6979 -0.4753
vn -0.5771 0.6820 -0.4493
vn -0.4772 0.8507 -0.2204
vn -0.5047 0.8403 -0.1981
vn -0.5014 0.8434 -0.1930
vn -0.5344 0.8316 -0.1512
vn -0.5305 0.8347 -0.1476
vn -0.5541 0.8266 -0.0982
vn -0.5503 0.8294 -0.0961
vn -0.5597 0.8265 -0.0604
vn -0.4858 0.8731 -0.0414
vn -0.4168 0.9087 -0.0222
vn -0.3965 0.9155 -0.0682
vn -0.3961 0.9154 -0.0718
vn -0.4794 0.8487 -0.2234
vn -0.4629 0.8550 -0.2337
vn -0.5367 0.6962 -0.4768
vn -0.4897 0.7145 -0.4996
vn -0.4895 0.7118 -0.5038
vn -0.4500 0.7290 -0.5159
vn -0.4491 0.7262 -0.5205
vn -0.4394 0.7309 -0.5222
vn -0.4382 0.7285 -0.5266
vn -0.4516 0.7209 -0.5257
vn -0.3239 0.4836 -0.8132
vn -0.3307 0.4793 -0.8130
vn -0.2638 0.3896 -0.8824
s 0
f 1//1 2//1 3//1
f 4//2 5//2 6//2
f 7//3 8//3 9//3
f 7//4 9//4 10//4
f 9//5 11//5 10//5
f 10//6 11//6 12//6
f 10//7 12//7 13//7
f 13//8 12//8 14//8
f 13//9 14//9 15//9
f 15//10 14//10 16//10
f 15//11 16//11 17//11
f 17//12 16//12 18//12
f 18//13 16//13 19//13
f 18//14 19//14 20//14
f 19//15 21//15 20//15
f 20//16 21//16 22//16
f 20//17 22//17 23//17
f 23//18 22//18 24//18
f 23//19 24//19 25//19
f 26//20 27//20 25//20
f 25//21 27//21 28//21
f 25//22 28//22 23//22
f 26//23 29//23 27//23
f 27//24 29//24 30//24
f 27//25 30//25 31//25
f 31//26 30//26 32//26
f 31//27 32//27 33//27
f 32//28 34//28 33//28
f 33//29 34//29 35//29
f 33//30 35//30 36//30
f 36//31 35//31 37//31
f 38//32 39//32 40//32
f 40//33 39//33 41//33
f 40//34 41//34 42//34
f 42//35 41//35 37//35
f 42//36 37//36 43//36
f 43//37 37//37 35//37
f 44//38 45//38 39//38
f 39//39 45//39 46//39
f 39//40 46//40 41//40
f 5//41 47//41 6//41
f 6//42 47//42 48//42
f 6//43 48//43 49//43
f 50//44 51//44 52//44
f 52//45 51//45 53//45
f 52//46 53//46 54//46
f 54//47 55//47 52//47
f 52//48 55//48 56//48
f 52//49 56//49 57//49
f 57//50 58//50 52//50
f 52//51 58//51 59//51
f 52//52 59//52 4//52
f 60//53 61//53 49//53
f 62//54 63//54 49//54
f 49//55 63//55 64//55
f 49//56 64//56 60//56
f 4//57 6//57 52//57
f 52//58 6//58 49//58
f 52//59 49//59 3//59
f 3//60 49//60 61//60
f 3//61 61//61 1//61
f 48//62 65//62 49//62
f 49//63 65//63 66//63
f 49//64 66//64 62//64
f 62//65 66//65 67//65
f 62//66 67//66 68//66
f 68//67 67//67 44//67
f 68//68 44//68 69//68
f 69//69 44//69 39//69
f 69//70 39//70 70//70
f 70//71 39//71 38//71
f 71//72 72//72 73//72
f 74//73 75//73 76//73
f 77//74 78//74 79//74
f 80//75 81//75 82//75
f 83//76 84//76 85//76
f 86//77 87//77 88//77
f 88//78 87//78 89//78
f 88//79 89//79 81//79
f 81//80 89//80 79//80
f 88//81 90//81 86//81
f 86//82 90//82 91//82
f 86//83 91//83 92//83
f 92//84 91//84 93//84
f 93//85 91//85 94//85
f 93//86 94//86 95//86
f 95//87 94//87 96//87
f 96//88 94//88 83//88
f 96//89 83//89 97//89
f 97//90 83//90 98//90
f 98//91 83//91 85//91
f 98//92 85//92 99//92
f 100//93 101//93 102//93
f 102//94 99//94 100//94
f 100//95 99//95 85//95
f 100//96 85//96 103//96
f 103//97 85//97 84//97
f 103//98 84//98 104//98
f 104//99 84//99 105//99
f 104//100 105//100 106//100
f 106//101 105//101 107//101
f 106//102 107//102 108//102
f 108//103 107//103 109//103
f 108//104 109//104 110//104
f 110//105 109//105 111//105
f 111//106 109//106 112//106
f 111//107 112//107 113//107
f 80//108 82//108 112//108
f 112//109 82//109 114//109
f 112//110 114//110 113//110
f 79//111 78//111 81//111
f 81//112 78//112 115//112
f 81//113 115//113 82//113
f 116//114 117//114 118//114
f 74//115 76//115 119//115
f 76//116 120//116 119//116
f 119//117 120//117 121//117
f 119//118 121//118 122//118
f 122//119 121//119 123//119
f 123//120 121//120 124//120
f 123//121 124//121 125//121
f 126//122 73//122 127//122
f 127//123 73//123 72//123
f 127//124 72//124 128//124
f 129//125 130//125 73//125
f 73//126 130//126 131//126
f 73//127 131//127 71//127
f 126//128 125//128 73//128
f 73//129 125//129 124//129
f 73//130 124//130 129//130
f 129//131 124//131 121//131
f 129//132 121//132 132//132
f 132//133 121//133 120//133
f 132//134 120//134 133//134
f 134//135 135//135 116//135
f 116//136 135//136 76//136
f 116//137 76//137 117//137
f 117//138 76//138 75//138
f 135//139 136//139 76//139
f 76//140 136//140 137//140
f 76//141 137//141 120//141
f 120//142 137//142 138//142
f 120//143 138//143 133//143
f 87//144 139//144 89//144
f 89//145 139//145 140//145
f 89//146 140//146 79//146
f 79//147 140//147 141//147
f 79//148 141//148 142//148
f 142//149 141//149 143//149
f 142//150 143//150 144//150
f 77//151 79//151 118//151
f 118//152 79//152 142//152
f 118//153 142//153 116//153
f 116//154 142//154 144//154
f 116//155 144//155 134//155
f 145//156 146//156 147//156
f 148//157 149//157 150//157
f 151//158 152//158 150//158
f 153//159 154//159 155//159
f 156//160 128//160 72//160
f 155//161 154//161 157//161
f 158//162 159//162 154//162
f 154//163 159//163 160//163
f 154//164 160//164 157//164
f 161//165 162//165 163//165
f 161//166 163//166 164//166
f 156//167 72//167 165//167
f 71//168 162//168 72//168
f 72//169 162//169 161//169
f 72//170 161//170 165//170
f 165//171 161//171 164//171
f 165//172 164//172 166//172
f 166//173 164//173 167//173
f 167//174 164//174 168//174
f 167//175 168//175 169//175
f 169//176 168//176 170//176
f 169//177 170//177 171//177
f 171//178 170//178 172//178
f 172//179 170//179 173//179
f 172//180 173//180 174//180
f 174//181 173//181 175//181
f 175//182 173//182 176//182
f 175//183 176//183 177//183
f 163//184 178//184 164//184
f 164//185 178//185 179//185
f 164//186 179//186 168//186
f 168//187 179//187 180//187
f 168//188 180//188 170//188
f 170//189 180//189 181//189
f 170//190 181//190 173//190
f 173//191 181//191 158//191
f 173//192 158//192 176//192
f 176//193 158//193 154//193
f 176//194 154//194 177//194
f 177//195 154//195 153//195
f 155//196 182//196 183//196
f 184//197 185//197 186//197
f 186//198 185//198 187//198
f 186//199 187//199 188//199
f 188//200 187//200 189//200
f 188//201 189//201 183//201
f 183//202 189//202 190//202
f 183//203 190//203 155//203
f 155//204 190//204 191//204
f 155//205 191//205 153//205
f 192//206 193//206 194//206
f 194//207 193//207 195//207
f 194//208 195//208 196//208
f 196//209 195//209 197//209
f 196//210 197//210 184//210
f 184//211 197//211 198//211
f 184//212 198//212 185//212
f 152//213 147//213 150//213
f 150//214 147//214 199//214
f 150//215 199//215 148//215
f 145//216 147//216 200//216
f 200//217 147//217 152//217
f 200//218 152//218 192//218
f 192//219 152//219 151//219
f 192//220 151//220 193//220
f 146//221 145//221 201//221
f 201//222 145//222 202//222
f 201//223 202//223 203//223
f 203//224 202//224 204//224
f 203//225 204//225 205//225
f 205//226 204//226 206//226
f 206//227 204//227 207//227
f 206//228 207//228 208//228
f 157//229 209//229 155//229
f 155//230 209//230 208//230
f 155//231 208//231 182//231
f 182//232 208//232 207//232
f 182//233 207//233 183//233
f 210//234 211//234 212//234
f 213//235 214//235 149//235
f 149//236 214//236 215//236
f 149//237 215//237 150//237
f 213//238 149//238 216//238
f 216//239 149//239 217//239
f 216//240 217//240 218//240
f 218//241 217//241 219//241
f 218//242 219//242 220//242
f 220//243 219//243 221//243
f 220//244 221//244 222//244
f 221//245 223//245 222//245
f 222//246 223//246 224//246
f 222//247 224//247 225//247
f 224//248 226//248 225//248
f 225//249 226//249 227//249
f 225//250 227//250 228//250
f 228//251 227//251 229//251
f 228//252 229//252 230//252
f 230//253 229//253 231//253
f 230//254 231//254 232//254
f 231//255 233//255 232//255
f 232//256 233//256 234//256
f 232//257 234//257 235//257
f 235//258 234//258 236//258
f 235//259 236//259 237//259
f 238//260 239//260 240//260
f 240//261 239//261 241//261
f 240//262 241//262 237//262
f 237//263 241//263 242//263
f 237//264 242//264 235//264
f 240//265 243//265 238//265
f 238//266 243//266 244//266
f 238//267 244//267 245//267
f 244//268 246//268 245//268
f 245//269 246//269 247//269
f 245//270 247//270 210//270
f 210//271 247//271 248//271
f 210//272 248//272 211//272
f 249//273 250//273 212//273
f 212//274 250//274 251//274
f 212//275 251//275 210//275
f 249//276 252//276 250//276
f 250//277 252//277 253//277
f 250//278 253//278 254//278
f 254//279 253//279 255//279
f 254//280 255//280 256//280
f 257//281 258//281 259//281
f 259//282 258//282 260//282
f 259//283 260//283 261//283
f 261//284 260//284 262//284
f 261//285 262//285 263//285
f 263//286 262//286 264//286
f 263//287 264//287 265//287
f 265//288 264//288 266//288
f 267//289 268//289 269//289
f 259//290 270//290 257//290
f 263//291 265//291 271//291
f 272//292 273//292 274//292
f 274//293 273//293 275//293
f 274//294 275//294 276//294
f 277//295 278//295 275//295
f 275//296 278//296 279//296
f 279//297 280//297 275//297
f 275//298 280//298 281//298
f 275//299 281//299 276//299
f 265//300 266//300 271//300
f 271//301 266//301 282//301
f 271//302 282//302 277//302
f 277//303 282//303 283//303
f 277//304 283//304 278//304
f 270//305 259//305 271//305
f 271//306 259//306 261//306
f 271//307 261//307 263//307
f 269//308 268//308 284//308
f 284//309 268//309 285//309
f 284//310 285//310 286//310
f 287//311 288//311 285//311
f 285//312 288//312 289//312
f 285//313 289//313 286//313
f 290//314 291//314 287//314
f 287//315 291//315 292//315
f 287//316 292//316 288//316
f 293//317 294//317 290//317
f 290//318 294//318 295//318
f 290//319 295//319 291//319
f 296//320 297//320 293//320
f 293//321 297//321 298//321
f 293//322 298//322 294//322
f 272//323 299//323 273//323
f 273//324 299//324 300//324
f 273//325 300//325 296//325
f 296//326 300//326 301//326
f 296//327 301//327 297//327
f 302//328 303//328 304//328
f 304//329 303//329 305//329
f 304//330 305//330 306//330
f 306//331 305//331 307//331
f 307//332 305//332 308//332
f 307//333 308//333 309//333
f 309//334 308//334 310//334
f 309//335 310//335 311//335
f 311//336 310//336 312//336
f 311//337 312//337 313//337
f 313//338 312//338 314//338
f 313//339 314//339 315//339
f 303//340 302//340 316//340
f 303//340 316//340 317//340
f 317//340 316//340 318//340
f 317//340 318//340 319//340
f 320//341 321//341 322//341
f 322//342 321//342 323//342
f 322//343 323//343 324//343
f 324//344 323//344 325//344
f 325//345 323//345 326//345
f 325//346 326//346 327//346
f 327//347 326//347 328//347
f 327//348 328//348 329//348
f 319//349 318//349 330//349
f 330//350 318//350 329//350
f 330//351 329//351 331//351
f 331//352 329//352 328//352
f 332//353 321//353 333//353
f 333//353 321//353 320//353
f 334//354 335//354 336//354
f 336//354 335//354 337//354
f 336//354 337//354 338//354
f 338//355 337//355 339//355
f 339//355 337//355 340//355
f 339//355 340//355 341//355
f 341//356 340//356 342//356
f 342//356 340//356 343//356
f 342//356 343//356 344//356
f 345//357 346//357 343//357
f 343//357 346//357 347//357
f 343//357 347//357 344//357
f 348//358 349//358 345//358
f 345//358 349//358 350//358
f 345//358 350//358 346//358
f 335//359 334//359 348//359
f 348//359 334//359 351//359
f 348//359 351//359 349//359
f 345//360 343//360 352//360
f 352//360 353//360 345//360
f 345//360 353//360 354//360
f 345//360 354//360 348//360
f 340//360 337//360 355//360
f 355//360 356//360 340//360
f 340//360 356//360 357//360
f 340//360 357//360 343//360
f 343//360 357//360 358//360
f 343//360 358//360 352//360
f 354//360 359//360 348//360
f 348//360 359//360 360//360
f 348//360 360//360 335//360
f 360//360 361//360 335//360
f 335//360 361//360 362//360
f 335//360 362//360 337//360
f 337//360 362//360 363//360
f 337//360 363//360 355//360
f 364//361 365//361 366//361
f 366//362 365//362 367//362
f 366//363 367//363 368//363
f 368//364 367//364 369//364
f 369//365 367//365 370//365
f 369//366 370//366 371//366
f 372//367 373//367 374//367
f 374//368 373//368 375//368
f 374//369 375//369 370//369
f 370//370 375//370 376//370
f 370//371 376//371 371//371
f 372//372 374//372 377//372
f 377//373 374//373 378//373
f 377//374 378//374 379//374
f 380//375 381//375 382//375
f 382//376 381//376 383//376
f 382//377 383//377 378//377
f 378//378 383//378 384//378
f 378//379 384//379 379//379
f 380//380 382//380 385//380
f 385//381 382//381 386//381
f 385//382 386//382 387//382
f 387//383 386//383 388//383
f 388//384 386//384 389//384
f 388//385 389//385 390//385
f 391//340 374//340 392//340
f 392//340 374//340 370//340
f 392//340 370//340 393//340
f 393//340 370//340 367//340
f 393//340 367//340 394//340
f 395//340 389//340 396//340
f 396//340 389//340 386//340
f 396//340 386//340 397//340
f 397//340 386//340 382//340
f 397//340 382//340 391//340
f 391//340 382//340 378//340
f 391//340 378//340 374//340
f 367//340 365//340 394//340
f 394//340 365//340 398//340
f 394//340 398//340 399//340
f 399//340 398//340 400//340
f 399//340 400//340 401//340
f 401//340 400//340 402//340
f 401//340 402//340 403//340
f 403//340 402//340 404//340
f 403//340 404//340 405//340
f 405//340 404//340 406//340
f 405//340 406//340 407//340
f 407//340 406//340 408//340
f 407//340 408//340 395//340
f 395//340 408//340 409//340
f 395//340 409//340 389//340
f 409//386 408//386 410//386
f 390//387 389//387 411//387
f 411//388 389//388 409//388
f 411//389 409//389 412//389
f 412//390 409//390 410//390
f 404//391 413//391 406//391
f 406//392 413//392 414//392
f 406//393 414//393 408//393
f 408//394 414//394 415//394
f 408//395 415//395 410//395
f 402//396 416//396 404//396
f 404//397 416//397 417//397
f 404//398 417//398 413//398
f 418//399 419//399 400//399
f 400//400 419//400 420//400
f 400//401 420//401 402//401
f 402//402 420//402 421//402
f 402//403 421//403 416//403
f 418//404 400//404 422//404
f 422//405 400//405 398//405
f 422//406 398//406 423//406
f 423//407 398//407 365//407
f 423//408 365//408 364//408
f 424//409 425//409 426//409
f 8//410 7//410 427//410
f 8//411 427//411 428//411
f 428//412 427//412 429//412
f 428//413 429//413 430//413
f 430//414 429//414 431//414
f 430//415 431//415 432//415
f 432//416 431//416 433//416
f 432//417 433//417 424//417
f 424//418 433//418 434//418
f 424//419 434//419 425//419
f 435//420 436//420 437//420
f 437//421 436//421 438//421
f 435//422 439//422 436//422
f 436//423 439//423 440//423
f 436//424 440//424 426//424
f 426//425 440//425 441//425
f 426//426 441//426 424//426
f 438//427 436//427 442//427
f 442//428 436//428 443//428
f 442//429 443//429 444//429
f 444//430 443//430 445//430
f 445//431 443//431 446//431
f 445//432 446//432 447//432
f 448//433 449//433 446//433
f 446//434 449//434 450//434
f 446//435 450//435 447//435
f 451//436 452//436 448//436
f 448//437 452//437 453//437
f 448//438 453//438 449//438
f 454//439 455//439 456//439
f 456//440 455//440 457//440
f 456//441 457//441 451//441
f 451//442 457//442 458//442
f 451//443 458//443 452//443
f 454//444 456//444 459//444
f 459//445 456//445 460//445
f 459//446 460//446 461//446
f 461//447 462//447 463//447
f 464//448 465//448 463//448
f 463//449 465//449 466//449
f 463//450 466//450 461//450
f 461//451 466//451 467//451
f 461//452 467//452 459//452
f 468//453 469//453 470//453
f 471//454 472//454 473//454
f 469//455 474//455 470//455
f 470//456 474//456 475//456
f 470//457 475//457 464//457
f 476//458 477//458 478//458
f 479//459 478//459 480//459
f 480//460 478//460 481//460
f 479//461 482//461 478//461
f 478//462 482//462 483//462
f 478//463 483//463 476//463
f 484//464 485//464 486//464
f 486//465 485//465 487//465
f 486//466 487//466 471//466
f 485//467 488//467 487//467
f 487//468 488//468 489//468
f 487//469 489//469 478//469
f 478//470 489//470 490//470
f 478//471 490//471 481//471
f 473//472 468//472 471//472
f 471//473 468//473 470//473
f 471//474 470//474 486//474
f 486//475 470//475 491//475
f 486//476 491//476 484//476
f 462//477 492//477 463//477
f 463//478 492//478 493//478
f 463//479 493//479 464//479
f 464//480 493//480 494//480
f 464//481 494//481 470//481
f 470//482 494//482 495//482
f 470//483 495//483 491//483
f 496//484 497//484 498//484
f 498//485 497//485 499//485
f 500//486 501//486 499//486
f 499//487 501//487 502//487
f 499//488 502//488 498//488
f 503//489 504//489 505//489
f 505//490 504//490 506//490
f 505//491 506//491 500//491
f 500//492 506//492 507//492
f 500//493 507//493 501//493
f 508//494 509//494 505//494
f 505//495 509//495 510//495
f 505//496 510//496 503//496
f 511//497 512//497 513//497
f 513//498 512//498 514//498
f 513//499 514//499 508//499
f 508//500 514//500 515//500
f 508//501 515//501 509//501
f 516//502 517//502 511//502
f 511//503 517//503 518//503
f 511//504 518//504 512//504
f 519//505 520//505 521//505
f 521//506 520//506 522//506
f 521//507 522//507 516//507
f 516//508 522//508 523//508
f 516//509 523//509 517//509
f 519//510 521//510 524//510
f 524//511 521//511 525//511
f 524//512 525//512 526//512
f 526//513 525//513 527//513
f 527//514 525//514 528//514
f 527//515 528//515 529//515
f 530//516 531//516 532//516
f 532//517 531//517 533//517
f 532//518 533//518 528//518
f 528//519 533//519 534//519
f 528//520 534//520 529//520
f 530//521 532//521 535//521
f 535//522 532//522 536//522
f 535//523 536//523 537//523
f 538//524 539//524 540//524
f 540//525 539//525 541//525
f 540//526 541//526 536//526
f 536//527 541//527 542//527
f 536//528 542//528 537//528
f 538//529 540//529 543//529
f 543//530 540//530 544//530
f 543//531 544//531 545//531
f 545//532 544//532 546//532
f 546//533 544//533 497//533
f 546//534 497//534 496//534
f 547//360 532//360 548//360
f 548//360 532//360 528//360
f 548//360 528//360 549//360
f 549//360 528//360 525//360
f 549//360 525//360 550//360
f 551//360 497//360 552//360
f 552//360 497//360 544//360
f 552//360 544//360 553//360
f 553//360 544//360 540//360
f 553//360 540//360 547//360
f 547//360 540//360 536//360
f 547//360 536//360 532//360
f 525//360 521//360 550//360
f 550//360 521//360 516//360
f 550//360 516//360 554//360
f 554//360 516//360 511//360
f 554//360 511//360 555//360
f 555//360 511//360 513//360
f 555//360 513//360 556//360
f 556//360 513//360 508//360
f 556//360 508//360 557//360
f 557//360 508//360 505//360
f 557//360 505//360 558//360
f 558//360 505//360 500//360
f 558//360 500//360 551//360
f 551//360 500//360 499//360
f 551//360 499//360 497//360
f 559//340 560//340 561//340
f 562//340 563//340 564//340
f 565//340 566//340 567//340
f 559//340 568//340 560//340
f 560//340 568//340 569//340
f 560//340 569//340 564//340
f 564//340 569//340 570//340
f 564//340 570//340 562//340
f 565//340 571//340 566//340
f 566//340 571//340 572//340
f 566//340 572//340 561//340
f 561//340 572//340 573//340
f 561//340 573//340 559//340
f 562//340 574//340 563//340
f 563//340 574//340 575//340
f 563//340 575//340 567//340
f 567//340 575//340 576//340
f 567//340 576//340 565//340
f 577//359 566//359 578//359
f 578//359 566//359 561//359
f 578//359 561//359 579//359
f 566//354 577//354 567//354
f 567//354 577//354 580//354
f 567//354 580//354 581//354
f 582//355 563//355 583//355
f 583//355 563//355 567//355
f 583//355 567//355 581//355
f 563//356 582//356 564//356
f 564//356 582//356 584//356
f 564//356 584//356 585//356
f 586//357 560//357 587//357
f 587//357 560//357 564//357
f 587//357 564//357 585//357
f 579//358 561//358 588//358
f 588//358 561//358 560//358
f 588//358 560//358 586//358
f 589//535 590//535 591//535
f 592//536 590//536 593//536
f 593//537 590//537 589//537
f 593//538 589//538 594//538
f 595//539 596//539 597//539
f 597//540 596//540 598//540
f 597//541 598//541 599//541
f 599//542 598//542 600//542
f 598//543 601//543 600//543
f 600//544 601//544 602//544
f 600//545 602//545 603//545
f 595//546 597//546 604//546
f 604//547 597//547 605//547
f 604//548 605//548 606//548
f 606//549 605//549 607//549
f 607//550 605//550 608//550
f 607//551 608//551 609//551
f 610//552 611//552 612//552
f 612//553 611//553 613//553
f 612//554 613//554 614//554
f 614//555 613//555 615//555
f 614//556 615//556 616//556
f 617//557 618//557 619//557
f 619//558 618//558 620//558
f 619//559 620//559 621//559
f 614//560 616//560 622//560
f 623//561 624//561 617//561
f 617//562 624//562 625//562
f 617//563 625//563 618//563
f 618//564 625//564 626//564
f 618//565 626//565 620//565
f 614//560 622//560 612//560
f 612//560 622//560 627//560
f 612//566 627//566 610//566
f 610//567 627//567 628//567
f 610//568 628//568 629//568
f 629//560 628//560 630//560
f 629//560 630//560 631//560
f 631//560 630//560 632//560
f 631//560 632//560 633//560
f 634//560 635//560 636//560
f 636//569 635//569 637//569
f 636//570 637//570 638//570
f 638//571 637//571 639//571
f 634//560 636//560 633//560
f 633//560 636//560 640//560
f 633//560 640//560 631//560
f 617//572 641//572 623//572
f 623//573 641//573 642//573
f 623//570 642//570 643//570
f 643//570 642//570 644//570
f 643//570 644//570 639//570
f 639//574 644//574 645//574
f 639//575 645//575 638//575
f 636//576 646//576 647//576
f 636//577 647//577 640//577
f 647//578 648//578 640//578
f 640//579 648//579 649//579
f 640//580 649//580 631//580
f 631//581 649//581 650//581
f 631//582 650//582 629//582
f 629//583 650//583 651//583
f 629//584 651//584 610//584
f 646//585 636//585 652//585
f 652//586 636//586 638//586
f 652//587 638//587 653//587
f 653//588 638//588 645//588
f 653//589 645//589 654//589
f 654//590 645//590 644//590
f 654//591 644//591 655//591
f 655//592 644//592 656//592
f 656//593 644//593 642//593
f 656//594 642//594 657//594
f 657//595 642//595 641//595
f 657//596 641//596 617//596
f 658//597 659//597 660//597
f 611//598 661//598 613//598
f 613//599 661//599 615//599
f 611//600 610//600 661//600
f 661//601 610//601 651//601
f 661//602 651//602 650//602
f 650//603 649//603 661//603
f 661//604 649//604 648//604
f 661//605 648//605 647//605
f 646//606 652//606 662//606
f 662//607 652//607 653//607
f 662//608 653//608 654//608
f 654//609 655//609 662//609
f 662//609 655//609 656//609
f 662//610 656//610 657//610
f 657//611 617//611 662//611
f 662//612 617//612 619//612
f 662//613 619//613 621//613
f 663//614 664//614 665//614
f 665//615 664//615 666//615
f 665//616 666//616 667//616
f 663//617 668//617 664//617
f 664//618 668//618 669//618
f 664//619 669//619 670//619
f 660//620 659//620 662//620
f 659//621 671//621 662//621
f 662//622 671//622 672//622
f 662//623 672//623 673//623
f 647//624 646//624 661//624
f 661//625 646//625 662//625
f 661//626 662//626 674//626
f 674//627 662//627 673//627
f 674//628 675//628 661//628
f 661//629 675//629 676//629
f 661//630 676//630 666//630
f 666//631 676//631 677//631
f 666//632 677//632 667//632
f 678//633 679//633 680//633
f 680//634 681//634 678//634
f 678//635 681//635 682//635
f 678//636 682//636 660//636
f 660//637 682//637 683//637
f 660//638 683//638 658//638
f 684//639 685//639 674//639
f 674//640 685//640 675//640
f 669//641 686//641 670//641
f 670//642 686//642 687//642
f 670//643 687//643 688//643
f 669//644 668//644 686//644
f 686//645 668//645 663//645
f 686//646 663//646 665//646
f 685//647 688//647 675//647
f 675//648 688//648 687//648
f 675//649 687//649 676//649
f 676//650 687//650 686//650
f 676//651 686//651 677//651
f 677//652 686//652 665//652
f 677//653 665//653 667//653
f 659//654 658//654 689//654
f 689//655 658//655 683//655
f 689//656 683//656 682//656
f 690//657 691//657 679//657
f 679//658 691//658 689//658
f 679//659 689//659 680//659
f 680//660 689//660 682//660
f 680//661 682//661 681//661
f 659//662 689//662 671//662
f 671//663 689//663 691//663
f 671//664 691//664 672//664
f 672//665 691//665 690//665
f 672//666 690//666 673//666
f 673//667 690//667 684//667
f 673//668 684//668 674//668
f 692//669 693//669 694//669
f 664//670 670//670 695//670
f 695//671 670//671 688//671
f 695//672 688//672 685//672
f 684//673 690//673 696//673
f 696//674 690//674 679//674
f 696//670 679//670 678//670
f 692//675 694//675 697//675
f 698//676 696//676 699//676
f 699//677 696//677 700//677
f 698//678 701//678 696//678
f 696//679 701//679 702//679
f 696//680 702//680 703//680
f 685//681 684//681 695//681
f 695//682 684//682 696//682
f 695//683 696//683 704//683
f 704//684 696//684 703//684
f 704//685 705//685 695//685
f 695//686 705//686 706//686
f 695//687 706//687 707//687
f 707//688 708//688 695//688
f 695//689 708//689 709//689
f 695//690 709//690 694//690
f 694//691 709//691 710//691
f 694//692 710//692 697//692
f 700//693 711//693 712//693
f 712//694 713//694 700//694
f 700//695 713//695 714//695
f 700//696 714//696 699//696
f 715//697 716//697 717//697
f 717//698 716//698 718//698
f 717//699 718//699 719//699
f 720//700 721//700 722//700
f 715//701 717//701 722//701
f 722//702 717//702 723//702
f 722//703 723//703 720//703
f 724//704 725//704 726//704
f 727//705 728//705 729//705
f 730//706 731//706 732//706
f 732//707 731//707 733//707
f 732//708 733//708 734//708
f 734//709 733//709 735//709
f 736//710 737//710 738//710
f 738//711 737//711 739//711
f 738//712 739//712 733//712
f 733//713 739//713 740//713
f 733//714 740//714 735//714
f 741//715 742//715 743//715
f 743//716 742//716 744//716
f 743//717 744//717 738//717
f 738//718 744//718 745//718
f 738//719 745//719 736//719
f 741//720 743//720 746//720
f 746//721 743//721 747//721
f 746//722 747//722 748//722
f 749//723 750//723 747//723
f 747//724 750//724 751//724
f 747//725 751//725 748//725
f 752//726 753//726 749//726
f 749//727 753//727 754//727
f 749//728 754//728 750//728
f 728//729 755//729 729//729
f 729//730 755//730 756//730
f 729//731 756//731 752//731
f 752//732 756//732 757//732
f 752//733 757//733 753//733
f 725//734 724//734 729//734
f 729//735 724//735 758//735
f 729//736 758//736 727//736
f 718//737 716//737 759//737
f 759//738 716//738 715//738
f 759//739 715//739 760//739
f 760//740 715//740 722//740
f 760//741 722//741 721//741
f 730//742 761//742 731//742
f 731//743 761//743 762//743
f 731//744 762//744 759//744
f 759//745 762//745 719//745
f 759//746 719//746 718//746
f 763//747 764//747 765//747
f 765//748 764//748 766//748
f 767//749 768//749 769//749
f 764//750 767//750 766//750
f 766//751 767//751 769//751
f 766//752 769//752 770//752
f 769//753 771//753 770//753
f 770//754 771//754 772//754
f 773//755 774//755 775//755
f 775//756 774//756 776//756
f 772//757 771//757 777//757
f 777//758 771//758 776//758
f 777//759 776//759 778//759
f 778//760 776//760 774//760
f 779//761 773//761 780//761
f 780//762 773//762 775//762
f 780//763 775//763 776//763
f 780//764 781//764 779//764
f 779//765 781//765 782//765
f 783//766 781//766 784//766
f 784//767 781//767 780//767
f 784//768 780//768 785//768
f 785//769 780//769 776//769
f 771//770 786//770 776//770
f 776//771 786//771 787//771
f 776//772 787//772 785//772
f 786//773 771//773 788//773
f 788//774 771//774 769//774
f 788//775 769//775 789//775
f 789//776 769//776 790//776
f 790//777 769//777 768//777
f 790//778 768//778 791//778
f 792//779 789//779 790//779
f 793//780 792//780 794//780
f 794//781 792//781 790//781
f 794//782 790//782 795//782
f 795//783 790//783 791//783
f 788//784 789//784 792//784
f 796//785 786//785 797//785
f 797//786 786//786 788//786
f 788//787 792//787 797//787
f 797//788 792//788 793//788
f 797//789 793//789 798//789
f 798//790 799//790 797//790
f 797//791 799//791 800//791
f 797//792 800//792 796//792
f 801//793 802//793 803//793
f 802//794 801//794 804//794
f 805//795 796//795 800//795
f 806//796 807//796 803//796
f 803//797 807//797 808//797
f 803//798 808//798 809//798
f 786//799 796//799 787//799
f 787//800 796//800 805//800
f 787//801 805//801 785//801
f 785//802 805//802 810//802
f 785//803 810//803 811//803
f 799//804 804//804 800//804
f 800//805 804//805 801//805
f 800//806 801//806 805//806
f 805//807 801//807 803//807
f 805//808 803//808 810//808
f 810//809 803//809 809//809
f 810//810 809//810 811//810
f 784//811 785//811 811//811
f 784//812 811//812 812//812
f 812//813 811//813 809//813
f 812//814 809//814 813//814
f 813//815 809//815 808//815
f 813//816 808//816 814//816
f 814//817 808//817 807//817
f 814//818 807//818 815//818
f 815//819 807//819 806//819
f 815//820 806//820 816//820
f 783//821 784//821 812//821
f 783//822 812//822 817//822
f 817//823 812//823 813//823
f 817//824 813//824 818//824
f 818//825 813//825 819//825
f 819//826 813//826 814//826
f 819//827 814//827 820//827
f 820//828 814//828 815//828
f 820//829 815//829 821//829
f 821//830 815//830 816//830
f 821//831 816//831 822//831
f 823//832 824//832 825//832
f 822//833 816//833 826//833
f 822//834 826//834 827//834
f 827//835 826//835 828//835
f 827//836 828//836 829//836
f 823//837 825//837 830//837
f 816//838 831//838 826//838
f 826//839 831//839 830//839
f 826//840 830//840 828//840
f 828//841 830//841 825//841
f 828//842 825//842 829//842
f 824//843 823//843 806//843
f 823//844 830//844 806//844
f 806//845 830//845 831//845
f 806//846 831//846 816//846
f 832//847 833//847 834//847
f 834//848 833//848 824//848
f 834//849 824//849 835//849
f 835//850 824//850 806//850
f 835//851 806//851 834//851
f 834//852 806//852 803//852
f 834//853 803//853 832//853
f 832//854 803//854 802//854
f 832//855 802//855 833//855
f 833//856 802//856 836//856
f 802//857 804//857 836//857
f 836//858 804//858 799//858
f 836//859 799//859 837//859
f 837//860 838//860 836//860
f 836//861 838//861 839//861
f 836//862 839//862 840//862
f 841//863 840//863 798//863
f 798//864 840//864 839//864
f 839//865 838//865 798//865
f 798//866 838//866 837//866
f 798//867 837//867 799//867
f 841//868 798//868 842//868
f 842//869 798//869 793//869
f 842//870 793//870 843//870
f 795//871 844//871 845//871
f 795//872 845//872 794//872
f 845//873 846//873 794//873
f 794//874 846//874 843//874
f 794//875 843//875 793//875
f 847//876 843//876 848//876
f 849//877 850//877 848//877
f 848//878 850//878 851//878
f 848//879 851//879 847//879
f 845//880 844//880 852//880
f 843//881 846//881 848//881
f 848//882 846//882 845//882
f 848//883 845//883 849//883
f 849//884 845//884 852//884
f 849//885 852//885 850//885
f 842//886 843//886 847//886
f 840//887 841//887 853//887
f 853//888 841//888 842//888
f 853//889 842//889 854//889
f 854//890 842//890 847//890
f 854//891 847//891 851//891
f 840//892 853//892 836//892
f 836//893 853//893 855//893
f 836//894 855//894 833//894
f 856//895 824//895 855//895
f 855//896 824//896 833//896
f 857//897 825//897 856//897
f 856//898 825//898 824//898
f 825//899 857//899 858//899
f 858//900 857//900 859//900
f 860//901 822//901 861//901
f 861//902 822//902 827//902
f 861//903 827//903 858//903
f 858//904 827//904 829//904
f 858//905 829//905 825//905
f 862//906 783//906 817//906
f 862//907 817//907 863//907
f 863//908 817//908 818//908
f 863//909 818//909 864//909
f 864//910 818//910 819//910
f 864//911 819//911 865//911
f 865//912 819//912 820//912
f 865//913 820//913 866//913
f 866//914 820//914 821//914
f 866//915 821//915 867//915
f 867//916 821//916 822//916
f 867//917 822//917 860//917
f 868//918 781//918 869//918
f 869//919 781//919 783//919
f 869//920 783//920 862//920
f 782//921 781//921 870//921
f 870//922 781//922 868//922
f 870//923 868//923 871//923
f 871//924 868//924 872//924
f 871//925 872//925 873//925
f 874//926 875//926 876//926
f 875//927 877//927 878//927
f 876//928 879//928 874//928
f 874//929 879//929 880//929
f 874//930 880//930 881//930
f 881//931 880//931 882//931
f 881//932 882//932 883//932
f 883//933 882//933 884//933
f 884//934 882//934 885//934
f 884//935 885//935 886//935
f 887//936 888//936 889//936
f 889//937 890//937 887//937
f 887//938 890//938 891//938
f 887//939 891//939 885//939
f 885//940 891//940 892//940
f 885//941 892//941 886//941
f 893//942 894//942 895//942
f 895//943 894//943 896//943
f 895//944 896//944 888//944
f 888//945 896//945 897//945
f 888//946 897//946 889//946
f 898//947 899//947 900//947
f 900//948 899//948 901//948
f 900//949 901//949 902//949
f 902//950 901//950 903//950
f 902//951 903//951 904//951
f 905//952 906//952 907//952
f 907//953 906//953 908//953
f 907//954 908//954 909//954
f 909//955 908//955 910//955
f 909//956 910//956 911//956
f 911//957 910//957 912//957
f 911//958 912//958 913//958
f 913//959 912//959 914//959
f 913//960 914//960 915//960
f 875//961 878//961 876//961
f 876//962 878//962 916//962
f 876//963 916//963 879//963
f 879//964 916//964 917//964
f 879//965 917//965 880//965
f 880//966 917//966 918//966
f 880//967 918//967 882//967
f 882//968 918//968 898//968
f 882//969 898//969 885//969
f 885//970 898//970 900//970
f 885//971 900//971 887//971
f 887//972 900//972 902//972
f 887//973 902//973 888//973
f 888//974 902//974 904//974
f 888//975 904//975 895//975
f 878//976 914//976 916//976
f 916//977 914//977 912//977
f 916//978 912//978 917//978
f 917//979 912//979 910//979
f 917//980 910//980 918//980
f 918//981 910//981 908//981
f 918//982 908//982 898//982
f 898//983 908//983 906//983
f 898//984 906//984 899//984
f 899//985 906//985 905//985
f 899//986 905//986 901//986
f 919//987 920//987 921//987
f 922//988 923//988 924//988
f 924//989 923//989 925//989
f 924//990 925//990 926//990
f 922//991 919//991 923//991
f 923//992 919//992 921//992
f 923//993 921//993 925//993
f 925//994 921//994 927//994
f 925//995 927//995 926//995
f 926//996 927//996 928//996
f 929//997 920//997 919//997
f 930//998 931//998 932//998
f 932//999 931//999 929//999
f 932//1000 929//1000 933//1000
f 933//1001 929//1001 919//1001
f 933//1002 919//1002 922//1002
f 934//1003 935//1003 936//1003
f 936//1004 937//1004 934//1004
f 934//1005 937//1005 931//1005
f 934//1006 931//1006 930//1006
f 938//1007 935//1007 939//1007
f 940//1008 941//1008 942//1008
f 936//1009 935//1009 943//1009
f 943//1010 935//1010 944//1010
f 945//1011 946//1011 943//1011
f 943//1012 946//1012 937//1012
f 943//1013 937//1013 936//1013
f 947//1014 948//1014 949//1014
f 949//1015 948//1015 950//1015
f 938//1016 941//1016 935//1016
f 935//1017 941//1017 940//1017
f 940//1018 942//1018 935//1018
f 935//1019 942//1019 949//1019
f 935//1020 949//1020 944//1020
f 944//1021 949//1021 950//1021
f 944//1022 950//1022 943//1022
f 943//1023 950//1023 951//1023
f 943//1023 951//1023 945//1023
f 952//1024 953//1024 945//1024
f 945//1025 953//1025 946//1025
f 954//1026 955//1026 956//1026
f 956//1027 955//1027 957//1027
f 956//1028 957//1028 958//1028
f 954//1029 959//1029 955//1029
f 955//1030 959//1030 960//1030
f 955//1031 960//1031 957//1031
f 957//1032 960//1032 952//1032
f 957//1033 952//1033 958//1033
f 958//1034 952//1034 945//1034
f 945//1035 951//1035 958//1035
f 958//1036 951//1036 950//1036
f 958//1036 950//1036 948//1036
f 948//1037 947//1037 958//1037
f 958//1038 947//1038 949//1038
f 958//1039 949//1039 942//1039
f 942//1036 941//1036 958//1036
f 958//1040 941//1040 938//1040
f 958//1036 938//1036 939//1036
f 954//1041 956//1041 961//1041
f 961//1042 956//1042 958//1042
f 961//1043 958//1043 935//1043
f 935//1044 958//1044 939//1044
f 962//1045 963//1045 964//1045
f 965//1046 961//1046 935//1046
f 966//1047 934//1047 967//1047
f 967//1048 934//1048 930//1048
f 965//1049 935//1049 968//1049
f 968//1050 935//1050 934//1050
f 968//1051 934//1051 964//1051
f 964//1052 934//1052 966//1052
f 964//1053 966//1053 962//1053
f 967//1054 930//1054 932//1054
f 962//1055 966//1055 967//1055
f 969//1056 963//1056 962//1056
f 962//1057 967//1057 969//1057
f 969//1058 967//1058 932//1058
f 969//1059 932//1059 970//1059
f 970//1060 932//1060 933//1060
f 970//1061 933//1061 922//1061
f 922//1062 924//1062 970//1062
f 970//1063 924//1063 971//1063
f 971//1064 924//1064 972//1064
f 972//1065 924//1065 926//1065
f 972//1066 926//1066 928//1066
f 973//1067 970//1067 971//1067
f 974//1068 973//1068 975//1068
f 975//1069 973//1069 971//1069
f 975//1070 971//1070 976//1070
f 976//1071 971//1071 972//1071
f 969//1072 970//1072 973//1072
f 969//1073 973//1073 977//1073
f 977//1074 973//1074 974//1074
f 977//1075 974//1075 978//1075
f 963//1076 969//1076 979//1076
f 979//1077 969//1077 977//1077
f 979//1078 977//1078 980//1078
f 980//1079 977//1079 978//1079
f 980//1080 978//1080 981//1080
f 979//1081 980//1081 982//1081
f 982//1082 980//1082 983//1082
f 982//1083 983//1083 984//1083
f 985//1084 986//1084 965//1084
f 965//1085 986//1085 987//1085
f 965//1086 987//1086 961//1086
f 980//1087 981//1087 983//1087
f 983//1088 981//1088 988//1088
f 983//1089 988//1089 984//1089
f 984//1090 988//1090 989//1090
f 984//1091 989//1091 990//1091
f 990//1092 985//1092 984//1092
f 984//1093 985//1093 965//1093
f 984//1094 965//1094 982//1094
f 982//1095 965//1095 968//1095
f 982//1096 968//1096 979//1096
f 979//1097 968//1097 964//1097
f 979//1098 964//1098 963//1098
f 954//1099 961//1099 987//1099
f 954//1100 987//1100 991//1100
f 991//1101 987//1101 986//1101
f 991//1102 986//1102 992//1102
f 992//1103 986//1103 985//1103
f 992//1104 985//1104 993//1104
f 993//1105 985//1105 990//1105
f 993//1106 990//1106 994//1106
f 994//1107 990//1107 989//1107
f 994//1108 989//1108 995//1108
f 959//1109 954//1109 991//1109
f 959//1110 991//1110 996//1110
f 996//1111 991//1111 992//1111
f 996//1112 992//1112 997//1112
f 997//1113 992//1113 993//1113
f 997//1114 993//1114 998//1114
f 998//1115 993//1115 994//1115
f 998//1116 994//1116 999//1116
f 999//1117 994//1117 995//1117
f 999//1118 995//1118 1000//1118
f 1001//1119 1000//1119 1002//1119
f 1002//1120 1000//1120 995//1120
f 1002//1121 995//1121 1003//1121
f 1003//1122 995//1122 989//1122
f 981//1123 1004//1123 988//1123
f 988//1124 1004//1124 1003//1124
f 988//1125 1003//1125 989//1125
f 1004//1126 981//1126 1005//1126
f 1005//1127 981//1127 978//1127
f 1005//1128 978//1128 974//1128
f 1005//1129 974//1129 1006//1129
f 1006//1130 974//1130 975//1130
f 1006//1131 975//1131 976//1131
f 1007//1132 1008//1132 1009//1132
f 1009//1133 1008//1133 1010//1133
f 1009//1134 1010//1134 1011//1134
f 1005//1135 1006//1135 1012//1135
f 1012//1136 1009//1136 1005//1136
f 1005//1137 1009//1137 1011//1137
f 1005//1138 1011//1138 1013//1138
f 1004//1139 1005//1139 1014//1139
f 1014//1140 1005//1140 1013//1140
f 1003//1141 1004//1141 1015//1141
f 1015//1142 1004//1142 1014//1142
f 1015//1143 1016//1143 1003//1143
f 1003//1144 1016//1144 1017//1144
f 1003//1145 1017//1145 1018//1145
f 1018//1146 1017//1146 1019//1146
f 1002//1147 1003//1147 1018//1147
f 1018//1148 1019//1148 1002//1148
f 1002//1149 1019//1149 1020//1149
f 1002//1150 1020//1150 1021//1150
f 1001//1151 1002//1151 1022//1151
f 1022//1152 1002//1152 1021//1152
f 1001//1153 1022//1153 1023//1153
f 1024//1154 1001//1154 1025//1154
f 1025//1155 1001//1155 1023//1155
f 1025//1156 1023//1156 1026//1156
f 1026//1157 1023//1157 1027//1157
f 1000//1158 1001//1158 1028//1158
f 1028//1159 1001//1159 1024//1159
f 1029//1160 959//1160 996//1160
f 1029//1161 996//1161 1030//1161
f 1030//1162 996//1162 997//1162
f 1030//1163 997//1163 1031//1163
f 1031//1164 997//1164 1032//1164
f 1032//1165 997//1165 998//1165
f 1032//1166 998//1166 1033//1166
f 1033//1167 998//1167 999//1167
f 1033//1168 999//1168 1034//1168
f 1034//1169 999//1169 1000//1169
f 1034//1170 1000//1170 1028//1170
f 959//1171 1035//1171 960//1171
f 1035//1172 959//1172 1029//1172
f 1036//1173 1037//1173 1038//1173
f 1038//1174 1037//1174 1039//1174
f 1029//1175 1039//1175 1035//1175
f 1035//1176 1039//1176 1037//1176
f 1035//1177 1037//1177 960//1177
f 960//1178 1037//1178 1036//1178
f 960//1179 1036//1179 952//1179
f 953//1180 952//1180 1040//1180
f 1040//1181 952//1181 1036//1181
f 1040//1182 1036//1182 1038//1182
f 1041//1183 953//1183 1042//1183
f 1042//1184 953//1184 1040//1184
f 946//1185 953//1185 1043//1185
f 1043//1186 953//1186 1041//1186
f 937//1187 946//1187 1044//1187
f 1044//1188 946//1188 1043//1188
f 1044//1189 1043//1189 1045//1189
f 931//1190 937//1190 1044//1190
f 931//1191 1044//1191 1046//1191
f 1046//1192 1044//1192 1045//1192
f 1046//1193 1045//1193 1047//1193
f 1046//1194 1047//1194 1048//1194
f 929//1195 931//1195 1046//1195
f 1048//1196 1049//1196 1050//1196
f 1046//1197 1048//1197 929//1197
f 929//1198 1048//1198 1050//1198
f 929//1199 1050//1199 920//1199
f 1049//1200 921//1200 1050//1200
f 1050//1201 921//1201 920//1201
f 927//1202 921//1202 1051//1202
f 1051//1203 921//1203 1049//1203
f 1051//1204 1049//1204 1052//1204
f 1053//1205 927//1205 1054//1205
f 1054//1206 927//1206 1051//1206
f 1054//1207 1051//1207 1055//1207
f 1055//1208 1051//1208 1052//1208
f 928//1209 927//1209 1056//1209
f 1056//1210 927//1210 1053//1210
f 972//1211 928//1211 1057//1211
f 1057//1212 928//1212 1056//1212
f 972//1213 1057//1213 976//1213
f 976//1214 1057//1214 1058//1214
f 1006//1215 976//1215 1059//1215
f 1059//1214 976//1214 1058//1214
f 1060//1216 1061//1216 1059//1216
f 1059//1217 1061//1217 1062//1217
f 1059//1218 1062//1218 1063//1218
f 1009//1219 1012//1219 1063//1219
f 1063//1220 1012//1220 1006//1220
f 1063//1221 1006//1221 1059//1221
f 1062//1222 1061//1222 1064//1222
f 1064//1223 1061//1223 1060//1223
f 1064//1224 1060//1224 1065//1224
f 1062//1225 1064//1225 1063//1225
f 1063//1226 1064//1226 1007//1226
f 1063//1132 1007//1132 1009//1132
f 1064//1224 1065//1224 915//1224
f 1064//1227 915//1227 1007//1227
f 1007//1228 915//1228 1066//1228
f 1007//1229 1066//1229 1008//1229
f 1067//1230 1068//1230 1069//1230
f 1069//1231 1068//1231 1070//1231
f 1069//1232 1070//1232 1071//1232
f 1022//1233 1072//1233 1023//1233
f 1023//1234 1072//1234 1027//1234
f 1020//1235 1073//1235 1021//1235
f 1021//1236 1073//1236 1068//1236
f 1021//1237 1068//1237 1022//1237
f 1022//1238 1068//1238 1067//1238
f 1022//1239 1067//1239 1072//1239
f 1020//1240 1019//1240 1073//1240
f 1073//1241 1019//1241 1017//1241
f 1073//1242 1017//1242 1016//1242
f 1016//1243 1015//1243 1073//1243
f 1073//1244 1015//1244 1014//1244
f 1073//1245 1014//1245 1074//1245
f 1074//1246 1014//1246 1013//1246
f 1074//1247 1013//1247 1011//1247
f 1011//1248 1010//1248 1074//1248
f 1074//1249 1010//1249 1008//1249
f 1074//1250 1008//1250 1066//1250
f 1075//1251 1076//1251 1077//1251
f 1077//1252 1078//1252 1075//1252
f 1075//1253 1078//1253 1079//1253
f 1075//1254 1079//1254 1080//1254
f 1081//1255 1082//1255 1083//1255
f 1083//1256 1082//1256 1084//1256
f 1083//1257 1084//1257 1085//1257
f 1081//1258 1083//1258 1086//1258
f 1086//1259 1083//1259 1087//1259
f 1086//1260 1087//1260 1079//1260
f 1079//1261 1087//1261 1088//1261
f 1079//1262 1088//1262 1080//1262
f 1089//1263 1082//1263 1081//1263
f 1090//1264 1091//1264 1092//1264
f 1076//1265 1090//1265 1077//1265
f 1077//1266 1090//1266 1092//1266
f 1077//1267 1092//1267 1078//1267
f 1093//1268 1094//1268 1095//1268
f 1095//1269 1094//1269 1096//1269
f 1078//1270 1092//1270 1079//1270
f 1079//1271 1092//1271 1097//1271
f 1079//1272 1097//1272 1086//1272
f 1086//1273 1097//1273 1095//1273
f 1086//1274 1095//1274 1081//1274
f 1081//1275 1095//1275 1096//1275
f 1081//1276 1096//1276 1089//1276
f 1093//1277 1098//1277 1099//1277
f 1099//1278 1098//1278 1100//1278
f 1093//1279 1095//1279 1098//1279
f 1098//1280 1095//1280 1097//1280
f 1098//1281 1097//1281 1101//1281
f 1101//1282 1097//1282 1092//1282
f 1101//1283 1092//1283 1102//1283
f 1102//1284 1092//1284 1091//1284
f 1102//1285 1091//1285 1103//1285
f 1104//1286 1100//1286 1098//1286
f 1105//1287 1106//1287 1107//1287
f 1105//1288 1107//1288 1103//1288
f 1103//1289 1107//1289 1102//1289
f 1102//1290 1107//1290 1108//1290
f 1102//1291 1108//1291 1101//1291
f 1101//1292 1108//1292 1109//1292
f 1101//1293 1109//1293 1098//1293
f 1098//1294 1109//1294 1110//1294
f 1098//1295 1110//1295 1104//1295
f 1111//1296 1112//1296 1113//1296
f 1114//1297 1115//1297 1116//1297
f 1117//1298 1110//1298 1109//1298
f 1118//1299 1107//1299 1119//1299
f 1119//1300 1107//1300 1106//1300
f 1117//1301 1109//1301 1120//1301
f 1121//1302 1122//1302 1123//1302
f 1123//1303 1122//1303 1124//1303
f 1123//1304 1124//1304 1125//1304
f 1125//1305 1124//1305 1126//1305
f 1125//1306 1126//1306 1127//1306
f 1127//1307 1126//1307 1113//1307
f 1127//1308 1113//1308 1128//1308
f 1112//1309 1129//1309 1113//1309
f 1113//1310 1129//1310 1130//1310
f 1113//1311 1130//1311 1128//1311
f 1131//1312 1132//1312 1133//1312
f 1133//1313 1132//1313 1111//1313
f 1115//1314 1120//1314 1116//1314
f 1116//1315 1120//1315 1109//1315
f 1116//1316 1109//1316 1134//1316
f 1134//1317 1109//1317 1108//1317
f 1134//1318 1108//1318 1133//1318
f 1133//1319 1108//1319 1107//1319
f 1133//1320 1107//1320 1131//1320
f 1131//1321 1107//1321 1118//1321
f 1111//1322 1113//1322 1133//1322
f 1133//1323 1113//1323 1126//1323
f 1133//1324 1126//1324 1134//1324
f 1134//1325 1126//1325 1124//1325
f 1134//1326 1124//1326 1116//1326
f 1116//1327 1124//1327 1122//1327
f 1116//1328 1122//1328 1114//1328
f 1135//1329 1136//1329 1137//1329
f 1137//1330 1136//1330 1138//1330
f 1139//1331 1140//1331 1141//1331
f 1141//1332 1140//1332 1142//1332
f 1141//1333 1142//1333 1143//1333
f 1143//1334 1142//1334 1144//1334
f 1143//1335 1144//1335 1145//1335
f 1145//1336 1144//1336 1146//1336
f 1145//1337 1146//1337 1147//1337
f 1147//1338 1146//1338 1148//1338
f 1147//1339 1148//1339 1138//1339
f 1138//1340 1148//1340 1149//1340
f 1138//1341 1149//1341 1137//1341
f 1141//1342 1150//1342 1139//1342
f 1139//1343 1150//1343 1151//1343
f 1139//1344 1151//1344 1152//1344
f 1152//1345 1151//1345 1153//1345
f 1152//1346 1153//1346 1154//1346
f 1154//1347 1153//1347 1155//1347
f 1154//1348 1155//1348 1156//1348
f 1156//1349 1155//1349 1157//1349
f 1156//1350 1157//1350 1158//1350
f 1158//1351 1157//1351 1159//1351
f 1158//1352 1159//1352 1160//1352
f 1160//1353 1159//1353 1161//1353
f 1160//1354 1161//1354 1162//1354
f 1163//1355 1136//1355 1135//1355
f 1164//1356 1165//1356 1166//1356
f 1166//1357 1165//1357 1167//1357
f 1166//1358 1167//1358 1168//1358
f 1168//1359 1167//1359 1169//1359
f 1135//1360 1170//1360 1163//1360
f 1163//1361 1170//1361 1171//1361
f 1163//1362 1171//1362 1172//1362
f 1172//1363 1171//1363 1173//1363
f 1172//1364 1173//1364 1164//1364
f 1164//1365 1173//1365 1174//1365
f 1164//1366 1174//1366 1165//1366
f 1167//1367 1175//1367 1169//1367
f 1169//1368 1175//1368 1176//1368
f 1169//1369 1176//1369 1177//1369
f 1177//1370 1176//1370 1178//1370
f 1177//1371 1178//1371 1179//1371
f 1179//1372 1178//1372 1180//1372
f 1179//1373 1180//1373 1181//1373
f 1181//1374 1180//1374 1182//1374
f 1181//1375 1182//1375 1183//1375
f 1183//1376 1182//1376 1184//1376
f 1183//1377 1184//1377 1185//1377
f 1185//1378 1184//1378 1186//1378
f 1185//1379 1186//1379 1187//1379
f 1187//1380 1186//1380 1188//1380
f 1187//1381 1188//1381 1189//1381
f 1190//1382 1191//1382 1192//1382
f 1193//1383 1194//1383 1195//1383
f 1195//1384 1194//1384 1196//1384
f 1195//1224 1196//1224 1197//1224
f 1198//1385 1195//1385 1197//1385
f 1197//1386 1199//1386 1198//1386
f 1198//1387 1199//1387 1200//1387
f 1198//1388 1200//1388 1201//1388
f 1201//1389 1200//1389 1202//1389
f 1201//1390 1202//1390 1203//1390
f 1202//1391 1204//1391 1203//1391
f 1203//1392 1204//1392 1205//1392
f 1203//1393 1205//1393 1206//1393
f 1207//1394 1208//1394 1209//1394
f 1206//1395 1205//1395 1210//1395
f 1207//1396 1209//1396 1210//1396
f 1210//1397 1209//1397 1211//1397
f 1210//1398 1211//1398 1206//1398
f 1209//1399 1208//1399 1212//1399
f 1209//1400 1212//1400 1213//1400
f 1213//1401 1212//1401 1214//1401
f 1213//1402 1214//1402 1215//1402
f 1216//1403 1217//1403 1214//1403
f 1214//1404 1217//1404 1218//1404
f 1214//1405 1218//1405 1215//1405
f 1219//1406 1220//1406 1221//1406
f 1221//1407 1222//1407 1219//1407
f 1219//1408 1222//1408 1223//1408
f 1219//1409 1223//1409 1224//1409
f 1224//1410 1223//1410 1225//1410
f 1224//1411 1225//1411 1226//1411
f 1225//1412 1227//1412 1226//1412
f 1226//1413 1227//1413 1228//1413
f 1226//1414 1228//1414 1229//1414
f 1229//1415 1228//1415 1230//1415
f 1229//1416 1230//1416 1231//1416
f 1231//1417 1230//1417 1232//1417
f 1231//1418 1232//1418 1233//1418
f 1233//1419 1232//1419 1234//1419
f 1233//1420 1234//1420 1235//1420
f 1235//1421 1234//1421 1236//1421
f 1235//1422 1236//1422 1237//1422
f 1237//1423 1236//1423 1238//1423
f 1237//1424 1238//1424 1239//1424
f 1239//1425 1238//1425 1240//1425
f 1239//1426 1240//1426 1241//1426
f 1241//1427 1240//1427 1242//1427
f 1240//1428 1243//1428 1242//1428
f 1242//1429 1243//1429 1244//1429
f 1242//1430 1244//1430 1245//1430
f 1245//1431 1244//1431 1246//1431
f 1245//1432 1246//1432 1247//1432
f 1246//1433 1248//1433 1247//1433
f 1247//1434 1248//1434 1249//1434
f 1247//1435 1249//1435 1250//1435
f 1249//1436 1251//1436 1250//1436
f 1250//1437 1251//1437 1252//1437
f 1250//1438 1252//1438 1253//1438
f 1252//1439 1254//1439 1253//1439
f 1253//1440 1254//1440 1255//1440
f 1253//1441 1255//1441 1256//1441
f 1256//1442 1255//1442 1257//1442
f 1256//1443 1257//1443 1258//1443
f 1257//1444 1259//1444 1258//1444
f 1258//1445 1259//1445 1260//1445
f 1258//1446 1260//1446 1261//1446
f 1261//1447 1260//1447 1262//1447
f 1261//1448 1262//1448 1263//1448
f 1263//1449 1262//1449 1264//1449
f 1263//1450 1264//1450 1265//1450
f 1264//1451 1266//1451 1265//1451
f 1265//1452 1266//1452 1267//1452
f 1265//1453 1267//1453 1268//1453
f 1267//1454 1269//1454 1268//1454
f 1268//1455 1269//1455 1270//1455
f 1268//1456 1270//1456 1271//1456
f 1271//1457 1270//1457 1272//1457
f 1271//1458 1272//1458 1273//1458
f 1273//1459 1272//1459 1274//1459
f 1274//1460 1272//1460 1275//1460
f 1274//1461 1275//1461 1276//1461
f 1276//1462 1275//1462 1277//1462
f 1276//1463 1277//1463 1278//1463
f 1278//1464 1277//1464 1279//1464
f 1279//1465 1277//1465 1217//1465
f 1279//1466 1217//1466 1216//1466
f 1280//1467 1281//1467 1282//1467
f 1221//1468 1220//1468 1283//1468
f 1283//1469 1220//1469 1284//1469
f 1283//1470 1284//1470 1285//1470
f 1285//1471 1284//1471 1286//1471
f 1287//1472 1288//1472 1289//1472
f 1289//1473 1288//1473 1290//1473
f 1289//1474 1290//1474 1291//1474
f 1291//1475 1290//1475 1292//1475
f 1291//1476 1292//1476 1286//1476
f 1286//1477 1292//1477 1293//1477
f 1286//1478 1293//1478 1285//1478
f 1289//1479 1294//1479 1287//1479
f 1287//1480 1294//1480 1295//1480
f 1287//1481 1295//1481 1296//1481
f 1296//1482 1295//1482 1297//1482
f 1297//1483 1295//1483 1298//1483
f 1297//1484 1298//1484 1299//1484
f 1299//1485 1298//1485 1300//1485
f 1299//1486 1300//1486 1301//1486
f 1300//1487 1302//1487 1301//1487
f 1301//1488 1302//1488 1303//1488
f 1301//1489 1303//1489 1304//1489
f 1304//1490 1303//1490 1305//1490
f 1282//1491 1281//1491 1306//1491
f 1281//1492 1307//1492 1306//1492
f 1306//1493 1307//1493 1308//1493
f 1306//1494 1308//1494 1309//1494
f 1309//1495 1308//1495 1310//1495
f 1309//1496 1310//1496 1305//1496
f 1305//1497 1310//1497 1311//1497
f 1305//1498 1311//1498 1304//1498
f 1280//1499 1282//1499 1312//1499
f 1312//1500 1282//1500 1313//1500
f 1312//1501 1313//1501 1314//1501
f 1314//1502 1313//1502 1315//1502
f 1314//1503 1315//1503 1316//1503
f 1316//1504 1315//1504 1317//1504
f 1316//1505 1317//1505 1318//1505
f 1318//1506 1317//1506 1319//1506
f 1318//1507 1319//1507 1320//1507
f 1321//1508 1322//1508 1323//1508
f 1323//1509 1322//1509 1324//1509
f 1323//1510 1324//1510 1325//1510
f 1325//1511 1324//1511 1326//1511
f 1325//1512 1326//1512 1327//1512
f 1327//1513 1326//1513 1328//1513
f 1327//1514 1328//1514 1320//1514
f 1320//1515 1328//1515 1329//1515
f 1320//1516 1329//1516 1318//1516
f 1323//1517 1330//1517 1321//1517
f 1321//1518 1330//1518 1331//1518
f 1321//1519 1331//1519 1332//1519
f 1333//1520 1334//1520 1335//1520
f 1335//1521 1334//1521 1332//1521
f 1335//1522 1332//1522 1336//1522
f 1336//1523 1332//1523 1331//1523
f 1337//1524 1338//1524 1339//1524
f 1338//1525 1340//1525 1341//1525
f 1342//1526 1343//1526 1344//1526
f 1344//1527 1345//1527 1342//1527
f 1342//1528 1345//1528 1346//1528
f 1342//1529 1346//1529 1347//1529
f 1347//1530 1346//1530 1348//1530
f 1347//1531 1348//1531 1349//1531
f 1344//1532 1337//1532 1345//1532
f 1345//1533 1337//1533 1339//1533
f 1345//1534 1339//1534 1346//1534
f 1346//1535 1339//1535 1350//1535
f 1346//1536 1350//1536 1348//1536
f 1351//1537 1348//1537 1352//1537
f 1352//1538 1348//1538 1350//1538
f 1352//1539 1350//1539 1353//1539
f 1353//1540 1350//1540 1339//1540
f 1353//1541 1339//1541 1354//1541
f 1354//1542 1339//1542 1338//1542
f 1354//1543 1338//1543 1355//1543
f 1355//1544 1338//1544 1341//1544
f 1356//1545 1357//1545 1340//1545
f 1358//1546 1337//1546 1359//1546
f 1359//1547 1337//1547 1344//1547
f 1359//1548 1344//1548 1360//1548
f 1361//1549 1362//1549 1363//1549
f 1363//1550 1362//1550 1364//1550
f 1360//1551 1344//1551 1363//1551
f 1363//1552 1344//1552 1343//1552
f 1363//1553 1343//1553 1361//1553
f 1356//1554 1340//1554 1365//1554
f 1358//1555 1366//1555 1337//1555
f 1337//1556 1366//1556 1367//1556
f 1337//1557 1367//1557 1338//1557
f 1367//1558 1368//1558 1338//1558
f 1338//1559 1368//1559 1369//1559
f 1338//1560 1369//1560 1340//1560
f 1340//1561 1369//1561 1370//1561
f 1340//1562 1370//1562 1365//1562
f 1357//1563 1334//1563 1371//1563
f 1371//1564 1372//1564 1357//1564
f 1357//1565 1372//1565 1373//1565
f 1357//1564 1373//1564 1340//1564
f 1374//1566 1375//1566 1376//1566
f 1376//1567 1375//1567 1377//1567
f 1283//1568 1378//1568 1221//1568
f 1221//1569 1378//1569 1379//1569
f 1376//1570 1322//1570 1374//1570
f 1374//1571 1322//1571 1321//1571
f 1374//1572 1321//1572 1380//1572
f 1380//1573 1321//1573 1332//1573
f 1380//1574 1332//1574 1381//1574
f 1381//1575 1332//1575 1334//1575
f 1381//1576 1334//1576 1357//1576
f 1329//1577 1328//1577 1377//1577
f 1377//1578 1328//1578 1326//1578
f 1377//1579 1326//1579 1376//1579
f 1376//1580 1326//1580 1324//1580
f 1376//1581 1324//1581 1322//1581
f 1301//1582 1304//1582 1382//1582
f 1382//1583 1304//1583 1311//1583
f 1382//1584 1311//1584 1383//1584
f 1383//1585 1311//1585 1310//1585
f 1383//1586 1310//1586 1384//1586
f 1382//1587 1385//1587 1301//1587
f 1301//1588 1385//1588 1386//1588
f 1301//1589 1386//1589 1299//1589
f 1299//1590 1386//1590 1387//1590
f 1299//1591 1387//1591 1297//1591
f 1297//1592 1387//1592 1388//1592
f 1297//1593 1388//1593 1296//1593
f 1296//1594 1388//1594 1389//1594
f 1389//1595 1390//1595 1296//1595
f 1296//1596 1390//1596 1391//1596
f 1296//1597 1391//1597 1287//1597
f 1287//1598 1391//1598 1392//1598
f 1287//1599 1392//1599 1288//1599
f 1288//1600 1392//1600 1393//1600
f 1288//1601 1393//1601 1290//1601
f 1290//1602 1393//1602 1394//1602
f 1283//1603 1285//1603 1378//1603
f 1378//1604 1285//1604 1293//1604
f 1378//1605 1293//1605 1394//1605
f 1394//1606 1293//1606 1292//1606
f 1394//1607 1292//1607 1290//1607
f 1310//1608 1308//1608 1384//1608
f 1384//1609 1308//1609 1307//1609
f 1384//1610 1307//1610 1395//1610
f 1395//1611 1307//1611 1281//1611
f 1395//1612 1281//1612 1396//1612
f 1396//1613 1281//1613 1280//1613
f 1396//1614 1280//1614 1397//1614
f 1397//1615 1280//1615 1312//1615
f 1397//1616 1312//1616 1398//1616
f 1398//1617 1312//1617 1314//1617
f 1398//1618 1314//1618 1399//1618
f 1399//1619 1314//1619 1316//1619
f 1399//1620 1316//1620 1400//1620
f 1400//1621 1316//1621 1318//1621
f 1400//1622 1318//1622 1401//1622
f 1401//1623 1318//1623 1329//1623
f 1401//1624 1329//1624 1402//1624
f 1402//1625 1329//1625 1377//1625
f 1402//1626 1377//1626 1403//1626
f 1403//1627 1377//1627 1375//1627
f 1403//1628 1375//1628 1404//1628
f 1404//1566 1375//1566 1374//1566
f 1404//1629 1374//1629 1405//1629
f 1357//1630 1406//1630 1381//1630
f 1381//1631 1406//1631 1407//1631
f 1381//1632 1407//1632 1380//1632
f 1380//1633 1407//1633 1408//1633
f 1380//1634 1408//1634 1374//1634
f 1374//1635 1408//1635 1409//1635
f 1374//1636 1409//1636 1405//1636
f 1410//1637 1411//1637 1412//1637
f 1412//1638 1411//1638 1217//1638
f 1412//1639 1217//1639 1277//1639
f 1270//1640 1269//1640 1413//1640
f 1413//1641 1269//1641 1267//1641
f 1414//1642 1222//1642 1379//1642
f 1379//1643 1222//1643 1221//1643
f 1415//1644 1416//1644 1230//1644
f 1230//1645 1416//1645 1417//1645
f 1230//1646 1417//1646 1232//1646
f 1230//1647 1228//1647 1415//1647
f 1415//1648 1228//1648 1227//1648
f 1415//1649 1227//1649 1418//1649
f 1418//1650 1227//1650 1225//1650
f 1418//1651 1225//1651 1414//1651
f 1414//1652 1225//1652 1223//1652
f 1414//1653 1223//1653 1222//1653
f 1232//1654 1417//1654 1234//1654
f 1234//1655 1417//1655 1419//1655
f 1234//1656 1419//1656 1236//1656
f 1419//1657 1420//1657 1236//1657
f 1236//1658 1420//1658 1421//1658
f 1236//1659 1421//1659 1238//1659
f 1238//1660 1421//1660 1422//1660
f 1238//1661 1422//1661 1240//1661
f 1240//1662 1422//1662 1423//1662
f 1240//1663 1423//1663 1243//1663
f 1243//1664 1423//1664 1424//1664
f 1243//1665 1424//1665 1244//1665
f 1244//1666 1424//1666 1425//1666
f 1244//1667 1425//1667 1246//1667
f 1246//1668 1425//1668 1426//1668
f 1246//1669 1426//1669 1248//1669
f 1248//1670 1426//1670 1427//1670
f 1428//1671 1257//1671 1429//1671
f 1429//1672 1257//1672 1255//1672
f 1429//1673 1255//1673 1430//1673
f 1430//1674 1255//1674 1254//1674
f 1430//1675 1254//1675 1431//1675
f 1431//1676 1254//1676 1252//1676
f 1431//1677 1252//1677 1432//1677
f 1432//1678 1252//1678 1251//1678
f 1432//1679 1251//1679 1427//1679
f 1427//1680 1251//1680 1249//1680
f 1427//1681 1249//1681 1248//1681
f 1262//1682 1260//1682 1428//1682
f 1428//1683 1260//1683 1259//1683
f 1428//1684 1259//1684 1257//1684
f 1262//1685 1433//1685 1264//1685
f 1264//1686 1433//1686 1266//1686
f 1270//1687 1413//1687 1272//1687
f 1272//1688 1413//1688 1434//1688
f 1272//1689 1434//1689 1275//1689
f 1275//1690 1434//1690 1435//1690
f 1275//1691 1435//1691 1277//1691
f 1436//1692 1434//1692 1437//1692
f 1437//1692 1434//1692 1413//1692
f 1437//1693 1413//1693 1433//1693
f 1433//1694 1413//1694 1267//1694
f 1433//1695 1267//1695 1266//1695
f 1277//1696 1435//1696 1412//1696
f 1412//1697 1435//1697 1438//1697
f 1412//1698 1438//1698 1410//1698
f 1436//1699 1439//1699 1434//1699
f 1434//1700 1439//1700 1440//1700
f 1434//1701 1440//1701 1435//1701
f 1435//1702 1440//1702 1441//1702
f 1435//1703 1441//1703 1438//1703
f 1428//1704 1442//1704 1262//1704
f 1262//1705 1442//1705 1443//1705
f 1262//1706 1443//1706 1433//1706
f 1433//1707 1443//1707 1444//1707
f 1433//1708 1444//1708 1437//1708
f 1437//1709 1444//1709 1445//1709
f 1437//1710 1445//1710 1436//1710
f 1218//1711 1217//1711 1446//1711
f 1446//1712 1217//1712 1411//1712
f 1446//1713 1411//1713 1447//1713
f 1447//1714 1411//1714 1448//1714
f 1448//1715 1411//1715 1449//1715
f 1449//1716 1450//1716 1448//1716
f 1448//1717 1450//1717 1451//1717
f 1448//1718 1451//1718 1452//1718
f 1451//1719 1453//1719 1452//1719
f 1452//1720 1453//1720 1454//1720
f 1452//1721 1454//1721 1455//1721
f 1455//1722 1454//1722 1456//1722
f 1455//1723 1456//1723 1457//1723
f 1458//1724 1459//1724 1460//1724
f 1460//1725 1461//1725 1458//1725
f 1458//1726 1461//1726 1462//1726
f 1458//1727 1462//1727 1463//1727
f 1463//1728 1462//1728 1464//1728
f 1463//1729 1464//1729 1465//1729
f 1465//1730 1464//1730 1455//1730
f 1465//1731 1455//1731 1466//1731
f 1466//1732 1455//1732 1457//1732
f 1467//1733 1448//1733 1452//1733
f 1455//1734 1464//1734 1468//1734
f 1469//1735 1470//1735 1471//1735
f 1471//1736 1470//1736 1468//1736
f 1471//1737 1468//1737 1472//1737
f 1472//1738 1468//1738 1464//1738
f 1472//1739 1464//1739 1462//1739
f 1467//1740 1452//1740 1473//1740
f 1469//1741 1474//1741 1470//1741
f 1470//1742 1474//1742 1475//1742
f 1470//1743 1475//1743 1468//1743
f 1468//1744 1475//1744 1476//1744
f 1468//1745 1476//1745 1455//1745
f 1455//1746 1476//1746 1452//1746
f 1474//1747 1477//1747 1475//1747
f 1475//1748 1477//1748 1478//1748
f 1475//1749 1478//1749 1476//1749
f 1476//1750 1478//1750 1479//1750
f 1476//1751 1479//1751 1452//1751
f 1452//1752 1479//1752 1480//1752
f 1452//1753 1480//1753 1473//1753
f 1480//1754 1479//1754 1481//1754
f 1478//1755 1477//1755 1482//1755
f 1482//1756 1477//1756 1483//1756
f 1482//1757 1483//1757 1484//1757
f 1473//1758 1447//1758 1467//1758
f 1467//1759 1447//1759 1448//1759
f 1480//1760 1481//1760 1473//1760
f 1473//1761 1481//1761 1447//1761
f 1447//1762 1481//1762 1485//1762
f 1447//1763 1485//1763 1446//1763
f 1483//1764 1209//1764 1484//1764
f 1484//1765 1209//1765 1213//1765
f 1484//1766 1213//1766 1215//1766
f 1218//1767 1446//1767 1215//1767
f 1215//1768 1446//1768 1485//1768
f 1215//1769 1485//1769 1484//1769
f 1484//1770 1485//1770 1481//1770
f 1484//1771 1481//1771 1482//1771
f 1482//1772 1481//1772 1479//1772
f 1482//1773 1479//1773 1478//1773
f 1469//1774 1471//1774 1486//1774
f 1487//1775 1488//1775 1489//1775
f 1483//1776 1490//1776 1209//1776
f 1209//1777 1490//1777 1491//1777
f 1209//1778 1491//1778 1211//1778
f 1492//1779 1493//1779 1494//1779
f 1494//1780 1493//1780 1495//1780
f 1494//1781 1495//1781 1496//1781
f 1497//1782 1498//1782 1499//1782
f 1499//1783 1498//1783 1500//1783
f 1499//1784 1500//1784 1492//1784
f 1492//1785 1500//1785 1501//1785
f 1492//1786 1501//1786 1493//1786
f 1497//1787 1499//1787 1502//1787
f 1502//1788 1499//1788 1503//1788
f 1502//1789 1503//1789 1504//1789
f 1505//1790 1489//1790 1504//1790
f 1487//1791 1489//1791 1506//1791
f 1489//1792 1505//1792 1506//1792
f 1506//1793 1505//1793 1507//1793
f 1506//1794 1507//1794 1508//1794
f 1508//1795 1507//1795 1509//1795
f 1508//1796 1509//1796 1510//1796
f 1511//1797 1512//1797 1507//1797
f 1507//1798 1512//1798 1513//1798
f 1507//1799 1513//1799 1509//1799
f 1514//1800 1515//1800 1516//1800
f 1517//1801 1518//1801 1519//1801
f 1518//1802 1517//1802 1520//1802
f 1520//1803 1517//1803 1486//1803
f 1520//1804 1486//1804 1521//1804
f 1471//1805 1472//1805 1486//1805
f 1486//1806 1472//1806 1462//1806
f 1486//1807 1462//1807 1521//1807
f 1483//1808 1477//1808 1490//1808
f 1490//1809 1477//1809 1474//1809
f 1490//1810 1474//1810 1522//1810
f 1517//1811 1523//1811 1486//1811
f 1486//1812 1523//1812 1522//1812
f 1486//1813 1522//1813 1469//1813
f 1469//1814 1522//1814 1474//1814
f 1504//1815 1503//1815 1505//1815
f 1505//1816 1503//1816 1514//1816
f 1505//1817 1514//1817 1507//1817
f 1507//1818 1514//1818 1516//1818
f 1507//1819 1516//1819 1511//1819
f 1206//1820 1211//1820 1496//1820
f 1496//1821 1211//1821 1491//1821
f 1496//1822 1491//1822 1494//1822
f 1494//1823 1491//1823 1490//1823
f 1494//1824 1490//1824 1492//1824
f 1492//1825 1490//1825 1522//1825
f 1492//1826 1522//1826 1499//1826
f 1499//1827 1522//1827 1523//1827
f 1499//1828 1523//1828 1503//1828
f 1503//1829 1523//1829 1517//1829
f 1503//1830 1517//1830 1514//1830
f 1514//1831 1517//1831 1519//1831
f 1514//1832 1519//1832 1515//1832
f 1524//1833 1525//1833 1526//1833
f 1527//1834 1528//1834 1529//1834
f 1527//1835 1529//1835 1488//1835
f 1488//1836 1529//1836 1489//1836
f 1489//1837 1529//1837 1528//1837
f 1489//1838 1528//1838 1504//1838
f 1504//1839 1528//1839 1530//1839
f 1504//1840 1530//1840 1531//1840
f 1498//1841 1497//1841 1532//1841
f 1532//1842 1497//1842 1502//1842
f 1502//1843 1504//1843 1532//1843
f 1532//1844 1504//1844 1531//1844
f 1532//1845 1531//1845 1498//1845
f 1498//1846 1531//1846 1533//1846
f 1498//1847 1533//1847 1500//1847
f 1500//1848 1533//1848 1501//1848
f 1501//1849 1533//1849 1534//1849
f 1501//1850 1534//1850 1493//1850
f 1493//1851 1534//1851 1535//1851
f 1493//1852 1535//1852 1495//1852
f 1495//1853 1535//1853 1536//1853
f 1495//1854 1536//1854 1496//1854
f 1496//1855 1536//1855 1203//1855
f 1496//1856 1203//1856 1206//1856
f 1195//1857 1198//1857 1537//1857
f 1537//1858 1198//1858 1201//1858
f 1537//1859 1201//1859 1538//1859
f 1539//1383 1193//1383 1195//1383
f 1540//1860 1541//1860 1539//1860
f 1539//1861 1541//1861 1542//1861
f 1543//1862 1544//1862 1545//1862
f 1546//1863 1547//1863 1543//1863
f 1545//1864 1548//1864 1543//1864
f 1543//1865 1548//1865 1549//1865
f 1543//1866 1549//1866 1546//1866
f 1547//1867 1550//1867 1543//1867
f 1543//1868 1550//1868 1542//1868
f 1543//1869 1542//1869 1544//1869
f 1551//1870 1552//1870 1553//1870
f 1554//1871 1555//1871 1556//1871
f 1540//1872 1551//1872 1541//1872
f 1541//1873 1551//1873 1553//1873
f 1541//1874 1553//1874 1542//1874
f 1542//1875 1553//1875 1557//1875
f 1542//1876 1557//1876 1544//1876
f 1556//1877 1558//1877 1554//1877
f 1554//1878 1558//1878 1559//1878
f 1554//1879 1559//1879 1560//1879
f 1560//1880 1559//1880 1561//1880
f 1562//1881 1561//1881 1563//1881
f 1563//1882 1561//1882 1559//1882
f 1563//1883 1559//1883 1564//1883
f 1564//1884 1559//1884 1558//1884
f 1539//1885 1195//1885 1540//1885
f 1540//1886 1195//1886 1537//1886
f 1540//1887 1537//1887 1526//1887
f 1526//1888 1537//1888 1538//1888
f 1526//1889 1538//1889 1524//1889
f 1525//1890 1562//1890 1526//1890
f 1526//1891 1562//1891 1563//1891
f 1526//1892 1563//1892 1540//1892
f 1540//1893 1563//1893 1564//1893
f 1540//1894 1564//1894 1551//1894
f 1551//1895 1564//1895 1558//1895
f 1551//1896 1558//1896 1552//1896
f 1552//1897 1558//1897 1556//1897
f 1201//1898 1203//1898 1538//1898
f 1538//1899 1203//1899 1536//1899
f 1538//1900 1536//1900 1524//1900
f 1524//1901 1536//1901 1535//1901
f 1524//1902 1535//1902 1525//1902
f 1525//1903 1535//1903 1534//1903
f 1525//1904 1534//1904 1562//1904
f 1562//1905 1534//1905 1533//1905
f 1562//1906 1533//1906 1561//1906
f 1561//1907 1533//1907 1531//1907
f 1561//1908 1531//1908 1560//1908
f 1560//1909 1531//1909 1530//1909
f 1560//1910 1530//1910 1554//1910
f 1554//1911 1530//1911 1528//1911
f 1554//1912 1528//1912 1555//1912
f 1555//1913 1528//1913 1527//1913
f 1565//1914 1566//1914 1567//1914
f 1568//1915 1569//1915 1570//1915
f 1571//1916 1555//1916 1527//1916
f 1548//1917 1545//1917 1572//1917
f 1572//1918 1545//1918 1544//1918
f 1568//1919 1570//1919 1556//1919
f 1556//1920 1570//1920 1573//1920
f 1556//1921 1573//1921 1552//1921
f 1552//1922 1573//1922 1572//1922
f 1552//1923 1572//1923 1553//1923
f 1553//1924 1572//1924 1544//1924
f 1553//1925 1544//1925 1557//1925
f 1574//1926 1575//1926 1576//1926
f 1576//1927 1575//1927 1577//1927
f 1576//1928 1577//1928 1549//1928
f 1578//1929 1547//1929 1577//1929
f 1577//1930 1547//1930 1546//1930
f 1577//1931 1546//1931 1549//1931
f 1550//1932 1547//1932 1579//1932
f 1579//1933 1547//1933 1578//1933
f 1579//1934 1578//1934 1580//1934
f 1580//1935 1578//1935 1567//1935
f 1581//1936 1582//1936 1583//1936
f 1583//1937 1582//1937 1584//1937
f 1583//1938 1584//1938 1585//1938
f 1585//1939 1584//1939 1586//1939
f 1527//1940 1587//1940 1571//1940
f 1571//1941 1587//1941 1588//1941
f 1571//1942 1588//1942 1589//1942
f 1589//1943 1588//1943 1590//1943
f 1589//1944 1590//1944 1591//1944
f 1591//1945 1590//1945 1592//1945
f 1591//1946 1592//1946 1593//1946
f 1593//1947 1592//1947 1594//1947
f 1593//1948 1594//1948 1586//1948
f 1586//1949 1594//1949 1595//1949
f 1586//1950 1595//1950 1585//1950
f 1574//1951 1596//1951 1575//1951
f 1575//1952 1596//1952 1597//1952
f 1575//1953 1597//1953 1577//1953
f 1577//1954 1597//1954 1598//1954
f 1577//1955 1598//1955 1578//1955
f 1549//1956 1548//1956 1576//1956
f 1576//1957 1548//1957 1572//1957
f 1576//1958 1572//1958 1574//1958
f 1574//1959 1572//1959 1573//1959
f 1574//1960 1573//1960 1596//1960
f 1596//1961 1573//1961 1570//1961
f 1596//1962 1570//1962 1599//1962
f 1599//1963 1570//1963 1569//1963
f 1556//1964 1555//1964 1568//1964
f 1568//1965 1555//1965 1571//1965
f 1568//1966 1571//1966 1569//1966
f 1569//1967 1571//1967 1589//1967
f 1569//1968 1589//1968 1599//1968
f 1599//1969 1589//1969 1591//1969
f 1599//1970 1591//1970 1596//1970
f 1596//1971 1591//1971 1593//1971
f 1596//1972 1593//1972 1597//1972
f 1597//1973 1593//1973 1586//1973
f 1597//1974 1586//1974 1598//1974
f 1598//1975 1586//1975 1584//1975
f 1598//1976 1584//1976 1578//1976
f 1578//1977 1584//1977 1582//1977
f 1578//1978 1582//1978 1567//1978
f 1567//1979 1582//1979 1581//1979
f 1567//1980 1581//1980 1565//1980
f 1600//1981 1601//1981 1602//1981
f 1602//1982 1601//1982 1603//1982
f 1602//1983 1603//1983 1604//1983
f 1604//1984 1603//1984 1605//1984
f 1606//1985 1605//1985 1603//1985
f 1606//1986 1603//1986 1607//1986
f 1607//1987 1603//1987 1601//1987
f 1607//1988 1601//1988 1608//1988
f 1608//1989 1601//1989 1609//1989
f 1610//1990 1611//1990 1612//1990
f 1612//1991 1611//1991 1613//1991
f 1612//1992 1613//1992 1614//1992
f 1610//1993 1615//1993 1611//1993
f 1611//1994 1615//1994 1616//1994
f 1611//1995 1616//1995 1617//1995
f 1617//1996 1616//1996 1618//1996
f 1617//1997 1618//1997 1609//1997
f 1609//1998 1618//1998 1619//1998
f 1609//1999 1619//1999 1608//1999
f 1609//2000 1601//2000 1600//2000
f 1620//2001 1611//2001 1621//2001
f 1621//2002 1611//2002 1617//2002
f 1621//2003 1617//2003 1622//2003
f 1622//2004 1617//2004 1609//2004
f 1622//2005 1609//2005 1623//2005
f 1623//2006 1609//2006 1600//2006
f 1620//2007 1624//2007 1611//2007
f 1611//2008 1624//2008 1625//2008
f 1611//2009 1625//2009 1613//2009
f 1625//2010 1624//2010 1626//2010
f 1626//2011 1624//2011 1627//2011
f 1626//2012 1627//2012 1628//2012
f 1625//2013 1626//2013 1629//2013
f 1629//2014 1626//2014 1628//2014
f 1629//2015 1628//2015 1630//2015
f 1630//2016 1628//2016 1631//2016
f 1630//2017 1631//2017 1632//2017
f 1632//2018 1631//2018 1633//2018
f 1632//2019 1633//2019 1634//2019
f 1633//2020 1635//2020 1634//2020
f 1634//2021 1635//2021 1636//2021
f 1634//2022 1636//2022 1637//2022
f 1638//340 1639//340 1637//340
f 1636//340 1640//340 1637//340
f 1637//340 1640//340 1641//340
f 1637//340 1641//340 1638//340
f 1642//2023 1643//2023 1644//2023
f 1645//2024 1642//2024 1646//2024
f 1646//2025 1642//2025 1647//2025
f 1642//2026 1644//2026 1647//2026
f 1647//2027 1644//2027 1648//2027
f 1647//2028 1648//2028 1649//2028
f 1650//2029 1651//2029 1649//2029
f 1649//2030 1651//2030 1652//2030
f 1649//2031 1652//2031 1647//2031
f 1653//2032 1654//2032 1650//2032
f 1650//2033 1654//2033 1655//2033
f 1650//2034 1655//2034 1651//2034
f 1638//2035 1656//2035 1639//2035
f 1639//2036 1656//2036 1657//2036
f 1639//2037 1657//2037 1653//2037
f 1653//2038 1657//2038 1658//2038
f 1653//2039 1658//2039 1654//2039
f 1641//2040 1659//2040 1638//2040
f 1638//2041 1659//2041 1660//2041
f 1638//2042 1660//2042 1656//2042
f 1641//2043 1640//2043 1661//2043
f 1661//2044 1662//2044 1641//2044
f 1641//2045 1662//2045 1663//2045
f 1641//2046 1663//2046 1659//2046
f 1664//2047 1665//2047 1666//2047
f 1666//2047 1665//2047 1667//2047
f 1643//2047 1642//2047 1668//2047
f 1668//2047 1642//2047 1645//2047
f 1645//2048 1669//2048 1668//2048
f 1668//2049 1669//2049 1666//2049
f 1668//2047 1666//2047 1670//2047
f 1670//2047 1666//2047 1667//2047
f 1670//2047 1667//2047 1671//2047
f 1566//360 1672//360 1673//360
f 1673//360 1672//360 1674//360
f 1673//2050 1194//2050 1193//2050
f 1675//360 1676//360 1677//360
f 1677//360 1676//360 1674//360
f 1677//360 1674//360 1678//360
f 1678//360 1674//360 1672//360
f 1679//360 1667//360 1680//360
f 1680//360 1667//360 1665//360
f 1675//360 1681//360 1676//360
f 1676//360 1681//360 1682//360
f 1676//360 1682//360 1665//360
f 1665//360 1682//360 1683//360
f 1665//360 1683//360 1680//360
f 1579//360 1580//360 1673//360
f 1673//360 1580//360 1567//360
f 1673//360 1567//360 1566//360
f 1550//360 1579//360 1542//360
f 1542//360 1579//360 1673//360
f 1542//360 1673//360 1539//360
f 1539//360 1673//360 1193//360
f 1667//2051 1684//2051 1671//2051
f 1671//2052 1684//2052 1685//2052
f 1686//2053 1687//2053 1688//2053
f 1688//2054 1687//2054 1689//2054
f 1688//2055 1689//2055 1690//2055
f 1690//2056 1689//2056 1684//2056
f 1690//2051 1684//2051 1679//2051
f 1679//2051 1684//2051 1667//2051
f 1691//2057 1692//2057 1684//2057
f 1693//2058 1694//2058 1695//2058
f 1693//2059 1695//2059 1696//2059
f 1696//2060 1695//2060 1697//2060
f 1696//2061 1697//2061 1698//2061
f 1698//2062 1697//2062 1699//2062
f 1698//2063 1699//2063 1700//2063
f 1700//2064 1699//2064 1701//2064
f 1700//2065 1701//2065 1702//2065
f 1702//2066 1701//2066 1703//2066
f 1702//2067 1703//2067 1704//2067
f 1705//2068 1706//2068 1707//2068
f 1707//2069 1706//2069 1708//2069
f 1707//2070 1708//2070 1709//2070
f 1709//2071 1708//2071 1710//2071
f 1709//2072 1710//2072 1711//2072
f 1711//2073 1710//2073 1712//2073
f 1711//2074 1712//2074 1713//2074
f 1713//2075 1712//2075 1714//2075
f 1713//2076 1714//2076 1703//2076
f 1703//2077 1714//2077 1715//2077
f 1703//2078 1715//2078 1704//2078
f 1716//2079 1717//2079 1718//2079
f 1718//2080 1717//2080 1719//2080
f 1718//2081 1719//2081 1705//2081
f 1705//2082 1719//2082 1720//2082
f 1705//2083 1720//2083 1706//2083
f 1716//2084 1718//2084 1721//2084
f 1721//2085 1718//2085 1722//2085
f 1721//2086 1722//2086 1723//2086
f 1723//2087 1722//2087 1688//2087
f 1723//2088 1688//2088 1690//2088
f 1692//2089 1724//2089 1725//2089
f 1725//2090 1724//2090 1726//2090
f 1725//2091 1726//2091 1727//2091
f 1727//2092 1726//2092 1728//2092
f 1727//2093 1728//2093 1729//2093
f 1730//2094 1731//2094 1732//2094
f 1732//2095 1731//2095 1733//2095
f 1732//2096 1733//2096 1734//2096
f 1734//2097 1733//2097 1735//2097
f 1734//2098 1735//2098 1736//2098
f 1736//2099 1735//2099 1737//2099
f 1736//2100 1737//2100 1738//2100
f 1738//2101 1737//2101 1739//2101
f 1692//2102 1691//2102 1724//2102
f 1724//2103 1691//2103 1740//2103
f 1724//2104 1740//2104 1726//2104
f 1726//2104 1740//2104 1741//2104
f 1726//2105 1741//2105 1728//2105
f 1728//2106 1741//2106 1742//2106
f 1728//2107 1742//2107 1743//2107
f 1743//2108 1742//2108 1744//2108
f 1743//2109 1744//2109 1745//2109
f 1684//2110 1689//2110 1691//2110
f 1691//2111 1689//2111 1687//2111
f 1691//2112 1687//2112 1740//2112
f 1740//2113 1687//2113 1746//2113
f 1740//2114 1746//2114 1741//2114
f 1741//2115 1746//2115 1747//2115
f 1741//2116 1747//2116 1742//2116
f 1742//2117 1747//2117 1748//2117
f 1742//2118 1748//2118 1744//2118
f 1744//2119 1748//2119 1749//2119
f 1744//2120 1749//2120 1750//2120
f 1750//2121 1749//2121 1751//2121
f 1750//2122 1751//2122 1752//2122
f 1752//2122 1751//2122 1753//2122
f 1752//2123 1753//2123 1754//2123
f 1745//2124 1744//2124 1755//2124
f 1755//2124 1744//2124 1750//2124
f 1755//2125 1750//2125 1756//2125
f 1756//2125 1750//2125 1752//2125
f 1756//2126 1752//2126 1757//2126
f 1757//2127 1752//2127 1754//2127
f 1757//2128 1754//2128 1758//2128
f 1729//2129 1728//2129 1759//2129
f 1759//2130 1728//2130 1743//2130
f 1759//2131 1743//2131 1760//2131
f 1760//2132 1743//2132 1745//2132
f 1760//2133 1745//2133 1761//2133
f 1761//2134 1745//2134 1755//2134
f 1761//2135 1755//2135 1762//2135
f 1762//2136 1755//2136 1756//2136
f 1762//2137 1756//2137 1763//2137
f 1763//2138 1756//2138 1757//2138
f 1763//2139 1757//2139 1764//2139
f 1764//2140 1757//2140 1758//2140
f 1764//2141 1758//2141 1765//2141
f 1765//2142 1758//2142 1754//2142
f 1765//2143 1754//2143 1766//2143
f 1767//2144 1730//2144 1768//2144
f 1768//2145 1730//2145 1732//2145
f 1768//2146 1732//2146 1769//2146
f 1769//2146 1732//2146 1734//2146
f 1769//2147 1734//2147 1770//2147
f 1770//2148 1734//2148 1736//2148
f 1770//2149 1736//2149 1766//2149
f 1766//2149 1736//2149 1738//2149
f 1766//2150 1738//2150 1765//2150
f 1765//2151 1738//2151 1739//2151
f 1765//2152 1739//2152 1764//2152
f 1753//2153 1771//2153 1754//2153
f 1754//2154 1771//2154 1772//2154
f 1754//2155 1772//2155 1766//2155
f 1766//2156 1772//2156 1773//2156
f 1766//2157 1773//2157 1770//2157
f 1770//2158 1773//2158 1774//2158
f 1770//2159 1774//2159 1769//2159
f 1769//2160 1774//2160 1775//2160
f 1769//2161 1775//2161 1768//2161
f 1768//2161 1775//2161 1776//2161
f 1768//2162 1776//2162 1767//2162
f 1767//2163 1776//2163 1777//2163
f 1687//2164 1686//2164 1746//2164
f 1746//2165 1686//2165 1778//2165
f 1746//2166 1778//2166 1747//2166
f 1747//2167 1778//2167 1779//2167
f 1747//2168 1779//2168 1748//2168
f 1748//2169 1779//2169 1780//2169
f 1748//2170 1780//2170 1749//2170
f 1749//2171 1780//2171 1781//2171
f 1749//2172 1781//2172 1751//2172
f 1751//2173 1781//2173 1782//2173
f 1751//2174 1782//2174 1753//2174
f 1753//2175 1782//2175 1783//2175
f 1753//2176 1783//2176 1771//2176
f 1771//2177 1783//2177 1784//2177
f 1771//2178 1784//2178 1772//2178
f 1772//2179 1784//2179 1785//2179
f 1772//2180 1785//2180 1773//2180
f 1773//2181 1785//2181 1786//2181
f 1773//2182 1786//2182 1774//2182
f 1774//2182 1786//2182 1787//2182
f 1774//2183 1787//2183 1775//2183
f 1775//2184 1787//2184 1788//2184
f 1775//2185 1788//2185 1776//2185
f 1776//2185 1788//2185 1789//2185
f 1776//2186 1789//2186 1777//2186
f 1777//2187 1789//2187 1790//2187
f 1686//2188 1688//2188 1778//2188
f 1778//2189 1688//2189 1722//2189
f 1778//2190 1722//2190 1779//2190
f 1779//2191 1722//2191 1718//2191
f 1779//2192 1718//2192 1780//2192
f 1780//2193 1718//2193 1705//2193
f 1780//2194 1705//2194 1781//2194
f 1781//2195 1705//2195 1707//2195
f 1781//2196 1707//2196 1782//2196
f 1782//2197 1707//2197 1709//2197
f 1782//2198 1709//2198 1783//2198
f 1783//2198 1709//2198 1711//2198
f 1783//2199 1711//2199 1784//2199
f 1784//2199 1711//2199 1713//2199
f 1784//2200 1713//2200 1785//2200
f 1785//2201 1713//2201 1703//2201
f 1785//2202 1703//2202 1786//2202
f 1786//2203 1703//2203 1701//2203
f 1786//2204 1701//2204 1787//2204
f 1787//2204 1701//2204 1699//2204
f 1787//2205 1699//2205 1788//2205
f 1788//2206 1699//2206 1697//2206
f 1788//2207 1697//2207 1789//2207
f 1789//2207 1697//2207 1695//2207
f 1789//2208 1695//2208 1790//2208
f 1790//2209 1695//2209 1694//2209
f 1791//2210 1792//2210 1793//2210
f 1794//2211 1795//2211 1796//2211
f 1797//2212 1798//2212 1799//2212
f 1799//2213 1798//2213 1800//2213
f 1800//2214 1798//2214 1801//2214
f 1801//2215 1798//2215 1802//2215
f 1801//2216 1802//2216 1803//2216
f 1803//2217 1802//2217 1804//2217
f 1803//2218 1804//2218 1805//2218
f 1805//2219 1804//2219 1806//2219
f 1805//2220 1806//2220 1807//2220
f 1808//2221 1809//2221 1810//2221
f 1810//2222 1809//2222 1811//2222
f 1694//2223 1693//2223 1794//2223
f 1792//2224 1812//2224 1793//2224
f 1793//2225 1812//2225 1813//2225
f 1793//2226 1813//2226 1814//2226
f 1815//2227 1816//2227 1791//2227
f 1799//2228 1817//2228 1797//2228
f 1797//2229 1817//2229 1818//2229
f 1797//2230 1818//2230 1819//2230
f 1820//2231 1807//2231 1811//2231
f 1811//2232 1807//2232 1806//2232
f 1811//2233 1806//2233 1810//2233
f 1810//2234 1806//2234 1804//2234
f 1810//2235 1804//2235 1821//2235
f 1821//2236 1804//2236 1802//2236
f 1821//2237 1802//2237 1822//2237
f 1822//2238 1802//2238 1798//2238
f 1822//2239 1798//2239 1823//2239
f 1823//2240 1798//2240 1797//2240
f 1823//2241 1797//2241 1815//2241
f 1815//2242 1797//2242 1819//2242
f 1815//2243 1819//2243 1816//2243
f 1791//2244 1793//2244 1815//2244
f 1815//2245 1793//2245 1824//2245
f 1815//2246 1824//2246 1823//2246
f 1823//2247 1824//2247 1825//2247
f 1823//2248 1825//2248 1822//2248
f 1822//2249 1825//2249 1826//2249
f 1822//2250 1826//2250 1821//2250
f 1821//2251 1826//2251 1796//2251
f 1821//2252 1796//2252 1810//2252
f 1810//2253 1796//2253 1795//2253
f 1810//2254 1795//2254 1808//2254
f 1794//2255 1796//2255 1694//2255
f 1694//2256 1796//2256 1826//2256
f 1694//2257 1826//2257 1790//2257
f 1790//2258 1826//2258 1825//2258
f 1790//2259 1825//2259 1777//2259
f 1777//2260 1825//2260 1824//2260
f 1777//2261 1824//2261 1767//2261
f 1767//2262 1824//2262 1793//2262
f 1767//2263 1793//2263 1730//2263
f 1730//2264 1793//2264 1814//2264
f 1730//2265 1814//2265 1731//2265
f 1827//2266 1731//2266 1814//2266
f 1828//2267 1829//2267 1830//2267
f 1830//2267 1829//2267 1831//2267
f 1832//2268 1833//2268 1834//2268
f 1835//2269 1836//2269 1837//2269
f 1838//2270 1839//2270 1837//2270
f 1837//2271 1839//2271 1840//2271
f 1837//2272 1840//2272 1835//2272
f 1841//2273 1842//2273 1837//2273
f 1837//2274 1842//2274 1843//2274
f 1837//2275 1843//2275 1838//2275
f 1844//2276 1845//2276 1846//2276
f 1846//2277 1845//2277 1847//2277
f 1846//2278 1847//2278 1848//2278
f 1818//2279 1817//2279 1849//2279
f 1850//2280 1816//2280 1851//2280
f 1851//2281 1816//2281 1819//2281
f 1813//2282 1812//2282 1852//2282
f 1852//2283 1812//2283 1792//2283
f 1852//2284 1792//2284 1850//2284
f 1850//2285 1792//2285 1791//2285
f 1850//2286 1791//2286 1816//2286
f 1813//2287 1852//2287 1814//2287
f 1814//2288 1852//2288 1853//2288
f 1814//2289 1853//2289 1827//2289
f 1832//2290 1828//2290 1833//2290
f 1833//2291 1828//2291 1830//2291
f 1833//2292 1830//2292 1854//2292
f 1854//2293 1830//2293 1831//2293
f 1854//2294 1831//2294 1855//2294
f 1856//2295 1853//2295 1857//2295
f 1857//2296 1853//2296 1852//2296
f 1857//2297 1852//2297 1858//2297
f 1858//2298 1852//2298 1850//2298
f 1858//2299 1850//2299 1859//2299
f 1859//2300 1850//2300 1851//2300
f 1859//2301 1851//2301 1860//2301
f 1860//2302 1851//2302 1819//2302
f 1860//2303 1819//2303 1818//2303
f 1856//2304 1857//2304 1861//2304
f 1861//2305 1857//2305 1858//2305
f 1861//2306 1858//2306 1862//2306
f 1862//2307 1858//2307 1859//2307
f 1862//2308 1859//2308 1846//2308
f 1846//2309 1859//2309 1860//2309
f 1846//2310 1860//2310 1844//2310
f 1844//2311 1860//2311 1818//2311
f 1844//2312 1818//2312 1845//2312
f 1845//2313 1818//2313 1849//2313
f 1845//2314 1849//2314 1847//2314
f 1863//2315 1841//2315 1864//2315
f 1864//2316 1841//2316 1837//2316
f 1864//2317 1837//2317 1834//2317
f 1834//2318 1837//2318 1836//2318
f 1834//2319 1836//2319 1832//2319
f 1848//2320 1863//2320 1846//2320
f 1846//2321 1863//2321 1864//2321
f 1846//2322 1864//2322 1862//2322
f 1862//2323 1864//2323 1834//2323
f 1862//2324 1834//2324 1861//2324
f 1861//2325 1834//2325 1833//2325
f 1861//2326 1833//2326 1856//2326
f 1856//2327 1833//2327 1854//2327
f 1856//2328 1854//2328 1853//2328
f 1853//2329 1854//2329 1855//2329
f 1853//2330 1855//2330 1827//2330
f 1865//2331 1866//2331 1867//2331
f 1868//2332 1869//2332 1870//2332
f 1865//2333 1867//2333 1871//2333
f 1872//2334 1868//2334 1873//2334
f 1873//2335 1868//2335 1870//2335
f 1873//2336 1870//2336 1874//2336
f 1874//2337 1870//2337 1875//2337
f 1874//2338 1875//2338 1867//2338
f 1867//2339 1875//2339 1876//2339
f 1867//2340 1876//2340 1871//2340
f 1877//2341 1878//2341 1879//2341
f 1880//2342 1872//2342 1873//2342
f 1866//2343 1877//2343 1867//2343
f 1867//2344 1877//2344 1879//2344
f 1867//2345 1879//2345 1874//2345
f 1874//2346 1879//2346 1881//2346
f 1874//2347 1881//2347 1873//2347
f 1873//2348 1881//2348 1882//2348
f 1873//2349 1882//2349 1880//2349
f 1880//2350 1882//2350 1883//2350
f 1877//2351 1866//2351 1884//2351
f 1885//2352 1886//2352 1887//2352
f 1888//2353 1889//2353 1885//2353
f 1878//2354 1877//2354 1890//2354
f 1890//2355 1877//2355 1884//2355
f 1890//2356 1884//2356 1891//2356
f 1891//2357 1884//2357 1892//2357
f 1891//2358 1892//2358 1887//2358
f 1887//2359 1892//2359 1893//2359
f 1887//2360 1893//2360 1885//2360
f 1885//2361 1893//2361 1894//2361
f 1885//2362 1894//2362 1888//2362
f 1895//2363 1896//2363 1897//2363
f 1894//2364 1893//2364 1898//2364
f 1898//2365 1893//2365 1892//2365
f 1898//2366 1892//2366 1899//2366
f 1899//2367 1892//2367 1884//2367
f 1899//2368 1884//2368 1900//2368
f 1901//2369 1889//2369 1898//2369
f 1898//2370 1889//2370 1888//2370
f 1898//2371 1888//2371 1894//2371
f 1902//2372 1903//2372 1901//2372
f 1901//2373 1898//2373 1902//2373
f 1902//2374 1898//2374 1899//2374
f 1902//2375 1899//2375 1904//2375
f 1904//2376 1899//2376 1900//2376
f 1904//2377 1900//2377 1897//2377
f 1866//2378 1865//2378 1884//2378
f 1884//2379 1865//2379 1871//2379
f 1884//2380 1871//2380 1900//2380
f 1900//2381 1871//2381 1905//2381
f 1900//2382 1905//2382 1897//2382
f 1897//2383 1905//2383 1906//2383
f 1897//2384 1906//2384 1895//2384
f 1907//2385 1908//2385 1909//2385
f 1907//2386 1909//2386 1896//2386
f 1910//2387 1911//2387 1912//2387
f 1896//2388 1909//2388 1897//2388
f 1897//2389 1909//2389 1913//2389
f 1897//2390 1913//2390 1904//2390
f 1904//2391 1913//2391 1910//2391
f 1904//2392 1910//2392 1902//2392
f 1902//2393 1910//2393 1912//2393
f 1902//2394 1912//2394 1903//2394
f 1914//2395 1915//2395 1916//2395
f 1917//2396 1918//2396 1919//2396
f 1920//2397 1921//2397 1910//2397
f 1910//2398 1921//2398 1922//2398
f 1910//2399 1922//2399 1911//2399
f 1917//2400 1919//2400 1923//2400
f 1924//2401 1925//2401 1926//2401
f 1926//2402 1925//2402 1927//2402
f 1928//2403 1929//2403 1930//2403
f 1930//2404 1929//2404 1931//2404
f 1930//2405 1932//2405 1928//2405
f 1928//2406 1932//2406 1933//2406
f 1928//2407 1933//2407 1924//2407
f 1924//2408 1933//2408 1934//2408
f 1924//2409 1934//2409 1925//2409
f 1914//2410 1916//2410 1935//2410
f 1915//2411 1929//2411 1916//2411
f 1916//2412 1929//2412 1928//2412
f 1916//2413 1928//2413 1936//2413
f 1936//2414 1928//2414 1924//2414
f 1936//2415 1924//2415 1919//2415
f 1919//2416 1924//2416 1926//2416
f 1919//2417 1926//2417 1923//2417
f 1923//2418 1926//2418 1927//2418
f 1923//2419 1927//2419 1937//2419
f 1918//2420 1920//2420 1919//2420
f 1919//2421 1920//2421 1910//2421
f 1919//2422 1910//2422 1936//2422
f 1936//2423 1910//2423 1913//2423
f 1936//2424 1913//2424 1916//2424
f 1916//2425 1913//2425 1909//2425
f 1916//2426 1909//2426 1935//2426
f 1935//2427 1909//2427 1908//2427
f 1938//2428 1939//2428 1940//2428
f 1941//2429 1942//2429 1943//2429
f 1944//2430 1945//2430 1946//2430
f 1947//2431 1948//2431 1949//2431
f 1949//2432 1948//2432 1950//2432
f 1949//2433 1950//2433 1951//2433
f 1951//2434 1950//2434 1952//2434
f 1951//2435 1952//2435 1953//2435
f 1953//2436 1952//2436 1954//2436
f 1953//2437 1954//2437 1955//2437
f 1956//2438 1957//2438 1958//2438
f 1958//2439 1957//2439 1959//2439
f 1958//2440 1959//2440 1947//2440
f 1947//2441 1959//2441 1960//2441
f 1947//2442 1960//2442 1948//2442
f 1961//2443 1956//2443 1962//2443
f 1962//2444 1956//2444 1958//2444
f 1962//2445 1958//2445 1963//2445
f 1963//2446 1958//2446 1964//2446
f 1965//2447 1966//2447 1967//2447
f 1967//2448 1968//2448 1965//2448
f 1965//2449 1968//2449 1969//2449
f 1965//2450 1969//2450 1943//2450
f 1943//2451 1969//2451 1970//2451
f 1943//2452 1970//2452 1941//2452
f 1941//2453 1970//2453 1971//2453
f 1941//2454 1971//2454 1972//2454
f 1972//2455 1971//2455 1973//2455
f 1972//2456 1973//2456 1974//2456
f 1945//2457 1975//2457 1946//2457
f 1946//2458 1975//2458 1976//2458
f 1946//2459 1976//2459 1973//2459
f 1973//2460 1976//2460 1977//2460
f 1973//2461 1977//2461 1974//2461
f 1967//2462 1964//2462 1968//2462
f 1968//2463 1964//2463 1958//2463
f 1968//2464 1958//2464 1969//2464
f 1969//2465 1958//2465 1947//2465
f 1969//2466 1947//2466 1970//2466
f 1970//2467 1947//2467 1949//2467
f 1970//2468 1949//2468 1971//2468
f 1971//2469 1949//2469 1951//2469
f 1971//2470 1951//2470 1973//2470
f 1973//2471 1951//2471 1953//2471
f 1973//2472 1953//2472 1946//2472
f 1946//2473 1953//2473 1955//2473
f 1946//2474 1955//2474 1944//2474
f 1978//2475 1979//2475 1980//2475
f 1980//2475 1979//2475 1981//2475
f 1982//2475 1983//2475 1979//2475
f 1979//2475 1983//2475 1984//2475
f 1979//2475 1984//2475 1981//2475
f 1979//2475 1985//2475 1986//2475
f 1986//2475 1987//2475 1979//2475
f 1979//2475 1987//2475 1988//2475
f 1979//2475 1988//2475 1989//2475
f 1989//2476 1990//2476 1979//2476
f 1979//2475 1990//2475 1991//2475
f 1979//2475 1991//2475 1982//2475
f 1992//2477 1985//2477 1979//2477
f 1993//2478 1994//2478 1995//2478
f 1995//340 1996//340 1979//340
f 1979//2479 1996//2479 1997//2479
f 1979//2480 1997//2480 1992//2480
f 1998//2481 1999//2481 2000//2481
f 1979//340 2001//340 1995//340
f 1995//340 2001//340 1998//340
f 1995//340 1998//340 1993//340
f 1993//340 1998//340 2000//340
f 1993//340 2000//340 2002//340
f 2003//2482 2004//2482 2005//2482
f 2006//2483 2007//2483 2008//2483
f 2009//2484 2010//2484 2011//2484
f 2012//2485 2013//2485 2004//2485
f 2004//2486 2003//2486 2012//2486
f 2012//2487 2003//2487 2014//2487
f 2012//2488 2014//2488 2015//2488
f 2006//2489 2016//2489 2007//2489
f 2007//2490 2016//2490 2017//2490
f 2007//2491 2017//2491 2018//2491
f 2019//2492 2020//2492 2021//2492
f 2022//2493 2023//2493 2024//2493
f 2024//2494 2023//2494 2025//2494
f 2024//2495 2025//2495 2020//2495
f 2020//2496 2025//2496 2026//2496
f 2020//2497 2026//2497 2021//2497
f 2024//2498 2027//2498 2022//2498
f 2022//2499 2027//2499 2028//2499
f 2022//2500 2028//2500 2029//2500
f 1961//2501 2028//2501 1956//2501
f 1956//2502 2028//2502 2027//2502
f 1956//2503 2027//2503 1957//2503
f 1957//2504 2027//2504 2024//2504
f 1957//2505 2024//2505 1959//2505
f 2030//2506 1950//2506 2031//2506
f 2031//2507 1950//2507 1948//2507
f 2031//2508 1948//2508 1960//2508
f 2010//2509 1955//2509 2011//2509
f 2011//2510 1955//2510 1954//2510
f 2011//2511 1954//2511 2030//2511
f 2030//2512 1954//2512 1952//2512
f 2030//2513 1952//2513 1950//2513
f 2013//2514 2032//2514 2004//2514
f 2004//2515 2032//2515 2009//2515
f 2004//2516 2009//2516 2005//2516
f 2005//2517 2009//2517 2011//2517
f 2005//2518 2011//2518 2019//2518
f 2019//2519 2011//2519 2030//2519
f 2019//2520 2030//2520 2020//2520
f 2020//2521 2030//2521 2031//2521
f 2020//2522 2031//2522 2024//2522
f 2024//2523 2031//2523 1960//2523
f 2024//2524 1960//2524 1959//2524
f 2021//2525 2033//2525 2019//2525
f 2019//2526 2033//2526 2008//2526
f 2019//2527 2008//2527 2005//2527
f 2005//2528 2008//2528 2007//2528
f 2005//2529 2007//2529 2003//2529
f 2003//2530 2007//2530 2018//2530
f 2003//2531 2018//2531 2014//2531
f 2009//2532 2032//2532 2034//2532
f 2015//2533 2035//2533 2012//2533
f 2012//2534 2035//2534 2034//2534
f 2012//2535 2034//2535 2013//2535
f 2013//2536 2034//2536 2032//2536
f 2009//2537 2034//2537 2010//2537
f 2010//2538 2034//2538 1944//2538
f 2010//2539 1944//2539 1955//2539
f 2036//2540 2037//2540 2038//2540
f 2039//2541 2035//2541 2040//2541
f 2040//2542 2035//2542 2015//2542
f 2041//2543 2042//2543 2014//2543
f 2014//2544 2042//2544 2043//2544
f 2014//2545 2043//2545 2015//2545
f 2015//2546 2043//2546 2044//2546
f 2015//2547 2044//2547 2040//2547
f 2045//2548 1939//2548 2038//2548
f 2038//2549 1939//2549 2046//2549
f 2038//2550 2046//2550 2036//2550
f 2014//2551 2018//2551 2041//2551
f 2041//2552 2018//2552 2017//2552
f 2041//2553 2017//2553 2047//2553
f 2047//2554 2017//2554 2048//2554
f 2047//2555 2048//2555 2049//2555
f 2049//2556 2048//2556 2050//2556
f 2049//2557 2050//2557 2045//2557
f 2045//2558 2050//2558 1940//2558
f 2045//2559 1940//2559 1939//2559
f 2051//2560 1980//2560 2052//2560
f 1980//2561 1981//2561 2052//2561
f 2052//2562 1981//2562 1984//2562
f 2052//2563 1984//2563 2053//2563
f 2053//2564 1984//2564 1983//2564
f 2053//2565 1983//2565 2054//2565
f 2054//2566 1983//2566 1982//2566
f 2054//2567 1982//2567 2055//2567
f 2055//2568 1982//2568 1991//2568
f 2055//2569 1991//2569 2056//2569
f 2056//2570 1991//2570 1990//2570
f 2056//2571 1990//2571 2057//2571
f 2058//2572 2059//2572 2053//2572
f 2053//2573 2059//2573 2060//2573
f 2053//2574 2060//2574 2052//2574
f 2052//2575 2060//2575 2061//2575
f 2052//2576 2061//2576 2051//2576
f 2058//2577 2053//2577 2062//2577
f 2062//2578 2053//2578 2054//2578
f 2062//2579 2054//2579 2063//2579
f 2063//2580 2054//2580 2064//2580
f 2064//2581 2054//2581 2055//2581
f 2064//2582 2055//2582 2065//2582
f 2065//2583 2055//2583 2066//2583
f 2066//2584 2055//2584 2056//2584
f 2066//2585 2056//2585 2067//2585
f 2067//2586 2056//2586 2057//2586
f 2067//2587 2057//2587 2068//2587
f 2048//2588 2017//2588 2016//2588
f 2069//2589 1938//2589 1940//2589
f 2069//2590 1940//2590 2016//2590
f 2016//2591 1940//2591 2050//2591
f 2016//2592 2050//2592 2048//2592
f 2069//2593 1993//2593 2002//2593
f 1938//2594 2069//2594 1939//2594
f 1939//2595 2069//2595 2002//2595
f 1939//2596 2002//2596 2046//2596
f 2046//2597 2002//2597 2000//2597
f 2046//2598 2000//2598 2036//2598
f 2000//2599 1999//2599 2036//2599
f 2036//2600 1999//2600 1998//2600
f 2036//2601 1998//2601 2037//2601
f 2037//2602 1998//2602 2070//2602
f 2070//2603 1998//2603 2001//2603
f 2070//2604 2001//2604 2071//2604
f 1979//2605 1978//2605 2001//2605
f 2001//2606 1978//2606 2072//2606
f 2001//2607 2072//2607 2071//2607
f 2073//2608 2074//2608 2075//2608
f 2076//2609 2077//2609 2078//2609
f 2079//2610 2080//2610 2081//2610
f 2082//2611 2083//2611 2084//2611
f 2085//2612 2086//2612 2087//2612
f 2088//2613 2089//2613 2090//2613
f 2090//2614 2089//2614 2091//2614
f 2090//2615 2091//2615 2092//2615
f 2093//2616 2094//2616 2079//2616
f 2076//2617 2095//2617 2096//2617
f 2094//2618 2093//2618 2096//2618
f 2086//2619 1189//2619 2087//2619
f 2087//2620 1189//2620 2097//2620
f 2087//2621 2097//2621 2098//2621
f 2098//2622 2097//2622 2099//2622
f 2098//2623 2099//2623 2100//2623
f 2101//2624 2102//2624 2103//2624
f 2075//2625 2074//2625 2090//2625
f 2090//2626 2074//2626 2104//2626
f 2090//2627 2104//2627 2088//2627
f 2083//2628 2085//2628 2084//2628
f 2084//2629 2085//2629 2087//2629
f 2084//2630 2087//2630 2078//2630
f 2078//2631 2087//2631 2098//2631
f 2078//2632 2098//2632 2076//2632
f 2076//2633 2098//2633 2100//2633
f 2076//2634 2100//2634 2095//2634
f 2102//2635 2071//2635 2103//2635
f 2103//2636 2071//2636 2105//2636
f 2103//2637 2105//2637 2106//2637
f 2079//2638 2081//2638 2093//2638
f 2093//2639 2081//2639 2101//2639
f 2093//2640 2101//2640 2107//2640
f 2107//2641 2101//2641 2103//2641
f 2107//2642 2103//2642 2075//2642
f 2075//2643 2103//2643 2106//2643
f 2075//2644 2106//2644 2073//2644
f 2096//2645 2093//2645 2076//2645
f 2076//2646 2093//2646 2107//2646
f 2076//2647 2107//2647 2077//2647
f 2077//2648 2107//2648 2075//2648
f 2077//2649 2075//2649 2078//2649
f 2078//2650 2075//2650 2090//2650
f 2078//2651 2090//2651 2084//2651
f 2084//2652 2090//2652 2092//2652
f 2084//2653 2092//2653 2082//2653
f 2080//2654 2108//2654 2109//2654
f 2110//2655 2037//2655 2070//2655
f 2080//2656 2109//2656 2081//2656
f 2081//2657 2109//2657 2111//2657
f 2081//2658 2111//2658 2101//2658
f 2101//2659 2111//2659 2110//2659
f 2101//2660 2110//2660 2102//2660
f 2102//2661 2110//2661 2070//2661
f 2102//2662 2070//2662 2071//2662
f 2112//2663 2045//2663 2038//2663
f 2109//2664 2108//2664 1931//2664
f 1931//2665 2113//2665 2109//2665
f 2109//2666 2113//2666 2114//2666
f 2109//2667 2114//2667 2111//2667
f 2112//2668 2038//2668 2115//2668
f 2114//2669 2116//2669 2111//2669
f 2111//2670 2116//2670 2115//2670
f 2111//2671 2115//2671 2110//2671
f 2110//2672 2115//2672 2038//2672
f 2110//2673 2038//2673 2037//2673
f 2047//2674 2049//2674 2117//2674
f 2114//2675 2113//2675 2118//2675
f 2115//2676 2117//2676 2112//2676
f 2112//2677 2117//2677 2049//2677
f 2112//2678 2049//2678 2045//2678
f 2047//2679 2117//2679 2041//2679
f 2041//2680 2117//2680 2119//2680
f 2041//2681 2119//2681 2042//2681
f 2042//2682 2119//2682 2120//2682
f 2042//2683 2120//2683 2043//2683
f 2121//2684 1914//2684 2122//2684
f 2122//2685 1914//2685 1935//2685
f 2113//2686 1931//2686 2118//2686
f 2118//2687 1931//2687 1929//2687
f 2118//2688 1929//2688 2121//2688
f 2121//2689 1929//2689 1915//2689
f 2121//2690 1915//2690 1914//2690
f 2044//2691 2043//2691 2123//2691
f 2123//2692 2043//2692 2120//2692
f 2123//2693 2120//2693 2124//2693
f 2125//2694 2124//2694 2126//2694
f 2126//2695 2124//2695 2120//2695
f 2126//2696 2120//2696 2127//2696
f 2127//2697 2120//2697 2119//2697
f 2127//2698 2119//2698 2128//2698
f 2128//2699 2119//2699 2117//2699
f 2128//2700 2117//2700 2116//2700
f 2116//2701 2117//2701 2115//2701
f 2116//2702 2114//2702 2128//2702
f 2128//2703 2114//2703 2118//2703
f 2128//2704 2118//2704 2127//2704
f 2127//2705 2118//2705 2121//2705
f 2127//2706 2121//2706 2126//2706
f 2126//2707 2121//2707 2122//2707
f 2126//2708 2122//2708 2125//2708
f 2125//2709 2122//2709 1935//2709
f 2125//2710 1935//2710 1908//2710
f 1907//2711 1896//2711 2129//2711
f 2040//2712 2044//2712 2130//2712
f 2130//2713 2044//2713 2123//2713
f 2130//2714 2123//2714 2131//2714
f 2131//2715 2123//2715 2124//2715
f 2131//2716 2124//2716 2129//2716
f 2129//2717 2124//2717 2125//2717
f 2129//2718 2125//2718 1907//2718
f 1907//2719 2125//2719 1908//2719
f 1895//2720 1906//2720 2132//2720
f 2039//2721 2040//2721 2133//2721
f 2133//2722 2040//2722 2130//2722
f 2133//2723 2130//2723 2134//2723
f 2134//2724 2130//2724 2131//2724
f 2134//2725 2131//2725 2132//2725
f 2132//2726 2131//2726 2129//2726
f 2132//2727 2129//2727 1895//2727
f 1895//2728 2129//2728 1896//2728
f 1905//2729 1871//2729 2135//2729
f 2135//2730 1871//2730 1876//2730
f 2135//2731 1876//2731 2136//2731
f 2136//2732 1876//2732 1875//2732
f 2136//2733 1875//2733 2137//2733
f 2137//2734 1875//2734 1870//2734
f 2137//2735 1870//2735 2138//2735
f 2138//2736 1870//2736 1869//2736
f 1906//2737 1905//2737 2132//2737
f 2132//2738 1905//2738 2135//2738
f 2132//2739 2135//2739 2134//2739
f 2134//2740 2135//2740 2136//2740
f 2134//2741 2136//2741 2133//2741
f 2133//2742 2136//2742 2137//2742
f 2133//2743 2137//2743 2039//2743
f 2039//2744 2137//2744 2138//2744
f 2035//2745 2039//2745 2138//2745
f 2138//2746 1869//2746 2139//2746
f 2035//2747 2138//2747 2140//2747
f 2140//2748 2138//2748 2139//2748
f 2140//2749 2139//2749 2141//2749
f 2141//2750 2142//2750 2143//2750
f 2142//2751 2144//2751 2143//2751
f 2143//2752 2144//2752 2145//2752
f 2143//2753 2145//2753 2146//2753
f 2141//2754 2143//2754 2140//2754
f 2140//2755 2143//2755 2034//2755
f 2140//2756 2034//2756 2035//2756
f 2147//2757 2148//2757 2149//2757
f 2150//2758 2151//2758 2149//2758
f 2149//2759 2151//2759 2152//2759
f 2149//2760 2152//2760 2147//2760
f 1944//2761 2034//2761 2153//2761
f 2153//2762 2034//2762 2143//2762
f 2153//2763 2143//2763 2149//2763
f 2149//2764 2143//2764 2146//2764
f 2149//2765 2146//2765 2150//2765
f 2149//2766 2154//2766 2153//2766
f 2155//2767 2156//2767 2157//2767
f 2158//2768 2159//2768 2160//2768
f 2160//2769 2159//2769 2161//2769
f 2160//2770 2161//2770 2162//2770
f 2163//2771 2164//2771 2165//2771
f 2165//2772 2164//2772 2159//2772
f 2165//2773 2159//2773 2157//2773
f 2157//2774 2159//2774 2158//2774
f 2157//2775 2158//2775 2155//2775
f 2149//2776 2148//2776 2163//2776
f 2154//2777 1975//2777 2153//2777
f 2153//2778 1975//2778 1945//2778
f 2153//2779 1945//2779 1944//2779
f 2149//2780 2163//2780 2154//2780
f 2154//2781 2163//2781 2165//2781
f 2154//2782 2165//2782 1975//2782
f 1975//2783 2165//2783 2157//2783
f 1975//2784 2157//2784 1976//2784
f 1976//2785 2157//2785 2156//2785
f 1976//2786 2156//2786 2166//2786
f 1942//2787 1941//2787 2166//2787
f 2166//2788 1941//2788 1972//2788
f 1972//2789 1974//2789 2166//2789
f 2166//2790 1974//2790 1977//2790
f 2166//2791 1977//2791 1976//2791
f 2167//2792 2168//2792 2169//2792
f 2169//2793 2168//2793 2170//2793
f 2169//2794 2170//2794 2171//2794
f 2168//2795 2172//2795 2170//2795
f 2170//2796 2172//2796 2173//2796
f 2170//2797 2173//2797 2174//2797
f 2174//2798 2173//2798 2175//2798
f 2175//2799 2173//2799 2176//2799
f 2175//2800 2176//2800 2177//2800
f 2176//2801 2178//2801 2177//2801
f 2177//2802 2178//2802 2179//2802
f 2177//2803 2179//2803 2180//2803
f 2179//2804 2181//2804 2180//2804
f 2180//2805 2181//2805 2182//2805
f 2180//2806 2182//2806 2183//2806
f 2183//2807 2182//2807 2184//2807
f 2182//2808 2185//2808 2184//2808
f 2184//2809 2185//2809 2162//2809
f 2184//2810 2162//2810 2161//2810
f 2167//2811 1835//2811 1840//2811
f 1840//2812 1839//2812 2167//2812
f 2167//2813 1839//2813 1838//2813
f 2167//2814 1838//2814 2168//2814
f 1838//2815 1843//2815 2168//2815
f 2168//2816 1843//2816 1842//2816
f 2168//2817 1842//2817 2172//2817
f 2172//2818 1842//2818 1841//2818
f 2172//2819 1841//2819 2173//2819
f 2173//2820 1841//2820 1863//2820
f 2173//2821 1863//2821 2176//2821
f 1863//2822 1848//2822 2176//2822
f 2176//2823 1848//2823 1847//2823
f 2176//2824 1847//2824 2178//2824
f 2178//2825 1847//2825 2179//2825
f 1847//2826 1849//2826 2179//2826
f 2179//2827 1849//2827 1817//2827
f 2179//2828 1817//2828 2181//2828
f 1817//2829 1799//2829 2181//2829
f 2181//2830 1799//2830 2182//2830
f 2186//2831 2162//2831 2185//2831
f 1807//2832 1820//2832 2187//2832
f 2185//2833 2188//2833 2186//2833
f 2186//2834 2188//2834 2189//2834
f 2186//2835 2189//2835 2190//2835
f 2190//2836 2189//2836 2191//2836
f 2190//2837 2191//2837 2192//2837
f 2192//2838 2191//2838 2193//2838
f 2192//2839 2193//2839 2194//2839
f 2194//2840 2193//2840 2195//2840
f 2194//2841 2195//2841 2196//2841
f 2196//2842 2195//2842 2197//2842
f 2196//2843 2197//2843 2198//2843
f 2199//2844 2198//2844 2187//2844
f 2187//2845 2198//2845 2197//2845
f 2187//2846 2197//2846 1807//2846
f 1807//2847 2197//2847 2195//2847
f 1807//2848 2195//2848 1805//2848
f 1805//2849 2195//2849 2193//2849
f 1805//2850 2193//2850 1803//2850
f 1803//2851 2193//2851 2191//2851
f 1803//2852 2191//2852 1801//2852
f 1801//2853 2191//2853 2189//2853
f 1801//2854 2189//2854 1800//2854
f 1800//2855 2189//2855 2188//2855
f 1800//2856 2188//2856 1799//2856
f 1799//2857 2188//2857 2185//2857
f 1799//2858 2185//2858 2182//2858
f 2200//2859 2201//2859 2202//2859
f 2203//2860 1942//2860 2166//2860
f 2204//2861 2205//2861 2206//2861
f 2206//2862 2205//2862 2203//2862
f 2206//2863 2203//2863 2207//2863
f 2207//2864 2203//2864 2208//2864
f 2204//2865 2206//2865 2209//2865
f 2209//2866 2206//2866 2210//2866
f 2209//2867 2210//2867 2211//2867
f 2211//2868 2210//2868 2212//2868
f 2211//2869 2212//2869 2213//2869
f 2213//2870 2212//2870 2214//2870
f 2213//2871 2214//2871 2215//2871
f 2200//2872 2202//2872 2199//2872
f 2199//2873 2202//2873 2216//2873
f 2199//2874 2216//2874 2198//2874
f 2198//2875 2216//2875 2217//2875
f 2198//2876 2217//2876 2196//2876
f 2196//2877 2217//2877 2218//2877
f 2196//2878 2218//2878 2194//2878
f 2194//2879 2218//2879 2192//2879
f 2192//2880 2218//2880 2219//2880
f 2192//2881 2219//2881 2190//2881
f 2190//2882 2219//2882 2220//2882
f 2190//2883 2220//2883 2186//2883
f 2186//2884 2220//2884 2160//2884
f 2186//2885 2160//2885 2162//2885
f 2221//2886 2155//2886 2158//2886
f 2203//2887 2166//2887 2208//2887
f 2208//2888 2166//2888 2156//2888
f 2208//2889 2156//2889 2155//2889
f 2155//2890 2221//2890 2208//2890
f 2208//2891 2221//2891 2222//2891
f 2208//2892 2222//2892 2207//2892
f 2207//2893 2222//2893 2223//2893
f 2207//2894 2223//2894 2206//2894
f 2206//2895 2223//2895 2224//2895
f 2206//2896 2224//2896 2210//2896
f 2210//2897 2224//2897 2225//2897
f 2210//2898 2225//2898 2212//2898
f 2212//2899 2225//2899 2226//2899
f 2212//2900 2226//2900 2214//2900
f 2227//2901 2215//2901 2214//2901
f 2227//2902 2214//2902 2201//2902
f 2201//2903 2214//2903 2226//2903
f 2201//2904 2226//2904 2202//2904
f 2202//2905 2226//2905 2225//2905
f 2202//2906 2225//2906 2216//2906
f 2216//2907 2225//2907 2224//2907
f 2216//2908 2224//2908 2217//2908
f 2217//2909 2224//2909 2223//2909
f 2217//2910 2223//2910 2218//2910
f 2218//2911 2223//2911 2222//2911
f 2218//2912 2222//2912 2219//2912
f 2219//2913 2222//2913 2221//2913
f 2219//2914 2221//2914 2220//2914
f 2220//2915 2221//2915 2158//2915
f 2220//2916 2158//2916 2160//2916
f 2228//2917 2229//2917 2230//2917
f 2231//2918 2232//2918 2233//2918
f 2233//2919 2232//2919 2234//2919
f 2233//2920 2234//2920 2228//2920
f 2228//2921 2234//2921 2235//2921
f 2228//2922 2235//2922 2229//2922
f 2236//2923 2237//2923 2231//2923
f 2231//2924 2237//2924 2238//2924
f 2231//2925 2238//2925 2232//2925
f 2239//2926 2240//2926 2241//2926
f 2241//2927 2240//2927 2242//2927
f 2241//2928 2242//2928 2236//2928
f 2236//2929 2242//2929 2243//2929
f 2236//2930 2243//2930 2237//2930
f 2244//2931 2245//2931 2246//2931
f 2246//2932 2245//2932 2247//2932
f 2246//2933 2247//2933 2248//2933
f 2249//2934 2250//2934 2251//2934
f 2251//2935 2250//2935 2252//2935
f 2251//2936 2252//2936 2253//2936
f 2253//2937 2252//2937 2254//2937
f 2253//2938 2254//2938 2255//2938
f 2255//2939 2254//2939 2256//2939
f 2255//2940 2256//2940 2257//2940
f 2257//2941 2256//2941 2258//2941
f 2257//2942 2258//2942 2248//2942
f 2248//2943 2258//2943 2259//2943
f 2248//2944 2259//2944 2246//2944
f 2260//2945 2240//2945 2261//2945
f 2261//2946 2240//2946 2239//2946
f 2261//2947 2239//2947 2262//2947
f 2262//2948 2239//2948 2241//2948
f 2262//2949 2241//2949 2263//2949
f 2263//2950 2241//2950 2236//2950
f 2263//2951 2236//2951 2264//2951
f 2264//2952 2236//2952 2231//2952
f 2264//2953 2231//2953 2265//2953
f 2265//2954 2231//2954 2233//2954
f 2265//2955 2233//2955 2266//2955
f 2266//2956 2233//2956 2228//2956
f 2266//2957 2228//2957 2267//2957
f 2267//2958 2228//2958 2230//2958
f 2267//2959 2230//2959 2249//2959
f 2249//2960 2251//2960 2267//2960
f 2267//2961 2251//2961 2253//2961
f 2267//2962 2253//2962 2266//2962
f 2266//2963 2253//2963 2255//2963
f 2266//2964 2255//2964 2265//2964
f 2265//2965 2255//2965 2257//2965
f 2265//2966 2257//2966 2264//2966
f 2264//2967 2257//2967 2248//2967
f 2264//2968 2248//2968 2263//2968
f 2263//2969 2248//2969 2247//2969
f 2263//2970 2247//2970 2262//2970
f 2262//2971 2247//2971 2245//2971
f 2262//2972 2245//2972 2261//2972
f 2268//2973 2269//2973 2270//2973
f 2271//2974 2272//2974 2273//2974
f 2238//2975 2237//2975 2274//2975
f 2275//2976 2260//2976 2276//2976
f 2276//2977 2260//2977 2277//2977
f 2276//2978 2277//2978 2278//2978
f 2279//2979 2280//2979 2281//2979
f 2282//2980 2283//2980 2284//2980
f 2284//2981 2283//2981 2285//2981
f 2284//2982 2285//2982 2286//2982
f 2283//2983 2287//2983 2285//2983
f 2285//2984 2287//2984 2288//2984
f 2285//2985 2288//2985 2289//2985
f 2289//2986 2288//2986 2290//2986
f 2289//2987 2290//2987 2291//2987
f 2290//2988 2292//2988 2291//2988
f 2291//2989 2292//2989 2279//2989
f 2291//2990 2279//2990 2293//2990
f 2293//2991 2279//2991 2281//2991
f 2294//2992 2295//2992 2296//2992
f 2296//2993 2295//2993 2280//2993
f 2297//2994 2298//2994 2299//2994
f 2278//2995 2300//2995 2301//2995
f 2301//2996 2300//2996 2302//2996
f 2301//2997 2302//2997 2297//2997
f 2297//2998 2302//2998 2303//2998
f 2297//2999 2303//2999 2298//2999
f 2243//3000 2242//3000 2304//3000
f 2304//3001 2242//3001 2240//3001
f 2238//3002 2274//3002 2232//3002
f 2305//3003 2235//3003 2234//3003
f 2306//3004 2275//3004 2307//3004
f 2307//3005 2275//3005 2276//3005
f 2307//3006 2276//3006 2308//3006
f 2308//3007 2276//3007 2278//3007
f 2237//3008 2243//3008 2274//3008
f 2274//3009 2243//3009 2304//3009
f 2274//3010 2304//3010 2273//3010
f 2273//3011 2272//3011 2274//3011
f 2274//3012 2272//3012 2309//3012
f 2274//3013 2309//3013 2232//3013
f 2278//3014 2301//3014 2308//3014
f 2308//3015 2301//3015 2310//3015
f 2308//3016 2310//3016 2307//3016
f 2307//3017 2310//3017 2311//3017
f 2307//3018 2311//3018 2306//3018
f 2234//3019 2232//3019 2312//3019
f 2312//3020 2232//3020 2309//3020
f 2312//3021 2309//3021 2313//3021
f 2313//3022 2309//3022 2272//3022
f 2313//3023 2272//3023 2314//3023
f 2314//3024 2272//3024 2271//3024
f 2314//3025 2271//3025 2270//3025
f 2305//3026 2234//3026 2315//3026
f 2315//3027 2234//3027 2312//3027
f 2315//3028 2312//3028 2316//3028
f 2316//3029 2312//3029 2313//3029
f 2316//3030 2313//3030 2317//3030
f 2317//3031 2313//3031 2314//3031
f 2317//3032 2314//3032 2318//3032
f 2319//3033 2320//3033 2321//3033
f 2321//3034 2320//3034 2322//3034
f 2321//3035 2322//3035 2323//3035
f 2323//3036 2322//3036 2324//3036
f 2323//3037 2324//3037 2325//3037
f 2270//3038 2269//3038 2314//3038
f 2314//3039 2269//3039 2326//3039
f 2314//3040 2326//3040 2318//3040
f 2299//3041 2327//3041 2297//3041
f 2297//3042 2327//3042 2325//3042
f 2297//3043 2325//3043 2301//3043
f 2301//3044 2325//3044 2324//3044
f 2301//3045 2324//3045 2310//3045
f 2310//3046 2324//3046 2322//3046
f 2310//3047 2322//3047 2311//3047
f 2311//3048 2322//3048 2320//3048
f 2311//3049 2320//3049 2306//3049
f 2328//3050 2329//3050 2330//3050
f 2330//3051 2329//3051 2319//3051
f 2330//3052 2319//3052 2331//3052
f 2331//3053 2319//3053 2321//3053
f 2331//3054 2321//3054 2332//3054
f 2332//3055 2321//3055 2323//3055
f 2332//3056 2323//3056 2333//3056
f 2333//3057 2323//3057 2325//3057
f 2333//3058 2325//3058 2334//3058
f 2334//3059 2325//3059 2327//3059
f 2334//3060 2327//3060 2296//3060
f 2296//3061 2327//3061 2299//3061
f 2296//3062 2299//3062 2294//3062
f 2328//3063 2268//3063 2329//3063
f 2329//3064 2268//3064 2270//3064
f 2329//3065 2270//3065 2319//3065
f 2319//3066 2270//3066 2271//3066
f 2319//3067 2271//3067 2320//3067
f 2320//3068 2271//3068 2273//3068
f 2320//3069 2273//3069 2306//3069
f 2306//3070 2273//3070 2304//3070
f 2306//3071 2304//3071 2275//3071
f 2275//3072 2304//3072 2240//3072
f 2275//3073 2240//3073 2260//3073
f 2280//3074 2279//3074 2296//3074
f 2296//3075 2279//3075 2292//3075
f 2296//3076 2292//3076 2334//3076
f 2334//3077 2292//3077 2290//3077
f 2334//3078 2290//3078 2333//3078
f 2333//3079 2290//3079 2288//3079
f 2333//3080 2288//3080 2332//3080
f 2332//3081 2288//3081 2287//3081
f 2332//3082 2287//3082 2331//3082
f 2331//3083 2287//3083 2283//3083
f 2331//3084 2283//3084 2330//3084
f 2330//3085 2283//3085 2282//3085
f 2330//3086 2282//3086 2328//3086
f 2335//3087 2336//3087 2337//3087
f 2209//3088 2211//3088 2338//3088
f 2339//3089 2286//3089 2285//3089
f 2339//3090 2285//3090 2340//3090
f 2341//3091 1966//3091 2342//3091
f 2342//3092 1966//3092 1965//3092
f 2342//3093 1965//3093 2343//3093
f 2343//3094 1965//3094 1943//3094
f 2343//3095 1943//3095 1942//3095
f 2344//3096 2345//3096 2341//3096
f 2341//3097 2345//3097 2346//3097
f 2341//3098 2346//3098 1966//3098
f 2347//3099 2348//3099 2349//3099
f 2349//3100 2348//3100 2350//3100
f 2349//3101 2350//3101 2351//3101
f 2293//3102 2281//3102 2352//3102
f 2352//3103 2281//3103 2353//3103
f 2352//3104 2353//3104 2347//3104
f 2347//3105 2353//3105 2354//3105
f 2347//3106 2354//3106 2348//3106
f 1942//3107 2203//3107 2343//3107
f 2343//3108 2203//3108 2355//3108
f 2343//3109 2355//3109 2342//3109
f 2342//3110 2355//3110 2356//3110
f 2342//3111 2356//3111 2341//3111
f 2211//3112 2213//3112 2338//3112
f 2338//3113 2213//3113 2357//3113
f 2338//3114 2357//3114 2358//3114
f 2358//3115 2357//3115 2359//3115
f 2358//3116 2359//3116 2360//3116
f 2360//3117 2359//3117 2361//3117
f 2360//3118 2361//3118 2362//3118
f 2363//3119 2361//3119 2364//3119
f 2364//3120 2361//3120 2359//3120
f 2364//3121 2359//3121 2365//3121
f 2365//3122 2359//3122 2357//3122
f 2365//3123 2357//3123 2366//3123
f 2366//3124 2357//3124 2213//3124
f 2366//3125 2213//3125 2215//3125
f 2367//3126 2344//3126 2368//3126
f 2368//3127 2344//3127 2341//3127
f 2368//3128 2341//3128 2369//3128
f 2369//3129 2341//3129 2356//3129
f 2205//3130 2204//3130 2370//3130
f 2370//3131 2204//3131 2371//3131
f 2370//3132 2371//3132 2372//3132
f 2372//3133 2371//3133 2373//3133
f 2372//3134 2373//3134 2374//3134
f 2374//3135 2373//3135 2375//3135
f 2374//3136 2375//3136 2376//3136
f 2376//3137 2375//3137 2377//3137
f 2337//3138 2336//3138 2378//3138
f 2378//3139 2336//3139 2379//3139
f 2378//3140 2379//3140 2380//3140
f 2380//3141 2379//3141 2381//3141
f 2380//3142 2381//3142 2382//3142
f 2291//3143 2293//3143 2383//3143
f 2383//3144 2293//3144 2352//3144
f 2383//3145 2352//3145 2384//3145
f 2384//3146 2352//3146 2347//3146
f 2384//3147 2347//3147 2367//3147
f 2367//3148 2347//3148 2349//3148
f 2367//3149 2349//3149 2344//3149
f 2344//3150 2349//3150 2351//3150
f 2344//3151 2351//3151 2345//3151
f 2385//3152 2386//3152 2387//3152
f 2387//3153 2386//3153 2388//3153
f 2387//3154 2388//3154 2377//3154
f 2377//3155 2388//3155 2389//3155
f 2377//3156 2389//3156 2376//3156
f 2204//3157 2209//3157 2371//3157
f 2371//3158 2209//3158 2338//3158
f 2371//3159 2338//3159 2373//3159
f 2373//3160 2338//3160 2358//3160
f 2373//3161 2358//3161 2375//3161
f 2375//3162 2358//3162 2360//3162
f 2375//3163 2360//3163 2377//3163
f 2377//3164 2360//3164 2362//3164
f 2377//3165 2362//3165 2387//3165
f 2387//3166 2362//3166 2390//3166
f 2387//3167 2390//3167 2385//3167
f 2385//3168 2390//3168 2391//3168
f 2363//3169 2335//3169 2361//3169
f 2361//3170 2335//3170 2337//3170
f 2361//3171 2337//3171 2362//3171
f 2362//3172 2337//3172 2378//3172
f 2362//3173 2378//3173 2390//3173
f 2390//3174 2378//3174 2380//3174
f 2390//3175 2380//3175 2391//3175
f 2391//3176 2380//3176 2382//3176
f 2203//3177 2205//3177 2355//3177
f 2355//3178 2205//3178 2370//3178
f 2355//3179 2370//3179 2356//3179
f 2356//3180 2370//3180 2372//3180
f 2356//3181 2372//3181 2369//3181
f 2369//3182 2372//3182 2374//3182
f 2369//3183 2374//3183 2368//3183
f 2368//3184 2374//3184 2376//3184
f 2368//3185 2376//3185 2367//3185
f 2367//3186 2376//3186 2389//3186
f 2367//3187 2389//3187 2384//3187
f 2384//3188 2389//3188 2388//3188
f 2384//3189 2388//3189 2383//3189
f 2383//3190 2388//3190 2386//3190
f 2383//3191 2386//3191 2291//3191
f 2291//3192 2386//3192 2385//3192
f 2291//3193 2385//3193 2289//3193
f 2289//3194 2385//3194 2391//3194
f 2289//3195 2391//3195 2285//3195
f 2285//3196 2391//3196 2382//3196
f 2285//3197 2382//3197 2340//3197
f 2340//3198 2382//3198 2381//3198
f 1963//3199 1964//3199 2392//3199
f 2393//3200 2394//3200 2395//3200
f 2353//3201 2281//3201 2396//3201
f 2396//3202 2397//3202 2353//3202
f 2353//3203 2397//3203 2398//3203
f 2353//3204 2398//3204 2354//3204
f 2354//3205 2398//3205 2399//3205
f 2354//3206 2399//3206 2348//3206
f 2345//3207 1967//3207 2346//3207
f 2346//3208 1967//3208 1966//3208
f 2348//3209 2399//3209 2350//3209
f 2350//3210 2399//3210 2400//3210
f 2350//3211 2400//3211 2351//3211
f 2351//3212 2400//3212 2392//3212
f 2351//3213 2392//3213 2345//3213
f 2345//3214 2392//3214 1964//3214
f 2345//3215 1964//3215 1967//3215
f 2401//3216 1961//3216 1962//3216
f 2402//3217 2392//3217 2403//3217
f 2403//3218 2392//3218 2400//3218
f 2403//3219 2400//3219 2404//3219
f 2404//3220 2400//3220 2399//3220
f 2404//3221 2399//3221 2405//3221
f 2405//3222 2399//3222 2398//3222
f 2405//3223 2398//3223 2406//3223
f 2406//3224 2398//3224 2397//3224
f 2406//3225 2397//3225 2407//3225
f 2407//3226 2397//3226 2396//3226
f 1963//3227 2392//3227 1962//3227
f 1962//3228 2392//3228 2402//3228
f 1962//3229 2402//3229 2401//3229
f 2401//3230 2402//3230 2403//3230
f 2401//3231 2403//3231 2408//3231
f 2408//3232 2403//3232 2404//3232
f 2408//3233 2404//3233 2409//3233
f 2409//3234 2404//3234 2405//3234
f 2409//3235 2405//3235 2410//3235
f 2410//3236 2405//3236 2406//3236
f 2410//3236 2406//3236 2395//3236
f 2395//3237 2406//3237 2407//3237
f 2395//3238 2407//3238 2393//3238
f 2302//3239 2300//3239 2411//3239
f 2412//3240 2413//3240 2414//3240
f 2393//3241 2407//3241 2415//3241
f 2280//3242 2416//3242 2281//3242
f 2281//3243 2416//3243 2396//3243
f 2412//3244 2414//3244 2417//3244
f 2411//3245 2418//3245 2419//3245
f 2302//3246 2411//3246 2303//3246
f 2411//3247 2419//3247 2303//3247
f 2303//3248 2419//3248 2420//3248
f 2303//3249 2420//3249 2298//3249
f 2421//3250 2294//3250 2420//3250
f 2420//3251 2294//3251 2299//3251
f 2420//3252 2299//3252 2298//3252
f 2407//3253 2396//3253 2415//3253
f 2415//3254 2396//3254 2416//3254
f 2415//3255 2416//3255 2422//3255
f 2422//3256 2416//3256 2280//3256
f 2422//3257 2280//3257 2421//3257
f 2421//3258 2280//3258 2295//3258
f 2421//3259 2295//3259 2294//3259
f 2413//3260 2423//3260 2414//3260
f 2414//3261 2423//3261 2424//3261
f 2414//3262 2424//3262 2425//3262
f 2425//3263 2424//3263 2426//3263
f 2425//3264 2426//3264 2427//3264
f 2427//3265 2426//3265 2428//3265
f 2427//3266 2428//3266 2429//3266
f 2429//3267 2428//3267 2430//3267
f 2429//3268 2430//3268 2431//3268
f 2394//3269 2393//3269 2431//3269
f 2431//3270 2393//3270 2415//3270
f 2431//3268 2415//3268 2429//3268
f 2429//3271 2415//3271 2422//3271
f 2429//3272 2422//3272 2427//3272
f 2427//3273 2422//3273 2421//3273
f 2427//3274 2421//3274 2425//3274
f 2425//3275 2421//3275 2420//3275
f 2425//3276 2420//3276 2414//3276
f 2414//3277 2420//3277 2419//3277
f 2414//3278 2419//3278 2417//3278
f 2417//3279 2419//3279 2418//3279
f 2424//3280 2423//3280 2432//3280
f 2433//3281 2434//3281 2394//3281
f 2434//3282 2433//3282 2435//3282
f 2436//3283 2437//3283 2438//3283
f 2438//3284 2437//3284 2439//3284
f 2438//3285 2439//3285 2440//3285
f 2440//3286 2439//3286 2441//3286
f 2440//3287 2441//3287 2442//3287
f 2442//3288 2441//3288 2443//3288
f 2441//3289 2435//3289 2443//3289
f 2443//3290 2435//3290 2433//3290
f 2443//3291 2433//3291 2444//3291
f 2444//3292 2433//3292 2445//3292
f 2446//3293 2447//3293 2448//3293
f 2448//3294 2447//3294 2449//3294
f 2448//3295 2449//3295 2450//3295
f 2450//3296 2449//3296 2451//3296
f 2450//3297 2451//3297 2452//3297
f 2452//3298 2451//3298 2445//3298
f 2452//3299 2445//3299 2453//3299
f 2453//3300 2445//3300 2433//3300
f 2394//3301 2431//3301 2433//3301
f 2433//3302 2431//3302 2430//3302
f 2433//3303 2430//3303 2453//3303
f 2453//3304 2430//3304 2428//3304
f 2453//3305 2428//3305 2452//3305
f 2452//3306 2428//3306 2426//3306
f 2452//3307 2426//3307 2450//3307
f 2450//3308 2426//3308 2424//3308
f 2450//3309 2424//3309 2448//3309
f 2448//3310 2424//3310 2432//3310
f 2448//3311 2432//3311 2446//3311
f 1995//3312 2439//3312 1996//3312
f 1996//3313 2439//3313 2437//3313
f 1996//3314 2437//3314 1997//3314
f 2395//3315 2394//3315 2434//3315
f 2454//3316 2028//3316 1961//3316
f 2455//3317 2029//3317 2028//3317
f 2028//3318 2454//3318 2455//3318
f 2455//3319 2454//3319 2456//3319
f 2455//3320 2456//3320 2457//3320
f 2457//3321 2456//3321 2458//3321
f 2457//3322 2458//3322 2459//3322
f 2459//3323 2458//3323 2460//3323
f 2459//3324 2460//3324 2461//3324
f 2462//3325 1994//3325 2460//3325
f 2460//3326 1994//3326 2463//3326
f 2460//3327 2463//3327 2461//3327
f 1961//3328 2401//3328 2454//3328
f 2454//3329 2401//3329 2408//3329
f 2454//3330 2408//3330 2456//3330
f 2456//3331 2408//3331 2409//3331
f 2456//3332 2409//3332 2458//3332
f 2458//3333 2409//3333 2410//3333
f 2458//3334 2410//3334 2460//3334
f 2460//3335 2410//3335 2395//3335
f 2460//3336 2395//3336 2462//3336
f 2462//3337 2395//3337 2434//3337
f 2462//3338 2434//3338 1994//3338
f 1994//3339 2434//3339 2435//3339
f 1994//3340 2435//3340 1995//3340
f 1995//3341 2435//3341 2441//3341
f 1995//3342 2441//3342 2439//3342
f 2057//3343 1990//3343 1989//3343
f 2464//3344 2465//3344 2466//3344
f 1997//3345 2437//3345 1992//3345
f 1992//3346 2437//3346 2464//3346
f 1992//3347 2464//3347 1985//3347
f 1985//3348 2464//3348 2466//3348
f 2466//3349 2467//3349 1985//3349
f 1985//3350 2467//3350 2468//3350
f 1985//3351 2468//3351 1986//3351
f 1986//3352 2468//3352 1987//3352
f 1987//3353 2468//3353 2469//3353
f 1987//3354 2469//3354 1988//3354
f 2469//3355 2470//3355 1988//3355
f 1988//3356 2470//3356 2471//3356
f 1988//3357 2471//3357 1989//3357
f 2068//3358 2057//3358 2472//3358
f 2472//3359 2057//3359 1989//3359
f 2472//3360 1989//3360 2473//3360
f 2473//3361 1989//3361 2471//3361
f 2474//3362 2465//3362 2464//3362
f 2475//3363 2474//3363 2476//3363
f 2476//3364 2474//3364 2464//3364
f 2476//3365 2464//3365 2477//3365
f 2477//3366 2464//3366 2437//3366
f 2477//3367 2437//3367 2436//3367
f 2478//3368 2479//3368 2480//3368
f 2480//3369 2479//3369 2475//3369
f 2480//3370 2475//3370 2481//3370
f 2481//3371 2475//3371 2476//3371
f 2482//3372 2483//3372 2484//3372
f 2484//3373 2483//3373 2485//3373
f 2484//3374 2485//3374 2486//3374
f 2486//3375 2485//3375 2487//3375
f 2486//3376 2487//3376 2488//3376
f 2488//3377 2487//3377 2489//3377
f 2488//3378 2489//3378 2478//3378
f 2478//3379 2489//3379 2490//3379
f 2478//3380 2490//3380 2479//3380
f 2491//2475 2492//2475 2493//2475
f 2493//2475 2494//2475 2491//2475
f 2491//3381 2494//3381 2495//3381
f 2491//2475 2495//2475 2496//2475
f 2486//3382 2488//3382 2491//3382
f 2491//3383 2488//3383 2478//3383
f 2496//3384 2497//3384 2491//3384
f 2491//3385 2497//3385 2498//3385
f 2491//3384 2498//3384 2499//3384
f 2478//3386 2480//3386 2491//3386
f 2491//3387 2480//3387 2481//3387
f 2491//3388 2481//3388 2476//3388
f 2499//3384 2482//3384 2491//3384
f 2491//3389 2482//3389 2484//3389
f 2491//3382 2484//3382 2486//3382
f 2491//360 2476//360 2477//360
f 2500//360 2501//360 2502//360
f 2477//3390 2436//3390 2491//3390
f 2491//3391 2436//3391 2438//3391
f 2491//360 2438//360 2503//360
f 2503//2050 2438//2050 2440//2050
f 2503//360 2440//360 2504//360
f 2443//3392 2500//3392 2442//3392
f 2442//360 2500//360 2502//360
f 2442//360 2502//360 2440//360
f 2440//3393 2502//3393 2505//3393
f 2440//360 2505//360 2504//360
f 2493//3394 2506//3394 2494//3394
f 2494//3395 2506//3395 2495//3395
f 2495//3396 2506//3396 2507//3396
f 2495//3397 2507//3397 2496//3397
f 2496//3398 2507//3398 2508//3398
f 2496//3399 2508//3399 2497//3399
f 2497//3400 2509//3400 2498//3400
f 2498//3401 2509//3401 2510//3401
f 2498//3402 2510//3402 2499//3402
f 2499//3403 2510//3403 2483//3403
f 2499//3404 2483//3404 2482//3404
f 2485//3405 2483//3405 2511//3405
f 2511//3406 2483//3406 2510//3406
f 2511//3407 2510//3407 2512//3407
f 2512//3408 2510//3408 2509//3408
f 2512//3409 2509//3409 2513//3409
f 2497//3410 2508//3410 2509//3410
f 2509//3411 2508//3411 2514//3411
f 2509//3412 2514//3412 2513//3412
f 2515//3413 2516//3413 2507//3413
f 2507//3414 2516//3414 2517//3414
f 2507//3415 2517//3415 2508//3415
f 2508//3416 2517//3416 2518//3416
f 2508//3417 2518//3417 2514//3417
f 2493//3418 2519//3418 2506//3418
f 2506//3419 2519//3419 2520//3419
f 2506//3420 2520//3420 2507//3420
f 2507//3421 2520//3421 2521//3421
f 2507//3422 2521//3422 2515//3422
f 2522//3423 2523//3423 2524//3423
f 2524//3424 2525//3424 2522//3424
f 2522//3425 2525//3425 1191//3425
f 2522//3426 1191//3426 2526//3426
f 2526//3427 1191//3427 1190//3427
f 2501//3428 2500//3428 1192//3428
f 1192//3429 2500//3429 2526//3429
f 1192//2594 2526//2594 1190//2594
f 2492//3430 2491//3430 2527//3430
f 2527//3431 2491//3431 2503//3431
f 2505//3432 2528//3432 2504//3432
f 2504//3433 2528//3433 2529//3433
f 2504//3434 2529//3434 2503//3434
f 2503//3435 2529//3435 2530//3435
f 2503//3436 2530//3436 2527//3436
f 2501//3437 1192//3437 2502//3437
f 2502//3438 1192//3438 2531//3438
f 2502//3439 2531//3439 2505//3439
f 2505//3440 2531//3440 2532//3440
f 2505//3441 2532//3441 2528//3441
f 2527//3442 2530//3442 2533//3442
f 2479//3443 2534//3443 2475//3443
f 2475//3444 2534//3444 2535//3444
f 2475//3445 2535//3445 2474//3445
f 2474//3446 2535//3446 2536//3446
f 2474//3447 2536//3447 2465//3447
f 2490//3448 2537//3448 2479//3448
f 2479//3449 2537//3449 2538//3449
f 2479//3450 2538//3450 2534//3450
f 2490//3451 2489//3451 2537//3451
f 2537//3452 2489//3452 2487//3452
f 2537//3453 2487//3453 2539//3453
f 2539//3454 2487//3454 2540//3454
f 2540//3455 2487//3455 2485//3455
f 2540//3456 2485//3456 2541//3456
f 2485//3457 2511//3457 2541//3457
f 2541//3458 2511//3458 2512//3458
f 2541//3459 2512//3459 2542//3459
f 2542//3460 2512//3460 2513//3460
f 2542//3461 2513//3461 2514//3461
f 2514//3462 2518//3462 2542//3462
f 2542//3463 2518//3463 2517//3463
f 2542//3464 2517//3464 2543//3464
f 2543//3465 2517//3465 2516//3465
f 2543//3466 2516//3466 2544//3466
f 2544//3467 2516//3467 2515//3467
f 2544//3468 2515//3468 2545//3468
f 2515//3469 2521//3469 2545//3469
f 2545//3470 2521//3470 2520//3470
f 2545//3471 2520//3471 2546//3471
f 2546//3472 2520//3472 2519//3472
f 2546//3473 2519//3473 2547//3473
f 2547//3474 2519//3474 2493//3474
f 2547//3475 2493//3475 2548//3475
f 2548//3476 2493//3476 2533//3476
f 2533//3477 2493//3477 2492//3477
f 2533//3478 2492//3478 2527//3478
f 2466//3479 2465//3479 2536//3479
f 2466//3480 2536//3480 2467//3480
f 2536//3481 2549//3481 2467//3481
f 2467//3482 2549//3482 2550//3482
f 2467//3483 2550//3483 2468//3483
f 2468//3484 2550//3484 2551//3484
f 2468//3485 2551//3485 2469//3485
f 2469//3486 2551//3486 2552//3486
f 2469//3487 2552//3487 2470//3487
f 2470//3488 2552//3488 2553//3488
f 2470//3489 2553//3489 2471//3489
f 2471//3490 2553//3490 2554//3490
f 2471//3491 2554//3491 2473//3491
f 2473//3492 2554//3492 2555//3492
f 2473//3493 2555//3493 2472//3493
f 2472//3494 2555//3494 2068//3494
f 2068//3495 2555//3495 2556//3495
f 2068//3496 2556//3496 2067//3496
f 2067//3497 2556//3497 2557//3497
f 2067//3498 2557//3498 2066//3498
f 2066//3499 2557//3499 2065//3499
f 2065//3500 2557//3500 2558//3500
f 2065//3501 2558//3501 2064//3501
f 2064//3502 2558//3502 2063//3502
f 2063//3503 2558//3503 2089//3503
f 2063//3504 2089//3504 2062//3504
f 2104//3505 2074//3505 2051//3505
f 2051//3506 2061//3506 2104//3506
f 2104//3507 2061//3507 2060//3507
f 2104//3508 2060//3508 2088//3508
f 2088//3509 2060//3509 2059//3509
f 2088//3510 2059//3510 2089//3510
f 2089//3511 2059//3511 2058//3511
f 2089//3512 2058//3512 2062//3512
f 2105//3513 2071//3513 2072//3513
f 2074//3514 2073//3514 2051//3514
f 2051//3515 2073//3515 2106//3515
f 2051//3516 2106//3516 1980//3516
f 1980//3517 2106//3517 2105//3517
f 1980//3518 2105//3518 1978//3518
f 1978//3519 2105//3519 2072//3519
f 2083//3520 2082//3520 2559//3520
f 2092//3521 2091//3521 2560//3521
f 2561//3522 1136//3522 1163//3522
f 2549//3523 2562//3523 2550//3523
f 2550//3524 2562//3524 2563//3524
f 2550//3525 2563//3525 2551//3525
f 2551//3526 2563//3526 2552//3526
f 2552//3527 2563//3527 2564//3527
f 2552//3528 2564//3528 2553//3528
f 2553//3529 2564//3529 2554//3529
f 2554//3530 2564//3530 2565//3530
f 2554//3531 2565//3531 2555//3531
f 2555//3532 2565//3532 2566//3532
f 2555//3533 2566//3533 2556//3533
f 2556//3534 2566//3534 2567//3534
f 2556//3535 2567//3535 2557//3535
f 2557//3536 2567//3536 2560//3536
f 2557//3537 2560//3537 2558//3537
f 2558//3538 2560//3538 2091//3538
f 2558//3539 2091//3539 2089//3539
f 2568//3540 1185//3540 1187//3540
f 1185//3541 2568//3541 1183//3541
f 1183//3542 2568//3542 2569//3542
f 1183//3543 2569//3543 1181//3543
f 2570//3544 1168//3544 2571//3544
f 2571//3545 1168//3545 1169//3545
f 2571//3546 1169//3546 2572//3546
f 2572//3547 1169//3547 1177//3547
f 2572//3548 1177//3548 2569//3548
f 2569//3549 1177//3549 1179//3549
f 2569//3550 1179//3550 1181//3550
f 1172//3551 1164//3551 2570//3551
f 2570//3552 1164//3552 1166//3552
f 2570//3553 1166//3553 1168//3553
f 2570//3554 2573//3554 1172//3554
f 1172//3555 2573//3555 2574//3555
f 1172//3556 2574//3556 1163//3556
f 1163//3557 2574//3557 2575//3557
f 1163//3558 2575//3558 2561//3558
f 2086//3559 2085//3559 2576//3559
f 2082//3560 2092//3560 2559//3560
f 2559//3561 2092//3561 2560//3561
f 2559//3562 2560//3562 2577//3562
f 2577//3563 2560//3563 2567//3563
f 2577//3564 2567//3564 2578//3564
f 2578//3565 2567//3565 2566//3565
f 2578//3566 2566//3566 2579//3566
f 2579//3567 2566//3567 2565//3567
f 2579//3568 2565//3568 2580//3568
f 2580//3569 2565//3569 2564//3569
f 2580//3570 2564//3570 2581//3570
f 2581//3571 2564//3571 2563//3571
f 2581//3572 2563//3572 2582//3572
f 2582//3573 2563//3573 2562//3573
f 2582//3574 2562//3574 2583//3574
f 2583//3575 2562//3575 2549//3575
f 2583//3576 2549//3576 2536//3576
f 2085//3577 2083//3577 2576//3577
f 2576//3578 2083//3578 2559//3578
f 2576//3579 2559//3579 2584//3579
f 2584//3580 2559//3580 2577//3580
f 2584//3581 2577//3581 2585//3581
f 2585//3582 2577//3582 2578//3582
f 2585//3583 2578//3583 2586//3583
f 2586//3584 2578//3584 2579//3584
f 2586//3585 2579//3585 2587//3585
f 2587//3586 2579//3586 2580//3586
f 2587//3587 2580//3587 2588//3587
f 2588//3588 2580//3588 2581//3588
f 2588//3589 2581//3589 2589//3589
f 2589//3590 2581//3590 2582//3590
f 2589//3591 2582//3591 2590//3591
f 2590//3592 2582//3592 2583//3592
f 2590//3593 2575//3593 2589//3593
f 2589//3594 2575//3594 2574//3594
f 2589//3595 2574//3595 2588//3595
f 2588//3596 2574//3596 2573//3596
f 2588//3597 2573//3597 2587//3597
f 2587//3598 2573//3598 2570//3598
f 2587//3599 2570//3599 2586//3599
f 2586//3600 2570//3600 2571//3600
f 2586//3601 2571//3601 2585//3601
f 2585//3602 2571//3602 2572//3602
f 2585//3603 2572//3603 2584//3603
f 2584//3604 2572//3604 2569//3604
f 2584//3605 2569//3605 2576//3605
f 2576//3606 2569//3606 2568//3606
f 2576//3607 2568//3607 2086//3607
f 2086//3608 2568//3608 1187//3608
f 2086//3609 1187//3609 1189//3609
f 2591//3610 2590//3610 2583//3610
f 2561//3611 2575//3611 2592//3611
f 2592//3612 2575//3612 2590//3612
f 1136//3613 2561//3613 1138//3613
f 1138//3614 2561//3614 2592//3614
f 1138//3615 2592//3615 1147//3615
f 1147//3616 2592//3616 2593//3616
f 1147//3617 2593//3617 1145//3617
f 1145//3618 2593//3618 2594//3618
f 1145//3619 2594//3619 1143//3619
f 1143//3620 2594//3620 1141//3620
f 1141//3621 2594//3621 2595//3621
f 1141//3622 2595//3622 1150//3622
f 1150//3623 2595//3623 1151//3623
f 1151//3624 2595//3624 2596//3624
f 1151//3625 2596//3625 1153//3625
f 1153//3626 2596//3626 1155//3626
f 1155//3627 2596//3627 2597//3627
f 1155//3628 2597//3628 1157//3628
f 1157//3629 2597//3629 2598//3629
f 1157//3630 2598//3630 1159//3630
f 2599//3631 1162//3631 2598//3631
f 2598//3632 1162//3632 1161//3632
f 2598//3633 1161//3633 1159//3633
f 2542//3634 2543//3634 2600//3634
f 2601//3635 2539//3635 2602//3635
f 2602//3636 2539//3636 2540//3636
f 2602//3637 2540//3637 2603//3637
f 2603//3638 2540//3638 2541//3638
f 2603//3639 2541//3639 2604//3639
f 2604//3640 2541//3640 2542//3640
f 2604//3641 2542//3641 2605//3641
f 2605//3642 2542//3642 2600//3642
f 2536//3643 2535//3643 2606//3643
f 2606//3644 2535//3644 2534//3644
f 2606//3645 2534//3645 2607//3645
f 2607//3646 2534//3646 2538//3646
f 2607//3647 2538//3647 2601//3647
f 2601//3648 2538//3648 2537//3648
f 2601//3649 2537//3649 2539//3649
f 2600//3650 2608//3650 2605//3650
f 2605//3651 2608//3651 2609//3651
f 2605//3652 2609//3652 2604//3652
f 2604//3653 2609//3653 2610//3653
f 2604//3654 2610//3654 2603//3654
f 2603//3655 2610//3655 2611//3655
f 2603//3656 2611//3656 2602//3656
f 2602//3657 2611//3657 2612//3657
f 2602//3658 2612//3658 2601//3658
f 2601//3659 2612//3659 2613//3659
f 2601//3660 2613//3660 2607//3660
f 2607//3661 2613//3661 2614//3661
f 2607//3662 2614//3662 2606//3662
f 2600//3663 2615//3663 2608//3663
f 2608//3664 2615//3664 2616//3664
f 2608//3665 2616//3665 2617//3665
f 2536//3666 2606//3666 2583//3666
f 2583//3667 2606//3667 2614//3667
f 2583//3668 2614//3668 2591//3668
f 2591//3669 2614//3669 2613//3669
f 2591//3670 2613//3670 2618//3670
f 2618//3671 2613//3671 2612//3671
f 2618//3672 2612//3672 2619//3672
f 2619//3673 2612//3673 2611//3673
f 2619//3674 2611//3674 2620//3674
f 2620//3675 2611//3675 2610//3675
f 2620//3676 2610//3676 2621//3676
f 2621//3677 2610//3677 2609//3677
f 2621//3678 2609//3678 2622//3678
f 2622//3679 2609//3679 2608//3679
f 2622//3680 2608//3680 2623//3680
f 2623//3681 2608//3681 2617//3681
f 2623//3682 2617//3682 2624//3682
f 2590//3683 2591//3683 2592//3683
f 2592//3684 2591//3684 2618//3684
f 2592//3685 2618//3685 2593//3685
f 2593//3686 2618//3686 2619//3686
f 2593//3687 2619//3687 2594//3687
f 2594//3688 2619//3688 2620//3688
f 2594//3689 2620//3689 2595//3689
f 2595//3690 2620//3690 2621//3690
f 2595//3691 2621//3691 2596//3691
f 2596//3692 2621//3692 2622//3692
f 2596//3693 2622//3693 2597//3693
f 2597//3694 2622//3694 2623//3694
f 2597//3695 2623//3695 2598//3695
f 2598//3696 2623//3696 2624//3696
f 2598//3697 2624//3697 2599//3697
f 2625//3698 2626//3698 1162//3698
f 2600//3699 2543//3699 2544//3699
f 2600//3700 2627//3700 2615//3700
f 2615//3701 2627//3701 2628//3701
f 2615//3702 2628//3702 2616//3702
f 1162//3703 2599//3703 2625//3703
f 2625//3704 2599//3704 2624//3704
f 2625//3705 2624//3705 2628//3705
f 2628//3706 2624//3706 2617//3706
f 2628//3707 2617//3707 2616//3707
f 2629//3708 2630//3708 2631//3708
f 2631//3709 2630//3709 2626//3709
f 2632//3710 2633//3710 2634//3710
f 2533//3711 2530//3711 2635//3711
f 2636//3712 2637//3712 2631//3712
f 2631//3713 2637//3713 2638//3713
f 2631//3714 2638//3714 2629//3714
f 2629//3715 2638//3715 2639//3715
f 2635//3716 2640//3716 2641//3716
f 2641//3717 2640//3717 2632//3717
f 2641//3718 2632//3718 2642//3718
f 2642//3719 2632//3719 2634//3719
f 2642//3720 2634//3720 2643//3720
f 2547//3721 2548//3721 2644//3721
f 2600//3722 2544//3722 2627//3722
f 2627//3723 2544//3723 2545//3723
f 2627//3724 2545//3724 2644//3724
f 2644//3725 2545//3725 2546//3725
f 2644//3726 2546//3726 2547//3726
f 2626//3727 2625//3727 2631//3727
f 2631//3728 2625//3728 2628//3728
f 2631//3729 2628//3729 2636//3729
f 2636//3730 2628//3730 2627//3730
f 2636//3731 2627//3731 2637//3731
f 2637//3732 2627//3732 2644//3732
f 2637//3733 2644//3733 2645//3733
f 2645//3734 2644//3734 2548//3734
f 2645//3735 2548//3735 2533//3735
f 2533//3736 2635//3736 2645//3736
f 2645//3737 2635//3737 2641//3737
f 2645//3738 2641//3738 2637//3738
f 2637//3739 2641//3739 2642//3739
f 2637//3740 2642//3740 2638//3740
f 2638//3741 2642//3741 2643//3741
f 2638//3742 2643//3742 2639//3742
f 2529//3743 2528//3743 2646//3743
f 2529//3744 2646//3744 2530//3744
f 2530//3745 2646//3745 2635//3745
f 2635//3746 2646//3746 2647//3746
f 2635//3747 2647//3747 2640//3747
f 2640//3748 2647//3748 2648//3748
f 2640//3749 2648//3749 2632//3749
f 2632//3750 2648//3750 2649//3750
f 2632//3751 2649//3751 2633//3751
f 1121//3752 2649//3752 2650//3752
f 2650//3753 2649//3753 2648//3753
f 2650//3754 2648//3754 2651//3754
f 2651//3755 2648//3755 2652//3755
f 2653//3756 2654//3756 2646//3756
f 2646//3757 2654//3757 2652//3757
f 2646//3758 2652//3758 2647//3758
f 2647//3759 2652//3759 2648//3759
f 2655//3760 2656//3760 2657//3760
f 2653//3761 2646//3761 2657//3761
f 2657//3762 2646//3762 2528//3762
f 2657//3763 2528//3763 2655//3763
f 2658//3764 2659//3764 2660//3764
f 1122//3765 1121//3765 2650//3765
f 2661//3766 2662//3766 2652//3766
f 2652//3767 2654//3767 2661//3767
f 2661//3768 2654//3768 2653//3768
f 2661//3769 2653//3769 2663//3769
f 2663//3770 2653//3770 2657//3770
f 2663//3771 2657//3771 2656//3771
f 1114//3772 1122//3772 2664//3772
f 2664//3773 1122//3773 2650//3773
f 2664//3774 2650//3774 2662//3774
f 2662//3775 2650//3775 2651//3775
f 2662//3776 2651//3776 2652//3776
f 2665//3777 1120//3777 1115//3777
f 2658//3778 2660//3778 2666//3778
f 2663//3779 2667//3779 2661//3779
f 2661//3780 2667//3780 2668//3780
f 2661//3781 2668//3781 2662//3781
f 2662//3782 2668//3782 2669//3782
f 2662//3783 2669//3783 2664//3783
f 2664//3784 2669//3784 2665//3784
f 2664//3785 2665//3785 1114//3785
f 1114//3786 2665//3786 1115//3786
f 2667//3787 2666//3787 2668//3787
f 2668//3788 2666//3788 2660//3788
f 2668//3789 2660//3789 2669//3789
f 2669//3790 2660//3790 2670//3790
f 2669//3791 2670//3791 2665//3791
f 2665//3792 2670//3792 2671//3792
f 2665//3793 2671//3793 1120//3793
f 1120//3794 2671//3794 1117//3794
f 1110//3795 1117//3795 2672//3795
f 2672//3796 1117//3796 2671//3796
f 2672//3797 2671//3797 2673//3797
f 2673//3798 2671//3798 2670//3798
f 2673//3799 2670//3799 2674//3799
f 2674//3800 2670//3800 2660//3800
f 2674//3801 2660//3801 2675//3801
f 2675//3802 2660//3802 2659//3802
f 1104//3803 1110//3803 2672//3803
f 2675//3804 2676//3804 2674//3804
f 2674//3805 2676//3805 2677//3805
f 2674//3806 2677//3806 2673//3806
f 2673//3807 2677//3807 2678//3807
f 2673//3808 2678//3808 2672//3808
f 2672//3809 2678//3809 2679//3809
f 2672//3810 2679//3810 1104//3810
f 1104//3811 2679//3811 1100//3811
f 1099//3812 1100//3812 2679//3812
f 2676//3813 2680//3813 2677//3813
f 2677//3814 2680//3814 2681//3814
f 2677//3815 2681//3815 2678//3815
f 2678//3816 2681//3816 2682//3816
f 2678//3817 2682//3817 2679//3817
f 2679//3818 2682//3818 2683//3818
f 2679//3819 2683//3819 1099//3819
f 1099//3820 2683//3820 1093//3820
f 1094//3821 1093//3821 2684//3821
f 2684//3822 1093//3822 2683//3822
f 2684//3823 2683//3823 2685//3823
f 2685//3824 2683//3824 2682//3824
f 2685//3825 2682//3825 2686//3825
f 2686//3826 2682//3826 2681//3826
f 2686//3827 2681//3827 2687//3827
f 2687//3828 2681//3828 2680//3828
f 1096//3829 1094//3829 2688//3829
f 2688//3830 1094//3830 2684//3830
f 2688//3831 2684//3831 2689//3831
f 2689//3832 2684//3832 2685//3832
f 2689//3833 2685//3833 2690//3833
f 2690//3834 2685//3834 2686//3834
f 2690//3835 2686//3835 2691//3835
f 2691//3836 2686//3836 2687//3836
f 2692//3837 2693//3837 2694//3837
f 1089//1276 1096//1276 2688//1276
f 2691//3838 2692//3838 2690//3838
f 2690//3839 2692//3839 2694//3839
f 2690//3840 2694//3840 2689//3840
f 2689//3841 2694//3841 2695//3841
f 2689//3842 2695//3842 2688//3842
f 2688//3843 2695//3843 2696//3843
f 2688//3844 2696//3844 1089//3844
f 1089//3845 2696//3845 1082//3845
f 2697//3846 2698//3846 2699//3846
f 1084//3847 1082//3847 2696//3847
f 2693//3848 2697//3848 2694//3848
f 2694//3849 2697//3849 2699//3849
f 2694//3850 2699//3850 2695//3850
f 1085//3851 1084//3851 2700//3851
f 2700//3852 1084//3852 2696//3852
f 2700//3853 2696//3853 2701//3853
f 2701//3854 2696//3854 2695//3854
f 2701//3855 2695//3855 2702//3855
f 2702//3856 2695//3856 2699//3856
f 2698//3857 1070//3857 2699//3857
f 2699//3858 1070//3858 2703//3858
f 2699//3859 2703//3859 2702//3859
f 2704//3860 2705//3860 2706//3860
f 2707//3861 2708//3861 2705//3861
f 1066//3862 2709//3862 1074//3862
f 1074//3863 2709//3863 2710//3863
f 1074//3864 2710//3864 1073//3864
f 1070//3865 1068//3865 2703//3865
f 2703//3866 1068//3866 1073//3866
f 2703//3867 1073//3867 2711//3867
f 2711//3868 1073//3868 2710//3868
f 2711//3869 2710//3869 2707//3869
f 2704//3870 2712//3870 2713//3870
f 2713//3871 2712//3871 2714//3871
f 2704//3872 2706//3872 2712//3872
f 2712//3873 2706//3873 1085//3873
f 2712//3874 1085//3874 2714//3874
f 2714//3875 1085//3875 2700//3875
f 2714//3876 2700//3876 2701//3876
f 2705//3877 2704//3877 2707//3877
f 2707//3878 2704//3878 2713//3878
f 2707//3879 2713//3879 2711//3879
f 2711//3880 2713//3880 2714//3880
f 2711//3881 2714//3881 2703//3881
f 2703//3882 2714//3882 2701//3882
f 2703//3883 2701//3883 2702//3883
f 1066//3884 915//3884 2709//3884
f 2709//3885 915//3885 914//3885
f 2709//3886 914//3886 2710//3886
f 2710//3887 914//3887 878//3887
f 2710//3888 878//3888 2707//3888
f 2707//3889 878//3889 877//3889
f 2707//3890 877//3890 2708//3890
f 2715//3891 2716//3891 2717//3891
f 2718//3892 2719//3892 2720//3892
f 2720//3893 2715//3893 2718//3893
f 2718//3894 2715//3894 2717//3894
f 2718//3895 2717//3895 2721//3895
f 2721//3896 2717//3896 2722//3896
f 2721//3897 2722//3897 2723//3897
f 2723//3898 2722//3898 2708//3898
f 2723//3899 2708//3899 877//3899
f 2724//3900 1088//3900 1087//3900
f 2717//3901 2725//3901 2726//3901
f 2716//3902 2727//3902 2728//3902
f 2728//3903 2727//3903 2729//3903
f 2717//3904 2726//3904 2722//3904
f 2722//3905 2726//3905 2705//3905
f 2722//3906 2705//3906 2708//3906
f 2730//3907 2731//3907 2724//3907
f 2724//3908 2731//3908 1088//3908
f 1088//3909 2731//3909 2732//3909
f 1088//3910 2732//3910 1080//3910
f 2706//3911 2705//3911 2733//3911
f 2733//3912 2705//3912 2726//3912
f 2733//3913 2726//3913 2734//3913
f 2734//3914 2726//3914 2725//3914
f 2734//3915 2725//3915 2728//3915
f 2728//3916 2725//3916 2717//3916
f 2728//3917 2717//3917 2716//3917
f 2729//3918 2730//3918 2728//3918
f 2728//3919 2730//3919 2724//3919
f 2728//3920 2724//3920 2734//3920
f 2734//3921 2724//3921 1087//3921
f 2734//3922 1087//3922 2733//3922
f 2733//3923 1087//3923 1083//3923
f 2733//3924 1083//3924 2706//3924
f 2706//3925 1083//3925 1085//3925
f 2727//3926 2735//3926 2729//3926
f 2729//3927 2735//3927 2736//3927
f 2729//3928 2736//3928 2737//3928
f 2738//3929 2739//3929 2732//3929
f 1119//3930 1106//3930 2740//3930
f 2740//3931 1106//3931 1105//3931
f 2740//3932 1105//3932 2741//3932
f 1105//3933 1103//3933 2741//3933
f 2741//3934 1103//3934 1091//3934
f 2741//3935 1091//3935 2742//3935
f 2742//3936 1091//3936 1090//3936
f 2742//3937 1090//3937 1076//3937
f 2732//3938 2739//3938 1080//3938
f 1080//3939 2739//3939 1075//3939
f 1075//3940 2739//3940 2743//3940
f 1075//3941 2743//3941 1076//3941
f 1076//3942 2743//3942 2744//3942
f 1076//3943 2744//3943 2742//3943
f 2729//3944 2737//3944 2730//3944
f 2730//3945 2737//3945 2738//3945
f 2730//3946 2738//3946 2731//3946
f 2731//3947 2738//3947 2732//3947
f 1119//3948 2740//3948 1118//3948
f 1118//3949 2740//3949 2745//3949
f 2746//3950 1112//3950 2747//3950
f 2747//3951 1112//3951 1111//3951
f 2747//3952 1111//3952 2748//3952
f 2748//3953 1111//3953 1132//3953
f 2748//3954 1132//3954 2749//3954
f 1132//3954 1131//3954 2749//3954
f 2749//3955 1131//3955 1118//3955
f 2749//3956 1118//3956 2745//3956
f 1129//3957 1112//3957 2750//3957
f 2750//3958 1112//3958 2746//3958
f 2750//3959 2746//3959 2751//3959
f 2630//3960 2752//3960 2753//3960
f 2750//3961 2751//3961 2754//3961
f 2755//3962 2756//3962 2754//3962
f 2755//3963 2757//3963 2758//3963
f 2758//3964 1127//3964 2755//3964
f 2755//3965 1127//3965 1128//3965
f 2755//3966 1128//3966 2756//3966
f 2756//3967 1128//3967 1130//3967
f 2756//3968 1130//3968 2754//3968
f 2754//3969 1130//3969 1129//3969
f 2754//3970 1129//3970 2750//3970
f 1121//3971 1123//3971 2649//3971
f 2649//3972 1123//3972 1125//3972
f 2649//3973 1125//3973 2633//3973
f 2759//3974 2643//3974 2760//3974
f 2760//3975 2643//3975 2634//3975
f 2760//3976 2634//3976 2758//3976
f 2758//3977 2634//3977 2633//3977
f 2758//3978 2633//3978 1127//3978
f 1127//3979 2633//3979 1125//3979
f 2761//3980 2629//3980 2759//3980
f 2759//3981 2629//3981 2639//3981
f 2759//3982 2639//3982 2643//3982
f 2630//3983 2753//3983 2626//3983
f 2626//3984 2753//3984 2762//3984
f 2626//3985 2762//3985 1162//3985
f 1162//3986 2762//3986 1160//3986
f 1160//3987 2762//3987 2763//3987
f 1160//3988 2763//3988 1158//3988
f 2764//3989 2765//3989 2766//3989
f 2766//3990 2765//3990 2767//3990
f 2766//3991 2767//3991 2768//3991
f 2768//3992 2767//3992 2769//3992
f 2770//3993 2771//3993 2772//3993
f 2772//3994 2771//3994 2773//3994
f 2772//3995 2773//3995 2764//3995
f 2764//3996 2773//3996 2774//3996
f 2764//3997 2774//3997 2765//3997
f 2775//3998 2763//3998 2776//3998
f 2776//3999 2763//3999 2762//3999
f 2776//4000 2762//4000 2777//4000
f 2777//4001 2762//4001 2753//4001
f 2777//4002 2753//4002 2761//4002
f 2761//4003 2753//4003 2752//4003
f 2761//4004 2752//4004 2629//4004
f 2629//4005 2752//4005 2630//4005
f 2757//4006 2778//4006 2758//4006
f 2758//4007 2778//4007 2779//4007
f 2758//4008 2779//4008 2760//4008
f 2760//4009 2779//4009 2770//4009
f 2760//4010 2770//4010 2759//4010
f 2759//4011 2770//4011 2772//4011
f 2759//4012 2772//4012 2761//4012
f 2761//4013 2772//4013 2764//4013
f 2761//4014 2764//4014 2777//4014
f 2777//4015 2764//4015 2766//4015
f 2777//4016 2766//4016 2776//4016
f 2776//4017 2766//4017 2768//4017
f 2776//4018 2768//4018 2775//4018
f 2775//4019 2768//4019 2769//4019
f 2775//4020 2769//4020 2780//4020
f 2781//4021 1135//4021 2782//4021
f 2782//4022 1135//4022 1137//4022
f 2783//4023 2784//4023 2785//4023
f 2784//4024 2783//4024 2786//4024
f 2786//4025 2783//4025 2787//4025
f 2786//4026 2787//4026 2788//4026
f 2789//4027 2790//4027 2787//4027
f 2787//4028 2790//4028 2791//4028
f 2787//4029 2791//4029 2788//4029
f 2792//4030 2793//4030 2794//4030
f 2794//4031 2793//4031 2795//4031
f 2794//4032 2795//4032 2789//4032
f 2789//4033 2795//4033 2796//4033
f 2789//4034 2796//4034 2790//4034
f 2792//4035 2794//4035 2797//4035
f 2797//4036 2794//4036 2798//4036
f 2797//4037 2798//4037 2799//4037
f 2799//4038 2798//4038 2800//4038
f 2799//4039 2800//4039 2801//4039
f 2801//4040 2800//4040 2775//4040
f 2801//4041 2775//4041 2780//4041
f 1158//4042 2763//4042 1156//4042
f 1156//4043 2763//4043 2802//4043
f 1156//4044 2802//4044 2803//4044
f 2804//4045 1152//4045 2803//4045
f 2803//4046 1152//4046 1154//4046
f 2803//4047 1154//4047 1156//4047
f 2805//4048 1140//4048 2804//4048
f 2804//4049 1140//4049 1139//4049
f 2804//4050 1139//4050 1152//4050
f 2806//4051 1144//4051 2805//4051
f 2805//4052 1144//4052 1142//4052
f 2805//4053 1142//4053 1140//4053
f 1137//4054 1149//4054 2782//4054
f 2782//4055 1149//4055 1148//4055
f 2782//4056 1148//4056 2806//4056
f 2806//4057 1148//4057 1146//4057
f 2806//4058 1146//4058 1144//4058
f 2763//4059 2775//4059 2802//4059
f 2802//4060 2775//4060 2800//4060
f 2802//4061 2800//4061 2803//4061
f 2803//4062 2800//4062 2798//4062
f 2803//4063 2798//4063 2804//4063
f 2804//4064 2798//4064 2794//4064
f 2804//4065 2794//4065 2805//4065
f 2805//4066 2794//4066 2789//4066
f 2805//4067 2789//4067 2806//4067
f 2806//4068 2789//4068 2787//4068
f 2806//4069 2787//4069 2782//4069
f 2782//4070 2787//4070 2783//4070
f 2782//4071 2783//4071 2781//4071
f 2781//4072 2783//4072 2785//4072
f 2781//4073 2785//4073 2807//4073
f 2781//4074 2807//4074 2808//4074
f 2808//4075 2807//4075 2809//4075
f 1135//4076 2781//4076 1170//4076
f 1170//4077 2781//4077 2810//4077
f 1170//4078 2810//4078 1171//4078
f 1171//4079 2810//4079 1173//4079
f 1173//4080 2810//4080 2811//4080
f 1173//4081 2811//4081 1174//4081
f 2812//4082 1175//4082 2813//4082
f 2813//4083 1175//4083 1167//4083
f 2813//4084 1167//4084 2811//4084
f 2811//4085 1167//4085 1165//4085
f 2811//4086 1165//4086 1174//4086
f 1182//4087 1180//4087 2814//4087
f 2814//4088 1180//4088 1178//4088
f 2814//4089 1178//4089 2812//4089
f 2812//4090 1178//4090 1176//4090
f 2812//4091 1176//4091 1175//4091
f 1182//4092 2814//4092 1184//4092
f 1184//4093 2814//4093 2815//4093
f 1184//4094 2815//4094 1186//4094
f 2816//4095 2817//4095 2818//4095
f 2819//4096 2820//4096 2821//4096
f 2821//4097 2820//4097 2816//4097
f 2821//4098 2816//4098 2822//4098
f 2822//4099 2816//4099 2818//4099
f 2822//4100 2818//4100 2823//4100
f 2819//4101 2821//4101 2824//4101
f 2824//4102 2821//4102 2825//4102
f 2824//4103 2825//4103 2826//4103
f 2827//4104 2828//4104 2829//4104
f 2829//4105 2830//4105 2827//4105
f 2827//4106 2830//4106 2831//4106
f 2827//4107 2831//4107 2825//4107
f 2825//4108 2831//4108 2832//4108
f 2825//4109 2832//4109 2826//4109
f 2809//4110 2833//4110 2808//4110
f 2808//4111 2833//4111 2834//4111
f 2808//4112 2834//4112 2828//4112
f 2828//4113 2834//4113 2835//4113
f 2828//4114 2835//4114 2829//4114
f 2781//4115 2808//4115 2810//4115
f 2810//4116 2808//4116 2828//4116
f 2810//4117 2828//4117 2811//4117
f 2811//4118 2828//4118 2827//4118
f 2811//4119 2827//4119 2813//4119
f 2813//4120 2827//4120 2825//4120
f 2813//4121 2825//4121 2812//4121
f 2812//4122 2825//4122 2821//4122
f 2812//4123 2821//4123 2814//4123
f 2814//4124 2821//4124 2822//4124
f 2814//4125 2822//4125 2815//4125
f 2815//4126 2822//4126 2823//4126
f 2815//4127 2823//4127 1186//4127
f 2820//4128 2836//4128 2816//4128
f 2816//4129 2836//4129 2837//4129
f 2816//4130 2837//4130 2817//4130
f 2817//4131 2837//4131 2838//4131
f 2817//4132 2838//4132 2839//4132
f 2820//4133 2819//4133 2836//4133
f 2836//4134 2819//4134 2824//4134
f 2836//4135 2824//4135 2840//4135
f 2840//4136 2824//4136 2826//4136
f 2826//4137 2832//4137 2840//4137
f 2840//4138 2832//4138 2841//4138
f 2840//4139 2841//4139 2842//4139
f 2843//4140 2844//4140 2845//4140
f 2844//4141 2843//4141 2846//4141
f 2839//4142 2838//4142 2847//4142
f 2847//4143 2838//4143 2846//4143
f 2847//4144 2846//4144 2848//4144
f 2848//4145 2846//4145 2843//4145
f 2849//4146 2850//4146 2851//4146
f 2851//4147 2850//4147 2845//4147
f 2851//4148 2845//4148 2852//4148
f 2852//4149 2845//4149 2844//4149
f 2852//4150 2844//4150 2853//4150
f 2853//4151 2844//4151 2846//4151
f 2853//4152 2846//4152 2854//4152
f 2854//4153 2846//4153 2855//4153
f 2856//4154 2851//4154 2852//4154
f 2857//4155 2858//4155 2855//4155
f 2855//4156 2858//4156 2856//4156
f 2855//4157 2856//4157 2854//4157
f 2854//4158 2856//4158 2852//4158
f 2854//4159 2852//4159 2853//4159
f 2858//4160 2859//4160 2856//4160
f 2856//4161 2859//4161 2860//4161
f 2856//4162 2860//4162 2861//4162
f 2861//4163 2862//4163 2856//4163
f 2856//4164 2862//4164 2849//4164
f 2856//4165 2849//4165 2851//4165
f 1188//4166 1186//4166 2823//4166
f 2860//4167 2859//4167 2863//4167
f 2864//4168 2865//4168 2859//4168
f 2866//4169 2867//4169 2864//4169
f 2864//4170 2867//4170 1937//4170
f 2864//4171 1937//4171 2865//4171
f 2868//4172 2862//4172 2863//4172
f 2863//4173 2862//4173 2861//4173
f 2863//4174 2861//4174 2860//4174
f 2869//4175 2850//4175 2870//4175
f 2870//4176 2850//4176 2849//4176
f 2870//4177 2849//4177 2871//4177
f 2872//4178 2843//4178 2869//4178
f 2869//4179 2843//4179 2845//4179
f 2869//4180 2845//4180 2850//4180
f 2817//4181 2839//4181 2818//4181
f 2818//4182 2839//4182 2847//4182
f 2818//4183 2847//4183 2872//4183
f 2872//4184 2847//4184 2848//4184
f 2872//4185 2848//4185 2843//4185
f 2873//4186 2874//4186 1189//4186
f 1189//4187 2874//4187 2097//4187
f 2097//4188 2874//4188 2099//4188
f 2099//4189 2874//4189 2875//4189
f 2099//4190 2875//4190 2100//4190
f 2876//4191 2877//4191 2095//4191
f 2096//4192 2095//4192 2868//4192
f 2868//4193 2095//4193 2877//4193
f 2868//4194 2877//4194 2862//4194
f 2096//4195 2868//4195 2094//4195
f 2094//4196 2868//4196 2863//4196
f 2094//4197 2863//4197 2079//4197
f 1937//4198 1927//4198 2865//4198
f 2865//4199 1927//4199 1925//4199
f 2865//4200 1925//4200 2859//4200
f 2859//4201 1925//4201 1934//4201
f 2859//4202 1934//4202 2863//4202
f 2863//4203 1934//4203 1933//4203
f 2863//4204 1933//4204 1932//4204
f 2079//4205 2863//4205 2080//4205
f 2080//4206 2863//4206 1932//4206
f 2080//4207 1932//4207 2108//4207
f 2108//4208 1932//4208 1930//4208
f 2108//4209 1930//4209 1931//4209
f 2873//4210 2878//4210 2874//4210
f 2874//4211 2878//4211 2879//4211
f 2874//4212 2879//4212 2875//4212
f 2875//4213 2879//4213 2876//4213
f 2875//4214 2876//4214 2100//4214
f 2100//4215 2876//4215 2095//4215
f 2849//4216 2862//4216 2871//4216
f 2871//4217 2862//4217 2877//4217
f 2871//4218 2877//4218 2870//4218
f 2870//4219 2877//4219 2876//4219
f 2870//4220 2876//4220 2869//4220
f 2869//4221 2876//4221 2879//4221
f 2869//4222 2879//4222 2872//4222
f 2872//4223 2879//4223 2878//4223
f 2872//4224 2878//4224 2818//4224
f 2818//4225 2878//4225 2873//4225
f 2818//4226 2873//4226 2823//4226
f 2823//4227 2873//4227 1189//4227
f 2823//4228 1189//4228 1188//4228
f 2866//4229 2880//4229 2867//4229
f 2867//4230 2880//4230 1923//4230
f 2867//4231 1923//4231 1937//4231
f 1923//4232 2880//4232 2881//4232
f 1923//4233 2881//4233 1917//4233
f 1917//4234 2881//4234 2882//4234
f 1917//4235 2882//4235 1918//4235
f 1918//4236 2882//4236 2883//4236
f 1918//4237 2883//4237 1920//4237
f 1920//4238 2883//4238 2884//4238
f 1920//4239 2884//4239 1921//4239
f 2885//4240 1922//4240 2884//4240
f 2884//4241 1922//4241 1921//4241
f 1911//4242 1922//4242 2885//4242
f 1911//4243 2885//4243 1912//4243
f 1912//4244 2885//4244 1903//4244
f 1903//4245 2885//4245 2886//4245
f 1903//4246 2886//4246 1901//4246
f 1901//4247 2886//4247 2887//4247
f 1901//4248 2887//4248 1889//4248
f 1889//4249 2887//4249 2888//4249
f 1889//4250 2888//4250 1885//4250
f 1885//4251 2888//4251 2889//4251
f 1885//4252 2889//4252 1886//4252
f 1886//4253 2889//4253 2890//4253
f 2890//4254 2889//4254 2891//4254
f 2890//4255 2891//4255 2892//4255
f 2892//4256 2891//4256 2893//4256
f 2893//4257 2891//4257 2894//4257
f 2893//4258 2894//4258 2895//4258
f 2896//4259 2897//4259 2898//4259
f 2898//4260 2897//4260 2895//4260
f 2898//4261 2895//4261 2894//4261
f 2899//4262 1891//4262 1887//4262
f 2900//4263 2901//4263 2902//4263
f 2903//4264 2904//4264 2905//4264
f 2901//4265 2893//4265 2895//4265
f 2903//4266 2905//4266 2897//4266
f 2893//4267 2901//4267 2892//4267
f 2892//4268 2901//4268 2900//4268
f 2892//4269 2900//4269 2890//4269
f 2906//4270 1878//4270 1890//4270
f 2895//4271 2897//4271 2901//4271
f 2901//4272 2897//4272 2905//4272
f 2901//4273 2905//4273 2902//4273
f 2902//4274 2905//4274 2907//4274
f 2902//4275 2907//4275 2908//4275
f 1886//4276 2890//4276 1887//4276
f 1887//4277 2890//4277 2900//4277
f 1887//4278 2900//4278 2899//4278
f 2899//4279 2900//4279 2902//4279
f 2899//4280 2902//4280 2909//4280
f 2909//4281 2902//4281 2908//4281
f 1891//4282 2899//4282 1890//4282
f 1890//4283 2899//4283 2909//4283
f 1890//4284 2909//4284 2906//4284
f 2906//4285 2909//4285 2908//4285
f 2906//4286 2908//4286 2910//4286
f 2910//4287 2908//4287 2907//4287
f 2910//4288 2907//4288 2911//4288
f 2905//4289 2912//4289 2907//4289
f 2907//4290 2912//4290 2913//4290
f 2907//4291 2913//4291 2911//4291
f 2904//4292 2914//4292 2905//4292
f 2905//4293 2914//4293 2915//4293
f 2905//4294 2915//4294 2912//4294
f 2904//4295 2916//4295 2914//4295
f 2914//4296 2916//4296 2917//4296
f 2914//4297 2917//4297 2918//4297
f 2919//4298 2920//4298 2921//4298
f 2922//4299 2923//4299 2913//4299
f 2924//4300 2925//4300 2926//4300
f 2926//4301 2925//4301 2927//4301
f 2926//4302 2927//4302 2928//4302
f 2928//4303 2927//4303 2929//4303
f 2928//4304 2929//4304 2930//4304
f 2930//4305 2929//4305 2931//4305
f 2930//4306 2931//4306 2932//4306
f 2932//4307 2931//4307 2933//4307
f 2934//4308 2935//4308 2936//4308
f 2937//4309 2938//4309 2939//4309
f 2939//4310 2938//4310 2940//4310
f 2939//4311 2940//4311 2941//4311
f 2942//4312 2943//4312 2944//4312
f 2944//4313 2943//4313 2945//4313
f 2944//4314 2945//4314 2940//4314
f 2940//4315 2945//4315 2946//4315
f 2940//4316 2946//4316 2941//4316
f 2947//4317 2948//4317 2949//4317
f 2948//4318 2947//4318 2950//4318
f 2913//4319 2951//4319 2922//4319
f 2922//4320 2951//4320 2952//4320
f 2922//4321 2952//4321 2953//4321
f 2953//4322 2952//4322 2950//4322
f 2953//4323 2950//4323 2954//4323
f 2954//4324 2950//4324 2947//4324
f 2947//4325 2955//4325 2954//4325
f 2954//4326 2955//4326 2956//4326
f 2954//4327 2956//4327 2953//4327
f 2953//4328 2956//4328 2957//4328
f 2953//4329 2957//4329 2922//4329
f 2922//4330 2957//4330 2958//4330
f 2922//4331 2958//4331 2923//4331
f 2938//4332 2959//4332 2940//4332
f 2940//4333 2959//4333 2919//4333
f 2940//4334 2919//4334 2944//4334
f 2944//4335 2919//4335 2921//4335
f 2944//4336 2921//4336 2942//4336
f 2942//4337 2921//4337 2960//4337
f 2959//4338 2961//4338 2919//4338
f 2919//4339 2961//4339 2934//4339
f 2919//4340 2934//4340 2920//4340
f 2920//4341 2934//4341 2936//4341
f 2920//4342 2936//4342 2933//4342
f 2933//4343 2936//4343 2935//4343
f 2933//4344 2935//4344 2932//4344
f 2925//4345 2923//4345 2927//4345
f 2927//4346 2923//4346 2958//4346
f 2927//4347 2958//4347 2929//4347
f 2929//4348 2958//4348 2957//4348
f 2929//4349 2957//4349 2931//4349
f 2931//4350 2957//4350 2956//4350
f 2931//4351 2956//4351 2933//4351
f 2933//4352 2956//4352 2955//4352
f 2933//4353 2955//4353 2920//4353
f 2920//4354 2955//4354 2947//4354
f 2920//4355 2947//4355 2921//4355
f 2921//4356 2947//4356 2949//4356
f 2921//4357 2949//4357 2960//4357
f 2913//4358 2923//4358 2911//4358
f 2911//4359 2923//4359 2962//4359
f 2962//4360 2923//4360 2963//4360
f 2963//4361 2923//4361 2925//4361
f 2963//4362 2925//4362 2964//4362
f 2964//4363 2925//4363 2924//4363
f 2964//4364 2924//4364 2965//4364
f 2964//4365 2965//4365 2966//4365
f 2967//4366 1883//4366 1882//4366
f 2968//4367 2969//4367 2970//4367
f 2964//4368 2966//4368 2963//4368
f 2971//4369 2962//4369 2972//4369
f 2972//4370 2962//4370 2963//4370
f 2972//4371 2963//4371 2968//4371
f 2968//4372 2963//4372 2966//4372
f 2968//4373 2966//4373 2969//4373
f 2973//4374 2906//4374 2910//4374
f 1878//4375 2906//4375 1879//4375
f 1879//4376 2906//4376 2973//4376
f 1879//4377 2973//4377 1881//4377
f 1881//4378 2973//4378 2974//4378
f 1881//4379 2974//4379 1882//4379
f 1882//4380 2974//4380 2975//4380
f 1882//4381 2975//4381 2967//4381
f 2911//4382 2962//4382 2910//4382
f 2910//4383 2962//4383 2971//4383
f 2910//4384 2971//4384 2973//4384
f 2973//4385 2971//4385 2972//4385
f 2973//4386 2972//4386 2974//4386
f 2974//4387 2972//4387 2968//4387
f 2974//4388 2968//4388 2975//4388
f 2975//4389 2968//4389 2970//4389
f 2975//4390 2970//4390 2967//4390
f 2139//4391 1869//4391 1868//4391
f 2139//4392 1868//4392 2141//4392
f 2141//4393 1868//4393 1872//4393
f 2141//4394 1872//4394 2976//4394
f 2976//4395 1872//4395 1880//4395
f 2976//4396 1880//4396 2977//4396
f 2977//4397 1880//4397 1883//4397
f 2977//4398 1883//4398 2967//4398
f 2978//4399 873//4399 2979//4399
f 2980//4400 2981//4400 2978//4400
f 2977//4401 2982//4401 2976//4401
f 2976//4402 2982//4402 2142//4402
f 2976//4403 2142//4403 2141//4403
f 2144//4404 2142//4404 2979//4404
f 2979//4405 2142//4405 2982//4405
f 2979//4406 2982//4406 2978//4406
f 2978//4407 2982//4407 2977//4407
f 2978//4408 2977//4408 2980//4408
f 2978//4409 2981//4409 2970//4409
f 871//4410 873//4410 2978//4410
f 2970//4411 2981//4411 2967//4411
f 2967//4412 2981//4412 2980//4412
f 2967//4413 2980//4413 2977//4413
f 774//4414 773//4414 2969//4414
f 2969//4415 773//4415 779//4415
f 2969//4416 779//4416 2970//4416
f 2970//4417 779//4417 782//4417
f 2970//4418 782//4418 2978//4418
f 2978//4419 782//4419 870//4419
f 2978//4420 870//4420 871//4420
f 772//4421 777//4421 2969//4421
f 2969//4422 777//4422 778//4422
f 2969//4423 778//4423 774//4423
f 772//4424 2969//4424 770//4424
f 770//4425 2969//4425 2966//4425
f 770//4426 2966//4426 766//4426
f 766//4427 2966//4427 2965//4427
f 766//4428 2965//4428 765//4428
f 765//4429 2965//4429 763//4429
f 763//4430 2965//4430 2924//4430
f 763//4431 2924//4431 2983//4431
f 2983//4432 2924//4432 2984//4432
f 2985//4433 2986//4433 2984//4433
f 2984//4434 2986//4434 2983//4434
f 2986//4435 2987//4435 2983//4435
f 2983//4436 2987//4436 2988//4436
f 2983//4437 2988//4437 763//4437
f 763//747 2988//747 764//747
f 2986//4438 2985//4438 2989//4438
f 767//4439 764//4439 2988//4439
f 2986//4440 2989//4440 2987//4440
f 2987//4441 2989//4441 2988//4441
f 2988//4442 2989//4442 768//4442
f 2988//4443 768//4443 767//4443
f 791//4444 768//4444 2990//4444
f 2990//4445 768//4445 2989//4445
f 2991//4446 795//4446 2990//4446
f 2990//4447 795//4447 791//4447
f 844//4448 795//4448 2992//4448
f 2992//4449 795//4449 2991//4449
f 852//4450 844//4450 2993//4450
f 2993//4451 844//4451 2992//4451
f 2994//4452 2995//4452 2996//4452
f 852//4453 2993//4453 2996//4453
f 2996//4454 2993//4454 2997//4454
f 2996//4455 2997//4455 2994//4455
f 2998//4456 851//4456 850//4456
f 850//4457 852//4457 2996//4457
f 2998//4458 850//4458 2999//4458
f 2999//4459 850//4459 2996//4459
f 2999//4460 2996//4460 2995//4460
f 2998//4461 2999//4461 3000//4461
f 851//4462 2998//4462 854//4462
f 854//4463 2998//4463 3000//4463
f 854//4464 3000//4464 853//4464
f 853//4465 3000//4465 3001//4465
f 853//4466 3001//4466 3002//4466
f 3002//4467 3001//4467 3003//4467
f 3003//4468 3004//4468 3002//4468
f 3002//4469 3004//4469 3005//4469
f 3002//4470 3005//4470 853//4470
f 853//4471 3005//4471 855//4471
f 3004//4472 3006//4472 3005//4472
f 3005//4473 3006//4473 856//4473
f 3005//4474 856//4474 855//4474
f 857//4475 856//4475 3007//4475
f 3007//4476 856//4476 3006//4476
f 857//4477 3007//4477 859//4477
f 859//4478 3007//4478 3008//4478
f 869//4479 862//4479 2145//4479
f 2148//4480 2147//4480 3009//4480
f 3009//4481 2147//4481 2152//4481
f 3009//4482 2152//4482 3008//4482
f 2151//4483 858//4483 2152//4483
f 2152//4484 858//4484 859//4484
f 2152//4485 859//4485 3008//4485
f 2145//4486 862//4486 2146//4486
f 862//4487 863//4487 2146//4487
f 2146//4488 863//4488 864//4488
f 2146//4489 864//4489 865//4489
f 865//4490 866//4490 2146//4490
f 2146//4491 866//4491 867//4491
f 2146//4492 867//4492 2150//4492
f 2150//4493 867//4493 860//4493
f 2150//4494 860//4494 2151//4494
f 2151//4495 860//4495 861//4495
f 2151//4496 861//4496 858//4496
f 2979//4497 873//4497 872//4497
f 2145//4498 2144//4498 2979//4498
f 2979//4499 872//4499 2145//4499
f 2145//4500 872//4500 868//4500
f 2145//4501 868//4501 869//4501
f 3010//4502 2999//4502 2995//4502
f 2164//4503 2163//4503 3011//4503
f 3011//4504 2163//4504 2148//4504
f 3011//4505 2148//4505 3009//4505
f 2161//4506 2159//4506 2184//4506
f 2184//4507 2159//4507 2183//4507
f 3011//4508 3012//4508 2177//4508
f 2159//4509 2164//4509 2183//4509
f 2183//4510 2164//4510 3011//4510
f 2183//4511 3011//4511 2180//4511
f 2180//4512 3011//4512 2177//4512
f 2994//4513 2171//4513 2995//4513
f 2995//4514 2171//4514 2170//4514
f 2995//4515 2170//4515 3010//4515
f 3010//4516 2170//4516 2174//4516
f 3010//4517 2174//4517 3012//4517
f 3012//4518 2174//4518 2175//4518
f 3012//4519 2175//4519 2177//4519
f 2997//4520 3013//4520 2994//4520
f 2994//4520 3013//4520 3014//4520
f 2994//4521 3014//4521 2171//4521
f 3004//4522 3003//4522 3012//4522
f 3012//4523 3003//4523 3001//4523
f 3012//4524 3001//4524 3010//4524
f 3010//4525 3001//4525 3000//4525
f 3010//4526 3000//4526 2999//4526
f 3009//4527 3008//4527 3011//4527
f 3011//4528 3008//4528 3007//4528
f 3011//4529 3007//4529 3012//4529
f 3012//4530 3007//4530 3006//4530
f 3012//4531 3006//4531 3004//4531
f 2930//340 2932//340 1731//340
f 1731//340 2932//340 2935//340
f 2930//340 1731//340 2928//340
f 2928//340 1731//340 1827//340
f 2928//340 1827//340 1855//340
f 1836//340 2928//340 1832//340
f 1832//340 2928//340 1828//340
f 3013//340 2997//340 2928//340
f 2928//340 2997//340 2993//340
f 2928//4532 2993//4532 2992//4532
f 1684//340 1692//340 1685//340
f 1685//340 1692//340 1725//340
f 1685//340 1725//340 1727//340
f 1727//340 1729//340 1685//340
f 1685//340 1729//340 1759//340
f 1685//340 1759//340 1760//340
f 1760//340 1761//340 1685//340
f 1685//340 1761//340 1762//340
f 1685//340 1762//340 1763//340
f 1763//340 1764//340 1685//340
f 1685//340 1764//340 1739//340
f 1685//340 1739//340 1737//340
f 1855//340 1831//340 2928//340
f 2928//340 1831//340 1829//340
f 2928//340 1829//340 1828//340
f 2992//340 2991//340 2928//340
f 2928//340 2991//340 2990//340
f 2928//340 2990//340 2989//340
f 2959//340 1685//340 2961//340
f 2961//340 1685//340 1731//340
f 2961//340 1731//340 2934//340
f 2934//340 1731//340 2935//340
f 1737//340 1735//340 1685//340
f 1685//340 1735//340 1733//340
f 1685//340 1733//340 1731//340
f 1836//4532 1835//4532 2928//4532
f 2928//4533 1835//4533 2167//4533
f 2928//340 2167//340 2169//340
f 2169//340 2171//340 2928//340
f 2928//340 2171//340 3014//340
f 2928//340 3014//340 3013//340
f 2924//4534 2926//4534 2984//4534
f 2984//4535 2926//4535 2928//4535
f 2984//340 2928//340 2985//340
f 2985//340 2928//340 2989//340
f 1671//4536 1685//4536 2959//4536
f 3015//4537 1670//4537 2937//4537
f 2937//4538 1670//4538 1671//4538
f 2937//4539 1671//4539 2938//4539
f 2938//4540 1671//4540 2959//4540
f 3016//4541 3017//4541 3018//4541
f 3018//4542 3017//4542 1670//4542
f 3018//4543 1670//4543 3019//4543
f 3019//4544 1670//4544 3015//4544
f 3020//4545 3021//4545 3022//4545
f 2937//4546 2939//4546 3023//4546
f 2937//4547 3023//4547 3015//4547
f 3015//4548 3023//4548 3024//4548
f 3015//4549 3024//4549 3019//4549
f 3025//4550 3026//4550 3027//4550
f 3027//4551 3026//4551 3018//4551
f 3021//4552 3020//4552 3025//4552
f 3025//4553 3020//4553 3028//4553
f 3025//4554 3028//4554 3026//4554
f 3029//4555 3030//4555 3031//4555
f 3030//4556 3029//4556 3032//4556
f 3032//4557 3029//4557 3033//4557
f 3032//4558 3033//4558 3034//4558
f 3034//4559 3033//4559 3035//4559
f 3035//4560 3033//4560 3036//4560
f 3035//4561 3036//4561 3037//4561
f 3037//4562 3036//4562 3038//4562
f 3037//4563 3038//4563 3039//4563
f 3039//4564 3038//4564 3040//4564
f 3040//4565 3038//4565 2914//4565
f 3040//4566 2914//4566 2918//4566
f 2951//4567 2913//4567 2912//4567
f 2912//4568 3041//4568 2951//4568
f 2951//4569 3041//4569 3042//4569
f 2951//4570 3042//4570 2952//4570
f 2952//4571 3042//4571 3043//4571
f 2952//4572 3043//4572 2950//4572
f 2950//4573 3043//4573 3044//4573
f 2950//4574 3044//4574 2948//4574
f 2948//4575 3044//4575 2949//4575
f 2949//4576 3044//4576 3045//4576
f 2949//4577 3045//4577 2960//4577
f 3046//4578 2943//4578 3045//4578
f 3045//4579 2943//4579 2942//4579
f 3045//4580 2942//4580 2960//4580
f 2939//4581 2941//4581 3023//4581
f 3023//4582 2941//4582 2946//4582
f 3023//4583 2946//4583 3046//4583
f 3046//4584 2946//4584 2945//4584
f 3046//4585 2945//4585 2943//4585
f 2912//4586 2915//4586 3041//4586
f 3041//4587 2915//4587 3047//4587
f 3041//4588 3047//4588 3042//4588
f 3042//4589 3047//4589 3048//4589
f 3042//4590 3048//4590 3043//4590
f 3043//4591 3048//4591 3049//4591
f 3043//4592 3049//4592 3044//4592
f 3044//4593 3049//4593 3022//4593
f 3044//4594 3022//4594 3045//4594
f 3045//4595 3022//4595 3021//4595
f 3045//4596 3021//4596 3046//4596
f 3046//4597 3021//4597 3025//4597
f 3046//4598 3025//4598 3023//4598
f 3023//4599 3025//4599 3027//4599
f 3023//4600 3027//4600 3024//4600
f 3024//4601 3027//4601 3018//4601
f 3024//4602 3018//4602 3019//4602
f 2915//4603 2914//4603 3047//4603
f 3047//4604 2914//4604 3038//4604
f 3047//4605 3038//4605 3048//4605
f 3048//4606 3038//4606 3036//4606
f 3048//4607 3036//4607 3049//4607
f 3049//4608 3036//4608 3033//4608
f 3049//4609 3033//4609 3022//4609
f 3022//4610 3033//4610 3029//4610
f 3022//4611 3029//4611 3020//4611
f 3020//4612 3029//4612 3031//4612
f 3020//4613 3031//4613 3028//4613
f 2897//4614 2896//4614 2903//4614
f 2903//4615 2896//4615 2904//4615
f 3037//4616 3050//4616 3035//4616
f 3035//4617 3050//4617 3034//4617
f 3034//4618 3050//4618 3051//4618
f 3034//4619 3051//4619 3032//4619
f 3032//4620 3051//4620 3052//4620
f 3032//4621 3052//4621 3030//4621
f 3030//4622 3052//4622 3053//4622
f 3030//4623 3053//4623 3031//4623
f 3018//4624 3026//4624 3016//4624
f 3016//4625 3026//4625 3028//4625
f 3016//4626 3028//4626 3054//4626
f 3054//4627 3028//4627 3031//4627
f 3054//4628 3031//4628 3055//4628
f 3055//4629 3031//4629 3053//4629
f 3056//4630 3057//4630 3058//4630
f 2896//4631 2898//4631 3059//4631
f 3059//4632 2898//4632 3060//4632
f 2918//4633 2917//4633 3061//4633
f 3061//4634 2917//4634 2916//4634
f 3061//4635 2916//4635 3059//4635
f 3059//4636 2916//4636 2904//4636
f 3059//4637 2904//4637 2896//4637
f 2918//4638 3061//4638 3040//4638
f 3040//4639 3061//4639 3062//4639
f 3040//4640 3062//4640 3039//4640
f 3039//4641 3062//4641 3037//4641
f 3037//4642 3062//4642 3063//4642
f 3037//4643 3063//4643 3050//4643
f 3053//4644 3052//4644 3064//4644
f 3064//4645 3052//4645 3051//4645
f 3064//4646 3051//4646 3065//4646
f 3065//4647 3051//4647 3050//4647
f 3065//4648 3050//4648 3066//4648
f 3066//4649 3050//4649 3063//4649
f 3053//4650 3064//4650 3055//4650
f 3055//4651 3064//4651 3067//4651
f 3055//4652 3067//4652 3054//4652
f 3067//4653 3068//4653 3054//4653
f 3054//4654 3068//4654 3017//4654
f 3054//4655 3017//4655 3016//4655
f 3069//4656 3070//4656 3071//4656
f 3071//4657 3070//4657 3072//4657
f 3056//4658 3058//4658 3073//4658
f 3073//4659 3058//4659 3074//4659
f 3073//4660 3074//4660 3075//4660
f 3075//4661 3074//4661 2858//4661
f 3075//4662 2858//4662 2857//4662
f 2859//4663 2858//4663 2864//4663
f 2864//4664 2858//4664 3074//4664
f 2864//4665 3074//4665 2866//4665
f 2866//4666 3074//4666 3058//4666
f 2883//4667 2882//4667 3057//4667
f 3057//4668 2882//4668 2881//4668
f 3057//4669 2881//4669 3058//4669
f 3058//4670 2881//4670 2880//4670
f 3058//4671 2880//4671 2866//4671
f 2884//4672 2883//4672 3071//4672
f 3071//4673 2883//4673 3057//4673
f 3071//4674 3057//4674 3069//4674
f 3069//4675 3057//4675 3056//4675
f 2887//4676 2886//4676 3076//4676
f 3076//4677 2886//4677 2885//4677
f 2898//4678 2894//4678 3060//4678
f 3060//4679 2894//4679 2891//4679
f 3060//4680 2891//4680 3077//4680
f 3077//4681 2891//4681 2889//4681
f 3077//4682 2889//4682 3078//4682
f 3078//4683 2889//4683 2888//4683
f 3078//4684 2888//4684 3079//4684
f 3079//4685 2888//4685 2887//4685
f 3079//4686 2887//4686 3072//4686
f 3072//4687 2887//4687 3076//4687
f 3072//4688 3076//4688 3071//4688
f 3071//4689 3076//4689 2885//4689
f 3071//4690 2885//4690 2884//4690
f 3056//4691 3073//4691 3080//4691
f 3072//4692 3070//4692 3080//4692
f 3080//4693 3070//4693 3069//4693
f 3080//4694 3069//4694 3056//4694
f 3077//4695 3078//4695 3080//4695
f 3080//4696 3078//4696 3079//4696
f 3080//4697 3079//4697 3072//4697
f 3081//4698 3082//4698 3083//4698
f 3083//4699 3082//4699 3080//4699
f 3083//4700 3080//4700 3084//4700
f 3084//4701 3080//4701 3085//4701
f 3082//4702 3086//4702 3080//4702
f 3080//4703 3086//4703 3087//4703
f 3080//4704 3087//4704 3077//4704
f 3087//4705 3088//4705 3077//4705
f 3077//4706 3088//4706 3089//4706
f 3077//4707 3089//4707 3090//4707
f 3091//4708 3061//4708 3059//4708
f 3091//4709 3059//4709 3090//4709
f 3090//4710 3059//4710 3060//4710
f 3090//4711 3060//4711 3077//4711
f 3084//4712 3085//4712 3092//4712
f 3092//4713 3085//4713 3093//4713
f 3093//4714 3085//4714 3094//4714
f 3093//4715 3094//4715 3095//4715
f 3095//4716 3094//4716 3096//4716
f 3095//4717 3096//4717 3097//4717
f 3097//4718 3096//4718 3098//4718
f 3097//4719 3098//4719 3099//4719
f 3098//4720 3100//4720 3099//4720
f 3099//4721 3100//4721 3101//4721
f 3099//4722 3101//4722 3102//4722
f 3102//4723 3101//4723 3103//4723
f 3102//4724 3103//4724 3104//4724
f 3105//4725 3104//4725 3106//4725
f 3106//4726 3104//4726 3107//4726
f 3108//4727 3109//4727 3110//4727
f 3110//4728 3111//4728 3108//4728
f 3108//4729 3111//4729 3112//4729
f 3108//4730 3112//4730 3104//4730
f 3104//4731 3112//4731 3113//4731
f 3104//4732 3113//4732 3107//4732
f 3102//4733 3104//4733 3114//4733
f 3114//4734 3104//4734 3105//4734
f 3114//4735 3105//4735 3115//4735
f 3115//4736 3105//4736 3116//4736
f 3117//4737 3118//4737 3119//4737
f 3120//4738 3121//4738 3117//4738
f 3117//4739 3121//4739 3122//4739
f 3117//4740 3122//4740 3118//4740
f 3123//4741 3124//4741 3119//4741
f 3119//4742 3124//4742 3125//4742
f 3119//4743 3125//4743 3117//4743
f 3119//4744 3126//4744 3123//4744
f 3123//4745 3126//4745 3127//4745
f 3123//4746 3127//4746 3128//4746
f 3128//4747 3127//4747 3129//4747
f 3128//4748 3129//4748 3130//4748
f 3130//4749 3129//4749 3131//4749
f 3129//4750 3132//4750 3131//4750
f 3131//4751 3132//4751 3133//4751
f 3131//4752 3133//4752 3134//4752
f 3134//4753 3133//4753 3135//4753
f 3134//4754 3135//4754 3136//4754
f 3137//4755 3138//4755 3136//4755
f 3136//4756 3138//4756 3139//4756
f 3136//4757 3139//4757 3134//4757
f 3140//4758 3141//4758 3142//4758
f 3142//4759 3141//4759 3143//4759
f 3142//4760 3143//4760 3144//4760
f 3144//4761 3143//4761 3145//4761
f 3144//4762 3145//4762 3137//4762
f 3137//4763 3145//4763 3146//4763
f 3137//4764 3146//4764 3138//4764
f 3141//4765 3140//4765 3147//4765
f 3147//4766 3140//4766 3148//4766
f 3147//4765 3148//4765 3149//4765
f 3149//4767 3148//4767 3150//4767
f 3149//4765 3150//4765 3116//4765
f 704//4768 3151//4768 705//4768
f 705//4769 3151//4769 3152//4769
f 705//4770 3152//4770 706//4770
f 3153//4771 3154//4771 3114//4771
f 3114//4772 3115//4772 3153//4772
f 3153//4773 3115//4773 3116//4773
f 3153//4774 3116//4774 3150//4774
f 737//4775 3154//4775 739//4775
f 739//4776 3154//4776 3153//4776
f 739//4777 3153//4777 740//4777
f 740//4778 3153//4778 3155//4778
f 740//4779 3155//4779 735//4779
f 735//4780 3155//4780 3156//4780
f 735//4781 3156//4781 734//4781
f 734//4782 3156//4782 732//4782
f 3144//4783 3148//4783 3142//4783
f 3142//4784 3148//4784 3140//4784
f 3133//4785 732//4785 3135//4785
f 3135//4786 732//4786 3156//4786
f 3135//4787 3156//4787 3136//4787
f 3136//4788 3156//4788 3155//4788
f 3136//4789 3155//4789 3137//4789
f 3137//4790 3155//4790 3153//4790
f 3137//4791 3153//4791 3144//4791
f 3144//4792 3153//4792 3150//4792
f 3144//4793 3150//4793 3148//4793
f 3127//4794 719//4794 3129//4794
f 3129//4795 719//4795 762//4795
f 3129//4796 762//4796 3132//4796
f 3132//4797 762//4797 761//4797
f 3132//4798 761//4798 3133//4798
f 3133//4799 761//4799 730//4799
f 3133//4800 730//4800 732//4800
f 3127//4801 3126//4801 719//4801
f 719//4802 3126//4802 3119//4802
f 719//4803 3119//4803 717//4803
f 717//4804 3119//4804 3118//4804
f 717//4805 3118//4805 723//4805
f 723//4806 3118//4806 3122//4806
f 723//4807 3122//4807 720//4807
f 693//340 3157//340 694//340
f 694//340 3157//340 726//340
f 694//340 726//340 721//340
f 720//4808 3122//4808 616//4808
f 616//340 3122//340 3121//340
f 616//4809 615//4809 720//4809
f 720//4810 615//4810 661//4810
f 720//4811 661//4811 721//4811
f 695//340 694//340 664//340
f 664//340 694//340 721//340
f 664//340 721//340 666//340
f 666//340 721//340 661//340
f 3120//4532 3158//4532 3121//4532
f 3121//340 3158//340 3159//340
f 3121//340 3159//340 616//340
f 616//340 3159//340 3160//340
f 616//340 3160//340 622//340
f 749//340 747//340 3161//340
f 3161//340 747//340 743//340
f 3161//340 743//340 3162//340
f 3162//340 743//340 738//340
f 3162//340 738//340 3163//340
f 3163//340 738//340 733//340
f 3163//340 733//340 3164//340
f 3164//340 733//340 731//340
f 3164//340 731//340 3165//340
f 3165//340 731//340 759//340
f 3165//340 759//340 3166//340
f 3166//340 759//340 760//340
f 3166//340 760//340 3167//340
f 3167//340 760//340 721//340
f 3167//340 721//340 3168//340
f 3168//340 721//340 726//340
f 3168//340 726//340 3169//340
f 3169//340 726//340 725//340
f 3169//340 725//340 3170//340
f 3170//340 725//340 729//340
f 3170//340 729//340 3171//340
f 3171//340 729//340 752//340
f 3171//340 752//340 3172//340
f 3172//340 752//340 749//340
f 3172//340 749//340 3161//340
f 3173//360 3174//360 3175//360
f 3176//360 3177//360 3178//360
f 3179//360 3180//360 3181//360
f 3173//360 3182//360 3174//360
f 3174//360 3182//360 3183//360
f 3174//360 3183//360 3180//360
f 3180//360 3183//360 3184//360
f 3180//360 3184//360 3181//360
f 3181//360 3185//360 3179//360
f 3179//360 3185//360 3186//360
f 3179//360 3186//360 3178//360
f 3178//360 3186//360 3187//360
f 3178//360 3187//360 3176//360
f 3176//360 3188//360 3177//360
f 3177//360 3188//360 3189//360
f 3177//360 3189//360 3175//360
f 3175//360 3189//360 3190//360
f 3175//360 3190//360 3173//360
f 3180//4812 80//4812 112//4812
f 3180//4812 112//4812 3174//4812
f 3174//4812 112//4812 109//4812
f 3174//4812 109//4812 107//4812
f 84//4813 3175//4813 105//4813
f 105//4813 3175//4813 3174//4813
f 105//4813 3174//4813 107//4813
f 3175//4814 84//4814 3177//4814
f 3177//4814 84//4814 83//4814
f 3177//4814 83//4814 94//4814
f 90//4815 3178//4815 91//4815
f 91//4815 3178//4815 3177//4815
f 91//4815 3177//4815 94//4815
f 81//4816 3179//4816 88//4816
f 88//4816 3179//4816 3178//4816
f 88//4816 3178//4816 90//4816
f 3180//4817 3179//4817 80//4817
f 80//4817 3179//4817 81//4817
f 3191//4818 166//4818 167//4818
f 3192//4819 128//4819 156//4819
f 3192//4820 156//4820 3193//4820
f 3191//4821 3194//4821 166//4821
f 166//4822 3194//4822 3193//4822
f 166//4823 3193//4823 165//4823
f 165//4824 3193//4824 156//4824
f 127//4825 128//4825 3192//4825
f 127//4826 3192//4826 126//4826
f 3192//4827 3195//4827 126//4827
f 126//4828 3195//4828 3196//4828
f 126//4829 3196//4829 125//4829
f 125//4830 3196//4830 3197//4830
f 125//4831 3197//4831 123//4831
f 633//4832 632//4832 3198//4832
f 3198//4833 3199//4833 633//4833
f 633//4834 3199//4834 3200//4834
f 633//4835 3200//4835 634//4835
f 634//4836 3200//4836 3201//4836
f 634//4837 3201//4837 635//4837
f 630//4838 3202//4838 632//4838
f 632//4839 3202//4839 3203//4839
f 632//4840 3203//4840 3198//4840
f 3160//4841 3159//4841 3204//4841
f 3205//4842 3206//4842 3207//4842
f 3192//4843 3208//4843 3195//4843
f 3195//4844 3208//4844 3209//4844
f 3195//4845 3209//4845 3196//4845
f 3196//4846 3209//4846 3210//4846
f 3196//4847 3210//4847 3197//4847
f 3197//4848 3210//4848 3211//4848
f 3197//4849 3211//4849 123//4849
f 123//4850 3211//4850 3212//4850
f 123//4851 3212//4851 122//4851
f 122//4852 3212//4852 3213//4852
f 122//4853 3213//4853 119//4853
f 119//4854 3213//4854 3214//4854
f 119//4855 3214//4855 74//4855
f 74//4856 3214//4856 75//4856
f 75//4857 3214//4857 3215//4857
f 75//4858 3215//4858 117//4858
f 117//4859 3215//4859 118//4859
f 118//4860 3215//4860 3216//4860
f 118//4861 3216//4861 77//4861
f 114//4862 82//4862 3217//4862
f 3217//4863 82//4863 115//4863
f 3217//4864 115//4864 3216//4864
f 3216//4865 115//4865 78//4865
f 3216//4866 78//4866 77//4866
f 3217//4867 3218//4867 114//4867
f 114//4868 3218//4868 3219//4868
f 114//4869 3219//4869 113//4869
f 113//4870 3219//4870 3220//4870
f 113//4871 3220//4871 111//4871
f 111//4872 3220//4872 3221//4872
f 111//4873 3221//4873 110//4873
f 110//4874 3221//4874 3222//4874
f 110//4875 3222//4875 108//4875
f 108//4876 3222//4876 3223//4876
f 108//4877 3223//4877 106//4877
f 106//4878 3223//4878 3224//4878
f 106//4879 3224//4879 104//4879
f 104//4880 3224//4880 3225//4880
f 104//4881 3225//4881 103//4881
f 103//4882 3225//4882 100//4882
f 100//4883 3225//4883 3226//4883
f 100//4884 3226//4884 3227//4884
f 3227//4885 3226//4885 3228//4885
f 3227//4886 3228//4886 3229//4886
f 3229//4887 3228//4887 3230//4887
f 3229//4888 3230//4888 3231//4888
f 3231//4889 3230//4889 3232//4889
f 3231//4890 3232//4890 3233//4890
f 3233//4891 3232//4891 3234//4891
f 3234//4892 3232//4892 3235//4892
f 3234//4893 3235//4893 3236//4893
f 3237//4894 3238//4894 3235//4894
f 3235//4895 3238//4895 3239//4895
f 3235//4896 3239//4896 3236//4896
f 3240//4897 3241//4897 3242//4897
f 3242//4898 3241//4898 3243//4898
f 3242//4899 3243//4899 3244//4899
f 3244//4900 3243//4900 3245//4900
f 3244//4901 3245//4901 3246//4901
f 3246//4902 3245//4902 3247//4902
f 3246//4903 3247//4903 3237//4903
f 3237//4904 3247//4904 3248//4904
f 3237//4905 3248//4905 3238//4905
f 3249//4906 3250//4906 3251//4906
f 3251//4907 3250//4907 3252//4907
f 3251//4908 3252//4908 3240//4908
f 3240//4909 3252//4909 3253//4909
f 3240//4910 3253//4910 3241//4910
f 3249//4911 3251//4911 3254//4911
f 3254//4912 3251//4912 3255//4912
f 3254//4913 3255//4913 3256//4913
f 3256//4914 3255//4914 3257//4914
f 3256//4915 3257//4915 3258//4915
f 3258//4916 3257//4916 3259//4916
f 3258//4917 3259//4917 3260//4917
f 3260//4918 3259//4918 3261//4918
f 3260//4919 3261//4919 3262//4919
f 3262//4920 3261//4920 3263//4920
f 3262//4921 3263//4921 254//4921
f 3264//4922 3265//4922 3205//4922
f 3266//4923 3267//4923 3268//4923
f 3268//4924 3267//4924 3269//4924
f 3268//4925 3269//4925 3270//4925
f 3270//4926 3269//4926 3271//4926
f 3270//4927 3271//4927 3272//4927
f 3272//4928 3271//4928 3273//4928
f 3272//4929 3273//4929 3274//4929
f 3274//4930 3273//4930 3275//4930
f 3274//4931 3275//4931 3276//4931
f 3276//4932 3275//4932 3264//4932
f 3276//4933 3264//4933 3277//4933
f 3277//4934 3264//4934 3205//4934
f 3278//4935 3279//4935 3266//4935
f 3266//4936 3279//4936 3280//4936
f 3266//4937 3280//4937 3267//4937
f 3266//4938 3281//4938 3278//4938
f 3278//4939 3281//4939 3282//4939
f 3278//4940 3282//4940 3283//4940
f 3283//4941 3282//4941 3284//4941
f 3284//4942 3282//4942 3285//4942
f 3284//4943 3285//4943 609//4943
f 609//4944 3285//4944 3286//4944
f 609//4945 3286//4945 607//4945
f 607//4946 3286//4946 606//4946
f 606//4947 3286//4947 3287//4947
f 606//4948 3287//4948 604//4948
f 596//4949 595//4949 3288//4949
f 3288//4950 595//4950 604//4950
f 3288//4951 604//4951 3289//4951
f 3289//4952 604//4952 3287//4952
f 596//4953 3288//4953 598//4953
f 598//4954 3288//4954 3290//4954
f 598//4955 3290//4955 601//4955
f 601//4956 3290//4956 3291//4956
f 601//4957 3291//4957 602//4957
f 602//4958 3291//4958 3292//4958
f 3292//4959 3291//4959 3293//4959
f 3292//4960 3293//4960 3294//4960
f 3295//4961 3296//4961 3297//4961
f 3295//4962 3297//4962 3293//4962
f 3293//4963 3297//4963 3298//4963
f 3293//4964 3298//4964 3294//4964
f 3299//4965 3300//4965 3301//4965
f 3299//4966 3301//4966 3295//4966
f 3295//4967 3301//4967 3302//4967
f 3295//4968 3302//4968 3296//4968
f 3300//4969 3299//4969 3303//4969
f 3303//4970 3299//4970 3304//4970
f 3303//4971 3304//4971 3305//4971
f 3305//4972 3304//4972 3306//4972
f 3306//4973 3304//4973 3307//4973
f 3306//4974 3307//4974 3308//4974
f 3308//4975 3307//4975 3309//4975
f 3309//4976 3307//4976 3310//4976
f 3309//4977 3310//4977 3311//4977
f 3311//4978 3310//4978 3312//4978
f 3311//4979 3312//4979 3313//4979
f 3313//4980 3312//4980 3314//4980
f 3314//4981 3312//4981 3315//4981
f 3314//4982 3315//4982 3316//4982
f 3317//4983 3318//4983 3315//4983
f 3315//4984 3318//4984 3319//4984
f 3315//4985 3319//4985 3316//4985
f 3320//4986 628//4986 3321//4986
f 3321//4987 628//4987 627//4987
f 3321//4988 627//4988 3322//4988
f 3323//4989 622//4989 3324//4989
f 3324//4990 622//4990 3160//4990
f 3324//4991 3160//4991 3317//4991
f 3317//4992 3160//4992 3204//4992
f 3317//4993 3204//4993 3318//4993
f 627//4994 3325//4994 3322//4994
f 3322//4995 3325//4995 3326//4995
f 3322//4996 3326//4996 3321//4996
f 3321//4997 3326//4997 3327//4997
f 3321//4998 3327//4998 3320//4998
f 3320//4999 3327//4999 3328//4999
f 627//5000 622//5000 3325//5000
f 3325//5001 622//5001 3323//5001
f 3325//5002 3323//5002 3326//5002
f 3326//5003 3323//5003 3324//5003
f 3326//5004 3324//5004 3329//5004
f 3329//5005 3324//5005 3317//5005
f 3329//5006 3317//5006 3330//5006
f 3330//5007 3317//5007 3315//5007
f 3330//5008 3315//5008 3331//5008
f 3331//5009 3315//5009 3312//5009
f 3331//5010 3312//5010 3332//5010
f 3332//5011 3312//5011 3310//5011
f 3332//5012 3310//5012 3333//5012
f 3333//5013 3310//5013 3307//5013
f 3333//5014 3307//5014 3334//5014
f 3334//5015 3307//5015 3304//5015
f 3334//5016 3304//5016 3335//5016
f 3335//5017 3304//5017 3299//5017
f 3335//5018 3299//5018 3336//5018
f 3336//5019 3299//5019 3295//5019
f 3336//5020 3295//5020 3337//5020
f 3337//5021 3295//5021 3293//5021
f 3337//5022 3293//5022 3338//5022
f 3338//5023 3293//5023 3291//5023
f 3338//5024 3291//5024 3339//5024
f 3339//5025 3291//5025 3290//5025
f 3339//5026 3290//5026 3340//5026
f 3340//5027 3290//5027 3288//5027
f 3340//5028 3288//5028 3341//5028
f 3341//5029 3288//5029 3289//5029
f 3341//5030 3289//5030 3342//5030
f 3342//5031 3289//5031 3287//5031
f 3342//5032 3287//5032 3343//5032
f 3343//5033 3287//5033 3286//5033
f 3343//5034 3286//5034 3344//5034
f 3344//5035 3286//5035 3285//5035
f 3344//5036 3285//5036 3345//5036
f 3345//5037 3285//5037 3282//5037
f 3345//5038 3282//5038 3346//5038
f 3346//5039 3282//5039 3281//5039
f 3346//5040 3281//5040 3347//5040
f 3347//5041 3281//5041 3266//5041
f 3347//5042 3266//5042 3348//5042
f 3348//5043 3266//5043 3268//5043
f 3348//5044 3268//5044 3349//5044
f 3349//5045 3268//5045 3270//5045
f 3349//5046 3270//5046 3350//5046
f 3350//5047 3270//5047 3272//5047
f 3350//5048 3272//5048 3351//5048
f 3351//5049 3272//5049 3274//5049
f 3351//5050 3274//5050 3352//5050
f 3352//5051 3274//5051 3276//5051
f 3352//5052 3276//5052 3207//5052
f 3207//5053 3276//5053 3277//5053
f 3207//5054 3277//5054 3205//5054
f 3212//5055 3353//5055 3213//5055
f 3213//5056 3353//5056 3328//5056
f 3213//5057 3328//5057 3214//5057
f 3214//5058 3328//5058 3327//5058
f 3214//5059 3327//5059 3215//5059
f 3215//5060 3327//5060 3326//5060
f 3215//5061 3326//5061 3216//5061
f 3216//5062 3326//5062 3329//5062
f 3216//5063 3329//5063 3217//5063
f 3217//5064 3329//5064 3330//5064
f 3217//5065 3330//5065 3218//5065
f 3218//5066 3330//5066 3331//5066
f 3218//5067 3331//5067 3219//5067
f 3219//5068 3331//5068 3332//5068
f 3219//5069 3332//5069 3220//5069
f 3220//5070 3332//5070 3333//5070
f 3220//5071 3333//5071 3221//5071
f 3221//5072 3333//5072 3334//5072
f 3221//5073 3334//5073 3222//5073
f 3222//5074 3334//5074 3335//5074
f 3222//5075 3335//5075 3223//5075
f 3223//5076 3335//5076 3336//5076
f 3223//5077 3336//5077 3224//5077
f 3224//5078 3336//5078 3337//5078
f 3224//5079 3337//5079 3225//5079
f 3225//5080 3337//5080 3338//5080
f 3225//5081 3338//5081 3226//5081
f 3226//5082 3338//5082 3339//5082
f 3226//5083 3339//5083 3228//5083
f 3228//5084 3339//5084 3340//5084
f 3228//5085 3340//5085 3230//5085
f 3230//5086 3340//5086 3341//5086
f 3230//5087 3341//5087 3232//5087
f 3232//5088 3341//5088 3342//5088
f 3232//5089 3342//5089 3235//5089
f 3235//5090 3342//5090 3343//5090
f 3235//5091 3343//5091 3237//5091
f 3237//5092 3343//5092 3344//5092
f 3237//5093 3344//5093 3246//5093
f 3246//5094 3344//5094 3345//5094
f 3246//5095 3345//5095 3244//5095
f 3244//5096 3345//5096 3346//5096
f 3244//5097 3346//5097 3242//5097
f 3242//5098 3346//5098 3347//5098
f 3242//5099 3347//5099 3240//5099
f 3240//5100 3347//5100 3348//5100
f 3240//5101 3348//5101 3251//5101
f 3251//5102 3348//5102 3349//5102
f 3251//5103 3349//5103 3255//5103
f 3255//5104 3349//5104 3350//5104
f 3255//5105 3350//5105 3257//5105
f 3257//5106 3350//5106 3351//5106
f 3257//5107 3351//5107 3259//5107
f 3259//5108 3351//5108 3352//5108
f 3259//5109 3352//5109 3261//5109
f 3261//5110 3352//5110 3207//5110
f 3261//5111 3207//5111 3263//5111
f 3263//5112 3207//5112 3206//5112
f 3354//5113 623//5113 643//5113
f 635//5114 3201//5114 637//5114
f 637//5115 3201//5115 3355//5115
f 637//5116 3355//5116 639//5116
f 639//5117 3355//5117 3356//5117
f 639//5118 3356//5118 643//5118
f 643//5119 3356//5119 3357//5119
f 643//5120 3357//5120 3354//5120
f 214//5121 3358//5121 3359//5121
f 3360//5122 3361//5122 3362//5122
f 3363//5123 3364//5123 3365//5123
f 3366//5124 3367//5124 3368//5124
f 3369//5125 3370//5125 3371//5125
f 625//5126 624//5126 3372//5126
f 3208//5127 3192//5127 3373//5127
f 3373//5128 3192//5128 3193//5128
f 3373//5129 3193//5129 3374//5129
f 3374//5130 3193//5130 3194//5130
f 3374//5131 3194//5131 3375//5131
f 3375//5132 3194//5132 3376//5132
f 3194//5133 3191//5133 3376//5133
f 3376//5134 3191//5134 167//5134
f 3376//5135 167//5135 3377//5135
f 3378//5136 3379//5136 3377//5136
f 3377//5137 3379//5137 3380//5137
f 3377//5138 3380//5138 3376//5138
f 3372//5139 3381//5139 625//5139
f 625//5140 3381//5140 3382//5140
f 625//5141 3382//5141 626//5141
f 3369//5142 3371//5142 3383//5142
f 3384//5143 3385//5143 3386//5143
f 3386//5144 3385//5144 3387//5144
f 3386//5145 3387//5145 3371//5145
f 3371//5146 3387//5146 3388//5146
f 3371//5147 3388//5147 3383//5147
f 3368//5148 3367//5148 3386//5148
f 3386//5149 3367//5149 3389//5149
f 3386//5150 3389//5150 3384//5150
f 3366//5151 3368//5151 3390//5151
f 3390//5152 3368//5152 3391//5152
f 3390//5153 3391//5153 3392//5153
f 3392//5154 3391//5154 3393//5154
f 3392//5155 3393//5155 3394//5155
f 3394//5156 3393//5156 3395//5156
f 3395//5157 3393//5157 3396//5157
f 3395//5158 3396//5158 3397//5158
f 3397//5159 3396//5159 3398//5159
f 3397//5160 3398//5160 3399//5160
f 3400//5161 3401//5161 3402//5161
f 3402//5162 3401//5162 3403//5162
f 3402//5163 3403//5163 3398//5163
f 3398//5164 3403//5164 3404//5164
f 3398//5165 3404//5165 3399//5165
f 3400//5166 3402//5166 3405//5166
f 3405//5167 3402//5167 3406//5167
f 3405//5168 3406//5168 3407//5168
f 3407//5169 3406//5169 3408//5169
f 3407//5170 3408//5170 592//5170
f 3364//5171 3363//5171 3408//5171
f 3408//5172 3363//5172 590//5172
f 3408//5173 590//5173 592//5173
f 3409//5174 3410//5174 3365//5174
f 3365//5175 3410//5175 3411//5175
f 3365//5176 3411//5176 3363//5176
f 3365//5177 3412//5177 3409//5177
f 3409//5178 3412//5178 3413//5178
f 3409//5179 3413//5179 3414//5179
f 3361//5180 3360//5180 3413//5180
f 3413//5181 3360//5181 3415//5181
f 3413//5182 3415//5182 3414//5182
f 3416//5183 3417//5183 3362//5183
f 3362//5184 3417//5184 3418//5184
f 3362//5185 3418//5185 3360//5185
f 3362//5186 3419//5186 3416//5186
f 3416//5187 3419//5187 3420//5187
f 3416//5188 3420//5188 3421//5188
f 3421//5189 3420//5189 3422//5189
f 3422//5190 3420//5190 3423//5190
f 3422//5191 3423//5191 3424//5191
f 3424//5192 3423//5192 3425//5192
f 3424//5193 3425//5193 3426//5193
f 3426//5194 3425//5194 3427//5194
f 3426//5195 3427//5195 3428//5195
f 3428//5196 3427//5196 3429//5196
f 3428//5197 3429//5197 3430//5197
f 3430//5198 3429//5198 3431//5198
f 3430//5199 3431//5199 3432//5199
f 3432//5200 3431//5200 3433//5200
f 3432//5201 3433//5201 3434//5201
f 3434//5202 3433//5202 3435//5202
f 3434//5203 3435//5203 3436//5203
f 3436//5204 3435//5204 3205//5204
f 3436//5205 3205//5205 3265//5205
f 250//5206 254//5206 3263//5206
f 3437//5207 210//5207 3438//5207
f 3438//5208 210//5208 251//5208
f 3438//5209 251//5209 3439//5209
f 3439//5210 251//5210 250//5210
f 3439//5211 250//5211 3440//5211
f 3440//5212 250//5212 3263//5212
f 241//5213 239//5213 3441//5213
f 3441//5214 239//5214 238//5214
f 3441//5215 238//5215 3437//5215
f 3437//5216 238//5216 245//5216
f 3437//5217 245//5217 210//5217
f 241//5218 3441//5218 242//5218
f 242//5219 3441//5219 3442//5219
f 242//5220 3442//5220 235//5220
f 235//5221 3442//5221 3443//5221
f 235//5222 3443//5222 232//5222
f 232//5223 3443//5223 3444//5223
f 232//5224 3444//5224 230//5224
f 230//5225 3444//5225 3445//5225
f 230//5226 3445//5226 228//5226
f 228//5227 3445//5227 3446//5227
f 228//5228 3446//5228 225//5228
f 225//5229 3446//5229 3447//5229
f 225//5230 3447//5230 222//5230
f 222//5231 3447//5231 3448//5231
f 222//5232 3448//5232 220//5232
f 220//5233 3448//5233 218//5233
f 218//5234 3448//5234 3449//5234
f 218//5235 3449//5235 216//5235
f 3358//5236 214//5236 3449//5236
f 3449//5237 214//5237 213//5237
f 3449//5238 213//5238 216//5238
f 151//5239 150//5239 3359//5239
f 3359//5240 150//5240 215//5240
f 3359//5241 215//5241 214//5241
f 191//5242 190//5242 3450//5242
f 3450//5243 190//5243 189//5243
f 3450//5244 189//5244 3451//5244
f 3451//5245 189//5245 187//5245
f 3451//5246 187//5246 3452//5246
f 3452//5247 187//5247 185//5247
f 3452//5248 185//5248 3453//5248
f 3453//5249 185//5249 198//5249
f 3453//5250 198//5250 3454//5250
f 3454//5251 198//5251 197//5251
f 3454//5252 197//5252 3455//5252
f 3455//5253 197//5253 195//5253
f 3455//5254 195//5254 3456//5254
f 3456//5255 195//5255 193//5255
f 3456//5256 193//5256 3457//5256
f 3457//5257 193//5257 151//5257
f 3457//5258 151//5258 3458//5258
f 3458//5259 151//5259 3359//5259
f 191//5260 3450//5260 153//5260
f 153//5261 3450//5261 3459//5261
f 153//5262 3459//5262 177//5262
f 177//5263 3459//5263 3460//5263
f 177//5264 3460//5264 175//5264
f 167//5265 169//5265 3377//5265
f 3377//5266 169//5266 171//5266
f 3377//5267 171//5267 3378//5267
f 3378//5268 171//5268 172//5268
f 3378//5269 172//5269 3460//5269
f 3460//5270 172//5270 174//5270
f 3460//5271 174//5271 175//5271
f 624//5272 3461//5272 3372//5272
f 3372//5273 3461//5273 3462//5273
f 3372//5274 3462//5274 3381//5274
f 3381//5275 3462//5275 3463//5275
f 3381//5276 3463//5276 3382//5276
f 3382//5277 3463//5277 3464//5277
f 3382//5278 3464//5278 626//5278
f 3206//5279 3205//5279 3465//5279
f 3465//5280 3205//5280 3435//5280
f 3465//5281 3435//5281 3466//5281
f 3466//5282 3435//5282 3433//5282
f 3466//5283 3433//5283 3467//5283
f 3467//5284 3433//5284 3431//5284
f 3467//5285 3431//5285 3468//5285
f 3468//5286 3431//5286 3429//5286
f 3468//5287 3429//5287 3469//5287
f 3469//5288 3429//5288 3427//5288
f 3469//5289 3427//5289 3470//5289
f 3470//5290 3427//5290 3425//5290
f 3470//5291 3425//5291 3471//5291
f 3471//5292 3425//5292 3423//5292
f 3471//5293 3423//5293 3472//5293
f 3472//5294 3423//5294 3420//5294
f 3472//5295 3420//5295 3473//5295
f 3473//5296 3420//5296 3419//5296
f 3473//5297 3419//5297 3474//5297
f 3474//5298 3419//5298 3362//5298
f 3474//5299 3362//5299 3475//5299
f 3475//5300 3362//5300 3361//5300
f 3475//5301 3361//5301 3476//5301
f 3476//5302 3361//5302 3413//5302
f 3476//5303 3413//5303 3477//5303
f 3477//5304 3413//5304 3412//5304
f 3477//5305 3412//5305 3478//5305
f 3478//5306 3412//5306 3365//5306
f 3478//5307 3365//5307 3479//5307
f 3479//5308 3365//5308 3364//5308
f 3479//5309 3364//5309 3480//5309
f 3480//5310 3364//5310 3408//5310
f 3480//5311 3408//5311 3481//5311
f 3481//5312 3408//5312 3406//5312
f 3481//5313 3406//5313 3482//5313
f 3482//5314 3406//5314 3402//5314
f 3482//5315 3402//5315 3483//5315
f 3483//5316 3402//5316 3398//5316
f 3483//5317 3398//5317 3484//5317
f 3484//5318 3398//5318 3396//5318
f 3484//5319 3396//5319 3485//5319
f 3485//5320 3396//5320 3393//5320
f 3485//5321 3393//5321 3486//5321
f 3486//5322 3393//5322 3391//5322
f 3486//5323 3391//5323 3487//5323
f 3487//5324 3391//5324 3368//5324
f 3487//5325 3368//5325 3488//5325
f 3488//5326 3368//5326 3386//5326
f 3488//5327 3386//5327 3489//5327
f 3489//5328 3386//5328 3371//5328
f 3489//5329 3371//5329 3463//5329
f 3463//5330 3371//5330 3370//5330
f 3463//5331 3370//5331 3464//5331
f 3464//5332 3370//5332 3369//5332
f 3464//5333 3369//5333 626//5333
f 3461//5334 3379//5334 3462//5334
f 3462//5335 3379//5335 3378//5335
f 3462//5336 3378//5336 3463//5336
f 3463//5337 3378//5337 3460//5337
f 3463//5338 3460//5338 3489//5338
f 3489//5339 3460//5339 3459//5339
f 3489//5340 3459//5340 3488//5340
f 3488//5341 3459//5341 3450//5341
f 3488//5342 3450//5342 3487//5342
f 3487//5343 3450//5343 3451//5343
f 3487//5344 3451//5344 3486//5344
f 3486//5345 3451//5345 3452//5345
f 3486//5346 3452//5346 3485//5346
f 3485//5347 3452//5347 3453//5347
f 3485//5348 3453//5348 3484//5348
f 3484//5349 3453//5349 3454//5349
f 3484//5350 3454//5350 3483//5350
f 3483//5351 3454//5351 3455//5351
f 3483//5352 3455//5352 3482//5352
f 3482//5353 3455//5353 3456//5353
f 3482//5354 3456//5354 3481//5354
f 3481//5355 3456//5355 3457//5355
f 3481//5356 3457//5356 3480//5356
f 3480//5357 3457//5357 3458//5357
f 3480//5358 3458//5358 3479//5358
f 3479//5359 3458//5359 3359//5359
f 3479//5360 3359//5360 3478//5360
f 3478//5361 3359//5361 3358//5361
f 3478//5362 3358//5362 3477//5362
f 3477//5363 3358//5363 3449//5363
f 3477//5364 3449//5364 3476//5364
f 3476//5365 3449//5365 3448//5365
f 3476//5366 3448//5366 3475//5366
f 3475//5367 3448//5367 3447//5367
f 3475//5368 3447//5368 3474//5368
f 3474//5369 3447//5369 3446//5369
f 3474//5370 3446//5370 3473//5370
f 3473//5371 3446//5371 3445//5371
f 3473//5372 3445//5372 3472//5372
f 3472//5373 3445//5373 3444//5373
f 3472//5374 3444//5374 3471//5374
f 3471//5375 3444//5375 3443//5375
f 3471//5376 3443//5376 3470//5376
f 3470//5377 3443//5377 3442//5377
f 3470//5378 3442//5378 3469//5378
f 3469//5379 3442//5379 3441//5379
f 3469//5380 3441//5380 3468//5380
f 3468//5381 3441//5381 3437//5381
f 3468//5382 3437//5382 3467//5382
f 3467//5383 3437//5383 3438//5383
f 3467//5384 3438//5384 3466//5384
f 3466//5385 3438//5385 3439//5385
f 3466//5386 3439//5386 3465//5386
f 3465//5387 3439//5387 3440//5387
f 3465//5388 3440//5388 3206//5388
f 3206//5389 3440//5389 3263//5389
f 590//5390 3363//5390 591//5390
f 591//5391 3363//5391 3490//5391
f 3490//5392 3363//5392 3491//5392
f 3491//5393 3363//5393 3411//5393
f 3491//5394 3411//5394 3492//5394
f 3418//5395 3493//5395 3360//5395
f 3360//5396 3493//5396 3494//5396
f 3360//5397 3494//5397 3415//5397
f 3411//5398 3410//5398 3492//5398
f 3492//5399 3410//5399 3409//5399
f 3492//5400 3409//5400 3494//5400
f 3494//5401 3409//5401 3414//5401
f 3494//5402 3414//5402 3415//5402
f 3495//5403 3496//5403 3497//5403
f 3497//5404 3496//5404 3498//5404
f 3498//5405 3499//5405 3497//5405
f 3497//5406 3499//5406 3500//5406
f 3497//5407 3500//5407 3501//5407
f 3501//5408 3500//5408 3502//5408
f 3501//5409 3502//5409 3503//5409
f 3503//5410 3502//5410 3504//5410
f 3504//5411 3502//5411 3505//5411
f 3504//5412 3505//5412 3506//5412
f 3506//5413 3505//5413 3507//5413
f 3506//5414 3507//5414 3508//5414
f 3509//360 3510//360 3511//360
f 3511//360 3510//360 3512//360
f 3511//360 3512//360 3495//360
f 3495//360 3512//360 3496//360
f 3510//5415 3509//5415 3513//5415
f 3510//5416 3513//5416 3514//5416
f 3513//5417 3515//5417 3514//5417
f 3514//5418 3515//5418 3516//5418
f 3514//5419 3516//5419 3517//5419
f 3517//5420 3516//5420 3518//5420
f 3517//5421 3518//5421 3519//5421
f 3519//5422 3518//5422 3520//5422
f 3519//5423 3520//5423 3521//5423
f 3521//5424 3520//5424 3522//5424
f 3522//5425 3520//5425 3523//5425
f 3522//5426 3523//5426 3524//5426
f 3525//353 3524//353 3526//353
f 3526//353 3524//353 3523//353
f 3527//5427 3528//5427 3529//5427
f 3527//5428 3529//5428 3530//5428
f 3529//5429 3531//5429 3530//5429
f 3530//5430 3531//5430 3532//5430
f 3530//5431 3532//5431 3533//5431
f 3533//5432 3532//5432 3534//5432
f 3533//5433 3534//5433 3535//5433
f 3535//5434 3534//5434 3536//5434
f 3535//5435 3536//5435 3537//5435
f 3537//5436 3536//5436 3538//5436
f 3538//5437 3536//5437 3525//5437
f 3538//5438 3525//5438 3526//5438
f 3539//360 3491//360 3540//360
f 3540//360 3491//360 3492//360
f 3528//360 3527//360 3493//360
f 3493//360 3527//360 3541//360
f 3493//360 3541//360 3494//360
f 3494//360 3541//360 3542//360
f 3494//360 3542//360 3492//360
f 3492//360 3542//360 3543//360
f 3492//360 3543//360 3540//360
f 3544//5439 3539//5439 3540//5439
f 3545//5440 3546//5440 3547//5440
f 3547//5441 3544//5441 3545//5441
f 3545//5442 3544//5442 3540//5442
f 3545//5443 3540//5443 3548//5443
f 3548//5444 3540//5444 3543//5444
f 3549//5445 3550//5445 3542//5445
f 3542//5446 3550//5446 3551//5446
f 3542//5447 3551//5447 3543//5447
f 3543//5448 3551//5448 3552//5448
f 3543//5449 3552//5449 3548//5449
f 3541//5450 3553//5450 3542//5450
f 3542//5451 3553//5451 3554//5451
f 3542//5452 3554//5452 3549//5452
f 3555//5453 594//5453 3556//5453
f 3556//5453 594//5453 589//5453
f 3556//5453 589//5453 3547//5453
f 3547//5453 589//5453 591//5453
f 3547//5453 591//5453 3544//5453
f 3544//5453 591//5453 3490//5453
f 3544//5453 3490//5453 3539//5453
f 3539//5453 3490//5453 3491//5453
f 3547//5454 3546//5454 3557//5454
f 3547//5455 3557//5455 3556//5455
f 3557//5455 3558//5455 3556//5455
f 3556//5456 3558//5456 3559//5456
f 3556//5457 3559//5457 3555//5457
f 3551//5458 3550//5458 3560//5458
f 3561//5459 3558//5459 3557//5459
f 3551//5460 3560//5460 3552//5460
f 3557//5461 3546//5461 3561//5461
f 3561//5462 3546//5462 3545//5462
f 3561//5463 3545//5463 3560//5463
f 3560//5464 3545//5464 3548//5464
f 3560//5465 3548//5465 3552//5465
f 3562//5466 3559//5466 3563//5466
f 3563//5467 3559//5467 3558//5467
f 3563//5468 3558//5468 3564//5468
f 3564//5469 3558//5469 3561//5469
f 3561//5470 3565//5470 3564//5470
f 3564//5471 3565//5471 3566//5471
f 3564//5472 3566//5472 3567//5472
f 3566//5473 3568//5473 3567//5473
f 3567//5474 3568//5474 3569//5474
f 3567//5475 3569//5475 3570//5475
f 3569//5476 3571//5476 3570//5476
f 3570//5477 3571//5477 3572//5477
f 3570//5478 3572//5478 3573//5478
f 3573//5479 3572//5479 3574//5479
f 3573//5480 3574//5480 3575//5480
f 3575//5481 3574//5481 3576//5481
f 3576//5482 3574//5482 3577//5482
f 3578//5483 3579//5483 3580//5483
f 3580//5484 3579//5484 3581//5484
f 3580//5485 3581//5485 3582//5485
f 3582//5486 3581//5486 3583//5486
f 3582//5487 3583//5487 3584//5487
f 3580//5488 3585//5488 3578//5488
f 3578//5489 3585//5489 3586//5489
f 3578//5490 3586//5490 3587//5490
f 3587//5491 3586//5491 3588//5491
f 3588//5492 3589//5492 3587//5492
f 3587//5493 3589//5493 3590//5493
f 3587//5494 3590//5494 3591//5494
f 3591//5495 3592//5495 3587//5495
f 3587//5495 3592//5495 3577//5495
f 3587//5496 3577//5496 3574//5496
f 3587//5497 3593//5497 3594//5497
f 3594//5498 3595//5498 3587//5498
f 3587//5499 3595//5499 3596//5499
f 3587//5500 3596//5500 3597//5500
f 3597//5501 3598//5501 3587//5501
f 3587//5502 3598//5502 3599//5502
f 3587//5503 3599//5503 3578//5503
f 3591//5504 3600//5504 3601//5504
f 3601//5505 3600//5505 3602//5505
f 3601//5506 3602//5506 3603//5506
f 3603//5507 3602//5507 3604//5507
f 3604//5508 3602//5508 3605//5508
f 3604//5509 3605//5509 3606//5509
f 3606//5510 3605//5510 3607//5510
f 3606//5511 3607//5511 3608//5511
f 3608//5512 3607//5512 3609//5512
f 3609//5513 3607//5513 3610//5513
f 3609//5514 3610//5514 3611//5514
f 3612//5515 3613//5515 3614//5515
f 3612//5516 3614//5516 3610//5516
f 3610//5517 3614//5517 3615//5517
f 3610//5518 3615//5518 3611//5518
f 3616//5519 3617//5519 3618//5519
f 3618//5520 3617//5520 3619//5520
f 3618//5521 3619//5521 3612//5521
f 3612//5522 3619//5522 3620//5522
f 3612//5523 3620//5523 3613//5523
f 3616//5524 3618//5524 3621//5524
f 3621//5525 3618//5525 3622//5525
f 3621//5526 3622//5526 3623//5526
f 3623//5527 3622//5527 3624//5527
f 3623//5528 3624//5528 3625//5528
f 3625//5529 3624//5529 3626//5529
f 3626//5530 3624//5530 3627//5530
f 3626//5531 3627//5531 3628//5531
f 3628//5532 3627//5532 3629//5532
f 3630//5533 3631//5533 3629//5533
f 3629//5534 3631//5534 3632//5534
f 3629//5535 3632//5535 3628//5535
f 3633//5536 3634//5536 3630//5536
f 3630//5537 3634//5537 3635//5537
f 3630//5538 3635//5538 3631//5538
f 3582//5539 3636//5539 3637//5539
f 3637//5540 3636//5540 3638//5540
f 3637//5541 3638//5541 3633//5541
f 3633//5542 3638//5542 3639//5542
f 3633//5543 3639//5543 3634//5543
f 3588//5544 3586//5544 3640//5544
f 3640//5545 3586//5545 3585//5545
f 3640//5546 3585//5546 3637//5546
f 3637//5547 3585//5547 3580//5547
f 3637//5548 3580//5548 3582//5548
f 3588//5549 3640//5549 3589//5549
f 3589//5550 3640//5550 3641//5550
f 3589//5551 3641//5551 3590//5551
f 3590//5552 3641//5552 3600//5552
f 3590//5553 3600//5553 3591//5553
f 3627//360 3642//360 3629//360
f 3629//360 3642//360 3643//360
f 3629//360 3643//360 3630//360
f 3630//360 3643//360 3644//360
f 3630//360 3644//360 3633//360
f 3633//360 3644//360 3645//360
f 3633//360 3645//360 3637//360
f 3637//360 3645//360 3646//360
f 3637//360 3646//360 3640//360
f 3640//360 3646//360 3647//360
f 3640//360 3647//360 3641//360
f 3641//360 3647//360 3648//360
f 3641//360 3648//360 3600//360
f 3627//360 3624//360 3642//360
f 3642//360 3624//360 3622//360
f 3642//360 3622//360 3649//360
f 3649//360 3622//360 3618//360
f 3649//360 3618//360 3650//360
f 3650//360 3618//360 3612//360
f 3650//360 3612//360 3651//360
f 3651//360 3612//360 3610//360
f 3651//360 3610//360 3652//360
f 3652//360 3610//360 3607//360
f 3652//360 3607//360 3653//360
f 3653//360 3607//360 3605//360
f 3653//360 3605//360 3648//360
f 3648//360 3605//360 3602//360
f 3648//360 3602//360 3600//360
f 3654//340 3655//340 3656//340
f 3657//340 3658//340 3659//340
f 3660//340 3661//340 3662//340
f 3656//340 3663//340 3654//340
f 3654//340 3663//340 3664//340
f 3654//340 3664//340 3661//340
f 3661//340 3664//340 3665//340
f 3661//340 3665//340 3662//340
f 3662//340 3666//340 3660//340
f 3660//340 3666//340 3667//340
f 3660//340 3667//340 3658//340
f 3658//340 3667//340 3668//340
f 3658//340 3668//340 3659//340
f 3659//340 3669//340 3657//340
f 3657//340 3669//340 3670//340
f 3657//340 3670//340 3655//340
f 3655//340 3670//340 3671//340
f 3655//340 3671//340 3656//340
f 3658//5554 3672//5554 3660//5554
f 3660//5554 3672//5554 3673//5554
f 3660//5554 3673//5554 3674//5554
f 3675//5555 3661//5555 3676//5555
f 3676//5555 3661//5555 3660//5555
f 3676//5555 3660//5555 3674//5555
f 3677//5556 3654//5556 3678//5556
f 3678//5556 3654//5556 3661//5556
f 3678//5556 3661//5556 3675//5556
f 3679//5557 3655//5557 3680//5557
f 3680//5557 3655//5557 3654//5557
f 3680//5557 3654//5557 3677//5557
f 3655//5558 3679//5558 3657//5558
f 3657//5558 3679//5558 3681//5558
f 3657//5558 3681//5558 3682//5558
f 3657//5559 3682//5559 3658//5559
f 3658//5559 3682//5559 3683//5559
f 3658//5559 3683//5559 3672//5559
f 3684//5560 3685//5560 3686//5560
f 3687//5561 3688//5561 3689//5561
f 3690//5562 3691//5562 3692//5562
f 3693//5563 3694//5563 3695//5563
f 3696//5564 1605//5564 1606//5564
f 577//5565 578//5565 3697//5565
f 3697//5566 578//5566 579//5566
f 579//5567 588//5567 3698//5567
f 580//5568 3699//5568 581//5568
f 581//5569 3699//5569 3700//5569
f 581//5570 3700//5570 583//5570
f 3697//5571 3701//5571 577//5571
f 577//5572 3701//5572 3702//5572
f 577//5573 3702//5573 580//5573
f 580//5574 3702//5574 3703//5574
f 580//5575 3703//5575 3699//5575
f 3704//5576 585//5576 584//5576
f 3700//5577 3705//5577 583//5577
f 583//5578 3705//5578 3706//5578
f 583//5579 3706//5579 582//5579
f 582//5580 3706//5580 3707//5580
f 582//5581 3707//5581 584//5581
f 584//5582 3707//5582 3708//5582
f 584//5583 3708//5583 3704//5583
f 3704//5584 3708//5584 3709//5584
f 3704//5585 3709//5585 3710//5585
f 585//5586 3704//5586 587//5586
f 587//5587 3704//5587 3711//5587
f 587//5588 3711//5588 586//5588
f 586//5589 3711//5589 3712//5589
f 586//5590 3712//5590 588//5590
f 3674//5591 3673//5591 3710//5591
f 3710//5592 3673//5592 3672//5592
f 3710//5593 3672//5593 3704//5593
f 3704//5594 3672//5594 3683//5594
f 3704//5595 3683//5595 3711//5595
f 3711//5596 3683//5596 3682//5596
f 3711//5597 3682//5597 3681//5597
f 3713//5598 3676//5598 3714//5598
f 3714//5599 3676//5599 3674//5599
f 3714//5600 3674//5600 3715//5600
f 3715//5601 3674//5601 3710//5601
f 3679//5602 3680//5602 3//5602
f 3//5603 3680//5603 3677//5603
f 3//5604 3677//5604 52//5604
f 3713//5605 3716//5605 3676//5605
f 3676//5606 3716//5606 50//5606
f 3676//5607 50//5607 3675//5607
f 3675//5608 50//5608 52//5608
f 3675//5609 52//5609 3678//5609
f 3678//5610 52//5610 3677//5610
f 2//5611 3717//5611 3//5611
f 3//5612 3717//5612 3718//5612
f 3//5613 3718//5613 3679//5613
f 3679//5614 3718//5614 3719//5614
f 3719//5615 3720//5615 3679//5615
f 3679//5616 3720//5616 3721//5616
f 3679//5617 3721//5617 3681//5617
f 3681//5618 3721//5618 3722//5618
f 3681//5619 3722//5619 3711//5619
f 3723//5620 3696//5620 3724//5620
f 3724//5621 3696//5621 1606//5621
f 3724//5622 1606//5622 3725//5622
f 3725//5623 1606//5623 1607//5623
f 3725//5624 1607//5624 3726//5624
f 3726//5625 1607//5625 3727//5625
f 3727//5626 1607//5626 1608//5626
f 3727//5627 1608//5627 3728//5627
f 1618//5628 1616//5628 3729//5628
f 3729//5629 1616//5629 1615//5629
f 3729//5630 1615//5630 1610//5630
f 1610//5631 1612//5631 3729//5631
f 3729//5632 1612//5632 3730//5632
f 3729//5633 3730//5633 3731//5633
f 3728//5634 1608//5634 3729//5634
f 3729//5635 1608//5635 1619//5635
f 3729//5636 1619//5636 1618//5636
f 3730//5637 3732//5637 3731//5637
f 3731//5638 3732//5638 3733//5638
f 3731//5639 3733//5639 3734//5639
f 3734//5640 3733//5640 3735//5640
f 3734//5641 3735//5641 3736//5641
f 3736//5642 3735//5642 3737//5642
f 3736//5643 3737//5643 3738//5643
f 3737//5644 3693//5644 3738//5644
f 3738//5645 3693//5645 3695//5645
f 3738//5646 3695//5646 3691//5646
f 3695//5647 3739//5647 3691//5647
f 3691//5648 3739//5648 3740//5648
f 3691//5649 3740//5649 3692//5649
f 3690//5650 3692//5650 3741//5650
f 3741//5651 3692//5651 3742//5651
f 3741//5652 3742//5652 3743//5652
f 3743//5653 3742//5653 3744//5653
f 3743//5654 3744//5654 3745//5654
f 3688//5655 3687//5655 3744//5655
f 3744//5656 3687//5656 3746//5656
f 3744//5657 3746//5657 3745//5657
f 3747//5658 3748//5658 3712//5658
f 3712//5659 3748//5659 3749//5659
f 3712//5660 3749//5660 588//5660
f 588//5661 3749//5661 3750//5661
f 588//5662 3750//5662 3698//5662
f 3722//5663 3751//5663 3711//5663
f 3711//5664 3751//5664 3752//5664
f 3711//5665 3752//5665 3712//5665
f 3712//5666 3752//5666 3753//5666
f 3712//5667 3753//5667 3747//5667
f 3685//5668 3684//5668 3754//5668
f 3684//5669 3755//5669 3754//5669
f 3754//5670 3755//5670 3756//5670
f 3754//5671 3756//5671 3701//5671
f 3701//5672 3756//5672 3757//5672
f 3701//5673 3757//5673 3702//5673
f 3698//5674 3758//5674 579//5674
f 579//5675 3758//5675 3689//5675
f 579//5676 3689//5676 3697//5676
f 3697//5677 3689//5677 3688//5677
f 3697//5678 3688//5678 3701//5678
f 3701//5679 3688//5679 3744//5679
f 3701//5680 3744//5680 3754//5680
f 3754//5681 3744//5681 3742//5681
f 3754//5682 3742//5682 3685//5682
f 3685//5683 3742//5683 3692//5683
f 3685//5684 3692//5684 3686//5684
f 3686//5685 3692//5685 3740//5685
f 3732//5686 3730//5686 3759//5686
f 3759//5687 3730//5687 1612//5687
f 3759//5688 1612//5688 1614//5688
f 3759//5689 1614//5689 3760//5689
f 3759//5690 3760//5690 3732//5690
f 3732//5691 3760//5691 3761//5691
f 3732//5692 3761//5692 3733//5692
f 3733//5693 3761//5693 3735//5693
f 3735//5694 3761//5694 3762//5694
f 3735//5695 3762//5695 3737//5695
f 3762//5696 3763//5696 3737//5696
f 3737//5697 3763//5697 3764//5697
f 3737//5698 3764//5698 3693//5698
f 3694//360 3693//360 3765//360
f 3765//360 3693//360 3764//360
f 3765//360 3764//360 3766//360
f 3766//360 3764//360 3767//360
f 3755//5699 3768//5699 3756//5699
f 3756//5700 3768//5700 3769//5700
f 3770//5701 3771//5701 3769//5701
f 3769//5702 3771//5702 3772//5702
f 3769//5703 3772//5703 3756//5703
f 3773//5704 3774//5704 3770//5704
f 3770//5705 3774//5705 3775//5705
f 3770//5706 3775//5706 3771//5706
f 3776//5707 3777//5707 3773//5707
f 3773//5708 3777//5708 3778//5708
f 3773//5709 3778//5709 3774//5709
f 3776//5710 3779//5710 3777//5710
f 3777//5711 3779//5711 3780//5711
f 3777//5712 3780//5712 3781//5712
f 3781//5713 3780//5713 3782//5713
f 3686//5714 3740//5714 3765//5714
f 3686//5715 3765//5715 3684//5715
f 3684//5716 3765//5716 3766//5716
f 3684//5717 3766//5717 3755//5717
f 3755//5718 3766//5718 3767//5718
f 3755//5719 3767//5719 3768//5719
f 3740//5720 3739//5720 3765//5720
f 3765//5721 3739//5721 3695//5721
f 3765//5722 3695//5722 3694//5722
f 3783//5723 3784//5723 3785//5723
f 3786//5724 3787//5724 3788//5724
f 3788//5725 3787//5725 3789//5725
f 3788//5726 3789//5726 3790//5726
f 3790//5727 3789//5727 3791//5727
f 3790//5728 3791//5728 3792//5728
f 3792//5729 3791//5729 3793//5729
f 3792//5730 3793//5730 3794//5730
f 3794//5731 3793//5731 3795//5731
f 3794//5732 3795//5732 3796//5732
f 3796//5733 3795//5733 3797//5733
f 3796//5734 3797//5734 3798//5734
f 3799//5735 3800//5735 3801//5735
f 3802//5736 3803//5736 3800//5736
f 3800//5737 3803//5737 3804//5737
f 3800//5738 3804//5738 3801//5738
f 3805//5739 3806//5739 3807//5739
f 3807//5740 3806//5740 3808//5740
f 3809//5741 3810//5741 3808//5741
f 3808//5742 3810//5742 3811//5742
f 3808//5743 3811//5743 3807//5743
f 3812//5744 3813//5744 3814//5744
f 3814//5745 3813//5745 3815//5745
f 3814//5746 3815//5746 3809//5746
f 3809//5747 3815//5747 3816//5747
f 3809//5748 3816//5748 3810//5748
f 3817//5749 3818//5749 3819//5749
f 3819//5750 3818//5750 3820//5750
f 3819//5751 3820//5751 3812//5751
f 3812//5752 3820//5752 3821//5752
f 3812//5753 3821//5753 3813//5753
f 3822//5754 3823//5754 3824//5754
f 3824//5755 3823//5755 3825//5755
f 3824//5756 3825//5756 3826//5756
f 3826//5757 3825//5757 3827//5757
f 3826//5758 3827//5758 3828//5758
f 3828//5759 3827//5759 3829//5759
f 3828//5760 3829//5760 3817//5760
f 3817//5761 3829//5761 3830//5761
f 3817//5762 3830//5762 3818//5762
f 3831//5763 3832//5763 3833//5763
f 3833//5764 3832//5764 3834//5764
f 3833//5765 3834//5765 3835//5765
f 3835//5766 3834//5766 3836//5766
f 3835//5767 3836//5767 3822//5767
f 3822//5768 3836//5768 3837//5768
f 3822//5769 3837//5769 3823//5769
f 3802//5770 3800//5770 3838//5770
f 3838//5771 3800//5771 3799//5771
f 3838//5772 3799//5772 3839//5772
f 3839//5773 3799//5773 3840//5773
f 3839//5774 3840//5774 3841//5774
f 3840//5775 3842//5775 3841//5775
f 3841//5776 3842//5776 3843//5776
f 3841//5777 3843//5777 3844//5777
f 3844//5778 3843//5778 3845//5778
f 3844//5779 3845//5779 3846//5779
f 3846//5779 3845//5779 3847//5779
f 3846//5780 3847//5780 3848//5780
f 3848//5780 3847//5780 3849//5780
f 3850//5781 3848//5781 3851//5781
f 3851//5782 3848//5782 3849//5782
f 3851//5783 3849//5783 3852//5783
f 3852//5784 3849//5784 3847//5784
f 3852//5785 3847//5785 3853//5785
f 3853//5786 3847//5786 3845//5786
f 3853//5787 3845//5787 3854//5787
f 3854//5788 3845//5788 3843//5788
f 3854//5789 3843//5789 3855//5789
f 3855//5790 3843//5790 3842//5790
f 3855//5791 3842//5791 3856//5791
f 3856//5792 3842//5792 3840//5792
f 3856//5793 3840//5793 3857//5793
f 3857//5794 3840//5794 3799//5794
f 3857//5795 3799//5795 3858//5795
f 3858//5796 3799//5796 3801//5796
f 3859//5797 3860//5797 3850//5797
f 3850//5798 3860//5798 3861//5798
f 3850//5799 3861//5799 3848//5799
f 3848//5800 3861//5800 3862//5800
f 3848//5801 3862//5801 3846//5801
f 3846//5802 3862//5802 3863//5802
f 3846//5803 3863//5803 3844//5803
f 3844//5804 3863//5804 3864//5804
f 3844//5805 3864//5805 3841//5805
f 3841//5806 3864//5806 3865//5806
f 3841//5807 3865//5807 3839//5807
f 3839//5808 3865//5808 3866//5808
f 3839//5809 3866//5809 3838//5809
f 3838//5810 3866//5810 3867//5810
f 3838//5811 3867//5811 3802//5811
f 3852//5812 3798//5812 3851//5812
f 3851//5813 3798//5813 3797//5813
f 3851//5814 3797//5814 3850//5814
f 3850//5815 3797//5815 3795//5815
f 3850//5816 3795//5816 3859//5816
f 3859//5817 3795//5817 3793//5817
f 3859//5818 3793//5818 3868//5818
f 3868//5818 3793//5818 3791//5818
f 3868//5819 3791//5819 3869//5819
f 3869//5820 3791//5820 3789//5820
f 3869//5821 3789//5821 3785//5821
f 3785//5821 3789//5821 3787//5821
f 3785//5822 3787//5822 3783//5822
f 3783//5823 3787//5823 3786//5823
f 3784//5824 3870//5824 3785//5824
f 3785//5825 3870//5825 3871//5825
f 3785//5826 3871//5826 3869//5826
f 3869//5826 3871//5826 3872//5826
f 3869//5827 3872//5827 3868//5827
f 3868//5828 3872//5828 3873//5828
f 3868//5829 3873//5829 3859//5829
f 3859//5829 3873//5829 3874//5829
f 3859//5830 3874//5830 3860//5830
f 3875//5831 3802//5831 3876//5831
f 3876//5832 3802//5832 3867//5832
f 3876//5833 3867//5833 3877//5833
f 3877//5834 3867//5834 3866//5834
f 3877//5835 3866//5835 3878//5835
f 3878//5836 3866//5836 3865//5836
f 3878//5837 3865//5837 3879//5837
f 3879//5838 3865//5838 3864//5838
f 3879//5839 3864//5839 3880//5839
f 3880//5840 3864//5840 3863//5840
f 3880//5841 3863//5841 3881//5841
f 3881//5842 3863//5842 3862//5842
f 3881//5843 3862//5843 3882//5843
f 3882//5844 3862//5844 3861//5844
f 3882//5845 3861//5845 3883//5845
f 3883//5846 3861//5846 3860//5846
f 3883//5847 3860//5847 3884//5847
f 3884//5848 3860//5848 3874//5848
f 3884//5849 3874//5849 3885//5849
f 3885//5849 3874//5849 3873//5849
f 3885//5850 3873//5850 3886//5850
f 3886//5851 3873//5851 3872//5851
f 3886//5852 3872//5852 3887//5852
f 3887//5852 3872//5852 3871//5852
f 3887//5853 3871//5853 3888//5853
f 3888//5854 3871//5854 3870//5854
f 3806//5855 3875//5855 3808//5855
f 3808//5856 3875//5856 3876//5856
f 3808//5857 3876//5857 3809//5857
f 3809//5858 3876//5858 3877//5858
f 3809//5859 3877//5859 3814//5859
f 3814//5860 3877//5860 3878//5860
f 3814//5861 3878//5861 3812//5861
f 3812//5861 3878//5861 3879//5861
f 3812//5862 3879//5862 3819//5862
f 3819//5862 3879//5862 3880//5862
f 3819//5863 3880//5863 3817//5863
f 3817//5863 3880//5863 3881//5863
f 3817//5864 3881//5864 3828//5864
f 3828//5864 3881//5864 3882//5864
f 3828//5865 3882//5865 3826//5865
f 3826//5865 3882//5865 3883//5865
f 3826//5866 3883//5866 3824//5866
f 3824//5867 3883//5867 3884//5867
f 3824//5868 3884//5868 3822//5868
f 3822//5868 3884//5868 3885//5868
f 3822//5869 3885//5869 3835//5869
f 3835//5870 3885//5870 3886//5870
f 3835//5871 3886//5871 3833//5871
f 3833//5871 3886//5871 3887//5871
f 3833//5872 3887//5872 3831//5872
f 3831//5873 3887//5873 3888//5873
f 3889//5874 3890//5874 3804//5874
f 3803//2051 3802//2051 3875//2051
f 3891//2051 3889//2051 3892//2051
f 3892//2051 3889//2051 3804//2051
f 3892//2051 3804//2051 3805//2051
f 3805//2051 3804//2051 3803//2051
f 3805//2051 3803//2051 3806//2051
f 3806//2051 3803//2051 3875//2051
f 3893//5875 3894//5875 3895//5875
f 3896//5876 3897//5876 3898//5876
f 3899//5877 3900//5877 3901//5877
f 3901//5878 3900//5878 3902//5878
f 3903//5879 3904//5879 3905//5879
f 3903//5880 3905//5880 3906//5880
f 3906//5881 3905//5881 3907//5881
f 3906//5882 3907//5882 3908//5882
f 3909//5883 3910//5883 3905//5883
f 3905//5884 3910//5884 3911//5884
f 3905//5885 3911//5885 3907//5885
f 3912//5886 3913//5886 3914//5886
f 3912//5887 3914//5887 3915//5887
f 3915//5888 3914//5888 3916//5888
f 3915//5889 3916//5889 3917//5889
f 3917//5890 3916//5890 3918//5890
f 3917//5891 3918//5891 3898//5891
f 3893//5892 3895//5892 3919//5892
f 3919//5893 3895//5893 3920//5893
f 3919//5894 3920//5894 3921//5894
f 3921//5895 3920//5895 3922//5895
f 3921//5896 3922//5896 3923//5896
f 3923//5897 3922//5897 3924//5897
f 3924//5898 3922//5898 3925//5898
f 3924//5899 3925//5899 3926//5899
f 3926//5900 3925//5900 3927//5900
f 3926//5901 3927//5901 3928//5901
f 3928//5902 3927//5902 3929//5902
f 3928//5903 3929//5903 3930//5903
f 3930//5904 3929//5904 3931//5904
f 3931//5905 3929//5905 3932//5905
f 3931//5906 3932//5906 3933//5906
f 3913//5907 3909//5907 3914//5907
f 3914//5908 3909//5908 3905//5908
f 3914//5909 3905//5909 3916//5909
f 3916//5910 3905//5910 3904//5910
f 3916//5911 3904//5911 3918//5911
f 3896//5912 3898//5912 3934//5912
f 3934//5913 3898//5913 3918//5913
f 3934//5914 3918//5914 3935//5914
f 3935//5915 3918//5915 3936//5915
f 3936//5916 3918//5916 3904//5916
f 3936//5917 3904//5917 3937//5917
f 3937//5918 3904//5918 3903//5918
f 3937//5919 3903//5919 3938//5919
f 3938//5920 3903//5920 3906//5920
f 3938//5921 3906//5921 3900//5921
f 3900//5922 3906//5922 3908//5922
f 3900//5923 3908//5923 3902//5923
f 3899//5924 3932//5924 3900//5924
f 3900//5925 3932//5925 3929//5925
f 3900//5926 3929//5926 3938//5926
f 3938//5927 3929//5927 3927//5927
f 3938//5928 3927//5928 3937//5928
f 3937//5929 3927//5929 3925//5929
f 3937//5930 3925//5930 3936//5930
f 3936//5931 3925//5931 3922//5931
f 3936//5932 3922//5932 3935//5932
f 3935//5933 3922//5933 3920//5933
f 3935//5934 3920//5934 3934//5934
f 3934//5935 3920//5935 3895//5935
f 3934//5936 3895//5936 3896//5936
f 3896//5937 3895//5937 3894//5937
f 3896//5938 3894//5938 3897//5938
f 3897//5939 3894//5939 3893//5939
f 3897//5940 3893//5940 3939//5940
f 3912//5941 3915//5941 3940//5941
f 3941//5942 3942//5942 3943//5942
f 3944//5943 3945//5943 3946//5943
f 3946//5944 3945//5944 3947//5944
f 3946//5945 3947//5945 3948//5945
f 3948//5946 3947//5946 3949//5946
f 3948//5947 3949//5947 3950//5947
f 3951//5948 3952//5948 3953//5948
f 3953//5949 3952//5949 3954//5949
f 3953//5950 3954//5950 3944//5950
f 3944//5951 3954//5951 3955//5951
f 3944//5952 3955//5952 3945//5952
f 3956//5953 3952//5953 3957//5953
f 3957//5954 3952//5954 3951//5954
f 3957//5955 3951//5955 3956//5955
f 3956//5956 3951//5956 3958//5956
f 3956//5957 3958//5957 3943//5957
f 3943//5958 3958//5958 3959//5958
f 3943//5959 3959//5959 3941//5959
f 3941//5960 3959//5960 3939//5960
f 3941//5961 3939//5961 3942//5961
f 3898//5962 3897//5962 3960//5962
f 3960//5963 3897//5963 3961//5963
f 3960//5964 3961//5964 3962//5964
f 3963//5965 3901//5965 3964//5965
f 3964//5966 3901//5966 3902//5966
f 3964//5967 3902//5967 3908//5967
f 3910//5968 3909//5968 3911//5968
f 3911//5969 3909//5969 3964//5969
f 3911//5970 3964//5970 3907//5970
f 3907//5971 3964//5971 3908//5971
f 3965//5972 3966//5972 3963//5972
f 3967//4810 3968//4810 3966//4810
f 3965//5973 3969//5973 3970//5973
f 3967//5974 3971//5974 3972//5974
f 3972//5975 3971//5975 3973//5975
f 3972//5976 3973//5976 3974//5976
f 3962//5977 3975//5977 3960//5977
f 3960//5978 3975//5978 3976//5978
f 3960//5979 3976//5979 3898//5979
f 3898//5980 3976//5980 3917//5980
f 3962//5981 3977//5981 3975//5981
f 3975//5982 3977//5982 3978//5982
f 3975//5983 3978//5983 3976//5983
f 3976//5984 3978//5984 3940//5984
f 3976//5985 3940//5985 3917//5985
f 3917//5986 3940//5986 3915//5986
f 3970//5987 3979//5987 3980//5987
f 3966//5988 3965//5988 3967//5988
f 3967//5989 3965//5989 3970//5989
f 3967//5990 3970//5990 3971//5990
f 3971//5991 3970//5991 3980//5991
f 3971//5992 3980//5992 3973//5992
f 3909//5993 3913//5993 3964//5993
f 3964//5994 3913//5994 3912//5994
f 3964//5995 3912//5995 3963//5995
f 3963//5996 3912//5996 3940//5996
f 3963//5997 3940//5997 3965//5997
f 3965//5998 3940//5998 3978//5998
f 3965//5999 3978//5999 3969//5999
f 3969//6000 3978//6000 3977//6000
f 3969//6001 3977//6001 3970//6001
f 3970//6002 3977//6002 3981//6002
f 3970//6003 3981//6003 3979//6003
f 3950//6004 3974//6004 3948//6004
f 3948//6005 3974//6005 3973//6005
f 3948//6006 3973//6006 3946//6006
f 3946//6007 3973//6007 3980//6007
f 3946//6008 3980//6008 3944//6008
f 3944//6009 3980//6009 3979//6009
f 3944//6010 3979//6010 3953//6010
f 3953//6011 3979//6011 3981//6011
f 3953//6012 3981//6012 3951//6012
f 3951//6013 3981//6013 3977//6013
f 3951//6014 3977//6014 3958//6014
f 3958//6015 3977//6015 3962//6015
f 3958//6016 3962//6016 3959//6016
f 3959//6017 3962//6017 3961//6017
f 3959//6018 3961//6018 3939//6018
f 3939//6019 3961//6019 3897//6019
f 3982//6020 3983//6020 3984//6020
f 3984//6021 3983//6021 3985//6021
f 3984//6022 3985//6022 3949//6022
f 3949//6023 3985//6023 3986//6023
f 3949//6024 3986//6024 3987//6024
f 3988//6025 3967//6025 3989//6025
f 3989//6026 3967//6026 3972//6026
f 3989//6027 3972//6027 3974//6027
f 3990//6028 3991//6028 3974//6028
f 3974//6029 3991//6029 3992//6029
f 3974//6030 3992//6030 3989//6030
f 3974//6031 3950//6031 3990//6031
f 3990//6032 3950//6032 3949//6032
f 3990//6033 3949//6033 3987//6033
f 3993//6034 3968//6034 3994//6034
f 3994//4432 3968//4432 3967//4432
f 3994//6035 3967//6035 3988//6035
f 3995//340 3996//340 3997//340
f 3997//340 3996//340 3998//340
f 3997//340 3998//340 3999//340
f 3933//340 4000//340 4001//340
f 4001//340 4000//340 3999//340
f 4001//340 3999//340 4002//340
f 4002//340 3999//340 3998//340
f 4003//340 3891//340 3892//340
f 3963//340 3966//340 4000//340
f 4000//340 3966//340 3968//340
f 4000//6036 3968//6036 3993//6036
f 3892//340 4004//340 4003//340
f 4003//340 4004//340 4005//340
f 4003//340 4005//340 3997//340
f 3997//340 4005//340 4006//340
f 3997//340 4006//340 3995//340
f 3901//340 3963//340 3899//340
f 3899//340 3963//340 4000//340
f 3899//340 4000//340 3932//340
f 3932//340 4000//340 3933//340
f 4007//2047 3889//2047 3891//2047
f 4007//2047 3891//2047 4008//2047
f 3780//2047 3779//2047 4008//2047
f 3782//2047 3780//2047 4009//2047
f 4009//6037 3780//6037 4008//6037
f 4009//2049 4008//2049 4010//2049
f 4010//2047 4008//2047 3891//2047
f 4010//2047 3891//2047 4011//2047
f 4011//2047 3891//2047 4003//2047
f 4012//6038 4013//6038 4014//6038
f 58//6039 57//6039 4014//6039
f 3775//6040 3774//6040 3703//6040
f 4015//6041 4016//6041 7//6041
f 4017//6042 3778//6042 3777//6042
f 3703//6043 3774//6043 3699//6043
f 3699//6044 3774//6044 3778//6044
f 3699//6045 3778//6045 3700//6045
f 3700//6046 3778//6046 4017//6046
f 3700//6047 4017//6047 4018//6047
f 3775//6048 3703//6048 3771//6048
f 3771//6049 3703//6049 3702//6049
f 3771//6050 3702//6050 3772//6050
f 3772//6051 3702//6051 3757//6051
f 3772//6052 3757//6052 3756//6052
f 4019//6053 3708//6053 4020//6053
f 4020//6054 3708//6054 3707//6054
f 4020//6055 3707//6055 4021//6055
f 4021//6056 3707//6056 3706//6056
f 4021//6057 3706//6057 4018//6057
f 4018//6058 3706//6058 3705//6058
f 4018//6059 3705//6059 3700//6059
f 3715//6060 3710//6060 4019//6060
f 4019//6061 3710//6061 3709//6061
f 4019//6062 3709//6062 3708//6062
f 50//6063 4022//6063 51//6063
f 51//6064 4022//6064 4023//6064
f 56//6065 55//6065 4024//6065
f 4024//6066 55//6066 54//6066
f 4024//6067 54//6067 4023//6067
f 4023//6068 54//6068 53//6068
f 4023//6069 53//6069 51//6069
f 4025//6070 47//6070 4026//6070
f 4026//6071 47//6071 5//6071
f 4026//6072 5//6072 4027//6072
f 4027//6073 5//6073 4//6073
f 4027//6074 4//6074 59//6074
f 48//6075 4028//6075 65//6075
f 65//6076 4028//6076 4029//6076
f 65//6077 4029//6077 66//6077
f 66//6078 4029//6078 4030//6078
f 66//6079 4030//6079 67//6079
f 67//6080 4030//6080 4031//6080
f 67//6081 4031//6081 44//6081
f 44//6082 4031//6082 4032//6082
f 44//6083 4032//6083 45//6083
f 45//6084 4032//6084 4033//6084
f 45//6085 4033//6085 46//6085
f 4034//6086 41//6086 4035//6086
f 4035//6087 41//6087 46//6087
f 4036//6088 20//6088 4037//6088
f 4037//6089 20//6089 23//6089
f 4037//6090 23//6090 4038//6090
f 4038//6091 23//6091 28//6091
f 4038//6092 28//6092 4039//6092
f 4039//6093 28//6093 27//6093
f 4039//6094 27//6094 4040//6094
f 4040//6095 27//6095 31//6095
f 4040//6096 31//6096 4041//6096
f 4041//6097 31//6097 33//6097
f 4041//6098 33//6098 4042//6098
f 4042//6099 33//6099 36//6099
f 4042//6100 36//6100 4043//6100
f 4043//6101 36//6101 37//6101
f 7//6102 10//6102 4015//6102
f 4015//6103 10//6103 13//6103
f 4015//6104 13//6104 4044//6104
f 4044//6105 13//6105 15//6105
f 4044//6106 15//6106 4045//6106
f 4045//6107 15//6107 17//6107
f 4045//6108 17//6108 4036//6108
f 4036//6109 17//6109 18//6109
f 4036//6110 18//6110 20//6110
f 4023//6111 4046//6111 4047//6111
f 4023//6112 4047//6112 4024//6112
f 4024//6113 4047//6113 4048//6113
f 4024//6114 4048//6114 4049//6114
f 4049//6115 4012//6115 4024//6115
f 4024//6116 4012//6116 4014//6116
f 4024//6117 4014//6117 56//6117
f 56//6118 4014//6118 57//6118
f 4050//6119 4051//6119 4052//6119
f 4052//6120 4051//6120 4053//6120
f 4052//6121 4053//6121 4054//6121
f 4054//6122 4053//6122 4055//6122
f 4054//6123 4055//6123 4056//6123
f 4056//6124 4055//6124 4057//6124
f 4056//6125 4057//6125 4022//6125
f 4057//6126 4058//6126 4022//6126
f 4022//6127 4058//6127 4059//6127
f 4022//6128 4059//6128 4023//6128
f 4023//6129 4059//6129 4060//6129
f 4023//6130 4060//6130 4046//6130
f 3777//6131 3781//6131 4017//6131
f 4017//6132 3781//6132 3782//6132
f 4017//6133 3782//6133 4018//6133
f 4018//6134 3782//6134 4009//6134
f 4018//6135 4009//6135 4021//6135
f 4021//6136 4009//6136 4010//6136
f 4021//6137 4010//6137 4020//6137
f 4010//6138 4011//6138 4020//6138
f 4020//6139 4011//6139 4061//6139
f 4020//6140 4061//6140 4019//6140
f 4019//6141 4061//6141 4062//6141
f 4019//6142 4062//6142 4063//6142
f 4063//6143 4050//6143 4019//6143
f 4019//6144 4050//6144 4052//6144
f 4019//6145 4052//6145 3715//6145
f 3715//6146 4052//6146 4054//6146
f 3715//6147 4054//6147 3714//6147
f 3714//6148 4054//6148 4056//6148
f 3714//6149 4056//6149 3713//6149
f 3713//6150 4056//6150 4022//6150
f 3713//6151 4022//6151 3716//6151
f 3716//6152 4022//6152 50//6152
f 4064//6153 4043//6153 4034//6153
f 4034//6154 4043//6154 37//6154
f 4034//6155 37//6155 41//6155
f 4064//6156 4065//6156 4043//6156
f 4043//6157 4065//6157 4066//6157
f 4043//6158 4066//6158 4042//6158
f 4042//6159 4066//6159 4067//6159
f 4042//6160 4067//6160 4041//6160
f 4067//6161 4068//6161 4041//6161
f 4041//6162 4068//6162 4069//6162
f 4041//6163 4069//6163 4040//6163
f 4040//6164 4069//6164 4070//6164
f 4040//6165 4070//6165 4039//6165
f 4039//6166 4070//6166 4071//6166
f 4039//6167 4071//6167 4038//6167
f 4038//6168 4071//6168 4072//6168
f 4038//6169 4072//6169 4037//6169
f 4037//6170 4072//6170 4073//6170
f 4037//6171 4073//6171 4036//6171
f 4036//6172 4073//6172 4074//6172
f 4036//6173 4074//6173 4045//6173
f 4045//6174 4074//6174 4075//6174
f 4045//6175 4075//6175 4044//6175
f 4044//6176 4075//6176 4076//6176
f 4044//6177 4076//6177 4015//6177
f 4015//6178 4076//6178 4077//6178
f 4015//6179 4077//6179 4016//6179
f 4016//6180 4077//6180 4078//6180
f 4030//6181 4079//6181 4031//6181
f 4031//6182 4079//6182 4080//6182
f 4031//6183 4080//6183 4032//6183
f 4032//6184 4080//6184 4081//6184
f 4032//6185 4081//6185 4033//6185
f 4033//6186 4081//6186 4082//6186
f 4033//6187 4082//6187 4083//6187
f 4084//6188 4028//6188 4025//6188
f 4025//6189 4028//6189 48//6189
f 4025//6190 48//6190 47//6190
f 4085//6191 4086//6191 4027//6191
f 4027//6192 4086//6192 4087//6192
f 4027//6193 4087//6193 4026//6193
f 4026//6194 4087//6194 4088//6194
f 4026//6195 4088//6195 4025//6195
f 4025//6196 4088//6196 4089//6196
f 4025//6197 4089//6197 4084//6197
f 4084//6198 4090//6198 4028//6198
f 4028//6199 4090//6199 4091//6199
f 4028//6200 4091//6200 4029//6200
f 4029//6201 4091//6201 4092//6201
f 4029//6202 4092//6202 4030//6202
f 4030//6203 4092//6203 4093//6203
f 4030//6204 4093//6204 4079//6204
f 46//6205 4033//6205 4035//6205
f 4035//6206 4033//6206 4083//6206
f 4035//6207 4083//6207 4034//6207
f 4034//6208 4083//6208 4094//6208
f 4034//6209 4094//6209 4064//6209
f 4013//6210 4095//6210 4014//6210
f 4014//6211 4095//6211 4096//6211
f 4014//6212 4096//6212 4097//6212
f 4097//6213 4096//6213 4098//6213
f 4097//6214 4098//6214 4099//6214
f 58//6215 4014//6215 59//6215
f 59//6216 4014//6216 4097//6216
f 59//6217 4097//6217 4027//6217
f 4027//6218 4097//6218 4099//6218
f 4027//6219 4099//6219 4085//6219
f 4100//6220 4101//6220 4102//6220
f 4102//6221 4101//6221 4103//6221
f 4104//6222 4105//6222 4106//6222
f 4107//6223 4108//6223 4109//6223
f 1657//6224 4110//6224 1658//6224
f 1658//6225 4110//6225 4111//6225
f 4112//6226 4113//6226 4114//6226
f 7//6227 4016//6227 427//6227
f 427//6228 4016//6228 4115//6228
f 427//6229 4115//6229 429//6229
f 429//6230 4115//6230 4116//6230
f 4117//6231 433//6231 4116//6231
f 4116//6232 433//6232 431//6232
f 4116//6233 431//6233 429//6233
f 4118//6234 456//6234 4119//6234
f 4119//6235 456//6235 451//6235
f 4119//6236 451//6236 4120//6236
f 4120//6237 451//6237 448//6237
f 4120//6238 448//6238 4121//6238
f 4121//6239 448//6239 446//6239
f 4121//6240 446//6240 4122//6240
f 4122//6241 446//6241 443//6241
f 4122//6242 443//6242 4123//6242
f 4123//6243 443//6243 436//6243
f 4123//6244 436//6244 4124//6244
f 4124//6245 436//6245 426//6245
f 4124//6246 426//6246 4125//6246
f 4125//6247 426//6247 425//6247
f 4125//6248 425//6248 4117//6248
f 4117//6249 425//6249 434//6249
f 4117//6250 434//6250 433//6250
f 4126//6251 492//6251 4127//6251
f 4127//6252 492//6252 462//6252
f 4127//6253 462//6253 4128//6253
f 4128//6254 462//6254 461//6254
f 4128//6255 461//6255 4129//6255
f 4129//6256 461//6256 460//6256
f 4130//6257 494//6257 493//6257
f 490//6258 489//6258 4131//6258
f 4131//6259 489//6259 488//6259
f 4131//6260 488//6260 4132//6260
f 4132//6261 488//6261 485//6261
f 4133//6262 480//6262 4134//6262
f 4134//6263 480//6263 481//6263
f 4134//6264 481//6264 490//6264
f 483//6265 482//6265 4133//6265
f 4133//6266 482//6266 479//6266
f 4133//6267 479//6267 480//6267
f 4135//6268 4136//6268 4137//6268
f 4137//6269 4136//6269 4138//6269
f 4137//6270 4138//6270 4139//6270
f 4139//6271 4138//6271 477//6271
f 4139//6272 477//6272 4109//6272
f 4109//6273 477//6273 476//6273
f 4140//6274 4141//6274 4104//6274
f 4104//6275 4141//6275 4142//6275
f 4104//6276 4142//6276 4105//6276
f 4105//6277 4142//6277 4143//6277
f 4105//6278 4143//6278 4144//6278
f 4144//6279 4143//6279 4145//6279
f 4144//6280 4145//6280 4146//6280
f 4147//6281 4148//6281 4149//6281
f 4149//6282 4148//6282 4150//6282
f 4149//6283 4150//6283 4140//6283
f 4140//6284 4150//6284 4151//6284
f 4140//6285 4151//6285 4141//6285
f 1652//6286 1651//6286 4152//6286
f 4152//6287 1651//6287 1655//6287
f 4152//6288 1655//6288 4111//6288
f 4111//6289 1655//6289 1654//6289
f 4111//6290 1654//6290 1658//6290
f 4152//6291 4112//6291 1652//6291
f 1652//6292 4112//6292 4114//6292
f 1652//6293 4114//6293 1647//6293
f 1647//6294 4114//6294 1646//6294
f 4113//6295 4147//6295 4114//6295
f 4114//6296 4147//6296 4149//6296
f 4114//6297 4149//6297 1646//6297
f 1646//6298 4149//6298 1645//6298
f 490//6299 4131//6299 4134//6299
f 4134//6300 4131//6300 4153//6300
f 4134//6301 4153//6301 4154//6301
f 4155//6302 4107//6302 4133//6302
f 4133//6303 4107//6303 4109//6303
f 4133//6304 4109//6304 483//6304
f 483//6305 4109//6305 476//6305
f 4154//6306 4156//6306 4134//6306
f 4134//6307 4156//6307 4157//6307
f 4134//6308 4157//6308 4133//6308
f 4133//6309 4157//6309 4158//6309
f 4133//6310 4158//6310 4155//6310
f 4159//6311 4144//6311 4135//6311
f 4135//6312 4144//6312 4146//6312
f 4135//6313 4146//6313 4136//6313
f 4108//6314 4160//6314 4109//6314
f 4109//6315 4160//6315 4161//6315
f 4109//6316 4161//6316 4139//6316
f 4139//6317 4161//6317 4162//6317
f 4139//6318 4162//6318 4137//6318
f 4137//6319 4162//6319 4163//6319
f 4137//6320 4163//6320 4135//6320
f 4135//6321 4163//6321 4164//6321
f 4135//6322 4164//6322 4159//6322
f 4106//6323 4165//6323 4104//6323
f 4104//6324 4165//6324 1664//6324
f 4104//6325 1664//6325 4140//6325
f 4140//6326 1664//6326 1666//6326
f 4140//6327 1666//6327 4149//6327
f 4149//6328 1666//6328 1669//6328
f 4149//6329 1669//6329 1645//6329
f 4159//6330 4166//6330 4144//6330
f 4144//6331 4166//6331 4167//6331
f 4144//6332 4167//6332 4105//6332
f 4105//6333 4167//6333 4168//6333
f 4105//6334 4168//6334 4106//6334
f 4169//6335 4129//6335 4118//6335
f 4118//6336 4129//6336 460//6336
f 4118//6337 460//6337 456//6337
f 4120//6338 4170//6338 4119//6338
f 4119//6339 4170//6339 4171//6339
f 4119//6340 4171//6340 4118//6340
f 4118//6341 4171//6341 4172//6341
f 4118//6342 4172//6342 4169//6342
f 4016//6343 4078//6343 4115//6343
f 4115//6344 4078//6344 4173//6344
f 4115//6345 4173//6345 4116//6345
f 4116//6346 4173//6346 4174//6346
f 4116//6347 4174//6347 4117//6347
f 4117//6348 4174//6348 4175//6348
f 4117//6349 4175//6349 4125//6349
f 4125//6350 4175//6350 4176//6350
f 4125//6351 4176//6351 4124//6351
f 4124//6352 4176//6352 4177//6352
f 4124//6353 4177//6353 4123//6353
f 4123//6354 4177//6354 4178//6354
f 4123//6355 4178//6355 4122//6355
f 4122//6356 4178//6356 4179//6356
f 4122//6357 4179//6357 4121//6357
f 4121//6358 4179//6358 4180//6358
f 4121//6359 4180//6359 4120//6359
f 4120//6360 4180//6360 4181//6360
f 4120//6361 4181//6361 4170//6361
f 4182//6362 4130//6362 4126//6362
f 4126//6363 4130//6363 493//6363
f 4126//6364 493//6364 492//6364
f 4182//6365 4100//6365 4130//6365
f 4130//6366 4100//6366 4102//6366
f 4130//6367 4102//6367 494//6367
f 494//6368 4102//6368 4103//6368
f 494//6369 4103//6369 495//6369
f 495//6370 4103//6370 4183//6370
f 495//6371 4183//6371 491//6371
f 491//6372 4183//6372 4184//6372
f 491//6373 4184//6373 484//6373
f 484//6374 4184//6374 4185//6374
f 484//6375 4185//6375 485//6375
f 485//6376 4185//6376 4132//6376
f 4132//6377 4185//6377 4186//6377
f 4132//6378 4186//6378 4187//6378
f 4183//6379 4188//6379 4184//6379
f 4184//6380 4188//6380 4189//6380
f 4184//6381 4189//6381 4185//6381
f 4185//6382 4189//6382 4190//6382
f 4185//6383 4190//6383 4186//6383
f 4101//6384 4191//6384 4103//6384
f 4103//6385 4191//6385 4192//6385
f 4103//6386 4192//6386 4183//6386
f 4183//6387 4192//6387 4193//6387
f 4183//6388 4193//6388 4188//6388
f 4169//6389 4194//6389 4129//6389
f 4129//6390 4194//6390 4195//6390
f 4129//6391 4195//6391 4128//6391
f 4128//6392 4195//6392 4196//6392
f 4128//6393 4196//6393 4127//6393
f 4127//6394 4196//6394 4197//6394
f 4127//6395 4197//6395 4126//6395
f 4126//6396 4197//6396 4198//6396
f 4126//6397 4198//6397 4182//6397
f 4187//6398 4199//6398 4132//6398
f 4132//6399 4199//6399 4200//6399
f 4132//6400 4200//6400 4131//6400
f 4131//6401 4200//6401 4201//6401
f 4131//6402 4201//6402 4153//6402
f 4106//6403 4168//6403 1676//6403
f 4175//6404 4202//6404 4176//6404
f 4176//6405 4202//6405 4177//6405
f 4175//6406 4174//6406 4202//6406
f 4202//6407 4174//6407 4173//6407
f 4202//6408 4173//6408 4078//6408
f 1220//6409 1219//6409 4202//6409
f 4202//6410 1219//6410 1224//6410
f 4202//6411 1224//6411 4177//6411
f 4177//6412 1224//6412 1226//6412
f 1226//6413 1229//6413 4177//6413
f 4177//6414 1229//6414 1231//6414
f 4177//6415 1231//6415 4178//6415
f 4178//6416 1231//6416 1233//6416
f 4178//6417 1233//6417 4179//6417
f 4179//6418 1233//6418 1235//6418
f 4179//6419 1235//6419 4180//6419
f 4180//6420 1235//6420 4181//6420
f 1235//6421 1237//6421 4181//6421
f 4181//6422 1237//6422 1239//6422
f 4181//6423 1239//6423 4170//6423
f 4170//6424 1239//6424 1241//6424
f 4170//6425 1241//6425 4171//6425
f 4171//6426 1241//6426 1242//6426
f 4171//6427 1242//6427 4172//6427
f 4172//6428 1242//6428 1245//6428
f 4172//6429 1245//6429 4169//6429
f 4169//6430 1245//6430 1247//6430
f 4169//6431 1247//6431 4194//6431
f 4194//6432 1247//6432 1250//6432
f 4192//6433 4191//6433 1265//6433
f 1265//6434 4191//6434 4101//6434
f 1265//6435 4101//6435 1263//6435
f 1263//6436 4101//6436 4100//6436
f 1263//6437 4100//6437 1261//6437
f 1261//6438 4100//6438 4182//6438
f 1261//6439 4182//6439 1258//6439
f 1258//6440 4182//6440 4198//6440
f 1258//6441 4198//6441 1256//6441
f 1256//6442 4198//6442 4197//6442
f 1256//6443 4197//6443 1253//6443
f 1253//6444 4197//6444 4196//6444
f 1253//6445 4196//6445 1250//6445
f 1250//6446 4196//6446 4195//6446
f 1250//6447 4195//6447 4194//6447
f 1265//6448 1268//6448 4192//6448
f 4192//6449 1268//6449 1271//6449
f 4192//6450 1271//6450 4193//6450
f 4193//6451 1271//6451 1273//6451
f 4193//6452 1273//6452 4188//6452
f 1273//6453 1274//6453 4188//6453
f 4188//6454 1274//6454 1276//6454
f 4188//6455 1276//6455 4189//6455
f 4189//6456 1276//6456 1278//6456
f 4189//6457 1278//6457 4190//6457
f 4190//6458 1278//6458 1279//6458
f 4190//6459 1279//6459 4186//6459
f 4186//6460 1279//6460 1216//6460
f 4186//6461 1216//6461 4187//6461
f 4187//6462 1216//6462 1214//6462
f 4187//6463 1214//6463 4199//6463
f 4199//6464 1214//6464 4200//6464
f 1214//6465 1212//6465 4200//6465
f 4200//6466 1212//6466 1208//6466
f 4200//6467 1208//6467 4201//6467
f 4201//6468 1208//6468 1207//6468
f 4201//6469 1207//6469 4153//6469
f 4153//6470 1207//6470 1210//6470
f 4153//6471 1210//6471 4154//6471
f 1210//6472 1205//6472 4154//6472
f 4154//6473 1205//6473 1204//6473
f 4154//6474 1204//6474 4156//6474
f 4156//6475 1204//6475 1202//6475
f 4160//6476 4108//6476 1197//6476
f 1197//6477 4108//6477 4107//6477
f 1197//6478 4107//6478 1199//6478
f 1199//6479 4107//6479 4155//6479
f 1199//6480 4155//6480 1200//6480
f 1200//6481 4155//6481 4158//6481
f 1200//6482 4158//6482 1202//6482
f 1202//6483 4158//6483 4157//6483
f 1202//6484 4157//6484 4156//6484
f 1197//6485 1196//6485 4160//6485
f 4160//6486 1196//6486 1194//6486
f 4160//6487 1194//6487 4161//6487
f 4161//6488 1194//6488 1673//6488
f 4161//6489 1673//6489 4162//6489
f 4162//6490 1673//6490 4163//6490
f 4163//6491 1673//6491 1674//6491
f 4163//6492 1674//6492 4164//6492
f 4168//6493 4167//6493 1676//6493
f 1676//6494 4167//6494 4166//6494
f 1676//6495 4166//6495 1674//6495
f 1674//6496 4166//6496 4159//6496
f 1674//6497 4159//6497 4164//6497
f 4106//6498 1676//6498 4165//6498
f 4165//6499 1676//6499 1665//6499
f 4165//6500 1665//6500 1664//6500
f 3989//6501 3992//6501 4049//6501
f 4073//6502 4072//6502 1295//6502
f 1295//6503 4072//6503 4071//6503
f 1295//6504 4071//6504 1298//6504
f 1295//6505 1294//6505 4073//6505
f 4073//6506 1294//6506 1289//6506
f 4073//6507 1289//6507 1291//6507
f 1220//6508 4202//6508 1284//6508
f 1284//6509 4202//6509 1286//6509
f 4071//6510 4070//6510 1298//6510
f 1298//6511 4070//6511 4069//6511
f 1298//6512 4069//6512 1300//6512
f 1300//6513 4069//6513 1302//6513
f 1302//6514 4069//6514 1303//6514
f 1303//6515 4069//6515 4068//6515
f 1303//6516 4068//6516 1305//6516
f 4068//6517 4067//6517 1305//6517
f 1305//6518 4067//6518 4066//6518
f 1305//6519 4066//6519 1309//6519
f 1309//6520 4066//6520 4065//6520
f 1309//6521 4065//6521 1306//6521
f 1306//6522 4065//6522 4064//6522
f 1306//6523 4064//6523 1282//6523
f 1282//6524 4064//6524 4094//6524
f 1282//6525 4094//6525 1313//6525
f 1313//6526 4094//6526 4083//6526
f 1313//6527 4083//6527 1315//6527
f 1315//6528 4083//6528 4082//6528
f 1315//6529 4082//6529 1317//6529
f 4082//6530 4081//6530 1317//6530
f 1317//6531 4081//6531 4080//6531
f 1317//6532 4080//6532 1319//6532
f 1319//6533 4080//6533 4079//6533
f 1319//6534 4079//6534 1320//6534
f 1320//6535 4079//6535 4093//6535
f 1320//6536 4093//6536 1327//6536
f 1327//6537 4093//6537 4092//6537
f 1327//6538 4092//6538 1325//6538
f 1325//6539 4092//6539 4091//6539
f 1325//6540 4091//6540 1323//6540
f 1323//6541 4091//6541 4090//6541
f 1323//6542 4090//6542 1330//6542
f 1330//6543 4090//6543 4084//6543
f 1330//6544 4084//6544 1331//6544
f 1331//6545 4084//6545 4089//6545
f 1331//6546 4089//6546 1336//6546
f 1336//6547 4089//6547 4088//6547
f 1336//6548 4088//6548 1335//6548
f 1335//6549 4088//6549 4087//6549
f 1335//6550 4087//6550 1333//6550
f 1333//6551 4087//6551 4086//6551
f 1333//6552 4086//6552 4203//6552
f 4203//6553 4086//6553 4085//6553
f 4203//6554 4085//6554 4204//6554
f 4204//6555 4085//6555 4099//6555
f 4204//6556 4099//6556 3983//6556
f 4095//6471 3986//6471 4096//6471
f 4096//6557 3986//6557 3985//6557
f 3983//6558 4099//6558 3985//6558
f 3985//6559 4099//6559 4098//6559
f 3985//6560 4098//6560 4096//6560
f 4049//6561 3992//6561 4012//6561
f 4012//6562 3992//6562 3991//6562
f 4012//6563 3991//6563 4013//6563
f 4013//6564 3991//6564 3990//6564
f 4013//6565 3990//6565 4095//6565
f 4095//6566 3990//6566 3987//6566
f 4095//6567 3987//6567 3986//6567
f 4049//6568 4048//6568 3989//6568
f 3989//6569 4048//6569 4047//6569
f 3989//6570 4047//6570 3988//6570
f 3988//6571 4047//6571 4046//6571
f 3988//6572 4046//6572 3994//6572
f 3994//6573 4046//6573 4060//6573
f 3994//6486 4060//6486 3993//6486
f 3993//6574 4060//6574 4059//6574
f 3993//6575 4059//6575 4000//6575
f 4000//6576 4059//6576 4058//6576
f 4000//6577 4058//6577 3999//6577
f 3999//6578 4058//6578 4057//6578
f 4057//6579 4055//6579 3999//6579
f 3999//6580 4055//6580 4053//6580
f 3999//6581 4053//6581 3997//6581
f 3997//6582 4053//6582 4051//6582
f 3997//6583 4051//6583 4050//6583
f 4050//6493 4063//6493 3997//6493
f 3997//6403 4063//6403 4062//6403
f 3997//6584 4062//6584 4003//6584
f 4003//6585 4062//6585 4061//6585
f 4003//6500 4061//6500 4011//6500
f 4078//6586 4077//6586 4202//6586
f 4202//6587 4077//6587 4076//6587
f 4202//6588 4076//6588 4075//6588
f 1291//6589 1286//6589 4073//6589
f 4073//6590 1286//6590 4202//6590
f 4073//6405 4202//6405 4074//6405
f 4074//6404 4202//6404 4075//6404
f 4204//6591 3983//6591 3982//6591
f 1334//6592 1333//6592 1371//6592
f 1371//6593 1333//6593 4203//6593
f 1371//6594 4203//6594 4205//6594
f 4204//6595 3982//6595 4203//6595
f 4203//6596 3982//6596 4206//6596
f 4203//6597 4206//6597 4205//6597
f 4207//6598 1351//6598 1352//6598
f 4206//6599 3982//6599 4207//6599
f 1372//6600 1371//6600 4205//6600
f 1373//6601 4208//6601 1354//6601
f 1354//6602 1355//6602 1373//6602
f 1373//6603 1355//6603 1341//6603
f 1373//6604 1341//6604 1340//6604
f 4209//6605 4210//6605 4211//6605
f 4211//6606 4210//6606 4208//6606
f 4211//6607 4208//6607 1372//6607
f 1372//6608 4208//6608 1373//6608
f 1372//6609 4205//6609 4211//6609
f 4211//6610 4205//6610 4206//6610
f 4211//6611 4206//6611 4209//6611
f 4209//6612 4206//6612 4207//6612
f 4209//6613 4207//6613 4210//6613
f 4210//6614 4207//6614 1352//6614
f 4210//6615 1352//6615 4208//6615
f 4208//6616 1352//6616 1353//6616
f 4208//6617 1353//6617 1354//6617
f 4212//6618 4213//6618 4214//6618
f 4215//6619 1348//6619 1351//6619
f 1348//6620 4215//6620 1349//6620
f 1349//6621 4215//6621 4216//6621
f 1349//6622 4216//6622 1347//6622
f 4217//6623 1343//6623 1342//6623
f 4214//6624 4213//6624 4217//6624
f 4217//6625 4213//6625 4218//6625
f 4217//6626 4218//6626 1343//6626
f 4219//6627 4220//6627 4221//6627
f 4221//6628 4220//6628 4222//6628
f 4221//6629 4222//6629 4223//6629
f 4223//6630 4222//6630 4224//6630
f 4223//6631 4224//6631 4214//6631
f 4214//6632 4224//6632 4225//6632
f 4214//6633 4225//6633 4212//6633
f 4226//6634 4227//6634 4221//6634
f 4221//6635 4227//6635 4228//6635
f 4221//6636 4228//6636 4219//6636
f 3943//6637 3942//6637 4229//6637
f 4230//6638 3952//6638 4231//6638
f 4231//6639 3952//6639 3956//6639
f 4231//6640 3956//6640 3943//6640
f 3945//6641 3955//6641 4230//6641
f 4230//6642 3955//6642 3954//6642
f 4230//6643 3954//6643 3952//6643
f 4230//6644 4232//6644 3945//6644
f 3945//6645 4232//6645 4233//6645
f 3945//6646 4233//6646 3947//6646
f 1351//6647 4207//6647 4215//6647
f 4215//6648 4207//6648 3982//6648
f 4215//6649 3982//6649 3984//6649
f 3949//6650 3947//6650 3984//6650
f 3984//6651 3947//6651 4233//6651
f 3984//6652 4233//6652 4215//6652
f 4215//6653 4233//6653 4232//6653
f 4215//6654 4232//6654 4216//6654
f 4216//6655 4232//6655 4230//6655
f 4216//6656 4230//6656 4234//6656
f 4234//6657 4230//6657 4231//6657
f 4234//6658 4231//6658 4235//6658
f 4235//6659 4231//6659 3943//6659
f 4235//6660 3943//6660 4236//6660
f 4236//6661 3943//6661 4229//6661
f 4236//6662 4229//6662 4237//6662
f 1342//6663 1347//6663 4217//6663
f 4217//6664 1347//6664 4216//6664
f 4217//6665 4216//6665 4214//6665
f 4214//6666 4216//6666 4234//6666
f 4214//6667 4234//6667 4223//6667
f 4223//6668 4234//6668 4235//6668
f 4223//6669 4235//6669 4221//6669
f 4221//6670 4235//6670 4236//6670
f 4221//6671 4236//6671 4226//6671
f 4226//6672 4236//6672 4237//6672
f 4222//6673 4220//6673 4238//6673
f 4239//6674 4240//6674 4241//6674
f 4242//6675 4243//6675 4244//6675
f 4245//6676 4246//6676 4247//6676
f 4248//6677 4249//6677 4250//6677
f 4251//6678 4252//6678 4253//6678
f 4252//6679 1379//6679 4253//6679
f 4253//6680 1379//6680 1378//6680
f 4253//6681 1378//6681 4254//6681
f 4255//6682 4256//6682 4241//6682
f 4241//6683 4256//6683 4257//6683
f 4241//6684 4257//6684 4239//6684
f 4241//6685 4258//6685 4255//6685
f 4255//6686 4258//6686 4259//6686
f 4255//6687 4259//6687 4260//6687
f 4260//6688 4259//6688 4261//6688
f 4260//6689 4261//6689 4262//6689
f 4262//6690 4261//6690 4263//6690
f 4262//6691 4263//6691 4264//6691
f 4264//6692 4263//6692 4265//6692
f 4265//6693 4263//6693 4266//6693
f 4265//6694 4266//6694 4267//6694
f 4267//6695 4266//6695 4268//6695
f 4267//6696 4268//6696 4269//6696
f 4269//6697 4268//6697 4270//6697
f 4270//6698 4268//6698 4238//6698
f 4270//6699 4238//6699 4227//6699
f 4220//6700 4219//6700 4238//6700
f 4238//6701 4219//6701 4228//6701
f 4238//6702 4228//6702 4227//6702
f 4225//6703 4224//6703 4271//6703
f 4271//6704 4224//6704 4222//6704
f 4271//6705 4222//6705 4272//6705
f 4272//6706 4222//6706 4238//6706
f 1363//6707 1364//6707 4273//6707
f 4273//6708 1364//6708 1362//6708
f 4273//6709 1362//6709 1361//6709
f 4225//6710 4271//6710 4212//6710
f 4212//6711 4271//6711 1363//6711
f 4212//6712 1363//6712 4213//6712
f 4213//6713 1363//6713 4273//6713
f 4213//6714 4273//6714 4218//6714
f 4218//6715 4273//6715 1361//6715
f 4218//6716 1361//6716 1343//6716
f 1360//6717 1363//6717 4274//6717
f 4274//6718 1363//6718 4275//6718
f 1360//6719 4274//6719 1359//6719
f 1359//6720 4274//6720 4276//6720
f 1359//6721 4276//6721 1358//6721
f 4277//6722 1367//6722 4276//6722
f 4276//6723 1367//6723 1366//6723
f 4276//6724 1366//6724 1358//6724
f 4278//6725 1369//6725 4277//6725
f 4277//6726 1369//6726 1368//6726
f 4277//6727 1368//6727 1367//6727
f 4278//6728 1407//6728 1406//6728
f 1357//6729 1356//6729 1406//6729
f 1406//6730 1356//6730 1365//6730
f 1406//6731 1365//6731 4278//6731
f 4278//6732 1365//6732 1370//6732
f 4278//6733 1370//6733 1369//6733
f 4240//6734 4279//6734 4241//6734
f 4241//6735 4279//6735 4280//6735
f 4241//6736 4280//6736 4258//6736
f 4258//6737 4280//6737 4281//6737
f 4258//6738 4281//6738 4259//6738
f 4259//6739 4281//6739 4282//6739
f 4259//6740 4282//6740 4261//6740
f 4261//6741 4282//6741 4283//6741
f 4261//6742 4283//6742 4263//6742
f 4263//6743 4283//6743 4284//6743
f 4263//6744 4284//6744 4266//6744
f 4266//6745 4284//6745 4285//6745
f 4266//6746 4285//6746 4268//6746
f 4268//6747 4285//6747 4286//6747
f 4268//6748 4286//6748 4238//6748
f 4238//6749 4286//6749 4287//6749
f 4238//6750 4287//6750 4272//6750
f 4288//6751 4242//6751 4289//6751
f 4289//6752 4242//6752 4244//6752
f 4289//6753 4244//6753 4290//6753
f 4290//6754 4244//6754 4291//6754
f 4290//6755 4291//6755 4292//6755
f 4292//6756 4291//6756 4293//6756
f 4292//6757 4293//6757 4294//6757
f 4294//6758 4293//6758 4295//6758
f 4294//6759 4295//6759 4296//6759
f 4296//6760 4295//6760 4297//6760
f 4296//6761 4297//6761 4298//6761
f 4298//6762 4297//6762 4299//6762
f 4298//6763 4299//6763 4300//6763
f 4300//6764 4299//6764 4301//6764
f 4300//6765 4301//6765 4302//6765
f 4302//6766 4301//6766 4303//6766
f 4302//6767 4303//6767 4304//6767
f 4304//6768 4303//6768 4305//6768
f 4304//6769 4305//6769 4275//6769
f 4275//6770 4305//6770 4306//6770
f 4275//6771 4306//6771 4274//6771
f 4279//6772 4288//6772 4280//6772
f 4280//6773 4288//6773 4289//6773
f 4280//6774 4289//6774 4281//6774
f 4281//6775 4289//6775 4290//6775
f 4281//6776 4290//6776 4282//6776
f 4282//6777 4290//6777 4292//6777
f 4282//6778 4292//6778 4283//6778
f 4283//6779 4292//6779 4294//6779
f 4283//6780 4294//6780 4284//6780
f 4284//6781 4294//6781 4296//6781
f 4284//6782 4296//6782 4285//6782
f 4285//6783 4296//6783 4298//6783
f 4285//6784 4298//6784 4286//6784
f 4286//6785 4298//6785 4300//6785
f 4286//6786 4300//6786 4287//6786
f 4287//6787 4300//6787 4302//6787
f 4287//6788 4302//6788 4272//6788
f 4272//6789 4302//6789 4304//6789
f 4272//6790 4304//6790 4271//6790
f 4271//6791 4304//6791 4275//6791
f 4271//6792 4275//6792 1363//6792
f 4307//6793 4308//6793 1397//6793
f 1397//6794 1398//6794 4307//6794
f 4307//6795 1398//6795 1399//6795
f 4307//6796 1399//6796 4309//6796
f 1399//6797 1400//6797 4309//6797
f 4309//6798 1400//6798 1401//6798
f 4309//6799 1401//6799 1402//6799
f 4310//6800 4311//6800 4312//6800
f 4311//6801 1403//6801 4312//6801
f 4312//6802 1403//6802 1404//6802
f 4312//6803 1404//6803 1405//6803
f 4313//6804 1409//6804 1408//6804
f 1378//6805 1394//6805 4254//6805
f 4254//6806 1394//6806 1393//6806
f 4254//6807 1393//6807 4314//6807
f 4315//6808 4316//6808 1388//6808
f 1393//6809 1392//6809 4314//6809
f 4314//6810 1392//6810 1391//6810
f 4314//6811 1391//6811 4317//6811
f 4317//6812 1391//6812 1390//6812
f 4317//6813 1390//6813 4316//6813
f 4316//6814 1390//6814 1389//6814
f 4316//6815 1389//6815 1388//6815
f 1383//6816 4318//6816 1382//6816
f 1382//6817 4318//6817 4319//6817
f 1388//6818 1387//6818 4315//6818
f 4315//6819 1387//6819 1386//6819
f 4315//6820 1386//6820 4319//6820
f 4319//6821 1386//6821 1385//6821
f 4319//6822 1385//6822 1382//6822
f 1383//6823 1384//6823 4318//6823
f 4318//6824 1384//6824 1395//6824
f 4318//6825 1395//6825 4308//6825
f 4308//6826 1395//6826 1396//6826
f 4308//6827 1396//6827 1397//6827
f 4246//6828 4248//6828 4247//6828
f 4247//6829 4248//6829 4250//6829
f 4247//6830 4250//6830 4320//6830
f 4320//6831 4250//6831 4321//6831
f 4320//6832 4321//6832 4322//6832
f 4322//6833 4321//6833 4323//6833
f 4322//6834 4323//6834 4324//6834
f 4324//6835 4323//6835 4325//6835
f 4324//6836 4325//6836 4326//6836
f 4326//6837 4325//6837 4327//6837
f 4326//6838 4327//6838 4328//6838
f 4328//6839 4327//6839 4329//6839
f 4328//6840 4329//6840 4330//6840
f 4330//6841 4329//6841 4331//6841
f 4330//6842 4331//6842 4332//6842
f 4332//6843 4331//6843 4333//6843
f 4332//6844 4333//6844 4334//6844
f 4334//6845 4333//6845 4335//6845
f 4334//6846 4335//6846 4336//6846
f 4336//6847 4335//6847 4337//6847
f 4336//6848 4337//6848 4338//6848
f 4338//6849 4337//6849 4310//6849
f 4338//6850 4310//6850 4339//6850
f 4339//6851 4310//6851 4312//6851
f 4339//6852 4312//6852 4313//6852
f 4313//6853 4312//6853 1405//6853
f 4313//6854 1405//6854 1409//6854
f 4249//6855 4251//6855 4250//6855
f 4250//6856 4251//6856 4253//6856
f 4250//6857 4253//6857 4321//6857
f 4321//6858 4253//6858 4254//6858
f 4321//6859 4254//6859 4323//6859
f 4323//6860 4254//6860 4314//6860
f 4323//6861 4314//6861 4325//6861
f 4325//6862 4314//6862 4317//6862
f 4325//6863 4317//6863 4327//6863
f 4327//6864 4317//6864 4316//6864
f 4327//6865 4316//6865 4329//6865
f 4329//6866 4316//6866 4315//6866
f 4329//6867 4315//6867 4331//6867
f 4331//6868 4315//6868 4319//6868
f 4331//6869 4319//6869 4333//6869
f 4333//6870 4319//6870 4318//6870
f 4333//6871 4318//6871 4335//6871
f 4335//6872 4318//6872 4308//6872
f 4335//6873 4308//6873 4337//6873
f 4337//6874 4308//6874 4307//6874
f 4337//6875 4307//6875 4310//6875
f 4310//6876 4307//6876 4309//6876
f 4310//6877 4309//6877 4311//6877
f 4311//6878 4309//6878 1402//6878
f 4311//6879 1402//6879 1403//6879
f 4243//6880 4245//6880 4244//6880
f 4244//6881 4245//6881 4247//6881
f 4244//6882 4247//6882 4291//6882
f 4291//6883 4247//6883 4320//6883
f 4291//6884 4320//6884 4293//6884
f 4293//6885 4320//6885 4322//6885
f 4293//6886 4322//6886 4295//6886
f 4295//6887 4322//6887 4324//6887
f 4295//6888 4324//6888 4297//6888
f 4297//6889 4324//6889 4326//6889
f 4297//6890 4326//6890 4299//6890
f 4299//6891 4326//6891 4328//6891
f 4299//6892 4328//6892 4301//6892
f 4301//6893 4328//6893 4330//6893
f 4301//6894 4330//6894 4303//6894
f 4303//6895 4330//6895 4332//6895
f 4303//6896 4332//6896 4305//6896
f 4305//6897 4332//6897 4334//6897
f 4305//6898 4334//6898 4306//6898
f 4306//6899 4334//6899 4336//6899
f 4306//6900 4336//6900 4274//6900
f 4274//6901 4336//6901 4338//6901
f 4274//6902 4338//6902 4276//6902
f 4276//6903 4338//6903 4339//6903
f 4276//6904 4339//6904 4277//6904
f 4277//6905 4339//6905 4313//6905
f 4277//6906 4313//6906 4278//6906
f 4278//6907 4313//6907 1408//6907
f 4278//6908 1408//6908 1407//6908
f 4340//6909 4341//6909 1423//6909
f 1443//6910 1442//6910 4342//6910
f 1521//6911 4343//6911 1520//6911
f 4251//6912 4249//6912 4344//6912
f 4248//6913 4246//6913 4345//6913
f 4245//6914 4243//6914 4346//6914
f 4242//6915 4288//6915 4347//6915
f 4348//6916 4240//6916 4349//6916
f 1411//6917 1410//6917 1449//6917
f 1449//6918 1410//6918 4350//6918
f 1449//6919 4350//6919 1450//6919
f 4351//6920 1453//6920 1451//6920
f 1457//6921 1456//6921 4352//6921
f 4352//6922 1456//6922 1454//6922
f 4353//6923 1465//6923 1466//6923
f 4354//6924 1458//6924 1463//6924
f 1520//6925 4343//6925 1518//6925
f 1518//6926 4343//6926 1459//6926
f 1518//6927 1459//6927 1458//6927
f 1521//6928 1462//6928 1461//6928
f 1521//6929 1461//6929 4343//6929
f 4343//6930 1461//6930 1460//6930
f 4343//6931 1460//6931 1459//6931
f 4355//6932 1511//6932 4356//6932
f 4356//6933 1511//6933 1516//6933
f 4356//6934 1516//6934 4357//6934
f 4357//6935 1516//6935 1515//6935
f 4357//6936 1515//6936 1519//6936
f 1512//6937 4358//6937 1513//6937
f 1513//6938 4358//6938 1509//6938
f 1510//6939 1509//6939 4359//6939
f 4359//6940 1509//6940 4358//6940
f 4359//6941 4358//6941 4360//6941
f 4360//6942 4358//6942 4361//6942
f 4360//6943 4361//6943 4362//6943
f 4363//6944 4364//6944 4362//6944
f 4362//6945 4364//6945 4365//6945
f 4362//6946 4365//6946 4360//6946
f 4366//6947 4367//6947 4368//6947
f 4368//6948 4367//6948 4369//6948
f 4368//6949 4369//6949 4370//6949
f 4370//6950 4369//6950 4363//6950
f 4370//6951 4363//6951 4371//6951
f 4371//6952 4363//6952 4362//6952
f 4349//6953 4372//6953 4348//6953
f 4348//6954 4372//6954 4373//6954
f 4348//6955 4373//6955 4366//6955
f 4366//6956 4373//6956 4374//6956
f 4366//6957 4374//6957 4367//6957
f 4279//6958 4240//6958 4375//6958
f 4375//6959 4240//6959 4348//6959
f 4375//6960 4348//6960 4376//6960
f 4376//6961 4348//6961 4366//6961
f 4376//6962 4366//6962 4377//6962
f 4377//6963 4366//6963 4368//6963
f 4377//6964 4368//6964 4378//6964
f 4378//6965 4368//6965 4370//6965
f 4378//6966 4370//6966 4379//6966
f 4379//6967 4370//6967 4371//6967
f 4379//6968 4371//6968 4380//6968
f 4380//6969 4371//6969 4362//6969
f 4380//6970 4362//6970 4381//6970
f 4381//6971 4362//6971 4361//6971
f 4381//6972 4361//6972 4355//6972
f 4355//6973 4361//6973 4358//6973
f 4355//6974 4358//6974 1511//6974
f 1511//6975 4358//6975 1512//6975
f 4243//6976 4242//6976 4346//6976
f 4346//6977 4242//6977 4347//6977
f 4346//6978 4347//6978 4382//6978
f 4382//6979 4347//6979 4383//6979
f 4382//6980 4383//6980 4384//6980
f 4384//6981 4383//6981 4385//6981
f 4384//6982 4385//6982 4386//6982
f 4386//6983 4385//6983 4387//6983
f 4386//6984 4387//6984 4388//6984
f 4388//6985 4387//6985 4389//6985
f 4388//6986 4389//6986 4390//6986
f 4390//6987 4389//6987 4391//6987
f 4390//6988 4391//6988 4392//6988
f 4392//6989 4391//6989 4393//6989
f 4392//6990 4393//6990 4394//6990
f 4394//6991 4393//6991 4395//6991
f 4394//6992 4395//6992 4396//6992
f 4396//6993 4395//6993 4397//6993
f 4396//6994 4397//6994 4398//6994
f 4398//6995 4397//6995 4354//6995
f 4398//6996 4354//6996 4353//6996
f 4353//6997 4354//6997 1463//6997
f 4353//6998 1463//6998 1465//6998
f 4288//6999 4279//6999 4347//6999
f 4347//7000 4279//7000 4375//7000
f 4347//7001 4375//7001 4383//7001
f 4383//7002 4375//7002 4376//7002
f 4383//7003 4376//7003 4385//7003
f 4385//7004 4376//7004 4377//7004
f 4385//7005 4377//7005 4387//7005
f 4387//7006 4377//7006 4378//7006
f 4387//7007 4378//7007 4389//7007
f 4389//7008 4378//7008 4379//7008
f 4389//7009 4379//7009 4391//7009
f 4391//7010 4379//7010 4380//7010
f 4391//7011 4380//7011 4393//7011
f 4393//7012 4380//7012 4381//7012
f 4393//7013 4381//7013 4395//7013
f 4395//7014 4381//7014 4355//7014
f 4395//7015 4355//7015 4397//7015
f 4397//7016 4355//7016 4356//7016
f 4397//7017 4356//7017 4354//7017
f 4354//7018 4356//7018 4357//7018
f 4354//7019 4357//7019 1458//7019
f 1458//7020 4357//7020 1519//7020
f 1458//7021 1519//7021 1518//7021
f 4399//7022 4400//7022 1429//7022
f 4342//7023 1442//7023 4400//7023
f 4400//7024 1442//7024 1428//7024
f 4400//7025 1428//7025 1429//7025
f 1443//7026 4342//7026 1444//7026
f 1444//7027 4342//7027 4401//7027
f 1444//7028 4401//7028 1445//7028
f 4402//7029 4403//7029 4404//7029
f 1436//7030 4404//7030 1439//7030
f 1439//7031 4404//7031 4405//7031
f 4404//7032 4403//7032 4405//7032
f 4405//7033 4403//7033 4351//7033
f 4405//7034 4351//7034 4350//7034
f 4350//7035 4351//7035 1451//7035
f 4350//7036 1451//7036 1450//7036
f 1410//7037 1438//7037 4350//7037
f 4350//7038 1438//7038 1441//7038
f 4350//7039 1441//7039 4405//7039
f 4405//7040 1441//7040 1440//7040
f 4405//7041 1440//7041 1439//7041
f 1379//7042 4252//7042 1414//7042
f 1414//7043 4252//7043 4406//7043
f 1414//7044 4406//7044 1418//7044
f 1418//7045 4406//7045 4407//7045
f 1418//7046 4407//7046 1415//7046
f 1415//7047 4407//7047 4408//7047
f 4409//7048 1417//7048 4408//7048
f 4408//7049 1417//7049 1416//7049
f 4408//7050 1416//7050 1415//7050
f 1427//7051 1426//7051 4410//7051
f 4410//7052 1426//7052 1425//7052
f 4410//7053 1425//7053 4341//7053
f 4341//7054 1425//7054 1424//7054
f 4341//7055 1424//7055 1423//7055
f 1423//7056 1422//7056 4340//7056
f 4340//7057 1422//7057 1421//7057
f 4340//7058 1421//7058 4411//7058
f 4411//7059 1421//7059 1420//7059
f 4411//7060 1420//7060 4409//7060
f 4409//7061 1420//7061 1419//7061
f 4409//7062 1419//7062 1417//7062
f 1429//7063 1430//7063 4399//7063
f 4399//7064 1430//7064 1431//7064
f 4399//7065 1431//7065 4410//7065
f 4410//7066 1431//7066 1432//7066
f 4410//7067 1432//7067 1427//7067
f 4249//7068 4248//7068 4344//7068
f 4344//7069 4248//7069 4345//7069
f 4344//7070 4345//7070 4412//7070
f 4412//7071 4345//7071 4413//7071
f 4412//7072 4413//7072 4414//7072
f 4414//7073 4413//7073 4415//7073
f 4414//7074 4415//7074 4416//7074
f 4416//7075 4415//7075 4417//7075
f 4416//7076 4417//7076 4418//7076
f 4418//7077 4417//7077 4419//7077
f 4418//7078 4419//7078 4420//7078
f 4420//7079 4419//7079 4421//7079
f 4420//7080 4421//7080 4422//7080
f 4422//7081 4421//7081 4423//7081
f 4422//7082 4423//7082 4424//7082
f 4424//7083 4423//7083 4425//7083
f 4424//7084 4425//7084 4426//7084
f 4426//7085 4425//7085 4427//7085
f 4426//7086 4427//7086 4428//7086
f 4428//7087 4427//7087 4429//7087
f 4428//7088 4429//7088 4402//7088
f 4402//7089 4429//7089 4430//7089
f 4402//7090 4430//7090 4403//7090
f 4403//7091 4430//7091 4352//7091
f 4403//7092 4352//7092 4351//7092
f 4351//7093 4352//7093 1454//7093
f 4351//7094 1454//7094 1453//7094
f 1436//7095 1445//7095 4404//7095
f 4404//7096 1445//7096 4401//7096
f 4404//7097 4401//7097 4402//7097
f 4402//7098 4401//7098 4342//7098
f 4402//7099 4342//7099 4428//7099
f 4428//7100 4342//7100 4400//7100
f 4428//7101 4400//7101 4426//7101
f 4426//7102 4400//7102 4399//7102
f 4426//7103 4399//7103 4424//7103
f 4424//7104 4399//7104 4410//7104
f 4424//7105 4410//7105 4422//7105
f 4422//7106 4410//7106 4341//7106
f 4422//7107 4341//7107 4420//7107
f 4420//7108 4341//7108 4340//7108
f 4420//7109 4340//7109 4418//7109
f 4418//7110 4340//7110 4411//7110
f 4418//7111 4411//7111 4416//7111
f 4416//7112 4411//7112 4409//7112
f 4416//7113 4409//7113 4414//7113
f 4414//7114 4409//7114 4408//7114
f 4414//7115 4408//7115 4412//7115
f 4412//7116 4408//7116 4407//7116
f 4412//7117 4407//7117 4344//7117
f 4344//7118 4407//7118 4406//7118
f 4344//7119 4406//7119 4251//7119
f 4251//7120 4406//7120 4252//7120
f 4246//7121 4245//7121 4345//7121
f 4345//7122 4245//7122 4346//7122
f 4345//7123 4346//7123 4413//7123
f 4413//7124 4346//7124 4382//7124
f 4413//7125 4382//7125 4415//7125
f 4415//7126 4382//7126 4384//7126
f 4415//7127 4384//7127 4417//7127
f 4417//7128 4384//7128 4386//7128
f 4417//7129 4386//7129 4419//7129
f 4419//7130 4386//7130 4388//7130
f 4419//7131 4388//7131 4421//7131
f 4421//7132 4388//7132 4390//7132
f 4421//7133 4390//7133 4423//7133
f 4423//7134 4390//7134 4392//7134
f 4423//7135 4392//7135 4425//7135
f 4425//7136 4392//7136 4394//7136
f 4425//7137 4394//7137 4427//7137
f 4427//7138 4394//7138 4396//7138
f 4427//7139 4396//7139 4429//7139
f 4429//7140 4396//7140 4398//7140
f 4429//7141 4398//7141 4430//7141
f 4430//7142 4398//7142 4353//7142
f 4430//7143 4353//7143 4352//7143
f 4352//7144 4353//7144 1466//7144
f 4352//7145 1466//7145 1457//7145
f 1720//7146 1719//7146 1682//7146
f 4240//7147 2286//7147 4349//7147
f 4349//7148 2286//7148 2339//7148
f 4349//7149 2339//7149 4372//7149
f 4372//7150 2339//7150 2340//7150
f 4372//7151 2340//7151 4373//7151
f 4373//7152 2340//7152 2381//7152
f 4373//7153 2381//7153 4374//7153
f 4374//7154 2381//7154 4367//7154
f 2381//7155 2379//7155 4367//7155
f 4367//7156 2379//7156 2336//7156
f 4367//7157 2336//7157 4369//7157
f 4369//7158 2336//7158 2335//7158
f 4369//7159 2335//7159 4363//7159
f 4363//7160 2335//7160 2363//7160
f 4363//7161 2363//7161 4364//7161
f 2215//7162 2227//7162 4359//7162
f 4364//7163 2363//7163 4365//7163
f 4365//7164 2363//7164 2364//7164
f 4365//7165 2364//7165 4360//7165
f 4360//7166 2364//7166 2365//7166
f 4360//7167 2365//7167 4359//7167
f 4359//7168 2365//7168 2366//7168
f 4359//7169 2366//7169 2215//7169
f 1820//7170 1811//7170 1588//7170
f 1588//7171 1587//7171 1820//7171
f 1820//7172 1587//7172 1527//7172
f 1820//7173 1527//7173 2187//7173
f 2187//7174 1527//7174 1488//7174
f 2187//7175 1488//7175 2199//7175
f 2199//7176 1488//7176 1487//7176
f 2199//7177 1487//7177 2200//7177
f 2200//7178 1487//7178 1506//7178
f 2200//7179 1506//7179 2201//7179
f 2201//7180 1506//7180 1508//7180
f 2201//7181 1508//7181 2227//7181
f 2227//7182 1508//7182 1510//7182
f 2227//7183 1510//7183 4359//7183
f 1795//7184 1595//7184 1808//7184
f 1808//7185 1595//7185 1594//7185
f 1808//7186 1594//7186 1809//7186
f 1809//7187 1594//7187 1592//7187
f 1809//7188 1592//7188 1811//7188
f 1811//7189 1592//7189 1590//7189
f 1811//7190 1590//7190 1588//7190
f 1794//7191 1583//7191 1795//7191
f 1795//7192 1583//7192 1585//7192
f 1795//7193 1585//7193 1595//7193
f 1672//7194 1566//7194 1693//7194
f 1693//7195 1566//7195 1565//7195
f 1693//7196 1565//7196 1794//7196
f 1794//7197 1565//7197 1581//7197
f 1794//7198 1581//7198 1583//7198
f 1680//7199 1723//7199 1679//7199
f 1679//7200 1723//7200 1690//7200
f 1682//7201 1719//7201 1683//7201
f 1719//7202 1717//7202 1683//7202
f 1683//7203 1717//7203 1716//7203
f 1683//7204 1716//7204 1680//7204
f 1680//7205 1716//7205 1721//7205
f 1680//7206 1721//7206 1723//7206
f 1720//7207 1682//7207 1706//7207
f 1706//7208 1682//7208 1681//7208
f 1706//7209 1681//7209 1708//7209
f 1708//7210 1681//7210 1710//7210
f 1710//7211 1681//7211 1675//7211
f 1710//7212 1675//7212 1712//7212
f 1712//7213 1675//7213 1714//7213
f 1714//7214 1675//7214 1677//7214
f 1714//7215 1677//7215 1715//7215
f 1678//7216 1702//7216 1677//7216
f 1677//7217 1702//7217 1704//7217
f 1677//7218 1704//7218 1715//7218
f 1693//7219 1696//7219 1672//7219
f 1672//7220 1696//7220 1698//7220
f 1672//7220 1698//7220 1678//7220
f 1678//7221 1698//7221 1700//7221
f 1678//7222 1700//7222 1702//7222
f 4264//7223 4265//7223 2318//7223
f 4264//7224 2318//7224 4262//7224
f 4262//3040 2318//3040 2326//3040
f 4262//7225 2326//7225 4260//7225
f 2326//7226 2269//7226 4260//7226
f 4260//7227 2269//7227 2268//7227
f 4260//7228 2268//7228 4255//7228
f 4255//7229 2268//7229 2328//7229
f 4255//7230 2328//7230 4256//7230
f 4256//7231 2328//7231 2282//7231
f 2286//7232 4240//7232 2284//7232
f 2284//7233 4240//7233 4239//7233
f 2284//7234 4239//7234 2282//7234
f 2282//7235 4239//7235 4257//7235
f 2282//7236 4257//7236 4256//7236
f 2249//7237 2230//7237 4226//7237
f 4226//7238 2230//7238 4227//7238
f 4227//7239 2230//7239 2229//7239
f 4227//7240 2229//7240 4270//7240
f 2229//7241 2235//7241 4270//7241
f 4270//7242 2235//7242 2305//7242
f 4270//7243 2305//7243 4269//7243
f 4269//7244 2305//7244 2315//7244
f 4269//7245 2315//7245 4267//7245
f 4267//7246 2315//7246 2316//7246
f 4267//7247 2316//7247 4265//7247
f 4265//7248 2316//7248 2317//7248
f 4265//7249 2317//7249 2318//7249
f 4226//7250 4237//7250 2249//7250
f 2249//7251 4237//7251 4229//7251
f 2249//7252 4229//7252 2250//7252
f 2250//7253 4229//7253 3942//7253
f 2250//7254 3942//7254 4431//7254
f 4431//7255 3942//7255 4432//7255
f 3942//7256 3939//7256 4432//7256
f 4432//7257 3939//7257 3893//7257
f 4432//7258 3893//7258 4433//7258
f 4434//7259 4435//7259 3928//7259
f 3893//7260 3919//7260 4433//7260
f 4433//7261 3919//7261 3921//7261
f 4433//7262 3921//7262 4436//7262
f 4436//7263 3921//7263 3923//7263
f 4436//7264 3923//7264 4437//7264
f 4437//7265 3923//7265 3924//7265
f 4437//7266 3924//7266 4435//7266
f 4435//7267 3924//7267 3926//7267
f 4435//7268 3926//7268 3928//7268
f 3928//7269 3930//7269 4434//7269
f 4434//7270 3930//7270 3931//7270
f 4434//7271 3931//7271 3832//7271
f 3832//7272 3931//7272 3933//7272
f 3832//7273 3933//7273 3834//7273
f 3837//7221 3836//7221 4002//7221
f 4002//7220 3836//7220 3834//7220
f 4002//7220 3834//7220 4001//7220
f 4001//7274 3834//7274 3933//7274
f 3998//7218 3827//7218 3825//7218
f 3998//7275 3825//7275 4002//7275
f 4002//7276 3825//7276 3823//7276
f 4002//7277 3823//7277 3837//7277
f 3996//7278 3830//7278 3998//7278
f 3998//7279 3830//7279 3829//7279
f 3998//7215 3829//7215 3827//7215
f 3815//7146 3813//7146 4006//7146
f 4006//7280 3813//7280 3821//7280
f 4006//7281 3821//7281 3995//7281
f 3995//7209 3821//7209 3820//7209
f 3995//7282 3820//7282 3996//7282
f 3996//7283 3820//7283 3818//7283
f 3996//7212 3818//7212 3830//7212
f 3815//7284 4006//7284 3816//7284
f 3816//7285 4006//7285 4005//7285
f 3816//7203 4005//7203 3810//7203
f 3810//7286 4005//7286 3811//7286
f 3811//7287 4005//7287 4004//7287
f 3811//7206 4004//7206 3807//7206
f 3807//7199 4004//7199 3892//7199
f 3807//7288 3892//7288 3805//7288
f 4438//7289 4439//7289 4440//7289
f 2252//7290 2250//7290 4431//7290
f 4441//7291 2244//7291 2246//7291
f 4441//7292 2246//7292 4442//7292
f 4442//7293 2246//7293 2259//7293
f 4442//7294 2259//7294 4443//7294
f 4443//7295 2259//7295 2258//7295
f 4443//7296 2258//7296 4444//7296
f 4444//7297 2258//7297 2256//7297
f 4444//7298 2256//7298 4445//7298
f 4445//7299 2256//7299 2254//7299
f 4445//7300 2254//7300 4446//7300
f 4446//7301 2254//7301 2252//7301
f 4446//7302 2252//7302 4447//7302
f 4447//7303 2252//7303 4431//7303
f 4447//7304 4431//7304 4432//7304
f 4432//7305 4448//7305 4447//7305
f 4447//7306 4448//7306 4449//7306
f 4447//7307 4449//7307 4446//7307
f 4446//7308 4449//7308 4450//7308
f 4446//7309 4450//7309 4445//7309
f 4445//7310 4450//7310 4451//7310
f 4445//7311 4451//7311 4444//7311
f 4444//7312 4451//7312 4452//7312
f 4444//7313 4452//7313 4443//7313
f 4443//7314 4452//7314 4438//7314
f 4443//7315 4438//7315 4442//7315
f 4442//7316 4438//7316 4440//7316
f 4442//7317 4440//7317 4441//7317
f 4437//7318 4435//7318 4453//7318
f 4434//7319 3832//7319 3831//7319
f 4454//7320 4455//7320 4456//7320
f 4457//7321 4458//7321 4459//7321
f 4460//7322 4461//7322 4462//7322
f 4463//7323 4449//7323 4464//7323
f 4464//7324 4449//7324 4448//7324
f 4464//7325 4448//7325 4465//7325
f 4465//7326 4448//7326 4432//7326
f 4465//7327 4432//7327 4433//7327
f 4452//7328 4451//7328 4463//7328
f 4463//7329 4451//7329 4450//7329
f 4463//7330 4450//7330 4449//7330
f 4463//7331 4466//7331 4452//7331
f 4452//7332 4466//7332 4462//7332
f 4452//7333 4462//7333 4438//7333
f 4438//7334 4462//7334 4461//7334
f 4438//7335 4461//7335 4439//7335
f 4454//7336 3783//7336 4467//7336
f 4467//7337 3783//7337 3786//7337
f 4458//7338 4460//7338 4459//7338
f 4459//7339 4460//7339 4462//7339
f 4459//7340 4462//7340 4468//7340
f 4468//7341 4462//7341 4466//7341
f 4468//7342 4466//7342 4469//7342
f 4469//7343 4466//7343 4463//7343
f 4469//7344 4463//7344 4470//7344
f 4470//7345 4463//7345 4464//7345
f 4470//7346 4464//7346 4471//7346
f 4471//7347 4464//7347 4465//7347
f 4471//7348 4465//7348 4436//7348
f 4436//7349 4465//7349 4433//7349
f 4455//7350 4457//7350 4456//7350
f 4456//7351 4457//7351 4459//7351
f 4456//7352 4459//7352 4472//7352
f 4472//7353 4459//7353 4468//7353
f 4472//7354 4468//7354 4473//7354
f 4473//7355 4468//7355 4469//7355
f 4473//7356 4469//7356 4474//7356
f 4474//7357 4469//7357 4470//7357
f 4474//7358 4470//7358 4453//7358
f 4453//7359 4470//7359 4471//7359
f 4453//7360 4471//7360 4437//7360
f 4437//7361 4471//7361 4436//7361
f 4454//7362 4456//7362 3783//7362
f 3783//7363 4456//7363 4472//7363
f 3783//7364 4472//7364 3784//7364
f 3784//7365 4472//7365 4473//7365
f 3784//7366 4473//7366 3870//7366
f 3870//7367 4473//7367 4474//7367
f 3870//7368 4474//7368 3888//7368
f 3888//7369 4474//7369 4453//7369
f 3888//7370 4453//7370 3831//7370
f 3831//7371 4453//7371 4435//7371
f 3831//7372 4435//7372 4434//7372
f 4475//7373 4476//7373 4477//7373
f 4478//7374 4479//7374 4480//7374
f 4479//7375 4478//7375 4461//7375
f 4481//7376 4482//7376 4483//7376
f 4484//7377 4485//7377 4486//7377
f 4486//7378 4485//7378 4487//7378
f 4486//7379 4487//7379 4488//7379
f 4489//7380 4490//7380 4491//7380
f 4492//7381 4493//7381 4490//7381
f 4467//7382 3786//7382 4494//7382
f 4493//7381 4492//7381 4494//7381
f 4494//7383 4492//7383 4454//7383
f 4494//7384 4454//7384 4467//7384
f 4495//7385 4496//7385 4497//7385
f 4497//7386 4496//7386 4498//7386
f 4497//7387 4498//7387 4480//7387
f 4480//7388 4498//7388 4499//7388
f 4480//7389 4499//7389 4478//7389
f 4478//7390 4499//7390 4500//7390
f 4478//7391 4500//7391 4461//7391
f 4461//7392 4500//7392 4439//7392
f 4495//7393 4497//7393 4501//7393
f 4501//7394 4497//7394 4502//7394
f 4501//7395 4502//7395 4503//7395
f 4481//7396 4483//7396 4502//7396
f 4502//7397 4483//7397 4504//7397
f 4502//7398 4504//7398 4503//7398
f 4490//7399 4489//7399 4492//7399
f 4492//7400 4489//7400 4477//7400
f 4492//7401 4477//7401 4454//7401
f 4454//7402 4477//7402 4476//7402
f 4454//7403 4476//7403 4455//7403
f 4455//7404 4476//7404 4475//7404
f 4455//7405 4475//7405 4457//7405
f 4460//7406 4458//7406 4505//7406
f 4505//7407 4458//7407 4506//7407
f 4505//7408 4506//7408 4484//7408
f 4484//7409 4506//7409 4507//7409
f 4484//7410 4507//7410 4485//7410
f 4485//7411 4507//7411 4508//7411
f 4485//7412 4508//7412 4487//7412
f 4487//7413 4508//7413 4509//7413
f 4458//7414 4457//7414 4506//7414
f 4506//7415 4457//7415 4475//7415
f 4506//7416 4475//7416 4507//7416
f 4507//7417 4475//7417 4477//7417
f 4507//7418 4477//7418 4508//7418
f 4508//7419 4477//7419 4489//7419
f 4508//7420 4489//7420 4509//7420
f 4509//7421 4489//7421 4491//7421
f 4509//7422 4491//7422 4487//7422
f 4487//7423 4491//7423 4510//7423
f 4461//7424 4460//7424 4479//7424
f 4479//7425 4460//7425 4505//7425
f 4479//7426 4505//7426 4480//7426
f 4480//7427 4505//7427 4484//7427
f 4480//7428 4484//7428 4497//7428
f 4497//7429 4484//7429 4486//7429
f 4497//7430 4486//7430 4502//7430
f 4502//7431 4486//7431 4488//7431
f 4502//7432 4488//7432 4481//7432
f 4481//7433 4488//7433 4487//7433
f 4481//7434 4487//7434 4511//7434
f 4511//7423 4487//7423 4510//7423
f 4439//7435 4500//7435 4440//7435
f 4440//7436 4500//7436 4512//7436
f 4512//7437 4500//7437 4513//7437
f 4513//7438 4500//7438 4499//7438
f 4513//7439 4499//7439 4514//7439
f 4514//7440 4499//7440 4498//7440
f 4514//7441 4498//7441 4515//7441
f 4498//7442 4496//7442 4515//7442
f 4515//7443 4496//7443 4495//7443
f 4515//7444 4495//7444 4516//7444
f 4516//7445 4495//7445 4501//7445
f 4516//7446 4501//7446 4517//7446
f 4501//7447 4503//7447 4517//7447
f 4517//7448 4503//7448 4504//7448
f 4517//7449 4504//7449 4518//7449
f 4518//7450 4504//7450 4483//7450
f 4518//7451 4483//7451 4482//7451
f 2244//7452 4441//7452 4519//7452
f 4519//7453 4441//7453 4520//7453
f 4520//7454 4441//7454 4521//7454
f 4521//7455 4441//7455 4440//7455
f 4521//7456 4440//7456 4522//7456
f 4440//7457 4512//7457 4522//7457
f 4522//7458 4512//7458 4513//7458
f 4522//7459 4513//7459 4523//7459
f 4523//7460 4513//7460 4514//7460
f 4523//7461 4514//7461 4524//7461
f 4524//7462 4514//7462 4515//7462
f 4517//7463 4525//7463 4516//7463
f 4516//7464 4525//7464 4526//7464
f 4516//7465 4526//7465 4515//7465
f 4515//7466 4526//7466 4527//7466
f 4515//7467 4527//7467 4524//7467
f 4517//7468 4518//7468 4525//7468
f 4525//7469 4518//7469 4528//7469
f 4525//7469 4528//7469 4529//7469
f 4530//7470 4531//7470 4532//7470
f 4532//7471 4531//7471 4533//7471
f 2244//7472 4519//7472 2245//7472
f 2245//7473 4519//7473 4534//7473
f 2245//7474 4534//7474 2261//7474
f 4533//7475 4531//7475 4535//7475
f 4535//7476 4531//7476 4536//7476
f 4535//7477 4536//7477 4534//7477
f 4534//7478 4536//7478 4537//7478
f 4534//7479 4537//7479 2261//7479
f 2261//7480 4537//7480 4538//7480
f 2261//7481 4538//7481 2260//7481
f 4536//7482 4539//7482 4540//7482
f 4540//7483 4541//7483 4536//7483
f 4536//7484 4541//7484 4542//7484
f 4536//7485 4542//7485 4537//7485
f 4537//7486 4542//7486 4543//7486
f 4537//7487 4543//7487 4538//7487
f 4539//7488 4536//7488 4544//7488
f 4544//7489 4536//7489 4531//7489
f 4544//7490 4531//7490 4545//7490
f 4545//7491 4531//7491 4530//7491
f 4545//7492 4530//7492 4546//7492
f 2417//7493 2418//7493 4547//7493
f 2411//7494 2300//7494 2278//7494
f 4548//7495 4544//7495 4545//7495
f 4541//7496 4540//7496 4549//7496
f 4549//7497 4540//7497 4539//7497
f 2277//7498 2260//7498 4538//7498
f 4541//7499 4549//7499 4542//7499
f 4542//7500 4549//7500 4550//7500
f 4542//7501 4550//7501 4543//7501
f 4543//7502 4550//7502 4551//7502
f 4543//7503 4551//7503 4538//7503
f 4538//7504 4551//7504 4552//7504
f 4538//7505 4552//7505 2277//7505
f 2277//7506 4552//7506 4547//7506
f 2277//7507 4547//7507 2278//7507
f 2278//7508 4547//7508 2418//7508
f 2278//7509 2418//7509 2411//7509
f 2412//7510 4553//7510 2413//7510
f 2413//7511 4553//7511 4554//7511
f 2413//7512 4554//7512 2423//7512
f 4555//7513 4556//7513 4557//7513
f 4557//7514 4556//7514 4558//7514
f 4557//7515 4558//7515 4559//7515
f 4559//7516 4558//7516 4560//7516
f 4559//7517 4560//7517 4553//7517
f 4553//7518 4560//7518 4561//7518
f 4553//7519 4561//7519 4554//7519
f 4562//7520 4563//7520 4555//7520
f 4555//7521 4563//7521 4564//7521
f 4555//7522 4564//7522 4556//7522
f 4555//7523 4565//7523 4562//7523
f 4562//7524 4565//7524 4548//7524
f 4562//7525 4548//7525 4566//7525
f 4566//7526 4548//7526 4545//7526
f 4566//7527 4545//7527 4546//7527
f 2412//7528 2417//7528 4553//7528
f 4553//7529 2417//7529 4547//7529
f 4553//7530 4547//7530 4559//7530
f 4559//7531 4547//7531 4552//7531
f 4559//7532 4552//7532 4557//7532
f 4557//7533 4552//7533 4551//7533
f 4557//7534 4551//7534 4555//7534
f 4555//7535 4551//7535 4550//7535
f 4555//7536 4550//7536 4565//7536
f 4565//7537 4550//7537 4549//7537
f 4565//7538 4549//7538 4548//7538
f 4548//7539 4549//7539 4539//7539
f 4548//7540 4539//7540 4544//7540
f 4567//7541 4568//7541 4569//7541
f 4569//7542 4568//7542 4570//7542
f 4571//7543 4572//7543 4573//7543
f 4574//7544 4575//7544 4576//7544
f 4577//7545 4578//7545 4579//7545
f 4580//7546 4581//7546 4582//7546
f 4582//7547 4581//7547 4566//7547
f 4583//7548 4584//7548 4556//7548
f 4556//7549 4564//7549 4583//7549
f 4583//7550 4564//7550 4563//7550
f 4583//7551 4563//7551 4581//7551
f 4581//7552 4563//7552 4562//7552
f 4581//7553 4562//7553 4566//7553
f 4585//7554 4586//7554 4554//7554
f 4554//7555 4561//7555 4585//7555
f 4585//7556 4561//7556 4560//7556
f 4585//7557 4560//7557 4584//7557
f 4584//7558 4560//7558 4558//7558
f 4584//7559 4558//7559 4556//7559
f 4587//7560 2446//7560 2432//7560
f 4584//7561 4588//7561 4585//7561
f 4585//7562 4588//7562 4587//7562
f 4585//7563 4587//7563 4586//7563
f 4586//7564 4587//7564 2432//7564
f 4586//7565 2432//7565 4554//7565
f 4554//7566 2432//7566 2423//7566
f 2522//7567 4567//7567 2523//7567
f 2523//7568 4567//7568 4569//7568
f 2523//7569 4569//7569 4589//7569
f 4589//7570 4569//7570 4577//7570
f 4589//7571 4577//7571 4590//7571
f 4590//7572 4577//7572 4579//7572
f 4571//7573 4588//7573 4572//7573
f 4572//7574 4588//7574 4584//7574
f 4572//7575 4584//7575 4573//7575
f 4573//7576 4584//7576 4583//7576
f 4573//7577 4583//7577 4591//7577
f 4591//7578 4583//7578 4581//7578
f 4591//7579 4581//7579 4575//7579
f 4575//7580 4581//7580 4580//7580
f 4575//7581 4580//7581 4576//7581
f 4574//7582 4578//7582 4575//7582
f 4575//7583 4578//7583 4577//7583
f 4575//7584 4577//7584 4591//7584
f 4591//7585 4577//7585 4569//7585
f 4591//7586 4569//7586 4573//7586
f 4573//7587 4569//7587 4570//7587
f 4573//7588 4570//7588 4571//7588
f 4574//7589 4576//7589 4592//7589
f 4566//7590 4546//7590 4582//7590
f 4582//7591 4546//7591 4592//7591
f 4582//7592 4592//7592 4580//7592
f 4580//7593 4592//7593 4576//7593
f 4574//7594 4592//7594 4578//7594
f 4578//7595 4592//7595 4593//7595
f 4578//7596 4593//7596 4579//7596
f 1192//7597 1191//7597 2525//7597
f 2680//7598 2676//7598 4593//7598
f 4593//7599 2676//7599 2675//7599
f 4593//7600 2675//7600 4579//7600
f 4579//7601 2675//7601 4590//7601
f 2528//7602 2532//7602 2655//7602
f 2655//7603 2532//7603 2531//7603
f 2655//7604 2531//7604 2656//7604
f 2531//7605 1192//7605 2656//7605
f 2656//7606 1192//7606 2525//7606
f 2656//7607 2525//7607 2663//7607
f 2663//7608 2525//7608 2524//7608
f 2663//7609 2524//7609 2667//7609
f 2667//7610 2524//7610 2523//7610
f 2667//7611 2523//7611 2666//7611
f 2666//7612 2523//7612 4589//7612
f 2666//7613 4589//7613 2658//7613
f 2658//7614 4589//7614 4590//7614
f 2658//7615 4590//7615 2659//7615
f 2659//7616 4590//7616 2675//7616
f 4594//7617 2691//7617 2687//7617
f 4594//7618 2687//7618 4595//7618
f 4595//7619 2687//7619 4596//7619
f 4596//7620 2687//7620 2680//7620
f 4596//7621 2680//7621 4593//7621
f 1071//7622 1070//7622 2698//7622
f 1071//7623 2698//7623 4597//7623
f 4597//7624 2698//7624 2697//7624
f 4597//7625 2697//7625 4595//7625
f 2697//7626 2693//7626 4595//7626
f 4595//7627 2693//7627 2692//7627
f 4595//7628 2692//7628 4594//7628
f 4594//7629 2692//7629 2691//7629
f 4597//7630 4595//7630 4598//7630
f 4597//7631 4598//7631 1071//7631
f 1067//7632 1069//7632 1072//7632
f 1072//7633 1069//7633 4599//7633
f 1072//7634 4599//7634 1027//7634
f 1027//7635 4599//7635 4600//7635
f 1069//7636 1071//7636 4599//7636
f 4599//7637 1071//7637 4598//7637
f 4599//7638 4598//7638 4600//7638
f 4600//7639 4598//7639 4601//7639
f 4602//7640 4603//7640 4604//7640
f 4595//7641 4596//7641 4598//7641
f 4598//7642 4596//7642 4602//7642
f 4598//7643 4602//7643 4601//7643
f 4601//7644 4602//7644 4604//7644
f 4533//7645 4605//7645 4532//7645
f 4532//7646 4605//7646 4606//7646
f 4532//7647 4606//7647 4607//7647
f 4592//7648 4546//7648 4530//7648
f 4607//7649 4608//7649 4532//7649
f 4532//7650 4608//7650 4603//7650
f 4532//7651 4603//7651 4530//7651
f 4530//7652 4603//7652 4602//7652
f 4530//7653 4602//7653 4592//7653
f 4592//7654 4602//7654 4596//7654
f 4592//7655 4596//7655 4593//7655
f 4600//7656 4601//7656 4604//7656
f 4605//7657 4533//7657 4609//7657
f 4605//7658 4609//7658 4606//7658
f 4609//7659 1042//7659 4606//7659
f 4606//7660 1042//7660 1040//7660
f 4606//7661 1040//7661 4607//7661
f 4607//7662 1040//7662 1038//7662
f 4607//7663 1038//7663 4608//7663
f 1038//7664 1039//7664 4608//7664
f 4608//7665 1039//7665 1029//7665
f 4608//7666 1029//7666 4603//7666
f 1029//7667 1030//7667 4603//7667
f 4603//7668 1030//7668 1031//7668
f 4603//7669 1031//7669 1032//7669
f 1032//7670 1033//7670 4603//7670
f 4603//7671 1033//7671 1034//7671
f 4603//7672 1034//7672 4604//7672
f 4604//7673 1034//7673 1028//7673
f 4604//7674 1028//7674 1024//7674
f 1027//7675 4600//7675 1026//7675
f 1026//7676 4600//7676 4604//7676
f 1026//7677 4604//7677 1025//7677
f 1025//7678 4604//7678 1024//7678
f 4610//7679 4527//7679 4526//7679
f 4609//7680 4533//7680 4535//7680
f 1047//7681 1045//7681 4611//7681
f 4611//7682 1045//7682 1043//7682
f 4611//7683 1043//7683 4612//7683
f 4612//7684 1043//7684 1041//7684
f 4612//7685 1041//7685 1042//7685
f 1054//7686 1055//7686 4613//7686
f 4613//7686 1055//7686 4614//7686
f 1047//7687 4611//7687 1048//7687
f 1048//7688 4611//7688 4610//7688
f 1048//7689 4610//7689 1049//7689
f 1049//7690 4610//7690 4526//7690
f 1049//7691 4526//7691 1052//7691
f 1052//7692 4526//7692 4525//7692
f 1052//7693 4525//7693 1055//7693
f 1055//7694 4525//7694 4529//7694
f 1055//7686 4529//7686 4614//7686
f 4527//7695 4610//7695 4524//7695
f 4524//7696 4610//7696 4611//7696
f 4524//7697 4611//7697 4523//7697
f 4523//7698 4611//7698 4522//7698
f 4522//7699 4611//7699 4612//7699
f 4522//7424 4612//7424 4521//7424
f 1042//7700 4609//7700 4612//7700
f 4612//7701 4609//7701 4535//7701
f 4612//7702 4535//7702 4521//7702
f 4521//7703 4535//7703 4534//7703
f 4521//7704 4534//7704 4520//7704
f 4520//7705 4534//7705 4519//7705
f 3801//360 3804//360 3890//360
f 907//360 909//360 3786//360
f 3786//360 909//360 911//360
f 3786//360 911//360 4494//360
f 913//360 915//360 1065//360
f 3890//360 3794//360 3796//360
f 903//360 901//360 3786//360
f 3786//360 901//360 905//360
f 3786//360 905//360 907//360
f 3796//360 3798//360 3890//360
f 3890//360 3798//360 3852//360
f 3890//360 3852//360 3853//360
f 3853//360 3854//360 3890//360
f 3890//360 3854//360 3855//360
f 3890//360 3855//360 3856//360
f 3856//360 3857//360 3890//360
f 3890//360 3857//360 3858//360
f 3890//360 3858//360 3801//360
f 1056//7706 1053//7706 911//7706
f 911//7707 1053//7707 1054//7707
f 4481//360 4511//360 911//360
f 911//360 4511//360 4510//360
f 911//360 4510//360 4491//360
f 3788//360 3790//360 3890//360
f 3890//360 3790//360 3792//360
f 3890//360 3792//360 3794//360
f 3788//360 3890//360 3786//360
f 3786//360 3890//360 904//360
f 3786//360 904//360 903//360
f 913//360 1065//360 911//360
f 911//360 1065//360 1060//360
f 911//360 1060//360 1059//360
f 1059//360 1058//360 911//360
f 911//360 1058//360 1057//360
f 911//360 1057//360 1056//360
f 4491//360 4490//360 911//360
f 911//360 4490//360 4493//360
f 911//360 4493//360 4494//360
f 1054//360 4613//360 911//360
f 911//360 4613//360 4614//360
f 911//360 4614//360 4529//360
f 4482//7708 4481//7708 4518//7708
f 4518//7709 4481//7709 911//7709
f 4518//360 911//360 4528//360
f 4528//360 911//360 4529//360
f 4615//7710 4616//7710 4007//7710
f 4007//7711 4616//7711 4617//7711
f 4007//7712 4617//7712 4618//7712
f 904//7713 3890//7713 3889//7713
f 4618//7714 4619//7714 4007//7714
f 4007//7715 4619//7715 893//7715
f 4007//7716 893//7716 3889//7716
f 3889//7717 893//7717 895//7717
f 3889//7718 895//7718 904//7718
f 883//7719 4620//7719 4621//7719
f 894//7720 893//7720 4619//7720
f 4622//7721 4619//7721 4618//7721
f 894//7722 4619//7722 896//7722
f 896//7723 4619//7723 4622//7723
f 896//7724 4622//7724 897//7724
f 4623//7725 890//7725 4622//7725
f 4622//7726 890//7726 889//7726
f 4622//7727 889//7727 897//7727
f 884//7728 886//7728 4624//7728
f 4624//7729 886//7729 892//7729
f 4624//7730 892//7730 4623//7730
f 4623//7731 892//7731 891//7731
f 4623//7732 891//7732 890//7732
f 883//7733 4621//7733 881//7733
f 881//7734 4621//7734 4625//7734
f 881//7735 4625//7735 874//7735
f 874//7736 4625//7736 4626//7736
f 874//7737 4626//7737 875//7737
f 875//7738 4626//7738 2723//7738
f 875//7739 2723//7739 877//7739
f 2719//7740 2718//7740 4627//7740
f 4627//7741 2718//7741 4628//7741
f 4629//7742 4630//7742 4628//7742
f 4628//7743 4630//7743 4631//7743
f 4628//7744 4631//7744 4627//7744
f 4632//7745 4633//7745 4629//7745
f 4629//7746 4633//7746 4634//7746
f 4629//7747 4634//7747 4630//7747
f 4635//7748 4636//7748 4637//7748
f 4637//7749 4636//7749 4638//7749
f 4637//7750 4638//7750 4639//7750
f 4639//7751 4638//7751 4640//7751
f 4639//7752 4640//7752 4632//7752
f 4632//7753 4640//7753 4641//7753
f 4632//7754 4641//7754 4633//7754
f 4620//7755 4642//7755 4621//7755
f 4621//7756 4642//7756 4643//7756
f 4621//7757 4643//7757 4625//7757
f 4625//7758 4643//7758 4644//7758
f 4625//7759 4644//7759 4626//7759
f 4626//7760 4644//7760 4645//7760
f 4626//7761 4645//7761 2723//7761
f 2723//7762 4645//7762 2721//7762
f 4646//7763 4624//7763 4647//7763
f 4647//7764 4624//7764 4623//7764
f 4647//7765 4623//7765 4648//7765
f 4648//7766 4623//7766 4622//7766
f 4648//7767 4622//7767 4649//7767
f 4649//7768 4622//7768 4618//7768
f 4618//7769 4617//7769 4649//7769
f 4649//7770 4617//7770 4650//7770
f 4649//7771 4650//7771 4648//7771
f 4648//7772 4650//7772 4635//7772
f 4648//7773 4635//7773 4647//7773
f 4647//7774 4635//7774 4637//7774
f 4647//7775 4637//7775 4646//7775
f 4646//7776 4637//7776 4639//7776
f 2718//7777 2721//7777 4628//7777
f 4628//7778 2721//7778 4645//7778
f 4628//7779 4645//7779 4629//7779
f 4629//7780 4645//7780 4644//7780
f 4629//7781 4644//7781 4632//7781
f 4632//7782 4644//7782 4643//7782
f 4632//7783 4643//7783 4639//7783
f 4639//7784 4643//7784 4642//7784
f 4639//7785 4642//7785 4646//7785
f 4646//7786 4642//7786 4620//7786
f 4646//7787 4620//7787 4624//7787
f 4624//7788 4620//7788 883//7788
f 4624//7789 883//7789 884//7789
f 2727//7790 2716//7790 2735//7790
f 4650//7791 4617//7791 4616//7791
f 4650//7792 4616//7792 4635//7792
f 4635//7793 4616//7793 4651//7793
f 4635//7794 4651//7794 4636//7794
f 4651//7795 4652//7795 4636//7795
f 4636//7796 4652//7796 4653//7796
f 4636//7797 4653//7797 4638//7797
f 4638//7798 4653//7798 4654//7798
f 4638//7799 4654//7799 4640//7799
f 4640//7800 4654//7800 4655//7800
f 4630//7801 4634//7801 4656//7801
f 4656//7802 4634//7802 4633//7802
f 4656//7803 4633//7803 4655//7803
f 4655//7804 4633//7804 4641//7804
f 4655//7805 4641//7805 4640//7805
f 4657//7806 4658//7806 4659//7806
f 2736//7807 3581//7807 2737//7807
f 2737//7808 3581//7808 3579//7808
f 2737//7809 3579//7809 2738//7809
f 2738//7810 3579//7810 3578//7810
f 2738//7811 3578//7811 2739//7811
f 2739//7812 3578//7812 2743//7812
f 2743//7813 3578//7813 3599//7813
f 2743//7814 3599//7814 2744//7814
f 2744//7815 3599//7815 3598//7815
f 2744//7816 3598//7816 2742//7816
f 2749//7817 2745//7817 4660//7817
f 4660//7818 2745//7818 2740//7818
f 4660//7819 2740//7819 4661//7819
f 4661//7820 2740//7820 2741//7820
f 4661//7821 2741//7821 2742//7821
f 2749//7822 4660//7822 2748//7822
f 2748//7823 4660//7823 4662//7823
f 2748//7824 4662//7824 2747//7824
f 2747//7825 4662//7825 4663//7825
f 2747//7826 4663//7826 2746//7826
f 2746//7827 4663//7827 2751//7827
f 2751//7828 4663//7828 4664//7828
f 2751//7829 4664//7829 2754//7829
f 4657//7830 4659//7830 4665//7830
f 2755//7831 2754//7831 4659//7831
f 4659//7832 2754//7832 4664//7832
f 4659//7833 4664//7833 4665//7833
f 4665//7834 4664//7834 4663//7834
f 4665//7835 4663//7835 3593//7835
f 3593//7836 4663//7836 4662//7836
f 3593//7837 4662//7837 3594//7837
f 3594//7838 4662//7838 4660//7838
f 3594//7839 4660//7839 3595//7839
f 2742//7840 3598//7840 4661//7840
f 4661//7841 3598//7841 3597//7841
f 4661//7842 3597//7842 4660//7842
f 4660//7843 3597//7843 3596//7843
f 4660//7844 3596//7844 3595//7844
f 2720//7845 3584//7845 2715//7845
f 2715//7846 3584//7846 3583//7846
f 2715//7847 3583//7847 2716//7847
f 2716//7848 3583//7848 3581//7848
f 2716//7849 3581//7849 2735//7849
f 2735//7850 3581//7850 2736//7850
f 2720//7851 2719//7851 3584//7851
f 3584//7852 2719//7852 4627//7852
f 3584//7853 4627//7853 4666//7853
f 4627//7854 4631//7854 4666//7854
f 4666//7855 4631//7855 4630//7855
f 4666//7856 4630//7856 4667//7856
f 4667//7857 4630//7857 4656//7857
f 4667//7858 4656//7858 4668//7858
f 4668//7859 4656//7859 4655//7859
f 4668//7860 4655//7860 4669//7860
f 4669//7861 4655//7861 4654//7861
f 4669//7862 4654//7862 4670//7862
f 4670//7863 4654//7863 4653//7863
f 4670//7864 4653//7864 4671//7864
f 4653//7865 4652//7865 4671//7865
f 4671//7866 4652//7866 4651//7866
f 4671//7867 4651//7867 4672//7867
f 4672//7868 4651//7868 4616//7868
f 4672//7869 4616//7869 4615//7869
f 2757//7870 2755//7870 4659//7870
f 2757//7871 4659//7871 2778//7871
f 4673//7872 4674//7872 2773//7872
f 2773//7873 2771//7873 4673//7873
f 4673//7874 2771//7874 2770//7874
f 4673//7875 2770//7875 2779//7875
f 4673//7876 4675//7876 4676//7876
f 4676//7877 4677//7877 4673//7877
f 4673//7878 4677//7878 4678//7878
f 4673//7879 4678//7879 4674//7879
f 2779//7880 2778//7880 4673//7880
f 4673//7881 2778//7881 4659//7881
f 4673//7882 4659//7882 4675//7882
f 4675//7883 4659//7883 4658//7883
f 2765//7884 4679//7884 2767//7884
f 4680//7885 4681//7885 2769//7885
f 4678//7886 4677//7886 4680//7886
f 4680//7887 4677//7887 4676//7887
f 4680//7888 4676//7888 4675//7888
f 2769//7889 2767//7889 4680//7889
f 4680//7890 2767//7890 4679//7890
f 4680//7891 4679//7891 4678//7891
f 4678//7892 4679//7892 2765//7892
f 4678//7893 2765//7893 4674//7893
f 4674//7894 2765//7894 2774//7894
f 4674//7895 2774//7895 2773//7895
f 2780//7896 2769//7896 4681//7896
f 2780//7897 4681//7897 2801//7897
f 2801//7898 4681//7898 4682//7898
f 2801//7899 4682//7899 2799//7899
f 2799//7900 4682//7900 4683//7900
f 2799//7901 4683//7901 2797//7901
f 2797//7902 4683//7902 4684//7902
f 2797//7903 4684//7903 2792//7903
f 2792//7904 4684//7904 2793//7904
f 2793//7905 4684//7905 4685//7905
f 2793//7906 4685//7906 2795//7906
f 4686//7907 4687//7907 4688//7907
f 4688//7908 4687//7908 4689//7908
f 4690//7909 4691//7909 4686//7909
f 4686//7910 4691//7910 4692//7910
f 4686//7911 4692//7911 4687//7911
f 4690//7912 4693//7912 4694//7912
f 4694//7913 4693//7913 2795//7913
f 4694//7914 2795//7914 4685//7914
f 2791//7915 2790//7915 4693//7915
f 4693//7916 2790//7916 2796//7916
f 4693//7917 2796//7917 2795//7917
f 2786//7918 2788//7918 4695//7918
f 4695//7919 2788//7919 2791//7919
f 4695//7920 2791//7920 4696//7920
f 2791//7921 4693//7921 4696//7921
f 4696//7922 4693//7922 4690//7922
f 4696//7923 4690//7923 4695//7923
f 4695//7924 4690//7924 4686//7924
f 4695//7925 4686//7925 2786//7925
f 4689//7926 2807//7926 4688//7926
f 4688//7927 2807//7927 2785//7927
f 4688//7928 2785//7928 4686//7928
f 4686//7929 2785//7929 2784//7929
f 4686//7930 2784//7930 2786//7930
f 2807//7931 4697//7931 2809//7931
f 2809//7932 4697//7932 4698//7932
f 2809//7933 4698//7933 2833//7933
f 2833//7934 4698//7934 2834//7934
f 2834//7935 4698//7935 4699//7935
f 2834//7936 4699//7936 2835//7936
f 2835//7937 4699//7937 4700//7937
f 2835//7938 4700//7938 2829//7938
f 2829//7939 4700//7939 2830//7939
f 2830//7940 4700//7940 4701//7940
f 2830//7941 4701//7941 2831//7941
f 4702//7942 2842//7942 2841//7942
f 2832//7943 2831//7943 2841//7943
f 2841//7944 2831//7944 4701//7944
f 2841//7945 4701//7945 4702//7945
f 4702//7946 4701//7946 4700//7946
f 4702//7947 4700//7947 4703//7947
f 4703//7948 4700//7948 4699//7948
f 4703//7949 4699//7949 4704//7949
f 4704//7950 4699//7950 4698//7950
f 4704//7951 4698//7951 4705//7951
f 4705//7952 4698//7952 4697//7952
f 4705//7953 4697//7953 4689//7953
f 4689//7954 4697//7954 2807//7954
f 4689//7955 4706//7955 4705//7955
f 4706//7956 4707//7956 4705//7956
f 4705//7957 4707//7957 4708//7957
f 4705//7958 4708//7958 4704//7958
f 4704//7959 4708//7959 4709//7959
f 4704//7960 4709//7960 4703//7960
f 4703//7961 4709//7961 4710//7961
f 4703//7962 4710//7962 4702//7962
f 4702//7963 4710//7963 4711//7963
f 4702//7964 4711//7964 2842//7964
f 2842//7965 4711//7965 4712//7965
f 2842//7966 4712//7966 2840//7966
f 2840//7967 4712//7967 4713//7967
f 2840//7968 4713//7968 2836//7968
f 2836//7969 4713//7969 4714//7969
f 2836//7970 4714//7970 2837//7970
f 2837//7971 4714//7971 4715//7971
f 2837//7972 4715//7972 2838//7972
f 2838//7973 4715//7973 4716//7973
f 2838//7974 4716//7974 2846//7974
f 2846//7975 4716//7975 4717//7975
f 2846//7976 4717//7976 4718//7976
f 2855//7977 4719//7977 2857//7977
f 2857//7978 4719//7978 4720//7978
f 2857//7979 4720//7979 3075//7979
f 3075//7980 4720//7980 3080//7980
f 3075//7981 3080//7981 3073//7981
f 3085//7982 3080//7982 3094//7982
f 3094//7983 3080//7983 4720//7983
f 3094//7984 4720//7984 3096//7984
f 3096//7985 4720//7985 3098//7985
f 3101//7986 4721//7986 3103//7986
f 3103//7987 4721//7987 3108//7987
f 3103//7988 3108//7988 3104//7988
f 4722//7989 4723//7989 4724//7989
f 4724//7990 4723//7990 4725//7990
f 4724//7991 4725//7991 4726//7991
f 4726//7992 4725//7992 4727//7992
f 4728//7993 4729//7993 4722//7993
f 4722//7994 4729//7994 4730//7994
f 4722//7995 4730//7995 4723//7995
f 4731//7996 4732//7996 4728//7996
f 4728//7997 4732//7997 4733//7997
f 4728//7998 4733//7998 4729//7998
f 4728//7999 4734//7999 4731//7999
f 4731//8000 4734//8000 4735//8000
f 4731//8001 4735//8001 4736//8001
f 4736//8002 4735//8002 4737//8002
f 4736//8003 4737//8003 4738//8003
f 4737//8004 4739//8004 4738//8004
f 4738//8005 4739//8005 4740//8005
f 4738//8006 4740//8006 4741//8006
f 4741//8007 4740//8007 4742//8007
f 4741//8008 4742//8008 4743//8008
f 4743//8009 4742//8009 4744//8009
f 4743//8010 4744//8010 4745//8010
f 4745//8011 4744//8011 4746//8011
f 4746//8012 4744//8012 4747//8012
f 4746//8013 4747//8013 4748//8013
f 4721//8014 4749//8014 4750//8014
f 4750//8015 4749//8015 4751//8015
f 4689//8016 4748//8016 4706//8016
f 4706//8017 4748//8017 4747//8017
f 4706//8018 4747//8018 4707//8018
f 4707//8019 4747//8019 4744//8019
f 4707//8020 4744//8020 4708//8020
f 4708//8021 4744//8021 4742//8021
f 4708//8022 4742//8022 4709//8022
f 4709//8023 4742//8023 4740//8023
f 4709//8024 4740//8024 4710//8024
f 4710//8025 4740//8025 4739//8025
f 4710//8026 4739//8026 4711//8026
f 4711//8027 4739//8027 4737//8027
f 4711//8028 4737//8028 4712//8028
f 4712//8029 4737//8029 4735//8029
f 4712//8030 4735//8030 4713//8030
f 4713//8031 4735//8031 4734//8031
f 4713//8032 4734//8032 4714//8032
f 4714//8033 4734//8033 4728//8033
f 4714//8034 4728//8034 4715//8034
f 4715//8035 4728//8035 4722//8035
f 4715//8036 4722//8036 4716//8036
f 4716//8037 4722//8037 4724//8037
f 4716//8038 4724//8038 4717//8038
f 4717//8039 4724//8039 4726//8039
f 3101//8040 3100//8040 4721//8040
f 4721//8041 3100//8041 3098//8041
f 4721//8042 3098//8042 4749//8042
f 4749//8043 3098//8043 4720//8043
f 4749//8044 4720//8044 4751//8044
f 4751//8045 4720//8045 4719//8045
f 3109//8046 3108//8046 4752//8046
f 4752//8047 3108//8047 4721//8047
f 4752//8048 4721//8048 4727//8048
f 4727//8049 4721//8049 4750//8049
f 4727//8050 4750//8050 4726//8050
f 4726//8051 4750//8051 4751//8051
f 4726//8052 4751//8052 4717//8052
f 4717//8053 4751//8053 4719//8053
f 4717//8054 4719//8054 4718//8054
f 4718//8055 4719//8055 2855//8055
f 4718//8056 2855//8056 2846//8056
f 4753//8057 4754//8057 4755//8057
f 1653//8058 4756//8058 1639//8058
f 411//8059 412//8059 1648//8059
f 3083//8060 4757//8060 3081//8060
f 706//8061 3152//8061 4758//8061
f 3152//8062 3151//8062 4759//8062
f 710//8063 4760//8063 4761//8063
f 710//8064 4761//8064 697//8064
f 710//8065 709//8065 4760//8065
f 4760//8066 709//8066 708//8066
f 4760//8067 708//8067 4758//8067
f 4758//8068 708//8068 707//8068
f 4758//8069 707//8069 706//8069
f 4761//8070 4762//8070 697//8070
f 697//8071 4762//8071 4763//8071
f 697//8072 4763//8072 692//8072
f 692//8073 4763//8073 4764//8073
f 692//8074 4764//8074 693//8074
f 693//8075 4764//8075 4765//8075
f 693//8076 4765//8076 3157//8076
f 758//8077 724//8077 4765//8077
f 4765//8078 724//8078 726//8078
f 4765//8079 726//8079 3157//8079
f 4766//8080 755//8080 4767//8080
f 4767//8081 755//8081 728//8081
f 4767//8082 728//8082 4768//8082
f 4768//8083 728//8083 727//8083
f 4768//8084 727//8084 758//8084
f 4769//8085 757//8085 4766//8085
f 4766//8086 757//8086 756//8086
f 4766//8087 756//8087 755//8087
f 4770//8088 754//8088 4769//8088
f 4769//8089 754//8089 753//8089
f 4769//8090 753//8090 757//8090
f 741//8091 746//8091 4771//8091
f 3154//8092 737//8092 736//8092
f 736//8093 745//8093 3154//8093
f 3154//8094 745//8094 744//8094
f 3154//8095 744//8095 4771//8095
f 4771//8096 744//8096 742//8096
f 4771//8097 742//8097 741//8097
f 746//8098 748//8098 4771//8098
f 4771//8099 748//8099 751//8099
f 4771//8100 751//8100 4770//8100
f 4770//8101 751//8101 750//8101
f 4770//8102 750//8102 754//8102
f 4772//8103 3099//8103 3102//8103
f 3095//8104 3097//8104 4773//8104
f 3092//8105 3093//8105 4774//8105
f 4774//8106 3093//8106 3095//8106
f 4774//8107 3095//8107 4775//8107
f 4757//8108 3083//8108 4774//8108
f 4774//8109 3083//8109 3084//8109
f 4774//8110 3084//8110 3092//8110
f 4776//8111 4777//8111 4778//8111
f 4778//8112 4777//8112 4779//8112
f 4780//8113 4781//8113 4782//8113
f 4782//8114 4781//8114 4778//8114
f 4782//8115 4778//8115 4783//8115
f 4783//8116 4778//8116 4779//8116
f 4784//8117 4785//8117 3067//8117
f 3067//8118 4785//8118 4786//8118
f 4786//8119 4787//8119 3067//8119
f 3067//8120 4787//8120 4788//8120
f 3067//8121 4788//8121 4789//8121
f 4776//8122 4790//8122 4791//8122
f 4791//8123 4792//8123 4776//8123
f 4776//8124 4792//8124 4793//8124
f 4776//8125 4793//8125 4777//8125
f 4794//8126 3061//8126 4795//8126
f 4795//8127 3061//8127 3091//8127
f 4794//8128 4796//8128 3061//8128
f 3061//8129 4796//8129 4797//8129
f 3061//8130 4797//8130 3062//8130
f 3062//8131 4797//8131 4798//8131
f 3062//8132 4798//8132 3063//8132
f 3063//8133 4798//8133 4799//8133
f 4784//8134 3067//8134 4800//8134
f 4800//8135 3067//8135 3064//8135
f 4800//8136 3064//8136 4801//8136
f 4801//8137 3064//8137 3065//8137
f 4801//8138 3065//8138 4799//8138
f 4799//8139 3065//8139 3066//8139
f 4799//8140 3066//8140 3063//8140
f 4776//8141 368//8141 369//8141
f 369//8142 371//8142 4776//8142
f 4776//8143 371//8143 3067//8143
f 4776//8144 3067//8144 4790//8144
f 4790//8145 3067//8145 4789//8145
f 371//8146 376//8146 3067//8146
f 3067//8147 376//8147 375//8147
f 3067//8148 375//8148 373//8148
f 1670//8149 3017//8149 1668//8149
f 1668//8150 3017//8150 383//8150
f 373//8151 372//8151 3067//8151
f 3067//8152 372//8152 377//8152
f 3067//8153 377//8153 3068//8153
f 3068//8154 377//8154 379//8154
f 3068//8155 379//8155 3017//8155
f 3017//8156 379//8156 384//8156
f 3017//8157 384//8157 383//8157
f 383//8158 381//8158 1668//8158
f 1668//8159 381//8159 380//8159
f 1668//8160 380//8160 1643//8160
f 380//8161 385//8161 1643//8161
f 1643//8162 385//8162 387//8162
f 1643//8163 387//8163 1644//8163
f 1644//8164 387//8164 388//8164
f 1644//8165 388//8165 1648//8165
f 1648//8166 388//8166 390//8166
f 1648//8167 390//8167 411//8167
f 1653//8168 1650//8168 412//8168
f 412//8169 1650//8169 1649//8169
f 412//8170 1649//8170 1648//8170
f 410//8171 415//8171 4802//8171
f 4802//8172 415//8172 414//8172
f 1639//8173 4756//8173 1637//8173
f 412//8174 410//8174 1653//8174
f 1653//8175 410//8175 4802//8175
f 1653//8176 4802//8176 4756//8176
f 4756//8177 4802//8177 4753//8177
f 4756//8178 4753//8178 1637//8178
f 1637//8179 4753//8179 1634//8179
f 4753//8180 4755//8180 1634//8180
f 1634//8181 4755//8181 4803//8181
f 1634//8182 4803//8182 1632//8182
f 1632//8183 4803//8183 4804//8183
f 1632//8184 4804//8184 1630//8184
f 1630//8185 4804//8185 4805//8185
f 1630//8186 4805//8186 1629//8186
f 1629//8187 4805//8187 4806//8187
f 4806//8188 4805//8188 4807//8188
f 4806//8189 4807//8189 4808//8189
f 4808//8190 4807//8190 4809//8190
f 4808//8191 4809//8191 4810//8191
f 4810//8192 4809//8192 4811//8192
f 4810//8193 4811//8193 4812//8193
f 3152//8194 4759//8194 4758//8194
f 4758//8195 4759//8195 4813//8195
f 4758//8196 4813//8196 4814//8196
f 4815//8197 423//8197 4816//8197
f 4816//8198 423//8198 364//8198
f 4816//8199 364//8199 366//8199
f 4817//8200 421//8200 420//8200
f 4817//8201 420//8201 4818//8201
f 420//8202 419//8202 4818//8202
f 4818//8203 419//8203 418//8203
f 4818//8204 418//8204 4815//8204
f 4815//8205 418//8205 422//8205
f 4815//8206 422//8206 423//8206
f 4819//8207 413//8207 4820//8207
f 4820//8208 413//8208 417//8208
f 4820//8209 417//8209 4817//8209
f 4817//8210 417//8210 416//8210
f 4817//8211 416//8211 421//8211
f 3097//8212 3099//8212 4773//8212
f 4773//8213 3099//8213 4772//8213
f 4773//8214 4772//8214 4821//8214
f 4822//8215 4820//8215 4823//8215
f 4823//8216 4820//8216 4817//8216
f 4823//8217 4817//8217 4824//8217
f 4824//8218 4817//8218 4818//8218
f 4824//8219 4818//8219 4825//8219
f 4825//8220 4818//8220 4815//8220
f 4825//8221 4815//8221 4826//8221
f 4827//8222 4812//8222 4814//8222
f 4814//8223 4812//8223 4811//8223
f 4814//8224 4811//8224 4758//8224
f 4758//8225 4811//8225 4809//8225
f 4758//8226 4809//8226 4760//8226
f 4760//8227 4809//8227 4807//8227
f 4760//8228 4807//8228 4761//8228
f 4761//8229 4807//8229 4805//8229
f 4761//8230 4805//8230 4762//8230
f 4762//8231 4805//8231 4804//8231
f 4762//8232 4804//8232 4763//8232
f 4763//8233 4804//8233 4803//8233
f 4763//8234 4803//8234 4764//8234
f 4764//8235 4803//8235 4755//8235
f 4764//8236 4755//8236 4765//8236
f 4765//8237 4755//8237 4754//8237
f 4768//8238 4822//8238 4767//8238
f 4767//8239 4822//8239 4823//8239
f 4767//8240 4823//8240 4766//8240
f 4766//8241 4823//8241 4824//8241
f 4766//8242 4824//8242 4769//8242
f 4769//8243 4824//8243 4825//8243
f 4769//8244 4825//8244 4770//8244
f 4770//8245 4825//8245 4826//8245
f 4770//8246 4826//8246 4771//8246
f 758//8247 4765//8247 4768//8247
f 4768//8248 4765//8248 4754//8248
f 4768//8249 4754//8249 4822//8249
f 4822//8250 4754//8250 4753//8250
f 4822//8251 4753//8251 4820//8251
f 4820//8252 4753//8252 4802//8252
f 4820//8253 4802//8253 4819//8253
f 4819//8254 4802//8254 414//8254
f 4819//8255 414//8255 413//8255
f 4821//8256 4778//8256 4773//8256
f 4773//8257 4778//8257 4781//8257
f 4773//8258 4781//8258 3095//8258
f 3095//8259 4781//8259 4780//8259
f 3095//8260 4780//8260 4775//8260
f 3114//8261 3154//8261 3102//8261
f 3102//8262 3154//8262 4771//8262
f 3102//8263 4771//8263 4772//8263
f 4772//8264 4771//8264 4826//8264
f 4772//8265 4826//8265 4821//8265
f 4821//8266 4826//8266 4815//8266
f 4821//8267 4815//8267 4778//8267
f 4778//8268 4815//8268 4816//8268
f 4778//8269 4816//8269 4776//8269
f 4776//8270 4816//8270 366//8270
f 4776//8271 366//8271 368//8271
f 4780//8272 4782//8272 4828//8272
f 4785//8273 4829//8273 4786//8273
f 4786//8274 4829//8274 4830//8274
f 4786//8275 4830//8275 4787//8275
f 4787//8276 4830//8276 4788//8276
f 4788//8277 4830//8277 4831//8277
f 4788//8278 4831//8278 4789//8278
f 4793//8279 4792//8279 4832//8279
f 4832//8280 4792//8280 4791//8280
f 4832//8281 4791//8281 4831//8281
f 4831//8282 4791//8282 4790//8282
f 4831//8283 4790//8283 4789//8283
f 4793//8284 4832//8284 4777//8284
f 4777//8285 4832//8285 4833//8285
f 4777//8286 4833//8286 4779//8286
f 4828//8287 4782//8287 4833//8287
f 4833//8288 4782//8288 4783//8288
f 4833//8289 4783//8289 4779//8289
f 4780//8290 4828//8290 4775//8290
f 4775//8291 4828//8291 4834//8291
f 4775//8292 4834//8292 4774//8292
f 4774//8293 4834//8293 4835//8293
f 4774//8294 4835//8294 4757//8294
f 4757//8295 4835//8295 4836//8295
f 4757//8296 4836//8296 3081//8296
f 4837//8297 3087//8297 4838//8297
f 4838//8298 3087//8298 3086//8298
f 4838//8299 3086//8299 4836//8299
f 4836//8300 3086//8300 3082//8300
f 4836//8301 3082//8301 3081//8301
f 4839//8302 3089//8302 4837//8302
f 4837//8303 3089//8303 3088//8303
f 4837//8304 3088//8304 3087//8304
f 4795//8305 3091//8305 4839//8305
f 4839//8306 3091//8306 3090//8306
f 4839//8307 3090//8307 3089//8307
f 4795//8308 4839//8308 4794//8308
f 4794//8309 4839//8309 4840//8309
f 4794//8310 4840//8310 4796//8310
f 4841//8311 4798//8311 4840//8311
f 4840//8312 4798//8312 4797//8312
f 4840//8313 4797//8313 4796//8313
f 4784//8314 4800//8314 4842//8314
f 4842//8315 4800//8315 4801//8315
f 4842//8316 4801//8316 4841//8316
f 4841//8317 4801//8317 4799//8317
f 4841//8318 4799//8318 4798//8318
f 4842//8319 4843//8319 4784//8319
f 4784//8320 4843//8320 4829//8320
f 4784//8321 4829//8321 4785//8321
f 4838//340 4844//340 4837//340
f 4837//340 4844//340 4845//340
f 4837//340 4845//340 4839//340
f 4839//340 4845//340 4846//340
f 4839//340 4846//340 4840//340
f 4840//340 4846//340 4847//340
f 4840//340 4847//340 4841//340
f 4841//340 4847//340 4848//340
f 4841//340 4848//340 4842//340
f 4842//340 4848//340 4849//340
f 4842//340 4849//340 4843//340
f 4843//340 4849//340 4850//340
f 4843//340 4850//340 4829//340
f 4838//340 4836//340 4844//340
f 4844//340 4836//340 4835//340
f 4844//340 4835//340 4851//340
f 4851//340 4835//340 4834//340
f 4851//340 4834//340 4852//340
f 4852//340 4834//340 4828//340
f 4852//340 4828//340 4853//340
f 4853//340 4828//340 4833//340
f 4853//340 4833//340 4854//340
f 4854//340 4833//340 4832//340
f 4854//340 4832//340 4855//340
f 4855//340 4832//340 4831//340
f 4855//340 4831//340 4850//340
f 4850//340 4831//340 4830//340
f 4850//340 4830//340 4829//340
f 4856//360 4857//360 4858//360
f 4859//360 4860//360 4861//360
f 4862//360 4863//360 4864//360
f 4858//360 4865//360 4856//360
f 4856//360 4865//360 4866//360
f 4856//360 4866//360 4860//360
f 4860//360 4866//360 4867//360
f 4860//360 4867//360 4861//360
f 4864//360 4868//360 4862//360
f 4862//360 4868//360 4869//360
f 4862//360 4869//360 4857//360
f 4857//360 4869//360 4870//360
f 4857//360 4870//360 4858//360
f 4861//360 4871//360 4859//360
f 4859//360 4871//360 4872//360
f 4859//360 4872//360 4863//360
f 4863//360 4872//360 4873//360
f 4863//360 4873//360 4864//360
f 4874//5554 4857//5554 4875//5554
f 4875//5554 4857//5554 4856//5554
f 4875//5554 4856//5554 4876//5554
f 4860//5555 4877//5555 4856//5555
f 4856//5555 4877//5555 4878//5555
f 4856//5555 4878//5555 4876//5555
f 4859//5556 4879//5556 4860//5556
f 4860//5556 4879//5556 4880//5556
f 4860//5556 4880//5556 4877//5556
f 4863//5557 4881//5557 4859//5557
f 4859//5557 4881//5557 4882//5557
f 4859//5557 4882//5557 4879//5557
f 4881//5558 4863//5558 4883//5558
f 4883//5558 4863//5558 4862//5558
f 4883//5558 4862//5558 4884//5558
f 4884//5559 4862//5559 4885//5559
f 4885//5559 4862//5559 4857//5559
f 4885//5559 4857//5559 4874//5559
f 4152//8322 4111//8322 336//8322
f 350//8323 4886//8323 346//8323
f 346//8324 4886//8324 347//8324
f 347//8325 4886//8325 4887//8325
f 347//8326 4887//8326 344//8326
f 4143//8327 4142//8327 4888//8327
f 4888//8328 4142//8328 4141//8328
f 4141//8329 4151//8329 341//8329
f 341//8330 4151//8330 4150//8330
f 341//8331 4150//8331 339//8331
f 339//8332 4150//8332 4148//8332
f 339//8333 4148//8333 338//8333
f 334//8334 4889//8334 351//8334
f 351//8335 4889//8335 4890//8335
f 351//8336 4890//8336 349//8336
f 4148//8337 4147//8337 338//8337
f 338//8338 4147//8338 4113//8338
f 338//8339 4113//8339 336//8339
f 336//8340 4113//8340 4112//8340
f 336//8341 4112//8341 4152//8341
f 4883//8342 4884//8342 4887//8342
f 4887//8343 4884//8343 4888//8343
f 4887//8344 4888//8344 344//8344
f 344//8345 4888//8345 4141//8345
f 344//8346 4141//8346 342//8346
f 342//8347 4141//8347 341//8347
f 4887//8348 4891//8348 4883//8348
f 4883//8349 4891//8349 4892//8349
f 4883//8350 4892//8350 4881//8350
f 4881//8351 4892//8351 4893//8351
f 4881//8352 4893//8352 4894//8352
f 4895//8353 4896//8353 471//8353
f 4895//8354 471//8354 4897//8354
f 4896//8355 4898//8355 471//8355
f 471//8356 4898//8356 4899//8356
f 471//8357 4899//8357 472//8357
f 4879//8358 471//8358 487//8358
f 4894//8359 4897//8359 4881//8359
f 4881//8360 4897//8360 471//8360
f 4881//8361 471//8361 4882//8361
f 4882//8362 471//8362 4879//8362
f 477//8363 4138//8363 4878//8363
f 4878//8364 4138//8364 4136//8364
f 4878//8365 4136//8365 4876//8365
f 4884//8366 4885//8366 4888//8366
f 4888//8367 4885//8367 4874//8367
f 4888//8368 4874//8368 4143//8368
f 4143//8369 4874//8369 4875//8369
f 4143//8370 4875//8370 4145//8370
f 4145//8371 4875//8371 4876//8371
f 4145//8372 4876//8372 4146//8372
f 4146//8373 4876//8373 4136//8373
f 477//8374 4878//8374 478//8374
f 478//8375 4878//8375 4877//8375
f 478//8376 4877//8376 487//8376
f 487//8377 4877//8377 4880//8377
f 487//8378 4880//8378 4879//8378
f 1604//8379 1605//8379 3696//8379
f 1621//8380 1622//8380 4900//8380
f 4900//8381 1622//8381 1623//8381
f 4900//8382 1623//8382 4901//8382
f 4901//8383 1623//8383 1600//8383
f 4901//8384 1600//8384 4902//8384
f 4902//8385 1600//8385 1602//8385
f 4902//8386 1602//8386 4903//8386
f 4903//8387 1602//8387 1604//8387
f 4903//8388 1604//8388 4904//8388
f 4904//8389 1604//8389 3696//8389
f 4904//8390 3696//8390 3723//8390
f 1627//8391 1624//8391 4900//8391
f 4900//8392 1624//8392 1620//8392
f 4900//8393 1620//8393 1621//8393
f 1627//8394 4900//8394 1628//8394
f 1628//8395 4900//8395 4905//8395
f 1628//8396 4905//8396 1631//8396
f 1631//8397 4905//8397 4906//8397
f 1631//8398 4906//8398 1633//8398
f 4906//8399 4907//8399 1633//8399
f 1633//8400 4907//8400 4908//8400
f 1633//8401 4908//8401 1635//8401
f 1635//8402 4908//8402 4909//8402
f 1635//8403 4909//8403 1636//8403
f 4910//8404 4911//8404 4912//8404
f 1640//8405 1636//8405 1661//8405
f 1661//8406 1636//8406 4909//8406
f 1661//8407 4909//8407 1662//8407
f 1662//8408 4909//8408 4913//8408
f 1662//8409 4913//8409 1663//8409
f 1663//8410 4913//8410 4911//8410
f 1663//8411 4911//8411 1659//8411
f 1659//8412 4911//8412 4910//8412
f 1657//8413 1656//8413 4914//8413
f 4914//8414 1656//8414 1660//8414
f 4914//8415 1660//8415 4915//8415
f 1657//8416 4914//8416 4110//8416
f 4110//8417 4914//8417 4889//8417
f 4110//8418 4889//8418 4111//8418
f 4111//8419 4889//8419 334//8419
f 4111//8420 334//8420 336//8420
f 4890//8421 4916//8421 349//8421
f 349//8422 4916//8422 4917//8422
f 349//8423 4917//8423 350//8423
f 350//8424 4917//8424 4918//8424
f 350//8425 4918//8425 4886//8425
f 4886//8426 4918//8426 4919//8426
f 4886//8427 4919//8427 4887//8427
f 4887//8428 4919//8428 4920//8428
f 4887//8429 4920//8429 4891//8429
f 4921//8430 4922//8430 4923//8430
f 4923//8431 4922//8431 4924//8431
f 4923//8432 4924//8432 4925//8432
f 4925//8433 4924//8433 4926//8433
f 4912//8434 4927//8434 4910//8434
f 4910//8435 4927//8435 4928//8435
f 4910//8436 4928//8436 4926//8436
f 4926//8437 4928//8437 4929//8437
f 4926//8438 4929//8438 4925//8438
f 4921//8439 4916//8439 4922//8439
f 4922//8440 4916//8440 4890//8440
f 4922//8441 4890//8441 4924//8441
f 4924//8442 4890//8442 4889//8442
f 4924//8443 4889//8443 4926//8443
f 4926//8444 4889//8444 4914//8444
f 4926//8445 4914//8445 4910//8445
f 4910//8446 4914//8446 4915//8446
f 4910//8447 4915//8447 1659//8447
f 1659//8448 4915//8448 1660//8448
f 4675//8449 4930//8449 4680//8449
f 4665//8450 3593//8450 3587//8450
f 3571//8451 3569//8451 4931//8451
f 4746//8452 4748//8452 4932//8452
f 4746//8453 4932//8453 4933//8453
f 4932//8454 4934//8454 4933//8454
f 4933//8455 4934//8455 4935//8455
f 4933//8456 4935//8456 4936//8456
f 4936//8457 4935//8457 4937//8457
f 4936//8458 4937//8458 4938//8458
f 4938//8459 4937//8459 4939//8459
f 4938//8460 4939//8460 4940//8460
f 4941//8461 4942//8461 4943//8461
f 4943//8462 4942//8462 4944//8462
f 4943//8463 4944//8463 4945//8463
f 4945//8464 4944//8464 4946//8464
f 4945//8465 4946//8465 4947//8465
f 4947//8466 4946//8466 4940//8466
f 4947//8467 4940//8467 4948//8467
f 4948//8468 4940//8468 4939//8468
f 4949//8469 4950//8469 4951//8469
f 4951//8470 4950//8470 4952//8470
f 4951//8471 4952//8471 3553//8471
f 3553//8472 4952//8472 4953//8472
f 3560//8473 3550//8473 4954//8473
f 4954//8474 3550//8474 3549//8474
f 4954//8475 3549//8475 4953//8475
f 4953//8476 3549//8476 3554//8476
f 4953//8477 3554//8477 3553//8477
f 4954//8478 3568//8478 3566//8478
f 4954//8479 3566//8479 3560//8479
f 3560//8480 3566//8480 3565//8480
f 3560//8481 3565//8481 3561//8481
f 4665//8482 3587//8482 4657//8482
f 4930//8483 4675//8483 4955//8483
f 3574//8484 3572//8484 3587//8484
f 3587//8485 3572//8485 4956//8485
f 3587//8486 4956//8486 4657//8486
f 4657//8487 4956//8487 4955//8487
f 4657//8488 4955//8488 4658//8488
f 4658//8489 4955//8489 4675//8489
f 4689//8490 4687//8490 4957//8490
f 4957//8491 4687//8491 4692//8491
f 4957//8492 4692//8492 4958//8492
f 4958//8493 4692//8493 4691//8493
f 4958//8494 4691//8494 4959//8494
f 4959//8495 4691//8495 4690//8495
f 4959//8496 4690//8496 4960//8496
f 4960//8497 4690//8497 4694//8497
f 4960//8498 4694//8498 4961//8498
f 4961//8499 4694//8499 4685//8499
f 4961//8500 4685//8500 4962//8500
f 4962//8501 4685//8501 4684//8501
f 4962//8502 4684//8502 4963//8502
f 4963//8503 4684//8503 4683//8503
f 4963//8504 4683//8504 4964//8504
f 4964//8505 4683//8505 4682//8505
f 4964//8506 4682//8506 4965//8506
f 4965//8507 4682//8507 4681//8507
f 4965//8508 4681//8508 4966//8508
f 4966//8509 4681//8509 4680//8509
f 3569//8510 3568//8510 4931//8510
f 4931//8511 3568//8511 4954//8511
f 4931//8512 4954//8512 4967//8512
f 4967//8513 4954//8513 4953//8513
f 4967//8514 4953//8514 4968//8514
f 4968//8515 4953//8515 4952//8515
f 4968//8516 4952//8516 4969//8516
f 4969//8517 4952//8517 4950//8517
f 4748//8518 4689//8518 4932//8518
f 4932//8519 4689//8519 4957//8519
f 4932//8520 4957//8520 4934//8520
f 4934//8521 4957//8521 4958//8521
f 4934//8522 4958//8522 4935//8522
f 4935//8523 4958//8523 4959//8523
f 4935//8524 4959//8524 4937//8524
f 4937//8525 4959//8525 4960//8525
f 4937//8526 4960//8526 4939//8526
f 4939//8527 4960//8527 4961//8527
f 4939//8528 4961//8528 4948//8528
f 4948//8529 4961//8529 4962//8529
f 4948//8530 4962//8530 4947//8530
f 4947//8531 4962//8531 4963//8531
f 4947//8532 4963//8532 4945//8532
f 4945//8533 4963//8533 4964//8533
f 4945//8534 4964//8534 4943//8534
f 4943//8535 4964//8535 4965//8535
f 4943//8536 4965//8536 4941//8536
f 4941//8537 4965//8537 4966//8537
f 3572//8538 3571//8538 4956//8538
f 4956//8539 3571//8539 4931//8539
f 4956//8540 4931//8540 4955//8540
f 4955//8541 4931//8541 4967//8541
f 4955//8542 4967//8542 4930//8542
f 4930//8543 4967//8543 4968//8543
f 4930//8544 4968//8544 4680//8544
f 4680//8545 4968//8545 4969//8545
f 4680//8546 4969//8546 4966//8546
f 4966//8547 4969//8547 4950//8547
f 4966//8548 4950//8548 4941//8548
f 4941//8549 4950//8549 4949//8549
f 4941//8550 4949//8550 4942//8550
f 4951//8551 3553//8551 3541//8551
f 3541//8552 3527//8552 4951//8552
f 4951//8553 3527//8553 3530//8553
f 4951//8554 3530//8554 4949//8554
f 3530//8555 3533//8555 4949//8555
f 4949//8556 3533//8556 3535//8556
f 4949//8557 3535//8557 4942//8557
f 4942//8558 3535//8558 3537//8558
f 4942//8559 3537//8559 3538//8559
f 3518//8560 3516//8560 4942//8560
f 4942//8561 3516//8561 3515//8561
f 4942//8562 3515//8562 3513//8562
f 3520//8563 3518//8563 3523//8563
f 3523//8564 3518//8564 4942//8564
f 3523//8565 4942//8565 3526//8565
f 3526//8566 4942//8566 3538//8566
f 3513//8567 3509//8567 4942//8567
f 4942//8568 3509//8568 3511//8568
f 4942//8569 3511//8569 4944//8569
f 4944//8570 3511//8570 4946//8570
f 4946//8571 3511//8571 3495//8571
f 4946//8572 3495//8572 4940//8572
f 4940//8573 3495//8573 3497//8573
f 4940//8574 3497//8574 4938//8574
f 3497//8575 3501//8575 4938//8575
f 4938//8576 3501//8576 3503//8576
f 4938//8577 3503//8577 4936//8577
f 4936//8578 3503//8578 3504//8578
f 3504//8579 3506//8579 4936//8579
f 4936//8580 3506//8580 3508//8580
f 4936//8581 3508//8581 4933//8581
f 314//8582 4743//8582 315//8582
f 315//8583 4743//8583 4745//8583
f 315//8584 4745//8584 3508//8584
f 3508//8585 4745//8585 4746//8585
f 3508//8586 4746//8586 4933//8586
f 317//8587 4729//8587 4733//8587
f 314//8588 312//8588 4743//8588
f 4743//8589 312//8589 310//8589
f 4743//8590 310//8590 4741//8590
f 4741//8591 310//8591 308//8591
f 4741//8592 308//8592 4738//8592
f 4738//8593 308//8593 305//8593
f 4738//8594 305//8594 4736//8594
f 4736//8595 305//8595 303//8595
f 4736//8596 303//8596 4731//8596
f 4731//8597 303//8597 317//8597
f 4731//8598 317//8598 4732//8598
f 4732//8599 317//8599 4733//8599
f 321//8600 332//8600 4729//8600
f 317//8601 319//8601 4729//8601
f 4729//8602 319//8602 330//8602
f 4729//8603 330//8603 331//8603
f 323//8604 321//8604 326//8604
f 326//8605 321//8605 4729//8605
f 326//8606 4729//8606 328//8606
f 328//8607 4729//8607 331//8607
f 332//8608 4970//8608 4729//8608
f 4729//8609 4970//8609 4971//8609
f 4729//8610 4971//8610 4730//8610
f 4971//8611 4972//8611 4730//8611
f 4730//8612 4972//8612 4973//8612
f 4730//8613 4973//8613 4723//8613
f 4723//8614 4973//8614 4974//8614
f 4723//8615 4974//8615 4725//8615
f 4725//8616 4974//8616 4975//8616
f 4725//8617 4975//8617 4976//8617
f 313//353 315//353 3507//353
f 3507//353 315//353 3508//353
f 3421//8618 3422//8618 3525//8618
f 3273//8619 311//8619 3275//8619
f 3275//8620 311//8620 313//8620
f 3275//8621 313//8621 3264//8621
f 3432//8622 3434//8622 3507//8622
f 3507//8623 3434//8623 3436//8623
f 3507//8624 3436//8624 313//8624
f 313//8625 3436//8625 3265//8625
f 313//8626 3265//8626 3264//8626
f 333//8627 320//8627 316//8627
f 316//8628 320//8628 322//8628
f 316//8629 322//8629 324//8629
f 324//8630 325//8630 316//8630
f 316//8631 325//8631 327//8631
f 316//8632 327//8632 318//8632
f 318//8633 327//8633 329//8633
f 4977//8634 4978//8634 3283//8634
f 3283//8635 4978//8635 4979//8635
f 3283//8636 4979//8636 3278//8636
f 3278//8637 4979//8637 333//8637
f 3278//8638 333//8638 3279//8638
f 3279//8639 333//8639 316//8639
f 3279//8640 316//8640 3280//8640
f 3280//8641 316//8641 302//8641
f 3280//8642 302//8642 3267//8642
f 3267//8643 302//8643 304//8643
f 3267//8644 304//8644 3269//8644
f 3269//8645 304//8645 306//8645
f 3269//8646 306//8646 3271//8646
f 3271//8647 306//8647 307//8647
f 3271//8648 307//8648 3273//8648
f 3273//8649 307//8649 309//8649
f 3273//8650 309//8650 311//8650
f 3284//8651 609//8651 608//8651
f 608//8652 4980//8652 3284//8652
f 3284//8653 4980//8653 4981//8653
f 3284//8654 4981//8654 3283//8654
f 3283//8655 4981//8655 4982//8655
f 3283//8656 4982//8656 4977//8656
f 3525//8657 3422//8657 3524//8657
f 3514//8658 3517//8658 3510//8658
f 3510//8659 3517//8659 3519//8659
f 3510//8660 3519//8660 3512//8660
f 3512//8661 3519//8661 3521//8661
f 3512//8662 3521//8662 3522//8662
f 3522//8663 3524//8663 3512//8663
f 3512//8664 3524//8664 3422//8664
f 3512//8665 3422//8665 3496//8665
f 3496//8666 3422//8666 3424//8666
f 3496//8667 3424//8667 3498//8667
f 3498//8668 3424//8668 3426//8668
f 3498//8669 3426//8669 3499//8669
f 3499//8670 3426//8670 3428//8670
f 3499//8671 3428//8671 3500//8671
f 3500//8672 3428//8672 3430//8672
f 3500//8673 3430//8673 3502//8673
f 3502//8674 3430//8674 3432//8674
f 3502//8675 3432//8675 3505//8675
f 3505//8676 3432//8676 3507//8676
f 3421//8677 3525//8677 3416//8677
f 3416//8678 3525//8678 3536//8678
f 3416//8679 3536//8679 3534//8679
f 3534//8680 3532//8680 3416//8680
f 3416//8681 3532//8681 3531//8681
f 3416//8682 3531//8682 3417//8682
f 3493//8683 3418//8683 3528//8683
f 3528//8684 3418//8684 3417//8684
f 3528//8685 3417//8685 3529//8685
f 3529//8686 3417//8686 3531//8686
f 4978//8687 4977//8687 4974//8687
f 4974//8688 4977//8688 4982//8688
f 4974//8689 4982//8689 4975//8689
f 4975//8690 4982//8690 4981//8690
f 4975//8691 4981//8691 4980//8691
f 4974//8692 4973//8692 4978//8692
f 4978//8693 4973//8693 4972//8693
f 4978//8694 4972//8694 4979//8694
f 332//8695 333//8695 4970//8695
f 4970//8696 333//8696 4979//8696
f 4970//8697 4979//8697 4971//8697
f 4971//8698 4979//8698 4972//8698
f 4975//340 4980//340 4976//340
f 4976//340 4980//340 608//340
f 4976//340 608//340 4983//340
f 4983//340 608//340 605//340
f 4983//340 605//340 4984//340
f 4984//340 605//340 597//340
f 4984//340 597//340 4985//340
f 4985//340 597//340 599//340
f 4985//340 599//340 4986//340
f 4987//8699 3107//8699 4988//8699
f 4988//8700 3107//8700 3113//8700
f 4725//8701 4976//8701 4727//8701
f 4727//8702 4976//8702 4983//8702
f 4727//8703 4983//8703 4752//8703
f 4752//8704 4983//8704 3109//8704
f 3109//8705 4983//8705 3110//8705
f 3110//8706 4983//8706 4984//8706
f 3110//8707 4984//8707 3111//8707
f 3111//8708 4984//8708 3112//8708
f 3112//8709 4984//8709 4985//8709
f 3112//8710 4985//8710 3113//8710
f 3113//8711 4985//8711 4986//8711
f 3113//8712 4986//8712 4988//8712
f 3116//8713 3105//8713 3149//8713
f 3149//8714 3105//8714 4989//8714
f 4989//8715 3105//8715 4987//8715
f 4987//8716 3105//8716 3106//8716
f 4987//8717 3106//8717 3107//8717
f 4986//8718 599//8718 4988//8718
f 4988//8718 599//8718 600//8718
f 4988//8718 600//8718 4987//8718
f 4987//8718 600//8718 603//8718
f 4987//8718 603//8718 4989//8718
f 4989//8718 603//8718 4990//8718
f 4989//8718 4990//8718 3149//8718
f 3149//8718 4990//8718 3147//8718
f 603//535 602//535 4990//535
f 602//8719 3292//8719 4990//8719
f 4990//8720 3292//8720 3141//8720
f 4990//8720 3141//8720 3147//8720
f 624//8721 623//8721 3461//8721
f 3461//8722 623//8722 3354//8722
f 3461//8723 3354//8723 3379//8723
f 3379//8724 3354//8724 3357//8724
f 3357//8725 3356//8725 3379//8725
f 3379//8726 3356//8726 3355//8726
f 3379//8727 3355//8727 3201//8727
f 3200//8728 3199//8728 3328//8728
f 3328//8729 3199//8729 3198//8729
f 3202//8730 630//8730 628//8730
f 3198//8731 3203//8731 3328//8731
f 3328//8732 3203//8732 3202//8732
f 3328//8733 3202//8733 3320//8733
f 3320//8734 3202//8734 628//8734
f 3212//8735 3211//8735 4991//8735
f 4991//8736 3211//8736 3210//8736
f 4992//8737 3328//8737 4991//8737
f 4991//8738 3328//8738 3353//8738
f 4991//8739 3353//8739 3212//8739
f 3374//8740 3375//8740 4992//8740
f 4992//8741 3375//8741 3376//8741
f 3376//8739 3380//8739 4992//8739
f 4992//8742 3380//8742 3379//8742
f 4992//8743 3379//8743 3328//8743
f 3328//8744 3379//8744 3201//8744
f 3328//8745 3201//8745 3200//8745
f 3210//8746 3209//8746 4991//8746
f 4991//8747 3209//8747 3208//8747
f 4991//8748 3208//8748 4992//8748
f 4992//8749 3208//8749 3373//8749
f 4992//8750 3373//8750 3374//8750
f 3385//8751 3384//8751 4993//8751
f 592//8752 593//8752 4994//8752
f 592//8753 4994//8753 3407//8753
f 3407//8754 4994//8754 4995//8754
f 3407//8755 4995//8755 3405//8755
f 4995//8756 4996//8756 3405//8756
f 3405//8757 4996//8757 4997//8757
f 3405//8758 4997//8758 3400//8758
f 3400//8759 4997//8759 4998//8759
f 3400//8760 4998//8760 3401//8760
f 3401//8761 4998//8761 3403//8761
f 3403//8762 4998//8762 4999//8762
f 3403//8763 4999//8763 3404//8763
f 4999//8764 5000//8764 3404//8764
f 3404//8765 5000//8765 5001//8765
f 3404//8766 5001//8766 3399//8766
f 3399//8767 5001//8767 5002//8767
f 4993//8768 3384//8768 5003//8768
f 5003//8769 3384//8769 3389//8769
f 5003//8770 3389//8770 5004//8770
f 5004//8771 3389//8771 3367//8771
f 5004//8772 3367//8772 5005//8772
f 5005//8773 3367//8773 3366//8773
f 5005//8774 3366//8774 5006//8774
f 5006//8775 3366//8775 3390//8775
f 5006//8776 3390//8776 5007//8776
f 5007//8777 3390//8777 3392//8777
f 5007//8778 3392//8778 5008//8778
f 5008//8779 3392//8779 3394//8779
f 5008//8780 3394//8780 5009//8780
f 5009//8781 3394//8781 3395//8781
f 5009//8782 3395//8782 5002//8782
f 5002//8783 3395//8783 3397//8783
f 5002//8784 3397//8784 3399//8784
f 3383//8785 3388//8785 4993//8785
f 4993//8786 3388//8786 3387//8786
f 4993//8787 3387//8787 3385//8787
f 3141//8788 3292//8788 3143//8788
f 3143//8789 3292//8789 3294//8789
f 3143//8790 3294//8790 3145//8790
f 3145//8791 3294//8791 3298//8791
f 3145//8792 3298//8792 3146//8792
f 3146//8793 3298//8793 3138//8793
f 3298//8794 3297//8794 3138//8794
f 3138//8795 3297//8795 3296//8795
f 3138//8796 3296//8796 3139//8796
f 3139//8797 3296//8797 3302//8797
f 3139//8798 3302//8798 3134//8798
f 3302//8799 3301//8799 3134//8799
f 3134//8800 3301//8800 3300//8800
f 3134//8801 3300//8801 3131//8801
f 3131//8802 3300//8802 3303//8802
f 3131//8803 3303//8803 3130//8803
f 3130//8804 3303//8804 3305//8804
f 3130//8805 3305//8805 3128//8805
f 3128//8806 3305//8806 3306//8806
f 3128//8807 3306//8807 3123//8807
f 3123//8808 3306//8808 3308//8808
f 3123//8809 3308//8809 3124//8809
f 3124//8810 3308//8810 3309//8810
f 3124//8811 3309//8811 3125//8811
f 3309//8812 3311//8812 3125//8812
f 3125//8813 3311//8813 3313//8813
f 3125//8814 3313//8814 3117//8814
f 3117//8815 3313//8815 3314//8815
f 3117//8816 3314//8816 3120//8816
f 3120//8817 3314//8817 3316//8817
f 3120//8818 3316//8818 3158//8818
f 3158//8819 3316//8819 3319//8819
f 3319//8820 3318//8820 3158//8820
f 3158//8821 3318//8821 3204//8821
f 3158//8822 3204//8822 3159//8822
f 5010//8823 5003//8823 5004//8823
f 5011//8824 5012//8824 5007//8824
f 5007//8825 5012//8825 5013//8825
f 5007//8826 5013//8826 5006//8826
f 5006//8827 5013//8827 5014//8827
f 5006//8828 5014//8828 5005//8828
f 5005//8829 5014//8829 5015//8829
f 5005//8830 5015//8830 5004//8830
f 5004//8831 5015//8831 5016//8831
f 5004//8832 5016//8832 5010//8832
f 5007//8833 5008//8833 5011//8833
f 5011//8834 5008//8834 5009//8834
f 5011//8835 5009//8835 5017//8835
f 5017//8836 5009//8836 5002//8836
f 5017//8837 5002//8837 5018//8837
f 5018//8838 5002//8838 5019//8838
f 5002//8839 5001//8839 5019//8839
f 5019//8840 5001//8840 5000//8840
f 5019//8841 5000//8841 5020//8841
f 5020//8842 5000//8842 4999//8842
f 5020//8843 4999//8843 5021//8843
f 5021//8844 4999//8844 4998//8844
f 5021//8845 4998//8845 5022//8845
f 5022//8846 4998//8846 4997//8846
f 5022//8847 4997//8847 5023//8847
f 593//8848 5024//8848 4994//8848
f 4994//8849 5024//8849 5025//8849
f 4994//8850 5025//8850 4995//8850
f 4995//8851 5025//8851 5023//8851
f 4995//8852 5023//8852 4996//8852
f 4996//8853 5023//8853 4997//8853
f 3559//4765 5026//4765 3555//4765
f 3555//4765 5026//4765 5027//4765
f 3555//8854 5027//8854 594//8854
f 594//8854 5027//8854 5024//8854
f 594//4765 5024//4765 593//4765
f 702//8855 5028//8855 703//8855
f 703//8856 5028//8856 3151//8856
f 703//8857 3151//8857 704//8857
f 3563//8858 5029//8858 3562//8858
f 3562//8859 5029//8859 5030//8859
f 3562//8860 5030//8860 3559//8860
f 3559//8861 5030//8861 5026//8861
f 5029//8862 272//8862 5030//8862
f 5030//8863 272//8863 274//8863
f 5030//8864 274//8864 5031//8864
f 274//8865 276//8865 5031//8865
f 5031//8866 276//8866 281//8866
f 5031//8867 281//8867 5032//8867
f 5032//8868 281//8868 280//8868
f 5032//8869 280//8869 279//8869
f 260//8870 258//8870 5016//8870
f 5027//8871 5026//8871 5030//8871
f 5025//8872 5024//8872 5027//8872
f 5025//8873 5027//8873 5023//8873
f 5023//8874 5027//8874 5030//8874
f 5023//8875 5030//8875 5022//8875
f 5022//8876 5030//8876 5031//8876
f 5022//8877 5031//8877 5021//8877
f 5021//8878 5031//8878 5020//8878
f 5020//8879 5031//8879 5032//8879
f 5020//8880 5032//8880 5019//8880
f 5019//8881 5032//8881 279//8881
f 5019//8882 279//8882 5018//8882
f 5018//8883 279//8883 278//8883
f 5018//8884 278//8884 283//8884
f 260//8885 5016//8885 262//8885
f 5016//8886 5015//8886 262//8886
f 262//8887 5015//8887 5014//8887
f 262//8888 5014//8888 264//8888
f 264//8889 5014//8889 5013//8889
f 264//8890 5013//8890 266//8890
f 266//8891 5013//8891 5012//8891
f 266//8892 5012//8892 282//8892
f 282//8893 5012//8893 5011//8893
f 282//8894 5011//8894 283//8894
f 283//8895 5011//8895 5017//8895
f 283//8896 5017//8896 5018//8896
f 270//360 271//360 277//360
f 5016//8897 258//8897 5010//8897
f 5010//8898 258//8898 620//8898
f 5033//360 5034//360 257//360
f 257//360 5034//360 5035//360
f 257//360 5035//360 696//360
f 696//360 5035//360 5036//360
f 696//360 5036//360 700//360
f 700//360 5036//360 5037//360
f 700//360 5037//360 5038//360
f 621//7707 620//7707 662//7707
f 662//1383 620//1383 258//1383
f 662//1224 258//1224 660//1224
f 660//8899 258//8899 257//8899
f 660//360 257//360 678//360
f 678//360 257//360 696//360
f 5039//360 268//360 5038//360
f 5038//360 268//360 267//360
f 5038//360 267//360 700//360
f 700//360 267//360 5040//360
f 700//360 5040//360 711//360
f 5041//360 293//360 5042//360
f 5042//360 293//360 290//360
f 5042//360 290//360 5043//360
f 5043//360 290//360 287//360
f 5043//360 287//360 5039//360
f 5039//360 287//360 285//360
f 5039//360 285//360 268//360
f 257//360 270//360 5033//360
f 5033//360 270//360 277//360
f 5033//360 277//360 5044//360
f 5044//360 277//360 275//360
f 5044//360 275//360 5045//360
f 5045//360 275//360 273//360
f 5045//360 273//360 5041//360
f 5041//360 273//360 296//360
f 5041//360 296//360 293//360
f 626//360 3369//360 620//360
f 620//360 3369//360 3383//360
f 620//360 3383//360 5010//360
f 5010//360 3383//360 4993//360
f 5010//360 4993//360 5003//360
f 186//8900 188//8900 5046//8900
f 186//4812 5046//4812 184//4812
f 184//4812 5046//4812 5047//4812
f 184//4812 5047//4812 196//4812
f 196//4813 5047//4813 194//4813
f 194//4813 5047//4813 5048//4813
f 194//4813 5048//4813 192//4813
f 192//4814 5048//4814 200//4814
f 200//4814 5048//4814 5049//4814
f 200//4814 5049//4814 145//4814
f 145//4815 5049//4815 202//4815
f 202//4815 5049//4815 5050//4815
f 202//8901 5050//8901 204//8901
f 5051//340 5046//340 5052//340
f 5048//340 5047//340 5053//340
f 5053//340 5054//340 5048//340
f 5048//340 5054//340 5055//340
f 5048//340 5055//340 5049//340
f 5055//340 5056//340 5049//340
f 5049//340 5056//340 5057//340
f 5049//340 5057//340 5050//340
f 5057//340 5058//340 5050//340
f 5050//340 5058//340 5059//340
f 5050//340 5059//340 5052//340
f 5052//340 5059//340 5060//340
f 5052//340 5060//340 5051//340
f 5051//340 5061//340 5046//340
f 5046//340 5061//340 5062//340
f 5046//340 5062//340 5047//340
f 5047//340 5062//340 5063//340
f 5047//340 5063//340 5053//340
f 5052//4816 183//4816 5050//4816
f 5050//8902 183//8902 207//8902
f 5050//4816 207//4816 204//4816
f 188//4817 183//4817 5046//4817
f 5046//4817 183//4817 5052//4817
f 254//8903 256//8903 3262//8903
f 3262//8904 256//8904 5064//8904
f 3254//8905 3256//8905 5065//8905
f 5065//8906 3256//8906 3258//8906
f 5065//8907 3258//8907 5066//8907
f 5066//8908 3258//8908 3260//8908
f 5066//8909 3260//8909 5067//8909
f 5067//8910 3260//8910 3262//8910
f 5067//8911 3262//8911 5068//8911
f 5068//8912 3262//8912 5064//8912
f 5065//8913 5069//8913 3254//8913
f 3254//8914 5069//8914 5070//8914
f 3254//8915 5070//8915 3249//8915
f 3249//8916 5070//8916 5071//8916
f 3249//8917 5071//8917 3250//8917
f 3250//8918 5071//8918 5072//8918
f 3250//8919 5072//8919 3252//8919
f 5072//8920 5073//8920 3252//8920
f 3252//8921 5073//8921 5074//8921
f 3252//8922 5074//8922 3253//8922
f 5074//8923 5075//8923 3253//8923
f 3253//8924 5075//8924 5076//8924
f 3253//8925 5076//8925 3241//8925
f 3241//8926 5076//8926 5077//8926
f 3241//8927 5077//8927 3243//8927
f 3243//8928 5077//8928 3245//8928
f 5078//8929 5079//8929 3236//8929
f 5077//8930 5080//8930 3245//8930
f 3245//8931 5080//8931 5081//8931
f 3245//8932 5081//8932 3247//8932
f 3247//8933 5081//8933 5082//8933
f 3247//8934 5082//8934 3248//8934
f 3248//8935 5082//8935 5083//8935
f 3248//8936 5083//8936 3238//8936
f 3238//8937 5083//8937 5078//8937
f 3238//8938 5078//8938 3239//8938
f 3239//8939 5078//8939 3236//8939
f 3231//8940 3233//8940 5079//8940
f 5079//8941 3233//8941 3234//8941
f 5079//8942 3234//8942 3236//8942
f 100//8943 3227//8943 101//8943
f 101//8944 3227//8944 3229//8944
f 101//8945 3229//8945 5084//8945
f 5084//8946 3229//8946 3231//8946
f 5084//8947 3231//8947 5085//8947
f 5085//8948 3231//8948 5079//8948
f 5086//8949 5087//8949 5088//8949
f 502//8950 501//8950 5089//8950
f 515//8951 5090//8951 5087//8951
f 5090//8952 515//8952 514//8952
f 4759//8953 3151//8953 5028//8953
f 286//8954 289//8954 5091//8954
f 295//8955 294//8955 5092//8955
f 3604//8956 3606//8956 5093//8956
f 3767//8957 5094//8957 3768//8957
f 5095//8958 5096//8958 5097//8958
f 5098//8959 3764//8959 5097//8959
f 5097//8960 3764//8960 3763//8960
f 5097//8961 3763//8961 5095//8961
f 5095//8962 3763//8962 3762//8962
f 5095//8963 3762//8963 5099//8963
f 5099//8964 3762//8964 3761//8964
f 5099//8965 3761//8965 5100//8965
f 5100//8966 3761//8966 3760//8966
f 5100//8967 3760//8967 5101//8967
f 5101//8968 3760//8968 5102//8968
f 5101//8969 5102//8969 5103//8969
f 5103//8970 5102//8970 5104//8970
f 5103//8971 5104//8971 5105//8971
f 3767//8972 3764//8972 5094//8972
f 5094//8973 3764//8973 5098//8973
f 5094//8974 5098//8974 3768//8974
f 3768//8975 5098//8975 3769//8975
f 514//8976 512//8976 5098//8976
f 5098//8977 512//8977 3769//8977
f 3769//8978 512//8978 518//8978
f 3769//8979 518//8979 3770//8979
f 3770//8980 518//8980 517//8980
f 3770//8981 517//8981 3773//8981
f 3773//8982 517//8982 523//8982
f 3773//8983 523//8983 522//8983
f 522//8984 520//8984 3773//8984
f 3773//8985 520//8985 519//8985
f 3773//8986 519//8986 3776//8986
f 3776//8987 519//8987 524//8987
f 3776//8988 524//8988 3779//8988
f 524//8989 526//8989 3779//8989
f 3779//8990 526//8990 527//8990
f 3779//8991 527//8991 4008//8991
f 4008//8992 527//8992 529//8992
f 4008//8993 529//8993 4007//8993
f 529//8994 534//8994 4007//8994
f 4007//8995 534//8995 533//8995
f 4007//8996 533//8996 4615//8996
f 4615//8997 533//8997 531//8997
f 4615//8998 531//8998 4672//8998
f 4672//8999 531//8999 530//8999
f 4672//9000 530//9000 4671//9000
f 530//9001 535//9001 4671//9001
f 4671//9002 535//9002 537//9002
f 4671//9003 537//9003 542//9003
f 542//9004 541//9004 4671//9004
f 4671//9005 541//9005 539//9005
f 4671//9006 539//9006 5106//9006
f 5106//9007 539//9007 538//9007
f 5106//9008 538//9008 543//9008
f 3616//9009 3621//9009 4671//9009
f 3615//9010 3614//9010 5106//9010
f 5106//9011 3614//9011 3613//9011
f 3613//9012 3620//9012 5106//9012
f 5106//9013 3620//9013 3619//9013
f 5106//9014 3619//9014 4671//9014
f 4671//9015 3619//9015 3617//9015
f 4671//9016 3617//9016 3616//9016
f 3621//9017 3623//9017 4671//9017
f 4671//9018 3623//9018 3625//9018
f 4671//9019 3625//9019 4670//9019
f 4670//9020 3625//9020 3626//9020
f 4670//9021 3626//9021 4669//9021
f 4669//9022 3626//9022 3628//9022
f 4669//9023 3628//9023 4668//9023
f 4668//9024 3628//9024 3632//9024
f 4668//9025 3632//9025 4667//9025
f 4667//9026 3632//9026 3631//9026
f 4667//9027 3631//9027 4666//9027
f 4666//9028 3631//9028 3635//9028
f 4666//9029 3635//9029 3584//9029
f 3584//9030 3635//9030 3634//9030
f 3584//9031 3634//9031 3639//9031
f 3639//9032 3638//9032 3584//9032
f 3584//9033 3638//9033 3636//9033
f 3584//9034 3636//9034 3582//9034
f 3608//9035 3609//9035 5107//9035
f 5107//9036 3609//9036 3611//9036
f 3603//9037 3573//9037 3575//9037
f 3575//9038 3576//9038 3603//9038
f 3603//9039 3576//9039 3577//9039
f 3603//9040 3577//9040 3601//9040
f 3601//9041 3577//9041 3592//9041
f 3601//9042 3592//9042 3591//9042
f 3603//9043 3604//9043 3573//9043
f 3573//9044 3604//9044 5093//9044
f 3573//9045 5093//9045 3570//9045
f 3570//9046 5093//9046 5108//9046
f 3570//9047 5108//9047 3567//9047
f 5108//9048 5109//9048 3567//9048
f 3567//9049 5109//9049 5110//9049
f 3567//9050 5110//9050 3564//9050
f 3564//9051 5110//9051 5029//9051
f 3564//9052 5029//9052 3563//9052
f 294//9053 298//9053 5110//9053
f 5110//9054 298//9054 297//9054
f 297//9055 301//9055 5110//9055
f 5110//9056 301//9056 300//9056
f 5110//9057 300//9057 5029//9057
f 5029//9058 300//9058 299//9058
f 5029//9059 299//9059 272//9059
f 5111//9060 288//9060 292//9060
f 711//9061 5040//9061 5112//9061
f 5112//9062 5040//9062 267//9062
f 5112//9063 267//9063 269//9063
f 711//9064 5112//9064 712//9064
f 712//9065 5112//9065 5113//9065
f 712//9066 5113//9066 713//9066
f 701//9067 698//9067 5114//9067
f 5114//9068 698//9068 699//9068
f 5114//9069 699//9069 714//9069
f 5113//9070 5115//9070 713//9070
f 713//9071 5115//9071 5116//9071
f 713//9072 5116//9072 714//9072
f 714//9073 5116//9073 5117//9073
f 714//9074 5117//9074 5114//9074
f 702//9075 701//9075 5118//9075
f 4759//9076 5028//9076 4813//9076
f 4827//9077 4814//9077 5119//9077
f 5119//9078 4814//9078 4813//9078
f 5119//9079 4813//9079 5118//9079
f 5118//9080 4813//9080 5028//9080
f 5118//9081 5028//9081 702//9081
f 507//9082 506//9082 5086//9082
f 5086//9083 506//9083 504//9083
f 504//9084 503//9084 5086//9084
f 5086//9085 503//9085 510//9085
f 5086//9086 510//9086 5087//9086
f 5087//9087 510//9087 509//9087
f 5087//9088 509//9088 515//9088
f 543//9089 545//9089 5106//9089
f 5106//9090 545//9090 546//9090
f 5106//9091 546//9091 5120//9091
f 5120//9092 546//9092 496//9092
f 5120//9093 496//9093 5121//9093
f 5121//9094 496//9094 498//9094
f 701//9095 5114//9095 5118//9095
f 5118//9096 5114//9096 5122//9096
f 5118//9097 5122//9097 5119//9097
f 5119//9098 5122//9098 5123//9098
f 5119//9099 5123//9099 4827//9099
f 501//9100 507//9100 5089//9100
f 5089//9101 507//9101 5086//9101
f 5089//9102 5086//9102 5124//9102
f 5124//9103 5086//9103 5088//9103
f 5124//9104 5088//9104 5125//9104
f 5112//9105 5096//9105 5113//9105
f 5113//9106 5096//9106 5095//9106
f 5113//9107 5095//9107 5115//9107
f 5115//9108 5095//9108 5099//9108
f 5115//9109 5099//9109 5116//9109
f 5116//9110 5099//9110 5100//9110
f 5116//9111 5100//9111 5117//9111
f 5117//9112 5100//9112 5101//9112
f 5117//9113 5101//9113 5114//9113
f 5114//9114 5101//9114 5103//9114
f 5114//9115 5103//9115 5122//9115
f 5122//9116 5103//9116 5105//9116
f 5122//9117 5105//9117 5123//9117
f 284//9118 286//9118 5125//9118
f 5125//9119 286//9119 5091//9119
f 5125//9120 5091//9120 5124//9120
f 5124//9121 5091//9121 5126//9121
f 5124//9122 5126//9122 5089//9122
f 5089//9123 5126//9123 5121//9123
f 5089//9124 5121//9124 502//9124
f 502//9125 5121//9125 498//9125
f 5127//9126 5111//9126 5128//9126
f 5128//9127 5111//9127 292//9127
f 5128//9128 292//9128 291//9128
f 5129//9129 5127//9129 5130//9129
f 5130//9130 5127//9130 5128//9130
f 5130//9131 5128//9131 5092//9131
f 5092//9132 5128//9132 291//9132
f 5092//9133 291//9133 295//9133
f 514//9134 5098//9134 5090//9134
f 5090//9135 5098//9135 5097//9135
f 5090//9136 5097//9136 5087//9136
f 5087//9137 5097//9137 5096//9137
f 5087//9138 5096//9138 5088//9138
f 5088//9139 5096//9139 5112//9139
f 5088//9140 5112//9140 5125//9140
f 5125//9141 5112//9141 269//9141
f 5125//9142 269//9142 284//9142
f 294//9143 5110//9143 5092//9143
f 5092//9144 5110//9144 5109//9144
f 5092//9145 5109//9145 5130//9145
f 5130//9146 5109//9146 5108//9146
f 5130//9147 5108//9147 5129//9147
f 5129//9148 5108//9148 5093//9148
f 5129//9149 5093//9149 5107//9149
f 5107//9150 5093//9150 3606//9150
f 5107//9151 3606//9151 3608//9151
f 289//9152 288//9152 5091//9152
f 5091//9153 288//9153 5111//9153
f 5091//9154 5111//9154 5126//9154
f 5126//9155 5111//9155 5127//9155
f 5126//9156 5127//9156 5121//9156
f 5121//9157 5127//9157 5129//9157
f 5121//9158 5129//9158 5120//9158
f 5120//9159 5129//9159 5107//9159
f 5120//9160 5107//9160 5106//9160
f 5106//9161 5107//9161 3611//9161
f 5106//9162 3611//9162 3615//9162
f 1625//9163 1629//9163 4806//9163
f 4806//9163 4808//9163 1625//9163
f 1625//9164 4808//9164 4810//9164
f 1625//9165 4810//9165 1613//9165
f 1613//9166 4810//9166 4812//9166
f 5105//9165 1614//9165 5123//9165
f 5123//9165 1614//9165 1613//9165
f 5123//9165 1613//9165 4827//9165
f 4827//9165 1613//9165 4812//9165
f 5105//9165 5104//9165 1614//9165
f 1614//9167 5104//9167 5102//9167
f 1614//9168 5102//9168 3760//9168
f 5059//9169 5038//9169 5060//9169
f 5060//9169 5038//9169 5037//9169
f 5060//9170 5037//9170 5051//9170
f 5051//9170 5037//9170 5036//9170
f 5051//9171 5036//9171 5061//9171
f 5061//9171 5036//9171 5035//9171
f 5061//9172 5035//9172 5062//9172
f 5062//9172 5035//9172 5034//9172
f 5062//9173 5034//9173 5063//9173
f 5063//9173 5034//9173 5033//9173
f 5063//9174 5033//9174 5053//9174
f 5053//9174 5033//9174 5044//9174
f 5053//9175 5044//9175 5054//9175
f 5054//9175 5044//9175 5045//9175
f 5054//9176 5045//9176 5055//9176
f 5055//9176 5045//9176 5041//9176
f 5055//9177 5041//9177 5056//9177
f 5056//9177 5041//9177 5042//9177
f 5056//9178 5042//9178 5057//9178
f 5057//9178 5042//9178 5043//9178
f 5057//9179 5043//9179 5058//9179
f 5058//9179 5043//9179 5039//9179
f 5058//9180 5039//9180 5059//9180
f 5059//9180 5039//9180 5038//9180
f 4850//9169 4858//9169 4855//9169
f 4855//9169 4858//9169 4870//9169
f 4855//9170 4870//9170 4854//9170
f 4854//9170 4870//9170 4869//9170
f 4854//9171 4869//9171 4853//9171
f 4853//9171 4869//9171 4868//9171
f 4853//9172 4868//9172 4852//9172
f 4852//9172 4868//9172 4864//9172
f 4852//9173 4864//9173 4851//9173
f 4851//9173 4864//9173 4873//9173
f 4851//9174 4873//9174 4844//9174
f 4844//9174 4873//9174 4872//9174
f 4844//9175 4872//9175 4845//9175
f 4845//9175 4872//9175 4871//9175
f 4845//9176 4871//9176 4846//9176
f 4846//9176 4871//9176 4861//9176
f 4846//9177 4861//9177 4847//9177
f 4847//9177 4861//9177 4867//9177
f 4847//9178 4867//9178 4848//9178
f 4848//9178 4867//9178 4866//9178
f 4848//9179 4866//9179 4849//9179
f 4849//9179 4866//9179 4865//9179
f 4849//9180 4865//9180 4850//9180
f 4850//9180 4865//9180 4858//9180
f 3668//9169 3642//9169 3659//9169
f 3659//9169 3642//9169 3649//9169
f 3659//9170 3649//9170 3669//9170
f 3669//9170 3649//9170 3650//9170
f 3669//9171 3650//9171 3670//9171
f 3670//9171 3650//9171 3651//9171
f 3670//9172 3651//9172 3671//9172
f 3671//9172 3651//9172 3652//9172
f 3671//9173 3652//9173 3656//9173
f 3656//9173 3652//9173 3653//9173
f 3656//9174 3653//9174 3663//9174
f 3663//9174 3653//9174 3648//9174
f 3663//9175 3648//9175 3664//9175
f 3664//9175 3648//9175 3647//9175
f 3664//9176 3647//9176 3665//9176
f 3665//9176 3647//9176 3646//9176
f 3665//9177 3646//9177 3662//9177
f 3662//9177 3646//9177 3645//9177
f 3662//9178 3645//9178 3666//9178
f 3666//9178 3645//9178 3644//9178
f 3666//9179 3644//9179 3667//9179
f 3667//9179 3644//9179 3643//9179
f 3667//9180 3643//9180 3668//9180
f 3668//9180 3643//9180 3642//9180
f 3169//9169 3186//9169 3168//9169
f 3168//9169 3186//9169 3185//9169
f 3168//9170 3185//9170 3167//9170
f 3167//9170 3185//9170 3181//9170
f 3167//9171 3181//9171 3166//9171
f 3166//9171 3181//9171 3184//9171
f 3166//9172 3184//9172 3165//9172
f 3165//9172 3184//9172 3183//9172
f 3165//9173 3183//9173 3164//9173
f 3164//9173 3183//9173 3182//9173
f 3164//9174 3182//9174 3163//9174
f 3163//9174 3182//9174 3173//9174
f 3163//9175 3173//9175 3162//9175
f 3162//9175 3173//9175 3190//9175
f 3162//9176 3190//9176 3161//9176
f 3161//9176 3190//9176 3189//9176
f 3161//9177 3189//9177 3172//9177
f 3172//9177 3189//9177 3188//9177
f 3172//9178 3188//9178 3171//9178
f 3171//9178 3188//9178 3176//9178
f 3171//9179 3176//9179 3170//9179
f 3170//9179 3176//9179 3187//9179
f 3170//9180 3187//9180 3169//9180
f 3169//9180 3187//9180 3186//9180
f 576//9169 550//9169 565//9169
f 565//9169 550//9169 554//9169
f 565//9170 554//9170 571//9170
f 571//9170 554//9170 555//9170
f 571//9171 555//9171 572//9171
f 572//9171 555//9171 556//9171
f 572//9172 556//9172 573//9172
f 573//9172 556//9172 557//9172
f 573//9173 557//9173 559//9173
f 559//9173 557//9173 558//9173
f 559//9174 558//9174 568//9174
f 568//9174 558//9174 551//9174
f 568//9175 551//9175 569//9175
f 569//9175 551//9175 552//9175
f 569//9176 552//9176 570//9176
f 570//9176 552//9176 553//9176
f 570//9177 553//9177 562//9177
f 562//9177 553//9177 547//9177
f 562//9178 547//9178 574//9178
f 574//9178 547//9178 548//9178
f 574//9179 548//9179 575//9179
f 575//9179 548//9179 549//9179
f 575//9180 549//9180 576//9180
f 576//9180 549//9180 550//9180
f 395//9169 363//9169 407//9169
f 407//9169 363//9169 362//9169
f 407//9170 362//9170 405//9170
f 405//9170 362//9170 361//9170
f 405//9171 361//9171 403//9171
f 403//9171 361//9171 360//9171
f 403//9172 360//9172 401//9172
f 401//9172 360//9172 359//9172
f 401//9173 359//9173 399//9173
f 399//9173 359//9173 354//9173
f 399//9174 354//9174 394//9174
f 394//9174 354//9174 353//9174
f 394//9175 353//9175 393//9175
f 393//9175 353//9175 352//9175
f 393//9176 352//9176 392//9176
f 392//9176 352//9176 358//9176
f 392//9177 358//9177 391//9177
f 391//9177 358//9177 357//9177
f 391//9178 357//9178 397//9178
f 397//9178 357//9178 356//9178
f 397//9179 356//9179 396//9179
f 396//9179 356//9179 355//9179
f 396//9180 355//9180 395//9180
f 395//9180 355//9180 363//9180
f 1993//9181 2069//9181 2016//9181
f 2016//9181 2006//9181 1993//9181
f 1993//9182 2006//9182 2008//9182
f 1993//9183 2008//9183 2033//9183
f 2459//9182 2461//9182 1993//9182
f 1993//9182 2461//9182 2463//9182
f 1993//9182 2463//9182 1994//9182
f 2033//9182 2021//9182 1993//9182
f 1993//9182 2021//9182 2026//9182
f 1993//9182 2026//9182 2025//9182
f 2025//9181 2023//9181 1993//9181
f 1993//9182 2023//9182 2022//9182
f 1993//9184 2022//9184 2029//9184
f 2029//9181 2455//9181 1993//9181
f 1993//9182 2455//9182 2457//9182
f 1993//9182 2457//9182 2459//9182
f 4568//9182 4567//9182 2500//9182
f 2500//9182 4567//9182 2522//9182
f 2500//9181 2522//9181 2526//9181
f 4588//9182 4571//9182 2500//9182
f 2500//9181 4571//9181 4570//9181
f 2500//9185 4570//9185 4568//9185
f 2443//9182 2444//9182 2500//9182
f 2500//9182 2444//9182 2445//9182
f 2445//9182 2451//9182 2500//9182
f 2500//9182 2451//9182 2449//9182
f 2500//9182 2449//9182 2447//9182
f 2447//9181 2446//9181 2500//9181
f 2500//9186 2446//9186 4587//9186
f 2500//9187 4587//9187 4588//9187
f 5131//9188 5132//9188 5133//9188
f 5134//9189 5135//9189 5136//9189
f 435//9190 5137//9190 5138//9190
f 5139//9191 5138//9191 5140//9191
f 5139//9192 440//9192 5138//9192
f 5138//9193 440//9193 439//9193
f 5138//9194 439//9194 435//9194
f 5135//9195 5141//9195 5142//9195
f 5142//9196 5141//9196 5143//9196
f 5142//9197 5143//9197 5140//9197
f 5140//9198 5143//9198 5144//9198
f 5140//9199 5144//9199 5139//9199
f 5145//9200 5136//9200 5146//9200
f 5146//9201 5136//9201 5135//9201
f 5146//9202 5135//9202 5147//9202
f 5148//9203 5149//9203 5150//9203
f 5150//9204 5149//9204 5134//9204
f 5150//9205 5151//9205 5148//9205
f 5148//9206 5151//9206 5152//9206
f 5148//9207 5152//9207 5153//9207
f 5154//9208 5131//9208 5155//9208
f 5155//9209 5131//9209 5133//9209
f 5155//9210 5133//9210 5156//9210
f 5156//9211 5133//9211 5157//9211
f 5158//9212 5159//9212 5157//9212
f 5157//9213 5159//9213 5160//9213
f 5157//9214 5160//9214 5156//9214
f 5161//9215 5162//9215 5158//9215
f 5158//9216 5162//9216 5163//9216
f 5158//9217 5163//9217 5159//9217
f 5164//9218 5165//9218 5166//9218
f 5166//9219 5165//9219 5161//9219
f 5166//9220 5161//9220 5167//9220
f 5167//9221 5161//9221 5158//9221
f 5168//9222 5169//9222 5170//9222
f 5132//9223 5168//9223 5171//9223
f 5134//9224 5136//9224 5150//9224
f 5150//9225 5136//9225 5145//9225
f 5150//9226 5145//9226 5151//9226
f 5151//9227 5145//9227 5170//9227
f 5151//9228 5170//9228 5152//9228
f 5152//9229 5170//9229 5169//9229
f 5152//9230 5169//9230 5153//9230
f 5135//9231 5142//9231 5147//9231
f 5147//9232 5142//9232 5140//9232
f 5147//9232 5140//9232 5172//9232
f 5172//9233 5140//9233 5138//9233
f 5172//9234 5138//9234 5173//9234
f 5168//9235 5170//9235 5171//9235
f 5171//9236 5170//9236 5145//9236
f 5171//9237 5145//9237 5174//9237
f 5174//9238 5145//9238 5146//9238
f 5174//9239 5146//9239 5175//9239
f 5175//9240 5146//9240 5147//9240
f 5175//9241 5147//9241 5176//9241
f 5176//9242 5147//9242 5172//9242
f 5176//9243 5172//9243 5177//9243
f 5177//9244 5172//9244 5173//9244
f 5177//9245 5173//9245 5178//9245
f 5132//9246 5171//9246 5133//9246
f 5133//9247 5171//9247 5174//9247
f 5133//9248 5174//9248 5157//9248
f 5157//9249 5174//9249 5175//9249
f 5157//9250 5175//9250 5158//9250
f 5158//9251 5175//9251 5176//9251
f 5158//9252 5176//9252 5167//9252
f 5167//9253 5176//9253 5177//9253
f 5167//9254 5177//9254 5166//9254
f 5166//9255 5177//9255 5178//9255
f 5166//9256 5178//9256 5164//9256
f 5179//9257 5180//9257 457//9257
f 457//9258 455//9258 5179//9258
f 5179//9259 455//9259 454//9259
f 5179//9260 454//9260 5181//9260
f 5182//9261 5183//9261 5184//9261
f 5184//9262 5183//9262 5185//9262
f 5184//9263 5185//9263 5179//9263
f 5179//9264 5185//9264 5186//9264
f 5179//9265 5186//9265 5180//9265
f 5187//9266 5188//9266 5189//9266
f 5189//9267 5188//9267 5190//9267
f 5189//9268 5190//9268 5184//9268
f 5184//9269 5190//9269 5191//9269
f 5184//9270 5191//9270 5182//9270
f 5192//9271 5193//9271 5194//9271
f 5187//9272 5189//9272 5195//9272
f 5195//9273 5189//9273 5196//9273
f 5195//9274 5196//9274 5197//9274
f 5198//9275 5199//9275 5200//9275
f 5200//9276 5199//9276 5201//9276
f 5200//9277 5201//9277 5202//9277
f 5202//9278 5201//9278 5203//9278
f 5202//9279 5203//9279 5204//9279
f 5198//9280 5200//9280 5205//9280
f 5205//9281 5200//9281 5206//9281
f 5205//9282 5206//9282 5207//9282
f 5207//9283 5206//9283 5208//9283
f 5208//9284 5206//9284 5209//9284
f 5208//9285 5209//9285 5210//9285
f 5210//9286 5209//9286 5211//9286
f 5211//9287 5209//9287 5212//9287
f 5211//9288 5212//9288 5213//9288
f 5213//9289 5212//9289 5214//9289
f 5213//9290 5214//9290 5215//9290
f 5215//9291 5214//9291 5216//9291
f 5215//9292 5216//9292 5217//9292
f 5217//9293 5216//9293 5218//9293
f 5217//9294 5218//9294 5219//9294
f 5219//9295 5218//9295 5220//9295
f 5220//9296 5218//9296 5221//9296
f 5220//9297 5221//9297 5222//9297
f 5222//9298 5221//9298 5223//9298
f 5223//9299 5221//9299 5224//9299
f 5223//9300 5224//9300 5225//9300
f 468//9301 5226//9301 469//9301
f 469//9302 5226//9302 5227//9302
f 5228//9303 475//9303 5227//9303
f 5227//9304 475//9304 474//9304
f 5227//9305 474//9305 469//9305
f 454//9306 459//9306 5181//9306
f 5181//9307 459//9307 467//9307
f 5181//9308 467//9308 5229//9308
f 5229//9309 467//9309 466//9309
f 5229//9310 466//9310 5230//9310
f 5230//9311 466//9311 465//9311
f 5230//9312 465//9312 5228//9312
f 5228//9313 465//9313 464//9313
f 5228//9314 464//9314 475//9314
f 5194//9271 5197//9271 5192//9271
f 5192//9315 5197//9315 5196//9315
f 5192//9316 5196//9316 5231//9316
f 5232//9317 5231//9317 5233//9317
f 5234//9318 5232//9318 5235//9318
f 5204//9319 5234//9319 5236//9319
f 5231//9320 5196//9320 5233//9320
f 5233//9321 5196//9321 5189//9321
f 5233//9322 5189//9322 5237//9322
f 5237//9323 5189//9323 5184//9323
f 5237//9324 5184//9324 5238//9324
f 5238//9325 5184//9325 5179//9325
f 5238//9326 5179//9326 5239//9326
f 5239//9327 5179//9327 5181//9327
f 5239//9328 5181//9328 5240//9328
f 5240//9329 5181//9329 5229//9329
f 5240//9330 5229//9330 5241//9330
f 5241//9331 5229//9331 5230//9331
f 5241//9332 5230//9332 5242//9332
f 5242//9333 5230//9333 5228//9333
f 5242//9334 5228//9334 5243//9334
f 5243//9335 5228//9335 5227//9335
f 5243//9336 5227//9336 5244//9336
f 5244//9337 5227//9337 5226//9337
f 5244//9338 5226//9338 5245//9338
f 5232//9339 5233//9339 5235//9339
f 5235//9340 5233//9340 5237//9340
f 5235//9341 5237//9341 5246//9341
f 5246//9342 5237//9342 5238//9342
f 5246//9343 5238//9343 5247//9343
f 5247//9344 5238//9344 5239//9344
f 5247//9345 5239//9345 5248//9345
f 5248//9346 5239//9346 5240//9346
f 5248//9347 5240//9347 5249//9347
f 5249//9348 5240//9348 5241//9348
f 5249//9349 5241//9349 5250//9349
f 5250//9350 5241//9350 5242//9350
f 5250//9351 5242//9351 5251//9351
f 5251//9352 5242//9352 5243//9352
f 5251//9353 5243//9353 5252//9353
f 5252//9354 5243//9354 5244//9354
f 5252//9355 5244//9355 5253//9355
f 5253//9356 5244//9356 5245//9356
f 5253//9357 5245//9357 5254//9357
f 5234//9358 5235//9358 5236//9358
f 5236//9359 5235//9359 5246//9359
f 5236//9360 5246//9360 5255//9360
f 5255//9361 5246//9361 5247//9361
f 5255//9362 5247//9362 5256//9362
f 5256//9363 5247//9363 5248//9363
f 5256//9364 5248//9364 5257//9364
f 5257//9365 5248//9365 5249//9365
f 5257//9366 5249//9366 5258//9366
f 5258//9367 5249//9367 5250//9367
f 5258//9368 5250//9368 5259//9368
f 5259//9369 5250//9369 5251//9369
f 5259//9370 5251//9370 5260//9370
f 5260//9371 5251//9371 5252//9371
f 5260//9372 5252//9372 5261//9372
f 5261//9373 5252//9373 5253//9373
f 5261//9374 5253//9374 5262//9374
f 5262//9375 5253//9375 5254//9375
f 5262//9376 5254//9376 5263//9376
f 5204//9377 5236//9377 5202//9377
f 5202//9378 5236//9378 5255//9378
f 5202//9379 5255//9379 5200//9379
f 5200//9380 5255//9380 5256//9380
f 5200//9381 5256//9381 5206//9381
f 5206//9382 5256//9382 5257//9382
f 5206//9383 5257//9383 5209//9383
f 5209//9384 5257//9384 5258//9384
f 5209//9385 5258//9385 5212//9385
f 5212//9386 5258//9386 5259//9386
f 5212//9387 5259//9387 5214//9387
f 5214//9388 5259//9388 5260//9388
f 5214//9389 5260//9389 5216//9389
f 5216//9390 5260//9390 5261//9390
f 5216//9391 5261//9391 5218//9391
f 5218//9392 5261//9392 5262//9392
f 5218//9393 5262//9393 5221//9393
f 5221//9394 5262//9394 5263//9394
f 5221//9395 5263//9395 5224//9395
f 5188//9396 5187//9396 445//9396
f 445//9397 5187//9397 5195//9397
f 445//9398 5195//9398 444//9398
f 444//9399 5195//9399 5197//9399
f 444//9400 5197//9400 442//9400
f 445//9401 447//9401 5188//9401
f 5188//9402 447//9402 450//9402
f 5188//9403 450//9403 5190//9403
f 5190//9404 450//9404 449//9404
f 5190//9405 449//9405 5191//9405
f 5191//9406 449//9406 453//9406
f 458//9407 5185//9407 452//9407
f 452//9408 5185//9408 5183//9408
f 452//9409 5183//9409 453//9409
f 453//9410 5183//9410 5182//9410
f 453//9411 5182//9411 5191//9411
f 457//9412 5180//9412 458//9412
f 458//9413 5180//9413 5186//9413
f 458//9414 5186//9414 5185//9414
f 438//9415 5264//9415 437//9415
f 437//9416 5264//9416 5137//9416
f 437//9417 5137//9417 435//9417
f 5197//9418 5194//9418 442//9418
f 442//9419 5194//9419 5193//9419
f 442//9420 5193//9420 438//9420
f 438//9421 5193//9421 5265//9421
f 438//9422 5265//9422 5264//9422
f 424//9423 441//9423 5143//9423
f 5143//9424 5141//9424 424//9424
f 424//9425 5141//9425 5135//9425
f 424//9426 5135//9426 432//9426
f 432//9427 5135//9427 5134//9427
f 432//9428 5134//9428 430//9428
f 430//9429 5134//9429 5149//9429
f 430//9430 5149//9430 428//9430
f 428//9431 5149//9431 5148//9431
f 428//9432 5148//9432 8//9432
f 8//9433 5148//9433 5153//9433
f 8//9434 5153//9434 9//9434
f 5143//9435 441//9435 5144//9435
f 5144//9436 441//9436 440//9436
f 5144//9437 440//9437 5139//9437
f 5266//9438 5267//9438 5268//9438
f 5267//9439 5269//9439 5270//9439
f 98//9440 99//9440 5271//9440
f 5272//9441 5273//9441 5274//9441
f 5275//9442 5276//9442 92//9442
f 92//9443 5276//9443 5277//9443
f 92//9444 5277//9444 86//9444
f 86//9445 5277//9445 5278//9445
f 86//9446 5278//9446 87//9446
f 5279//9447 140//9447 5278//9447
f 5278//9448 140//9448 139//9448
f 5278//9449 139//9449 87//9449
f 5270//9450 143//9450 5279//9450
f 5279//9451 143//9451 141//9451
f 5279//9452 141//9452 140//9452
f 5269//9453 5280//9453 5270//9453
f 5270//9454 5280//9454 5281//9454
f 5270//9455 5281//9455 143//9455
f 5282//9456 5283//9456 5269//9456
f 5269//9457 5283//9457 5284//9457
f 5269//9458 5284//9458 5280//9458
f 5272//9459 5274//9459 5285//9459
f 5286//9460 5287//9460 5288//9460
f 92//9461 93//9461 5275//9461
f 5275//9462 93//9462 95//9462
f 5275//9463 95//9463 5289//9463
f 5289//9464 95//9464 96//9464
f 5289//9465 96//9465 97//9465
f 5290//9466 5291//9466 5292//9466
f 5292//9467 5291//9467 5293//9467
f 5292//9468 5293//9468 5294//9468
f 5294//9469 5293//9469 5295//9469
f 5294//9470 5295//9470 5296//9470
f 5296//9471 5295//9471 5286//9471
f 5297//9472 5290//9472 5298//9472
f 5298//9473 5290//9473 5292//9473
f 5298//9474 5292//9474 5299//9474
f 5299//9475 5292//9475 5294//9475
f 5299//9476 5294//9476 5300//9476
f 5300//9477 5294//9477 5296//9477
f 5301//9478 5297//9478 5302//9478
f 5302//9479 5297//9479 5298//9479
f 5302//9480 5298//9480 5303//9480
f 5303//9481 5298//9481 5299//9481
f 5303//9482 5299//9482 5304//9482
f 5304//9483 5299//9483 5300//9483
f 5286//9484 5288//9484 5296//9484
f 5296//9485 5288//9485 5305//9485
f 5296//9486 5305//9486 5300//9486
f 5300//9487 5305//9487 5285//9487
f 5300//9488 5285//9488 5304//9488
f 5304//9489 5285//9489 5274//9489
f 5304//9490 5274//9490 5303//9490
f 5303//9491 5274//9491 5306//9491
f 5303//9492 5306//9492 5302//9492
f 5302//9493 5306//9493 5307//9493
f 5302//9494 5307//9494 5301//9494
f 5308//9495 5309//9495 5307//9495
f 5307//9496 5309//9496 5310//9496
f 5307//9497 5310//9497 5301//9497
f 5267//9498 5270//9498 5268//9498
f 5268//9499 5270//9499 5279//9499
f 5268//9500 5279//9500 5311//9500
f 5311//9501 5279//9501 5278//9501
f 5311//9502 5278//9502 5312//9502
f 5312//9503 5278//9503 5277//9503
f 5312//9504 5277//9504 5313//9504
f 5313//9505 5277//9505 5276//9505
f 5313//9506 5276//9506 5314//9506
f 5314//9507 5276//9507 5275//9507
f 5314//9508 5275//9508 5315//9508
f 5315//9509 5275//9509 5289//9509
f 5315//9510 5289//9510 5316//9510
f 97//9511 98//9511 5289//9511
f 5289//9512 98//9512 5271//9512
f 5289//9513 5271//9513 5316//9513
f 5316//9514 5271//9514 5317//9514
f 5316//9515 5317//9515 5318//9515
f 5266//9516 5268//9516 5319//9516
f 5319//9517 5268//9517 5311//9517
f 5319//9518 5311//9518 5320//9518
f 5320//9519 5311//9519 5312//9519
f 5320//9520 5312//9520 5321//9520
f 5321//9521 5312//9521 5313//9521
f 5321//9522 5313//9522 5322//9522
f 5322//9523 5313//9523 5314//9523
f 5322//9524 5314//9524 5323//9524
f 5323//9525 5314//9525 5315//9525
f 5323//9526 5315//9526 5324//9526
f 5324//9527 5315//9527 5316//9527
f 5324//9528 5316//9528 5325//9528
f 5325//9529 5316//9529 5318//9529
f 5325//9530 5318//9530 5326//9530
f 5273//9531 5282//9531 5274//9531
f 5274//9532 5282//9532 5269//9532
f 5274//9533 5269//9533 5306//9533
f 5306//9534 5269//9534 5267//9534
f 5306//9535 5267//9535 5307//9535
f 5307//9536 5267//9536 5266//9536
f 5307//9537 5266//9537 5308//9537
f 5308//9538 5266//9538 5319//9538
f 5308//9539 5319//9539 5327//9539
f 5327//9540 5319//9540 5320//9540
f 5327//9541 5320//9541 5328//9541
f 5328//9542 5320//9542 5321//9542
f 5328//9543 5321//9543 5329//9543
f 5329//9544 5321//9544 5322//9544
f 5329//9545 5322//9545 5330//9545
f 5330//9546 5322//9546 5323//9546
f 5330//9547 5323//9547 5331//9547
f 5331//9548 5323//9548 5324//9548
f 5331//9549 5324//9549 5332//9549
f 5332//9550 5324//9550 5325//9550
f 5332//9551 5325//9551 5333//9551
f 5333//9552 5325//9552 5326//9552
f 5333//9553 5326//9553 5334//9553
f 5335//9554 5336//9554 5334//9554
f 5334//9555 5326//9555 5335//9555
f 5335//9556 5326//9556 5318//9556
f 5335//9557 5318//9557 5337//9557
f 5337//9558 5318//9558 5317//9558
f 5337//9559 5317//9559 5338//9559
f 5338//9560 5317//9560 5271//9560
f 5338//9561 5271//9561 5339//9561
f 5339//9562 5271//9562 99//9562
f 5339//9563 99//9563 102//9563
f 5226//9564 468//9564 473//9564
f 473//9565 472//9565 5340//9565
f 5340//9566 472//9566 4899//9566
f 5340//9567 4899//9567 4898//9567
f 5225//9568 5224//9568 5341//9568
f 5341//9569 5224//9569 5263//9569
f 5341//9570 5263//9570 5342//9570
f 5226//9571 473//9571 5245//9571
f 5245//9572 473//9572 5340//9572
f 5245//9573 5340//9573 5254//9573
f 5254//9574 5340//9574 5343//9574
f 5254//9575 5343//9575 5263//9575
f 5263//9576 5343//9576 5344//9576
f 5263//9577 5344//9577 5342//9577
f 4893//9578 4892//9578 5345//9578
f 5345//9579 4892//9579 5346//9579
f 4916//9580 5347//9580 5348//9580
f 5349//9581 5350//9581 5351//9581
f 5351//9582 5350//9582 5352//9582
f 5351//9583 5352//9583 5353//9583
f 5353//9584 5352//9584 5354//9584
f 5353//9585 5354//9585 5355//9585
f 5355//9586 5354//9586 5356//9586
f 5355//9587 5356//9587 5357//9587
f 5357//9588 5356//9588 5358//9588
f 5357//9589 5358//9589 5359//9589
f 5359//9590 5358//9590 5360//9590
f 5359//9591 5360//9591 5361//9591
f 5361//9592 5360//9592 5362//9592
f 5361//9593 5362//9593 5363//9593
f 5363//9594 5362//9594 5364//9594
f 5363//9595 5364//9595 5365//9595
f 5365//9596 5364//9596 5342//9596
f 5365//9597 5342//9597 5344//9597
f 5366//9598 5367//9598 5349//9598
f 5349//9599 5367//9599 5368//9599
f 5349//9600 5368//9600 5350//9600
f 5369//9601 5370//9601 5366//9601
f 5366//9602 5370//9602 5371//9602
f 5366//9603 5371//9603 5367//9603
f 5372//9604 5373//9604 5374//9604
f 5374//9605 5373//9605 5375//9605
f 5374//9606 5375//9606 5369//9606
f 5369//9607 5375//9607 5376//9607
f 5369//9608 5376//9608 5370//9608
f 5377//9609 5378//9609 5379//9609
f 5379//9610 5378//9610 5380//9610
f 5377//9611 5381//9611 5382//9611
f 5382//9612 5381//9612 4909//9612
f 5382//9613 4909//9613 4908//9613
f 5383//9614 4911//9614 5381//9614
f 5381//9615 4911//9615 4913//9615
f 5381//9616 4913//9616 4909//9616
f 5384//9617 4928//9617 5385//9617
f 5385//9618 4928//9618 4927//9618
f 5385//9619 4927//9619 5383//9619
f 5383//9620 4927//9620 4912//9620
f 5383//9621 4912//9621 4911//9621
f 4923//9622 4925//9622 5384//9622
f 5384//9623 4925//9623 4929//9623
f 5384//9624 4929//9624 4928//9624
f 4916//9625 4921//9625 5347//9625
f 5347//9626 4921//9626 4923//9626
f 5347//9627 4923//9627 5386//9627
f 5386//9628 4923//9628 5384//9628
f 5387//9629 4918//9629 5348//9629
f 5348//9630 4918//9630 4917//9630
f 5348//9631 4917//9631 4916//9631
f 4892//9632 4891//9632 5346//9632
f 5346//9633 4891//9633 4920//9633
f 5346//9634 4920//9634 5387//9634
f 5387//9635 4920//9635 4919//9635
f 5387//9636 4919//9636 4918//9636
f 4893//9637 5345//9637 4894//9637
f 4894//9638 5345//9638 5388//9638
f 4894//9639 5388//9639 4897//9639
f 4897//9640 5388//9640 5389//9640
f 4897//9641 5389//9641 4895//9641
f 4895//9642 5389//9642 4896//9642
f 4896//9643 5389//9643 5340//9643
f 4896//9644 5340//9644 4898//9644
f 5390//9645 5372//9645 5380//9645
f 5380//9646 5372//9646 5374//9646
f 5380//9647 5374//9647 5379//9647
f 5379//9648 5374//9648 5369//9648
f 5379//9649 5369//9649 5391//9649
f 5391//9650 5369//9650 5366//9650
f 5391//9651 5366//9651 5392//9651
f 5392//9652 5366//9652 5349//9652
f 5392//9653 5349//9653 5393//9653
f 5393//9654 5349//9654 5351//9654
f 5393//9655 5351//9655 5394//9655
f 5394//9656 5351//9656 5353//9656
f 5394//9657 5353//9657 5395//9657
f 5395//9658 5353//9658 5355//9658
f 5395//9659 5355//9659 5396//9659
f 5396//9660 5355//9660 5357//9660
f 5396//9661 5357//9661 5397//9661
f 5397//9662 5357//9662 5359//9662
f 5397//9663 5359//9663 5398//9663
f 5398//9664 5359//9664 5361//9664
f 5398//9665 5361//9665 5399//9665
f 5399//9666 5361//9666 5363//9666
f 5399//9667 5363//9667 5400//9667
f 5400//9668 5363//9668 5365//9668
f 5400//9669 5365//9669 5401//9669
f 5401//9670 5365//9670 5344//9670
f 5401//9671 5344//9671 5343//9671
f 5377//9672 5379//9672 5381//9672
f 5381//9673 5379//9673 5391//9673
f 5381//9674 5391//9674 5383//9674
f 5383//9675 5391//9675 5392//9675
f 5383//9676 5392//9676 5385//9676
f 5385//9677 5392//9677 5393//9677
f 5385//9678 5393//9678 5384//9678
f 5384//9679 5393//9679 5394//9679
f 5384//9680 5394//9680 5386//9680
f 5386//9681 5394//9681 5395//9681
f 5386//9682 5395//9682 5347//9682
f 5347//9683 5395//9683 5396//9683
f 5347//9684 5396//9684 5348//9684
f 5348//9685 5396//9685 5397//9685
f 5348//9686 5397//9686 5387//9686
f 5387//9687 5397//9687 5398//9687
f 5387//9688 5398//9688 5346//9688
f 5346//9689 5398//9689 5399//9689
f 5346//9690 5399//9690 5345//9690
f 5345//9691 5399//9691 5400//9691
f 5345//9692 5400//9692 5388//9692
f 5388//9693 5400//9693 5401//9693
f 5388//9694 5401//9694 5389//9694
f 5389//9695 5401//9695 5343//9695
f 5389//9696 5343//9696 5340//9696
f 5402//9697 157//9697 5403//9697
f 5403//9698 157//9698 160//9698
f 5403//9699 160//9699 5404//9699
f 5404//9700 160//9700 159//9700
f 5404//9701 159//9701 5405//9701
f 5405//9702 159//9702 158//9702
f 5405//9703 158//9703 5406//9703
f 5406//9704 158//9704 181//9704
f 5406//9705 181//9705 5407//9705
f 5407//9706 181//9706 180//9706
f 5407//9707 180//9707 5408//9707
f 5408//9708 180//9708 179//9708
f 5408//9709 179//9709 5409//9709
f 5409//9710 179//9710 178//9710
f 5409//9711 178//9711 5410//9711
f 178//9712 163//9712 5410//9712
f 5410//9713 163//9713 162//9713
f 5410//9714 162//9714 5287//9714
f 5287//9715 162//9715 71//9715
f 5287//9715 71//9715 5288//9715
f 71//9716 131//9716 5288//9716
f 5288//9717 131//9717 130//9717
f 5288//9718 130//9718 5305//9718
f 130//9719 129//9719 5305//9719
f 5305//9720 129//9720 132//9720
f 5305//9721 132//9721 5285//9721
f 5285//9722 132//9722 133//9722
f 5285//9723 133//9723 5272//9723
f 5272//9724 133//9724 5273//9724
f 5273//9725 133//9725 138//9725
f 5273//9726 138//9726 5282//9726
f 5282//9727 138//9727 137//9727
f 5282//9728 137//9728 5283//9728
f 143//9729 5281//9729 144//9729
f 144//9730 5281//9730 5280//9730
f 144//9731 5280//9731 134//9731
f 134//9732 5280//9732 5284//9732
f 134//9733 5284//9733 135//9733
f 135//9734 5284//9734 5283//9734
f 135//9735 5283//9735 136//9735
f 136//9736 5283//9736 137//9736
f 5411//9737 5412//9737 5413//9737
f 5414//9738 5415//9738 5416//9738
f 5417//9739 5418//9739 5076//9739
f 5419//9740 5420//9740 5421//9740
f 5339//9741 102//9741 101//9741
f 5422//9742 5336//9742 5423//9742
f 5423//9743 5336//9743 5335//9743
f 5423//9744 5335//9744 5337//9744
f 5424//9745 5425//9745 5426//9745
f 5426//9746 5425//9746 5427//9746
f 5426//9747 5427//9747 5428//9747
f 5424//9748 5426//9748 5429//9748
f 5429//9749 5426//9749 5430//9749
f 5429//9750 5430//9750 5431//9750
f 5431//9751 5430//9751 5432//9751
f 5432//9752 5430//9752 5433//9752
f 5432//9753 5433//9753 5434//9753
f 5435//9754 5436//9754 5437//9754
f 5437//9755 5436//9755 5438//9755
f 5437//9756 5438//9756 5439//9756
f 5439//9757 5438//9757 5440//9757
f 5439//9758 5440//9758 5441//9758
f 5442//9759 5443//9759 5444//9759
f 5414//9760 5064//9760 5415//9760
f 5415//9761 5064//9761 256//9761
f 5415//9762 256//9762 255//9762
f 5066//9763 5067//9763 5445//9763
f 5067//9764 5068//9764 5445//9764
f 5445//9765 5068//9765 5446//9765
f 5445//9766 5446//9766 5447//9766
f 5448//9767 5449//9767 5072//9767
f 5069//9768 5450//9768 5070//9768
f 5070//9769 5450//9769 5448//9769
f 5070//9770 5448//9770 5071//9770
f 5071//9771 5448//9771 5072//9771
f 5076//9772 5075//9772 5417//9772
f 5417//9773 5075//9773 5074//9773
f 5417//9774 5074//9774 5449//9774
f 5449//9775 5074//9775 5073//9775
f 5449//9776 5073//9776 5072//9776
f 5077//9777 5451//9777 5080//9777
f 5080//9778 5451//9778 5452//9778
f 5080//9779 5452//9779 5081//9779
f 5453//9780 5078//9780 5083//9780
f 5453//9781 5083//9781 5452//9781
f 5452//9782 5083//9782 5082//9782
f 5452//9783 5082//9783 5081//9783
f 5078//9784 5453//9784 5079//9784
f 5079//9785 5453//9785 5454//9785
f 5079//9786 5454//9786 5085//9786
f 5427//9787 5422//9787 5428//9787
f 5428//9788 5422//9788 5423//9788
f 5428//9789 5423//9789 5455//9789
f 5455//9790 5423//9790 5337//9790
f 5455//9791 5337//9791 5338//9791
f 5456//9792 5457//9792 5458//9792
f 5458//9793 5457//9793 5459//9793
f 5458//9794 5459//9794 5460//9794
f 5461//9795 5434//9795 5462//9795
f 5462//9796 5434//9796 5433//9796
f 5462//9797 5433//9797 5463//9797
f 5463//9798 5433//9798 5430//9798
f 5463//9799 5430//9799 5464//9799
f 5464//9800 5430//9800 5426//9800
f 5464//9801 5426//9801 5465//9801
f 5465//9802 5426//9802 5428//9802
f 5465//9803 5428//9803 5466//9803
f 5466//9804 5428//9804 5455//9804
f 5466//9805 5455//9805 5467//9805
f 5467//9806 5455//9806 5338//9806
f 5467//9807 5338//9807 5339//9807
f 5468//9808 5419//9808 5469//9808
f 5469//9809 5419//9809 5421//9809
f 5469//9810 5421//9810 5470//9810
f 5470//9811 5421//9811 5471//9811
f 5470//9812 5471//9812 5416//9812
f 5416//9813 5471//9813 5447//9813
f 5416//9814 5447//9814 5414//9814
f 5414//9815 5447//9815 5446//9815
f 5414//9816 5446//9816 5064//9816
f 5064//9817 5446//9817 5068//9817
f 5420//9818 5442//9818 5421//9818
f 5421//9819 5442//9819 5444//9819
f 5421//9820 5444//9820 5471//9820
f 5471//9821 5444//9821 5472//9821
f 5471//9822 5472//9822 5447//9822
f 5447//9823 5472//9823 5413//9823
f 5447//9824 5413//9824 5445//9824
f 5445//9825 5413//9825 5412//9825
f 5445//9826 5412//9826 5066//9826
f 5066//9827 5412//9827 5411//9827
f 5066//9828 5411//9828 5065//9828
f 5444//9829 5460//9829 5472//9829
f 5472//9830 5460//9830 5459//9830
f 5472//9831 5459//9831 5413//9831
f 5413//9832 5459//9832 5457//9832
f 5413//9833 5457//9833 5411//9833
f 5411//9834 5457//9834 5473//9834
f 5411//9835 5473//9835 5065//9835
f 5418//9836 5417//9836 5474//9836
f 5474//9837 5417//9837 5449//9837
f 5474//9838 5449//9838 5456//9838
f 5456//9839 5449//9839 5448//9839
f 5456//9840 5448//9840 5457//9840
f 5457//9841 5448//9841 5450//9841
f 5457//9842 5450//9842 5473//9842
f 5473//9843 5450//9843 5069//9843
f 5473//9844 5069//9844 5065//9844
f 5077//9845 5076//9845 5451//9845
f 5451//9846 5076//9846 5418//9846
f 5451//9847 5418//9847 5475//9847
f 5475//9848 5418//9848 5474//9848
f 5475//9849 5474//9849 5476//9849
f 5476//9850 5474//9850 5456//9850
f 5476//9851 5456//9851 5477//9851
f 5477//9852 5456//9852 5458//9852
f 5477//9853 5458//9853 5478//9853
f 5478//9854 5458//9854 5460//9854
f 5084//9855 5085//9855 5479//9855
f 5479//9856 5085//9856 5454//9856
f 5479//9857 5454//9857 5480//9857
f 5480//9858 5454//9858 5453//9858
f 5480//9859 5453//9859 5481//9859
f 5481//9860 5453//9860 5452//9860
f 5481//9861 5452//9861 5482//9861
f 5482//9862 5452//9862 5451//9862
f 5482//9863 5451//9863 5483//9863
f 5483//9864 5451//9864 5475//9864
f 5483//9865 5475//9865 5484//9865
f 5484//9866 5475//9866 5476//9866
f 5484//9867 5476//9867 5439//9867
f 5439//9868 5476//9868 5477//9868
f 5439//9869 5477//9869 5437//9869
f 5437//9870 5477//9870 5478//9870
f 5437//9871 5478//9871 5435//9871
f 5435//9872 5478//9872 5460//9872
f 5435//9873 5460//9873 5485//9873
f 5485//9874 5460//9874 5444//9874
f 5485//9875 5444//9875 5486//9875
f 5486//9876 5444//9876 5443//9876
f 101//9877 5084//9877 5339//9877
f 5339//9878 5084//9878 5479//9878
f 5339//9879 5479//9879 5467//9879
f 5467//9880 5479//9880 5480//9880
f 5467//9881 5480//9881 5466//9881
f 5466//9882 5480//9882 5481//9882
f 5466//9883 5481//9883 5465//9883
f 5465//9884 5481//9884 5482//9884
f 5465//9885 5482//9885 5464//9885
f 5464//9886 5482//9886 5483//9886
f 5464//9887 5483//9887 5463//9887
f 5463//9888 5483//9888 5484//9888
f 5463//9889 5484//9889 5462//9889
f 5462//9890 5484//9890 5439//9890
f 5462//9891 5439//9891 5461//9891
f 5461//9892 5439//9892 5441//9892
f 5487//9893 3729//9893 3731//9893
f 3736//9894 5488//9894 3734//9894
f 3734//9895 5488//9895 5489//9895
f 3734//9896 5489//9896 3731//9896
f 3731//9897 5489//9897 5490//9897
f 3731//9898 5490//9898 5487//9898
f 4901//9899 4902//9899 5491//9899
f 5492//9900 5493//9900 5494//9900
f 5495//9901 5496//9901 5497//9901
f 5498//9902 5390//9902 5380//9902
f 4906//9903 4905//9903 5499//9903
f 4906//9904 5499//9904 4907//9904
f 4908//9905 4907//9905 5382//9905
f 5382//9906 4907//9906 5499//9906
f 5382//9907 5499//9907 5377//9907
f 5377//9908 5499//9908 5500//9908
f 5377//9909 5500//9909 5378//9909
f 5378//9910 5500//9910 5497//9910
f 5378//9911 5497//9911 5380//9911
f 5380//9912 5497//9912 5496//9912
f 5380//9913 5496//9913 5498//9913
f 5492//9914 5494//9914 5501//9914
f 4903//9915 4904//9915 5502//9915
f 5502//9916 4904//9916 3723//9916
f 4901//9917 5491//9917 4900//9917
f 5503//9918 5504//9918 5505//9918
f 5505//9919 5504//9919 5506//9919
f 5505//9920 5506//9920 5507//9920
f 5507//9921 5506//9921 5502//9921
f 5507//9922 5502//9922 5508//9922
f 5508//9923 5502//9923 3723//9923
f 5508//9924 3723//9924 3724//9924
f 4902//9925 4903//9925 5491//9925
f 5491//9926 4903//9926 5502//9926
f 5491//9927 5502//9927 5509//9927
f 5509//9928 5502//9928 5506//9928
f 5509//9929 5506//9929 5494//9929
f 5494//9930 5506//9930 5504//9930
f 5494//9931 5504//9931 5501//9931
f 5501//9932 5504//9932 5503//9932
f 5501//9933 5503//9933 5510//9933
f 5493//9934 5495//9934 5494//9934
f 5494//9935 5495//9935 5497//9935
f 5494//9936 5497//9936 5509//9936
f 5509//9937 5497//9937 5500//9937
f 5509//9938 5500//9938 5491//9938
f 5491//9939 5500//9939 5499//9939
f 5491//9940 5499//9940 4900//9940
f 4900//9941 5499//9941 4905//9941
f 5510//9942 5503//9942 5511//9942
f 5512//9943 5513//9943 5511//9943
f 5511//9944 5513//9944 5514//9944
f 5511//9942 5514//9942 5510//9942
f 5515//9945 5516//9945 5517//9945
f 5517//9946 5516//9946 5518//9946
f 5517//9947 5518//9947 5512//9947
f 5512//9948 5518//9948 5519//9948
f 5512//9949 5519//9949 5513//9949
f 5520//9950 5521//9950 5522//9950
f 5523//9951 5524//9951 5521//9951
f 5489//9952 5488//9952 5523//9952
f 5523//9953 5488//9953 5525//9953
f 5523//9954 5525//9954 5524//9954
f 3729//9955 5487//9955 5523//9955
f 5523//9956 5487//9956 5490//9956
f 5523//9957 5490//9957 5489//9957
f 3729//9958 5523//9958 3728//9958
f 3728//9959 5523//9959 5526//9959
f 3728//9960 5526//9960 3727//9960
f 5508//9961 3724//9961 5527//9961
f 5527//9962 3724//9962 3725//9962
f 5527//9963 3725//9963 5526//9963
f 5526//9964 3725//9964 3726//9964
f 5526//9965 3726//9965 3727//9965
f 5528//9966 5505//9966 5507//9966
f 5521//9967 5520//9967 5523//9967
f 5523//9968 5520//9968 5529//9968
f 5523//9969 5529//9969 5526//9969
f 5526//9970 5529//9970 5528//9970
f 5526//9971 5528//9971 5527//9971
f 5527//9972 5528//9972 5507//9972
f 5527//9973 5507//9973 5508//9973
f 5530//9974 5515//9974 5522//9974
f 5522//9975 5515//9975 5517//9975
f 5522//9976 5517//9976 5520//9976
f 5520//9977 5517//9977 5512//9977
f 5520//9978 5512//9978 5529//9978
f 5529//9979 5512//9979 5511//9979
f 5529//9980 5511//9980 5528//9980
f 5528//9981 5511//9981 5503//9981
f 5528//9982 5503//9982 5505//9982
f 5525//9983 5488//9983 5531//9983
f 5524//9984 5525//9984 5532//9984
f 5532//9985 5525//9985 5531//9985
f 5532//9986 5531//9986 5533//9986
f 5533//9987 5531//9987 5534//9987
f 5535//9988 5521//9988 5524//9988
f 5536//9989 5522//9989 5521//9989
f 5536//9990 5537//9990 5538//9990
f 5538//9991 5539//9991 5536//9991
f 5536//9992 5539//9992 5540//9992
f 5536//9993 5540//9993 5522//9993
f 5522//9994 5540//9994 5541//9994
f 5522//9995 5541//9995 5530//9995
f 5542//9996 5543//9996 5544//9996
f 5544//9997 5543//9997 5545//9997
f 5544//9998 5545//9998 5537//9998
f 5537//9999 5545//9999 5546//9999
f 5537//10000 5546//10000 5538//10000
f 5544//10001 5547//10001 5542//10001
f 5542//10002 5547//10002 5548//10002
f 5542//10003 5548//10003 5549//10003
f 5549//10004 5548//10004 5550//10004
f 5549//10005 5550//10005 5551//10005
f 5551//10006 5550//10006 5552//10006
f 5551//10007 5552//10007 5553//10007
f 5553//10008 5552//10008 5554//10008
f 5553//10009 5554//10009 5555//10009
f 5555//10010 5554//10010 5556//10010
f 5555//10011 5556//10011 5557//10011
f 5557//10012 5556//10012 5558//10012
f 5557//10013 5558//10013 5559//10013
f 5559//10014 5558//10014 5560//10014
f 5559//10015 5560//10015 5561//10015
f 5561//10016 5560//10016 5562//10016
f 5561//10017 5562//10017 5563//10017
f 5563//10018 5562//10018 5564//10018
f 5563//10019 5564//10019 5565//10019
f 5566//10020 5567//10020 5568//10020
f 5568//10021 5567//10021 5569//10021
f 5569//10022 5567//10022 5570//10022
f 5570//10023 5567//10023 5571//10023
f 5570//10024 5571//10024 5572//10024
f 5572//10025 5571//10025 5573//10025
f 5572//10026 5573//10026 5574//10026
f 5575//10027 5576//10027 5577//10027
f 5577//10028 5576//10028 5578//10028
f 5577//10029 5578//10029 5579//10029
f 5579//10030 5578//10030 5580//10030
f 5579//10031 5580//10031 5573//10031
f 5573//10032 5580//10032 5581//10032
f 5573//10033 5581//10033 5574//10033
f 5575//10034 5577//10034 5582//10034
f 5582//10035 5577//10035 5583//10035
f 5582//10036 5583//10036 5584//10036
f 5534//10037 5585//10037 5533//10037
f 5533//10038 5585//10038 5586//10038
f 5533//10039 5586//10039 5587//10039
f 5587//10040 5586//10040 5588//10040
f 5587//10041 5588//10041 5589//10041
f 5589//10042 5588//10042 5590//10042
f 5589//10043 5590//10043 5591//10043
f 5591//10044 5590//10044 5592//10044
f 5591//10045 5592//10045 5593//10045
f 5593//10046 5592//10046 5594//10046
f 5593//10047 5594//10047 5583//10047
f 5583//10048 5594//10048 5595//10048
f 5583//10049 5595//10049 5584//10049
f 5524//10050 5532//10050 5535//10050
f 5535//10051 5532//10051 5533//10051
f 5535//10052 5533//10052 5596//10052
f 5596//10053 5533//10053 5587//10053
f 5596//10054 5587//10054 5597//10054
f 5597//10055 5587//10055 5589//10055
f 5597//10056 5589//10056 5598//10056
f 5598//10057 5589//10057 5591//10057
f 5598//10058 5591//10058 5599//10058
f 5599//10059 5591//10059 5593//10059
f 5599//10060 5593//10060 5600//10060
f 5600//10061 5593//10061 5583//10061
f 5600//10062 5583//10062 5601//10062
f 5601//10063 5583//10063 5577//10063
f 5601//10064 5577//10064 5602//10064
f 5602//10065 5577//10065 5579//10065
f 5602//10066 5579//10066 5603//10066
f 5603//10067 5579//10067 5573//10067
f 5603//10068 5573//10068 5604//10068
f 5604//10069 5573//10069 5571//10069
f 5604//10070 5571//10070 5605//10070
f 5605//10071 5571//10071 5567//10071
f 5605//10072 5567//10072 5606//10072
f 5606//10073 5567//10073 5566//10073
f 5606//10074 5566//10074 5607//10074
f 5521//10075 5535//10075 5536//10075
f 5536//10076 5535//10076 5596//10076
f 5536//10077 5596//10077 5537//10077
f 5537//10078 5596//10078 5597//10078
f 5537//10079 5597//10079 5544//10079
f 5544//10080 5597//10080 5598//10080
f 5544//10081 5598//10081 5547//10081
f 5547//10082 5598//10082 5599//10082
f 5547//10083 5599//10083 5548//10083
f 5548//10084 5599//10084 5600//10084
f 5548//10085 5600//10085 5550//10085
f 5550//10086 5600//10086 5601//10086
f 5550//10087 5601//10087 5552//10087
f 5552//10088 5601//10088 5602//10088
f 5552//10089 5602//10089 5554//10089
f 5554//10090 5602//10090 5603//10090
f 5554//10091 5603//10091 5556//10091
f 5556//10092 5603//10092 5604//10092
f 5556//10093 5604//10093 5558//10093
f 5558//10094 5604//10094 5605//10094
f 5558//10095 5605//10095 5560//10095
f 5560//10096 5605//10096 5606//10096
f 5560//10097 5606//10097 5562//10097
f 5562//10098 5606//10098 5607//10098
f 5562//10099 5607//10099 5564//10099
f 5608//10100 5565//10100 5564//10100
f 5608//10101 5564//10101 5609//10101
f 5609//10102 5564//10102 5610//10102
f 5610//10103 5564//10103 5607//10103
f 5610//10104 5607//10104 5611//10104
f 5611//10105 5607//10105 5566//10105
f 5611//10106 5566//10106 5612//10106
f 5612//10107 5566//10107 5568//10107
f 5612//10108 5568//10108 5613//10108
f 5291//10109 5614//10109 5615//10109
f 5616//10110 5617//10110 5618//10110
f 5609//10111 5619//10111 5608//10111
f 5608//10112 5619//10112 5620//10112
f 5608//10113 5620//10113 5565//10113
f 5565//10114 5620//10114 5563//10114
f 5551//10115 5553//10115 5621//10115
f 5621//10116 5553//10116 5555//10116
f 5621//10117 5555//10117 5622//10117
f 5622//10118 5555//10118 5557//10118
f 5622//10119 5557//10119 5623//10119
f 5623//10120 5557//10120 5559//10120
f 5623//10121 5559//10121 5620//10121
f 5620//10122 5559//10122 5561//10122
f 5620//10123 5561//10123 5563//10123
f 5621//10124 5624//10124 5551//10124
f 5551//10125 5624//10125 5625//10125
f 5551//10126 5625//10126 5549//10126
f 5549//10127 5625//10127 5542//10127
f 5542//10128 5625//10128 5626//10128
f 5542//10129 5626//10129 5543//10129
f 5627//10130 5546//10130 5626//10130
f 5626//10131 5546//10131 5545//10131
f 5626//10132 5545//10132 5543//10132
f 5628//10133 5629//10133 5541//10133
f 5541//10134 5540//10134 5628//10134
f 5628//10135 5540//10135 5539//10135
f 5628//10136 5539//10136 5627//10136
f 5627//10137 5539//10137 5538//10137
f 5627//10138 5538//10138 5546//10138
f 5518//10139 5516//10139 5630//10139
f 5630//10140 5516//10140 5515//10140
f 5630//10141 5515//10141 5629//10141
f 5629//10142 5515//10142 5530//10142
f 5629//10143 5530//10143 5541//10143
f 5630//10144 5631//10144 5518//10144
f 5518//10145 5631//10145 5632//10145
f 5518//10146 5632//10146 5519//10146
f 5519//10147 5632//10147 5633//10147
f 5519//10148 5633//10148 5513//10148
f 5513//10149 5633//10149 5514//10149
f 5514//10150 5633//10150 5634//10150
f 5514//10151 5634//10151 5510//10151
f 5291//10152 5615//10152 5635//10152
f 5635//10153 5615//10153 5636//10153
f 5635//10154 5636//10154 5637//10154
f 5638//10155 5639//10155 5640//10155
f 5640//10156 5639//10156 5641//10156
f 5640//10157 5641//10157 5642//10157
f 5642//10158 5641//10158 5643//10158
f 5642//10159 5643//10159 5644//10159
f 5644//10160 5643//10160 5645//10160
f 5644//10161 5645//10161 5646//10161
f 5646//10162 5645//10162 5647//10162
f 5646//10163 5647//10163 5648//10163
f 5648//10164 5647//10164 5649//10164
f 5648//10165 5649//10165 5650//10165
f 5650//10166 5649//10166 5637//10166
f 5650//10167 5637//10167 5651//10167
f 5651//10168 5637//10168 5636//10168
f 5618//10169 5652//10169 5616//10169
f 5616//10170 5652//10170 5653//10170
f 5616//10171 5653//10171 5654//10171
f 5654//10172 5653//10172 5655//10172
f 5654//10173 5655//10173 5656//10173
f 5656//10174 5655//10174 5657//10174
f 5656//10175 5657//10175 5658//10175
f 5658//10176 5657//10176 5659//10176
f 5624//10177 5638//10177 5625//10177
f 5625//10178 5638//10178 5640//10178
f 5625//10179 5640//10179 5626//10179
f 5626//10180 5640//10180 5642//10180
f 5626//10181 5642//10181 5627//10181
f 5627//10182 5642//10182 5644//10182
f 5627//10183 5644//10183 5628//10183
f 5628//10184 5644//10184 5646//10184
f 5628//10185 5646//10185 5629//10185
f 5629//10186 5646//10186 5648//10186
f 5629//10187 5648//10187 5630//10187
f 5630//10188 5648//10188 5650//10188
f 5630//10189 5650//10189 5631//10189
f 5631//10190 5650//10190 5651//10190
f 5631//10191 5651//10191 5632//10191
f 5632//10192 5651//10192 5636//10192
f 5632//10193 5636//10193 5633//10193
f 5633//10194 5636//10194 5615//10194
f 5633//10195 5615//10195 5634//10195
f 5634//10196 5615//10196 5614//10196
f 5660//10197 5617//10197 5661//10197
f 5661//10198 5617//10198 5616//10198
f 5661//10199 5616//10199 5662//10199
f 5662//10200 5616//10200 5654//10200
f 5662//10201 5654//10201 5663//10201
f 5663//10202 5654//10202 5656//10202
f 5663//10203 5656//10203 5664//10203
f 5664//10204 5656//10204 5658//10204
f 5619//10205 5660//10205 5620//10205
f 5620//10206 5660//10206 5661//10206
f 5620//10207 5661//10207 5623//10207
f 5623//10208 5661//10208 5662//10208
f 5623//10209 5662//10209 5622//10209
f 5622//10210 5662//10210 5663//10210
f 5622//10211 5663//10211 5621//10211
f 5621//10212 5663//10212 5664//10212
f 5621//10213 5664//10213 5624//10213
f 5624//10214 5664//10214 5658//10214
f 5624//10215 5658//10215 5638//10215
f 5638//10216 5658//10216 5659//10216
f 5638//10217 5659//10217 5639//10217
f 5665//10218 5402//10218 5666//10218
f 5666//10219 5667//10219 5665//10219
f 5665//10220 5667//10220 5668//10220
f 5665//10221 5668//10221 5669//10221
f 5669//10222 5668//10222 5670//10222
f 5669//10223 5670//10223 5671//10223
f 5671//10224 5670//10224 5672//10224
f 5671//10225 5672//10225 5673//10225
f 5673//10226 5672//10226 5674//10226
f 5674//10227 5672//10227 5675//10227
f 5674//10228 5675//10228 5676//10228
f 5676//10229 5675//10229 5677//10229
f 5676//10230 5677//10230 5678//10230
f 5678//10231 5677//10231 5679//10231
f 5679//10232 5677//10232 5680//10232
f 5679//10233 5680//10233 5681//10233
f 5682//10234 5408//10234 5683//10234
f 5683//10235 5408//10235 5409//10235
f 5683//10236 5409//10236 5684//10236
f 5684//10237 5409//10237 5410//10237
f 5684//10238 5410//10238 5685//10238
f 5685//10239 5410//10239 5287//10239
f 5685//10240 5287//10240 5286//10240
f 5686//10241 5406//10241 5682//10241
f 5682//10242 5406//10242 5407//10242
f 5682//10243 5407//10243 5408//10243
f 5402//10244 5403//10244 5666//10244
f 5666//10245 5403//10245 5404//10245
f 5666//10246 5404//10246 5686//10246
f 5686//10247 5404//10247 5405//10247
f 5686//10248 5405//10248 5406//10248
f 5293//10249 5291//10249 5635//10249
f 5295//10250 5293//10250 5687//10250
f 5286//10251 5295//10251 5688//10251
f 5293//10252 5635//10252 5687//10252
f 5687//10253 5635//10253 5637//10253
f 5687//10254 5637//10254 5689//10254
f 5689//10255 5637//10255 5649//10255
f 5689//10256 5649//10256 5690//10256
f 5690//10257 5649//10257 5647//10257
f 5690//10258 5647//10258 5691//10258
f 5691//10259 5647//10259 5645//10259
f 5691//10260 5645//10260 5692//10260
f 5645//10261 5643//10261 5692//10261
f 5692//10262 5643//10262 5641//10262
f 5692//10263 5641//10263 5693//10263
f 5693//10264 5641//10264 5639//10264
f 5693//10265 5639//10265 5694//10265
f 5694//10266 5639//10266 5659//10266
f 5694//10267 5659//10267 5695//10267
f 5695//10268 5659//10268 5657//10268
f 5695//10269 5657//10269 5696//10269
f 5696//10270 5657//10270 5655//10270
f 5696//10271 5655//10271 5697//10271
f 5697//10272 5655//10272 5653//10272
f 5697//10273 5653//10273 5698//10273
f 5698//10274 5653//10274 5652//10274
f 5698//10275 5652//10275 5699//10275
f 5699//10276 5652//10276 5618//10276
f 5699//10277 5618//10277 5700//10277
f 5295//10278 5687//10278 5688//10278
f 5688//10279 5687//10279 5689//10279
f 5688//10280 5689//10280 5701//10280
f 5701//10281 5689//10281 5690//10281
f 5701//10282 5690//10282 5702//10282
f 5702//10283 5690//10283 5691//10283
f 5702//10284 5691//10284 5703//10284
f 5703//10285 5691//10285 5692//10285
f 5703//10286 5692//10286 5704//10286
f 5704//10287 5692//10287 5693//10287
f 5704//10288 5693//10288 5705//10288
f 5705//10289 5693//10289 5694//10289
f 5705//10290 5694//10290 5706//10290
f 5706//10291 5694//10291 5695//10291
f 5706//10292 5695//10292 5707//10292
f 5707//10293 5695//10293 5696//10293
f 5707//10294 5696//10294 5708//10294
f 5708//10295 5696//10295 5697//10295
f 5708//10296 5697//10296 5709//10296
f 5709//10297 5697//10297 5698//10297
f 5709//10298 5698//10298 5710//10298
f 5710//10299 5698//10299 5699//10299
f 5710//10300 5699//10300 5711//10300
f 5711//10301 5699//10301 5700//10301
f 5711//10302 5700//10302 5712//10302
f 5286//10303 5688//10303 5685//10303
f 5685//10304 5688//10304 5701//10304
f 5685//10305 5701//10305 5684//10305
f 5684//10306 5701//10306 5702//10306
f 5684//10307 5702//10307 5683//10307
f 5683//10308 5702//10308 5703//10308
f 5683//10309 5703//10309 5682//10309
f 5682//10310 5703//10310 5704//10310
f 5682//10311 5704//10311 5686//10311
f 5686//10312 5704//10312 5705//10312
f 5686//10313 5705//10313 5666//10313
f 5666//10314 5705//10314 5706//10314
f 5666//10315 5706//10315 5667//10315
f 5667//10316 5706//10316 5707//10316
f 5667//10317 5707//10317 5668//10317
f 5668//10318 5707//10318 5708//10318
f 5668//10319 5708//10319 5670//10319
f 5670//10320 5708//10320 5709//10320
f 5670//10321 5709//10321 5672//10321
f 5672//10322 5709//10322 5710//10322
f 5672//10323 5710//10323 5675//10323
f 5675//10324 5710//10324 5711//10324
f 5675//10325 5711//10325 5677//10325
f 5677//10326 5711//10326 5712//10326
f 5677//10327 5712//10327 5680//10327
f 5712//10328 5713//10328 5680//10328
f 5618//10329 5617//10329 5714//10329
f 5618//10330 5714//10330 5700//10330
f 5700//10331 5714//10331 5715//10331
f 5700//10332 5715//10332 5712//10332
f 5712//10333 5715//10333 5716//10333
f 5712//10334 5716//10334 5713//10334
f 5680//10335 5713//10335 5681//10335
f 5681//10336 5713//10336 5717//10336
f 5681//10337 5717//10337 5718//10337
f 148//10338 5681//10338 149//10338
f 149//10339 5681//10339 5718//10339
f 149//10340 5718//10340 217//10340
f 217//10341 5718//10341 5719//10341
f 217//10342 5719//10342 219//10342
f 219//10343 5719//10343 5720//10343
f 219//10344 5720//10344 5721//10344
f 5722//10345 226//10345 224//10345
f 5722//10346 224//10346 5723//10346
f 5723//10347 224//10347 223//10347
f 5723//10348 223//10348 5721//10348
f 5721//10349 223//10349 221//10349
f 5721//10350 221//10350 219//10350
f 5724//10351 237//10351 236//10351
f 233//10352 5725//10352 5726//10352
f 5724//10353 236//10353 5726//10353
f 5726//10354 236//10354 234//10354
f 5726//10355 234//10355 233//10355
f 5722//10356 5727//10356 226//10356
f 226//10357 5727//10357 5728//10357
f 226//10358 5728//10358 227//10358
f 227//10359 5728//10359 5729//10359
f 227//10360 5729//10360 229//10360
f 229//10361 5729//10361 5725//10361
f 229//10362 5725//10362 231//10362
f 231//10363 5725//10363 233//10363
f 5679//10364 5681//10364 199//10364
f 199//10365 5681//10365 148//10365
f 5679//10366 199//10366 5678//10366
f 5678//10367 199//10367 147//10367
f 5678//10368 147//10368 5676//10368
f 5676//10369 147//10369 146//10369
f 5676//10370 146//10370 5674//10370
f 5674//10371 146//10371 201//10371
f 5674//10372 201//10372 5673//10372
f 5673//10373 201//10373 203//10373
f 5673//10374 203//10374 5671//10374
f 5671//10375 203//10375 205//10375
f 5671//10376 205//10376 5669//10376
f 157//10377 5402//10377 209//10377
f 209//10378 5402//10378 5665//10378
f 209//10379 5665//10379 208//10379
f 208//10380 5665//10380 5669//10380
f 208//10381 5669//10381 206//10381
f 206//10382 5669//10382 205//10382
f 5730//10383 5731//10383 19//10383
f 5730//10384 19//10384 5732//10384
f 5732//10385 19//10385 16//10385
f 5732//10386 16//10386 14//10386
f 9//10387 5153//10387 11//10387
f 11//10388 5153//10388 5733//10388
f 11//10389 5733//10389 12//10389
f 12//10390 5733//10390 5734//10390
f 12//10391 5734//10391 14//10391
f 14//10392 5734//10392 5735//10392
f 14//10393 5735//10393 5732//10393
f 5265//10394 5193//10394 5192//10394
f 5137//10395 5264//10395 5138//10395
f 5138//10396 5264//10396 5736//10396
f 5138//10397 5736//10397 5173//10397
f 5173//10398 5736//10398 5737//10398
f 5173//10399 5737//10399 5178//10399
f 5178//10400 5737//10400 5738//10400
f 5178//10401 5738//10401 5164//10401
f 5164//10402 5738//10402 5739//10402
f 5164//10403 5739//10403 5165//10403
f 5165//10404 5739//10404 5740//10404
f 5165//10405 5740//10405 5741//10405
f 5203//10406 5741//10406 5204//10406
f 5204//10407 5741//10407 5740//10407
f 5204//10408 5740//10408 5234//10408
f 5234//10409 5740//10409 5739//10409
f 5234//10410 5739//10410 5232//10410
f 5232//10411 5739//10411 5738//10411
f 5232//10412 5738//10412 5231//10412
f 5231//10413 5738//10413 5737//10413
f 5231//10414 5737//10414 5192//10414
f 5192//10415 5737//10415 5736//10415
f 5192//10416 5736//10416 5265//10416
f 5265//10417 5736//10417 5264//10417
f 5217//10418 5742//10418 5215//10418
f 5461//10419 5441//10419 5743//10419
f 5161//10420 5165//10420 5744//10420
f 5744//10421 5165//10421 5741//10421
f 5163//10422 5162//10422 5745//10422
f 5745//10423 5162//10423 5161//10423
f 5745//10424 5161//10424 5746//10424
f 5746//10425 5161//10425 5744//10425
f 5163//10426 5745//10426 5159//10426
f 5159//10427 5745//10427 5747//10427
f 5159//10428 5747//10428 5160//10428
f 5160//10429 5747//10429 5748//10429
f 5160//10430 5748//10430 5156//10430
f 5154//10431 5155//10431 5749//10431
f 5749//10432 5155//10432 5750//10432
f 5749//10433 5750//10433 5468//10433
f 5468//10434 5750//10434 5419//10434
f 5155//10435 5156//10435 5750//10435
f 5750//10436 5156//10436 5748//10436
f 5750//10437 5748//10437 5419//10437
f 5419//10438 5748//10438 5420//10438
f 5420//10439 5748//10439 5442//10439
f 5442//10440 5748//10440 5747//10440
f 5442//10441 5747//10441 5443//10441
f 5443//10442 5747//10442 5745//10442
f 5443//10443 5745//10443 5486//10443
f 5486//10444 5745//10444 5746//10444
f 5486//10445 5746//10445 5485//10445
f 5485//10446 5746//10446 5744//10446
f 5485//10447 5744//10447 5435//10447
f 5743//10448 5441//10448 5751//10448
f 5441//10449 5440//10449 5751//10449
f 5751//10450 5440//10450 5438//10450
f 5751//10451 5438//10451 5744//10451
f 5744//10452 5438//10452 5436//10452
f 5744//10453 5436//10453 5435//10453
f 5434//10454 5752//10454 5432//10454
f 5432//10455 5752//10455 5753//10455
f 5432//10456 5753//10456 5431//10456
f 5427//10457 5425//10457 5754//10457
f 5754//10458 5425//10458 5424//10458
f 5754//10459 5424//10459 5753//10459
f 5753//10460 5424//10460 5429//10460
f 5753//10461 5429//10461 5431//10461
f 5754//10462 5755//10462 5427//10462
f 5427//10463 5755//10463 5756//10463
f 5427//10464 5756//10464 5422//10464
f 5422//10465 5756//10465 5757//10465
f 5422//10466 5757//10466 5336//10466
f 5758//10467 5219//10467 5220//10467
f 5220//10468 5222//10468 5758//10468
f 5758//10469 5222//10469 5223//10469
f 5758//10470 5223//10470 5225//10470
f 5219//10471 5758//10471 5217//10471
f 5217//10472 5758//10472 5757//10472
f 5217//10473 5757//10473 5742//10473
f 5742//10474 5757//10474 5756//10474
f 5742//10475 5756//10475 5215//10475
f 5215//10476 5756//10476 5755//10476
f 5215//10477 5755//10477 5213//10477
f 5213//10478 5755//10478 5754//10478
f 5213//10479 5754//10479 5211//10479
f 5211//10480 5754//10480 5753//10480
f 5211//10481 5753//10481 5210//10481
f 5210//10482 5753//10482 5752//10482
f 5210//10483 5752//10483 5208//10483
f 5461//10484 5743//10484 5434//10484
f 5434//10485 5743//10485 5759//10485
f 5434//10486 5759//10486 5752//10486
f 5752//10487 5759//10487 5207//10487
f 5752//10488 5207//10488 5208//10488
f 5741//10489 5203//10489 5744//10489
f 5744//10490 5203//10490 5201//10490
f 5744//10491 5201//10491 5751//10491
f 5751//10492 5201//10492 5199//10492
f 5751//10493 5199//10493 5743//10493
f 5743//10494 5199//10494 5198//10494
f 5743//10495 5198//10495 5759//10495
f 5759//10496 5198//10496 5205//10496
f 5759//10497 5205//10497 5207//10497
f 5334//10498 5336//10498 5760//10498
f 5761//10499 5758//10499 5225//10499
f 5225//10500 5341//10500 5761//10500
f 5761//10501 5341//10501 5342//10501
f 5761//10502 5342//10502 5364//10502
f 5334//10503 5760//10503 5333//10503
f 5333//10504 5760//10504 5762//10504
f 5333//10505 5762//10505 5332//10505
f 5332//10506 5762//10506 5763//10506
f 5332//10507 5763//10507 5331//10507
f 5331//10508 5763//10508 5764//10508
f 5331//10509 5764//10509 5330//10509
f 5330//10510 5764//10510 5765//10510
f 5330//10511 5765//10511 5329//10511
f 5329//10512 5765//10512 5766//10512
f 5329//10513 5766//10513 5328//10513
f 5328//10514 5766//10514 5767//10514
f 5328//10515 5767//10515 5327//10515
f 5327//10516 5767//10516 5768//10516
f 5327//10517 5768//10517 5308//10517
f 5308//10518 5768//10518 5769//10518
f 5308//10519 5769//10519 5309//10519
f 5309//10520 5769//10520 5770//10520
f 5309//10521 5770//10521 5310//10521
f 5310//10522 5770//10522 5771//10522
f 5310//10523 5771//10523 5301//10523
f 5301//10524 5771//10524 5772//10524
f 5301//10525 5772//10525 5297//10525
f 5297//10526 5772//10526 5773//10526
f 5297//10527 5773//10527 5290//10527
f 5773//10528 5774//10528 5290//10528
f 5290//10529 5774//10529 5614//10529
f 5290//10530 5614//10530 5291//10530
f 5775//10531 5496//10531 5776//10531
f 5776//10532 5496//10532 5495//10532
f 5776//10533 5495//10533 5777//10533
f 5777//10534 5495//10534 5493//10534
f 5777//10535 5493//10535 5778//10535
f 5778//10536 5493//10536 5492//10536
f 5778//10537 5492//10537 5634//10537
f 5634//10538 5492//10538 5501//10538
f 5634//10539 5501//10539 5510//10539
f 5779//10540 5390//10540 5775//10540
f 5775//10541 5390//10541 5498//10541
f 5775//10542 5498//10542 5496//10542
f 5780//10543 5373//10543 5779//10543
f 5779//10544 5373//10544 5372//10544
f 5779//10545 5372//10545 5390//10545
f 5781//10546 5376//10546 5780//10546
f 5780//10547 5376//10547 5375//10547
f 5780//10548 5375//10548 5373//10548
f 5782//10549 5371//10549 5781//10549
f 5781//10550 5371//10550 5370//10550
f 5781//10551 5370//10551 5376//10551
f 5783//10552 5352//10552 5784//10552
f 5784//10553 5352//10553 5350//10553
f 5784//10554 5350//10554 5785//10554
f 5785//10555 5350//10555 5368//10555
f 5785//10556 5368//10556 5782//10556
f 5782//10557 5368//10557 5367//10557
f 5782//10558 5367//10558 5371//10558
f 5786//10559 5356//10559 5787//10559
f 5787//10560 5356//10560 5354//10560
f 5787//10561 5354//10561 5788//10561
f 5364//10562 5362//10562 5761//10562
f 5761//10563 5362//10563 5360//10563
f 5761//10564 5360//10564 5786//10564
f 5786//10565 5360//10565 5358//10565
f 5786//10566 5358//10566 5356//10566
f 5336//10567 5757//10567 5760//10567
f 5760//10568 5757//10568 5789//10568
f 5760//10569 5789//10569 5762//10569
f 5762//10570 5789//10570 5790//10570
f 5762//10571 5790//10571 5763//10571
f 5763//10572 5790//10572 5791//10572
f 5763//10573 5791//10573 5764//10573
f 5764//10574 5791//10574 5783//10574
f 5764//10575 5783//10575 5765//10575
f 5765//10576 5783//10576 5784//10576
f 5765//10577 5784//10577 5766//10577
f 5766//10578 5784//10578 5785//10578
f 5766//10579 5785//10579 5767//10579
f 5767//10580 5785//10580 5782//10580
f 5767//10581 5782//10581 5768//10581
f 5768//10582 5782//10582 5781//10582
f 5768//10583 5781//10583 5769//10583
f 5769//10584 5781//10584 5780//10584
f 5769//10585 5780//10585 5770//10585
f 5770//10586 5780//10586 5779//10586
f 5770//10587 5779//10587 5771//10587
f 5771//10588 5779//10588 5775//10588
f 5771//10589 5775//10589 5772//10589
f 5772//10590 5775//10590 5776//10590
f 5772//10591 5776//10591 5773//10591
f 5773//10592 5776//10592 5777//10592
f 5773//10593 5777//10593 5774//10593
f 5774//10594 5777//10594 5778//10594
f 5774//10595 5778//10595 5614//10595
f 5614//10596 5778//10596 5634//10596
f 5757//10597 5758//10597 5789//10597
f 5789//10598 5758//10598 5761//10598
f 5789//10599 5761//10599 5790//10599
f 5790//10564 5761//10564 5786//10564
f 5790//10600 5786//10600 5791//10600
f 5791//10601 5786//10601 5787//10601
f 5791//10602 5787//10602 5783//10602
f 5783//10603 5787//10603 5788//10603
f 5783//10604 5788//10604 5352//10604
f 5352//10605 5788//10605 5354//10605
f 5531//10606 3690//10606 5534//10606
f 5488//10607 3736//10607 3738//10607
f 5488//10608 3738//10608 5531//10608
f 5531//10609 3738//10609 3691//10609
f 5531//10610 3691//10610 3690//10610
f 5534//10611 3690//10611 5585//10611
f 5585//10612 3690//10612 3741//10612
f 5585//10613 3741//10613 5586//10613
f 5586//10614 3741//10614 3743//10614
f 5586//10615 3743//10615 5588//10615
f 5588//10616 3743//10616 3745//10616
f 5588//10617 3745//10617 5590//10617
f 5590//10618 3745//10618 3746//10618
f 5590//10619 3746//10619 5592//10619
f 5592//10620 3746//10620 3687//10620
f 5592//10621 3687//10621 5594//10621
f 5594//10622 3687//10622 3689//10622
f 5594//10623 3689//10623 5595//10623
f 5595//10624 3689//10624 3758//10624
f 5595//10625 3758//10625 5584//10625
f 5584//10626 3758//10626 3698//10626
f 5584//10627 3698//10627 5582//10627
f 3698//10628 3750//10628 5582//10628
f 5582//10629 3750//10629 3749//10629
f 5582//10630 3749//10630 5575//10630
f 3717//10631 5568//10631 3718//10631
f 3718//10632 5568//10632 5569//10632
f 3718//10633 5569//10633 3719//10633
f 3719//10634 5569//10634 5570//10634
f 3719//10635 5570//10635 3720//10635
f 3720//10636 5570//10636 5572//10636
f 3720//10637 5572//10637 3721//10637
f 3721//10638 5572//10638 5574//10638
f 3721//10639 5574//10639 3722//10639
f 3722//10640 5574//10640 5581//10640
f 3722//10641 5581//10641 3751//10641
f 3751//10642 5581//10642 5580//10642
f 3751//10643 5580//10643 3752//10643
f 3752//10644 5580//10644 5578//10644
f 3752//10645 5578//10645 3753//10645
f 3753//10646 5578//10646 5576//10646
f 3753//10647 5576//10647 3747//10647
f 3747//10648 5576//10648 5575//10648
f 3747//10649 5575//10649 3748//10649
f 3748//10650 5575//10650 3749//10650
f 19//10651 5731//10651 5792//10651
f 5793//10652 5794//10652 5792//10652
f 5792//10653 5794//10653 21//10653
f 5792//10654 21//10654 19//10654
f 5795//10655 5796//10655 24//10655
f 5795//10656 24//10656 5797//10656
f 5797//10657 24//10657 22//10657
f 5797//10658 22//10658 5798//10658
f 21//10659 5794//10659 22//10659
f 22//10660 5794//10660 5799//10660
f 22//10661 5799//10661 5798//10661
f 32//10662 5800//10662 34//10662
f 34//10663 5800//10663 5801//10663
f 34//10664 5801//10664 35//10664
f 35//10665 5801//10665 5802//10665
f 35//10666 5802//10666 43//10666
f 43//10667 5802//10667 5803//10667
f 43//10668 5803//10668 42//10668
f 42//10669 5803//10669 5804//10669
f 42//10670 5804//10670 40//10670
f 40//10671 5804//10671 5805//10671
f 40//10672 5805//10672 38//10672
f 38//10673 5805//10673 5806//10673
f 24//10674 5796//10674 25//10674
f 25//10675 5796//10675 5807//10675
f 25//10676 5807//10676 26//10676
f 26//10677 5807//10677 5808//10677
f 26//10678 5808//10678 29//10678
f 29//10679 5808//10679 5809//10679
f 29//10680 5809//10680 30//10680
f 30//10681 5809//10681 5810//10681
f 30//10682 5810//10682 32//10682
f 32//10683 5810//10683 5811//10683
f 32//10684 5811//10684 5800//10684
f 38//10685 5806//10685 70//10685
f 70//10686 5806//10686 5812//10686
f 70//10687 5812//10687 69//10687
f 69//10688 5812//10688 68//10688
f 68//10689 5812//10689 5813//10689
f 68//10690 5813//10690 62//10690
f 5813//10691 63//10691 62//10691
f 5813//10692 5814//10692 63//10692
f 63//10693 5814//10693 5815//10693
f 63//10694 5815//10694 64//10694
f 64//10695 5815//10695 5816//10695
f 64//10696 5816//10696 60//10696
f 60//10697 5816//10697 5817//10697
f 60//10698 5817//10698 61//10698
f 61//10699 5817//10699 5818//10699
f 61//10700 5818//10700 1//10700
f 1//10701 5818//10701 5613//10701
f 1//10702 5613//10702 2//10702
f 2//10703 5613//10703 5568//10703
f 2//10704 5568//10704 3717//10704
f 5807//10705 5819//10705 5820//10705
f 5795//10706 5797//10706 5821//10706
f 5806//10707 5805//10707 5822//10707
f 5806//10708 5822//10708 5812//10708
f 5812//10709 5822//10709 5823//10709
f 5812//10710 5823//10710 5813//10710
f 5817//10711 5816//10711 5824//10711
f 5824//10712 5816//10712 5815//10712
f 5824//10713 5815//10713 5823//10713
f 5823//10714 5815//10714 5814//10714
f 5823//10715 5814//10715 5813//10715
f 5817//10716 5824//10716 5818//10716
f 5818//10717 5824//10717 5612//10717
f 5818//10718 5612//10718 5613//10718
f 5609//10719 5610//10719 5825//10719
f 5825//10720 5610//10720 5826//10720
f 5825//10721 5826//10721 5827//10721
f 5827//10722 5826//10722 5828//10722
f 5828//10723 5826//10723 5829//10723
f 5828//10724 5829//10724 5830//10724
f 5831//10725 5832//10725 5829//10725
f 5829//10726 5832//10726 5833//10726
f 5829//10727 5833//10727 5830//10727
f 5831//10728 5834//10728 5835//10728
f 5831//10729 5835//10729 5832//10729
f 5836//10730 5837//10730 5838//10730
f 5838//10731 5837//10731 5839//10731
f 5840//10732 5841//10732 5837//10732
f 5837//10733 5841//10733 5842//10733
f 5837//10734 5842//10734 5839//10734
f 5843//10735 5844//10735 5845//10735
f 5845//10736 5844//10736 5846//10736
f 5845//10737 5846//10737 5840//10737
f 5840//10738 5846//10738 5847//10738
f 5840//10739 5847//10739 5841//10739
f 5848//10740 5849//10740 5845//10740
f 5845//10741 5849//10741 5850//10741
f 5845//10742 5850//10742 5843//10742
f 5851//10743 5849//10743 5852//10743
f 5852//10744 5849//10744 5848//10744
f 5852//10745 5848//10745 5853//10745
f 5819//10746 5807//10746 5821//10746
f 5821//10747 5807//10747 5796//10747
f 5821//10748 5796//10748 5795//10748
f 5854//10749 5809//10749 5820//10749
f 5820//10750 5809//10750 5808//10750
f 5820//10751 5808//10751 5807//10751
f 5801//10752 5800//10752 5854//10752
f 5800//10753 5811//10753 5854//10753
f 5854//10754 5811//10754 5810//10754
f 5854//10755 5810//10755 5809//10755
f 5854//10756 5855//10756 5801//10756
f 5801//10757 5855//10757 5856//10757
f 5801//10758 5856//10758 5802//10758
f 5857//10759 5804//10759 5856//10759
f 5856//10760 5804//10760 5803//10760
f 5856//10761 5803//10761 5802//10761
f 5610//10762 5858//10762 5826//10762
f 5826//10763 5858//10763 5859//10763
f 5826//10764 5859//10764 5829//10764
f 5829//10765 5859//10765 5860//10765
f 5829//10766 5860//10766 5831//10766
f 5831//10767 5860//10767 5861//10767
f 5831//10768 5861//10768 5834//10768
f 5834//10769 5861//10769 5862//10769
f 5838//10770 5862//10770 5836//10770
f 5836//10771 5862//10771 5861//10771
f 5836//10772 5861//10772 5863//10772
f 5863//10773 5861//10773 5860//10773
f 5863//10774 5860//10774 5864//10774
f 5864//10775 5860//10775 5859//10775
f 5864//10776 5859//10776 5865//10776
f 5865//10777 5859//10777 5858//10777
f 5865//10778 5858//10778 5866//10778
f 5866//10779 5858//10779 5610//10779
f 5866//10780 5610//10780 5611//10780
f 5857//10781 5856//10781 5867//10781
f 5867//10782 5856//10782 5855//10782
f 5867//10783 5855//10783 5868//10783
f 5868//10784 5855//10784 5854//10784
f 5868//10785 5854//10785 5869//10785
f 5869//10786 5854//10786 5820//10786
f 5869//10787 5820//10787 5870//10787
f 5870//10788 5820//10788 5819//10788
f 5870//10789 5819//10789 5871//10789
f 5871//10790 5819//10790 5821//10790
f 5871//10791 5821//10791 5872//10791
f 5805//10792 5804//10792 5822//10792
f 5822//10793 5804//10793 5857//10793
f 5822//10794 5857//10794 5873//10794
f 5873//10795 5857//10795 5867//10795
f 5873//10796 5867//10796 5874//10796
f 5874//10797 5867//10797 5868//10797
f 5874//10798 5868//10798 5875//10798
f 5875//10799 5868//10799 5869//10799
f 5875//10800 5869//10800 5876//10800
f 5876//10801 5869//10801 5870//10801
f 5876//10802 5870//10802 5877//10802
f 5877//10803 5870//10803 5871//10803
f 5877//10804 5871//10804 5878//10804
f 5878//10805 5871//10805 5872//10805
f 5878//10806 5872//10806 5853//10806
f 5853//10807 5848//10807 5878//10807
f 5878//10808 5848//10808 5845//10808
f 5878//10809 5845//10809 5877//10809
f 5877//10810 5845//10810 5840//10810
f 5877//10811 5840//10811 5876//10811
f 5876//10812 5840//10812 5837//10812
f 5876//10813 5837//10813 5875//10813
f 5875//10814 5837//10814 5836//10814
f 5875//10815 5836//10815 5874//10815
f 5874//10816 5836//10816 5863//10816
f 5874//10817 5863//10817 5873//10817
f 5873//10818 5863//10818 5864//10818
f 5873//10819 5864//10819 5822//10819
f 5822//10820 5864//10820 5865//10820
f 5822//10821 5865//10821 5823//10821
f 5823//10822 5865//10822 5866//10822
f 5823//10823 5866//10823 5824//10823
f 5824//10824 5866//10824 5611//10824
f 5824//10825 5611//10825 5612//10825
f 5798//10826 5799//10826 5879//10826
f 5879//10827 5799//10827 5880//10827
f 5879//10828 5880//10828 5881//10828
f 5881//10829 5880//10829 5882//10829
f 5881//10830 5882//10830 5883//10830
f 5883//10831 5882//10831 5884//10831
f 5883//10832 5884//10832 5885//10832
f 5885//10833 5884//10833 5886//10833
f 5885//10834 5886//10834 5887//10834
f 5887//10835 5886//10835 5888//10835
f 5797//10836 5798//10836 5821//10836
f 5821//10837 5798//10837 5879//10837
f 5821//10838 5879//10838 5872//10838
f 5872//10839 5879//10839 5881//10839
f 5872//10840 5881//10840 5853//10840
f 5853//10841 5881//10841 5883//10841
f 5853//10842 5883//10842 5852//10842
f 5852//10843 5883//10843 5885//10843
f 5852//10844 5885//10844 5851//10844
f 5851//10845 5885//10845 5887//10845
f 5889//10846 5890//10846 5891//10846
f 5890//10847 5889//10847 5892//10847
f 5892//10848 5889//10848 5888//10848
f 5892//10849 5888//10849 5886//10849
f 5893//10850 5894//10850 5891//10850
f 5891//10851 5894//10851 5895//10851
f 5891//10852 5895//10852 5889//10852
f 5896//10853 5897//10853 5893//10853
f 5893//10854 5897//10854 5898//10854
f 5893//10855 5898//10855 5894//10855
f 5153//10856 5169//10856 5899//10856
f 5153//10857 5899//10857 5733//10857
f 5733//10858 5899//10858 5900//10858
f 5733//10859 5900//10859 5734//10859
f 5734//10860 5900//10860 5735//10860
f 5735//10861 5900//10861 5901//10861
f 5735//10862 5901//10862 5732//10862
f 5732//10863 5901//10863 5902//10863
f 5732//10864 5902//10864 5730//10864
f 5799//10865 5794//10865 5880//10865
f 5880//10866 5794//10866 5793//10866
f 5880//10867 5793//10867 5903//10867
f 5903//10868 5793//10868 5792//10868
f 5903//10869 5792//10869 5902//10869
f 5902//10870 5792//10870 5731//10870
f 5902//10871 5731//10871 5730//10871
f 5132//10872 5131//10872 5896//10872
f 5896//10873 5131//10873 5154//10873
f 5896//10874 5154//10874 5897//10874
f 5168//10875 5132//10875 5904//10875
f 5169//10876 5168//10876 5905//10876
f 5132//10872 5896//10872 5904//10872
f 5904//10877 5896//10877 5893//10877
f 5904//10878 5893//10878 5906//10878
f 5906//10879 5893//10879 5891//10879
f 5906//10880 5891//10880 5907//10880
f 5907//10881 5891//10881 5890//10881
f 5907//10882 5890//10882 5908//10882
f 5908//10883 5890//10883 5892//10883
f 5908//10884 5892//10884 5909//10884
f 5909//10885 5892//10885 5886//10885
f 5909//10886 5886//10886 5884//10886
f 5168//10875 5904//10875 5905//10875
f 5905//10887 5904//10887 5906//10887
f 5905//10888 5906//10888 5910//10888
f 5910//10889 5906//10889 5907//10889
f 5910//10890 5907//10890 5911//10890
f 5911//10891 5907//10891 5908//10891
f 5911//10892 5908//10892 5912//10892
f 5912//10893 5908//10893 5909//10893
f 5912//10894 5909//10894 5913//10894
f 5913//10895 5909//10895 5884//10895
f 5913//10896 5884//10896 5882//10896
f 5169//10876 5905//10876 5899//10876
f 5899//10897 5905//10897 5910//10897
f 5899//10898 5910//10898 5900//10898
f 5900//10899 5910//10899 5911//10899
f 5900//10900 5911//10900 5901//10900
f 5901//10901 5911//10901 5912//10901
f 5901//10902 5912//10902 5902//10902
f 5902//10903 5912//10903 5913//10903
f 5902//10904 5913//10904 5903//10904
f 5903//10905 5913//10905 5882//10905
f 5903//10906 5882//10906 5880//10906
f 5841//10907 5914//10907 5915//10907
f 5749//10908 5916//10908 5154//10908
f 5154//10909 5916//10909 5897//10909
f 5897//10910 5916//10910 5898//10910
f 5898//10911 5916//10911 5917//10911
f 5898//10912 5917//10912 5894//10912
f 5894//10913 5917//10913 5918//10913
f 5894//10914 5918//10914 5895//10914
f 5918//10915 5919//10915 5895//10915
f 5895//10916 5919//10916 5920//10916
f 5895//10917 5920//10917 5889//10917
f 5889//10918 5920//10918 5888//10918
f 5888//10919 5920//10919 5921//10919
f 5888//10920 5921//10920 5887//10920
f 5887//10921 5921//10921 5851//10921
f 5851//10922 5921//10922 5922//10922
f 5851//10923 5922//10923 5849//10923
f 5849//10924 5922//10924 5850//10924
f 5850//10925 5922//10925 5923//10925
f 5850//10926 5923//10926 5843//10926
f 5841//10927 5847//10927 5914//10927
f 5914//10928 5847//10928 5846//10928
f 5914//10929 5846//10929 5923//10929
f 5923//10930 5846//10930 5844//10930
f 5923//10931 5844//10931 5843//10931
f 5924//10932 5838//10932 5925//10932
f 5925//10933 5838//10933 5839//10933
f 5925//10934 5839//10934 5915//10934
f 5915//10935 5839//10935 5842//10935
f 5915//10936 5842//10936 5841//10936
f 5924//10937 5834//10937 5862//10937
f 5924//10938 5862//10938 5838//10938
f 5660//10939 5926//10939 5927//10939
f 5927//10940 5926//10940 5835//10940
f 5827//10941 5619//10941 5825//10941
f 5825//10942 5619//10942 5609//10942
f 5827//10943 5828//10943 5619//10943
f 5619//10944 5828//10944 5830//10944
f 5619//10945 5830//10945 5660//10945
f 5660//10946 5830//10946 5833//10946
f 5660//10947 5833//10947 5926//10947
f 5926//10948 5833//10948 5832//10948
f 5926//10949 5832//10949 5835//10949
f 5835//10950 5928//10950 5927//10950
f 5927//10951 5928//10951 5929//10951
f 5927//10952 5929//10952 5660//10952
f 5660//10953 5929//10953 5930//10953
f 5660//10954 5930//10954 5617//10954
f 5931//10955 5932//10955 5928//10955
f 5928//10956 5932//10956 5933//10956
f 5928//10957 5933//10957 5929//10957
f 5835//10958 5834//10958 5928//10958
f 5928//10959 5834//10959 5924//10959
f 5928//10960 5924//10960 5931//10960
f 5931//10961 5924//10961 5925//10961
f 5931//10962 5925//10962 5934//10962
f 5934//10963 5925//10963 5935//10963
f 5935//10964 5925//10964 5915//10964
f 5935//10965 5915//10965 5936//10965
f 5936//10966 5915//10966 5914//10966
f 5936//10967 5914//10967 5937//10967
f 5937//10968 5914//10968 5923//10968
f 5937//10969 5923//10969 5938//10969
f 5938//10970 5923//10970 5922//10970
f 5938//10971 5922//10971 5939//10971
f 5939//10972 5922//10972 5921//10972
f 5939//10973 5921//10973 5940//10973
f 5940//10974 5921//10974 5920//10974
f 5940//10975 5920//10975 5941//10975
f 5941//10976 5920//10976 5919//10976
f 5941//10977 5919//10977 5942//10977
f 5942//10978 5919//10978 5943//10978
f 5943//10979 5919//10979 5918//10979
f 5943//10980 5918//10980 5944//10980
f 5944//10981 5918//10981 5917//10981
f 5944//10982 5917//10982 5945//10982
f 5945//10983 5917//10983 5916//10983
f 5945//10984 5916//10984 5946//10984
f 5946//10985 5916//10985 5749//10985
f 5946//10986 5749//10986 5468//10986
f 5947//10987 5948//10987 5949//10987
f 5949//10988 5950//10988 5951//10988
f 5952//10989 5953//10989 5954//10989
f 5724//10990 5726//10990 5955//10990
f 5944//10991 5945//10991 5956//10991
f 5946//10992 5468//10992 5469//10992
f 5940//10993 5941//10993 5957//10993
f 5957//10994 5941//10994 5958//10994
f 5957//10995 5958//10995 5959//10995
f 5960//10996 5961//10996 5939//10996
f 5939//10997 5961//10997 5938//10997
f 5936//10998 5962//10998 5935//10998
f 5935//10999 5962//10999 5963//10999
f 5935//11000 5963//11000 5934//11000
f 5934//11001 5963//11001 5931//11001
f 5931//11002 5963//11002 5964//11002
f 5931//11003 5964//11003 5932//11003
f 5965//11004 5929//11004 5964//11004
f 5964//11005 5929//11005 5933//11005
f 5964//11006 5933//11006 5932//11006
f 5617//11007 5930//11007 5714//11007
f 5714//11008 5930//11008 5966//11008
f 5719//11009 5718//11009 5967//11009
f 5967//11010 5718//11010 5717//11010
f 5967//11011 5717//11011 5713//11011
f 5968//11012 5721//11012 5969//11012
f 5969//11013 5721//11013 5720//11013
f 5728//11014 5727//11014 5970//11014
f 5970//11015 5727//11015 5722//11015
f 5970//11016 5722//11016 5968//11016
f 5968//11017 5722//11017 5723//11017
f 5968//11018 5723//11018 5721//11018
f 5728//11019 5970//11019 5729//11019
f 5729//11020 5970//11020 5971//11020
f 5729//11021 5971//11021 5725//11021
f 5972//11022 5973//11022 237//11022
f 237//11023 5973//11023 240//11023
f 240//11024 5973//11024 243//11024
f 243//11025 5973//11025 5974//11025
f 243//11026 5974//11026 244//11026
f 211//11027 248//11027 5975//11027
f 5975//11028 248//11028 247//11028
f 5975//11029 247//11029 5974//11029
f 5974//11030 247//11030 246//11030
f 5974//11031 246//11031 244//11031
f 5952//11032 255//11032 253//11032
f 5952//11033 253//11033 5953//11033
f 5953//11034 253//11034 252//11034
f 5953//11035 252//11035 249//11035
f 5720//11036 5719//11036 5969//11036
f 5969//11037 5719//11037 5967//11037
f 5969//11038 5967//11038 5976//11038
f 5976//11039 5967//11039 5713//11039
f 5976//11040 5713//11040 5716//11040
f 5726//11041 5725//11041 5955//11041
f 5955//11042 5725//11042 5971//11042
f 5955//11043 5971//11043 5977//11043
f 5977//11044 5971//11044 5970//11044
f 5977//11045 5970//11045 5978//11045
f 5978//11046 5970//11046 5968//11046
f 5978//11047 5968//11047 5979//11047
f 5979//11048 5968//11048 5969//11048
f 5979//11049 5969//11049 5980//11049
f 5980//11050 5969//11050 5976//11050
f 5980//11051 5976//11051 5981//11051
f 5981//11052 5976//11052 5716//11052
f 5981//11053 5716//11053 5715//11053
f 5945//11054 5946//11054 5956//11054
f 5956//11055 5946//11055 5469//11055
f 5956//11056 5469//11056 5982//11056
f 5982//11057 5469//11057 5470//11057
f 5982//11058 5470//11058 5954//11058
f 5954//11059 5470//11059 5416//11059
f 5954//11060 5416//11060 5952//11060
f 5952//11061 5416//11061 5415//11061
f 5952//11062 5415//11062 255//11062
f 249//11063 212//11063 5953//11063
f 5953//11064 212//11064 5983//11064
f 5953//11065 5983//11065 5954//11065
f 5954//11066 5983//11066 5950//11066
f 5954//11067 5950//11067 5982//11067
f 5982//11068 5950//11068 5949//11068
f 5982//11069 5949//11069 5956//11069
f 5956//11070 5949//11070 5948//11070
f 5956//11071 5948//11071 5944//11071
f 5944//11072 5948//11072 5943//11072
f 5939//11073 5940//11073 5960//11073
f 5960//11074 5940//11074 5957//11074
f 5960//11075 5957//11075 5984//11075
f 5984//11076 5957//11076 5959//11076
f 5937//11077 5938//11077 5985//11077
f 5985//11078 5938//11078 5961//11078
f 5985//11079 5961//11079 5986//11079
f 5986//11080 5961//11080 5960//11080
f 5986//11081 5960//11081 5987//11081
f 5987//11082 5960//11082 5984//11082
f 5987//11083 5984//11083 5951//11083
f 5951//11084 5984//11084 5959//11084
f 5951//11085 5959//11085 5949//11085
f 5949//11086 5959//11086 5958//11086
f 5949//11087 5958//11087 5947//11087
f 5947//11088 5958//11088 5941//11088
f 5947//11089 5941//11089 5948//11089
f 5948//11090 5941//11090 5942//11090
f 5948//11091 5942//11091 5943//11091
f 5936//11092 5937//11092 5962//11092
f 5962//11093 5937//11093 5985//11093
f 5962//11094 5985//11094 5988//11094
f 5988//11095 5985//11095 5986//11095
f 5988//11096 5986//11096 5989//11096
f 5989//11097 5986//11097 5987//11097
f 5989//11098 5987//11098 5990//11098
f 5990//11099 5987//11099 5951//11099
f 5930//11100 5929//11100 5966//11100
f 5966//11101 5929//11101 5965//11101
f 5966//11102 5965//11102 5991//11102
f 5991//11103 5965//11103 5964//11103
f 5991//11104 5964//11104 5992//11104
f 5992//11105 5964//11105 5963//11105
f 5992//11106 5963//11106 5993//11106
f 5993//11107 5963//11107 5962//11107
f 5993//11108 5962//11108 5994//11108
f 5994//11109 5962//11109 5988//11109
f 5994//11110 5988//11110 5995//11110
f 5995//11111 5988//11111 5989//11111
f 5995//11112 5989//11112 5972//11112
f 5972//11113 5989//11113 5990//11113
f 5972//11114 5990//11114 5973//11114
f 5973//11115 5990//11115 5951//11115
f 5973//11116 5951//11116 5974//11116
f 5974//11117 5951//11117 5950//11117
f 5974//11118 5950//11118 5975//11118
f 5975//11119 5950//11119 5983//11119
f 5975//11120 5983//11120 211//11120
f 211//11121 5983//11121 212//11121
f 237//11122 5724//11122 5972//11122
f 5972//11123 5724//11123 5955//11123
f 5972//11124 5955//11124 5995//11124
f 5995//11125 5955//11125 5977//11125
f 5995//11126 5977//11126 5994//11126
f 5994//11127 5977//11127 5978//11127
f 5994//11128 5978//11128 5993//11128
f 5993//11129 5978//11129 5979//11129
f 5993//11130 5979//11130 5992//11130
f 5992//11131 5979//11131 5980//11131
f 5992//11132 5980//11132 5991//11132
f 5991//11133 5980//11133 5981//11133
f 5991//11134 5981//11134 5966//11134
f 5966//11135 5981//11135 5715//11135
f 5966//11136 5715//11136 5714//11136
